iter,cycles,time_ns,peak_rss_kb,ok
0,576570,174654,1408,1
1,499082,151176,1408,1
2,497046,150564,1408,1
3,556956,168731,1408,1
4,1094476,332277,1408,1
5,854342,259258,1408,1
6,910962,275946,1408,1
7,562822,170500,1408,1
8,564240,171018,1408,1
9,556812,168666,1408,1
10,852552,258241,1408,1
11,554506,167968,1408,1
12,1046930,318457,1408,1
13,869768,263844,1408,1
14,871388,263946,1408,1
15,906292,274644,1408,1
16,539328,163370,1408,1
17,749872,227153,1408,1
18,537042,162675,1408,1
19,750052,227214,1408,1
20,702776,212934,1408,1
21,538642,163158,1408,1
22,800638,242640,1408,1
23,536656,162559,1408,1
24,536590,162544,1408,1
25,538278,163051,1408,1
26,632890,191718,1408,1
27,565844,171421,1408,1
28,524046,158750,1408,1
29,773966,234451,1408,1
30,1485868,450417,1408,1
31,534170,161810,1408,1
32,830496,251871,1408,1
33,553512,167669,1408,1
34,536220,162424,1408,1
35,723364,219260,1408,1
36,943642,285832,1408,1
37,1077370,327102,1408,1
38,584110,176935,1408,1
39,683106,206934,1408,1
40,578656,175283,1408,1
41,597992,181143,1408,1
42,624194,189100,1408,1
43,986454,298790,1408,1
44,602754,182586,1408,1
45,866870,262638,1408,1
46,981538,297304,1408,1
47,642466,194722,1408,1
48,605250,183341,1408,1
49,675856,204740,1408,1
50,600520,181902,1408,1
51,603320,182753,1408,1
52,601988,182349,1408,1
53,611506,185235,1408,1
54,584758,177136,1408,1
55,585390,177320,1408,1
56,586672,177714,1408,1
57,567352,171860,1408,1
58,602764,182600,1408,1
59,799422,242157,1408,1
60,1038870,314667,1408,1
61,584462,177069,1408,1
62,573954,173877,1408,1
63,554346,167938,1408,1
64,516726,156536,1408,1
65,546250,165483,1408,1
66,882206,267258,1408,1
67,636818,193164,1408,1
68,790230,239376,1408,1
69,500344,151571,1408,1
70,701788,212560,1408,1
71,907671,275391,1408,1
72,1039073,315009,1408,1
73,1539537,466907,1408,1
74,817560,247743,1408,1
75,950520,288038,1408,1
76,510842,154749,1408,1
77,946714,286772,1408,1
78,677456,205217,1408,1
79,1033194,314140,1408,1
80,508012,153887,1408,1
81,744986,225804,1408,1
82,560304,169740,1408,1
83,645928,196017,1408,1
84,935694,283424,1408,1
85,1388398,422313,1408,1
86,684790,207440,1408,1
87,1102731,334878,1408,1
88,567872,172015,1408,1
89,569648,172555,1408,1
90,568352,172163,1408,1
91,567942,172041,1408,1
92,570634,172840,1408,1
93,685944,207799,1408,1
94,567030,171763,1408,1
95,550684,166807,1408,1
96,550518,166759,1408,1
97,551676,167126,1408,1
98,647270,196084,1408,1
99,551422,167029,1408,1
100,551570,167075,1408,1
101,953425,289583,1408,1
102,641156,194223,1408,1
103,1010857,306833,1408,1
104,946090,286916,1408,1
105,1006672,305310,1408,1
106,528002,159947,1408,1
107,616488,186753,1408,1
108,646534,195936,1408,1
109,524402,158852,1408,1
110,782662,237079,1408,1
111,1098776,333862,1408,1
112,885270,268155,1408,1
113,1022984,310320,1408,1
114,574272,173972,1408,1
115,555272,168194,1408,1
116,618170,187488,1408,1
117,740276,224244,1408,1
118,571350,173087,1408,1
119,955656,289481,1408,1
120,825456,250316,1408,1
121,817052,247482,1408,1
122,6908116,2095634,1408,1
123,551296,166998,1408,1
124,556224,168491,1408,1
125,621326,188224,1408,1
126,917048,277818,1408,1
127,765136,231783,1408,1
128,909426,275475,1408,1
129,890924,269860,1408,1
130,962636,292410,1408,1
131,566426,171604,1408,1
132,545502,165247,1408,1
133,601390,182181,1408,1
134,536146,162406,1408,1
135,535342,162161,1408,1
136,793142,240255,1408,1
137,862730,261318,1408,1
138,799404,242153,1408,1
139,509754,154414,1408,1
140,497294,150637,1408,1
141,656424,199252,1408,1
142,782766,237132,1408,1
143,654202,198180,1408,1
144,855474,259809,1408,1
145,1060278,321657,1408,1
146,598182,181209,1408,1
147,788286,238794,1408,1
148,989878,299961,1408,1
149,708902,216379,1408,1
150,582916,176570,1408,1
151,605422,183406,1408,1
152,608826,184436,1408,1
153,621552,188290,1408,1
154,625710,189555,1408,1
155,567750,171979,1408,1
156,565462,171287,1408,1
157,732312,221831,1408,1
158,568114,172091,1408,1
159,558038,169040,1408,1
160,591780,179268,1408,1
161,569352,172459,1408,1
162,817518,247680,1408,1
163,569134,172403,1408,1
164,602348,182478,1408,1
165,573014,173581,1408,1
166,554986,168112,1408,1
167,547042,165705,1408,1
168,552220,168167,1408,1
169,566600,171645,1408,1
170,872820,264375,1408,1
171,590722,178953,1408,1
172,574896,174142,1408,1
173,539880,163528,1408,1
174,792766,240589,1408,1
175,867838,262904,1408,1
176,842926,255413,1408,1
177,575302,174287,1408,1
178,524036,158741,1408,1
179,922388,279396,1408,1
180,498222,150895,1408,1
181,503316,152460,1408,1
182,524452,158868,1408,1
183,510594,154641,1408,1
184,512270,155172,1408,1
185,512106,155125,1408,1
186,564984,171154,1408,1
187,532338,161251,1408,1
188,558604,169224,1408,1
189,514400,155818,1408,1
190,525726,159273,1408,1
191,541808,164149,1408,1
192,522236,158188,1408,1
193,522434,158250,1408,1
194,522192,158177,1408,1
195,536360,162445,1408,1
196,1009732,306243,1408,1
197,881868,267129,1408,1
198,901420,273037,1408,1
199,966054,292609,1408,1
200,605786,183515,1408,1
201,582746,176541,1408,1
202,542810,164426,1408,1
203,541134,163909,1408,1
204,590990,179034,1408,1
205,775166,234896,1408,1
206,572710,173481,1408,1
207,563540,170705,1408,1
208,553410,167633,1408,1
209,554014,167807,1408,1
210,816766,247669,1408,1
211,876240,265551,1408,1
212,580060,175728,1408,1
213,537198,162725,1408,1
214,538596,163147,1408,1
215,1027770,312063,1408,1
216,536816,162614,1408,1
217,522270,158205,1408,1
218,533122,161505,1408,1
219,523694,158633,1408,1
220,527522,159809,1408,1
221,508234,153950,1408,1
222,649656,196812,1408,1
223,510998,154790,1408,1
224,851780,258041,1408,1
225,839024,254155,1408,1
226,933886,282907,1408,1
227,15496178,4694468,1408,1
228,686414,208001,1408,1
229,588686,178309,1408,1
230,687080,208143,1408,1
231,643518,194948,1408,1
232,620070,187845,1408,1
233,604938,183245,1408,1
234,703056,212981,1408,1
235,726948,220213,1408,1
236,1104932,335181,1408,1
237,609226,184549,1408,1
238,765290,231822,1408,1
239,611982,185377,1408,1
240,587498,177962,1408,1
241,585576,177378,1408,1
242,846500,256542,1408,1
243,806340,244271,1408,1
244,572818,173514,1408,1
245,568438,172187,1408,1
246,644948,195380,1408,1
247,937047,284175,1408,1
248,622192,188501,1408,1
249,815703,247573,1408,1
250,858858,260492,1408,1
251,836000,253228,1408,1
252,822070,249262,1408,1
253,552078,167234,1408,1
254,712000,215685,1408,1
255,656750,199182,1408,1
256,539622,163461,1408,1
257,526740,159557,1408,1
258,551120,166920,1408,1
259,596466,180695,1408,1
260,685730,207744,1408,1
261,539650,163471,1408,1
262,593588,179851,1408,1
263,5280904,1601780,1408,1
264,769586,233131,1408,1
265,605768,183514,1408,1
266,879102,266416,1408,1
267,668324,202456,1408,1
268,760736,230444,1408,1
269,541526,164048,1408,1
270,657454,199170,1408,1
271,645278,195493,1408,1
272,945268,286309,1408,1
273,545476,165229,1408,1
274,561140,169993,1408,1
275,556504,168545,1408,1
276,710008,215082,1408,1
277,589474,178582,1408,1
278,961821,291800,1408,1
279,567798,171993,1408,1
280,1672632,506982,1408,1
281,944924,286642,1408,1
282,575924,174456,1408,1
283,710672,215283,1408,1
284,554398,167944,1408,1
285,810540,245525,1408,1
286,549348,166407,1408,1
287,571342,173064,1408,1
288,852342,258175,1408,1
289,857738,259837,1408,1
290,2423592,734886,1408,1
291,861014,261210,1408,1
292,878574,266284,1408,1
293,699150,211808,1408,1
294,810586,245526,1408,1
295,801554,243323,1408,1
296,770908,233822,1408,1
297,647112,196034,1408,1
298,655122,220614,1408,1
299,588298,178209,1408,1
300,584858,177161,1408,1
301,835192,253155,1408,1
302,690270,209121,1408,1
303,730784,221380,1408,1
304,796304,241210,1408,1
305,749744,227116,1408,1
306,551484,167064,1408,1
307,834346,252772,1408,1
308,884421,268351,1408,1
309,745276,225784,1408,1
310,545544,165257,1408,1
311,534534,161919,1408,1
312,737102,223452,1408,1
313,979660,296754,1408,1
314,858786,260143,1408,1
315,791082,239756,1408,1
316,982686,298024,1408,1
317,881298,267265,1408,1
318,1705555,517282,1408,1
319,3778142,1144841,1408,1
320,777430,235487,1408,1
321,830552,251660,1408,1
322,545548,165271,1408,1
323,767030,233613,1408,1
324,541080,163902,1408,1
325,569834,172626,1408,1
326,535390,162177,1408,1
327,568180,172135,1408,1
328,717258,217468,1408,1
329,589510,178587,1408,1
330,550076,166624,1408,1
331,697008,211146,1408,1
332,549302,166387,1408,1
333,575962,174486,1408,1
334,824910,250112,1408,1
335,840126,254466,1408,1
336,674434,204306,1408,1
337,626058,189652,1408,1
338,787288,238566,1408,1
339,1267127,384522,1408,1
340,967917,294411,1408,1
341,5813651,1762013,1408,1
342,1037902,316679,1408,1
343,588416,178245,1408,1
344,747626,226555,1408,1
345,1016176,307800,1408,1
346,765824,231974,1408,1
347,636030,192676,1408,1
348,561098,169967,1408,1
349,644342,195357,1408,1
350,694470,210379,1408,1
351,640828,194135,1408,1
352,736122,223213,1408,1
353,851328,258118,1408,1
354,863236,261835,1408,1
355,881684,267808,1408,1
356,860656,260698,1408,1
357,889444,269415,1408,1
358,867636,262839,1408,1
359,846842,256545,1408,1
360,1030234,312540,1408,1
361,972176,294516,1408,1
362,1015192,307520,1408,1
363,856202,259353,1408,1
364,884118,268438,1408,1
365,901438,273078,1408,1
366,868514,263092,1408,1
367,1060828,322137,1408,1
368,977958,296328,1408,1
369,1421805,431164,1408,1
370,952230,288431,1408,1
371,965984,292583,1408,1
372,830212,251953,1408,1
373,862542,261297,1408,1
374,682404,206739,1408,1
375,569926,172801,1408,1
376,4482695,1360332,1408,1
377,1025186,310555,1408,1
378,759538,230081,1408,1
379,965986,292602,1408,1
380,853520,258571,1408,1
381,911124,275974,1408,1
382,858094,259923,1408,1
383,893748,270698,1408,1
384,897324,271817,1408,1
385,587984,178109,1408,1
386,586554,177674,1408,1
387,1020722,311941,1408,1
388,985442,299530,1408,1
389,907684,275103,1408,1
390,653868,198079,1408,1
391,722764,219130,1408,1
392,606744,183796,1408,1
393,753854,228509,1408,1
394,606578,183741,1408,1
395,1073348,326164,1408,1
396,891282,269974,1408,1
397,606332,183670,1408,1
398,602270,182433,1408,1
399,600802,181988,1408,1
400,923240,279740,1408,1
401,985690,298585,1408,1
402,1097026,332326,1408,1
403,968910,293471,1408,1
404,592948,179621,1408,1
405,595914,180497,1408,1
406,574650,174138,1408,1
407,890412,269734,1408,1
408,797708,241662,1408,1
409,1348170,409536,1408,1
410,998870,302695,1408,1
411,922538,280219,1408,1
412,984224,298332,1408,1
413,912872,276526,1408,1
414,925612,280438,1408,1
415,916820,277724,1408,1
416,905270,274211,1408,1
417,1243925,377320,1408,1
418,586358,177614,1408,1
419,590250,178842,1408,1
420,640086,193908,1408,1
421,871526,264021,1408,1
422,663924,201120,1408,1
423,627740,190168,1408,1
424,930866,283480,1408,1
425,793558,240593,1408,1
426,558142,169072,1408,1
427,764018,231789,1408,1
428,622202,188480,1408,1
429,553422,167639,1408,1
430,552472,167355,1408,1
431,550072,166623,1408,1
432,551802,167154,1408,1
433,566954,171851,1408,1
434,553086,167546,1408,1
435,1146182,347288,1408,1
436,554348,167922,1408,1
437,632440,191547,1408,1
438,791770,239836,1408,1
439,593838,179935,1408,1
440,544594,164970,1408,1
441,531934,161137,1408,1
442,526540,159472,1408,1
443,693488,210087,1408,1
444,531990,161147,1408,1
445,547872,165971,1408,1
446,591350,179135,1408,1
447,835068,252941,1408,1
448,870704,263733,1408,1
449,534746,161998,1408,1
450,820448,248530,1408,1
451,921634,279172,1408,1
452,824104,249616,1408,1
453,1742998,528047,1408,1
454,816838,247450,1408,1
455,615056,186329,1408,1
456,701812,212708,1408,1
457,761906,230818,1408,1
458,549356,166401,1408,1
459,702658,212885,1408,1
460,734544,222490,1408,1
461,563602,170742,1408,1
462,737704,223480,1408,1
463,534950,162048,1408,1
464,532542,161313,1408,1
465,558834,169289,1408,1
466,622892,188698,1408,1
467,930313,283092,1408,1
468,1211106,367520,1408,1
469,943116,285670,1408,1
470,903468,273689,1408,1
471,1120510,339413,1408,1
472,887352,268907,1408,1
473,576332,174573,1408,1
474,600232,181838,1408,1
475,606986,183879,1408,1
476,590008,178769,1408,1
477,629430,190676,1408,1
478,807058,244498,1408,1
479,1002446,303658,1408,1
480,779066,235995,1408,1
481,601204,182143,1408,1
482,581384,176108,1408,1
483,712950,215982,1408,1
484,1533136,464818,1408,1
485,2015442,610699,1408,1
486,841932,255039,1408,1
487,586122,177547,1408,1
488,658884,199583,1408,1
489,593394,179766,1408,1
490,553654,167707,1408,1
491,554952,168076,1408,1
492,556584,168607,1408,1
493,655698,198623,1408,1
494,571504,173116,1408,1
495,561186,170148,1408,1
496,662966,200856,1408,1
497,538632,163165,1408,1
498,858568,260105,1408,1
499,712240,215789,1408,1
500,550362,166707,1408,1
501,704886,213870,1408,1
502,590374,178939,1408,1
503,535368,162167,1408,1
504,533960,161741,1408,1
505,534096,161788,1408,1
506,551074,166927,1408,1
507,832068,252046,1408,1
508,2039521,618469,1408,1
509,857300,259676,1408,1
510,543958,164773,1408,1
511,553028,167519,1408,1
512,542446,164312,1408,1
513,560714,169864,1408,1
514,736466,223085,1408,1
515,561190,170012,1408,1
516,825870,250157,1408,1
517,542890,164437,1408,1
518,538952,163258,1408,1
519,548052,166016,1408,1
520,581758,176237,1408,1
521,557950,169093,1408,1
522,555498,168265,1408,1
523,1108486,336681,1408,1
524,556668,168622,1408,1
525,551438,167041,1408,1
526,554026,167810,1408,1
527,558728,169243,1408,1
528,746594,226150,1408,1
529,557772,168961,1408,1
530,556904,168697,1408,1
531,697800,211383,1408,1
532,555634,168286,1408,1
533,556230,168491,1408,1
534,657730,199250,1408,1
535,558402,169148,1408,1
536,554626,168011,1408,1
537,578518,175258,1408,1
538,595872,180487,1408,1
539,951010,288228,1408,1
540,552858,167473,1408,1
541,902072,273245,1408,1
542,981338,297249,1408,1
543,567646,171951,1408,1
544,572052,173289,1408,1
545,913878,276977,1408,1
546,832180,252551,1408,1
547,569456,172498,1408,1
548,569106,172388,1408,1
549,686585,208137,1408,1
550,588160,178159,1408,1
551,638300,193443,1408,1
552,638976,194742,1408,1
553,726582,220090,1408,1
554,547580,165872,1408,1
555,1017612,308249,1408,1
556,610532,184951,1408,1
557,551670,167105,1408,1
558,565852,171448,1408,1
559,542796,164407,1408,1
560,541502,164025,1408,1
561,695566,210726,1408,1
562,3574084,1082975,1408,1
563,1305784,396056,1408,1
564,1070540,324368,1408,1
565,708052,214521,1408,1
566,567114,171803,1408,1
567,572112,173318,1408,1
568,665804,201692,1408,1
569,528222,160006,1408,1
570,525782,159262,1408,1
571,625102,189361,1408,1
572,548496,166274,1408,1
573,554614,168001,1408,1
574,552778,167444,1408,1
575,550430,166732,1408,1
576,549558,166468,1408,1
577,549404,166422,1408,1
578,547550,165886,1408,1
579,545308,165178,1408,1
580,606860,183841,1408,1
581,759352,230015,1408,1
582,946994,286973,1408,1
583,1005038,304936,1408,1
584,713524,216158,1408,1
585,656118,198746,1408,1
586,464618,140742,1408,1
587,577100,174837,1408,1
588,638888,193527,1408,1
589,461052,139649,1408,1
590,1921748,583427,1408,1
591,576998,174787,1408,1
592,735028,222652,1408,1
593,693826,211021,1408,1
594,537732,162882,1408,1
595,523272,158508,1408,1
596,551658,167119,1408,1
597,507834,153833,1408,1
598,656602,198940,1408,1
599,621404,188245,1408,1
600,716420,216979,1408,1
601,518198,156965,1408,1
602,761384,230624,1408,1
603,546880,165671,1408,1
604,501904,152074,1408,1
605,497542,150713,1408,1
606,517366,156735,1408,1
607,523844,158690,1408,1
608,768514,232784,1408,1
609,785928,238052,1408,1
610,826592,250377,1408,1
611,897168,271774,1408,1
612,883640,267760,1408,1
613,1075472,325808,1408,1
614,899262,272568,1408,1
615,576928,174759,1408,1
616,574330,173970,1408,1
617,610278,184875,1408,1
618,586904,177800,1408,1
619,567538,171923,1408,1
620,872758,264362,1408,1
621,790270,239391,1408,1
622,615890,186575,1408,1
623,746452,226886,1408,1
624,784300,237572,1408,1
625,875340,265160,1408,1
626,908418,275157,1408,1
627,569606,173158,1408,1
628,538678,163168,1408,1
629,537908,162944,1408,1
630,617112,186948,1408,1
631,522812,158368,1408,1
632,517316,156700,1408,1
633,520498,157667,1408,1
634,507152,153621,1408,1
635,523500,158589,1408,1
636,854566,258856,1408,1
637,1349875,409705,1408,1
638,635224,192469,1408,1
639,1109242,335978,1408,1
640,812282,246066,1408,1
641,789774,239597,1408,1
642,861642,261309,1408,1
643,780580,236526,1408,1
644,707144,214225,1408,1
645,682934,206926,1408,1
646,1502168,455696,1408,1
647,501244,151830,1408,1
648,499386,151266,1408,1
649,496652,150420,1408,1
650,498610,151040,1408,1
651,498550,151019,1408,1
652,520022,157529,1408,1
653,500028,151465,1408,1
654,598398,181271,1408,1
655,499864,151415,1408,1
656,497106,150582,1408,1
657,496642,150444,1408,1
658,501546,151925,1408,1
659,499328,151230,1408,1
660,499870,151420,1408,1
661,665746,201665,1408,1
662,630292,190964,1408,1
663,489014,148129,1408,1
664,598285,181668,1408,1
665,518584,157105,1408,1
666,781920,236922,1408,1
667,514542,155862,1408,1
668,512078,155117,1408,1
669,511692,155005,1408,1
670,511304,154883,1408,1
671,509734,154411,1408,1
672,581154,176046,1408,1
673,699964,212034,1408,1
674,758608,230243,1408,1
675,499242,151225,1408,1
676,501104,151794,1408,1
677,597546,181018,1408,1
678,1244418,377171,1408,1
679,521542,157985,1408,1
680,568836,172321,1408,1
681,693542,210056,1408,1
682,698794,211673,1408,1
683,540472,163735,1408,1
684,523792,158663,1408,1
685,537682,162885,1408,1
686,749458,227477,1408,1
687,576052,174510,1408,1
688,538428,163098,1408,1
689,559630,169514,1408,1
690,551486,167053,1408,1
691,555858,168351,1408,1
692,866290,262407,1408,1
693,677422,205739,1408,1
694,725452,219751,1408,1
695,581596,176192,1408,1
696,540064,163593,1408,1
697,526810,159575,1408,1
698,537748,162918,1408,1
699,524522,158882,1408,1
700,526042,159346,1408,1
701,526092,159336,1408,1
702,595028,180255,1408,1
703,550482,166753,1408,1
704,535332,162267,1408,1
705,527240,159684,1408,1
706,536408,162482,1408,1
707,700399,212902,1408,1
708,568222,172146,1408,1
709,762838,231223,1408,1
710,598752,181781,1408,1
711,538606,163149,1408,1
712,610958,185081,1408,1
713,524062,158748,1408,1
714,520650,157716,1408,1
715,761916,230889,1408,1
716,657754,199253,1408,1
717,730052,221169,1408,1
718,898100,272092,1408,1
719,820518,248575,1408,1
720,677798,205419,1408,1
721,648018,196426,1408,1
722,861999,263226,1408,1
723,588988,178406,1408,1
724,666002,201786,1408,1
725,799688,242276,1408,1
726,550182,166663,1408,1
727,888588,269162,1408,1
728,551522,167067,1408,1
729,555120,168150,1408,1
730,551192,166939,1408,1
731,538590,163149,1408,1
732,550070,166600,1408,1
733,845536,256168,1408,1
734,892050,270214,1408,1
735,792446,240043,1408,1
736,853820,258629,1408,1
737,903552,273763,1408,1
738,900196,273094,1408,1
739,598632,181371,1408,1
740,567424,171878,1408,1
741,565406,171272,1408,1
742,566532,171615,1408,1
743,566556,171615,1408,1
744,568180,172111,1408,1
745,1029102,311799,1408,1
746,558266,169103,1408,1
747,557474,168866,1408,1
748,555450,168227,1408,1
749,543564,164655,1408,1
750,713568,216156,1408,1
751,744940,225661,1408,1
752,1770940,536959,1408,1
753,539704,163488,1408,1
754,703986,213255,1408,1
755,1049096,317747,1408,1
756,617004,186897,1408,1
757,553344,167619,1408,1
758,543414,164606,1408,1
759,541938,164161,1408,1
760,538442,163099,1408,1
761,530254,160621,1408,1
762,524106,158746,1408,1
763,529950,160530,1408,1
764,551004,167605,1408,1
765,509840,154438,1408,1
766,498094,150878,1408,1
767,500084,151481,1408,1
768,510104,154520,1408,1
769,610468,184929,1408,1
770,507694,153787,1408,1
771,519374,157327,1408,1
772,522260,158202,1408,1
773,526158,159377,1408,1
774,615348,186397,1408,1
775,578532,175255,1408,1
776,533468,161594,1408,1
777,791226,239666,1408,1
778,651350,197347,1408,1
779,563010,170543,1408,1
780,872138,264513,1408,1
781,944072,285973,1408,1
782,851696,258689,1408,1
783,541432,163982,1408,1
784,544618,164971,1408,1
785,543076,164492,1408,1
786,576934,174776,1408,1
787,541024,163874,1408,1
788,751338,227738,1408,1
789,709410,214889,1408,1
790,541530,164038,1408,1
791,542888,164453,1408,1
792,636142,192713,1408,1
793,635676,192570,1408,1
794,567144,171795,1408,1
795,566034,171462,1408,1
796,566842,171678,1408,1
797,556354,168524,1408,1
798,536478,162518,1408,1
799,526078,159357,1408,1
800,556144,168480,1408,1
801,523544,158586,1408,1
802,516910,156576,1408,1
803,512134,155136,1408,1
804,520980,157832,1408,1
805,497158,150574,1408,1
806,486378,147329,1408,1
807,497356,150651,1408,1
808,491604,148916,1408,1
809,507976,153886,1408,1
810,482012,145994,1408,1
811,514676,155915,1408,1
812,511578,154977,1408,1
813,493494,149493,1408,1
814,448654,135902,1408,1
815,450080,136334,1408,1
816,464322,140663,1408,1
817,589830,178676,1408,1
818,719290,217915,1408,1
819,1347705,453298,1408,1
820,748624,226840,1408,1
821,1849460,561299,1408,1
822,979652,296750,1408,1
823,1051454,318770,1408,1
824,1072070,325188,1408,1
825,899126,272316,1408,1
826,6580893,1999187,1408,1
827,958498,290419,1408,1
828,798592,242004,1408,1
829,609628,184672,1408,1
830,869354,263336,1408,1
831,1044610,316404,1408,1
832,1067594,323365,1408,1
833,995656,301587,1408,1
834,924478,280035,1408,1
835,1826516,554038,1408,1
836,854274,259036,1408,1
837,856264,259659,1408,1
838,1096648,332214,1408,1
839,706264,213967,1408,1
840,587198,177870,1408,1
841,908314,275150,1408,1
842,908162,275119,1408,1
843,571912,173241,1408,1
844,571228,173010,1408,1
845,1005222,304483,1408,1
846,776570,235245,1408,1
847,695746,210759,1408,1
848,658948,199580,1408,1
849,659200,199696,1408,1
850,641380,194294,1408,1
851,584474,177049,1408,1
852,582468,176434,1408,1
853,608742,184411,1408,1
854,872220,264472,1408,1
855,645850,195681,1408,1
856,626614,189825,1408,1
857,594548,180118,1408,1
858,561914,170212,1408,1
859,542670,164456,1408,1
860,627224,190021,1408,1
861,913128,277099,1408,1
862,948636,287746,1408,1
863,901501,273714,1408,1
864,889841,269856,1408,1
865,814004,246564,1408,1
866,539834,163523,1408,1
867,539502,163424,1408,1
868,575868,175390,1408,1
869,667976,202492,1408,1
870,556356,168532,1408,1
871,632772,191693,1408,1
872,593122,179685,1408,1
873,608664,184394,1408,1
874,624912,189310,1408,1
875,569026,172368,1408,1
876,618950,187503,1408,1
877,897596,271900,1408,1
878,805822,244148,1408,1
879,1227846,371901,1408,1
880,858384,260019,1408,1
881,876612,265650,1408,1
882,1122543,340414,1408,1
883,934340,283122,1408,1
884,1176470,356640,1408,1
885,599958,181736,1408,1
886,839078,254171,1408,1
887,868352,263099,1408,1
888,938680,284361,1408,1
889,929976,281720,1408,1
890,875056,265106,1408,1
891,929556,281609,1408,1
892,1383934,419489,1408,1
893,587412,177936,1408,1
894,593042,179642,1408,1
895,1156336,350253,1408,1
896,908652,275224,1408,1
897,936858,283848,1408,1
898,569962,172646,1408,1
899,705638,213771,1408,1
900,947010,288100,1408,1
901,567198,171897,1408,1
902,570844,172917,1408,1
903,603444,182813,1408,1
904,905286,274239,1408,1
905,752470,227940,1408,1
906,573218,173633,1408,1
907,561478,170098,1408,1
908,547412,165826,1408,1
909,630330,190957,1408,1
910,547212,165755,1408,1
911,545760,165318,1408,1
912,543460,164598,1408,1
913,861018,260809,1408,1
914,845796,256446,1408,1
915,852260,258274,1408,1
916,821090,248712,1408,1
917,879458,266426,1408,1
918,823258,249370,1408,1
919,1627750,493364,1408,1
920,682572,206771,1408,1
921,539644,163470,1408,1
922,558612,169214,1408,1
923,550602,166780,1408,1
924,738110,223690,1408,1
925,556518,168563,1408,1
926,670084,203000,1408,1
927,562622,170421,1408,1
928,575906,174470,1408,1
929,552374,167323,1408,1
930,893458,270626,1408,1
931,943862,286062,1408,1
932,597590,181036,1408,1
933,632004,191459,1408,1
934,732681,223128,1408,1
935,1022901,310591,1408,1
936,891316,270016,1408,1
937,911578,276150,1408,1
938,1199206,363696,1408,1
939,558900,169310,1408,1
940,860210,260563,1408,1
941,673450,204100,1408,1
942,556214,168487,1408,1
943,577470,174933,1408,1
944,556298,168521,1408,1
945,572338,173398,1408,1
946,577622,174989,1408,1
947,554404,167939,1408,1
948,926543,281915,1408,1
949,933104,282649,1408,1
950,842046,255066,1408,1
951,1036550,314326,1408,1
952,918624,278336,1408,1
953,998374,302409,1408,1
954,920468,278865,1408,1
955,820684,248612,1408,1
956,701596,212537,1408,1
957,3791417,1149600,1408,1
958,600828,182016,1408,1
959,602696,182583,1408,1
960,542930,164468,1408,1
961,541404,163987,1408,1
962,624562,189218,1408,1
963,540878,163843,1408,1
964,1340532,406006,1408,1
965,954676,289201,1408,1
966,560752,169860,1408,1
967,593062,179669,1408,1
968,543848,164741,1408,1
969,554786,168029,1408,1
970,927877,282414,1408,1
971,650916,197193,1408,1
972,539592,163449,1408,1
973,635196,192419,1408,1
974,535888,162331,1408,1
975,539904,163540,1408,1
976,633482,191906,1408,1
977,726130,219964,1408,1
978,930528,282043,1408,1
979,756616,229213,1408,1
980,832000,252138,1408,1
981,787446,238529,1408,1
982,1172542,356377,1408,1
983,624866,189293,1408,1
984,663238,200913,1408,1
985,809106,245105,1408,1
986,591884,179271,1408,1
987,590902,178998,1408,1
988,691108,209421,1408,1
989,583940,176886,1408,1
990,622788,188667,1408,1
991,653986,198125,1408,1
992,598812,181416,1408,1
993,653520,197992,1408,1
994,790222,239399,1408,1
995,1027440,311852,1408,1
996,901760,273207,1408,1
997,951646,288251,1408,1
998,984294,298132,1408,1
999,599016,181451,1408,1
1000,955286,289606,1408,1
1001,849796,257469,1408,1
1002,895876,272305,1408,1
1003,526878,159599,1408,1
1004,565322,171259,1408,1
1005,528102,159945,1408,1
1006,548836,166271,1408,1
1007,571708,173290,1408,1
1008,554900,168103,1408,1
1009,544362,164908,1408,1
1010,512278,155176,1408,1
1011,683350,207001,1408,1
1012,679672,205847,1408,1
1013,486236,147282,1408,1
1014,485982,147211,1408,1
1015,473624,143470,1408,1
1016,481946,146005,1408,1
1017,509018,154191,1408,1
1018,502618,152228,1408,1
1019,778020,235730,1408,1
1020,912125,277140,1408,1
1021,527044,159633,1408,1
1022,496682,150593,1408,1
1023,794240,240575,1408,1
1024,731552,221707,1408,1
1025,490802,148673,1408,1
1026,484456,146725,1408,1
1027,640860,194127,1408,1
1028,604140,183017,1408,1
1029,2293522,694727,1408,1
1030,1008022,305420,1408,1
1031,613744,185929,1408,1
1032,648214,196397,1408,1
1033,864232,261781,1408,1
1034,554940,168095,1408,1
1035,805826,244141,1408,1
1036,558900,169299,1408,1
1037,560958,169990,1408,1
1038,623950,189009,1408,1
1039,559944,169588,1408,1
1040,564564,171158,1408,1
1041,584488,177047,1408,1
1042,971052,294129,1408,1
1043,584914,177179,1408,1
1044,759603,231051,1408,1
1045,609042,184486,1408,1
1046,1039912,315376,1408,1
1047,607846,184155,1408,1
1048,766966,232322,1408,1
1049,710090,215108,1408,1
1050,566952,171735,1408,1
1051,666490,201900,1408,1
1052,721856,218853,1408,1
1053,552100,167242,1408,1
1054,909042,275345,1408,1
1055,902552,273448,1408,1
1056,621988,188435,1408,1
1057,699128,212037,1408,1
1058,910802,276621,1408,1
1059,589770,178673,1408,1
1060,676180,205495,1408,1
1061,597382,180988,1408,1
1062,514752,155931,1408,1
1063,509946,154445,1408,1
1064,591978,179333,1408,1
1065,509702,154399,1408,1
1066,514110,155734,1408,1
1067,631186,191206,1408,1
1068,624222,189471,1408,1
1069,845871,256803,1408,1
1070,909728,275910,1408,1
1071,797276,241537,1408,1
1072,553262,167591,1408,1
1073,559600,169528,1408,1
1074,872104,264180,1408,1
1075,646914,196057,1408,1
1076,555646,168310,1408,1
1077,551710,167121,1408,1
1078,1309942,398381,1408,1
1079,950548,287936,1408,1
1080,569598,172544,1408,1
1081,567012,171756,1408,1
1082,589248,178514,1408,1
1083,552194,167255,1408,1
1084,644354,195195,1408,1
1085,808956,245032,1408,1
1086,832678,252216,1408,1
1087,834950,253303,1408,1
1088,880582,266736,1408,1
1089,626626,189826,1408,1
1090,560614,169819,1408,1
1091,557874,168988,1408,1
1092,647740,196289,1408,1
1093,559722,169543,1408,1
1094,768754,232868,1408,1
1095,573336,173672,1408,1
1096,612480,185547,1408,1
1097,638172,193321,1408,1
1098,897824,271950,1408,1
1099,874470,265629,1408,1
1100,906182,274496,1408,1
1101,542300,164268,1408,1
1102,599668,181656,1408,1
1103,550878,166844,1408,1
1104,772060,233872,1408,1
1105,922912,279790,1408,1
1106,1171531,355661,1408,1
1107,2789423,849106,1408,1
1108,762454,230937,1408,1
1109,1079028,327513,1408,1
1110,841266,254825,1408,1
1111,848752,257143,1408,1
1112,941452,285167,1408,1
1113,597496,181117,1408,1
1114,556746,168707,1408,1
1115,573906,173856,1408,1
1116,535320,162164,1408,1
1117,942372,292329,1408,1
1118,680090,206002,1408,1
1119,830224,251499,1408,1
1120,836784,253483,1408,1
1121,858596,260267,1408,1
1122,545218,165162,1408,1
1123,633442,191916,1408,1
1124,930510,281962,1408,1
1125,582700,176522,1408,1
1126,580868,175922,1408,1
1127,590936,179016,1408,1
1128,534624,162017,1408,1
1129,522536,158282,1408,1
1130,513358,155506,1408,1
1131,538408,163156,1408,1
1132,525380,159150,1408,1
1133,542406,164321,1408,1
1134,522256,158199,1408,1
1135,525098,159057,1408,1
1136,550890,166867,1408,1
1137,589158,178481,1408,1
1138,768894,233047,1408,1
1139,529438,160395,1408,1
1140,545960,165402,1408,1
1141,919890,278957,1408,1
1142,1663259,504877,1408,1
1143,989709,300291,1408,1
1144,690950,209425,1408,1
1145,502854,152302,1408,1
1146,543830,164750,1408,1
1147,546694,165602,1408,1
1148,513160,155450,1408,1
1149,514328,155801,1408,1
1150,879202,266550,1408,1
1151,614758,186228,1408,1
1152,735070,222667,1408,1
1153,837750,253941,1408,1
1154,821320,248834,1408,1
1155,818638,247966,1408,1
1156,850480,257606,1408,1
1157,536972,163060,1408,1
1158,524720,158942,1408,1
1159,524060,158748,1408,1
1160,884580,267942,1408,1
1161,553310,167632,1408,1
1162,710526,215244,1408,1
1163,798962,242176,1408,1
1164,819282,248211,1408,1
1165,560910,169931,1408,1
1166,605736,183499,1408,1
1167,548752,166220,1408,1
1168,1101346,333843,1408,1
1169,601050,182090,1408,1
1170,567856,172009,1408,1
1171,994850,303065,1408,1
1172,562604,170421,1408,1
1173,635976,192665,1408,1
1174,598870,181423,1408,1
1175,867460,262883,1408,1
1176,902932,273692,1408,1
1177,967824,293152,1408,1
1178,1257864,381553,1408,1
1179,1090314,330484,1408,1
1180,805590,244018,1408,1
1181,963420,291967,1408,1
1182,898644,272714,1408,1
1183,940980,285019,1408,1
1184,1054854,319647,1408,1
1185,683300,206993,1408,1
1186,624256,189103,1408,1
1187,656278,198810,1408,1
1188,625166,189396,1408,1
1189,963452,291876,1408,1
1190,609728,184694,1408,1
1191,929058,281456,1408,1
1192,989428,299715,1408,1
1193,588906,178388,1408,1
1194,588568,178260,1408,1
1195,587864,178071,1408,1
1196,675396,204599,1408,1
1197,585222,177271,1408,1
1198,567160,171798,1408,1
1199,589956,178719,1408,1
1200,589764,178667,1408,1
1201,916576,277635,1408,1
1202,597412,181073,1408,1
1203,665450,201665,1408,1
1204,573080,173592,1408,1
1205,595278,180344,1408,1
1206,781160,236695,1408,1
1207,995064,301440,1408,1
1208,639008,193572,1408,1
1209,534276,161838,1408,1
1210,594328,180051,1408,1
1211,641288,194276,1408,1
1212,564412,171189,1408,1
1213,541320,163973,1408,1
1214,607844,184137,1408,1
1215,866990,262965,1408,1
1216,848766,257091,1408,1
1217,853228,258448,1408,1
1218,536178,162417,1408,1
1219,540910,163851,1408,1
1220,679160,205731,1408,1
1221,575698,174416,1408,1
1222,542194,164234,1408,1
1223,548402,166123,1408,1
1224,559326,169431,1408,1
1225,604958,183268,1408,1
1226,548552,166177,1408,1
1227,524560,158881,1408,1
1228,548986,166314,1408,1
1229,586486,177748,1408,1
1230,582748,176538,1408,1
1231,525518,159185,1408,1
1232,520258,157594,1408,1
1233,603058,182687,1408,1
1234,572210,173343,1408,1
1235,482872,146256,1408,1
1236,577588,174984,1408,1
1237,616278,186690,1408,1
1238,889748,269500,1408,1
1239,785384,238910,1408,1
1240,708246,214554,1408,1
1241,790788,239525,1408,1
1242,665820,201959,1408,1
1243,641030,194174,1408,1
1244,485286,146999,1408,1
1245,567116,171803,1408,1
1246,605660,183509,1408,1
1247,848934,257152,1408,1
1248,526072,159352,1408,1
1249,787160,238615,1408,1
1250,950994,288066,1408,1
1251,756330,229100,1408,1
1252,798430,241852,1408,1
1253,572356,173394,1408,1
1254,712476,215818,1408,1
1255,508770,154111,1408,1
1256,808164,245019,1408,1
1257,580410,175837,1408,1
1258,497320,150622,1408,1
1259,500232,151531,1408,1
1260,523586,158596,1408,1
1261,502932,152447,1408,1
1262,593208,179711,1408,1
1263,519200,157276,1408,1
1264,520198,157577,1408,1
1265,517646,156807,1408,1
1266,543906,164751,1408,1
1267,515808,156258,1408,1
1268,545464,165251,1408,1
1269,514520,155833,1408,1
1270,545676,165308,1408,1
1271,540472,163733,1408,1
1272,520840,157770,1408,1
1273,513672,155695,1408,1
1274,675830,204726,1408,1
1275,615486,186450,1408,1
1276,1088778,329806,1408,1
1277,809122,245077,1408,1
1278,698008,211433,1408,1
1279,502220,152241,1408,1
1280,487492,147645,1408,1
1281,490690,148642,1408,1
1282,535614,162258,1408,1
1283,782974,237295,1408,1
1284,747082,226332,1408,1
1285,957508,290130,1408,1
1286,902698,273548,1408,1
1287,853764,258605,1408,1
1288,724206,219367,1408,1
1289,532276,161944,1408,1
1290,538860,163233,1408,1
1291,533240,161526,1408,1
1292,570958,172966,1408,1
1293,567342,171855,1408,1
1294,866156,262334,1408,1
1295,710966,215383,1408,1
1296,655932,198705,1408,1
1297,604654,183174,1408,1
1298,557018,168730,1408,1
1299,557140,168738,1408,1
1300,926896,280824,1408,1
1301,600016,181746,1408,1
1302,572000,173281,1408,1
1303,552340,167342,1408,1
1304,524030,158734,1408,1
1305,524896,159000,1408,1
1306,711734,215599,1408,1
1307,525572,159191,1408,1
1308,533640,161646,1408,1
1309,528966,160205,1408,1
1310,546804,165634,1408,1
1311,540880,163842,1408,1
1312,582618,176502,1408,1
1313,554012,167816,1408,1
1314,580104,175746,1408,1
1315,539392,163388,1408,1
1316,535240,162128,1408,1
1317,538424,163095,1408,1
1318,526018,159337,1408,1
1319,875170,265213,1408,1
1320,905422,274718,1408,1
1321,520994,157827,1408,1
1322,639118,193631,1408,1
1323,512312,155181,1408,1
1324,515426,156129,1408,1
1325,518544,157073,1408,1
1326,512854,155328,1408,1
1327,527776,159871,1408,1
1328,530336,160648,1408,1
1329,524502,158877,1408,1
1330,528828,160186,1408,1
1331,541730,164099,1408,1
1332,537376,162753,1408,1
1333,561512,170092,1408,1
1334,567240,171815,1408,1
1335,653112,197849,1408,1
1336,556824,168657,1408,1
1337,649256,196694,1408,1
1338,831586,251921,1408,1
1339,550260,166681,1408,1
1340,550480,166743,1408,1
1341,549646,166494,1408,1
1342,586200,177605,1408,1
1343,541814,164098,1408,1
1344,541516,164034,1408,1
1345,526696,159545,1408,1
1346,510824,154722,1408,1
1347,513258,155476,1408,1
1348,486242,147290,1408,1
1349,481626,145870,1408,1
1350,485880,147157,1408,1
1351,477462,144709,1408,1
1352,475234,143942,1408,1
1353,455780,138061,1408,1
1354,451680,136809,1408,1
1355,514966,155999,1408,1
1356,442038,133891,1408,1
1357,447112,135439,1408,1
1358,440498,133432,1408,1
1359,470876,142647,1408,1
1360,453524,137385,1408,1
1361,488132,147908,1408,1
1362,695936,210807,1408,1
1363,452964,137213,1408,1
1364,823370,249408,1408,1
1365,471808,142918,1408,1
1366,481656,145904,1408,1
1367,496162,150290,1408,1
1368,644818,195323,1408,1
1369,524338,158842,1408,1
1370,534038,161764,1408,1
1371,552258,167284,1408,1
1372,547796,165938,1408,1
1373,593784,179887,1408,1
1374,562048,170282,1408,1
1375,711356,215482,1408,1
1376,577042,174902,1408,1
1377,663182,200896,1408,1
1378,563338,170621,1408,1
1379,570688,172886,1408,1
1380,614922,186292,1408,1
1381,827382,250664,1408,1
1382,549054,166325,1408,1
1383,526858,159591,1408,1
1384,525418,159229,1408,1
1385,509920,154463,1408,1
1386,551268,167002,1408,1
1387,498222,150919,1408,1
1388,789660,239513,1408,1
1389,502046,152078,1408,1
1390,538846,163242,1408,1
1391,566634,171656,1408,1
1392,485226,146960,1408,1
1393,475622,144074,1408,1
1394,471994,142975,1408,1
1395,839690,254355,1408,1
1396,462720,140165,1408,1
1397,464156,140600,1408,1
1398,762904,231081,1408,1
1399,673494,204670,1408,1
1400,654909,198773,1408,1
1401,860098,260526,1408,1
1402,856876,259704,1408,1
1403,574906,174167,1408,1
1404,636028,192674,1408,1
1405,620132,187853,1408,1
1406,593006,179649,1408,1
1407,758590,229828,1408,1
1408,611922,185382,1408,1
1409,552732,167448,1408,1
1410,507104,153606,1408,1
1411,525398,159156,1408,1
1412,543304,164590,1408,1
1413,747986,226579,1408,1
1414,847498,256710,1408,1
1415,1023260,310028,1408,1
1416,879169,267269,1408,1
1417,842486,255185,1408,1
1418,807968,244745,1408,1
1419,801512,242815,1408,1
1420,516772,156571,1408,1
1421,515224,156083,1408,1
1422,1472025,446587,1408,1
1423,915678,277528,1408,1
1424,777230,235556,1408,1
1425,483882,146577,1408,1
1426,548772,166243,1408,1
1427,542310,164287,1408,1
1428,596124,180582,1408,1
1429,526140,159375,1408,1
1430,592042,179349,1408,1
1431,519914,157490,1408,1
1432,531544,161009,1408,1
1433,551404,167034,1408,1
1434,534720,161961,1408,1
1435,540630,163761,1408,1
1436,544696,164999,1408,1
1437,540752,163777,1408,1
1438,545460,165225,1408,1
1439,549534,166465,1408,1
1440,678586,205563,1408,1
1441,634164,192127,1408,1
1442,584014,176886,1408,1
1443,588758,178346,1408,1
1444,628804,190494,1408,1
1445,570498,172808,1408,1
1446,567602,171935,1408,1
1447,622086,188534,1408,1
1448,632362,191564,1408,1
1449,624778,189365,1408,1
1450,892476,270334,1408,1
1451,866040,262332,1408,1
1452,544540,164951,1408,1
1453,542134,164197,1408,1
1454,935242,283299,1408,1
1455,879342,266730,1408,1
1456,553386,167628,1408,1
1457,1071040,324497,1408,1
1458,591048,179061,1408,1
1459,553320,167609,1408,1
1460,676062,204797,1408,1
1461,549328,166397,1408,1
1462,551430,167037,1408,1
1463,999828,303983,1408,1
1464,551524,167064,1408,1
1465,561646,170120,1408,1
1466,987394,299080,1408,1
1467,996856,301943,1408,1
1468,988600,299439,1408,1
1469,603214,182722,1408,1
1470,602118,182386,1408,1
1471,941164,285328,1408,1
1472,896608,271608,1408,1
1473,800608,242554,1408,1
1474,966478,292747,1408,1
1475,901674,273176,1408,1
1476,968908,293514,1408,1
1477,985080,298373,1408,1
1478,1041981,317247,1408,1
1479,591606,179211,1408,1
1480,3181601,964854,1408,1
1481,1138172,344827,1408,1
1482,1209260,366872,1408,1
1483,927078,280849,1408,1
1484,868376,263062,1408,1
1485,883146,267611,1408,1
1486,921684,279190,1408,1
1487,630678,191079,1408,1
1488,567758,171981,1408,1
1489,997932,302368,1408,1
1490,615512,186466,1408,1
1491,697502,211433,1408,1
1492,836490,253391,1408,1
1493,616232,186685,1408,1
1494,972816,294677,1408,1
1495,949712,287744,1408,1
1496,688738,208700,1408,1
1497,1103927,334802,1408,1
1498,571920,173231,1408,1
1499,1010381,306415,1408,1
1500,917072,277760,1408,1
1501,864164,261764,1408,1
1502,864002,261720,1408,1
1503,578972,175489,1408,1
1504,732874,222026,1408,1
1505,554548,167982,1408,1
1506,578996,175410,1408,1
1507,552958,167494,1408,1
1508,810580,247365,1408,1
1509,810344,245468,1408,1
1510,587342,178010,1408,1
1511,619374,187633,1408,1
1512,606580,183759,1408,1
1513,532742,161375,1408,1
1514,605518,183514,1408,1
1515,893066,270515,1408,1
1516,725528,219972,1408,1
1517,1249760,379426,1408,1
1518,1104923,335415,1408,1
1519,1003190,304462,1408,1
1520,1053124,319010,1408,1
1521,1103560,334412,1408,1
1522,779330,236069,1408,1
1523,578240,175179,1408,1
1524,821599,249482,1408,1
1525,1114767,338367,1408,1
1526,766743,232734,1408,1
1527,910966,276266,1408,1
1528,793878,240682,1408,1
1529,633760,191985,1408,1
1530,636004,192713,1408,1
1531,548742,166218,1408,1
1532,774154,234543,1408,1
1533,585138,177262,1408,1
1534,908240,275197,1408,1
1535,1010600,306103,1408,1
1536,811476,245812,1408,1
1537,572604,173478,1408,1
1538,531074,160891,1408,1
1539,522428,158252,1408,1
1540,522886,158390,1408,1
1541,509648,154389,1408,1
1542,516382,156434,1408,1
1543,519088,157251,1408,1
1544,516360,156391,1408,1
1545,541340,163993,1408,1
1546,528334,160053,1408,1
1547,769261,233494,1408,1
1548,746622,226159,1408,1
1549,627330,190045,1408,1
1550,805301,244956,1408,1
1551,507228,153659,1408,1
1552,499196,151228,1408,1
1553,519020,157262,1408,1
1554,488786,148048,1408,1
1555,769688,233146,1408,1
1556,809708,245260,1408,1
1557,775900,235022,1408,1
1558,1000446,303345,1408,1
1559,1039054,315129,1408,1
1560,987542,299158,1408,1
1561,527632,159834,1408,1
1562,623530,188889,1408,1
1563,527078,159671,1408,1
1564,528194,159998,1408,1
1565,537162,162700,1408,1
1566,783930,237683,1408,1
1567,550494,167104,1408,1
1568,528540,160101,1408,1
1569,862380,262179,1408,1
1570,590442,178878,1408,1
1571,890074,269679,1408,1
1572,547924,165999,1408,1
1573,524476,158871,1408,1
1574,649972,196900,1408,1
1575,548108,166033,1408,1
1576,643192,194841,1408,1
1577,640594,194143,1408,1
1578,690464,209157,1408,1
1579,537770,162897,1408,1
1580,520590,157684,1408,1
1581,798766,242183,1408,1
1582,977692,296159,1408,1
1583,578048,175117,1408,1
1584,668484,202514,1408,1
1585,497896,150821,1408,1
1586,498220,150922,1408,1
1587,615768,186543,1408,1
1588,511142,154834,1408,1
1589,511586,154943,1408,1
1590,548628,166202,1408,1
1591,529704,160497,1408,1
1592,788802,238981,1408,1
1593,793836,240474,1408,1
1594,883390,267576,1408,1
1595,919904,278728,1408,1
1596,916678,277744,1408,1
1597,931192,282821,1408,1
1598,879554,266599,1408,1
1599,1706291,517761,1408,1
1600,1219891,369942,1408,1
1601,904682,274079,1408,1
1602,641696,194397,1408,1
1603,848366,257696,1408,1
1604,942632,285548,1408,1
1605,782562,237202,1408,1
1606,628220,190307,1408,1
1607,1047038,317510,1408,1
1608,711908,216753,1408,1
1609,612238,185458,1408,1
1610,1594548,483457,1408,1
1611,906038,274480,1408,1
1612,862208,261168,1408,1
1613,656006,198991,1408,1
1614,658600,199604,1408,1
1615,977346,296067,1408,1
1616,992842,300739,1408,1
1617,902958,273552,1408,1
1618,555088,168143,1408,1
1619,615406,186435,1408,1
1620,697532,211316,1408,1
1621,876574,265736,1408,1
1622,561546,170112,1408,1
1623,650114,196942,1408,1
1624,582970,176608,1408,1
1625,686686,208450,1408,1
1626,544318,164880,1408,1
1627,555012,168134,1408,1
1628,937096,283962,1408,1
1629,531876,161140,1408,1
1630,529542,160409,1408,1
1631,709776,215002,1408,1
1632,827932,250769,1408,1
1633,767142,232384,1408,1
1634,939238,284472,1408,1
1635,873002,264468,1408,1
1636,839382,254401,1408,1
1637,938874,284394,1408,1
1638,849548,257331,1408,1
1639,571932,173262,1408,1
1640,557140,168842,1408,1
1641,657116,199065,1408,1
1642,909870,275674,1408,1
1643,572128,173324,1408,1
1644,570222,172706,1408,1
1645,906816,275065,1408,1
1646,554370,167936,1408,1
1647,595794,180491,1408,1
1648,893832,270814,1408,1
1649,1028742,311693,1408,1
1650,571416,173088,1408,1
1651,946038,286664,1408,1
1652,700890,212315,1408,1
1653,565110,171176,1408,1
1654,594722,180147,1408,1
1655,822040,250102,1408,1
1656,569562,172552,1408,1
1657,563620,170726,1408,1
1658,563540,170707,1408,1
1659,754926,228802,1408,1
1660,571824,173210,1408,1
1661,726274,220068,1408,1
1662,550862,166865,1408,1
1663,552600,167377,1408,1
1664,880846,266822,1408,1
1665,1008352,305561,1408,1
1666,1075812,325872,1408,1
1667,944330,286358,1408,1
1668,926430,280683,1408,1
1669,1590285,482483,1408,1
1670,645618,195595,1408,1
1671,585072,177232,1408,1
1672,978516,296389,1408,1
1673,706700,214085,1408,1
1674,605776,183496,1408,1
1675,602750,182582,1408,1
1676,602194,182419,1408,1
1677,595682,180449,1408,1
1678,608536,184337,1408,1
1679,620016,187827,1408,1
1680,652872,197780,1408,1
1681,700604,212233,1408,1
1682,587652,178011,1408,1
1683,593492,179775,1408,1
1684,587072,177804,1408,1
1685,589820,178662,1408,1
1686,603590,182824,1408,1
1687,589632,178646,1408,1
1688,560016,169638,1408,1
1689,931272,282078,1408,1
1690,596984,180861,1408,1
1691,544624,164975,1408,1
1692,538048,162971,1408,1
1693,542096,164212,1408,1
1694,542900,164424,1408,1
1695,544776,165019,1408,1
1696,541882,164142,1408,1
1697,543418,164653,1408,1
1698,551196,166965,1408,1
1699,550626,166780,1408,1
1700,543466,164625,1408,1
1701,542084,164206,1408,1
1702,948834,287401,1408,1
1703,559826,169587,1408,1
1704,814432,247317,1408,1
1705,586958,177817,1408,1
1706,619832,187800,1408,1
1707,576338,174561,1408,1
1708,782362,237057,1408,1
1709,939508,284608,1408,1
1710,600614,182020,1408,1
1711,551064,166923,1408,1
1712,756854,229795,1408,1
1713,598008,181165,1408,1
1714,618998,187617,1408,1
1715,852440,258294,1408,1
1716,526574,159510,1408,1
1717,528040,159925,1408,1
1718,598450,181308,1408,1
1719,894854,271049,1408,1
1720,552766,167437,1408,1
1721,977950,297315,1408,1
1722,548170,166048,1408,1
1723,998340,302418,1408,1
1724,915736,277448,1408,1
1725,882306,267295,1408,1
1726,890220,269648,1408,1
1727,634880,192351,1408,1
1728,579454,175543,1408,1
1729,576368,174590,1408,1
1730,969026,293524,1408,1
1731,877080,265662,1408,1
1732,904358,273930,1408,1
1733,882490,267297,1408,1
1734,553998,167818,1408,1
1735,572914,173561,1408,1
1736,731378,221540,1408,1
1737,699442,211864,1408,1
1738,1197848,363144,1408,1
1739,1124840,340767,1408,1
1740,1231586,373796,1408,1
1741,916040,277524,1408,1
1742,858550,260085,1408,1
1743,961504,291654,1408,1
1744,628676,190463,1408,1
1745,570192,172721,1408,1
1746,652668,197722,1408,1
1747,619854,187817,1408,1
1748,619984,187889,1408,1
1749,569398,172481,1408,1
1750,566012,171455,1408,1
1751,589978,178733,1408,1
1752,891748,270130,1408,1
1753,554438,167947,1408,1
1754,542686,164370,1408,1
1755,541766,164105,1408,1
1756,712522,215844,1408,1
1757,597830,181138,1408,1
1758,853810,258626,1408,1
1759,849170,257465,1408,1
1760,887740,268902,1408,1
1761,644106,195117,1408,1
1762,568506,172205,1408,1
1763,567412,171893,1408,1
1764,561280,170007,1408,1
1765,1320124,399857,1408,1
1766,565558,171418,1408,1
1767,633274,191822,1408,1
1768,545484,165235,1408,1
1769,524574,158899,1408,1
1770,528320,160030,1408,1
1771,569976,172674,1408,1
1772,796178,241511,1408,1
1773,552928,167507,1408,1
1774,506220,153342,1408,1
1775,657608,199203,1408,1
1776,523204,158484,1408,1
1777,534208,161818,1408,1
1778,539404,163368,1408,1
1779,538608,163148,1408,1
1780,536562,162521,1408,1
1781,539858,163530,1408,1
1782,535234,162129,1408,1
1783,540622,163786,1408,1
1784,563472,170698,1408,1
1785,515934,156367,1408,1
1786,621874,188548,1408,1
1787,527046,159627,1408,1
1788,804912,244256,1408,1
1789,541042,163903,1408,1
1790,849756,257489,1408,1
1791,901914,273770,1408,1
1792,1490136,451895,1408,1
1793,1045367,320549,1408,1
1794,871328,263930,1408,1
1795,862462,261377,1408,1
1796,594712,180129,1408,1
1797,778886,235934,1408,1
1798,549654,166502,1408,1
1799,856226,259654,1408,1
1800,571362,173073,1408,1
1801,872522,264880,1408,1
1802,580038,175706,1408,1
1803,573230,173611,1408,1
1804,569656,172570,1408,1
1805,768126,232701,1408,1
1806,584058,176915,1408,1
1807,571686,173195,1408,1
1808,569810,172601,1408,1
1809,657934,199311,1408,1
1810,560778,169867,1408,1
1811,541218,163946,1408,1
1812,538792,163210,1408,1
1813,529000,160249,1408,1
1814,550072,166641,1408,1
1815,570660,172880,1408,1
1816,524536,158865,1408,1
1817,832372,252170,1408,1
1818,525970,159330,1408,1
1819,851558,257937,1408,1
1820,785074,237974,1408,1
1821,532872,161441,1408,1
1822,703622,213197,1408,1
1823,521178,157873,1408,1
1824,537748,162888,1408,1
1825,538612,163152,1408,1
1826,535272,162146,1408,1
1827,550744,166827,1408,1
1828,754010,228486,1408,1
1829,554248,167889,1408,1
1830,549780,166541,1408,1
1831,560752,169859,1408,1
1832,826684,250533,1408,1
1833,859458,260344,1408,1
1834,1058042,320478,1408,1
1835,959442,291059,1408,1
1836,1002808,303823,1408,1
1837,1005333,305378,1408,1
1838,970318,293907,1408,1
1839,687400,208234,1408,1
1840,1163880,352531,1408,1
1841,1160802,351583,1408,1
1842,1160396,351459,1408,1
1843,1268002,384051,1408,1
1844,1116092,338048,1408,1
1845,1037790,314331,1408,1
1846,851866,258053,1408,1
1847,914208,276926,1408,1
1848,582964,176589,1408,1
1849,893224,270851,1408,1
1850,977922,296212,1408,1
1851,2108761,639074,1408,1
1852,617244,186969,1408,1
1853,567186,171796,1408,1
1854,552126,167248,1408,1
1855,540528,163733,1408,1
1856,560032,169658,1408,1
1857,534910,162031,1408,1
1858,577204,174855,1408,1
1859,538646,163180,1408,1
1860,528518,160093,1408,1
1861,526808,159580,1408,1
1862,577708,175010,1408,1
1863,584254,176991,1408,1
1864,530412,160673,1408,1
1865,573814,173830,1408,1
1866,525674,159216,1408,1
1867,517188,156743,1408,1
1868,548140,166054,1408,1
1869,496870,150487,1408,1
1870,502016,152042,1408,1
1871,501186,151819,1408,1
1872,499262,151235,1408,1
1873,534336,161870,1408,1
1874,482760,146236,1408,1
1875,809394,245194,1408,1
1876,704814,215618,1408,1
1877,496968,150537,1408,1
1878,843484,255528,1408,1
1879,494232,149711,1408,1
1880,508548,154046,1408,1
1881,521696,158025,1408,1
1882,528302,160030,1408,1
1883,559184,169398,1408,1
1884,523744,158650,1408,1
1885,527854,159891,1408,1
1886,527116,159668,1408,1
1887,538166,163022,1408,1
1888,534354,161863,1408,1
1889,572368,173393,1408,1
1890,533698,161669,1408,1
1891,532962,161444,1408,1
1892,533526,161615,1408,1
1893,590080,178758,1408,1
1894,531996,161146,1408,1
1895,534332,161855,1408,1
1896,534592,161933,1408,1
1897,538058,162985,1408,1
1898,548474,166161,1408,1
1899,536252,162439,1408,1
1900,529288,160331,1408,1
1901,512004,155091,1408,1
1902,514448,155834,1408,1
1903,514012,155703,1408,1
1904,553550,167691,1408,1
1905,512652,155288,1408,1
1906,521344,157933,1408,1
1907,594128,179964,1408,1
1908,512954,155357,1408,1
1909,766152,232089,1408,1
1910,571592,173156,1408,1
1911,516352,156391,1408,1
1912,1198377,364269,1408,1
1913,908150,275275,1408,1
1914,984170,298107,1408,1
1915,888420,269121,1408,1
1916,910910,275923,1408,1
1917,882092,267235,1408,1
1918,876044,265348,1408,1
1919,914500,278003,1408,1
1920,655130,198457,1408,1
1921,728156,220573,1408,1
1922,525880,159299,1408,1
1923,532108,161156,1408,1
1924,535398,162195,1408,1
1925,533394,161562,1408,1
1926,739704,224088,1408,1
1927,538082,162995,1408,1
1928,829062,251163,1408,1
1929,575194,174256,1408,1
1930,533506,161607,1408,1
1931,537472,162804,1408,1
1932,538378,163081,1408,1
1933,538216,163035,1408,1
1934,894678,271216,1408,1
1935,541830,164126,1408,1
1936,523346,158546,1408,1
1937,509404,154292,1408,1
1938,518684,157116,1408,1
1939,510364,154595,1408,1
1940,540890,163856,1408,1
1941,767366,232466,1408,1
1942,601860,182323,1408,1
1943,766702,232449,1408,1
1944,528148,159961,1408,1
1945,497720,150756,1408,1
1946,827948,250787,1408,1
1947,548862,166280,1408,1
1948,507090,153606,1408,1
1949,508596,154061,1408,1
1950,506980,153566,1408,1
1951,506494,153425,1408,1
1952,545678,165305,1408,1
1953,483628,146500,1408,1
1954,495616,150129,1408,1
1955,498914,151139,1408,1
1956,497418,150675,1408,1
1957,514132,155713,1408,1
1958,529660,160442,1408,1
1959,614962,186293,1408,1
1960,541640,164086,1408,1
1961,570780,172914,1408,1
1962,537870,162931,1408,1
1963,535418,162182,1408,1
1964,532446,161285,1408,1
1965,549432,166432,1408,1
1966,575470,174340,1408,1
1967,527478,159779,1408,1
1968,522952,158407,1408,1
1969,525108,159062,1408,1
1970,513020,155405,1408,1
1971,512104,155127,1408,1
1972,502630,152254,1408,1
1973,497316,150644,1408,1
1974,558184,169098,1408,1
1975,484336,146734,1408,1
1976,472976,143247,1408,1
1977,472468,143104,1408,1
1978,476058,144203,1408,1
1979,848282,257526,1408,1
1980,628992,190531,1408,1
1981,486278,147300,1408,1
1982,473890,143553,1408,1
1983,470594,142550,1408,1
1984,526362,159455,1408,1
1985,759714,230126,1408,1
1986,451696,136825,1408,1
1987,451480,136737,1408,1
1988,631572,191331,1408,1
1989,449704,136220,1408,1
1990,571710,173187,1408,1
1991,656822,198965,1408,1
1992,643656,194991,1408,1
1993,592128,179356,1408,1
1994,554808,168073,1408,1
1995,541416,163975,1408,1
1996,600796,182001,1408,1
1997,524114,158748,1408,1
1998,555818,168361,1408,1
1999,875706,265393,1408,1
2000,821786,248926,1408,1
2001,963440,291836,1408,1
2002,931992,282354,1408,1
2003,971142,294188,1408,1
2004,820708,248610,1408,1
2005,613968,185993,1408,1
2006,847054,256720,1408,1
2007,919240,278571,1408,1
2008,566710,171645,1408,1
2009,616904,186885,1408,1
2010,567026,171845,1408,1
2011,567302,171845,1408,1
2012,567450,171891,1408,1
2013,571100,173011,1408,1
2014,627342,190036,1408,1
2015,564540,171008,1408,1
2016,870390,263645,1408,1
2017,805382,243961,1408,1
2018,688355,209148,1408,1
2019,1066309,323643,1408,1
2020,908036,275049,1408,1
2021,1060018,321407,1408,1
2022,895094,271140,1408,1
2023,779758,236218,1408,1
2024,837714,253864,1408,1
2025,781810,237143,1408,1
2026,826080,250275,1408,1
2027,561430,170081,1408,1
2028,535938,162354,1408,1
2029,539992,163574,1408,1
2030,521492,157972,1408,1
2031,566980,171910,1408,1
2032,520274,157618,1408,1
2033,511106,154837,1408,1
2034,807620,244634,1408,1
2035,551700,167147,1408,1
2036,510772,154735,1408,1
2037,510278,154580,1408,1
2038,522728,158420,1408,1
2039,537608,162852,1408,1
2040,552910,167482,1408,1
2041,564248,170920,1408,1
2042,567138,171784,1408,1
2043,625490,189489,1408,1
2044,630820,191111,1408,1
2045,584982,177218,1408,1
2046,907164,275043,1408,1
2047,857296,259735,1408,1
2048,917416,277899,1408,1
2049,920260,278763,1408,1
2050,863302,261510,1408,1
2051,1022176,309721,1408,1
2052,606050,183576,1408,1
2053,603182,182708,1408,1
2054,610018,184786,1408,1
2055,635642,192566,1408,1
2056,572818,173518,1408,1
2057,557582,168901,1408,1
2058,849805,259975,1408,1
2059,558712,169242,1408,1
2060,557010,168729,1408,1
2061,554054,167831,1408,1
2062,540972,163868,1408,1
2063,541824,164129,1408,1
2064,873294,264529,1408,1
2065,878552,266108,1408,1
2066,494914,149918,1408,1
2067,552934,167501,1408,1
2068,518506,157079,1408,1
2069,481056,145720,1408,1
2070,485922,147222,1408,1
2071,658292,199417,1408,1
2072,522848,158393,1408,1
2073,490018,148432,1408,1
2074,484832,146864,1408,1
2075,520624,157822,1408,1
2076,851232,257891,1408,1
2077,768088,233163,1408,1
2078,765202,232038,1408,1
2079,950290,288285,1408,1
2080,1135550,343949,1408,1
2081,517206,156667,1408,1
2082,819984,248454,1408,1
2083,791154,239661,1408,1
2084,581142,176055,1408,1
2085,576520,174644,1408,1
2086,576980,174775,1408,1
2087,614280,186070,1408,1
2088,698880,211716,1408,1
2089,627354,190035,1408,1
2090,1089088,330099,1408,1
2091,708936,214774,1408,1
2092,642480,194616,1408,1
2093,672422,203705,1408,1
2094,1084758,329019,1408,1
2095,1132413,343792,1408,1
2096,623930,189003,1408,1
2097,973090,294754,1408,1
2098,1017310,308160,1408,1
2099,951994,288509,1408,1
2100,1307506,396153,1408,1
2101,1030374,312842,1408,1
2102,957398,289992,1408,1
2103,905444,274271,1408,1
2104,896104,271440,1408,1
2105,1857459,563997,1408,1
2106,873244,264540,1408,1
2107,1134848,343936,1408,1
2108,913684,276796,1408,1
2109,963506,291847,1408,1
2110,707132,214646,1408,1
2111,570196,172727,1408,1
2112,665672,201654,1408,1
2113,1126706,341544,1408,1
2114,1054265,319858,1408,1
2115,923682,280281,1408,1
2116,2579540,781572,1408,1
2117,872772,264854,1408,1
2118,848634,257172,1408,1
2119,749446,227191,1408,1
2120,912166,276295,1408,1
2121,692691,210387,1408,1
2122,621138,188166,1408,1
2123,869302,263397,1408,1
2124,575192,174256,1408,1
2125,929090,281534,1408,1
2126,832048,252127,1408,1
2127,852214,258233,1408,1
2128,566888,171719,1408,1
2129,543132,164526,1408,1
2130,650180,196961,1408,1
2131,541944,164169,1408,1
2132,706110,213933,1408,1
2133,545064,165109,1408,1
2134,690382,209138,1408,1
2135,552946,167501,1408,1
2136,1009334,305740,1408,1
2137,840320,254579,1408,1
2138,543936,164762,1408,1
2139,545320,165179,1408,1
2140,542464,164323,1408,1
2141,859518,260373,1408,1
2142,810828,246063,1408,1
2143,568968,172348,1408,1
2144,565158,171194,1408,1
2145,556356,168528,1408,1
2146,905036,274166,1408,1
2147,553290,167604,1408,1
2148,855608,259179,1408,1
2149,1033919,313516,1408,1
2150,688292,208516,1408,1
2151,539860,163536,1408,1
2152,568212,172125,1408,1
2153,635270,192456,1408,1
2154,596358,180672,1408,1
2155,890888,269847,1408,1
2156,604068,183001,1408,1
2157,870268,263595,1408,1
2158,541584,164076,1408,1
2159,684604,208009,1408,1
2160,905810,274395,1408,1
2161,618940,187504,1408,1
2162,731630,221706,1408,1
2163,836226,253306,1408,1
2164,781202,236681,1408,1
2165,531164,160897,1408,1
2166,717794,217495,1408,1
2167,537918,162943,1408,1
2168,845014,255988,1408,1
2169,923895,280381,1408,1
2170,920334,278775,1408,1
2171,888752,269266,1408,1
2172,867228,262754,1408,1
2173,832928,252306,1408,1
2174,535556,162232,1408,1
2175,818236,248199,1408,1
2176,1005368,304835,1408,1
2177,599558,181629,1408,1
2178,583560,176794,1408,1
2179,911896,276230,1408,1
2180,880038,266564,1408,1
2181,753980,228528,1408,1
2182,892298,270437,1408,1
2183,658116,199365,1408,1
2184,569896,172613,1408,1
2185,634782,192319,1408,1
2186,571870,173225,1408,1
2187,569832,172609,1408,1
2188,1197490,363508,1408,1
2189,659622,199821,1408,1
2190,730434,221272,1408,1
2191,569306,172454,1408,1
2192,566674,171654,1408,1
2193,617502,187066,1408,1
2194,596770,180787,1408,1
2195,556094,168543,1408,1
2196,572400,173417,1408,1
2197,836566,253566,1408,1
2198,866548,262470,1408,1
2199,552244,167296,1408,1
2200,651218,197273,1408,1
2201,894396,271089,1408,1
2202,687756,208343,1408,1
2203,569814,172600,1408,1
2204,691986,209668,1408,1
2205,542606,164364,1408,1
2206,879210,266419,1408,1
2207,858758,260342,1408,1
2208,849698,257538,1408,1
2209,620380,187940,1408,1
2210,559512,169505,1408,1
2211,598966,181448,1408,1
2212,842684,255264,1408,1
2213,801922,242916,1408,1
2214,821948,248972,1408,1
2215,508698,154093,1408,1
2216,794902,240816,1408,1
2217,802794,243193,1408,1
2218,593004,179659,1408,1
2219,1199346,363802,1408,1
2220,698654,211632,1408,1
2221,903590,274573,1408,1
2222,624670,189233,1408,1
2223,674744,204421,1408,1
2224,725748,219846,1408,1
2225,542744,164401,1408,1
2226,791402,239714,1408,1
2227,911202,276009,1408,1
2228,832336,252115,1408,1
2229,569068,172393,1408,1
2230,633780,192062,1408,1
2231,634544,192564,1408,1
2232,553436,167671,1408,1
2233,854018,258682,1408,1
2234,532270,161239,1408,1
2235,602976,182624,1408,1
2236,626620,189823,1408,1
2237,524986,159013,1408,1
2238,741135,225382,1408,1
2239,854977,259825,1408,1
2240,524508,158881,1408,1
2241,530202,160602,1408,1
2242,842532,255414,1408,1
2243,1309224,396915,1408,1
2244,819186,248141,1408,1
2245,712686,215888,1408,1
2246,928580,281735,1408,1
2247,886014,268374,1408,1
2248,825858,250154,1408,1
2249,992146,300532,1408,1
2250,1087104,329435,1408,1
2251,638660,193430,1408,1
2252,1324050,401022,1408,1
2253,629882,190800,1408,1
2254,659984,199936,1408,1
2255,765518,231904,1408,1
2256,905618,274323,1408,1
2257,660526,200103,1408,1
2258,962206,291463,1408,1
2259,3132952,949235,1408,1
2260,611306,185280,1408,1
2261,598914,181425,1408,1
2262,698703,211970,1408,1
2263,984225,298478,1408,1
2264,1081368,327983,1408,1
2265,605938,183551,1408,1
2266,643082,194817,1408,1
2267,616774,186844,1408,1
2268,660552,200103,1408,1
2269,630494,191002,1408,1
2270,1375846,416724,1408,1
2271,832416,252149,1408,1
2272,729106,220885,1408,1
2273,565784,171384,1408,1
2274,668184,202411,1408,1
2275,558014,169039,1408,1
2276,936362,283629,1408,1
2277,940100,285553,1408,1
2278,565342,171264,1408,1
2279,520232,157590,1408,1
2280,502488,152210,1408,1
2281,495668,150121,1408,1
2282,496940,150530,1408,1
2283,495570,150117,1408,1
2284,500646,151656,1408,1
2285,504624,152838,1408,1
2286,501424,151892,1408,1
2287,499426,151284,1408,1
2288,513888,155652,1408,1
2289,683770,207130,1408,1
2290,588698,178348,1408,1
2291,511196,154851,1408,1
2292,538702,163185,1408,1
2293,619188,187574,1408,1
2294,548530,166158,1408,1
2295,550468,166745,1408,1
2296,940710,284943,1408,1
2297,874372,264878,1408,1
2298,928184,281153,1408,1
2299,592626,179529,1408,1
2300,612924,185699,1408,1
2301,602660,182570,1408,1
2302,561340,170037,1408,1
2303,580434,175839,1408,1
2304,542698,164366,1408,1
2305,539510,163413,1408,1
2306,542546,164346,1408,1
2307,540386,163691,1408,1
2308,542174,164219,1408,1
2309,541722,164093,1408,1
2310,540892,163845,1408,1
2311,629134,190586,1408,1
2312,535056,162049,1408,1
2313,567868,172027,1408,1
2314,559670,169534,1408,1
2315,552204,167270,1408,1
2316,550988,166902,1408,1
2317,555188,168177,1408,1
2318,540946,163862,1408,1
2319,577498,174955,1408,1
2320,794556,240741,1408,1
2321,661702,200450,1408,1
2322,867618,262871,1408,1
2323,577218,174887,1408,1
2324,554252,167875,1408,1
2325,925188,280255,1408,1
2326,950496,287940,1408,1
2327,849780,257586,1408,1
2328,730032,221162,1408,1
2329,895050,271157,1408,1
2330,796608,241326,1408,1
2331,835668,253128,1408,1
2332,580762,175963,1408,1
2333,583940,176900,1408,1
2334,591936,179298,1408,1
2335,867874,262908,1408,1
2336,849416,257655,1408,1
2337,702422,212784,1408,1
2338,837053,254165,1408,1
2339,902616,273488,1408,1
2340,538198,163033,1408,1
2341,550176,166656,1408,1
2342,548422,166125,1408,1
2343,640096,193909,1408,1
2344,564446,170975,1408,1
2345,896636,271730,1408,1
2346,1047534,318144,1408,1
2347,1364940,413951,1408,1
2348,904182,273890,1408,1
2349,976998,296084,1408,1
2350,979536,296711,1408,1
2351,1020052,308966,1408,1
2352,1088892,329826,1408,1
2353,1035316,313593,1408,1
2354,1000980,303227,1408,1
2355,913030,276802,1408,1
2356,665808,201702,1408,1
2357,641140,194233,1408,1
2358,1331902,403794,1408,1
2359,604288,183054,1408,1
2360,602346,182453,1408,1
2361,584508,177052,1408,1
2362,583036,176614,1408,1
2363,721158,218551,1408,1
2364,585032,177219,1408,1
2365,585268,177285,1408,1
2366,584794,177129,1408,1
2367,1154074,349552,1408,1
2368,1203020,364382,1408,1
2369,952248,288462,1408,1
2370,625436,189471,1408,1
2371,564946,171129,1408,1
2372,568174,172105,1408,1
2373,566694,171657,1408,1
2374,736990,223256,1408,1
2375,559542,169491,1408,1
2376,876678,265588,1408,1
2377,540924,164003,1408,1
2378,525480,159182,1408,1
2379,527238,159707,1408,1
2380,520210,157577,1408,1
2381,546348,165492,1408,1
2382,523240,158495,1408,1
2383,795374,241112,1408,1
2384,743008,225073,1408,1
2385,497026,150581,1408,1
2386,497220,150608,1408,1
2387,498368,150963,1408,1
2388,827417,251046,1408,1
2389,826340,250303,1408,1
2390,861540,260957,1408,1
2391,522728,158341,1408,1
2392,558448,169181,1408,1
2393,554202,167877,1408,1
2394,550752,166802,1408,1
2395,837084,253627,1408,1
2396,739522,224013,1408,1
2397,515880,156262,1408,1
2398,832624,252299,1408,1
2399,974056,295246,1408,1
2400,907634,274930,1408,1
2401,855632,259214,1408,1
2402,868232,263002,1408,1
2403,833530,252519,1408,1
2404,630358,190998,1408,1
2405,822944,249303,1408,1
2406,531338,160965,1408,1
2407,519032,157197,1408,1
2408,831782,251940,1408,1
2409,546742,165612,1408,1
2410,843994,255656,1408,1
2411,705868,213817,1408,1
2412,537482,162814,1408,1
2413,551802,167165,1408,1
2414,812466,246166,1408,1
2415,552954,167500,1408,1
2416,621278,188210,1408,1
2417,802752,243454,1408,1
2418,856800,259525,1408,1
2419,929326,281644,1408,1
2420,808018,245069,1408,1
2421,988954,299783,1408,1
2422,551098,166932,1408,1
2423,542504,164356,1408,1
2424,1239657,376574,1408,1
2425,719374,218082,1408,1
2426,540658,163773,1408,1
2427,533728,161672,1408,1
2428,568218,172135,1408,1
2429,568820,172303,1408,1
2430,662788,200781,1408,1
2431,771604,233751,1408,1
2432,755072,228857,1408,1
2433,560090,169660,1408,1
2434,556692,168619,1408,1
2435,747326,226694,1408,1
2436,1057610,320943,1408,1
2437,694686,210433,1408,1
2438,585336,177300,1408,1
2439,620384,187938,1408,1
2440,567064,171758,1408,1
2441,584002,176898,1408,1
2442,583226,176673,1408,1
2443,620124,187858,1408,1
2444,569828,172596,1408,1
2445,584918,177184,1408,1
2446,582000,176296,1408,1
2447,610862,185051,1408,1
2448,621506,188279,1408,1
2449,584900,177176,1408,1
2450,575166,174227,1408,1
2451,606538,183742,1408,1
2452,619546,187689,1408,1
2453,645954,195694,1408,1
2454,600272,181828,1408,1
2455,574210,173949,1408,1
2456,552644,167403,1408,1
2457,546252,165468,1408,1
2458,600176,181809,1408,1
2459,910490,275786,1408,1
2460,654532,198290,1408,1
2461,536280,162422,1408,1
2462,688828,208958,1408,1
2463,522740,158341,1408,1
2464,606486,183722,1408,1
2465,768228,233162,1408,1
2466,580920,175946,1408,1
2467,550398,166722,1408,1
2468,545228,165157,1408,1
2469,545138,165129,1408,1
2470,773718,234380,1408,1
2471,529954,160530,1408,1
2472,518766,157147,1408,1
2473,511602,154975,1408,1
2474,524566,158904,1408,1
2475,521706,158029,1408,1
2476,522346,158230,1408,1
2477,867720,262852,1408,1
2478,854462,258822,1408,1
2479,867474,262761,1408,1
2480,498048,150865,1408,1
2481,494952,149928,1408,1
2482,513542,155573,1408,1
2483,774614,234631,1408,1
2484,495032,149949,1408,1
2485,491910,149004,1408,1
2486,687404,208254,1408,1
2487,527508,159799,1408,1
2488,505518,153143,1408,1
2489,479486,145252,1408,1
2490,475190,143940,1408,1
2491,812028,245997,1408,1
2492,742896,225108,1408,1
2493,813060,246287,1408,1
2494,523156,158472,1408,1
2495,914461,286912,1408,1
2496,523036,158433,1408,1
2497,616306,186700,1408,1
2498,521838,158069,1408,1
2499,585944,177493,1408,1
2500,753248,228169,1408,1
2501,538734,163190,1408,1
2502,537706,162876,1408,1
2503,578110,175137,1408,1
2504,877776,265883,1408,1
2505,893830,270747,1408,1
2506,639740,193806,1408,1
2507,579188,175442,1408,1
2508,606530,183736,1408,1
2509,570164,172692,1408,1
2510,923188,279660,1408,1
2511,632984,191757,1408,1
2512,895768,271387,1408,1
2513,568484,172205,1408,1
2514,570544,172824,1408,1
2515,568124,172247,1408,1
2516,560030,169638,1408,1
2517,663212,200911,1408,1
2518,566842,171679,1408,1
2519,571814,173217,1408,1
2520,573624,173759,1408,1
2521,576520,174648,1408,1
2522,571686,173160,1408,1
2523,607998,184188,1408,1
2524,571928,173246,1408,1
2525,636756,192901,1408,1
2526,574594,174026,1408,1
2527,573052,173588,1408,1
2528,590628,178912,1408,1
2529,590744,178946,1408,1
2530,611532,185262,1408,1
2531,574164,173921,1408,1
2532,1070462,324248,1408,1
2533,1274854,386124,1408,1
2534,555486,168262,1408,1
2535,636520,192827,1408,1
2536,543188,164513,1408,1
2537,542372,164293,1408,1
2538,543262,164633,1408,1
2539,624036,189102,1408,1
2540,549394,166530,1408,1
2541,557776,168947,1408,1
2542,660776,200169,1408,1
2543,543286,164569,1408,1
2544,574528,174033,1408,1
2545,978726,296440,1408,1
2546,545500,165238,1408,1
2547,527216,159707,1408,1
2548,522068,158131,1408,1
2549,540590,163776,1408,1
2550,513612,155559,1408,1
2551,517462,156748,1408,1
2552,761178,231355,1408,1
2553,1157668,351128,1408,1
2554,526396,159449,1408,1
2555,841330,254849,1408,1
2556,513274,155475,1408,1
2557,540626,163780,1408,1
2558,517874,156869,1408,1
2559,512054,155098,1408,1
2560,501118,151798,1408,1
2561,498316,150947,1408,1
2562,527358,159758,1408,1
2563,526804,159595,1408,1
2564,499644,151349,1408,1
2565,500054,151474,1408,1
2566,500276,151541,1408,1
2567,657770,199251,1408,1
2568,602530,182521,1408,1
2569,613624,185879,1408,1
2570,485432,147035,1408,1
2571,529488,160441,1408,1
2572,580630,175888,1408,1
2573,816782,247712,1408,1
2574,811924,245937,1408,1
2575,789224,239107,1408,1
2576,821922,249082,1408,1
2577,793270,240286,1408,1
2578,961256,291407,1408,1
2579,2143056,649834,1408,1
2580,823160,249370,1408,1
2581,591802,179281,1408,1
2582,559134,169375,1408,1
2583,1039245,315254,1408,1
2584,589290,178504,1408,1
2585,584948,177185,1408,1
2586,584536,177062,1408,1
2587,628794,190510,1408,1
2588,556198,168477,1408,1
2589,591046,179056,1408,1
2590,564900,171120,1408,1
2591,834790,252891,1408,1
2592,753326,228194,1408,1
2593,866804,262827,1408,1
2594,802374,243450,1408,1
2595,570422,172785,1408,1
2596,582000,176300,1408,1
2597,583556,176814,1408,1
2598,580108,175726,1408,1
2599,746940,226262,1408,1
2600,583628,176789,1408,1
2601,573884,173836,1408,1
2602,570508,172816,1408,1
2603,589442,178550,1408,1
2604,589254,178496,1408,1
2605,587818,178045,1408,1
2606,721464,218549,1408,1
2607,1571584,476197,1408,1
2608,595842,180486,1408,1
2609,930868,282662,1408,1
2610,957946,290155,1408,1
2611,1021078,309309,1408,1
2612,1019963,309584,1408,1
2613,1139894,345635,1408,1
2614,982302,297664,1408,1
2615,974134,295207,1408,1
2616,570556,172917,1408,1
2617,571858,173219,1408,1
2618,622732,188661,1408,1
2619,603720,182890,1408,1
2620,555496,168278,1408,1
2621,540250,163635,1408,1
2622,771106,233640,1408,1
2623,738900,223815,1408,1
2624,591894,179304,1408,1
2625,577962,175092,1408,1
2626,592226,179422,1408,1
2627,548120,166264,1408,1
2628,687130,208148,1408,1
2629,583106,176640,1408,1
2630,3456117,1047851,1408,1
2631,726910,220210,1408,1
2632,589390,178554,1408,1
2633,534310,161852,1408,1
2634,521938,158104,1408,1
2635,526536,159497,1408,1
2636,819892,248368,1408,1
2637,527072,159656,1408,1
2638,560394,169770,1408,1
2639,523824,158677,1408,1
2640,526616,159495,1408,1
2641,561076,169984,1408,1
2642,1074759,325989,1408,1
2643,610634,185031,1408,1
2644,514068,155704,1408,1
2645,521104,157885,1408,1
2646,550758,166847,1408,1
2647,510008,154477,1408,1
2648,528332,160035,1408,1
2649,525398,159125,1408,1
2650,530332,160741,1408,1
2651,524318,158823,1408,1
2652,562222,170313,1408,1
2653,874912,265170,1408,1
2654,554944,168093,1408,1
2655,607778,184110,1408,1
2656,561728,170154,1408,1
2657,721600,218626,1408,1
2658,705730,213783,1408,1
2659,940316,284898,1408,1
2660,1002492,303737,1408,1
2661,925452,280820,1408,1
2662,883632,267737,1408,1
2663,927382,280922,1408,1
2664,651140,197275,1408,1
2665,591518,179176,1408,1
2666,587580,177985,1408,1
2667,805460,244057,1408,1
2668,587498,177978,1408,1
2669,569018,172347,1408,1
2670,683618,207089,1408,1
2671,954600,289146,1408,1
2672,565606,171326,1408,1
2673,579640,175597,1408,1
2674,632548,191623,1408,1
2675,580968,176000,1408,1
2676,540344,163683,1408,1
2677,539800,163487,1408,1
2678,540386,163694,1408,1
2679,537172,162720,1408,1
2680,543286,164568,1408,1
2681,556670,168627,1408,1
2682,593888,179912,1408,1
2683,557974,168992,1408,1
2684,565000,171172,1408,1
2685,557588,168906,1408,1
2686,554838,168073,1408,1
2687,549876,166538,1408,1
2688,574174,173942,1408,1
2689,548924,166277,1408,1
2690,549946,166588,1408,1
2691,566768,171682,1408,1
2692,552056,167225,1408,1
2693,557878,168983,1408,1
2694,555320,168201,1408,1
2695,828196,251039,1408,1
2696,841378,254909,1408,1
2697,862662,261432,1408,1
2698,870534,264026,1408,1
2699,891542,270355,1408,1
2700,497690,150758,1408,1
2701,620782,188455,1408,1
2702,557572,168989,1408,1
2703,720478,218303,1408,1
2704,750274,227859,1408,1
2705,765182,232069,1408,1
2706,522928,158412,1408,1
2707,794848,240755,1408,1
2708,799788,242255,1408,1
2709,582476,176442,1408,1
2710,510708,154705,1408,1
2711,875914,265322,1408,1
2712,526726,159559,1408,1
2713,522600,158305,1408,1
2714,515014,156006,1408,1
2715,499382,151246,1408,1
2716,496724,150465,1408,1
2717,538588,163123,1408,1
2718,555608,168309,1408,1
2719,545918,166070,1408,1
2720,575112,174225,1408,1
2721,581132,176023,1408,1
2722,900296,272958,1408,1
2723,552390,167330,1408,1
2724,545972,165382,1408,1
2725,622834,188677,1408,1
2726,588436,178260,1408,1
2727,740046,224814,1408,1
2728,542184,164261,1408,1
2729,696724,211064,1408,1
2730,821780,248929,1408,1
2731,524870,159001,1408,1
2732,515910,156281,1408,1
2733,663958,201131,1408,1
2734,499904,151428,1408,1
2735,510096,154527,1408,1
2736,882224,267302,1408,1
2737,996124,301722,1408,1
2738,624610,189281,1408,1
2739,637532,193127,1408,1
2740,567900,172021,1408,1
2741,602782,182616,1408,1
2742,752960,228151,1408,1
2743,1035592,314005,1408,1
2744,1334292,404986,1408,1
2745,854242,258811,1408,1
2746,904612,274037,1408,1
2747,906504,274591,1408,1
2748,653696,198031,1408,1
2749,609042,184507,1408,1
2750,628330,190348,1408,1
2751,568708,172266,1408,1
2752,608606,184374,1408,1
2753,561656,170132,1408,1
2754,558236,169163,1408,1
2755,633956,192169,1408,1
2756,780050,236289,1408,1
2757,856806,259621,1408,1
2758,803602,243422,1408,1
2759,822226,249641,1408,1
2760,550884,166891,1408,1
2761,560158,169696,1408,1
2762,548200,166030,1408,1
2763,542216,164242,1408,1
2764,566528,171627,1408,1
2765,570936,172951,1408,1
2766,778448,236242,1408,1
2767,738042,223571,1408,1
2768,566138,171488,1408,1
2769,570036,172671,1408,1
2770,712000,215987,1408,1
2771,637734,193199,1408,1
2772,575910,174432,1408,1
2773,729260,220914,1408,1
2774,1345050,407822,1408,1
2775,1103568,334457,1408,1
2776,907542,274972,1408,1
2777,887492,269339,1408,1
2778,642866,194751,1408,1
2779,1039358,314893,1408,1
2780,1350963,409566,1408,1
2781,585406,177335,1408,1
2782,583428,176725,1408,1
2783,705900,213847,1408,1
2784,1009205,306071,1408,1
2785,1015148,307489,1408,1
2786,568830,172308,1408,1
2787,748304,226905,1408,1
2788,659178,199687,1408,1
2789,729460,221027,1408,1
2790,830448,251668,1408,1
2791,9289398,2813810,1408,1
2792,659684,199840,1408,1
2793,552150,167265,1408,1
2794,551764,167137,1408,1
2795,553448,167659,1408,1
2796,552558,167374,1408,1
2797,594186,180010,1408,1
2798,865848,262343,1408,1
2799,850988,257865,1408,1
2800,559654,169525,1408,1
2801,930074,281892,1408,1
2802,1411864,427942,1408,1
2803,1042796,315855,1408,1
2804,844386,255896,1408,1
2805,824450,249724,1408,1
2806,1018398,308487,1408,1
2807,1021610,309491,1408,1
2808,1008298,305508,1408,1
2809,1006976,305080,1408,1
2810,1105060,334730,1408,1
2811,1167432,353780,1408,1
2812,674148,204229,1408,1
2813,770386,233375,1408,1
2814,701766,212587,1408,1
2815,633760,191980,1408,1
2816,845422,256193,1408,1
2817,601530,182220,1408,1
2818,579370,175502,1408,1
2819,642884,194753,1408,1
2820,973354,294840,1408,1
2821,929244,281470,1408,1
2822,658160,199378,1408,1
2823,575618,174366,1408,1
2824,994239,301519,1408,1
2825,4750774,1442964,1408,1
2826,802546,243508,1408,1
2827,931674,282204,1408,1
2828,913202,276705,1408,1
2829,841152,254801,1408,1
2830,552288,167297,1408,1
2831,712536,216313,1408,1
2832,704282,213339,1408,1
2833,628932,190513,1408,1
2834,827066,250625,1408,1
2835,693248,210004,1408,1
2836,634680,192335,1408,1
2837,866978,262848,1408,1
2838,729496,221175,1408,1
2839,847466,256695,1408,1
2840,849626,257456,1408,1
2841,1003820,305042,1408,1
2842,1042202,315872,1408,1
2843,729204,220910,1408,1
2844,568526,172202,1408,1
2845,559726,169546,1408,1
2846,558710,169217,1408,1
2847,677396,205202,1408,1
2848,845288,256061,1408,1
2849,948602,287537,1408,1
2850,867998,262988,1408,1
2851,882990,267521,1408,1
2852,912184,276430,1408,1
2853,822298,249106,1408,1
2854,763927,231726,1408,1
2855,512582,155297,1408,1
2856,502786,152277,1408,1
2857,721800,218643,1408,1
2858,911442,276086,1408,1
2859,845408,256074,1408,1
2860,766728,232223,1408,1
2861,761026,230695,1408,1
2862,512420,155223,1408,1
2863,523092,158456,1408,1
2864,618136,187250,1408,1
2865,846308,256393,1408,1
2866,547128,165747,1408,1
2867,523058,158442,1408,1
2868,549034,166324,1408,1
2869,510268,154567,1408,1
2870,569812,172622,1408,1
2871,522068,158146,1408,1
2872,542104,164197,1408,1
2873,545670,165289,1408,1
2874,997436,302366,1408,1
2875,882986,267521,1408,1
2876,960176,291146,1408,1
2877,1667908,505535,1408,1
2878,808244,244821,1408,1
2879,934984,283414,1408,1
2880,852430,258226,1408,1
2881,883952,267817,1408,1
2882,743500,225221,1408,1
2883,689083,209084,1408,1
2884,566822,171698,1408,1
2885,570468,172801,1408,1
2886,730228,221220,1408,1
2887,635076,192392,1408,1
2888,570836,172914,1408,1
2889,943268,286168,1408,1
2890,615140,186355,1408,1
2891,851072,257894,1408,1
2892,856156,259802,1408,1
2893,649216,196679,1408,1
2894,4955954,1502378,1408,1
2895,906188,274505,1408,1
2896,592346,179460,1408,1
2897,872336,264260,1408,1
2898,833972,252630,1408,1
2899,850402,257636,1408,1
2900,1005846,304677,1408,1
2901,1289799,391052,1408,1
2902,1983273,601123,1408,1
2903,853982,258691,1408,1
2904,793538,240448,1408,1
2905,559664,169531,1408,1
2906,918044,278674,1408,1
2907,915002,277163,1408,1
2908,908132,275063,1408,1
2909,792564,240080,1408,1
2910,925270,280256,1408,1
2911,601736,182288,1408,1
2912,590730,178959,1408,1
2913,561358,170047,1408,1
2914,558414,169148,1408,1
2915,595858,180511,1408,1
2916,560660,169827,1408,1
2917,557764,168955,1408,1
2918,585328,177320,1408,1
2919,543096,164497,1408,1
2920,756856,229332,1408,1
2921,779984,236328,1408,1
2922,607708,184099,1408,1
2923,529180,160296,1408,1
2924,985658,299369,1408,1
2925,519816,157460,1408,1
2926,523558,158590,1408,1
2927,524948,159010,1408,1
2928,541528,164056,1408,1
2929,517134,156647,1408,1
2930,663402,200970,1408,1
2931,966022,292592,1408,1
2932,613454,185855,1408,1
2933,528538,160100,1408,1
2934,534300,161849,1408,1
2935,574608,174077,1408,1
2936,536818,162627,1408,1
2937,657060,199042,1408,1
2938,521108,157867,1408,1
2939,498328,150953,1408,1
2940,791514,239764,1408,1
2941,668400,202490,1408,1
2942,814156,246636,1408,1
2943,786878,238387,1408,1
2944,714420,216697,1408,1
2945,826984,250587,1408,1
2946,831682,252466,1408,1
2947,780492,236600,1408,1
2948,965870,292937,1408,1
2949,9528830,2888152,1408,1
2950,643460,194936,1408,1
2951,569216,172435,1408,1
2952,557692,168928,1408,1
2953,559812,169575,1408,1
2954,556680,168599,1408,1
2955,815956,248183,1408,1
2956,580262,175773,1408,1
2957,873466,264673,1408,1
2958,584956,177192,1408,1
2959,775154,234833,1408,1
2960,945502,286648,1408,1
2961,584178,176964,1408,1
2962,569518,172514,1408,1
2963,631616,191337,1408,1
2964,568280,172140,1408,1
2965,671778,203498,1408,1
2966,556424,168547,1408,1
2967,540536,163740,1408,1
2968,541026,163885,1408,1
2969,610646,184989,1408,1
2970,516056,156324,1408,1
2971,499112,151188,1408,1
2972,532716,161346,1408,1
2973,545696,165321,1408,1
2974,503068,152385,1408,1
2975,733678,222247,1408,1
2976,1794794,545091,1408,1
2977,535898,162347,1408,1
2978,762678,231127,1408,1
2979,727706,220453,1408,1
2980,615972,186593,1408,1
2981,480060,145418,1408,1
2982,499496,151284,1408,1
2983,530960,160857,1408,1
2984,612192,185449,1408,1
2985,472760,143206,1408,1
2986,524282,158822,1408,1
2987,496470,150404,1408,1
2988,1543394,468445,1408,1
2989,715984,216920,1408,1
2990,723914,219276,1408,1
2991,528078,159979,1408,1
2992,640960,194159,1408,1
2993,836478,253392,1408,1
2994,631504,191306,1408,1
2995,574636,174078,1408,1
2996,702244,212731,1408,1
2997,567770,171989,1408,1
2998,590120,178753,1408,1
2999,585040,177220,1408,1
3000,1010090,305973,1408,1
3001,1125182,340829,1408,1
3002,604242,183035,1408,1
3003,805078,243904,1408,1
3004,867488,263199,1408,1
3005,800716,242596,1408,1
3006,930624,281925,1408,1
3007,905812,274380,1408,1
3008,920332,278918,1408,1
3009,841430,255206,1408,1
3010,856546,259449,1408,1
3011,922062,279643,1408,1
3012,837466,253683,1408,1
3013,667004,202058,1408,1
3014,950388,287880,1408,1
3015,762238,231082,1408,1
3016,603432,182802,1408,1
3017,708394,214586,1408,1
3018,2686684,814584,1408,1
3019,828658,251011,1408,1
3020,867166,262680,1408,1
3021,973616,295277,1408,1
3022,845048,256190,1408,1
3023,894676,271318,1408,1
3024,1038256,314502,1408,1
3025,948016,287300,1408,1
3026,928476,281949,1408,1
3027,859366,260361,1408,1
3028,820830,248635,1408,1
3029,911338,276113,1408,1
3030,570910,172939,1408,1
3031,572654,173465,1408,1
3032,1044360,316347,1408,1
3033,905242,274201,1408,1
3034,1088723,330399,1408,1
3035,638358,193385,1408,1
3036,588614,178381,1408,1
3037,638300,193381,1408,1
3038,1019726,308987,1408,1
3039,568372,172167,1408,1
3040,567174,171804,1408,1
3041,567932,172041,1408,1
3042,943922,286060,1408,1
3043,847236,257256,1408,1
3044,1927318,584583,1408,1
3045,832550,252179,1408,1
3046,563568,170770,1408,1
3047,748372,226683,1408,1
3048,842594,255224,1408,1
3049,688522,208588,1408,1
3050,533244,161520,1408,1
3051,717648,217421,1408,1
3052,899972,272616,1408,1
3053,958136,290240,1408,1
3054,712480,215879,1408,1
3055,532650,161362,1408,1
3056,687956,208395,1408,1
3057,520452,157740,1408,1
3058,543926,164781,1408,1
3059,563888,170811,1408,1
3060,523556,158591,1408,1
3061,508958,154169,1408,1
3062,507526,153739,1408,1
3063,541528,164050,1408,1
3064,514858,155971,1408,1
3065,523152,158526,1408,1
3066,519796,157464,1408,1
3067,746406,226455,1408,1
3068,465200,140918,1408,1
3069,461902,139894,1408,1
3070,462252,140024,1408,1
3071,467676,141665,1408,1
3072,464368,140665,1408,1
3073,488160,147884,1408,1
3074,462734,140169,1408,1
3075,462196,140006,1408,1
3076,464212,140594,1408,1
3077,461814,139887,1408,1
3078,728810,220761,1408,1
3079,471246,142747,1408,1
3080,471356,142777,1408,1
3081,470924,142647,1408,1
3082,479110,145128,1408,1
3083,480802,145765,1408,1
3084,481286,145872,1408,1
3085,489802,148409,1408,1
3086,484912,146877,1408,1
3087,485822,147243,1408,1
3088,505176,153021,1408,1
3089,484198,146674,1408,1
3090,496752,150471,1408,1
3091,497660,150749,1408,1
3092,521290,157922,1408,1
3093,496192,150305,1408,1
3094,484852,146869,1408,1
3095,687858,208359,1408,1
3096,492124,149144,1408,1
3097,520312,157625,1408,1
3098,483178,146358,1408,1
3099,675024,204475,1408,1
3100,612414,185616,1408,1
3101,482934,146301,1408,1
3102,920412,279368,1408,1
3103,479762,145327,1408,1
3104,504900,153310,1408,1
3105,688742,208741,1408,1
3106,472894,143250,1408,1
3107,739260,223936,1408,1
3108,501606,151954,1408,1
3109,683292,206992,1408,1
3110,821942,248979,1408,1
3111,855022,259323,1408,1
3112,708598,214640,1408,1
3113,560694,169855,1408,1
3114,641832,194432,1408,1
3115,718364,217628,1408,1
3116,1523806,461543,1408,1
3117,992956,300791,1408,1
3118,928126,281159,1408,1
3119,946528,286804,1408,1
3120,895746,271572,1408,1
3121,571206,173025,1408,1
3122,804038,243677,1408,1
3123,534880,162044,1408,1
3124,532886,161428,1408,1
3125,833880,252853,1408,1
3126,975016,295518,1408,1
3127,811238,246037,1408,1
3128,849238,257231,1408,1
3129,698102,211472,1408,1
3130,1794881,545840,1408,1
3131,587510,177966,1408,1
3132,947780,287103,1408,1
3133,1015796,308300,1408,1
3134,1038040,314885,1408,1
3135,733224,222141,1408,1
3136,855196,259517,1408,1
3137,917172,277806,1408,1
3138,586824,177753,1408,1
3139,582250,176481,1408,1
3140,585854,177477,1408,1
3141,955458,289411,1408,1
3142,822886,249370,1408,1
3143,954574,289152,1408,1
3144,588444,178244,1408,1
3145,588580,178285,1408,1
3146,574574,174043,1408,1
3147,620362,187933,1408,1
3148,557890,168996,1408,1
3149,682262,206668,1408,1
3150,555944,168390,1408,1
3151,539994,163570,1408,1
3152,541028,163886,1408,1
3153,594726,180203,1408,1
3154,540782,163818,1408,1
3155,538324,163067,1408,1
3156,540764,163782,1408,1
3157,589732,178645,1408,1
3158,802676,243286,1408,1
3159,767792,232587,1408,1
3160,596344,180655,1408,1
3161,603744,182927,1408,1
3162,554984,168129,1408,1
3163,526192,159390,1408,1
3164,633208,191915,1408,1
3165,529046,160256,1408,1
3166,552716,167442,1408,1
3167,523200,158472,1408,1
3168,525552,159201,1408,1
3169,573474,173729,1408,1
3170,525622,159220,1408,1
3171,527504,159882,1408,1
3172,605420,183492,1408,1
3173,541224,163968,1408,1
3174,516446,156441,1408,1
3175,513386,155504,1408,1
3176,877046,265649,1408,1
3177,569156,172418,1408,1
3178,1183224,358369,1408,1
3179,498670,151054,1408,1
3180,499016,151158,1408,1
3181,508188,153967,1408,1
3182,496088,150272,1408,1
3183,709254,215210,1408,1
3184,487406,147643,1408,1
3185,573594,173741,1408,1
3186,493814,149579,1408,1
3187,564166,170875,1408,1
3188,497106,150583,1408,1
3189,541026,163902,1408,1
3190,638016,193232,1408,1
3191,1180744,357839,1408,1
3192,569708,172592,1408,1
3193,596798,180793,1408,1
3194,523376,158514,1408,1
3195,717417,217989,1408,1
3196,550924,166885,1408,1
3197,931458,282149,1408,1
3198,918130,278192,1408,1
3199,565790,171387,1408,1
3200,563956,170880,1408,1
3201,557182,168752,1408,1
3202,556144,168468,1408,1
3203,559382,169441,1408,1
3204,556482,168540,1408,1
3205,553440,167647,1408,1
3206,555484,168252,1408,1
3207,646692,195917,1408,1
3208,617522,187084,1408,1
3209,575164,174226,1408,1
3210,877650,265853,1408,1
3211,599774,181687,1408,1
3212,601810,182315,1408,1
3213,572584,173416,1408,1
3214,849422,257435,1408,1
3215,576972,174771,1408,1
3216,1022444,309710,1408,1
3217,856768,259525,1408,1
3218,1112330,337430,1408,1
3219,1019619,309493,1408,1
3220,743674,225286,1408,1
3221,915950,277447,1408,1
3222,618838,187464,1408,1
3223,569486,172505,1408,1
3224,567770,171986,1408,1
3225,555012,168232,1408,1
3226,555072,168137,1408,1
3227,552820,167454,1408,1
3228,880046,266583,1408,1
3229,834913,254099,1408,1
3230,1028927,312028,1408,1
3231,536802,162608,1408,1
3232,552886,167479,1408,1
3233,536556,162528,1408,1
3234,522640,158314,1408,1
3235,522936,158401,1408,1
3236,521612,158004,1408,1
3237,631480,191391,1408,1
3238,526476,159499,1408,1
3239,512302,155159,1408,1
3240,524138,158769,1408,1
3241,1266973,384054,1408,1
3242,797422,241611,1408,1
3243,779546,236132,1408,1
3244,588086,178160,1408,1
3245,878400,266075,1408,1
3246,938906,284395,1408,1
3247,925318,280309,1408,1
3248,1021300,309343,1408,1
3249,1042138,315664,1408,1
3250,770819,234159,1408,1
3251,877018,265660,1408,1
3252,549298,166400,1408,1
3253,549238,166442,1408,1
3254,543570,164657,1408,1
3255,727484,220510,1408,1
3256,529874,160512,1408,1
3257,1216764,368744,1408,1
3258,648556,196455,1408,1
3259,832920,252360,1408,1
3260,818786,248030,1408,1
3261,777312,235516,1408,1
3262,793974,240510,1408,1
3263,2723755,825749,1408,1
3264,914604,278978,1408,1
3265,984803,298749,1408,1
3266,1105020,334731,1408,1
3267,898600,272217,1408,1
3268,623092,188768,1408,1
3269,559994,169608,1408,1
3270,557256,168802,1408,1
3271,886974,268738,1408,1
3272,888404,269099,1408,1
3273,855890,259265,1408,1
3274,564446,171016,1408,1
3275,555734,168344,1408,1
3276,581170,176082,1408,1
3277,574038,173900,1408,1
3278,528090,159963,1408,1
3279,579122,175624,1408,1
3280,538096,162994,1408,1
3281,535468,162204,1408,1
3282,526428,159460,1408,1
3283,513300,155483,1408,1
3284,514886,155964,1408,1
3285,509142,154226,1408,1
3286,513392,155514,1408,1
3287,500104,151489,1408,1
3288,503742,152588,1408,1
3289,505864,153233,1408,1
3290,517394,156737,1408,1
3291,780862,236532,1408,1
3292,752334,227890,1408,1
3293,622910,188694,1408,1
3294,743970,225353,1408,1
3295,471642,142892,1408,1
3296,460182,139393,1408,1
3297,461904,139919,1408,1
3298,465380,140971,1408,1
3299,492832,149299,1408,1
3300,450148,136357,1408,1
3301,454724,137742,1408,1
3302,443540,134352,1408,1
3303,460534,139512,1408,1
3304,667516,203198,1408,1
3305,619258,187570,1408,1
3306,647908,196268,1408,1
3307,450062,136341,1408,1
3308,495470,150102,1408,1
3309,766322,232119,1408,1
3310,464154,140598,1408,1
3311,494750,149882,1408,1
3312,471430,142799,1408,1
3313,478392,144909,1408,1
3314,480940,145689,1408,1
3315,487404,147664,1408,1
3316,484936,146895,1408,1
3317,488638,148010,1408,1
3318,512824,155360,1408,1
3319,481972,146000,1408,1
3320,487384,147637,1408,1
3321,505094,152996,1408,1
3322,689451,209140,1408,1
3323,512414,155214,1408,1
3324,673898,204149,1408,1
3325,533132,161503,1408,1
3326,563236,170633,1408,1
3327,540510,163728,1408,1
3328,699198,211806,1408,1
3329,568008,172055,1408,1
3330,910134,276257,1408,1
3331,2047330,621532,1408,1
3332,910200,275711,1408,1
3333,1142246,347042,1408,1
3334,672612,203791,1408,1
3335,564316,170923,1408,1
3336,571462,173100,1408,1
3337,618168,187261,1408,1
3338,870710,263783,1408,1
3339,793904,240492,1408,1
3340,853482,258880,1408,1
3341,839648,254349,1408,1
3342,554546,167987,1408,1
3343,1011643,306945,1408,1
3344,893626,270702,1408,1
3345,956148,289743,1408,1
3346,939236,284508,1408,1
3347,1006688,305551,1408,1
3348,1032740,313425,1408,1
3349,849088,257310,1408,1
3350,861890,261065,1408,1
3351,908254,275114,1408,1
3352,1029204,311728,1408,1
3353,776948,235386,1408,1
3354,613124,185694,1408,1
3355,615916,186570,1408,1
3356,615220,186343,1408,1
3357,1079738,327395,1408,1
3358,913510,277109,1408,1
3359,887174,268931,1408,1
3360,604588,183142,1408,1
3361,1104848,335054,1408,1
3362,660298,200031,1408,1
3363,981124,297193,1408,1
3364,820858,248662,1408,1
3365,929094,281547,1408,1
3366,865258,262085,1408,1
3367,857500,259842,1408,1
3368,1029036,311703,1408,1
3369,705850,213823,1408,1
3370,570982,172955,1408,1
3371,792768,240146,1408,1
3372,641844,194442,1408,1
3373,1157818,351447,1408,1
3374,989018,299599,1408,1
3375,852537,259049,1408,1
3376,595414,180372,1408,1
3377,553928,167780,1408,1
3378,585526,177618,1408,1
3379,782292,236979,1408,1
3380,607460,184019,1408,1
3381,907562,274931,1408,1
3382,599356,181581,1408,1
3383,906212,274489,1408,1
3384,901672,273121,1408,1
3385,979286,296622,1408,1
3386,692308,209726,1408,1
3387,604278,183165,1408,1
3388,668316,202457,1408,1
3389,1063646,322256,1408,1
3390,1067760,323465,1408,1
3391,608020,184213,1408,1
3392,575176,174227,1408,1
3393,616824,186861,1408,1
3394,904046,273850,1408,1
3395,728884,220872,1408,1
3396,874394,264965,1408,1
3397,572448,173400,1408,1
3398,635918,192607,1408,1
3399,663724,201067,1408,1
3400,575288,174283,1408,1
3401,1044004,316583,1408,1
3402,553828,167759,1408,1
3403,830136,251488,1408,1
3404,556454,168563,1408,1
3405,913744,276893,1408,1
3406,881720,267452,1408,1
3407,689372,208835,1408,1
3408,644462,195234,1408,1
3409,1456305,443422,1408,1
3410,1821766,552677,1408,1
3411,947506,287077,1408,1
3412,1082202,327811,1408,1
3413,995148,301544,1408,1
3414,899994,272620,1408,1
3415,727748,220467,1408,1
3416,985378,298475,1408,1
3417,1590250,482370,1408,1
3418,4735221,1434326,1408,1
3419,894284,270920,1408,1
3420,856000,259326,1408,1
3421,950454,287888,1408,1
3422,626736,190156,1408,1
3423,589220,178483,1408,1
3424,818688,248040,1408,1
3425,605290,183356,1408,1
3426,603452,182794,1408,1
3427,617600,187106,1408,1
3428,605416,183396,1408,1
3429,629056,190606,1408,1
3430,606280,183645,1408,1
3431,852646,258358,1408,1
3432,986896,299266,1408,1
3433,785374,237926,1408,1
3434,933600,282858,1408,1
3435,967636,293477,1408,1
3436,850184,257904,1408,1
3437,566178,171512,1408,1
3438,1426860,432587,1408,1
3439,2019044,611866,1408,1
3440,853554,258579,1408,1
3441,732790,222039,1408,1
3442,885170,268289,1408,1
3443,873990,264737,1408,1
3444,882098,267197,1408,1
3445,893284,270595,1408,1
3446,578262,175183,1408,1
3447,842006,255055,1408,1
3448,1070624,324514,1408,1
3449,848524,257041,1408,1
3450,994458,301689,1408,1
3451,1166438,353649,1408,1
3452,987873,300020,1408,1
3453,719470,218065,1408,1
3454,592606,179531,1408,1
3455,637244,193046,1408,1
3456,568510,172208,1408,1
3457,569672,172558,1408,1
3458,585690,177416,1408,1
3459,996020,301706,1408,1
3460,588250,178187,1408,1
3461,621018,188130,1408,1
3462,618386,187350,1408,1
3463,904406,274138,1408,1
3464,1093653,331735,1408,1
3465,900128,272686,1408,1
3466,876568,265541,1408,1
3467,592404,179465,1408,1
3468,751682,227968,1408,1
3469,882202,267261,1408,1
3470,796634,241356,1408,1
3471,788874,239015,1408,1
3472,566476,171596,1408,1
3473,623568,188906,1408,1
3474,565824,171396,1408,1
3475,860080,260746,1408,1
3476,911316,276225,1408,1
3477,700194,212118,1408,1
3478,704918,213520,1408,1
3479,763656,231375,1408,1
3480,783938,237459,1408,1
3481,731534,221692,1408,1
3482,826454,250332,1408,1
3483,1142520,347644,1408,1
3484,691756,209546,1408,1
3485,793070,241327,1408,1
3486,923970,279907,1408,1
3487,899706,272578,1408,1
3488,796378,241241,1408,1
3489,774838,234704,1408,1
3490,573728,174787,1408,1
3491,699100,212141,1408,1
3492,924730,280287,1408,1
3493,1018850,308798,1408,1
3494,1276294,386564,1408,1
3495,537234,162734,1408,1
3496,683588,207100,1408,1
3497,613256,185777,1408,1
3498,540448,163708,1408,1
3499,637714,193200,1408,1
3500,2039620,618890,1408,1
3501,2455190,744629,1408,1
3502,926040,281038,1408,1
3503,575460,174320,1408,1
3504,860324,260598,1408,1
3505,874388,264912,1408,1
3506,2017612,611368,1408,1
3507,811446,245952,1408,1
3508,573404,173695,1408,1
3509,830254,251565,1408,1
3510,564900,171115,1408,1
3511,567488,171901,1408,1
3512,576292,174583,1408,1
3513,2970717,899933,1408,1
3514,1268967,384931,1408,1
3515,1493882,452863,1408,1
3516,1121218,339908,1408,1
3517,810892,245617,1408,1
3518,823466,249613,1408,1
3519,854498,258825,1408,1
3520,976608,296423,1408,1
3521,599428,181603,1408,1
3522,544408,164962,1408,1
3523,764268,231602,1408,1
3524,534460,161907,1408,1
3525,511328,154909,1408,1
3526,567426,171896,1408,1
3527,497596,150729,1408,1
3528,498096,150880,1408,1
3529,779052,236451,1408,1
3530,619800,187754,1408,1
3531,888044,269592,1408,1
3532,901000,272929,1408,1
3533,883834,267977,1408,1
3534,774640,234693,1408,1
3535,847770,256793,1408,1
3536,874440,264869,1408,1
3537,925042,280209,1408,1
3538,932980,282625,1408,1
3539,916882,277729,1408,1
3540,749944,227174,1408,1
3541,617100,186951,1408,1
3542,564638,171037,1408,1
3543,1036880,314125,1408,1
3544,1002976,303803,1408,1
3545,875458,265176,1408,1
3546,1377536,417472,1408,1
3547,602544,182536,1408,1
3548,874400,264856,1408,1
3549,599358,181554,1408,1
3550,585164,177246,1408,1
3551,584016,176908,1408,1
3552,580524,175849,1408,1
3553,581832,176240,1408,1
3554,605414,183391,1408,1
3555,607592,184049,1408,1
3556,582834,176546,1408,1
3557,580458,175817,1408,1
3558,585498,177355,1408,1
3559,576108,174514,1408,1
3560,576592,174658,1408,1
3561,575502,174332,1408,1
3562,1015238,307585,1408,1
3563,571804,173212,1408,1
3564,568632,172254,1408,1
3565,790754,239582,1408,1
3566,907298,274840,1408,1
3567,771728,233956,1408,1
3568,726252,220014,1408,1
3569,564222,170908,1408,1
3570,568644,172279,1408,1
3571,846724,257136,1408,1
3572,594106,179994,1408,1
3573,567384,171863,1408,1
3574,603690,182887,1408,1
3575,846102,256327,1408,1
3576,603558,182844,1408,1
3577,625200,189407,1408,1
3578,542398,164306,1408,1
3579,540722,163767,1408,1
3580,529924,160522,1408,1
3581,576606,174779,1408,1
3582,563192,170602,1408,1
3583,551590,167080,1408,1
3584,1161025,352853,1408,1
3585,812022,246193,1408,1
3586,953608,288844,1408,1
3587,991996,300473,1408,1
3588,846932,256554,1408,1
3589,942886,285652,1408,1
3590,999756,303205,1408,1
3591,713680,216599,1408,1
3592,643440,194919,1408,1
3593,907292,274817,1408,1
3594,685868,207770,1408,1
3595,576196,174535,1408,1
3596,658950,199619,1408,1
3597,577614,174980,1408,1
3598,576796,174713,1408,1
3599,575742,174397,1408,1
3600,974940,295483,1408,1
3601,631132,191212,1408,1
3602,625582,189515,1408,1
3603,555458,168261,1408,1
3604,781552,236748,1408,1
3605,769376,233069,1408,1
3606,966842,292860,1408,1
3607,997789,303015,1408,1
3608,954754,289195,1408,1
3609,1165438,353886,1408,1
3610,569646,172552,1408,1
3611,595574,180417,1408,1
3612,575448,174925,1408,1
3613,558196,169083,1408,1
3614,714948,216575,1408,1
3615,602482,182534,1408,1
3616,538184,163019,1408,1
3617,536176,162415,1408,1
3618,536068,162382,1408,1
3619,532446,161289,1408,1
3620,529208,160313,1408,1
3621,598576,181331,1408,1
3622,523172,158461,1408,1
3623,523212,158485,1408,1
3624,524180,158769,1408,1
3625,564172,170908,1408,1
3626,519558,157369,1408,1
3627,522244,158196,1408,1
3628,519002,157212,1408,1
3629,517244,156681,1408,1
3630,542690,164403,1408,1
3631,508912,154157,1408,1
3632,631374,191260,1408,1
3633,693232,210040,1408,1
3634,805496,244044,1408,1
3635,804894,243824,1408,1
3636,837552,253687,1408,1
3637,588898,178409,1408,1
3638,528962,160354,1408,1
3639,520454,157651,1408,1
3640,521330,157927,1408,1
3641,525376,159153,1408,1
3642,552292,167293,1408,1
3643,524294,158791,1408,1
3644,569466,172517,1408,1
3645,529392,160337,1408,1
3646,596246,180627,1408,1
3647,542040,164179,1408,1
3648,540974,163858,1408,1
3649,541460,164017,1408,1
3650,542868,164431,1408,1
3651,557040,168734,1408,1
3652,556686,168627,1408,1
3653,586546,177670,1408,1
3654,696732,211062,1408,1
3655,870392,263836,1408,1
3656,566722,171674,1408,1
3657,617356,187021,1408,1
3658,568152,172106,1408,1
3659,556282,168510,1408,1
3660,557962,169016,1408,1
3661,588272,178213,1408,1
3662,554560,167985,1408,1
3663,575370,174289,1408,1
3664,618770,187453,1408,1
3665,604844,183237,1408,1
3666,625312,189435,1408,1
3667,557184,168774,1408,1
3668,628620,190426,1408,1
3669,545920,165367,1408,1
3670,650086,196932,1408,1
3671,879790,266492,1408,1
3672,861758,261011,1408,1
3673,828838,251054,1408,1
3674,831342,251820,1408,1
3675,864912,262171,1408,1
3676,591030,179043,1408,1
3677,496458,150402,1408,1
3678,474740,143782,1408,1
3679,627752,190164,1408,1
3680,495236,150570,1408,1
3681,484822,146862,1408,1
3682,484836,146861,1408,1
3683,486446,147349,1408,1
3684,495302,150033,1408,1
3685,505000,152987,1408,1
3686,676846,205043,1408,1
3687,902398,273553,1408,1
3688,569234,172430,1408,1
3689,916626,277652,1408,1
3690,571800,173206,1408,1
3691,893534,270980,1408,1
3692,958318,290300,1408,1
3693,874218,264824,1408,1
3694,964416,292148,1408,1
3695,850556,257652,1408,1
3696,988602,299567,1408,1
3697,595840,180493,1408,1
3698,776074,235103,1408,1
3699,594218,180001,1408,1
3700,624962,189329,1408,1
3701,592430,179448,1408,1
3702,615166,186370,1408,1
3703,591832,179293,1408,1
3704,898152,272038,1408,1
3705,571694,173177,1408,1
3706,872422,264343,1408,1
3707,914650,277890,1408,1
3708,689020,208710,1408,1
3709,1055766,319777,1408,1
3710,786652,238295,1408,1
3711,552526,167443,1408,1
3712,588100,178169,1408,1
3713,553196,167571,1408,1
3714,545110,165124,1408,1
3715,540088,163588,1408,1
3716,555512,168305,1408,1
3717,571714,173173,1408,1
3718,844106,255766,1408,1
3719,537896,162937,1408,1
3720,537208,162702,1408,1
3721,543210,164546,1408,1
3722,539826,163525,1408,1
3723,536490,162516,1408,1
3724,587128,177865,1408,1
3725,535644,162254,1408,1
3726,868534,263068,1408,1
3727,827940,250792,1408,1
3728,557596,168902,1408,1
3729,539544,163423,1408,1
3730,546142,165436,1408,1
3731,543830,164724,1408,1
3732,543606,164670,1408,1
3733,556872,168687,1408,1
3734,581646,176205,1408,1
3735,599514,181636,1408,1
3736,562576,170416,1408,1
3737,560544,169794,1408,1
3738,682144,206639,1408,1
3739,528458,160081,1408,1
3740,563406,170680,1408,1
3741,1159483,352351,1408,1
3742,1150224,348895,1408,1
3743,814860,246861,1408,1
3744,893772,270740,1408,1
3745,860470,260643,1408,1
3746,883164,267812,1408,1
3747,633908,192093,1408,1
3748,623290,188846,1408,1
3749,599726,181640,1408,1
3750,612572,185582,1408,1
3751,752012,227820,1408,1
3752,593032,179660,1408,1
3753,560992,169929,1408,1
3754,605398,183403,1408,1
3755,893442,270957,1408,1
3756,926564,280665,1408,1
3757,568732,172279,1408,1
3758,592908,179577,1408,1
3759,566524,171608,1408,1
3760,565256,171224,1408,1
3761,597968,181150,1408,1
3762,2258198,702014,1408,1
3763,586242,177591,1408,1
3764,582696,176584,1408,1
3765,944902,286215,1408,1
3766,964314,292115,1408,1
3767,984372,298190,1408,1
3768,960164,290860,1408,1
3769,901868,273187,1408,1
3770,700918,212338,1408,1
3771,612626,185592,1408,1
3772,813160,246319,1408,1
3773,967534,293084,1408,1
3774,842824,255795,1408,1
3775,577672,175064,1408,1
3776,559668,169529,1408,1
3777,557222,168794,1408,1
3778,553822,167761,1408,1
3779,539512,163428,1408,1
3780,546414,165530,1408,1
3781,657442,199563,1408,1
3782,512086,155115,1408,1
3783,512094,155121,1408,1
3784,579778,175638,1408,1
3785,855692,259195,1408,1
3786,719124,217836,1408,1
3787,509896,154444,1408,1
3788,542652,164376,1408,1
3789,509414,154309,1408,1
3790,837384,253855,1408,1
3791,622550,188650,1408,1
3792,682070,206642,1408,1
3793,807376,244774,1408,1
3794,890414,270034,1408,1
3795,787686,238592,1408,1
3796,632880,191719,1408,1
3797,570434,172790,1408,1
3798,626954,189931,1408,1
3799,580440,175824,1408,1
3800,568342,172159,1408,1
3801,568394,172173,1408,1
3802,565218,171212,1408,1
3803,605482,183429,1408,1
3804,910886,275939,1408,1
3805,646410,195824,1408,1
3806,854390,258852,1408,1
3807,586160,177569,1408,1
3808,584256,176981,1408,1
3809,623320,188828,1408,1
3810,585608,177391,1408,1
3811,575450,174313,1408,1
3812,597940,181159,1408,1
3813,586810,177750,1408,1
3814,574514,174032,1408,1
3815,565146,171190,1408,1
3816,555136,168154,1408,1
3817,579954,175687,1408,1
3818,535748,162289,1408,1
3819,525106,159067,1408,1
3820,612908,185650,1408,1
3821,521664,158016,1408,1
3822,499420,151286,1408,1
3823,807298,244567,1408,1
3824,705506,213722,1408,1
3825,795090,240838,1408,1
3826,822004,248978,1408,1
3827,1342286,407009,1408,1
3828,1163876,353520,1408,1
3829,526886,159604,1408,1
3830,730758,221508,1408,1
3831,723722,219260,1408,1
3832,691850,209577,1408,1
3833,559848,169583,1408,1
3834,538018,163054,1408,1
3835,544924,165068,1408,1
3836,789808,239434,1408,1
3837,565432,171277,1408,1
3838,556010,168424,1408,1
3839,1016754,308362,1408,1
3840,2408927,730009,1408,1
3841,979216,296918,1408,1
3842,885632,268254,1408,1
3843,914026,276857,1408,1
3844,911694,276153,1408,1
3845,918624,278286,1408,1
3846,570792,172901,1408,1
3847,848094,256914,1408,1
3848,956366,289759,1408,1
3849,621890,188385,1408,1
3850,876822,265710,1408,1
3851,1361510,412668,1408,1
3852,1036430,313926,1408,1
3853,976246,295695,1408,1
3854,996658,301885,1408,1
3855,1000150,302946,1408,1
3856,592704,179555,1408,1
3857,567080,171773,1408,1
3858,569270,172446,1408,1
3859,605056,183295,1408,1
3860,559666,169534,1408,1
3861,626382,189757,1408,1
3862,541156,163925,1408,1
3863,533550,161617,1408,1
3864,528068,159965,1408,1
3865,1413410,428106,1408,1
3866,882282,267373,1408,1
3867,540260,163662,1408,1
3868,591228,179114,1408,1
3869,960346,290921,1408,1
3870,538050,162982,1408,1
3871,536084,162387,1408,1
3872,520414,157642,1408,1
3873,935216,283549,1408,1
3874,624834,189324,1408,1
3875,582892,176578,1408,1
3876,522374,158232,1408,1
3877,522812,158370,1408,1
3878,520886,157785,1408,1
3879,526174,159390,1408,1
3880,512594,155272,1408,1
3881,558516,169195,1408,1
3882,516580,156483,1408,1
3883,513504,155545,1408,1
3884,533824,161720,1408,1
3885,782388,236986,1408,1
3886,506220,153345,1408,1
3887,507998,153876,1408,1
3888,522032,158150,1408,1
3889,509000,154182,1408,1
3890,508392,154002,1408,1
3891,506390,153391,1408,1
3892,509154,154227,1408,1
3893,572762,173510,1408,1
3894,527936,159920,1408,1
3895,581728,176226,1408,1
3896,538302,163058,1408,1
3897,887706,268993,1408,1
3898,557708,168941,1408,1
3899,1024380,310992,1408,1
3900,580994,176004,1408,1
3901,946260,286743,1408,1
3902,803232,243301,1408,1
3903,974600,295196,1408,1
3904,1016450,307879,1408,1
3905,951132,288094,1408,1
3906,953284,288765,1408,1
3907,636858,192939,1408,1
3908,2902426,879989,1408,1
3909,1704630,516764,1408,1
3910,955914,289597,1408,1
3911,850234,257623,1408,1
3912,764122,231478,1408,1
3913,944874,286612,1408,1
3914,876704,265568,1408,1
3915,967530,293055,1408,1
3916,823240,249379,1408,1
3917,787688,238597,1408,1
3918,875934,265331,1408,1
3919,846570,256440,1408,1
3920,842590,255270,1408,1
3921,976744,296063,1408,1
3922,626856,189905,1408,1
3923,575986,174477,1408,1
3924,585262,177296,1408,1
3925,569544,172518,1408,1
3926,567188,171834,1408,1
3927,653308,197898,1408,1
3928,822930,249293,1408,1
3929,983214,297824,1408,1
3930,1796510,544672,1408,1
3931,2541553,770030,1408,1
3932,912544,276421,1408,1
3933,745024,225680,1408,1
3934,702228,213016,1408,1
3935,989737,300175,1408,1
3936,790466,239557,1408,1
3937,555632,168313,1408,1
3938,1409228,427545,1408,1
3939,973944,295008,1408,1
3940,902504,273858,1408,1
3941,895064,271140,1408,1
3942,551506,167060,1408,1
3943,887682,268877,1408,1
3944,1207523,366519,1408,1
3945,853348,258502,1408,1
3946,1057155,321021,1408,1
3947,604428,183104,1408,1
3948,812056,246068,1408,1
3949,916714,278024,1408,1
3950,795306,241354,1408,1
3951,872774,264392,1408,1
3952,934212,282997,1408,1
3953,851790,258182,1408,1
3954,778653,236436,1408,1
3955,645212,195486,1408,1
3956,785456,237923,1408,1
3957,542586,164355,1408,1
3958,536818,162594,1408,1
3959,636104,192709,1408,1
3960,838872,254207,1408,1
3961,570964,172981,1408,1
3962,558466,169185,1408,1
3963,735920,222928,1408,1
3964,524028,158769,1408,1
3965,507384,153692,1408,1
3966,1190442,360912,1408,1
3967,901204,273205,1408,1
3968,825390,250009,1408,1
3969,861186,261153,1408,1
3970,771882,234465,1408,1
3971,590600,178919,1408,1
3972,666824,202003,1408,1
3973,783636,237360,1408,1
3974,706028,213872,1408,1
3975,599976,181750,1408,1
3976,613240,185997,1408,1
3977,747720,227111,1408,1
3978,765070,231740,1408,1
3979,4916337,1489503,1408,1
3980,545668,165306,1408,1
3981,1058536,321295,1408,1
3982,867704,262923,1408,1
3983,900780,272932,1408,1
3984,1198802,363155,1408,1
3985,890506,270857,1408,1
3986,918350,279103,1408,1
3987,604404,183079,1408,1
3988,659762,199869,1408,1
3989,672014,203784,1408,1
3990,820352,248613,1408,1
3991,869882,263839,1408,1
3992,873566,264794,1408,1
3993,942938,285630,1408,1
3994,914378,277056,1408,1
3995,917774,278324,1408,1
3996,899498,272459,1408,1
3997,1067118,323228,1408,1
3998,1432735,434546,1408,1
3999,926346,281106,1408,1
4000,740258,224274,1408,1
4001,691322,209433,1408,1
4002,719476,217997,1408,1
4003,898920,272503,1408,1
4004,878262,266503,1408,1
4005,1098382,332698,1408,1
4006,960924,291081,1408,1
4007,1031554,312732,1408,1
4008,852992,258386,1408,1
4009,730332,221250,1408,1
4010,803138,243496,1408,1
4011,647328,196112,1408,1
4012,686510,207966,1408,1
4013,702576,213361,1408,1
4014,717030,217162,1408,1
4015,889950,269574,1408,1
4016,810254,245830,1408,1
4017,566284,171538,1408,1
4018,677528,205248,1408,1
4019,567616,171949,1408,1
4020,1474073,446920,1408,1
4021,960558,290998,1408,1
4022,965136,292346,1408,1
4023,993570,300941,1408,1
4024,965504,292455,1408,1
4025,994188,301141,1408,1
4026,1111092,336958,1408,1
4027,642800,194743,1408,1
4028,912124,276376,1408,1
4029,1017084,308113,1408,1
4030,956971,290145,1408,1
4031,613254,185792,1408,1
4032,1027364,311378,1408,1
4033,571740,173175,1408,1
4034,801486,242918,1408,1
4035,828360,250958,1408,1
4036,863448,261546,1408,1
4037,926698,281177,1408,1
4038,1408946,427813,1408,1
4039,828560,251166,1408,1
4040,860854,260889,1408,1
4041,937268,283908,1408,1
4042,859744,260470,1408,1
4043,855202,259049,1408,1
4044,1011000,306232,1408,1
4045,961880,291453,1408,1
4046,906642,274663,1408,1
4047,888024,269009,1408,1
4048,753346,228442,1408,1
4049,1076205,326838,1408,1
4050,802962,243231,1408,1
4051,899548,272482,1408,1
4052,951020,288060,1408,1
4053,856142,259385,1408,1
4054,931410,282133,1408,1
4055,840382,254866,1408,1
4056,924660,280105,1408,1
4057,1357060,411376,1408,1
4058,570026,172665,1408,1
4059,869790,263807,1408,1
4060,1370827,416693,1408,1
4061,641398,194324,1408,1
4062,571378,173073,1408,1
4063,568442,172185,1408,1
4064,797846,241990,1408,1
4065,568402,172179,1408,1
4066,702130,212698,1408,1
4067,613820,185959,1408,1
4068,589318,178506,1408,1
4069,1365014,413613,1408,1
4070,946064,286561,1408,1
4071,573758,173808,1408,1
4072,569986,172655,1408,1
4073,551874,167169,1408,1
4074,836859,254047,1408,1
4075,828946,251222,1408,1
4076,554494,167962,1408,1
4077,554034,167819,1408,1
4078,863268,261578,1408,1
4079,869958,263744,1408,1
4080,950478,287942,1408,1
4081,755506,228910,1408,1
4082,594434,180078,1408,1
4083,2085468,633005,1408,1
4084,946778,286996,1408,1
4085,593472,179799,1408,1
4086,890410,269707,1408,1
4087,649328,196898,1408,1
4088,701340,212458,1408,1
4089,859674,260478,1408,1
4090,559964,169627,1408,1
4091,560560,169802,1408,1
4092,628264,190285,1408,1
4093,583814,177076,1408,1
4094,656046,198761,1408,1
4095,569604,172541,1408,1
4096,569968,172650,1408,1
4097,564276,170924,1408,1
4098,565630,171333,1408,1
4099,557612,168910,1408,1
4100,580792,175907,1408,1
4101,575994,174466,1408,1
4102,634372,192179,1408,1
4103,588708,178350,1408,1
4104,578964,175383,1408,1
4105,962064,291419,1408,1
4106,956056,289590,1408,1
4107,969498,293660,1408,1
4108,894384,270913,1408,1
4109,818852,248062,1408,1
4110,552318,167310,1408,1
4111,550568,166775,1408,1
4112,768878,232907,1408,1
4113,608412,184315,1408,1
4114,657362,199598,1408,1
4115,578252,175175,1408,1
4116,588878,178393,1408,1
4117,537762,162925,1408,1
4118,889234,269345,1408,1
4119,1011198,306751,1408,1
4120,883806,267702,1408,1
4121,806100,244174,1408,1
4122,866460,262481,1408,1
4123,607972,184173,1408,1
4124,560778,169890,1408,1
4125,852864,258623,1408,1
4126,710258,215152,1408,1
4127,553144,167557,1408,1
4128,1131448,343558,1408,1
4129,577664,175000,1408,1
4130,577150,174847,1408,1
4131,880798,266807,1408,1
4132,896584,271780,1408,1
4133,696360,210960,1408,1
4134,628164,190295,1408,1
4135,544144,164827,1408,1
4136,551746,167136,1408,1
4137,844648,255999,1408,1
4138,916436,277604,1408,1
4139,721094,218424,1408,1
4140,813858,247827,1408,1
4141,652836,197829,1408,1
4142,909596,275589,1408,1
4143,831408,251876,1408,1
4144,557064,168769,1408,1
4145,535436,162191,1408,1
4146,620024,187932,1408,1
4147,563074,170589,1408,1
4148,767478,232477,1408,1
4149,777094,235395,1408,1
4150,523338,158529,1408,1
4151,496026,150259,1408,1
4152,492962,149326,1408,1
4153,481822,145951,1408,1
4154,472920,143258,1408,1
4155,471556,142870,1408,1
4156,445820,135046,1408,1
4157,453466,137364,1408,1
4158,483206,146384,1408,1
4159,467562,141619,1408,1
4160,551172,166971,1408,1
4161,475732,144107,1408,1
4162,474200,143643,1408,1
4163,498466,150996,1408,1
4164,511346,154891,1408,1
4165,509536,154326,1408,1
4166,607560,184049,1408,1
4167,497942,150823,1408,1
4168,503592,152546,1408,1
4169,522668,158343,1408,1
4170,484436,146719,1408,1
4171,486202,147342,1408,1
4172,570906,172949,1408,1
4173,474754,143919,1408,1
4174,487608,147722,1408,1
4175,487552,147712,1408,1
4176,493956,149626,1408,1
4177,565474,171619,1408,1
4178,487408,147642,1408,1
4179,464660,140755,1408,1
4180,463708,140545,1408,1
4181,469284,142152,1408,1
4182,498330,150949,1408,1
4183,466092,141187,1408,1
4184,732758,222065,1408,1
4185,672890,203865,1408,1
4186,484050,146625,1408,1
4187,578776,175413,1408,1
4188,470920,142648,1408,1
4189,499826,151417,1408,1
4190,1503238,456444,1408,1
4191,1207052,365896,1408,1
4192,610710,184965,1408,1
4193,870194,263610,1408,1
4194,622802,188681,1408,1
4195,556492,168565,1408,1
4196,904666,275200,1408,1
4197,914770,277099,1408,1
4198,903704,273742,1408,1
4199,911176,276001,1408,1
4200,946824,286946,1408,1
4201,947990,287377,1408,1
4202,571060,172989,1408,1
4203,866496,262465,1408,1
4204,895882,271359,1408,1
4205,841214,254805,1408,1
4206,1104722,335500,1408,1
4207,809726,245563,1408,1
4208,692048,209642,1408,1
4209,633616,191944,1408,1
4210,960166,290858,1408,1
4211,570780,172907,1408,1
4212,570324,172773,1408,1
4213,693926,210193,1408,1
4214,621424,188329,1408,1
4215,564542,171007,1408,1
4216,555918,168395,1408,1
4217,561870,170198,1408,1
4218,1265769,384507,1408,1
4219,646352,195802,1408,1
4220,748070,227239,1408,1
4221,555250,168191,1408,1
4222,552962,167503,1408,1
4223,613604,185887,1408,1
4224,545150,165130,1408,1
4225,539358,163355,1408,1
4226,527516,159794,1408,1
4227,527470,159779,1408,1
4228,543818,164730,1408,1
4229,556314,168533,1408,1
4230,542432,164285,1408,1
4231,571106,173006,1408,1
4232,552638,167443,1408,1
4233,537926,162945,1408,1
4234,857012,259601,1408,1
4235,541056,163895,1408,1
4236,847712,257030,1408,1
4237,831234,251799,1408,1
4238,854464,258821,1408,1
4239,907034,274812,1408,1
4240,572320,173459,1408,1
4241,558162,169077,1408,1
4242,874040,264748,1408,1
4243,591964,179337,1408,1
4244,557114,168761,1408,1
4245,560764,169860,1408,1
4246,557386,168815,1408,1
4247,565982,171446,1408,1
4248,572190,173320,1408,1
4249,569878,172626,1408,1
4250,594920,180221,1408,1
4251,553552,167698,1408,1
4252,540766,163806,1408,1
4253,541632,164073,1408,1
4254,621658,188333,1408,1
4255,586932,177784,1408,1
4256,548682,166204,1408,1
4257,542784,164464,1408,1
4258,543758,164714,1408,1
4259,716744,217125,1408,1
4260,889374,269575,1408,1
4261,958888,290596,1408,1
4262,526792,159569,1408,1
4263,572050,173307,1408,1
4264,524546,158869,1408,1
4265,644962,195418,1408,1
4266,527494,159786,1408,1
4267,527030,159645,1408,1
4268,542364,164287,1408,1
4269,592364,179451,1408,1
4270,551854,167180,1408,1
4271,538392,163063,1408,1
4272,647348,196095,1408,1
4273,561834,170203,1408,1
4274,928330,281361,1408,1
4275,1108512,336461,1408,1
4276,1003789,304358,1408,1
4277,548048,166013,1408,1
4278,574992,174177,1408,1
4279,1011636,306823,1408,1
4280,990236,299977,1408,1
4281,863930,261689,1408,1
4282,634122,192109,1408,1
4283,590288,178824,1408,1
4284,562002,170254,1408,1
4285,556282,168510,1408,1
4286,550100,166631,1408,1
4287,547742,165917,1408,1
4288,577268,174873,1408,1
4289,823552,249491,1408,1
4290,523140,158466,1408,1
4291,764340,232241,1408,1
4292,619404,187643,1408,1
4293,913588,276723,1408,1
4294,859352,260320,1408,1
4295,518840,157165,1408,1
4296,562098,170281,1408,1
4297,523402,158546,1408,1
4298,531596,161029,1408,1
4299,533356,161562,1408,1
4300,534064,161776,1408,1
4301,540698,163782,1408,1
4302,556848,168687,1408,1
4303,548918,166275,1408,1
4304,538462,163114,1408,1
4305,539278,163355,1408,1
4306,554816,168076,1408,1
4307,542838,164451,1408,1
4308,551424,167052,1408,1
4309,512454,155218,1408,1
4310,512750,155317,1408,1
4311,560772,169883,1408,1
4312,509504,154337,1408,1
4313,814136,246597,1408,1
4314,513034,155405,1408,1
4315,719416,217914,1408,1
4316,830428,251638,1408,1
4317,862898,261388,1408,1
4318,856492,259440,1408,1
4319,590680,178956,1408,1
4320,535392,162179,1408,1
4321,772616,235024,1408,1
4322,857478,259743,1408,1
4323,895792,271397,1408,1
4324,563182,170621,1408,1
4325,523212,158489,1408,1
4326,510196,154546,1408,1
4327,719000,217830,1408,1
4328,525476,159310,1408,1
4329,831726,252017,1408,1
4330,791156,239671,1408,1
4331,839696,254351,1408,1
4332,860558,260663,1408,1
4333,804304,243622,1408,1
4334,571724,173196,1408,1
4335,604288,183056,1408,1
4336,498556,151023,1408,1
4337,491304,148822,1408,1
4338,493788,149576,1408,1
4339,485088,146940,1408,1
4340,472394,143091,1408,1
4341,566020,171462,1408,1
4342,582308,176407,1408,1
4343,726634,220348,1408,1
4344,821258,248764,1408,1
4345,902150,273249,1408,1
4346,606706,183812,1408,1
4347,807186,244560,1408,1
4348,634214,192123,1408,1
4349,514470,155816,1408,1
4350,516206,156445,1408,1
4351,515300,156070,1408,1
4352,500926,151740,1408,1
4353,493178,149379,1408,1
4354,483398,146429,1408,1
4355,484042,146625,1408,1
4356,474580,143753,1408,1
4357,470110,142401,1408,1
4358,680158,206029,1408,1
4359,698192,211490,1408,1
4360,689864,209142,1408,1
4361,762748,231061,1408,1
4362,1011418,306797,1408,1
4363,819634,248349,1408,1
4364,764438,231558,1408,1
4365,562266,170338,1408,1
4366,791726,239954,1408,1
4367,851986,258071,1408,1
4368,560508,169789,1408,1
4369,604434,183103,1408,1
4370,572862,173527,1408,1
4371,939226,284500,1408,1
4372,937528,284081,1408,1
4373,623850,188975,1408,1
4374,687988,208406,1408,1
4375,655702,198640,1408,1
4376,911760,276289,1408,1
4377,624124,189056,1408,1
4378,659712,199853,1408,1
4379,622284,188499,1408,1
4380,606552,183730,1408,1
4381,605548,183413,1408,1
4382,609050,184491,1408,1
4383,610746,185004,1408,1
4384,603972,182952,1408,1
4385,602892,182658,1408,1
4386,584692,177104,1408,1
4387,587794,178053,1408,1
4388,558178,169068,1408,1
4389,596918,180831,1408,1
4390,556364,168532,1408,1
4391,569800,172597,1408,1
4392,541446,164014,1408,1
4393,542310,164263,1408,1
4394,541370,163989,1408,1
4395,558478,169189,1408,1
4396,591026,179048,1408,1
4397,526652,159532,1408,1
4398,499804,151398,1408,1
4399,496648,150430,1408,1
4400,510652,154704,1408,1
4401,869896,263513,1408,1
4402,695752,210758,1408,1
4403,526970,159633,1408,1
4404,718104,217566,1408,1
4405,661710,200443,1408,1
4406,737494,223378,1408,1
4407,597742,181121,1408,1
4408,514126,155736,1408,1
4409,502824,152314,1408,1
4410,541762,164122,1408,1
4411,498528,150989,1408,1
4412,674924,204451,1408,1
4413,539994,163567,1408,1
4414,688818,208653,1408,1
4415,578112,175130,1408,1
4416,513582,155575,1408,1
4417,526916,159587,1408,1
4418,525594,159210,1408,1
4419,525814,159264,1408,1
4420,939410,284798,1408,1
4421,536990,162661,1408,1
4422,846672,256979,1408,1
4423,593184,179700,1408,1
4424,517896,156883,1408,1
4425,511348,154873,1408,1
4426,525520,159204,1408,1
4427,523214,158506,1408,1
4428,566010,171465,1408,1
4429,837752,254882,1408,1
4430,574434,174017,1408,1
4431,524780,158970,1408,1
4432,522786,158356,1408,1
4433,521484,157961,1408,1
4434,519904,157462,1408,1
4435,507330,153680,1408,1
4436,516994,156614,1408,1
4437,507640,153772,1408,1
4438,508802,154122,1408,1
4439,512480,155233,1408,1
4440,521714,158165,1408,1
4441,500354,151540,1408,1
4442,751192,229358,1408,1
4443,723174,219132,1408,1
4444,706160,213922,1408,1
4445,518456,157022,1408,1
4446,524004,158728,1408,1
4447,521760,158047,1408,1
4448,531182,160901,1408,1
4449,693320,210141,1408,1
4450,544720,165019,1408,1
4451,874186,264802,1408,1
4452,864074,261763,1408,1
4453,547398,165818,1408,1
4454,564868,171106,1408,1
4455,581736,176216,1408,1
4456,616516,186769,1408,1
4457,582366,176407,1408,1
4458,582194,176354,1408,1
4459,576928,174759,1408,1
4460,559576,169501,1408,1
4461,563260,170591,1408,1
4462,573694,173804,1408,1
4463,570568,172831,1408,1
4464,988458,299834,1408,1
4465,606098,183611,1408,1
4466,1947454,591052,1408,1
4467,1139298,345072,1408,1
4468,555408,168248,1408,1
4469,838762,254078,1408,1
4470,864308,261921,1408,1
4471,969978,294104,1408,1
4472,893430,270634,1408,1
4473,833728,252789,1408,1
4474,557354,168831,1408,1
4475,634868,192282,1408,1
4476,554486,167961,1408,1
4477,958981,291166,1408,1
4478,875592,265355,1408,1
4479,572100,173296,1408,1
4480,851172,258408,1408,1
4481,577860,175060,1408,1
4482,616070,186595,1408,1
4483,971600,294283,1408,1
4484,823854,249587,1408,1
4485,945570,286470,1408,1
4486,909904,275650,1408,1
4487,896728,271619,1408,1
4488,583430,176725,1408,1
4489,581402,176116,1408,1
4490,564540,171007,1408,1
4491,567438,171885,1408,1
4492,631006,191153,1408,1
4493,566566,171621,1408,1
4494,565734,171367,1408,1
4495,565816,171391,1408,1
4496,582870,176575,1408,1
4497,550610,166788,1408,1
4498,573720,173804,1408,1
4499,543264,164564,1408,1
4500,576718,174734,1408,1
4501,551842,167168,1408,1
4502,1071140,324448,1408,1
4503,860904,260813,1408,1
4504,954336,289063,1408,1
4505,868240,262986,1408,1
4506,833574,252498,1408,1
4507,904710,274029,1408,1
4508,842692,255240,1408,1
4509,473682,143487,1408,1
4510,469008,142065,1408,1
4511,474066,143597,1408,1
4512,472200,143033,1408,1
4513,470378,142483,1408,1
4514,470156,142416,1408,1
4515,470482,142519,1408,1
4516,498986,151148,1408,1
4517,511120,154839,1408,1
4518,499540,151313,1408,1
4519,497904,150815,1408,1
4520,662154,200591,1408,1
4521,513540,155534,1408,1
4522,518424,157048,1408,1
4523,868442,263253,1408,1
4524,888026,269050,1408,1
4525,787918,238875,1408,1
4526,962196,291445,1408,1
4527,896224,271491,1408,1
4528,854304,258765,1408,1
4529,836418,253934,1408,1
4530,932870,282578,1408,1
4531,802872,243211,1408,1
4532,2387262,724751,1408,1
4533,852010,258078,1408,1
4534,919269,279598,1408,1
4535,863942,261732,1408,1
4536,673978,204172,1408,1
4537,813234,246364,1408,1
4538,815066,246971,1408,1
4539,653284,197938,1408,1
4540,1021652,309704,1408,1
4541,922602,279458,1408,1
4542,3246183,985413,1408,1
4543,539050,163288,1408,1
4544,537880,162919,1408,1
4545,540560,163738,1408,1
4546,538770,163202,1408,1
4547,833462,252987,1408,1
4548,731492,221666,1408,1
4549,519020,157228,1408,1
4550,526146,159379,1408,1
4551,529112,160294,1408,1
4552,791638,239806,1408,1
4553,1035137,313994,1408,1
4554,702728,212927,1408,1
4555,523228,158494,1408,1
4556,943820,286345,1408,1
4557,723318,219105,1408,1
4558,640290,194011,1408,1
4559,766918,232326,1408,1
4560,622144,188477,1408,1
4561,539116,163316,1408,1
4562,696648,211166,1408,1
4563,822388,249127,1408,1
4564,997063,303235,1408,1
4565,534240,161840,1408,1
4566,632374,191732,1408,1
4567,570538,172837,1408,1
4568,807667,245291,1408,1
4569,788088,238712,1408,1
4570,762680,231088,1408,1
4571,536198,162418,1408,1
4572,784070,237613,1408,1
4573,594496,180093,1408,1
4574,644838,195424,1408,1
4575,562772,170473,1408,1
4576,665722,201670,1408,1
4577,564160,170909,1408,1
4578,538294,163032,1408,1
4579,544450,164921,1408,1
4580,911634,276321,1408,1
4581,586726,177740,1408,1
4582,614426,186130,1408,1
4583,555212,168183,1408,1
4584,615092,186334,1408,1
4585,560136,169675,1408,1
4586,834562,252810,1408,1
4587,820786,248646,1408,1
4588,740340,224387,1408,1
4589,871360,263935,1408,1
4590,648180,196364,1408,1
4591,891192,270240,1408,1
4592,1050010,318211,1408,1
4593,917322,277927,1408,1
4594,1086098,329367,1408,1
4595,969238,293744,1408,1
4596,906076,274495,1408,1
4597,869030,263579,1408,1
4598,599916,181730,1408,1
4599,1159429,351770,1408,1
4600,1046296,317311,1408,1
4601,559690,169540,1408,1
4602,596264,180634,1408,1
4603,790364,239444,1408,1
4604,1019943,309724,1408,1
4605,896502,271547,1408,1
4606,801514,242811,1408,1
4607,852142,258120,1408,1
4608,854884,258942,1408,1
4609,982058,297463,1408,1
4610,605412,183849,1408,1
4611,590814,178983,1408,1
4612,1878088,569645,1408,1
4613,843758,255582,1408,1
4614,534700,161967,1408,1
4615,595826,180517,1408,1
4616,953190,288885,1408,1
4617,834064,252648,1408,1
4618,918670,278437,1408,1
4619,792294,240395,1408,1
4620,734622,222537,1408,1
4621,766452,232162,1408,1
4622,873994,264868,1408,1
4623,762307,231505,1408,1
4624,531394,160969,1408,1
4625,677798,205375,1408,1
4626,534902,162051,1408,1
4627,595832,180484,1408,1
4628,914294,276936,1408,1
4629,670682,203170,1408,1
4630,547272,165790,1408,1
4631,1368071,415492,1408,1
4632,1066054,323098,1408,1
4633,925825,280790,1408,1
4634,560852,169924,1408,1
4635,559890,169572,1408,1
4636,596548,180723,1408,1
4637,1002870,304119,1408,1
4638,903934,273796,1408,1
4639,923368,280021,1408,1
4640,1077274,326495,1408,1
4641,938614,284694,1408,1
4642,1026968,311378,1408,1
4643,897672,272279,1408,1
4644,618316,187297,1408,1
4645,886792,268857,1408,1
4646,625062,189338,1408,1
4647,988690,299514,1408,1
4648,895390,271232,1408,1
4649,935726,283476,1408,1
4650,653462,198005,1408,1
4651,755614,228913,1408,1
4652,1146430,347890,1408,1
4653,1948060,590428,1408,1
4654,573046,173594,1408,1
4655,1012590,306736,1408,1
4656,910142,275787,1408,1
4657,898800,272298,1408,1
4658,570060,172674,1408,1
4659,760342,230316,1408,1
4660,843802,255907,1408,1
4661,567876,172014,1408,1
4662,563922,170795,1408,1
4663,935820,283885,1408,1
4664,1226486,372633,1408,1
4665,851367,258634,1408,1
4666,948579,287710,1408,1
4667,833970,252664,1408,1
4668,569978,172652,1408,1
4669,909042,275424,1408,1
4670,818106,247805,1408,1
4671,708390,215002,1408,1
4672,852786,258348,1408,1
4673,901692,273127,1408,1
4674,562266,170327,1408,1
4675,884210,267840,1408,1
4676,909222,276252,1408,1
4677,746478,226271,1408,1
4678,583392,176731,1408,1
4679,552478,167350,1408,1
4680,600790,182001,1408,1
4681,2528280,770929,1408,1
4682,932720,282538,1408,1
4683,557144,168770,1408,1
4684,552756,167438,1408,1
4685,630384,190971,1408,1
4686,653648,198023,1408,1
4687,721448,218540,1408,1
4688,609294,184584,1408,1
4689,580050,175720,1408,1
4690,698490,211590,1408,1
4691,924060,280676,1408,1
4692,637454,193102,1408,1
4693,572348,173374,1408,1
4694,616938,186873,1408,1
4695,911724,276366,1408,1
4696,564586,170992,1408,1
4697,1032791,313436,1408,1
4698,765460,232003,1408,1
4699,570440,172784,1408,1
4700,571846,173307,1408,1
4701,894598,271097,1408,1
4702,567246,171827,1408,1
4703,577560,174951,1408,1
4704,742354,224870,1408,1
4705,721742,218635,1408,1
4706,575670,174398,1408,1
4707,635264,192448,1408,1
4708,815324,247064,1408,1
4709,655966,198726,1408,1
4710,638180,193353,1408,1
4711,822070,249102,1408,1
4712,589374,178531,1408,1
4713,769784,233171,1408,1
4714,3936692,1192564,1408,1
4715,962032,291658,1408,1
4716,827772,251511,1408,1
4717,961272,291658,1408,1
4718,830666,251873,1408,1
4719,824738,250923,1408,1
4720,725824,219873,1408,1
4721,1437379,435713,1408,1
4722,1449672,444215,1408,1
4723,595434,180360,1408,1
4724,770230,233331,1408,1
4725,796536,241330,1408,1
4726,693034,209941,1408,1
4727,814092,246693,1408,1
4728,719696,218194,1408,1
4729,810656,245585,1408,1
4730,828090,251132,1408,1
4731,871210,264190,1408,1
4732,4672748,1416064,1408,1
4733,1393429,422390,1408,1
4734,3152873,955275,1408,1
4735,1116590,338467,1408,1
4736,641768,194410,1408,1
4737,581500,176144,1408,1
4738,567012,171757,1408,1
4739,588740,178354,1408,1
4740,555266,168203,1408,1
4741,559132,169367,1408,1
4742,877556,265807,1408,1
4743,848396,257136,1408,1
4744,795624,241007,1408,1
4745,750178,227419,1408,1
4746,568528,172212,1408,1
4747,554790,168039,1408,1
4748,685698,207770,1408,1
4749,780728,236719,1408,1
4750,918812,278309,1408,1
4751,841314,254830,1408,1
4752,748908,226854,1408,1
4753,1130514,343068,1408,1
4754,1040112,315608,1408,1
4755,1587047,481045,1408,1
4756,931244,282077,1408,1
4757,631428,191285,1408,1
4758,782564,237047,1408,1
4759,846054,256284,1408,1
4760,567440,171885,1408,1
4761,1346705,409297,1408,1
4762,1118673,339220,1408,1
4763,928742,281404,1408,1
4764,577546,175039,1408,1
4765,575740,174392,1408,1
4766,592882,179589,1408,1
4767,881364,267078,1408,1
4768,984230,298150,1408,1
4769,887210,268767,1408,1
4770,987734,299196,1408,1
4771,977816,296600,1408,1
4772,991982,300483,1408,1
4773,920634,278858,1408,1
4774,759712,230157,1408,1
4775,683098,206936,1408,1
4776,1006897,305340,1408,1
4777,992820,300707,1408,1
4778,1027057,311733,1408,1
4779,924944,280218,1408,1
4780,893320,270587,1408,1
4781,800406,242526,1408,1
4782,1079098,327256,1408,1
4783,868122,263040,1408,1
4784,573318,173675,1408,1
4785,567366,171860,1408,1
4786,573834,173855,1408,1
4787,607234,183962,1408,1
4788,572262,173335,1408,1
4789,650302,196989,1408,1
4790,561320,170028,1408,1
4791,560864,170082,1408,1
4792,780122,236505,1408,1
4793,734252,222647,1408,1
4794,835348,253050,1408,1
4795,904066,273905,1408,1
4796,936194,283612,1408,1
4797,807380,244632,1408,1
4798,3249830,985364,1408,1
4799,1215581,369254,1408,1
4800,875486,265324,1408,1
4801,798014,241855,1408,1
4802,933736,282835,1408,1
4803,636060,193109,1408,1
4804,1107549,336557,1408,1
4805,595048,180276,1408,1
4806,570060,172685,1408,1
4807,956012,289567,1408,1
4808,793639,241271,1408,1
4809,960326,290894,1408,1
4810,874482,265011,1408,1
4811,708448,214616,1408,1
4812,576850,174748,1408,1
4813,813800,246511,1408,1
4814,576328,174583,1408,1
4815,907620,274921,1408,1
4816,1385582,420533,1408,1
4817,981196,297620,1408,1
4818,746992,226279,1408,1
4819,1021888,309633,1408,1
4820,930944,282070,1408,1
4821,1036288,314053,1408,1
4822,785228,237839,1408,1
4823,611858,185355,1408,1
4824,974362,295187,1408,1
4825,801532,242922,1408,1
4826,1027372,311447,1408,1
4827,729804,221069,1408,1
4828,1044716,316441,1408,1
4829,1078110,326559,1408,1
4830,1066220,322951,1408,1
4831,625310,189423,1408,1
4832,902650,273417,1408,1
4833,1062262,321758,1408,1
4834,694298,210366,1408,1
4835,903670,274094,1408,1
4836,592702,179541,1408,1
4837,940092,285136,1408,1
4838,929420,281690,1408,1
4839,1138356,345177,1408,1
4840,985870,298613,1408,1
4841,1037374,314425,1408,1
4842,1289126,390935,1408,1
4843,852292,258247,1408,1
4844,872712,264724,1408,1
4845,919190,278504,1408,1
4846,869058,263293,1408,1
4847,1558443,472566,1408,1
4848,820040,248395,1408,1
4849,1861646,564200,1408,1
4850,890130,269739,1408,1
4851,830970,251785,1408,1
4852,846094,256320,1408,1
4853,885502,268577,1408,1
4854,1968512,596463,1408,1
4855,586918,177787,1408,1
4856,849070,257184,1408,1
4857,684650,207411,1408,1
4858,698852,211702,1408,1
4859,831628,251921,1408,1
4860,572570,173438,1408,1
4861,964080,292187,1408,1
4862,942922,285664,1408,1
4863,568498,172203,1408,1
4864,1044742,316965,1408,1
4865,894314,270876,1408,1
4866,891266,269961,1408,1
4867,860288,260579,1408,1
4868,838630,255026,1408,1
4869,971012,294158,1408,1
4870,1063510,322526,1408,1
4871,1824024,552927,1408,1
4872,824466,249740,1408,1
4873,935493,283948,1408,1
4874,630848,191109,1408,1
4875,586204,177580,1408,1
4876,595312,180331,1408,1
4877,656088,198758,1408,1
4878,954476,289111,1408,1
4879,916030,277480,1408,1
4880,588542,178288,1408,1
4881,918226,278224,1408,1
4882,586210,177576,1408,1
4883,875012,265069,1408,1
4884,898856,272388,1408,1
4885,1011206,306296,1408,1
4886,978418,296360,1408,1
4887,760812,230469,1408,1
4888,1054588,319538,1408,1
4889,601624,182245,1408,1
4890,641136,194237,1408,1
4891,601170,182101,1408,1
4892,652628,197720,1408,1
4893,1543914,467937,1408,1
4894,953466,288818,1408,1
4895,1151029,349265,1408,1
4896,1082246,327807,1408,1
4897,1025800,310712,1408,1
4898,900860,272876,1408,1
4899,868758,263506,1408,1
4900,847028,256817,1408,1
4901,659130,199677,1408,1
4902,1067952,323496,1408,1
4903,571132,173023,1408,1
4904,1439547,436566,1408,1
4905,747088,226326,1408,1
4906,569582,172537,1408,1
4907,859710,260623,1408,1
4908,868696,264118,1408,1
4909,900156,272665,1408,1
4910,3398725,1029825,1408,1
4911,919558,278841,1408,1
4912,1343200,407438,1408,1
4913,991736,300405,1408,1
4914,775084,234808,1408,1
4915,770300,233328,1408,1
4916,912136,276294,1408,1
4917,1058828,320749,1408,1
4918,7262946,2201445,1408,1
4919,1791274,542829,1408,1
4920,951818,288299,1408,1
4921,647348,196109,1408,1
4922,824770,249808,1408,1
4923,820304,248474,1408,1
4924,722064,218709,1408,1
4925,693688,210358,1408,1
4926,667198,202119,1408,1
4927,818326,247898,1408,1
4928,621264,188221,1408,1
4929,1169957,354893,1408,1
4930,663124,200888,1408,1
4931,676404,204920,1408,1
4932,935834,284252,1408,1
4933,872278,264936,1408,1
4934,768428,232980,1408,1
4935,840386,254551,1408,1
4936,853856,258636,1408,1
4937,861566,260989,1408,1
4938,1087618,329715,1408,1
4939,966578,292789,1408,1
4940,1088810,329824,1408,1
4941,855548,259287,1408,1
4942,900858,272880,1408,1
4943,699762,211982,1408,1
4944,658960,199626,1408,1
4945,1060576,321411,1408,1
4946,1199173,363670,1408,1
4947,1047092,317649,1408,1
4948,1127855,342071,1408,1
4949,870276,263635,1408,1
4950,876062,265355,1408,1
4951,965524,292696,1408,1
4952,819526,248645,1408,1
4953,878896,266580,1408,1
4954,1408854,427400,1408,1
4955,996279,303318,1408,1
4956,694370,210381,1408,1
4957,668962,202725,1408,1
4958,671896,203538,1408,1
4959,623750,188963,1408,1
4960,905608,274315,1408,1
4961,1405621,426435,1408,1
4962,2029368,615112,1408,1
4963,940790,285100,1408,1
4964,968120,293240,1408,1
4965,1036888,314064,1408,1
4966,942282,285425,1408,1
4967,907786,275184,1408,1
4968,7076103,2144825,1408,1
4969,964232,292315,1408,1
4970,1061986,321669,1408,1
4971,764778,231678,1408,1
4972,831878,252166,1408,1
4973,935224,283306,1408,1
4974,892102,270226,1408,1
4975,1061180,321538,1408,1
4976,897026,271981,1408,1
4977,908522,275223,1408,1
4978,928008,281084,1408,1
4979,911020,275948,1408,1
4980,855956,259297,1408,1
4981,1167356,353625,1408,1
4982,851054,257943,1408,1
4983,945864,286575,1408,1
4984,695944,210848,1408,1
4985,1215300,368653,1408,1
4986,938800,284385,1408,1
4987,1131554,342746,1408,1
4988,1241835,376975,1408,1
4989,586730,177722,1408,1
4990,1020414,309144,1408,1
4991,1199708,363658,1408,1
4992,1019818,308892,1408,1
4993,853976,259326,1408,1
4994,598388,181258,1408,1
4995,591788,179262,1408,1
4996,589732,178640,1408,1
4997,608002,184172,1408,1
4998,601738,182275,1408,1
4999,603584,182835,1408,1
5000,1177424,356923,1408,1
5001,1362779,413115,1408,1
5002,1063730,322184,1408,1
5003,986348,298775,1408,1
5004,758636,229814,1408,1
5005,1003052,303902,1408,1
5006,935732,283440,1408,1
5007,1105444,335693,1408,1
5008,1365582,413798,1408,1
5009,3025881,917478,1408,1
5010,988394,299384,1408,1
5011,960008,290789,1408,1
5012,950628,288325,1408,1
5013,1021270,309376,1408,1
5014,944754,286274,1408,1
5015,911400,276241,1408,1
5016,1006272,305075,1408,1
5017,895196,271280,1408,1
5018,912044,276262,1408,1
5019,1060640,321263,1408,1
5020,1837971,558879,1408,1
5021,1114744,337695,1408,1
5022,1022916,309939,1408,1
5023,881884,267126,1408,1
5024,6689877,2028097,1408,1
5025,824552,249830,1408,1
5026,907062,274763,1408,1
5027,918380,278186,1408,1
5028,869764,263456,1408,1
5029,1169942,354840,1408,1
5030,1216584,368470,1408,1
5031,1252446,379376,1408,1
5032,953486,288831,1408,1
5033,909192,275392,1408,1
5034,1159086,354801,1408,1
5035,934630,283089,1408,1
5036,905790,274361,1408,1
5037,1797925,545050,1408,1
5038,1026842,311336,1408,1
5039,2350321,712209,1408,1
5040,932812,282547,1408,1
5041,856100,259489,1408,1
5042,886576,268570,1408,1
5043,908346,275159,1408,1
5044,753724,228550,1408,1
5045,906778,274708,1408,1
5046,1167628,354105,1408,1
5047,903922,273829,1408,1
5048,1189371,360952,1408,1
5049,947904,287204,1408,1
5050,1171470,355306,1408,1
5051,1026986,311143,1408,1
5052,1229448,372403,1408,1
5053,957108,289926,1408,1
5054,1255430,380851,1408,1
5055,968574,293434,1408,1
5056,871408,263971,1408,1
5057,882146,267195,1408,1
5058,960628,291252,1408,1
5059,931906,282368,1408,1
5060,890552,270133,1408,1
5061,899288,272459,1408,1
5062,918418,278212,1408,1
5063,924554,280101,1408,1
5064,917268,278046,1408,1
5065,1081408,327573,1408,1
5066,2546328,771841,1408,1
5067,1980223,600516,1408,1
5068,926272,280696,1408,1
5069,999926,303513,1408,1
5070,1019118,308803,1408,1
5071,1235782,374821,1408,1
5072,859914,260498,1408,1
5073,604984,183276,1408,1
5074,919706,278601,1408,1
5075,887372,268936,1408,1
5076,620986,188107,1408,1
5077,623846,188980,1408,1
5078,1174036,356283,1408,1
5079,1324616,402029,1408,1
5080,997160,302047,1408,1
5081,632930,191738,1408,1
5082,899442,272455,1408,1
5083,878190,266011,1408,1
5084,985830,298617,1408,1
5085,886092,268445,1408,1
5086,911266,276060,1408,1
5087,886582,268609,1408,1
5088,1310856,397262,1408,1
5089,879028,266348,1408,1
5090,939800,284710,1408,1
5091,916514,277661,1408,1
5092,883014,267766,1408,1
5093,925100,280262,1408,1
5094,983416,297949,1408,1
5095,1021514,309875,1408,1
5096,1223468,370873,1408,1
5097,1052828,318915,1408,1
5098,1117352,338516,1408,1
5099,852272,258185,1408,1
5100,759740,230154,1408,1
5101,679976,205991,1408,1
5102,1034380,313307,1408,1
5103,2127766,645767,1408,1
5104,1081650,327631,1408,1
5105,984606,298256,1408,1
5106,1694052,513451,1408,1
5107,1104282,334540,1408,1
5108,771732,233783,1408,1
5109,829428,251242,1408,1
5110,5969946,1809192,1408,1
5111,915274,277238,1408,1
5112,891038,270276,1408,1
5113,895884,271371,1408,1
5114,868464,263070,1408,1
5115,801274,242715,1408,1
5116,798726,241944,1408,1
5117,1092258,331009,1408,1
5118,585082,177229,1408,1
5119,674462,204319,1408,1
5120,809940,245371,1408,1
5121,624924,189319,1408,1
5122,679512,205849,1408,1
5123,857068,259613,1408,1
5124,948514,287307,1408,1
5125,944034,285941,1408,1
5126,961876,291423,1408,1
5127,627052,190010,1408,1
5128,589378,178527,1408,1
5129,587008,177814,1408,1
5130,1049231,318132,1408,1
5131,586468,177669,1408,1
5132,581772,176229,1408,1
5133,3025653,916864,1408,1
5134,922988,279706,1408,1
5135,780496,236430,1408,1
5136,840412,254716,1408,1
5137,887700,268897,1408,1
5138,580252,175786,1408,1
5139,667706,202294,1408,1
5140,548366,166108,1408,1
5141,556020,168426,1408,1
5142,536996,162673,1408,1
5143,2508978,760274,1408,1
5144,980786,297110,1408,1
5145,900390,272795,1408,1
5146,879296,266360,1408,1
5147,884202,268062,1408,1
5148,585134,177256,1408,1
5149,1101111,334194,1408,1
5150,796968,241423,1408,1
5151,784270,237573,1408,1
5152,1133600,343472,1408,1
5153,630386,190975,1408,1
5154,581944,176276,1408,1
5155,1105324,398812,1408,1
5156,827516,251728,1408,1
5157,570574,172840,1408,1
5158,862202,261855,1408,1
5159,887422,268851,1408,1
5160,831390,251884,1408,1
5161,820168,248471,1408,1
5162,874370,264834,1408,1
5163,1113964,337585,1408,1
5164,896910,271733,1408,1
5165,961486,291233,1408,1
5166,551946,167190,1408,1
5167,554126,167856,1408,1
5168,1101354,334221,1408,1
5169,778118,236046,1408,1
5170,835076,253189,1408,1
5171,867446,262754,1408,1
5172,532422,161283,1408,1
5173,529628,160433,1408,1
5174,537420,162789,1408,1
5175,540174,163626,1408,1
5176,844684,255853,1408,1
5177,969384,293740,1408,1
5178,728920,220813,1408,1
5179,942998,286002,1408,1
5180,2200444,667578,1408,1
5181,1054680,319468,1408,1
5182,754398,228529,1408,1
5183,694864,210496,1408,1
5184,674020,204184,1408,1
5185,605146,183326,1408,1
5186,842826,255479,1408,1
5187,629254,190628,1408,1
5188,568974,172350,1408,1
5189,569218,172428,1408,1
5190,575904,174446,1408,1
5191,584834,177175,1408,1
5192,557748,168935,1408,1
5193,546578,165562,1408,1
5194,566512,171630,1408,1
5195,543012,164462,1408,1
5196,843078,255632,1408,1
5197,975234,295381,1408,1
5198,576546,174661,1408,1
5199,510564,154654,1408,1
5200,513146,155414,1408,1
5201,567590,171944,1408,1
5202,504656,152868,1408,1
5203,835138,253115,1408,1
5204,859386,260331,1408,1
5205,766426,232621,1408,1
5206,805402,244035,1408,1
5207,836944,253504,1408,1
5208,783882,237607,1408,1
5209,740922,224639,1408,1
5210,819318,248196,1408,1
5211,885384,268251,1408,1
5212,1030366,312719,1408,1
5213,796208,241743,1408,1
5214,540744,163799,1408,1
5215,539816,163522,1408,1
5216,1151598,349117,1408,1
5217,795132,240852,1408,1
5218,556312,168511,1408,1
5219,864852,262166,1408,1
5220,784976,237787,1408,1
5221,954954,289473,1408,1
5222,668312,202487,1408,1
5223,573474,173712,1408,1
5224,871814,264158,1408,1
5225,1392482,422433,1408,1
5226,1041244,315400,1408,1
5227,790990,239714,1408,1
5228,701378,212605,1408,1
5229,757790,229562,1408,1
5230,596900,180828,1408,1
5231,835466,253088,1408,1
5232,578182,175173,1408,1
5233,568144,172118,1408,1
5234,867752,262849,1408,1
5235,815840,247159,1408,1
5236,552962,167511,1408,1
5237,725560,219910,1408,1
5238,694274,210482,1408,1
5239,661164,200381,1408,1
5240,1052292,319212,1408,1
5241,943074,285676,1408,1
5242,745550,225845,1408,1
5243,742172,224817,1408,1
5244,550728,166826,1408,1
5245,645252,195492,1408,1
5246,716850,217160,1408,1
5247,1120700,340077,1408,1
5248,1560011,472884,1408,1
5249,915556,277529,1408,1
5250,909378,275451,1408,1
5251,911782,276167,1408,1
5252,865358,262162,1408,1
5253,1002012,303634,1408,1
5254,964768,292283,1408,1
5255,696468,210985,1408,1
5256,844426,256190,1408,1
5257,629770,190783,1408,1
5258,1579679,479232,1408,1
5259,868224,263103,1408,1
5260,1115959,338466,1408,1
5261,914550,277021,1408,1
5262,942400,285521,1408,1
5263,926604,281549,1408,1
5264,939824,284984,1408,1
5265,1019054,308699,1408,1
5266,2211070,670198,1408,1
5267,1105156,334746,1408,1
5268,1327093,402563,1408,1
5269,1021156,309303,1408,1
5270,1093586,331706,1408,1
5271,963498,291857,1408,1
5272,950922,288065,1408,1
5273,1131348,342867,1408,1
5274,1054466,319579,1408,1
5275,1102572,334527,1408,1
5276,1010156,306041,1408,1
5277,1026748,311032,1408,1
5278,763962,231490,1408,1
5279,608364,184289,1408,1
5280,724916,219800,1408,1
5281,739566,224036,1408,1
5282,916692,278588,1408,1
5283,1092238,330864,1408,1
5284,624916,189504,1408,1
5285,724882,219616,1408,1
5286,583958,176889,1408,1
5287,586300,177595,1408,1
5288,587048,177827,1408,1
5289,592426,179466,1408,1
5290,580120,175727,1408,1
5291,650910,197199,1408,1
5292,910100,275812,1408,1
5293,863048,261492,1408,1
5294,866212,262380,1408,1
5295,871294,263928,1408,1
5296,1098806,332825,1408,1
5297,940720,284976,1408,1
5298,763468,231280,1408,1
5299,806168,244214,1408,1
5300,912998,276743,1408,1
5301,828466,250961,1408,1
5302,2410902,730562,1408,1
5303,901708,273290,1408,1
5304,929112,281423,1408,1
5305,903550,273755,1408,1
5306,575580,174346,1408,1
5307,746160,226027,1408,1
5308,806696,244408,1408,1
5309,538806,163211,1408,1
5310,914034,276857,1408,1
5311,822900,249259,1408,1
5312,921139,279975,1408,1
5313,540348,163698,1408,1
5314,605312,183385,1408,1
5315,1115366,338120,1408,1
5316,532370,161273,1408,1
5317,526686,159542,1408,1
5318,526922,159706,1408,1
5319,530038,160556,1408,1
5320,577460,174941,1408,1
5321,673154,204003,1408,1
5322,799654,242261,1408,1
5323,555636,168305,1408,1
5324,614674,186212,1408,1
5325,700756,212302,1408,1
5326,1015763,308289,1408,1
5327,955382,289384,1408,1
5328,2891090,876006,1408,1
5329,1184802,359698,1408,1
5330,923078,279748,1408,1
5331,893338,270898,1408,1
5332,899686,272725,1408,1
5333,1028694,311916,1408,1
5334,1049300,317895,1408,1
5335,948846,287834,1408,1
5336,943006,285725,1408,1
5337,736334,223144,1408,1
5338,1105926,334974,1408,1
5339,811936,246219,1408,1
5340,1528796,463034,1408,1
5341,1703922,516472,1408,1
5342,1839587,558003,1408,1
5343,879326,266343,1408,1
5344,887308,268784,1408,1
5345,852644,258276,1408,1
5346,920798,279064,1408,1
5347,1180672,358700,1408,1
5348,559152,169387,1408,1
5349,924253,280629,1408,1
5350,1375409,416900,1408,1
5351,554446,167949,1408,1
5352,555372,168231,1408,1
5353,554136,167852,1408,1
5354,578612,175295,1408,1
5355,688050,208488,1408,1
5356,576476,174620,1408,1
5357,573294,173661,1408,1
5358,567556,171916,1408,1
5359,566450,171585,1408,1
5360,565294,171237,1408,1
5361,753918,228372,1408,1
5362,568326,172155,1408,1
5363,595830,180501,1408,1
5364,795788,241651,1408,1
5365,574036,173896,1408,1
5366,804938,243817,1408,1
5367,886332,268662,1408,1
5368,878818,266316,1408,1
5369,638644,193483,1408,1
5370,908634,275233,1408,1
5371,665196,201513,1408,1
5372,688506,208526,1408,1
5373,1519222,461336,1408,1
5374,742442,225048,1408,1
5375,921910,279371,1408,1
5376,857534,259772,1408,1
5377,749454,227079,1408,1
5378,709716,215012,1408,1
5379,692712,209895,1408,1
5380,760638,230420,1408,1
5381,863486,261565,1408,1
5382,860350,260601,1408,1
5383,747028,227107,1408,1
5384,609290,184563,1408,1
5385,1259822,382391,1408,1
5386,851770,258009,1408,1
5387,779280,236060,1408,1
5388,905008,274198,1408,1
5389,963628,291893,1408,1
5390,946770,287090,1408,1
5391,991760,300642,1408,1
5392,906306,274547,1408,1
5393,915516,277356,1408,1
5394,1788064,542730,1408,1
5395,668670,202572,1408,1
5396,1025220,310539,1408,1
5397,687342,208216,1408,1
5398,856954,259754,1408,1
5399,615224,186460,1408,1
5400,558654,169228,1408,1
5401,625302,189505,1408,1
5402,686852,208067,1408,1
5403,621962,188397,1408,1
5404,772990,234391,1408,1
5405,572552,173439,1408,1
5406,1266590,384731,1408,1
5407,1529810,463767,1408,1
5408,973348,294843,1408,1
5409,715828,216833,1408,1
5410,895036,271123,1408,1
5411,912426,276376,1408,1
5412,576874,174749,1408,1
5413,593982,179940,1408,1
5414,772452,233995,1408,1
5415,789114,239046,1408,1
5416,761424,230639,1408,1
5417,859580,260397,1408,1
5418,918040,278104,1408,1
5419,878672,266160,1408,1
5420,709466,214972,1408,1
5421,557088,168747,1408,1
5422,932052,282404,1408,1
5423,1085886,329338,1408,1
5424,743202,225119,1408,1
5425,910816,275879,1408,1
5426,569084,172387,1408,1
5427,963408,292083,1408,1
5428,589746,178646,1408,1
5429,996842,301969,1408,1
5430,1075078,326050,1408,1
5431,1394034,422755,1408,1
5432,735105,223215,1408,1
5433,592302,179429,1408,1
5434,635498,192520,1408,1
5435,585186,177263,1408,1
5436,652608,197699,1408,1
5437,735090,222667,1408,1
5438,560658,169831,1408,1
5439,678096,205427,1408,1
5440,714322,216376,1408,1
5441,617784,187153,1408,1
5442,953514,288878,1408,1
5443,559992,169659,1408,1
5444,565210,171210,1408,1
5445,557844,169069,1408,1
5446,592564,179517,1408,1
5447,568428,172184,1408,1
5448,935048,283241,1408,1
5449,930434,281983,1408,1
5450,882588,267420,1408,1
5451,719494,218369,1408,1
5452,793136,240272,1408,1
5453,946170,286649,1408,1
5454,943190,285737,1408,1
5455,966908,292893,1408,1
5456,895232,271506,1408,1
5457,681670,206633,1408,1
5458,946058,286564,1408,1
5459,802526,243087,1408,1
5460,635472,192514,1408,1
5461,12204389,3696991,1408,1
5462,1137669,345041,1408,1
5463,828070,250841,1408,1
5464,651094,197263,1408,1
5465,708182,214573,1408,1
5466,886024,268507,1408,1
5467,894050,270844,1408,1
5468,943422,285807,1408,1
5469,858624,260875,1408,1
5470,810684,245608,1408,1
5471,933072,282624,1408,1
5472,897290,272063,1408,1
5473,644700,195305,1408,1
5474,576826,174748,1408,1
5475,988444,299873,1408,1
5476,713424,216339,1408,1
5477,967422,293016,1408,1
5478,808448,244882,1408,1
5479,815794,247109,1408,1
5480,870732,263818,1408,1
5481,843434,255592,1408,1
5482,985858,298608,1408,1
5483,824640,249904,1408,1
5484,909350,276170,1408,1
5485,1356883,411531,1408,1
5486,995654,301830,1408,1
5487,821456,249008,1408,1
5488,746684,226579,1408,1
5489,900270,272721,1408,1
5490,893424,270628,1408,1
5491,882516,267318,1408,1
5492,684426,207334,1408,1
5493,728454,220816,1408,1
5494,908352,275264,1408,1
5495,1342963,408093,1408,1
5496,885408,268654,1408,1
5497,2584440,783221,1408,1
5498,6965925,2110637,1408,1
5499,587620,178017,1408,1
5500,586438,177635,1408,1
5501,891516,270235,1408,1
5502,933986,283360,1408,1
5503,678288,205533,1408,1
5504,950460,288034,1408,1
5505,880623,267403,1408,1
5506,1112512,336975,1408,1
5507,926914,280771,1408,1
5508,1062896,322423,1408,1
5509,748882,226859,1408,1
5510,849772,257463,1408,1
5511,939150,284479,1408,1
5512,876482,266003,1408,1
5513,1039666,314921,1408,1
5514,950530,288108,1408,1
5515,992332,300589,1408,1
5516,934372,283035,1408,1
5517,967830,293147,1408,1
5518,765366,231865,1408,1
5519,821180,248769,1408,1
5520,885872,268350,1408,1
5521,958696,290718,1408,1
5522,943710,289949,1408,1
5523,828348,250912,1408,1
5524,892304,270298,1408,1
5525,882220,267216,1408,1
5526,950152,287912,1408,1
5527,998134,302842,1408,1
5528,887042,268718,1408,1
5529,806908,244419,1408,1
5530,1762897,534311,1408,1
5531,956614,289757,1408,1
5532,851854,258222,1408,1
5533,738744,223784,1408,1
5534,707292,214265,1408,1
5535,852760,258387,1408,1
5536,650518,197254,1408,1
5537,782896,237820,1408,1
5538,962126,291435,1408,1
5539,923338,279678,1408,1
5540,1352082,409819,1408,1
5541,826484,250520,1408,1
5542,874108,264827,1408,1
5543,802040,243016,1408,1
5544,578826,175372,1408,1
5545,709468,214957,1408,1
5546,678736,205626,1408,1
5547,4855339,1471424,1408,1
5548,881006,266858,1408,1
5549,1046304,316937,1408,1
5550,1008152,305531,1408,1
5551,1151758,349073,1408,1
5552,880294,266842,1408,1
5553,1060632,322505,1408,1
5554,942892,286135,1408,1
5555,1581070,479565,1408,1
5556,815952,247241,1408,1
5557,951316,288142,1408,1
5558,947028,286856,1408,1
5559,916996,277746,1408,1
5560,21294817,6450975,1408,1
5561,905506,274314,1408,1
5562,899220,272435,1408,1
5563,654194,198211,1408,1
5564,900960,272973,1408,1
5565,969052,293761,1408,1
5566,2057714,624215,1408,1
5567,628516,190410,1408,1
5568,1265246,383823,1408,1
5569,1094060,331486,1408,1
5570,872112,264447,1408,1
5571,582960,176591,1408,1
5572,707034,214194,1408,1
5573,904526,274117,1408,1
5574,846760,256540,1408,1
5575,841152,254837,1408,1
5576,1445855,439017,1408,1
5577,1853887,562872,1408,1
5578,677156,205135,1408,1
5579,627696,190158,1408,1
5580,932822,282679,1408,1
5581,787992,238908,1408,1
5582,931390,282297,1408,1
5583,859928,260496,1408,1
5584,1101599,334309,1408,1
5585,978389,296844,1408,1
5586,875891,265695,1408,1
5587,913836,277228,1408,1
5588,1021998,309558,1408,1
5589,571938,173259,1408,1
5590,819102,248159,1408,1
5591,748078,226619,1408,1
5592,886956,268651,1408,1
5593,863890,261683,1408,1
5594,872458,264264,1408,1
5595,1269651,385259,1408,1
5596,1435135,436081,1408,1
5597,641754,194420,1408,1
5598,818092,248151,1408,1
5599,968130,293350,1408,1
5600,826978,250554,1408,1
5601,849666,257425,1408,1
5602,822172,249055,1408,1
5603,637038,192984,1408,1
5604,866191,263103,1408,1
5605,958708,290594,1408,1
5606,2849056,863214,1408,1
5607,886658,268571,1408,1
5608,935248,283283,1408,1
5609,920486,278812,1408,1
5610,949098,287484,1408,1
5611,1003104,303833,1408,1
5612,800056,242361,1408,1
5613,1059280,320873,1408,1
5614,1203114,364422,1408,1
5615,1060456,321804,1408,1
5616,766742,232273,1408,1
5617,855212,259403,1408,1
5618,916630,277642,1408,1
5619,820074,248621,1408,1
5620,844872,256352,1408,1
5621,656242,198942,1408,1
5622,918962,278353,1408,1
5623,1279239,388373,1408,1
5624,901608,273236,1408,1
5625,905080,274170,1408,1
5626,962626,291576,1408,1
5627,945806,286509,1408,1
5628,1083512,328209,1408,1
5629,650792,197150,1408,1
5630,1038372,315131,1408,1
5631,651778,197470,1408,1
5632,955394,289411,1408,1
5633,609044,184501,1408,1
5634,1024862,310957,1408,1
5635,952716,288756,1408,1
5636,1016010,307753,1408,1
5637,1833218,555317,1408,1
5638,755010,228956,1408,1
5639,729846,221188,1408,1
5640,633366,191881,1408,1
5641,617944,187205,1408,1
5642,589784,178670,1408,1
5643,951542,288275,1408,1
5644,1002482,303651,1408,1
5645,1062748,322263,1408,1
5646,959224,290549,1408,1
5647,1073274,325485,1408,1
5648,948742,287387,1408,1
5649,1141164,346362,1408,1
5650,3339909,1011922,1408,1
5651,624180,189069,1408,1
5652,816960,247797,1408,1
5653,679562,205868,1408,1
5654,603950,182949,1408,1
5655,641794,194432,1408,1
5656,971964,294425,1408,1
5657,1358999,412208,1408,1
5658,960678,291182,1408,1
5659,1006850,305245,1408,1
5660,967346,293112,1408,1
5661,1302412,394663,1408,1
5662,1021972,309544,1408,1
5663,1034750,313774,1408,1
5664,17788248,5388158,1408,1
5665,972076,294437,1408,1
5666,870654,263720,1408,1
5667,1003536,305103,1408,1
5668,883518,267622,1408,1
5669,875064,265068,1408,1
5670,847928,256986,1408,1
5671,1122384,339980,1408,1
5672,1049599,318398,1408,1
5673,589020,178430,1408,1
5674,579564,175581,1408,1
5675,570510,172818,1408,1
5676,935402,283665,1408,1
5677,824270,249716,1408,1
5678,625782,189569,1408,1
5679,1147957,348421,1408,1
5680,559924,169621,1408,1
5681,754490,228783,1408,1
5682,872512,264310,1408,1
5683,1132210,343514,1408,1
5684,594800,180207,1408,1
5685,963006,291710,1408,1
5686,854032,259446,1408,1
5687,1164762,352824,1408,1
5688,959362,290926,1408,1
5689,849766,257411,1408,1
5690,1035194,313571,1408,1
5691,1029038,312213,1408,1
5692,932184,282579,1408,1
5693,935630,283404,1408,1
5694,841734,255533,1408,1
5695,849214,257305,1408,1
5696,1049858,318005,1408,1
5697,2124476,644377,1408,1
5698,907392,274854,1408,1
5699,990030,299867,1408,1
5700,1165358,353468,1408,1
5701,865972,263042,1408,1
5702,883852,267778,1408,1
5703,1298357,393737,1408,1
5704,957000,290489,1408,1
5705,810166,245437,1408,1
5706,1822923,571817,1408,1
5707,657812,199283,1408,1
5708,638666,193474,1408,1
5709,568220,172126,1408,1
5710,734462,222485,1408,1
5711,702214,212731,1408,1
5712,1005940,304887,1408,1
5713,960968,291107,1408,1
5714,682066,206619,1408,1
5715,977882,296200,1408,1
5716,919604,278956,1408,1
5717,770782,233494,1408,1
5718,959371,291691,1408,1
5719,994134,301442,1408,1
5720,832994,252324,1408,1
5721,865298,262111,1408,1
5722,847318,256817,1408,1
5723,664118,201176,1408,1
5724,1026397,311640,1408,1
5725,722452,218966,1408,1
5726,609336,184594,1408,1
5727,918220,278462,1408,1
5728,1044266,316443,1408,1
5729,861680,261958,1408,1
5730,696832,211092,1408,1
5731,673116,203938,1408,1
5732,827528,250664,1408,1
5733,866090,262376,1408,1
5734,862582,261788,1408,1
5735,580202,175732,1408,1
5736,610748,185018,1408,1
5737,566926,172133,1408,1
5738,568596,172233,1408,1
5739,662534,200708,1408,1
5740,699286,211851,1408,1
5741,2674325,811161,1408,1
5742,894884,271605,1408,1
5743,551594,167077,1408,1
5744,554524,167972,1408,1
5745,553672,167712,1408,1
5746,568890,172339,1408,1
5747,523500,158575,1408,1
5748,496770,150478,1408,1
5749,549346,166422,1408,1
5750,487786,147754,1408,1
5751,769318,233206,1408,1
5752,825756,250144,1408,1
5753,738374,223667,1408,1
5754,713732,216209,1408,1
5755,959588,290668,1408,1
5756,1002544,303661,1408,1
5757,848466,256992,1408,1
5758,863592,261583,1408,1
5759,908840,275287,1408,1
5760,747310,226384,1408,1
5761,614442,186140,1408,1
5762,585580,177384,1408,1
5763,586026,177514,1408,1
5764,765542,231901,1408,1
5765,930960,282120,1408,1
5766,1069552,324352,1408,1
5767,899946,272743,1408,1
5768,975520,295856,1408,1
5769,884705,268360,1408,1
5770,1029304,312093,1408,1
5771,1013180,306939,1408,1
5772,789494,239132,1408,1
5773,872128,264161,1408,1
5774,842450,255358,1408,1
5775,850264,257610,1408,1
5776,899032,272339,1408,1
5777,767822,232812,1408,1
5778,887388,268790,1408,1
5779,917800,277995,1408,1
5780,882368,267269,1408,1
5781,641326,194285,1408,1
5782,565244,171198,1408,1
5783,680474,206139,1408,1
5784,549284,166385,1408,1
5785,892020,270189,1408,1
5786,825108,249933,1408,1
5787,1223662,370769,1408,1
5788,554788,168059,1408,1
5789,925134,280230,1408,1
5790,840496,254634,1408,1
5791,815560,247087,1408,1
5792,568764,172282,1408,1
5793,567094,171780,1408,1
5794,555172,168170,1408,1
5795,730562,221307,1408,1
5796,556566,168591,1408,1
5797,805470,243957,1408,1
5798,966752,292813,1408,1
5799,767206,232508,1408,1
5800,593214,179709,1408,1
5801,979800,296771,1408,1
5802,3257966,987521,1408,1
5803,1247354,377947,1408,1
5804,1046732,317063,1408,1
5805,888430,269106,1408,1
5806,1148178,347931,1408,1
5807,939084,284476,1408,1
5808,768464,232801,1408,1
5809,856386,259516,1408,1
5810,554738,168039,1408,1
5811,918654,278263,1408,1
5812,720260,218209,1408,1
5813,614828,186255,1408,1
5814,710762,215306,1408,1
5815,556132,168463,1408,1
5816,541192,163936,1408,1
5817,540058,163565,1408,1
5818,540612,163763,1408,1
5819,1103908,334448,1408,1
5820,1086082,328938,1408,1
5821,770408,233387,1408,1
5822,636588,192834,1408,1
5823,638784,193503,1408,1
5824,708644,214666,1408,1
5825,842148,255090,1408,1
5826,886004,268373,1408,1
5827,863860,261695,1408,1
5828,883436,267892,1408,1
5829,907804,275446,1408,1
5830,912718,276991,1408,1
5831,891964,270174,1408,1
5832,930538,281858,1408,1
5833,961998,291407,1408,1
5834,9471028,2959746,1408,1
5835,1003128,304168,1408,1
5836,1337918,405653,1408,1
5837,693428,210115,1408,1
5838,969552,293770,1408,1
5839,1050082,318213,1408,1
5840,839428,254292,1408,1
5841,650494,197063,1408,1
5842,593450,179761,1408,1
5843,686706,208035,1408,1
5844,604596,183151,1408,1
5845,725052,219814,1408,1
5846,916370,277637,1408,1
5847,903502,273898,1408,1
5848,637542,193135,1408,1
5849,567668,171955,1408,1
5850,568286,172140,1408,1
5851,565756,171376,1408,1
5852,704230,213407,1408,1
5853,676116,204819,1408,1
5854,1190725,361191,1408,1
5855,1073270,325436,1408,1
5856,743400,225192,1408,1
5857,619652,187720,1408,1
5858,690564,209270,1408,1
5859,667290,202152,1408,1
5860,758908,230022,1408,1
5861,1027368,311197,1408,1
5862,949328,287555,1408,1
5863,740510,224751,1408,1
5864,819762,248349,1408,1
5865,647358,196110,1408,1
5866,670652,203185,1408,1
5867,575892,174442,1408,1
5868,558376,169141,1408,1
5869,585726,177440,1408,1
5870,559848,169558,1408,1
5871,571978,173238,1408,1
5872,552530,167369,1408,1
5873,588844,178383,1408,1
5874,691140,209361,1408,1
5875,548790,166235,1408,1
5876,551638,167099,1408,1
5877,555170,168169,1408,1
5878,666004,201799,1408,1
5879,600290,181856,1408,1
5880,702846,213043,1408,1
5881,658702,199556,1408,1
5882,975900,295631,1408,1
5883,1012114,306684,1408,1
5884,727072,220261,1408,1
5885,889448,269468,1408,1
5886,787666,238596,1408,1
5887,844752,255906,1408,1
5888,791496,239759,1408,1
5889,884802,268018,1408,1
5890,1368170,415986,1408,1
5891,1431174,433496,1408,1
5892,625706,189550,1408,1
5893,645014,195399,1408,1
5894,717572,217374,1408,1
5895,605602,183462,1408,1
5896,672276,203656,1408,1
5897,898470,272651,1408,1
5898,1018000,308361,1408,1
5899,1073406,325144,1408,1
5900,1045992,316870,1408,1
5901,1055038,319573,1408,1
5902,1240916,375901,1408,1
5903,5069701,1535750,1408,1
5904,1324998,401448,1408,1
5905,896812,271650,1408,1
5906,1083954,328909,1408,1
5907,1046830,317095,1408,1
5908,881988,267330,1408,1
5909,899006,272515,1408,1
5910,661662,200436,1408,1
5911,601884,182315,1408,1
5912,720366,218176,1408,1
5913,899260,272472,1408,1
5914,615618,186497,1408,1
5915,671002,203275,1408,1
5916,841560,254922,1408,1
5917,821586,249375,1408,1
5918,908750,275256,1408,1
5919,971558,294269,1408,1
5920,955266,289351,1408,1
5921,865094,262056,1408,1
5922,881168,267023,1408,1
5923,903610,273771,1408,1
5924,829398,251275,1408,1
5925,891396,270258,1408,1
5926,1113158,337392,1408,1
5927,985620,298523,1408,1
5928,975966,295615,1408,1
5929,1700493,515660,1408,1
5930,1100466,333693,1408,1
5931,1703809,516852,1408,1
5932,954804,289208,1408,1
5933,952170,288438,1408,1
5934,975828,295824,1408,1
5935,1152824,349293,1408,1
5936,1072228,324776,1408,1
5937,965590,292473,1408,1
5938,956992,289958,1408,1
5939,971296,294435,1408,1
5940,920978,279107,1408,1
5941,3498824,1060079,1408,1
5942,1491174,452110,1408,1
5943,1077256,326356,1408,1
5944,1089864,330111,1408,1
5945,1101170,333532,1408,1
5946,1015528,307600,1408,1
5947,960692,291056,1408,1
5948,918464,278218,1408,1
5949,906030,274516,1408,1
5950,1003826,304199,1408,1
5951,967420,293082,1408,1
5952,1446564,439197,1408,1
5953,1108575,336079,1408,1
5954,995824,301653,1408,1
5955,886158,268436,1408,1
5956,950260,287840,1408,1
5957,867038,262757,1408,1
5958,1080119,327918,1408,1
5959,1074207,325826,1408,1
5960,633578,191944,1408,1
5961,657956,199351,1408,1
5962,891864,270495,1408,1
5963,792432,240052,1408,1
5964,654914,198413,1408,1
5965,813212,247727,1408,1
5966,1028318,311503,1408,1
5967,1213104,367528,1408,1
5968,691900,209602,1408,1
5969,957284,290028,1408,1
5970,1010214,306411,1408,1
5971,921894,279480,1408,1
5972,871536,263989,1408,1
5973,819142,248217,1408,1
5974,691176,209403,1408,1
5975,613356,185841,1408,1
5976,876234,265542,1408,1
5977,827274,250595,1408,1
5978,795770,241041,1408,1
5979,980540,297252,1408,1
5980,851478,258091,1408,1
5981,992542,300686,1408,1
5982,1430432,434043,1408,1
5983,1073795,327014,1408,1
5984,672215,204250,1408,1
5985,937436,283938,1408,1
5986,833768,252822,1408,1
5987,774082,234805,1408,1
5988,669464,202803,1408,1
5989,559778,169566,1408,1
5990,804796,243784,1408,1
5991,3728133,1130009,1408,1
5992,568666,172254,1408,1
5993,570888,172929,1408,1
5994,2153398,652645,1408,1
5995,904850,274084,1408,1
5996,1099658,333981,1408,1
5997,905688,274328,1408,1
5998,886874,268727,1408,1
5999,939492,284664,1408,1
6000,626230,189703,1408,1
6001,911762,276266,1408,1
6002,913990,276935,1408,1
6003,938718,284415,1408,1
6004,679596,205891,1408,1
6005,900634,273004,1408,1
6006,647542,196166,1408,1
6007,832068,252047,1408,1
6008,960730,291040,1408,1
6009,630284,190922,1408,1
6010,572290,173363,1408,1
6011,583342,176705,1408,1
6012,762592,231005,1408,1
6013,1158198,350783,1408,1
6014,931340,282580,1408,1
6015,902968,273508,1408,1
6016,722284,218803,1408,1
6017,769846,233446,1408,1
6018,834872,252983,1408,1
6019,867788,262853,1408,1
6020,537794,162909,1408,1
6021,925980,282820,1408,1
6022,577524,174970,1408,1
6023,554878,168098,1408,1
6024,541196,163909,1408,1
6025,822898,249826,1408,1
6026,524156,158770,1408,1
6027,519846,157469,1408,1
6028,563382,170677,1408,1
6029,515370,156111,1408,1
6030,516234,156374,1408,1
6031,748088,226724,1408,1
6032,558394,169161,1408,1
6033,692084,209731,1408,1
6034,906064,274702,1408,1
6035,549222,166442,1408,1
6036,500536,151627,1408,1
6037,510976,154808,1408,1
6038,497144,150596,1408,1
6039,664207,201649,1408,1
6040,829258,251196,1408,1
6041,499000,151157,1408,1
6042,610430,184915,1408,1
6043,751252,227750,1408,1
6044,516518,156445,1408,1
6045,529908,160517,1408,1
6046,535456,162193,1408,1
6047,538784,163205,1408,1
6048,842654,255534,1408,1
6049,1053850,319216,1408,1
6050,792834,240157,1408,1
6051,865722,286073,1408,1
6052,886650,268582,1408,1
6053,1435869,435268,1408,1
6054,646126,195732,1408,1
6055,622484,188587,1408,1
6056,1192667,361634,1408,1
6057,941440,285190,1408,1
6058,955560,290011,1408,1
6059,955816,289507,1408,1
6060,812556,246143,1408,1
6061,558866,169289,1408,1
6062,632320,191554,1408,1
6063,933344,282722,1408,1
6064,876388,265727,1408,1
6065,740698,224391,1408,1
6066,986661,299529,1408,1
6067,734196,222417,1408,1
6068,1131920,343161,1408,1
6069,1069400,324319,1408,1
6070,590990,179028,1408,1
6071,911066,276042,1408,1
6072,583982,176893,1408,1
6073,635214,192431,1408,1
6074,554010,167823,1408,1
6075,818094,247904,1408,1
6076,932942,282619,1408,1
6077,591462,179182,1408,1
6078,567860,171995,1408,1
6079,694118,210323,1408,1
6080,687972,208407,1408,1
6081,557782,168962,1408,1
6082,879026,266746,1408,1
6083,714354,216394,1408,1
6084,729994,221143,1408,1
6085,994982,301385,1408,1
6086,596806,180778,1408,1
6087,601782,182307,1408,1
6088,753288,228177,1408,1
6089,903068,273554,1408,1
6090,901756,273139,1408,1
6091,572494,173403,1408,1
6092,587758,178146,1408,1
6093,552948,167494,1408,1
6094,571500,173154,1408,1
6095,529682,160450,1408,1
6096,528436,160073,1408,1
6097,517448,156741,1408,1
6098,514562,155944,1408,1
6099,503902,152639,1408,1
6100,498320,150945,1408,1
6101,499338,151257,1408,1
6102,796588,241524,1408,1
6103,483376,146426,1408,1
6104,475732,144104,1408,1
6105,472016,142969,1408,1
6106,474922,143860,1408,1
6107,472532,143127,1408,1
6108,486068,147237,1408,1
6109,735882,222999,1408,1
6110,753622,228284,1408,1
6111,1006393,305630,1408,1
6112,940375,285228,1408,1
6113,896550,271702,1408,1
6114,812254,246069,1408,1
6115,853298,258465,1408,1
6116,847984,257060,1408,1
6117,830410,251525,1408,1
6118,904842,274681,1408,1
6119,808982,245440,1408,1
6120,953298,289203,1408,1
6121,704662,213474,1408,1
6122,1352360,410720,1408,1
6123,1086530,329880,1408,1
6124,922748,279777,1408,1
6125,999998,302903,1408,1
6126,1023382,310080,1408,1
6127,636040,192685,1408,1
6128,958890,290656,1408,1
6129,993282,300857,1408,1
6130,608060,184212,1408,1
6131,663396,200962,1408,1
6132,723186,219089,1408,1
6133,658836,199594,1408,1
6134,1352204,409904,1408,1
6135,935020,283211,1408,1
6136,876410,265499,1408,1
6137,881056,266883,1408,1
6138,1075274,325900,1408,1
6139,605806,183527,1408,1
6140,785754,238014,1408,1
6141,880038,266728,1408,1
6142,922272,279448,1408,1
6143,571146,173018,1408,1
6144,1047094,317157,1408,1
6145,1050946,318326,1408,1
6146,555156,168168,1408,1
6147,551142,166946,1408,1
6148,552884,167475,1408,1
6149,549932,166582,1408,1
6150,553208,167575,1408,1
6151,547912,165971,1408,1
6152,539742,163518,1408,1
6153,524910,159003,1408,1
6154,731678,221819,1408,1
6155,531568,161028,1408,1
6156,544468,164942,1408,1
6157,512168,155143,1408,1
6158,977552,296454,1408,1
6159,577886,175067,1408,1
6160,515824,156250,1408,1
6161,517164,156655,1408,1
6162,511598,154947,1408,1
6163,546764,165639,1408,1
6164,524432,158863,1408,1
6165,515660,156201,1408,1
6166,511368,154900,1408,1
6167,827774,250742,1408,1
6168,506162,153323,1408,1
6169,541974,164187,1408,1
6170,496270,150317,1408,1
6171,493800,149603,1408,1
6172,664848,201642,1408,1
6173,529670,160423,1408,1
6174,719118,217851,1408,1
6175,484578,146786,1408,1
6176,483602,146490,1408,1
6177,544738,165023,1408,1
6178,540838,163828,1408,1
6179,542918,164481,1408,1
6180,561790,170168,1408,1
6181,545558,165257,1408,1
6182,621288,188211,1408,1
6183,562470,170609,1408,1
6184,781430,236717,1408,1
6185,816130,247192,1408,1
6186,812660,246168,1408,1
6187,815810,247116,1408,1
6188,565950,171438,1408,1
6189,569170,172405,1408,1
6190,571836,173238,1408,1
6191,958364,290276,1408,1
6192,571990,173263,1408,1
6193,557648,168905,1408,1
6194,561794,170177,1408,1
6195,561000,169938,1408,1
6196,581122,176050,1408,1
6197,754608,228881,1408,1
6198,1098066,332900,1408,1
6199,991996,300713,1408,1
6200,945508,286393,1408,1
6201,957814,290206,1408,1
6202,966958,292893,1408,1
6203,952364,288462,1408,1
6204,1434377,435156,1408,1
6205,937540,283992,1408,1
6206,1120448,339994,1408,1
6207,893964,270800,1408,1
6208,779060,235994,1408,1
6209,878434,266143,1408,1
6210,871352,263934,1408,1
6211,865192,262073,1408,1
6212,873054,264531,1408,1
6213,864550,261911,1408,1
6214,955814,289536,1408,1
6215,876450,265573,1408,1
6216,556478,168566,1408,1
6217,559964,169621,1408,1
6218,561370,170050,1408,1
6219,560454,169770,1408,1
6220,554788,168028,1408,1
6221,573122,173610,1408,1
6222,573288,173659,1408,1
6223,571034,172950,1408,1
6224,582644,176490,1408,1
6225,579378,175500,1408,1
6226,575540,174336,1408,1
6227,684758,207438,1408,1
6228,605338,183389,1408,1
6229,1066908,323176,1408,1
6230,613292,185796,1408,1
6231,597288,180952,1408,1
6232,571296,173027,1408,1
6233,579898,175658,1408,1
6234,630534,190991,1408,1
6235,557894,168997,1408,1
6236,555870,168366,1408,1
6237,557078,168747,1408,1
6238,561878,170202,1408,1
6239,606378,183697,1408,1
6240,544936,165162,1408,1
6241,567272,171852,1408,1
6242,542894,164447,1408,1
6243,575404,174318,1408,1
6244,544080,164825,1408,1
6245,539370,163370,1408,1
6246,541144,163909,1408,1
6247,1589920,481622,1408,1
6248,665470,201601,1408,1
6249,550280,166686,1408,1
6250,550314,166696,1408,1
6251,555030,168138,1408,1
6252,700624,212235,1408,1
6253,701890,212805,1408,1
6254,536568,162531,1408,1
6255,535502,162208,1408,1
6256,535698,162276,1408,1
6257,532290,161237,1408,1
6258,565730,171369,1408,1
6259,547500,165866,1408,1
6260,712228,215765,1408,1
6261,926760,280714,1408,1
6262,709290,214861,1408,1
6263,727148,220282,1408,1
6264,811606,245862,1408,1
6265,559372,169442,1408,1
6266,556504,168574,1408,1
6267,842930,255372,1408,1
6268,559034,169321,1408,1
6269,615490,186455,1408,1
6270,553244,167558,1408,1
6271,541120,163917,1408,1
6272,546092,165420,1408,1
6273,528062,159959,1408,1
6274,532060,161175,1408,1
6275,814142,246657,1408,1
6276,541564,164325,1408,1
6277,571262,173059,1408,1
6278,543202,164545,1408,1
6279,573714,173800,1408,1
6280,521222,157885,1408,1
6281,624078,189051,1408,1
6282,519936,157491,1408,1
6283,706242,213938,1408,1
6284,731764,222060,1408,1
6285,799730,242244,1408,1
6286,785264,237894,1408,1
6287,1115193,339397,1408,1
6288,888726,269216,1408,1
6289,849098,257194,1408,1
6290,1103970,334701,1408,1
6291,521258,157895,1408,1
6292,537036,162680,1408,1
6293,752352,228060,1408,1
6294,804166,243731,1408,1
6295,854668,258872,1408,1
6296,956384,289692,1408,1
6297,989322,299816,1408,1
6298,949174,287502,1408,1
6299,1019194,308707,1408,1
6300,1089324,330389,1408,1
6301,771832,233819,1408,1
6302,610762,185005,1408,1
6303,611348,185189,1408,1
6304,641200,194249,1408,1
6305,1029132,311756,1408,1
6306,839718,254380,1408,1
6307,622198,188471,1408,1
6308,605700,183474,1408,1
6309,582650,176492,1408,1
6310,1624123,499234,1408,1
6311,575634,174367,1408,1
6312,559342,169429,1408,1
6313,582374,176424,1408,1
6314,555504,168247,1408,1
6315,542462,164319,1408,1
6316,526518,159494,1408,1
6317,605250,183345,1408,1
6318,820120,248413,1408,1
6319,753646,228283,1408,1
6320,735972,222949,1408,1
6321,527756,159863,1408,1
6322,526674,159523,1408,1
6323,542512,164334,1408,1
6324,856912,259666,1408,1
6325,649442,196741,1408,1
6326,550796,166844,1408,1
6327,550340,166706,1408,1
6328,609342,184598,1408,1
6329,541842,164130,1408,1
6330,543552,164647,1408,1
6331,555810,168368,1408,1
6332,1038146,314441,1408,1
6333,560992,169919,1408,1
6334,558898,169301,1408,1
6335,887676,268954,1408,1
6336,558538,169191,1408,1
6337,555500,168270,1408,1
6338,559034,169336,1408,1
6339,556360,168532,1408,1
6340,556992,168692,1408,1
6341,555326,168218,1408,1
6342,560058,169637,1408,1
6343,655352,198552,1408,1
6344,525498,159163,1408,1
6345,616972,186913,1408,1
6346,524744,158929,1408,1
6347,577594,174976,1408,1
6348,851352,257863,1408,1
6349,912920,276524,1408,1
6350,525682,159238,1408,1
6351,538224,163051,1408,1
6352,497358,150658,1408,1
6353,772766,234077,1408,1
6354,834825,253373,1408,1
6355,500646,151655,1408,1
6356,501322,151860,1408,1
6357,502812,152312,1408,1
6358,517750,156838,1408,1
6359,528062,159958,1408,1
6360,895900,271374,1408,1
6361,1215564,368174,1408,1
6362,827038,250547,1408,1
6363,857810,259853,1408,1
6364,921494,279131,1408,1
6365,1000712,303125,1408,1
6366,920000,278702,1408,1
6367,851090,257819,1408,1
6368,864608,261929,1408,1
6369,788632,238887,1408,1
6370,922944,279877,1408,1
6371,981825,297962,1408,1
6372,901652,273111,1408,1
6373,894120,270949,1408,1
6374,916932,277741,1408,1
6375,578382,175200,1408,1
6376,919706,278667,1408,1
6377,969964,293822,1408,1
6378,1064456,323021,1408,1
6379,574102,173905,1408,1
6380,557256,168787,1408,1
6381,821180,248745,1408,1
6382,581924,176301,1408,1
6383,732278,221814,1408,1
6384,802758,243162,1408,1
6385,641750,194440,1408,1
6386,899546,272462,1408,1
6387,986514,298816,1408,1
6388,595082,180254,1408,1
6389,748246,226739,1408,1
6390,903566,273782,1408,1
6391,920004,278683,1408,1
6392,706954,214151,1408,1
6393,570694,172873,1408,1
6394,569342,172466,1408,1
6395,556488,168570,1408,1
6396,570092,172676,1408,1
6397,574448,174004,1408,1
6398,594124,179986,1408,1
6399,557800,168943,1408,1
6400,949540,287691,1408,1
6401,920278,278758,1408,1
6402,648628,196498,1408,1
6403,551080,166927,1408,1
6404,587484,177972,1408,1
6405,885758,268881,1408,1
6406,595184,180304,1408,1
6407,549168,166351,1408,1
6408,550686,166812,1408,1
6409,574350,173977,1408,1
6410,670790,203215,1408,1
6411,649948,196978,1408,1
6412,570932,172944,1408,1
6413,579476,175555,1408,1
6414,580138,175755,1408,1
6415,646464,195861,1408,1
6416,893676,270697,1408,1
6417,606478,183733,1408,1
6418,772374,233955,1408,1
6419,553344,167642,1408,1
6420,542332,164277,1408,1
6421,560748,169879,1408,1
6422,865572,262173,1408,1
6423,628084,190284,1408,1
6424,554002,167813,1408,1
6425,557986,169016,1408,1
6426,852094,258112,1408,1
6427,1867398,566725,1408,1
6428,752504,227951,1408,1
6429,839366,254349,1408,1
6430,778036,235686,1408,1
6431,577580,174953,1408,1
6432,582928,176569,1408,1
6433,594238,179995,1408,1
6434,573962,173858,1408,1
6435,1307612,396476,1408,1
6436,946660,286942,1408,1
6437,978370,296490,1408,1
6438,747456,226443,1408,1
6439,628142,190294,1408,1
6440,607870,184147,1408,1
6441,640200,194023,1408,1
6442,592558,179517,1408,1
6443,616544,186775,1408,1
6444,563994,170852,1408,1
6445,567540,171912,1408,1
6446,569262,172436,1408,1
6447,555302,168210,1408,1
6448,590644,178929,1408,1
6449,586200,177578,1408,1
6450,534272,161838,1408,1
6451,534474,161899,1408,1
6452,534662,161958,1408,1
6453,533102,161486,1408,1
6454,527238,159710,1408,1
6455,873234,264504,1408,1
6456,705102,213737,1408,1
6457,1095076,332020,1408,1
6458,809643,245581,1408,1
6459,744408,225501,1408,1
6460,777190,235410,1408,1
6461,964228,292510,1408,1
6462,512662,155292,1408,1
6463,507914,153850,1408,1
6464,508300,154056,1408,1
6465,808916,245024,1408,1
6466,640898,194148,1408,1
6467,841074,254757,1408,1
6468,584690,177121,1408,1
6469,584900,177172,1408,1
6470,627512,190183,1408,1
6471,625770,189575,1408,1
6472,1834495,556915,1408,1
6473,879302,266364,1408,1
6474,802854,243206,1408,1
6475,611664,185299,1408,1
6476,849994,257771,1408,1
6477,587630,178001,1408,1
6478,609756,184716,1408,1
6479,748050,226627,1408,1
6480,549196,166365,1408,1
6481,843236,255418,1408,1
6482,572072,173294,1408,1
6483,567372,171866,1408,1
6484,785650,238075,1408,1
6485,909976,275625,1408,1
6486,2832239,858231,1408,1
6487,601290,182153,1408,1
6488,956170,289684,1408,1
6489,1015676,307715,1408,1
6490,903026,273544,1408,1
6491,858592,260066,1408,1
6492,868356,263029,1408,1
6493,1042520,315785,1408,1
6494,1556330,472093,1408,1
6495,1280184,387809,1408,1
6496,903996,273822,1408,1
6497,590328,178951,1408,1
6498,585556,177378,1408,1
6499,923948,279953,1408,1
6500,781926,236868,1408,1
6501,867104,262658,1408,1
6502,806602,244479,1408,1
6503,1053374,319746,1408,1
6504,4652212,1409866,1408,1
6505,1130950,342738,1408,1
6506,990230,299947,1408,1
6507,848846,257124,1408,1
6508,1181834,357954,1408,1
6509,868060,262948,1408,1
6510,552154,167255,1408,1
6511,595036,180269,1408,1
6512,907536,275088,1408,1
6513,595468,180389,1408,1
6514,786182,238221,1408,1
6515,924988,280165,1408,1
6516,1001876,303459,1408,1
6517,910222,275710,1408,1
6518,1102452,334154,1408,1
6519,1069056,324139,1408,1
6520,1109288,335998,1408,1
6521,900772,272840,1408,1
6522,582768,176548,1408,1
6523,521742,158125,1408,1
6524,649046,196645,1408,1
6525,508230,153947,1408,1
6526,718050,217584,1408,1
6527,508760,154108,1408,1
6528,528798,160194,1408,1
6529,491600,148914,1408,1
6530,856002,259782,1408,1
6531,490038,148440,1408,1
6532,503286,152457,1408,1
6533,501332,151880,1408,1
6534,709616,214966,1408,1
6535,751186,227540,1408,1
6536,527966,160059,1408,1
6537,508070,153898,1408,1
6538,695890,210826,1408,1
6539,526054,159358,1408,1
6540,540710,163784,1408,1
6541,561188,170008,1408,1
6542,538872,163228,1408,1
6543,608908,184466,1408,1
6544,543568,164651,1408,1
6545,540112,163610,1408,1
6546,691124,209366,1408,1
6547,746198,226032,1408,1
6548,676546,204943,1408,1
6549,713222,216117,1408,1
6550,560298,169744,1408,1
6551,537488,162820,1408,1
6552,794804,240826,1408,1
6553,535200,162108,1408,1
6554,782530,237042,1408,1
6555,1147094,348862,1408,1
6556,695118,211711,1408,1
6557,1026369,311575,1408,1
6558,548830,166249,1408,1
6559,589110,178447,1408,1
6560,627776,190178,1408,1
6561,604986,183271,1408,1
6562,738844,223806,1408,1
6563,952746,288691,1408,1
6564,714338,216396,1408,1
6565,847572,256906,1408,1
6566,736394,223076,1408,1
6567,896592,271641,1408,1
6568,781210,236648,1408,1
6569,630270,190942,1408,1
6570,971394,294911,1408,1
6571,643454,194938,1408,1
6572,591360,179132,1408,1
6573,904450,273988,1408,1
6574,626208,189702,1408,1
6575,711424,215510,1408,1
6576,941816,285274,1408,1
6577,575496,174319,1408,1
6578,573878,173847,1408,1
6579,651056,197232,1408,1
6580,593110,179661,1408,1
6581,1115638,338726,1408,1
6582,882201,267657,1408,1
6583,585044,177219,1408,1
6584,581520,176155,1408,1
6585,687942,208357,1408,1
6586,591576,179217,1408,1
6587,574766,174106,1408,1
6588,557126,168759,1408,1
6589,671668,203483,1408,1
6590,558482,169178,1408,1
6591,902928,273560,1408,1
6592,828640,251147,1408,1
6593,903342,273622,1408,1
6594,862349,261890,1408,1
6595,604398,183097,1408,1
6596,569840,172608,1408,1
6597,572108,173298,1408,1
6598,724294,219407,1408,1
6599,560956,169921,1408,1
6600,562220,170305,1408,1
6601,794316,240885,1408,1
6602,603918,182951,1408,1
6603,543692,164691,1408,1
6604,540512,163729,1408,1
6605,541198,163935,1408,1
6606,525696,159244,1408,1
6607,525616,159216,1408,1
6608,666796,201986,1408,1
6609,566310,171642,1408,1
6610,524826,159000,1408,1
6611,559286,169433,1408,1
6612,520562,157686,1408,1
6613,856336,259405,1408,1
6614,619918,187800,1408,1
6615,510290,154581,1408,1
6616,1311795,397629,1408,1
6617,510090,154510,1408,1
6618,524362,158836,1408,1
6619,592878,179605,1408,1
6620,689362,209082,1408,1
6621,594560,180167,1408,1
6622,639608,193787,1408,1
6623,873664,264630,1408,1
6624,957747,290885,1408,1
6625,613950,185993,1408,1
6626,849938,257503,1408,1
6627,872734,264579,1408,1
6628,595330,180488,1408,1
6629,1016830,308053,1408,1
6630,574196,173949,1408,1
6631,559952,169722,1408,1
6632,718722,217749,1408,1
6633,556646,168624,1408,1
6634,556730,168643,1408,1
6635,661956,200513,1408,1
6636,818794,248021,1408,1
6637,904326,273910,1408,1
6638,607482,184028,1408,1
6639,570454,172795,1408,1
6640,806723,244836,1408,1
6641,567890,172031,1408,1
6642,864378,262436,1408,1
6643,781428,236875,1408,1
6644,962640,291585,1408,1
6645,1714536,519596,1408,1
6646,984886,298347,1408,1
6647,705380,213698,1408,1
6648,1047018,317551,1408,1
6649,555336,168237,1408,1
6650,982414,297584,1408,1
6651,552494,167360,1408,1
6652,558380,169141,1408,1
6653,894264,270878,1408,1
6654,643256,194871,1408,1
6655,685468,207647,1408,1
6656,631132,191191,1408,1
6657,535184,162115,1408,1
6658,536046,162376,1408,1
6659,535742,162281,1408,1
6660,771672,233747,1408,1
6661,533642,161653,1408,1
6662,518086,156935,1408,1
6663,555464,168272,1408,1
6664,519102,157241,1408,1
6665,593892,179911,1408,1
6666,558072,169063,1408,1
6667,731514,221636,1408,1
6668,541774,164139,1408,1
6669,497354,150656,1408,1
6670,497678,150754,1408,1
6671,530906,160833,1408,1
6672,513846,155666,1408,1
6673,521244,157908,1408,1
6674,487672,147700,1408,1
6675,497098,150555,1408,1
6676,498654,151052,1408,1
6677,494514,149783,1408,1
6678,516814,156559,1408,1
6679,514556,155841,1408,1
6680,516686,156487,1408,1
6681,560370,169769,1408,1
6682,638520,193427,1408,1
6683,578900,175372,1408,1
6684,543874,164734,1408,1
6685,549782,166537,1408,1
6686,587200,177888,1408,1
6687,566866,171721,1408,1
6688,562766,170472,1408,1
6689,560768,169865,1408,1
6690,855778,259246,1408,1
6691,902560,273395,1408,1
6692,582280,176408,1408,1
6693,1262230,382304,1408,1
6694,606386,183698,1408,1
6695,915396,277292,1408,1
6696,561930,170234,1408,1
6697,580572,175890,1408,1
6698,524830,159059,1408,1
6699,770826,234416,1408,1
6700,567222,171839,1408,1
6701,794636,240728,1408,1
6702,804446,243674,1408,1
6703,547468,165843,1408,1
6704,550422,166729,1408,1
6705,541780,164111,1408,1
6706,559302,169432,1408,1
6707,539760,163505,1408,1
6708,538370,163068,1408,1
6709,765590,231970,1408,1
6710,680386,206107,1408,1
6711,557340,168858,1408,1
6712,518326,157007,1408,1
6713,644206,195143,1408,1
6714,502630,152253,1408,1
6715,496904,150525,1408,1
6716,498956,151138,1408,1
6717,503946,152654,1408,1
6718,495850,150177,1408,1
6719,498120,150887,1408,1
6720,496208,150307,1408,1
6721,495892,150216,1408,1
6722,531042,160875,1408,1
6723,534220,161842,1408,1
6724,486100,147244,1408,1
6725,495834,150235,1408,1
6726,483230,146365,1408,1
6727,941446,285868,1408,1
6728,813148,246313,1408,1
6729,740660,224351,1408,1
6730,490890,148714,1408,1
6731,752310,228045,1408,1
6732,780050,236292,1408,1
6733,814322,246764,1408,1
6734,837456,253886,1408,1
6735,788684,238897,1408,1
6736,807898,244749,1408,1
6737,827760,250748,1408,1
6738,1202790,364725,1408,1
6739,1298369,393762,1408,1
6740,576778,174716,1408,1
6741,585842,177474,1408,1
6742,875212,265342,1408,1
6743,936488,283675,1408,1
6744,893104,270601,1408,1
6745,606374,183700,1408,1
6746,594632,180148,1408,1
6747,573642,173762,1408,1
6748,1004048,304181,1408,1
6749,934192,282995,1408,1
6750,990324,299934,1408,1
6751,608172,184228,1408,1
6752,633336,191874,1408,1
6753,691938,209621,1408,1
6754,653442,197953,1408,1
6755,600610,181936,1408,1
6756,726488,220071,1408,1
6757,674982,204444,1408,1
6758,683220,206971,1408,1
6759,650084,196935,1408,1
6760,1031324,312387,1408,1
6761,541392,163997,1408,1
6762,538634,163154,1408,1
6763,528652,160134,1408,1
6764,526672,159525,1408,1
6765,547400,165836,1408,1
6766,512174,155147,1408,1
6767,504112,152717,1408,1
6768,784074,237496,1408,1
6769,462158,139995,1408,1
6770,464856,140812,1408,1
6771,495824,150206,1408,1
6772,462050,139964,1408,1
6773,462232,140014,1408,1
6774,463392,140369,1408,1
6775,512864,155444,1408,1
6776,442344,133998,1408,1
6777,441416,133711,1408,1
6778,442428,133995,1408,1
6779,480054,145432,1408,1
6780,469912,142354,1408,1
6781,501016,151774,1408,1
6782,530156,160604,1408,1
6783,725138,219672,1408,1
6784,506262,153365,1408,1
6785,487748,147744,1408,1
6786,567058,171784,1408,1
6787,554414,167939,1408,1
6788,537258,162742,1408,1
6789,536950,162650,1408,1
6790,588640,178295,1408,1
6791,562156,170383,1408,1
6792,555796,168358,1408,1
6793,613462,185843,1408,1
6794,614262,186078,1408,1
6795,580412,175818,1408,1
6796,642856,194749,1408,1
6797,568648,172256,1408,1
6798,569088,172381,1408,1
6799,580048,175708,1408,1
6800,587976,178124,1408,1
6801,609314,184585,1408,1
6802,563556,170715,1408,1
6803,596478,180696,1408,1
6804,545208,165148,1408,1
6805,623956,189141,1408,1
6806,531250,160923,1408,1
6807,903550,274308,1408,1
6808,528918,160217,1408,1
6809,542496,164345,1408,1
6810,510986,154761,1408,1
6811,647176,196128,1408,1
6812,750680,227403,1408,1
6813,777638,235561,1408,1
6814,866660,262649,1408,1
6815,630520,190991,1408,1
6816,731738,222109,1408,1
6817,745282,225754,1408,1
6818,1427308,432809,1408,1
6819,555842,168374,1408,1
6820,877534,266641,1408,1
6821,948112,287440,1408,1
6822,548730,166218,1408,1
6823,549504,166462,1408,1
6824,779078,236354,1408,1
6825,559680,169537,1408,1
6826,570696,172871,1408,1
6827,558656,169231,1408,1
6828,899178,272370,1408,1
6829,762800,231058,1408,1
6830,1001848,303464,1408,1
6831,865552,262177,1408,1
6832,946620,286724,1408,1
6833,910646,275838,1408,1
6834,879832,266875,1408,1
6835,794580,240668,1408,1
6836,568908,172329,1408,1
6837,586786,177766,1408,1
6838,612880,185663,1408,1
6839,559100,169346,1408,1
6840,641062,194220,1408,1
6841,591830,179269,1408,1
6842,541046,163892,1408,1
6843,538350,163063,1408,1
6844,541930,164158,1408,1
6845,858828,260157,1408,1
6846,839426,254272,1408,1
6847,837486,253677,1408,1
6848,551106,166939,1408,1
6849,685752,207736,1408,1
6850,721714,219260,1408,1
6851,587418,177947,1408,1
6852,527872,159899,1408,1
6853,531078,160872,1408,1
6854,527282,159698,1408,1
6855,562300,170346,1408,1
6856,538956,163262,1408,1
6857,664516,201292,1408,1
6858,552038,167220,1408,1
6859,547856,165954,1408,1
6860,539002,163245,1408,1
6861,541572,164047,1408,1
6862,563414,170666,1408,1
6863,559168,169382,1408,1
6864,799488,242173,1408,1
6865,574102,173905,1408,1
6866,695230,210609,1408,1
6867,2043291,619302,1408,1
6868,586332,177604,1408,1
6869,585574,177378,1408,1
6870,760540,230383,1408,1
6871,636158,192717,1408,1
6872,601662,182271,1408,1
6873,1262614,382408,1408,1
6874,541236,163948,1408,1
6875,1254260,379895,1408,1
6876,560960,169920,1408,1
6877,528082,159940,1408,1
6878,683686,207136,1408,1
6879,555310,168209,1408,1
6880,559044,169345,1408,1
6881,552096,167235,1408,1
6882,552210,167271,1408,1
6883,549600,166482,1408,1
6884,550990,166903,1408,1
6885,548010,166003,1408,1
6886,542144,164224,1408,1
6887,839640,254348,1408,1
6888,546170,165432,1408,1
6889,539424,163374,1408,1
6890,526562,159501,1408,1
6891,527792,159872,1408,1
6892,538344,163076,1408,1
6893,551090,166931,1408,1
6894,570018,172679,1408,1
6895,1251551,380694,1408,1
6896,561282,170022,1408,1
6897,575358,174314,1408,1
6898,591224,179262,1408,1
6899,559444,169441,1408,1
6900,544390,164877,1408,1
6901,547328,165791,1408,1
6902,539462,163399,1408,1
6903,849506,257310,1408,1
6904,778684,235831,1408,1
6905,557132,168781,1408,1
6906,569898,172630,1408,1
6907,647992,196373,1408,1
6908,572642,173457,1408,1
6909,565754,171378,1408,1
6910,786380,238289,1408,1
6911,610132,184829,1408,1
6912,576564,174646,1408,1
6913,571034,172947,1408,1
6914,576942,174765,1408,1
6915,662942,200945,1408,1
6916,773478,234298,1408,1
6917,557298,168839,1408,1
6918,939211,285023,1408,1
6919,553746,167740,1408,1
6920,547860,165955,1408,1
6921,588232,178199,1408,1
6922,550450,166739,1408,1
6923,607524,184039,1408,1
6924,655442,198641,1408,1
6925,532336,161256,1408,1
6926,526064,159356,1408,1
6927,511422,154916,1408,1
6928,535456,162214,1408,1
6929,548160,166059,1408,1
6930,497162,150588,1408,1
6931,501950,152051,1408,1
6932,500136,151498,1408,1
6933,782322,237265,1408,1
6934,779636,236167,1408,1
6935,487360,147631,1408,1
6936,773052,234163,1408,1
6937,811606,245823,1408,1
6938,543022,164501,1408,1
6939,471184,142724,1408,1
6940,580502,175852,1408,1
6941,495648,150142,1408,1
6942,555354,168243,1408,1
6943,657932,199308,1408,1
6944,517150,156650,1408,1
6945,559276,169428,1408,1
6946,708714,214810,1408,1
6947,541978,164195,1408,1
6948,520868,157779,1408,1
6949,529922,160515,1408,1
6950,703618,213197,1408,1
6951,517936,157006,1408,1
6952,586128,177652,1408,1
6953,785152,238159,1408,1
6954,698680,211657,1408,1
6955,508518,154062,1408,1
6956,548036,166025,1408,1
6957,500396,151580,1408,1
6958,495614,150106,1408,1
6959,508344,153985,1408,1
6960,521448,157955,1408,1
6961,540042,163584,1408,1
6962,534308,161850,1408,1
6963,524920,159004,1408,1
6964,525294,159121,1408,1
6965,689900,209107,1408,1
6966,525068,159050,1408,1
6967,513194,155519,1408,1
6968,542220,164261,1408,1
6969,666278,201877,1408,1
6970,761200,230591,1408,1
6971,568692,172272,1408,1
6972,520914,157791,1408,1
6973,772206,234033,1408,1
6974,1127300,341598,1408,1
6975,1606043,487173,1408,1
6976,522946,158408,1408,1
6977,923897,280310,1408,1
6978,523968,158797,1408,1
6979,1330001,403506,1408,1
6980,814910,246843,1408,1
6981,828664,250999,1408,1
6982,916668,278471,1408,1
6983,706470,214187,1408,1
6984,638414,193392,1408,1
6985,534610,161937,1408,1
6986,537178,162718,1408,1
6987,942326,285450,1408,1
6988,949662,287673,1408,1
6989,928790,281326,1408,1
6990,898174,272043,1408,1
6991,1055540,320009,1408,1
6992,597464,180998,1408,1
6993,629732,190780,1408,1
6994,624016,189039,1408,1
6995,556296,168507,1408,1
6996,596710,180769,1408,1
6997,690282,209104,1408,1
6998,541742,164104,1408,1
6999,562526,170415,1408,1
7000,664356,201618,1408,1
7001,527824,159889,1408,1
7002,526146,159383,1408,1
7003,524794,158969,1408,1
7004,526114,159371,1408,1
7005,524072,158750,1408,1
7006,576634,174683,1408,1
7007,515572,156170,1408,1
7008,771575,234233,1408,1
7009,523034,158437,1408,1
7010,862316,261201,1408,1
7011,508222,153945,1408,1
7012,506992,153565,1408,1
7013,855098,259036,1408,1
7014,698382,211885,1408,1
7015,766742,232244,1408,1
7016,508610,154066,1408,1
7017,509284,154264,1408,1
7018,589258,178514,1408,1
7019,814976,246856,1408,1
7020,840456,254663,1408,1
7021,749376,226990,1408,1
7022,782196,236937,1408,1
7023,552324,167307,1408,1
7024,659392,199830,1408,1
7025,988288,299360,1408,1
7026,849074,258772,1408,1
7027,574288,174071,1408,1
7028,543212,164546,1408,1
7029,885638,268992,1408,1
7030,556374,168538,1408,1
7031,556950,168708,1408,1
7032,589284,178529,1408,1
7033,615108,186335,1408,1
7034,592932,179622,1408,1
7035,577272,174880,1408,1
7036,881882,267298,1408,1
7037,951866,288576,1408,1
7038,557536,168888,1408,1
7039,548840,166252,1408,1
7040,554854,168070,1408,1
7041,552520,167361,1408,1
7042,546000,165388,1408,1
7043,541484,164023,1408,1
7044,530094,160576,1408,1
7045,525478,159179,1408,1
7046,526428,159515,1408,1
7047,690198,209519,1408,1
7048,527696,159845,1408,1
7049,534616,161943,1408,1
7050,577220,174943,1408,1
7051,892154,270285,1408,1
7052,539736,163502,1408,1
7053,667442,202336,1408,1
7054,584684,177093,1408,1
7055,889182,269403,1408,1
7056,891188,270111,1408,1
7057,899558,272482,1408,1
7058,851504,257924,1408,1
7059,903620,274304,1408,1
7060,985808,298707,1408,1
7061,941388,285168,1408,1
7062,1230958,373358,1408,1
7063,889784,269534,1408,1
7064,936820,283831,1408,1
7065,908476,275208,1408,1
7066,910852,276042,1408,1
7067,1003952,304096,1408,1
7068,972582,294620,1408,1
7069,687042,208104,1408,1
7070,614202,186056,1408,1
7071,613744,185911,1408,1
7072,611144,185125,1408,1
7073,610442,184912,1408,1
7074,608848,184429,1408,1
7075,611600,185264,1408,1
7076,989450,299703,1408,1
7077,609140,184526,1408,1
7078,768726,232878,1408,1
7079,985340,298467,1408,1
7080,898414,272139,1408,1
7081,612000,185386,1408,1
7082,851906,258619,1408,1
7083,604054,182974,1408,1
7084,1023746,310130,1408,1
7085,1064354,322394,1408,1
7086,1129050,341983,1408,1
7087,934070,283008,1408,1
7088,1044004,316229,1408,1
7089,586032,177541,1408,1
7090,656766,198915,1408,1
7091,562232,170316,1408,1
7092,544490,164925,1408,1
7093,584544,177079,1408,1
7094,575092,174182,1408,1
7095,542918,164536,1408,1
7096,574564,174060,1408,1
7097,901740,273186,1408,1
7098,541998,164180,1408,1
7099,540216,163628,1408,1
7100,960250,291291,1408,1
7101,547906,165983,1408,1
7102,801072,242660,1408,1
7103,801664,242824,1408,1
7104,818092,247809,1408,1
7105,624734,189252,1408,1
7106,802042,242966,1408,1
7107,839936,254402,1408,1
7108,909098,275746,1408,1
7109,859906,260492,1408,1
7110,573792,173811,1408,1
7111,624470,189181,1408,1
7112,579990,175770,1408,1
7113,625568,189468,1408,1
7114,573344,173705,1408,1
7115,855836,259236,1408,1
7116,567290,171860,1408,1
7117,549582,166486,1408,1
7118,854462,258843,1408,1
7119,541994,164182,1408,1
7120,556066,168455,1408,1
7121,722134,218922,1408,1
7122,1149461,349012,1408,1
7123,796365,241676,1408,1
7124,534952,162050,1408,1
7125,595964,180532,1408,1
7126,561836,170186,1408,1
7127,813604,246518,1408,1
7128,659794,199875,1408,1
7129,701942,212634,1408,1
7130,1031998,312992,1408,1
7131,973978,295620,1408,1
7132,2983119,904623,1408,1
7133,896250,272064,1408,1
7134,609178,184529,1408,1
7135,758372,229726,1408,1
7136,713808,216238,1408,1
7137,616196,186635,1408,1
7138,648890,196583,1408,1
7139,990060,300011,1408,1
7140,852010,258390,1408,1
7141,1113078,337152,1408,1
7142,1730831,525484,1408,1
7143,932816,283605,1408,1
7144,901034,273209,1408,1
7145,811894,245941,1408,1
7146,896814,271713,1408,1
7147,908066,275705,1408,1
7148,851976,258076,1408,1
7149,871802,264299,1408,1
7150,861010,260809,1408,1
7151,1109644,336443,1408,1
7152,779698,236451,1408,1
7153,572328,173370,1408,1
7154,2049991,621583,1408,1
7155,895088,271152,1408,1
7156,894684,271029,1408,1
7157,879524,266468,1408,1
7158,821040,248727,1408,1
7159,589010,178422,1408,1
7160,919612,279128,1408,1
7161,573970,173863,1408,1
7162,977172,295986,1408,1
7163,652944,197810,1408,1
7164,799490,242277,1408,1
7165,589710,178648,1408,1
7166,559056,169362,1408,1
7167,875570,265218,1408,1
7168,873492,264637,1408,1
7169,876856,265629,1408,1
7170,693694,210140,1408,1
7171,766178,232094,1408,1
7172,939234,284466,1408,1
7173,608988,184494,1408,1
7174,877778,266062,1408,1
7175,627790,190192,1408,1
7176,821062,248707,1408,1
7177,625666,189625,1408,1
7178,708934,214766,1408,1
7179,600408,181871,1408,1
7180,1020402,309187,1408,1
7181,926406,280611,1408,1
7182,638960,193570,1408,1
7183,584458,177037,1408,1
7184,945628,286568,1408,1
7185,585566,177373,1408,1
7186,581534,176150,1408,1
7187,657410,199159,1408,1
7188,568096,172088,1408,1
7189,570666,172863,1408,1
7190,895274,271182,1408,1
7191,878112,265997,1408,1
7192,1096662,332713,1408,1
7193,861834,261063,1408,1
7194,1028330,311602,1408,1
7195,852850,258448,1408,1
7196,643274,194866,1408,1
7197,543460,164620,1408,1
7198,789376,239182,1408,1
7199,654952,198398,1408,1
7200,549912,166596,1408,1
7201,644966,195382,1408,1
7202,878806,266253,1408,1
7203,705550,213862,1408,1
7204,552266,167292,1408,1
7205,650816,197150,1408,1
7206,573116,173633,1408,1
7207,779086,236274,1408,1
7208,570688,172866,1408,1
7209,567706,171952,1408,1
7210,570744,172880,1408,1
7211,621020,188213,1408,1
7212,607934,184165,1408,1
7213,555434,168252,1408,1
7214,1924529,586750,1408,1
7215,584688,177123,1408,1
7216,680152,206445,1408,1
7217,568052,172073,1408,1
7218,582774,176506,1408,1
7219,559712,169547,1408,1
7220,730781,222198,1408,1
7221,852420,258600,1408,1
7222,831114,251782,1408,1
7223,553990,167812,1408,1
7224,605136,183317,1408,1
7225,1065812,322837,1408,1
7226,903546,273727,1408,1
7227,1016836,308004,1408,1
7228,610984,185073,1408,1
7229,581010,176004,1408,1
7230,584298,176993,1408,1
7231,677838,205346,1408,1
7232,627964,190238,1408,1
7233,603806,182887,1408,1
7234,662864,200808,1408,1
7235,1316760,399278,1408,1
7236,985376,298471,1408,1
7237,737088,223586,1408,1
7238,986912,299033,1408,1
7239,701510,212512,1408,1
7240,967994,293200,1408,1
7241,897368,271838,1408,1
7242,1616835,490037,1408,1
7243,753352,228313,1408,1
7244,892578,270383,1408,1
7245,571498,173116,1408,1
7246,570352,172765,1408,1
7247,792044,239930,1408,1
7248,567818,172004,1408,1
7249,697882,211415,1408,1
7250,559096,169357,1408,1
7251,562284,170321,1408,1
7252,557336,168824,1408,1
7253,564044,170859,1408,1
7254,596710,180769,1408,1
7255,553410,167634,1408,1
7256,546208,165461,1408,1
7257,539520,163429,1408,1
7258,676352,204889,1408,1
7259,571612,173176,1408,1
7260,832230,252157,1408,1
7261,3462388,1048849,1408,1
7262,863936,261769,1408,1
7263,870814,263825,1408,1
7264,804038,243537,1408,1
7265,860204,260561,1408,1
7266,801148,242668,1408,1
7267,853218,258804,1408,1
7268,725288,219723,1408,1
7269,886098,268771,1408,1
7270,1050053,319374,1408,1
7271,812300,246148,1408,1
7272,572650,173572,1408,1
7273,628780,190480,1408,1
7274,577366,174907,1408,1
7275,1661102,503847,1408,1
7276,765276,232202,1408,1
7277,544000,164793,1408,1
7278,603860,182941,1408,1
7279,586726,177751,1408,1
7280,930656,281917,1408,1
7281,793308,240388,1408,1
7282,861414,261014,1408,1
7283,876450,265517,1408,1
7284,571628,173159,1408,1
7285,763014,231133,1408,1
7286,569214,172509,1408,1
7287,566998,171752,1408,1
7288,557258,168801,1408,1
7289,555498,168255,1408,1
7290,573414,173692,1408,1
7291,570248,172733,1408,1
7292,574366,173986,1408,1
7293,582180,176352,1408,1
7294,574114,173882,1408,1
7295,600948,182046,1408,1
7296,635862,192629,1408,1
7297,591696,179206,1408,1
7298,1462730,443673,1408,1
7299,584680,177137,1408,1
7300,575446,174316,1408,1
7301,615090,186337,1408,1
7302,577774,175016,1408,1
7303,575242,174246,1408,1
7304,708686,214688,1408,1
7305,621278,188531,1408,1
7306,554824,168067,1408,1
7307,593162,179698,1408,1
7308,554066,167830,1408,1
7309,558046,169038,1408,1
7310,557258,168777,1408,1
7311,601406,182192,1408,1
7312,553996,167788,1408,1
7313,590162,178783,1408,1
7314,709984,215077,1408,1
7315,564428,170992,1408,1
7316,570766,172912,1408,1
7317,557622,168911,1408,1
7318,563776,170782,1408,1
7319,555868,168366,1408,1
7320,557554,168893,1408,1
7321,579330,175505,1408,1
7322,586100,177555,1408,1
7323,893182,270761,1408,1
7324,810554,246210,1408,1
7325,1052912,318934,1408,1
7326,659890,199895,1408,1
7327,573496,173691,1408,1
7328,574792,174108,1408,1
7329,572672,173468,1408,1
7330,637950,193258,1408,1
7331,575160,174195,1408,1
7332,572012,173267,1408,1
7333,575358,174282,1408,1
7334,588824,178337,1408,1
7335,589926,178693,1408,1
7336,626958,189933,1408,1
7337,592888,179597,1408,1
7338,593966,179922,1408,1
7339,579360,175500,1408,1
7340,574262,173955,1408,1
7341,560686,169839,1408,1
7342,559060,169345,1408,1
7343,541422,164005,1408,1
7344,529156,160289,1408,1
7345,529580,160414,1408,1
7346,570650,172871,1408,1
7347,514450,155900,1408,1
7348,495444,150077,1408,1
7349,496062,150241,1408,1
7350,526070,159370,1408,1
7351,961904,292389,1408,1
7352,1008664,306400,1408,1
7353,1183755,358873,1408,1
7354,776986,235413,1408,1
7355,832014,252008,1408,1
7356,818796,248104,1408,1
7357,529752,160480,1408,1
7358,848092,256910,1408,1
7359,972906,294738,1408,1
7360,992708,300687,1408,1
7361,864216,261776,1408,1
7362,850814,257740,1408,1
7363,828716,251332,1408,1
7364,954992,289257,1408,1
7365,865744,262487,1408,1
7366,677764,205322,1408,1
7367,604596,183144,1408,1
7368,586768,177942,1408,1
7369,612726,185617,1408,1
7370,549008,166302,1408,1
7371,560558,169816,1408,1
7372,534020,161763,1408,1
7373,519354,157317,1408,1
7374,566376,171573,1408,1
7375,514948,155981,1408,1
7376,513078,155461,1408,1
7377,1676716,509109,1408,1
7378,1038788,314923,1408,1
7379,795294,240918,1408,1
7380,709926,215632,1408,1
7381,762164,231432,1408,1
7382,823808,249588,1408,1
7383,814368,246666,1408,1
7384,869712,263444,1408,1
7385,647026,196004,1408,1
7386,581948,176297,1408,1
7387,538330,163063,1408,1
7388,540304,163679,1408,1
7389,1363047,413635,1408,1
7390,565526,171323,1408,1
7391,562594,170390,1408,1
7392,541846,164135,1408,1
7393,555590,168387,1408,1
7394,969966,293856,1408,1
7395,963140,292100,1408,1
7396,891712,270133,1408,1
7397,587366,177930,1408,1
7398,610540,184961,1408,1
7399,950000,287834,1408,1
7400,585946,177493,1408,1
7401,586620,177700,1408,1
7402,601952,182362,1408,1
7403,606076,183613,1408,1
7404,610050,184768,1408,1
7405,595964,180553,1408,1
7406,597396,180984,1408,1
7407,617896,187184,1408,1
7408,611198,185160,1408,1
7409,574312,173970,1408,1
7410,572120,173306,1408,1
7411,1015292,307527,1408,1
7412,581948,176276,1408,1
7413,585558,177376,1408,1
7414,769984,233271,1408,1
7415,572156,173287,1408,1
7416,614840,186264,1408,1
7417,573968,173847,1408,1
7418,615958,186599,1408,1
7419,573510,173714,1408,1
7420,582696,176504,1408,1
7421,714624,216590,1408,1
7422,866590,262532,1408,1
7423,855904,259267,1408,1
7424,828236,250938,1408,1
7425,908370,275141,1408,1
7426,909162,275394,1408,1
7427,1238076,375457,1408,1
7428,836546,253407,1408,1
7429,951742,288299,1408,1
7430,645906,195671,1408,1
7431,887536,268844,1408,1
7432,1019058,308883,1408,1
7433,669632,202890,1408,1
7434,587200,177866,1408,1
7435,587298,177897,1408,1
7436,558186,169083,1408,1
7437,555776,168359,1408,1
7438,593036,179642,1408,1
7439,567776,172004,1408,1
7440,604430,183134,1408,1
7441,545174,165160,1408,1
7442,544898,165069,1408,1
7443,525144,159075,1408,1
7444,529222,160330,1408,1
7445,890812,269823,1408,1
7446,538650,163179,1408,1
7447,526548,159479,1408,1
7448,606596,183776,1408,1
7449,491920,149006,1408,1
7450,496636,150439,1408,1
7451,497254,150622,1408,1
7452,497818,150826,1408,1
7453,486182,147267,1408,1
7454,486666,147415,1408,1
7455,486388,147335,1408,1
7456,492042,149123,1408,1
7457,484452,146748,1408,1
7458,518670,157526,1408,1
7459,511442,154900,1408,1
7460,500586,151635,1408,1
7461,543956,164845,1408,1
7462,847604,256758,1408,1
7463,689470,208875,1408,1
7464,544830,165037,1408,1
7465,598228,181240,1408,1
7466,962852,291645,1408,1
7467,902520,273386,1408,1
7468,831664,251926,1408,1
7469,663040,200862,1408,1
7470,572346,173369,1408,1
7471,582508,176487,1408,1
7472,854262,259127,1408,1
7473,688366,208535,1408,1
7474,888278,269111,1408,1
7475,602220,182442,1408,1
7476,611890,185375,1408,1
7477,924844,280136,1408,1
7478,953370,289148,1408,1
7479,569950,172654,1408,1
7480,1015280,307585,1408,1
7481,578202,175167,1408,1
7482,578326,175181,1408,1
7483,721616,219494,1408,1
7484,896408,271678,1408,1
7485,754782,228669,1408,1
7486,713536,216150,1408,1
7487,594616,180135,1408,1
7488,562748,170476,1408,1
7489,549540,166464,1408,1
7490,549722,166517,1408,1
7491,530930,160832,1408,1
7492,525830,159279,1408,1
7493,836686,253814,1408,1
7494,671746,203538,1408,1
7495,759348,230017,1408,1
7496,509498,154331,1408,1
7497,555966,168432,1408,1
7498,514162,155722,1408,1
7499,510938,154838,1408,1
7500,512358,155203,1408,1
7501,868610,263122,1408,1
7502,512348,155200,1408,1
7503,511358,154894,1408,1
7504,515376,156115,1408,1
7505,573506,173735,1408,1
7506,513266,155452,1408,1
7507,701930,212623,1408,1
7508,1009424,306135,1408,1
7509,1041330,315423,1408,1
7510,1023624,310717,1408,1
7511,902600,273487,1408,1
7512,848718,257202,1408,1
7513,568698,172286,1408,1
7514,529750,160470,1408,1
7515,538982,163266,1408,1
7516,555324,168220,1408,1
7517,555094,168144,1408,1
7518,549588,166496,1408,1
7519,535532,162221,1408,1
7520,827576,250689,1408,1
7521,535388,162174,1408,1
7522,942512,285483,1408,1
7523,544498,164942,1408,1
7524,534994,162060,1408,1
7525,738306,223648,1408,1
7526,532818,161399,1408,1
7527,626522,189790,1408,1
7528,540596,163760,1408,1
7529,606338,183720,1408,1
7530,669790,202903,1408,1
7531,530302,160636,1408,1
7532,526460,159449,1408,1
7533,559888,169617,1408,1
7534,528048,159953,1408,1
7535,528150,159972,1408,1
7536,526682,159539,1408,1
7537,526228,159405,1408,1
7538,544034,164807,1408,1
7539,501038,151773,1408,1
7540,789426,239151,1408,1
7541,511322,154889,1408,1
7542,508934,154163,1408,1
7543,522980,158439,1408,1
7544,546790,165646,1408,1
7545,505358,153080,1408,1
7546,507372,153667,1408,1
7547,505854,153231,1408,1
7548,506570,153469,1408,1
7549,512336,155170,1408,1
7550,588700,178338,1408,1
7551,516112,156340,1408,1
7552,512796,155322,1408,1
7553,641428,194302,1408,1
7554,496888,150514,1408,1
7555,520104,157550,1408,1
7556,602870,182705,1408,1
7557,845228,256195,1408,1
7558,498780,151090,1408,1
7559,598904,181423,1408,1
7560,724044,219899,1408,1
7561,528840,160195,1408,1
7562,930780,281927,1408,1
7563,624404,189151,1408,1
7564,671138,203305,1408,1
7565,575566,174322,1408,1
7566,550114,166636,1408,1
7567,569346,172463,1408,1
7568,571172,173043,1408,1
7569,561234,170006,1408,1
7570,575276,174255,1408,1
7571,896214,271477,1408,1
7572,844030,255692,1408,1
7573,569712,172573,1408,1
7574,950412,288385,1408,1
7575,548766,166229,1408,1
7576,551092,166938,1408,1
7577,549762,166518,1408,1
7578,550674,166807,1408,1
7579,556550,168584,1408,1
7580,611014,185100,1408,1
7581,553956,167798,1408,1
7582,629376,190659,1408,1
7583,730102,221345,1408,1
7584,538320,163066,1408,1
7585,532634,161342,1408,1
7586,615530,186463,1408,1
7587,561278,170038,1408,1
7588,527170,159685,1408,1
7589,513592,155573,1408,1
7590,514466,155838,1408,1
7591,512274,155151,1408,1
7592,512936,155510,1408,1
7593,524270,158824,1408,1
7594,507412,153704,1408,1
7595,789060,239134,1408,1
7596,510682,154696,1408,1
7597,665254,201507,1408,1
7598,514860,155974,1408,1
7599,595464,180368,1408,1
7600,844164,255697,1408,1
7601,838392,253965,1408,1
7602,607094,183914,1408,1
7603,812814,246710,1408,1
7604,540094,163609,1408,1
7605,536334,162440,1408,1
7606,854454,259029,1408,1
7607,540588,163755,1408,1
7608,561322,170120,1408,1
7609,529862,160503,1408,1
7610,527442,159756,1408,1
7611,526812,159579,1408,1
7612,542156,164226,1408,1
7613,590686,178943,1408,1
7614,812446,246207,1408,1
7615,654240,198196,1408,1
7616,730422,221250,1408,1
7617,735940,223056,1408,1
7618,561066,169951,1408,1
7619,558802,169266,1408,1
7620,559742,169553,1408,1
7621,556076,168444,1408,1
7622,572936,173552,1408,1
7623,574512,174028,1408,1
7624,573286,173654,1408,1
7625,591130,179062,1408,1
7626,593166,179669,1408,1
7627,908220,275113,1408,1
7628,593438,179768,1408,1
7629,694108,210271,1408,1
7630,591254,179104,1408,1
7631,609730,184691,1408,1
7632,604260,183043,1408,1
7633,1098812,333215,1408,1
7634,872754,264353,1408,1
7635,806094,244181,1408,1
7636,566208,171515,1408,1
7637,592130,179341,1408,1
7638,751802,227743,1408,1
7639,557630,168935,1408,1
7640,605910,183555,1408,1
7641,548132,166055,1408,1
7642,1348932,409994,1408,1
7643,707986,214537,1408,1
7644,3593160,1088662,1408,1
7645,755586,228902,1408,1
7646,854234,258741,1408,1
7647,694758,210461,1408,1
7648,574976,174182,1408,1
7649,534840,162010,1408,1
7650,536098,162392,1408,1
7651,536466,162508,1408,1
7652,662762,200771,1408,1
7653,536606,162548,1408,1
7654,535244,162112,1408,1
7655,537192,162724,1408,1
7656,536102,162392,1408,1
7657,848706,257223,1408,1
7658,994944,301362,1408,1
7659,797270,241570,1408,1
7660,601154,182096,1408,1
7661,591220,179089,1408,1
7662,718738,218067,1408,1
7663,592344,179435,1408,1
7664,596342,180639,1408,1
7665,591850,179267,1408,1
7666,589936,178698,1408,1
7667,595580,180410,1408,1
7668,588450,178223,1408,1
7669,588594,178294,1408,1
7670,592976,179623,1408,1
7671,783176,237331,1408,1
7672,922724,279735,1408,1
7673,1018862,308768,1408,1
7674,1071940,324706,1408,1
7675,846556,256432,1408,1
7676,932080,282620,1408,1
7677,670570,203182,1408,1
7678,566022,171474,1408,1
7679,539590,163455,1408,1
7680,538046,162986,1408,1
7681,534254,161830,1408,1
7682,535380,162174,1408,1
7683,519872,157500,1408,1
7684,601950,182449,1408,1
7685,765656,232177,1408,1
7686,519178,157265,1408,1
7687,668292,202439,1408,1
7688,511196,154845,1408,1
7689,507696,153783,1408,1
7690,511742,155010,1408,1
7691,499410,151278,1408,1
7692,502652,152248,1408,1
7693,578852,175348,1408,1
7694,736746,223188,1408,1
7695,522546,158287,1408,1
7696,507278,153658,1408,1
7697,520838,157783,1408,1
7698,509774,154420,1408,1
7699,520942,157813,1408,1
7700,747524,226574,1408,1
7701,515990,156319,1408,1
7702,509774,154437,1408,1
7703,851336,257850,1408,1
7704,498644,151041,1408,1
7705,786542,238302,1408,1
7706,761564,230695,1408,1
7707,505892,153233,1408,1
7708,564246,170929,1408,1
7709,516254,156380,1408,1
7710,512430,155296,1408,1
7711,980678,297122,1408,1
7712,536884,162632,1408,1
7713,534092,161782,1408,1
7714,541452,164011,1408,1
7715,617846,187229,1408,1
7716,538192,163021,1408,1
7717,537344,162773,1408,1
7718,534884,162021,1408,1
7719,572032,173291,1408,1
7720,868286,263009,1408,1
7721,552420,167364,1408,1
7722,559772,169579,1408,1
7723,610454,184930,1408,1
7724,865710,262226,1408,1
7725,554924,168097,1408,1
7726,556546,168582,1408,1
7727,613880,186048,1408,1
7728,554310,167908,1408,1
7729,547012,165685,1408,1
7730,536982,162656,1408,1
7731,741268,224558,1408,1
7732,798380,241847,1408,1
7733,2180764,661617,1408,1
7734,520078,157525,1408,1
7735,518260,156977,1408,1
7736,783116,237233,1408,1
7737,647354,196099,1408,1
7738,669706,203059,1408,1
7739,523254,158499,1408,1
7740,554418,167952,1408,1
7741,575642,174389,1408,1
7742,529926,160517,1408,1
7743,564874,171102,1408,1
7744,529190,160304,1408,1
7745,549066,166474,1408,1
7746,549428,166438,1408,1
7747,666468,202049,1408,1
7748,540854,163835,1408,1
7749,561152,169978,1408,1
7750,567472,171901,1408,1
7751,620188,187873,1408,1
7752,567438,171886,1408,1
7753,709832,215036,1408,1
7754,680812,206242,1408,1
7755,633264,191839,1408,1
7756,1021372,310538,1408,1
7757,822182,249047,1408,1
7758,921112,279862,1408,1
7759,1046968,317904,1408,1
7760,685978,207822,1408,1
7761,545074,165108,1408,1
7762,757304,229397,1408,1
7763,543792,164721,1408,1
7764,542756,164409,1408,1
7765,541436,163997,1408,1
7766,688384,208530,1408,1
7767,617830,187159,1408,1
7768,542480,164324,1408,1
7769,851380,257891,1408,1
7770,791334,240345,1408,1
7771,747010,226435,1408,1
7772,526106,159341,1408,1
7773,546722,165622,1408,1
7774,540162,163620,1408,1
7775,561372,170130,1408,1
7776,571038,172990,1408,1
7777,710540,215241,1408,1
7778,833348,252512,1408,1
7779,897046,271824,1408,1
7780,870214,263992,1408,1
7781,642044,194501,1408,1
7782,1046106,318081,1408,1
7783,1008830,305769,1408,1
7784,605908,183532,1408,1
7785,702586,212836,1408,1
7786,604196,183110,1408,1
7787,598550,181320,1408,1
7788,619962,187799,1408,1
7789,679560,205878,1408,1
7790,766560,232202,1408,1
7791,709628,214972,1408,1
7792,604270,183036,1408,1
7793,687340,208222,1408,1
7794,614826,186251,1408,1
7795,1016130,307795,1408,1
7796,654058,198142,1408,1
7797,592936,179609,1408,1
7798,802578,261998,1408,1
7799,1062944,322297,1408,1
7800,971166,294163,1408,1
7801,712410,215809,1408,1
7802,928846,281343,1408,1
7803,1036586,314372,1408,1
7804,585188,177317,1408,1
7805,569196,172421,1408,1
7806,1251654,379657,1408,1
7807,996128,301744,1408,1
7808,570712,172892,1408,1
7809,561594,170143,1408,1
7810,556144,168483,1408,1
7811,544484,164911,1408,1
7812,564006,170860,1408,1
7813,550126,166661,1408,1
7814,514916,155951,1408,1
7815,552762,167454,1408,1
7816,524758,158977,1408,1
7817,530530,160720,1408,1
7818,705284,213649,1408,1
7819,829600,252023,1408,1
7820,909088,275514,1408,1
7821,523716,158649,1408,1
7822,564550,171028,1408,1
7823,497072,150571,1408,1
7824,546796,165645,1408,1
7825,537736,162912,1408,1
7826,500398,151553,1408,1
7827,534202,161833,1408,1
7828,507040,153592,1408,1
7829,703632,213299,1408,1
7830,1094542,331610,1408,1
7831,538872,163572,1408,1
7832,526240,159382,1408,1
7833,571962,173275,1408,1
7834,646606,195885,1408,1
7835,654818,198361,1408,1
7836,619166,187577,1408,1
7837,628130,190379,1408,1
7838,773206,234239,1408,1
7839,557264,168804,1408,1
7840,573738,173798,1408,1
7841,1240840,376261,1408,1
7842,1018111,309094,1408,1
7843,908468,275187,1408,1
7844,814811,247294,1408,1
7845,792304,240009,1408,1
7846,580488,175808,1408,1
7847,681256,206377,1408,1
7848,851004,257774,1408,1
7849,845900,256223,1408,1
7850,881938,267147,1408,1
7851,762460,230966,1408,1
7852,886298,268561,1408,1
7853,848354,257037,1408,1
7854,590090,178746,1408,1
7855,859956,260675,1408,1
7856,611042,185136,1408,1
7857,583448,176735,1408,1
7858,590188,178781,1408,1
7859,832338,252884,1408,1
7860,633910,192037,1408,1
7861,763674,231368,1408,1
7862,913474,276719,1408,1
7863,588280,178214,1408,1
7864,585516,177338,1408,1
7865,759418,230069,1408,1
7866,721496,218909,1408,1
7867,4845954,1471730,1408,1
7868,850470,257606,1408,1
7869,913580,276728,1408,1
7870,937148,283863,1408,1
7871,569610,172551,1408,1
7872,573928,173851,1408,1
7873,559760,169558,1408,1
7874,629564,190775,1408,1
7875,575408,174301,1408,1
7876,600212,181829,1408,1
7877,572912,173528,1408,1
7878,656148,198772,1408,1
7879,576816,174730,1408,1
7880,575686,174383,1408,1
7881,634174,192119,1408,1
7882,597728,181077,1408,1
7883,586416,177638,1408,1
7884,966258,292968,1408,1
7885,703256,213051,1408,1
7886,905572,274319,1408,1
7887,1422466,432245,1408,1
7888,1417880,430508,1408,1
7889,572666,173490,1408,1
7890,785960,238191,1408,1
7891,570766,172900,1408,1
7892,567286,171846,1408,1
7893,916374,277690,1408,1
7894,904856,274090,1408,1
7895,908514,275814,1408,1
7896,896190,271941,1408,1
7897,609438,184644,1408,1
7898,858611,260336,1408,1
7899,588238,178185,1408,1
7900,1794990,544506,1408,1
7901,889734,269869,1408,1
7902,849852,257597,1408,1
7903,585024,177211,1408,1
7904,601524,182209,1408,1
7905,769804,233194,1408,1
7906,570780,172902,1408,1
7907,639602,193762,1408,1
7908,1029970,313040,1408,1
7909,1728730,524273,1408,1
7910,934216,283015,1408,1
7911,1049014,317749,1408,1
7912,1126984,341390,1408,1
7913,980046,296869,1408,1
7914,954310,289297,1408,1
7915,819352,248445,1408,1
7916,910436,275793,1408,1
7917,906032,274467,1408,1
7918,1079006,326834,1408,1
7919,962109,292013,1408,1
7920,606628,183783,1408,1
7921,610012,184780,1408,1
7922,847682,257324,1408,1
7923,898658,272217,1408,1
7924,1171210,354863,1408,1
7925,979546,296704,1408,1
7926,925694,280810,1408,1
7927,609208,184564,1408,1
7928,572978,173565,1408,1
7929,859906,260465,1408,1
7930,1179548,357793,1408,1
7931,852654,258628,1408,1
7932,972508,294543,1408,1
7933,763356,231269,1408,1
7934,794162,240559,1408,1
7935,697776,211439,1408,1
7936,581530,176171,1408,1
7937,593508,179809,1408,1
7938,947322,286943,1408,1
7939,527166,159675,1408,1
7940,558996,169345,1408,1
7941,526540,159486,1408,1
7942,1760414,534412,1408,1
7943,691358,209436,1408,1
7944,518992,157216,1408,1
7945,508172,153932,1408,1
7946,509718,154404,1408,1
7947,504464,152810,1408,1
7948,505306,153063,1408,1
7949,500632,151714,1408,1
7950,816972,247526,1408,1
7951,822380,249151,1408,1
7952,780632,236496,1408,1
7953,550584,166782,1408,1
7954,592114,179375,1408,1
7955,555136,168162,1408,1
7956,549280,166384,1408,1
7957,620434,187953,1408,1
7958,566618,171639,1408,1
7959,625238,189366,1408,1
7960,571018,172957,1408,1
7961,584662,177195,1408,1
7962,594726,180152,1408,1
7963,584088,176926,1408,1
7964,665842,201751,1408,1
7965,703532,213206,1408,1
7966,787944,238679,1408,1
7967,558256,169104,1408,1
7968,1065778,322848,1408,1
7969,1501182,455490,1408,1
7970,899714,272891,1408,1
7971,953948,289085,1408,1
7972,920267,279564,1408,1
7973,1218038,369438,1408,1
7974,1022836,309813,1408,1
7975,856792,259734,1408,1
7976,862028,261108,1408,1
7977,651956,197506,1408,1
7978,795856,241302,1408,1
7979,540454,163715,1408,1
7980,568874,172343,1408,1
7981,539912,163552,1408,1
7982,675930,204768,1408,1
7983,803308,243331,1408,1
7984,1291451,391596,1408,1
7985,905426,274257,1408,1
7986,837044,253555,1408,1
7987,845556,256123,1408,1
7988,850788,257708,1408,1
7989,578842,175366,1408,1
7990,646688,195897,1408,1
7991,528388,160058,1408,1
7992,566390,171567,1408,1
7993,544182,164841,1408,1
7994,861912,261110,1408,1
7995,914282,276986,1408,1
7996,551956,167204,1408,1
7997,548768,166239,1408,1
7998,597886,181130,1408,1
7999,558428,169156,1408,1
8000,713632,216630,1408,1
8001,605774,183520,1408,1
8002,598770,181394,1408,1
8003,583372,176712,1408,1
8004,580754,175920,1408,1
8005,633872,192028,1408,1
8006,569616,172547,1408,1
8007,569528,172519,1408,1
8008,574776,174118,1408,1
8009,571004,172941,1408,1
8010,577986,175076,1408,1
8011,575202,174240,1408,1
8012,574908,174135,1408,1
8013,570788,172901,1408,1
8014,601960,182363,1408,1
8015,591104,179056,1408,1
8016,587616,178006,1408,1
8017,591214,179091,1408,1
8018,587668,178017,1408,1
8019,610026,184809,1408,1
8020,596958,180824,1408,1
8021,757202,229378,1408,1
8022,990718,300086,1408,1
8023,958154,290222,1408,1
8024,943452,286569,1408,1
8025,992934,300927,1408,1
8026,704420,213380,1408,1
8027,554952,168130,1408,1
8028,681414,206421,1408,1
8029,567926,172050,1408,1
8030,580956,175998,1408,1
8031,540886,163932,1408,1
8032,528668,160142,1408,1
8033,2151280,652331,1408,1
8034,825748,250145,1408,1
8035,510488,154636,1408,1
8036,525302,159141,1408,1
8037,525148,159089,1408,1
8038,498166,150905,1408,1
8039,497360,150632,1408,1
8040,528552,160125,1408,1
8041,839215,255585,1408,1
8042,593414,179763,1408,1
8043,770446,233375,1408,1
8044,483558,146476,1408,1
8045,658752,199607,1408,1
8046,496670,150462,1408,1
8047,486922,147493,1408,1
8048,485720,147130,1408,1
8049,484998,146914,1408,1
8050,487136,147561,1408,1
8051,487950,147806,1408,1
8052,502642,152275,1408,1
8053,476220,144245,1408,1
8054,640258,193948,1408,1
8055,477352,144575,1408,1
8056,475884,144154,1408,1
8057,565422,171286,1408,1
8058,482788,146237,1408,1
8059,474702,143794,1408,1
8060,473546,143444,1408,1
8061,525062,159066,1408,1
8062,481186,145777,1408,1
8063,646686,195913,1408,1
8064,508850,154379,1408,1
8065,501464,151880,1408,1
8066,480298,145492,1408,1
8067,499634,151347,1408,1
8068,511340,154895,1408,1
8069,539650,163455,1408,1
8070,556698,168633,1408,1
8071,558572,169201,1408,1
8072,583638,176766,1408,1
8073,555912,168394,1408,1
8074,732844,222006,1408,1
8075,968736,293445,1408,1
8076,944754,286130,1408,1
8077,1068314,323664,1408,1
8078,990970,300162,1408,1
8079,1039130,314761,1408,1
8080,1021592,309453,1408,1
8081,1007974,305342,1408,1
8082,603344,182758,1408,1
8083,596970,180830,1408,1
8084,575284,174262,1408,1
8085,576012,174475,1408,1
8086,573774,173778,1408,1
8087,555950,168409,1408,1
8088,558334,169115,1408,1
8089,561034,170047,1408,1
8090,551048,166935,1408,1
8091,566926,171751,1408,1
8092,511282,154886,1408,1
8093,510828,154726,1408,1
8094,512198,155169,1408,1
8095,509578,154371,1408,1
8096,510068,154507,1408,1
8097,553570,167696,1408,1
8098,510150,154608,1408,1
8099,525150,159089,1408,1
8100,547142,165753,1408,1
8101,671026,203255,1408,1
8102,728370,220906,1408,1
8103,485374,147025,1408,1
8104,549894,166607,1408,1
8105,481348,145805,1408,1
8106,805588,244116,1408,1
8107,497180,150591,1408,1
8108,496638,150433,1408,1
8109,505624,153158,1408,1
8110,537210,162732,1408,1
8111,711308,215532,1408,1
8112,605464,183415,1408,1
8113,563046,170593,1408,1
8114,1370112,415607,1408,1
8115,834628,252819,1408,1
8116,551930,167188,1408,1
8117,978376,296607,1408,1
8118,686966,208099,1408,1
8119,542396,164274,1408,1
8120,542622,164368,1408,1
8121,542556,164336,1408,1
8122,539672,163475,1408,1
8123,547260,165776,1408,1
8124,541520,164007,1408,1
8125,538920,163254,1408,1
8126,558692,169233,1408,1
8127,559354,169440,1408,1
8128,810462,245502,1408,1
8129,564210,170981,1408,1
8130,900196,272751,1408,1
8131,577374,174910,1408,1
8132,1034686,313430,1408,1
8133,577070,174776,1408,1
8134,573414,173695,1408,1
8135,575608,174363,1408,1
8136,588758,178343,1408,1
8137,827958,250799,1408,1
8138,937426,283961,1408,1
8139,901980,273209,1408,1
8140,992004,300490,1408,1
8141,626534,189805,1408,1
8142,584600,177105,1408,1
8143,573926,173851,1408,1
8144,577802,175020,1408,1
8145,762378,230943,1408,1
8146,1127606,342217,1408,1
8147,883390,268166,1408,1
8148,900312,272707,1408,1
8149,857380,259754,1408,1
8150,974900,295295,1408,1
8151,921698,279174,1408,1
8152,963036,291696,1408,1
8153,616084,186637,1408,1
8154,713102,216017,1408,1
8155,570634,172857,1408,1
8156,561200,169997,1408,1
8157,559438,169467,1408,1
8158,829290,251440,1408,1
8159,568226,172149,1408,1
8160,586656,177683,1408,1
8161,555956,168445,1408,1
8162,650196,196975,1408,1
8163,611526,185263,1408,1
8164,974818,296038,1408,1
8165,831284,251836,1408,1
8166,531680,161053,1408,1
8167,556658,168596,1408,1
8168,518804,157149,1408,1
8169,520342,157619,1408,1
8170,507230,153645,1408,1
8171,510356,154596,1408,1
8172,570054,172668,1408,1
8173,505920,153251,1408,1
8174,508756,154108,1408,1
8175,617190,186969,1408,1
8176,787602,238667,1408,1
8177,527512,159814,1408,1
8178,484904,146885,1408,1
8179,481874,145963,1408,1
8180,471832,142925,1408,1
8181,550094,166640,1408,1
8182,464024,140561,1408,1
8183,474826,143830,1408,1
8184,474300,143650,1408,1
8185,571840,173230,1408,1
8186,473178,143311,1408,1
8187,483966,146577,1408,1
8188,564660,171055,1408,1
8189,530454,160684,1408,1
8190,542866,164419,1408,1
8191,539866,163533,1408,1
8192,558150,169072,1408,1
8193,595660,180455,1408,1
8194,605294,183366,1408,1
8195,552206,167288,1408,1
8196,603630,182861,1408,1
8197,542642,164362,1408,1
8198,545490,165240,1408,1
8199,532732,161359,1408,1
8200,537410,162793,1408,1
8201,524760,158958,1408,1
8202,544368,164927,1408,1
8203,689686,208953,1408,1
8204,662440,200696,1408,1
8205,538778,163212,1408,1
8206,603054,182689,1408,1
8207,541992,164179,1408,1
8208,536728,162583,1408,1
8209,716532,217054,1408,1
8210,561580,170131,1408,1
8211,576094,174519,1408,1
8212,723380,219122,1408,1
8213,1212258,367159,1408,1
8214,517346,156709,1408,1
8215,907400,274893,1408,1
8216,829462,251243,1408,1
8217,779172,236024,1408,1
8218,863652,261716,1408,1
8219,632662,191678,1408,1
8220,574128,173885,1408,1
8221,591828,179274,1408,1
8222,574898,174148,1408,1
8223,589754,178645,1408,1
8224,2105892,638386,1408,1
8225,602268,182434,1408,1
8226,603926,182943,1408,1
8227,603234,182726,1408,1
8228,602084,182379,1408,1
8229,605742,183487,1408,1
8230,602318,182451,1408,1
8231,982564,297626,1408,1
8232,607384,183981,1408,1
8233,606020,183567,1408,1
8234,649154,196655,1408,1
8235,622800,188654,1408,1
8236,618790,187440,1408,1
8237,836884,253594,1408,1
8238,1005230,304507,1408,1
8239,935788,283823,1408,1
8240,1087910,330007,1408,1
8241,624474,189163,1408,1
8242,628962,190516,1408,1
8243,622546,188579,1408,1
8244,652006,197520,1408,1
8245,625124,189356,1408,1
8246,624786,189257,1408,1
8247,630140,190900,1408,1
8248,969312,293610,1408,1
8249,980718,297122,1408,1
8250,600180,181804,1408,1
8251,673726,204094,1408,1
8252,572332,173340,1408,1
8253,762822,231234,1408,1
8254,755246,228787,1408,1
8255,572514,173410,1408,1
8256,589888,178688,1408,1
8257,589632,178610,1408,1
8258,916226,277548,1408,1
8259,577430,174910,1408,1
8260,570846,172913,1408,1
8261,594194,180020,1408,1
8262,606060,183634,1408,1
8263,552040,167233,1408,1
8264,552424,167321,1408,1
8265,567944,172056,1408,1
8266,551834,167167,1408,1
8267,605334,183376,1408,1
8268,549600,166482,1408,1
8269,563984,170837,1408,1
8270,861668,261069,1408,1
8271,597046,180876,1408,1
8272,1032800,313844,1408,1
8273,556000,168418,1408,1
8274,568216,172123,1408,1
8275,570134,172703,1408,1
8276,592638,179494,1408,1
8277,588952,178442,1408,1
8278,979248,296826,1408,1
8279,559276,169419,1408,1
8280,543854,164740,1408,1
8281,543516,164639,1408,1
8282,527600,159818,1408,1
8283,528170,160006,1408,1
8284,491628,148926,1408,1
8285,545652,165295,1408,1
8286,472438,143086,1408,1
8287,474620,143768,1408,1
8288,778696,235886,1408,1
8289,482518,146164,1408,1
8290,487592,147701,1408,1
8291,543084,164521,1408,1
8292,825532,250150,1408,1
8293,816276,247242,1408,1
8294,866260,262402,1408,1
8295,974114,295063,1408,1
8296,1352502,411077,1408,1
8297,985494,298967,1408,1
8298,628706,190546,1408,1
8299,631160,191204,1408,1
8300,818534,247954,1408,1
8301,868854,263229,1408,1
8302,692554,209804,1408,1
8303,584118,176944,1408,1
8304,621592,188315,1408,1
8305,935170,283614,1408,1
8306,1049512,319185,1408,1
8307,842570,255307,1408,1
8308,976720,295839,1408,1
8309,1026708,311154,1408,1
8310,606396,183689,1408,1
8311,603482,182800,1408,1
8312,584378,177016,1408,1
8313,586522,177665,1408,1
8314,578868,175334,1408,1
8315,912740,276571,1408,1
8316,764698,231644,1408,1
8317,911224,276245,1408,1
8318,1246960,378270,1408,1
8319,888098,269125,1408,1
8320,1091264,330547,1408,1
8321,1005870,304838,1408,1
8322,958470,290295,1408,1
8323,583968,176903,1408,1
8324,627586,190202,1408,1
8325,568612,172241,1408,1
8326,568386,172180,1408,1
8327,567500,171901,1408,1
8328,607802,184101,1408,1
8329,568882,172331,1408,1
8330,573438,173696,1408,1
8331,613046,185716,1408,1
8332,569260,172420,1408,1
8333,587644,178003,1408,1
8334,585632,177442,1408,1
8335,1033904,313164,1408,1
8336,594706,180143,1408,1
8337,587252,177888,1408,1
8338,606080,183681,1408,1
8339,561352,170042,1408,1
8340,627260,190013,1408,1
8341,941571,286506,1408,1
8342,555104,168144,1408,1
8343,861266,261019,1408,1
8344,556954,168707,1408,1
8345,601602,182251,1408,1
8346,840900,254960,1408,1
8347,891714,270095,1408,1
8348,873390,265033,1408,1
8349,619244,187595,1408,1
8350,590492,178885,1408,1
8351,562430,170370,1408,1
8352,567720,171971,1408,1
8353,589682,178650,1408,1
8354,590462,178857,1408,1
8355,583028,176606,1408,1
8356,570964,172951,1408,1
8357,564572,171037,1408,1
8358,772610,234352,1408,1
8359,673742,204096,1408,1
8360,535468,162277,1408,1
8361,539648,163470,1408,1
8362,535948,162349,1408,1
8363,530048,160555,1408,1
8364,526598,159499,1408,1
8365,511042,154804,1408,1
8366,558468,169184,1408,1
8367,948040,287163,1408,1
8368,515238,156064,1408,1
8369,539092,163314,1408,1
8370,524040,158736,1408,1
8371,523254,158500,1408,1
8372,526418,159482,1408,1
8373,514552,155865,1408,1
8374,736222,223017,1408,1
8375,528102,159968,1408,1
8376,527682,159838,1408,1
8377,554016,167834,1408,1
8378,526258,159406,1408,1
8379,520658,157712,1408,1
8380,834556,252800,1408,1
8381,567974,172050,1408,1
8382,543924,164789,1408,1
8383,512520,155250,1408,1
8384,513980,155694,1408,1
8385,700498,212192,1408,1
8386,648066,196319,1408,1
8387,559622,169519,1408,1
8388,855926,259289,1408,1
8389,715506,216745,1408,1
8390,1383119,419259,1408,1
8391,907028,274890,1408,1
8392,902220,273318,1408,1
8393,968286,293655,1408,1
8394,602742,182573,1408,1
8395,663020,200856,1408,1
8396,960140,291012,1408,1
8397,1065660,323941,1408,1
8398,605170,183313,1408,1
8399,878322,266075,1408,1
8400,1297793,393987,1408,1
8401,876356,265528,1408,1
8402,982322,297546,1408,1
8403,1014214,307215,1408,1
8404,770646,233442,1408,1
8405,847838,256815,1408,1
8406,587286,177901,1408,1
8407,588040,178202,1408,1
8408,566180,171498,1408,1
8409,814594,247402,1408,1
8410,787182,239118,1408,1
8411,726052,219929,1408,1
8412,728682,220820,1408,1
8413,792194,240226,1408,1
8414,914872,277112,1408,1
8415,553290,167597,1408,1
8416,574670,174184,1408,1
8417,600130,181806,1408,1
8418,698898,211708,1408,1
8419,526422,159463,1408,1
8420,721308,218496,1408,1
8421,572116,173318,1408,1
8422,1033316,314334,1408,1
8423,807956,244789,1408,1
8424,586400,177823,1408,1
8425,921902,279260,1408,1
8426,705828,213999,1408,1
8427,840570,254775,1408,1
8428,883292,268095,1408,1
8429,768736,232944,1408,1
8430,555982,168463,1408,1
8431,606062,183598,1408,1
8432,574810,174134,1408,1
8433,557990,169022,1408,1
8434,564510,170971,1408,1
8435,576048,174599,1408,1
8436,569962,172650,1408,1
8437,562270,170327,1408,1
8438,560828,169895,1408,1
8439,640244,193952,1408,1
8440,670666,203251,1408,1
8441,907108,275589,1408,1
8442,790110,239323,1408,1
8443,695830,211024,1408,1
8444,919326,278540,1408,1
8445,895527,272108,1408,1
8446,2677302,811368,1408,1
8447,1305413,395748,1408,1
8448,581444,176157,1408,1
8449,773820,234492,1408,1
8450,645434,195525,1408,1
8451,808514,245543,1408,1
8452,611984,185407,1408,1
8453,542166,164230,1408,1
8454,878060,265979,1408,1
8455,590856,178974,1408,1
8456,736030,222971,1408,1
8457,801146,242682,1408,1
8458,581432,176127,1408,1
8459,587574,177991,1408,1
8460,982008,297695,1408,1
8461,1007946,305312,1408,1
8462,1226076,371394,1408,1
8463,1000020,302913,1408,1
8464,775670,235068,1408,1
8465,1013584,307131,1408,1
8466,963272,291796,1408,1
8467,903316,273812,1408,1
8468,715186,216673,1408,1
8469,602696,182562,1408,1
8470,667880,202329,1408,1
8471,944838,286580,1408,1
8472,1146636,347425,1408,1
8473,692608,209807,1408,1
8474,567804,171982,1408,1
8475,726388,220067,1408,1
8476,575244,174893,1408,1
8477,567714,171970,1408,1
8478,701676,212649,1408,1
8479,554448,167956,1408,1
8480,800324,242431,1408,1
8481,764570,231589,1408,1
8482,910768,276747,1408,1
8483,632882,191727,1408,1
8484,759730,230136,1408,1
8485,794278,240593,1408,1
8486,777322,235452,1408,1
8487,511130,154838,1408,1
8488,493694,149536,1408,1
8489,499964,151446,1408,1
8490,908408,275211,1408,1
8491,720340,218196,1408,1
8492,523144,158467,1408,1
8493,519492,157359,1408,1
8494,569592,172553,1408,1
8495,791252,239702,1408,1
8496,579312,175497,1408,1
8497,535382,162171,1408,1
8498,536110,162395,1408,1
8499,772526,234025,1408,1
8500,722036,218752,1408,1
8501,786667,239258,1408,1
8502,534226,161827,1408,1
8503,539472,163410,1408,1
8504,559194,169407,1408,1
8505,554240,167906,1408,1
8506,556934,168726,1408,1
8507,541000,163862,1408,1
8508,705650,213763,1408,1
8509,546570,165550,1408,1
8510,545740,165300,1408,1
8511,542494,164334,1408,1
8512,552980,167494,1408,1
8513,578944,175402,1408,1
8514,567404,171868,1408,1
8515,817564,247691,1408,1
8516,796640,241322,1408,1
8517,886396,269464,1408,1
8518,908148,275102,1408,1
8519,922528,279437,1408,1
8520,842144,255174,1408,1
8521,854282,258772,1408,1
8522,3081456,934566,1408,1
8523,1079334,327630,1408,1
8524,608592,184360,1408,1
8525,724870,219829,1408,1
8526,717288,217291,1408,1
8527,933384,283113,1408,1
8528,956398,289718,1408,1
8529,1076538,326823,1408,1
8530,1130844,342533,1408,1
8531,1181188,357770,1408,1
8532,974822,295301,1408,1
8533,937332,283943,1408,1
8534,616656,186817,1408,1
8535,595164,180286,1408,1
8536,1148884,348671,1408,1
8537,955230,289336,1408,1
8538,708273,215625,1408,1
8539,587598,177992,1408,1
8540,586362,177621,1408,1
8541,914354,277425,1408,1
8542,708978,214951,1408,1
8543,902962,273588,1408,1
8544,824286,249740,1408,1
8545,894880,271052,1408,1
8546,846028,256359,1408,1
8547,660532,200098,1408,1
8548,645936,195676,1408,1
8549,566388,171568,1408,1
8550,562232,170311,1408,1
8551,1539001,466749,1408,1
8552,603882,182941,1408,1
8553,1001328,303292,1408,1
8554,1040948,315295,1408,1
8555,617954,187201,1408,1
8556,606270,183666,1408,1
8557,575804,174419,1408,1
8558,761636,230760,1408,1
8559,575152,174223,1408,1
8560,602114,182448,1408,1
8561,817926,247825,1408,1
8562,623784,188982,1408,1
8563,606062,183604,1408,1
8564,906188,274527,1408,1
8565,839102,254175,1408,1
8566,1577282,478312,1408,1
8567,568598,172236,1408,1
8568,565930,171428,1408,1
8569,716644,217322,1408,1
8570,1009094,305777,1408,1
8571,797176,241552,1408,1
8572,828934,251085,1408,1
8573,552946,167497,1408,1
8574,588274,178211,1408,1
8575,541610,164061,1408,1
8576,860662,260698,1408,1
8577,536570,162531,1408,1
8578,521824,158072,1408,1
8579,561172,169996,1408,1
8580,524920,159021,1408,1
8581,525366,159138,1408,1
8582,547512,165869,1408,1
8583,515014,156003,1408,1
8584,516866,156565,1408,1
8585,515756,156231,1408,1
8586,516338,156405,1408,1
8587,524022,158734,1408,1
8588,514410,155825,1408,1
8589,538456,163089,1408,1
8590,794754,240824,1408,1
8591,514388,155821,1408,1
8592,511832,155027,1408,1
8593,515956,156291,1408,1
8594,498292,150944,1408,1
8595,498384,150965,1408,1
8596,519686,157428,1408,1
8597,522680,158343,1408,1
8598,495380,150034,1408,1
8599,803696,243454,1408,1
8600,814076,246578,1408,1
8601,793718,240428,1408,1
8602,561526,170133,1408,1
8603,547656,165891,1408,1
8604,548858,166271,1408,1
8605,904570,273991,1408,1
8606,812384,246080,1408,1
8607,775100,234812,1408,1
8608,788326,238793,1408,1
8609,1917042,581571,1408,1
8610,1119814,339423,1408,1
8611,885544,268240,1408,1
8612,3119639,945381,1408,1
8613,823708,249494,1408,1
8614,971148,294247,1408,1
8615,965320,292408,1408,1
8616,940964,285152,1408,1
8617,948190,287231,1408,1
8618,581872,176266,1408,1
8619,733836,222317,1408,1
8620,1561190,473350,1408,1
8621,1400984,424935,1408,1
8622,1181604,357912,1408,1
8623,927470,281056,1408,1
8624,964994,292529,1408,1
8625,710554,215275,1408,1
8626,628794,190490,1408,1
8627,593370,179739,1408,1
8628,739348,223959,1408,1
8629,618504,187356,1408,1
8630,611312,185175,1408,1
8631,604732,183169,1408,1
8632,609940,184779,1408,1
8633,621744,188339,1408,1
8634,617906,187196,1408,1
8635,617900,187194,1408,1
8636,602856,182615,1408,1
8637,605744,183488,1408,1
8638,606712,183777,1408,1
8639,623286,188805,1408,1
8640,618910,187484,1408,1
8641,608642,184367,1408,1
8642,1143378,346632,1408,1
8643,937030,283829,1408,1
8644,608736,184396,1408,1
8645,611256,185158,1408,1
8646,615092,186304,1408,1
8647,590602,178900,1408,1
8648,591940,179309,1408,1
8649,570590,172841,1408,1
8650,573982,173855,1408,1
8651,558552,169196,1408,1
8652,550590,166784,1408,1
8653,526108,159370,1408,1
8654,530640,160741,1408,1
8655,528576,160201,1408,1
8656,526794,159548,1408,1
8657,848302,257160,1408,1
8658,895444,271527,1408,1
8659,555086,168179,1408,1
8660,771240,233618,1408,1
8661,860170,260641,1408,1
8662,510564,154658,1408,1
8663,512690,155303,1408,1
8664,741042,224493,1408,1
8665,781514,236744,1408,1
8666,779242,236443,1408,1
8667,797456,241542,1408,1
8668,476180,144238,1408,1
8669,713516,216680,1408,1
8670,499084,151189,1408,1
8671,471474,142828,1408,1
8672,449640,136201,1408,1
8673,478864,145067,1408,1
8674,449324,136105,1408,1
8675,459704,139252,1408,1
8676,509450,154330,1408,1
8677,452128,136956,1408,1
8678,458540,138900,1408,1
8679,569408,172490,1408,1
8680,799102,242065,1408,1
8681,891848,270531,1408,1
8682,542330,164278,1408,1
8683,543352,164563,1408,1
8684,543068,164500,1408,1
8685,852966,258368,1408,1
8686,892910,270507,1408,1
8687,980566,297273,1408,1
8688,1014694,307401,1408,1
8689,1007838,305229,1408,1
8690,878252,266017,1408,1
8691,1046062,316864,1408,1
8692,1072886,325703,1408,1
8693,811156,246544,1408,1
8694,606438,183704,1408,1
8695,585958,177506,1408,1
8696,585492,177353,1408,1
8697,947642,287072,1408,1
8698,1018022,308395,1408,1
8699,859338,260296,1408,1
8700,706604,214095,1408,1
8701,606442,183712,1408,1
8702,646128,195734,1408,1
8703,588670,178318,1408,1
8704,584978,177197,1408,1
8705,579884,175651,1408,1
8706,568588,172228,1408,1
8707,594564,180117,1408,1
8708,857820,259828,1408,1
8709,881208,266964,1408,1
8710,540186,163630,1408,1
8711,520640,157707,1408,1
8712,513676,155597,1408,1
8713,573082,173603,1408,1
8714,513996,155698,1408,1
8715,576076,174508,1408,1
8716,525750,159283,1408,1
8717,509868,154436,1408,1
8718,496326,150346,1408,1
8719,500186,151501,1408,1
8720,494262,149724,1408,1
8721,513456,155533,1408,1
8722,512102,155122,1408,1
8723,522776,158357,1408,1
8724,512254,155155,1408,1
8725,550680,166824,1408,1
8726,591448,179169,1408,1
8727,678194,205443,1408,1
8728,543902,164762,1408,1
8729,540846,163827,1408,1
8730,587444,177958,1408,1
8731,879616,266942,1408,1
8732,553472,167658,1408,1
8733,690122,209057,1408,1
8734,657576,199200,1408,1
8735,554450,167968,1408,1
8736,586428,177653,1408,1
8737,542176,164217,1408,1
8738,627792,190188,1408,1
8739,564028,170849,1408,1
8740,556854,168654,1408,1
8741,980042,296854,1408,1
8742,598110,181190,1408,1
8743,853782,258601,1408,1
8744,549692,166495,1408,1
8745,540784,163812,1408,1
8746,541604,164060,1408,1
8747,569054,172367,1408,1
8748,594670,180155,1408,1
8749,553684,167722,1408,1
8750,558528,169185,1408,1
8751,850134,257587,1408,1
8752,657950,199413,1408,1
8753,570606,172847,1408,1
8754,582606,176493,1408,1
8755,566596,171672,1408,1
8756,541076,163888,1408,1
8757,599366,181553,1408,1
8758,584126,176964,1408,1
8759,864374,261815,1408,1
8760,542936,164461,1408,1
8761,545268,165172,1408,1
8762,578154,175147,1408,1
8763,541264,163933,1408,1
8764,546466,165535,1408,1
8765,826958,250512,1408,1
8766,585544,177390,1408,1
8767,574514,174045,1408,1
8768,592410,179683,1408,1
8769,746516,226128,1408,1
8770,565864,171402,1408,1
8771,830862,251667,1408,1
8772,541100,164026,1408,1
8773,837754,253819,1408,1
8774,706988,214203,1408,1
8775,1351592,409444,1408,1
8776,540058,163571,1408,1
8777,529902,160512,1408,1
8778,956078,290337,1408,1
8779,873744,264668,1408,1
8780,1219888,369495,1408,1
8781,883538,267637,1408,1
8782,695798,210767,1408,1
8783,820448,248744,1408,1
8784,1542879,468266,1408,1
8785,551676,167106,1408,1
8786,707134,214207,1408,1
8787,554248,167862,1408,1
8788,739536,223984,1408,1
8789,889516,269733,1408,1
8790,1301763,394815,1408,1
8791,874014,264739,1408,1
8792,840650,254640,1408,1
8793,916410,277621,1408,1
8794,526774,159564,1408,1
8795,592690,179546,1408,1
8796,525754,159252,1408,1
8797,521922,158224,1408,1
8798,522648,158392,1408,1
8799,522140,158163,1408,1
8800,592788,179576,1408,1
8801,636030,192669,1408,1
8802,539138,163308,1408,1
8803,535726,162278,1408,1
8804,536038,162372,1408,1
8805,550588,166777,1408,1
8806,549246,166370,1408,1
8807,577584,174969,1408,1
8808,568990,172452,1408,1
8809,558012,169026,1408,1
8810,548354,166110,1408,1
8811,820546,248543,1408,1
8812,829480,251357,1408,1
8813,794018,240511,1408,1
8814,821333,249723,1408,1
8815,525250,159106,1408,1
8816,529988,160535,1408,1
8817,528104,159958,1408,1
8818,820216,248474,1408,1
8819,590948,179012,1408,1
8820,521172,157873,1408,1
8821,577850,175060,1408,1
8822,521380,157933,1408,1
8823,573464,173722,1408,1
8824,504650,152869,1408,1
8825,508038,153892,1408,1
8826,492164,149082,1408,1
8827,492572,149204,1408,1
8828,481906,145976,1408,1
8829,1204850,365646,1408,1
8830,718524,217652,1408,1
8831,761598,230690,1408,1
8832,960932,291103,1408,1
8833,440610,133473,1408,1
8834,440162,133320,1408,1
8835,440502,133438,1408,1
8836,438712,132883,1408,1
8837,442000,133878,1408,1
8838,458570,138918,1408,1
8839,441778,133809,1408,1
8840,654594,198280,1408,1
8841,574592,174064,1408,1
8842,513660,155596,1408,1
8843,525474,159153,1408,1
8844,784510,237754,1408,1
8845,935082,283242,1408,1
8846,909118,276084,1408,1
8847,604750,183204,1408,1
8848,629774,190787,1408,1
8849,660200,199996,1408,1
8850,574902,174161,1408,1
8851,572810,173542,1408,1
8852,551960,167210,1408,1
8853,552064,167213,1408,1
8854,552976,167504,1408,1
8855,551346,167110,1408,1
8856,538930,163251,1408,1
8857,605604,183480,1408,1
8858,884916,268537,1408,1
8859,896698,271641,1408,1
8860,905460,274356,1408,1
8861,847964,257029,1408,1
8862,849398,257286,1408,1
8863,1028332,311485,1408,1
8864,1043879,317881,1408,1
8865,915330,277410,1408,1
8866,976200,295728,1408,1
8867,783198,237290,1408,1
8868,584582,177081,1408,1
8869,923596,279781,1408,1
8870,587168,177888,1408,1
8871,820084,248435,1408,1
8872,587040,177821,1408,1
8873,588746,178334,1408,1
8874,613740,185927,1408,1
8875,734100,222468,1408,1
8876,1001460,303341,1408,1
8877,584866,177159,1408,1
8878,651998,197497,1408,1
8879,651972,197505,1408,1
8880,585426,177328,1408,1
8881,586538,177667,1408,1
8882,822550,249471,1408,1
8883,1019180,308668,1408,1
8884,592356,179441,1408,1
8885,566912,171721,1408,1
8886,570070,172686,1408,1
8887,558036,169045,1408,1
8888,583460,176756,1408,1
8889,537064,162696,1408,1
8890,936796,283778,1408,1
8891,589450,178570,1408,1
8892,637724,193581,1408,1
8893,537018,162679,1408,1
8894,527226,159707,1408,1
8895,601956,182330,1408,1
8896,765400,231860,1408,1
8897,537286,162755,1408,1
8898,538750,163191,1408,1
8899,839786,254396,1408,1
8900,557408,168851,1408,1
8901,865032,262015,1408,1
8902,672162,203622,1408,1
8903,617684,187077,1408,1
8904,580148,175738,1408,1
8905,758438,229768,1408,1
8906,952022,288367,1408,1
8907,591950,179366,1408,1
8908,587348,177930,1408,1
8909,574602,174056,1408,1
8910,613086,185728,1408,1
8911,574968,174163,1408,1
8912,557514,168877,1408,1
8913,560282,169691,1408,1
8914,559154,169376,1408,1
8915,726506,220070,1408,1
8916,544238,164861,1408,1
8917,681241,207741,1408,1
8918,908326,275577,1408,1
8919,741650,224903,1408,1
8920,1039101,315915,1408,1
8921,866498,262508,1408,1
8922,843130,255741,1408,1
8923,736678,223158,1408,1
8924,797960,241720,1408,1
8925,835208,252990,1408,1
8926,996224,301798,1408,1
8927,1008595,306185,1408,1
8928,572318,173365,1408,1
8929,1085144,328839,1408,1
8930,904410,273964,1408,1
8931,925682,280409,1408,1
8932,970952,294122,1408,1
8933,849540,257421,1408,1
8934,958726,290414,1408,1
8935,618876,187495,1408,1
8936,776878,235839,1408,1
8937,1066156,322952,1408,1
8938,949512,287621,1408,1
8939,931404,282360,1408,1
8940,980262,296929,1408,1
8941,879484,266629,1408,1
8942,998020,302399,1408,1
8943,925122,280215,1408,1
8944,569896,172633,1408,1
8945,569782,172594,1408,1
8946,901170,272963,1408,1
8947,653376,197932,1408,1
8948,828914,251104,1408,1
8949,637696,193197,1408,1
8950,618620,187408,1408,1
8951,858534,260070,1408,1
8952,1022438,309701,1408,1
8953,1142896,346183,1408,1
8954,606452,183712,1408,1
8955,938870,284387,1408,1
8956,881084,266887,1408,1
8957,604854,183218,1408,1
8958,655074,198452,1408,1
8959,1064978,322573,1408,1
8960,866266,262403,1408,1
8961,1025900,310879,1408,1
8962,605020,183269,1408,1
8963,608358,184331,1408,1
8964,817676,247701,1408,1
8965,581760,176259,1408,1
8966,578026,175090,1408,1
8967,915520,277320,1408,1
8968,952806,288641,1408,1
8969,1001962,303990,1408,1
8970,854078,258711,1408,1
8971,1163994,493820,1408,1
8972,843250,255763,1408,1
8973,984374,298180,1408,1
8974,1186761,359887,1408,1
8975,931979,282697,1408,1
8976,912372,276374,1408,1
8977,574258,173955,1408,1
8978,650584,197091,1408,1
8979,926386,281291,1408,1
8980,553350,167622,1408,1
8981,686708,208523,1408,1
8982,822476,249761,1408,1
8983,696054,210845,1408,1
8984,847856,256870,1408,1
8985,558422,169150,1408,1
8986,855628,259261,1408,1
8987,534004,161763,1408,1
8988,656544,198851,1408,1
8989,690620,209205,1408,1
8990,529280,160329,1408,1
8991,563938,170856,1408,1
8992,738878,223780,1408,1
8993,541176,163939,1408,1
8994,544002,164783,1408,1
8995,544048,164797,1408,1
8996,598770,181376,1408,1
8997,637858,193233,1408,1
8998,775742,234991,1408,1
8999,571258,173495,1408,1
9000,568676,172373,1408,1
9001,578874,175351,1408,1
9002,826434,250416,1408,1
9003,913754,276805,1408,1
9004,1012114,306572,1408,1
9005,962534,291553,1408,1
9006,953296,288761,1408,1
9007,1026759,312316,1408,1
9008,1132364,343281,1408,1
9009,865762,262233,1408,1
9010,997968,302528,1408,1
9011,827984,250803,1408,1
9012,855756,259280,1408,1
9013,863376,261499,1408,1
9014,867020,262621,1408,1
9015,819108,248134,1408,1
9016,567528,171916,1408,1
9017,567502,171906,1408,1
9018,672064,203588,1408,1
9019,583510,176785,1408,1
9020,872188,264381,1408,1
9021,755714,228919,1408,1
9022,943752,286128,1408,1
9023,668652,202605,1408,1
9024,717218,217384,1408,1
9025,567858,172012,1408,1
9026,602220,182434,1408,1
9027,881500,267268,1408,1
9028,559208,169455,1408,1
9029,560450,169769,1408,1
9030,1001704,303494,1408,1
9031,968798,293798,1408,1
9032,869378,263359,1408,1
9033,770777,234058,1408,1
9034,1588669,481529,1408,1
9035,875110,265092,1408,1
9036,833451,253007,1408,1
9037,583882,176891,1408,1
9038,625722,189559,1408,1
9039,734256,222435,1408,1
9040,744144,225446,1408,1
9041,663114,200900,1408,1
9042,847576,256746,1408,1
9043,1016293,308749,1408,1
9044,900410,272879,1408,1
9045,893354,270594,1408,1
9046,581880,176290,1408,1
9047,567438,171886,1408,1
9048,569020,172388,1408,1
9049,573626,173762,1408,1
9050,623306,188832,1408,1
9051,568164,172106,1408,1
9052,931030,282021,1408,1
9053,678168,205434,1408,1
9054,583738,176837,1408,1
9055,895132,271382,1408,1
9056,538662,163171,1408,1
9057,770778,233500,1408,1
9058,762154,230872,1408,1
9059,555256,168212,1408,1
9060,844278,255887,1408,1
9061,540248,163651,1408,1
9062,538098,162997,1408,1
9063,535650,162260,1408,1
9064,583420,176747,1408,1
9065,535776,162295,1408,1
9066,960692,291475,1408,1
9067,975060,295798,1408,1
9068,1082176,328243,1408,1
9069,919030,278372,1408,1
9070,656002,199480,1408,1
9071,569308,172453,1408,1
9072,603560,182801,1408,1
9073,569214,172422,1408,1
9074,584852,177172,1408,1
9075,1521532,461309,1408,1
9076,619626,187715,1408,1
9077,622134,188491,1408,1
9078,588858,178376,1408,1
9079,586562,177839,1408,1
9080,820880,248727,1408,1
9081,708286,214562,1408,1
9082,578038,175093,1408,1
9083,573204,173632,1408,1
9084,636182,192724,1408,1
9085,576018,174487,1408,1
9086,808634,245002,1408,1
9087,745030,225704,1408,1
9088,2412283,731192,1408,1
9089,552152,167257,1408,1
9090,559066,169350,1408,1
9091,960930,291396,1408,1
9092,554066,167843,1408,1
9093,852496,258887,1408,1
9094,946426,287138,1408,1
9095,568094,172085,1408,1
9096,711560,215562,1408,1
9097,2569664,805649,1408,1
9098,980238,297157,1408,1
9099,913044,276665,1408,1
9100,848218,256924,1408,1
9101,796134,241198,1408,1
9102,915834,277435,1408,1
9103,1178186,357201,1408,1
9104,2002243,607140,1408,1
9105,587024,177819,1408,1
9106,741166,224542,1408,1
9107,918336,278269,1408,1
9108,1092386,330887,1408,1
9109,1107518,336579,1408,1
9110,1029410,312138,1408,1
9111,1025810,310795,1408,1
9112,841420,254963,1408,1
9113,913562,277136,1408,1
9114,584820,177152,1408,1
9115,586642,177719,1408,1
9116,959824,292887,1408,1
9117,891888,270178,1408,1
9118,567862,172042,1408,1
9119,576846,174730,1408,1
9120,541882,164146,1408,1
9121,691450,209479,1408,1
9122,711876,215652,1408,1
9123,554260,167900,1408,1
9124,836249,253492,1408,1
9125,701072,212444,1408,1
9126,541988,164177,1408,1
9127,569262,172464,1408,1
9128,856852,259532,1408,1
9129,917277,279127,1408,1
9130,527112,159678,1408,1
9131,526642,159525,1408,1
9132,931644,282680,1408,1
9133,754328,228500,1408,1
9134,881492,267013,1408,1
9135,885424,268263,1408,1
9136,690142,209058,1408,1
9137,544966,165116,1408,1
9138,551258,166980,1408,1
9139,550734,166820,1408,1
9140,584100,176951,1408,1
9141,568654,172254,1408,1
9142,740216,224258,1408,1
9143,973626,295254,1408,1
9144,589920,178696,1408,1
9145,949259,288048,1408,1
9146,1033758,313242,1408,1
9147,986492,298808,1408,1
9148,938030,284162,1408,1
9149,603530,182813,1408,1
9150,605022,183266,1408,1
9151,711872,215652,1408,1
9152,590552,178889,1408,1
9153,638722,193570,1408,1
9154,578028,175079,1408,1
9155,699606,211945,1408,1
9156,634340,192193,1408,1
9157,912686,276440,1408,1
9158,556278,168505,1408,1
9159,568324,179245,1408,1
9160,838536,254048,1408,1
9161,820768,248610,1408,1
9162,856182,259354,1408,1
9163,801598,243078,1408,1
9164,611138,185137,1408,1
9165,705710,213859,1408,1
9166,702772,212889,1408,1
9167,568888,172325,1408,1
9168,632684,191681,1408,1
9169,568612,172244,1408,1
9170,889070,269324,1408,1
9171,905964,274575,1408,1
9172,832330,252113,1408,1
9173,914770,277084,1408,1
9174,945196,286763,1408,1
9175,882988,267791,1408,1
9176,887266,269363,1408,1
9177,1004896,304713,1408,1
9178,861598,261031,1408,1
9179,868670,263125,1408,1
9180,968972,293514,1408,1
9181,973644,294918,1408,1
9182,895370,271213,1408,1
9183,623952,189023,1408,1
9184,573490,173705,1408,1
9185,660580,200116,1408,1
9186,742830,225022,1408,1
9187,976804,296335,1408,1
9188,833204,253311,1408,1
9189,686398,207935,1408,1
9190,646376,195830,1408,1
9191,758742,229838,1408,1
9192,876034,265347,1408,1
9193,870760,263764,1408,1
9194,1042892,315898,1408,1
9195,1009376,306317,1408,1
9196,905244,274313,1408,1
9197,580602,175871,1408,1
9198,580976,175986,1408,1
9199,582926,176575,1408,1
9200,583798,176841,1408,1
9201,583292,176687,1408,1
9202,587426,177936,1408,1
9203,558816,169274,1408,1
9204,554950,168099,1408,1
9205,650086,197247,1408,1
9206,803614,243439,1408,1
9207,784636,237688,1408,1
9208,778208,235732,1408,1
9209,539334,163385,1408,1
9210,759476,230056,1408,1
9211,544164,164849,1408,1
9212,874602,265172,1408,1
9213,777226,235526,1408,1
9214,655000,198404,1408,1
9215,514124,155750,1408,1
9216,507610,153767,1408,1
9217,508624,154069,1408,1
9218,679172,205757,1408,1
9219,523436,158551,1408,1
9220,795234,241087,1408,1
9221,577322,174905,1408,1
9222,515954,156292,1408,1
9223,509892,154757,1408,1
9224,509794,154424,1408,1
9225,539030,163294,1408,1
9226,508254,153959,1408,1
9227,551970,167216,1408,1
9228,587856,178082,1408,1
9229,746728,226356,1408,1
9230,497456,150691,1408,1
9231,498060,150868,1408,1
9232,540326,163779,1408,1
9233,490052,148449,1408,1
9234,496664,150444,1408,1
9235,492794,149256,1408,1
9236,525224,159115,1408,1
9237,503980,152661,1408,1
9238,557292,168828,1408,1
9239,762440,230951,1408,1
9240,518634,157105,1408,1
9241,581362,176117,1408,1
9242,556934,168721,1408,1
9243,830376,252014,1408,1
9244,608088,184174,1408,1
9245,5705791,1728812,1408,1
9246,1155730,350070,1408,1
9247,781048,236585,1408,1
9248,12549193,3802040,1408,1
9249,885666,268457,1408,1
9250,1146548,348100,1408,1
9251,994958,301392,1408,1
9252,991956,300488,1408,1
9253,1004716,304921,1408,1
9254,874620,264927,1408,1
9255,2498822,758335,1408,1
9256,951854,288335,1408,1
9257,908564,275224,1408,1
9258,842100,255108,1408,1
9259,651636,197417,1408,1
9260,925486,280733,1408,1
9261,912298,276336,1408,1
9262,932278,282389,1408,1
9263,874762,264962,1408,1
9264,1125602,341073,1408,1
9265,631586,191335,1408,1
9266,626466,189784,1408,1
9267,604704,183148,1408,1
9268,576696,174693,1408,1
9269,2789900,845471,1408,1
9270,617144,186972,1408,1
9271,573148,173600,1408,1
9272,856452,259455,1408,1
9273,561156,169982,1408,1
9274,554238,167862,1408,1
9275,576774,174715,1408,1
9276,573470,173712,1408,1
9277,573810,173791,1408,1
9278,714874,216557,1408,1
9279,571908,173239,1408,1
9280,569966,172639,1408,1
9281,570508,172819,1408,1
9282,557128,168748,1408,1
9283,558170,169078,1408,1
9284,571578,173143,1408,1
9285,554762,168032,1408,1
9286,559864,169590,1408,1
9287,579452,175528,1408,1
9288,575274,174263,1408,1
9289,560514,169791,1408,1
9290,569002,172356,1408,1
9291,895962,271403,1408,1
9292,557134,168766,1408,1
9293,573204,173609,1408,1
9294,574358,173981,1408,1
9295,833898,252603,1408,1
9296,571648,173163,1408,1
9297,599494,181593,1408,1
9298,585806,177423,1408,1
9299,612672,185603,1408,1
9300,840018,254560,1408,1
9301,619536,187684,1408,1
9302,560658,169839,1408,1
9303,799062,242236,1408,1
9304,713640,216184,1408,1
9305,542508,164334,1408,1
9306,586748,177749,1408,1
9307,575610,174336,1408,1
9308,556488,168570,1408,1
9309,536636,162556,1408,1
9310,575792,174432,1408,1
9311,542280,164265,1408,1
9312,541474,163993,1408,1
9313,561070,169956,1408,1
9314,917588,277943,1408,1
9315,1384803,419956,1408,1
9316,859718,260819,1408,1
9317,921090,279144,1408,1
9318,964886,292405,1408,1
9319,907147,275719,1408,1
9320,575358,174289,1408,1
9321,667516,202234,1408,1
9322,585910,177485,1408,1
9323,1044472,316870,1408,1
9324,859760,260543,1408,1
9325,614728,186289,1408,1
9326,567634,171943,1408,1
9327,593612,180109,1408,1
9328,916340,277575,1408,1
9329,673764,204642,1408,1
9330,926040,280526,1408,1
9331,569706,172575,1408,1
9332,568732,172277,1408,1
9333,885426,268202,1408,1
9334,817070,247510,1408,1
9335,575484,174320,1408,1
9336,559012,169340,1408,1
9337,551584,167070,1408,1
9338,973012,294797,1408,1
9339,561882,170203,1408,1
9340,552580,167514,1408,1
9341,540326,163762,1408,1
9342,726236,220021,1408,1
9343,898088,272122,1408,1
9344,892106,270418,1408,1
9345,552438,167340,1408,1
9346,859768,260668,1408,1
9347,1166568,353752,1408,1
9348,533380,161606,1408,1
9349,541914,164282,1408,1
9350,606906,183851,1408,1
9351,529222,160284,1408,1
9352,527528,159802,1408,1
9353,529626,160432,1408,1
9354,513084,155418,1408,1
9355,516780,156644,1408,1
9356,593090,179847,1408,1
9357,517240,156759,1408,1
9358,803654,244201,1408,1
9359,515034,156022,1408,1
9360,510034,154493,1408,1
9361,549698,166529,1408,1
9362,512384,155287,1408,1
9363,539626,163477,1408,1
9364,502158,152197,1408,1
9365,510688,154689,1408,1
9366,782276,236991,1408,1
9367,541338,164001,1408,1
9368,553668,167712,1408,1
9369,595360,180649,1408,1
9370,611142,185142,1408,1
9371,587436,177945,1408,1
9372,651798,197457,1408,1
9373,838150,253938,1408,1
9374,605848,183532,1408,1
9375,618894,187610,1408,1
9376,604016,182965,1408,1
9377,645244,195580,1408,1
9378,595892,180504,1408,1
9379,594778,180170,1408,1
9380,786810,238478,1408,1
9381,750490,227351,1408,1
9382,856618,261598,1408,1
9383,932372,282415,1408,1
9384,892368,270447,1408,1
9385,871004,263872,1408,1
9386,911184,276384,1408,1
9387,888502,269139,1408,1
9388,931932,282279,1408,1
9389,835974,253345,1408,1
9390,727378,220420,1408,1
9391,705616,213764,1408,1
9392,810440,245794,1408,1
9393,868692,263404,1408,1
9394,814830,246811,1408,1
9395,939238,284858,1408,1
9396,497766,150776,1408,1
9397,796052,241423,1408,1
9398,826686,250414,1408,1
9399,506726,153492,1408,1
9400,876122,265622,1408,1
9401,958874,290456,1408,1
9402,511942,155073,1408,1
9403,964054,292064,1408,1
9404,988316,299392,1408,1
9405,585172,177387,1408,1
9406,637112,193143,1408,1
9407,915654,277701,1408,1
9408,719698,218350,1408,1
9409,709936,215063,1408,1
9410,619934,187793,1408,1
9411,623838,188972,1408,1
9412,833770,252704,1408,1
9413,1016684,307951,1408,1
9414,710862,215343,1408,1
9415,793680,240719,1408,1
9416,663904,201127,1408,1
9417,669366,202751,1408,1
9418,609904,184748,1408,1
9419,602626,182678,1408,1
9420,583180,176779,1408,1
9421,586228,177574,1408,1
9422,640084,193922,1408,1
9423,582048,176333,1408,1
9424,571552,173103,1408,1
9425,561602,170115,1408,1
9426,600636,181957,1408,1
9427,559982,169628,1408,1
9428,583778,176859,1408,1
9429,611996,185397,1408,1
9430,812662,246360,1408,1
9431,882938,267446,1408,1
9432,1056145,320496,1408,1
9433,823604,249486,1408,1
9434,550846,166872,1408,1
9435,1031028,312372,1408,1
9436,824486,249913,1408,1
9437,669926,203402,1408,1
9438,674360,204288,1408,1
9439,788436,238826,1408,1
9440,886312,268729,1408,1
9441,806920,244426,1408,1
9442,881662,267157,1408,1
9443,841226,254796,1408,1
9444,555956,168403,1408,1
9445,756776,229422,1408,1
9446,821298,248787,1408,1
9447,874834,265057,1408,1
9448,845878,256401,1408,1
9449,590860,179113,1408,1
9450,584328,176988,1408,1
9451,586894,177916,1408,1
9452,606750,183788,1408,1
9453,787906,238729,1408,1
9454,825374,250193,1408,1
9455,663080,201112,1408,1
9456,587418,177941,1408,1
9457,904082,273899,1408,1
9458,606796,183824,1408,1
9459,700786,212299,1408,1
9460,696076,210868,1408,1
9461,1050338,318192,1408,1
9462,931174,282056,1408,1
9463,1010352,306037,1408,1
9464,934134,283127,1408,1
9465,659694,199882,1408,1
9466,1144416,346957,1408,1
9467,996514,301854,1408,1
9468,1106844,335520,1408,1
9469,642300,194592,1408,1
9470,602042,182364,1408,1
9471,698228,211516,1408,1
9472,598738,181515,1408,1
9473,644756,195340,1408,1
9474,634842,192321,1408,1
9475,615618,186622,1408,1
9476,991366,300424,1408,1
9477,610588,185092,1408,1
9478,613450,185825,1408,1
9479,736374,223330,1408,1
9480,826064,250304,1408,1
9481,719402,217935,1408,1
9482,587490,177943,1408,1
9483,606646,183806,1408,1
9484,763816,231739,1408,1
9485,817982,247925,1408,1
9486,700240,212114,1408,1
9487,1002464,303680,1408,1
9488,765410,231878,1408,1
9489,550316,166698,1408,1
9490,566350,171571,1408,1
9491,587472,177972,1408,1
9492,537464,162850,1408,1
9493,960605,291624,1408,1
9494,1269196,384753,1408,1
9495,799326,242170,1408,1
9496,848578,257063,1408,1
9497,829166,251226,1408,1
9498,821178,248747,1408,1
9499,521540,157981,1408,1
9500,531678,161062,1408,1
9501,593062,179819,1408,1
9502,771216,233733,1408,1
9503,775812,235018,1408,1
9504,873320,264739,1408,1
9505,840418,254570,1408,1
9506,910528,275795,1408,1
9507,1185498,359065,1408,1
9508,889640,269547,1408,1
9509,507210,153757,1408,1
9510,505454,153139,1408,1
9511,503690,152692,1408,1
9512,504926,152980,1408,1
9513,498924,151131,1408,1
9514,504256,152937,1408,1
9515,500844,151718,1408,1
9516,500716,151674,1408,1
9517,515388,156234,1408,1
9518,506434,153408,1408,1
9519,994140,301224,1408,1
9520,508542,154043,1408,1
9521,500796,151698,1408,1
9522,589962,178832,1408,1
9523,498928,151132,1408,1
9524,499824,151403,1408,1
9525,528058,159971,1408,1
9526,534346,161985,1408,1
9527,889900,269544,1408,1
9528,737450,223374,1408,1
9529,815008,247447,1408,1
9530,780156,236334,1408,1
9531,940300,284935,1408,1
9532,634460,192198,1408,1
9533,1073475,325636,1408,1
9534,643306,194905,1408,1
9535,604212,183158,1408,1
9536,702156,212706,1408,1
9537,777066,235480,1408,1
9538,875428,265224,1408,1
9539,591576,179203,1408,1
9540,603498,182832,1408,1
9541,604332,183223,1408,1
9542,751284,227590,1408,1
9543,813222,246857,1408,1
9544,1073961,326244,1408,1
9545,974314,295125,1408,1
9546,1332857,404152,1408,1
9547,872666,264434,1408,1
9548,801838,243029,1408,1
9549,1070178,324212,1408,1
9550,573950,173987,1408,1
9551,728648,220855,1408,1
9552,823868,249745,1408,1
9553,1095789,332354,1408,1
9554,865110,262068,1408,1
9555,922528,279439,1408,1
9556,1161178,351767,1408,1
9557,872226,264482,1408,1
9558,852984,258499,1408,1
9559,855790,259720,1408,1
9560,810664,245577,1408,1
9561,916920,277748,1408,1
9562,911806,276638,1408,1
9563,743776,225358,1408,1
9564,852012,258936,1408,1
9565,750878,227459,1408,1
9566,745548,225976,1408,1
9567,806622,244365,1408,1
9568,1007878,305379,1408,1
9569,1034111,313610,1408,1
9570,1268986,384837,1408,1
9571,871224,264101,1408,1
9572,849626,257488,1408,1
9573,840408,254557,1408,1
9574,937232,284332,1408,1
9575,998974,302591,1408,1
9576,1282776,388547,1408,1
9577,985080,298454,1408,1
9578,908168,275257,1408,1
9579,998748,302747,1408,1
9580,945526,286409,1408,1
9581,766800,232443,1408,1
9582,672774,203823,1408,1
9583,621682,188324,1408,1
9584,1234992,374764,1408,1
9585,922594,279475,1408,1
9586,626420,189759,1408,1
9587,626854,189874,1408,1
9588,946258,286928,1408,1
9589,1049824,318008,1408,1
9590,1093772,331408,1408,1
9591,980228,297286,1408,1
9592,1004402,304721,1408,1
9593,951006,295519,1408,1
9594,1188858,360090,1408,1
9595,594780,180431,1408,1
9596,888400,269125,1408,1
9597,581618,176179,1408,1
9598,625696,189796,1408,1
9599,712650,216160,1408,1
9600,650574,197081,1408,1
9601,571278,173069,1408,1
9602,840058,254479,1408,1
9603,921020,279468,1408,1
9604,839702,254338,1408,1
9605,758646,229812,1408,1
9606,884328,267875,1408,1
9607,1024182,310230,1408,1
9608,17463449,5289764,1408,1
9609,835880,253387,1408,1
9610,617702,187623,1408,1
9611,606034,183582,1408,1
9612,602918,182629,1408,1
9613,806744,244389,1408,1
9614,843050,255417,1408,1
9615,1285546,389589,1408,1
9616,611012,185303,1408,1
9617,594886,180172,1408,1
9618,1061677,322055,1408,1
9619,1118054,339025,1408,1
9620,1043884,316393,1408,1
9621,895214,271283,1408,1
9622,779906,236248,1408,1
9623,577748,175118,1408,1
9624,620594,187999,1408,1
9625,918192,278512,1408,1
9626,570196,172717,1408,1
9627,625144,189685,1408,1
9628,582834,176548,1408,1
9629,639872,193837,1408,1
9630,961722,291433,1408,1
9631,583422,177055,1408,1
9632,1075952,326013,1408,1
9633,573152,173632,1408,1
9634,617636,187094,1408,1
9635,945754,286487,1408,1
9636,1588929,481705,1408,1
9637,573748,173797,1408,1
9638,583292,176784,1408,1
9639,599752,181699,1408,1
9640,1530607,464311,1408,1
9641,775226,234803,1408,1
9642,671744,203494,1408,1
9643,557382,168841,1408,1
9644,570242,172731,1408,1
9645,575080,174214,1408,1
9646,792962,240174,1408,1
9647,576116,174512,1408,1
9648,804560,244237,1408,1
9649,944396,286426,1408,1
9650,937068,283837,1408,1
9651,866780,262555,1408,1
9652,776654,235296,1408,1
9653,783866,237563,1408,1
9654,856206,259377,1408,1
9655,858018,260127,1408,1
9656,874286,264821,1408,1
9657,597388,181120,1408,1
9658,590454,178858,1408,1
9659,624810,189283,1408,1
9660,576992,174787,1408,1
9661,573268,173655,1408,1
9662,669586,202841,1408,1
9663,603892,183327,1408,1
9664,942172,285538,1408,1
9665,896438,271981,1408,1
9666,948352,287529,1408,1
9667,675132,204521,1408,1
9668,606014,183806,1408,1
9669,591836,179278,1408,1
9670,589356,178580,1408,1
9671,914608,277109,1408,1
9672,1125160,341402,1408,1
9673,890114,269633,1408,1
9674,992988,300884,1408,1
9675,943910,285918,1408,1
9676,964688,292200,1408,1
9677,899022,272387,1408,1
9678,855966,259397,1408,1
9679,864726,261968,1408,1
9680,932756,282532,1408,1
9681,581240,176099,1408,1
9682,1727554,524923,1408,1
9683,571406,173082,1408,1
9684,570610,172843,1408,1
9685,1331358,403643,1408,1
9686,817962,247788,1408,1
9687,576120,174653,1408,1
9688,551400,167019,1408,1
9689,550812,166843,1408,1
9690,838414,254390,1408,1
9691,1453537,441102,1408,1
9692,537062,162683,1408,1
9693,872304,264244,1408,1
9694,826148,250262,1408,1
9695,922420,280202,1408,1
9696,566478,171717,1408,1
9697,576512,174630,1408,1
9698,572802,173512,1408,1
9699,615892,186578,1408,1
9700,578180,175190,1408,1
9701,789562,239177,1408,1
9702,582840,176718,1408,1
9703,583342,176844,1408,1
9704,654936,198408,1408,1
9705,625308,189429,1408,1
9706,626566,189811,1408,1
9707,601750,182296,1408,1
9708,571668,173170,1408,1
9709,946596,286784,1408,1
9710,708418,214912,1408,1
9711,849344,257580,1408,1
9712,978764,296691,1408,1
9713,574714,174087,1408,1
9714,587202,178253,1408,1
9715,735614,222836,1408,1
9716,561256,170013,1408,1
9717,558276,169111,1408,1
9718,543714,164684,1408,1
9719,540064,163594,1408,1
9720,540430,163691,1408,1
9721,538020,162951,1408,1
9722,828382,250933,1408,1
9723,929168,281578,1408,1
9724,662488,200674,1408,1
9725,540004,163582,1408,1
9726,536530,162524,1408,1
9727,759030,229926,1408,1
9728,528974,160260,1408,1
9729,512874,155473,1408,1
9730,520852,157890,1408,1
9731,514102,155729,1408,1
9732,513426,155527,1408,1
9733,515716,156214,1408,1
9734,515010,156007,1408,1
9735,596216,180577,1408,1
9736,645282,196037,1408,1
9737,553012,167624,1408,1
9738,498784,151093,1408,1
9739,496626,150443,1408,1
9740,499424,151264,1408,1
9741,537642,162872,1408,1
9742,500296,151551,1408,1
9743,510168,154537,1408,1
9744,507282,153651,1408,1
9745,516090,156450,1408,1
9746,503408,152488,1408,1
9747,521852,158076,1408,1
9748,770575,233830,1408,1
9749,609882,184867,1408,1
9750,559438,169480,1408,1
9751,833298,252415,1408,1
9752,557662,168923,1408,1
9753,522426,158256,1408,1
9754,519970,157500,1408,1
9755,588856,178383,1408,1
9756,520394,157634,1408,1
9757,764876,231725,1408,1
9758,525380,159152,1408,1
9759,1776887,538802,1408,1
9760,529334,160338,1408,1
9761,530436,160672,1408,1
9762,554158,168038,1408,1
9763,534596,161930,1408,1
9764,564138,171009,1408,1
9765,877818,265884,1408,1
9766,867230,263087,1408,1
9767,613052,185719,1408,1
9768,586952,177814,1408,1
9769,626464,189780,1408,1
9770,568296,172145,1408,1
9771,570120,172695,1408,1
9772,555566,168296,1408,1
9773,556734,168615,1408,1
9774,561106,169968,1408,1
9775,569130,172444,1408,1
9776,611162,185149,1408,1
9777,561992,170237,1408,1
9778,557720,168947,1408,1
9779,838576,254028,1408,1
9780,547344,165799,1408,1
9781,582928,176790,1408,1
9782,627748,190165,1408,1
9783,755902,228992,1408,1
9784,819014,248230,1408,1
9785,599226,181533,1408,1
9786,849654,257446,1408,1
9787,649646,196947,1408,1
9788,865632,262361,1408,1
9789,858282,259971,1408,1
9790,878208,266128,1408,1
9791,553958,167818,1408,1
9792,856717,260047,1408,1
9793,974174,295734,1408,1
9794,859374,260340,1408,1
9795,565274,171407,1408,1
9796,593710,179860,1408,1
9797,558596,169180,1408,1
9798,561786,170172,1408,1
9799,562316,170331,1408,1
9800,569372,172564,1408,1
9801,625148,189385,1408,1
9802,996966,302913,1408,1
9803,819176,248317,1408,1
9804,777564,235525,1408,1
9805,634972,192554,1408,1
9806,705964,213852,1408,1
9807,564004,170855,1408,1
9808,574658,174072,1408,1
9809,577206,174845,1408,1
9810,576776,174685,1408,1
9811,576990,174782,1408,1
9812,573410,173680,1408,1
9813,863414,261567,1408,1
9814,632470,191598,1408,1
9815,614560,186185,1408,1
9816,1111250,337144,1408,1
9817,744366,225500,1408,1
9818,1010790,306627,1408,1
9819,615838,186678,1408,1
9820,634524,192216,1408,1
9821,645900,195672,1408,1
9822,876194,266199,1408,1
9823,606168,183756,1408,1
9824,597544,181014,1408,1
9825,649178,196666,1408,1
9826,633746,192155,1408,1
9827,586800,177751,1408,1
9828,1104314,334607,1408,1
9829,1033510,313223,1408,1
9830,856442,259801,1408,1
9831,1057828,320411,1408,1
9832,854390,259400,1408,1
9833,860860,260779,1408,1
9834,929734,281904,1408,1
9835,938152,284337,1408,1
9836,889514,269652,1408,1
9837,830868,251837,1408,1
9838,1335326,404834,1408,1
9839,873488,264593,1408,1
9840,932960,282598,1408,1
9841,826870,250459,1408,1
9842,743492,225354,1408,1
9843,895434,271727,1408,1
9844,879228,266338,1408,1
9845,587082,177838,1408,1
9846,989415,300493,1408,1
9847,594766,180294,1408,1
9848,754022,228425,1408,1
9849,810868,245622,1408,1
9850,672794,203817,1408,1
9851,568810,172301,1408,1
9852,627602,190114,1408,1
9853,610966,185085,1408,1
9854,838392,253963,1408,1
9855,1133458,343444,1408,1
9856,969598,293699,1408,1
9857,571016,172982,1408,1
9858,587308,177876,1408,1
9859,634796,192422,1408,1
9860,668488,203095,1408,1
9861,571986,173262,1408,1
9862,570552,172836,1408,1
9863,561388,170125,1408,1
9864,930468,282196,1408,1
9865,762052,231883,1408,1
9866,565098,171301,1408,1
9867,559996,169603,1408,1
9868,583102,177166,1408,1
9869,573400,173685,1408,1
9870,818824,248031,1408,1
9871,1005098,304468,1408,1
9872,832760,252249,1408,1
9873,882726,267673,1408,1
9874,1041958,315637,1408,1
9875,787586,238611,1408,1
9876,924584,280136,1408,1
9877,653086,197898,1408,1
9878,907774,274961,1408,1
9879,973596,294926,1408,1
9880,949752,287909,1408,1
9881,1159707,351791,1408,1
9882,1008320,305589,1408,1
9883,1256534,380943,1408,1
9884,613484,185979,1408,1
9885,996632,301899,1408,1
9886,587252,177893,1408,1
9887,949542,288018,1408,1
9888,942922,285822,1408,1
9889,610878,185047,1408,1
9890,906956,274821,1408,1
9891,984768,298278,1408,1
9892,962604,291568,1408,1
9893,1008910,305960,1408,1
9894,887244,269248,1408,1
9895,1018674,309004,1408,1
9896,1001508,303372,1408,1
9897,658934,199622,1408,1
9898,606288,183654,1408,1
9899,600250,181821,1408,1
9900,678518,205986,1408,1
9901,594818,180333,1408,1
9902,634202,192125,1408,1
9903,668198,202435,1408,1
9904,683408,207041,1408,1
9905,652824,197768,1408,1
9906,702962,212953,1408,1
9907,713456,216147,1408,1
9908,1019828,308924,1408,1
9909,621912,188386,1408,1
9910,734142,222476,1408,1
9911,1674826,507925,1408,1
9912,922014,279592,1408,1
9913,611290,185377,1408,1
9914,684408,207334,1408,1
9915,965238,292383,1408,1
9916,935250,283295,1408,1
9917,923472,279935,1408,1
9918,2048754,621025,1408,1
9919,615902,186588,1408,1
9920,602850,182606,1408,1
9921,1124603,341400,1408,1
9922,931358,282177,1408,1
9923,926928,280972,1408,1
9924,585092,177233,1408,1
9925,584730,177124,1408,1
9926,962826,292288,1408,1
9927,850902,257758,1408,1
9928,671862,203532,1408,1
9929,570474,172927,1408,1
9930,584796,177158,1408,1
9931,581246,176279,1408,1
9932,590896,179060,1408,1
9933,730904,221746,1408,1
9934,639982,193992,1408,1
9935,566130,171486,1408,1
9936,678460,205536,1408,1
9937,740146,224412,1408,1
9938,520578,157709,1408,1
9939,513096,155421,1408,1
9940,514172,155750,1408,1
9941,514842,155953,1408,1
9942,627814,190181,1408,1
9943,513510,155551,1408,1
9944,515726,156225,1408,1
9945,523262,158507,1408,1
9946,728850,220770,1408,1
9947,819684,248287,1408,1
9948,593000,179645,1408,1
9949,910292,275730,1408,1
9950,869474,263560,1408,1
9951,766098,232062,1408,1
9952,995808,301762,1408,1
9953,1112640,337152,1408,1
9954,916948,277924,1408,1
9955,863502,261688,1408,1
9956,932183,284714,1408,1
9957,676984,205082,1408,1
9958,576350,174585,1408,1
9959,585728,177564,1408,1
9960,883050,267516,1408,1
9961,602312,182460,1408,1
9962,562788,170524,1408,1
9963,780784,237160,1408,1
9964,542582,164351,1408,1
9965,545882,165482,1408,1
9966,749188,226939,1408,1
9967,1043321,316344,1408,1
9968,538984,163267,1408,1
9969,541092,163941,1408,1
9970,537120,162698,1408,1
9971,569180,172404,1408,1
9972,577876,175064,1408,1
9973,553634,167691,1408,1
9974,719678,218297,1408,1
9975,549960,166592,1408,1
9976,544944,165080,1408,1
9977,540604,163760,1408,1
9978,557116,168758,1408,1
9979,553542,167681,1408,1
9980,871242,263916,1408,1
9981,932290,282464,1408,1
9982,567284,171866,1408,1
9983,730172,221892,1408,1
9984,819080,248113,1408,1
9985,742784,225005,1408,1
9986,827020,250912,1408,1
9987,533588,161631,1408,1
9988,591324,179131,1408,1
9989,738598,223729,1408,1
9990,740412,225037,1408,1
9991,523304,158518,1408,1
9992,591996,179300,1408,1
9993,859240,260267,1408,1
9994,879006,266266,1408,1
9995,655838,198715,1408,1
9996,767638,232525,1408,1
9997,557780,168980,1408,1
9998,915520,277314,1408,1
9999,610354,184900,1408,1
