iter,cycles,time_ns,peak_rss_kb,ok
0,2759118,835547,1408,1
1,2490952,754356,1408,1
2,7726608,2340529,1408,1
3,1015836,307754,1408,1
4,2408426,730089,1408,1
5,2363436,716021,1408,1
6,2004706,607130,1408,1
7,1958568,593361,1408,1
8,2080132,630080,1408,1
9,4516425,1369018,1408,1
10,1022078,309577,1408,1
11,2494977,757168,1408,1
12,6403350,1940684,1408,1
13,7276780,2216121,1408,1
14,2243748,679728,1408,1
15,1216936,368581,1408,1
16,3849426,1166136,1408,1
17,3658928,1108203,1408,1
18,877950,265928,1408,1
19,1295646,393344,1408,1
20,2418364,732436,1408,1
21,6062435,1836616,1408,1
22,1148178,347754,1408,1
23,4013106,1215555,1408,1
24,3371968,1021219,1408,1
25,3654856,1106995,1408,1
26,1574084,476721,1408,1
27,1876458,568289,1408,1
28,1595540,483229,1408,1
29,9781667,2963452,1408,1
30,4925437,1492089,1408,1
31,1105612,335069,1408,1
32,4517382,1368623,1408,1
33,2168986,656844,1408,1
34,1500880,454558,1408,1
35,8572358,2596842,1408,1
36,1984846,602056,1408,1
37,2713452,822083,1408,1
38,923532,279721,1408,1
39,2286332,692407,1408,1
40,3923852,1188484,1408,1
41,2494430,755492,1408,1
42,3294696,998245,1408,1
43,3356551,1017213,1408,1
44,3400130,1029650,1408,1
45,1481320,448812,1408,1
46,6876206,2083653,1408,1
47,1092894,331026,1408,1
48,1378180,417412,1408,1
49,1275886,386410,1408,1
50,2421780,733425,1408,1
51,1271288,385017,1408,1
52,7967482,2413536,1408,1
53,3040494,920779,1408,1
54,918464,278165,1408,1
55,1436606,435099,1408,1
56,1617420,489828,1408,1
57,892498,270313,1408,1
58,6494395,1968134,1408,1
59,1351100,409204,1408,1
60,4241812,1284855,1408,1
61,7277932,2204766,1408,1
62,3538888,1071745,1408,1
63,4173072,1264583,1408,1
64,794678,240689,1408,1
65,2417584,732120,1408,1
66,1297624,393024,1408,1
67,3096520,937761,1408,1
68,3279442,994555,1408,1
69,1822792,553824,1408,1
70,2100727,637005,1408,1
71,3979332,1211815,1408,1
72,2421969,733858,1408,1
73,2931518,888072,1408,1
74,5329918,1614608,1408,1
75,1745310,528597,1408,1
76,6169538,1868429,1408,1
77,1231610,373521,1408,1
78,4937524,1495202,1408,1
79,1297728,393060,1408,1
80,1149292,348070,1408,1
81,4229768,1285311,1408,1
82,2729234,826542,1408,1
83,9890486,2996826,1408,1
84,2074788,628346,1408,1
85,1408184,426502,1408,1
86,1409364,427959,1408,1
87,2217608,671701,1408,1
88,1625632,492336,1408,1
89,899568,272454,1408,1
90,1989160,602371,1408,1
91,1666498,504689,1408,1
92,6471288,1963707,1408,1
93,7375542,2234672,1408,1
94,2204736,667713,1408,1
95,1544714,467808,1408,1
96,2344436,709996,1408,1
97,2476646,750029,1408,1
98,3272864,991134,1408,1
99,3426194,1037564,1408,1
100,5369470,1626007,1408,1
101,2370948,718130,1408,1
102,2861763,867228,1408,1
103,1277792,387085,1408,1
104,3715782,1125603,1408,1
105,1225728,371596,1408,1
106,1519366,460154,1408,1
107,5288724,1603037,1408,1
108,1652400,500438,1408,1
109,3577522,1084921,1408,1
110,1785028,541758,1408,1
111,9520436,2884751,1408,1
112,4807418,1455856,1408,1
113,1953564,591911,1408,1
114,1424550,431687,1408,1
115,1170646,354677,1408,1
116,904312,273905,1408,1
117,5473240,1657466,1408,1
118,1221134,370976,1408,1
119,4167650,1262619,1408,1
120,2749002,834370,1408,1
121,3477294,1054066,1408,1
122,3120385,946267,1408,1
123,2361646,715335,1408,1
124,1688716,511417,1408,1
125,1592498,482727,1408,1
126,2313438,700795,1408,1
127,2008662,608530,1408,1
128,5433434,1646035,1408,1
129,4646142,1407463,1408,1
130,1237257,375897,1408,1
131,1236336,374454,1408,1
132,853220,258392,1408,1
133,3237292,980441,1408,1
134,883792,267697,1408,1
135,6057616,1835888,1408,1
136,1937432,587769,1408,1
137,3115946,943619,1408,1
138,5220470,1581042,1408,1
139,1078768,326716,1408,1
140,1685988,510603,1408,1
141,3326294,1010980,1408,1
142,2528748,765946,1408,1
143,3209302,973142,1408,1
144,1433434,434139,1408,1
145,5556556,1683241,1408,1
146,10716916,3246911,1408,1
147,1349738,408845,1408,1
148,1357284,411478,1408,1
149,1538584,467146,1408,1
150,2783226,843351,1408,1
151,2352022,712444,1408,1
152,1666766,504791,1408,1
153,2224882,673796,1408,1
154,1585494,480159,1408,1
155,1327400,402021,1408,1
156,3225558,976811,1408,1
157,1924646,582883,1408,1
158,1003272,303878,1408,1
159,7652008,2319071,1408,1
160,1021792,309459,1408,1
161,1203286,364426,1408,1
162,2659376,805902,1408,1
163,893428,270571,1408,1
164,4304900,1306045,1408,1
165,5716432,1731073,1408,1
166,992586,301082,1408,1
167,1200488,363686,1408,1
168,1287426,389922,1408,1
169,5460902,1655342,1408,1
170,6090786,1845011,1408,1
171,1172020,355503,1408,1
172,1207096,365579,1408,1
173,841880,254981,1408,1
174,2554914,773937,1408,1
175,8112617,2458373,1408,1
176,8411418,2549613,1408,1
177,2485694,752768,1408,1
178,2841786,860593,1408,1
179,973634,295104,1408,1
180,774060,234446,1408,1
181,2349346,711680,1408,1
182,1259146,381500,1408,1
183,1332794,403624,1408,1
184,1792390,542822,1408,1
185,1403792,425120,1408,1
186,1116754,338243,1408,1
187,1455062,440659,1408,1
188,797272,241473,1408,1
189,5420328,1642943,1408,1
190,2909106,881958,1408,1
191,4700490,1423428,1408,1
192,1508542,456851,1408,1
193,1136346,344169,1408,1
194,821694,248942,1408,1
195,1194566,361766,1408,1
196,2085292,631515,1408,1
197,2550936,772829,1408,1
198,7062386,2138687,1408,1
199,5013078,1518791,1408,1
200,2707068,820655,1408,1
201,1197698,362706,1408,1
202,2437128,738065,1408,1
203,1899748,575688,1408,1
204,1713276,518876,1408,1
205,4516172,1369242,1408,1
206,5397628,1637818,1408,1
207,916078,277502,1408,1
208,882392,267248,1408,1
209,1243990,376849,1408,1
210,2305714,699571,1408,1
211,3371652,1022629,1408,1
212,4168760,1262765,1408,1
213,1068256,323556,1408,1
214,2631222,796836,1408,1
215,2379800,720936,1408,1
216,1727422,523176,1408,1
217,1857056,562410,1408,1
218,1193222,361394,1408,1
219,2733944,827943,1408,1
220,8650988,2621497,1408,1
221,2042407,619451,1408,1
222,2841172,860517,1408,1
223,3834516,1163238,1408,1
224,2580502,782095,1408,1
225,8066294,2444344,1408,1
226,3591806,1088609,1408,1
227,2138571,648423,1408,1
228,921900,279217,1408,1
229,3537478,1072311,1408,1
230,1295738,392443,1408,1
231,3104192,940063,1408,1
232,4396134,1331365,1408,1
233,1075008,325588,1408,1
234,3766280,1142409,1408,1
235,5250960,1592069,1408,1
236,8316719,2519394,1408,1
237,994948,301370,1408,1
238,4250440,1289327,1408,1
239,3327828,1007784,1408,1
240,1318370,399274,1408,1
241,2112434,639747,1408,1
242,2485350,754491,1408,1
243,3387496,1027132,1408,1
244,1299364,393599,1408,1
245,4077846,1236279,1408,1
246,8516276,2580706,1408,1
247,5690429,1724173,1408,1
248,2016904,610917,1408,1
249,4399869,1333381,1408,1
250,4419070,1338812,1408,1
251,2600868,791971,1408,1
252,3005972,911123,1408,1
253,5484836,1662362,1408,1
254,2958918,896065,1408,1
255,2134322,646371,1408,1
256,1636930,495755,1408,1
257,1491126,451601,1408,1
258,1024620,310875,1408,1
259,3374012,1023414,1408,1
260,892382,270300,1408,1
261,972708,294853,1408,1
262,3302110,1000103,1408,1
263,3599982,1090822,1408,1
264,3256446,987212,1408,1
265,3834878,1162532,1408,1
266,3962290,1201134,1408,1
267,3208864,972840,1408,1
268,4589974,1391526,1408,1
269,6358038,1952703,1408,1
270,1442900,437544,1408,1
271,3306518,1001708,1408,1
272,6087978,1847670,1408,1
273,946304,286627,1408,1
274,1136194,344106,1408,1
275,941760,285239,1408,1
276,7203856,2182983,1408,1
277,2852618,865352,1408,1
278,900314,272693,1408,1
279,892976,270458,1408,1
280,3433988,1040205,1408,1
281,5605876,1699832,1408,1
282,2577592,780763,1408,1
283,6267584,1900451,1408,1
284,5108292,1547205,1408,1
285,2957422,895930,1408,1
286,1243144,376497,1408,1
287,1278194,388459,1408,1
288,1379966,418088,1408,1
289,10128039,3069462,1408,1
290,15183097,4600975,1408,1
291,6229873,1888921,1408,1
292,6031454,1826564,1408,1
293,1344474,407220,1408,1
294,1220888,369879,1408,1
295,2426162,734814,1408,1
296,4848928,1470234,1408,1
297,2516744,762177,1408,1
298,1287538,389962,1408,1
299,2069526,626752,1408,1
300,7812205,2366953,1408,1
301,2181920,661232,1408,1
302,3984688,1207149,1408,1
303,2514532,763316,1408,1
304,1156264,350661,1408,1
305,9066532,2745695,1408,1
306,2545472,770876,1408,1
307,2037980,618049,1408,1
308,4476009,1357064,1408,1
309,2426378,734818,1408,1
310,4879552,1478895,1408,1
311,2452628,743705,1408,1
312,6452432,1954597,1408,1
313,2368392,720486,1408,1
314,1791242,542800,1408,1
315,4163136,1261938,1408,1
316,8561610,2594051,1408,1
317,8301831,2541515,1408,1
318,1343239,407133,1408,1
319,1629636,494289,1408,1
320,983780,298080,1408,1
321,1591942,482513,1408,1
322,1321900,400729,1408,1
323,7068908,2144089,1408,1
324,1225412,371366,1408,1
325,1750438,530126,1408,1
326,3725433,1130369,1408,1
327,890974,269869,1408,1
328,3613398,1096638,1408,1
329,5102202,1546127,1408,1
330,3880102,1176586,1408,1
331,1295886,392484,1408,1
332,1330534,402976,1408,1
333,2351732,713621,1408,1
334,3002716,910057,1408,1
335,4649676,1409763,1408,1
336,1112556,337216,1408,1
337,4419968,1338491,1408,1
338,3546282,1076718,1408,1
339,7925223,2403231,1408,1
340,4073538,1234176,1408,1
341,3878422,1176085,1408,1
342,4496292,1362215,1408,1
343,4495010,1361238,1408,1
344,8261084,2503533,1408,1
345,1472362,445932,1408,1
346,3251308,985855,1408,1
347,4432617,1343995,1408,1
348,866284,262365,1408,1
349,2980113,903349,1408,1
350,4494473,1361846,1408,1
351,4810050,1457439,1408,1
352,1179962,357430,1408,1
353,1831562,555691,1408,1
354,2726746,827271,1408,1
355,1353242,410532,1408,1
356,3590310,1088420,1408,1
357,1463894,443629,1408,1
358,5035900,1526779,1408,1
359,2544164,771069,1408,1
360,10520592,3202837,1408,1
361,9203871,2789750,1408,1
362,3142300,952535,1408,1
363,5090308,1543539,1408,1
364,2039472,618175,1408,1
365,1511372,458495,1408,1
366,7019678,2130137,1408,1
367,3525827,1068937,1408,1
368,4490598,1360609,1408,1
369,4575374,1386632,1408,1
370,1656250,502060,1408,1
371,2604622,789674,1408,1
372,3326382,1008157,1408,1
373,1558634,472175,1408,1
374,2821078,854329,1408,1
375,901420,273017,1408,1
376,15190855,4602135,1408,1
377,3640950,1103331,1408,1
378,1231608,373027,1408,1
379,1528354,463254,1408,1
380,3687084,1117810,1408,1
381,3922624,1187915,1408,1
382,1389980,420984,1408,1
383,12114753,3670482,1408,1
384,1904900,576907,1408,1
385,1614034,488837,1408,1
386,2191431,664564,1408,1
387,1457162,441322,1408,1
388,1558590,473213,1408,1
389,6143036,1861842,1408,1
390,2035554,617034,1408,1
391,6267424,1913539,1408,1
392,1746766,529017,1408,1
393,4938399,1497189,1408,1
394,1543658,467520,1408,1
395,7253342,2198088,1408,1
396,2623174,795940,1408,1
397,3629316,1099664,1408,1
398,8373956,2538822,1408,1
399,5936342,1798205,1408,1
400,1594224,482847,1408,1
401,2207438,669015,1408,1
402,2157158,653629,1408,1
403,3479692,1053778,1408,1
404,2813690,852562,1408,1
405,1714350,519204,1408,1
406,1281790,388181,1408,1
407,6733902,2039903,1408,1
408,3149974,954303,1408,1
409,1319308,400389,1408,1
410,1638958,497064,1408,1
411,1779564,539410,1408,1
412,3273430,991816,1408,1
413,2185898,662864,1408,1
414,4686018,1420768,1408,1
415,1993160,603655,1408,1
416,15438375,4677712,1408,1
417,1917986,581110,1408,1
418,1943129,589480,1408,1
419,884130,267880,1408,1
420,1687002,511021,1408,1
421,2771086,840640,1408,1
422,2225054,674976,1408,1
423,1515728,459133,1408,1
424,3674944,1114514,1408,1
425,1845952,559103,1408,1
426,5631502,1709530,1408,1
427,2753916,834254,1408,1
428,1617086,489743,1408,1
429,1566308,474330,1408,1
430,2001926,606259,1408,1
431,1625079,492883,1408,1
432,1634358,494978,1408,1
433,1943948,589010,1408,1
434,2140662,648342,1408,1
435,4966880,1505083,1408,1
436,1268888,384309,1408,1
437,1093342,331164,1408,1
438,871980,264099,1408,1
439,5220516,1581226,1408,1
440,3986748,1207385,1408,1
441,825830,250122,1408,1
442,2589030,784123,1408,1
443,2382980,721743,1408,1
444,2003544,606771,1408,1
445,5873892,1778748,1408,1
446,1397784,423343,1408,1
447,1916082,580355,1408,1
448,4365812,1323280,1408,1
449,1439076,435843,1408,1
450,5265694,1597427,1408,1
451,3721326,1128408,1408,1
452,4106614,1244850,1408,1
453,5412201,1644613,1408,1
454,2899242,878903,1408,1
455,7378254,2234665,1408,1
456,1905502,577555,1408,1
457,1885398,570986,1408,1
458,848456,256979,1408,1
459,7403488,2244234,1408,1
460,2751908,834401,1408,1
461,5038546,1527211,1408,1
462,1202720,364273,1408,1
463,1861782,563817,1408,1
464,2555482,773902,1408,1
465,5265513,1595891,1408,1
466,1533936,465142,1408,1
467,1836368,556332,1408,1
468,9879104,2993641,1408,1
469,4579738,1387621,1408,1
470,4760544,1442682,1408,1
471,1417344,429412,1408,1
472,1958362,593077,1408,1
473,5160273,1563701,1408,1
474,3479614,1053743,1408,1
475,3081432,933148,1408,1
476,975328,295420,1408,1
477,1697490,514222,1408,1
478,1856006,562089,1408,1
479,3810180,1162628,1408,1
480,1383818,419131,1408,1
481,1895890,574339,1408,1
482,988886,299524,1408,1
483,4361062,1322812,1408,1
484,8766662,2655985,1408,1
485,9603015,2909724,1408,1
486,3458740,1047448,1408,1
487,1611232,487977,1408,1
488,1388834,420788,1408,1
489,6413866,1942264,1408,1
490,863452,261521,1408,1
491,2057736,623181,1408,1
492,870654,263709,1408,1
493,1282312,388505,1408,1
494,1118062,338640,1408,1
495,1898832,575044,1408,1
496,872616,264314,1408,1
497,3089201,936430,1408,1
498,4600560,1394302,1408,1
499,951822,288318,1408,1
500,1530444,463488,1408,1
501,1496844,456648,1408,1
502,2501368,757516,1408,1
503,1584004,479707,1408,1
504,1573936,476656,1408,1
505,1079580,326983,1408,1
506,3680364,1115928,1408,1
507,3183404,964046,1408,1
508,7877716,2386699,1408,1
509,1456168,441088,1408,1
510,6586118,1995550,1408,1
511,842938,255304,1408,1
512,4077720,1234855,1408,1
513,2654092,803847,1408,1
514,1481358,448645,1408,1
515,2892190,877136,1408,1
516,3627068,1098392,1408,1
517,835354,253007,1408,1
518,2870278,869385,1408,1
519,4171342,1263523,1408,1
520,3388635,1027519,1408,1
521,3097152,938100,1408,1
522,2177416,659513,1408,1
523,3716686,1126215,1408,1
524,913888,276807,1408,1
525,873512,264562,1408,1
526,1336734,404860,1408,1
527,4646358,1409064,1408,1
528,5917604,1792066,1408,1
529,864652,261880,1408,1
530,1558786,472094,1408,1
531,866016,262282,1408,1
532,1940704,587742,1408,1
533,928956,281386,1408,1
534,3431486,1039168,1408,1
535,1566164,474332,1408,1
536,4407580,1334741,1408,1
537,2222586,673098,1408,1
538,953564,288829,1408,1
539,5236010,1588216,1408,1
540,2944822,891793,1408,1
541,4246168,1287498,1408,1
542,1162494,352115,1408,1
543,3125270,947608,1408,1
544,2555196,773819,1408,1
545,1432194,433757,1408,1
546,1714568,520199,1408,1
547,950890,288020,1408,1
548,1667876,505081,1408,1
549,923314,279646,1408,1
550,984984,298345,1408,1
551,3003752,910850,1408,1
552,931584,282149,1408,1
553,5404894,1637489,1408,1
554,4776850,1447172,1408,1
555,6931302,2099237,1408,1
556,866076,262313,1408,1
557,1314954,398216,1408,1
558,919832,278618,1408,1
559,2310366,700241,1408,1
560,9975794,3024440,1408,1
561,10405987,3153360,1408,1
562,1649244,500295,1408,1
563,2534492,768166,1408,1
564,3233577,980695,1408,1
565,1254750,379993,1408,1
566,1840950,557512,1408,1
567,1999022,605404,1408,1
568,4552486,1382498,1408,1
569,3141992,951502,1408,1
570,3104778,940202,1408,1
571,1461016,443716,1408,1
572,3998716,1213654,1408,1
573,2965478,898054,1408,1
574,3060940,927637,1408,1
575,868972,263174,1408,1
576,917308,277845,1408,1
577,1462234,442833,1408,1
578,1225146,371065,1408,1
579,1557270,471720,1408,1
580,5230138,1588753,1408,1
581,7078602,2145639,1408,1
582,1469572,445252,1408,1
583,5912626,1791293,1408,1
584,5236362,1586279,1408,1
585,1594162,482778,1408,1
586,5596068,1695747,1408,1
587,1757134,532209,1408,1
588,960758,290977,1408,1
589,856736,259549,1408,1
590,1685052,510297,1408,1
591,2662334,807105,1408,1
592,10766174,3262611,1408,1
593,1619918,491076,1408,1
594,2218144,671776,1408,1
595,812968,246227,1408,1
596,792450,240012,1408,1
597,1130492,342375,1408,1
598,1119930,339195,1408,1
599,808878,245008,1408,1
600,4934698,1494349,1408,1
601,1635964,495593,1408,1
602,1410864,427272,1408,1
603,1642562,497565,1408,1
604,2609878,790370,1408,1
605,2213076,670214,1408,1
606,2747768,832125,1408,1
607,10042824,3042965,1408,1
608,2631162,796991,1408,1
609,1209586,366357,1408,1
610,1980886,600072,1408,1
611,2659068,805322,1408,1
612,7836026,2373830,1408,1
613,4324356,1309595,1408,1
614,2681982,812390,1408,1
615,2051360,621254,1408,1
616,3802926,1151648,1408,1
617,1988208,602131,1408,1
618,3273641,991975,1408,1
619,900336,272685,1408,1
620,1990242,603202,1408,1
621,1047910,317594,1408,1
622,1121316,339625,1408,1
623,2686006,813522,1408,1
624,4229512,1282122,1408,1
625,2463822,746973,1408,1
626,3705508,1122169,1408,1
627,856742,259485,1408,1
628,1201836,364003,1408,1
629,849114,257172,1408,1
630,2212300,669982,1408,1
631,2110818,639725,1408,1
632,1386102,419776,1408,1
633,2917720,883564,1408,1
634,797586,241565,1408,1
635,1398386,423541,1408,1
636,8074638,2446399,1408,1
637,3215699,974607,1408,1
638,1446494,438134,1408,1
639,2782978,843775,1408,1
640,5542742,1679200,1408,1
641,4995330,1513438,1408,1
642,1336166,404830,1408,1
643,6094343,1846775,1408,1
644,2012702,609634,1408,1
645,865258,262077,1408,1
646,2485540,754907,1408,1
647,2478734,750655,1408,1
648,1372464,415648,1408,1
649,773252,234175,1408,1
650,1298092,393125,1408,1
651,1106360,335066,1408,1
652,1069496,323925,1408,1
653,2270318,687546,1408,1
654,1393142,421928,1408,1
655,805630,244031,1408,1
656,1072968,324954,1408,1
657,1104620,334542,1408,1
658,1032556,312719,1408,1
659,1520524,460500,1408,1
660,2568626,778230,1408,1
661,2129110,645171,1408,1
662,1418186,429514,1408,1
663,1997992,605081,1408,1
664,2005522,607366,1408,1
665,2748104,833046,1408,1
666,6775470,2052478,1408,1
667,1170264,354441,1408,1
668,2437342,738124,1408,1
669,1380510,418104,1408,1
670,2966228,898277,1408,1
671,1903890,576871,1408,1
672,5249714,1592625,1408,1
673,5822608,1765313,1408,1
674,1209498,366482,1408,1
675,936930,283785,1408,1
676,11050710,3348594,1408,1
677,1461982,442755,1408,1
678,2363236,715953,1408,1
679,1198114,362852,1408,1
680,3533054,1070004,1408,1
681,878672,266148,1408,1
682,2479394,751271,1408,1
683,1635122,495205,1408,1
684,2387388,723005,1408,1
685,1130386,342365,1408,1
686,1914380,579799,1408,1
687,6936264,2101223,1408,1
688,3048709,924276,1408,1
689,870910,263777,1408,1
690,1339226,405705,1408,1
691,3899052,1181521,1408,1
692,2343222,709637,1408,1
693,6463926,1960923,1408,1
694,4604480,1394493,1408,1
695,852078,258073,1408,1
696,2139350,647883,1408,1
697,2741202,830138,1408,1
698,2485868,752797,1408,1
699,1208794,366108,1408,1
700,816902,247396,1408,1
701,1444570,437460,1408,1
702,1452504,439886,1408,1
703,2680950,812870,1408,1
704,1518818,459964,1408,1
705,1163822,352469,1408,1
706,1499602,454147,1408,1
707,2953266,894461,1408,1
708,1305812,395490,1408,1
709,1314266,398332,1408,1
710,2458706,744972,1408,1
711,2082818,630770,1408,1
712,2372122,719696,1408,1
713,2083520,632278,1408,1
714,2567606,778970,1408,1
715,2270494,688527,1408,1
716,2410526,730266,1408,1
717,4275080,1295425,1408,1
718,1396900,423069,1408,1
719,2154908,652703,1408,1
720,4160362,1260177,1408,1
721,1617812,489984,1408,1
722,1217984,368901,1408,1
723,1636438,496321,1408,1
724,1270714,384827,1408,1
725,1150887,349122,1408,1
726,2619182,793314,1408,1
727,3162790,957855,1408,1
728,1250940,378839,1408,1
729,1196604,362418,1408,1
730,2072274,628793,1408,1
731,849360,257249,1408,1
732,2927586,887706,1408,1
733,5914036,1798163,1408,1
734,2131176,645983,1408,1
735,5548268,1681132,1408,1
736,9230274,2797115,1408,1
737,5502450,1667911,1408,1
738,8833712,2690793,1408,1
739,1252892,379467,1408,1
740,1740236,527031,1408,1
741,4223912,1279125,1408,1
742,1702428,515592,1408,1
743,6318236,1913422,1408,1
744,2220026,674677,1408,1
745,1973396,597652,1408,1
746,1456050,441034,1408,1
747,864834,261940,1408,1
748,3447698,1044087,1408,1
749,842588,255198,1408,1
750,1821376,552255,1408,1
751,2141534,648557,1408,1
752,4677626,1416528,1408,1
753,1254710,380013,1408,1
754,1172310,355068,1408,1
755,1918805,582288,1408,1
756,6910855,2094073,1408,1
757,1435994,434931,1408,1
758,854596,258856,1408,1
759,821668,248861,1408,1
760,814330,246641,1408,1
761,813858,246496,1408,1
762,1700654,515057,1408,1
763,3246554,983933,1408,1
764,4176146,1265538,1408,1
765,1810962,548535,1408,1
766,4398850,1332203,1408,1
767,3207366,972046,1408,1
768,3332860,1010765,1408,1
769,1148588,347858,1408,1
770,1238498,375148,1408,1
771,2199232,666052,1408,1
772,1455002,440661,1408,1
773,1477254,447400,1408,1
774,843922,255603,1408,1
775,1866486,565244,1408,1
776,1863424,564317,1408,1
777,5487188,1661656,1408,1
778,7912762,2397186,1408,1
779,863918,261661,1408,1
780,2585762,784493,1408,1
781,1310568,396942,1408,1
782,989566,299759,1408,1
783,1201468,363894,1408,1
784,1149282,348087,1408,1
785,838158,253845,1408,1
786,1526828,462407,1408,1
787,2332988,706822,1408,1
788,1946842,590453,1408,1
789,3237558,980942,1408,1
790,3877330,1174170,1408,1
791,2599090,787062,1408,1
792,861304,260870,1408,1
793,898086,272002,1408,1
794,1539374,466213,1408,1
795,962494,291528,1408,1
796,2818976,853673,1408,1
797,7422862,2249919,1408,1
798,861882,261063,1408,1
799,2938106,889763,1408,1
800,2053446,621855,1408,1
801,1783294,540898,1408,1
802,1065792,322778,1408,1
803,1134746,343665,1408,1
804,775004,234731,1408,1
805,1448354,438647,1408,1
806,784732,237694,1408,1
807,781642,236740,1408,1
808,1441104,436428,1408,1
809,1090864,330372,1408,1
810,1909050,578148,1408,1
811,3420528,1035837,1408,1
812,3466098,1049633,1408,1
813,1120138,339251,1408,1
814,1329578,402670,1408,1
815,2367712,717028,1408,1
816,1607522,487330,1408,1
817,4779160,1452012,1408,1
818,5974774,1813088,1408,1
819,4233665,1282960,1408,1
820,8013006,2428501,1408,1
821,3034371,919493,1408,1
822,1462844,443051,1408,1
823,6298742,1914767,1408,1
824,2092044,633586,1408,1
825,2684184,813849,1408,1
826,3601942,1092458,1408,1
827,4009367,1214798,1408,1
828,3143386,952154,1408,1
829,1776838,538816,1408,1
830,2027986,614999,1408,1
831,2461388,746580,1408,1
832,2129386,644926,1408,1
833,3005146,911738,1408,1
834,8609379,2609141,1408,1
835,7263975,2202097,1408,1
836,1647539,499491,1408,1
837,4856355,1472044,1408,1
838,6180500,1873812,1408,1
839,1526408,462565,1408,1
840,8600474,2605100,1408,1
841,4275540,1295503,1408,1
842,3763927,1140446,1408,1
843,1055668,319748,1408,1
844,10614697,3216271,1408,1
845,2045882,619677,1408,1
846,1937044,587763,1408,1
847,1309544,396619,1408,1
848,1518040,459995,1408,1
849,3276350,992253,1408,1
850,6833346,2069288,1408,1
851,1320618,399957,1408,1
852,4085362,1237173,1408,1
853,1852953,562695,1408,1
854,7544788,2285581,1408,1
855,3749684,1136946,1408,1
856,4594216,1391322,1408,1
857,4424570,1341084,1408,1
858,1200900,363725,1408,1
859,1305394,395443,1408,1
860,5207082,1578748,1408,1
861,1445488,437789,1408,1
862,2567421,778478,1408,1
863,3810782,1154349,1408,1
864,1865480,565302,1408,1
865,8855492,2682829,1408,1
866,5288654,1603157,1408,1
867,1981928,600788,1408,1
868,1032560,312727,1408,1
869,4495792,1364024,1408,1
870,6187652,1875050,1408,1
871,2439086,738669,1408,1
872,15309572,4640132,1408,1
873,921462,279088,1408,1
874,1203041,365833,1408,1
875,2214086,670525,1408,1
876,6349554,1923653,1408,1
877,2578294,782145,1408,1
878,5419642,1651418,1408,1
879,5254314,1592504,1408,1
880,2882014,873604,1408,1
881,1777698,538466,1408,1
882,4977788,1507875,1408,1
883,3449424,1045093,1408,1
884,4716251,1428940,1408,1
885,2855750,867380,1408,1
886,1209620,366366,1408,1
887,1427752,432535,1408,1
888,5345322,1620616,1408,1
889,2070922,627372,1408,1
890,6978828,2115123,1408,1
891,2350043,712841,1408,1
892,2501462,758117,1408,1
893,5078729,1538666,1408,1
894,2839285,860405,1408,1
895,1817320,550384,1408,1
896,1479514,448188,1408,1
897,1449400,438989,1408,1
898,1155052,349852,1408,1
899,3861482,1170739,1408,1
900,1050366,318164,1408,1
901,905640,274407,1408,1
902,6416250,1943449,1408,1
903,5055350,1530891,1408,1
904,3546058,1081178,1408,1
905,1296896,393014,1408,1
906,9615624,2913407,1408,1
907,4376041,1326176,1408,1
908,1332932,403689,1408,1
909,1957428,592806,1408,1
910,1779946,539031,1408,1
911,1126518,341175,1408,1
912,2300236,696751,1408,1
913,1991620,603177,1408,1
914,2867904,868587,1408,1
915,1436216,435141,1408,1
916,2318240,703934,1408,1
917,3423668,1037494,1408,1
918,2759978,836816,1408,1
919,3950084,1197031,1408,1
920,1169072,354065,1408,1
921,5342840,1618808,1408,1
922,1038384,314510,1408,1
923,3071770,930688,1408,1
924,871410,264005,1408,1
925,5509940,1670006,1408,1
926,1299280,393508,1408,1
927,2386176,722745,1408,1
928,1018356,308446,1408,1
929,1595404,483481,1408,1
930,3676128,1114772,1408,1
931,3820698,1157590,1408,1
932,922026,279274,1408,1
933,2360290,714796,1408,1
934,1295322,392328,1408,1
935,6250004,1892789,1408,1
936,2163308,656258,1408,1
937,5403178,1638266,1408,1
938,3768768,1143535,1408,1
939,3766024,1142346,1408,1
940,3935730,1194966,1408,1
941,1616980,490448,1408,1
942,1056996,320145,1408,1
943,2407500,729990,1408,1
944,1625570,492296,1408,1
945,1266436,383566,1408,1
946,1673782,507315,1408,1
947,2782106,842531,1408,1
948,3315124,1005571,1408,1
949,4144349,1255626,1408,1
950,1661602,504057,1408,1
951,4721508,1431805,1408,1
952,3563138,1080282,1408,1
953,6687722,2026979,1408,1
954,3112014,943198,1408,1
955,14733520,4463038,1408,1
956,1282850,391036,1408,1
957,1979735,600989,1408,1
958,3860320,1169525,1408,1
959,4043812,1225534,1408,1
960,839404,254237,1408,1
961,1766074,534852,1408,1
962,2167594,656870,1408,1
963,4608022,1395707,1408,1
964,3182464,965148,1408,1
965,3050892,923989,1408,1
966,3454770,1046488,1408,1
967,1847258,561502,1408,1
968,839082,254128,1408,1
969,2826514,856861,1408,1
970,1187966,360012,1408,1
971,2227234,674730,1408,1
972,1576854,479886,1408,1
973,863238,261449,1408,1
974,1190426,360621,1408,1
975,1504486,455648,1408,1
976,5646004,1710908,1408,1
977,1721584,521753,1408,1
978,3984490,1210774,1408,1
979,3780348,1145099,1408,1
980,7464742,2262848,1408,1
981,2049778,622923,1408,1
982,7318136,2217583,1408,1
983,2369622,717623,1408,1
984,6630656,2011632,1408,1
985,1249466,378407,1408,1
986,962886,291661,1408,1
987,3536368,1072391,1408,1
988,1395292,422603,1408,1
989,2637412,798714,1408,1
990,2354556,713474,1408,1
991,1447954,438537,1408,1
992,2720624,824252,1408,1
993,3838994,1163415,1408,1
994,2775170,841236,1408,1
995,5479201,1660044,1408,1
996,2240018,678987,1408,1
997,4589236,1390673,1408,1
998,2821656,854506,1408,1
999,3865222,1170513,1408,1
1000,3122410,946539,1408,1
1001,7815332,2378762,1408,1
1002,1115084,337760,1408,1
1003,3887908,1177391,1408,1
1004,1165138,352867,1408,1
1005,1040434,315208,1408,1
1006,2542888,770088,1408,1
1007,1891766,572918,1408,1
1008,1503148,455241,1408,1
1009,1572494,476239,1408,1
1010,5381944,1630689,1408,1
1011,1075376,325681,1408,1
1012,1616904,489684,1408,1
1013,813248,246327,1408,1
1014,1811206,548525,1408,1
1015,3480282,1060663,1408,1
1016,2450682,742158,1408,1
1017,987510,299078,1408,1
1018,1962480,594599,1408,1
1019,1211890,367035,1408,1
1020,1645566,498371,1408,1
1021,2155284,652984,1408,1
1022,2514678,761589,1408,1
1023,6357718,1925973,1408,1
1024,1140332,345374,1408,1
1025,1136630,344252,1408,1
1026,3585638,1087251,1408,1
1027,13179376,3993841,1408,1
1028,2478438,751792,1408,1
1029,1664647,504499,1408,1
1030,3351815,1017508,1408,1
1031,4059163,1230331,1408,1
1032,1605406,486212,1408,1
1033,1911282,579035,1408,1
1034,3066852,928766,1408,1
1035,1711366,518316,1408,1
1036,898776,272240,1408,1
1037,2974096,900772,1408,1
1038,868510,263052,1408,1
1039,2988530,905123,1408,1
1040,1825814,552906,1408,1
1041,2256522,683435,1408,1
1042,11649122,3531261,1408,1
1043,5984370,1812212,1408,1
1044,1052260,318731,1408,1
1045,5645548,1709912,1408,1
1046,4349734,1318572,1408,1
1047,1227668,371830,1408,1
1048,1385242,419681,1408,1
1049,965762,292521,1408,1
1050,3515854,1064717,1408,1
1051,1565174,474021,1408,1
1052,4893066,1483481,1408,1
1053,2824243,856225,1408,1
1054,9419854,2864497,1408,1
1055,3988752,1208929,1408,1
1056,2518890,763248,1408,1
1057,3120624,945369,1408,1
1058,1684018,510027,1408,1
1059,1168480,353882,1408,1
1060,7696948,2332338,1408,1
1061,802952,243192,1408,1
1062,819680,248279,1408,1
1063,1592102,482181,1408,1
1064,1104476,334518,1408,1
1065,5112322,1548135,1408,1
1066,830158,251453,1408,1
1067,1603368,485600,1408,1
1068,6243266,1891868,1408,1
1069,5107773,1547501,1408,1
1070,2746490,831999,1408,1
1071,956690,289773,1408,1
1072,943552,285794,1408,1
1073,2496754,756199,1408,1
1074,1394172,422340,1408,1
1075,1601148,485011,1408,1
1076,926748,280704,1408,1
1077,3731556,1130030,1408,1
1078,5409288,1639653,1408,1
1079,4901306,1485576,1408,1
1080,1281804,388201,1408,1
1081,1823262,552162,1408,1
1082,861240,260848,1408,1
1083,4644534,1408174,1408,1
1084,4867208,1473919,1408,1
1085,1872792,568091,1408,1
1086,2613624,794483,1408,1
1087,1448382,438715,1408,1
1088,2604874,789252,1408,1
1089,2723864,824895,1408,1
1090,3766444,1140596,1408,1
1091,5039066,1525960,1408,1
1092,1235524,374184,1408,1
1093,1991550,603142,1408,1
1094,4216870,1276991,1408,1
1095,1267200,383782,1408,1
1096,3478902,1053527,1408,1
1097,2861422,867862,1408,1
1098,5975460,1810731,1408,1
1099,2901652,880101,1408,1
1100,2278340,689990,1408,1
1101,840086,254444,1408,1
1102,1128296,341713,1408,1
1103,893332,270923,1408,1
1104,4173918,1264737,1408,1
1105,1416430,429100,1408,1
1106,4808811,1457111,1408,1
1107,1721902,521511,1408,1
1108,10841010,3285581,1408,1
1109,1981468,600917,1408,1
1110,1293336,391846,1408,1
1111,1635068,495190,1408,1
1112,3154314,955232,1408,1
1113,1139630,345134,1408,1
1114,902470,273329,1408,1
1115,2164488,656912,1408,1
1116,2308830,699267,1408,1
1117,1183426,358434,1408,1
1118,4556362,1380598,1408,1
1119,9367576,2837684,1408,1
1120,1700286,514995,1408,1
1121,4789966,1452316,1408,1
1122,2658028,806822,1408,1
1123,2622322,794201,1408,1
1124,3482994,1054737,1408,1
1125,2222692,673108,1408,1
1126,899296,272367,1408,1
1127,2128692,644794,1408,1
1128,2048610,620389,1408,1
1129,2103588,637039,1408,1
1130,5602540,1696953,1408,1
1131,992434,300672,1408,1
1132,1126954,341328,1408,1
1133,840656,254632,1408,1
1134,1497750,453607,1408,1
1135,816414,247269,1408,1
1136,5076288,1537625,1408,1
1137,2951372,893778,1408,1
1138,1304568,395526,1408,1
1139,1551234,469807,1408,1
1140,3228835,978715,1408,1
1141,2263896,685715,1408,1
1142,1285256,390452,1408,1
1143,3883023,1176287,1408,1
1144,3028346,917305,1408,1
1145,1141576,345842,1408,1
1146,1940292,587599,1408,1
1147,1210176,366734,1408,1
1148,1799672,545032,1408,1
1149,1714178,519321,1408,1
1150,2672572,810751,1408,1
1151,3548466,1074720,1408,1
1152,1859170,563673,1408,1
1153,4653520,1409406,1408,1
1154,1295850,392467,1408,1
1155,2975048,901690,1408,1
1156,1254220,380238,1408,1
1157,1466106,444005,1408,1
1158,823986,249540,1408,1
1159,6781706,2055149,1408,1
1160,3308158,1001964,1408,1
1161,2127934,644902,1408,1
1162,1677842,508202,1408,1
1163,1264968,383118,1408,1
1164,6364048,1928342,1408,1
1165,1700594,515013,1408,1
1166,1196436,362364,1408,1
1167,889164,269307,1408,1
1168,4034990,1222004,1408,1
1169,4075866,1234294,1408,1
1170,9756014,2954384,1408,1
1171,1538304,465921,1408,1
1172,4936232,1495020,1408,1
1173,1368458,414557,1408,1
1174,2059474,623708,1408,1
1175,5852376,1776166,1408,1
1176,2172672,658427,1408,1
1177,7625689,2310743,1408,1
1178,3003723,910273,1408,1
1179,3813541,1157087,1408,1
1180,2986992,905229,1408,1
1181,1554404,470842,1408,1
1182,5936262,1799386,1408,1
1183,1471386,445835,1408,1
1184,3315274,1005119,1408,1
1185,1733916,525145,1408,1
1186,1363030,412837,1408,1
1187,981450,297275,1408,1
1188,5553548,1681933,1408,1
1189,2775802,844099,1408,1
1190,1141108,345779,1408,1
1191,2626168,795336,1408,1
1192,2633340,797595,1408,1
1193,999398,302700,1408,1
1194,2045466,619420,1408,1
1195,4130336,1250874,1408,1
1196,3345714,1013368,1408,1
1197,1208016,367323,1408,1
1198,1024894,310426,1408,1
1199,3375360,1023020,1408,1
1200,4045006,1225827,1408,1
1201,2930904,887866,1408,1
1202,896002,271391,1408,1
1203,1373840,416090,1408,1
1204,2020968,612045,1408,1
1205,6423714,1947094,1408,1
1206,1235964,374344,1408,1
1207,5640698,1709242,1408,1
1208,5253930,1591022,1408,1
1209,2056406,624174,1408,1
1210,2616742,792451,1408,1
1211,2088512,632497,1408,1
1212,2518038,762833,1408,1
1213,1946828,589549,1408,1
1214,2899626,880432,1408,1
1215,1806616,547249,1408,1
1216,1240908,376858,1408,1
1217,1221416,370363,1408,1
1218,2353828,712872,1408,1
1219,1285684,389473,1408,1
1220,5690331,1724395,1408,1
1221,3151906,954503,1408,1
1222,1170408,354443,1408,1
1223,4864116,1474349,1408,1
1224,1170262,354939,1408,1
1225,6433176,1948110,1408,1
1226,837012,253511,1408,1
1227,1435324,434755,1408,1
1228,860452,260626,1408,1
1229,3011916,912299,1408,1
1230,798198,241753,1408,1
1231,1728474,523451,1408,1
1232,2066814,625924,1408,1
1233,2387038,722887,1408,1
1234,1263096,382526,1408,1
1235,3428118,1038136,1408,1
1236,1643622,498849,1408,1
1237,6046446,1832757,1408,1
1238,1508018,456743,1408,1
1239,4211218,1275879,1408,1
1240,5311072,1608950,1408,1
1241,1276904,386725,1408,1
1242,1013166,306956,1408,1
1243,3247046,983395,1408,1
1244,3271112,990603,1408,1
1245,3010906,911805,1408,1
1246,3283780,1000801,1408,1
1247,894798,271028,1408,1
1248,3206956,971176,1408,1
1249,2072850,628369,1408,1
1250,2182294,661257,1408,1
1251,3481618,1054946,1408,1
1252,1855864,562029,1408,1
1253,6342800,1920737,1408,1
1254,1323956,401062,1408,1
1255,1030118,312319,1408,1
1256,1258972,381336,1408,1
1257,1407146,426162,1408,1
1258,2171722,657811,1408,1
1259,1136378,344145,1408,1
1260,1463514,443216,1408,1
1261,3049114,923779,1408,1
1262,1415248,428623,1408,1
1263,2164564,655525,1408,1
1264,2077532,629201,1408,1
1265,847634,256744,1408,1
1266,2071792,627855,1408,1
1267,2066888,626104,1408,1
1268,1186602,359387,1408,1
1269,820098,248407,1408,1
1270,790880,239526,1408,1
1271,2081888,630492,1408,1
1272,7328132,2219106,1408,1
1273,2525382,764800,1408,1
1274,4701116,1423797,1408,1
1275,1253200,379557,1408,1
1276,6598156,2000115,1408,1
1277,2612920,791334,1408,1
1278,2376650,720237,1408,1
1279,1820324,551240,1408,1
1280,1646130,498611,1408,1
1281,2717098,822835,1408,1
1282,1688632,511564,1408,1
1283,4679583,1418861,1408,1
1284,1233278,373591,1408,1
1285,5037066,1526368,1408,1
1286,1273588,385865,1408,1
1287,1366752,413940,1408,1
1288,1026824,311094,1408,1
1289,3778712,1144340,1408,1
1290,1501778,454890,1408,1
1291,851202,257793,1408,1
1292,6606004,2000444,1408,1
1293,893282,270548,1408,1
1294,1536870,465488,1408,1
1295,4669422,1424466,1408,1
1296,2544106,770463,1408,1
1297,994162,301152,1408,1
1298,865734,262211,1408,1
1299,1736210,526570,1408,1
1300,1460556,442374,1408,1
1301,2661984,806155,1408,1
1302,2628566,796032,1408,1
1303,845486,256074,1408,1
1304,4191790,1269392,1408,1
1305,1881738,569883,1408,1
1306,1722168,521542,1408,1
1307,2063036,624739,1408,1
1308,1817496,550427,1408,1
1309,2168580,656738,1408,1
1310,1576888,477576,1408,1
1311,2239485,679142,1408,1
1312,2615108,792182,1408,1
1313,3105886,940845,1408,1
1314,928476,281308,1408,1
1315,846584,256448,1408,1
1316,2577984,780803,1408,1
1317,1123800,340410,1408,1
1318,3727270,1128934,1408,1
1319,5404372,1637933,1408,1
1320,872432,264567,1408,1
1321,822822,249210,1408,1
1322,1066068,322877,1408,1
1323,793754,240385,1408,1
1324,875258,265192,1408,1
1325,1732772,524906,1408,1
1326,2989814,905500,1408,1
1327,1217040,368569,1408,1
1328,1249974,378579,1408,1
1329,3693322,1118477,1408,1
1330,6085840,1842930,1408,1
1331,1548892,469073,1408,1
1332,1788437,543793,1408,1
1333,1669286,505531,1408,1
1334,1229196,372291,1408,1
1335,941600,285204,1408,1
1336,2479396,751221,1408,1
1337,1757770,532357,1408,1
1338,2085036,631541,1408,1
1339,1597660,483866,1408,1
1340,865482,262131,1408,1
1341,866184,262344,1408,1
1342,2414518,731195,1408,1
1343,2446712,740966,1408,1
1344,4717816,1428678,1408,1
1345,1150368,348398,1408,1
1346,1872190,567318,1408,1
1347,3922334,1187771,1408,1
1348,753416,228193,1408,1
1349,1514054,458567,1408,1
1350,1078368,326641,1408,1
1351,981322,297201,1408,1
1352,3541552,1072480,1408,1
1353,703720,213138,1408,1
1354,1536222,465228,1408,1
1355,684814,207412,1408,1
1356,742036,224795,1408,1
1357,1337240,405041,1408,1
1358,1273774,385736,1408,1
1359,937372,283909,1408,1
1360,3543242,1073873,1408,1
1361,10591987,3208502,1408,1
1362,2503390,758635,1408,1
1363,957146,289881,1408,1
1364,1266216,383494,1408,1
1365,1461680,444391,1408,1
1366,1882882,570241,1408,1
1367,778804,236029,1408,1
1368,1729550,523759,1408,1
1369,3750116,1136136,1408,1
1370,850390,257564,1408,1
1371,4940978,1496253,1408,1
1372,1587821,482314,1408,1
1373,2572860,780175,1408,1
1374,4212012,1275519,1408,1
1375,868926,263177,1408,1
1376,3862500,1169678,1408,1
1377,1176830,356408,1408,1
1378,2402594,731410,1408,1
1379,4893308,1481846,1408,1
1380,3051840,925129,1408,1
1381,7501918,2272762,1408,1
1382,1240652,375756,1408,1
1383,2416958,731956,1408,1
1384,1119202,338979,1408,1
1385,790568,239432,1408,1
1386,4619046,1398767,1408,1
1387,3419052,1035394,1408,1
1388,4164192,1270530,1408,1
1389,1027152,311102,1408,1
1390,1365626,413575,1408,1
1391,1089038,329833,1408,1
1392,2117216,641181,1408,1
1393,2325832,704353,1408,1
1394,1305944,395518,1408,1
1395,2296504,695521,1408,1
1396,1943946,588721,1408,1
1397,1563450,474053,1408,1
1398,2194222,665388,1408,1
1399,1807398,547885,1408,1
1400,8249399,2499892,1408,1
1401,1407988,426764,1408,1
1402,8735414,2646377,1408,1
1403,1788354,541797,1408,1
1404,1391920,421541,1408,1
1405,1374820,416458,1408,1
1406,1696700,513860,1408,1
1407,1104986,334826,1408,1
1408,1598614,484374,1408,1
1409,1145056,346785,1408,1
1410,3355472,1016146,1408,1
1411,1418876,429706,1408,1
1412,2440056,738945,1408,1
1413,3560488,1079914,1408,1
1414,2227559,675573,1408,1
1415,7265388,2201043,1408,1
1416,8518614,2580023,1408,1
1417,7400448,2241305,1408,1
1418,6496662,1967749,1408,1
1419,2141782,648875,1408,1
1420,1158818,350965,1408,1
1421,817730,247693,1408,1
1422,3234908,980407,1408,1
1423,3748262,1135561,1408,1
1424,3797148,1150455,1408,1
1425,1266516,383583,1408,1
1426,853362,258476,1408,1
1427,1395580,422647,1408,1
1428,2244342,680559,1408,1
1429,935764,283429,1408,1
1430,1211264,366856,1408,1
1431,5078826,1537997,1408,1
1432,899778,272536,1408,1
1433,860530,260636,1408,1
1434,2999736,908426,1408,1
1435,849228,257246,1408,1
1436,1838434,556842,1408,1
1437,839208,254151,1408,1
1438,954728,289304,1408,1
1439,2778552,841529,1408,1
1440,923614,279741,1408,1
1441,922324,279346,1408,1
1442,1079860,327085,1408,1
1443,2009542,608663,1408,1
1444,2060754,624227,1408,1
1445,1988154,602089,1408,1
1446,1721674,521398,1408,1
1447,1101544,333639,1408,1
1448,1452208,439822,1408,1
1449,4011352,1216432,1408,1
1450,10826360,3286471,1408,1
1451,2018148,611202,1408,1
1452,2334454,706983,1408,1
1453,6203892,1879618,1408,1
1454,2903300,879449,1408,1
1455,2373732,719678,1408,1
1456,1004882,304366,1408,1
1457,3334096,1009704,1408,1
1458,2016328,610642,1408,1
1459,5085164,1540483,1408,1
1460,1865632,565057,1408,1
1461,1413734,428155,1408,1
1462,1320404,399920,1408,1
1463,6358229,1926162,1408,1
1464,2835054,858655,1408,1
1465,15138376,4586423,1408,1
1466,1977532,599210,1408,1
1467,2137046,647677,1408,1
1468,5627508,1704151,1408,1
1469,2103738,637116,1408,1
1470,948018,287130,1408,1
1471,2416570,732978,1408,1
1472,2634784,798795,1408,1
1473,5907634,1790921,1408,1
1474,1490212,451409,1408,1
1475,1598324,484075,1408,1
1476,2970514,900191,1408,1
1477,2628846,797169,1408,1
1478,2643254,800515,1408,1
1479,1965710,595292,1408,1
1480,3306651,1001905,1408,1
1481,4925296,1498554,1408,1
1482,1447244,438664,1408,1
1483,1188922,360151,1408,1
1484,4051412,1227040,1408,1
1485,1511730,458454,1408,1
1486,2605316,790118,1408,1
1487,2008868,608387,1408,1
1488,4034217,1222323,1408,1
1489,2526959,765877,1408,1
1490,5674190,1719485,1408,1
1491,5309636,1608718,1408,1
1492,1141660,345888,1408,1
1493,2445784,741804,1408,1
1494,5778228,1750483,1408,1
1495,3641320,1103407,1408,1
1496,9484722,2873633,1408,1
1497,899564,272452,1408,1
1498,1457791,442107,1408,1
1499,2069368,626730,1408,1
1500,3164968,958580,1408,1
1501,3494102,1059022,1408,1
1502,1732100,524717,1408,1
1503,1916540,580687,1408,1
1504,1597828,484221,1408,1
1505,1321972,400384,1408,1
1506,1329650,402750,1408,1
1507,6987344,2117310,1408,1
1508,10532644,3191579,1408,1
1509,4554380,1379201,1408,1
1510,2495504,756366,1408,1
1511,9542498,2891314,1408,1
1512,1514216,458575,1408,1
1513,1205274,365104,1408,1
1514,4535856,1374997,1408,1
1515,1503496,455356,1408,1
1516,6130024,1858480,1408,1
1517,3978400,1205379,1408,1
1518,17138127,5196887,1408,1
1519,5263842,1595098,1408,1
1520,4788104,1451302,1408,1
1521,1487870,451321,1408,1
1522,2353078,713167,1408,1
1523,5080533,1539747,1408,1
1524,1741030,527586,1408,1
1525,1983782,600892,1408,1
1526,3827053,1159336,1408,1
1527,1486090,452063,1408,1
1528,1227224,371819,1408,1
1529,3485692,1055678,1408,1
1530,1663132,503697,1408,1
1531,1174730,356021,1408,1
1532,2893704,877334,1408,1
1533,2263766,685804,1408,1
1534,1313392,397793,1408,1
1535,2781900,842735,1408,1
1536,2208868,669129,1408,1
1537,993710,301277,1408,1
1538,3097178,938184,1408,1
1539,1537692,465785,1408,1
1540,3477666,1053684,1408,1
1541,1406404,425940,1408,1
1542,1855078,561808,1408,1
1543,819328,248132,1408,1
1544,825124,249926,1408,1
1545,1539392,466211,1408,1
1546,1494482,452614,1408,1
1547,4472178,1354929,1408,1
1548,4867648,1474497,1408,1
1549,2887722,874571,1408,1
1550,6600018,2000138,1408,1
1551,800072,242339,1408,1
1552,3493852,1058972,1408,1
1553,1591168,481871,1408,1
1554,2295192,695076,1408,1
1555,5633704,1707486,1408,1
1556,3889096,1177903,1408,1
1557,3547041,1074481,1408,1
1558,2867275,868723,1408,1
1559,1868264,566239,1408,1
1560,3090782,937088,1408,1
1561,3322280,1006096,1408,1
1562,5190998,1573003,1408,1
1563,1245696,377284,1408,1
1564,828736,250990,1408,1
1565,2004338,607267,1408,1
1566,2159204,655007,1408,1
1567,1039266,314781,1408,1
1568,4713532,1427517,1408,1
1569,1689800,512122,1408,1
1570,8247095,2498171,1408,1
1571,1304482,395107,1408,1
1572,821662,248881,1408,1
1573,1418479,429996,1408,1
1574,3918740,1187194,1408,1
1575,1216000,368269,1408,1
1576,1430824,433996,1408,1
1577,1100846,333622,1408,1
1578,2315654,701279,1408,1
1579,1195332,362029,1408,1
1580,898744,272181,1408,1
1581,2091556,633534,1408,1
1582,3418806,1035570,1408,1
1583,4509262,1365677,1408,1
1584,2425074,734456,1408,1
1585,2380766,720992,1408,1
1586,2421370,734115,1408,1
1587,1548607,469303,1408,1
1588,857048,259583,1408,1
1589,802912,243228,1408,1
1590,1609050,487791,1408,1
1591,2569470,778443,1408,1
1592,1434252,434455,1408,1
1593,4379086,1327181,1408,1
1594,3318808,1007434,1408,1
1595,1428738,432734,1408,1
1596,6432222,1948982,1408,1
1597,4041440,1225957,1408,1
1598,6329219,1917292,1408,1
1599,8586875,2601370,1408,1
1600,5539718,1679533,1408,1
1601,3759560,1138771,1408,1
1602,3657046,1107479,1408,1
1603,4100434,1241743,1408,1
1604,1105324,334793,1408,1
1605,1413230,428003,1408,1
1606,1009324,305717,1408,1
1607,1479624,448130,1408,1
1608,1032076,312608,1408,1
1609,1696604,514585,1408,1
1610,7486849,2269684,1408,1
1611,2091484,633448,1408,1
1612,2891794,876548,1408,1
1613,5858038,1774580,1408,1
1614,3142172,952332,1408,1
1615,5002824,1522066,1408,1
1616,4153346,1259389,1408,1
1617,1374292,416615,1408,1
1618,6428834,1948355,1408,1
1619,2282216,691156,1408,1
1620,4190332,1270053,1408,1
1621,6543908,1982309,1408,1
1622,1392364,421701,1408,1
1623,2642614,800295,1408,1
1624,1426256,432094,1408,1
1625,2397164,726038,1408,1
1626,1407562,426311,1408,1
1627,5520734,1672878,1408,1
1628,4240741,1285386,1408,1
1629,1166974,353425,1408,1
1630,1168978,354030,1408,1
1631,8171112,2476381,1408,1
1632,4918510,1490478,1408,1
1633,1192964,361495,1408,1
1634,1851842,562038,1408,1
1635,2820384,854273,1408,1
1636,2411372,730265,1408,1
1637,6217518,1883364,1408,1
1638,1821204,551786,1408,1
1639,1495716,452997,1408,1
1640,1477968,447632,1408,1
1641,4135073,1254025,1408,1
1642,1316838,398790,1408,1
1643,1607880,486959,1408,1
1644,1647279,505811,1408,1
1645,4743954,1437083,1408,1
1646,2314750,701008,1408,1
1647,3141922,952733,1408,1
1648,2270846,688486,1408,1
1649,3726362,1130496,1408,1
1650,3298314,999064,1408,1
1651,1712034,518535,1408,1
1652,905018,274127,1408,1
1653,9382176,2841944,1408,1
1654,1525554,462032,1408,1
1655,1048779,318137,1408,1
1656,1106294,335083,1408,1
1657,1891832,572921,1408,1
1658,2649850,802561,1408,1
1659,5414604,1639678,1408,1
1660,3213566,973904,1408,1
1661,1269136,384382,1408,1
1662,1088770,329758,1408,1
1663,873510,264549,1408,1
1664,2773988,841123,1408,1
1665,3099426,940060,1408,1
1666,2393882,725083,1408,1
1667,3263882,989517,1408,1
1668,5127020,1554301,1408,1
1669,8889091,2692876,1408,1
1670,2678554,811566,1408,1
1671,4175610,1265466,1408,1
1672,4791260,1451544,1408,1
1673,4604494,1394732,1408,1
1674,954130,288980,1408,1
1675,3067292,928891,1408,1
1676,1429110,432831,1408,1
1677,1708790,517523,1408,1
1678,6045532,1831138,1408,1
1679,950878,287982,1408,1
1680,2244746,679816,1408,1
1681,3833340,1162179,1408,1
1682,978788,296468,1408,1
1683,2518350,762639,1408,1
1684,1620226,490702,1408,1
1685,1072552,324953,1408,1
1686,1133050,343180,1408,1
1687,6398752,1937691,1408,1
1688,3786800,1146771,1408,1
1689,5084162,1540229,1408,1
1690,848932,257148,1408,1
1691,838218,253851,1408,1
1692,2096888,635036,1408,1
1693,1125258,340795,1408,1
1694,3036090,919435,1408,1
1695,3123530,945878,1408,1
1696,843424,255612,1408,1
1697,2267636,686831,1408,1
1698,1489404,451056,1408,1
1699,876596,265518,1408,1
1700,2517414,762366,1408,1
1701,3228956,978973,1408,1
1702,3755050,1137624,1408,1
1703,1230974,372810,1408,1
1704,2398660,726435,1408,1
1705,951466,288195,1408,1
1706,1333772,403955,1408,1
1707,895982,271368,1408,1
1708,3810896,1154623,1408,1
1709,7786270,2358888,1408,1
1710,1697568,514530,1408,1
1711,1054236,319363,1408,1
1712,13225192,4006590,1408,1
1713,869398,263320,1408,1
1714,1349628,408774,1408,1
1715,3510728,1064108,1408,1
1716,1292278,391384,1408,1
1717,8114806,2458310,1408,1
1718,2375652,719464,1408,1
1719,1436218,435050,1408,1
1720,874876,264972,1408,1
1721,1633054,494637,1408,1
1722,943196,285690,1408,1
1723,5318518,1611216,1408,1
1724,2835868,859891,1408,1
1725,5572386,1688327,1408,1
1726,3493010,1058621,1408,1
1727,1614282,488899,1408,1
1728,5974252,1809863,1408,1
1729,6273468,1900965,1408,1
1730,4347164,1316603,1408,1
1731,3234698,979579,1408,1
1732,2067844,626237,1408,1
1733,3527708,1068687,1408,1
1734,7157824,2168213,1408,1
1735,1948464,590070,1408,1
1736,2042800,620068,1408,1
1737,2290078,694542,1408,1
1738,9921181,3005497,1408,1
1739,9825682,2977195,1408,1
1740,1634370,495348,1408,1
1741,1591234,482188,1408,1
1742,3279972,993799,1408,1
1743,2307132,699096,1408,1
1744,8219525,2490125,1408,1
1745,1545888,468192,1408,1
1746,2136698,647283,1408,1
1747,901330,272978,1408,1
1748,2400092,726931,1408,1
1749,2299260,696690,1408,1
1750,1275140,386180,1408,1
1751,3057990,926073,1408,1
1752,3526764,1068057,1408,1
1753,1130044,342582,1408,1
1754,883696,267656,1408,1
1755,1813248,549148,1408,1
1756,2485488,753191,1408,1
1757,2657310,804889,1408,1
1758,3611626,1094546,1408,1
1759,7495716,2271112,1408,1
1760,7830022,2374516,1408,1
1761,1976418,598539,1408,1
1762,943382,285822,1408,1
1763,1535196,465547,1408,1
1764,3694992,1119366,1408,1
1765,1003100,303879,1408,1
1766,2527874,766030,1408,1
1767,1254734,380114,1408,1
1768,2494664,755485,1408,1
1769,815504,246995,1408,1
1770,2050820,621059,1408,1
1771,3325332,1007104,1408,1
1772,5589063,1692937,1408,1
1773,3047036,922747,1408,1
1774,1988688,602225,1408,1
1775,3041476,921062,1408,1
1776,1413762,428174,1408,1
1777,1565540,475013,1408,1
1778,1217752,368825,1408,1
1779,847146,256576,1408,1
1780,1427072,432175,1408,1
1781,2193764,664483,1408,1
1782,897024,271700,1408,1
1783,1927032,583602,1408,1
1784,3643554,1103379,1408,1
1785,2039022,617515,1408,1
1786,2101774,636595,1408,1
1787,2184496,661560,1408,1
1788,1209514,366400,1408,1
1789,1770940,536329,1408,1
1790,2986029,904870,1408,1
1791,2636413,798885,1408,1
1792,6716271,2035357,1408,1
1793,1829636,554660,1408,1
1794,2632448,797833,1408,1
1795,990468,300008,1408,1
1796,2927384,886518,1408,1
1797,6483476,1963612,1408,1
1798,1897202,574589,1408,1
1799,8018996,2430243,1408,1
1800,1284186,388921,1408,1
1801,2112376,641184,1408,1
1802,889730,269475,1408,1
1803,3474926,1053307,1408,1
1804,8516106,2579437,1408,1
1805,2446014,740874,1408,1
1806,1370496,415081,1408,1
1807,3793150,1149639,1408,1
1808,3362080,1018154,1408,1
1809,2177216,659470,1408,1
1810,2950152,893414,1408,1
1811,3250090,984237,1408,1
1812,5576132,1688927,1408,1
1813,1565696,474184,1408,1
1814,2839476,859897,1408,1
1815,1162126,351958,1408,1
1816,843340,255446,1408,1
1817,4155562,1259091,1408,1
1818,2359355,714889,1408,1
1819,4972092,1506387,1408,1
1820,3967492,1201961,1408,1
1821,1460254,442230,1408,1
1822,1363164,412936,1408,1
1823,3123780,945986,1408,1
1824,1613802,488750,1408,1
1825,2187932,662712,1408,1
1826,3058682,926278,1408,1
1827,2944994,891902,1408,1
1828,940952,285011,1408,1
1829,4301410,1302587,1408,1
1830,1644003,498910,1408,1
1831,10967664,3321678,1408,1
1832,6274588,1901050,1408,1
1833,2563526,776671,1408,1
1834,1665676,504482,1408,1
1835,1586388,480576,1408,1
1836,2690916,815421,1408,1
1837,4417010,1338951,1408,1
1838,4451394,1348825,1408,1
1839,5307812,1608332,1408,1
1840,4162704,1260585,1408,1
1841,1772794,536994,1408,1
1842,4180582,1266277,1408,1
1843,2543044,770164,1408,1
1844,1872238,567022,1408,1
1845,7598074,2304105,1408,1
1846,4627058,1403612,1408,1
1847,1065432,322742,1408,1
1848,950308,287844,1408,1
1849,2772336,839573,1408,1
1850,1917092,580649,1408,1
1851,1358036,411465,1408,1
1852,1211494,366888,1408,1
1853,945800,286475,1408,1
1854,5887266,1782799,1408,1
1855,2432516,736626,1408,1
1856,843436,255458,1408,1
1857,1882896,570229,1408,1
1858,1233520,373597,1408,1
1859,2208956,668948,1408,1
1860,3808238,1153248,1408,1
1861,854428,258790,1408,1
1862,1901676,575912,1408,1
1863,2210256,669419,1408,1
1864,4763676,1444149,1408,1
1865,791656,239775,1408,1
1866,6397736,1937381,1408,1
1867,2135104,646894,1408,1
1868,1404434,425422,1408,1
1869,820274,248490,1408,1
1870,4735338,1435394,1408,1
1871,2444390,740256,1408,1
1872,1716156,519723,1408,1
1873,791232,239661,1408,1
1874,3649460,1105144,1408,1
1875,1746080,528915,1408,1
1876,943984,285930,1408,1
1877,3220596,975300,1408,1
1878,4704904,1425073,1408,1
1879,779988,236225,1408,1
1880,3043028,921530,1408,1
1881,4397412,1331654,1408,1
1882,1703676,516066,1408,1
1883,3507683,1064387,1408,1
1884,864338,261802,1408,1
1885,1088598,329693,1408,1
1886,4789486,1450650,1408,1
1887,901410,273035,1408,1
1888,1584914,479999,1408,1
1889,1578330,477987,1408,1
1890,3286026,995116,1408,1
1891,887870,268898,1408,1
1892,842894,255290,1408,1
1893,1817466,550423,1408,1
1894,1423090,430978,1408,1
1895,2851752,863615,1408,1
1896,848754,257064,1408,1
1897,6374276,1930456,1408,1
1898,851090,257771,1408,1
1899,7127688,2158671,1408,1
1900,1192300,361116,1408,1
1901,5711114,1729530,1408,1
1902,1435490,434752,1408,1
1903,3787570,1146985,1408,1
1904,2409758,729851,1408,1
1905,1105530,334838,1408,1
1906,1064990,322572,1408,1
1907,1405976,425772,1408,1
1908,1084422,328476,1408,1
1909,2586352,783261,1408,1
1910,2018046,611137,1408,1
1911,4601746,1395258,1408,1
1912,4141370,1258375,1408,1
1913,5656856,1714144,1408,1
1914,4076548,1234901,1408,1
1915,2159792,654374,1408,1
1916,1460272,442503,1408,1
1917,4774282,1445970,1408,1
1918,1447942,438537,1408,1
1919,1203204,364465,1408,1
1920,1533298,464373,1408,1
1921,4103414,1243235,1408,1
1922,1578946,478207,1408,1
1923,887364,268780,1408,1
1924,879948,266515,1408,1
1925,1345585,408441,1408,1
1926,977642,296080,1408,1
1927,930928,281969,1408,1
1928,2319402,702481,1408,1
1929,1228920,372206,1408,1
1930,1606956,486641,1408,1
1931,1926090,583430,1408,1
1932,845454,256064,1408,1
1933,1831957,556429,1408,1
1934,2261768,685482,1408,1
1935,847622,256710,1408,1
1936,2744760,831205,1408,1
1937,3004320,910140,1408,1
1938,7284742,2206037,1408,1
1939,5121976,1551059,1408,1
1940,1801942,545704,1408,1
1941,2105744,637771,1408,1
1942,10092184,3058108,1408,1
1943,1185114,358927,1408,1
1944,772596,233989,1408,1
1945,2276970,689637,1408,1
1946,4617150,1398339,1408,1
1947,912838,276487,1408,1
1948,2822632,854800,1408,1
1949,1736468,525892,1408,1
1950,799446,242129,1408,1
1951,4380868,1326648,1408,1
1952,14687403,4450736,1408,1
1953,2552242,772911,1408,1
1954,780210,236294,1408,1
1955,5566894,1685800,1408,1
1956,1126920,341293,1408,1
1957,1687110,510947,1408,1
1958,4142536,1254488,1408,1
1959,3932756,1191620,1408,1
1960,1551874,469981,1408,1
1961,6501970,1970243,1408,1
1962,2123990,643241,1408,1
1963,2524142,764388,1408,1
1964,1925356,583092,1408,1
1965,1947934,589980,1408,1
1966,3546438,1073976,1408,1
1967,1741146,527312,1408,1
1968,2161292,654535,1408,1
1969,876278,265488,1408,1
1970,2713466,821737,1408,1
1971,819740,248297,1408,1
1972,1097958,332511,1408,1
1973,772702,234033,1408,1
1974,2698128,817166,1408,1
1975,738080,223544,1408,1
1976,734442,222436,1408,1
1977,1047316,317177,1408,1
1978,2432558,736675,1408,1
1979,2820114,854617,1408,1
1980,1656510,501679,1408,1
1981,2070900,627154,1408,1
1982,1612596,488453,1408,1
1983,2981668,903942,1408,1
1984,2211566,669760,1408,1
1985,2115522,640725,1408,1
1986,697722,211303,1408,1
1987,743686,225260,1408,1
1988,1177208,356517,1408,1
1989,10533704,3190301,1408,1
1990,1678428,509937,1408,1
1991,2758576,835384,1408,1
1992,3082296,933403,1408,1
1993,1698186,514948,1408,1
1994,1845902,559011,1408,1
1995,843266,255394,1408,1
1996,1091670,330620,1408,1
1997,4480672,1357141,1408,1
1998,18756783,5682708,1408,1
1999,1433294,434097,1408,1
2000,1434918,434826,1408,1
2001,3443248,1042752,1408,1
2002,2582918,782691,1408,1
2003,3687238,1117508,1408,1
2004,3659386,1109178,1408,1
2005,2008158,608151,1408,1
2006,2908418,880889,1408,1
2007,1364334,413215,1408,1
2008,2048466,620586,1408,1
2009,1815084,549785,1408,1
2010,2682288,812294,1408,1
2011,1280668,387899,1408,1
2012,4794760,1451980,1408,1
2013,2322736,703438,1408,1
2014,900876,272986,1408,1
2015,2904390,879748,1408,1
2016,863536,261543,1408,1
2017,7411744,2245614,1408,1
2018,5573106,1689061,1408,1
2019,2735472,828642,1408,1
2020,1897666,575237,1408,1
2021,2646334,802109,1408,1
2022,6792158,2057376,1408,1
2023,1182716,358577,1408,1
2024,2838420,859730,1408,1
2025,1499530,454170,1408,1
2026,3049146,923600,1408,1
2027,1682574,509576,1408,1
2028,2415924,731644,1408,1
2029,3729030,1129264,1408,1
2030,825044,249885,1408,1
2031,854420,258894,1408,1
2032,3193920,967252,1408,1
2033,2888494,874796,1408,1
2034,2821812,855477,1408,1
2035,8757469,2652820,1408,1
2036,2420210,733341,1408,1
2037,4424078,1339799,1408,1
2038,2942802,891161,1408,1
2039,2960704,896607,1408,1
2040,1922328,582183,1408,1
2041,2751766,833319,1408,1
2042,925480,280324,1408,1
2043,897898,271955,1408,1
2044,1945580,589279,1408,1
2045,4801132,1454710,1408,1
2046,3422296,1036786,1408,1
2047,1535910,465828,1408,1
2048,2718076,824141,1408,1
2049,4998916,1513862,1408,1
2050,4590956,1390810,1408,1
2051,2052972,621753,1408,1
2052,995376,301494,1408,1
2053,5327402,1613370,1408,1
2054,2055162,622405,1408,1
2055,2109528,638850,1408,1
2056,4708904,1425985,1408,1
2057,4148290,1256346,1408,1
2058,2243056,680283,1408,1
2059,978806,296471,1408,1
2060,873880,264672,1408,1
2061,5129799,1562735,1408,1
2062,1477368,447436,1408,1
2063,2090732,633201,1408,1
2064,9289440,2815782,1408,1
2065,1010658,306320,1408,1
2066,1051002,318303,1408,1
2067,1791730,542623,1408,1
2068,3610250,1093576,1408,1
2069,1518018,459815,1408,1
2070,1926468,583422,1408,1
2071,791726,239812,1408,1
2072,6670446,2021676,1408,1
2073,754054,228383,1408,1
2074,1302988,394627,1408,1
2075,4615642,1398173,1408,1
2076,1741946,529361,1408,1
2077,4368198,1325442,1408,1
2078,2899758,879164,1408,1
2079,4429758,1342292,1408,1
2080,9396136,2847130,1408,1
2081,1104848,334613,1408,1
2082,12479712,3780618,1408,1
2083,3247295,983904,1408,1
2084,2464046,746286,1408,1
2085,1824198,552470,1408,1
2086,4176814,1264865,1408,1
2087,4560664,1381287,1408,1
2088,5063514,1534874,1408,1
2089,3859824,1170070,1408,1
2090,1319294,399660,1408,1
2091,2710316,820810,1408,1
2092,2328560,705443,1408,1
2093,4677878,1418023,1408,1
2094,2950466,894209,1408,1
2095,5254499,1591915,1408,1
2096,3068358,929701,1408,1
2097,5017036,1520774,1408,1
2098,1597520,484056,1408,1
2099,1477854,448042,1408,1
2100,3885876,1178030,1408,1
2101,2203814,667426,1408,1
2102,2015878,611820,1408,1
2103,3349958,1015579,1408,1
2104,5934709,1798069,1408,1
2105,1277248,386848,1408,1
2106,5182244,1570497,1408,1
2107,2611014,791299,1408,1
2108,3209944,972904,1408,1
2109,3356560,1016562,1408,1
2110,2629702,796754,1408,1
2111,1550716,469652,1408,1
2112,2713462,822369,1408,1
2113,1975756,599125,1408,1
2114,2475585,750109,1408,1
2115,1243248,376544,1408,1
2116,12836250,3888980,1408,1
2117,4121426,1248833,1408,1
2118,5254172,1591832,1408,1
2119,2610510,791323,1408,1
2120,4237574,1283885,1408,1
2121,2828607,857371,1408,1
2122,2240068,678677,1408,1
2123,1450446,439454,1408,1
2124,4743731,1437211,1408,1
2125,1400632,424520,1408,1
2126,2017681,611526,1408,1
2127,1382176,418855,1408,1
2128,2603596,788477,1408,1
2129,1497776,453756,1408,1
2130,2784512,843568,1408,1
2131,840926,254694,1408,1
2132,2067662,626437,1408,1
2133,2652572,804012,1408,1
2134,1350258,409555,1408,1
2135,8712627,2639324,1408,1
2136,3874330,1173667,1408,1
2137,1896188,574347,1408,1
2138,1543540,467479,1408,1
2139,6783674,2055184,1408,1
2140,1093862,331509,1408,1
2141,1231922,373462,1408,1
2142,5940096,1799268,1408,1
2143,1119830,339498,1408,1
2144,3808856,1154706,1408,1
2145,3667430,1110808,1408,1
2146,3187191,965793,1408,1
2147,8823612,2673260,1408,1
2148,3060477,927515,1408,1
2149,892926,270482,1408,1
2150,4105180,1244143,1408,1
2151,1175072,355883,1408,1
2152,964384,292102,1408,1
2153,2590922,785731,1408,1
2154,3836070,1161762,1408,1
2155,2924938,886545,1408,1
2156,4765600,1445234,1408,1
2157,6982905,2116015,1408,1
2158,6086310,1843070,1408,1
2159,1085441,329384,1408,1
2160,1371916,415518,1408,1
2161,2517753,763470,1408,1
2162,7681688,2327994,1408,1
2163,1342682,406920,1408,1
2164,8181750,2478980,1408,1
2165,1381142,418306,1408,1
2166,2649714,802606,1408,1
2167,2879914,872882,1408,1
2168,2499619,757880,1408,1
2169,1293816,391865,1408,1
2170,3828598,1159999,1408,1
2171,5325310,1613575,1408,1
2172,1843860,558755,1408,1
2173,2215780,671988,1408,1
2174,7283322,2205825,1408,1
2175,2909018,881933,1408,1
2176,2018586,611336,1408,1
2177,4140716,1254707,1408,1
2178,1189022,360122,1408,1
2179,9188644,2784976,1408,1
2180,3440218,1042620,1408,1
2181,1602458,486154,1408,1
2182,2361674,715470,1408,1
2183,2084888,631409,1408,1
2184,953748,288884,1408,1
2185,3163232,959122,1408,1
2186,1592048,482164,1408,1
2187,2778782,842282,1408,1
2188,2466177,747247,1408,1
2189,5245450,1588815,1408,1
2190,3347506,1014474,1408,1
2191,2719991,825311,1408,1
2192,1080672,327432,1408,1
2193,960858,291031,1408,1
2194,4343228,1315852,1408,1
2195,1512708,459063,1408,1
2196,911904,276201,1408,1
2197,1443152,437082,1408,1
2198,4023756,1220242,1408,1
2199,2479140,750788,1408,1
2200,6496420,1968305,1408,1
2201,980202,296895,1408,1
2202,1489614,451354,1408,1
2203,8223835,2492193,1408,1
2204,1136704,344354,1408,1
2205,7573560,2293614,1408,1
2206,2053158,621996,1408,1
2207,1942986,588833,1408,1
2208,4981094,1508825,1408,1
2209,2992998,906386,1408,1
2210,1357082,411798,1408,1
2211,3105028,941184,1408,1
2212,1311632,397252,1408,1
2213,1683888,511145,1408,1
2214,2331447,706737,1408,1
2215,8307693,2517402,1408,1
2216,4762083,1443367,1408,1
2217,1823084,552166,1408,1
2218,2430704,736890,1408,1
2219,8577973,2600344,1408,1
2220,3199888,969761,1408,1
2221,3756064,1138958,1408,1
2222,1553076,470978,1408,1
2223,1596152,483409,1408,1
2224,844700,255837,1408,1
2225,3187352,965366,1408,1
2226,2789421,845653,1408,1
2227,1893294,574074,1408,1
2228,3080246,933663,1408,1
2229,2563950,777616,1408,1
2230,6117592,1852565,1408,1
2231,4454218,1353598,1408,1
2232,2628934,796145,1408,1
2233,9189218,2784462,1408,1
2234,1088930,329792,1408,1
2235,814678,246723,1408,1
2236,3051920,924877,1408,1
2237,2513572,761209,1408,1
2238,932894,282683,1408,1
2239,3046040,922547,1408,1
2240,825270,249961,1408,1
2241,6746861,2044720,1408,1
2242,1399066,423866,1408,1
2243,1324264,401658,1408,1
2244,3604294,1092280,1408,1
2245,3208058,971853,1408,1
2246,1401670,424698,1408,1
2247,3391562,1028201,1408,1
2248,14636052,4436817,1408,1
2249,15463992,4684543,1408,1
2250,985776,298565,1408,1
2251,11655644,3531380,1408,1
2252,1967178,595774,1408,1
2253,993798,300992,1408,1
2254,1515644,459046,1408,1
2255,3978988,1205127,1408,1
2256,1410558,427195,1408,1
2257,1026582,310945,1408,1
2258,1732161,526078,1408,1
2259,1385274,419544,1408,1
2260,926296,280842,1408,1
2261,1233008,373428,1408,1
2262,1003316,303901,1408,1
2263,2730676,827421,1408,1
2264,1552232,470281,1408,1
2265,1012350,306634,1408,1
2266,4047394,1225891,1408,1
2267,1256372,380538,1408,1
2268,1700892,515129,1408,1
2269,1322582,400554,1408,1
2270,3058726,928035,1408,1
2271,1368306,415461,1408,1
2272,1733208,524911,1408,1
2273,4801074,1453896,1408,1
2274,2591916,784912,1408,1
2275,4981327,1509519,1408,1
2276,1503614,455476,1408,1
2277,8829822,2674424,1408,1
2278,822758,249197,1408,1
2279,1678040,508195,1408,1
2280,773048,234135,1408,1
2281,3210670,972264,1408,1
2282,1626248,492492,1408,1
2283,1034034,313167,1408,1
2284,1972012,597217,1408,1
2285,1715852,519796,1408,1
2286,1340040,405922,1408,1
2287,1123174,340157,1408,1
2288,1509314,457183,1408,1
2289,6120170,1855526,1408,1
2290,873700,264635,1408,1
2291,2016044,612142,1408,1
2292,1914926,579933,1408,1
2293,3102500,939528,1408,1
2294,1214938,367973,1408,1
2295,3080236,933829,1408,1
2296,3921066,1187601,1408,1
2297,1900962,575707,1408,1
2298,2876992,871944,1408,1
2299,1294920,392205,1408,1
2300,1607984,486996,1408,1
2301,7584122,2302947,1408,1
2302,2445192,740488,1408,1
2303,1244350,376876,1408,1
2304,838656,253985,1408,1
2305,1196068,362213,1408,1
2306,895818,271338,1408,1
2307,837328,253604,1408,1
2308,2901438,878661,1408,1
2309,1471754,445714,1408,1
2310,1733385,525695,1408,1
2311,846286,256316,1408,1
2312,2728134,826184,1408,1
2313,10213656,3094243,1408,1
2314,2589760,784263,1408,1
2315,1619650,490501,1408,1
2316,1463440,443198,1408,1
2317,1270976,384941,1408,1
2318,7412036,2244518,1408,1
2319,862864,261339,1408,1
2320,1228064,371975,1408,1
2321,2275264,689151,1408,1
2322,3953056,1197981,1408,1
2323,1240664,375738,1408,1
2324,1624550,492008,1408,1
2325,4133122,1252198,1408,1
2326,2301877,697499,1408,1
2327,2531610,767042,1408,1
2328,4333948,1312551,1408,1
2329,1329654,402773,1408,1
2330,1396002,423147,1408,1
2331,1286842,389923,1408,1
2332,10887222,3298705,1408,1
2333,1039798,314941,1408,1
2334,7288942,2208749,1408,1
2335,1449772,439087,1408,1
2336,4770903,1445823,1408,1
2337,2097776,635749,1408,1
2338,1905650,577146,1408,1
2339,5093454,1545045,1408,1
2340,948580,287315,1408,1
2341,868070,263079,1408,1
2342,3402392,1030357,1408,1
2343,1635690,495389,1408,1
2344,3942746,1196214,1408,1
2345,1308870,397519,1408,1
2346,9344862,2831474,1408,1
2347,2345206,710917,1408,1
2348,3274322,992037,1408,1
2349,3813698,1155326,1408,1
2350,7422824,2248714,1408,1
2351,4342214,1316740,1408,1
2352,2844618,861488,1408,1
2353,3339456,1012155,1408,1
2354,1825706,553000,1408,1
2355,1845188,558828,1408,1
2356,2800848,848245,1408,1
2357,2721072,824620,1408,1
2358,4885429,1479966,1408,1
2359,1672894,506732,1408,1
2360,1566478,474401,1408,1
2361,920166,278692,1408,1
2362,1374500,416294,1408,1
2363,3882682,1175796,1408,1
2364,1869336,566111,1408,1
2365,3191704,966566,1408,1
2366,1712712,518720,1408,1
2367,2000744,607776,1408,1
2368,5462250,1654777,1408,1
2369,1301948,394494,1408,1
2370,892728,270383,1408,1
2371,893042,270480,1408,1
2372,1198696,363033,1408,1
2373,891174,269912,1408,1
2374,1232430,373247,1408,1
2375,2300162,696701,1408,1
2376,5718558,1731770,1408,1
2377,1164578,352730,1408,1
2378,8703567,2637339,1408,1
2379,1979192,599394,1408,1
2380,2108596,638556,1408,1
2381,898308,272087,1408,1
2382,3440870,1041983,1408,1
2383,3262000,987985,1408,1
2384,7176796,2173287,1408,1
2385,2085470,631573,1408,1
2386,2520094,763178,1408,1
2387,3857899,1169877,1408,1
2388,4706680,1426172,1408,1
2389,2697420,817855,1408,1
2390,3315138,1004422,1408,1
2391,3051212,924012,1408,1
2392,1423230,431026,1408,1
2393,1547220,468556,1408,1
2394,2256944,683503,1408,1
2395,7208646,2188635,1408,1
2396,898780,272238,1408,1
2397,4325826,1310000,1408,1
2398,2620238,794003,1408,1
2399,1429500,433325,1408,1
2400,8581490,2600080,1408,1
2401,5270936,1597101,1408,1
2402,1428154,432544,1408,1
2403,2440162,739466,1408,1
2404,3700940,1121271,1408,1
2405,1597294,483934,1408,1
2406,866756,262538,1408,1
2407,888902,269244,1408,1
2408,2919384,884150,1408,1
2409,2070150,628049,1408,1
2410,5984804,1813402,1408,1
2411,2567932,777796,1408,1
2412,5683306,1721748,1408,1
2413,5495990,1665194,1408,1
2414,1361640,412505,1408,1
2415,1006254,304781,1408,1
2416,1490888,451678,1408,1
2417,4428284,1341827,1408,1
2418,3087610,936172,1408,1
2419,1508830,457286,1408,1
2420,2294788,695080,1408,1
2421,1704324,516165,1408,1
2422,2900102,878256,1408,1
2423,5278293,1599560,1408,1
2424,3098395,940105,1408,1
2425,5562996,1685236,1408,1
2426,844658,255824,1408,1
2427,1500774,454488,1408,1
2428,5115512,1549102,1408,1
2429,4197542,1271137,1408,1
2430,7292918,2208529,1408,1
2431,1353984,410081,1408,1
2432,4082012,1236157,1408,1
2433,1600408,484699,1408,1
2434,1599792,484491,1408,1
2435,2799404,847960,1408,1
2436,9508848,2880783,1408,1
2437,1152928,349206,1408,1
2438,1825324,552773,1408,1
2439,2666740,807572,1408,1
2440,1850200,560389,1408,1
2441,1237674,374837,1408,1
2442,918928,278324,1408,1
2443,892936,270449,1408,1
2444,1347260,408189,1408,1
2445,919116,278375,1408,1
2446,1238298,375027,1408,1
2447,1630862,493899,1408,1
2448,3293438,997344,1408,1
2449,1401882,424586,1408,1
2450,5006266,1516089,1408,1
2451,3781398,1145127,1408,1
2452,1881730,569885,1408,1
2453,969706,293708,1408,1
2454,1543594,467470,1408,1
2455,1543656,467491,1408,1
2456,1454268,440476,1408,1
2457,2201114,666644,1408,1
2458,4853210,1470766,1408,1
2459,2995606,907500,1408,1
2460,1835522,555890,1408,1
2461,4179020,1266167,1408,1
2462,1151542,349012,1408,1
2463,6618908,2004432,1408,1
2464,1069300,323868,1408,1
2465,889594,269455,1408,1
2466,1508328,456805,1408,1
2467,3264484,988576,1408,1
2468,1680868,509060,1408,1
2469,3561892,1080539,1408,1
2470,2181474,660624,1408,1
2471,2556650,774544,1408,1
2472,1197560,362707,1408,1
2473,9306210,2819019,1408,1
2474,2212596,670070,1408,1
2475,3305714,1001111,1408,1
2476,2907882,880608,1408,1
2477,1812316,548879,1408,1
2478,1323322,400786,1408,1
2479,3332024,1009335,1408,1
2480,1117566,338436,1408,1
2481,3105938,941023,1408,1
2482,6083610,1842423,1408,1
2483,2620000,793437,1408,1
2484,1168944,354036,1408,1
2485,1945706,589253,1408,1
2486,3272232,992807,1408,1
2487,1038364,314494,1408,1
2488,751654,227674,1408,1
2489,1046780,317022,1408,1
2490,1593656,482645,1408,1
2491,2301408,697071,1408,1
2492,3808112,1154205,1408,1
2493,1359454,411784,1408,1
2494,870916,263795,1408,1
2495,2310112,699665,1408,1
2496,821914,248913,1408,1
2497,1025508,310678,1408,1
2498,1054198,319375,1408,1
2499,2385444,722514,1408,1
2500,1882656,570189,1408,1
2501,1449986,439146,1408,1
2502,1632348,494369,1408,1
2503,869426,263326,1408,1
2504,3407998,1032206,1408,1
2505,12818028,3891529,1408,1
2506,2594938,785864,1408,1
2507,5167714,1564988,1408,1
2508,914356,276935,1408,1
2509,1752082,531190,1408,1
2510,3049578,924079,1408,1
2511,1410980,427350,1408,1
2512,2973482,900847,1408,1
2513,1592900,482385,1408,1
2514,2136888,647150,1408,1
2515,1979350,599594,1408,1
2516,1052368,318759,1408,1
2517,2801528,848388,1408,1
2518,2216038,671120,1408,1
2519,889034,269257,1408,1
2520,3673100,1113599,1408,1
2521,1307214,395892,1408,1
2522,5016688,1519268,1408,1
2523,2782024,842485,1408,1
2524,2201402,666688,1408,1
2525,892050,270179,1408,1
2526,3197382,968279,1408,1
2527,5478636,1659073,1408,1
2528,1374686,416352,1408,1
2529,1683514,509872,1408,1
2530,2314892,701057,1408,1
2531,2077436,629904,1408,1
2532,2277692,689803,1408,1
2533,1983458,601234,1408,1
2534,3775766,1143418,1408,1
2535,882102,267187,1408,1
2536,3416454,1035006,1408,1
2537,866016,262316,1408,1
2538,874052,264750,1408,1
2539,2234882,676822,1408,1
2540,1583088,479413,1408,1
2541,3910302,1184159,1408,1
2542,1166918,353431,1408,1
2543,865866,262268,1408,1
2544,3492676,1057859,1408,1
2545,11872908,3598015,1408,1
2546,1155980,350119,1408,1
2547,2421952,733461,1408,1
2548,1175066,355893,1408,1
2549,2454804,743413,1408,1
2550,1378778,417580,1408,1
2551,2638476,799027,1408,1
2552,2102284,637304,1408,1
2553,2027350,613980,1408,1
2554,1214370,367894,1408,1
2555,1242014,376367,1408,1
2556,1477066,447325,1408,1
2557,1744836,528404,1408,1
2558,801054,242620,1408,1
2559,1164940,352827,1408,1
2560,1136772,344296,1408,1
2561,772858,234066,1408,1
2562,1036306,313853,1408,1
2563,2282888,691331,1408,1
2564,2340182,708702,1408,1
2565,1145144,346828,1408,1
2566,1385364,419569,1408,1
2567,1627696,492930,1408,1
2568,1130190,342378,1408,1
2569,1007748,305322,1408,1
2570,2962106,897187,1408,1
2571,789986,239282,1408,1
2572,1989134,603493,1408,1
2573,3763669,1140102,1408,1
2574,1723928,522337,1408,1
2575,2877380,871821,1408,1
2576,8090966,2452010,1408,1
2577,2157722,653454,1408,1
2578,3597920,1090708,1408,1
2579,4009412,1215237,1408,1
2580,1506174,456785,1408,1
2581,1266332,384055,1408,1
2582,1458322,441863,1408,1
2583,5658335,1715650,1408,1
2584,1413842,428322,1408,1
2585,1640064,496661,1408,1
2586,1222264,370170,1408,1
2587,5264260,1594245,1408,1
2588,1248246,378061,1408,1
2589,1586258,480415,1408,1
2590,864056,261690,1408,1
2591,2834414,858720,1408,1
2592,3005484,910214,1408,1
2593,1559596,473579,1408,1
2594,4824386,1460953,1408,1
2595,5633150,1705856,1408,1
2596,3067732,928998,1408,1
2597,6968480,2110208,1408,1
2598,918794,278279,1408,1
2599,1956108,592433,1408,1
2600,1820752,551411,1408,1
2601,1906624,577435,1408,1
2602,3284278,994757,1408,1
2603,1227220,371676,1408,1
2604,915932,277416,1408,1
2605,1847622,559524,1408,1
2606,1266376,383555,1408,1
2607,2973266,900521,1408,1
2608,1617212,489768,1408,1
2609,1583610,479689,1408,1
2610,2023784,613467,1408,1
2611,2851482,864986,1408,1
2612,1549250,469233,1408,1
2613,3215181,974442,1408,1
2614,1568210,475122,1408,1
2615,2808230,851233,1408,1
2616,1804480,546580,1408,1
2617,956708,289757,1408,1
2618,906726,274621,1408,1
2619,1244072,376775,1408,1
2620,1324316,401094,1408,1
2621,1514512,458650,1408,1
2622,2114808,641221,1408,1
2623,3905682,1182811,1408,1
2624,1487438,450495,1408,1
2625,1232518,373264,1408,1
2626,3381726,1024099,1408,1
2627,878404,266063,1408,1
2628,1544404,469217,1408,1
2629,8669679,2627084,1408,1
2630,7011820,2124171,1408,1
2631,9271110,2807802,1408,1
2632,1210980,366830,1408,1
2633,2165130,655773,1408,1
2634,1092164,330747,1408,1
2635,9560980,2896000,1408,1
2636,1075748,325846,1408,1
2637,1438052,435510,1408,1
2638,2617174,792562,1408,1
2639,818210,247819,1408,1
2640,1676204,507637,1408,1
2641,2608169,790722,1408,1
2642,3148206,953396,1408,1
2643,1201192,363889,1408,1
2644,3010036,912021,1408,1
2645,5890798,1783869,1408,1
2646,1071706,324573,1408,1
2647,1865146,564860,1408,1
2648,809470,245168,1408,1
2649,5424136,1642568,1408,1
2650,1542692,467217,1408,1
2651,4051012,1226764,1408,1
2652,869340,263313,1408,1
2653,1874296,567627,1408,1
2654,2003406,606711,1408,1
2655,2442558,740432,1408,1
2656,3534678,1071719,1408,1
2657,3089390,936083,1408,1
2658,2555320,774947,1408,1
2659,2092468,633847,1408,1
2660,1402640,425099,1408,1
2661,4120932,1249842,1408,1
2662,2296146,695951,1408,1
2663,7935764,2405641,1408,1
2664,1317178,398934,1408,1
2665,1276390,386582,1408,1
2666,2313708,700746,1408,1
2667,2711030,821089,1408,1
2668,1234016,373710,1408,1
2669,954716,289176,1408,1
2670,1207166,365634,1408,1
2671,1279818,387621,1408,1
2672,4570698,1384300,1408,1
2673,1036182,313850,1408,1
2674,5393288,1634772,1408,1
2675,1189056,360112,1408,1
2676,905984,274418,1408,1
2677,2842026,860672,1408,1
2678,1121136,339533,1408,1
2679,2240744,678597,1408,1
2680,1020544,309114,1408,1
2681,858746,260091,1408,1
2682,2586678,783349,1408,1
2683,7553982,2295791,1408,1
2684,4133986,1251904,1408,1
2685,2837645,859904,1408,1
2686,867858,262854,1408,1
2687,867650,262786,1408,1
2688,4726946,1431438,1408,1
2689,2436002,737702,1408,1
2690,1199168,363195,1408,1
2691,2004036,606920,1408,1
2692,1130734,342479,1408,1
2693,862814,261323,1408,1
2694,4018884,1217035,1408,1
2695,1884674,570824,1408,1
2696,3759582,1138926,1408,1
2697,1900064,575888,1408,1
2698,1314096,397993,1408,1
2699,2676966,810964,1408,1
2700,4915258,1488667,1408,1
2701,768846,233095,1408,1
2702,1394302,422278,1408,1
2703,2936443,889755,1408,1
2704,3606816,1092811,1408,1
2705,1554982,471116,1408,1
2706,1679456,508639,1408,1
2707,2485238,753924,1408,1
2708,2620254,793774,1408,1
2709,3552864,1076875,1408,1
2710,2198498,665803,1408,1
2711,3281336,993745,1408,1
2712,1511764,457849,1408,1
2713,1563412,473464,1408,1
2714,2134368,646380,1408,1
2715,1405782,425755,1408,1
2716,1102076,333758,1408,1
2717,5148832,1559415,1408,1
2718,2188316,662722,1408,1
2719,1927876,584926,1408,1
2720,2133698,646158,1408,1
2721,812728,246144,1408,1
2722,1644406,498040,1408,1
2723,4098004,1240993,1408,1
2724,1800764,545345,1408,1
2725,4386954,1330319,1408,1
2726,839492,254275,1408,1
2727,847834,256867,1408,1
2728,822890,249232,1408,1
2729,1704502,516263,1408,1
2730,1891891,573908,1408,1
2731,1426838,432130,1408,1
2732,5909287,1790169,1408,1
2733,2350760,711904,1408,1
2734,770030,233222,1408,1
2735,1464268,443517,1408,1
2736,1840508,557397,1408,1
2737,7271738,2202570,1408,1
2738,1588292,481022,1408,1
2739,4499260,1362708,1408,1
2740,2745642,831487,1408,1
2741,4141500,1254628,1408,1
2742,1251774,379177,1408,1
2743,6747816,2045645,1408,1
2744,6148093,1863584,1408,1
2745,3054860,925193,1408,1
2746,4983954,1510381,1408,1
2747,5296839,1611928,1408,1
2748,5084943,1540407,1408,1
2749,1337386,405105,1408,1
2750,1899078,575118,1408,1
2751,13229171,4007016,1408,1
2752,1675962,507574,1408,1
2753,1950528,590717,1408,1
2754,997498,302090,1408,1
2755,6707110,2032871,1408,1
2756,2573712,780153,1408,1
2757,2490324,754143,1408,1
2758,1321582,400692,1408,1
2759,5885285,1788941,1408,1
2760,1245270,377158,1408,1
2761,2801994,848749,1408,1
2762,911562,276204,1408,1
2763,1992486,603509,1408,1
2764,4750874,1439893,1408,1
2765,3523942,1067964,1408,1
2766,1203572,364557,1408,1
2767,904740,274020,1408,1
2768,2747274,831984,1408,1
2769,3705114,1122028,1408,1
2770,2082672,630807,1408,1
2771,1960520,593724,1408,1
2772,4133452,1253063,1408,1
2773,4861628,1473675,1408,1
2774,5505208,1667848,1408,1
2775,3639377,1103426,1408,1
2776,5796228,1756351,1408,1
2777,1840644,557913,1408,1
2778,6286874,1904272,1408,1
2779,4659555,1412497,1408,1
2780,4272941,1294785,1408,1
2781,2120582,642340,1408,1
2782,3608256,1092807,1408,1
2783,1658059,502769,1408,1
2784,2163602,655616,1408,1
2785,1295146,392412,1408,1
2786,1447600,438463,1408,1
2787,8370462,2536472,1408,1
2788,3884260,1176770,1408,1
2789,4840776,1467723,1408,1
2790,3637890,1102338,1408,1
2791,13719428,4155746,1408,1
2792,4598060,1393632,1408,1
2793,868820,263141,1408,1
2794,4256388,1290143,1408,1
2795,1600996,484874,1408,1
2796,2575726,780028,1408,1
2797,3475982,1053299,1408,1
2798,2865864,868287,1408,1
2799,4915478,1489120,1408,1
2800,2095296,634646,1408,1
2801,1544723,468244,1408,1
2802,3056209,926040,1408,1
2803,3101196,939537,1408,1
2804,1262656,382427,1408,1
2805,4539064,1375681,1408,1
2806,7839060,2375277,1408,1
2807,2833574,858192,1408,1
2808,2119864,642108,1408,1
2809,6845283,2074222,1408,1
2810,12055938,3653214,1408,1
2811,1636240,496165,1408,1
2812,2206236,668154,1408,1
2813,3431308,1040216,1408,1
2814,1201896,364116,1408,1
2815,5185454,1570447,1408,1
2816,1146608,347296,1408,1
2817,1721324,521320,1408,1
2818,1563140,473415,1408,1
2819,1799106,545199,1408,1
2820,2023344,612946,1408,1
2821,1295080,392242,1408,1
2822,2298898,696290,1408,1
2823,1262006,383716,1408,1
2824,9435025,2859228,1408,1
2825,2181192,660810,1408,1
2826,1938712,587243,1408,1
2827,2613618,791690,1408,1
2828,5701734,1727860,1408,1
2829,9935655,3011746,1408,1
2830,11250825,3408748,1408,1
2831,1211068,367231,1408,1
2832,1060166,321107,1408,1
2833,8568572,2596615,1408,1
2834,1352770,410017,1408,1
2835,3001256,909598,1408,1
2836,3140534,951803,1408,1
2837,1775144,537656,1408,1
2838,1789222,542045,1408,1
2839,2607340,789768,1408,1
2840,3434690,1040353,1408,1
2841,4836308,1465075,1408,1
2842,3905288,1182776,1408,1
2843,2189532,663087,1408,1
2844,1575942,477292,1408,1
2845,866020,262283,1408,1
2846,1246236,377413,1408,1
2847,1670326,506050,1408,1
2848,2927814,886947,1408,1
2849,1994814,604354,1408,1
2850,2711062,821256,1408,1
2851,1955246,592174,1408,1
2852,3130578,948412,1408,1
2853,6752138,2045179,1408,1
2854,3040204,921161,1408,1
2855,1369222,414663,1408,1
2856,6252150,1894929,1408,1
2857,2299004,696233,1408,1
2858,1287090,389818,1408,1
2859,1269850,384590,1408,1
2860,964372,292162,1408,1
2861,6767906,2052115,1408,1
2862,2034674,616199,1408,1
2863,1596012,483795,1408,1
2864,4112252,1246261,1408,1
2865,1792394,543525,1408,1
2866,3682436,1116765,1408,1
2867,1306838,395796,1408,1
2868,804858,243798,1408,1
2869,812590,246133,1408,1
2870,3568656,1081943,1408,1
2871,1591024,481842,1408,1
2872,1187214,359650,1408,1
2873,5085328,1541540,1408,1
2874,1318988,399500,1408,1
2875,4669908,1415156,1408,1
2876,3552998,1076357,1408,1
2877,1969640,596699,1408,1
2878,2920668,885189,1408,1
2879,7499162,2272224,1408,1
2880,5430618,1646123,1408,1
2881,3566376,1080667,1408,1
2882,3361230,1018341,1408,1
2883,1041401,315840,1408,1
2884,3549178,1074982,1408,1
2885,2954580,895182,1408,1
2886,3796720,1150856,1408,1
2887,1381464,418400,1408,1
2888,3399848,1029848,1408,1
2889,1315144,398328,1408,1
2890,1465696,444119,1408,1
2891,5013944,1519211,1408,1
2892,1126952,341821,1408,1
2893,3213690,975274,1408,1
2894,4260506,1292201,1408,1
2895,3944336,1196090,1408,1
2896,2342882,710540,1408,1
2897,7521404,2279405,1408,1
2898,5481356,1661643,1408,1
2899,4064469,1232155,1408,1
2900,3329208,1008834,1408,1
2901,9254544,2803919,1408,1
2902,3300430,999934,1408,1
2903,1744598,528419,1408,1
2904,2264212,685845,1408,1
2905,1031462,312410,1408,1
2906,4226030,1280601,1408,1
2907,2907296,881008,1408,1
2908,3815724,1156195,1408,1
2909,1637590,495964,1408,1
2910,5438182,1648423,1408,1
2911,2583110,783045,1408,1
2912,1274716,386135,1408,1
2913,4697290,1423026,1408,1
2914,2862532,866901,1408,1
2915,2592744,785184,1408,1
2916,2638706,799202,1408,1
2917,901454,273039,1408,1
2918,839572,254288,1408,1
2919,5169450,1566343,1408,1
2920,5759194,1744018,1408,1
2921,1549014,469597,1408,1
2922,3308524,1002409,1408,1
2923,5436556,1646429,1408,1
2924,2281316,691006,1408,1
2925,1144364,346599,1408,1
2926,1224544,370961,1408,1
2927,7713734,2335913,1408,1
2928,3325792,1007302,1408,1
2929,2081352,630284,1408,1
2930,2695842,816409,1408,1
2931,1610440,488209,1408,1
2932,3928028,1189521,1408,1
2933,3083982,934018,1408,1
2934,2959744,897084,1408,1
2935,2481278,751788,1408,1
2936,4925640,1493163,1408,1
2937,2453362,742982,1408,1
2938,1568926,475181,1408,1
2939,1018026,308382,1408,1
2940,1790097,542563,1408,1
2941,5437488,1647202,1408,1
2942,2863268,867560,1408,1
2943,1526770,462438,1408,1
2944,2744162,831517,1408,1
2945,3604774,1092739,1408,1
2946,6636712,2011272,1408,1
2947,2537062,768851,1408,1
2948,1372572,415825,1408,1
2949,1889901,573530,1408,1
2950,1166536,353411,1408,1
2951,3658494,1107883,1408,1
2952,1416488,429009,1408,1
2953,1443200,437058,1408,1
2954,1767072,536007,1408,1
2955,3498654,1063654,1408,1
2956,2552092,772870,1408,1
2957,2805786,850803,1408,1
2958,3761726,1139570,1408,1
2959,7045975,2134656,1408,1
2960,1981632,601058,1408,1
2961,2725102,825552,1408,1
2962,893022,270472,1408,1
2963,1201160,363782,1408,1
2964,2344324,709962,1408,1
2965,4318804,1307984,1408,1
2966,1751744,530523,1408,1
2967,838256,253871,1408,1
2968,12128564,3674290,1408,1
2969,2798242,847408,1408,1
2970,2475128,749568,1408,1
2971,1105484,334800,1408,1
2972,1886128,571211,1408,1
2973,5985340,1814928,1408,1
2974,3165766,959993,1408,1
2975,5054594,1532607,1408,1
2976,4044946,1226530,1408,1
2977,1142638,346052,1408,1
2978,2697368,816919,1408,1
2979,2041094,618747,1408,1
2980,758808,229824,1408,1
2981,1538916,466046,1408,1
2982,4751170,1438770,1408,1
2983,1475586,447481,1408,1
2984,912654,276430,1408,1
2985,740628,224306,1408,1
2986,3460658,1048023,1408,1
2987,4649856,1409003,1408,1
2988,2716738,822729,1408,1
2989,1131060,342565,1408,1
2990,2513814,762202,1408,1
2991,1270860,385185,1408,1
2992,1236802,374848,1408,1
2993,3039220,920696,1408,1
2994,6154802,1864254,1408,1
2995,1363802,413053,1408,1
2996,2372190,718408,1408,1
2997,4859234,1475007,1408,1
2998,926284,280546,1408,1
2999,2725010,826367,1408,1
3000,1560878,473036,1408,1
3001,2430738,736143,1408,1
3002,3110626,942012,1408,1
3003,1840460,558084,1408,1
3004,2265240,686351,1408,1
3005,4411768,1336609,1408,1
3006,1494644,453193,1408,1
3007,4073650,1234204,1408,1
3008,2025742,613528,1408,1
3009,3208798,972209,1408,1
3010,1922512,583259,1408,1
3011,3645214,1103898,1408,1
3012,2296146,695872,1408,1
3013,1283426,388781,1408,1
3014,2413652,730960,1408,1
3015,6331028,1918570,1408,1
3016,1674832,507232,1408,1
3017,4613528,1397101,1408,1
3018,5500717,1666539,1408,1
3019,1432073,434058,1408,1
3020,2368300,717219,1408,1
3021,3626522,1099071,1408,1
3022,1321052,400106,1408,1
3023,2152820,652462,1408,1
3024,4499555,1363978,1408,1
3025,3212087,973466,1408,1
3026,3615800,1095558,1408,1
3027,3521160,1066987,1408,1
3028,4753128,1439893,1408,1
3029,4278728,1296333,1408,1
3030,2889966,875190,1408,1
3031,2247366,681222,1408,1
3032,1781060,539457,1408,1
3033,2112234,639810,1408,1
3034,1621950,491544,1408,1
3035,2331496,706081,1408,1
3036,3109004,941669,1408,1
3037,3084998,934257,1408,1
3038,5213376,1580388,1408,1
3039,1243726,376693,1408,1
3040,3896930,1180086,1408,1
3041,1201088,363760,1408,1
3042,1483936,449705,1408,1
3043,1950354,591617,1408,1
3044,2830803,858021,1408,1
3045,2130150,645725,1408,1
3046,2176576,659176,1408,1
3047,3676856,1114103,1408,1
3048,5943623,1800896,1408,1
3049,847408,256655,1408,1
3050,3384482,1025531,1408,1
3051,2604848,788860,1408,1
3052,1367688,414225,1408,1
3053,4594507,1392194,1408,1
3054,4045476,1225981,1408,1
3055,2748998,832571,1408,1
3056,825524,250028,1408,1
3057,1787830,541446,1408,1
3058,2589586,785170,1408,1
3059,4935144,1494673,1408,1
3060,3124110,946085,1408,1
3061,827582,250671,1408,1
3062,2117906,641470,1408,1
3063,4034506,1222650,1408,1
3064,825946,250201,1408,1
3065,3013940,912719,1408,1
3066,791476,239738,1408,1
3067,5356586,1627788,1408,1
3068,1379036,417634,1408,1
3069,1202958,364305,1408,1
3070,2725418,825331,1408,1
3071,2183480,661225,1408,1
3072,1203174,364379,1408,1
3073,718298,217552,1408,1
3074,789066,239003,1408,1
3075,715114,216577,1408,1
3076,740176,224199,1408,1
3077,3809902,1153742,1408,1
3078,740854,224387,1408,1
3079,1063630,322126,1408,1
3080,1251988,379163,1408,1
3081,4054870,1227924,1408,1
3082,1084850,328548,1408,1
3083,1211994,367156,1408,1
3084,1322504,400577,1408,1
3085,1075106,325601,1408,1
3086,1931954,585048,1408,1
3087,801854,242878,1408,1
3088,1747454,529213,1408,1
3089,1061286,321436,1408,1
3090,2648454,802049,1408,1
3091,2667148,807934,1408,1
3092,780476,236384,1408,1
3093,1839590,557257,1408,1
3094,762218,230854,1408,1
3095,882958,267617,1408,1
3096,5737138,1738708,1408,1
3097,2065424,625501,1408,1
3098,1088888,329776,1408,1
3099,2978576,902011,1408,1
3100,6330538,1917020,1408,1
3101,1132472,344223,1408,1
3102,5221872,1582904,1408,1
3103,3366814,1019648,1408,1
3104,1662422,503560,1408,1
3105,1967452,595854,1408,1
3106,1377472,417180,1408,1
3107,1739548,527019,1408,1
3108,2576690,780979,1408,1
3109,1245390,377193,1408,1
3110,1748716,529603,1408,1
3111,2069714,628221,1408,1
3112,3536289,1072070,1408,1
3113,2429602,735781,1408,1
3114,2254840,682954,1408,1
3115,4172058,1263558,1408,1
3116,2262898,685340,1408,1
3117,3097802,938777,1408,1
3118,1582628,479565,1408,1
3119,5051766,1530314,1408,1
3120,2104962,638028,1408,1
3121,2057132,622975,1408,1
3122,4999278,1514817,1408,1
3123,5861162,1776014,1408,1
3124,10445649,3164877,1408,1
3125,8749312,2651725,1408,1
3126,4263492,1292368,1408,1
3127,8156226,2470457,1408,1
3128,3643230,1103298,1408,1
3129,1593238,482528,1408,1
3130,2390938,725560,1408,1
3131,921852,279201,1408,1
3132,1207926,365857,1408,1
3133,2794434,847376,1408,1
3134,2213960,670574,1408,1
3135,1206086,365348,1408,1
3136,3151454,955031,1408,1
3137,3524174,1067248,1408,1
3138,925304,280235,1408,1
3139,1199578,363422,1408,1
3140,1781426,539476,1408,1
3141,12140382,3678255,1408,1
3142,1333580,403908,1408,1
3143,4750376,1439556,1408,1
3144,1654054,500924,1408,1
3145,1325052,401298,1408,1
3146,2632860,797338,1408,1
3147,7782412,2356750,1408,1
3148,1936028,586453,1408,1
3149,2507836,759619,1408,1
3150,3492922,1057768,1408,1
3151,1200416,363542,1408,1
3152,1119190,338956,1408,1
3153,1035138,313770,1408,1
3154,1881972,569955,1408,1
3155,865414,262091,1408,1
3156,836508,253333,1408,1
3157,837430,253639,1408,1
3158,6038858,1830718,1408,1
3159,1264002,382834,1408,1
3160,835296,252992,1408,1
3161,1797586,544390,1408,1
3162,2523998,764367,1408,1
3163,1669258,506035,1408,1
3164,6075748,1839873,1408,1
3165,869660,263420,1408,1
3166,1090510,330270,1408,1
3167,1983718,600764,1408,1
3168,3400306,1029721,1408,1
3169,3826102,1158744,1408,1
3170,844394,255767,1408,1
3171,2125780,644008,1408,1
3172,3690074,1117581,1408,1
3173,3475982,1052636,1408,1
3174,1049494,317890,1408,1
3175,2248738,681477,1408,1
3176,1364646,413302,1408,1
3177,2826574,855987,1408,1
3178,1207240,365636,1408,1
3179,1782298,539776,1408,1
3180,1734058,525162,1408,1
3181,1807872,547492,1408,1
3182,4073716,1234246,1408,1
3183,1804740,546712,1408,1
3184,1926856,583608,1408,1
3185,2818642,853583,1408,1
3186,1014926,307370,1408,1
3187,2029018,614477,1408,1
3188,2154662,652993,1408,1
3189,787296,238454,1408,1
3190,5521350,1673488,1408,1
3191,4492394,1360863,1408,1
3192,844348,255766,1408,1
3193,1440926,436382,1408,1
3194,2772537,840439,1408,1
3195,4058793,1229571,1408,1
3196,3852819,1167141,1408,1
3197,12465735,3775941,1408,1
3198,3956536,1198667,1408,1
3199,4827888,1462012,1408,1
3200,870986,263798,1408,1
3201,2105402,637617,1408,1
3202,2945812,892084,1408,1
3203,873448,264547,1408,1
3204,864324,261757,1408,1
3205,1551852,469987,1408,1
3206,3734150,1131507,1408,1
3207,1971608,597107,1408,1
3208,2863366,867380,1408,1
3209,1310492,397070,1408,1
3210,6189680,1875732,1408,1
3211,1573042,476380,1408,1
3212,2631806,796994,1408,1
3213,2849788,863026,1408,1
3214,4816156,1459710,1408,1
3215,7352536,2228299,1408,1
3216,5402294,1642075,1408,1
3217,6166736,1869622,1408,1
3218,2960776,897092,1408,1
3219,4601352,1395424,1408,1
3220,7543521,2285704,1408,1
3221,6634706,2010212,1408,1
3222,2225634,674023,1408,1
3223,1741962,527641,1408,1
3224,5337430,1616467,1408,1
3225,1167454,353571,1408,1
3226,1128272,341730,1408,1
3227,1236766,374579,1408,1
3228,1348032,408267,1408,1
3229,3899305,1181973,1408,1
3230,7601448,2302390,1408,1
3231,5656146,1712816,1408,1
3232,2773146,839895,1408,1
3233,2838712,859666,1408,1
3234,820286,248442,1408,1
3235,4607710,1395336,1408,1
3236,4748852,1438176,1408,1
3237,3151286,954313,1408,1
3238,1878106,568760,1408,1
3239,1402978,424879,1408,1
3240,1586648,480526,1408,1
3241,3038409,920532,1408,1
3242,3368816,1020518,1408,1
3243,2530136,766208,1408,1
3244,9667787,2928503,1408,1
3245,8692850,2633196,1408,1
3246,3220482,975530,1408,1
3247,2104000,637226,1408,1
3248,1581752,479059,1408,1
3249,5272014,1596507,1408,1
3250,2545652,771399,1408,1
3251,5542058,1678571,1408,1
3252,1246194,377425,1408,1
3253,1217916,368874,1408,1
3254,2551658,773026,1408,1
3255,2160290,654230,1408,1
3256,4506580,1364710,1408,1
3257,1053186,318972,1408,1
3258,5092324,1543690,1408,1
3259,1181812,358163,1408,1
3260,2275420,690390,1408,1
3261,4685824,1420257,1408,1
3262,4763048,1443165,1408,1
3263,8234138,2500142,1408,1
3264,1352061,410259,1408,1
3265,3280740,993862,1408,1
3266,3190064,967017,1408,1
3267,1340704,406416,1408,1
3268,1493750,453740,1408,1
3269,3871668,1172456,1408,1
3270,2649682,802515,1408,1
3271,1343680,406963,1408,1
3272,3714652,1126281,1408,1
3273,1611949,488605,1408,1
3274,6326762,1917032,1408,1
3275,3239236,980951,1408,1
3276,2731720,827294,1408,1
3277,1925674,583165,1408,1
3278,2658482,805090,1408,1
3279,1496132,453121,1408,1
3280,1818054,550604,1408,1
3281,1241126,375900,1408,1
3282,1475250,446945,1408,1
3283,1503334,455446,1408,1
3284,2107502,638326,1408,1
3285,2474338,749328,1408,1
3286,8204228,2486508,1408,1
3287,5196543,1574541,1408,1
3288,855260,259058,1408,1
3289,800152,242342,1408,1
3290,12961469,3927030,1408,1
3291,1331722,403804,1408,1
3292,3210010,972314,1408,1
3293,1092142,330760,1408,1
3294,1223508,371002,1408,1
3295,1269920,384590,1408,1
3296,1262012,382195,1408,1
3297,1865666,565028,1408,1
3298,716778,217085,1408,1
3299,1644576,498060,1408,1
3300,1304134,394957,1408,1
3301,2864744,867691,1408,1
3302,1438724,435703,1408,1
3303,2005336,607890,1408,1
3304,1701742,515368,1408,1
3305,1393718,422087,1408,1
3306,6107039,1850715,1408,1
3307,2214218,671218,1408,1
3308,3043176,921566,1408,1
3309,1323812,400924,1408,1
3310,2925220,885886,1408,1
3311,1537720,465681,1408,1
3312,732752,221929,1408,1
3313,1074566,325456,1408,1
3314,1678622,508330,1408,1
3315,765100,231731,1408,1
3316,1328456,402316,1408,1
3317,751618,227644,1408,1
3318,1406324,425918,1408,1
3319,4201290,1272283,1408,1
3320,1615018,489114,1408,1
3321,5341101,1617710,1408,1
3322,2901724,878750,1408,1
3323,3177685,962968,1408,1
3324,2258592,684111,1408,1
3325,2598138,786819,1408,1
3326,2087810,632944,1408,1
3327,858150,259910,1408,1
3328,1943634,588606,1408,1
3329,1926650,583552,1408,1
3330,11442544,3467402,1408,1
3331,7631094,2311720,1408,1
3332,2485900,753213,1408,1
3333,3158892,956827,1408,1
3334,1307940,396143,1408,1
3335,3835562,1161738,1408,1
3336,2491504,754753,1408,1
3337,3594062,1090275,1408,1
3338,2390212,723918,1408,1
3339,2987656,905391,1408,1
3340,2392553,725039,1408,1
3341,3176499,962795,1408,1
3342,870294,263591,1408,1
3343,1419362,429988,1408,1
3344,1508906,457864,1408,1
3345,4719590,1429754,1408,1
3346,1442196,437054,1408,1
3347,8094014,2457663,1408,1
3348,2088116,633422,1408,1
3349,2520080,764279,1408,1
3350,4516176,1368496,1408,1
3351,7674838,2324900,1408,1
3352,7182332,2176108,1408,1
3353,1360270,411997,1408,1
3354,1062890,322013,1408,1
3355,953466,288782,1408,1
3356,1596830,483587,1408,1
3357,2002574,606981,1408,1
3358,1433992,435494,1408,1
3359,5447044,1650047,1408,1
3360,5994736,1815943,1408,1
3361,4013290,1215874,1408,1
3362,4789916,1451487,1408,1
3363,12575416,3809987,1408,1
3364,2834096,858827,1408,1
3365,2383110,722195,1408,1
3366,2096770,635566,1408,1
3367,1396394,422966,1408,1
3368,2141402,649603,1408,1
3369,908516,275140,1408,1
3370,1808604,547820,1408,1
3371,6398448,1937788,1408,1
3372,1994762,604256,1408,1
3373,5561042,1687274,1408,1
3374,2211772,669959,1408,1
3375,2807278,850173,1408,1
3376,1288784,390316,1408,1
3377,2152928,652005,1408,1
3378,7472195,2264530,1408,1
3379,962494,291533,1408,1
3380,5856220,1774535,1408,1
3381,1387352,421112,1408,1
3382,2763170,837283,1408,1
3383,1604034,486101,1408,1
3384,2792832,846223,1408,1
3385,2625256,795335,1408,1
3386,1419938,430054,1408,1
3387,949706,287640,1408,1
3388,7917975,2398607,1408,1
3389,1611212,487984,1408,1
3390,2619565,794074,1408,1
3391,1050546,318198,1408,1
3392,3438730,1041364,1408,1
3393,4346190,1316881,1408,1
3394,5201878,1576001,1408,1
3395,3235528,980098,1408,1
3396,2131510,645533,1408,1
3397,2076232,628773,1408,1
3398,2986990,905143,1408,1
3399,1726704,522944,1408,1
3400,13206226,4000857,1408,1
3401,887232,268773,1408,1
3402,1542472,467129,1408,1
3403,5986126,1813986,1408,1
3404,929942,281685,1408,1
3405,1924022,582690,1408,1
3406,3907126,1184327,1408,1
3407,2222596,673902,1408,1
3408,1620486,490777,1408,1
3409,3717547,1127073,1408,1
3410,5406000,1638847,1408,1
3411,5543242,1698974,1408,1
3412,2165202,656481,1408,1
3413,9683528,2934113,1408,1
3414,3894144,1179948,1408,1
3415,1238586,375113,1408,1
3416,7172046,2172895,1408,1
3417,5612742,1700495,1408,1
3418,3268118,990143,1408,1
3419,2658156,805582,1408,1
3420,1859352,563151,1408,1
3421,1510212,457409,1408,1
3422,1658020,502271,1408,1
3423,3621232,1096695,1408,1
3424,4410066,1336083,1408,1
3425,2539760,769150,1408,1
3426,1016796,307981,1408,1
3427,6720673,2037024,1408,1
3428,1775428,537679,1408,1
3429,2008676,608467,1408,1
3430,5971624,1809177,1408,1
3431,1443016,437100,1408,1
3432,4145502,1257051,1408,1
3433,2062850,625629,1408,1
3434,2786644,844491,1408,1
3435,1449438,439241,1408,1
3436,4385886,1329587,1408,1
3437,4039278,1223450,1408,1
3438,4873867,1476488,1408,1
3439,11304943,3425108,1408,1
3440,1380352,418507,1408,1
3441,1483544,449766,1408,1
3442,2484602,753027,1408,1
3443,1452540,439919,1408,1
3444,1410564,427269,1408,1
3445,1381656,418468,1408,1
3446,2270262,687532,1408,1
3447,2588632,784723,1408,1
3448,3718220,1127041,1408,1
3449,4599252,1393834,1408,1
3450,1231708,373262,1408,1
3451,6314528,1913155,1408,1
3452,1501312,454717,1408,1
3453,1836642,556220,1408,1
3454,3310976,1003812,1408,1
3455,1203814,364591,1408,1
3456,1582840,479355,1408,1
3457,1839726,557561,1408,1
3458,2224308,673983,1408,1
3459,1453268,440330,1408,1
3460,2733172,827713,1408,1
3461,7783824,2358656,1408,1
3462,4225175,1280673,1408,1
3463,3371574,1021482,1408,1
3464,1934676,585990,1408,1
3465,4012944,1216285,1408,1
3466,1650188,500355,1408,1
3467,2743536,830852,1408,1
3468,4194766,1271444,1408,1
3469,4390478,1330171,1408,1
3470,1237068,374730,1408,1
3471,2270824,688459,1408,1
3472,3395786,1028357,1408,1
3473,8377508,2537430,1408,1
3474,9814408,2973613,1408,1
3475,4117932,1248179,1408,1
3476,2272646,688613,1408,1
3477,1218898,369623,1408,1
3478,2629540,796718,1408,1
3479,4182540,1267627,1408,1
3480,1189744,360424,1408,1
3481,2611528,791945,1408,1
3482,27285089,8264744,1408,1
3483,1187349,360412,1408,1
3484,6345892,1923754,1408,1
3485,6253052,1895180,1408,1
3486,5837474,1770321,1408,1
3487,3336738,1011411,1408,1
3488,6898390,2091366,1408,1
3489,1373619,416854,1408,1
3490,1256020,381127,1408,1
3491,3665752,1111476,1408,1
3492,2513028,761715,1408,1
3493,4153254,1259159,1408,1
3494,3407228,1031837,1408,1
3495,1137086,344373,1408,1
3496,3918566,1188768,1408,1
3497,3500922,1061822,1408,1
3498,1994117,605276,1408,1
3499,1277580,387818,1408,1
3500,3781633,1146010,1408,1
3501,1291634,391533,1408,1
3502,19642887,5952119,1408,1
3503,4405648,1334296,1408,1
3504,1104024,334399,1408,1
3505,17018183,5157204,1408,1
3506,1561944,473324,1408,1
3507,6812006,2064866,1408,1
3508,2879074,871903,1408,1
3509,2374732,719181,1408,1
3510,1879224,569404,1408,1
3511,3987565,1209084,1408,1
3512,2178580,660302,1408,1
3513,3098837,939009,1408,1
3514,4184525,1268908,1408,1
3515,1313974,398058,1408,1
3516,1873042,567422,1408,1
3517,4161430,1260877,1408,1
3518,2029880,615015,1408,1
3519,4792578,1452203,1408,1
3520,2341250,709189,1408,1
3521,1048074,317434,1408,1
3522,1346058,407673,1408,1
3523,1095114,331980,1408,1
3524,8684932,2630959,1408,1
3525,1533137,464502,1408,1
3526,1350918,409140,1408,1
3527,1245862,377326,1408,1
3528,1389382,420768,1408,1
3529,1831012,554527,1408,1
3530,2040326,618002,1408,1
3531,7807616,2364840,1408,1
3532,2174282,658566,1408,1
3533,2162064,654819,1408,1
3534,3406550,1032587,1408,1
3535,1877472,569156,1408,1
3536,2943608,892360,1408,1
3537,7870225,2384319,1408,1
3538,2341268,709052,1408,1
3539,4873794,1476720,1408,1
3540,1623070,491639,1408,1
3541,2131018,645373,1408,1
3542,5671606,1719108,1408,1
3543,2708070,820566,1408,1
3544,3259276,987362,1408,1
3545,6650273,2015180,1408,1
3546,2812754,851814,1408,1
3547,7883584,2389768,1408,1
3548,6281914,1904486,1408,1
3549,1840708,557464,1408,1
3550,919126,278376,1408,1
3551,2856638,865102,1408,1
3552,1668980,505419,1408,1
3553,3705731,1123164,1408,1
3554,2668866,808302,1408,1
3555,994620,301264,1408,1
3556,918654,278237,1408,1
3557,1316300,398646,1408,1
3558,978828,296480,1408,1
3559,1310776,396969,1408,1
3560,5727818,1735491,1408,1
3561,3605548,1092577,1408,1
3562,7944796,2406657,1408,1
3563,1188154,359867,1408,1
3564,1727602,523740,1408,1
3565,6941052,2103272,1408,1
3566,6243128,1890878,1408,1
3567,1980688,599852,1408,1
3568,893350,270575,1408,1
3569,3285958,995468,1408,1
3570,1464656,444263,1408,1
3571,3871604,1173541,1408,1
3572,903132,273537,1408,1
3573,1280738,387875,1408,1
3574,5742320,1739699,1408,1
3575,1444936,437651,1408,1
3576,4004532,1213067,1408,1
3577,1153412,349323,1408,1
3578,1557008,471546,1408,1
3579,5074126,1536573,1408,1
3580,3659028,1108505,1408,1
3581,844732,255928,1408,1
3582,2224709,676095,1408,1
3583,2909492,881099,1408,1
3584,2033310,616070,1408,1
3585,3004412,910715,1408,1
3586,3360126,1017675,1408,1
3587,1362324,413151,1408,1
3588,3146702,953342,1408,1
3589,3440680,1042322,1408,1
3590,6976460,2117419,1408,1
3591,1410648,427239,1408,1
3592,3081934,933665,1408,1
3593,3760476,1139588,1408,1
3594,2803456,849011,1408,1
3595,5286230,1600866,1408,1
3596,1268644,384219,1408,1
3597,1881636,569835,1408,1
3598,2021730,612256,1408,1
3599,1700304,515371,1408,1
3600,2658602,805888,1408,1
3601,895820,271317,1408,1
3602,7855142,2379657,1408,1
3603,2867370,868497,1408,1
3604,1341944,406802,1408,1
3605,3924754,1188566,1408,1
3606,6434103,1950634,1408,1
3607,1734709,525757,1408,1
3608,1451748,440125,1408,1
3609,1170632,354590,1408,1
3610,6850929,2075598,1408,1
3611,2383490,722582,1408,1
3612,1818164,550644,1408,1
3613,4532968,1372721,1408,1
3614,6053382,1833993,1408,1
3615,1980588,599808,1408,1
3616,1787064,541193,1408,1
3617,1146216,347140,1408,1
3618,2338544,708212,1408,1
3619,840500,254565,1408,1
3620,8457434,2562403,1408,1
3621,1111440,336619,1408,1
3622,825750,250074,1408,1
3623,1392520,421801,1408,1
3624,1387590,420227,1408,1
3625,824862,249827,1408,1
3626,8473906,2566882,1408,1
3627,3161046,957263,1408,1
3628,1287306,389882,1408,1
3629,2917462,883509,1408,1
3630,3033666,918696,1408,1
3631,7428718,2251513,1408,1
3632,2220934,673814,1408,1
3633,3044940,922144,1408,1
3634,1857438,562679,1408,1
3635,1926478,583595,1408,1
3636,1519328,461243,1408,1
3637,1600632,484761,1408,1
3638,5261659,1595363,1408,1
3639,1757596,532292,1408,1
3640,1096092,332608,1408,1
3641,1078274,326562,1408,1
3642,1133080,343149,1408,1
3643,2843360,861073,1408,1
3644,1094360,331423,1408,1
3645,5973580,1815654,1408,1
3646,838994,254118,1408,1
3647,1121492,339641,1408,1
3648,1869432,566160,1408,1
3649,1122702,339995,1408,1
3650,1174714,355794,1408,1
3651,2874828,870561,1408,1
3652,3698698,1120081,1408,1
3653,3428144,1038768,1408,1
3654,1128504,341934,1408,1
3655,1736208,525858,1408,1
3656,6029264,1825818,1408,1
3657,3120180,944919,1408,1
3658,2628466,796006,1408,1
3659,2599654,787280,1408,1
3660,1584704,479944,1408,1
3661,2876450,871172,1408,1
3662,11224218,3400433,1408,1
3663,2692988,815637,1408,1
3664,2117712,641324,1408,1
3665,866456,262430,1408,1
3666,2804448,849445,1408,1
3667,4964094,1504112,1408,1
3668,1238570,375130,1408,1
3669,835352,252996,1408,1
3670,1400708,424227,1408,1
3671,1697194,515085,1408,1
3672,1362912,412826,1408,1
3673,3126802,947257,1408,1
3674,1530314,463619,1408,1
3675,7344578,2224700,1408,1
3676,1049042,317708,1408,1
3677,1309904,396699,1408,1
3678,4113910,1246387,1408,1
3679,2565780,777013,1408,1
3680,2658910,805473,1408,1
3681,1352088,409473,1408,1
3682,2381704,721271,1408,1
3683,2016236,610575,1408,1
3684,2182558,660974,1408,1
3685,4116978,1246952,1408,1
3686,5717068,1732375,1408,1
3687,5073924,1537110,1408,1
3688,4661950,1411764,1408,1
3689,4426880,1340585,1408,1
3690,1589736,481433,1408,1
3691,3000246,909575,1408,1
3692,3502484,1061135,1408,1
3693,3627398,1098896,1408,1
3694,6502272,1969628,1408,1
3695,1444806,437645,1408,1
3696,1450254,439583,1408,1
3697,1231182,372871,1408,1
3698,2049280,620614,1408,1
3699,4227352,1280170,1408,1
3700,2778964,841583,1408,1
3701,6045528,1833387,1408,1
3702,8294545,2513461,1408,1
3703,2290807,694647,1408,1
3704,5382778,1630058,1408,1
3705,1071048,324581,1408,1
3706,1468574,445303,1408,1
3707,2246862,680911,1408,1
3708,1162774,352135,1408,1
3709,4030070,1220432,1408,1
3710,1309568,396780,1408,1
3711,1551732,469957,1408,1
3712,1511766,457829,1408,1
3713,2197036,665343,1408,1
3714,847600,256715,1408,1
3715,844388,255742,1408,1
3716,1561784,473053,1408,1
3717,1403992,425346,1408,1
3718,2358578,714278,1408,1
3719,2811642,851445,1408,1
3720,1831112,554670,1408,1
3721,4475058,1361696,1408,1
3722,855356,259064,1408,1
3723,3532848,1069859,1408,1
3724,2662284,806242,1408,1
3725,1056566,320001,1408,1
3726,1394352,423131,1408,1
3727,6072086,1839854,1408,1
3728,855600,259140,1408,1
3729,837748,253710,1408,1
3730,840740,254638,1408,1
3731,3328526,1007967,1408,1
3732,3381706,1024093,1408,1
3733,1271574,385124,1408,1
3734,8109060,2455606,1408,1
3735,4719254,1429309,1408,1
3736,1822980,552075,1408,1
3737,1912696,579260,1408,1
3738,6310024,1911319,1408,1
3739,816454,247392,1408,1
3740,7487401,2268884,1408,1
3741,2864992,868381,1408,1
3742,3180133,963542,1408,1
3743,4196838,1271593,1408,1
3744,3664278,1110237,1408,1
3745,6009040,1821234,1408,1
3746,2531886,767093,1408,1
3747,3322060,1006033,1408,1
3748,1545998,468257,1408,1
3749,5571770,1687935,1408,1
3750,1933346,585515,1408,1
3751,1896616,574891,1408,1
3752,3878416,1174667,1408,1
3753,1332094,403447,1408,1
3754,4233054,1282839,1408,1
3755,1439016,435845,1408,1
3756,7052796,2136382,1408,1
3757,1309760,396685,1408,1
3758,990254,299894,1408,1
3759,1197792,362760,1408,1
3760,1274872,386099,1408,1
3761,925124,280208,1408,1
3762,4654800,1409623,1408,1
3763,3235362,979868,1408,1
3764,2022460,612963,1408,1
3765,2694264,816061,1408,1
3766,4508704,1366304,1408,1
3767,2880438,872689,1408,1
3768,1968730,596472,1408,1
3769,1551324,470103,1408,1
3770,2106370,637918,1408,1
3771,2580412,781941,1408,1
3772,5694540,1724962,1408,1
3773,1471272,445612,1408,1
3774,1538392,465920,1408,1
3775,12743176,3861365,1408,1
3776,898726,272222,1408,1
3777,1549510,469286,1408,1
3778,2891686,875708,1408,1
3779,1761092,533333,1408,1
3780,2596202,786231,1408,1
3781,1793796,543334,1408,1
3782,1438072,435534,1408,1
3783,5090270,1541551,1408,1
3784,2228246,674807,1408,1
3785,2026810,613836,1408,1
3786,1445432,438054,1408,1
3787,806880,244467,1408,1
3788,1761094,533730,1408,1
3789,4487974,1359093,1408,1
3790,800692,242552,1408,1
3791,6041444,1830289,1408,1
3792,12055888,3652644,1408,1
3793,1885802,571322,1408,1
3794,6476612,1965676,1408,1
3795,4432470,1342289,1408,1
3796,5262504,1593620,1408,1
3797,2704098,819044,1408,1
3798,6852344,2076771,1408,1
3799,898806,272221,1408,1
3800,1678304,508264,1408,1
3801,1249092,378318,1408,1
3802,2615136,791969,1408,1
3803,1585618,480199,1408,1
3804,1497316,453485,1408,1
3805,4337866,1314002,1408,1
3806,4083660,1237257,1408,1
3807,1314250,398031,1408,1
3808,1238874,375205,1408,1
3809,1242512,376301,1408,1
3810,1266272,383503,1408,1
3811,1488282,450700,1408,1
3812,6583230,1993552,1408,1
3813,3850842,1166603,1408,1
3814,894892,271026,1408,1
3815,1999910,605669,1408,1
3816,874572,264969,1408,1
3817,1643546,497756,1408,1
3818,4811790,1457131,1408,1
3819,1338732,405552,1408,1
3820,2500778,757333,1408,1
3821,1711960,518453,1408,1
3822,2811760,852464,1408,1
3823,4245848,1286542,1408,1
3824,1704912,517007,1408,1
3825,2874878,871377,1408,1
3826,1309918,396725,1408,1
3827,4467986,1355034,1408,1
3828,6393142,1937364,1408,1
3829,2573645,780006,1408,1
3830,7079617,2144465,1408,1
3831,1352426,410025,1408,1
3832,1493472,453145,1408,1
3833,1826326,553104,1408,1
3834,2283304,691483,1408,1
3835,856850,259522,1408,1
3836,2144500,649468,1408,1
3837,3914378,1186429,1408,1
3838,898938,272280,1408,1
3839,3437127,1041258,1408,1
3840,9762473,2957355,1408,1
3841,3042156,921692,1408,1
3842,4658908,1411551,1408,1
3843,2458918,744939,1408,1
3844,17198422,5209668,1408,1
3845,5949402,1802042,1408,1
3846,10408394,3152719,1408,1
3847,1332314,403561,1408,1
3848,1431404,433610,1408,1
3849,4002962,1212832,1408,1
3850,1897572,575503,1408,1
3851,4564614,1382732,1408,1
3852,5406760,1638270,1408,1
3853,3341398,1012370,1408,1
3854,2228166,674789,1408,1
3855,4423026,1339421,1408,1
3856,892588,270343,1408,1
3857,2478488,750586,1408,1
3858,2661802,806084,1408,1
3859,2444628,740313,1408,1
3860,3148332,953501,1408,1
3861,3178472,962550,1408,1
3862,4116040,1246459,1408,1
3863,3274728,993184,1408,1
3864,3036224,920069,1408,1
3865,4618638,1398921,1408,1
3866,8781594,2661455,1408,1
3867,2155391,653754,1408,1
3868,9669781,2930303,1408,1
3869,1002690,303741,1408,1
3870,2665672,807226,1408,1
3871,1210044,366465,1408,1
3872,822884,249229,1408,1
3873,2283206,691874,1408,1
3874,1400048,424025,1408,1
3875,2988506,905032,1408,1
3876,1780064,539170,1408,1
3877,821742,248861,1408,1
3878,4091160,1238919,1408,1
3879,1245332,377338,1408,1
3880,808020,244747,1408,1
3881,1800032,545141,1408,1
3882,1413632,428137,1408,1
3883,824854,249970,1408,1
3884,3211528,973654,1408,1
3885,1652503,501725,1408,1
3886,1072614,324827,1408,1
3887,5314104,1609238,1408,1
3888,3105844,940554,1408,1
3889,3871942,1172969,1408,1
3890,1187230,359577,1408,1
3891,800188,242334,1408,1
3892,1142546,346001,1408,1
3893,5518286,1671222,1408,1
3894,2596514,786322,1408,1
3895,3002450,909413,1408,1
3896,6528690,1977227,1408,1
3897,1816646,550196,1408,1
3898,1360350,412129,1408,1
3899,1679390,508618,1408,1
3900,4039019,1224119,1408,1
3901,1526606,462434,1408,1
3902,2643190,801459,1408,1
3903,2302730,697774,1408,1
3904,6377490,1932275,1408,1
3905,4027770,1220431,1408,1
3906,6600392,1999992,1408,1
3907,2645212,802021,1408,1
3908,2425547,735126,1408,1
3909,2625274,795122,1408,1
3910,4673862,1416196,1408,1
3911,1933728,586113,1408,1
3912,1436268,435417,1408,1
3913,3361734,1018684,1408,1
3914,1490364,451388,1408,1
3915,3761002,1139529,1408,1
3916,2709048,823684,1408,1
3917,1337330,405052,1408,1
3918,8872181,2688124,1408,1
3919,1280458,387816,1408,1
3920,1361890,412804,1408,1
3921,5194128,1573584,1408,1
3922,4046432,1225380,1408,1
3923,1076874,326320,1408,1
3924,2158112,654136,1408,1
3925,1202792,364273,1408,1
3926,1012354,306631,1408,1
3927,2149604,651108,1408,1
3928,2479780,751406,1408,1
3929,4895482,1483402,1408,1
3930,7905878,2394969,1408,1
3931,3949799,1199334,1408,1
3932,3814470,1155138,1408,1
3933,13483804,4100281,1408,1
3934,938012,284108,1408,1
3935,1494878,452947,1408,1
3936,1456230,441055,1408,1
3937,4605660,1395584,1408,1
3938,4560869,1382380,1408,1
3939,2360196,714835,1408,1
3940,2939306,890780,1408,1
3941,1847476,560245,1408,1
3942,3842170,1165152,1408,1
3943,2431580,736913,1408,1
3944,6772504,2052365,1408,1
3945,2632507,798715,1408,1
3946,4848259,1469096,1408,1
3947,4222310,1279316,1408,1
3948,2566992,778949,1408,1
3949,2370938,718568,1408,1
3950,3365646,1023449,1408,1
3951,5066511,1535045,1408,1
3952,3640117,1103344,1408,1
3953,1490424,451410,1408,1
3954,1792674,543081,1408,1
3955,4940547,1497426,1408,1
3956,4798570,1454088,1408,1
3957,884286,267839,1408,1
3958,3330104,1008670,1408,1
3959,1522168,461129,1408,1
3960,1930522,585233,1408,1
3961,2414268,731139,1408,1
3962,2725078,825257,1408,1
3963,3889584,1178744,1408,1
3964,797630,241582,1408,1
3965,2616412,792918,1408,1
3966,5455689,1652616,1408,1
3967,2321444,703371,1408,1
3968,6975440,2114472,1408,1
3969,1437180,435691,1408,1
3970,1344462,407442,1408,1
3971,1181862,357931,1408,1
3972,1463408,443439,1408,1
3973,5473960,1664280,1408,1
3974,1491542,451820,1408,1
3975,1284328,389564,1408,1
3976,3334684,1011816,1408,1
3977,2085970,632054,1408,1
3978,3632950,1101284,1408,1
3979,1078413,327210,1408,1
3980,10760922,3260266,1408,1
3981,2466648,747449,1408,1
3982,11069552,3354689,1408,1
3983,2352918,712990,1408,1
3984,2008754,608473,1408,1
3985,10528616,3189782,1408,1
3986,4946770,1499030,1408,1
3987,3463384,1048849,1408,1
3988,2124596,643435,1408,1
3989,1717936,520632,1408,1
3990,1792294,543566,1408,1
3991,3044592,922587,1408,1
3992,1405832,425843,1408,1
3993,1530160,464038,1408,1
3994,5539302,1678401,1408,1
3995,2722830,826125,1408,1
3996,1504746,455744,1408,1
3997,6542750,1981793,1408,1
3998,1523994,461739,1408,1
3999,996852,301939,1408,1
4000,9131140,2766036,1408,1
4001,2091336,633354,1408,1
4002,3313000,1003609,1408,1
4003,3123734,946763,1408,1
4004,1824844,553135,1408,1
4005,2149612,651379,1408,1
4006,3920980,1188012,1408,1
4007,2561652,776024,1408,1
4008,8884848,2693028,1408,1
4009,1284954,389153,1408,1
4010,2111672,640054,1408,1
4011,4867584,1474717,1408,1
4012,1943080,588468,1408,1
4013,923334,280447,1408,1
4014,6478390,1963935,1408,1
4015,6488224,1965174,1408,1
4016,1410032,427069,1408,1
4017,5438548,1646929,1408,1
4018,1645724,498596,1408,1
4019,19924066,6035238,1408,1
4020,2348873,711680,1408,1
4021,2085264,631558,1408,1
4022,2290716,693903,1408,1
4023,4383882,1328076,1408,1
4024,2993680,906695,1408,1
4025,5508188,1668591,1408,1
4026,3581494,1085101,1408,1
4027,1362252,412561,1408,1
4028,1435842,435058,1408,1
4029,1523746,461508,1408,1
4030,7381483,2236861,1408,1
4031,1261587,382704,1408,1
4032,1285246,389262,1408,1
4033,3633570,1100420,1408,1
4034,5307208,1608328,1408,1
4035,1377898,417322,1408,1
4036,1655898,501501,1408,1
4037,5615396,1702150,1408,1
4038,27800704,8420427,1408,1
4039,1214502,368054,1408,1
4040,1380336,418158,1408,1
4041,1410562,428789,1408,1
4042,4657596,1411937,1408,1
4043,1370362,415033,1408,1
4044,2588546,784091,1408,1
4045,1438328,436374,1408,1
4046,1857448,562678,1408,1
4047,2584834,783116,1408,1
4048,7681640,2327318,1408,1
4049,11628181,3523023,1408,1
4050,4028904,1220742,1408,1
4051,1566420,474462,1408,1
4052,1458336,441947,1408,1
4053,3081954,933950,1408,1
4054,1574282,477434,1408,1
4055,9348974,2833818,1408,1
4056,3530729,1070257,1408,1
4057,1214566,367973,1408,1
4058,1240548,375737,1408,1
4059,985180,298412,1408,1
4060,4258604,1291328,1408,1
4061,2776606,840865,1408,1
4062,900662,272761,1408,1
4063,3324056,1006899,1408,1
4064,2921760,884977,1408,1
4065,1951638,591086,1408,1
4066,5755640,1744373,1408,1
4067,1857592,562753,1408,1
4068,2094978,634476,1408,1
4069,2291172,693892,1408,1
4070,6260760,1897064,1408,1
4071,1637470,495925,1408,1
4072,920828,278913,1408,1
4073,2474356,749473,1408,1
4074,3890383,1178579,1408,1
4075,1342450,406600,1408,1
4076,1672626,506557,1408,1
4077,1368330,414442,1408,1
4078,7593124,2300496,1408,1
4079,3625536,1099332,1408,1
4080,1398612,423725,1408,1
4081,11426734,3462380,1408,1
4082,928080,281105,1408,1
4083,3433330,1040246,1408,1
4084,1377848,417466,1408,1
4085,7521917,2279783,1408,1
4086,5308786,1608145,1408,1
4087,4743600,1438698,1408,1
4088,933396,282719,1408,1
4089,2573360,779456,1408,1
4090,1568858,475146,1408,1
4091,865598,262142,1408,1
4092,866262,262345,1408,1
4093,4725252,1433875,1408,1
4094,4870228,1474919,1408,1
4095,2206626,668235,1408,1
4096,1978590,599277,1408,1
4097,1887074,571619,1408,1
4098,6221012,1883875,1408,1
4099,929364,281490,1408,1
4100,1285130,389195,1408,1
4101,1624288,491932,1408,1
4102,1724542,522623,1408,1
4103,6016724,1822498,1408,1
4104,2817056,853171,1408,1
4105,4857126,1470902,1408,1
4106,1539372,466243,1408,1
4107,3850900,1166265,1408,1
4108,4116540,1247277,1408,1
4109,3846810,1166030,1408,1
4110,2050056,620837,1408,1
4111,1734094,525178,1408,1
4112,2037436,617044,1408,1
4113,2965412,898113,1408,1
4114,889704,269471,1408,1
4115,2962412,897125,1408,1
4116,4793532,1452141,1408,1
4117,3289510,996184,1408,1
4118,4830413,1464194,1408,1
4119,3239334,981469,1408,1
4120,1612458,488912,1408,1
4121,8385932,2543824,1408,1
4122,5172524,1569816,1408,1
4123,3746882,1135906,1408,1
4124,3333346,1009998,1408,1
4125,4234506,1282370,1408,1
4126,6077187,1841857,1408,1
4127,1864412,564642,1408,1
4128,4429442,1341453,1408,1
4129,1944336,589052,1408,1
4130,2225450,675542,1408,1
4131,1928352,584390,1408,1
4132,7154326,2167061,1408,1
4133,2095678,634686,1408,1
4134,4653310,1409147,1408,1
4135,2139254,647864,1408,1
4136,2455724,743695,1408,1
4137,2587852,783759,1408,1
4138,2978892,910167,1408,1
4139,1153776,349465,1408,1
4140,1216306,368411,1408,1
4141,1795214,544097,1408,1
4142,5502228,1666486,1408,1
4143,4828002,1462188,1408,1
4144,1252334,379294,1408,1
4145,843268,255380,1408,1
4146,2592728,785203,1408,1
4147,920270,278739,1408,1
4148,2495342,756234,1408,1
4149,2065942,625687,1408,1
4150,7542966,2284157,1408,1
4151,806910,244411,1408,1
4152,1674896,507243,1408,1
4153,3960882,1199462,1408,1
4154,745552,225810,1408,1
4155,2630190,796512,1408,1
4156,3086060,934554,1408,1
4157,2601482,787789,1408,1
4158,1880782,569692,1408,1
4159,714396,216372,1408,1
4160,823114,249572,1408,1
4161,2170740,657368,1408,1
4162,2776258,841988,1408,1
4163,1445686,437833,1408,1
4164,1061788,321574,1408,1
4165,1389792,420916,1408,1
4166,1425988,431923,1408,1
4167,2647530,801770,1408,1
4168,2177840,659703,1408,1
4169,756668,229175,1408,1
4170,807958,244717,1408,1
4171,2564800,776698,1408,1
4172,1311486,397198,1408,1
4173,1059172,320796,1408,1
4174,6458296,1956752,1408,1
4175,776452,235183,1408,1
4176,1390112,421067,1408,1
4177,3180352,963110,1408,1
4178,3198362,968644,1408,1
4179,1350682,409066,1408,1
4180,770074,233242,1408,1
4181,1019404,308889,1408,1
4182,1878704,569245,1408,1
4183,1597342,484301,1408,1
4184,1241254,376556,1408,1
4185,1077814,326461,1408,1
4186,2278990,690294,1408,1
4187,1294892,392444,1408,1
4188,2222958,673201,1408,1
4189,747542,226408,1408,1
4190,3334524,1011430,1408,1
4191,2518522,762735,1408,1
4192,6883844,2085623,1408,1
4193,4576490,1386215,1408,1
4194,2478046,750536,1408,1
4195,5094198,1544739,1408,1
4196,2419534,733700,1408,1
4197,4056740,1229517,1408,1
4198,1599388,484493,1408,1
4199,1533254,464381,1408,1
4200,5498852,1666144,1408,1
4201,3365074,1019537,1408,1
4202,2069420,627425,1408,1
4203,1430564,433278,1408,1
4204,1753142,539136,1408,1
4205,1332864,403779,1408,1
4206,4158194,1260301,1408,1
4207,2292520,694873,1408,1
4208,1948088,590514,1408,1
4209,1925978,583292,1408,1
4210,6958740,2108209,1408,1
4211,2276728,689797,1408,1
4212,1163996,352525,1408,1
4213,1198144,362894,1408,1
4214,3269132,990187,1408,1
4215,2983314,903554,1408,1
4216,1530412,463456,1408,1
4217,2186010,661988,1408,1
4218,1323030,400710,1408,1
4219,3911570,1184648,1408,1
4220,12123615,3685636,1408,1
4221,1628610,493213,1408,1
4222,1495236,452849,1408,1
4223,1904450,576740,1408,1
4224,839654,254310,1408,1
4225,1768328,535519,1408,1
4226,2035168,616344,1408,1
4227,4319932,1308194,1408,1
4228,1578962,478197,1408,1
4229,1870688,566520,1408,1
4230,5291434,1602377,1408,1
4231,840706,254631,1408,1
4232,1194676,361837,1408,1
4233,5892636,1785599,1408,1
4234,3682412,1115283,1408,1
4235,1510076,457396,1408,1
4236,1782690,539904,1408,1
4237,4093234,1240835,1408,1
4238,2536300,768086,1408,1
4239,4271300,1293548,1408,1
4240,1620350,490743,1408,1
4241,1226062,371297,1408,1
4242,3192432,966858,1408,1
4243,1659026,502460,1408,1
4244,4902664,1484654,1408,1
4245,1234306,373793,1408,1
4246,5233136,1584854,1408,1
4247,1526964,462436,1408,1
4248,6561403,1988581,1408,1
4249,895734,271282,1408,1
4250,2089148,633646,1408,1
4251,2048228,620276,1408,1
4252,1307586,396026,1408,1
4253,2208160,668707,1408,1
4254,841784,254954,1408,1
4255,3087322,934949,1408,1
4256,843068,255320,1408,1
4257,2960736,896617,1408,1
4258,4980248,1508153,1408,1
4259,2280377,692228,1408,1
4260,2564816,776943,1408,1
4261,2143022,649001,1408,1
4262,816738,247367,1408,1
4263,1644382,497989,1408,1
4264,810552,245495,1408,1
4265,1893908,573570,1408,1
4266,3445894,1043503,1408,1
4267,1147668,347602,1408,1
4268,3868718,1171564,1408,1
4269,2194184,664466,1408,1
4270,2724832,825177,1408,1
4271,1793672,543220,1408,1
4272,4263907,1292795,1408,1
4273,3529152,1069349,1408,1
4274,1428882,432758,1408,1
4275,1595829,483907,1408,1
4276,1787848,541495,1408,1
4277,2742148,830427,1408,1
4278,917398,277879,1408,1
4279,9239490,2799898,1408,1
4280,1481598,448736,1408,1
4281,3124102,946608,1408,1
4282,3839476,1163717,1408,1
4283,6207058,1879715,1408,1
4284,3609168,1093065,1408,1
4285,867630,262786,1408,1
4286,866624,262477,1408,1
4287,2632184,797126,1408,1
4288,1989302,602454,1408,1
4289,1622110,491285,1408,1
4290,3002202,909267,1408,1
4291,4234716,1283342,1408,1
4292,2151418,651546,1408,1
4293,3047430,923331,1408,1
4294,2880920,872445,1408,1
4295,821172,248709,1408,1
4296,818752,247981,1408,1
4297,1203376,364446,1408,1
4298,1821050,551508,1408,1
4299,4225856,1279709,1408,1
4300,2688378,814145,1408,1
4301,3508908,1062604,1408,1
4302,1255842,380358,1408,1
4303,1923126,582424,1408,1
4304,1136148,344089,1408,1
4305,2601028,787699,1408,1
4306,3427806,1038132,1408,1
4307,1542354,467907,1408,1
4308,1540792,466640,1408,1
4309,1664880,504226,1408,1
4310,3470512,1052312,1408,1
4311,831718,251912,1408,1
4312,1995722,604417,1408,1
4313,1738246,527143,1408,1
4314,866648,262501,1408,1
4315,1577806,478557,1408,1
4316,2522246,764487,1408,1
4317,2576958,780813,1408,1
4318,2555552,774359,1408,1
4319,1559464,472291,1408,1
4320,2972748,900287,1408,1
4321,2038972,617857,1408,1
4322,10730596,3250205,1408,1
4323,4237326,1284120,1408,1
4324,2138888,648334,1408,1
4325,5060422,1541294,1408,1
4326,1860608,563469,1408,1
4327,1504428,456012,1408,1
4328,2605432,789185,1408,1
4329,2810258,851592,1408,1
4330,4058986,1229757,1408,1
4331,4281378,1296902,1408,1
4332,2828498,856585,1408,1
4333,1951963,591882,1408,1
4334,1846486,559205,1408,1
4335,1077632,326367,1408,1
4336,780626,236430,1408,1
4337,1676468,507719,1408,1
4338,1079912,327077,1408,1
4339,7465784,2261128,1408,1
4340,2130494,645207,1408,1
4341,1076064,325909,1408,1
4342,4024970,1219263,1408,1
4343,4155230,1258620,1408,1
4344,1471154,445570,1408,1
4345,7570137,2293580,1408,1
4346,1104832,334604,1408,1
4347,2373486,718826,1408,1
4348,793834,240431,1408,1
4349,1447118,438277,1408,1
4350,1132614,343018,1408,1
4351,4524018,1370206,1408,1
4352,1371046,415216,1408,1
4353,1729660,523912,1408,1
4354,1089170,329842,1408,1
4355,1550548,469549,1408,1
4356,2600130,787501,1408,1
4357,719956,218058,1408,1
4358,1733908,525716,1408,1
4359,2078426,630288,1408,1
4360,4288892,1300776,1408,1
4361,3120064,945641,1408,1
4362,11097133,3361767,1408,1
4363,2763024,837597,1408,1
4364,3475170,1052661,1408,1
4365,1528584,463134,1408,1
4366,1043268,316033,1408,1
4367,6527094,1977531,1408,1
4368,1919846,581427,1408,1
4369,3151922,954614,1408,1
4370,5079444,1539699,1408,1
4371,10444344,3165272,1408,1
4372,4946104,1499391,1408,1
4373,2591780,784881,1408,1
4374,3088858,935429,1408,1
4375,8169952,2474364,1408,1
4376,2767314,838897,1408,1
4377,980880,297081,1408,1
4378,1020180,308999,1408,1
4379,948216,287198,1408,1
4380,947052,286840,1408,1
4381,2034394,616121,1408,1
4382,1340246,405901,1408,1
4383,5073316,1538018,1408,1
4384,950630,287921,1408,1
4385,2688316,814134,1408,1
4386,3441700,1042251,1408,1
4387,862336,261181,1408,1
4388,1273528,385706,1408,1
4389,869258,263297,1408,1
4390,866050,262282,1408,1
4391,1137816,344643,1408,1
4392,2232902,676219,1408,1
4393,1435122,434632,1408,1
4394,4014760,1215785,1408,1
4395,1514400,458631,1408,1
4396,3303290,1000424,1408,1
4397,8182324,2477841,1408,1
4398,1427716,432379,1408,1
4399,3610820,1094110,1408,1
4400,2505902,758888,1408,1
4401,3102024,939598,1408,1
4402,3616330,1096687,1408,1
4403,1072220,324885,1408,1
4404,1577556,477776,1408,1
4405,1727912,523302,1408,1
4406,1484232,449513,1408,1
4407,1472506,445918,1408,1
4408,2124990,643539,1408,1
4409,2926714,886414,1408,1
4410,3596270,1089040,1408,1
4411,1265040,383148,1408,1
4412,1053738,319133,1408,1
4413,936904,283791,1408,1
4414,3022108,915175,1408,1
4415,795782,241025,1408,1
4416,2021774,612265,1408,1
4417,1479716,448135,1408,1
4418,1165954,353114,1408,1
4419,3112206,942539,1408,1
4420,2167008,656587,1408,1
4421,3488700,1057035,1408,1
4422,1632768,494501,1408,1
4423,6627358,2006987,1408,1
4424,1420370,430178,1408,1
4425,793828,240408,1408,1
4426,1785946,540876,1408,1
4427,8375316,2536580,1408,1
4428,3080628,932999,1408,1
4429,4012605,1215946,1408,1
4430,3408164,1033166,1408,1
4431,2858150,865549,1408,1
4432,1464504,443521,1408,1
4433,1101748,333675,1408,1
4434,3952932,1197589,1408,1
4435,882770,267383,1408,1
4436,966698,292799,1408,1
4437,2142580,650171,1408,1
4438,1549754,469448,1408,1
4439,5151478,1561556,1408,1
4440,775246,234800,1408,1
4441,1353892,410022,1408,1
4442,2441658,740385,1408,1
4443,9492896,2876046,1408,1
4444,897398,271815,1408,1
4445,2174290,658470,1408,1
4446,822706,249174,1408,1
4447,5478704,1659285,1408,1
4448,4481148,1364282,1408,1
4449,3294618,997821,1408,1
4450,2446550,741438,1408,1
4451,5219946,1582332,1408,1
4452,897116,271745,1408,1
4453,2465060,746522,1408,1
4454,1272406,385378,1408,1
4455,3132436,948590,1408,1
4456,1948442,590064,1408,1
4457,3212824,972956,1408,1
4458,1856896,562370,1408,1
4459,3582310,1084937,1408,1
4460,876564,265488,1408,1
4461,5013393,1519528,1408,1
4462,3112504,943078,1408,1
4463,1900882,575648,1408,1
4464,1644708,498127,1408,1
4465,1259768,381541,1408,1
4466,1856922,563672,1408,1
4467,4385490,1329402,1408,1
4468,2213148,670324,1408,1
4469,2662242,806295,1408,1
4470,10893295,3300657,1408,1
4471,8191535,2482088,1408,1
4472,2032356,615941,1408,1
4473,1858592,563426,1408,1
4474,1185090,358912,1408,1
4475,7815104,2367597,1408,1
4476,2535776,768058,1408,1
4477,2596264,786714,1408,1
4478,9537003,2889768,1408,1
4479,1286860,389729,1408,1
4480,3398742,1029821,1408,1
4481,2444248,740222,1408,1
4482,1540492,466601,1408,1
4483,1309276,396646,1408,1
4484,4140180,1254350,1408,1
4485,1923266,582488,1408,1
4486,2856006,865996,1408,1
4487,962624,291574,1408,1
4488,1786526,541061,1408,1
4489,914034,276822,1408,1
4490,1841872,557816,1408,1
4491,1278076,387072,1408,1
4492,2539286,769001,1408,1
4493,1814182,549408,1408,1
4494,1955266,592152,1408,1
4495,2660358,805647,1408,1
4496,1542326,467086,1408,1
4497,2163122,655068,1408,1
4498,855866,259230,1408,1
4499,1123236,340169,1408,1
4500,1248790,378200,1408,1
4501,1787248,541304,1408,1
4502,5749130,1741343,1408,1
4503,6389872,1935529,1408,1
4504,7106166,2151968,1408,1
4505,1492728,452402,1408,1
4506,2456728,744054,1408,1
4507,1427772,432416,1408,1
4508,3711247,1124816,1408,1
4509,741656,224627,1408,1
4510,3248448,983728,1408,1
4511,1335912,404576,1408,1
4512,1025480,310591,1408,1
4513,1070708,324269,1408,1
4514,1062546,321785,1408,1
4515,9388802,2843156,1408,1
4516,819824,248320,1408,1
4517,825782,250132,1408,1
4518,1955136,592107,1408,1
4519,804378,243627,1408,1
4520,1404196,425256,1408,1
4521,2323120,703537,1408,1
4522,2977486,902730,1408,1
4523,18293164,5541839,1408,1
4524,2529429,766496,1408,1
4525,2091788,633523,1408,1
4526,3183866,964360,1408,1
4527,4166802,1262448,1408,1
4528,1879044,569105,1408,1
4529,1343594,407235,1408,1
4530,1473442,446306,1408,1
4531,1876732,569071,1408,1
4532,3305091,1002412,1408,1
4533,2968278,900981,1408,1
4534,4053840,1228826,1408,1
4535,1456030,440991,1408,1
4536,6699861,2030120,1408,1
4537,4746928,1438388,1408,1
4538,6297382,1907788,1408,1
4539,7981712,2418933,1408,1
4540,6419538,1945291,1408,1
4541,4306680,1305019,1408,1
4542,1542884,467890,1408,1
4543,1943540,588564,1408,1
4544,6740786,2042176,1408,1
4545,1593102,482477,1408,1
4546,4502874,1363929,1408,1
4547,1574160,476770,1408,1
4548,1262572,382398,1408,1
4549,6765814,2049813,1408,1
4550,5166479,1566448,1408,1
4551,3030769,918937,1408,1
4552,6495435,1968220,1408,1
4553,3474530,1052569,1408,1
4554,820828,248607,1408,1
4555,1144312,346584,1408,1
4556,3759138,1140949,1408,1
4557,5751450,1743560,1408,1
4558,2240650,678815,1408,1
4559,2568816,778371,1408,1
4560,2912742,882783,1408,1
4561,1183286,358375,1408,1
4562,1575394,477260,1408,1
4563,6053772,1834028,1408,1
4564,1568643,475765,1408,1
4565,2936106,889144,1408,1
4566,2548944,777919,1408,1
4567,8997059,2726456,1408,1
4568,1347130,408173,1408,1
4569,1808186,547646,1408,1
4570,932828,282543,1408,1
4571,3666130,1111103,1408,1
4572,1269326,384438,1408,1
4573,3520078,1065990,1408,1
4574,2640450,799637,1408,1
4575,2547668,771717,1408,1
4576,2740330,829854,1408,1
4577,1745672,528685,1408,1
4578,1486182,450084,1408,1
4579,6036345,1828843,1408,1
4580,2870883,869794,1408,1
4581,1910224,578513,1408,1
4582,2130906,646033,1408,1
4583,849964,257423,1408,1
4584,1775398,538564,1408,1
4585,1647944,499067,1408,1
4586,974598,295202,1408,1
4587,1330304,402912,1408,1
4588,1667242,504938,1408,1
4589,5536964,1678556,1408,1
4590,1777708,538440,1408,1
4591,22371711,6776693,1408,1
4592,4135105,1253172,1408,1
4593,2121572,642919,1408,1
4594,1538348,466092,1408,1
4595,5198028,1582659,1408,1
4596,1459472,442072,1408,1
4597,1407668,426389,1408,1
4598,8843492,2680575,1408,1
4599,2137420,647791,1408,1
4600,3413054,1034316,1408,1
4601,866748,262519,1408,1
4602,2206190,668216,1408,1
4603,1098058,332686,1408,1
4604,2561004,776219,1408,1
4605,5906276,1790462,1408,1
4606,2029432,615883,1408,1
4607,2420814,733779,1408,1
4608,3130432,948608,1408,1
4609,1280398,387805,1408,1
4610,5556658,1682967,1408,1
4611,7719500,2337655,1408,1
4612,2861035,869991,1408,1
4613,1195856,362423,1408,1
4614,3460136,1047846,1408,1
4615,4080776,1236093,1408,1
4616,2252916,682588,1408,1
4617,5698530,1727027,1408,1
4618,1401456,424605,1408,1
4619,1624688,492814,1408,1
4620,2283608,691721,1408,1
4621,10861370,3290774,1408,1
4622,5715380,1732279,1408,1
4623,4249930,1287816,1408,1
4624,1481130,448763,1408,1
4625,1654978,501271,1408,1
4626,823718,249459,1408,1
4627,1929348,584332,1408,1
4628,1675416,507571,1408,1
4629,3482134,1054905,1408,1
4630,5033723,1526029,1408,1
4631,2010547,609721,1408,1
4632,1426926,432404,1408,1
4633,2889538,875406,1408,1
4634,1970742,596816,1408,1
4635,1173128,355296,1408,1
4636,1606479,487357,1408,1
4637,4455368,1349662,1408,1
4638,9786304,2964870,1408,1
4639,1352124,409653,1408,1
4640,4667756,1413621,1408,1
4641,2610442,790610,1408,1
4642,7309560,2214170,1408,1
4643,3070698,929935,1408,1
4644,11619282,3519762,1408,1
4645,1997066,605126,1408,1
4646,1908550,578183,1408,1
4647,3331192,1009304,1408,1
4648,2736200,829094,1408,1
4649,4173790,1264270,1408,1
4650,5126542,1553566,1408,1
4651,4383433,1327910,1408,1
4652,5977392,1810903,1408,1
4653,7811718,2367558,1408,1
4654,4746050,1437659,1408,1
4655,4303306,1303789,1408,1
4656,3029208,917676,1408,1
4657,2150702,651385,1408,1
4658,7632662,2313129,1408,1
4659,1178180,357430,1408,1
4660,897410,271800,1408,1
4661,1841512,557691,1408,1
4662,1300323,394967,1408,1
4663,8837078,2677863,1408,1
4664,3330470,1009214,1408,1
4665,2263857,685929,1408,1
4666,4012650,1215535,1408,1
4667,1774026,537507,1408,1
4668,5377272,1628822,1408,1
4669,1800944,545637,1408,1
4670,4626954,1402510,1408,1
4671,1596492,483857,1408,1
4672,2215218,674152,1408,1
4673,14760517,4471698,1408,1
4674,2266178,686999,1408,1
4675,3156320,958278,1408,1
4676,1084740,328948,1408,1
4677,2029088,616112,1408,1
4678,967360,293000,1408,1
4679,1181356,357802,1408,1
4680,1686952,512009,1408,1
4681,4367953,1323320,1408,1
4682,2705692,819850,1408,1
4683,1309444,396590,1408,1
4684,6219635,1884644,1408,1
4685,3449630,1044662,1408,1
4686,1289580,390576,1408,1
4687,2056406,623626,1408,1
4688,2147508,650372,1408,1
4689,1679310,508589,1408,1
4690,1364438,413300,1408,1
4691,3229946,978911,1408,1
4692,1791104,542517,1408,1
4693,2005754,607443,1408,1
4694,1375058,416597,1408,1
4695,909962,275618,1408,1
4696,4938679,1496640,1408,1
4697,1774257,537732,1408,1
4698,1632108,494338,1408,1
4699,1717216,520167,1408,1
4700,3167778,959444,1408,1
4701,2653370,803679,1408,1
4702,2126114,643888,1408,1
4703,1264698,383113,1408,1
4704,2720458,825760,1408,1
4705,1612932,489349,1408,1
4706,2215024,670809,1408,1
4707,2259156,684253,1408,1
4708,4602176,1395306,1408,1
4709,4282368,1297377,1408,1
4710,1105186,334856,1408,1
4711,2356986,714497,1408,1
4712,968746,293426,1408,1
4713,4826668,1462388,1408,1
4714,8090131,2451070,1408,1
4715,7562050,2292792,1408,1
4716,2183794,663211,1408,1
4717,1336268,404751,1408,1
4718,3067460,929764,1408,1
4719,2203456,667854,1408,1
4720,1558605,472502,1408,1
4721,7914871,2398145,1408,1
4722,1587914,480987,1408,1
4723,3988297,1208672,1408,1
4724,5719612,1733367,1408,1
4725,7878178,2386728,1408,1
4726,1130924,342534,1408,1
4727,2204342,667702,1408,1
4728,2144644,649483,1408,1
4729,2006904,608553,1408,1
4730,1812060,549586,1408,1
4731,1785297,541132,1408,1
4732,6981958,2115918,1408,1
4733,1960933,594464,1408,1
4734,1983624,601206,1408,1
4735,9481908,2872352,1408,1
4736,1977720,598950,1408,1
4737,2712698,821511,1408,1
4738,2089656,632864,1408,1
4739,1238716,375339,1408,1
4740,3278606,992871,1408,1
4741,2302562,699342,1408,1
4742,1328190,402843,1408,1
4743,6812160,2065078,1408,1
4744,2936014,889139,1408,1
4745,1375582,416632,1408,1
4746,1509402,457452,1408,1
4747,2082944,630814,1408,1
4748,2051898,621428,1408,1
4749,1270892,385470,1408,1
4750,1188694,360526,1408,1
4751,1911186,581190,1408,1
4752,4195522,1271049,1408,1
4753,4203810,1273945,1408,1
4754,4227406,1280663,1408,1
4755,7874069,2385378,1408,1
4756,1246908,377671,1408,1
4757,899914,272557,1408,1
4758,1282512,388611,1408,1
4759,1770750,536476,1408,1
4760,4529194,1371700,1408,1
4761,3080143,933360,1408,1
4762,1313294,398138,1408,1
4763,2855864,865038,1408,1
4764,2299752,696574,1408,1
4765,3158580,956529,1408,1
4766,5193043,1574449,1408,1
4767,8239714,2496895,1408,1
4768,2831606,857863,1408,1
4769,2058682,623926,1408,1
4770,1387222,420419,1408,1
4771,6281992,1902979,1408,1
4772,1479176,448092,1408,1
4773,2235228,676936,1408,1
4774,2839566,860645,1408,1
4775,953112,288691,1408,1
4776,2081552,630417,1408,1
4777,4924761,1492049,1408,1
4778,4368823,1323971,1408,1
4779,2079668,629887,1408,1
4780,7364076,2230690,1408,1
4781,1376668,417668,1408,1
4782,1413658,428275,1408,1
4783,14848854,4498670,1408,1
4784,3984518,1206612,1408,1
4785,2202312,666938,1408,1
4786,1242350,376252,1408,1
4787,888924,269208,1408,1
4788,953670,288861,1408,1
4789,4184428,1267162,1408,1
4790,1756826,532060,1408,1
4791,2175450,659452,1408,1
4792,1498732,454250,1408,1
4793,2915654,883309,1408,1
4794,4422858,1340163,1408,1
4795,5857200,1774153,1408,1
4796,1532992,465055,1408,1
4797,3258614,987348,1408,1
4798,4132578,1252496,1408,1
4799,7668260,2323153,1408,1
4800,6058700,1835505,1408,1
4801,5861708,1775700,1408,1
4802,3226780,977954,1408,1
4803,3288708,996662,1408,1
4804,1723513,522681,1408,1
4805,3683407,1116133,1408,1
4806,2356302,713977,1408,1
4807,6442358,1952095,1408,1
4808,4279747,1296523,1408,1
4809,5664656,1716236,1408,1
4810,2163244,655696,1408,1
4811,3755236,1137798,1408,1
4812,947178,286895,1408,1
4813,4589734,1391117,1408,1
4814,1223440,370558,1408,1
4815,7645879,2316892,1408,1
4816,4935007,1495635,1408,1
4817,8932622,2714020,1408,1
4818,2029782,614721,1408,1
4819,1940840,588790,1408,1
4820,4400186,1333180,1408,1
4821,2703092,818732,1408,1
4822,2266898,686525,1408,1
4823,934458,283087,1408,1
4824,6838002,2071324,1408,1
4825,9388046,2844331,1408,1
4826,6652254,2015247,1408,1
4827,7727319,2340913,1408,1
4828,4413086,1337221,1408,1
4829,1692366,512601,1408,1
4830,4747004,1437913,1408,1
4831,3435941,1041824,1408,1
4832,18228402,5521686,1408,1
4833,4581990,1387740,1408,1
4834,2019718,611993,1408,1
4835,4528450,1372194,1408,1
4836,1657794,502077,1408,1
4837,1508430,457066,1408,1
4838,3170224,960816,1408,1
4839,3944676,1194572,1408,1
4840,3458421,1047961,1408,1
4841,2402436,727814,1408,1
4842,3961176,1200033,1408,1
4843,1403574,425512,1408,1
4844,1630100,493890,1408,1
4845,1499662,454191,1408,1
4846,3523982,1068164,1408,1
4847,8088233,2449937,1408,1
4848,3858572,1168971,1408,1
4849,1480056,448425,1408,1
4850,1938972,587254,1408,1
4851,2454968,743801,1408,1
4852,4717592,1429668,1408,1
4853,7406031,2244320,1408,1
4854,6209627,1881237,1408,1
4855,8888397,2692615,1408,1
4856,3302654,1000447,1408,1
4857,4959210,1504867,1408,1
4858,4821336,1461205,1408,1
4859,4607246,1397729,1408,1
4860,5847411,1771394,1408,1
4861,4902746,1485759,1408,1
4862,1339860,405801,1408,1
4863,6073590,1839626,1408,1
4864,5859586,1775618,1408,1
4865,2025254,613339,1408,1
4866,2103530,637058,1408,1
4867,3893886,1185146,1408,1
4868,2748690,833616,1408,1
4869,2477146,750968,1408,1
4870,1617770,490453,1408,1
4871,2724259,826855,1408,1
4872,3526614,1069314,1408,1
4873,7631760,2312697,1408,1
4874,2476338,750078,1408,1
4875,2462562,755529,1408,1
4876,3201440,969622,1408,1
4877,3476422,1053119,1408,1
4878,3548940,1075469,1408,1
4879,2628200,796014,1408,1
4880,1950422,590670,1408,1
4881,4789918,1451251,1408,1
4882,5915988,1792278,1408,1
4883,1536248,465799,1408,1
4884,4361502,1321412,1408,1
4885,4108610,1244415,1408,1
4886,3306386,1001748,1408,1
4887,3374834,1022022,1408,1
4888,3226516,977513,1408,1
4889,6080894,1841964,1408,1
4890,2803794,849099,1408,1
4891,2225864,674097,1408,1
4892,1005562,304581,1408,1
4893,3473194,1052410,1408,1
4894,4019927,1217890,1408,1
4895,2313506,700676,1408,1
4896,2173842,658344,1408,1
4897,4689790,1421020,1408,1
4898,2117514,642024,1408,1
4899,2024652,614203,1408,1
4900,3838014,1162894,1408,1
4901,6403302,1939896,1408,1
4902,7983444,2419618,1408,1
4903,2061432,624304,1408,1
4904,8383591,2541569,1408,1
4905,1092856,331008,1408,1
4906,4094570,1241231,1408,1
4907,1530294,463657,1408,1
4908,3860018,1169615,1408,1
4909,1765506,534695,1408,1
4910,3007676,910852,1408,1
4911,2176286,659632,1408,1
4912,11777141,3568449,1408,1
4913,1392292,421973,1408,1
4914,5379822,1631048,1408,1
4915,1992480,603524,1408,1
4916,3742004,1134105,1408,1
4917,2414264,731213,1408,1
4918,13155148,3985640,1408,1
4919,1542948,467703,1408,1
4920,1539996,466406,1408,1
4921,1592378,482346,1408,1
4922,4085972,1237817,1408,1
4923,2428282,735745,1408,1
4924,3449238,1044562,1408,1
4925,1773372,538022,1408,1
4926,1905510,577092,1408,1
4927,5877499,1780784,1408,1
4928,5579600,1689782,1408,1
4929,2020725,612387,1408,1
4930,4452865,1348958,1408,1
4931,6646214,2013995,1408,1
4932,5270122,1596657,1408,1
4933,2406140,729333,1408,1
4934,1634536,495283,1408,1
4935,4215890,1277049,1408,1
4936,7166884,2171143,1408,1
4937,2193547,664995,1408,1
4938,1889547,572711,1408,1
4939,10657571,3229324,1408,1
4940,2325414,704821,1408,1
4941,4861612,1473068,1408,1
4942,4642756,1410037,1408,1
4943,2125184,643617,1408,1
4944,4251412,1288247,1408,1
4945,3897671,1180950,1408,1
4946,1670444,506067,1408,1
4947,2549118,772780,1408,1
4948,5295566,1603669,1408,1
4949,1391740,421680,1408,1
4950,2552146,773420,1408,1
4951,3956304,1199214,1408,1
4952,1099638,333500,1408,1
4953,7596078,2302033,1408,1
4954,6537372,1980536,1408,1
4955,9299880,2816947,1408,1
4956,12104516,3665618,1408,1
4957,3735506,1131387,1408,1
4958,5179340,1569618,1408,1
4959,4166378,1261720,1408,1
4960,2535942,768713,1408,1
4961,9574118,2900881,1408,1
4962,7619430,2308479,1408,1
4963,1528938,463099,1408,1
4964,2755678,835533,1408,1
4965,4607976,1396793,1408,1
4966,1452394,440504,1408,1
4967,2796294,846860,1408,1
4968,11302417,3424322,1408,1
4969,7573334,2294767,1408,1
4970,5582022,1691839,1408,1
4971,4595636,1392546,1408,1
4972,6907517,2093032,1408,1
4973,6618532,2005003,1408,1
4974,1600228,484741,1408,1
4975,14146258,4286155,1408,1
4976,4655074,1410537,1408,1
4977,2609802,790904,1408,1
4978,3670298,1111711,1408,1
4979,3937877,1193169,1408,1
4980,1996976,605367,1408,1
4981,2805174,849695,1408,1
4982,2014884,610548,1408,1
4983,12770248,3868817,1408,1
4984,950764,287959,1408,1
4985,1936694,586588,1408,1
4986,1554334,470825,1408,1
4987,6522352,1976385,1408,1
4988,1472632,446102,1408,1
4989,945552,286393,1408,1
4990,13861770,4198535,1408,1
4991,1649502,499573,1408,1
4992,7247520,2194901,1408,1
4993,4076746,1235062,1408,1
4994,12663206,3835052,1408,1
4995,2750602,832994,1408,1
4996,1823102,552466,1408,1
4997,2471390,748422,1408,1
4998,2011070,609034,1408,1
4999,2688906,814316,1408,1
5000,2125826,644008,1408,1
5001,2655156,804412,1408,1
5002,5298934,1606634,1408,1
5003,3895826,1180687,1408,1
5004,2924080,885742,1408,1
5005,9330130,2826914,1408,1
5006,1536236,465967,1408,1
5007,5838742,1769390,1408,1
5008,4310884,1307383,1408,1
5009,4287202,1299649,1408,1
5010,3373150,1027074,1408,1
5011,2733196,827965,1408,1
5012,3896096,1181865,1408,1
5013,20566476,6230329,1408,1
5014,4618344,1400903,1408,1
5015,6149646,1863618,1408,1
5016,1956202,592901,1408,1
5017,2006172,608160,1408,1
5018,1541476,466872,1408,1
5019,21008059,6364933,1408,1
5020,11105492,3364849,1408,1
5021,4364062,1322140,1408,1
5022,5118482,1551194,1408,1
5023,4797986,1453681,1408,1
5024,9838521,2981457,1408,1
5025,8847962,2681437,1408,1
5026,2460672,746294,1408,1
5027,2734090,828985,1408,1
5028,2635740,798507,1408,1
5029,34616606,10486500,1408,1
5030,4152866,1258170,1408,1
5031,2086756,642561,1408,1
5032,3369104,1020419,1408,1
5033,3137570,950975,1408,1
5034,1826164,553062,1408,1
5035,1484902,449727,1408,1
5036,6920443,2097569,1408,1
5037,3952101,1197769,1408,1
5038,2696929,817134,1408,1
5039,2528502,766210,1408,1
5040,2187190,662485,1408,1
5041,4748510,1438770,1408,1
5042,2817520,853320,1408,1
5043,4553764,1380397,1408,1
5044,6013314,1821155,1408,1
5045,5648558,1712007,1408,1
5046,10105499,3061581,1408,1
5047,5523265,1673287,1408,1
5048,1835568,556121,1408,1
5049,1693908,514017,1408,1
5050,4766894,1444332,1408,1
5051,5268334,1597628,1408,1
5052,2244436,680179,1408,1
5053,1512710,458595,1408,1
5054,3343302,1013021,1408,1
5055,2170606,657596,1408,1
5056,35457832,10739577,1408,1
5057,1875470,568974,1408,1
5058,4269654,1293389,1408,1
5059,43312653,13117818,1408,1
5060,5857998,1774982,1408,1
5061,1392420,421767,1408,1
5062,1563740,473698,1408,1
5063,4882372,1479256,1408,1
5064,4181092,1266274,1408,1
5065,4065722,1232696,1408,1
5066,1652224,500417,1408,1
5067,15349315,4649842,1408,1
5068,1529974,463444,1408,1
5069,3880100,1176538,1408,1
5070,2826924,856322,1408,1
5071,2620814,795252,1408,1
5072,6527833,1978036,1408,1
5073,8689559,2632474,1408,1
5074,14033367,4251699,1408,1
5075,1280258,388373,1408,1
5076,6047398,1832029,1408,1
5077,2479548,752108,1408,1
5078,11819622,3581834,1408,1
5079,9324266,2825341,1408,1
5080,5091942,1543119,1408,1
5081,2900334,878903,1408,1
5082,2692070,815937,1408,1
5083,3494418,1058440,1408,1
5084,1864576,565015,1408,1
5085,2668822,808611,1408,1
5086,3366290,1020117,1408,1
5087,3304178,1001228,1408,1
5088,15438360,4676498,1408,1
5089,1486942,450509,1408,1
5090,4213562,1276797,1408,1
5091,5493604,1663684,1408,1
5092,3904664,1183418,1408,1
5093,2145994,650461,1408,1
5094,2107354,638324,1408,1
5095,20210573,6122183,1408,1
5096,1381070,418355,1408,1
5097,3087594,935444,1408,1
5098,2871736,870216,1408,1
5099,2498590,756750,1408,1
5100,1299674,393901,1408,1
5101,1185650,359119,1408,1
5102,9336066,2827175,1408,1
5103,3034029,919594,1408,1
5104,2742977,831398,1408,1
5105,2290102,693896,1408,1
5106,3505606,1065711,1408,1
5107,2685272,813703,1408,1
5108,10452512,3167394,1408,1
5109,2289986,694254,1408,1
5110,15269626,4625975,1408,1
5111,4127974,1251983,1408,1
5112,3520412,1067054,1408,1
5113,2624750,795273,1408,1
5114,2125206,644388,1408,1
5115,1490210,451367,1408,1
5116,7793934,2361873,1408,1
5117,5268192,1596466,1408,1
5118,991282,300250,1408,1
5119,2007058,608769,1408,1
5120,3472755,1052551,1408,1
5121,3130468,948684,1408,1
5122,3099578,939092,1408,1
5123,2699008,819921,1408,1
5124,3456096,1047666,1408,1
5125,4493072,1362178,1408,1
5126,5228202,1583859,1408,1
5127,2565390,777221,1408,1
5128,4356908,1319473,1408,1
5129,1274438,385993,1408,1
5130,2109260,639389,1408,1
5131,1376614,416936,1408,1
5132,2396002,725615,1408,1
5133,4545797,1377242,1408,1
5134,1380680,418226,1408,1
5135,1624416,491997,1408,1
5136,3542968,1073671,1408,1
5137,2439008,738855,1408,1
5138,2179360,660491,1408,1
5139,2079220,629706,1408,1
5140,5392710,1633050,1408,1
5141,3861938,1170381,1408,1
5142,5415024,1640606,1408,1
5143,19956835,6045133,1408,1
5144,5933128,1797401,1408,1
5145,5611920,1700494,1408,1
5146,3462126,1048909,1408,1
5147,7726850,2342560,1408,1
5148,2707666,820000,1408,1
5149,11830268,3584963,1408,1
5150,2382300,722843,1408,1
5151,3401794,1030182,1408,1
5152,12813136,3882039,1408,1
5153,925482,280304,1408,1
5154,3034626,920506,1408,1
5155,3667779,1111287,1408,1
5156,2549326,772446,1408,1
5157,2966130,899679,1408,1
5158,5024824,1523187,1408,1
5159,1831158,554615,1408,1
5160,1945606,589612,1408,1
5161,2289692,694391,1408,1
5162,2097060,635863,1408,1
5163,3160574,957432,1408,1
5164,2718258,823423,1408,1
5165,6288727,1905575,1408,1
5166,5927350,1794955,1408,1
5167,919870,278622,1408,1
5168,4187682,1269044,1408,1
5169,1329008,402808,1408,1
5170,1430716,433867,1408,1
5171,2065364,625882,1408,1
5172,6017048,1823766,1408,1
5173,1582210,479184,1408,1
5174,2605174,790004,1408,1
5175,1501076,454844,1408,1
5176,4192722,1271542,1408,1
5177,1745624,528720,1408,1
5178,1189466,360237,1408,1
5179,4905709,1487233,1408,1
5180,7376342,2236164,1408,1
5181,3792276,1149103,1408,1
5182,1851588,560763,1408,1
5183,4458442,1351124,1408,1
5184,3702282,1121755,1408,1
5185,6478240,1961757,1408,1
5186,6566130,1989184,1408,1
5187,1692342,512536,1408,1
5188,905106,274132,1408,1
5189,1698442,514336,1408,1
5190,1619726,490524,1408,1
5191,1232350,373227,1408,1
5192,3882620,1175866,1408,1
5193,2333428,707318,1408,1
5194,943804,285870,1408,1
5195,2631406,796990,1408,1
5196,4077290,1235302,1408,1
5197,2611912,791187,1408,1
5198,1068022,323458,1408,1
5199,1471282,445558,1408,1
5200,840826,254683,1408,1
5201,3426670,1037704,1408,1
5202,2339914,708619,1408,1
5203,7882162,2388133,1408,1
5204,8475277,2568077,1408,1
5205,1871712,567119,1408,1
5206,3570192,1082139,1408,1
5207,5251738,1591162,1408,1
5208,4860038,1472393,1408,1
5209,4015316,1216778,1408,1
5210,5136100,1556359,1408,1
5211,3122520,946002,1408,1
5212,1648018,499110,1408,1
5213,1853060,561389,1408,1
5214,2720778,824408,1408,1
5215,2022910,613172,1408,1
5216,2566457,777692,1408,1
5217,1320986,400615,1408,1
5218,1152440,349048,1408,1
5219,2081978,632128,1408,1
5220,2128560,644959,1408,1
5221,8582854,2601480,1408,1
5222,1311650,397261,1408,1
5223,1648856,499324,1408,1
5224,4341590,1316003,1408,1
5225,3847475,1165799,1408,1
5226,1847772,560033,1408,1
5227,2538636,769231,1408,1
5228,11768023,3565250,1408,1
5229,2001844,606898,1408,1
5230,2646174,801393,1408,1
5231,12194468,3695215,1408,1
5232,958846,290630,1408,1
5233,1694580,513483,1408,1
5234,1485574,450590,1408,1
5235,2352292,713116,1408,1
5236,2799306,847735,1408,1
5237,3652502,1106628,1408,1
5238,2464760,746453,1408,1
5239,1611998,488205,1408,1
5240,11014242,3339365,1408,1
5241,2342458,712572,1408,1
5242,2287864,693326,1408,1
5243,2092056,633583,1408,1
5244,6065904,1838547,1408,1
5245,2644798,800956,1408,1
5246,6716274,2034846,1408,1
5247,1957520,593294,1408,1
5248,7346042,2226124,1408,1
5249,1909902,578431,1408,1
5250,2652448,803291,1408,1
5251,4395814,1332401,1408,1
5252,3664408,1110686,1408,1
5253,1401768,424599,1408,1
5254,1482570,449131,1408,1
5255,3384116,1024849,1408,1
5256,9369664,2838201,1408,1
5257,3962231,1201251,1408,1
5258,1798205,545132,1408,1
5259,3685188,1116735,1408,1
5260,2388610,723791,1408,1
5261,2730802,827345,1408,1
5262,4528232,1372602,1408,1
5263,1950570,591843,1408,1
5264,11254026,3408884,1408,1
5265,2112922,639952,1408,1
5266,6440906,1951443,1408,1
5267,1815361,550614,1408,1
5268,2254370,682764,1408,1
5269,5923494,1794820,1408,1
5270,2167542,657020,1408,1
5271,7440488,2255486,1408,1
5272,3229754,980000,1408,1
5273,7265922,2201054,1408,1
5274,2237795,678153,1408,1
5275,3766991,1141293,1408,1
5276,12004899,3636652,1408,1
5277,1507728,456651,1408,1
5278,971064,294161,1408,1
5279,2929526,887549,1408,1
5280,2801012,848347,1408,1
5281,980732,297069,1408,1
5282,3976404,1205448,1408,1
5283,1605494,486240,1408,1
5284,1522184,462591,1408,1
5285,2948392,893576,1408,1
5286,2030054,614899,1408,1
5287,1320014,399794,1408,1
5288,2380956,721059,1408,1
5289,953330,288759,1408,1
5290,7175142,2187541,1408,1
5291,6316256,1913136,1408,1
5292,2015320,610708,1408,1
5293,2402910,728100,1408,1
5294,2546010,771240,1408,1
5295,1549098,469614,1408,1
5296,2574776,779751,1408,1
5297,2678312,811115,1408,1
5298,1224868,371095,1408,1
5299,11603904,3516088,1408,1
5300,2566276,779034,1408,1
5301,3760519,1140053,1408,1
5302,1084636,328724,1408,1
5303,6233980,1889634,1408,1
5304,5378986,1630125,1408,1
5305,2109538,638900,1408,1
5306,4205670,1278342,1408,1
5307,5712988,1731678,1408,1
5308,2221432,673029,1408,1
5309,3734850,1131897,1408,1
5310,1253628,379695,1408,1
5311,1358644,411479,1408,1
5312,10272416,3111931,1408,1
5313,2929166,887840,1408,1
5314,1253694,380070,1408,1
5315,2007612,608015,1408,1
5316,819030,248063,1408,1
5317,2270362,687648,1408,1
5318,2632834,797697,1408,1
5319,2646460,801735,1408,1
5320,2861944,867147,1408,1
5321,2519544,763337,1408,1
5322,1798910,544819,1408,1
5323,3386052,1025438,1408,1
5324,2037164,616942,1408,1
5325,2021201,613030,1408,1
5326,3012113,912672,1408,1
5327,2549572,772698,1408,1
5328,7308951,2214448,1408,1
5329,1005134,304489,1408,1
5330,5132688,1555169,1408,1
5331,3784930,1146542,1408,1
5332,6031288,1827629,1408,1
5333,3464452,1049787,1408,1
5334,4365952,1324069,1408,1
5335,1281378,388233,1408,1
5336,6133359,1858853,1408,1
5337,22625500,6854040,1408,1
5338,16593840,5032312,1408,1
5339,4946251,1498840,1408,1
5340,1121036,339543,1408,1
5341,10213215,3094090,1408,1
5342,2188794,663535,1408,1
5343,3632138,1100088,1408,1
5344,3224676,977049,1408,1
5345,4985196,1509944,1408,1
5346,5018378,1519890,1408,1
5347,6188850,1875063,1408,1
5348,4056649,1229036,1408,1
5349,4276200,1295855,1408,1
5350,7062815,2139862,1408,1
5351,2232100,676080,1408,1
5352,868160,262944,1408,1
5353,5987506,1814521,1408,1
5354,1859380,563450,1408,1
5355,4231876,1281642,1408,1
5356,2840916,860732,1408,1
5357,1213124,367464,1408,1
5358,2035422,616425,1408,1
5359,2131092,645575,1408,1
5360,2590446,784444,1408,1
5361,1292700,391497,1408,1
5362,1288918,390354,1408,1
5363,1510698,457512,1408,1
5364,7009290,2122900,1408,1
5365,5614598,1702447,1408,1
5366,1973820,597962,1408,1
5367,2490294,754521,1408,1
5368,2136708,647102,1408,1
5369,1790358,542271,1408,1
5370,2042888,619028,1408,1
5371,918852,278299,1408,1
5372,1078248,326587,1408,1
5373,2912532,882977,1408,1
5374,2491668,754598,1408,1
5375,4751464,1439986,1408,1
5376,6566916,1989827,1408,1
5377,3335754,1010765,1408,1
5378,3632976,1100800,1408,1
5379,2999038,908307,1408,1
5380,3997396,1211684,1408,1
5381,1353400,409895,1408,1
5382,5094941,1544671,1408,1
5383,2162074,654972,1408,1
5384,991492,300318,1408,1
5385,3976077,1205668,1408,1
5386,1187894,359802,1408,1
5387,2799428,848807,1408,1
5388,3413830,1035790,1408,1
5389,3274902,992200,1408,1
5390,4919638,1490158,1408,1
5391,1554250,470758,1408,1
5392,1530122,463441,1408,1
5393,7159513,2169857,1408,1
5394,1331320,403824,1408,1
5395,2174863,659333,1408,1
5396,1606026,486377,1408,1
5397,1129772,342188,1408,1
5398,2695032,816621,1408,1
5399,1728854,523681,1408,1
5400,1927642,583769,1408,1
5401,2141502,648668,1408,1
5402,865988,262287,1408,1
5403,1684100,510046,1408,1
5404,4924228,1492043,1408,1
5405,1297650,392977,1408,1
5406,2260108,685051,1408,1
5407,3824303,1158642,1408,1
5408,1426316,431986,1408,1
5409,2540279,770018,1408,1
5410,3380786,1024367,1408,1
5411,1318892,400970,1408,1
5412,5396174,1636232,1408,1
5413,6048430,1833650,1408,1
5414,4618632,1398930,1408,1
5415,1775242,545147,1408,1
5416,1470704,445763,1408,1
5417,2752428,834091,1408,1
5418,3555185,1077343,1408,1
5419,16604105,5030284,1408,1
5420,1249010,378274,1408,1
5421,3010516,911695,1408,1
5422,1348916,409077,1408,1
5423,2224310,673670,1408,1
5424,4430452,1342974,1408,1
5425,3202850,970961,1408,1
5426,2304640,698942,1408,1
5427,6584460,1995025,1408,1
5428,3924050,1189198,1408,1
5429,4506276,1365288,1408,1
5430,1292360,391497,1408,1
5431,1071560,324846,1408,1
5432,3104864,940694,1408,1
5433,2047818,620185,1408,1
5434,979546,296698,1408,1
5435,5447602,1650289,1408,1
5436,3657370,1107800,1408,1
5437,3369646,1020515,1408,1
5438,1253210,380216,1408,1
5439,1664888,504299,1408,1
5440,5299866,1605425,1408,1
5441,866258,262370,1408,1
5442,4311002,1306600,1408,1
5443,2147474,650356,1408,1
5444,1626110,492556,1408,1
5445,2459048,744906,1408,1
5446,1435158,435167,1408,1
5447,1478589,448422,1408,1
5448,3087300,935419,1408,1
5449,5195614,1573852,1408,1
5450,9539908,2889367,1408,1
5451,3260028,987411,1408,1
5452,3669934,1113279,1408,1
5453,1481822,448864,1408,1
5454,16045335,4863329,1408,1
5455,1446226,438025,1408,1
5456,4302314,1304054,1408,1
5457,2009310,608657,1408,1
5458,1509490,457440,1408,1
5459,4486860,1360077,1408,1
5460,4077510,1236014,1408,1
5461,4180535,1266535,1408,1
5462,1551398,470429,1408,1
5463,2069396,627383,1408,1
5464,2954948,896042,1408,1
5465,1446824,438197,1408,1
5466,1330056,402898,1408,1
5467,2129048,645831,1408,1
5468,1831544,555738,1408,1
5469,17817519,5397890,1408,1
5470,7637176,2314245,1408,1
5471,10983288,3336794,1408,1
5472,3982722,1207374,1408,1
5473,3321083,1006505,1408,1
5474,16696320,5057468,1408,1
5475,1986662,602517,1408,1
5476,1393750,422219,1408,1
5477,1620756,491441,1408,1
5478,1285086,389215,1408,1
5479,5310494,1609953,1408,1
5480,1376792,417129,1408,1
5481,2579454,781383,1408,1
5482,4271236,1293518,1408,1
5483,2818336,855092,1408,1
5484,4101198,1242839,1408,1
5485,6709317,2034353,1408,1
5486,6979628,2114806,1408,1
5487,1401006,424972,1408,1
5488,2409708,730682,1408,1
5489,4500784,1363097,1408,1
5490,4881566,1479263,1408,1
5491,2093982,635081,1408,1
5492,2508540,760479,1408,1
5493,1910774,578939,1408,1
5494,2413658,731050,1408,1
5495,4200274,1272820,1408,1
5496,1493616,452605,1408,1
5497,1559572,472833,1408,1
5498,1758718,532881,1408,1
5499,990464,300000,1408,1
5500,1672976,506799,1408,1
5501,2430218,736067,1408,1
5502,1547470,468680,1408,1
5503,15112841,4578613,1408,1
5504,1479130,449110,1408,1
5505,5947543,1801972,1408,1
5506,5243416,1588662,1408,1
5507,1434162,434741,1408,1
5508,3705634,1122665,1408,1
5509,1381420,419150,1408,1
5510,5577092,1689838,1408,1
5511,1580066,479438,1408,1
5512,2060970,624158,1408,1
5513,2128696,644826,1408,1
5514,1495196,452936,1408,1
5515,28211579,8544573,1408,1
5516,3926828,1191592,1408,1
5517,5992282,1816161,1408,1
5518,2761460,839910,1408,1
5519,4568470,1385801,1408,1
5520,6654589,2016709,1408,1
5521,14954900,4530950,1408,1
5522,6188796,1876167,1408,1
5523,1998358,605263,1408,1
5524,1348372,408470,1408,1
5525,4584632,1389279,1408,1
5526,14137444,4284781,1408,1
5527,3395052,1029140,1408,1
5528,3712817,1125601,1408,1
5529,2374373,720201,1408,1
5530,4613928,1397922,1408,1
5531,5098922,1545538,1408,1
5532,3596650,1089656,1408,1
5533,2250934,681918,1408,1
5534,2082082,631543,1408,1
5535,5807088,1760327,1408,1
5536,4487178,1359845,1408,1
5537,1851892,560889,1408,1
5538,2188626,662821,1408,1
5539,2172242,658742,1408,1
5540,915658,277334,1408,1
5541,3760704,1139604,1408,1
5542,5620766,1703716,1408,1
5543,2407718,729323,1408,1
5544,2599582,787667,1408,1
5545,3503378,1061551,1408,1
5546,6047946,1833590,1408,1
5547,15730241,4765178,1408,1
5548,4321378,1309778,1408,1
5549,3026032,917211,1408,1
5550,4255942,1289506,1408,1
5551,4457970,1351353,1408,1
5552,2707652,821210,1408,1
5553,10781575,3266551,1408,1
5554,3574450,1083628,1408,1
5555,2235506,677530,1408,1
5556,8138950,2467123,1408,1
5557,1456302,441573,1408,1
5558,3450394,1044931,1408,1
5559,2170866,657437,1408,1
5560,15462671,4684881,1408,1
5561,6686714,2025529,1408,1
5562,1520136,460655,1408,1
5563,1614932,489415,1408,1
5564,6513220,1973527,1408,1
5565,1837776,557180,1408,1
5566,4367120,1324049,1408,1
5567,13296544,4028512,1408,1
5568,1473654,446400,1408,1
5569,2279928,690561,1408,1
5570,2164798,655854,1408,1
5571,1339638,405718,1408,1
5572,1304016,395529,1408,1
5573,2715236,822966,1408,1
5574,1270556,385189,1408,1
5575,5466558,1663786,1408,1
5576,14101819,4272263,1408,1
5577,1572727,476855,1408,1
5578,2679362,812070,1408,1
5579,3938622,1193162,1408,1
5580,4498752,1363303,1408,1
5581,3633026,1101043,1408,1
5582,3858964,1169312,1408,1
5583,5046124,1529032,1408,1
5584,1624922,492927,1408,1
5585,1196153,362713,1408,1
5586,1748069,529786,1408,1
5587,4875230,1477998,1408,1
5588,4135922,1253757,1408,1
5589,1356680,411178,1408,1
5590,1278596,387546,1408,1
5591,2819760,854293,1408,1
5592,1389098,421727,1408,1
5593,4500842,1364873,1408,1
5594,4264832,1292719,1408,1
5595,3467031,1050613,1408,1
5596,7127205,2159574,1408,1
5597,1316228,398647,1408,1
5598,1697806,514527,1408,1
5599,13682576,4146574,1408,1
5600,1789740,542497,1408,1
5601,3145664,953432,1408,1
5602,8874340,2688968,1408,1
5603,2232428,677392,1408,1
5604,7843687,2376703,1408,1
5605,3425963,1038806,1408,1
5606,3122950,946685,1408,1
5607,2674592,810472,1408,1
5608,1393530,422045,1408,1
5609,3851708,1167210,1408,1
5610,4924960,1491490,1408,1
5611,7415664,2246638,1408,1
5612,10855946,3289226,1408,1
5613,1519446,460192,1408,1
5614,8239464,2497156,1408,1
5615,1412216,427712,1408,1
5616,1330142,402883,1408,1
5617,6372250,1930730,1408,1
5618,1939492,588328,1408,1
5619,1462022,444103,1408,1
5620,2071294,627695,1408,1
5621,2040506,617978,1408,1
5622,16149604,4892743,1408,1
5623,10805577,3273696,1408,1
5624,6614562,2005189,1408,1
5625,2781718,842446,1408,1
5626,3779220,1145449,1408,1
5627,4629518,1402663,1408,1
5628,6633864,2008906,1408,1
5629,1506900,456369,1408,1
5630,1338584,406346,1408,1
5631,1009350,305758,1408,1
5632,5808137,1763407,1408,1
5633,1143000,346335,1408,1
5634,7184195,2176657,1408,1
5635,4075942,1234929,1408,1
5636,4378076,1325831,1408,1
5637,1366650,414109,1408,1
5638,3362382,1018945,1408,1
5639,2648322,802508,1408,1
5640,3654076,1106928,1408,1
5641,5812956,1761241,1408,1
5642,3578642,1083732,1408,1
5643,6878592,2084747,1408,1
5644,1421844,431045,1408,1
5645,3333506,1009610,1408,1
5646,3967130,1201386,1408,1
5647,2501454,758202,1408,1
5648,8913966,2700351,1408,1
5649,4900530,1484649,1408,1
5650,10515336,3185126,1408,1
5651,3448494,1044495,1408,1
5652,1817164,550331,1408,1
5653,6435972,1951290,1408,1
5654,7765556,2351913,1408,1
5655,8779420,2659469,1408,1
5656,3719080,1126933,1408,1
5657,1593910,483025,1408,1
5658,1637552,496066,1408,1
5659,2728710,826890,1408,1
5660,5575822,1689266,1408,1
5661,9056234,2743684,1408,1
5662,9935038,3009990,1408,1
5663,9284640,2813063,1408,1
5664,4013088,1217515,1408,1
5665,8566335,2596243,1408,1
5666,1458588,441957,1408,1
5667,3216632,975224,1408,1
5668,3190426,966948,1408,1
5669,3464330,1049767,1408,1
5670,8138593,2466035,1408,1
5671,6479161,1963497,1408,1
5672,7126922,2158976,1408,1
5673,2147532,650857,1408,1
5674,1320800,400066,1408,1
5675,6039972,1829880,1408,1
5676,8581010,2599739,1408,1
5677,1474062,446452,1408,1
5678,3062568,928336,1408,1
5679,2300853,697229,1408,1
5680,928644,281276,1408,1
5681,1726150,522774,1408,1
5682,1978496,599213,1408,1
5683,7649080,2316964,1408,1
5684,6491427,1966475,1408,1
5685,2941648,890847,1408,1
5686,14520162,4399076,1408,1
5687,8082826,2448978,1408,1
5688,14280287,4326066,1408,1
5689,4263056,1291896,1408,1
5690,3362128,1019201,1408,1
5691,1792842,543095,1408,1
5692,1577004,477995,1408,1
5693,2992276,906682,1408,1
5694,6107152,1850837,1408,1
5695,2440560,739627,1408,1
5696,9195308,2786702,1408,1
5697,5886446,1783580,1408,1
5698,2704838,819827,1408,1
5699,2007694,608048,1408,1
5700,4956908,1502025,1408,1
5701,3127216,947942,1408,1
5702,3255605,989936,1408,1
5703,2101980,636936,1408,1
5704,5052025,1530943,1408,1
5705,2448352,742045,1408,1
5706,5739584,1738933,1408,1
5707,1076024,325918,1408,1
5708,1653230,500748,1408,1
5709,1082422,328417,1408,1
5710,2646510,801629,1408,1
5711,7276772,2206404,1408,1
5712,1551662,470008,1408,1
5713,4581016,1388492,1408,1
5714,1513600,458604,1408,1
5715,1980720,599867,1408,1
5716,5868259,1779045,1408,1
5717,9254565,2804358,1408,1
5718,2877784,871690,1408,1
5719,4264832,1292672,1408,1
5720,4155624,1260358,1408,1
5721,5179780,1569056,1408,1
5722,6394635,1944396,1408,1
5723,6838665,2072480,1408,1
5724,4926444,1492623,1408,1
5725,6646640,2023410,1408,1
5726,1893010,573403,1408,1
5727,2367784,717905,1408,1
5728,12723813,3856336,1408,1
5729,3055982,927232,1408,1
5730,3738680,1133428,1408,1
5731,3343692,1012873,1408,1
5732,4567906,1392915,1408,1
5733,3523886,1067158,1408,1
5734,1467920,444678,1408,1
5735,1452544,439918,1408,1
5736,2109632,638972,1408,1
5737,1376672,417008,1408,1
5738,2952234,894045,1408,1
5739,4048244,1226635,1408,1
5740,1799902,545137,1408,1
5741,14223598,4326588,1408,1
5742,933928,282925,1408,1
5743,900120,272640,1408,1
5744,1405088,425554,1408,1
5745,2602310,788062,1408,1
5746,7822168,2369472,1408,1
5747,1112540,336940,1408,1
5748,1113548,337241,1408,1
5749,1183562,358464,1408,1
5750,30234498,9157499,1408,1
5751,4204802,1274866,1408,1
5752,2941096,891109,1408,1
5753,2159554,654393,1408,1
5754,1901532,575893,1408,1
5755,2935318,889455,1408,1
5756,2846324,862318,1408,1
5757,1869522,566242,1408,1
5758,1892204,573070,1408,1
5759,13005630,3940153,1408,1
5760,5004573,1518828,1408,1
5761,1037958,314382,1408,1
5762,1293764,391848,1408,1
5763,2051042,621157,1408,1
5764,5325500,1615797,1408,1
5765,1479926,448347,1408,1
5766,1583138,479531,1408,1
5767,1405748,426155,1408,1
5768,1188685,360172,1408,1
5769,1963450,595056,1408,1
5770,1991272,603068,1408,1
5771,1805002,546736,1408,1
5772,1952798,591408,1408,1
5773,6033376,1828488,1408,1
5774,5000240,1515288,1408,1
5775,1389198,420874,1408,1
5776,4243686,1285948,1408,1
5777,2300542,697445,1408,1
5778,1475946,447011,1408,1
5779,3806070,1153376,1408,1
5780,3649616,1105657,1408,1
5781,2762062,836462,1408,1
5782,1374434,416505,1408,1
5783,1919186,581377,1408,1
5784,3736924,1132384,1408,1
5785,3061352,927114,1408,1
5786,1548842,469153,1408,1
5787,1999918,605721,1408,1
5788,948292,287221,1408,1
5789,3691610,1118525,1408,1
5790,2536534,768175,1408,1
5791,1290116,390715,1408,1
5792,2780545,842772,1408,1
5793,5821390,1763557,1408,1
5794,1335988,404629,1408,1
5795,2273316,689270,1408,1
5796,891842,270128,1408,1
5797,1610282,489083,1408,1
5798,1917738,582197,1408,1
5799,4270228,1293145,1408,1
5800,5194350,1574489,1408,1
5801,11809952,3578874,1408,1
5802,9977222,3033691,1408,1
5803,3634673,1101149,1408,1
5804,8262152,2502406,1408,1
5805,6232354,1888229,1408,1
5806,1708758,517597,1408,1
5807,6400792,1938409,1408,1
5808,1447208,438718,1408,1
5809,3064386,928022,1408,1
5810,2763732,837345,1408,1
5811,6403726,1941103,1408,1
5812,890274,269616,1408,1
5813,904712,274035,1408,1
5814,1248578,378140,1408,1
5815,1536892,465461,1408,1
5816,1199540,363285,1408,1
5817,1845636,558918,1408,1
5818,3467246,1050060,1408,1
5819,2474064,749401,1408,1
5820,2364686,716720,1408,1
5821,2748400,833997,1408,1
5822,1364234,413151,1408,1
5823,2682216,812392,1408,1
5824,4723126,1430321,1408,1
5825,30889808,9355729,1408,1
5826,2215440,671836,1408,1
5827,1929714,585240,1408,1
5828,4276190,1297027,1408,1
5829,15210815,4608556,1408,1
5830,1551730,470320,1408,1
5831,2256896,686260,1408,1
5832,2188484,663068,1408,1
5833,2293256,694812,1408,1
5834,3794666,1150068,1408,1
5835,2596926,787044,1408,1
5836,3460692,1048623,1408,1
5837,5786222,1752996,1408,1
5838,2254122,682806,1408,1
5839,2599664,787365,1408,1
5840,1591698,482724,1408,1
5841,1387906,420436,1408,1
5842,1379136,417703,1408,1
5843,2267676,688127,1408,1
5844,9892674,2998772,1408,1
5845,17571501,5323634,1408,1
5846,1439886,436370,1408,1
5847,3243304,982385,1408,1
5848,3051702,924318,1408,1
5849,1795088,543655,1408,1
5850,893410,270620,1408,1
5851,3160586,957557,1408,1
5852,5973722,1809329,1408,1
5853,2384954,722415,1408,1
5854,2540590,769834,1408,1
5855,4144942,1255656,1408,1
5856,2558414,775166,1408,1
5857,1031484,312429,1408,1
5858,1060652,321271,1408,1
5859,1605724,486342,1408,1
5860,1529812,464113,1408,1
5861,2183338,661239,1408,1
5862,1685828,510592,1408,1
5863,1435886,435164,1408,1
5864,2433098,736978,1408,1
5865,2679176,811385,1408,1
5866,1100810,333487,1408,1
5867,1819586,551044,1408,1
5868,3479544,1053720,1408,1
5869,1967384,595799,1408,1
5870,835536,253063,1408,1
5871,1607306,487266,1408,1
5872,1900765,575943,1408,1
5873,1919290,581237,1408,1
5874,1876876,568413,1408,1
5875,4833926,1463816,1408,1
5876,9550636,2893149,1408,1
5877,2504148,758571,1408,1
5878,2274834,689006,1408,1
5879,3864788,1171106,1408,1
5880,7262567,2200892,1408,1
5881,7207866,2183367,1408,1
5882,5560912,1684546,1408,1
5883,2400616,727046,1408,1
5884,5761692,1745723,1408,1
5885,4258838,1291078,1408,1
5886,5023174,1522177,1408,1
5887,3320476,1005742,1408,1
5888,1974010,598152,1408,1
5889,2447718,742030,1408,1
5890,4917553,1490811,1408,1
5891,989546,299738,1408,1
5892,1560962,472759,1408,1
5893,3269314,991238,1408,1
5894,4543649,1378410,1408,1
5895,3214601,974533,1408,1
5896,1208598,366308,1408,1
5897,3245478,983682,1408,1
5898,4003338,1213024,1408,1
5899,4699870,1423499,1408,1
5900,1673140,506831,1408,1
5901,2768316,839604,1408,1
5902,2898062,878501,1408,1
5903,3369670,1020741,1408,1
5904,10885920,3297429,1408,1
5905,4352000,1317933,1408,1
5906,5469056,1657103,1408,1
5907,5473854,1658722,1408,1
5908,1475098,446791,1408,1
5909,5157822,1562305,1408,1
5910,2936190,889474,1408,1
5911,2513590,761228,1408,1
5912,6216596,1883693,1408,1
5913,1266474,383902,1408,1
5914,4001410,1211751,1408,1
5915,2199724,666196,1408,1
5916,1372542,416746,1408,1
5917,4204368,1277822,1408,1
5918,2101310,636491,1408,1
5919,2389646,723997,1408,1
5920,42767581,12952724,1408,1
5921,1890518,572833,1408,1
5922,3269996,990917,1408,1
5923,1863076,564377,1408,1
5924,3617938,1096104,1408,1
5925,2189004,662983,1408,1
5926,1642120,497478,1408,1
5927,1672212,507054,1408,1
5928,4983986,1510540,1408,1
5929,2128684,645325,1408,1
5930,3800244,1151401,1408,1
5931,9383847,2842831,1408,1
5932,6371184,1930935,1408,1
5933,5062754,1533693,1408,1
5934,8790079,2663820,1408,1
5935,2439562,738972,1408,1
5936,5571596,1687924,1408,1
5937,3558482,1077665,1408,1
5938,2420838,733853,1408,1
5939,1456368,441593,1408,1
5940,8182162,2478135,1408,1
5941,9096294,2755628,1408,1
5942,8253404,2500074,1408,1
5943,2231816,676068,1408,1
5944,2972104,900566,1408,1
5945,1848406,559991,1408,1
5946,4130822,1252219,1408,1
5947,39581284,11988126,1408,1
5948,1707202,517382,1408,1
5949,3458010,1047669,1408,1
5950,3947794,1196439,1408,1
5951,17917006,5427914,1408,1
5952,3532797,1070731,1408,1
5953,1384082,419571,1408,1
5954,8668932,2626191,1408,1
5955,2024830,613795,1408,1
5956,3929072,1191050,1408,1
5957,6250704,1894294,1408,1
5958,1411348,427472,1408,1
5959,4558873,1381235,1408,1
5960,9308993,2820503,1408,1
5961,2757182,834990,1408,1
5962,3015732,913593,1408,1
5963,2146560,650092,1408,1
5964,4116880,1246821,1408,1
5965,8239372,2495310,1408,1
5966,4403540,1334973,1408,1
5967,23179821,7020984,1408,1
5968,5770188,1748832,1408,1
5969,2088346,632907,1408,1
5970,7046378,2134234,1408,1
5971,2186642,662735,1408,1
5972,7678905,2327069,1408,1
5973,3207422,971609,1408,1
5974,1802581,546380,1408,1
5975,12879824,3902876,1408,1
5976,2401076,727918,1408,1
5977,5069396,1539613,1408,1
5978,1796108,544573,1408,1
5979,2955358,895764,1408,1
5980,1428202,433103,1408,1
5981,6803934,2061573,1408,1
5982,1999082,606052,1408,1
5983,7463389,2261229,1408,1
5984,3318196,1005387,1408,1
5985,4808534,1462807,1408,1
5986,2073832,628946,1408,1
5987,2191602,665134,1408,1
5988,1641076,497095,1408,1
5989,867920,262868,1408,1
5990,2683754,813378,1408,1
5991,2013163,610298,1408,1
5992,1963240,594567,1408,1
5993,3767282,1141464,1408,1
5994,10326930,3128963,1408,1
5995,12863290,3897536,1408,1
5996,2510884,760997,1408,1
5997,1508694,457369,1408,1
5998,2192960,665036,1408,1
5999,6141164,1860833,1408,1
6000,2863241,867676,1408,1
6001,4489922,1360557,1408,1
6002,2247104,681227,1408,1
6003,5585938,1693307,1408,1
6004,3806006,1153355,1408,1
6005,7261894,2200504,1408,1
6006,5044072,1527548,1408,1
6007,3056172,926327,1408,1
6008,8879625,2690475,1408,1
6009,1717606,520167,1408,1
6010,1937834,586874,1408,1
6011,8487487,2571973,1408,1
6012,1081664,327623,1408,1
6013,2408604,730485,1408,1
6014,1341448,407205,1408,1
6015,8228990,2493654,1408,1
6016,2550532,772494,1408,1
6017,2256906,684492,1408,1
6018,2001010,606683,1408,1
6019,2332084,706924,1408,1
6020,6071530,1839313,1408,1
6021,1285966,389895,1408,1
6022,848176,256890,1408,1
6023,850218,257484,1408,1
6024,5379410,1629217,1408,1
6025,2616598,793377,1408,1
6026,1177858,356723,1408,1
6027,2331040,705957,1408,1
6028,1127130,341379,1408,1
6029,1337546,405077,1408,1
6030,1662632,503513,1408,1
6031,1668318,505531,1408,1
6032,5221012,1581557,1408,1
6033,3234384,981026,1408,1
6034,1293388,391893,1408,1
6035,1806814,547192,1408,1
6036,3493792,1058838,1408,1
6037,1471050,445521,1408,1
6038,1033906,313113,1408,1
6039,1226164,371376,1408,1
6040,1662516,503501,1408,1
6041,1795024,543625,1408,1
6042,997342,302099,1408,1
6043,1137860,344610,1408,1
6044,2119616,641980,1408,1
6045,837714,253968,1408,1
6046,3913300,1185807,1408,1
6047,4228704,1281876,1408,1
6048,4818354,1459695,1408,1
6049,2857974,865527,1408,1
6050,3094356,937214,1408,1
6051,3467883,1051293,1408,1
6052,3044685,923184,1408,1
6053,1419226,430136,1408,1
6054,6363168,1927411,1408,1
6055,1302176,394560,1408,1
6056,4811124,1457570,1408,1
6057,3113464,944088,1408,1
6058,4141480,1254841,1408,1
6059,1346332,407963,1408,1
6060,3946658,1195417,1408,1
6061,2440692,739144,1408,1
6062,4515348,1368720,1408,1
6063,3235560,981644,1408,1
6064,7058485,2151023,1408,1
6065,1693775,513590,1408,1
6066,2776335,841437,1408,1
6067,1962090,594489,1408,1
6068,3719308,1126828,1408,1
6069,6591790,1996574,1408,1
6070,2275712,689282,1408,1
6071,2496630,756420,1408,1
6072,2705724,819399,1408,1
6073,8607000,2606456,1408,1
6074,1573126,476431,1408,1
6075,4264760,1291602,1408,1
6076,4554928,1381135,1408,1
6077,1184072,358580,1408,1
6078,2878632,871758,1408,1
6079,3021664,915223,1408,1
6080,5155344,1561247,1408,1
6081,1706314,516861,1408,1
6082,2163700,656089,1408,1
6083,4392458,1330179,1408,1
6084,5672266,1718525,1408,1
6085,4676162,1417977,1408,1
6086,1615216,491044,1408,1
6087,3787522,1147169,1408,1
6088,1282758,388511,1408,1
6089,3320554,1006007,1408,1
6090,1914866,579932,1408,1
6091,3975750,1213716,1408,1
6092,2264326,685862,1408,1
6093,3144690,952320,1408,1
6094,3513458,1064073,1408,1
6095,3353508,1015551,1408,1
6096,2123248,643013,1408,1
6097,796084,241101,1408,1
6098,2589940,784332,1408,1
6099,1736134,525797,1408,1
6100,1064024,322267,1408,1
6101,3657906,1108090,1408,1
6102,5059296,1532891,1408,1
6103,5088110,1540798,1408,1
6104,1550004,469403,1408,1
6105,1955734,592283,1408,1
6106,1310534,396870,1408,1
6107,2392484,724537,1408,1
6108,1333834,403934,1408,1
6109,2440390,739357,1408,1
6110,5694856,1725292,1408,1
6111,2526204,765385,1408,1
6112,1268136,384180,1408,1
6113,5509514,1669299,1408,1
6114,1274780,386211,1408,1
6115,3444346,1043217,1408,1
6116,2390898,724507,1408,1
6117,1375500,416677,1408,1
6118,1569730,475848,1408,1
6119,10371192,3142211,1408,1
6120,1783076,540253,1408,1
6121,3751512,1136712,1408,1
6122,3776656,1144637,1408,1
6123,6569605,1989996,1408,1
6124,5075206,1537664,1408,1
6125,1655846,501501,1408,1
6126,10941434,3315352,1408,1
6127,4379490,1328119,1408,1
6128,2621592,795029,1408,1
6129,21709323,6575870,1408,1
6130,2158960,653837,1408,1
6131,1798720,545031,1408,1
6132,2152064,651751,1408,1
6133,1471158,445787,1408,1
6134,3700594,1120950,1408,1
6135,2998320,908915,1408,1
6136,4460772,1351111,1408,1
6137,3813659,1156138,1408,1
6138,2209784,669322,1408,1
6139,3268804,990215,1408,1
6140,4298160,1301891,1408,1
6141,1495754,453146,1408,1
6142,4130380,1251172,1408,1
6143,3025966,916374,1408,1
6144,5074578,1537970,1408,1
6145,6163260,1866896,1408,1
6146,1960526,593744,1408,1
6147,1866290,565248,1408,1
6148,4524062,1370008,1408,1
6149,1868646,565922,1408,1
6150,1245870,377315,1408,1
6151,5657802,1713321,1408,1
6152,1381494,418382,1408,1
6153,2583866,782507,1408,1
6154,6744868,2044384,1408,1
6155,818940,248038,1408,1
6156,2158126,653574,1408,1
6157,820648,248568,1408,1
6158,1308302,396301,1408,1
6159,2475244,749603,1408,1
6160,3322140,1006319,1408,1
6161,1747192,529118,1408,1
6162,1132922,343190,1408,1
6163,2781466,842480,1408,1
6164,4794334,1452034,1408,1
6165,1097622,332444,1408,1
6166,2042216,619273,1408,1
6167,2429354,735704,1408,1
6168,1076722,326082,1408,1
6169,3187296,965213,1408,1
6170,1195518,362089,1408,1
6171,4193468,1269891,1408,1
6172,1054234,319530,1408,1
6173,1383386,418936,1408,1
6174,1816516,550149,1408,1
6175,753878,228330,1408,1
6176,5364006,1624345,1408,1
6177,5259850,1592789,1408,1
6178,1162484,352138,1408,1
6179,1743958,528197,1408,1
6180,1730382,524153,1408,1
6181,2294674,695139,1408,1
6182,866710,262522,1408,1
6183,4822671,1462056,1408,1
6184,1339810,405805,1408,1
6185,2481080,751507,1408,1
6186,1864860,564925,1408,1
6187,1035536,313649,1408,1
6188,3324000,1006620,1408,1
6189,1279868,387612,1408,1
6190,3218250,975534,1408,1
6191,5145174,1564193,1408,1
6192,868634,263090,1408,1
6193,2592830,785289,1408,1
6194,12886222,3903018,1408,1
6195,2817910,853374,1408,1
6196,895800,271312,1408,1
6197,3120985,946075,1408,1
6198,2014652,611006,1408,1
6199,3856885,1169003,1408,1
6200,4324036,1309671,1408,1
6201,9345984,2831280,1408,1
6202,9363570,2836585,1408,1
6203,2356343,715065,1408,1
6204,4306346,1304557,1408,1
6205,2027166,614744,1408,1
6206,4047315,1226893,1408,1
6207,5536648,1677329,1408,1
6208,1301658,394614,1408,1
6209,7115556,2155640,1408,1
6210,3191092,966923,1408,1
6211,1460470,442402,1408,1
6212,3382122,1025367,1408,1
6213,10633297,3222117,1408,1
6214,5474426,1658816,1408,1
6215,1484040,449979,1408,1
6216,1233112,373454,1408,1
6217,1387422,420218,1408,1
6218,2946716,892652,1408,1
6219,2259198,684163,1408,1
6220,3149574,953804,1408,1
6221,1190784,360616,1408,1
6222,1687216,510984,1408,1
6223,3060754,926909,1408,1
6224,1930200,585095,1408,1
6225,2838696,859667,1408,1
6226,5198626,1574279,1408,1
6227,3294568,997713,1408,1
6228,4159350,1259648,1408,1
6229,3028476,917693,1408,1
6230,941030,285030,1408,1
6231,890406,269684,1408,1
6232,3174432,962966,1408,1
6233,9056786,2742567,1408,1
6234,2254254,682790,1408,1
6235,1231744,373039,1408,1
6236,1157992,350683,1408,1
6237,1532724,464212,1408,1
6238,1525274,461900,1408,1
6239,4483068,1357730,1408,1
6240,1274460,386079,1408,1
6241,839806,254433,1408,1
6242,843574,255500,1408,1
6243,4247084,1287090,1408,1
6244,841590,254897,1408,1
6245,1196636,362382,1408,1
6246,6687398,2026192,1408,1
6247,2154480,652503,1408,1
6248,1948100,589983,1408,1
6249,3403124,1030671,1408,1
6250,5371364,1628588,1408,1
6251,868238,262968,1408,1
6252,3117010,943915,1408,1
6253,2737224,830239,1408,1
6254,1851522,560733,1408,1
6255,3680752,1114700,1408,1
6256,1743196,527987,1408,1
6257,2328382,705405,1408,1
6258,3394644,1028444,1408,1
6259,3099580,938662,1408,1
6260,2876918,871236,1408,1
6261,1867726,566404,1408,1
6262,6328642,1917233,1408,1
6263,1801244,545809,1408,1
6264,1337210,405232,1408,1
6265,914674,277054,1408,1
6266,863832,261609,1408,1
6267,1150948,348572,1408,1
6268,1811744,548646,1408,1
6269,2485082,752564,1408,1
6270,2723720,824928,1408,1
6271,4521830,1369413,1408,1
6272,1332299,404335,1408,1
6273,3328050,1007839,1408,1
6274,2805540,849770,1408,1
6275,2318472,702194,1408,1
6276,2417146,732815,1408,1
6277,4211346,1275313,1408,1
6278,2214786,670733,1408,1
6279,880786,267013,1408,1
6280,3364202,1018953,1408,1
6281,2249000,681092,1408,1
6282,1196070,362254,1408,1
6283,1152648,349103,1408,1
6284,1929354,584387,1408,1
6285,2418480,732492,1408,1
6286,2824192,856157,1408,1
6287,1437218,436177,1408,1
6288,1380564,418172,1408,1
6289,1484479,450492,1408,1
6290,3290276,996730,1408,1
6291,2679282,811962,1408,1
6292,823022,249373,1408,1
6293,7493342,2284420,1408,1
6294,7558802,2290255,1408,1
6295,1756626,532372,1408,1
6296,4019196,1217795,1408,1
6297,6620030,2005529,1408,1
6298,2680046,812049,1408,1
6299,1513904,458544,1408,1
6300,5910784,1792970,1408,1
6301,4301854,1302732,1408,1
6302,1009634,305812,1408,1
6303,947476,286949,1408,1
6304,1752776,530914,1408,1
6305,3032916,918490,1408,1
6306,1453922,440561,1408,1
6307,5844716,1769923,1408,1
6308,7342756,2223623,1408,1
6309,1324402,401106,1408,1
6310,1347934,408233,1408,1
6311,6140634,1859550,1408,1
6312,5865826,1776651,1408,1
6313,1495326,452874,1408,1
6314,6122620,1854069,1408,1
6315,2158548,653727,1408,1
6316,814432,246672,1408,1
6317,2037716,617765,1408,1
6318,2067410,626723,1408,1
6319,1361812,413109,1408,1
6320,2949812,893930,1408,1
6321,1441116,436439,1408,1
6322,2540134,769352,1408,1
6323,834636,252766,1408,1
6324,2514618,762030,1408,1
6325,2944130,891588,1408,1
6326,1571416,475916,1408,1
6327,3912432,1185573,1408,1
6328,2519370,762943,1408,1
6329,2793580,845976,1408,1
6330,5753950,1742434,1408,1
6331,1765870,536991,1408,1
6332,3591188,1087556,1408,1
6333,1871246,566719,1408,1
6334,3511714,1063512,1408,1
6335,1897516,574675,1408,1
6336,1592130,482165,1408,1
6337,7053608,2135983,1408,1
6338,1843994,558544,1408,1
6339,894418,270909,1408,1
6340,3480181,1054308,1408,1
6341,2213238,670248,1408,1
6342,9984426,3024812,1408,1
6343,1721556,521357,1408,1
6344,1468460,444866,1408,1
6345,813242,246312,1408,1
6346,1439314,435869,1408,1
6347,1493784,452458,1408,1
6348,2435968,737711,1408,1
6349,3816766,1156391,1408,1
6350,5878293,1781299,1408,1
6351,795452,240925,1408,1
6352,2534478,768113,1408,1
6353,1975710,598612,1408,1
6354,1372684,415727,1408,1
6355,2377336,720421,1408,1
6356,1498838,454624,1408,1
6357,10997232,3332302,1408,1
6358,849994,257461,1408,1
6359,4811830,1457121,1408,1
6360,3291238,997204,1408,1
6361,2113241,640687,1408,1
6362,3487377,1057381,1408,1
6363,1628888,493475,1408,1
6364,5505832,1668295,1408,1
6365,2961576,897835,1408,1
6366,2337744,709461,1408,1
6367,4190812,1269733,1408,1
6368,2957278,896520,1408,1
6369,4960123,1503036,1408,1
6370,1334570,404457,1408,1
6371,7064612,2141007,1408,1
6372,2585310,783284,1408,1
6373,1991412,603613,1408,1
6374,2584004,782542,1408,1
6375,2331016,706175,1408,1
6376,1442162,436881,1408,1
6377,1446810,438274,1408,1
6378,1966684,595635,1408,1
6379,1539126,466156,1408,1
6380,861614,260949,1408,1
6381,1358516,412156,1408,1
6382,2371604,719684,1408,1
6383,2711402,821451,1408,1
6384,3828062,1160585,1408,1
6385,949820,287693,1408,1
6386,1811758,548725,1408,1
6387,2105605,638443,1408,1
6388,1296236,392566,1408,1
6389,3683363,1116538,1408,1
6390,5986102,1812973,1408,1
6391,8892624,2693664,1408,1
6392,4416738,1337514,1408,1
6393,1671396,506170,1408,1
6394,4636290,1404362,1408,1
6395,860748,260697,1408,1
6396,2246352,681681,1408,1
6397,8075362,2445601,1408,1
6398,1958196,593119,1408,1
6399,1190434,360628,1408,1
6400,4436840,1343987,1408,1
6401,1817798,550974,1408,1
6402,7640988,2313904,1408,1
6403,1307978,396144,1408,1
6404,4018222,1216812,1408,1
6405,3447462,1044018,1408,1
6406,1915970,580229,1408,1
6407,5047402,1528482,1408,1
6408,3273976,991636,1408,1
6409,3531810,1069626,1408,1
6410,1397686,423834,1408,1
6411,2893304,876217,1408,1
6412,3339074,1011459,1408,1
6413,1167016,353461,1408,1
6414,12230063,3704869,1408,1
6415,6961378,2109866,1408,1
6416,4663944,1413295,1408,1
6417,2392136,725038,1408,1
6418,2551580,772750,1408,1
6419,2266454,686452,1408,1
6420,1538548,465965,1408,1
6421,3666108,1110820,1408,1
6422,2290138,693721,1408,1
6423,2675852,810334,1408,1
6424,3041574,921096,1408,1
6425,3338586,1012295,1408,1
6426,9687121,2934836,1408,1
6427,5120553,1570295,1408,1
6428,1093438,331487,1408,1
6429,11025388,3340062,1408,1
6430,2593396,785364,1408,1
6431,3184106,964338,1408,1
6432,2964764,897924,1408,1
6433,1994498,604035,1408,1
6434,3854950,1168343,1408,1
6435,4329370,1311445,1408,1
6436,5071190,1536040,1408,1
6437,4529974,1372280,1408,1
6438,3584906,1085627,1408,1
6439,3101770,939329,1408,1
6440,2398778,726456,1408,1
6441,1708042,517295,1408,1
6442,2974806,900857,1408,1
6443,1816270,550039,1408,1
6444,3057861,928815,1408,1
6445,3889752,1177916,1408,1
6446,4838234,1465734,1408,1
6447,3315408,1004388,1408,1
6448,2294054,694717,1408,1
6449,8254044,2499482,1408,1
6450,2173574,658253,1408,1
6451,955204,289322,1408,1
6452,1507372,456505,1408,1
6453,1811336,548609,1408,1
6454,2342162,710053,1408,1
6455,1588344,481031,1408,1
6456,1907750,578167,1408,1
6457,2854746,864884,1408,1
6458,5182774,1570658,1408,1
6459,4386979,1328956,1408,1
6460,5317958,1611347,1408,1
6461,1338854,405501,1408,1
6462,1997554,604955,1408,1
6463,858064,259900,1408,1
6464,7069890,2143414,1408,1
6465,4709894,1429668,1408,1
6466,6666732,2020893,1408,1
6467,4502652,1364414,1408,1
6468,2978490,902000,1408,1
6469,5414122,1640557,1408,1
6470,2540120,769256,1408,1
6471,2112094,639646,1408,1
6472,3493203,1058830,1408,1
6473,10378982,3144284,1408,1
6474,1596676,483568,1408,1
6475,1698004,514253,1408,1
6476,2503922,758714,1408,1
6477,3048770,923418,1408,1
6478,12595657,3815947,1408,1
6479,8534682,2586354,1408,1
6480,2055836,622838,1408,1
6481,4634340,1405448,1408,1
6482,3083024,933650,1408,1
6483,9685886,2937651,1408,1
6484,2551380,773863,1408,1
6485,1456696,441236,1408,1
6486,20585582,6237411,1408,1
6487,1242266,376473,1408,1
6488,2712596,821804,1408,1
6489,4139374,1253992,1408,1
6490,1476558,448030,1408,1
6491,1509998,457555,1408,1
6492,2639464,799679,1408,1
6493,5772074,1749582,1408,1
6494,11497058,3483457,1408,1
6495,2701102,818747,1408,1
6496,1554602,471109,1408,1
6497,4823160,1460683,1408,1
6498,3613758,1094366,1408,1
6499,1417032,429184,1408,1
6500,1818074,550656,1408,1
6501,1440556,436306,1408,1
6502,5058384,1533279,1408,1
6503,2868166,869193,1408,1
6504,4023321,1236435,1408,1
6505,1411116,427578,1408,1
6506,3540856,1073024,1408,1
6507,5459166,1654595,1408,1
6508,1609818,487563,1408,1
6509,5124442,1554234,1408,1
6510,2622600,794226,1408,1
6511,1764894,534987,1408,1
6512,1900876,575861,1408,1
6513,11581178,3508806,1408,1
6514,1139644,345382,1408,1
6515,4632638,1403057,1408,1
6516,2733730,828522,1408,1
6517,1595980,483359,1408,1
6518,3555336,1077244,1408,1
6519,3199264,968864,1408,1
6520,1597482,483823,1408,1
6521,1526078,463529,1408,1
6522,2114840,640446,1408,1
6523,5120686,1551354,1408,1
6524,3788226,1147184,1408,1
6525,1880373,570108,1408,1
6526,1160306,351521,1408,1
6527,2823426,855033,1408,1
6528,778324,235734,1408,1
6529,2316052,701510,1408,1
6530,1406596,425996,1408,1
6531,2171238,657547,1408,1
6532,3702168,1122039,1408,1
6533,4025458,1219403,1408,1
6534,2120946,643081,1408,1
6535,1898812,575539,1408,1
6536,973822,295679,1408,1
6537,2751443,833788,1408,1
6538,2129808,645721,1408,1
6539,918536,278205,1408,1
6540,1143674,346356,1408,1
6541,849194,257275,1408,1
6542,2773678,840806,1408,1
6543,2195850,665197,1408,1
6544,1236892,374618,1408,1
6545,3492564,1058490,1408,1
6546,4451164,1349297,1408,1
6547,1845666,560056,1408,1
6548,1128566,342019,1408,1
6549,1978558,599933,1408,1
6550,3318830,1005277,1408,1
6551,2109730,639061,1408,1
6552,1456590,441228,1408,1
6553,1233376,373553,1408,1
6554,1256208,380896,1408,1
6555,2411106,730927,1408,1
6556,1226538,371486,1408,1
6557,1019296,308764,1408,1
6558,890222,269643,1408,1
6559,1371842,415484,1408,1
6560,2320614,703975,1408,1
6561,6728342,2038630,1408,1
6562,2173334,659398,1408,1
6563,2054772,622365,1408,1
6564,4221852,1279788,1408,1
6565,2902750,879744,1408,1
6566,4527822,1371799,1408,1
6567,5552620,1681530,1408,1
6568,4927025,1493623,1408,1
6569,2103158,637693,1408,1
6570,14851724,4498922,1408,1
6571,8631248,2615257,1408,1
6572,3601342,1091545,1408,1
6573,2235166,676903,1408,1
6574,5625828,1705722,1408,1
6575,2366704,716777,1408,1
6576,1953242,592171,1408,1
6577,1551014,470304,1408,1
6578,4575658,1386693,1408,1
6579,4070186,1233215,1408,1
6580,1007650,305208,1408,1
6581,1564984,473997,1408,1
6582,1746716,530613,1408,1
6583,2476756,750244,1408,1
6584,1196786,362460,1408,1
6585,1675644,507493,1408,1
6586,4353372,1319722,1408,1
6587,2416202,732026,1408,1
6588,1782298,539780,1408,1
6589,3037130,922456,1408,1
6590,1672296,506470,1408,1
6591,3533586,1070613,1408,1
6592,2271160,687811,1408,1
6593,4077356,1235756,1408,1
6594,1436130,435087,1408,1
6595,1692756,512660,1408,1
6596,1661816,503295,1408,1
6597,1489138,451017,1408,1
6598,2661984,806994,1408,1
6599,1871172,566692,1408,1
6600,864520,261843,1408,1
6601,950772,288082,1408,1
6602,1342430,406581,1408,1
6603,1532722,464201,1408,1
6604,1522126,460993,1408,1
6605,2798480,848807,1408,1
6606,851952,258055,1408,1
6607,2686348,813527,1408,1
6608,1201444,364114,1408,1
6609,2372270,718421,1408,1
6610,1810124,548201,1408,1
6611,2589374,784306,1408,1
6612,1159828,351279,1408,1
6613,2785115,843821,1408,1
6614,4126678,1250381,1408,1
6615,5167772,1566094,1408,1
6616,1131343,342979,1408,1
6617,1232710,373329,1408,1
6618,2175276,658769,1408,1
6619,978670,296502,1408,1
6620,4980128,1509425,1408,1
6621,3239698,981086,1408,1
6622,2859208,866178,1408,1
6623,2302274,697228,1408,1
6624,2499990,757764,1408,1
6625,3163285,958823,1408,1
6626,4621247,1400089,1408,1
6627,4849042,1469833,1408,1
6628,5488246,1662910,1408,1
6629,1429530,432983,1408,1
6630,2912848,882228,1408,1
6631,1599856,484508,1408,1
6632,3925488,1188909,1408,1
6633,1328620,402400,1408,1
6634,2188166,662663,1408,1
6635,6239668,1891536,1408,1
6636,3788660,1148122,1408,1
6637,7356386,2228464,1408,1
6638,2852120,863732,1408,1
6639,1024372,310269,1408,1
6640,1787166,541672,1408,1
6641,1915008,579968,1408,1
6642,2190166,663665,1408,1
6643,2326124,705193,1408,1
6644,2737856,830101,1408,1
6645,2436534,738476,1408,1
6646,4684322,1418742,1408,1
6647,6536972,1981312,1408,1
6648,6040178,1829840,1408,1
6649,3846882,1165469,1408,1
6650,1475080,446749,1408,1
6651,1990822,602918,1408,1
6652,4625284,1402163,1408,1
6653,9709812,2940740,1408,1
6654,3932388,1190846,1408,1
6655,1995370,604406,1408,1
6656,1662912,503623,1408,1
6657,2868186,868590,1408,1
6658,1046372,317574,1408,1
6659,1800802,545384,1408,1
6660,1794162,543346,1408,1
6661,1507398,456528,1408,1
6662,3230630,978319,1408,1
6663,1907144,577575,1408,1
6664,2372476,718463,1408,1
6665,2317588,701864,1408,1
6666,2982412,903177,1408,1
6667,4586598,1389184,1408,1
6668,1704746,516311,1408,1
6669,767684,232511,1408,1
6670,810616,245533,1408,1
6671,1720488,521103,1408,1
6672,756884,229242,1408,1
6673,1300962,394010,1408,1
6674,1074590,325447,1408,1
6675,768740,232831,1408,1
6676,1032020,312556,1408,1
6677,2867404,868328,1408,1
6678,1138150,344697,1408,1
6679,1471318,445643,1408,1
6680,1548742,469047,1408,1
6681,883284,267624,1408,1
6682,854138,258687,1408,1
6683,3171158,960327,1408,1
6684,3864868,1170398,1408,1
6685,2263768,685573,1408,1
6686,2591788,784899,1408,1
6687,873464,264548,1408,1
6688,2291228,693903,1408,1
6689,1336682,404925,1408,1
6690,1982694,601235,1408,1
6691,2452734,743198,1408,1
6692,3912046,1184788,1408,1
6693,7749760,2346918,1408,1
6694,1160320,351410,1408,1
6695,5580481,1691375,1408,1
6696,2726396,827888,1408,1
6697,1822666,551974,1408,1
6698,1255666,380278,1408,1
6699,4950106,1499017,1408,1
6700,3150048,954118,1408,1
6701,1154400,349637,1408,1
6702,2457360,744158,1408,1
6703,1170414,354467,1408,1
6704,1922222,582439,1408,1
6705,2409104,729579,1408,1
6706,4080938,1235823,1408,1
6707,1454548,440525,1408,1
6708,2129362,644862,1408,1
6709,1295444,392349,1408,1
6710,3038991,920693,1408,1
6711,823836,249516,1408,1
6712,4127266,1249853,1408,1
6713,4708578,1425878,1408,1
6714,1099708,333040,1408,1
6715,2238008,677763,1408,1
6716,2828762,856648,1408,1
6717,776800,235335,1408,1
6718,1933420,585601,1408,1
6719,2653604,804269,1408,1
6720,2045958,619608,1408,1
6721,2211668,669845,1408,1
6722,2097498,635218,1408,1
6723,2076280,628772,1408,1
6724,1641802,497223,1408,1
6725,802608,243105,1408,1
6726,752480,227906,1408,1
6727,5651285,1711929,1408,1
6728,6516192,1973681,1408,1
6729,1492100,451953,1408,1
6730,2503266,758943,1408,1
6731,2967160,898773,1408,1
6732,1186474,359620,1408,1
6733,2604760,789984,1408,1
6734,2441404,740752,1408,1
6735,6802678,2061411,1408,1
6736,898798,272236,1408,1
6737,1597594,484181,1408,1
6738,2411132,730276,1408,1
6739,3647734,1104702,1408,1
6740,2341482,709449,1408,1
6741,2133858,646454,1408,1
6742,3572484,1082571,1408,1
6743,2706520,820268,1408,1
6744,1563166,473576,1408,1
6745,6990428,2117909,1408,1
6746,3733774,1130779,1408,1
6747,5553840,1681854,1408,1
6748,4145243,1256485,1408,1
6749,1473232,446205,1408,1
6750,7440615,2254446,1408,1
6751,1476070,447061,1408,1
6752,1098456,332854,1408,1
6753,3897748,1180372,1408,1
6754,953698,288849,1408,1
6755,2587682,783636,1408,1
6756,1992828,603529,1408,1
6757,3456426,1046724,1408,1
6758,2436422,739334,1408,1
6759,7270672,2203288,1408,1
6760,2827574,857206,1408,1
6761,3005368,910131,1408,1
6762,2038166,617232,1408,1
6763,1094070,331350,1408,1
6764,1414082,428249,1408,1
6765,2276232,689318,1408,1
6766,6160468,1865524,1408,1
6767,2166956,656244,1408,1
6768,5342338,1618313,1408,1
6769,2702574,818432,1408,1
6770,1328628,402358,1408,1
6771,1401400,424423,1408,1
6772,1825010,552663,1408,1
6773,1369692,414821,1408,1
6774,1664724,504163,1408,1
6775,5594566,1694460,1408,1
6776,997756,302195,1408,1
6777,2104844,637429,1408,1
6778,923746,279745,1408,1
6779,682576,206734,1408,1
6780,1482512,448984,1408,1
6781,8773540,2658522,1408,1
6782,1772688,536876,1408,1
6783,2929460,887632,1408,1
6784,3504758,1061343,1408,1
6785,4099322,1242519,1408,1
6786,2672838,809840,1408,1
6787,1167912,353700,1408,1
6788,853900,258620,1408,1
6789,1131414,342655,1408,1
6790,1829418,554041,1408,1
6791,1536526,465333,1408,1
6792,5035294,1526077,1408,1
6793,3612656,1094028,1408,1
6794,3074936,932070,1408,1
6795,4070814,1233380,1408,1
6796,1035036,314020,1408,1
6797,895140,271117,1408,1
6798,6089366,1844003,1408,1
6799,3195286,967645,1408,1
6800,1647140,498853,1408,1
6801,2625514,795089,1408,1
6802,3374934,1022042,1408,1
6803,3155800,955684,1408,1
6804,1728606,523516,1408,1
6805,3387686,1026079,1408,1
6806,4120730,1247903,1408,1
6807,6219426,1884266,1408,1
6808,2791394,845335,1408,1
6809,1080124,327124,1408,1
6810,2560550,775434,1408,1
6811,1899766,575353,1408,1
6812,5352372,1620841,1408,1
6813,4943186,1498704,1408,1
6814,1753804,531147,1408,1
6815,1522554,461110,1408,1
6816,1234040,373753,1408,1
6817,19938432,6040706,1408,1
6818,8681427,2630320,1408,1
6819,2260316,684617,1408,1
6820,2403970,728029,1408,1
6821,2686660,813763,1408,1
6822,1794640,543524,1408,1
6823,1404296,425463,1408,1
6824,13871296,4203167,1408,1
6825,2562594,776063,1408,1
6826,2584546,782696,1408,1
6827,3633628,1101071,1408,1
6828,1451394,439574,1408,1
6829,2945568,892624,1408,1
6830,1452820,440001,1408,1
6831,6846062,2073658,1408,1
6832,2995362,908167,1408,1
6833,3220270,975450,1408,1
6834,1748942,529675,1408,1
6835,2254682,683439,1408,1
6836,1933560,585581,1408,1
6837,4615754,1397902,1408,1
6838,863180,261439,1408,1
6839,893418,270614,1408,1
6840,2481042,751339,1408,1
6841,2365508,716379,1408,1
6842,838126,253824,1408,1
6843,2732144,827397,1408,1
6844,1769518,536165,1408,1
6845,2589450,784571,1408,1
6846,1493798,452433,1408,1
6847,2148912,650932,1408,1
6848,1518618,459940,1408,1
6849,1119780,339621,1408,1
6850,2158558,653722,1408,1
6851,3366246,1019410,1408,1
6852,940540,285039,1408,1
6853,1167796,353673,1408,1
6854,2199378,666023,1408,1
6855,3780650,1144873,1408,1
6856,2904224,879482,1408,1
6857,1632280,494674,1408,1
6858,1196182,362261,1408,1
6859,2125668,643727,1408,1
6860,836998,253504,1408,1
6861,4551678,1378373,1408,1
6862,6113408,1851431,1408,1
6863,1887930,571727,1408,1
6864,4753680,1441833,1408,1
6865,1719620,520805,1408,1
6866,4820147,1460429,1408,1
6867,2606362,789352,1408,1
6868,1861414,563738,1408,1
6869,8809268,2670711,1408,1
6870,903996,273800,1408,1
6871,4685288,1419282,1408,1
6872,1501580,454748,1408,1
6873,1377658,417247,1408,1
6874,1316920,398858,1408,1
6875,930010,281695,1408,1
6876,2575382,780009,1408,1
6877,2540676,769646,1408,1
6878,3411978,1034477,1408,1
6879,3668564,1111035,1408,1
6880,2713344,821890,1408,1
6881,2513788,761233,1408,1
6882,1597336,483834,1408,1
6883,2436160,737747,1408,1
6884,1947704,589857,1408,1
6885,1982554,600445,1408,1
6886,10381204,3145729,1408,1
6887,999338,302688,1408,1
6888,1931100,584834,1408,1
6889,4592496,1390970,1408,1
6890,4164672,1261180,1408,1
6891,4535788,1373559,1408,1
6892,2617606,792716,1408,1
6893,3053394,924920,1408,1
6894,2012800,609578,1408,1
6895,10931001,3311952,1408,1
6896,4484894,1358150,1408,1
6897,1905982,577257,1408,1
6898,842600,255204,1408,1
6899,1633064,494569,1408,1
6900,6094524,1845816,1408,1
6901,1551098,469745,1408,1
6902,1598460,484210,1408,1
6903,1857906,562669,1408,1
6904,7070744,2142960,1408,1
6905,2976638,901681,1408,1
6906,1509160,457021,1408,1
6907,4216284,1277052,1408,1
6908,2673194,809547,1408,1
6909,2483576,752134,1408,1
6910,2086996,632067,1408,1
6911,2764296,837118,1408,1
6912,898606,272154,1408,1
6913,2680698,811824,1408,1
6914,4039856,1223389,1408,1
6915,2342452,713655,1408,1
6916,5807380,1759544,1408,1
6917,1044404,316342,1408,1
6918,3144392,952628,1408,1
6919,1244550,376923,1408,1
6920,4815050,1458123,1408,1
6921,2175842,658935,1408,1
6922,1243726,376718,1408,1
6923,2290556,693662,1408,1
6924,6520968,1974724,1408,1
6925,1669594,505723,1408,1
6926,3010792,911770,1408,1
6927,3824780,1158256,1408,1
6928,1738578,526509,1408,1
6929,808808,244980,1408,1
6930,4116838,1246773,1408,1
6931,2322888,703465,1408,1
6932,1638076,497139,1408,1
6933,4307504,1305332,1408,1
6934,4737504,1435449,1408,1
6935,1031408,313247,1408,1
6936,5071804,1536141,1408,1
6937,2196112,665556,1408,1
6938,756624,229178,1408,1
6939,3433216,1039770,1408,1
6940,5135964,1555391,1408,1
6941,2569592,778171,1408,1
6942,1927436,583717,1408,1
6943,821008,248660,1408,1
6944,2872764,870000,1408,1
6945,1091692,330627,1408,1
6946,2893850,876938,1408,1
6947,1740370,527054,1408,1
6948,822242,249034,1408,1
6949,1193290,361481,1408,1
6950,2429964,735873,1408,1
6951,4643024,1406028,1408,1
6952,5831750,1766064,1408,1
6953,3041128,921939,1408,1
6954,2178950,659902,1408,1
6955,1635504,495297,1408,1
6956,1769864,536087,1408,1
6957,1413434,428064,1408,1
6958,2705942,819535,1408,1
6959,808002,244725,1408,1
6960,3205500,970733,1408,1
6961,1214684,367947,1408,1
6962,2167834,656595,1408,1
6963,1910854,578733,1408,1
6964,813856,246495,1408,1
6965,1572008,476096,1408,1
6966,814162,246577,1408,1
6967,793926,240451,1408,1
6968,2050454,621381,1408,1
6969,6552898,1984455,1408,1
6970,2613880,791667,1408,1
6971,821938,248931,1408,1
6972,2815234,852555,1408,1
6973,2423172,734713,1408,1
6974,1369562,415166,1408,1
6975,2513662,761424,1408,1
6976,1459158,441900,1408,1
6977,1552706,470260,1408,1
6978,1217976,369159,1408,1
6979,5492113,1663848,1408,1
6980,2439914,739840,1408,1
6981,1783612,540172,1408,1
6982,3793798,1150610,1408,1
6983,903736,273743,1408,1
6984,1539290,466615,1408,1
6985,2603322,788494,1408,1
6986,2203818,667426,1408,1
6987,4249368,1293702,1408,1
6988,2688112,814366,1408,1
6989,6465240,1959047,1408,1
6990,1549162,469416,1408,1
6991,2382746,721736,1408,1
6992,2371354,718153,1408,1
6993,2079526,629784,1408,1
6994,2214150,670538,1408,1
6995,3579448,1083979,1408,1
6996,865790,262222,1408,1
6997,4162752,1260677,1408,1
6998,851060,257751,1408,1
6999,8986806,2721452,1408,1
7000,1927320,583699,1408,1
7001,3160146,958586,1408,1
7002,3139986,950896,1408,1
7003,1207186,365641,1408,1
7004,3184737,964583,1408,1
7005,830058,251402,1408,1
7006,1879945,569954,1408,1
7007,793290,240270,1408,1
7008,1466259,444562,1408,1
7009,1409650,427320,1408,1
7010,4186894,1267987,1408,1
7011,801282,242686,1408,1
7012,1326370,401674,1408,1
7013,4262746,1292832,1408,1
7014,4692266,1421252,1408,1
7015,3724564,1129209,1408,1
7016,801372,242713,1408,1
7017,3733958,1130772,1408,1
7018,1491170,451612,1408,1
7019,1394808,422715,1408,1
7020,1279822,387619,1408,1
7021,1386412,419905,1408,1
7022,2178674,659900,1408,1
7023,867230,262637,1408,1
7024,1330504,402981,1408,1
7025,3281420,993843,1408,1
7026,1428986,433342,1408,1
7027,3830092,1160051,1408,1
7028,2229284,675126,1408,1
7029,4753840,1439602,1408,1
7030,4796908,1452631,1408,1
7031,1917410,580690,1408,1
7032,3101860,939356,1408,1
7033,2663562,806734,1408,1
7034,3025284,916354,1408,1
7035,2951299,894888,1408,1
7036,4641298,1406717,1408,1
7037,1364966,413649,1408,1
7038,1284552,389052,1408,1
7039,2709034,820400,1408,1
7040,1540934,466664,1408,1
7041,2511510,760566,1408,1
7042,1727180,523079,1408,1
7043,3049780,923582,1408,1
7044,2725668,825435,1408,1
7045,3029392,917459,1408,1
7046,854308,258768,1408,1
7047,1180984,357734,1408,1
7048,1831164,554654,1408,1
7049,1201266,363809,1408,1
7050,1169938,355237,1408,1
7051,5851348,1772721,1408,1
7052,3387599,1026660,1408,1
7053,1136394,344163,1408,1
7054,9696949,2937989,1408,1
7055,2601640,788114,1408,1
7056,2004166,608028,1408,1
7057,3149060,953949,1408,1
7058,1457938,442012,1408,1
7059,3403266,1031466,1408,1
7060,4571740,1385197,1408,1
7061,13814079,4184391,1408,1
7062,6234592,1888636,1408,1
7063,3519594,1066415,1408,1
7064,3563168,1079395,1408,1
7065,2789736,844900,1408,1
7066,6679082,2024303,1408,1
7067,9279462,2811272,1408,1
7068,1393968,422491,1408,1
7069,4075482,1234185,1408,1
7070,1672170,506411,1408,1
7071,7683142,2326621,1408,1
7072,1876600,568342,1408,1
7073,2134694,646493,1408,1
7074,1092628,331133,1408,1
7075,2465272,746595,1408,1
7076,2258352,684889,1408,1
7077,3916850,1186374,1408,1
7078,1389608,420889,1408,1
7079,2324296,705261,1408,1
7080,1997182,605874,1408,1
7081,2619162,794034,1408,1
7082,1415916,428833,1408,1
7083,6112660,1851059,1408,1
7084,1754186,531276,1408,1
7085,3390278,1026782,1408,1
7086,4616126,1397959,1408,1
7087,2886882,874335,1408,1
7088,4027936,1220049,1408,1
7089,893146,270511,1408,1
7090,3248594,984031,1408,1
7091,1970850,596852,1408,1
7092,1886374,571290,1408,1
7093,1559748,472393,1408,1
7094,1930754,584729,1408,1
7095,1772094,536745,1408,1
7096,916840,277702,1408,1
7097,2594816,786704,1408,1
7098,1902274,576064,1408,1
7099,1244616,377812,1408,1
7100,3282569,994372,1408,1
7101,3008708,911775,1408,1
7102,3066902,928978,1408,1
7103,2054342,622437,1408,1
7104,2242152,679393,1408,1
7105,4720644,1429822,1408,1
7106,2883074,873161,1408,1
7107,5194994,1573389,1408,1
7108,4936482,1495527,1408,1
7109,4583335,1389152,1408,1
7110,1688182,511281,1408,1
7111,1806060,546975,1408,1
7112,1957406,592861,1408,1
7113,2401970,728438,1408,1
7114,1941760,588062,1408,1
7115,3403914,1030821,1408,1
7116,1378912,418019,1408,1
7117,2522108,763777,1408,1
7118,1349676,409080,1408,1
7119,911852,276255,1408,1
7120,5875454,1779223,1408,1
7121,4656000,1411512,1408,1
7122,4049588,1226784,1408,1
7123,2127053,644669,1408,1
7124,1503182,455238,1408,1
7125,1467198,444335,1408,1
7126,1730814,524264,1408,1
7127,6209694,1881464,1408,1
7128,1519554,460213,1408,1
7129,3208156,972438,1408,1
7130,1533842,464581,1408,1
7131,15059658,4563521,1408,1
7132,4727285,1432748,1408,1
7133,5649945,1712711,1408,1
7134,959752,290680,1408,1
7135,1643074,497604,1408,1
7136,3351466,1015955,1408,1
7137,2626408,795498,1408,1
7138,9679190,2933917,1408,1
7139,2602732,790144,1408,1
7140,4095532,1240860,1408,1
7141,14264031,4321487,1408,1
7142,4706513,1426443,1408,1
7143,1690632,512429,1408,1
7144,3861154,1169989,1408,1
7145,2258102,683957,1408,1
7146,1397982,423475,1408,1
7147,1939420,587730,1408,1
7148,2389000,723648,1408,1
7149,10023242,3036807,1408,1
7150,1634652,495480,1408,1
7151,2231536,676196,1408,1
7152,2357550,714518,1408,1
7153,2122160,642691,1408,1
7154,2944988,892826,1408,1
7155,3386100,1025882,1408,1
7156,1646340,498684,1408,1
7157,11661668,3532738,1408,1
7158,1309636,396843,1408,1
7159,2469320,748115,1408,1
7160,1877918,568761,1408,1
7161,5498648,1667642,1408,1
7162,2131272,645445,1408,1
7163,1666796,504882,1408,1
7164,2024076,626479,1408,1
7165,6860189,2078285,1408,1
7166,1450586,439307,1408,1
7167,3449412,1045420,1408,1
7168,1439116,435956,1408,1
7169,4369390,1324349,1408,1
7170,1767672,535741,1408,1
7171,1890354,572605,1408,1
7172,3459506,1048558,1408,1
7173,2215722,671085,1408,1
7174,2119878,642011,1408,1
7175,3330074,1008467,1408,1
7176,1750566,530175,1408,1
7177,1820996,551502,1408,1
7178,1006282,304796,1408,1
7179,8479800,2568786,1408,1
7180,5477464,1659111,1408,1
7181,2965982,898324,1408,1
7182,1325592,401461,1408,1
7183,2623032,794866,1408,1
7184,1244958,377058,1408,1
7185,2609002,790255,1408,1
7186,1104168,334434,1408,1
7187,1786666,541723,1408,1
7188,2048472,620451,1408,1
7189,4544678,1377788,1408,1
7190,22745888,6891191,1408,1
7191,2019006,611729,1408,1
7192,4877212,1478516,1408,1
7193,5470520,1657814,1408,1
7194,8343116,2529163,1408,1
7195,15204112,4606035,1408,1
7196,3110650,942014,1408,1
7197,3824331,1159213,1408,1
7198,4122334,1248362,1408,1
7199,11123230,3370331,1408,1
7200,1844016,559551,1408,1
7201,1507544,456574,1408,1
7202,1318476,399409,1408,1
7203,2882886,873068,1408,1
7204,917676,277958,1408,1
7205,2146670,651128,1408,1
7206,901666,273114,1408,1
7207,1240726,375883,1408,1
7208,899538,272527,1408,1
7209,1282140,388301,1408,1
7210,935898,283479,1408,1
7211,933416,282726,1408,1
7212,1280420,388276,1408,1
7213,4328812,1310888,1408,1
7214,2057697,623771,1408,1
7215,2629580,796342,1408,1
7216,3098346,938385,1408,1
7217,965264,292371,1408,1
7218,1776633,538764,1408,1
7219,1461346,442572,1408,1
7220,4755765,1440966,1408,1
7221,3986124,1207908,1408,1
7222,3601488,1091343,1408,1
7223,1239396,375361,1408,1
7224,5024760,1523916,1408,1
7225,3063588,929014,1408,1
7226,3804246,1152772,1408,1
7227,2989324,905743,1408,1
7228,1485992,450055,1408,1
7229,2349534,711545,1408,1
7230,1237158,374718,1408,1
7231,2129474,644914,1408,1
7232,1683018,509693,1408,1
7233,2282242,691170,1408,1
7234,1337531,405743,1408,1
7235,3656784,1107911,1408,1
7236,3096852,939836,1408,1
7237,6374374,1930394,1408,1
7238,2553464,773460,1408,1
7239,6832372,2071215,1408,1
7240,1334524,404196,1408,1
7241,1477072,448051,1408,1
7242,4164530,1261516,1408,1
7243,1121252,339714,1408,1
7244,2807552,850713,1408,1
7245,6812052,2063613,1408,1
7246,1377794,417289,1408,1
7247,5355036,1623104,1408,1
7248,1712122,518499,1408,1
7249,1838802,556901,1408,1
7250,1589778,481483,1408,1
7251,917562,277926,1408,1
7252,1801250,545534,1408,1
7253,3301592,999928,1408,1
7254,868010,262897,1408,1
7255,3988084,1208808,1408,1
7256,1817482,550428,1408,1
7257,4563596,1382933,1408,1
7258,1862114,563917,1408,1
7259,817964,247739,1408,1
7260,1642512,497786,1408,1
7261,5897233,1786848,1408,1
7262,10456014,3168506,1408,1
7263,2053754,623330,1408,1
7264,3385600,1026544,1408,1
7265,2982426,903198,1408,1
7266,2332006,706286,1408,1
7267,1298608,393889,1408,1
7268,3198456,971850,1408,1
7269,1471286,445600,1408,1
7270,1878050,569071,1408,1
7271,864572,261859,1408,1
7272,1363506,412930,1408,1
7273,1858548,563075,1408,1
7274,4885406,1480061,1408,1
7275,4553198,1388933,1408,1
7276,2357466,714628,1408,1
7277,5420960,1641702,1408,1
7278,1381942,418693,1408,1
7279,2719770,824445,1408,1
7280,5060564,1535544,1408,1
7281,1296898,392786,1408,1
7282,2783318,843286,1408,1
7283,4255836,1289912,1408,1
7284,3110984,942113,1408,1
7285,4746814,1437904,1408,1
7286,894826,271018,1408,1
7287,1864554,564687,1408,1
7288,2227348,674545,1408,1
7289,1193638,361525,1408,1
7290,2248036,680772,1408,1
7291,1630608,493846,1408,1
7292,3116688,943802,1408,1
7293,2513022,761044,1408,1
7294,3018788,914202,1408,1
7295,972070,294434,1408,1
7296,919668,278544,1408,1
7297,3088288,935296,1408,1
7298,3659522,1108819,1408,1
7299,1969660,596561,1408,1
7300,904356,273927,1408,1
7301,2694074,815869,1408,1
7302,1201218,363798,1408,1
7303,2339842,708601,1408,1
7304,1157256,350647,1408,1
7305,961752,291375,1408,1
7306,1146332,347222,1408,1
7307,1160646,351511,1408,1
7308,1659322,502539,1408,1
7309,862320,261175,1408,1
7310,1527274,462517,1408,1
7311,867576,262766,1408,1
7312,2629066,796233,1408,1
7313,1943390,588922,1408,1
7314,3087040,935924,1408,1
7315,838152,253861,1408,1
7316,1649644,499607,1408,1
7317,1293070,391635,1408,1
7318,880738,266775,1408,1
7319,6349250,1922819,1408,1
7320,2516204,762011,1408,1
7321,3203174,970517,1408,1
7322,3166460,959391,1408,1
7323,4281270,1296657,1408,1
7324,1313100,397900,1408,1
7325,1475846,446983,1408,1
7326,1434918,434588,1408,1
7327,2723538,825220,1408,1
7328,1468210,444669,1408,1
7329,2669174,808335,1408,1
7330,888354,269059,1408,1
7331,1312748,397595,1408,1
7332,2798426,847473,1408,1
7333,1848426,559779,1408,1
7334,1307396,395927,1408,1
7335,3982666,1206066,1408,1
7336,1620942,490895,1408,1
7337,3372206,1022649,1408,1
7338,3131574,948543,1408,1
7339,3269522,990125,1408,1
7340,871164,263855,1408,1
7341,1553806,470579,1408,1
7342,4289922,1299108,1408,1
7343,1768070,535458,1408,1
7344,1157478,350661,1408,1
7345,4116366,1246551,1408,1
7346,2078792,629532,1408,1
7347,981936,297566,1408,1
7348,1699652,514699,1408,1
7349,772922,234090,1408,1
7350,3108650,942872,1408,1
7351,2135552,647089,1408,1
7352,2922741,886091,1408,1
7353,6531000,1979437,1408,1
7354,1298690,393609,1408,1
7355,2049986,621482,1408,1
7356,2982444,903549,1408,1
7357,5997668,1817294,1408,1
7358,9371828,2839581,1408,1
7359,7538821,2289874,1408,1
7360,2211198,670431,1408,1
7361,2041190,618935,1408,1
7362,4291008,1299452,1408,1
7363,1693826,512974,1408,1
7364,1504648,455703,1408,1
7365,3486120,1056197,1408,1
7366,1632826,494516,1408,1
7367,1262760,382456,1408,1
7368,9516246,2882489,1408,1
7369,1264290,382915,1408,1
7370,866090,262310,1408,1
7371,3026178,916433,1408,1
7372,1594088,482779,1408,1
7373,854826,258923,1408,1
7374,3133362,948868,1408,1
7375,811338,245748,1408,1
7376,2368434,717377,1408,1
7377,3950580,1198059,1408,1
7378,1270166,385106,1408,1
7379,1854866,561746,1408,1
7380,7995922,2423030,1408,1
7381,3252262,985659,1408,1
7382,6573326,1991224,1408,1
7383,2008832,609882,1408,1
7384,842356,255148,1408,1
7385,6186557,1874985,1408,1
7386,1285352,389290,1408,1
7387,2044378,619132,1408,1
7388,3381722,1024773,1408,1
7389,3550408,1075769,1408,1
7390,2627968,795830,1408,1
7391,2946058,892616,1408,1
7392,1853824,561596,1408,1
7393,6182578,1873914,1408,1
7394,3862004,1170950,1408,1
7395,4442806,1345870,1408,1
7396,12281728,3721399,1408,1
7397,6871984,2081782,1408,1
7398,1656844,501784,1408,1
7399,2143782,650780,1408,1
7400,1717002,520006,1408,1
7401,4324782,1309678,1408,1
7402,3690036,1117686,1408,1
7403,916012,277457,1408,1
7404,1155492,349952,1408,1
7405,926494,280680,1408,1
7406,1109386,336644,1408,1
7407,1534014,464860,1408,1
7408,1732196,524608,1408,1
7409,1473108,446520,1408,1
7410,8957438,2713548,1408,1
7411,1628148,493110,1408,1
7412,4969518,1504901,1408,1
7413,953820,288910,1408,1
7414,2911358,881648,1408,1
7415,3850258,1165982,1408,1
7416,1572282,476184,1408,1
7417,1618654,490226,1408,1
7418,2961166,896743,1408,1
7419,2898770,877859,1408,1
7420,1268120,384056,1408,1
7421,2219836,673216,1408,1
7422,1438306,435638,1408,1
7423,3329427,1009273,1408,1
7424,1438216,436106,1408,1
7425,1798761,545631,1408,1
7426,4049540,1227152,1408,1
7427,6430088,1948081,1408,1
7428,5937716,1799801,1408,1
7429,4633062,1403492,1408,1
7430,4639484,1405673,1408,1
7431,1430416,433229,1408,1
7432,2135218,646726,1408,1
7433,1755972,531807,1408,1
7434,2474040,749249,1408,1
7435,2019644,611684,1408,1
7436,1364550,413277,1408,1
7437,4780966,1448025,1408,1
7438,1471222,446180,1408,1
7439,868058,262915,1408,1
7440,8240161,2496477,1408,1
7441,1631702,494244,1408,1
7442,4879094,1477634,1408,1
7443,3486322,1055851,1408,1
7444,1129202,341989,1408,1
7445,2356582,713843,1408,1
7446,802692,243114,1408,1
7447,8137939,2466069,1408,1
7448,786534,238222,1408,1
7449,1591664,482010,1408,1
7450,827164,250542,1408,1
7451,781144,236565,1408,1
7452,2535538,767834,1408,1
7453,2772122,839494,1408,1
7454,3045694,922314,1408,1
7455,751556,227606,1408,1
7456,1654410,501025,1408,1
7457,1977250,598945,1408,1
7458,795546,240949,1408,1
7459,2764014,837043,1408,1
7460,778218,235780,1408,1
7461,2876668,871364,1408,1
7462,1488690,451751,1408,1
7463,1840764,557570,1408,1
7464,1462896,443336,1408,1
7465,4910564,1488026,1408,1
7466,4974581,1508622,1408,1
7467,7622098,2310041,1408,1
7468,3477463,1053956,1408,1
7469,2073698,628071,1408,1
7470,1284996,389151,1408,1
7471,1808034,547577,1408,1
7472,1502154,455017,1408,1
7473,1074164,325596,1408,1
7474,1602728,485840,1408,1
7475,3274346,991656,1408,1
7476,3183886,964243,1408,1
7477,1402776,424857,1408,1
7478,7831226,2372474,1408,1
7479,1897228,574558,1408,1
7480,1454040,441003,1408,1
7481,860558,260618,1408,1
7482,3159400,957542,1408,1
7483,4822781,1461118,1408,1
7484,4400104,1333150,1408,1
7485,1308730,396351,1408,1
7486,5244084,1588142,1408,1
7487,1565972,474268,1408,1
7488,3132920,948756,1408,1
7489,1257380,380801,1408,1
7490,1164810,352773,1408,1
7491,3420564,1035856,1408,1
7492,1513518,458440,1408,1
7493,1039478,314982,1408,1
7494,2765592,837512,1408,1
7495,3911111,1185261,1408,1
7496,6928606,2098592,1408,1
7497,1460056,442273,1408,1
7498,1339110,405526,1408,1
7499,1381006,418759,1408,1
7500,2491772,756344,1408,1
7501,2148756,650756,1408,1
7502,1738198,526373,1408,1
7503,1361668,412398,1408,1
7504,1555780,471169,1408,1
7505,2606730,790317,1408,1
7506,814836,246792,1408,1
7507,3720210,1127687,1408,1
7508,3733430,1131822,1408,1
7509,3604394,1091948,1408,1
7510,1456666,441331,1408,1
7511,2585234,784046,1408,1
7512,3800376,1151661,1408,1
7513,828360,250906,1408,1
7514,4266836,1292181,1408,1
7515,2989172,905226,1408,1
7516,4110652,1244899,1408,1
7517,4494686,1361944,1408,1
7518,1179710,357307,1408,1
7519,1909660,578319,1408,1
7520,1783872,540361,1408,1
7521,4561890,1381465,1408,1
7522,7420174,2248669,1408,1
7523,1585020,480015,1408,1
7524,5523452,1673756,1408,1
7525,1836146,556324,1408,1
7526,1576600,477467,1408,1
7527,925678,280379,1408,1
7528,1602830,485664,1408,1
7529,1969372,596419,1408,1
7530,2823548,855084,1408,1
7531,823506,249420,1408,1
7532,1196756,362464,1408,1
7533,815874,247108,1408,1
7534,818158,247799,1408,1
7535,846166,256302,1408,1
7536,1089452,329949,1408,1
7537,976114,295648,1408,1
7538,6422968,1946256,1408,1
7539,1519712,460255,1408,1
7540,5556712,1684142,1408,1
7541,1393220,421940,1408,1
7542,1148870,347939,1408,1
7543,2060932,624219,1408,1
7544,1145668,346970,1408,1
7545,1760468,533139,1408,1
7546,827714,250709,1408,1
7547,1141162,345603,1408,1
7548,1760208,533077,1408,1
7549,1751936,530538,1408,1
7550,1157040,350435,1408,1
7551,795246,240838,1408,1
7552,1367854,414275,1408,1
7553,1397964,423367,1408,1
7554,5453912,1652034,1408,1
7555,1810902,548502,1408,1
7556,3066862,928737,1408,1
7557,1698044,514382,1408,1
7558,1760672,533200,1408,1
7559,2125312,643656,1408,1
7560,3240676,982180,1408,1
7561,2929672,888312,1408,1
7562,4604681,1396477,1408,1
7563,6007532,1820607,1408,1
7564,2306020,698339,1408,1
7565,2647650,801811,1408,1
7566,5580772,1690117,1408,1
7567,1285764,389400,1408,1
7568,1642204,497353,1408,1
7569,2968944,900317,1408,1
7570,1992540,603580,1408,1
7571,4974330,1507266,1408,1
7572,1400882,424448,1408,1
7573,4785042,1450283,1408,1
7574,2886462,874289,1408,1
7575,921778,279199,1408,1
7576,1549120,469132,1408,1
7577,1271298,385039,1408,1
7578,3229556,978023,1408,1
7579,1752214,531336,1408,1
7580,4961976,1502690,1408,1
7581,1557196,471571,1408,1
7582,892994,270486,1408,1
7583,2603050,788399,1408,1
7584,853834,258601,1408,1
7585,2511078,760434,1408,1
7586,1497838,453616,1408,1
7587,4084932,1237012,1408,1
7588,4985870,1509852,1408,1
7589,2101036,636288,1408,1
7590,799442,242129,1408,1
7591,1166638,353335,1408,1
7592,1071824,324632,1408,1
7593,1512399,458580,1408,1
7594,2087912,632754,1408,1
7595,4691992,1421826,1408,1
7596,813658,246440,1408,1
7597,3503670,1061018,1408,1
7598,822616,249167,1408,1
7599,4201424,1272604,1408,1
7600,2422260,733634,1408,1
7601,8013402,2427935,1408,1
7602,1138438,344785,1408,1
7603,5307516,1608810,1408,1
7604,900658,272799,1408,1
7605,2432746,737053,1408,1
7606,1443922,438196,1408,1
7607,1510746,457499,1408,1
7608,2201380,666803,1408,1
7609,1517000,459406,1408,1
7610,1879802,569298,1408,1
7611,1431370,433503,1408,1
7612,3811810,1154363,1408,1
7613,4515886,1367952,1408,1
7614,2919312,885350,1408,1
7615,1412032,427676,1408,1
7616,1222574,370261,1408,1
7617,2718248,823201,1408,1
7618,1158734,350935,1408,1
7619,895370,271207,1408,1
7620,5312094,1608635,1408,1
7621,6187154,1873614,1408,1
7622,2402750,727658,1408,1
7623,4107710,1243937,1408,1
7624,1321754,400315,1408,1
7625,2241554,678827,1408,1
7626,8833836,2676342,1408,1
7627,4652344,1409027,1408,1
7628,1624422,491977,1408,1
7629,980918,297116,1408,1
7630,4301873,1304441,1408,1
7631,1553689,471282,1408,1
7632,2901791,879445,1408,1
7633,17743443,5375248,1408,1
7634,1444398,437456,1408,1
7635,5384404,1631534,1408,1
7636,1203278,364422,1408,1
7637,3208582,971931,1408,1
7638,4719652,1429242,1408,1
7639,2700044,817691,1408,1
7640,1499098,453974,1408,1
7641,2648614,802101,1408,1
7642,3701014,1121640,1408,1
7643,4809926,1457390,1408,1
7644,2110364,639488,1408,1
7645,3400554,1030129,1408,1
7646,1329756,403347,1408,1
7647,1612238,488264,1408,1
7648,1995702,604394,1408,1
7649,3513836,1064166,1408,1
7650,3623214,1097474,1408,1
7651,1097118,332273,1408,1
7652,7599347,2302069,1408,1
7653,2275360,689072,1408,1
7654,906800,274663,1408,1
7655,4000742,1211509,1408,1
7656,2779263,842369,1408,1
7657,3219678,975602,1408,1
7658,8980300,2720949,1408,1
7659,964198,292027,1408,1
7660,2062056,624496,1408,1
7661,1627252,492830,1408,1
7662,921184,279003,1408,1
7663,4197304,1271070,1408,1
7664,2707812,820012,1408,1
7665,3063552,927760,1408,1
7666,4806668,1455591,1408,1
7667,916598,277617,1408,1
7668,1650676,499924,1408,1
7669,1771376,536473,1408,1
7670,4662389,1413679,1408,1
7671,3141490,951914,1408,1
7672,1846658,559540,1408,1
7673,3533662,1070603,1408,1
7674,3168660,959610,1408,1
7675,2293268,694780,1408,1
7676,8329000,2523575,1408,1
7677,1999566,605568,1408,1
7678,13060637,3957105,1408,1
7679,1093752,331990,1408,1
7680,842642,255213,1408,1
7681,1629072,493571,1408,1
7682,2334090,706859,1408,1
7683,1756714,532019,1408,1
7684,3079240,932674,1408,1
7685,2470490,749683,1408,1
7686,796498,241240,1408,1
7687,8984641,2722108,1408,1
7688,1117952,338599,1408,1
7689,798656,241889,1408,1
7690,1036318,313861,1408,1
7691,767032,232409,1408,1
7692,1038564,314541,1408,1
7693,1876720,569257,1408,1
7694,5917898,1792763,1408,1
7695,862230,261162,1408,1
7696,804588,243678,1408,1
7697,4587952,1390034,1408,1
7698,2054558,622210,1408,1
7699,4864704,1473171,1408,1
7700,5878976,1780344,1408,1
7701,2457294,744164,1408,1
7702,781554,236731,1408,1
7703,1367916,414262,1408,1
7704,3298770,999411,1408,1
7705,2369286,717542,1408,1
7706,1130112,342282,1408,1
7707,831568,251879,1408,1
7708,4070748,1233151,1408,1
7709,2017034,610831,1408,1
7710,1319308,399681,1408,1
7711,2672116,809248,1408,1
7712,2085170,631462,1408,1
7713,880902,266820,1408,1
7714,850644,257876,1408,1
7715,877040,265632,1408,1
7716,2620870,793940,1408,1
7717,948156,287186,1408,1
7718,1886876,571439,1408,1
7719,1619676,491815,1408,1
7720,1816618,550967,1408,1
7721,1539098,466140,1408,1
7722,2312678,700379,1408,1
7723,3661084,1109958,1408,1
7724,6016574,1823192,1408,1
7725,3716386,1125436,1408,1
7726,1580510,478654,1408,1
7727,1385062,419587,1408,1
7728,872278,264272,1408,1
7729,2639804,799436,1408,1
7730,1136098,344179,1408,1
7731,1294478,392329,1408,1
7732,1944464,589444,1408,1
7733,1127486,341497,1408,1
7734,819756,248281,1408,1
7735,5414996,1640296,1408,1
7736,1704854,516495,1408,1
7737,1353010,410183,1408,1
7738,3435799,1040836,1408,1
7739,2109366,638787,1408,1
7740,1940778,587795,1408,1
7741,4610954,1396319,1408,1
7742,814158,246578,1408,1
7743,2128682,644841,1408,1
7744,851460,257905,1408,1
7745,1560054,472594,1408,1
7746,3369096,1020273,1408,1
7747,1583372,480265,1408,1
7748,2380084,720771,1408,1
7749,8734620,2646071,1408,1
7750,2199402,666058,1408,1
7751,4155722,1259048,1408,1
7752,4670948,1414488,1408,1
7753,1463616,443279,1408,1
7754,2349200,711450,1408,1
7755,2903034,879739,1408,1
7756,4199990,1272957,1408,1
7757,3126146,947862,1408,1
7758,3859506,1169343,1408,1
7759,1881088,570107,1408,1
7760,920500,278817,1408,1
7761,894474,270932,1408,1
7762,2847494,862461,1408,1
7763,1607802,487080,1408,1
7764,2103174,637016,1408,1
7765,2406888,729078,1408,1
7766,5029290,1523258,1408,1
7767,1050496,318178,1408,1
7768,840862,254674,1408,1
7769,3461101,1048431,1408,1
7770,2036562,616844,1408,1
7771,886908,268644,1408,1
7772,1047919,317840,1408,1
7773,1891802,573050,1408,1
7774,3898796,1180767,1408,1
7775,7244654,2195391,1408,1
7776,929286,281476,1408,1
7777,3058278,927187,1408,1
7778,4416282,1338787,1408,1
7779,1407250,426414,1408,1
7780,1719090,520641,1408,1
7781,7217270,2187084,1408,1
7782,2417499,733115,1408,1
7783,1919732,581512,1408,1
7784,1372394,415739,1408,1
7785,2998646,908107,1408,1
7786,2283510,691562,1408,1
7787,2647820,801875,1408,1
7788,1985306,601710,1408,1
7789,1495156,452830,1408,1
7790,1246240,377462,1408,1
7791,3099622,939451,1408,1
7792,4885722,1479565,1408,1
7793,1973012,597730,1408,1
7794,2006602,608124,1408,1
7795,8075518,2446454,1408,1
7796,2593470,786502,1408,1
7797,1936402,586420,1408,1
7798,9503749,2880370,1408,1
7799,4396008,1331543,1408,1
7800,2334026,707589,1408,1
7801,2598850,788612,1408,1
7802,3110196,941893,1408,1
7803,2632509,798285,1408,1
7804,895766,271305,1408,1
7805,5100544,1545109,1408,1
7806,1136966,344819,1408,1
7807,3677178,1114693,1408,1
7808,2837468,859309,1408,1
7809,883652,267639,1408,1
7810,891954,270172,1408,1
7811,1593842,482732,1408,1
7812,4166476,1261923,1408,1
7813,1468970,444876,1408,1
7814,2004098,606935,1408,1
7815,1544468,467772,1408,1
7816,2516378,762059,1408,1
7817,3890256,1178614,1408,1
7818,1190830,360667,1408,1
7819,2665588,807721,1408,1
7820,1332228,403631,1408,1
7821,3150955,954698,1408,1
7822,1086560,329092,1408,1
7823,3662112,1108995,1408,1
7824,1321524,400262,1408,1
7825,1042530,315737,1408,1
7826,3700078,1120635,1408,1
7827,1199310,363237,1408,1
7828,3569774,1081058,1408,1
7829,1400584,424264,1408,1
7830,3319504,1005778,1408,1
7831,816462,247290,1408,1
7832,813640,246418,1408,1
7833,1563328,473466,1408,1
7834,1139954,345278,1408,1
7835,2923738,885490,1408,1
7836,865438,262118,1408,1
7837,973184,294980,1408,1
7838,1133698,343386,1408,1
7839,1450828,439356,1408,1
7840,2681552,812065,1408,1
7841,1350816,409146,1408,1
7842,4491850,1360776,1408,1
7843,2341948,709803,1408,1
7844,2006343,608164,1408,1
7845,995920,301638,1408,1
7846,2903910,881064,1408,1
7847,5264866,1595145,1408,1
7848,964130,292030,1408,1
7849,4461204,1351930,1408,1
7850,2465068,747131,1408,1
7851,4627484,1403158,1408,1
7852,3487196,1056343,1408,1
7853,3939713,1194220,1408,1
7854,2293375,695589,1408,1
7855,5385296,1633902,1408,1
7856,921030,278957,1408,1
7857,2826812,856068,1408,1
7858,1248220,378100,1408,1
7859,1694962,514582,1408,1
7860,7589058,2298273,1408,1
7861,2146060,649963,1408,1
7862,1399360,423822,1408,1
7863,895416,271199,1408,1
7864,1816776,550195,1408,1
7865,2034348,616104,1408,1
7866,1758919,533132,1408,1
7867,2961344,897166,1408,1
7868,1918680,581220,1408,1
7869,1412472,427818,1408,1
7870,6741088,2042509,1408,1
7871,7317862,2216002,1408,1
7872,1208338,366078,1408,1
7873,1926990,583591,1408,1
7874,1228832,372184,1408,1
7875,2985720,904935,1408,1
7876,864088,261712,1408,1
7877,2067468,626133,1408,1
7878,1290322,390807,1408,1
7879,892848,270422,1408,1
7880,937194,283947,1408,1
7881,4547367,1378351,1408,1
7882,2430623,737383,1408,1
7883,5502191,1667367,1408,1
7884,2663166,806893,1408,1
7885,8693230,2635040,1408,1
7886,6610748,2003451,1408,1
7887,7534195,2283026,1408,1
7888,2749845,833464,1408,1
7889,1672660,506579,1408,1
7890,10522927,3187817,1408,1
7891,6516526,1973489,1408,1
7892,3498182,1060273,1408,1
7893,9922214,3006577,1408,1
7894,5547030,1681225,1408,1
7895,5096843,1544364,1408,1
7896,2311999,700693,1408,1
7897,924932,280138,1408,1
7898,1237948,374919,1408,1
7899,927994,281062,1408,1
7900,6359033,1927045,1408,1
7901,3299312,999166,1408,1
7902,5430974,1646314,1408,1
7903,2550138,772289,1408,1
7904,3418106,1035244,1408,1
7905,2589250,785212,1408,1
7906,866134,262344,1408,1
7907,979698,296743,1408,1
7908,11731529,3554191,1408,1
7909,3335309,1011327,1408,1
7910,6714882,2034186,1408,1
7911,2034314,616537,1408,1
7912,5022204,1521851,1408,1
7913,5211550,1579423,1408,1
7914,5545644,1680458,1408,1
7915,3469242,1051084,1408,1
7916,1442226,437365,1408,1
7917,4825799,1462432,1408,1
7918,4713378,1427747,1408,1
7919,2011436,609191,1408,1
7920,3076980,931904,1408,1
7921,3094562,937172,1408,1
7922,3968508,1203194,1408,1
7923,2456356,744227,1408,1
7924,1570458,476030,1408,1
7925,2112112,639685,1408,1
7926,2367654,717070,1408,1
7927,3252744,985155,1408,1
7928,2196976,665342,1408,1
7929,1437360,435383,1408,1
7930,1178746,357015,1408,1
7931,2596170,786228,1408,1
7932,5365715,1626112,1408,1
7933,1508134,456751,1408,1
7934,1815316,550446,1408,1
7935,2856462,865046,1408,1
7936,6869382,2082323,1408,1
7937,5067670,1535132,1408,1
7938,1551076,469774,1408,1
7939,2013998,609935,1408,1
7940,1114666,337589,1408,1
7941,2100776,636212,1408,1
7942,1477012,447330,1408,1
7943,1124986,340732,1408,1
7944,2824360,855316,1408,1
7945,3132604,948687,1408,1
7946,833450,252447,1408,1
7947,2740312,829845,1408,1
7948,2155828,652875,1408,1
7949,842994,255338,1408,1
7950,1317960,399283,1408,1
7951,2620990,793929,1408,1
7952,5635892,1707148,1408,1
7953,868242,262969,1408,1
7954,1812760,549000,1408,1
7955,1213672,367548,1408,1
7956,3831918,1160423,1408,1
7957,892710,270383,1408,1
7958,907284,274790,1408,1
7959,915278,277228,1408,1
7960,2334962,707130,1408,1
7961,6136590,1858303,1408,1
7962,3047776,922979,1408,1
7963,6054212,1834081,1408,1
7964,4169380,1262618,1408,1
7965,2691836,815502,1408,1
7966,1657490,501984,1408,1
7967,2466072,747537,1408,1
7968,2455062,745100,1408,1
7969,1795954,544240,1408,1
7970,5950944,1803543,1408,1
7971,3684792,1116528,1408,1
7972,3967106,1202648,1408,1
7973,2638046,799403,1408,1
7974,2927853,887552,1408,1
7975,3181544,963760,1408,1
7976,1893910,574234,1408,1
7977,1627124,493053,1408,1
7978,4113966,1246595,1408,1
7979,1859872,563253,1408,1
7980,6491928,1965983,1408,1
7981,1497914,453701,1408,1
7982,1394776,422433,1408,1
7983,3263632,990026,1408,1
7984,8043718,2436615,1408,1
7985,5435089,1646929,1408,1
7986,2418902,732568,1408,1
7987,3610574,1093631,1408,1
7988,7515214,2276834,1408,1
7989,1997568,604935,1408,1
7990,2862512,866937,1408,1
7991,832052,252125,1408,1
7992,4639488,1404959,1408,1
7993,981522,297294,1408,1
7994,1447884,438822,1408,1
7995,4304486,1304975,1408,1
7996,935570,283376,1408,1
7997,1285784,389426,1408,1
7998,1950522,590678,1408,1
7999,1068334,323581,1408,1
8000,3420286,1036084,1408,1
8001,4486684,1359073,1408,1
8002,1330976,403117,1408,1
8003,1032162,312605,1408,1
8004,1585070,480031,1408,1
8005,1190334,360502,1408,1
8006,1615998,489421,1408,1
8007,3648536,1104894,1408,1
8008,2555726,773957,1408,1
8009,3716060,1125345,1408,1
8010,886220,268411,1408,1
8011,2245296,679955,1408,1
8012,888654,269137,1408,1
8013,4106462,1244890,1408,1
8014,2091520,633392,1408,1
8015,5264032,1594145,1408,1
8016,3933648,1191228,1408,1
8017,2251464,681898,1408,1
8018,948784,287388,1408,1
8019,968522,293363,1408,1
8020,2828844,856687,1408,1
8021,4034427,1225634,1408,1
8022,1422490,430812,1408,1
8023,1508288,456803,1408,1
8024,5402366,1637837,1408,1
8025,1278530,387243,1408,1
8026,2171544,657742,1408,1
8027,2749288,832590,1408,1
8028,843086,255350,1408,1
8029,1516548,459303,1408,1
8030,1015686,307635,1408,1
8031,4246134,1285850,1408,1
8032,816206,247211,1408,1
8033,2781362,842334,1408,1
8034,2057686,623161,1408,1
8035,3001474,908947,1408,1
8036,1888756,571983,1408,1
8037,1958998,593254,1408,1
8038,1067646,323368,1408,1
8039,2030122,614814,1408,1
8040,5242474,1587557,1408,1
8041,1976166,599148,1408,1
8042,1642914,497620,1408,1
8043,761422,230628,1408,1
8044,748884,226818,1408,1
8045,2826866,856161,1408,1
8046,1933574,585760,1408,1
8047,3844538,1164233,1408,1
8048,3085974,934533,1408,1
8049,1041640,315488,1408,1
8050,1398010,423437,1408,1
8051,1454606,440537,1408,1
8052,734368,222421,1408,1
8053,2197256,665604,1408,1
8054,740868,224393,1408,1
8055,1348432,408385,1408,1
8056,754548,228530,1408,1
8057,1294632,392074,1408,1
8058,1507680,456608,1408,1
8059,1133228,343219,1408,1
8060,1008436,305429,1408,1
8061,3228218,977686,1408,1
8062,8058928,2442474,1408,1
8063,5878302,1781671,1408,1
8064,787640,238792,1408,1
8065,919186,278632,1408,1
8066,3738082,1132000,1408,1
8067,4385834,1329217,1408,1
8068,1503488,455328,1408,1
8069,894658,270987,1408,1
8070,1199976,363443,1408,1
8071,1487980,450633,1408,1
8072,3695492,1119112,1408,1
8073,2779062,842868,1408,1
8074,12437487,3767976,1408,1
8075,1549456,469490,1408,1
8076,5103384,1548189,1408,1
8077,1516874,459479,1408,1
8078,9441956,2860688,1408,1
8079,12994033,3936184,1408,1
8080,1618622,490218,1408,1
8081,4957460,1501268,1408,1
8082,4118794,1247307,1408,1
8083,1238692,375198,1408,1
8084,1582324,479222,1408,1
8085,890082,269586,1408,1
8086,2682318,812290,1408,1
8087,920996,278970,1408,1
8088,4767688,1443782,1408,1
8089,6250434,1892961,1408,1
8090,1840286,557360,1408,1
8091,3588092,1086811,1408,1
8092,829920,251376,1408,1
8093,4045906,1225212,1408,1
8094,773636,234318,1408,1
8095,1430326,433170,1408,1
8096,831078,251728,1408,1
8097,1421676,430546,1408,1
8098,3414348,1033967,1408,1
8099,6420880,1945781,1408,1
8100,2596948,786543,1408,1
8101,2087306,632127,1408,1
8102,1649136,499463,1408,1
8103,2871480,869972,1408,1
8104,2976778,901468,1408,1
8105,2009550,608735,1408,1
8106,1338112,405880,1408,1
8107,836226,253286,1408,1
8108,778930,235918,1408,1
8109,4714112,1427551,1408,1
8110,2170382,657266,1408,1
8111,4254394,1290278,1408,1
8112,1671030,506079,1408,1
8113,858240,259940,1408,1
8114,1510810,457585,1408,1
8115,1507774,456662,1408,1
8116,2939414,890594,1408,1
8117,4428846,1341697,1408,1
8118,840206,254481,1408,1
8119,1595548,483225,1408,1
8120,1479478,448041,1408,1
8121,2542966,770113,1408,1
8122,1748562,529641,1408,1
8123,3062112,927292,1408,1
8124,3978412,1204781,1408,1
8125,3681800,1115107,1408,1
8126,6536457,1980791,1408,1
8127,2753992,834018,1408,1
8128,3699380,1120895,1408,1
8129,2536070,768028,1408,1
8130,2186508,662350,1408,1
8131,3273244,992546,1408,1
8132,2081858,630561,1408,1
8133,2008942,608409,1408,1
8134,2165946,655967,1408,1
8135,1322698,400609,1408,1
8136,1982202,601826,1408,1
8137,5401668,1636943,1408,1
8138,2733568,828530,1408,1
8139,1756124,532176,1408,1
8140,1460508,444183,1408,1
8141,9939691,3011175,1408,1
8142,895506,271258,1408,1
8143,5894000,1784921,1408,1
8144,1760632,533465,1408,1
8145,1610440,487894,1408,1
8146,3166204,958970,1408,1
8147,1666052,504613,1408,1
8148,2434304,737591,1408,1
8149,6713894,2033524,1408,1
8150,6994232,2118430,1408,1
8151,5311362,1608738,1408,1
8152,9048449,2741444,1408,1
8153,3607940,1092700,1408,1
8154,3096936,937864,1408,1
8155,2802386,848676,1408,1
8156,2760204,835977,1408,1
8157,2489592,753929,1408,1
8158,1263138,382688,1408,1
8159,1211424,366863,1408,1
8160,5085804,1540112,1408,1
8161,2698702,817344,1408,1
8162,1406558,426356,1408,1
8163,6841885,2073310,1408,1
8164,2019984,612046,1408,1
8165,10960692,3321718,1408,1
8166,1101180,333488,1408,1
8167,1220350,369609,1408,1
8168,820512,248510,1408,1
8169,913072,276559,1408,1
8170,1115048,337722,1408,1
8171,1505468,455942,1408,1
8172,1946118,589465,1408,1
8173,1908948,579166,1408,1
8174,3114556,943191,1408,1
8175,1821646,551724,1408,1
8176,3749318,1135506,1408,1
8177,1098386,332649,1408,1
8178,1018176,308361,1408,1
8179,2529000,766944,1408,1
8180,1610114,487617,1408,1
8181,1031608,312426,1408,1
8182,3552676,1075853,1408,1
8183,732920,221985,1408,1
8184,2649482,802548,1408,1
8185,771276,233619,1408,1
8186,1075950,325837,1408,1
8187,6138704,1858934,1408,1
8188,3390040,1026611,1408,1
8189,1093562,331197,1408,1
8190,2751686,833293,1408,1
8191,839930,254396,1408,1
8192,1853062,561206,1408,1
8193,2069950,626859,1408,1
8194,1230996,372816,1408,1
8195,837610,253691,1408,1
8196,2808804,850609,1408,1
8197,2551440,772719,1408,1
8198,1553954,470830,1408,1
8199,876228,265488,1408,1
8200,817696,247658,1408,1
8201,2349828,712098,1408,1
8202,3654659,1107158,1408,1
8203,9792412,2967172,1408,1
8204,1215144,368010,1408,1
8205,2685938,813442,1408,1
8206,7349240,2226175,1408,1
8207,935514,283358,1408,1
8208,2099778,636514,1408,1
8209,2376920,719890,1408,1
8210,2937108,889459,1408,1
8211,2825696,857277,1408,1
8212,2617408,794009,1408,1
8213,1872486,567172,1408,1
8214,5000164,1515947,1408,1
8215,3282954,994754,1408,1
8216,2405788,729087,1408,1
8217,2608154,789917,1408,1
8218,7388076,2238107,1408,1
8219,1275358,386249,1408,1
8220,925958,280454,1408,1
8221,3028750,917182,1408,1
8222,1432034,433867,1408,1
8223,1312696,397555,1408,1
8224,2857408,865337,1408,1
8225,1347494,408128,1408,1
8226,1276142,386491,1408,1
8227,951646,288227,1408,1
8228,1310492,396914,1408,1
8229,1617558,489869,1408,1
8230,1725940,522716,1408,1
8231,2325928,705126,1408,1
8232,2835192,858588,1408,1
8233,1371586,415389,1408,1
8234,1404772,425443,1408,1
8235,1824600,552567,1408,1
8236,2377610,720051,1408,1
8237,1380230,418302,1408,1
8238,1606524,486972,1408,1
8239,1707664,517342,1408,1
8240,1492554,452362,1408,1
8241,4194522,1270420,1408,1
8242,1051880,318626,1408,1
8243,1023096,309889,1408,1
8244,991118,300182,1408,1
8245,1332150,403537,1408,1
8246,1751478,530425,1408,1
8247,2030556,615433,1408,1
8248,7540768,2283926,1408,1
8249,2355404,713436,1408,1
8250,3495016,1058425,1408,1
8251,890080,269585,1408,1
8252,2071928,627482,1408,1
8253,2936158,889505,1408,1
8254,1427496,432350,1408,1
8255,1770095,537259,1408,1
8256,2868272,868707,1408,1
8257,3659664,1108839,1408,1
8258,2731586,827454,1408,1
8259,927098,280814,1408,1
8260,1450727,439932,1408,1
8261,7382678,2237359,1408,1
8262,1759386,532899,1408,1
8263,1575248,477084,1408,1
8264,883680,267767,1408,1
8265,1581078,478932,1408,1
8266,2849370,863023,1408,1
8267,1249572,378439,1408,1
8268,4049980,1226453,1408,1
8269,2294510,694839,1408,1
8270,2352740,712537,1408,1
8271,865076,262010,1408,1
8272,5202282,1575395,1408,1
8273,3238412,981670,1408,1
8274,3811332,1154171,1408,1
8275,1678292,508284,1408,1
8276,1921436,581912,1408,1
8277,7894936,2392125,1408,1
8278,2815760,853017,1408,1
8279,3667782,1110736,1408,1
8280,2203210,667478,1408,1
8281,2804474,849462,1408,1
8282,8722196,2642716,1408,1
8283,5166864,1564656,1408,1
8284,767196,232378,1408,1
8285,1540108,466410,1408,1
8286,757258,229373,1408,1
8287,1891532,572977,1408,1
8288,950810,288049,1408,1
8289,3844274,1165105,1408,1
8290,760652,230382,1408,1
8291,7758062,2351786,1408,1
8292,3336166,1010308,1408,1
8293,7675464,2326274,1408,1
8294,1376204,416806,1408,1
8295,1664988,504261,1408,1
8296,1858277,563594,1408,1
8297,3134412,949456,1408,1
8298,2442685,741226,1408,1
8299,3574420,1083205,1408,1
8300,2587658,783652,1408,1
8301,8094752,2452766,1408,1
8302,2924074,885499,1408,1
8303,2805980,849918,1408,1
8304,1287174,389911,1408,1
8305,1479886,448218,1408,1
8306,6059178,1836481,1408,1
8307,4185689,1268519,1408,1
8308,2718648,823820,1408,1
8309,3590222,1087565,1408,1
8310,949690,287642,1408,1
8311,4302544,1302937,1408,1
8312,1864058,564517,1408,1
8313,3605290,1091776,1408,1
8314,2006054,607535,1408,1
8315,5191454,1572993,1408,1
8316,5459015,1653536,1408,1
8317,5525125,1673845,1408,1
8318,2259728,685004,1408,1
8319,4135620,1252572,1408,1
8320,3661380,1108880,1408,1
8321,1556492,471732,1408,1
8322,2934732,889309,1408,1
8323,1316442,398688,1408,1
8324,1725356,522544,1408,1
8325,2250036,681413,1408,1
8326,4031116,1221653,1408,1
8327,896366,271460,1408,1
8328,3434562,1040098,1408,1
8329,3108168,941334,1408,1
8330,2637352,798768,1408,1
8331,896186,271430,1408,1
8332,4200042,1271848,1408,1
8333,1719690,520799,1408,1
8334,3196825,968903,1408,1
8335,3163508,958226,1408,1
8336,2128560,644630,1408,1
8337,3771462,1142198,1408,1
8338,4130852,1251638,1408,1
8339,860612,260657,1408,1
8340,2770894,839136,1408,1
8341,1752486,536916,1408,1
8342,901106,272943,1408,1
8343,4531888,1372554,1408,1
8344,2052628,621633,1408,1
8345,1892246,573117,1408,1
8346,2886452,874134,1408,1
8347,1473942,446401,1408,1
8348,3515366,1064590,1408,1
8349,3266326,989148,1408,1
8350,4106838,1243673,1408,1
8351,1694072,513062,1408,1
8352,8095414,2453091,1408,1
8353,4231183,1282227,1408,1
8354,2970172,899479,1408,1
8355,4068716,1232264,1408,1
8356,5186402,1570575,1408,1
8357,3620634,1096515,1408,1
8358,6810994,2064316,1408,1
8359,1471380,445623,1408,1
8360,1340388,406036,1408,1
8361,2898694,878058,1408,1
8362,1288920,390372,1408,1
8363,1169602,354207,1408,1
8364,3367662,1019836,1408,1
8365,1329778,402698,1408,1
8366,3392584,1027382,1408,1
8367,1686352,510701,1408,1
8368,6504413,1970153,1408,1
8369,1528566,462938,1408,1
8370,1805132,546999,1408,1
8371,3296318,998723,1408,1
8372,1523336,461355,1408,1
8373,14215804,4307503,1408,1
8374,1881188,571541,1408,1
8375,1278400,387189,1408,1
8376,3614764,1094662,1408,1
8377,4936593,1495615,1408,1
8378,874346,264833,1408,1
8379,4141286,1254178,1408,1
8380,6905477,2092622,1408,1
8381,2569668,778198,1408,1
8382,1895680,574565,1408,1
8383,858262,259966,1408,1
8384,5349230,1620585,1408,1
8385,3289488,997589,1408,1
8386,7529118,2279973,1408,1
8387,1474692,446657,1408,1
8388,13817660,4186238,1408,1
8389,3842671,1165104,1408,1
8390,1901384,576060,1408,1
8391,1551358,470174,1408,1
8392,5132102,1554873,1408,1
8393,1580600,478785,1408,1
8394,5721734,1732985,1408,1
8395,1915974,580427,1408,1
8396,5189968,1573336,1408,1
8397,1039944,315022,1408,1
8398,7516510,2277699,1408,1
8399,5699011,1727210,1408,1
8400,7445196,2255128,1408,1
8401,1572066,476651,1408,1
8402,1654206,501351,1408,1
8403,1390654,421306,1408,1
8404,5176064,1568606,1408,1
8405,8855616,2683614,1408,1
8406,2448020,741366,1408,1
8407,1653172,500684,1408,1
8408,1260558,382119,1408,1
8409,9584416,2903722,1408,1
8410,4990200,1511249,1408,1
8411,1910426,578672,1408,1
8412,4070140,1233447,1408,1
8413,2287232,693219,1408,1
8414,2754810,834394,1408,1
8415,978552,296391,1408,1
8416,959850,290742,1408,1
8417,5441448,1648566,1408,1
8418,1106214,335612,1408,1
8419,4547456,1377194,1408,1
8420,5185824,1572052,1408,1
8421,1149058,348027,1408,1
8422,4150380,1257875,1408,1
8423,1861578,563815,1408,1
8424,3931044,1190702,1408,1
8425,7896170,2393218,1408,1
8426,1908700,578730,1408,1
8427,4075944,1235335,1408,1
8428,2994654,907632,1408,1
8429,4177576,1267052,1408,1
8430,2587054,783462,1408,1
8431,956478,289717,1408,1
8432,1206278,365348,1408,1
8433,863786,261606,1408,1
8434,2652900,803404,1408,1
8435,3450119,1045839,1408,1
8436,1902838,576273,1408,1
8437,3809679,1154222,1408,1
8438,1056074,319868,1408,1
8439,3063780,927822,1408,1
8440,2290936,694190,1408,1
8441,1560460,472823,1408,1
8442,6157466,1865801,1408,1
8443,4299928,1303143,1408,1
8444,5933264,1798065,1408,1
8445,1504356,455613,1408,1
8446,4930517,1493899,1408,1
8447,10747786,3255675,1408,1
8448,1149956,348274,1408,1
8449,1967080,596100,1408,1
8450,2937230,890058,1408,1
8451,1853372,561960,1408,1
8452,1245748,377443,1408,1
8453,5450520,1651959,1408,1
8454,13701854,4150553,1408,1
8455,1747546,529251,1408,1
8456,2383344,722145,1408,1
8457,1235300,374200,1408,1
8458,6920476,2096546,1408,1
8459,12515474,3791000,1408,1
8460,2213064,670863,1408,1
8461,5921940,1794553,1408,1
8462,4673542,1416074,1408,1
8463,5070122,1535871,1408,1
8464,2304754,698157,1408,1
8465,8015948,2427945,1408,1
8466,2485008,753012,1408,1
8467,4851768,1470125,1408,1
8468,2113014,639904,1408,1
8469,1594036,483019,1408,1
8470,1825810,553249,1408,1
8471,3941468,1194113,1408,1
8472,6624674,2008331,1408,1
8473,1203626,364528,1408,1
8474,1713942,519061,1408,1
8475,3831154,1161767,1408,1
8476,1717995,521407,1408,1
8477,878354,266017,1408,1
8478,4706916,1425561,1408,1
8479,3035798,919348,1408,1
8480,2466570,748613,1408,1
8481,1952202,594713,1408,1
8482,2794956,846439,1408,1
8483,1358300,412001,1408,1
8484,5780794,1752166,1408,1
8485,1930810,584979,1408,1
8486,6597824,1999745,1408,1
8487,1035046,313472,1408,1
8488,1032676,312754,1408,1
8489,3190321,966452,1408,1
8490,2289310,693316,1408,1
8491,6418842,1956283,1408,1
8492,1243288,376553,1408,1
8493,3620898,1097456,1408,1
8494,1838550,556877,1408,1
8495,1309640,396817,1408,1
8496,1176202,356242,1408,1
8497,1360470,412121,1408,1
8498,1313014,397667,1408,1
8499,3868920,1172502,1408,1
8500,2787216,844073,1408,1
8501,2576381,781144,1408,1
8502,843614,255508,1408,1
8503,9480810,2871492,1408,1
8504,1918940,581126,1408,1
8505,2850908,863967,1408,1
8506,2123614,643106,1408,1
8507,939856,284781,1408,1
8508,942980,285627,1408,1
8509,890082,269577,1408,1
8510,843616,255487,1408,1
8511,1124560,340581,1408,1
8512,5756746,1744226,1408,1
8513,1252590,379351,1408,1
8514,2994716,908028,1408,1
8515,1565182,474313,1408,1
8516,9538013,2890171,1408,1
8517,11638043,3525710,1408,1
8518,7412734,2245986,1408,1
8519,4200432,1272094,1408,1
8520,2730956,828317,1408,1
8521,3840584,1164348,1408,1
8522,2212921,670816,1408,1
8523,6004910,1819268,1408,1
8524,1847766,559692,1408,1
8525,10679927,3236880,1408,1
8526,4162618,1261791,1408,1
8527,3753638,1137664,1408,1
8528,15029443,4552736,1408,1
8529,3955622,1198521,1408,1
8530,6134462,1857767,1408,1
8531,4264042,1292199,1408,1
8532,5293984,1603835,1408,1
8533,1693616,513188,1408,1
8534,1031974,312613,1408,1
8535,2385080,722312,1408,1
8536,1981760,600799,1408,1
8537,7214483,2185775,1408,1
8538,4422675,1339689,1408,1
8539,3008490,911318,1408,1
8540,942588,285462,1408,1
8541,3847080,1165617,1408,1
8542,1468080,444789,1408,1
8543,1947472,590683,1408,1
8544,1428912,433405,1408,1
8545,4819082,1460619,1408,1
8546,2250078,681421,1408,1
8547,2595712,786989,1408,1
8548,942152,285373,1408,1
8549,1904012,576608,1408,1
8550,6006356,1821571,1408,1
8551,3093350,936775,1408,1
8552,6989876,2125036,1408,1
8553,3335970,1010313,1408,1
8554,935696,283445,1408,1
8555,891916,270125,1408,1
8556,1316522,398737,1408,1
8557,893720,270672,1408,1
8558,1846876,559821,1408,1
8559,3028942,917358,1408,1
8560,3127000,947628,1408,1
8561,1570179,476927,1408,1
8562,2879684,872165,1408,1
8563,2367976,717520,1408,1
8564,2583273,782949,1408,1
8565,3492444,1058437,1408,1
8566,2856944,865519,1408,1
8567,1990210,602714,1408,1
8568,941492,285172,1408,1
8569,2533010,767956,1408,1
8570,1867484,565677,1408,1
8571,4404776,1336371,1408,1
8572,1925010,583988,1408,1
8573,2347778,711010,1408,1
8574,1411146,427366,1408,1
8575,4471626,1356064,1408,1
8576,3202403,971050,1408,1
8577,1133730,343348,1408,1
8578,1106208,335025,1408,1
8579,2498865,757527,1408,1
8580,1116168,338040,1408,1
8581,1227888,371890,1408,1
8582,3108338,941310,1408,1
8583,840536,254595,1408,1
8584,1732294,525149,1408,1
8585,1838304,556772,1408,1
8586,834646,252813,1408,1
8587,1151392,348685,1408,1
8588,795152,240831,1408,1
8589,3826592,1159121,1408,1
8590,3787412,1147669,1408,1
8591,1605402,486172,1408,1
8592,834776,252851,1408,1
8593,2952816,894249,1408,1
8594,2724932,825207,1408,1
8595,3554666,1076459,1408,1
8596,1101090,333471,1408,1
8597,1431160,433420,1408,1
8598,2887739,875568,1408,1
8599,2381984,721906,1408,1
8600,3455868,1047093,1408,1
8601,4886032,1479623,1408,1
8602,2160414,654249,1408,1
8603,2440764,739395,1408,1
8604,3109078,942383,1408,1
8605,1921394,582253,1408,1
8606,5017194,1520099,1408,1
8607,1593426,482584,1408,1
8608,7650380,2318131,1408,1
8609,2136300,647558,1408,1
8610,2113368,640633,1408,1
8611,4258222,1290408,1408,1
8612,2308867,699885,1408,1
8613,3154070,955208,1408,1
8614,1531524,463904,1408,1
8615,6063326,1839593,1408,1
8616,4121838,1249555,1408,1
8617,5540176,1678171,1408,1
8618,3365878,1019342,1408,1
8619,4699192,1427077,1408,1
8620,8195628,2482637,1408,1
8621,2964432,898485,1408,1
8622,3855816,1168291,1408,1
8623,1219738,369550,1408,1
8624,2340252,709562,1408,1
8625,1957152,592749,1408,1
8626,1750044,530013,1408,1
8627,1064544,322439,1408,1
8628,1153582,349496,1408,1
8629,1279318,387451,1408,1
8630,959452,290591,1408,1
8631,2911518,881698,1408,1
8632,3560260,1078632,1408,1
8633,2151422,651558,1408,1
8634,1429836,433053,1408,1
8635,6847468,2073651,1408,1
8636,952220,288408,1408,1
8637,998154,302334,1408,1
8638,2593562,785597,1408,1
8639,3232900,979589,1408,1
8640,948112,287159,1408,1
8641,3927926,1189502,1408,1
8642,1601382,485008,1408,1
8643,7578916,2295179,1408,1
8644,1300640,393933,1408,1
8645,954804,289183,1408,1
8646,1726486,522883,1408,1
8647,2005590,607376,1408,1
8648,1730994,524244,1408,1
8649,1567244,474622,1408,1
8650,893228,270539,1408,1
8651,4511230,1366120,1408,1
8652,3384278,1024888,1408,1
8653,1256142,380503,1408,1
8654,3377932,1022918,1408,1
8655,1511666,457798,1408,1
8656,2063442,624874,1408,1
8657,1960054,593847,1408,1
8658,2257026,683603,1408,1
8659,1189780,360921,1408,1
8660,1885538,571356,1408,1
8661,5508526,1668976,1408,1
8662,1679432,508623,1408,1
8663,6076343,1841948,1408,1
8664,4049170,1227307,1408,1
8665,2642878,801270,1408,1
8666,3458408,1047955,1408,1
8667,2449462,741819,1408,1
8668,3553552,1076190,1408,1
8669,3117174,944057,1408,1
8670,1497526,453512,1408,1
8671,1252044,379174,1408,1
8672,981748,297331,1408,1
8673,1369300,415809,1408,1
8674,1258626,381173,1408,1
8675,3390506,1026753,1408,1
8676,5223969,1583218,1408,1
8677,1496952,453357,1408,1
8678,3435654,1040498,1408,1
8679,4957706,1502675,1408,1
8680,2327226,705008,1408,1
8681,3529000,1068918,1408,1
8682,1121836,339756,1408,1
8683,2184328,661514,1408,1
8684,8061502,2441184,1408,1
8685,6308229,1911973,1408,1
8686,7683518,2328048,1408,1
8687,6311638,1911716,1408,1
8688,1616252,489549,1408,1
8689,1681788,514276,1408,1
8690,6377496,1933258,1408,1
8691,4983364,1510848,1408,1
8692,13491634,4087892,1408,1
8693,5309675,1608435,1408,1
8694,2710108,820743,1408,1
8695,1345504,407495,1408,1
8696,2746412,832097,1408,1
8697,3807334,1153498,1408,1
8698,1567360,474708,1408,1
8699,3867442,1172666,1408,1
8700,6241822,1890258,1408,1
8701,2016802,610945,1408,1
8702,1285428,389322,1408,1
8703,924632,280197,1408,1
8704,3150066,953953,1408,1
8705,4792054,1451162,1408,1
8706,1576542,477451,1408,1
8707,1312906,404510,1408,1
8708,10027238,3038219,1408,1
8709,4139018,1254102,1408,1
8710,2844440,861398,1408,1
8711,803530,243368,1408,1
8712,11048568,3347413,1408,1
8713,4112790,1245466,1408,1
8714,1065962,322838,1408,1
8715,3641680,1102810,1408,1
8716,1414184,428281,1408,1
8717,3233178,979111,1408,1
8718,1102714,333962,1408,1
8719,1236064,374372,1408,1
8720,3389718,1026511,1408,1
8721,2736662,828909,1408,1
8722,1163140,352282,1408,1
8723,2074914,628501,1408,1
8724,810178,245370,1408,1
8725,868758,263139,1408,1
8726,1791838,542642,1408,1
8727,2169418,656996,1408,1
8728,3385976,1026157,1408,1
8729,2472184,748660,1408,1
8730,1852580,562402,1408,1
8731,950092,287809,1408,1
8732,2495578,756915,1408,1
8733,1816060,550238,1408,1
8734,2468570,748785,1408,1
8735,3447964,1044182,1408,1
8736,2769520,838795,1408,1
8737,839846,254345,1408,1
8738,1953892,591741,1408,1
8739,919342,278460,1408,1
8740,863756,261585,1408,1
8741,4020866,1218173,1408,1
8742,1019378,308755,1408,1
8743,864840,261939,1408,1
8744,1531946,463965,1408,1
8745,3706094,1122371,1408,1
8746,839994,254412,1408,1
8747,837336,253595,1408,1
8748,1605888,486452,1408,1
8749,1910820,578651,1408,1
8750,1866550,565337,1408,1
8751,2194122,665970,1408,1
8752,5342630,1619801,1408,1
8753,1350618,409052,1408,1
8754,2836954,859090,1408,1
8755,842134,255061,1408,1
8756,839594,254268,1408,1
8757,1946446,589482,1408,1
8758,1117434,338423,1408,1
8759,1535068,464912,1408,1
8760,838008,253813,1408,1
8761,1242170,376218,1408,1
8762,1223978,370707,1408,1
8763,3425104,1037268,1408,1
8764,6448993,1953746,1408,1
8765,2102145,637443,1408,1
8766,3093522,937441,1408,1
8767,2166340,656033,1408,1
8768,1509768,457231,1408,1
8769,908574,275306,1408,1
8770,1446456,438096,1408,1
8771,4456046,1351068,1408,1
8772,3267470,989566,1408,1
8773,2288820,696604,1408,1
8774,1498098,453715,1408,1
8775,1507362,456499,1408,1
8776,934906,283173,1408,1
8777,4941068,1497989,1408,1
8778,4624418,1401264,1408,1
8779,1488428,450796,1408,1
8780,1489944,452453,1408,1
8781,2159522,654040,1408,1
8782,2563898,777733,1408,1
8783,6036488,1829807,1408,1
8784,2356620,714009,1408,1
8785,1767934,535405,1408,1
8786,877368,265813,1408,1
8787,892168,270303,1408,1
8788,3279304,993212,1408,1
8789,1369440,415582,1408,1
8790,3485310,1055563,1408,1
8791,1410862,427354,1408,1
8792,3842168,1164209,1408,1
8793,3676988,1113501,1408,1
8794,4420716,1338838,1408,1
8795,2415768,731669,1408,1
8796,827640,250668,1408,1
8797,1538846,466028,1408,1
8798,876646,265707,1408,1
8799,3439814,1041663,1408,1
8800,2078858,629550,1408,1
8801,845574,256106,1408,1
8802,1819830,551137,1408,1
8803,1884222,570628,1408,1
8804,12197722,3695482,1408,1
8805,1093891,332417,1408,1
8806,870150,263541,1408,1
8807,1326624,401798,1408,1
8808,1197088,362565,1408,1
8809,1352068,409658,1408,1
8810,1965188,595157,1408,1
8811,7673094,2324187,1408,1
8812,1423696,431204,1408,1
8813,3601044,1090617,1408,1
8814,1820478,551333,1408,1
8815,1107958,335550,1408,1
8816,1109498,336017,1408,1
8817,3666378,1110384,1408,1
8818,1225426,371609,1408,1
8819,2500152,757202,1408,1
8820,4793878,1452642,1408,1
8821,867900,262874,1408,1
8822,823796,249503,1408,1
8823,1728902,523582,1408,1
8824,1765628,534698,1408,1
8825,796872,241348,1408,1
8826,3432180,1039368,1408,1
8827,1760230,533086,1408,1
8828,10638706,3234477,1408,1
8829,1532624,464716,1408,1
8830,3610610,1093822,1408,1
8831,6044446,1830749,1408,1
8832,2054490,622173,1408,1
8833,1784662,540457,1408,1
8834,995490,301487,1408,1
8835,678424,205477,1408,1
8836,1666930,504800,1408,1
8837,681938,206530,1408,1
8838,724594,219476,1408,1
8839,5207956,1577358,1408,1
8840,1900072,575633,1408,1
8841,4205574,1274223,1408,1
8842,1515806,459073,1408,1
8843,792382,239970,1408,1
8844,11067201,3353203,1408,1
8845,4891605,1482856,1408,1
8846,1485002,449769,1408,1
8847,13497429,4089337,1408,1
8848,2374834,719537,1408,1
8849,2287854,693355,1408,1
8850,866738,262513,1408,1
8851,3035940,919744,1408,1
8852,867376,262706,1408,1
8853,869710,263411,1408,1
8854,3083268,933723,1408,1
8855,3548066,1074996,1408,1
8856,2696648,816648,1408,1
8857,2237832,677715,1408,1
8858,4050324,1228876,1408,1
8859,2403552,728536,1408,1
8860,2422424,733717,1408,1
8861,2367480,717874,1408,1
8862,10483370,3176491,1408,1
8863,2356328,715218,1408,1
8864,11099739,3363121,1408,1
8865,5194116,1573488,1408,1
8866,2152910,652085,1408,1
8867,5983492,1813347,1408,1
8868,4966966,1505178,1408,1
8869,4479856,1357931,1408,1
8870,891590,270039,1408,1
8871,3374440,1022539,1408,1
8872,1352670,409677,1408,1
8873,1980634,599788,1408,1
8874,2586974,783520,1408,1
8875,2469586,748261,1408,1
8876,1008684,305579,1408,1
8877,922376,279362,1408,1
8878,2035456,616414,1408,1
8879,1319246,399539,1408,1
8880,5128352,1552999,1408,1
8881,1237364,374749,1408,1
8882,1186994,359747,1408,1
8883,21519631,6519067,1408,1
8884,970850,294064,1408,1
8885,4162040,1260475,1408,1
8886,5417842,1641302,1408,1
8887,5159476,1563819,1408,1
8888,858068,259911,1408,1
8889,2147088,650259,1408,1
8890,5273522,1597794,1408,1
8891,2501836,758144,1408,1
8892,1589784,482290,1408,1
8893,8712634,2639556,1408,1
8894,988884,299762,1408,1
8895,1384446,419275,1408,1
8896,2645676,802947,1408,1
8897,1567364,474688,1408,1
8898,2955420,895074,1408,1
8899,2935192,889548,1408,1
8900,8452802,2559827,1408,1
8901,6487170,1965533,1408,1
8902,1318662,399364,1408,1
8903,1802772,545986,1408,1
8904,2606354,789783,1408,1
8905,1120400,339355,1408,1
8906,4885058,1480410,1408,1
8907,2243620,679915,1408,1
8908,3571510,1081577,1408,1
8909,3825868,1159150,1408,1
8910,1672954,506743,1408,1
8911,2295636,695220,1408,1
8912,2349950,711661,1408,1
8913,2595402,785993,1408,1
8914,3170910,960258,1408,1
8915,4752708,1440006,1408,1
8916,838544,253976,1408,1
8917,1740712,527203,1408,1
8918,4877500,1478121,1408,1
8919,1203894,364726,1408,1
8920,2589818,784999,1408,1
8921,3611554,1094087,1408,1
8922,2455516,744252,1408,1
8923,6573608,1991426,1408,1
8924,6732188,2041237,1408,1
8925,4228108,1281704,1408,1
8926,1844240,558618,1408,1
8927,4174864,1264758,1408,1
8928,2666532,807793,1408,1
8929,2759729,836381,1408,1
8930,1517096,459512,1408,1
8931,1525084,462171,1408,1
8932,2968486,904269,1408,1
8933,5357456,1622871,1408,1
8934,7871894,2385047,1408,1
8935,1325778,401515,1408,1
8936,1777144,539119,1408,1
8937,32809105,9937250,1408,1
8938,3292384,998469,1408,1
8939,1462166,442857,1408,1
8940,1459674,442099,1408,1
8941,1690830,512823,1408,1
8942,1763566,534555,1408,1
8943,6228498,1886251,1408,1
8944,1203382,364461,1408,1
8945,1279592,387531,1408,1
8946,5696594,1725766,1408,1
8947,2336160,707520,1408,1
8948,3784908,1146190,1408,1
8949,4236002,1282786,1408,1
8950,7438986,2254705,1408,1
8951,3256550,986662,1408,1
8952,1617930,490025,1408,1
8953,1690916,512185,1408,1
8954,5435212,1647997,1408,1
8955,2621374,794158,1408,1
8956,2160378,655179,1408,1
8957,2513846,761302,1408,1
8958,8769565,2657194,1408,1
8959,3800397,1156012,1408,1
8960,2198818,666220,1408,1
8961,2166750,656208,1408,1
8962,4063600,1230582,1408,1
8963,1635500,495797,1408,1
8964,1515578,459802,1408,1
8965,1649124,499429,1408,1
8966,1530664,463654,1408,1
8967,1963036,594616,1408,1
8968,1437454,435357,1408,1
8969,1529076,463169,1408,1
8970,1147218,347749,1408,1
8971,2458587,745285,1408,1
8972,2911800,882364,1408,1
8973,3545450,1074260,1408,1
8974,2625354,795399,1408,1
8975,1567138,474663,1408,1
8976,1130248,342572,1408,1
8977,8094640,2453451,1408,1
8978,2188672,663544,1408,1
8979,3035716,920204,1408,1
8980,7065352,2141652,1408,1
8981,871480,263946,1408,1
8982,1940426,588001,1408,1
8983,8200073,2485307,1408,1
8984,8428226,2554852,1408,1
8985,2395330,725405,1408,1
8986,4050076,1227484,1408,1
8987,1128612,341822,1408,1
8988,2844210,862604,1408,1
8989,1146066,347120,1408,1
8990,1537510,465661,1408,1
8991,837794,253750,1408,1
8992,4085378,1238362,1408,1
8993,1074776,325804,1408,1
8994,1783556,540527,1408,1
8995,1980946,599907,1408,1
8996,2143424,649130,1408,1
8997,1217196,368627,1408,1
8998,1530334,464218,1408,1
8999,2323534,703622,1408,1
9000,7942192,2407071,1408,1
9001,936720,283733,1408,1
9002,7344978,2225494,1408,1
9003,3962118,1200833,1408,1
9004,3360576,1018046,1408,1
9005,2802100,849188,1408,1
9006,3923936,1188598,1408,1
9007,3632797,1101489,1408,1
9008,3898052,1181483,1408,1
9009,8154747,2471334,1408,1
9010,2664102,807283,1408,1
9011,1978614,599235,1408,1
9012,2060854,624129,1408,1
9013,1442462,436981,1408,1
9014,5719740,1732419,1408,1
9015,2086436,632236,1408,1
9016,1032008,312582,1408,1
9017,894130,270792,1408,1
9018,1134018,343450,1408,1
9019,1141133,346428,1408,1
9020,3127579,947886,1408,1
9021,3281758,994515,1408,1
9022,2679683,812314,1408,1
9023,1749990,530370,1408,1
9024,2647084,801671,1408,1
9025,1711910,518493,1408,1
9026,1666196,504663,1408,1
9027,1534852,464824,1408,1
9028,1748008,529444,1408,1
9029,1465368,443786,1408,1
9030,4437762,1349374,1408,1
9031,3532791,1071192,1408,1
9032,1601632,485826,1408,1
9033,3502708,1061077,1408,1
9034,3589200,1087436,1408,1
9035,1223634,370711,1408,1
9036,1614614,489356,1408,1
9037,6679423,2025423,1408,1
9038,2372982,718901,1408,1
9039,5549600,1680559,1408,1
9040,1288262,390195,1408,1
9041,1309296,396541,1408,1
9042,6458060,1956502,1408,1
9043,1493784,452648,1408,1
9044,3178194,962916,1408,1
9045,1300578,393926,1408,1
9046,1590872,481811,1408,1
9047,2894596,876657,1408,1
9048,4881038,1478737,1408,1
9049,1715336,519500,1408,1
9050,950364,287858,1408,1
9051,1270104,384733,1408,1
9052,968652,293480,1408,1
9053,1327014,401991,1408,1
9054,871476,263948,1408,1
9055,3406194,1032420,1408,1
9056,4039590,1223307,1408,1
9057,1672420,506514,1408,1
9058,1245420,377679,1408,1
9059,3609156,1094363,1408,1
9060,4670630,1415120,1408,1
9061,901256,272960,1408,1
9062,1390540,421146,1408,1
9063,1605448,486221,1408,1
9064,1640821,497442,1408,1
9065,917056,277744,1408,1
9066,4082811,1236987,1408,1
9067,2418840,732662,1408,1
9068,3583786,1085824,1408,1
9069,3635090,1102411,1408,1
9070,1670390,507211,1408,1
9071,1893774,573513,1408,1
9072,3529210,1068766,1408,1
9073,6565932,1989686,1408,1
9074,2109811,640383,1408,1
9075,1152368,349128,1408,1
9076,8018299,2429518,1408,1
9077,2064552,625246,1408,1
9078,975250,295536,1408,1
9079,4755926,1441298,1408,1
9080,1766946,535444,1408,1
9081,897124,271721,1408,1
9082,935570,283381,1408,1
9083,887876,268914,1408,1
9084,4349598,1317566,1408,1
9085,8483756,2571543,1408,1
9086,4285631,1298298,1408,1
9087,2925196,886564,1408,1
9088,1456954,441339,1408,1
9089,7509472,2275099,1408,1
9090,5540038,1678351,1408,1
9091,2867454,868817,1408,1
9092,7471826,2264046,1408,1
9093,2636618,798847,1408,1
9094,1622134,492493,1408,1
9095,4769725,1446099,1408,1
9096,5016632,1521145,1408,1
9097,2192102,664093,1408,1
9098,8166002,2473946,1408,1
9099,4652984,1410237,1408,1
9100,2373834,719485,1408,1
9101,5332646,1615506,1408,1
9102,3935320,1192760,1408,1
9103,5130222,1554776,1408,1
9104,1379847,418481,1408,1
9105,2432468,736608,1408,1
9106,2765992,837688,1408,1
9107,3389704,1027591,1408,1
9108,1468392,445064,1408,1
9109,2366912,717006,1408,1
9110,5859754,1775712,1408,1
9111,4417737,1338687,1408,1
9112,3283044,995552,1408,1
9113,7728675,2341245,1408,1
9114,918640,278230,1408,1
9115,2504560,758908,1408,1
9116,3001436,909182,1408,1
9117,2467308,747462,1408,1
9118,2152578,651902,1408,1
9119,1255802,380432,1408,1
9120,3766874,1140880,1408,1
9121,1334799,405307,1408,1
9122,2238269,678225,1408,1
9123,5096415,1543854,1408,1
9124,1280802,388036,1408,1
9125,1140658,345456,1408,1
9126,6771509,2052468,1408,1
9127,2540510,770718,1408,1
9128,15404470,4679220,1408,1
9129,2352467,713471,1408,1
9130,3021552,915033,1408,1
9131,1754362,531291,1408,1
9132,1145833,347384,1408,1
9133,3052993,925233,1408,1
9134,2125340,643824,1408,1
9135,1730412,526091,1408,1
9136,4749146,1439720,1408,1
9137,1646230,498572,1408,1
9138,1543674,467469,1408,1
9139,1212906,367357,1408,1
9140,2334062,707291,1408,1
9141,2112906,639890,1408,1
9142,1985346,601335,1408,1
9143,19268826,5836952,1408,1
9144,4107705,1245122,1408,1
9145,3048368,923375,1408,1
9146,4243238,1285058,1408,1
9147,2295154,695122,1408,1
9148,3897620,1180842,1408,1
9149,953092,288667,1408,1
9150,945538,286376,1408,1
9151,5395840,1634179,1408,1
9152,1561966,473041,1408,1
9153,1025154,310514,1408,1
9154,9489970,2876278,1408,1
9155,880784,266785,1408,1
9156,4858078,1471264,1408,1
9157,1156866,350552,1408,1
9158,2434486,737318,1408,1
9159,3669128,1112077,1408,1
9160,4424406,1341013,1408,1
9161,2365524,717193,1408,1
9162,1737744,526741,1408,1
9163,888826,269211,1408,1
9164,1069694,323990,1408,1
9165,1845118,558916,1408,1
9166,4472552,1355299,1408,1
9167,3281046,993952,1408,1
9168,3569050,1081527,1408,1
9169,2952820,894223,1408,1
9170,4534138,1374441,1408,1
9171,10150712,3077271,1408,1
9172,1379228,418778,1408,1
9173,3054718,926155,1408,1
9174,4715020,1428363,1408,1
9175,9186517,2784189,1408,1
9176,1938066,588051,1408,1
9177,1682396,509749,1408,1
9178,3748314,1136134,1408,1
9179,4493340,1360967,1408,1
9180,2147530,650405,1408,1
9181,5041404,1527131,1408,1
9182,3624966,1097785,1408,1
9183,1282344,388365,1408,1
9184,1686362,510731,1408,1
9185,1868506,565884,1408,1
9186,1732920,524817,1408,1
9187,2164966,657265,1408,1
9188,5971394,1808409,1408,1
9189,7542714,2286242,1408,1
9190,1355404,410507,1408,1
9191,1982792,600585,1408,1
9192,6321408,1917011,1408,1
9193,12564390,3807911,1408,1
9194,2042294,618509,1408,1
9195,3263184,988629,1408,1
9196,2787338,844112,1408,1
9197,922468,279389,1408,1
9198,1295638,392415,1408,1
9199,921112,278977,1408,1
9200,6365882,1927736,1408,1
9201,3255168,985778,1408,1
9202,4089934,1238587,1408,1
9203,6591658,1996801,1408,1
9204,3590602,1100857,1408,1
9205,3478369,1053723,1408,1
9206,3076986,933168,1408,1
9207,3418002,1036323,1408,1
9208,2731296,828732,1408,1
9209,4757970,1442092,1408,1
9210,1753952,531214,1408,1
9211,3260654,987543,1408,1
9212,8045846,2438859,1408,1
9213,3379330,1024433,1408,1
9214,2294230,694796,1408,1
9215,1261530,382420,1408,1
9216,1180556,357557,1408,1
9217,5796340,1761130,1408,1
9218,812346,246041,1408,1
9219,5332396,1615659,1408,1
9220,2740774,830530,1408,1
9221,2429894,735901,1408,1
9222,1576818,478318,1408,1
9223,2491148,754414,1408,1
9224,1945500,589187,1408,1
9225,3287632,995598,1408,1
9226,2475462,749671,1408,1
9227,1108598,336406,1408,1
9228,4396260,1331599,1408,1
9229,2807945,851452,1408,1
9230,780450,236379,1408,1
9231,2355280,713270,1408,1
9232,1525414,461976,1408,1
9233,8416158,2549787,1408,1
9234,789344,239071,1408,1
9235,1138240,344720,1408,1
9236,2131582,645535,1408,1
9237,1465850,443907,1408,1
9238,2743208,830747,1408,1
9239,1973894,597788,1408,1
9240,879956,266531,1408,1
9241,1800446,545247,1408,1
9242,5850214,1772387,1408,1
9243,1178560,356937,1408,1
9244,9041468,2739326,1408,1
9245,8475144,2567688,1408,1
9246,11490538,3481771,1408,1
9247,2211014,669773,1408,1
9248,16562783,5018500,1408,1
9249,7209368,2184736,1408,1
9250,2159598,654045,1408,1
9251,4372718,1325011,1408,1
9252,2001440,606219,1408,1
9253,9601891,2908908,1408,1
9254,7523865,2279942,1408,1
9255,2829624,856955,1408,1
9256,9572116,2911254,1408,1
9257,3157570,956269,1408,1
9258,9402926,2848811,1408,1
9259,2620968,794215,1408,1
9260,3846507,1165325,1408,1
9261,5926230,1794786,1408,1
9262,3072430,930467,1408,1
9263,5578252,1689260,1408,1
9264,3379362,1023659,1408,1
9265,2698204,817106,1408,1
9266,891638,270058,1408,1
9267,3206106,970879,1408,1
9268,2725142,825282,1408,1
9269,5619962,1702087,1408,1
9270,1649802,499633,1408,1
9271,3350418,1015481,1408,1
9272,4474830,1355781,1408,1
9273,863418,261495,1408,1
9274,1971684,597127,1408,1
9275,2935508,888959,1408,1
9276,1293050,391706,1408,1
9277,4558686,1380497,1408,1
9278,2408510,729503,1408,1
9279,913584,276699,1408,1
9280,1258256,381093,1408,1
9281,1281756,388186,1408,1
9282,1996406,604612,1408,1
9283,861678,260957,1408,1
9284,1572766,476305,1408,1
9285,2098686,635664,1408,1
9286,7303466,2211645,1408,1
9287,957478,290016,1408,1
9288,2883238,873120,1408,1
9289,1818512,550718,1408,1
9290,3745568,1135763,1408,1
9291,3538768,1072279,1408,1
9292,861746,261002,1408,1
9293,1991114,603844,1408,1
9294,7401788,2242140,1408,1
9295,5962221,1806609,1408,1
9296,3454660,1046186,1408,1
9297,1349476,408716,1408,1
9298,1431668,433562,1408,1
9299,3067422,928928,1408,1
9300,1148078,347948,1408,1
9301,4773514,1446906,1408,1
9302,863472,261523,1408,1
9303,2168992,657234,1408,1
9304,5320844,1611283,1408,1
9305,1201430,363848,1408,1
9306,1200180,363692,1408,1
9307,1836000,556007,1408,1
9308,1139982,345255,1408,1
9309,1261794,382161,1408,1
9310,1686048,510606,1408,1
9311,873434,264552,1408,1
9312,1520734,460569,1408,1
9313,1892325,574695,1408,1
9314,1423768,431223,1408,1
9315,4579172,1387231,1408,1
9316,2646466,801742,1408,1
9317,2243352,679688,1408,1
9318,25168078,7623301,1408,1
9319,4140346,1253867,1408,1
9320,5057252,1532666,1408,1
9321,2724481,825547,1408,1
9322,998286,302455,1408,1
9323,4263362,1291489,1408,1
9324,2015152,610479,1408,1
9325,1773346,537208,1408,1
9326,894112,270789,1408,1
9327,2573054,781052,1408,1
9328,1855580,561998,1408,1
9329,15728994,4765044,1408,1
9330,1096716,332178,1408,1
9331,3421098,1036023,1408,1
9332,1355080,411296,1408,1
9333,2219403,673313,1408,1
9334,4866864,1474561,1408,1
9335,2928836,887203,1408,1
9336,896098,271523,1408,1
9337,1980412,600204,1408,1
9338,1586008,480590,1408,1
9339,1143824,346426,1408,1
9340,1415058,428548,1408,1
9341,5656124,1713499,1408,1
9342,1266512,384268,1408,1
9343,1344578,407269,1408,1
9344,1744416,528652,1408,1
9345,1014156,307164,1408,1
9346,1653894,500886,1408,1
9347,917532,278023,1408,1
9348,4182564,1266701,1408,1
9349,2207016,668569,1408,1
9350,1440622,436288,1408,1
9351,2408674,729426,1408,1
9352,1188264,359997,1408,1
9353,7980164,2417033,1408,1
9354,1068656,323651,1408,1
9355,1736554,525897,1408,1
9356,2616848,792582,1408,1
9357,1549652,469634,1408,1
9358,3270368,990583,1408,1
9359,2361410,715113,1408,1
9360,841580,254911,1408,1
9361,1132888,343103,1408,1
9362,2655624,804688,1408,1
9363,1474086,447095,1408,1
9364,1724089,522833,1408,1
9365,3815829,1156173,1408,1
9366,3768412,1141514,1408,1
9367,5505626,1668001,1408,1
9368,11000492,3332715,1408,1
9369,1617232,489795,1408,1
9370,1388200,420453,1408,1
9371,1541634,467034,1408,1
9372,2516788,762335,1408,1
9373,3437648,1042427,1408,1
9374,3347872,1014044,1408,1
9375,968188,293238,1408,1
9376,1376948,417167,1408,1
9377,1368516,414460,1408,1
9378,1709500,517820,1408,1
9379,2929571,887655,1408,1
9380,999004,302571,1408,1
9381,1572064,478743,1408,1
9382,4123596,1249935,1408,1
9383,4986800,1512388,1408,1
9384,3346338,1014269,1408,1
9385,1471910,445850,1408,1
9386,4388614,1329508,1408,1
9387,3370732,1021080,1408,1
9388,2625578,795283,1408,1
9389,2128060,644694,1408,1
9390,2177822,659886,1408,1
9391,1412872,428119,1408,1
9392,1469672,445403,1408,1
9393,2809430,851349,1408,1
9394,1340004,405850,1408,1
9395,7742712,2344840,1408,1
9396,3131308,948751,1408,1
9397,1950878,591060,1408,1
9398,1183680,358540,1408,1
9399,1751458,530745,1408,1
9400,2241762,679188,1408,1
9401,1199246,363233,1408,1
9402,1666075,505122,1408,1
9403,10144754,3073874,1408,1
9404,5591088,1695106,1408,1
9405,9411530,2851438,1408,1
9406,2569714,778224,1408,1
9407,1976362,598671,1408,1
9408,3685260,1116388,1408,1
9409,6681322,2023783,1408,1
9410,5159684,1562800,1408,1
9411,3122710,945885,1408,1
9412,2604874,788891,1408,1
9413,6673524,2023036,1408,1
9414,2378214,720453,1408,1
9415,3149550,954199,1408,1
9416,2860798,866498,1408,1
9417,1273374,386467,1408,1
9418,6162538,1866336,1408,1
9419,5047598,1528624,1408,1
9420,1278144,387258,1408,1
9421,4686730,1419459,1408,1
9422,943136,285793,1408,1
9423,894480,270915,1408,1
9424,2657962,805049,1408,1
9425,2928764,887132,1408,1
9426,920360,278942,1408,1
9427,1633072,494753,1408,1
9428,1663964,504025,1408,1
9429,7897794,2392874,1408,1
9430,1287310,389918,1408,1
9431,4646516,1408382,1408,1
9432,13142761,3983116,1408,1
9433,2468225,748051,1408,1
9434,1595886,483450,1408,1
9435,2451109,744382,1408,1
9436,2269538,687775,1408,1
9437,2556456,774691,1408,1
9438,2982380,903533,1408,1
9439,3516714,1065331,1408,1
9440,2837027,859544,1408,1
9441,4324242,1309991,1408,1
9442,1461140,442902,1408,1
9443,1643354,498009,1408,1
9444,3820434,1157576,1408,1
9445,6687479,2026104,1408,1
9446,5831946,1766612,1408,1
9447,7048270,2135313,1408,1
9448,2235934,677269,1408,1
9449,1076240,326076,1408,1
9450,972728,294748,1408,1
9451,5809968,1759760,1408,1
9452,2538850,768933,1408,1
9453,1153438,349355,1408,1
9454,1345312,407460,1408,1
9455,1252432,379451,1408,1
9456,4441266,1345528,1408,1
9457,1609014,487336,1408,1
9458,1724298,522335,1408,1
9459,2708550,820560,1408,1
9460,2239296,678794,1408,1
9461,7179310,2175195,1408,1
9462,2242986,679690,1408,1
9463,8762442,2655719,1408,1
9464,4354318,1319636,1408,1
9465,4129885,1251586,1408,1
9466,2538784,769241,1408,1
9467,1614916,489610,1408,1
9468,6468200,1959241,1408,1
9469,1615268,489319,1408,1
9470,1733102,525001,1408,1
9471,1477378,447502,1408,1
9472,1035472,313647,1408,1
9473,1867442,565778,1408,1
9474,2763624,837158,1408,1
9475,8919738,2702905,1408,1
9476,3409081,1032763,1408,1
9477,2349964,713065,1408,1
9478,1079870,327052,1408,1
9479,1370953,416963,1408,1
9480,3420274,1036703,1408,1
9481,1594492,483180,1408,1
9482,979594,296692,1408,1
9483,1823792,552573,1408,1
9484,2114840,641312,1408,1
9485,2501776,757779,1408,1
9486,4136306,1254190,1408,1
9487,3295436,998995,1408,1
9488,1933006,586014,1408,1
9489,2984012,905039,1408,1
9490,6090549,1891064,1408,1
9491,886076,268495,1408,1
9492,1343584,406985,1408,1
9493,8273724,2506044,1408,1
9494,3636862,1102421,1408,1
9495,4569202,1384423,1408,1
9496,3193120,967339,1408,1
9497,2792506,846004,1408,1
9498,939448,284769,1408,1
9499,4511654,1366458,1408,1
9500,1209184,366379,1408,1
9501,1982922,600596,1408,1
9502,1234964,374428,1408,1
9503,6604278,2000825,1408,1
9504,3713440,1124906,1408,1
9505,6994200,2118508,1408,1
9506,1408616,426883,1408,1
9507,2599636,787466,1408,1
9508,2460862,745418,1408,1
9509,771734,233737,1408,1
9510,1577744,477923,1408,1
9511,777256,235597,1408,1
9512,808096,244867,1408,1
9513,779284,236056,1408,1
9514,2976256,901698,1408,1
9515,1347908,408304,1408,1
9516,952276,288579,1408,1
9517,803490,243437,1408,1
9518,2856000,864972,1408,1
9519,6881786,2084669,1408,1
9520,1582110,479598,1408,1
9521,2303208,697820,1408,1
9522,3640568,1102797,1408,1
9523,1437776,435650,1408,1
9524,848772,257202,1408,1
9525,2877823,872296,1408,1
9526,2162466,655321,1408,1
9527,1884732,570987,1408,1
9528,2612202,792260,1408,1
9529,7601662,2303063,1408,1
9530,7990308,2421993,1408,1
9531,2163046,655448,1408,1
9532,1355708,410603,1408,1
9533,1727056,523402,1408,1
9534,3759347,1138977,1408,1
9535,996554,301857,1408,1
9536,2419420,732898,1408,1
9537,3435584,1041785,1408,1
9538,4571574,1384624,1408,1
9539,6227048,1886359,1408,1
9540,1639786,496605,1408,1
9541,1688984,511522,1408,1
9542,1938212,587062,1408,1
9543,8206626,2486659,1408,1
9544,2075068,629517,1408,1
9545,1758252,532894,1408,1
9546,8176772,2476530,1408,1
9547,3769966,1142227,1408,1
9548,2051928,621935,1408,1
9549,2804120,849969,1408,1
9550,1359242,411672,1408,1
9551,3862161,1170350,1408,1
9552,1544592,468239,1408,1
9553,2032636,615899,1408,1
9554,9509437,2881448,1408,1
9555,2348088,711363,1408,1
9556,6454252,1955573,1408,1
9557,3601334,1091159,1408,1
9558,4071636,1233510,1408,1
9559,4178324,1266559,1408,1
9560,1968220,596195,1408,1
9561,4305150,1304879,1408,1
9562,18944300,5740373,1408,1
9563,6936600,2102051,1408,1
9564,1464542,443608,1408,1
9565,1224930,377157,1408,1
9566,6822498,2067263,1408,1
9567,3848316,1166243,1408,1
9568,1902754,576550,1408,1
9569,2430344,736487,1408,1
9570,12762861,3867219,1408,1
9571,2523534,765145,1408,1
9572,2210720,669953,1408,1
9573,1421604,430608,1408,1
9574,12363340,3745645,1408,1
9575,2129620,645111,1408,1
9576,3383514,1025331,1408,1
9577,6086450,1843334,1408,1
9578,4685486,1419818,1408,1
9579,1521024,460902,1408,1
9580,5017630,1520552,1408,1
9581,14981764,4539243,1408,1
9582,2386370,722955,1408,1
9583,2633470,797531,1408,1
9584,4662482,1412384,1408,1
9585,2786948,844207,1408,1
9586,984778,298259,1408,1
9587,2860216,866788,1408,1
9588,1701482,515842,1408,1
9589,2542062,770379,1408,1
9590,2569070,778258,1408,1
9591,4930760,1494638,1408,1
9592,1558972,472262,1408,1
9593,3945898,1195820,1408,1
9594,3131428,948640,1408,1
9595,1792714,543200,1408,1
9596,2369150,718169,1408,1
9597,1983510,601639,1408,1
9598,946394,286659,1408,1
9599,1240152,375744,1408,1
9600,4657479,1412698,1408,1
9601,11947170,3619625,1408,1
9602,961804,291519,1408,1
9603,3554656,1077137,1408,1
9604,9062864,2745959,1408,1
9605,2780760,842583,1408,1
9606,4159562,1260868,1408,1
9607,7609004,2304209,1408,1
9608,5354992,1623457,1408,1
9609,4308032,1304985,1408,1
9610,5224158,1583146,1408,1
9611,986048,298646,1408,1
9612,1504256,455609,1408,1
9613,5287948,1602068,1408,1
9614,4576916,1386710,1408,1
9615,1515600,459062,1408,1
9616,1567280,474855,1408,1
9617,2013930,610466,1408,1
9618,3852298,1167122,1408,1
9619,14672935,4446572,1408,1
9620,2321742,703392,1408,1
9621,3894004,1180641,1408,1
9622,2003740,607420,1408,1
9623,1541734,467007,1408,1
9624,2957078,896080,1408,1
9625,2773686,840119,1408,1
9626,946264,286731,1408,1
9627,1228348,372173,1408,1
9628,2256074,683346,1408,1
9629,2736680,829122,1408,1
9630,5786510,1752894,1408,1
9631,5791988,1756317,1408,1
9632,1738444,526494,1408,1
9633,2617094,793183,1408,1
9634,4547258,1377752,1408,1
9635,4706800,1426853,1408,1
9636,2112093,640059,1408,1
9637,2374570,719173,1408,1
9638,3743954,1134535,1408,1
9639,2408462,730125,1408,1
9640,9888148,2996541,1408,1
9641,1590126,481586,1408,1
9642,3793836,1151006,1408,1
9643,3597314,1089418,1408,1
9644,2729360,827776,1408,1
9645,2017752,612509,1408,1
9646,7257408,2199206,1408,1
9647,1399482,423916,1408,1
9648,1750258,530426,1408,1
9649,3744868,1134106,1408,1
9650,5888384,1784030,1408,1
9651,4948306,1499147,1408,1
9652,4527734,1371930,1408,1
9653,1353228,409950,1408,1
9654,1944860,589747,1408,1
9655,1146664,347339,1408,1
9656,1970312,597444,1408,1
9657,2836766,859055,1408,1
9658,2468998,747718,1408,1
9659,1530514,463608,1408,1
9660,1006198,304986,1408,1
9661,4215562,1276639,1408,1
9662,8337293,2525890,1408,1
9663,7126285,2159062,1408,1
9664,1946430,589710,1408,1
9665,2661716,806502,1408,1
9666,3162936,958277,1408,1
9667,5691460,1723889,1408,1
9668,2306706,698688,1408,1
9669,1276802,386696,1408,1
9670,1435148,434662,1408,1
9671,4512287,1367000,1408,1
9672,2345074,710329,1408,1
9673,1808831,548178,1408,1
9674,2165618,656188,1408,1
9675,1528404,462919,1408,1
9676,1410494,428053,1408,1
9677,6420576,1946032,1408,1
9678,3984736,1208671,1408,1
9679,3538516,1075242,1408,1
9680,5228754,1585291,1408,1
9681,1361794,412443,1408,1
9682,4548589,1378578,1408,1
9683,2765923,838244,1408,1
9684,10651630,3238703,1408,1
9685,1565308,474448,1408,1
9686,8600676,2605859,1408,1
9687,2655310,804122,1408,1
9688,1244974,377046,1408,1
9689,1763300,534162,1408,1
9690,7442153,2254723,1408,1
9691,10347380,3134846,1408,1
9692,3410166,1033325,1408,1
9693,1365314,413569,1408,1
9694,9142182,2770435,1408,1
9695,1605772,486299,1408,1
9696,912496,276384,1408,1
9697,2778082,841313,1408,1
9698,2113344,640270,1408,1
9699,890670,269840,1408,1
9700,1438374,436271,1408,1
9701,4155754,1259973,1408,1
9702,1586690,480662,1408,1
9703,964280,292184,1408,1
9704,2314512,701062,1408,1
9705,2493852,755566,1408,1
9706,912220,276290,1408,1
9707,3100872,939073,1408,1
9708,4342168,1315037,1408,1
9709,4299534,1302893,1408,1
9710,5557249,1683613,1408,1
9711,1517478,459696,1408,1
9712,907362,274978,1408,1
9713,1247434,377816,1408,1
9714,8010134,2427658,1408,1
9715,6214084,1882710,1408,1
9716,1991582,603302,1408,1
9717,1162946,352361,1408,1
9718,878682,266150,1408,1
9719,841138,254889,1408,1
9720,1239332,375417,1408,1
9721,2162994,655053,1408,1
9722,1457664,442447,1408,1
9723,1153422,349337,1408,1
9724,1440098,436375,1408,1
9725,1249810,378804,1408,1
9726,3780170,1145071,1408,1
9727,8495336,2573316,1408,1
9728,800948,242586,1408,1
9729,1408712,426739,1408,1
9730,1174258,355650,1408,1
9731,1067398,323269,1408,1
9732,2424554,734391,1408,1
9733,1141378,346145,1408,1
9734,802200,242958,1408,1
9735,4402500,1333895,1408,1
9736,1227092,371648,1408,1
9737,776372,235221,1408,1
9738,4036454,1222527,1408,1
9739,1030260,312023,1408,1
9740,1449646,439169,1408,1
9741,4325262,1310060,1408,1
9742,1037314,314158,1408,1
9743,1425930,432157,1408,1
9744,1107366,335531,1408,1
9745,1514906,458895,1408,1
9746,4379632,1326483,1408,1
9747,3491398,1057884,1408,1
9748,1633394,495010,1408,1
9749,10544751,3194871,1408,1
9750,1169850,354315,1408,1
9751,2590574,786042,1408,1
9752,7616476,2307258,1408,1
9753,2927776,886891,1408,1
9754,1458910,441811,1408,1
9755,1286882,390351,1408,1
9756,3562604,1079972,1408,1
9757,1385006,419834,1408,1
9758,6099402,1847966,1408,1
9759,5911249,1790539,1408,1
9760,4515470,1367506,1408,1
9761,2123332,643225,1408,1
9762,3116352,943845,1408,1
9763,1208088,365969,1408,1
9764,3572784,1082145,1408,1
9765,10770511,3262693,1408,1
9766,3731418,1130470,1408,1
9767,1702866,515847,1408,1
9768,903116,273503,1408,1
9769,1301952,394317,1408,1
9770,2532936,767097,1408,1
9771,3072698,930645,1408,1
9772,869906,263554,1408,1
9773,861518,260934,1408,1
9774,3116420,944180,1408,1
9775,4504706,1364392,1408,1
9776,2341588,709245,1408,1
9777,2901668,879451,1408,1
9778,5982032,1812744,1408,1
9779,4334682,1313066,1408,1
9780,2939030,890119,1408,1
9781,3230112,978378,1408,1
9782,1168026,354135,1408,1
9783,2731420,828241,1408,1
9784,5549418,1681684,1408,1
9785,2498190,757562,1408,1
9786,8315796,2526430,1408,1
9787,1522501,461845,1408,1
9788,1698362,515005,1408,1
9789,1357636,411303,1408,1
9790,2098170,635559,1408,1
9791,2081298,630545,1408,1
9792,7903893,2394696,1408,1
9793,1849248,560904,1408,1
9794,1593154,482841,1408,1
9795,1046192,317019,1408,1
9796,870110,263537,1408,1
9797,1323544,400971,1408,1
9798,2479472,751521,1408,1
9799,1572710,476812,1408,1
9800,1577682,477948,1408,1
9801,1532358,464468,1408,1
9802,16740900,5070892,1408,1
9803,2223936,673730,1408,1
9804,2049634,620952,1408,1
9805,865290,262073,1408,1
9806,1910952,579200,1408,1
9807,4280988,1296582,1408,1
9808,1487594,450516,1408,1
9809,889124,269284,1408,1
9810,939426,284682,1408,1
9811,1339732,405860,1408,1
9812,3292246,997477,1408,1
9813,2525621,765351,1408,1
9814,4629646,1401994,1408,1
9815,1996142,604619,1408,1
9816,5567165,1686615,1408,1
9817,1463344,443496,1408,1
9818,1766202,535283,1408,1
9819,1838252,556908,1408,1
9820,1551392,469881,1408,1
9821,5160480,1563253,1408,1
9822,3118168,945337,1408,1
9823,2090976,633202,1408,1
9824,3749858,1135694,1408,1
9825,3439710,1041933,1408,1
9826,925172,280351,1408,1
9827,915518,277376,1408,1
9828,4893584,1482089,1408,1
9829,2295856,695471,1408,1
9830,1546970,468844,1408,1
9831,3137884,950646,1408,1
9832,2626848,796001,1408,1
9833,6677712,2024638,1408,1
9834,2159524,654438,1408,1
9835,4585116,1388987,1408,1
9836,6260406,1896239,1408,1
9837,3544850,1073937,1408,1
9838,11798305,3574397,1408,1
9839,2323674,704868,1408,1
9840,3973110,1204093,1408,1
9841,3379654,1023863,1408,1
9842,4141654,1254842,1408,1
9843,8548436,2590555,1408,1
9844,5074929,1538062,1408,1
9845,928368,281179,1408,1
9846,2623802,794962,1408,1
9847,5314576,1610097,1408,1
9848,1070250,324372,1408,1
9849,1075410,325880,1408,1
9850,5537350,1677043,1408,1
9851,1262714,382744,1408,1
9852,2998764,908244,1408,1
9853,963268,292013,1408,1
9854,2034994,616620,1408,1
9855,10475514,3173801,1408,1
9856,5565656,1686349,1408,1
9857,930694,281902,1408,1
9858,942742,285552,1408,1
9859,3756686,1137851,1408,1
9860,3196656,968063,1408,1
9861,3219292,974914,1408,1
9862,876102,265346,1408,1
9863,1766074,535225,1408,1
9864,2623548,797676,1408,1
9865,2978238,902573,1408,1
9866,1327260,402081,1408,1
9867,2614440,792181,1408,1
9868,903816,273741,1408,1
9869,5599726,1696074,1408,1
9870,1343180,406982,1408,1
9871,2065572,625992,1408,1
9872,2195918,665368,1408,1
9873,1431210,433463,1408,1
9874,4810602,1459890,1408,1
9875,1568962,475363,1408,1
9876,4171578,1264493,1408,1
9877,3748220,1135299,1408,1
9878,8093342,2453512,1408,1
9879,5295987,1604684,1408,1
9880,3768964,1142259,1408,1
9881,2857790,865776,1408,1
9882,3390528,1026987,1408,1
9883,7841128,2375418,1408,1
9884,4660044,1411382,1408,1
9885,3793196,1149133,1408,1
9886,7714128,2336699,1408,1
9887,3360748,1018219,1408,1
9888,3364728,1019172,1408,1
9889,1401206,424506,1408,1
9890,1618329,490550,1408,1
9891,2265394,686177,1408,1
9892,11718077,3550598,1408,1
9893,5722284,1733710,1408,1
9894,1478356,447812,1408,1
9895,3830334,1160301,1408,1
9896,2268444,687021,1408,1
9897,2355470,713603,1408,1
9898,3904558,1182501,1408,1
9899,2564220,776676,1408,1
9900,1449102,438911,1408,1
9901,923100,279661,1408,1
9902,2589844,784463,1408,1
9903,4270732,1293736,1408,1
9904,957086,290012,1408,1
9905,6407736,1941010,1408,1
9906,1012804,306773,1408,1
9907,3912882,1185903,1408,1
9908,1400492,424243,1408,1
9909,2567378,777664,1408,1
9910,1323034,400689,1408,1
9911,1636836,495787,1408,1
9912,10797272,3270313,1408,1
9913,6883794,2085122,1408,1
9914,3921630,1188026,1408,1
9915,8835728,2676594,1408,1
9916,6135540,1858462,1408,1
9917,2048406,620677,1408,1
9918,3408432,1033061,1408,1
9919,2430064,735909,1408,1
9920,4233552,1282560,1408,1
9921,6520445,1975515,1408,1
9922,4417106,1338651,1408,1
9923,3423496,1036928,1408,1
9924,2170482,658189,1408,1
9925,2136860,647300,1408,1
9926,2199188,666541,1408,1
9927,1069056,323988,1408,1
9928,2631291,798044,1408,1
9929,1315468,398417,1408,1
9930,4762776,1442484,1408,1
9931,888952,269541,1408,1
9932,2144104,649908,1408,1
9933,3245692,983987,1408,1
9934,2599762,787423,1408,1
9935,1267756,383964,1408,1
9936,5143884,1558843,1408,1
9937,6851540,2075394,1408,1
9938,3886428,1177022,1408,1
9939,1129380,342039,1408,1
9940,2392084,724672,1408,1
9941,3118020,944242,1408,1
9942,1262006,382224,1408,1
9943,10585130,3205901,1408,1
9944,1192262,361915,1408,1
9945,1186442,359400,1408,1
9946,1366672,414328,1408,1
9947,4062458,1231095,1408,1
9948,2285192,692342,1408,1
9949,2741536,830986,1408,1
9950,3974360,1204078,1408,1
9951,1801258,545569,1408,1
9952,4736224,1435380,1408,1
9953,5557851,1683875,1408,1
9954,1493664,453029,1408,1
9955,4351903,1318414,1408,1
9956,1173026,355298,1408,1
9957,2208752,669590,1408,1
9958,892724,270426,1408,1
9959,4412702,1336899,1408,1
9960,4302178,1303223,1408,1
9961,1905052,577018,1408,1
9962,4769956,1445044,1408,1
9963,1944876,589347,1408,1
9964,1845118,558764,1408,1
9965,1122748,340160,1408,1
9966,6916752,2095865,1408,1
9967,4258072,1289612,1408,1
9968,1808100,547761,1408,1
9969,1515442,459103,1408,1
9970,2904012,879619,1408,1
9971,1592728,482371,1408,1
9972,2339442,708484,1408,1
9973,2445960,742065,1408,1
9974,1607538,486864,1408,1
9975,4359766,1320975,1408,1
9976,841082,254740,1408,1
9977,4679092,1417358,1408,1
9978,2109410,638807,1408,1
9979,7062588,2139511,1408,1
9980,2108852,638815,1408,1
9981,4801202,1454214,1408,1
9982,1556750,471456,1408,1
9983,1654772,501157,1408,1
9984,3040264,921052,1408,1
9985,1814506,551146,1408,1
9986,1404740,425459,1408,1
9987,3994506,1209930,1408,1
9988,6174536,1869786,1408,1
9989,3367000,1019636,1408,1
9990,2232968,676239,1408,1
9991,829474,251203,1408,1
9992,5339118,1617215,1408,1
9993,4806770,1456591,1408,1
9994,2429092,735898,1408,1
9995,3363752,1018668,1408,1
9996,3635300,1101480,1408,1
9997,8146756,2467094,1408,1
9998,2434996,737435,1408,1
9999,5786174,1753399,1408,1
