iter,cycles,time_ns,peak_rss_kb,ok
0,2063130,625804,1664,1
1,523436,158576,1664,1
2,548612,166429,1664,1
3,475990,144338,1664,1
4,619602,187699,1664,1
5,442100,133969,1664,1
6,360248,109174,1664,1
7,671760,203508,1664,1
8,1460132,442225,1664,1
9,475172,143940,1664,1
10,688202,208434,1664,1
11,1409162,426782,1664,1
12,700808,212282,1664,1
13,468224,141882,1664,1
14,1092978,331497,1664,1
15,421962,127845,1664,1
16,390938,118416,1664,1
17,363998,110309,1664,1
18,488428,148003,1664,1
19,440110,133361,1664,1
20,501370,152347,1664,1
21,502328,152408,1664,1
22,2673556,810099,1664,1
23,624487,189560,1664,1
24,2110671,639658,1664,1
25,924660,280095,1664,1
26,882714,267604,1664,1
27,537880,162977,1664,1
28,444954,134819,1664,1
29,425772,129009,1664,1
30,830490,251683,1664,1
31,797306,242298,1664,1
32,969688,293741,1664,1
33,792832,240150,1664,1
34,352656,106864,1664,1
35,705604,213754,1664,1
36,544592,165048,1664,1
37,631126,191199,1664,1
38,467512,141638,1664,1
39,358678,108692,1664,1
40,712722,216387,1664,1
41,979562,297196,1664,1
42,439750,133287,1664,1
43,775618,235005,1664,1
44,596138,180604,1664,1
45,1547116,468809,1664,1
46,931660,282458,1664,1
47,14023736,4248197,1664,1
48,3090373,937347,1664,1
49,644198,195160,1664,1
50,1991342,603218,1664,1
51,679840,206137,1664,1
52,554922,168161,1664,1
53,647674,196470,1664,1
54,886456,268520,1664,1
55,966408,292726,1664,1
56,1472106,445957,1664,1
57,544866,165084,1664,1
58,571468,173138,1664,1
59,1789224,541895,1664,1
60,458746,139005,1664,1
61,1045270,316649,1664,1
62,433608,131385,1664,1
63,658308,199528,1664,1
64,499288,151277,1664,1
65,544792,165059,1664,1
66,1635254,495614,1664,1
67,658435,199745,1664,1
68,977462,296312,1664,1
69,372904,112988,1664,1
70,1300662,394209,1664,1
71,7325883,2288710,1664,1
72,1386707,420428,1664,1
73,354138,107304,1664,1
74,429406,130093,1664,1
75,1169716,354305,1664,1
76,1035196,313531,1664,1
77,412138,124878,1664,1
78,665382,202188,1664,1
79,614920,186270,1664,1
80,1641956,498034,1664,1
81,372058,112746,1664,1
82,481450,145867,1664,1
83,880958,267005,1664,1
84,877196,265765,1664,1
85,1282674,388742,1664,1
86,755058,228945,1664,1
87,1102638,334279,1664,1
88,606020,183728,1664,1
89,1372686,416012,1664,1
90,839802,254695,1664,1
91,1725093,522761,1664,1
92,3795684,1150021,1664,1
93,1477738,448079,1664,1
94,623532,188971,1664,1
95,432726,131135,1664,1
96,741836,224687,1664,1
97,560756,169885,1664,1
98,447062,135470,1664,1
99,615138,186363,1664,1
100,508602,154098,1664,1
101,678270,205635,1664,1
102,386872,117220,1664,1
103,947342,287179,1664,1
104,557124,168786,1664,1
105,936198,283860,1664,1
106,1410832,427343,1664,1
107,765002,231726,1664,1
108,1484930,450001,1664,1
109,1041790,315521,1664,1
110,800652,242520,1664,1
111,499236,151268,1664,1
112,854772,259132,1664,1
113,728262,220610,1664,1
114,612510,185807,1664,1
115,591300,179145,1664,1
116,1929044,584932,1664,1
117,1890948,573012,1664,1
118,1220996,370045,1664,1
119,760362,230324,1664,1
120,394186,119406,1664,1
121,699168,211784,1664,1
122,561130,170082,1664,1
123,482002,146042,1664,1
124,1462230,442976,1664,1
125,1105990,335195,1664,1
126,1185032,359039,1664,1
127,966230,292850,1664,1
128,1295628,392391,1664,1
129,1472274,445936,1664,1
130,386238,117040,1664,1
131,1516014,459514,1664,1
132,384870,116588,1664,1
133,4643128,1406741,1664,1
134,2082156,631232,1664,1
135,608482,184465,1664,1
136,459968,139378,1664,1
137,567488,171923,1664,1
138,936330,283707,1664,1
139,597714,181091,1664,1
140,935603,283833,1664,1
141,642928,195077,1664,1
142,768080,232653,1664,1
143,718766,217757,1664,1
144,438656,132917,1664,1
145,1186330,359462,1664,1
146,556248,168518,1664,1
147,1031342,312534,1664,1
148,935818,283590,1664,1
149,576244,174574,1664,1
150,623646,188937,1664,1
151,592078,179372,1664,1
152,850672,257699,1664,1
153,436234,132217,1664,1
154,542916,164490,1664,1
155,724563,219872,1664,1
156,886216,268437,1664,1
157,1501594,454792,1664,1
158,5656677,1713724,1664,1
159,1157935,351165,1664,1
160,1748505,529814,1664,1
161,484542,146805,1664,1
162,943372,285769,1664,1
163,806372,244289,1664,1
164,780762,236540,1664,1
165,449866,136305,1664,1
166,624094,189054,1664,1
167,758606,229964,1664,1
168,811804,245998,1664,1
169,883516,267685,1664,1
170,595588,180439,1664,1
171,660420,200101,1664,1
172,688302,208500,1664,1
173,629756,190797,1664,1
174,505772,153224,1664,1
175,1019238,309242,1664,1
176,787314,239202,1664,1
177,778513,236694,1664,1
178,1352050,409848,1664,1
179,672977,204416,1664,1
180,392336,118891,1664,1
181,1392292,422026,1664,1
182,664480,201298,1664,1
183,345510,104707,1664,1
184,1204488,365078,1664,1
185,757575,229794,1664,1
186,626554,189867,1664,1
187,605862,183517,1664,1
188,912432,276619,1664,1
189,456118,138202,1664,1
190,922346,279624,1664,1
191,707434,214296,1664,1
192,1119200,339094,1664,1
193,900132,272672,1664,1
194,661938,200528,1664,1
195,1126542,341408,1664,1
196,1215660,368225,1664,1
197,451518,136981,1664,1
198,924614,280097,1664,1
199,942352,285465,1664,1
200,651536,197412,1664,1
201,461398,139819,1664,1
202,733928,222672,1664,1
203,1033628,313093,1664,1
204,696772,211116,1664,1
205,673428,203997,1664,1
206,618108,187294,1664,1
207,1199996,363471,1664,1
208,1343712,407215,1664,1
209,579883,176467,1664,1
210,674686,204477,1664,1
211,609160,184552,1664,1
212,631238,191237,1664,1
213,494008,149698,1664,1
214,844418,256258,1664,1
215,576030,174505,1664,1
216,1248358,378381,1664,1
217,748852,226920,1664,1
218,433038,131171,1664,1
219,818230,247865,1664,1
220,692308,209735,1664,1
221,852244,258164,1664,1
222,958024,290200,1664,1
223,3836086,1162641,1664,1
224,574686,174105,1664,1
225,943068,285661,1664,1
226,467722,141717,1664,1
227,492680,149278,1664,1
228,473720,143544,1664,1
229,532296,161286,1664,1
230,960594,290948,1664,1
231,1088130,329590,1664,1
232,631166,191221,1664,1
233,717488,217330,1664,1
234,506182,153365,1664,1
235,695886,210762,1664,1
236,886084,268350,1664,1
237,402582,121978,1664,1
238,663194,200915,1664,1
239,317056,96078,1664,1
240,752750,228001,1664,1
241,449800,136276,1664,1
242,566848,171702,1664,1
243,604962,183272,1664,1
244,526278,159420,1664,1
245,490952,148704,1664,1
246,1074056,325304,1664,1
247,2261480,685359,1664,1
248,559758,169603,1664,1
249,1354396,410547,1664,1
250,673948,205148,1664,1
251,901486,273123,1664,1
252,566626,171638,1664,1
253,509618,154517,1664,1
254,1170730,354991,1664,1
255,654318,199129,1664,1
256,1086232,329006,1664,1
257,592120,179538,1664,1
258,1021406,309375,1664,1
259,817470,247680,1664,1
260,894666,271639,1664,1
261,533130,161519,1664,1
262,1271096,384994,1664,1
263,442610,134090,1664,1
264,925540,280719,1664,1
265,557204,168958,1664,1
266,684224,208115,1664,1
267,1097732,332694,1664,1
268,555274,168237,1664,1
269,1233602,373668,1664,1
270,832540,252218,1664,1
271,893212,270549,1664,1
272,876370,265463,1664,1
273,925636,280603,1664,1
274,1141350,345670,1664,1
275,734746,222573,1664,1
276,493732,149586,1664,1
277,512716,155345,1664,1
278,771501,234590,1664,1
279,578368,175214,1664,1
280,393998,119386,1664,1
281,1181400,358109,1664,1
282,622722,188641,1664,1
283,439336,133144,1664,1
284,533048,161498,1664,1
285,871614,264214,1664,1
286,664544,201334,1664,1
287,525388,159173,1664,1
288,567830,172027,1664,1
289,508232,153968,1664,1
290,683970,207845,1664,1
291,638718,193894,1664,1
292,362304,109773,1664,1
293,1630704,494281,1664,1
294,332962,100881,1664,1
295,692628,209797,1664,1
296,760872,230469,1664,1
297,554606,168042,1664,1
298,618054,187806,1664,1
299,1822566,552057,1664,1
300,421622,127710,1664,1
301,993988,301484,1664,1
302,1397553,423634,1664,1
303,285926,86644,1664,1
304,361882,109617,1664,1
305,286582,86842,1664,1
306,359768,109003,1664,1
307,753340,228152,1664,1
308,756868,229295,1664,1
309,1187126,359580,1664,1
310,526552,159493,1664,1
311,521558,158008,1664,1
312,358780,108710,1664,1
313,1092238,330821,1664,1
314,401032,121483,1664,1
315,262054,79398,1664,1
316,325116,98498,1664,1
317,700830,213031,1664,1
318,786676,238439,1664,1
319,534614,161967,1664,1
320,364232,110381,1664,1
321,1040980,315780,1664,1
322,1478766,448069,1664,1
323,511176,154902,1664,1
324,783336,237258,1664,1
325,1046412,316910,1664,1
326,721016,218387,1664,1
327,403532,122274,1664,1
328,686778,208054,1664,1
329,456254,138239,1664,1
330,809890,245351,1664,1
331,674794,204414,1664,1
332,793886,240573,1664,1
333,557972,169032,1664,1
334,485632,147137,1664,1
335,401126,121531,1664,1
336,630714,191050,1664,1
337,427272,129458,1664,1
338,507196,153622,1664,1
339,512410,155202,1664,1
340,388870,117938,1664,1
341,359958,109037,1664,1
342,382680,115916,1664,1
343,1094592,331632,1664,1
344,1268798,384269,1664,1
345,374272,113370,1664,1
346,427486,129490,1664,1
347,663006,200939,1664,1
348,609356,184631,1664,1
349,324394,98315,1664,1
350,510184,154568,1664,1
351,436826,132341,1664,1
352,277304,84008,1664,1
353,412382,124923,1664,1
354,623568,188900,1664,1
355,427710,129552,1664,1
356,1317968,399159,1664,1
357,615560,186750,1664,1
358,941614,285429,1664,1
359,661556,200380,1664,1
360,519682,157431,1664,1
361,1346746,407886,1664,1
362,293940,89076,1664,1
363,675452,204598,1664,1
364,408774,123829,1664,1
365,378172,114646,1664,1
366,405056,122736,1664,1
367,378004,114531,1664,1
368,777018,235987,1664,1
369,433822,131434,1664,1
370,282922,85708,1664,1
371,284246,86121,1664,1
372,356878,108116,1664,1
373,626690,189806,1664,1
374,945800,286479,1664,1
375,339232,102872,1664,1
376,610096,184912,1664,1
377,584312,177022,1664,1
378,768424,232796,1664,1
379,1766270,534924,1664,1
380,1138816,345322,1664,1
381,468912,142192,1664,1
382,509288,154414,1664,1
383,1378191,417838,1664,1
384,451894,136923,1664,1
385,2186982,662345,1664,1
386,3696062,1120061,1664,1
387,922528,279522,1664,1
388,979446,296700,1664,1
389,800594,242711,1664,1
390,1613712,488752,1664,1
391,434986,131808,1664,1
392,722198,218790,1664,1
393,794410,240623,1664,1
394,437936,132679,1664,1
395,444858,134814,1664,1
396,488552,148043,1664,1
397,988026,299272,1664,1
398,1048802,317687,1664,1
399,453866,137523,1664,1
400,456566,138348,1664,1
401,487658,147748,1664,1
402,1606378,487728,1664,1
403,1560320,472608,1664,1
404,469794,142339,1664,1
405,416660,126255,1664,1
406,633408,191921,1664,1
407,581586,176191,1664,1
408,672110,203639,1664,1
409,1050008,318491,1664,1
410,776528,235226,1664,1
411,532398,161270,1664,1
412,569562,172558,1664,1
413,595496,180415,1664,1
414,1110070,336241,1664,1
415,1054398,319382,1664,1
416,519482,157438,1664,1
417,294140,89140,1664,1
418,707208,214193,1664,1
419,977048,295955,1664,1
420,309900,93909,1664,1
421,1069808,324096,1664,1
422,1180946,358297,1664,1
423,554792,168064,1664,1
424,810096,245568,1664,1
425,443150,134227,1664,1
426,501460,151930,1664,1
427,365848,110850,1664,1
428,431536,130721,1664,1
429,579186,175440,1664,1
430,442522,134091,1664,1
431,682394,206962,1664,1
432,594068,179949,1664,1
433,1819776,551539,1664,1
434,636302,192776,1664,1
435,928108,281114,1664,1
436,774364,234537,1664,1
437,531916,161170,1664,1
438,562946,170551,1664,1
439,970462,293929,1664,1
440,431420,130677,1664,1
441,411274,124619,1664,1
442,598938,181452,1664,1
443,605508,183419,1664,1
444,562808,170606,1664,1
445,527568,159845,1664,1
446,451418,136777,1664,1
447,617636,187100,1664,1
448,534428,161911,1664,1
449,509350,154317,1664,1
450,448780,135983,1664,1
451,982958,297745,1664,1
452,436964,132402,1664,1
453,2240534,678634,1664,1
454,1210372,366589,1664,1
455,924700,280102,1664,1
456,952332,288479,1664,1
457,1738224,529099,1664,1
458,2415362,732026,1664,1
459,1101428,334211,1664,1
460,574926,174182,1664,1
461,408526,123796,1664,1
462,630784,191150,1664,1
463,467980,141806,1664,1
464,555744,168414,1664,1
465,626352,190209,1664,1
466,1002356,304187,1664,1
467,409818,124186,1664,1
468,569272,172588,1664,1
469,427780,129620,1664,1
470,776840,235339,1664,1
471,461154,139713,1664,1
472,969554,293778,1664,1
473,583092,176724,1664,1
474,1286526,389652,1664,1
475,441952,133903,1664,1
476,1915208,580095,1664,1
477,703880,213280,1664,1
478,1342040,406891,1664,1
479,1623816,492076,1664,1
480,1655748,501970,1664,1
481,902435,273783,1664,1
482,561494,170107,1664,1
483,429382,130091,1664,1
484,363722,110208,1664,1
485,315768,95701,1664,1
486,701814,212563,1664,1
487,1269488,384876,1664,1
488,575742,174454,1664,1
489,2783142,843176,1664,1
490,1382526,418889,1664,1
491,1017052,308070,1664,1
492,501048,151817,1664,1
493,1200790,363704,1664,1
494,685924,207800,1664,1
495,324508,98356,1664,1
496,787966,238775,1664,1
497,1401240,425039,1664,1
498,509528,154375,1664,1
499,1992802,603608,1664,1
500,1908498,578533,1664,1
501,855364,259098,1664,1
502,3137166,950893,1664,1
503,14208733,4303819,1664,1
504,471666,142922,1664,1
505,1817188,550342,1664,1
506,2461766,745824,1664,1
507,820360,248505,1664,1
508,914788,277089,1664,1
509,434764,131736,1664,1
510,555786,168428,1664,1
511,1022584,309736,1664,1
512,593358,179723,1664,1
513,792728,240125,1664,1
514,1091126,330511,1664,1
515,1286484,389658,1664,1
516,6644086,2012848,1664,1
517,475740,144225,1664,1
518,1287910,390098,1664,1
519,456354,138265,1664,1
520,1120086,339290,1664,1
521,689908,209012,1664,1
522,648736,196526,1664,1
523,517842,156889,1664,1
524,596238,180605,1664,1
525,295904,89665,1664,1
526,1007308,305510,1664,1
527,768034,232736,1664,1
528,416480,126359,1664,1
529,418388,126777,1664,1
530,1026742,311011,1664,1
531,797112,241464,1664,1
532,380166,115195,1664,1
533,586042,177506,1664,1
534,296992,89985,1664,1
535,528200,159996,1664,1
536,542528,164332,1664,1
537,371558,112577,1664,1
538,714808,216532,1664,1
539,674850,204447,1664,1
540,632602,191649,1664,1
541,370856,112419,1664,1
542,506530,153461,1664,1
543,694550,210393,1664,1
544,732802,221983,1664,1
545,960442,290921,1664,1
546,2387538,723134,1664,1
547,536812,162636,1664,1
548,466976,141490,1664,1
549,1535428,465185,1664,1
550,1898156,575273,1664,1
551,8968398,2716557,1664,1
552,457602,138662,1664,1
553,708444,214613,1664,1
554,901426,273257,1664,1
555,859606,260376,1664,1
556,1064056,322880,1664,1
557,548178,166151,1664,1
558,405610,122907,1664,1
559,564752,171072,1664,1
560,1111496,336641,1664,1
561,1052032,318754,1664,1
562,1192884,361315,1664,1
563,567364,171892,1664,1
564,554616,168413,1664,1
565,477490,144787,1664,1
566,460566,139842,1664,1
567,444706,134736,1664,1
568,1609886,487641,1664,1
569,1038162,314442,1664,1
570,573922,173872,1664,1
571,1051448,318598,1664,1
572,567810,172038,1664,1
573,633452,191921,1664,1
574,493122,149450,1664,1
575,1218438,369340,1664,1
576,1683640,510237,1664,1
577,1862221,564350,1664,1
578,718266,217593,1664,1
579,676718,205019,1664,1
580,1624790,492099,1664,1
581,700024,212059,1664,1
582,459856,139380,1664,1
583,671708,203675,1664,1
584,481926,146027,1664,1
585,587492,178208,1664,1
586,1186398,359720,1664,1
587,671454,203524,1664,1
588,502832,152340,1664,1
589,1034946,313492,1664,1
590,831802,251971,1664,1
591,685018,207488,1664,1
592,459484,139227,1664,1
593,786310,238193,1664,1
594,1031252,313001,1664,1
595,530134,160619,1664,1
596,314446,95292,1664,1
597,311988,94531,1664,1
598,1787550,542522,1664,1
599,1120708,339554,1664,1
600,944048,286084,1664,1
601,2717064,823739,1664,1
602,629138,190639,1664,1
603,1029798,311939,1664,1
604,505978,153306,1664,1
605,456558,138331,1664,1
606,750780,227426,1664,1
607,619854,187814,1664,1
608,942092,285344,1664,1
609,817984,247745,1664,1
610,583506,176783,1664,1
611,454102,137578,1664,1
612,448302,135837,1664,1
613,1328036,402262,1664,1
614,513232,155480,1664,1
615,1192576,361375,1664,1
616,531044,160895,1664,1
617,5252608,1591122,1664,1
618,463482,140438,1664,1
619,451714,136833,1664,1
620,1400454,424830,1664,1
621,763994,231570,1664,1
622,469608,142393,1664,1
623,438244,132945,1664,1
624,940542,284942,1664,1
625,1173172,355336,1664,1
626,885610,268285,1664,1
627,498962,151186,1664,1
628,861736,261041,1664,1
629,1206444,365784,1664,1
630,946426,287162,1664,1
631,811188,245931,1664,1
632,460698,139601,1664,1
633,1001992,303761,1664,1
634,756342,229113,1664,1
635,1683138,509956,1664,1
636,1005206,304479,1664,1
637,1157158,350494,1664,1
638,2025300,614379,1664,1
639,639998,193893,1664,1
640,1374268,416623,1664,1
641,563136,170601,1664,1
642,765892,232203,1664,1
643,874662,264952,1664,1
644,1518108,459846,1664,1
645,460904,139649,1664,1
646,457194,138540,1664,1
647,1896878,574792,1664,1
648,477988,144815,1664,1
649,575428,174425,1664,1
650,867808,263159,1664,1
651,664090,201176,1664,1
652,657802,199724,1664,1
653,3596876,1089835,1664,1
654,897118,271740,1664,1
655,1069958,324087,1664,1
656,818232,247940,1664,1
657,605534,183451,1664,1
658,1149454,348230,1664,1
659,619546,187708,1664,1
660,1918722,581476,1664,1
661,491950,149058,1664,1
662,620468,188213,1664,1
663,372966,112978,1664,1
664,647762,196249,1664,1
665,570134,172746,1664,1
666,864606,261908,1664,1
667,536724,162591,1664,1
668,727286,220328,1664,1
669,933350,283178,1664,1
670,850756,257724,1664,1
671,442032,133938,1664,1
672,576480,174651,1664,1
673,862668,261420,1664,1
674,446698,135366,1664,1
675,9268969,2807940,1664,1
676,1087920,329542,1664,1
677,472026,143024,1664,1
678,1135044,343885,1664,1
679,1529688,463440,1664,1
680,2070697,627764,1664,1
681,434736,131783,1664,1
682,2374560,719381,1664,1
683,603792,182947,1664,1
684,850818,257760,1664,1
685,444508,134673,1664,1
686,680280,206095,1664,1
687,832670,252237,1664,1
688,446590,135315,1664,1
689,836946,253842,1664,1
690,1807512,547445,1664,1
691,855896,259244,1664,1
692,714476,216406,1664,1
693,694714,210459,1664,1
694,669996,202968,1664,1
695,11126693,3370564,1664,1
696,1275957,387236,1664,1
697,475248,143999,1664,1
698,1364066,413131,1664,1
699,687542,208274,1664,1
700,450724,136533,1664,1
701,729560,220977,1664,1
702,586668,178056,1664,1
703,1834876,555924,1664,1
704,696882,211111,1664,1
705,664452,201713,1664,1
706,1006100,304932,1664,1
707,466796,141451,1664,1
708,671858,203534,1664,1
709,581680,176243,1664,1
710,937994,284167,1664,1
711,1108752,335839,1664,1
712,511958,155121,1664,1
713,696752,211181,1664,1
714,641562,194373,1664,1
715,302062,91532,1664,1
716,300592,91092,1664,1
717,707854,214380,1664,1
718,1818416,550728,1664,1
719,630954,191113,1664,1
720,312202,94773,1664,1
721,473120,143360,1664,1
722,931541,282404,1664,1
723,654178,198178,1664,1
724,305386,92525,1664,1
725,932770,282528,1664,1
726,717290,217363,1664,1
727,832104,252018,1664,1
728,468202,141859,1664,1
729,704568,213398,1664,1
730,631838,191410,1664,1
731,456216,138190,1664,1
732,737528,223416,1664,1
733,926420,280623,1664,1
734,536908,162674,1664,1
735,529882,160549,1664,1
736,661342,200337,1664,1
737,476844,144487,1664,1
738,962852,291612,1664,1
739,536390,162502,1664,1
740,709206,214799,1664,1
741,1796955,545186,1664,1
742,1248589,378693,1664,1
743,564002,170880,1664,1
744,774906,234882,1664,1
745,1116154,338134,1664,1
746,1921954,582766,1664,1
747,911575,276490,1664,1
748,474864,143882,1664,1
749,682104,206648,1664,1
750,660516,200086,1664,1
751,1419056,430355,1664,1
752,1016868,308044,1664,1
753,381940,115734,1664,1
754,592940,179656,1664,1
755,937598,284008,1664,1
756,1128118,341799,1664,1
757,307220,93098,1664,1
758,1110124,336221,1664,1
759,561724,170180,1664,1
760,306578,92949,1664,1
761,543156,164538,1664,1
762,496858,150519,1664,1
763,315234,95619,1664,1
764,457568,138618,1664,1
765,624644,189807,1664,1
766,905092,274889,1664,1
767,2378440,721203,1664,1
768,447848,135657,1664,1
769,588660,178351,1664,1
770,956448,290194,1664,1
771,4043201,1224832,1664,1
772,640398,194007,1664,1
773,445746,135021,1664,1
774,1520692,461188,1664,1
775,1352096,409580,1664,1
776,896552,271568,1664,1
777,734018,222463,1664,1
778,373952,113412,1664,1
779,469232,142174,1664,1
780,563666,171267,1664,1
781,512884,155401,1664,1
782,860924,260930,1664,1
783,632464,191758,1664,1
784,534512,161956,1664,1
785,1434500,434854,1664,1
786,926444,280752,1664,1
787,686884,208098,1664,1
788,519048,157322,1664,1
789,522424,158265,1664,1
790,1160508,351894,1664,1
791,468038,141815,1664,1
792,560488,169829,1664,1
793,739956,224377,1664,1
794,458314,138869,1664,1
795,662652,201197,1664,1
796,3470347,1051228,1664,1
797,1482501,449391,1664,1
798,539104,163298,1664,1
799,621308,188234,1664,1
800,576826,174760,1664,1
801,703340,213029,1664,1
802,716034,216977,1664,1
803,733506,222206,1664,1
804,1334500,404397,1664,1
805,465508,141044,1664,1
806,664942,201562,1664,1
807,1163442,352368,1664,1
808,673036,203962,1664,1
809,1261556,382125,1664,1
810,954254,289188,1664,1
811,598992,181464,1664,1
812,823964,249581,1664,1
813,965094,292384,1664,1
814,1191623,361694,1664,1
815,757424,229932,1664,1
816,1815789,550531,1664,1
817,1294342,392026,1664,1
818,511468,155151,1664,1
819,1266092,387811,1664,1
820,2132250,646099,1664,1
821,745266,225779,1664,1
822,315292,95556,1664,1
823,423916,128439,1664,1
824,864072,261775,1664,1
825,1267130,384093,1664,1
826,307616,93185,1664,1
827,1200096,363471,1664,1
828,704196,213348,1664,1
829,1219436,369552,1664,1
830,535152,162178,1664,1
831,739940,224376,1664,1
832,798326,241843,1664,1
833,425710,129174,1664,1
834,1618776,490369,1664,1
835,404714,122625,1664,1
836,5026927,1522709,1664,1
837,3138125,950608,1664,1
838,1065995,323294,1664,1
839,685690,207706,1664,1
840,721916,218739,1664,1
841,1702660,515673,1664,1
842,307920,93295,1664,1
843,466984,141471,1664,1
844,652956,197892,1664,1
845,806088,244173,1664,1
846,455216,137888,1664,1
847,2010348,608802,1664,1
848,462432,140121,1664,1
849,1409416,426878,1664,1
850,562298,170317,1664,1
851,567934,172055,1664,1
852,1001084,303787,1664,1
853,477470,144669,1664,1
854,475324,144021,1664,1
855,692892,231961,1664,1
856,523780,158710,1664,1
857,885733,268713,1664,1
858,1067590,323449,1664,1
859,580638,175918,1664,1
860,1279297,388199,1664,1
861,1323040,401170,1664,1
862,512710,155461,1664,1
863,450994,136649,1664,1
864,951272,288205,1664,1
865,478910,145069,1664,1
866,2233862,677319,1664,1
867,773156,234207,1664,1
868,555460,168275,1664,1
869,575150,174224,1664,1
870,545158,165229,1664,1
871,451102,136689,1664,1
872,821660,248895,1664,1
873,1594392,483475,1664,1
874,457536,138599,1664,1
875,1501822,454871,1664,1
876,564276,170952,1664,1
877,1205504,365104,1664,1
878,1841834,558226,1664,1
879,462902,140255,1664,1
880,470606,142589,1664,1
881,1492976,453054,1664,1
882,2306108,698791,1664,1
883,1176656,356381,1664,1
884,1058822,320676,1664,1
885,579124,175450,1664,1
886,454736,137785,1664,1
887,466520,141327,1664,1
888,1623656,491754,1664,1
889,448888,136021,1664,1
890,621124,188160,1664,1
891,2220068,672755,1664,1
892,1495666,452988,1664,1
893,464226,140652,1664,1
894,464496,140703,1664,1
895,553756,167777,1664,1
896,3660518,1109600,1664,1
897,935084,283254,1664,1
898,937647,284578,1664,1
899,1251411,379297,1664,1
900,581552,176197,1664,1
901,2037089,617289,1664,1
902,725196,219701,1664,1
903,767388,232480,1664,1
904,775986,235179,1664,1
905,646822,195959,1664,1
906,442022,133926,1664,1
907,591894,179547,1664,1
908,1034204,313322,1664,1
909,587792,178519,1664,1
910,556792,168801,1664,1
911,708772,214705,1664,1
912,474722,143830,1664,1
913,1274950,386478,1664,1
914,2330781,706464,1664,1
915,654968,198428,1664,1
916,3573059,1082641,1664,1
917,706534,214028,1664,1
918,660672,200105,1664,1
919,771274,233863,1664,1
920,420600,127498,1664,1
921,735630,222836,1664,1
922,642090,194515,1664,1
923,1099768,333499,1664,1
924,836324,253390,1664,1
925,523582,158596,1664,1
926,631956,191431,1664,1
927,1560048,472652,1664,1
928,572550,173473,1664,1
929,461774,139918,1664,1
930,459842,139331,1664,1
931,903380,273791,1664,1
932,553594,167710,1664,1
933,552430,167360,1664,1
934,425574,128943,1664,1
935,463156,140325,1664,1
936,456924,138438,1664,1
937,801322,242756,1664,1
938,612774,185636,1664,1
939,397588,120474,1664,1
940,1173322,355391,1664,1
941,664012,201153,1664,1
942,743932,225597,1664,1
943,633966,192025,1664,1
944,441534,133770,1664,1
945,442358,134159,1664,1
946,2334797,707513,1664,1
947,671816,203488,1664,1
948,292514,88615,1664,1
949,900024,272633,1664,1
950,601908,182348,1664,1
951,567744,171967,1664,1
952,639308,193677,1664,1
953,1893268,573396,1664,1
954,851848,258033,1664,1
955,926374,280598,1664,1
956,705458,213742,1664,1
957,747140,226325,1664,1
958,1078786,326725,1664,1
959,392438,118871,1664,1
960,392990,119083,1664,1
961,387138,117311,1664,1
962,349776,105979,1664,1
963,1040676,315202,1664,1
964,497804,150794,1664,1
965,471204,142743,1664,1
966,702053,212993,1664,1
967,635487,192830,1664,1
968,1248965,378593,1664,1
969,1095992,331965,1664,1
970,467306,141595,1664,1
971,1039528,314856,1664,1
972,2027410,614289,1664,1
973,490602,148659,1664,1
974,474468,143758,1664,1
975,371988,112683,1664,1
976,739600,223990,1664,1
977,648708,196520,1664,1
978,1465208,443792,1664,1
979,973674,295039,1664,1
980,1251474,379035,1664,1
981,525162,159062,1664,1
982,352478,106837,1664,1
983,362570,109841,1664,1
984,678056,205355,1664,1
985,638248,193346,1664,1
986,301132,91248,1664,1
987,360470,109205,1664,1
988,481912,146018,1664,1
989,596130,180579,1664,1
990,886036,268381,1664,1
991,293040,88799,1664,1
992,409640,124122,1664,1
993,358346,108547,1664,1
994,466938,141540,1664,1
995,451718,136830,1664,1
996,1169134,354103,1664,1
997,599276,181547,1664,1
998,284216,86131,1664,1
999,684878,207485,1664,1
1000,765092,231768,1664,1
1001,680128,206036,1664,1
1002,454780,137786,1664,1
1003,554812,168240,1664,1
1004,498106,151416,1664,1
1005,1023174,310006,1664,1
1006,1000941,303816,1664,1
1007,380016,115141,1664,1
1008,352378,106780,1664,1
1009,453568,137425,1664,1
1010,530942,160860,1664,1
1011,1111780,336973,1664,1
1012,593064,179759,1664,1
1013,548776,166217,1664,1
1014,878640,266163,1664,1
1015,509292,154286,1664,1
1016,1870770,566600,1664,1
1017,605550,183462,1664,1
1018,931914,282295,1664,1
1019,720544,218276,1664,1
1020,611246,185296,1664,1
1021,587896,178106,1664,1
1022,1150982,348618,1664,1
1023,592184,179422,1664,1
1024,816616,247368,1664,1
1025,354902,107555,1664,1
1026,305874,92686,1664,1
1027,1348148,408393,1664,1
1028,558838,169304,1664,1
1029,547138,165775,1664,1
1030,1027934,312555,1664,1
1031,538400,163147,1664,1
1032,656076,198755,1664,1
1033,3356170,1016789,1664,1
1034,1809663,548446,1664,1
1035,455604,138010,1664,1
1036,615670,186520,1664,1
1037,1059074,320792,1664,1
1038,795884,241097,1664,1
1039,456896,138421,1664,1
1040,1035902,318308,1664,1
1041,636988,192982,1664,1
1042,595508,180402,1664,1
1043,960498,290922,1664,1
1044,836296,253577,1664,1
1045,1684462,510280,1664,1
1046,798222,241805,1664,1
1047,656264,198813,1664,1
1048,302786,91756,1664,1
1049,376136,113967,1664,1
1050,715104,216634,1664,1
1051,998986,303056,1664,1
1052,829986,251424,1664,1
1053,570180,172746,1664,1
1054,1618360,490587,1664,1
1055,973620,295145,1664,1
1056,674076,204365,1664,1
1057,859324,260470,1664,1
1058,420344,127370,1664,1
1059,792118,239950,1664,1
1060,903986,273832,1664,1
1061,725690,219819,1664,1
1062,469446,142226,1664,1
1063,667390,202200,1664,1
1064,657998,199314,1664,1
1065,1488532,450832,1664,1
1066,636834,193049,1664,1
1067,786570,238257,1664,1
1068,1741920,527880,1664,1
1069,752176,227871,1664,1
1070,552590,167415,1664,1
1071,711440,215528,1664,1
1072,1136446,344754,1664,1
1073,401870,121733,1664,1
1074,649120,196686,1664,1
1075,411802,124773,1664,1
1076,843230,255427,1664,1
1077,1201116,363796,1664,1
1078,655148,198464,1664,1
1079,437222,132478,1664,1
1080,977710,296145,1664,1
1081,940386,284846,1664,1
1082,461962,139934,1664,1
1083,982324,297541,1664,1
1084,818321,248893,1664,1
1085,1137751,344968,1664,1
1086,1186130,359261,1664,1
1087,465578,141064,1664,1
1088,1327990,402244,1664,1
1089,386076,116982,1664,1
1090,639300,193683,1664,1
1091,2286560,692481,1664,1
1092,985952,298713,1664,1
1093,679940,205988,1664,1
1094,516218,156431,1664,1
1095,779146,236049,1664,1
1096,640422,194021,1664,1
1097,550392,166753,1664,1
1098,665914,201705,1664,1
1099,1047564,317567,1664,1
1100,431856,130896,1664,1
1101,442818,134191,1664,1
1102,554130,167899,1664,1
1103,514692,156202,1664,1
1104,536598,162598,1664,1
1105,621232,188199,1664,1
1106,508772,154147,1664,1
1107,1532292,464785,1664,1
1108,619076,187541,1664,1
1109,1278690,387238,1664,1
1110,1402022,425598,1664,1
1111,792698,240122,1664,1
1112,610166,184864,1664,1
1113,717030,217190,1664,1
1114,992226,300670,1664,1
1115,1926724,583681,1664,1
1116,681172,206360,1664,1
1117,961916,291465,1664,1
1118,422226,127930,1664,1
1119,582100,176346,1664,1
1120,289152,87589,1664,1
1121,285860,86593,1664,1
1122,421710,127737,1664,1
1123,354284,107344,1664,1
1124,374356,113405,1664,1
1125,1409884,427006,1664,1
1126,1489398,451084,1664,1
1127,564878,171133,1664,1
1128,432310,130953,1664,1
1129,581558,176146,1664,1
1130,576620,174665,1664,1
1131,1114194,337581,1664,1
1132,284950,86353,1664,1
1133,891418,270141,1664,1
1134,684272,207291,1664,1
1135,765443,232310,1664,1
1136,786282,238168,1664,1
1137,342356,103719,1664,1
1138,697534,211279,1664,1
1139,410258,124307,1664,1
1140,430562,130458,1664,1
1141,477870,144784,1664,1
1142,278460,84386,1664,1
1143,277132,83965,1664,1
1144,1799780,545438,1664,1
1145,1018909,309106,1664,1
1146,343970,104196,1664,1
1147,329644,99892,1664,1
1148,403848,122405,1664,1
1149,423636,128348,1664,1
1150,778016,235685,1664,1
1151,763138,231184,1664,1
1152,604034,182989,1664,1
1153,360028,109083,1664,1
1154,546538,165570,1664,1
1155,330390,100113,1664,1
1156,1124956,340911,1664,1
1157,394186,119422,1664,1
1158,1258154,381068,1664,1
1159,1019408,308769,1664,1
1160,613820,185912,1664,1
1161,262214,79459,1664,1
1162,957796,290060,1664,1
1163,338240,102482,1664,1
1164,706032,213854,1664,1
1165,322092,97581,1664,1
1166,354970,107596,1664,1
1167,401530,121661,1664,1
1168,1164990,352805,1664,1
1169,796758,241304,1664,1
1170,605324,183338,1664,1
1171,449952,136330,1664,1
1172,524654,158936,1664,1
1173,550308,166694,1664,1
1174,425808,129024,1664,1
1175,1360026,411906,1664,1
1176,450048,136356,1664,1
1177,1870604,567263,1664,1
1178,325654,98674,1664,1
1179,456310,138234,1664,1
1180,554358,167932,1664,1
1181,326330,98890,1664,1
1182,437192,132446,1664,1
1183,899140,272322,1664,1
1184,1775614,538090,1664,1
1185,539024,163302,1664,1
1186,346910,105112,1664,1
1187,421724,127752,1664,1
1188,440178,133341,1664,1
1189,1157630,350618,1664,1
1190,276026,83645,1664,1
1191,432776,131107,1664,1
1192,341700,103503,1664,1
1193,486548,147406,1664,1
1194,1140926,345575,1664,1
1195,393652,119292,1664,1
1196,348116,105482,1664,1
1197,281928,85442,1664,1
1198,351624,106535,1664,1
1199,597922,181093,1664,1
1200,944208,285996,1664,1
1201,512656,155312,1664,1
1202,281982,85422,1664,1
1203,593054,179618,1664,1
1204,420206,127279,1664,1
1205,404738,122595,1664,1
1206,588722,178333,1664,1
1207,559570,169511,1664,1
1208,711832,215598,1664,1
1209,696144,210879,1664,1
1210,1377050,417894,1664,1
1211,894677,271642,1664,1
1212,1089646,330041,1664,1
1213,482690,146229,1664,1
1214,955562,289518,1664,1
1215,567700,171969,1664,1
1216,333342,100974,1664,1
1217,307876,93281,1664,1
1218,267376,81015,1664,1
1219,468608,141962,1664,1
1220,268434,81320,1664,1
1221,403270,122196,1664,1
1222,659102,199681,1664,1
1223,455892,138111,1664,1
1224,455892,138131,1664,1
1225,896836,271647,1664,1
1226,626366,189843,1664,1
1227,484792,146890,1664,1
1228,1161450,351820,1664,1
1229,574416,174017,1664,1
1230,355332,107660,1664,1
1231,355998,107865,1664,1
1232,286992,86940,1664,1
1233,638556,193427,1664,1
1234,433764,131411,1664,1
1235,284960,86366,1664,1
1236,1987390,602320,1664,1
1237,1207038,365686,1664,1
1238,1306474,395687,1664,1
1239,748654,226764,1664,1
1240,741582,224633,1664,1
1241,345860,104786,1664,1
1242,295834,89646,1664,1
1243,3114667,943972,1664,1
1244,568914,172365,1664,1
1245,856632,259490,1664,1
1246,427108,129412,1664,1
1247,1597010,483841,1664,1
1248,649720,196821,1664,1
1249,422520,128008,1664,1
1250,807924,244789,1664,1
1251,989914,299839,1664,1
1252,871250,263918,1664,1
1253,850750,257694,1664,1
1254,1081878,327732,1664,1
1255,683774,207148,1664,1
1256,430268,130349,1664,1
1257,446228,135253,1664,1
1258,771510,233675,1664,1
1259,295982,89689,1664,1
1260,650894,197202,1664,1
1261,432158,130916,1664,1
1262,515412,156154,1664,1
1263,901524,273599,1664,1
1264,647896,196286,1664,1
1265,379914,115096,1664,1
1266,856434,259416,1664,1
1267,693282,210077,1664,1
1268,368686,111743,1664,1
1269,573412,173675,1664,1
1270,622254,188518,1664,1
1271,361566,109551,1664,1
1272,496928,150696,1664,1
1273,678684,205598,1664,1
1274,438092,132749,1664,1
1275,457844,138718,1664,1
1276,453246,137341,1664,1
1277,902210,273258,1664,1
1278,1071570,324680,1664,1
1279,1006300,304759,1664,1
1280,2044457,619429,1664,1
1281,732454,222051,1664,1
1282,412086,124885,1664,1
1283,1156232,350205,1664,1
1284,557866,169026,1664,1
1285,841554,254892,1664,1
1286,1232130,373202,1664,1
1287,643306,194889,1664,1
1288,735396,222769,1664,1
1289,830972,251693,1664,1
1290,606286,183671,1664,1
1291,735132,222700,1664,1
1292,1338986,405567,1664,1
1293,442524,134090,1664,1
1294,1905076,576964,1664,1
1295,1257908,381021,1664,1
1296,449922,136313,1664,1
1297,447752,135665,1664,1
1298,1231310,373144,1664,1
1299,538038,163002,1664,1
1300,528298,160431,1664,1
1301,851688,257990,1664,1
1302,570380,172796,1664,1
1303,1075562,325746,1664,1
1304,578296,175197,1664,1
1305,1735044,525487,1664,1
1306,459412,139238,1664,1
1307,853028,258381,1664,1
1308,738504,223678,1664,1
1309,456532,138374,1664,1
1310,1255772,380478,1664,1
1311,2702453,819198,1664,1
1312,1288695,391241,1664,1
1313,1285960,389775,1664,1
1314,487048,147554,1664,1
1315,947832,287232,1664,1
1316,573014,173605,1664,1
1317,463202,140403,1664,1
1318,467636,141644,1664,1
1319,314122,95187,1664,1
1320,535290,162141,1664,1
1321,587164,177876,1664,1
1322,741088,224512,1664,1
1323,980094,296870,1664,1
1324,660464,200066,1664,1
1325,316138,95801,1664,1
1326,394280,119461,1664,1
1327,311754,94456,1664,1
1328,622640,188593,1664,1
1329,795532,240948,1664,1
1330,553694,167788,1664,1
1331,1657598,502008,1664,1
1332,1770160,536216,1664,1
1333,354250,107309,1664,1
1334,396526,120112,1664,1
1335,454320,137684,1664,1
1336,295672,89573,1664,1
1337,921596,279141,1664,1
1338,453856,137484,1664,1
1339,1634470,495617,1664,1
1340,375474,113737,1664,1
1341,422146,127892,1664,1
1342,826295,250798,1664,1
1343,1639728,496610,1664,1
1344,321646,97466,1664,1
1345,367850,111559,1664,1
1346,301166,91235,1664,1
1347,376222,113990,1664,1
1348,478906,145085,1664,1
1349,864890,261934,1664,1
1350,453330,137354,1664,1
1351,333978,101217,1664,1
1352,929310,281760,1664,1
1353,1338156,405435,1664,1
1354,427886,129661,1664,1
1355,1553798,470635,1664,1
1356,458624,138911,1664,1
1357,422492,128003,1664,1
1358,361748,109658,1664,1
1359,295834,89649,1664,1
1360,757920,229585,1664,1
1361,656438,198823,1664,1
1362,466792,141431,1664,1
1363,454594,137744,1664,1
1364,531426,160961,1664,1
1365,370922,112356,1664,1
1366,359588,108969,1664,1
1367,337080,102205,1664,1
1368,414584,125986,1664,1
1369,421456,127703,1664,1
1370,399306,120994,1664,1
1371,374798,113573,1664,1
1372,539212,163341,1664,1
1373,1204218,364812,1664,1
1374,377072,114245,1664,1
1375,782732,237459,1664,1
1376,928644,281277,1664,1
1377,451730,136877,1664,1
1378,2670096,808620,1664,1
1379,1111550,336668,1664,1
1380,1575728,477294,1664,1
1381,561754,170199,1664,1
1382,879294,266341,1664,1
1383,699846,211960,1664,1
1384,768512,233206,1664,1
1385,514348,155835,1664,1
1386,426710,129267,1664,1
1387,586028,177493,1664,1
1388,1039902,315055,1664,1
1389,569466,172529,1664,1
1390,1089866,330116,1664,1
1391,622754,188660,1664,1
1392,560998,169965,1664,1
1393,700452,212178,1664,1
1394,401726,121685,1664,1
1395,411220,124611,1664,1
1396,277312,84038,1664,1
1397,364976,110566,1664,1
1398,275848,83578,1664,1
1399,577528,174926,1664,1
1400,337090,102109,1664,1
1401,465658,141071,1664,1
1402,375152,113847,1664,1
1403,486586,147584,1664,1
1404,382080,115783,1664,1
1405,467260,143348,1664,1
1406,1378066,417848,1664,1
1407,847920,256824,1664,1
1408,688260,209028,1664,1
1409,506204,153362,1664,1
1410,386334,117066,1664,1
1411,274728,83224,1664,1
1412,1207926,365926,1664,1
1413,520588,157727,1664,1
1414,773050,234152,1664,1
1415,784036,237492,1664,1
1416,1032212,313027,1664,1
1417,1470396,445330,1664,1
1418,700530,212232,1664,1
1419,437906,132687,1664,1
1420,1408696,426820,1664,1
1421,538956,163271,1664,1
1422,412540,124980,1664,1
1423,343290,104010,1664,1
1424,560554,169785,1664,1
1425,495732,150159,1664,1
1426,890568,269722,1664,1
1427,277328,84038,1664,1
1428,472668,143178,1664,1
1429,910064,275644,1664,1
1430,648918,196576,1664,1
1431,464946,140869,1664,1
1432,976672,295819,1664,1
1433,681838,206831,1664,1
1434,610452,184889,1664,1
1435,924776,280088,1664,1
1436,665848,201869,1664,1
1437,274542,83199,1664,1
1438,629704,190741,1664,1
1439,287384,87076,1664,1
1440,276268,83722,1664,1
1441,300462,91056,1664,1
1442,424752,128686,1664,1
1443,339068,102709,1664,1
1444,276214,83705,1664,1
1445,512314,155293,1664,1
1446,303860,92089,1664,1
1447,282638,85655,1664,1
1448,1691904,512404,1664,1
1449,375048,113634,1664,1
1450,479038,145105,1664,1
1451,282082,85454,1664,1
1452,669816,202886,1664,1
1453,522340,158210,1664,1
1454,302826,91773,1664,1
1455,606072,183603,1664,1
1456,638044,193423,1664,1
1457,459916,139371,1664,1
1458,673100,203968,1664,1
1459,813822,246792,1664,1
1460,782840,237139,1664,1
1461,446534,135295,1664,1
1462,446724,135372,1664,1
1463,1044794,316661,1664,1
1464,1015124,307518,1664,1
1465,1175406,356330,1664,1
1466,627946,190317,1664,1
1467,435072,131787,1664,1
1468,461204,139753,1664,1
1469,1555322,471049,1664,1
1470,542028,164225,1664,1
1471,924992,280171,1664,1
1472,1584060,479746,1664,1
1473,345590,104693,1664,1
1474,429466,130186,1664,1
1475,551096,166965,1664,1
1476,761320,230598,1664,1
1477,400018,121206,1664,1
1478,474344,143810,1664,1
1479,321314,97332,1664,1
1480,337952,102378,1664,1
1481,483000,146316,1664,1
1482,263320,79796,1664,1
1483,555970,168417,1664,1
1484,332604,100779,1664,1
1485,261816,79331,1664,1
1486,708306,214559,1664,1
1487,680854,206405,1664,1
1488,517924,156912,1664,1
1489,277588,84131,1664,1
1490,400898,121482,1664,1
1491,426372,129185,1664,1
1492,380668,115302,1664,1
1493,622802,188666,1664,1
1494,412170,124900,1664,1
1495,521800,158072,1664,1
1496,829508,251360,1664,1
1497,2210344,669669,1664,1
1498,1940398,587940,1664,1
1499,709312,214943,1664,1
1500,691688,209525,1664,1
1501,421506,127713,1664,1
1502,405550,122895,1664,1
1503,865938,262596,1664,1
1504,854386,258779,1664,1
1505,769362,233076,1664,1
1506,756982,229298,1664,1
1507,487080,147548,1664,1
1508,432244,130963,1664,1
1509,495976,150235,1664,1
1510,1023314,310950,1664,1
1511,532396,161292,1664,1
1512,1400672,425174,1664,1
1513,490876,148716,1664,1
1514,983094,297764,1664,1
1515,560754,169883,1664,1
1516,735844,222879,1664,1
1517,661970,200543,1664,1
1518,1117894,338662,1664,1
1519,453338,137344,1664,1
1520,597964,181152,1664,1
1521,459786,139316,1664,1
1522,578426,175278,1664,1
1523,569156,172551,1664,1
1524,1398410,423568,1664,1
1525,2353540,717039,1664,1
1526,589846,178706,1664,1
1527,596432,180713,1664,1
1528,951586,288371,1664,1
1529,552586,167365,1664,1
1530,382094,115738,1664,1
1531,303044,91832,1664,1
1532,301228,91284,1664,1
1533,837264,253602,1664,1
1534,438940,132982,1664,1
1535,519010,157214,1664,1
1536,474100,143636,1664,1
1537,664882,201490,1664,1
1538,539892,163523,1664,1
1539,304602,92307,1664,1
1540,918550,278194,1664,1
1541,556720,168646,1664,1
1542,339006,102724,1664,1
1543,791526,239875,1664,1
1544,302768,91722,1664,1
1545,318306,96545,1664,1
1546,1139068,345892,1664,1
1547,977730,296312,1664,1
1548,451682,136855,1664,1
1549,753568,228259,1664,1
1550,715522,216761,1664,1
1551,450306,136501,1664,1
1552,458624,138983,1664,1
1553,688336,208911,1664,1
1554,596460,180810,1664,1
1555,471680,142918,1664,1
1556,432274,130981,1664,1
1557,438024,132771,1664,1
1558,465034,140888,1664,1
1559,341754,103571,1664,1
1560,302224,91571,1664,1
1561,321834,97493,1664,1
1562,469670,142289,1664,1
1563,484272,146710,1664,1
1564,372852,112956,1664,1
1565,481476,145994,1664,1
1566,1089428,329955,1664,1
1567,940678,284948,1664,1
1568,608832,184412,1664,1
1569,528110,160151,1664,1
1570,816278,247348,1664,1
1571,656594,198915,1664,1
1572,851224,257828,1664,1
1573,714050,216305,1664,1
1574,1253726,379685,1664,1
1575,1350948,409289,1664,1
1576,424232,128548,1664,1
1577,519366,157340,1664,1
1578,427654,129534,1664,1
1579,338380,102532,1664,1
1580,550032,166619,1664,1
1581,651426,197321,1664,1
1582,413300,125218,1664,1
1583,1140559,346170,1664,1
1584,471520,142865,1664,1
1585,632640,191952,1664,1
1586,377554,114412,1664,1
1587,285270,86448,1664,1
1588,348838,105669,1664,1
1589,277588,84121,1664,1
1590,446548,135270,1664,1
1591,426016,129050,1664,1
1592,276916,83920,1664,1
1593,1018170,308377,1664,1
1594,345906,104850,1664,1
1595,431274,130645,1664,1
1596,769946,233181,1664,1
1597,436616,132296,1664,1
1598,379344,114963,1664,1
1599,1385798,419714,1664,1
1600,348890,105721,1664,1
1601,790624,240000,1664,1
1602,1710166,518668,1664,1
1603,414794,125702,1664,1
1604,1102922,334055,1664,1
1605,839352,254251,1664,1
1606,531434,161005,1664,1
1607,595042,180268,1664,1
1608,639888,193812,1664,1
1609,627242,190015,1664,1
1610,660724,200256,1664,1
1611,800896,242744,1664,1
1612,533350,161619,1664,1
1613,1996054,604543,1664,1
1614,1074614,325788,1664,1
1615,1017486,308519,1664,1
1616,664282,201238,1664,1
1617,2120466,642752,1664,1
1618,4238206,1283865,1664,1
1619,1669759,506302,1664,1
1620,433150,131211,1664,1
1621,615508,186445,1664,1
1622,382566,115924,1664,1
1623,1164990,353043,1664,1
1624,1018792,308776,1664,1
1625,1302346,394497,1664,1
1626,324920,98487,1664,1
1627,638536,193432,1664,1
1628,419884,127233,1664,1
1629,549674,166557,1664,1
1630,2202702,667569,1664,1
1631,437932,132691,1664,1
1632,607948,184187,1664,1
1633,477984,144829,1664,1
1634,736768,223210,1664,1
1635,1007358,305173,1664,1
1636,902518,273391,1664,1
1637,1240864,375827,1664,1
1638,1824052,552406,1664,1
1639,379880,115138,1664,1
1640,386614,117169,1664,1
1641,716394,217011,1664,1
1642,414028,125436,1664,1
1643,819339,248519,1664,1
1644,1643360,497722,1664,1
1645,1497796,453685,1664,1
1646,759856,230168,1664,1
1647,366400,111029,1664,1
1648,487790,147750,1664,1
1649,610724,185028,1664,1
1650,654726,198457,1664,1
1651,876546,265809,1664,1
1652,583496,176792,1664,1
1653,1037912,314360,1664,1
1654,582296,176364,1664,1
1655,626242,189722,1664,1
1656,666798,201990,1664,1
1657,1793394,543602,1664,1
1658,708544,214862,1664,1
1659,1444556,437584,1664,1
1660,477128,144578,1664,1
1661,1792550,543594,1664,1
1662,793200,240298,1664,1
1663,1242974,377445,1664,1
1664,290682,88088,1664,1
1665,389984,118162,1664,1
1666,515528,156144,1664,1
1667,540672,163758,1664,1
1668,588864,178385,1664,1
1669,2726146,825856,1664,1
1670,1224434,370861,1664,1
1671,303878,92064,1664,1
1672,304782,92356,1664,1
1673,542144,164233,1664,1
1674,1001846,303482,1664,1
1675,301654,91397,1664,1
1676,464646,140734,1664,1
1677,859756,260475,1664,1
1678,1160404,351483,1664,1
1679,1755868,531837,1664,1
1680,759196,229967,1664,1
1681,552506,167404,1664,1
1682,368904,111780,1664,1
1683,445324,135024,1664,1
1684,560130,169698,1664,1
1685,835536,253245,1664,1
1686,469542,142659,1664,1
1687,570816,172965,1664,1
1688,441072,133771,1664,1
1689,685364,207641,1664,1
1690,568262,172259,1664,1
1691,544432,164947,1664,1
1692,600640,182138,1664,1
1693,564456,171010,1664,1
1694,889688,269739,1664,1
1695,1055156,319883,1664,1
1696,916120,277576,1664,1
1697,8252720,2499847,1664,1
1698,1068970,323766,1664,1
1699,507256,153660,1664,1
1700,633398,192078,1664,1
1701,414296,125527,1664,1
1702,1143952,346465,1664,1
1703,454466,137706,1664,1
1704,536016,162480,1664,1
1705,608648,184373,1664,1
1706,537696,162900,1664,1
1707,704164,213351,1664,1
1708,657942,199330,1664,1
1709,2611758,790956,1664,1
1710,532426,161300,1664,1
1711,1068232,323664,1664,1
1712,1541246,467401,1664,1
1713,1474226,446567,1664,1
1714,797370,241551,1664,1
1715,409860,124191,1664,1
1716,451602,136842,1664,1
1717,490948,148763,1664,1
1718,474902,143899,1664,1
1719,491040,148877,1664,1
1720,590348,178836,1664,1
1721,1268574,384232,1664,1
1722,579972,175838,1664,1
1723,1098584,332932,1664,1
1724,1039360,314815,1664,1
1725,1910608,579037,1664,1
1726,749284,226975,1664,1
1727,805128,243864,1664,1
1728,583822,176909,1664,1
1729,1135546,344193,1664,1
1730,972506,294585,1664,1
1731,948330,287254,1664,1
1732,1039772,315290,1664,1
1733,1230870,373103,1664,1
1734,767000,232353,1664,1
1735,625460,189470,1664,1
1736,589730,178722,1664,1
1737,4788062,1450909,1664,1
1738,705166,213658,1664,1
1739,612148,185462,1664,1
1740,874294,264841,1664,1
1741,554964,168162,1664,1
1742,638330,193386,1664,1
1743,659308,199729,1664,1
1744,885440,268218,1664,1
1745,1067004,323402,1664,1
1746,575302,174277,1664,1
1747,779892,236245,1664,1
1748,584892,177279,1664,1
1749,595004,180248,1664,1
1750,2331656,706206,1664,1
1751,1010036,305903,1664,1
1752,1351520,409348,1664,1
1753,12333729,3736622,1664,1
1754,431584,130778,1664,1
1755,548190,166072,1664,1
1756,3961310,1200593,1664,1
1757,531258,160954,1664,1
1758,1424582,431456,1664,1
1759,1661946,503570,1664,1
1760,516720,156604,1664,1
1761,485498,147093,1664,1
1762,735414,223491,1664,1
1763,1234776,374021,1664,1
1764,1315196,398740,1664,1
1765,702660,212854,1664,1
1766,693730,210218,1664,1
1767,582222,176380,1664,1
1768,290130,87925,1664,1
1769,442900,134313,1664,1
1770,1262540,382437,1664,1
1771,660820,200184,1664,1
1772,1052916,319002,1664,1
1773,423330,128264,1664,1
1774,402702,122231,1664,1
1775,424666,128657,1664,1
1776,545830,165414,1664,1
1777,353110,106957,1664,1
1778,441070,133624,1664,1
1779,275150,83363,1664,1
1780,409028,123918,1664,1
1781,875878,265301,1664,1
1782,464474,140735,1664,1
1783,538102,163018,1664,1
1784,935059,283645,1664,1
1785,404892,122679,1664,1
1786,683792,207132,1664,1
1787,547912,166032,1664,1
1788,446844,135420,1664,1
1789,958770,290403,1664,1
1790,1698087,514661,1664,1
1791,680706,206261,1664,1
1792,772584,234364,1664,1
1793,1036028,313844,1664,1
1794,610818,185020,1664,1
1795,647152,196028,1664,1
1796,871084,263870,1664,1
1797,1099654,333299,1664,1
1798,620710,188055,1664,1
1799,426492,129253,1664,1
1800,360904,109382,1664,1
1801,341938,103618,1664,1
1802,792036,239934,1664,1
1803,531072,160978,1664,1
1804,615844,186546,1664,1
1805,1833752,556356,1664,1
1806,1335740,404770,1664,1
1807,529500,160439,1664,1
1808,464814,140840,1664,1
1809,722024,218704,1664,1
1810,800858,242560,1664,1
1811,524786,159001,1664,1
1812,469648,142300,1664,1
1813,997636,302158,1664,1
1814,815994,247177,1664,1
1815,1256958,380713,1664,1
1816,437202,132482,1664,1
1817,404380,122508,1664,1
1818,439114,133038,1664,1
1819,364368,110387,1664,1
1820,888448,269118,1664,1
1821,1012072,306535,1664,1
1822,1287956,390051,1664,1
1823,329014,99687,1664,1
1824,373796,113256,1664,1
1825,439778,133240,1664,1
1826,381988,115739,1664,1
1827,1175334,355988,1664,1
1828,450896,136572,1664,1
1829,335774,101720,1664,1
1830,741736,224768,1664,1
1831,737756,223462,1664,1
1832,425514,128942,1664,1
1833,527644,159934,1664,1
1834,1059306,321034,1664,1
1835,899828,272552,1664,1
1836,421126,127695,1664,1
1837,662058,200620,1664,1
1838,529128,160290,1664,1
1839,531874,161209,1664,1
1840,1099744,333894,1664,1
1841,652938,197792,1664,1
1842,350566,106226,1664,1
1843,577946,175067,1664,1
1844,1366022,413694,1664,1
1845,1124514,340709,1664,1
1846,817182,247519,1664,1
1847,391044,118480,1664,1
1848,707490,214323,1664,1
1849,693962,210232,1664,1
1850,1100184,333214,1664,1
1851,706094,213879,1664,1
1852,430980,130582,1664,1
1853,751594,227703,1664,1
1854,768488,232789,1664,1
1855,1111356,337354,1664,1
1856,1281101,388368,1664,1
1857,941544,285451,1664,1
1858,1932307,585536,1664,1
1859,922657,279793,1664,1
1860,658936,199865,1664,1
1861,651438,197510,1664,1
1862,943654,285862,1664,1
1863,1402290,424863,1664,1
1864,505582,153164,1664,1
1865,387710,117497,1664,1
1866,859480,260947,1664,1
1867,995414,301502,1664,1
1868,372072,112758,1664,1
1869,588254,178240,1664,1
1870,366000,110901,1664,1
1871,349148,105795,1664,1
1872,293012,88793,1664,1
1873,339080,102775,1664,1
1874,366122,110944,1664,1
1875,570496,172829,1664,1
1876,539566,163529,1664,1
1877,1160114,351363,1664,1
1878,1172467,355869,1664,1
1879,5168028,1565486,1664,1
1880,442822,134183,1664,1
1881,385350,116764,1664,1
1882,465092,140901,1664,1
1883,580470,175822,1664,1
1884,617070,186887,1664,1
1885,436850,132361,1664,1
1886,543940,164810,1664,1
1887,1006572,304863,1664,1
1888,443692,134505,1664,1
1889,2997552,909227,1664,1
1890,696728,211066,1664,1
1891,926548,281499,1664,1
1892,1475360,447614,1664,1
1893,433936,131562,1664,1
1894,584310,177232,1664,1
1895,441516,133759,1664,1
1896,866738,262581,1664,1
1897,641620,194392,1664,1
1898,439202,133102,1664,1
1899,490332,149117,1664,1
1900,476710,144449,1664,1
1901,715322,216701,1664,1
1902,562256,170314,1664,1
1903,671030,203296,1664,1
1904,975146,295371,1664,1
1905,460786,139576,1664,1
1906,663684,201080,1664,1
1907,823812,249922,1664,1
1908,1206976,365899,1664,1
1909,973726,295244,1664,1
1910,898580,272402,1664,1
1911,580792,176010,1664,1
1912,3935662,1192890,1664,1
1913,507456,153755,1664,1
1914,572978,173625,1664,1
1915,603584,182853,1664,1
1916,610178,184992,1664,1
1917,937948,284094,1664,1
1918,664932,201544,1664,1
1919,497612,150777,1664,1
1920,919766,278891,1664,1
1921,4181509,1266684,1664,1
1922,549808,166593,1664,1
1923,695136,210963,1664,1
1924,1315374,398959,1664,1
1925,479714,145463,1664,1
1926,587014,177881,1664,1
1927,457762,138707,1664,1
1928,1051734,318931,1664,1
1929,801880,243022,1664,1
1930,626960,190348,1664,1
1931,686722,208026,1664,1
1932,692826,210145,1664,1
1933,452200,137363,1664,1
1934,1028308,312138,1664,1
1935,886682,268581,1664,1
1936,2771548,839744,1664,1
1937,710730,215372,1664,1
1938,1072322,324795,1664,1
1939,933086,282762,1664,1
1940,784228,237566,1664,1
1941,2613277,791734,1664,1
1942,1018200,308498,1664,1
1943,706996,214252,1664,1
1944,1112180,337516,1664,1
1945,409142,123979,1664,1
1946,981896,297485,1664,1
1947,579496,175624,1664,1
1948,1034076,313275,1664,1
1949,615162,186375,1664,1
1950,736454,223113,1664,1
1951,1427946,432569,1664,1
1952,324764,98409,1664,1
1953,375312,113683,1664,1
1954,371490,112561,1664,1
1955,451948,136888,1664,1
1956,440030,133356,1664,1
1957,1062431,322236,1664,1
1958,735172,222683,1664,1
1959,791578,239746,1664,1
1960,853112,258380,1664,1
1961,763884,231391,1664,1
1962,359104,108807,1664,1
1963,276658,83812,1664,1
1964,1154059,349880,1664,1
1965,1863846,564748,1664,1
1966,1499054,454018,1664,1
1967,673032,203887,1664,1
1968,497602,150767,1664,1
1969,1470688,445893,1664,1
1970,461218,139766,1664,1
1971,439226,133090,1664,1
1972,452132,136988,1664,1
1973,450420,136434,1664,1
1974,765594,231927,1664,1
1975,472280,143119,1664,1
1976,607658,184125,1664,1
1977,539292,163388,1664,1
1978,383732,116303,1664,1
1979,304774,92358,1664,1
1980,520652,157728,1664,1
1981,386048,116935,1664,1
1982,658998,199587,1664,1
1983,557356,168843,1664,1
1984,542608,164390,1664,1
1985,1246094,377409,1664,1
1986,704380,213550,1664,1
1987,531898,161281,1664,1
1988,593574,179963,1664,1
1989,579534,175886,1664,1
1990,1202004,364058,1664,1
1991,383834,116281,1664,1
1992,291498,88306,1664,1
1993,837018,253519,1664,1
1994,381366,115547,1664,1
1995,584526,177077,1664,1
1996,758704,229878,1664,1
1997,622640,188866,1664,1
1998,844154,255902,1664,1
1999,1026901,311485,1664,1
2000,4921180,1490701,1664,1
2001,1405126,425614,1664,1
2002,568736,172296,1664,1
2003,339936,102974,1664,1
2004,793202,240347,1664,1
2005,275500,83468,1664,1
2006,479720,145340,1664,1
2007,351714,106596,1664,1
2008,437004,132391,1664,1
2009,491596,148951,1664,1
2010,651862,197451,1664,1
2011,884928,268152,1664,1
2012,1324726,401244,1664,1
2013,721522,218625,1664,1
2014,809888,245326,1664,1
2015,353014,106964,1664,1
2016,885481,269158,1664,1
2017,428216,129756,1664,1
2018,1011224,306520,1664,1
2019,440722,133550,1664,1
2020,14203080,4302631,1664,1
2021,1101572,333712,1664,1
2022,619716,187828,1664,1
2023,1552386,473019,1664,1
2024,707512,214652,1664,1
2025,436082,132139,1664,1
2026,635574,192837,1664,1
2027,761668,230904,1664,1
2028,436116,132115,1664,1
2029,1115032,337829,1664,1
2030,645080,195427,1664,1
2031,747436,226418,1664,1
2032,414052,125460,1664,1
2033,413786,125367,1664,1
2034,840430,254566,1664,1
2035,580338,175849,1664,1
2036,633208,192024,1664,1
2037,423318,128261,1664,1
2038,608950,184521,1664,1
2039,1541304,466866,1664,1
2040,1190786,361522,1664,1
2041,440028,133308,1664,1
2042,2596556,786460,1664,1
2043,473558,143499,1664,1
2044,1155250,350381,1664,1
2045,445684,135044,1664,1
2046,756860,229468,1664,1
2047,1110776,336437,1664,1
2048,461090,139699,1664,1
2049,616608,186796,1664,1
2050,835992,253251,1664,1
2051,5087917,1542236,1664,1
2052,827436,250803,1664,1
2053,999668,302815,1664,1
2054,481626,145919,1664,1
2055,675092,204623,1664,1
2056,398752,120824,1664,1
2057,696846,211094,1664,1
2058,672506,203694,1664,1
2059,587108,177868,1664,1
2060,698406,211565,1664,1
2061,1423948,431312,1664,1
2062,303892,92092,1664,1
2063,841342,254859,1664,1
2064,395262,119777,1664,1
2065,797492,241566,1664,1
2066,533476,161610,1664,1
2067,612588,186063,1664,1
2068,698342,211528,1664,1
2069,574462,173991,1664,1
2070,291890,88445,1664,1
2071,343438,104074,1664,1
2072,291496,88333,1664,1
2073,536660,162586,1664,1
2074,563746,170796,1664,1
2075,508026,153956,1664,1
2076,363192,110062,1664,1
2077,938160,284428,1664,1
2078,470352,142515,1664,1
2079,411024,124551,1664,1
2080,1440724,436804,1664,1
2081,416364,126173,1664,1
2082,2906339,881595,1664,1
2083,752067,228163,1664,1
2084,287770,87175,1664,1
2085,416062,126067,1664,1
2086,1922082,582061,1664,1
2087,536136,162434,1664,1
2088,508942,154189,1664,1
2089,819020,248536,1664,1
2090,485548,147125,1664,1
2091,1517368,460965,1664,1
2092,603614,182875,1664,1
2093,379678,115041,1664,1
2094,874644,264932,1664,1
2095,658784,200820,1664,1
2096,847986,256907,1664,1
2097,412340,124946,1664,1
2098,700450,212186,1664,1
2099,427146,129555,1664,1
2100,602377,183015,1664,1
2101,476072,144254,1664,1
2102,697435,212104,1664,1
2103,701374,212474,1664,1
2104,452836,137180,1664,1
2105,648092,196375,1664,1
2106,1866031,566357,1664,1
2107,584038,176959,1664,1
2108,336266,101871,1664,1
2109,342606,103786,1664,1
2110,684530,207359,1664,1
2111,933394,282739,1664,1
2112,524350,158858,1664,1
2113,780288,236842,1664,1
2114,347730,105370,1664,1
2115,553924,167819,1664,1
2116,1005492,304709,1664,1
2117,412924,125108,1664,1
2118,878864,266191,1664,1
2119,504638,152850,1664,1
2120,392564,119538,1664,1
2121,986826,299782,1664,1
2122,430972,130578,1664,1
2123,699518,211872,1664,1
2124,343388,104056,1664,1
2125,349478,105894,1664,1
2126,393650,119277,1664,1
2127,705612,213719,1664,1
2128,372320,112795,1664,1
2129,527596,159839,1664,1
2130,480142,145427,1664,1
2131,1026772,311578,1664,1
2132,830059,251693,1664,1
2133,939128,284703,1664,1
2134,1233546,373663,1664,1
2135,463254,140366,1664,1
2136,875466,265326,1664,1
2137,423114,128201,1664,1
2138,433162,131223,1664,1
2139,870750,263748,1664,1
2140,537686,162905,1664,1
2141,602450,182511,1664,1
2142,680306,206252,1664,1
2143,484650,146855,1664,1
2144,451110,136677,1664,1
2145,363624,110262,1664,1
2146,1484880,449831,1664,1
2147,786896,238501,1664,1
2148,573280,173687,1664,1
2149,463220,140344,1664,1
2150,751804,227744,1664,1
2151,566630,171666,1664,1
2152,850538,257647,1664,1
2153,468116,141835,1664,1
2154,546040,165452,1664,1
2155,428494,130032,1664,1
2156,872584,264331,1664,1
2157,974274,295097,1664,1
2158,2321608,703469,1664,1
2159,444344,134639,1664,1
2160,2158608,654316,1664,1
2161,458666,138982,1664,1
2162,828558,251488,1664,1
2163,740010,224400,1664,1
2164,488184,147922,1664,1
2165,1043558,316089,1664,1
2166,1362174,412756,1664,1
2167,307718,93243,1664,1
2168,603256,182788,1664,1
2169,855168,259169,1664,1
2170,775916,235077,1664,1
2171,1622106,491323,1664,1
2172,1005512,304557,1664,1
2173,378734,114758,1664,1
2174,516874,156586,1664,1
2175,375026,113629,1664,1
2176,458092,138948,1664,1
2177,484478,146792,1664,1
2178,1021880,309495,1664,1
2179,463700,140563,1664,1
2180,618914,187494,1664,1
2181,293138,88816,1664,1
2182,867886,263019,1664,1
2183,595270,180569,1664,1
2184,472424,143160,1664,1
2185,694520,210393,1664,1
2186,2101984,636992,1664,1
2187,1894150,573943,1664,1
2188,843228,255410,1664,1
2189,583612,176798,1664,1
2190,1022662,309905,1664,1
2191,635364,192510,1664,1
2192,863712,261827,1664,1
2193,525336,159156,1664,1
2194,542768,164452,1664,1
2195,825474,250015,1664,1
2196,690404,209160,1664,1
2197,1961814,594132,1664,1
2198,900094,272659,1664,1
2199,709626,214956,1664,1
2200,664132,201258,1664,1
2201,667024,202146,1664,1
2202,1190150,360906,1664,1
2203,673494,204063,1664,1
2204,960320,290929,1664,1
2205,907120,274958,1664,1
2206,428508,129829,1664,1
2207,725734,219807,1664,1
2208,1051838,318975,1664,1
2209,859074,260289,1664,1
2210,551692,167122,1664,1
2211,969680,293718,1664,1
2212,566402,171600,1664,1
2213,1929578,585090,1664,1
2214,1693924,513444,1664,1
2215,504858,153046,1664,1
2216,1486852,450318,1664,1
2217,447118,135477,1664,1
2218,435588,131993,1664,1
2219,1421224,430843,1664,1
2220,459812,139283,1664,1
2221,1772174,536712,1664,1
2222,539758,163537,1664,1
2223,628278,190343,1664,1
2224,458692,138957,1664,1
2225,1762008,533646,1664,1
2226,1426904,432335,1664,1
2227,752558,227985,1664,1
2228,714630,216486,1664,1
2229,797678,242108,1664,1
2230,437326,132524,1664,1
2231,1656808,502412,1664,1
2232,1266086,384778,1664,1
2233,497504,150730,1664,1
2234,653296,197918,1664,1
2235,1621572,491170,1664,1
2236,1107726,335553,1664,1
2237,455288,138036,1664,1
2238,464574,140757,1664,1
2239,456032,138153,1664,1
2240,905040,274112,1664,1
2241,458694,138945,1664,1
2242,1211624,366985,1664,1
2243,461974,139976,1664,1
2244,505532,153147,1664,1
2245,1321014,400113,1664,1
2246,1116494,338163,1664,1
2247,2020878,612031,1664,1
2248,636982,192964,1664,1
2249,850240,257515,1664,1
2250,774626,234663,1664,1
2251,430818,130535,1664,1
2252,384772,116605,1664,1
2253,1289722,391252,1664,1
2254,1057278,320451,1664,1
2255,1029288,311802,1664,1
2256,415018,125749,1664,1
2257,350092,106074,1664,1
2258,1233083,373587,1664,1
2259,770736,233483,1664,1
2260,567178,171792,1664,1
2261,356640,108059,1664,1
2262,520726,157743,1664,1
2263,488600,148014,1664,1
2264,639216,193675,1664,1
2265,509152,154223,1664,1
2266,461160,139727,1664,1
2267,552250,167298,1664,1
2268,646944,195993,1664,1
2269,361292,109438,1664,1
2270,290450,88018,1664,1
2271,381084,115465,1664,1
2272,902020,273226,1664,1
2273,1188424,360053,1664,1
2274,440286,133412,1664,1
2275,1367454,414197,1664,1
2276,368106,111546,1664,1
2277,895544,271680,1664,1
2278,739828,224092,1664,1
2279,419122,126989,1664,1
2280,803622,243428,1664,1
2281,517118,156664,1664,1
2282,666022,201744,1664,1
2283,651518,197378,1664,1
2284,287142,87016,1664,1
2285,1344314,407243,1664,1
2286,285812,86598,1664,1
2287,578986,175358,1664,1
2288,392186,118829,1664,1
2289,627238,190341,1664,1
2290,392798,119023,1664,1
2291,472494,143160,1664,1
2292,442168,133967,1664,1
2293,749528,227040,1664,1
2294,357500,108321,1664,1
2295,812780,246250,1664,1
2296,462092,139991,1664,1
2297,784806,237718,1664,1
2298,581138,176066,1664,1
2299,807334,244987,1664,1
2300,1213233,367772,1664,1
2301,434766,131742,1664,1
2302,980664,297052,1664,1
2303,1570990,475900,1664,1
2304,635972,192676,1664,1
2305,434690,131715,1664,1
2306,357676,108373,1664,1
2307,634545,192535,1664,1
2308,652294,197656,1664,1
2309,996300,301774,1664,1
2310,760178,230277,1664,1
2311,277612,84113,1664,1
2312,778596,235804,1664,1
2313,572826,173506,1664,1
2314,510848,154755,1664,1
2315,441746,133926,1664,1
2316,361856,109620,1664,1
2317,836424,253315,1664,1
2318,830144,251458,1664,1
2319,831758,251947,1664,1
2320,532196,161224,1664,1
2321,631318,191219,1664,1
2322,717752,217581,1664,1
2323,391624,118652,1664,1
2324,573042,173559,1664,1
2325,549782,166516,1664,1
2326,621156,188180,1664,1
2327,1455524,440854,1664,1
2328,436482,132235,1664,1
2329,556318,168542,1664,1
2330,287056,86988,1664,1
2331,1023154,309872,1664,1
2332,367822,111443,1664,1
2333,332976,100884,1664,1
2334,442788,134158,1664,1
2335,2106412,638053,1664,1
2336,379766,115067,1664,1
2337,588786,178348,1664,1
2338,292446,88613,1664,1
2339,297992,90302,1664,1
2340,1089106,329855,1664,1
2341,653850,198055,1664,1
2342,633193,192201,1664,1
2343,372426,112840,1664,1
2344,530248,160600,1664,1
2345,336748,102029,1664,1
2346,291386,88287,1664,1
2347,298364,90414,1664,1
2348,477598,144709,1664,1
2349,395562,119860,1664,1
2350,645502,195547,1664,1
2351,400590,121358,1664,1
2352,344234,104287,1664,1
2353,502404,152283,1664,1
2354,634034,192075,1664,1
2355,620972,188117,1664,1
2356,679030,205843,1664,1
2357,663108,200858,1664,1
2358,282630,85637,1664,1
2359,282344,85533,1664,1
2360,373500,113153,1664,1
2361,404006,122413,1664,1
2362,352870,106900,1664,1
2363,513678,155612,1664,1
2364,667876,202303,1664,1
2365,406348,123167,1664,1
2366,895178,271146,1664,1
2367,496164,150306,1664,1
2368,433634,131390,1664,1
2369,509552,154366,1664,1
2370,327034,99098,1664,1
2371,367298,111283,1664,1
2372,1950658,590753,1664,1
2373,631214,191171,1664,1
2374,557664,168897,1664,1
2375,356922,108113,1664,1
2376,313298,94947,1664,1
2377,327488,99228,1664,1
2378,475850,144125,1664,1
2379,386102,116948,1664,1
2380,456224,138210,1664,1
2381,451186,136674,1664,1
2382,319762,96891,1664,1
2383,1942686,588932,1664,1
2384,481734,145949,1664,1
2385,425782,129048,1664,1
2386,465946,141177,1664,1
2387,986522,298957,1664,1
2388,681498,206473,1664,1
2389,667800,202349,1664,1
2390,417022,126339,1664,1
2391,510270,154582,1664,1
2392,739514,223985,1664,1
2393,919536,278829,1664,1
2394,2019620,611621,1664,1
2395,669880,202932,1664,1
2396,545602,165343,1664,1
2397,1578408,478167,1664,1
2398,350476,106221,1664,1
2399,302384,91622,1664,1
2400,1186268,359297,1664,1
2401,451924,136931,1664,1
2402,1460346,442257,1664,1
2403,634138,192103,1664,1
2404,543600,164706,1664,1
2405,743540,225465,1664,1
2406,715618,216806,1664,1
2407,646492,195820,1664,1
2408,653280,197912,1664,1
2409,664138,201188,1664,1
2410,1630182,493716,1664,1
2411,287076,86997,1664,1
2412,455666,138058,1664,1
2413,422730,128070,1664,1
2414,288622,87431,1664,1
2415,285814,86613,1664,1
2416,320656,97164,1664,1
2417,342964,103901,1664,1
2418,286740,86887,1664,1
2419,567396,171867,1664,1
2420,412174,124842,1664,1
2421,405442,122848,1664,1
2422,276720,83860,1664,1
2423,521884,158073,1664,1
2424,483996,146620,1664,1
2425,405266,122782,1664,1
2426,568470,172174,1664,1
2427,973934,294979,1664,1
2428,422798,128094,1664,1
2429,429088,129984,1664,1
2430,342746,103820,1664,1
2431,378216,114565,1664,1
2432,275696,83547,1664,1
2433,346550,104992,1664,1
2434,506228,153372,1664,1
2435,348666,105645,1664,1
2436,309354,93739,1664,1
2437,659112,199653,1664,1
2438,278312,84312,1664,1
2439,342374,103711,1664,1
2440,278044,84247,1664,1
2441,355820,107798,1664,1
2442,366528,111024,1664,1
2443,526650,159553,1664,1
2444,725860,220000,1664,1
2445,542740,164512,1664,1
2446,547030,165723,1664,1
2447,506368,153409,1664,1
2448,281114,85193,1664,1
2449,1042452,315737,1664,1
2450,1008266,305404,1664,1
2451,2066458,625839,1664,1
2452,624674,189231,1664,1
2453,276532,83768,1664,1
2454,496356,150378,1664,1
2455,275782,83575,1664,1
2456,347132,105166,1664,1
2457,967580,293154,1664,1
2458,452208,136993,1664,1
2459,561616,170108,1664,1
2460,745766,226036,1664,1
2461,1005620,304619,1664,1
2462,488332,147955,1664,1
2463,351328,106826,1664,1
2464,457060,138478,1664,1
2465,370894,112364,1664,1
2466,595154,180301,1664,1
2467,347864,105406,1664,1
2468,604312,183077,1664,1
2469,782338,237871,1664,1
2470,919500,278493,1664,1
2471,551696,167117,1664,1
2472,915796,277394,1664,1
2473,813872,246512,1664,1
2474,703798,213200,1664,1
2475,354324,107330,1664,1
2476,782522,237001,1664,1
2477,588518,178320,1664,1
2478,471878,143000,1664,1
2479,991564,300330,1664,1
2480,710586,215256,1664,1
2481,424136,128514,1664,1
2482,515630,156197,1664,1
2483,1426642,432510,1664,1
2484,828074,250909,1664,1
2485,285928,86634,1664,1
2486,283872,86004,1664,1
2487,601686,182262,1664,1
2488,267552,81067,1664,1
2489,645626,195536,1664,1
2490,418416,126755,1664,1
2491,1089756,330931,1664,1
2492,478690,145013,1664,1
2493,539624,163455,1664,1
2494,517826,156840,1664,1
2495,266064,80614,1664,1
2496,646304,195741,1664,1
2497,1299900,393697,1664,1
2498,419054,127038,1664,1
2499,292584,88677,1664,1
2500,1165428,353882,1664,1
2501,452070,136964,1664,1
2502,361014,109400,1664,1
2503,360808,109300,1664,1
2504,671422,203813,1664,1
2505,485184,146979,1664,1
2506,555214,168185,1664,1
2507,705922,213828,1664,1
2508,462688,140153,1664,1
2509,332958,100858,1664,1
2510,411934,124785,1664,1
2511,265018,80301,1664,1
2512,1232332,373225,1664,1
2513,870978,263805,1664,1
2514,302392,91625,1664,1
2515,268574,81376,1664,1
2516,601798,182308,1664,1
2517,768896,232895,1664,1
2518,443958,134514,1664,1
2519,583594,176864,1664,1
2520,1082274,327785,1664,1
2521,778932,236446,1664,1
2522,559456,169558,1664,1
2523,964733,292679,1664,1
2524,729466,220976,1664,1
2525,433012,131211,1664,1
2526,736138,223023,1664,1
2527,665966,201826,1664,1
2528,348512,105600,1664,1
2529,592146,179387,1664,1
2530,638100,193305,1664,1
2531,421258,127637,1664,1
2532,350672,106225,1664,1
2533,284084,86077,1664,1
2534,462246,140214,1664,1
2535,1564422,474623,1664,1
2536,604760,183193,1664,1
2537,296192,89722,1664,1
2538,360606,109259,1664,1
2539,267030,80932,1664,1
2540,415762,125963,1664,1
2541,463730,140484,1664,1
2542,481338,145800,1664,1
2543,618818,187419,1664,1
2544,329708,99899,1664,1
2545,946432,286650,1664,1
2546,542084,164211,1664,1
2547,582606,176469,1664,1
2548,416304,126123,1664,1
2549,420088,127245,1664,1
2550,329670,99876,1664,1
2551,267770,81146,1664,1
2552,264824,80243,1664,1
2553,267486,81058,1664,1
2554,849246,257236,1664,1
2555,828440,250936,1664,1
2556,752450,227885,1664,1
2557,587030,177835,1664,1
2558,848908,257121,1664,1
2559,512124,155153,1664,1
2560,457828,138704,1664,1
2561,581470,176125,1664,1
2562,347728,105344,1664,1
2563,495830,150295,1664,1
2564,281732,85345,1664,1
2565,668068,202373,1664,1
2566,402996,122110,1664,1
2567,587096,177861,1664,1
2568,517780,156865,1664,1
2569,434652,131687,1664,1
2570,413258,125223,1664,1
2571,772398,233944,1664,1
2572,509914,154495,1664,1
2573,413416,125268,1664,1
2574,2172052,658235,1664,1
2575,2030014,614954,1664,1
2576,276616,84059,1664,1
2577,705768,213773,1664,1
2578,1336774,405023,1664,1
2579,652518,197748,1664,1
2580,349872,105984,1664,1
2581,638768,193503,1664,1
2582,291286,88261,1664,1
2583,719700,218034,1664,1
2584,616816,186821,1664,1
2585,422202,127933,1664,1
2586,896390,271705,1664,1
2587,559636,169527,1664,1
2588,938220,284221,1664,1
2589,471088,143150,1664,1
2590,779806,236218,1664,1
2591,877062,265650,1664,1
2592,712056,215961,1664,1
2593,1075530,326415,1664,1
2594,4508759,1366325,1664,1
2595,6052452,1834190,1664,1
2596,862068,261140,1664,1
2597,594654,180118,1664,1
2598,520766,157743,1664,1
2599,1187298,360427,1664,1
2600,594558,180164,1664,1
2601,1601944,485601,1664,1
2602,507768,153845,1664,1
2603,320678,97187,1664,1
2604,300812,91154,1664,1
2605,774252,234553,1664,1
2606,475526,144065,1664,1
2607,1404936,425787,1664,1
2608,641286,194279,1664,1
2609,592042,179371,1664,1
2610,806458,244286,1664,1
2611,505846,153272,1664,1
2612,700480,212167,1664,1
2613,1504126,455528,1664,1
2614,493366,149500,1664,1
2615,924784,280398,1664,1
2616,596868,180836,1664,1
2617,622128,188564,1664,1
2618,481464,145877,1664,1
2619,599808,181731,1664,1
2620,1454858,440634,1664,1
2621,927714,281037,1664,1
2622,1967412,596821,1664,1
2623,732972,222001,1664,1
2624,470108,142434,1664,1
2625,1002804,303783,1664,1
2626,466006,141201,1664,1
2627,483706,146563,1664,1
2628,1121934,339841,1664,1
2629,2804346,849384,1664,1
2630,8055932,2440340,1664,1
2631,586810,177754,1664,1
2632,1760122,533582,1664,1
2633,2015776,610625,1664,1
2634,568972,172381,1664,1
2635,1154344,349728,1664,1
2636,644842,195351,1664,1
2637,1063168,322729,1664,1
2638,660582,200245,1664,1
2639,442738,134196,1664,1
2640,687888,208394,1664,1
2641,662186,200599,1664,1
2642,948612,287313,1664,1
2643,987654,299218,1664,1
2644,512160,155161,1664,1
2645,821590,248871,1664,1
2646,1670814,506035,1664,1
2647,1111112,336559,1664,1
2648,583489,177133,1664,1
2649,446854,135401,1664,1
2650,447866,135695,1664,1
2651,431602,130778,1664,1
2652,981208,297216,1664,1
2653,428824,129944,1664,1
2654,512958,155419,1664,1
2655,471136,142752,1664,1
2656,1244330,377100,1664,1
2657,598324,181268,1664,1
2658,739758,224111,1664,1
2659,786198,238131,1664,1
2660,543688,164702,1664,1
2661,803374,243374,1664,1
2662,436278,132201,1664,1
2663,869476,263585,1664,1
2664,582106,176376,1664,1
2665,435114,131833,1664,1
2666,447738,135660,1664,1
2667,457254,138548,1664,1
2668,999628,302839,1664,1
2669,662010,200565,1664,1
2670,792064,239934,1664,1
2671,654376,198238,1664,1
2672,540286,163737,1664,1
2673,1235439,374575,1664,1
2674,3629034,1099878,1664,1
2675,540078,163645,1664,1
2676,1202870,364328,1664,1
2677,639466,193719,1664,1
2678,326722,99043,1664,1
2679,690674,209230,1664,1
2680,628804,190488,1664,1
2681,1055940,319831,1664,1
2682,1241798,376396,1664,1
2683,1728670,523723,1664,1
2684,634876,192283,1664,1
2685,310028,93946,1664,1
2686,368832,111737,1664,1
2687,822872,249256,1664,1
2688,450816,136564,1664,1
2689,366706,111102,1664,1
2690,847676,256751,1664,1
2691,685216,207540,1664,1
2692,373312,113110,1664,1
2693,553174,167587,1664,1
2694,899258,272463,1664,1
2695,366842,111140,1664,1
2696,293796,88998,1664,1
2697,800056,242346,1664,1
2698,518268,157012,1664,1
2699,498422,150995,1664,1
2700,966972,292848,1664,1
2701,1003560,303993,1664,1
2702,569844,172624,1664,1
2703,642308,194598,1664,1
2704,1016504,307897,1664,1
2705,1571442,475942,1664,1
2706,1383772,419178,1664,1
2707,450142,136395,1664,1
2708,1065584,322752,1664,1
2709,573306,173668,1664,1
2710,1066392,322993,1664,1
2711,520394,157696,1664,1
2712,878539,266542,1664,1
2713,499854,151458,1664,1
2714,451408,136763,1664,1
2715,518982,157236,1664,1
2716,612552,185548,1664,1
2717,373940,113290,1664,1
2718,640218,193956,1664,1
2719,1212232,367143,1664,1
2720,376160,113942,1664,1
2721,368696,111711,1664,1
2722,1482894,449145,1664,1
2723,1226946,371958,1664,1
2724,448698,136209,1664,1
2725,470138,142452,1664,1
2726,1835614,556686,1664,1
2727,1595132,483161,1664,1
2728,1507618,456688,1664,1
2729,571840,173254,1664,1
2730,1028486,311512,1664,1
2731,453706,137476,1664,1
2732,563402,170656,1664,1
2733,439056,133003,1664,1
2734,478432,144937,1664,1
2735,818168,247816,1664,1
2736,376818,114184,1664,1
2737,554416,167957,1664,1
2738,740018,224249,1664,1
2739,1993759,605355,1664,1
2740,463464,140418,1664,1
2741,543778,164701,1664,1
2742,757801,229945,1664,1
2743,518394,157084,1664,1
2744,508792,154160,1664,1
2745,1274161,386214,1664,1
2746,1019464,309124,1664,1
2747,680466,206152,1664,1
2748,661970,200968,1664,1
2749,368620,111681,1664,1
2750,1370466,415365,1664,1
2751,753888,228373,1664,1
2752,587396,177941,1664,1
2753,450470,136484,1664,1
2754,940566,285022,1664,1
2755,302232,91677,1664,1
2756,305922,92793,1664,1
2757,727142,220258,1664,1
2758,307650,93251,1664,1
2759,277560,84081,1664,1
2760,411766,124717,1664,1
2761,303144,91885,1664,1
2762,313002,94867,1664,1
2763,519460,157339,1664,1
2764,440960,133617,1664,1
2765,374998,113599,1664,1
2766,434262,131542,1664,1
2767,295152,89443,1664,1
2768,518024,156958,1664,1
2769,976066,295640,1664,1
2770,376764,114162,1664,1
2771,781828,237069,1664,1
2772,583460,177285,1664,1
2773,322650,97739,1664,1
2774,433146,131228,1664,1
2775,364354,110394,1664,1
2776,927164,280832,1664,1
2777,524400,158854,1664,1
2778,599462,181559,1664,1
2779,1367508,414277,1664,1
2780,513272,155487,1664,1
2781,936388,283616,1664,1
2782,408778,123892,1664,1
2783,1667795,505808,1664,1
2784,691820,209988,1664,1
2785,1639347,496794,1664,1
2786,424026,128489,1664,1
2787,1165060,352854,1664,1
2788,444782,135043,1664,1
2789,613170,185871,1664,1
2790,1594832,483072,1664,1
2791,546932,165738,1664,1
2792,788910,238981,1664,1
2793,425504,129035,1664,1
2794,769778,233186,1664,1
2795,1649880,499877,1664,1
2796,693732,210139,1664,1
2797,725838,219873,1664,1
2798,353926,107209,1664,1
2799,441212,133678,1664,1
2800,417644,126519,1664,1
2801,414604,125612,1664,1
2802,326342,98879,1664,1
2803,323698,98077,1664,1
2804,450582,136490,1664,1
2805,400208,121249,1664,1
2806,258226,78237,1664,1
2807,948436,287256,1664,1
2808,258826,78425,1664,1
2809,526400,159443,1664,1
2810,319432,96776,1664,1
2811,829260,251158,1664,1
2812,1066742,323081,1664,1
2813,322908,97841,1664,1
2814,561712,170137,1664,1
2815,700980,212336,1664,1
2816,291926,88471,1664,1
2817,393658,119256,1664,1
2818,294458,89311,1664,1
2819,429848,130254,1664,1
2820,638032,193246,1664,1
2821,526080,159385,1664,1
2822,524830,158979,1664,1
2823,651596,197354,1664,1
2824,493742,149599,1664,1
2825,420938,127547,1664,1
2826,1221930,370318,1664,1
2827,858922,260143,1664,1
2828,681282,206376,1664,1
2829,596206,180574,1664,1
2830,522833,159031,1664,1
2831,333672,101092,1664,1
2832,333792,101124,1664,1
2833,271130,82160,1664,1
2834,1116712,338284,1664,1
2835,510598,154690,1664,1
2836,435214,131873,1664,1
2837,891548,270295,1664,1
2838,389478,118103,1664,1
2839,673966,204179,1664,1
2840,571296,173070,1664,1
2841,847604,256737,1664,1
2842,556000,168447,1664,1
2843,429516,130141,1664,1
2844,1292454,391735,1664,1
2845,965206,292369,1664,1
2846,520238,157605,1664,1
2847,511078,154805,1664,1
2848,1122930,340210,1664,1
2849,485798,147585,1664,1
2850,566632,171662,1664,1
2851,520790,157786,1664,1
2852,683264,206977,1664,1
2853,447526,135593,1664,1
2854,454116,137579,1664,1
2855,529830,160536,1664,1
2856,459668,139281,1664,1
2857,446584,135320,1664,1
2858,773720,234400,1664,1
2859,1310040,397058,1664,1
2860,952334,288471,1664,1
2861,750672,227394,1664,1
2862,1012489,307058,1664,1
2863,582110,176666,1664,1
2864,326584,98981,1664,1
2865,877068,265674,1664,1
2866,594936,180249,1664,1
2867,368232,111570,1664,1
2868,812840,246188,1664,1
2869,548546,166163,1664,1
2870,978924,297149,1664,1
2871,366886,111217,1664,1
2872,675398,204570,1664,1
2873,292122,88591,1664,1
2874,292838,88731,1664,1
2875,373528,113171,1664,1
2876,525946,159335,1664,1
2877,302452,91657,1664,1
2878,756160,229043,1664,1
2879,490714,148714,1664,1
2880,554700,168063,1664,1
2881,781970,236875,1664,1
2882,1105287,335112,1664,1
2883,294944,89381,1664,1
2884,1003758,303998,1664,1
2885,597190,180947,1664,1
2886,393560,119255,1664,1
2887,1046290,317139,1664,1
2888,453466,137403,1664,1
2889,1343809,407406,1664,1
2890,294810,89344,1664,1
2891,413050,125151,1664,1
2892,892344,270330,1664,1
2893,1020474,309198,1664,1
2894,658088,199381,1664,1
2895,719398,218014,1664,1
2896,426562,129234,1664,1
2897,436080,132117,1664,1
2898,763416,231210,1664,1
2899,353150,107010,1664,1
2900,512016,155092,1664,1
2901,702082,212747,1664,1
2902,303820,92064,1664,1
2903,430428,130400,1664,1
2904,683098,207043,1664,1
2905,1095402,332121,1664,1
2906,279282,84619,1664,1
2907,1010014,305879,1664,1
2908,277008,83944,1664,1
2909,491866,148993,1664,1
2910,583716,176791,1664,1
2911,278516,84403,1664,1
2912,510632,154690,1664,1
2913,522020,158151,1664,1
2914,342326,103692,1664,1
2915,356740,108058,1664,1
2916,549690,166489,1664,1
2917,594020,179914,1664,1
2918,274998,83304,1664,1
2919,670346,203049,1664,1
2920,714292,216357,1664,1
2921,346498,104987,1664,1
2922,348436,105561,1664,1
2923,501538,151922,1664,1
2924,422370,127966,1664,1
2925,340246,103096,1664,1
2926,778924,235932,1664,1
2927,274822,83270,1664,1
2928,276258,83704,1664,1
2929,405206,122751,1664,1
2930,487534,147693,1664,1
2931,2033778,616076,1664,1
2932,434832,131728,1664,1
2933,1207554,366154,1664,1
2934,735720,222890,1664,1
2935,762042,230995,1664,1
2936,476798,144461,1664,1
2937,570044,172720,1664,1
2938,724416,219583,1664,1
2939,555764,168419,1664,1
2940,323188,97945,1664,1
2941,352152,106700,1664,1
2942,304632,92295,1664,1
2943,328366,99489,1664,1
2944,526170,159409,1664,1
2945,406348,123132,1664,1
2946,853482,258907,1664,1
2947,387280,117310,1664,1
2948,466842,141424,1664,1
2949,604244,183102,1664,1
2950,474814,144270,1664,1
2951,385462,116779,1664,1
2952,377924,114490,1664,1
2953,465400,141010,1664,1
2954,540602,163782,1664,1
2955,392846,119029,1664,1
2956,552514,167388,1664,1
2957,397524,120430,1664,1
2958,290186,87940,1664,1
2959,457886,138720,1664,1
2960,370092,112162,1664,1
2961,891498,270146,1664,1
2962,819222,248167,1664,1
2963,1706483,517180,1664,1
2964,2007910,608080,1664,1
2965,459484,139202,1664,1
2966,732206,221773,1664,1
2967,803774,243431,1664,1
2968,646672,195873,1664,1
2969,756053,229479,1664,1
2970,537682,162890,1664,1
2971,449678,136236,1664,1
2972,396450,120107,1664,1
2973,547682,165912,1664,1
2974,521170,157895,1664,1
2975,699568,211885,1664,1
2976,603132,182691,1664,1
2977,718716,217675,1664,1
2978,365144,110637,1664,1
2979,1476062,446999,1664,1
2980,1297848,393080,1664,1
2981,277458,84082,1664,1
2982,1234884,373990,1664,1
2983,418016,126647,1664,1
2984,639272,193615,1664,1
2985,495134,149997,1664,1
2986,580362,175806,1664,1
2987,348422,105540,1664,1
2988,569246,172438,1664,1
2989,294990,89381,1664,1
2990,875506,265202,1664,1
2991,436854,132347,1664,1
2992,387726,117569,1664,1
2993,430610,130459,1664,1
2994,412240,124864,1664,1
2995,271892,82369,1664,1
2996,386982,117256,1664,1
2997,450078,136364,1664,1
2998,833598,252503,1664,1
2999,1010386,306012,1664,1
3000,570774,172924,1664,1
3001,697848,211421,1664,1
3002,411250,124595,1664,1
3003,874730,264957,1664,1
3004,504308,152772,1664,1
3005,291938,88482,1664,1
3006,976875,296527,1664,1
3007,702850,212888,1664,1
3008,1983341,601553,1664,1
3009,640220,193997,1664,1
3010,394720,119604,1664,1
3011,849688,257557,1664,1
3012,456568,138397,1664,1
3013,1529166,463752,1664,1
3014,780016,236534,1664,1
3015,503140,152436,1664,1
3016,685082,207514,1664,1
3017,654758,198350,1664,1
3018,417266,126435,1664,1
3019,828016,250816,1664,1
3020,406028,123034,1664,1
3021,659186,199720,1664,1
3022,349974,106023,1664,1
3023,307114,93059,1664,1
3024,1226106,371336,1664,1
3025,319888,96936,1664,1
3026,405124,122726,1664,1
3027,664754,201435,1664,1
3028,638838,193612,1664,1
3029,385352,116749,1664,1
3030,657298,200111,1664,1
3031,726152,220969,1664,1
3032,567168,171814,1664,1
3033,378008,114542,1664,1
3034,301118,91355,1664,1
3035,470530,142558,1664,1
3036,514646,155922,1664,1
3037,508304,154013,1664,1
3038,297058,90032,1664,1
3039,527410,159776,1664,1
3040,366846,111136,1664,1
3041,501176,151863,1664,1
3042,395636,119874,1664,1
3043,1789636,542747,1664,1
3044,392246,118843,1664,1
3045,606350,183662,1664,1
3046,1044756,316696,1664,1
3047,869408,263343,1664,1
3048,559066,169354,1664,1
3049,340100,103050,1664,1
3050,647288,196069,1664,1
3051,277178,83996,1664,1
3052,356830,108103,1664,1
3053,279920,84827,1664,1
3054,444472,134635,1664,1
3055,438686,132875,1664,1
3056,506418,153512,1664,1
3057,572724,173508,1664,1
3058,933637,283195,1664,1
3059,931499,282422,1664,1
3060,2204242,667861,1664,1
3061,1249280,378386,1664,1
3062,543614,164689,1664,1
3063,1070168,324153,1664,1
3064,577774,175019,1664,1
3065,860996,260865,1664,1
3066,1258256,381121,1664,1
3067,639930,193841,1664,1
3068,875190,265104,1664,1
3069,526224,159430,1664,1
3070,453994,137559,1664,1
3071,433196,131259,1664,1
3072,1477692,447558,1664,1
3073,964958,292256,1664,1
3074,594384,180055,1664,1
3075,371514,112566,1664,1
3076,296398,89826,1664,1
3077,516166,156367,1664,1
3078,349014,105736,1664,1
3079,285262,86429,1664,1
3080,430156,130304,1664,1
3081,450942,136619,1664,1
3082,361548,109533,1664,1
3083,630920,191113,1664,1
3084,441060,133627,1664,1
3085,433922,131464,1664,1
3086,527844,159916,1664,1
3087,904304,273903,1664,1
3088,1734319,525588,1664,1
3089,643618,194981,1664,1
3090,591226,179144,1664,1
3091,639944,193956,1664,1
3092,1558754,472166,1664,1
3093,434430,131645,1664,1
3094,629638,190730,1664,1
3095,388602,117737,1664,1
3096,823280,249380,1664,1
3097,364330,110390,1664,1
3098,1956024,592540,1664,1
3099,947760,287145,1664,1
3100,416848,126278,1664,1
3101,305850,92722,1664,1
3102,362958,109972,1664,1
3103,494712,149860,1664,1
3104,353986,107335,1664,1
3105,588554,178290,1664,1
3106,655630,198615,1664,1
3107,546132,165452,1664,1
3108,311744,94462,1664,1
3109,750890,227565,1664,1
3110,341442,103461,1664,1
3111,341448,103470,1664,1
3112,970822,294040,1664,1
3113,276488,83829,1664,1
3114,278108,84250,1664,1
3115,333774,101105,1664,1
3116,654512,198269,1664,1
3117,281624,85315,1664,1
3118,411880,124769,1664,1
3119,357248,108229,1664,1
3120,357432,108409,1664,1
3121,389446,118005,1664,1
3122,471300,142812,1664,1
3123,651078,197255,1664,1
3124,649160,196669,1664,1
3125,559072,169354,1664,1
3126,458082,138791,1664,1
3127,373306,113104,1664,1
3128,480114,145419,1664,1
3129,358334,108541,1664,1
3130,507804,153805,1664,1
3131,448142,135736,1664,1
3132,275378,83452,1664,1
3133,638920,193520,1664,1
3134,606740,183804,1664,1
3135,992966,300767,1664,1
3136,1579912,479491,1664,1
3137,647806,196238,1664,1
3138,670316,203059,1664,1
3139,354858,107504,1664,1
3140,674848,204429,1664,1
3141,1035220,313572,1664,1
3142,443548,134425,1664,1
3143,766932,232286,1664,1
3144,564502,170987,1664,1
3145,326722,98981,1664,1
3146,396136,120025,1664,1
3147,395446,119820,1664,1
3148,506940,153577,1664,1
3149,504756,152918,1664,1
3150,638344,193377,1664,1
3151,520700,157753,1664,1
3152,1047725,317591,1664,1
3153,400160,121232,1664,1
3154,421854,127889,1664,1
3155,316858,96028,1664,1
3156,614794,186233,1664,1
3157,328334,99474,1664,1
3158,529498,160398,1664,1
3159,711434,215464,1664,1
3160,647248,196065,1664,1
3161,469516,142224,1664,1
3162,487904,147813,1664,1
3163,504612,152883,1664,1
3164,320784,97185,1664,1
3165,476286,144259,1664,1
3166,329064,99674,1664,1
3167,260778,79007,1664,1
3168,542216,164250,1664,1
3169,259888,78746,1664,1
3170,266038,80620,1664,1
3171,2216308,671580,1664,1
3172,715284,216680,1664,1
3173,485080,147417,1664,1
3174,436386,132777,1664,1
3175,262926,79678,1664,1
3176,401836,121725,1664,1
3177,462954,140232,1664,1
3178,847868,256791,1664,1
3179,446514,135257,1664,1
3180,535996,162365,1664,1
3181,836338,253307,1664,1
3182,258746,78393,1664,1
3183,660636,200180,1664,1
3184,387032,117515,1664,1
3185,427790,129607,1664,1
3186,608268,184271,1664,1
3187,453734,137485,1664,1
3188,480048,145426,1664,1
3189,493552,149511,1664,1
3190,412004,124825,1664,1
3191,1262252,382324,1664,1
3192,1687280,511146,1664,1
3193,1427888,432458,1664,1
3194,597836,181109,1664,1
3195,354870,107538,1664,1
3196,512774,155336,1664,1
3197,266030,80592,1664,1
3198,279460,84680,1664,1
3199,642162,194530,1664,1
3200,761518,230662,1664,1
3201,446286,135189,1664,1
3202,519926,157475,1664,1
3203,360636,109285,1664,1
3204,1137304,344463,1664,1
3205,482384,146132,1664,1
3206,1115762,337944,1664,1
3207,513748,155615,1664,1
3208,577984,175053,1664,1
3209,595106,180240,1664,1
3210,258372,78269,1664,1
3211,258518,78331,1664,1
3212,519898,157490,1664,1
3213,401898,121758,1664,1
3214,652884,197776,1664,1
3215,409344,124017,1664,1
3216,399408,121005,1664,1
3217,821088,248668,1664,1
3218,534556,161930,1664,1
3219,409226,123996,1664,1
3220,668040,202401,1664,1
3221,604284,183107,1664,1
3222,524760,158985,1664,1
3223,761646,230761,1664,1
3224,422622,128079,1664,1
3225,2082604,630809,1664,1
3226,1063620,322296,1664,1
3227,655932,198725,1664,1
3228,1132940,343333,1664,1
3229,1204358,364851,1664,1
3230,342078,103634,1664,1
3231,423024,128134,1664,1
3232,283650,85955,1664,1
3233,285980,86659,1664,1
3234,435838,132057,1664,1
3235,433154,131229,1664,1
3236,1022304,309891,1664,1
3237,1167586,353639,1664,1
3238,541214,163918,1664,1
3239,377420,114364,1664,1
3240,267786,81137,1664,1
3241,657626,199171,1664,1
3242,2066034,625694,1664,1
3243,287458,87118,1664,1
3244,365934,110877,1664,1
3245,716531,217342,1664,1
3246,285768,86601,1664,1
3247,1229076,372251,1664,1
3248,415762,125964,1664,1
3249,286110,86700,1664,1
3250,603302,183085,1664,1
3251,688198,208474,1664,1
3252,1122818,340337,1664,1
3253,693164,210360,1664,1
3254,732510,221879,1664,1
3255,1201048,363854,1664,1
3256,442140,133973,1664,1
3257,991502,300277,1664,1
3258,806544,244299,1664,1
3259,488072,147843,1664,1
3260,502952,152409,1664,1
3261,1215322,368412,1664,1
3262,582134,176360,1664,1
3263,277790,84151,1664,1
3264,930690,282119,1664,1
3265,410718,124453,1664,1
3266,416218,126115,1664,1
3267,478936,145170,1664,1
3268,1384096,419248,1664,1
3269,596748,180823,1664,1
3270,426862,129382,1664,1
3271,809546,245446,1664,1
3272,641252,194252,1664,1
3273,1337552,405563,1664,1
3274,375278,113710,1664,1
3275,486280,147330,1664,1
3276,573620,173895,1664,1
3277,1098266,334464,1664,1
3278,479684,145291,1664,1
3279,757406,229607,1664,1
3280,891114,270041,1664,1
3281,571576,173168,1664,1
3282,554618,168022,1664,1
3283,795190,241087,1664,1
3284,454800,138169,1664,1
3285,665098,201476,1664,1
3286,1257270,380812,1664,1
3287,448334,135847,1664,1
3288,764524,231658,1664,1
3289,414878,125686,1664,1
3290,432400,131203,1664,1
3291,759958,230570,1664,1
3292,379812,115084,1664,1
3293,603718,182904,1664,1
3294,675224,204534,1664,1
3295,665686,201655,1664,1
3296,964655,292423,1664,1
3297,563336,170690,1664,1
3298,1692859,512942,1664,1
3299,279472,84695,1664,1
3300,277090,83954,1664,1
3301,482698,146213,1664,1
3302,676094,204760,1664,1
3303,340676,103221,1664,1
3304,696122,210957,1664,1
3305,509986,154481,1664,1
3306,353190,107025,1664,1
3307,371448,112593,1664,1
3308,658516,199550,1664,1
3309,559142,169438,1664,1
3310,278682,84448,1664,1
3311,620590,187957,1664,1
3312,657380,199143,1664,1
3313,602830,182623,1664,1
3314,598264,181234,1664,1
3315,285450,86504,1664,1
3316,283696,85974,1664,1
3317,405606,122883,1664,1
3318,276086,83853,1664,1
3319,484374,146932,1664,1
3320,1122128,339843,1664,1
3321,679590,205867,1664,1
3322,715034,216636,1664,1
3323,627906,190214,1664,1
3324,408702,123833,1664,1
3325,523000,158423,1664,1
3326,352924,106952,1664,1
3327,261742,79304,1664,1
3328,346880,105073,1664,1
3329,476642,144415,1664,1
3330,1157792,350668,1664,1
3331,647132,196166,1664,1
3332,1028958,311640,1664,1
3333,595072,180255,1664,1
3334,474276,143651,1664,1
3335,422424,127983,1664,1
3336,465834,141118,1664,1
3337,1015366,307978,1664,1
3338,428668,129859,1664,1
3339,366024,110898,1664,1
3340,1171322,354736,1664,1
3341,454714,137752,1664,1
3342,567574,171901,1664,1
3343,258356,78266,1664,1
3344,428876,129944,1664,1
3345,437804,132620,1664,1
3346,493414,149467,1664,1
3347,267684,81089,1664,1
3348,405678,122894,1664,1
3349,519768,157463,1664,1
3350,262570,79553,1664,1
3351,533706,161674,1664,1
3352,263858,79962,1664,1
3353,1025966,310999,1664,1
3354,513250,155481,1664,1
3355,490312,148521,1664,1
3356,461340,139771,1664,1
3357,406720,123219,1664,1
3358,1079536,327000,1664,1
3359,467056,141488,1664,1
3360,741116,224499,1664,1
3361,780656,236584,1664,1
3362,1436620,436516,1664,1
3363,639240,193647,1664,1
3364,291776,88420,1664,1
3365,1491786,451833,1664,1
3366,653430,197934,1664,1
3367,498414,151003,1664,1
3368,825682,250096,1664,1
3369,607458,184096,1664,1
3370,800232,242398,1664,1
3371,1272918,386327,1664,1
3372,413636,125330,1664,1
3373,266306,80708,1664,1
3374,532952,161445,1664,1
3375,1035814,313824,1664,1
3376,733767,222396,1664,1
3377,385254,116737,1664,1
3378,463540,140399,1664,1
3379,671692,203466,1664,1
3380,326622,98936,1664,1
3381,333896,101178,1664,1
3382,610626,185155,1664,1
3383,703282,213028,1664,1
3384,674116,204254,1664,1
3385,257554,78050,1664,1
3386,427722,129560,1664,1
3387,438366,132795,1664,1
3388,401032,121490,1664,1
3389,526960,159603,1664,1
3390,368618,111678,1664,1
3391,508180,153953,1664,1
3392,513038,155418,1664,1
3393,372762,112946,1664,1
3394,459022,139052,1664,1
3395,760012,230323,1664,1
3396,384876,116623,1664,1
3397,747724,226494,1664,1
3398,731594,221640,1664,1
3399,2018224,611554,1664,1
3400,406506,123164,1664,1
3401,749214,226953,1664,1
3402,550298,166710,1664,1
3403,1015926,307687,1664,1
3404,618836,187654,1664,1
3405,622638,188640,1664,1
3406,776860,235574,1664,1
3407,800560,242569,1664,1
3408,450920,136589,1664,1
3409,288948,87559,1664,1
3410,521738,158066,1664,1
3411,1094298,332174,1664,1
3412,391084,118502,1664,1
3413,274350,83112,1664,1
3414,769126,232963,1664,1
3415,554412,167944,1664,1
3416,499126,151201,1664,1
3417,342968,103920,1664,1
3418,400998,121462,1664,1
3419,276484,83768,1664,1
3420,426164,129100,1664,1
3421,343114,103962,1664,1
3422,406302,123112,1664,1
3423,1274688,386054,1664,1
3424,285580,86539,1664,1
3425,447888,135689,1664,1
3426,560820,169920,1664,1
3427,283168,85802,1664,1
3428,353254,107005,1664,1
3429,283516,85918,1664,1
3430,765704,231905,1664,1
3431,464046,140586,1664,1
3432,292028,88493,1664,1
3433,466276,141262,1664,1
3434,512056,155126,1664,1
3435,663776,201073,1664,1
3436,1297028,392925,1664,1
3437,617482,187219,1664,1
3438,501478,151933,1664,1
3439,667586,202235,1664,1
3440,454094,137576,1664,1
3441,1334076,404079,1664,1
3442,655912,198855,1664,1
3443,817598,247706,1664,1
3444,641348,194288,1664,1
3445,1027324,311179,1664,1
3446,398630,120799,1664,1
3447,425878,129036,1664,1
3448,329248,99784,1664,1
3449,284314,86141,1664,1
3450,1055578,319721,1664,1
3451,737464,223386,1664,1
3452,283738,85958,1664,1
3453,1078070,326490,1664,1
3454,585054,177248,1664,1
3455,661596,200421,1664,1
3456,302272,91603,1664,1
3457,919090,278375,1664,1
3458,650298,197002,1664,1
3459,306450,92836,1664,1
3460,381390,115527,1664,1
3461,303776,92034,1664,1
3462,359746,108990,1664,1
3463,1208510,366029,1664,1
3464,378614,114716,1664,1
3465,386476,117067,1664,1
3466,338944,102735,1664,1
3467,345382,104637,1664,1
3468,274900,83312,1664,1
3469,344974,104532,1664,1
3470,604902,183241,1664,1
3471,361190,109441,1664,1
3472,411200,124553,1664,1
3473,1156936,350369,1664,1
3474,275172,83378,1664,1
3475,367866,111456,1664,1
3476,550508,166763,1664,1
3477,421904,127791,1664,1
3478,836812,253475,1664,1
3479,551396,167004,1664,1
3480,267336,81013,1664,1
3481,533152,161505,1664,1
3482,455044,137867,1664,1
3483,756260,229049,1664,1
3484,266248,80656,1664,1
3485,759596,230047,1664,1
3486,568004,172058,1664,1
3487,436780,132426,1664,1
3488,334352,101310,1664,1
3489,266628,80786,1664,1
3490,320866,97226,1664,1
3491,319776,96894,1664,1
3492,617220,186936,1664,1
3493,754828,228629,1664,1
3494,899756,292481,1664,1
3495,265660,80508,1664,1
3496,260128,78890,1664,1
3497,573664,173868,1664,1
3498,672976,203835,1664,1
3499,695380,210632,1664,1
3500,254672,77176,1664,1
3501,1051175,319258,1664,1
3502,482194,146089,1664,1
3503,399402,120983,1664,1
3504,345464,104684,1664,1
3505,884367,268650,1664,1
3506,700932,212554,1664,1
3507,405814,122987,1664,1
3508,392726,119002,1664,1
3509,990610,300024,1664,1
3510,387996,117554,1664,1
3511,464010,140564,1664,1
3512,315684,95655,1664,1
3513,529364,160330,1664,1
3514,441482,133732,1664,1
3515,1480036,448241,1664,1
3516,519972,157489,1664,1
3517,951956,288298,1664,1
3518,501230,151811,1664,1
3519,251564,76234,1664,1
3520,497524,150711,1664,1
3521,574746,174098,1664,1
3522,394410,119492,1664,1
3523,322830,97873,1664,1
3524,373230,113143,1664,1
3525,349738,106052,1664,1
3526,406884,123268,1664,1
3527,654620,199750,1664,1
3528,959752,290685,1664,1
3529,1304148,395656,1664,1
3530,404318,122494,1664,1
3531,302088,91534,1664,1
3532,544538,164948,1664,1
3533,373272,113087,1664,1
3534,325886,98766,1664,1
3535,1155214,349876,1664,1
3536,501600,151942,1664,1
3537,1734118,525201,1664,1
3538,487358,147639,1664,1
3539,677952,205346,1664,1
3540,654228,198151,1664,1
3541,386568,117090,1664,1
3542,1009050,306043,1664,1
3543,252974,76671,1664,1
3544,627864,190181,1664,1
3545,741764,225043,1664,1
3546,495598,150185,1664,1
3547,348014,105432,1664,1
3548,643586,195090,1664,1
3549,2038766,618806,1664,1
3550,447194,135494,1664,1
3551,396650,120182,1664,1
3552,397746,120524,1664,1
3553,1167690,353821,1664,1
3554,1125162,341137,1664,1
3555,1095888,331950,1664,1
3556,625554,189506,1664,1
3557,1369654,414964,1664,1
3558,1037028,314107,1664,1
3559,642548,194655,1664,1
3560,686282,208357,1664,1
3561,689644,208932,1664,1
3562,1366512,414268,1664,1
3563,449316,136123,1664,1
3564,433902,131453,1664,1
3565,387314,117351,1664,1
3566,439514,133149,1664,1
3567,294136,89131,1664,1
3568,352924,106947,1664,1
3569,455912,138164,1664,1
3570,1440264,436246,1664,1
3571,567646,171963,1664,1
3572,788806,239212,1664,1
3573,1632276,494377,1664,1
3574,757322,229390,1664,1
3575,852498,258202,1664,1
3576,458028,138762,1664,1
3577,454022,137548,1664,1
3578,805204,243909,1664,1
3579,372120,112731,1664,1
3580,370258,112155,1664,1
3581,439616,133161,1664,1
3582,300386,91011,1664,1
3583,401480,121722,1664,1
3584,866879,262904,1664,1
3585,1483872,449823,1664,1
3586,541062,163925,1664,1
3587,472838,143258,1664,1
3588,629578,190734,1664,1
3589,638456,193399,1664,1
3590,410388,124326,1664,1
3591,1202406,364267,1664,1
3592,792796,240244,1664,1
3593,920052,278847,1664,1
3594,966556,292789,1664,1
3595,369862,112100,1664,1
3596,534788,162021,1664,1
3597,538358,163195,1664,1
3598,1057938,320572,1664,1
3599,894710,271006,1664,1
3600,567238,171860,1664,1
3601,608258,184231,1664,1
3602,502548,152778,1664,1
3603,388420,117692,1664,1
3604,733348,222141,1664,1
3605,674840,204432,1664,1
3606,659228,199706,1664,1
3607,411122,124575,1664,1
3608,458074,138786,1664,1
3609,305110,92464,1664,1
3610,388672,117760,1664,1
3611,1997984,605110,1664,1
3612,431080,130630,1664,1
3613,1162746,352187,1664,1
3614,838106,253852,1664,1
3615,301862,91475,1664,1
3616,369646,112001,1664,1
3617,754226,228438,1664,1
3618,567076,171783,1664,1
3619,365444,110727,1664,1
3620,548220,166045,1664,1
3621,694002,210186,1664,1
3622,358162,108543,1664,1
3623,372358,112806,1664,1
3624,627664,190177,1664,1
3625,496122,150329,1664,1
3626,1071056,324403,1664,1
3627,984875,299073,1664,1
3628,304218,92206,1664,1
3629,357518,108332,1664,1
3630,523646,158630,1664,1
3631,356026,107877,1664,1
3632,373168,113085,1664,1
3633,1040070,315539,1664,1
3634,505966,153274,1664,1
3635,441160,133636,1664,1
3636,808672,244911,1664,1
3637,448266,135778,1664,1
3638,522398,158259,1664,1
3639,428134,129782,1664,1
3640,606198,183646,1664,1
3641,1068370,323778,1664,1
3642,477648,144722,1664,1
3643,1259286,381395,1664,1
3644,810856,245702,1664,1
3645,648744,196537,1664,1
3646,387864,117542,1664,1
3647,463464,140426,1664,1
3648,862630,261403,1664,1
3649,744648,225602,1664,1
3650,1569688,475497,1664,1
3651,754610,228594,1664,1
3652,437874,132679,1664,1
3653,537022,162683,1664,1
3654,437020,132469,1664,1
3655,535356,162164,1664,1
3656,803818,243484,1664,1
3657,854434,258828,1664,1
3658,469838,142365,1664,1
3659,1642610,497947,1664,1
3660,777562,235552,1664,1
3661,4596292,1392861,1664,1
3662,1051714,318840,1664,1
3663,367080,111242,1664,1
3664,304632,92316,1664,1
3665,1972766,597868,1664,1
3666,462908,140277,1664,1
3667,523864,158763,1664,1
3668,490344,148880,1664,1
3669,2418954,732784,1664,1
3670,553602,167731,1664,1
3671,562024,170289,1664,1
3672,408344,123719,1664,1
3673,646034,195679,1664,1
3674,910974,275934,1664,1
3675,751932,227786,1664,1
3676,573606,173744,1664,1
3677,470148,142452,1664,1
3678,922982,279543,1664,1
3679,479770,145364,1664,1
3680,1194796,361887,1664,1
3681,676316,204913,1664,1
3682,364758,110588,1664,1
3683,405146,122751,1664,1
3684,495404,150085,1664,1
3685,941620,285194,1664,1
3686,595808,180526,1664,1
3687,627556,190161,1664,1
3688,597714,181100,1664,1
3689,818168,247850,1664,1
3690,453836,137511,1664,1
3691,388612,117845,1664,1
3692,314190,95193,1664,1
3693,791840,239862,1664,1
3694,491882,149113,1664,1
3695,711914,215624,1664,1
3696,613574,186279,1664,1
3697,1435834,434997,1664,1
3698,491792,148990,1664,1
3699,755552,229102,1664,1
3700,1183478,358615,1664,1
3701,438244,132795,1664,1
3702,961958,291371,1664,1
3703,463362,140393,1664,1
3704,475792,144180,1664,1
3705,417250,126509,1664,1
3706,1379358,417806,1664,1
3707,2323109,731828,1664,1
3708,1539363,466521,1664,1
3709,581775,176659,1664,1
3710,606148,183641,1664,1
3711,497208,150625,1664,1
3712,697562,211283,1664,1
3713,431764,130798,1664,1
3714,584288,176982,1664,1
3715,891292,269975,1664,1
3716,409860,124184,1664,1
3717,498540,151052,1664,1
3718,454644,137738,1664,1
3719,1051884,318891,1664,1
3720,869020,263255,1664,1
3721,605544,183422,1664,1
3722,778834,235928,1664,1
3723,1571922,476463,1664,1
3724,592202,179415,1664,1
3725,551716,167149,1664,1
3726,580950,176023,1664,1
3727,572140,173347,1664,1
3728,660660,200135,1664,1
3729,615454,186466,1664,1
3730,815726,247076,1664,1
3731,742830,224983,1664,1
3732,7663149,2321461,1664,1
3733,9486953,2873470,1664,1
3734,1295270,392305,1664,1
3735,455536,138024,1664,1
3736,555064,168173,1664,1
3737,655382,198551,1664,1
3738,1290388,390838,1664,1
3739,703432,213195,1664,1
3740,1133996,343526,1664,1
3741,1153664,350041,1664,1
3742,463860,140549,1664,1
3743,500284,151958,1664,1
3744,703944,213276,1664,1
3745,832538,252191,1664,1
3746,459106,139102,1664,1
3747,695890,210806,1664,1
3748,1036658,314221,1664,1
3749,434678,131689,1664,1
3750,455172,137879,1664,1
3751,342666,103848,1664,1
3752,628486,190398,1664,1
3753,543508,164664,1664,1
3754,1147134,347698,1664,1
3755,364062,110325,1664,1
3756,4442041,1345979,1664,1
3757,1160830,351647,1664,1
3758,664872,201423,1664,1
3759,623512,189336,1664,1
3760,2209741,669866,1664,1
3761,394444,119510,1664,1
3762,713378,216122,1664,1
3763,1267670,383956,1664,1
3764,637502,193113,1664,1
3765,463936,140553,1664,1
3766,1218258,369062,1664,1
3767,680702,206174,1664,1
3768,962044,291431,1664,1
3769,937908,284203,1664,1
3770,401758,121738,1664,1
3771,790236,239371,1664,1
3772,604452,183076,1664,1
3773,440098,133303,1664,1
3774,358156,108492,1664,1
3775,282964,85722,1664,1
3776,534148,161783,1664,1
3777,428088,129696,1664,1
3778,449476,136174,1664,1
3779,428166,129733,1664,1
3780,919646,278746,1664,1
3781,1194252,362131,1664,1
3782,531134,160916,1664,1
3783,531770,161108,1664,1
3784,293630,88983,1664,1
3785,593052,179649,1664,1
3786,561398,170036,1664,1
3787,951780,288283,1664,1
3788,758256,230022,1664,1
3789,340040,103050,1664,1
3790,1362551,412911,1664,1
3791,442972,134269,1664,1
3792,566138,171514,1664,1
3793,660978,200522,1664,1
3794,1392026,421609,1664,1
3795,672344,203875,1664,1
3796,447568,135575,1664,1
3797,445548,135014,1664,1
3798,1147630,347590,1664,1
3799,324898,98466,1664,1
3800,523066,158443,1664,1
3801,657024,199145,1664,1
3802,433710,131423,1664,1
3803,736256,223026,1664,1
3804,581554,176179,1664,1
3805,418360,126739,1664,1
3806,1949602,591018,1664,1
3807,569920,172671,1664,1
3808,473050,143382,1664,1
3809,543110,164582,1664,1
3810,522984,158698,1664,1
3811,298756,90540,1664,1
3812,798356,241813,1664,1
3813,918666,278262,1664,1
3814,858500,260126,1664,1
3815,897552,272228,1664,1
3816,1407382,426440,1664,1
3817,353712,107173,1664,1
3818,416024,126063,1664,1
3819,286454,86806,1664,1
3820,923346,279636,1664,1
3821,624666,189243,1664,1
3822,3089611,936433,1664,1
3823,279640,84740,1664,1
3824,690956,209599,1664,1
3825,446786,135342,1664,1
3826,356578,108011,1664,1
3827,285212,86427,1664,1
3828,613843,186284,1664,1
3829,318554,96530,1664,1
3830,405680,122927,1664,1
3831,326364,98884,1664,1
3832,495686,150143,1664,1
3833,863876,261810,1664,1
3834,768302,233379,1664,1
3835,544376,164924,1664,1
3836,1604044,485830,1664,1
3837,584422,177051,1664,1
3838,381764,115691,1664,1
3839,525304,159146,1664,1
3840,455684,138047,1664,1
3841,430502,130430,1664,1
3842,621462,188254,1664,1
3843,277660,84144,1664,1
3844,783520,237526,1664,1
3845,531438,161026,1664,1
3846,406936,123277,1664,1
3847,1275968,386639,1664,1
3848,440876,133583,1664,1
3849,733301,222421,1664,1
3850,774870,235000,1664,1
3851,287376,87087,1664,1
3852,771388,233782,1664,1
3853,288430,87374,1664,1
3854,284352,86143,1664,1
3855,382794,116171,1664,1
3856,1089120,330443,1664,1
3857,418288,126699,1664,1
3858,1092342,331178,1664,1
3859,1492804,452457,1664,1
3860,662952,201086,1664,1
3861,412594,124990,1664,1
3862,491260,148824,1664,1
3863,784009,237757,1664,1
3864,1078906,327023,1664,1
3865,517972,156914,1664,1
3866,680602,206416,1664,1
3867,977134,296155,1664,1
3868,887938,269075,1664,1
3869,1743082,527908,1664,1
3870,517280,156721,1664,1
3871,444040,134537,1664,1
3872,527644,159874,1664,1
3873,847362,256654,1664,1
3874,295930,89674,1664,1
3875,546272,165496,1664,1
3876,981538,297256,1664,1
3877,867294,262665,1664,1
3878,525520,159170,1664,1
3879,600568,182149,1664,1
3880,703258,213034,1664,1
3881,414094,125444,1664,1
3882,354282,107347,1664,1
3883,459310,139160,1664,1
3884,707646,214374,1664,1
3885,1053998,319274,1664,1
3886,882018,267170,1664,1
3887,815181,247376,1664,1
3888,635652,192549,1664,1
3889,779060,236039,1664,1
3890,605632,183832,1664,1
3891,613172,185856,1664,1
3892,621140,188245,1664,1
3893,1100358,333377,1664,1
3894,468100,141815,1664,1
3895,454952,137844,1664,1
3896,484668,146812,1664,1
3897,310920,94359,1664,1
3898,648446,196603,1664,1
3899,434618,131665,1664,1
3900,454612,137702,1664,1
3901,508116,153937,1664,1
3902,364528,110452,1664,1
3903,1520078,460700,1664,1
3904,922426,279506,1664,1
3905,900836,272927,1664,1
3906,390554,118327,1664,1
3907,532998,161434,1664,1
3908,309968,93937,1664,1
3909,555350,168204,1664,1
3910,1093276,331266,1664,1
3911,424292,128591,1664,1
3912,1385890,420229,1664,1
3913,322490,97735,1664,1
3914,1325484,401436,1664,1
3915,533130,161502,1664,1
3916,514454,155846,1664,1
3917,348394,105575,1664,1
3918,609566,184694,1664,1
3919,486298,148283,1664,1
3920,1411176,427617,1664,1
3921,687130,208254,1664,1
3922,1043074,315969,1664,1
3923,477880,144782,1664,1
3924,1354674,410719,1664,1
3925,607594,184058,1664,1
3926,549764,166519,1664,1
3927,800648,242531,1664,1
3928,1413832,428434,1664,1
3929,622910,188717,1664,1
3930,467728,141693,1664,1
3931,404062,122434,1664,1
3932,709512,214952,1664,1
3933,1183370,358376,1664,1
3934,549978,166606,1664,1
3935,440802,133551,1664,1
3936,419304,127054,1664,1
3937,1263436,382666,1664,1
3938,900272,272691,1664,1
3939,498008,151139,1664,1
3940,1804516,546520,1664,1
3941,724418,219401,1664,1
3942,934366,283028,1664,1
3943,1155512,349987,1664,1
3944,981362,297245,1664,1
3945,3450897,1045913,1664,1
3946,6546270,1983188,1664,1
3947,682992,206940,1664,1
3948,836284,253651,1664,1
3949,1191077,361128,1664,1
3950,1521267,461157,1664,1
3951,687462,208303,1664,1
3952,1930718,584775,1664,1
3953,657114,199100,1664,1
3954,626080,189690,1664,1
3955,1582292,479446,1664,1
3956,1026352,311272,1664,1
3957,444030,134539,1664,1
3958,491484,148926,1664,1
3959,786902,238342,1664,1
3960,555602,168328,1664,1
3961,1349022,409400,1664,1
3962,684550,207438,1664,1
3963,773032,234195,1664,1
3964,1217129,369329,1664,1
3965,2113098,639943,1664,1
3966,484860,146920,1664,1
3967,734209,222671,1664,1
3968,632618,191654,1664,1
3969,641284,194293,1664,1
3970,892614,270365,1664,1
3971,544556,164963,1664,1
3972,432032,130998,1664,1
3973,431616,130782,1664,1
3974,1386288,419963,1664,1
3975,767582,232633,1664,1
3976,1590210,481586,1664,1
3977,483846,146589,1664,1
3978,449192,136110,1664,1
3979,603552,182838,1664,1
3980,907842,274974,1664,1
3981,1600278,484754,1664,1
3982,428138,129717,1664,1
3983,435980,132116,1664,1
3984,391270,118549,1664,1
3985,1703860,516133,1664,1
3986,2806905,850784,1664,1
3987,792702,240450,1664,1
3988,562986,170858,1664,1
3989,1289154,390681,1664,1
3990,1270934,385103,1664,1
3991,489762,148385,1664,1
3992,1467830,444917,1664,1
3993,2458914,745024,1664,1
3994,451676,136882,1664,1
3995,374990,113614,1664,1
3996,303972,92115,1664,1
3997,376280,113992,1664,1
3998,304948,92393,1664,1
3999,768706,233067,1664,1
4000,1158924,351038,1664,1
4001,988612,299449,1664,1
4002,1035142,313570,1664,1
4003,1052994,318939,1664,1
4004,639172,193659,1664,1
4005,834028,252607,1664,1
4006,1460170,442231,1664,1
4007,551362,167027,1664,1
4008,1285276,389348,1664,1
4009,392310,118883,1664,1
4010,495164,149997,1664,1
4011,808466,245152,1664,1
4012,1778666,539095,1664,1
4013,2615712,792803,1664,1
4014,451006,136656,1664,1
4015,471962,143006,1664,1
4016,1078222,326645,1664,1
4017,1161822,351933,1664,1
4018,3725246,1129162,1664,1
4019,606928,183856,1664,1
4020,883956,268004,1664,1
4021,397010,120291,1664,1
4022,1180458,357495,1664,1
4023,480196,145470,1664,1
4024,365482,110722,1664,1
4025,1297822,393087,1664,1
4026,908426,275196,1664,1
4027,312096,94580,1664,1
4028,554398,167950,1664,1
4029,585334,177337,1664,1
4030,444846,134774,1664,1
4031,405306,122895,1664,1
4032,1571652,476783,1664,1
4033,1171206,355274,1664,1
4034,567796,171979,1664,1
4035,1294864,392245,1664,1
4036,954890,289196,1664,1
4037,672044,203545,1664,1
4038,450966,136634,1664,1
4039,294040,89101,1664,1
4040,956146,289665,1664,1
4041,763942,231410,1664,1
4042,694744,210458,1664,1
4043,693130,209963,1664,1
4044,692960,209921,1664,1
4045,449158,136079,1664,1
4046,434234,131537,1664,1
4047,490910,148819,1664,1
4048,513560,155588,1664,1
4049,350008,106035,1664,1
4050,283196,85824,1664,1
4051,873033,264702,1664,1
4052,558292,169094,1664,1
4053,644436,195223,1664,1
4054,441822,133870,1664,1
4055,359476,109068,1664,1
4056,469824,142346,1664,1
4057,278998,84545,1664,1
4058,1175934,356144,1664,1
4059,287070,86991,1664,1
4060,881012,266859,1664,1
4061,463206,140350,1664,1
4062,543514,165026,1664,1
4063,473508,143435,1664,1
4064,360234,109113,1664,1
4065,1186170,359376,1664,1
4066,847500,256698,1664,1
4067,288216,87339,1664,1
4068,542490,164393,1664,1
4069,669210,202678,1664,1
4070,275150,83352,1664,1
4071,521356,157909,1664,1
4072,559848,169583,1664,1
4073,632526,191658,1664,1
4074,943624,285826,1664,1
4075,1670640,506147,1664,1
4076,508526,154094,1664,1
4077,503248,152479,1664,1
4078,908028,275047,1664,1
4079,1144335,347237,1664,1
4080,276958,83907,1664,1
4081,276798,83879,1664,1
4082,350198,106077,1664,1
4083,276672,83890,1664,1
4084,968076,293218,1664,1
4085,420004,127243,1664,1
4086,409532,124086,1664,1
4087,519050,157259,1664,1
4088,1120472,339478,1664,1
4089,448094,135797,1664,1
4090,454706,137735,1664,1
4091,912042,276300,1664,1
4092,739950,224399,1664,1
4093,369544,112093,1664,1
4094,664654,201323,1664,1
4095,680902,206265,1664,1
4096,650756,197386,1664,1
4097,959938,291043,1664,1
4098,693276,210025,1664,1
4099,437154,132448,1664,1
4100,647740,196208,1664,1
4101,1031610,312465,1664,1
4102,639666,193782,1664,1
4103,1996020,604637,1664,1
4104,470108,142456,1664,1
4105,481602,145888,1664,1
4106,614380,186093,1664,1
4107,468728,142000,1664,1
4108,621754,188412,1664,1
4109,667516,202199,1664,1
4110,660944,200325,1664,1
4111,673238,203959,1664,1
4112,1949030,590853,1664,1
4113,572227,173922,1664,1
4114,476182,144278,1664,1
4115,586820,177780,1664,1
4116,1592375,482633,1664,1
4117,436392,132228,1664,1
4118,5121755,1551633,1664,1
4119,1388985,421153,1664,1
4120,318640,96566,1664,1
4121,745216,226065,1664,1
4122,2362396,715538,1664,1
4123,555054,168178,1664,1
4124,483790,146646,1664,1
4125,640140,193943,1664,1
4126,336844,102286,1664,1
4127,393304,119165,1664,1
4128,589302,178551,1664,1
4129,295238,89476,1664,1
4130,771224,233592,1664,1
4131,1186784,359523,1664,1
4132,476744,144432,1664,1
4133,523282,158506,1664,1
4134,293582,88968,1664,1
4135,429980,130255,1664,1
4136,484294,146729,1664,1
4137,366670,111114,1664,1
4138,469738,142282,1664,1
4139,677308,205133,1664,1
4140,297872,90236,1664,1
4141,415658,125951,1664,1
4142,404876,122678,1664,1
4143,403252,122157,1664,1
4144,501390,152074,1664,1
4145,420848,127522,1664,1
4146,633516,191908,1664,1
4147,403184,122174,1664,1
4148,1213484,368127,1664,1
4149,483634,146577,1664,1
4150,460978,139666,1664,1
4151,1161937,352203,1664,1
4152,360466,109202,1664,1
4153,285902,86610,1664,1
4154,404944,122697,1664,1
4155,358680,108648,1664,1
4156,303876,92088,1664,1
4157,488234,147911,1664,1
4158,425412,128907,1664,1
4159,425566,128963,1664,1
4160,587014,177809,1664,1
4161,616858,186866,1664,1
4162,439964,133339,1664,1
4163,677456,205221,1664,1
4164,554874,168115,1664,1
4165,645070,195430,1664,1
4166,1227422,372317,1664,1
4167,568840,172344,1664,1
4168,1415126,429358,1664,1
4169,451512,136800,1664,1
4170,432854,131187,1664,1
4171,614282,186064,1664,1
4172,586228,177892,1664,1
4173,514472,155870,1664,1
4174,439722,133220,1664,1
4175,364806,110531,1664,1
4176,451898,136906,1664,1
4177,932248,282379,1664,1
4178,869546,263421,1664,1
4179,626782,189843,1664,1
4180,881286,267102,1664,1
4181,487424,147754,1664,1
4182,700150,212204,1664,1
4183,432314,131000,1664,1
4184,418982,126947,1664,1
4185,620906,188088,1664,1
4186,1672246,506463,1664,1
4187,896084,271440,1664,1
4188,1584832,479970,1664,1
4189,961588,291282,1664,1
4190,809586,245236,1664,1
4191,854000,258662,1664,1
4192,1104120,334709,1664,1
4193,344232,104318,1664,1
4194,399888,121128,1664,1
4195,852562,258247,1664,1
4196,1830182,554262,1664,1
4197,881848,267102,1664,1
4198,296806,89940,1664,1
4199,476522,144433,1664,1
4200,319820,96963,1664,1
4201,1515298,459667,1664,1
4202,1029550,311855,1664,1
4203,783620,237363,1664,1
4204,414546,125614,1664,1
4205,491188,148839,1664,1
4206,500144,151542,1664,1
4207,648874,196580,1664,1
4208,670594,203237,1664,1
4209,577454,174951,1664,1
4210,933882,282827,1664,1
4211,708710,214669,1664,1
4212,767012,232336,1664,1
4213,318504,96526,1664,1
4214,702610,212805,1664,1
4215,511250,154882,1664,1
4216,355220,107631,1664,1
4217,275016,83315,1664,1
4218,360654,109257,1664,1
4219,301550,91352,1664,1
4220,701042,212321,1664,1
4221,510572,154674,1664,1
4222,404400,122536,1664,1
4223,508810,154121,1664,1
4224,367386,111296,1664,1
4225,430968,130567,1664,1
4226,1494356,453371,1664,1
4227,731418,221564,1664,1
4228,415280,125842,1664,1
4229,3552072,1075988,1664,1
4230,490258,148538,1664,1
4231,294990,89376,1664,1
4232,430280,130492,1664,1
4233,436440,132196,1664,1
4234,435062,131808,1664,1
4235,1955348,592183,1664,1
4236,490712,148674,1664,1
4237,293150,88823,1664,1
4238,363060,109985,1664,1
4239,367498,111317,1664,1
4240,538028,162986,1664,1
4241,1225818,371272,1664,1
4242,466662,141350,1664,1
4243,519274,157278,1664,1
4244,439222,133083,1664,1
4245,290918,88159,1664,1
4246,405416,122801,1664,1
4247,670640,203114,1664,1
4248,384412,116454,1664,1
4249,454394,137696,1664,1
4250,327346,99207,1664,1
4251,325106,98500,1664,1
4252,415388,125853,1664,1
4253,495202,149989,1664,1
4254,281282,85237,1664,1
4255,666994,202043,1664,1
4256,276438,83777,1664,1
4257,1332844,403762,1664,1
4258,478194,144886,1664,1
4259,351280,106450,1664,1
4260,557462,168891,1664,1
4261,798866,242295,1664,1
4262,1083554,328338,1664,1
4263,1304554,398021,1664,1
4264,1550549,469963,1664,1
4265,774767,234976,1664,1
4266,741451,224865,1664,1
4267,533608,161653,1664,1
4268,438868,132966,1664,1
4269,1044082,316242,1664,1
4270,1175536,356780,1664,1
4271,434944,131791,1664,1
4272,566132,171523,1664,1
4273,1329720,402972,1664,1
4274,1345688,407631,1664,1
4275,534438,161923,1664,1
4276,957054,290122,1664,1
4277,725696,219821,1664,1
4278,1601750,485587,1664,1
4279,742862,225364,1664,1
4280,532134,161282,1664,1
4281,647718,196237,1664,1
4282,785782,238046,1664,1
4283,442316,134030,1664,1
4284,798890,242124,1664,1
4285,583614,176926,1664,1
4286,441476,133746,1664,1
4287,3610706,1096847,1664,1
4288,1332744,403912,1664,1
4289,3071132,931268,1664,1
4290,1112690,337082,1664,1
4291,750620,227398,1664,1
4292,548912,166683,1664,1
4293,795110,240848,1664,1
4294,1539448,466354,1664,1
4295,953520,288814,1664,1
4296,699790,211950,1664,1
4297,443522,134345,1664,1
4298,447292,135541,1664,1
4299,458292,138845,1664,1
4300,1095430,331814,1664,1
4301,751612,228104,1664,1
4302,1005588,304849,1664,1
4303,510984,154771,1664,1
4304,795660,241230,1664,1
4305,1889094,575360,1664,1
4306,452508,137111,1664,1
4307,448858,135997,1664,1
4308,436752,132319,1664,1
4309,945550,286819,1664,1
4310,468708,141990,1664,1
4311,717846,218059,1664,1
4312,463192,140349,1664,1
4313,705682,213766,1664,1
4314,1047844,317406,1664,1
4315,552586,167414,1664,1
4316,414924,126079,1664,1
4317,591044,179057,1664,1
4318,482762,146269,1664,1
4319,723052,219039,1664,1
4320,419104,127287,1664,1
4321,644326,195470,1664,1
4322,559662,169559,1664,1
4323,712708,216435,1664,1
4324,604242,183056,1664,1
4325,989384,300329,1664,1
4326,784122,237823,1664,1
4327,335228,101608,1664,1
4328,525162,159112,1664,1
4329,889926,269931,1664,1
4330,410864,124498,1664,1
4331,454066,137583,1664,1
4332,572656,173491,1664,1
4333,6699058,2030923,1664,1
4334,410064,124944,1664,1
4335,720614,218522,1664,1
4336,1378987,417922,1664,1
4337,998824,302649,1664,1
4338,800476,242469,1664,1
4339,676330,205035,1664,1
4340,2023915,615121,1664,1
4341,879154,266298,1664,1
4342,534360,161894,1664,1
4343,699380,211862,1664,1
4344,1795152,544559,1664,1
4345,714286,216628,1664,1
4346,781802,236905,1664,1
4347,542362,164320,1664,1
4348,990598,300060,1664,1
4349,526200,159436,1664,1
4350,423630,128351,1664,1
4351,945478,286831,1664,1
4352,613390,185849,1664,1
4353,471176,142765,1664,1
4354,441450,133786,1664,1
4355,1012498,306927,1664,1
4356,3551059,1075836,1664,1
4357,643424,195262,1664,1
4358,1091174,330672,1664,1
4359,2090416,633364,1664,1
4360,985316,298619,1664,1
4361,2824416,855862,1664,1
4362,458290,138845,1664,1
4363,680746,206239,1664,1
4364,678166,205403,1664,1
4365,707848,214421,1664,1
4366,743296,225202,1664,1
4367,469392,142228,1664,1
4368,538338,163111,1664,1
4369,779642,236238,1664,1
4370,896468,271724,1664,1
4371,700156,212110,1664,1
4372,622702,188870,1664,1
4373,629574,190735,1664,1
4374,1188658,360026,1664,1
4375,869016,263244,1664,1
4376,440010,133337,1664,1
4377,2129779,645470,1664,1
4378,596542,180796,1664,1
4379,1842607,558433,1664,1
4380,1703653,516272,1664,1
4381,390200,118228,1664,1
4382,699920,212387,1664,1
4383,1934457,586242,1664,1
4384,879842,266786,1664,1
4385,1172537,355400,1664,1
4386,694804,210439,1664,1
4387,397828,120535,1664,1
4388,1626354,493022,1664,1
4389,440894,133597,1664,1
4390,748444,226721,1664,1
4391,428018,129699,1664,1
4392,767978,232642,1664,1
4393,762496,230977,1664,1
4394,841106,254737,1664,1
4395,445984,135222,1664,1
4396,426676,129373,1664,1
4397,402904,122091,1664,1
4398,437074,132431,1664,1
4399,1138472,344783,1664,1
4400,917702,277964,1664,1
4401,1552636,473749,1664,1
4402,739288,224394,1664,1
4403,446316,135923,1664,1
4404,993250,301036,1664,1
4405,464808,140818,1664,1
4406,461974,139984,1664,1
4407,2020292,611896,1664,1
4408,847840,257236,1664,1
4409,743214,225151,1664,1
4410,729363,221582,1664,1
4411,1499574,454532,1664,1
4412,766434,232416,1664,1
4413,2035353,616892,1664,1
4414,1101776,333996,1664,1
4415,2661310,806398,1664,1
4416,481566,145916,1664,1
4417,437618,132969,1664,1
4418,594478,180717,1664,1
4419,434968,131816,1664,1
4420,812422,246373,1664,1
4421,458510,138931,1664,1
4422,410248,124321,1664,1
4423,754902,228654,1664,1
4424,1217718,368827,1664,1
4425,680290,206090,1664,1
4426,821182,248708,1664,1
4427,607762,184125,1664,1
4428,612238,185674,1664,1
4429,2030784,615610,1664,1
4430,894490,270949,1664,1
4431,1831162,554935,1664,1
4432,529422,160416,1664,1
4433,458856,139028,1664,1
4434,785918,238157,1664,1
4435,766212,232181,1664,1
4436,456802,138406,1664,1
4437,1275598,386345,1664,1
4438,435604,132112,1664,1
4439,462156,140160,1664,1
4440,1692450,513115,1664,1
4441,762311,231441,1664,1
4442,842656,255258,1664,1
4443,894338,271284,1664,1
4444,422870,128129,1664,1
4445,6873021,2082021,1664,1
4446,589244,178515,1664,1
4447,405186,122844,1664,1
4448,866482,262638,1664,1
4449,538122,163427,1664,1
4450,1017904,308370,1664,1
4451,1398438,423881,1664,1
4452,1167956,353910,1664,1
4453,434016,131644,1664,1
4454,547056,165750,1664,1
4455,525356,159173,1664,1
4456,1030958,312604,1664,1
4457,645488,195602,1664,1
4458,554968,168168,1664,1
4459,938588,284425,1664,1
4460,468204,142136,1664,1
4461,842616,255276,1664,1
4462,1316000,398822,1664,1
4463,1476114,447033,1664,1
4464,454172,137592,1664,1
4465,1507694,456619,1664,1
4466,445956,135134,1664,1
4467,625830,189632,1664,1
4468,1007406,305122,1664,1
4469,623596,188917,1664,1
4470,719238,217889,1664,1
4471,2638616,799400,1664,1
4472,1004930,304426,1664,1
4473,382140,115784,1664,1
4474,737128,223266,1664,1
4475,761132,230558,1664,1
4476,391448,118590,1664,1
4477,954234,289036,1664,1
4478,643114,194796,1664,1
4479,594766,180261,1664,1
4480,438982,133009,1664,1
4481,650040,196933,1664,1
4482,717404,217288,1664,1
4483,462904,140211,1664,1
4484,610392,184891,1664,1
4485,399098,120893,1664,1
4486,995878,301629,1664,1
4487,793532,240362,1664,1
4488,1569994,476006,1664,1
4489,545185,165680,1664,1
4490,2388036,723499,1664,1
4491,739151,224244,1664,1
4492,499296,151287,1664,1
4493,721652,218585,1664,1
4494,663420,200935,1664,1
4495,569174,172396,1664,1
4496,766720,232258,1664,1
4497,816892,247521,1664,1
4498,671626,203505,1664,1
4499,807040,244426,1664,1
4500,601656,182281,1664,1
4501,697384,211341,1664,1
4502,892080,270217,1664,1
4503,516438,156490,1664,1
4504,577314,174896,1664,1
4505,503372,152521,1664,1
4506,436424,132238,1664,1
4507,558428,169235,1664,1
4508,400244,121369,1664,1
4509,596014,180553,1664,1
4510,1627260,492864,1664,1
4511,618258,187406,1664,1
4512,886116,268420,1664,1
4513,515052,156053,1664,1
4514,1113136,337158,1664,1
4515,1034276,313272,1664,1
4516,1403162,425142,1664,1
4517,1294928,393496,1664,1
4518,802582,243561,1664,1
4519,1229560,372838,1664,1
4520,734060,222631,1664,1
4521,827690,250802,1664,1
4522,804722,243844,1664,1
4523,454408,137953,1664,1
4524,563044,170633,1664,1
4525,822432,249332,1664,1
4526,895272,271210,1664,1
4527,570340,172787,1664,1
4528,456292,138264,1664,1
4529,732162,221803,1664,1
4530,3006086,910519,1664,1
4531,703866,213221,1664,1
4532,575400,174327,1664,1
4533,1299194,393503,1664,1
4534,854630,259482,1664,1
4535,541302,163998,1664,1
4536,662136,200761,1664,1
4537,697798,211401,1664,1
4538,1278582,387495,1664,1
4539,731856,221705,1664,1
4540,389490,118125,1664,1
4541,747200,226305,1664,1
4542,1791214,542661,1664,1
4543,536996,162697,1664,1
4544,3127983,947558,1664,1
4545,909638,275529,1664,1
4546,548560,166196,1664,1
4547,551610,167114,1664,1
4548,844598,256641,1664,1
4549,516390,156598,1664,1
4550,494628,149870,1664,1
4551,637142,193029,1664,1
4552,625222,189504,1664,1
4553,2562560,776752,1664,1
4554,582072,176335,1664,1
4555,620624,187999,1664,1
4556,659588,199818,1664,1
4557,581506,176170,1664,1
4558,878434,266085,1664,1
4559,439094,133015,1664,1
4560,577842,175058,1664,1
4561,658566,199492,1664,1
4562,923858,279845,1664,1
4563,819536,248270,1664,1
4564,475570,144105,1664,1
4565,797558,241667,1664,1
4566,539324,163662,1664,1
4567,863146,261466,1664,1
4568,715554,216816,1664,1
4569,3426362,1038142,1664,1
4570,2629342,796722,1664,1
4571,1364532,413676,1664,1
4572,878366,266077,1664,1
4573,501858,152067,1664,1
4574,498428,151017,1664,1
4575,2047971,621242,1664,1
4576,1453800,440489,1664,1
4577,699730,211984,1664,1
4578,655496,198581,1664,1
4579,426948,129445,1664,1
4580,855038,259072,1664,1
4581,528712,160388,1664,1
4582,739108,223954,1664,1
4583,1624558,492059,1664,1
4584,1242624,376664,1664,1
4585,399694,121111,1664,1
4586,346468,105005,1664,1
4587,688614,208605,1664,1
4588,312628,94739,1664,1
4589,659554,199787,1664,1
4590,328970,99699,1664,1
4591,903558,274019,1664,1
4592,3824797,1158645,1664,1
4593,939092,284731,1664,1
4594,341310,103393,1664,1
4595,336798,102067,1664,1
4596,720767,218705,1664,1
4597,1037590,314283,1664,1
4598,498186,150943,1664,1
4599,1444306,437801,1664,1
4600,1010213,306325,1664,1
4601,598585,181494,1664,1
4602,402046,121821,1664,1
4603,759794,230161,1664,1
4604,571940,173422,1664,1
4605,472094,143031,1664,1
4606,620412,187973,1664,1
4607,525780,159449,1664,1
4608,615338,186414,1664,1
4609,1212354,367442,1664,1
4610,604038,183071,1664,1
4611,447852,135690,1664,1
4612,652156,197622,1664,1
4613,869068,263240,1664,1
4614,452912,137230,1664,1
4615,818332,247893,1664,1
4616,717456,217339,1664,1
4617,400332,121288,1664,1
4618,634608,192264,1664,1
4619,563036,170712,1664,1
4620,3064351,928716,1664,1
4621,478020,144841,1664,1
4622,1135122,343858,1664,1
4623,522282,158232,1664,1
4624,777340,235479,1664,1
4625,409054,123984,1664,1
4626,959366,290769,1664,1
4627,630670,191058,1664,1
4628,868436,263171,1664,1
4629,475604,144107,1664,1
4630,1950942,591069,1664,1
4631,601200,182141,1664,1
4632,619146,187588,1664,1
4633,609464,184656,1664,1
4634,529668,160939,1664,1
4635,456708,138387,1664,1
4636,655520,198548,1664,1
4637,463332,140380,1664,1
4638,658666,199529,1664,1
4639,561806,170222,1664,1
4640,481352,145816,1664,1
4641,446492,135291,1664,1
4642,1212094,367151,1664,1
4643,464456,140732,1664,1
4644,3598373,1090087,1664,1
4645,918090,278094,1664,1
4646,480670,145716,1664,1
4647,644152,195147,1664,1
4648,637680,193413,1664,1
4649,605436,183438,1664,1
4650,1604584,486310,1664,1
4651,1905906,577717,1664,1
4652,1808896,548659,1664,1
4653,700392,212167,1664,1
4654,1073682,325177,1664,1
4655,473604,143733,1664,1
4656,813902,246534,1664,1
4657,1095406,332069,1664,1
4658,863526,261645,1664,1
4659,820564,248575,1664,1
4660,589492,178566,1664,1
4661,1115742,337947,1664,1
4662,493788,149612,1664,1
4663,489340,148235,1664,1
4664,560374,169762,1664,1
4665,1373057,416194,1664,1
4666,1378673,417893,1664,1
4667,791462,239969,1664,1
4668,839417,254656,1664,1
4669,906492,274814,1664,1
4670,1435603,435185,1664,1
4671,2585772,783459,1664,1
4672,879870,266819,1664,1
4673,532110,161223,1664,1
4674,808786,245016,1664,1
4675,488748,148118,1664,1
4676,589740,178846,1664,1
4677,774404,234597,1664,1
4678,376806,114178,1664,1
4679,428632,129916,1664,1
4680,728958,220898,1664,1
4681,457832,138729,1664,1
4682,752880,228038,1664,1
4683,691104,209375,1664,1
4684,496282,150365,1664,1
4685,488430,148058,1664,1
4686,945982,286573,1664,1
4687,5311868,1609385,1664,1
4688,2755604,835285,1664,1
4689,460730,139580,1664,1
4690,735342,222757,1664,1
4691,600372,181869,1664,1
4692,816390,247294,1664,1
4693,585290,177317,1664,1
4694,1309417,397525,1664,1
4695,1569420,475407,1664,1
4696,790362,239375,1664,1
4697,495080,150002,1664,1
4698,1870824,566845,1664,1
4699,1001700,303410,1664,1
4700,312464,94704,1664,1
4701,375962,113919,1664,1
4702,1074686,325504,1664,1
4703,1852828,561346,1664,1
4704,376118,113963,1664,1
4705,371746,112728,1664,1
4706,393656,119265,1664,1
4707,355058,107564,1664,1
4708,1516340,459263,1664,1
4709,319772,96914,1664,1
4710,284680,86256,1664,1
4711,287760,87192,1664,1
4712,323530,98010,1664,1
4713,285732,86590,1664,1
4714,491782,148997,1664,1
4715,622058,188451,1664,1
4716,511190,154875,1664,1
4717,570964,172973,1664,1
4718,369762,112004,1664,1
4719,912426,276377,1664,1
4720,305776,92645,1664,1
4721,550268,166827,1664,1
4722,592033,179628,1664,1
4723,1597066,483786,1664,1
4724,459574,139256,1664,1
4725,949760,288063,1664,1
4726,647682,196204,1664,1
4727,448246,135803,1664,1
4728,391190,118521,1664,1
4729,624594,189272,1664,1
4730,686748,208106,1664,1
4731,465818,141121,1664,1
4732,688044,208398,1664,1
4733,381130,115481,1664,1
4734,336608,102001,1664,1
4735,683238,207005,1664,1
4736,429058,130009,1664,1
4737,619968,187920,1664,1
4738,622190,188450,1664,1
4739,511228,154875,1664,1
4740,789160,239113,1664,1
4741,901056,273390,1664,1
4742,1358126,411723,1664,1
4743,465158,140920,1664,1
4744,909144,275389,1664,1
4745,551760,167144,1664,1
4746,321758,97487,1664,1
4747,417114,126342,1664,1
4748,332452,100723,1664,1
4749,360176,109116,1664,1
4750,343454,104053,1664,1
4751,347318,105235,1664,1
4752,775190,234814,1664,1
4753,790638,239463,1664,1
4754,535988,162384,1664,1
4755,433886,131525,1664,1
4756,4539988,1375845,1664,1
4757,443000,134238,1664,1
4758,430238,130355,1664,1
4759,506802,153564,1664,1
4760,664702,201365,1664,1
4761,446626,135311,1664,1
4762,642134,194526,1664,1
4763,479768,145372,1664,1
4764,1029160,311685,1664,1
4765,648876,196610,1664,1
4766,375946,113924,1664,1
4767,888172,269015,1664,1
4768,900158,272653,1664,1
4769,559036,169417,1664,1
4770,1637074,496355,1664,1
4771,501450,151909,1664,1
4772,438302,132788,1664,1
4773,293792,89028,1664,1
4774,669040,202659,1664,1
4775,367632,111361,1664,1
4776,430180,130332,1664,1
4777,328636,99597,1664,1
4778,364120,110309,1664,1
4779,673102,203897,1664,1
4780,443184,134258,1664,1
4781,1037632,315225,1664,1
4782,538172,163056,1664,1
4783,390846,118438,1664,1
4784,582752,176605,1664,1
4785,577178,174867,1664,1
4786,8256532,2501244,1664,1
4787,553958,167818,1664,1
4788,567828,172030,1664,1
4789,448904,136029,1664,1
4790,529474,160408,1664,1
4791,866512,262449,1664,1
4792,910868,275866,1664,1
4793,889782,269526,1664,1
4794,643812,195041,1664,1
4795,825800,250151,1664,1
4796,448104,135776,1664,1
4797,486346,147366,1664,1
4798,2085793,632177,1664,1
4799,668580,202545,1664,1
4800,1704670,516516,1664,1
4801,713148,216049,1664,1
4802,439410,133151,1664,1
4803,431022,130616,1664,1
4804,1254348,380173,1664,1
4805,580976,176017,1664,1
4806,682682,206815,1664,1
4807,1082290,327824,1664,1
4808,798764,242280,1664,1
4809,372058,112807,1664,1
4810,511034,154907,1664,1
4811,699418,211975,1664,1
4812,671284,203610,1664,1
4813,879896,266593,1664,1
4814,320126,97291,1664,1
4815,504408,152833,1664,1
4816,894404,270919,1664,1
4817,446702,135342,1664,1
4818,1238488,375110,1664,1
4819,972930,294685,1664,1
4820,2368388,717407,1664,1
4821,2482617,752490,1664,1
4822,566956,171753,1664,1
4823,2838836,860959,1664,1
4824,1156283,350832,1664,1
4825,633814,192149,1664,1
4826,772411,234263,1664,1
4827,3370286,1021098,1664,1
4828,752864,228074,1664,1
4829,1102752,334565,1664,1
4830,1090978,331055,1664,1
4831,693294,210017,1664,1
4832,745058,225772,1664,1
4833,737068,224246,1664,1
4834,575146,174253,1664,1
4835,676582,204940,1664,1
4836,837718,253757,1664,1
4837,801718,243421,1664,1
4838,673170,203937,1664,1
4839,405904,123004,1664,1
4840,515626,156304,1664,1
4841,1763272,534022,1664,1
4842,570172,172692,1664,1
4843,423330,128271,1664,1
4844,458372,138839,1664,1
4845,433770,131413,1664,1
4846,339248,102777,1664,1
4847,679784,205923,1664,1
4848,274978,83314,1664,1
4849,488582,148010,1664,1
4850,436954,132393,1664,1
4851,503170,152447,1664,1
4852,1199680,363353,1664,1
4853,624970,189283,1664,1
4854,915494,277296,1664,1
4855,656288,198806,1664,1
4856,519974,157515,1664,1
4857,939638,284609,1664,1
4858,679950,205971,1664,1
4859,266272,80693,1664,1
4860,269334,81625,1664,1
4861,274152,83098,1664,1
4862,266502,80766,1664,1
4863,756634,229244,1664,1
4864,2768306,838812,1664,1
4865,286876,86935,1664,1
4866,360432,109225,1664,1
4867,357650,108424,1664,1
4868,653594,198200,1664,1
4869,936346,283967,1664,1
4870,377400,114363,1664,1
4871,1169138,354627,1664,1
4872,771800,233788,1664,1
4873,1002752,303788,1664,1
4874,584876,177196,1664,1
4875,601292,182149,1664,1
4876,508880,154201,1664,1
4877,395154,119739,1664,1
4878,703210,212978,1664,1
4879,356384,107981,1664,1
4880,2636202,799225,1664,1
4881,601710,182318,1664,1
4882,649858,197034,1664,1
4883,475216,143974,1664,1
4884,630090,191112,1664,1
4885,702382,212740,1664,1
4886,1046293,317298,1664,1
4887,960845,291532,1664,1
4888,973349,295172,1664,1
4889,916252,277516,1664,1
4890,1076030,326276,1664,1
4891,1388256,420760,1664,1
4892,834474,252796,1664,1
4893,714884,216577,1664,1
4894,582130,176367,1664,1
4895,623770,189040,1664,1
4896,1464116,443419,1664,1
4897,1343514,407465,1664,1
4898,1582392,480018,1664,1
4899,1262196,382313,1664,1
4900,405720,122940,1664,1
4901,429078,130021,1664,1
4902,539026,163343,1664,1
4903,1955101,592720,1664,1
4904,2252958,682623,1664,1
4905,674742,204469,1664,1
4906,4555288,1379918,1664,1
4907,386336,117077,1664,1
4908,783384,237756,1664,1
4909,503458,152585,1664,1
4910,1586680,480854,1664,1
4911,1603930,485855,1664,1
4912,715868,217076,1664,1
4913,654382,198417,1664,1
4914,767386,232500,1664,1
4915,2007356,608348,1664,1
4916,684952,207494,1664,1
4917,925126,280184,1664,1
4918,471902,142977,1664,1
4919,316570,95947,1664,1
4920,418094,126687,1664,1
4921,604092,182980,1664,1
4922,759140,229948,1664,1
4923,385220,116701,1664,1
4924,470588,142592,1664,1
4925,473902,143764,1664,1
4926,621874,188471,1664,1
4927,308700,93551,1664,1
4928,364356,110393,1664,1
4929,1672359,507286,1664,1
4930,465886,141140,1664,1
4931,1835399,556266,1664,1
4932,559566,169522,1664,1
4933,625128,189364,1664,1
4934,509428,154310,1664,1
4935,1261566,382511,1664,1
4936,1134428,343808,1664,1
4937,567428,171912,1664,1
4938,608868,184488,1664,1
4939,557422,168948,1664,1
4940,540906,163915,1664,1
4941,1087386,329619,1664,1
4942,767826,232583,1664,1
4943,526912,159712,1664,1
4944,1148790,347949,1664,1
4945,423190,128291,1664,1
4946,571114,173024,1664,1
4947,528604,160110,1664,1
4948,2222260,673756,1664,1
4949,664000,201319,1664,1
4950,679304,205769,1664,1
4951,1026134,310807,1664,1
4952,3253292,985295,1664,1
4953,536340,162487,1664,1
4954,618852,187481,1664,1
4955,1003072,304346,1664,1
4956,532020,161180,1664,1
4957,467740,141681,1664,1
4958,698558,211866,1664,1
4959,850244,257558,1664,1
4960,452472,137165,1664,1
4961,446240,135168,1664,1
4962,567996,172073,1664,1
4963,932626,282494,1664,1
4964,1816430,550895,1664,1
4965,498938,151250,1664,1
4966,1352812,409896,1664,1
4967,442746,134158,1664,1
4968,436876,132382,1664,1
4969,1341630,406747,1664,1
4970,686762,208090,1664,1
4971,420838,127523,1664,1
4972,1690526,512541,1664,1
4973,627896,190369,1664,1
4974,651500,197367,1664,1
4975,570738,172930,1664,1
4976,702856,212912,1664,1
4977,963242,291777,1664,1
4978,1537514,466206,1664,1
4979,1016886,308016,1664,1
4980,758666,230076,1664,1
4981,4799584,1453961,1664,1
4982,1142134,345942,1664,1
4983,3747435,1135673,1664,1
4984,1180320,357508,1664,1
4985,438780,133016,1664,1
4986,1671012,507057,1664,1
4987,542276,164296,1664,1
4988,459304,139122,1664,1
4989,1696178,514794,1664,1
4990,426502,129584,1664,1
4991,522690,158355,1664,1
4992,853110,258432,1664,1
4993,1753652,531088,1664,1
4994,577662,174973,1664,1
4995,1189650,360338,1664,1
4996,730940,221543,1664,1
4997,823096,249349,1664,1
4998,1238826,375558,1664,1
4999,387680,117479,1664,1
5000,1280912,388199,1664,1
5001,1215231,368749,1664,1
5002,1886172,571612,1664,1
5003,310228,94015,1664,1
5004,719630,218248,1664,1
5005,867892,262889,1664,1
5006,368182,111560,1664,1
5007,478396,145210,1664,1
5008,588226,178180,1664,1
5009,1493058,453419,1664,1
5010,1186508,359388,1664,1
5011,667440,202453,1664,1
5012,825094,250059,1664,1
5013,527356,159992,1664,1
5014,905620,275238,1664,1
5015,564370,171313,1664,1
5016,308910,93612,1664,1
5017,452370,137067,1664,1
5018,505594,153176,1664,1
5019,539388,163394,1664,1
5020,487302,147698,1664,1
5021,459482,139243,1664,1
5022,724296,219425,1664,1
5023,747062,226315,1664,1
5024,1290604,391225,1664,1
5025,429268,130107,1664,1
5026,386062,116987,1664,1
5027,739162,223882,1664,1
5028,415888,126017,1664,1
5029,378252,114579,1664,1
5030,602050,182645,1664,1
5031,876334,265469,1664,1
5032,1601356,485751,1664,1
5033,545240,165186,1664,1
5034,763460,231688,1664,1
5035,581658,176219,1664,1
5036,483158,146393,1664,1
5037,902292,273319,1664,1
5038,16023268,4855265,1664,1
5039,578164,175170,1664,1
5040,1070756,325029,1664,1
5041,581706,176233,1664,1
5042,1136198,344262,1664,1
5043,982804,297728,1664,1
5044,903504,273643,1664,1
5045,2582468,783119,1664,1
5046,1684284,510124,1664,1
5047,971670,294311,1664,1
5048,1102283,335641,1664,1
5049,1165643,354475,1664,1
5050,729628,221034,1664,1
5051,863978,261818,1664,1
5052,1213847,368773,1664,1
5053,3413744,1035525,1664,1
5054,879904,266548,1664,1
5055,476944,144510,1664,1
5056,800264,242535,1664,1
5057,799048,242232,1664,1
5058,487400,147682,1664,1
5059,485450,147204,1664,1
5060,552386,167459,1664,1
5061,1002884,303827,1664,1
5062,1283174,388657,1664,1
5063,349494,105917,1664,1
5064,402336,121918,1664,1
5065,675536,204871,1664,1
5066,790618,239694,1664,1
5067,1459140,442002,1664,1
5068,317198,96118,1664,1
5069,466104,141305,1664,1
5070,999578,302807,1664,1
5071,1452586,439979,1664,1
5072,681088,206327,1664,1
5073,746308,226264,1664,1
5074,1052964,319511,1664,1
5075,3682226,1115911,1664,1
5076,437868,132682,1664,1
5077,430690,130510,1664,1
5078,587364,178046,1664,1
5079,542744,164425,1664,1
5080,550308,166746,1664,1
5081,565062,171207,1664,1
5082,447100,135502,1664,1
5083,1220844,369822,1664,1
5084,2314506,701741,1664,1
5085,1153296,349896,1664,1
5086,617660,187144,1664,1
5087,402866,122080,1664,1
5088,984710,298302,1664,1
5089,598982,181472,1664,1
5090,578790,175352,1664,1
5091,585316,177323,1664,1
5092,674754,204405,1664,1
5093,787506,238568,1664,1
5094,468762,142040,1664,1
5095,571204,173828,1664,1
5096,758970,230025,1664,1
5097,536838,162660,1664,1
5098,987728,299205,1664,1
5099,1042944,316170,1664,1
5100,659716,199860,1664,1
5101,877494,265798,1664,1
5102,517726,157002,1664,1
5103,583208,176683,1664,1
5104,1018250,308575,1664,1
5105,616066,186635,1664,1
5106,595684,180469,1664,1
5107,559080,169456,1664,1
5108,431008,130588,1664,1
5109,2264350,686543,1664,1
5110,969276,293590,1664,1
5111,1190642,360761,1664,1
5112,611408,185228,1664,1
5113,631946,191441,1664,1
5114,1340216,406036,1664,1
5115,688608,208647,1664,1
5116,414114,125449,1664,1
5117,325904,98768,1664,1
5118,1598060,484328,1664,1
5119,1813390,549473,1664,1
5120,742250,224920,1664,1
5121,553498,167697,1664,1
5122,589664,178745,1664,1
5123,872070,264157,1664,1
5124,807304,244700,1664,1
5125,1297830,393529,1664,1
5126,574900,174183,1664,1
5127,660952,200775,1664,1
5128,1717146,520066,1664,1
5129,1566642,475339,1664,1
5130,1023130,309937,1664,1
5131,1101528,334192,1664,1
5132,612444,185550,1664,1
5133,388404,117718,1664,1
5134,599988,181770,1664,1
5135,747118,226410,1664,1
5136,581592,176196,1664,1
5137,532712,161395,1664,1
5138,306258,92791,1664,1
5139,692988,209925,1664,1
5140,1628795,494206,1664,1
5141,2529943,766708,1664,1
5142,649790,197064,1664,1
5143,576706,174722,1664,1
5144,457450,138639,1664,1
5145,460786,139613,1664,1
5146,752970,228088,1664,1
5147,601690,182283,1664,1
5148,711718,216055,1664,1
5149,2383950,721996,1664,1
5150,423400,128344,1664,1
5151,450728,136580,1664,1
5152,1132404,343220,1664,1
5153,884798,268069,1664,1
5154,418142,126702,1664,1
5155,821370,248836,1664,1
5156,565512,171336,1664,1
5157,467894,141750,1664,1
5158,388428,117701,1664,1
5159,1140514,345546,1664,1
5160,917888,278259,1664,1
5161,410492,124394,1664,1
5162,423572,128386,1664,1
5163,662668,200820,1664,1
5164,6504437,1970918,1664,1
5165,936069,283815,1664,1
5166,287976,87268,1664,1
5167,461620,139866,1664,1
5168,695741,211097,1664,1
5169,705013,213903,1664,1
5170,783238,237474,1664,1
5171,454628,137766,1664,1
5172,558676,169256,1664,1
5173,479844,145388,1664,1
5174,546946,165678,1664,1
5175,926364,280639,1664,1
5176,538374,163511,1664,1
5177,287688,87248,1664,1
5178,1379122,418208,1664,1
5179,868112,263167,1664,1
5180,559594,169537,1664,1
5181,432828,131103,1664,1
5182,361428,109527,1664,1
5183,653448,198005,1664,1
5184,418250,126700,1664,1
5185,1145278,346890,1664,1
5186,614890,186793,1664,1
5187,1105186,334801,1664,1
5188,297350,90213,1664,1
5189,426144,129129,1664,1
5190,398920,120880,1664,1
5191,1052866,319569,1664,1
5192,602602,182558,1664,1
5193,606298,183705,1664,1
5194,1636937,496277,1664,1
5195,2893208,876611,1664,1
5196,470962,142682,1664,1
5197,298498,90427,1664,1
5198,482622,146184,1664,1
5199,436658,132315,1664,1
5200,1480884,448491,1664,1
5201,1326776,402446,1664,1
5202,549300,166553,1664,1
5203,693514,210200,1664,1
5204,442204,134191,1664,1
5205,473142,143409,1664,1
5206,1520144,460393,1664,1
5207,1091134,330488,1664,1
5208,744910,225639,1664,1
5209,380328,115316,1664,1
5210,854122,258762,1664,1
5211,1542982,467982,1664,1
5212,1009396,305888,1664,1
5213,683258,207338,1664,1
5214,516802,156664,1664,1
5215,618598,187422,1664,1
5216,415648,125927,1664,1
5217,630134,190898,1664,1
5218,522354,158328,1664,1
5219,633740,192539,1664,1
5220,880596,266713,1664,1
5221,1066190,323714,1664,1
5222,655514,198605,1664,1
5223,642362,194704,1664,1
5224,659178,199690,1664,1
5225,2793258,846396,1664,1
5226,2225101,674142,1664,1
5227,681452,206712,1664,1
5228,726853,220658,1664,1
5229,567428,171900,1664,1
5230,1442014,437006,1664,1
5231,568584,172683,1664,1
5232,514142,156091,1664,1
5233,449044,136050,1664,1
5234,717218,217235,1664,1
5235,1673670,507252,1664,1
5236,430294,130532,1664,1
5237,400934,121484,1664,1
5238,395212,119754,1664,1
5239,1303450,395136,1664,1
5240,749220,227102,1664,1
5241,513104,155438,1664,1
5242,502434,152192,1664,1
5243,410556,124420,1664,1
5244,546132,165450,1664,1
5245,393722,119301,1664,1
5246,792218,241032,1664,1
5247,429870,130255,1664,1
5248,563794,170792,1664,1
5249,693926,210221,1664,1
5250,1119508,339082,1664,1
5251,861623,261727,1664,1
5252,373240,113102,1664,1
5253,1519437,460474,1664,1
5254,488388,147983,1664,1
5255,441188,133689,1664,1
5256,696004,210840,1664,1
5257,1237714,375108,1664,1
5258,857013,259915,1664,1
5259,1123618,340596,1664,1
5260,368998,112082,1664,1
5261,633956,192045,1664,1
5262,772384,233930,1664,1
5263,1072978,325104,1664,1
5264,1131878,342824,1664,1
5265,582826,176639,1664,1
5266,473038,143321,1664,1
5267,612334,185527,1664,1
5268,1107168,335431,1664,1
5269,664242,202939,1664,1
5270,683840,207159,1664,1
5271,542388,164353,1664,1
5272,425388,129021,1664,1
5273,727562,220839,1664,1
5274,686061,208350,1664,1
5275,7953742,2409577,1664,1
5276,445870,135108,1664,1
5277,3037092,920066,1664,1
5278,915764,277469,1664,1
5279,733648,222201,1664,1
5280,716404,216977,1664,1
5281,705734,213789,1664,1
5282,451008,136655,1664,1
5283,1394976,422742,1664,1
5284,538120,163036,1664,1
5285,847944,256859,1664,1
5286,1176862,356463,1664,1
5287,627636,190133,1664,1
5288,812806,246217,1664,1
5289,948460,287299,1664,1
5290,1336740,405308,1664,1
5291,836802,253475,1664,1
5292,1137394,344485,1664,1
5293,674077,204785,1664,1
5294,953596,288818,1664,1
5295,452048,136925,1664,1
5296,1232363,373551,1664,1
5297,479156,145417,1664,1
5298,432172,131009,1664,1
5299,1435974,435004,1664,1
5300,308476,93478,1664,1
5301,518176,156978,1664,1
5302,628742,190558,1664,1
5303,886848,268683,1664,1
5304,793498,240350,1664,1
5305,1010000,305976,1664,1
5306,753298,228195,1664,1
5307,1023348,309971,1664,1
5308,408686,123828,1664,1
5309,690322,209132,1664,1
5310,804580,243839,1664,1
5311,557578,168888,1664,1
5312,1002172,303778,1664,1
5313,1003344,304036,1664,1
5314,693328,210141,1664,1
5315,826772,250487,1664,1
5316,940868,285063,1664,1
5317,439684,133195,1664,1
5318,3459847,1048268,1664,1
5319,2806454,850443,1664,1
5320,908534,275201,1664,1
5321,1264198,384022,1664,1
5322,667860,202338,1664,1
5323,315382,95566,1664,1
5324,526980,159658,1664,1
5325,1532420,464475,1664,1
5326,1144834,346829,1664,1
5327,713480,219648,1664,1
5328,1037688,314398,1664,1
5329,687940,208403,1664,1
5330,1428958,432971,1664,1
5331,1046890,317301,1664,1
5332,452040,136982,1664,1
5333,1144264,346948,1664,1
5334,793438,240335,1664,1
5335,428604,129876,1664,1
5336,435980,132081,1664,1
5337,2768790,839047,1664,1
5338,1629894,494470,1664,1
5339,585688,177446,1664,1
5340,460508,139484,1664,1
5341,682692,206858,1664,1
5342,733388,222196,1664,1
5343,428548,129826,1664,1
5344,458028,138775,1664,1
5345,1507329,456824,1664,1
5346,551600,167194,1664,1
5347,401926,121777,1664,1
5348,974376,295226,1664,1
5349,330894,100269,1664,1
5350,764650,231597,1664,1
5351,691632,209580,1664,1
5352,504074,152719,1664,1
5353,564800,171095,1664,1
5354,642778,194898,1664,1
5355,761420,230830,1664,1
5356,448184,135816,1664,1
5357,1247126,377783,1664,1
5358,585904,177493,1664,1
5359,1486118,450283,1664,1
5360,1633796,494850,1664,1
5361,684482,207396,1664,1
5362,1239733,375829,1664,1
5363,461006,139693,1664,1
5364,1062960,321998,1664,1
5365,454060,137594,1664,1
5366,565194,171275,1664,1
5367,751530,227637,1664,1
5368,2206644,668582,1664,1
5369,1126172,341148,1664,1
5370,576768,174774,1664,1
5371,626025,190012,1664,1
5372,479912,145420,1664,1
5373,1362780,412978,1664,1
5374,583094,176634,1664,1
5375,1017998,308581,1664,1
5376,559046,169378,1664,1
5377,918776,278302,1664,1
5378,605082,183315,1664,1
5379,1267684,384243,1664,1
5380,932082,282366,1664,1
5381,753562,228874,1664,1
5382,474910,143953,1664,1
5383,788738,239126,1664,1
5384,795276,241388,1664,1
5385,306958,92987,1664,1
5386,386648,117116,1664,1
5387,597572,181031,1664,1
5388,693408,210062,1664,1
5389,929554,281565,1664,1
5390,472328,143113,1664,1
5391,911278,276078,1664,1
5392,1503656,455673,1664,1
5393,729282,220925,1664,1
5394,655244,198530,1664,1
5395,821811,249346,1664,1
5396,395558,119860,1664,1
5397,3405012,1031927,1664,1
5398,583890,177082,1664,1
5399,444220,134584,1664,1
5400,579242,175479,1664,1
5401,551114,166966,1664,1
5402,459440,139297,1664,1
5403,819466,248292,1664,1
5404,758528,229973,1664,1
5405,757502,229705,1664,1
5406,445894,135126,1664,1
5407,542782,164639,1664,1
5408,548078,166084,1664,1
5409,626616,189844,1664,1
5410,1124446,340770,1664,1
5411,457070,138505,1664,1
5412,892330,270769,1664,1
5413,460158,139440,1664,1
5414,455966,138167,1664,1
5415,682084,206649,1664,1
5416,1854872,561927,1664,1
5417,713900,216291,1664,1
5418,1011524,306729,1664,1
5419,472782,143259,1664,1
5420,791858,240057,1664,1
5421,4024809,1219788,1664,1
5422,706137,214737,1664,1
5423,1232432,373795,1664,1
5424,293550,88959,1664,1
5425,705911,213949,1664,1
5426,643566,194968,1664,1
5427,954842,289399,1664,1
5428,608098,184203,1664,1
5429,672958,204131,1664,1
5430,315542,95629,1664,1
5431,481612,145949,1664,1
5432,728960,220816,1664,1
5433,673100,203909,1664,1
5434,445878,135107,1664,1
5435,619156,187570,1664,1
5436,678350,205488,1664,1
5437,427656,129632,1664,1
5438,424388,128572,1664,1
5439,1071138,324538,1664,1
5440,467236,141569,1664,1
5441,793780,240449,1664,1
5442,1006180,304792,1664,1
5443,1726114,523000,1664,1
5444,328134,99441,1664,1
5445,1359560,411760,1664,1
5446,1344912,407739,1664,1
5447,774758,234695,1664,1
5448,546680,165621,1664,1
5449,425174,128820,1664,1
5450,457404,138560,1664,1
5451,645964,195891,1664,1
5452,539930,163855,1664,1
5453,393330,119182,1664,1
5454,373894,113298,1664,1
5455,347854,105376,1664,1
5456,446384,135213,1664,1
5457,495896,150311,1664,1
5458,396552,120202,1664,1
5459,578296,175211,1664,1
5460,506400,153654,1664,1
5461,440172,133373,1664,1
5462,468904,142097,1664,1
5463,496830,150594,1664,1
5464,786352,238168,1664,1
5465,631158,191342,1664,1
5466,2243898,680434,1664,1
5467,1616344,489631,1664,1
5468,550156,166685,1664,1
5469,535650,162253,1664,1
5470,471792,142904,1664,1
5471,395706,119987,1664,1
5472,513588,155600,1664,1
5473,514648,155994,1664,1
5474,559328,169459,1664,1
5475,545248,165190,1664,1
5476,937390,283924,1664,1
5477,616819,187153,1664,1
5478,581306,176123,1664,1
5479,787862,238848,1664,1
5480,831536,251833,1664,1
5481,1093981,332081,1664,1
5482,540216,163830,1664,1
5483,1015360,307786,1664,1
5484,929458,281528,1664,1
5485,609048,184619,1664,1
5486,439776,133256,1664,1
5487,450134,136396,1664,1
5488,465886,141156,1664,1
5489,314736,95373,1664,1
5490,491876,149028,1664,1
5491,428652,129836,1664,1
5492,294938,89378,1664,1
5493,365028,110586,1664,1
5494,293416,88919,1664,1
5495,441554,133783,1664,1
5496,291638,88380,1664,1
5497,475050,143923,1664,1
5498,801022,242756,1664,1
5499,442224,133997,1664,1
5500,374662,113527,1664,1
5501,382280,115815,1664,1
5502,1756060,532919,1664,1
5503,1152089,349766,1664,1
5504,770402,233702,1664,1
5505,1456595,441580,1664,1
5506,586714,177703,1664,1
5507,2101385,637010,1664,1
5508,393668,119272,1664,1
5509,7452016,2257477,1664,1
5510,913044,276582,1664,1
5511,693392,210068,1664,1
5512,483252,146428,1664,1
5513,355276,107646,1664,1
5514,388022,117548,1664,1
5515,338630,102601,1664,1
5516,342494,103785,1664,1
5517,292590,88667,1664,1
5518,296286,89784,1664,1
5519,536810,162606,1664,1
5520,580370,175818,1664,1
5521,638664,193455,1664,1
5522,926808,281175,1664,1
5523,660832,200158,1664,1
5524,471810,142977,1664,1
5525,464034,140594,1664,1
5526,588198,178211,1664,1
5527,1883970,570665,1664,1
5528,1633394,494720,1664,1
5529,690762,209306,1664,1
5530,606674,183801,1664,1
5531,836008,253223,1664,1
5532,1384144,419310,1664,1
5533,450994,136656,1664,1
5534,446190,135174,1664,1
5535,371114,112448,1664,1
5536,617118,186946,1664,1
5537,390278,118219,1664,1
5538,658632,199537,1664,1
5539,340700,103271,1664,1
5540,295522,89551,1664,1
5541,855692,259585,1664,1
5542,1114404,337573,1664,1
5543,754468,228498,1664,1
5544,334104,101252,1664,1
5545,620304,187925,1664,1
5546,428914,129916,1664,1
5547,861206,260863,1664,1
5548,947514,287104,1664,1
5549,584044,176932,1664,1
5550,512650,155271,1664,1
5551,462430,140060,1664,1
5552,286762,86886,1664,1
5553,354898,107549,1664,1
5554,493006,149375,1664,1
5555,937014,283897,1664,1
5556,479812,145350,1664,1
5557,463452,140423,1664,1
5558,1915726,580415,1664,1
5559,897076,271697,1664,1
5560,517778,156853,1664,1
5561,881546,267072,1664,1
5562,761136,230613,1664,1
5563,933110,282648,1664,1
5564,524438,158957,1664,1
5565,657194,199108,1664,1
5566,871420,264033,1664,1
5567,417424,126487,1664,1
5568,448238,135804,1664,1
5569,430770,130531,1664,1
5570,641886,194474,1664,1
5571,708852,214737,1664,1
5572,1145565,347870,1664,1
5573,427852,129678,1664,1
5574,724635,220072,1664,1
5575,605010,183578,1664,1
5576,471737,143221,1664,1
5577,4840278,1466180,1664,1
5578,923552,279780,1664,1
5579,553830,167869,1664,1
5580,1653918,501328,1664,1
5581,955708,289482,1664,1
5582,534522,162002,1664,1
5583,396032,120011,1664,1
5584,1268516,384460,1664,1
5585,663630,201053,1664,1
5586,784936,237803,1664,1
5587,576460,174630,1664,1
5588,798976,242044,1664,1
5589,457254,138529,1664,1
5590,852562,258366,1664,1
5591,1042494,315843,1664,1
5592,819594,248412,1664,1
5593,2958614,896510,1664,1
5594,557030,168896,1664,1
5595,817000,247512,1664,1
5596,428314,129763,1664,1
5597,436894,132389,1664,1
5598,1075370,325714,1664,1
5599,697558,211602,1664,1
5600,451026,136660,1664,1
5601,2830524,857916,1664,1
5602,452842,137211,1664,1
5603,272794,82672,1664,1
5604,335510,101629,1664,1
5605,609628,184698,1664,1
5606,1278940,387522,1664,1
5607,537974,162997,1664,1
5608,585158,177283,1664,1
5609,453710,137540,1664,1
5610,670086,203045,1664,1
5611,707630,214366,1664,1
5612,413804,125391,1664,1
5613,1402636,424905,1664,1
5614,1714756,519330,1664,1
5615,881460,266986,1664,1
5616,471956,143152,1664,1
5617,404836,122646,1664,1
5618,712500,215838,1664,1
5619,350242,106129,1664,1
5620,347354,105242,1664,1
5621,441242,133729,1664,1
5622,572842,173530,1664,1
5623,901024,272951,1664,1
5624,624996,189355,1664,1
5625,494794,149888,1664,1
5626,648472,196447,1664,1
5627,780002,236349,1664,1
5628,574602,174041,1664,1
5629,1743258,528198,1664,1
5630,772904,234110,1664,1
5631,284298,86135,1664,1
5632,481966,145981,1664,1
5633,413726,125356,1664,1
5634,364884,110527,1664,1
5635,681630,206440,1664,1
5636,872652,264285,1664,1
5637,1449332,438955,1664,1
5638,292532,88645,1664,1
5639,1348005,409488,1664,1
5640,1151814,348876,1664,1
5641,442060,133929,1664,1
5642,619457,188092,1664,1
5643,972210,294747,1664,1
5644,841408,254912,1664,1
5645,428112,129809,1664,1
5646,1517686,459863,1664,1
5647,865448,262141,1664,1
5648,462760,140245,1664,1
5649,786714,238375,1664,1
5650,1221232,369963,1664,1
5651,673638,204062,1664,1
5652,459120,139119,1664,1
5653,625130,189391,1664,1
5654,494754,149912,1664,1
5655,1028500,311517,1664,1
5656,1280768,387905,1664,1
5657,451210,138110,1664,1
5658,459114,139123,1664,1
5659,2852590,864644,1664,1
5660,459762,139313,1664,1
5661,1326736,401886,1664,1
5662,1533300,464703,1664,1
5663,505382,153122,1664,1
5664,491222,149093,1664,1
5665,839418,254271,1664,1
5666,1805562,548025,1664,1
5667,915554,277527,1664,1
5668,645868,195627,1664,1
5669,1117438,338458,1664,1
5670,908858,275276,1664,1
5671,525042,159078,1664,1
5672,637044,193008,1664,1
5673,587402,177961,1664,1
5674,623808,188983,1664,1
5675,486082,147298,1664,1
5676,1005124,305078,1664,1
5677,2858650,865811,1664,1
5678,888486,269152,1664,1
5679,472314,143114,1664,1
5680,632570,191658,1664,1
5681,1134834,343785,1664,1
5682,698112,211470,1664,1
5683,1286580,389752,1664,1
5684,887476,268889,1664,1
5685,544806,165033,1664,1
5686,470080,142396,1664,1
5687,467884,141768,1664,1
5688,686610,208002,1664,1
5689,685956,207769,1664,1
5690,678862,205621,1664,1
5691,734782,222574,1664,1
5692,822444,249222,1664,1
5693,691866,209565,1664,1
5694,622754,188669,1664,1
5695,662712,200773,1664,1
5696,1298959,394037,1664,1
5697,679068,205694,1664,1
5698,615320,186383,1664,1
5699,531418,160993,1664,1
5700,509892,154479,1664,1
5701,401102,121549,1664,1
5702,653132,197805,1664,1
5703,408172,123633,1664,1
5704,692990,209907,1664,1
5705,510362,154618,1664,1
5706,266780,80847,1664,1
5707,600364,181833,1664,1
5708,459426,139150,1664,1
5709,316694,95956,1664,1
5710,285102,86389,1664,1
5711,357792,108394,1664,1
5712,323390,97980,1664,1
5713,586860,177842,1664,1
5714,317264,96127,1664,1
5715,960038,290912,1664,1
5716,264530,80149,1664,1
5717,1311264,398211,1664,1
5718,338150,102465,1664,1
5719,593280,179852,1664,1
5720,691026,209318,1664,1
5721,758554,229772,1664,1
5722,383832,116344,1664,1
5723,447460,135566,1664,1
5724,864504,262083,1664,1
5725,400322,121294,1664,1
5726,507162,153650,1664,1
5727,410010,124226,1664,1
5728,404828,122660,1664,1
5729,421842,127836,1664,1
5730,1561692,473647,1664,1
5731,402970,122101,1664,1
5732,1450983,439808,1664,1
5733,449070,136075,1664,1
5734,405374,122821,1664,1
5735,608204,184248,1664,1
5736,634852,192579,1664,1
5737,563680,170760,1664,1
5738,397712,120497,1664,1
5739,481700,146271,1664,1
5740,449588,136224,1664,1
5741,450570,136524,1664,1
5742,874880,264992,1664,1
5743,1088214,332238,1664,1
5744,416034,126057,1664,1
5745,1241286,376469,1664,1
5746,662828,200785,1664,1
5747,511242,154876,1664,1
5748,507118,153638,1664,1
5749,401894,121759,1664,1
5750,1420302,430547,1664,1
5751,529778,160553,1664,1
5752,1777870,538420,1664,1
5753,386970,117274,1664,1
5754,1834693,559701,1664,1
5755,3102542,939886,1664,1
5756,595794,180817,1664,1
5757,378954,114816,1664,1
5758,292436,88587,1664,1
5759,433164,131243,1664,1
5760,792912,240200,1664,1
5761,440678,133554,1664,1
5762,1767094,535333,1664,1
5763,709540,215251,1664,1
5764,682232,206687,1664,1
5765,847860,256843,1664,1
5766,820900,248631,1664,1
5767,929766,281787,1664,1
5768,1259912,381605,1664,1
5769,1344908,407355,1664,1
5770,890098,269662,1664,1
5771,371920,112670,1664,1
5772,442694,134242,1664,1
5773,409038,123944,1664,1
5774,772974,234144,1664,1
5775,826674,250510,1664,1
5776,439210,133071,1664,1
5777,600384,181904,1664,1
5778,1420688,430299,1664,1
5779,459874,139338,1664,1
5780,394338,119487,1664,1
5781,801122,242851,1664,1
5782,436476,132252,1664,1
5783,303872,92053,1664,1
5784,548034,166001,1664,1
5785,404054,122435,1664,1
5786,308034,93345,1664,1
5787,584282,176992,1664,1
5788,806442,244279,1664,1
5789,471830,142928,1664,1
5790,302500,91655,1664,1
5791,303016,91828,1664,1
5792,443980,134492,1664,1
5793,463386,140355,1664,1
5794,301372,91294,1664,1
5795,301018,91195,1664,1
5796,369104,111810,1664,1
5797,709118,214812,1664,1
5798,1286208,389573,1664,1
5799,629946,190849,1664,1
5800,699294,211843,1664,1
5801,1406342,425966,1664,1
5802,893160,270719,1664,1
5803,622290,188522,1664,1
5804,1501158,454750,1664,1
5805,501440,151920,1664,1
5806,419222,127009,1664,1
5807,692774,209833,1664,1
5808,403716,122431,1664,1
5809,291570,88437,1664,1
5810,370116,112129,1664,1
5811,461566,139842,1664,1
5812,286164,86723,1664,1
5813,312532,94786,1664,1
5814,508394,154015,1664,1
5815,934200,283075,1664,1
5816,548350,166121,1664,1
5817,761692,230706,1664,1
5818,398716,120806,1664,1
5819,567806,172016,1664,1
5820,1740466,527130,1664,1
5821,917624,277955,1664,1
5822,424366,128578,1664,1
5823,666004,202092,1664,1
5824,404130,122673,1664,1
5825,506074,153314,1664,1
5826,482666,146334,1664,1
5827,276460,83753,1664,1
5828,618484,187365,1664,1
5829,318560,96542,1664,1
5830,717762,217949,1664,1
5831,562870,170506,1664,1
5832,704668,213473,1664,1
5833,792290,240801,1664,1
5834,495728,150321,1664,1
5835,803378,243750,1664,1
5836,1085152,328736,1664,1
5837,723374,219236,1664,1
5838,598648,181425,1664,1
5839,1227556,372675,1664,1
5840,680464,206154,1664,1
5841,487540,147733,1664,1
5842,1178746,357054,1664,1
5843,1293988,392534,1664,1
5844,825778,250312,1664,1
5845,967414,293219,1664,1
5846,618278,187348,1664,1
5847,526162,159397,1664,1
5848,418978,126930,1664,1
5849,618066,187545,1664,1
5850,535444,162221,1664,1
5851,4306334,1304601,1664,1
5852,2029506,614649,1664,1
5853,874032,264736,1664,1
5854,883802,267791,1664,1
5855,745368,225798,1664,1
5856,1362512,412652,1664,1
5857,797722,241650,1664,1
5858,622942,188789,1664,1
5859,1496610,453273,1664,1
5860,385724,116866,1664,1
5861,549908,166718,1664,1
5862,375150,113664,1664,1
5863,695350,210611,1664,1
5864,545670,165273,1664,1
5865,432976,131271,1664,1
5866,462624,140126,1664,1
5867,303262,91986,1664,1
5868,913430,276807,1664,1
5869,303718,92032,1664,1
5870,1504560,455848,1664,1
5871,2054612,622294,1664,1
5872,1314283,398872,1664,1
5873,21479772,6507708,1664,1
5874,460546,139548,1664,1
5875,694068,210267,1664,1
5876,450700,136553,1664,1
5877,1375922,416745,1664,1
5878,551146,166991,1664,1
5879,879414,266344,1664,1
5880,364824,110553,1664,1
5881,780112,236342,1664,1
5882,620388,187970,1664,1
5883,508380,154015,1664,1
5884,493660,149812,1664,1
5885,465092,140888,1664,1
5886,679562,205860,1664,1
5887,553680,167707,1664,1
5888,1056382,319933,1664,1
5889,497650,150785,1664,1
5890,434014,131513,1664,1
5891,437772,132661,1664,1
5892,432294,130965,1664,1
5893,449862,136301,1664,1
5894,823240,249894,1664,1
5895,1023214,309968,1664,1
5896,488834,148136,1664,1
5897,2597993,787157,1664,1
5898,733491,222691,1664,1
5899,1035494,313649,1664,1
5900,420698,127451,1664,1
5901,754582,228563,1664,1
5902,530480,160793,1664,1
5903,871516,263998,1664,1
5904,511600,155002,1664,1
5905,364976,110596,1664,1
5906,500444,151612,1664,1
5907,742260,224849,1664,1
5908,716604,217085,1664,1
5909,490486,148620,1664,1
5910,689950,209010,1664,1
5911,596068,180580,1664,1
5912,1024524,310287,1664,1
5913,1242938,376605,1664,1
5914,414768,125756,1664,1
5915,643864,195030,1664,1
5916,1511530,458176,1664,1
5917,889368,269402,1664,1
5918,668220,202380,1664,1
5919,1149914,348287,1664,1
5920,299208,90680,1664,1
5921,593996,180296,1664,1
5922,452156,137019,1664,1
5923,441526,133792,1664,1
5924,1025154,310508,1664,1
5925,509862,154442,1664,1
5926,291382,88271,1664,1
5927,1523118,461294,1664,1
5928,955328,289356,1664,1
5929,382034,115753,1664,1
5930,431712,130765,1664,1
5931,368142,111543,1664,1
5932,357480,108317,1664,1
5933,364834,110513,1664,1
5934,880762,266748,1664,1
5935,293096,88821,1664,1
5936,695284,210611,1664,1
5937,356574,108012,1664,1
5938,1004860,304318,1664,1
5939,429308,130077,1664,1
5940,293354,88895,1664,1
5941,387218,117322,1664,1
5942,481100,145770,1664,1
5943,301850,91470,1664,1
5944,368572,111662,1664,1
5945,506644,153490,1664,1
5946,493258,149445,1664,1
5947,624290,189228,1664,1
5948,994896,301351,1664,1
5949,483848,146716,1664,1
5950,307722,93264,1664,1
5951,276440,83770,1664,1
5952,275772,83556,1664,1
5953,1102522,333923,1664,1
5954,347448,105274,1664,1
5955,772978,234159,1664,1
5956,465276,140960,1664,1
5957,682134,206619,1664,1
5958,470136,142438,1664,1
5959,672260,203603,1664,1
5960,1050910,318402,1664,1
5961,298868,90564,1664,1
5962,305390,92557,1664,1
5963,582126,176355,1664,1
5964,656298,198899,1664,1
5965,467320,141571,1664,1
5966,272290,82515,1664,1
5967,336388,102035,1664,1
5968,934892,283230,1664,1
5969,1471558,445696,1664,1
5970,602498,182753,1664,1
5971,590446,178882,1664,1
5972,273576,82890,1664,1
5973,642240,195003,1664,1
5974,274472,83180,1664,1
5975,343542,104096,1664,1
5976,1023382,310227,1664,1
5977,333174,100923,1664,1
5978,569836,172660,1664,1
5979,455656,138152,1664,1
5980,580796,175932,1664,1
5981,1813463,549901,1664,1
5982,370432,112247,1664,1
5983,277106,83956,1664,1
5984,678122,205652,1664,1
5985,688246,208471,1664,1
5986,1854083,562027,1664,1
5987,1084454,328480,1664,1
5988,728664,220729,1664,1
5989,716446,217335,1664,1
5990,891014,269911,1664,1
5991,723946,219480,1664,1
5992,697708,211336,1664,1
5993,358174,108579,1664,1
5994,374432,113487,1664,1
5995,496284,150345,1664,1
5996,304668,92322,1664,1
5997,315312,95534,1664,1
5998,782018,236859,1664,1
5999,272598,82589,1664,1
6000,328010,99400,1664,1
6001,530444,160799,1664,1
6002,429214,130020,1664,1
6003,430642,130467,1664,1
6004,479878,145395,1664,1
6005,773990,234667,1664,1
6006,893394,270733,1664,1
6007,1387826,420352,1664,1
6008,332468,100741,1664,1
6009,351096,106393,1664,1
6010,1022501,313492,1664,1
6011,336152,101860,1664,1
6012,486240,147321,1664,1
6013,339610,102912,1664,1
6014,1169340,354168,1664,1
6015,9808045,2971289,1664,1
6016,546658,165579,1664,1
6017,4610572,1397314,1664,1
6018,444370,134612,1664,1
6019,1075012,326614,1664,1
6020,357768,108608,1664,1
6021,825884,250168,1664,1
6022,492560,149237,1664,1
6023,1118684,339483,1664,1
6024,620994,188101,1664,1
6025,546164,165424,1664,1
6026,746916,226251,1664,1
6027,622462,188563,1664,1
6028,538776,163220,1664,1
6029,584930,177167,1664,1
6030,451672,136815,1664,1
6031,386974,117264,1664,1
6032,13800858,4179976,1664,1
6033,770006,233260,1664,1
6034,704750,213511,1664,1
6035,449372,136149,1664,1
6036,710797,215640,1664,1
6037,1876492,568318,1664,1
6038,1027718,311285,1664,1
6039,523364,158770,1664,1
6040,463316,140421,1664,1
6041,565888,171449,1664,1
6042,781858,236838,1664,1
6043,862262,261325,1664,1
6044,526192,159426,1664,1
6045,369256,111882,1664,1
6046,692108,209643,1664,1
6047,625296,189414,1664,1
6048,531804,161209,1664,1
6049,647406,196183,1664,1
6050,428630,129882,1664,1
6051,779400,236105,1664,1
6052,566388,171571,1664,1
6053,666044,201792,1664,1
6054,488282,147944,1664,1
6055,449974,136310,1664,1
6056,300082,90904,1664,1
6057,1594400,482880,1664,1
6058,990400,299984,1664,1
6059,972558,295383,1664,1
6060,926168,280537,1664,1
6061,828236,250886,1664,1
6062,304200,92151,1664,1
6063,873885,265093,1664,1
6064,1394632,422397,1664,1
6065,354560,107527,1664,1
6066,2115122,640588,1664,1
6067,842086,255397,1664,1
6068,715828,216877,1664,1
6069,717036,217261,1664,1
6070,1076580,326057,1664,1
6071,371432,112652,1664,1
6072,371906,112683,1664,1
6073,436390,132231,1664,1
6074,305392,92544,1664,1
6075,469004,142064,1664,1
6076,743086,225055,1664,1
6077,2458208,744782,1664,1
6078,1241884,376255,1664,1
6079,660378,200063,1664,1
6080,554518,168034,1664,1
6081,496136,150330,1664,1
6082,1725940,522714,1664,1
6083,618784,187480,1664,1
6084,762570,231007,1664,1
6085,634396,192184,1664,1
6086,595248,180309,1664,1
6087,1576122,477359,1664,1
6088,920542,278833,1664,1
6089,489170,148217,1664,1
6090,539478,163435,1664,1
6091,283734,85965,1664,1
6092,352642,106829,1664,1
6093,277626,84139,1664,1
6094,524121,183066,1664,1
6095,687456,208260,1664,1
6096,331328,100363,1664,1
6097,693882,210256,1664,1
6098,311938,94543,1664,1
6099,343902,104199,1664,1
6100,622450,188547,1664,1
6101,459004,139040,1664,1
6102,261364,79194,1664,1
6103,445208,134896,1664,1
6104,1198336,362958,1664,1
6105,491311,150738,1664,1
6106,1078492,326768,1664,1
6107,1004015,304287,1664,1
6108,451386,136746,1664,1
6109,823420,249420,1664,1
6110,540994,163905,1664,1
6111,595848,180517,1664,1
6112,598250,181313,1664,1
6113,504598,152887,1664,1
6114,617808,187305,1664,1
6115,1135866,344099,1664,1
6116,492720,149266,1664,1
6117,604100,182992,1664,1
6118,522732,158320,1664,1
6119,388796,117763,1664,1
6120,1011722,306516,1664,1
6121,498322,150967,1664,1
6122,431376,130701,1664,1
6123,497722,150823,1664,1
6124,486114,147291,1664,1
6125,596854,180879,1664,1
6126,374100,113361,1664,1
6127,635680,192566,1664,1
6128,865280,262296,1664,1
6129,417842,126609,1664,1
6130,1004260,304570,1664,1
6131,2466938,747451,1664,1
6132,414024,125449,1664,1
6133,768538,232819,1664,1
6134,407214,123375,1664,1
6135,716586,217052,1664,1
6136,406282,123117,1664,1
6137,1132868,343123,1664,1
6138,499096,151188,1664,1
6139,690440,209196,1664,1
6140,653700,198025,1664,1
6141,687426,208233,1664,1
6142,450220,136410,1664,1
6143,559606,169548,1664,1
6144,830580,251566,1664,1
6145,580374,175920,1664,1
6146,732526,222057,1664,1
6147,789736,239197,1664,1
6148,785574,237946,1664,1
6149,478018,144819,1664,1
6150,1068788,323727,1664,1
6151,721930,218689,1664,1
6152,919870,278673,1664,1
6153,737358,223420,1664,1
6154,593882,179934,1664,1
6155,412172,124891,1664,1
6156,304142,92165,1664,1
6157,612448,185525,1664,1
6158,308984,93614,1664,1
6159,519628,157435,1664,1
6160,583716,176918,1664,1
6161,507946,153890,1664,1
6162,602774,182592,1664,1
6163,960076,290804,1664,1
6164,539466,163421,1664,1
6165,558526,169169,1664,1
6166,453110,137244,1664,1
6167,689894,208973,1664,1
6168,444376,134597,1664,1
6169,1433644,434184,1664,1
6170,370830,112361,1664,1
6171,307914,93317,1664,1
6172,390926,118460,1664,1
6173,304018,92101,1664,1
6174,302752,91744,1664,1
6175,506298,153377,1664,1
6176,363218,110023,1664,1
6177,292622,88675,1664,1
6178,1986218,601490,1664,1
6179,588138,178335,1664,1
6180,311460,94370,1664,1
6181,924032,279882,1664,1
6182,286070,86695,1664,1
6183,351318,106452,1664,1
6184,538900,163217,1664,1
6185,390054,118176,1664,1
6186,266840,80848,1664,1
6187,705624,213705,1664,1
6188,869928,263501,1664,1
6189,415666,125947,1664,1
6190,2400372,727969,1664,1
6191,413644,125333,1664,1
6192,523782,158679,1664,1
6193,1198824,363488,1664,1
6194,1175546,356436,1664,1
6195,761256,230656,1664,1
6196,2233928,677063,1664,1
6197,552846,167493,1664,1
6198,627004,189932,1664,1
6199,413124,125148,1664,1
6200,3002304,909540,1664,1
6201,873454,265189,1664,1
6202,738108,223591,1664,1
6203,423726,128433,1664,1
6204,381772,115683,1664,1
6205,402274,121891,1664,1
6206,404762,122630,1664,1
6207,660960,200220,1664,1
6208,466272,141273,1664,1
6209,695208,210602,1664,1
6210,650187,197151,1664,1
6211,404542,122571,1664,1
6212,698460,211694,1664,1
6213,278726,84464,1664,1
6214,412460,124974,1664,1
6215,503322,152486,1664,1
6216,2100430,636480,1664,1
6217,411124,124722,1664,1
6218,693022,209983,1664,1
6219,408468,123900,1664,1
6220,407798,123549,1664,1
6221,1115388,341479,1664,1
6222,415538,126717,1664,1
6223,667458,202230,1664,1
6224,1039218,314738,1664,1
6225,520378,157670,1664,1
6226,469250,142298,1664,1
6227,421308,127660,1664,1
6228,513854,155658,1664,1
6229,2601176,789372,1664,1
6230,466544,141377,1664,1
6231,1358918,411829,1664,1
6232,1410084,427223,1664,1
6233,631602,191411,1664,1
6234,552386,167389,1664,1
6235,1082796,327980,1664,1
6236,1007512,305324,1664,1
6237,790322,239373,1664,1
6238,536140,162525,1664,1
6239,1393192,421967,1664,1
6240,2338904,708406,1664,1
6241,885788,268329,1664,1
6242,953806,288893,1664,1
6243,466608,141500,1664,1
6244,678318,205481,1664,1
6245,1415118,428580,1664,1
6246,591692,179238,1664,1
6247,343508,104061,1664,1
6248,607332,184468,1664,1
6249,2819016,854472,1664,1
6250,526852,159641,1664,1
6251,596254,180652,1664,1
6252,672229,203977,1664,1
6253,305274,92506,1664,1
6254,742230,224823,1664,1
6255,1052278,318698,1664,1
6256,567690,172052,1664,1
6257,840694,254683,1664,1
6258,858710,260319,1664,1
6259,757576,229703,1664,1
6260,715136,216639,1664,1
6261,1173218,355353,1664,1
6262,1086780,329590,1664,1
6263,400714,121408,1664,1
6264,351174,106373,1664,1
6265,678384,205488,1664,1
6266,438296,132757,1664,1
6267,368436,111604,1664,1
6268,335748,101749,1664,1
6269,531506,161011,1664,1
6270,450240,136403,1664,1
6271,770334,233346,1664,1
6272,1242164,376227,1664,1
6273,365688,110805,1664,1
6274,748646,226735,1664,1
6275,1320224,399871,1664,1
6276,698764,211697,1664,1
6277,818272,247868,1664,1
6278,296438,89832,1664,1
6279,540098,163711,1664,1
6280,855220,259024,1664,1
6281,747548,226434,1664,1
6282,467338,141732,1664,1
6283,739776,224095,1664,1
6284,344140,104305,1664,1
6285,612954,185679,1664,1
6286,607304,183956,1664,1
6287,1031016,312286,1664,1
6288,288192,87331,1664,1
6289,380686,115353,1664,1
6290,1042214,315705,1664,1
6291,485262,147018,1664,1
6292,1421978,430676,1664,1
6293,545724,165318,1664,1
6294,1243290,376549,1664,1
6295,306244,92785,1664,1
6296,435910,132076,1664,1
6297,392758,118983,1664,1
6298,363690,110211,1664,1
6299,375476,113767,1664,1
6300,379992,115121,1664,1
6301,1673038,506704,1664,1
6302,655032,198418,1664,1
6303,2800046,848033,1664,1
6304,734932,222708,1664,1
6305,684100,207200,1664,1
6306,1135596,344079,1664,1
6307,526930,160108,1664,1
6308,1093414,331194,1664,1
6309,695470,210673,1664,1
6310,715266,216675,1664,1
6311,590592,178928,1664,1
6312,435798,132047,1664,1
6313,373410,113116,1664,1
6314,554116,168182,1664,1
6315,482840,146333,1664,1
6316,363298,110090,1664,1
6317,449498,136181,1664,1
6318,747824,226815,1664,1
6319,459522,139231,1664,1
6320,543728,164712,1664,1
6321,320072,97007,1664,1
6322,765950,232248,1664,1
6323,732410,221839,1664,1
6324,552546,167401,1664,1
6325,838178,254077,1664,1
6326,359936,109078,1664,1
6327,378088,114553,1664,1
6328,456272,138231,1664,1
6329,621162,188195,1664,1
6330,1564054,473728,1664,1
6331,299646,90802,1664,1
6332,795162,241392,1664,1
6333,985530,299407,1664,1
6334,390372,118313,1664,1
6335,425894,129014,1664,1
6336,1008150,305400,1664,1
6337,988448,299398,1664,1
6338,658368,199463,1664,1
6339,879306,266444,1664,1
6340,415702,125929,1664,1
6341,341986,103595,1664,1
6342,331858,100561,1664,1
6343,471578,142881,1664,1
6344,301932,91525,1664,1
6345,327040,99113,1664,1
6346,338060,102438,1664,1
6347,329020,99709,1664,1
6348,437288,132504,1664,1
6349,803954,243534,1664,1
6350,379914,115126,1664,1
6351,349498,105894,1664,1
6352,1456030,441310,1664,1
6353,441644,133797,1664,1
6354,1549204,470310,1664,1
6355,508490,154067,1664,1
6356,841550,254926,1664,1
6357,933838,282859,1664,1
6358,800202,242377,1664,1
6359,767724,232629,1664,1
6360,1398498,423798,1664,1
6361,343504,104079,1664,1
6362,827656,250682,1664,1
6363,409554,124063,1664,1
6364,971039,294547,1664,1
6365,982560,297595,1664,1
6366,711386,215488,1664,1
6367,1196508,362387,1664,1
6368,657438,199147,1664,1
6369,596518,180677,1664,1
6370,560602,169940,1664,1
6371,732590,221882,1664,1
6372,643588,195282,1664,1
6373,583806,176863,1664,1
6374,541382,163994,1664,1
6375,728750,222871,1664,1
6376,852844,258328,1664,1
6377,430204,130365,1664,1
6378,557438,168880,1664,1
6379,616468,186925,1664,1
6380,931942,282246,1664,1
6381,887180,268729,1664,1
6382,427218,129449,1664,1
6383,287288,87059,1664,1
6384,360112,109168,1664,1
6385,278740,84468,1664,1
6386,455860,138076,1664,1
6387,491118,148788,1664,1
6388,289846,87837,1664,1
6389,420980,127529,1664,1
6390,657246,199102,1664,1
6391,348968,105717,1664,1
6392,276024,83616,1664,1
6393,345180,104603,1664,1
6394,274054,83053,1664,1
6395,675748,204678,1664,1
6396,708940,214751,1664,1
6397,958158,290191,1664,1
6398,352034,106667,1664,1
6399,815604,247022,1664,1
6400,274680,83222,1664,1
6401,612784,185655,1664,1
6402,1145716,346996,1664,1
6403,1146016,347103,1664,1
6404,926758,280745,1664,1
6405,365552,110733,1664,1
6406,1423751,432218,1664,1
6407,723768,219243,1664,1
6408,414736,125669,1664,1
6409,387414,117378,1664,1
6410,371776,112644,1664,1
6411,450568,136472,1664,1
6412,824254,249673,1664,1
6413,382006,115711,1664,1
6414,514296,155818,1664,1
6415,747782,226543,1664,1
6416,463624,140460,1664,1
6417,304474,92263,1664,1
6418,366852,111156,1664,1
6419,302180,91541,1664,1
6420,618692,187472,1664,1
6421,518476,157038,1664,1
6422,592342,179446,1664,1
6423,566702,171675,1664,1
6424,384128,116368,1664,1
6425,454480,137748,1664,1
6426,426938,129428,1664,1
6427,555740,168369,1664,1
6428,678142,205426,1664,1
6429,441820,133835,1664,1
6430,451204,136694,1664,1
6431,943846,285905,1664,1
6432,1400246,424079,1664,1
6433,362740,109878,1664,1
6434,446254,135168,1664,1
6435,411044,124545,1664,1
6436,369418,112039,1664,1
6437,608224,184246,1664,1
6438,608978,184493,1664,1
6439,490434,148581,1664,1
6440,1003174,303864,1664,1
6441,399412,121020,1664,1
6442,589742,178659,1664,1
6443,431488,130730,1664,1
6444,1006506,304844,1664,1
6445,410230,124338,1664,1
6446,393370,119198,1664,1
6447,423298,128259,1664,1
6448,537484,162794,1664,1
6449,623421,189119,1664,1
6450,277336,84015,1664,1
6451,367206,111271,1664,1
6452,423858,128384,1664,1
6453,471758,142902,1664,1
6454,565198,171499,1664,1
6455,417650,126700,1664,1
6456,816814,247382,1664,1
6457,2437830,739147,1664,1
6458,407182,123390,1664,1
6459,686788,208033,1664,1
6460,1556488,471795,1664,1
6461,700732,212270,1664,1
6462,1645654,498543,1664,1
6463,877038,265676,1664,1
6464,442522,134105,1664,1
6465,502170,152159,1664,1
6466,617660,187141,1664,1
6467,1598154,484113,1664,1
6468,439154,133021,1664,1
6469,438768,132908,1664,1
6470,709502,215271,1664,1
6471,761058,230546,1664,1
6472,473102,143349,1664,1
6473,454698,137769,1664,1
6474,295360,89504,1664,1
6475,453182,137312,1664,1
6476,428168,129813,1664,1
6477,1109194,336000,1664,1
6478,706508,214059,1664,1
6479,577634,175003,1664,1
6480,607284,183930,1664,1
6481,931536,282155,1664,1
6482,1107894,335569,1664,1
6483,829012,251118,1664,1
6484,852940,258404,1664,1
6485,1009650,305804,1664,1
6486,568448,172210,1664,1
6487,420272,127354,1664,1
6488,1474676,446873,1664,1
6489,5075537,1538032,1664,1
6490,788074,238721,1664,1
6491,599990,181994,1664,1
6492,872858,264426,1664,1
6493,556384,168545,1664,1
6494,473874,143580,1664,1
6495,769406,233143,1664,1
6496,6604362,2001003,1664,1
6497,399854,121169,1664,1
6498,465310,140946,1664,1
6499,1211068,366825,1664,1
6500,827610,250696,1664,1
6501,456538,138330,1664,1
6502,1368730,416404,1664,1
6503,449436,136197,1664,1
6504,1214268,367828,1664,1
6505,400088,121224,1664,1
6506,696356,210946,1664,1
6507,746518,226169,1664,1
6508,474750,143970,1664,1
6509,784556,239278,1664,1
6510,585444,177341,1664,1
6511,409048,125021,1664,1
6512,358416,108620,1664,1
6513,2387285,723570,1664,1
6514,550446,166749,1664,1
6515,467638,141645,1664,1
6516,293386,88908,1664,1
6517,295684,89607,1664,1
6518,629584,190682,1664,1
6519,452554,137073,1664,1
6520,448986,136025,1664,1
6521,381604,115589,1664,1
6522,922994,279815,1664,1
6523,860181,260824,1664,1
6524,595090,180305,1664,1
6525,1299500,393628,1664,1
6526,545908,165390,1664,1
6527,625256,189540,1664,1
6528,781766,236836,1664,1
6529,855542,259207,1664,1
6530,568522,172245,1664,1
6531,1150276,348535,1664,1
6532,933482,282795,1664,1
6533,1953940,592605,1664,1
6534,1029932,311966,1664,1
6535,947380,286945,1664,1
6536,1637594,496220,1664,1
6537,519410,157344,1664,1
6538,757604,229496,1664,1
6539,393350,119226,1664,1
6540,2434915,738030,1664,1
6541,592836,179601,1664,1
6542,458194,138894,1664,1
6543,565658,171381,1664,1
6544,1308914,396751,1664,1
6545,747242,226692,1664,1
6546,5969539,1808501,1664,1
6547,500622,151678,1664,1
6548,402396,121939,1664,1
6549,581498,176165,1664,1
6550,1553166,470729,1664,1
6551,569784,172778,1664,1
6552,440132,133361,1664,1
6553,603420,183063,1664,1
6554,1226530,371587,1664,1
6555,1049494,318033,1664,1
6556,447342,135543,1664,1
6557,1143078,346959,1664,1
6558,940960,285132,1664,1
6559,447594,135622,1664,1
6560,1118922,338870,1664,1
6561,1348664,408485,1664,1
6562,630084,190883,1664,1
6563,545298,165210,1664,1
6564,684492,207409,1664,1
6565,429392,130116,1664,1
6566,461430,139922,1664,1
6567,801094,242633,1664,1
6568,577298,174895,1664,1
6569,788328,238918,1664,1
6570,484704,146881,1664,1
6571,1811685,549183,1664,1
6572,650480,197098,1664,1
6573,632558,191627,1664,1
6574,3134207,949526,1664,1
6575,747748,226613,1664,1
6576,1055236,319701,1664,1
6577,1336966,405235,1664,1
6578,740480,224299,1664,1
6579,794854,240786,1664,1
6580,1233554,374079,1664,1
6581,540220,163812,1664,1
6582,824404,249780,1664,1
6583,1176890,356486,1664,1
6584,734332,222479,1664,1
6585,400652,121400,1664,1
6586,492654,149252,1664,1
6587,650732,197410,1664,1
6588,654340,198222,1664,1
6589,876345,265999,1664,1
6590,1159124,351064,1664,1
6591,871554,264014,1664,1
6592,464520,140756,1664,1
6593,487824,147899,1664,1
6594,11199893,3392688,1664,1
6595,1700896,515357,1664,1
6596,561168,170076,1664,1
6597,461964,139958,1664,1
6598,734230,222465,1664,1
6599,1984464,601082,1664,1
6600,1000204,303001,1664,1
6601,886304,268506,1664,1
6602,600990,182102,1664,1
6603,429764,130220,1664,1
6604,900352,272727,1664,1
6605,515724,156248,1664,1
6606,384658,116518,1664,1
6607,598742,181345,1664,1
6608,476120,144265,1664,1
6609,306304,92823,1664,1
6610,953818,288956,1664,1
6611,816014,247648,1664,1
6612,588226,178203,1664,1
6613,1457795,441902,1664,1
6614,1017740,308301,1664,1
6615,17907315,5423952,1664,1
6616,652614,197709,1664,1
6617,682018,206613,1664,1
6618,873402,264604,1664,1
6619,638406,193405,1664,1
6620,826472,250331,1664,1
6621,706522,214044,1664,1
6622,2323958,704046,1664,1
6623,479418,145266,1664,1
6624,599160,181526,1664,1
6625,464798,140827,1664,1
6626,1068916,323763,1664,1
6627,1473288,446215,1664,1
6628,469722,142288,1664,1
6629,1429560,433003,1664,1
6630,459812,139324,1664,1
6631,452880,137223,1664,1
6632,808951,245517,1664,1
6633,1415901,429158,1664,1
6634,1547315,468954,1664,1
6635,803288,243322,1664,1
6636,824865,250121,1664,1
6637,522310,158246,1664,1
6638,1090182,330206,1664,1
6639,634036,192045,1664,1
6640,824485,250548,1664,1
6641,291020,88191,1664,1
6642,1080248,327229,1664,1
6643,451564,136855,1664,1
6644,629742,190778,1664,1
6645,1771502,536693,1664,1
6646,422944,128142,1664,1
6647,399330,121007,1664,1
6648,533962,161741,1664,1
6649,362456,109902,1664,1
6650,711132,215472,1664,1
6651,363368,110113,1664,1
6652,517748,156974,1664,1
6653,295576,89573,1664,1
6654,404758,122744,1664,1
6655,813324,247714,1664,1
6656,1482584,449789,1664,1
6657,1113152,337174,1664,1
6658,710124,215084,1664,1
6659,396684,120204,1664,1
6660,303354,91925,1664,1
6661,1023685,310784,1664,1
6662,1184979,359231,1664,1
6663,790638,239504,1664,1
6664,704628,213491,1664,1
6665,973162,294759,1664,1
6666,594916,180276,1664,1
6667,2860821,870874,1664,1
6668,1615943,490067,1664,1
6669,780774,236514,1664,1
6670,1597156,484574,1664,1
6671,421878,127937,1664,1
6672,731890,221725,1664,1
6673,527854,159975,1664,1
6674,764694,231638,1664,1
6675,476532,144401,1664,1
6676,728580,220675,1664,1
6677,996446,302360,1664,1
6678,2724386,826095,1664,1
6679,580830,175976,1664,1
6680,1023826,310391,1664,1
6681,912310,276403,1664,1
6682,518720,157155,1664,1
6683,1675434,507470,1664,1
6684,1001012,303386,1664,1
6685,457784,138715,1664,1
6686,749386,227010,1664,1
6687,1776550,538416,1664,1
6688,1777918,538547,1664,1
6689,1014168,307732,1664,1
6690,475548,144075,1664,1
6691,517528,156786,1664,1
6692,956888,290183,1664,1
6693,314992,95452,1664,1
6694,783476,237339,1664,1
6695,7176928,2173763,1664,1
6696,1232136,373213,1664,1
6697,879626,266715,1664,1
6698,502818,152349,1664,1
6699,1836776,556522,1664,1
6700,471564,142896,1664,1
6701,723794,219284,1664,1
6702,2139572,648041,1664,1
6703,630618,191144,1664,1
6704,463988,140593,1664,1
6705,1140426,345484,1664,1
6706,933772,282963,1664,1
6707,930294,281793,1664,1
6708,2939324,892284,1664,1
6709,548172,166081,1664,1
6710,458852,139027,1664,1
6711,504782,152894,1664,1
6712,615964,186588,1664,1
6713,476262,144322,1664,1
6714,384246,116447,1664,1
6715,2199455,667034,1664,1
6716,810637,246074,1664,1
6717,860840,260759,1664,1
6718,488242,148323,1664,1
6719,431742,130838,1664,1
6720,550480,166861,1664,1
6721,1469998,445486,1664,1
6722,618276,187315,1664,1
6723,593026,179698,1664,1
6724,1087773,329854,1664,1
6725,822572,249261,1664,1
6726,582206,176481,1664,1
6727,695416,210690,1664,1
6728,1084830,328745,1664,1
6729,427562,129548,1664,1
6730,790582,239493,1664,1
6731,464914,140860,1664,1
6732,944160,285991,1664,1
6733,527456,159800,1664,1
6734,385114,116669,1664,1
6735,1040186,315164,1664,1
6736,294960,89386,1664,1
6737,293814,89035,1664,1
6738,673070,204281,1664,1
6739,1756734,532235,1664,1
6740,562380,170410,1664,1
6741,654274,198204,1664,1
6742,1000694,303649,1664,1
6743,2367379,717241,1664,1
6744,752262,227867,1664,1
6745,540052,163624,1664,1
6746,446032,135119,1664,1
6747,894748,270980,1664,1
6748,714672,216486,1664,1
6749,289416,87817,1664,1
6750,1020799,309587,1664,1
6751,1933979,586050,1664,1
6752,295122,89432,1664,1
6753,616328,186710,1664,1
6754,441508,133939,1664,1
6755,874872,265635,1664,1
6756,700362,212193,1664,1
6757,637032,193031,1664,1
6758,404442,122543,1664,1
6759,550198,166737,1664,1
6760,877952,265998,1664,1
6761,465830,141190,1664,1
6762,923304,279683,1664,1
6763,1742912,527975,1664,1
6764,614352,186172,1664,1
6765,552296,167348,1664,1
6766,357646,108394,1664,1
6767,509522,154390,1664,1
6768,1024058,310246,1664,1
6769,890928,269928,1664,1
6770,487440,147713,1664,1
6771,343278,104000,1664,1
6772,639800,193806,1664,1
6773,633340,191957,1664,1
6774,418394,126771,1664,1
6775,815314,247309,1664,1
6776,510372,154596,1664,1
6777,33857527,10254071,1664,1
6778,920256,278735,1664,1
6779,1125128,340788,1664,1
6780,409036,123929,1664,1
6781,402890,122083,1664,1
6782,567730,172008,1664,1
6783,1118168,338744,1664,1
6784,1267862,384005,1664,1
6785,1106374,335126,1664,1
6786,1539660,466321,1664,1
6787,1195844,362164,1664,1
6788,467030,141467,1664,1
6789,459646,139278,1664,1
6790,672330,203676,1664,1
6791,697234,211208,1664,1
6792,887614,268876,1664,1
6793,1670548,505910,1664,1
6794,440756,133519,1664,1
6795,976856,295900,1664,1
6796,537338,162797,1664,1
6797,618550,187409,1664,1
6798,481970,146040,1664,1
6799,1258842,382128,1664,1
6800,745668,226032,1664,1
6801,1390438,421354,1664,1
6802,912180,276873,1664,1
6803,911642,276198,1664,1
6804,929600,281589,1664,1
6805,431684,131396,1664,1
6806,314934,95437,1664,1
6807,1351992,409496,1664,1
6808,538264,163060,1664,1
6809,590076,178731,1664,1
6810,422486,128019,1664,1
6811,1026340,310884,1664,1
6812,425898,129161,1664,1
6813,897846,271971,1664,1
6814,835568,253216,1664,1
6815,472388,143142,1664,1
6816,441992,133925,1664,1
6817,842886,255363,1664,1
6818,11055700,3349077,1664,1
6819,4785364,1449912,1664,1
6820,1108036,336110,1664,1
6821,932344,282458,1664,1
6822,1221770,370120,1664,1
6823,494546,149805,1664,1
6824,687898,208606,1664,1
6825,637672,193213,1664,1
6826,530488,160712,1664,1
6827,382824,116041,1664,1
6828,1332746,403966,1664,1
6829,527840,159908,1664,1
6830,361276,109462,1664,1
6831,291692,88362,1664,1
6832,603368,182760,1664,1
6833,373904,113273,1664,1
6834,548284,166101,1664,1
6835,474446,143754,1664,1
6836,434824,131761,1664,1
6837,617638,187110,1664,1
6838,294008,89064,1664,1
6839,628140,190249,1664,1
6840,1133148,343197,1664,1
6841,391916,118761,1664,1
6842,405826,122970,1664,1
6843,748158,226707,1664,1
6844,500472,151644,1664,1
6845,952874,288602,1664,1
6846,468898,142062,1664,1
6847,447166,135511,1664,1
6848,752440,227987,1664,1
6849,450718,136554,1664,1
6850,514244,155810,1664,1
6851,579918,175746,1664,1
6852,357694,108379,1664,1
6853,421386,127651,1664,1
6854,1168398,354649,1664,1
6855,3719031,1126737,1664,1
6856,722206,218791,1664,1
6857,648720,196805,1664,1
6858,2076758,629035,1664,1
6859,634348,192197,1664,1
6860,528544,160128,1664,1
6861,644806,195417,1664,1
6862,765128,232033,1664,1
6863,541686,164112,1664,1
6864,549410,166550,1664,1
6865,1012098,307174,1664,1
6866,402304,122062,1664,1
6867,438702,132919,1664,1
6868,434988,131799,1664,1
6869,387844,117528,1664,1
6870,446318,135244,1664,1
6871,552110,167275,1664,1
6872,656182,198844,1664,1
6873,445928,135091,1664,1
6874,538834,163206,1664,1
6875,894712,270999,1664,1
6876,402698,122014,1664,1
6877,352560,106823,1664,1
6878,659326,199717,1664,1
6879,418624,126801,1664,1
6880,422332,127925,1664,1
6881,364682,110494,1664,1
6882,283346,85865,1664,1
6883,634000,192089,1664,1
6884,906000,274437,1664,1
6885,476414,144351,1664,1
6886,1240522,375767,1664,1
6887,816602,247348,1664,1
6888,312942,94830,1664,1
6889,1044332,316308,1664,1
6890,313414,94979,1664,1
6891,343174,104001,1664,1
6892,529228,160330,1664,1
6893,463172,140322,1664,1
6894,765726,231952,1664,1
6895,299280,90696,1664,1
6896,524706,158977,1664,1
6897,586108,177579,1664,1
6898,433690,131396,1664,1
6899,626782,189915,1664,1
6900,650158,197042,1664,1
6901,1739390,526758,1664,1
6902,312168,94607,1664,1
6903,752716,228027,1664,1
6904,600974,182075,1664,1
6905,964532,292159,1664,1
6906,315370,95565,1664,1
6907,551384,167001,1664,1
6908,824702,249974,1664,1
6909,870496,263678,1664,1
6910,611938,185371,1664,1
6911,881982,267170,1664,1
6912,475170,143953,1664,1
6913,456974,138440,1664,1
6914,1052244,318743,1664,1
6915,450572,136519,1664,1
6916,490430,148573,1664,1
6917,456940,138441,1664,1
6918,550832,166873,1664,1
6919,553494,167678,1664,1
6920,425398,128852,1664,1
6921,573734,173768,1664,1
6922,810826,245606,1664,1
6923,494780,149893,1664,1
6924,680866,206230,1664,1
6925,377110,114253,1664,1
6926,261384,79182,1664,1
6927,635478,192750,1664,1
6928,368718,111738,1664,1
6929,755076,228725,1664,1
6930,689748,208928,1664,1
6931,742766,225443,1664,1
6932,365106,110626,1664,1
6933,250202,75824,1664,1
6934,246448,74656,1664,1
6935,1203708,364750,1664,1
6936,936862,283758,1664,1
6937,788760,239006,1664,1
6938,256524,77723,1664,1
6939,429242,130054,1664,1
6940,1062462,322296,1664,1
6941,1001876,303417,1664,1
6942,388680,117776,1664,1
6943,594804,180210,1664,1
6944,521660,158044,1664,1
6945,734818,222838,1664,1
6946,342280,103715,1664,1
6947,1855156,561917,1664,1
6948,603952,183028,1664,1
6949,561036,169957,1664,1
6950,749292,226970,1664,1
6951,389084,118341,1664,1
6952,248988,75547,1664,1
6953,430192,130398,1664,1
6954,633042,191772,1664,1
6955,464388,140692,1664,1
6956,293604,88973,1664,1
6957,250650,75944,1664,1
6958,441272,133665,1664,1
6959,1489658,451667,1664,1
6960,713182,216016,1664,1
6961,428458,129802,1664,1
6962,476286,144300,1664,1
6963,1240502,375832,1664,1
6964,249384,75573,1664,1
6965,1545226,468348,1664,1
6966,854064,259068,1664,1
6967,546350,165508,1664,1
6968,520144,157581,1664,1
6969,1385020,419469,1664,1
6970,881124,266889,1664,1
6971,468322,141897,1664,1
6972,985018,298375,1664,1
6973,581292,176104,1664,1
6974,958622,290363,1664,1
6975,590702,178947,1664,1
6976,423978,128424,1664,1
6977,727356,220317,1664,1
6978,1040956,315288,1664,1
6979,457746,138684,1664,1
6980,1055778,319765,1664,1
6981,615660,186518,1664,1
6982,1638840,496366,1664,1
6983,653200,197950,1664,1
6984,599956,181752,1664,1
6985,467936,141786,1664,1
6986,479538,145275,1664,1
6987,711822,215632,1664,1
6988,975642,295620,1664,1
6989,1041376,315437,1664,1
6990,1501344,454704,1664,1
6991,747852,226585,1664,1
6992,731162,221505,1664,1
6993,1513662,458806,1664,1
6994,463258,140371,1664,1
6995,844142,255727,1664,1
6996,1142308,345958,1664,1
6997,399348,121000,1664,1
6998,1229910,372554,1664,1
6999,607262,183967,1664,1
7000,459858,139339,1664,1
7001,403442,122236,1664,1
7002,627152,190001,1664,1
7003,634706,192319,1664,1
7004,642314,194583,1664,1
7005,477468,144661,1664,1
7006,483588,146520,1664,1
7007,1664714,504369,1664,1
7008,1039570,315418,1664,1
7009,439378,133119,1664,1
7010,1012410,306677,1664,1
7011,533678,161706,1664,1
7012,1073752,325197,1664,1
7013,958246,290251,1664,1
7014,471812,142954,1664,1
7015,811532,245849,1664,1
7016,1730380,524303,1664,1
7017,509986,154518,1664,1
7018,1219596,369394,1664,1
7019,569802,172751,1664,1
7020,652418,197655,1664,1
7021,511812,155078,1664,1
7022,1347062,408065,1664,1
7023,642950,194798,1664,1
7024,575962,174478,1664,1
7025,575848,174455,1664,1
7026,964634,292302,1664,1
7027,741032,224469,1664,1
7028,599954,181896,1664,1
7029,614404,186186,1664,1
7030,576510,174864,1664,1
7031,457976,138772,1664,1
7032,942562,286035,1664,1
7033,311224,94310,1664,1
7034,571386,173079,1664,1
7035,967130,292928,1664,1
7036,877208,265712,1664,1
7037,371278,112494,1664,1
7038,628148,190628,1664,1
7039,791212,239748,1664,1
7040,854906,258971,1664,1
7041,646524,195854,1664,1
7042,529862,160538,1664,1
7043,2294298,695108,1664,1
7044,516248,156411,1664,1
7045,586916,177847,1664,1
7046,856178,259664,1664,1
7047,883282,267725,1664,1
7048,527006,159622,1664,1
7049,472368,143214,1664,1
7050,1127435,342064,1664,1
7051,493018,149616,1664,1
7052,286620,86860,1664,1
7053,324328,98295,1664,1
7054,1707380,517443,1664,1
7055,456198,138205,1664,1
7056,411048,124552,1664,1
7057,1083928,328289,1664,1
7058,375702,113827,1664,1
7059,849842,257558,1664,1
7060,484836,146879,1664,1
7061,369730,111999,1664,1
7062,412360,124948,1664,1
7063,399986,121242,1664,1
7064,297410,90162,1664,1
7065,560024,170195,1664,1
7066,460932,139661,1664,1
7067,540550,163759,1664,1
7068,418592,127106,1664,1
7069,522470,158507,1664,1
7070,504286,152779,1664,1
7071,759030,230541,1664,1
7072,1145352,346909,1664,1
7073,378220,114596,1664,1
7074,471268,142778,1664,1
7075,669794,203041,1664,1
7076,654224,198195,1664,1
7077,302302,91576,1664,1
7078,1913837,580051,1664,1
7079,454588,137714,1664,1
7080,1013122,307132,1664,1
7081,574622,174093,1664,1
7082,581324,176093,1664,1
7083,326844,99037,1664,1
7084,457714,138650,1664,1
7085,2559371,796197,1664,1
7086,442722,134140,1664,1
7087,729498,220980,1664,1
7088,304714,92338,1664,1
7089,428946,129968,1664,1
7090,448778,135929,1664,1
7091,538350,163084,1664,1
7092,418516,126841,1664,1
7093,999058,302581,1664,1
7094,306746,92924,1664,1
7095,535200,162152,1664,1
7096,614870,186271,1664,1
7097,582430,176434,1664,1
7098,423848,128511,1664,1
7099,887346,269364,1664,1
7100,487414,147675,1664,1
7101,340162,103041,1664,1
7102,546286,165562,1664,1
7103,443598,134390,1664,1
7104,266274,80665,1664,1
7105,414718,125628,1664,1
7106,392386,118852,1664,1
7107,482968,146283,1664,1
7108,401918,121740,1664,1
7109,471812,142969,1664,1
7110,271476,82270,1664,1
7111,287076,86994,1664,1
7112,290678,88086,1664,1
7113,284312,86165,1664,1
7114,339640,102878,1664,1
7115,434686,131685,1664,1
7116,413894,125457,1664,1
7117,2072196,627769,1664,1
7118,279536,84714,1664,1
7119,335510,101658,1664,1
7120,825552,250168,1664,1
7121,373122,113033,1664,1
7122,1139996,345411,1664,1
7123,451590,136836,1664,1
7124,3248346,984232,1664,1
7125,865038,262113,1664,1
7126,303828,92079,1664,1
7127,684416,207327,1664,1
7128,572980,173540,1664,1
7129,275920,83610,1664,1
7130,444448,134658,1664,1
7131,520096,157567,1664,1
7132,359936,109050,1664,1
7133,834632,252797,1664,1
7134,300762,91145,1664,1
7135,326338,98865,1664,1
7136,452676,137126,1664,1
7137,270138,81865,1664,1
7138,585372,177301,1664,1
7139,550490,166757,1664,1
7140,344572,104399,1664,1
7141,267190,80968,1664,1
7142,590334,178827,1664,1
7143,357222,108266,1664,1
7144,336036,101814,1664,1
7145,516888,156551,1664,1
7146,312630,94724,1664,1
7147,251042,76081,1664,1
7148,362724,109875,1664,1
7149,523628,158590,1664,1
7150,336590,101980,1664,1
7151,874722,265146,1664,1
7152,398434,120729,1664,1
7153,415938,126035,1664,1
7154,613572,185845,1664,1
7155,550320,166699,1664,1
7156,630988,191138,1664,1
7157,1624748,492134,1664,1
7158,489954,148460,1664,1
7159,598096,181228,1664,1
7160,918082,278149,1664,1
7161,428082,129713,1664,1
7162,431186,130619,1664,1
7163,800140,242611,1664,1
7164,290264,87975,1664,1
7165,684734,207417,1664,1
7166,409680,124105,1664,1
7167,576020,174461,1664,1
7168,410718,124401,1664,1
7169,624548,189178,1664,1
7170,421390,127662,1664,1
7171,730160,221175,1664,1
7172,397740,120502,1664,1
7173,251176,76116,1664,1
7174,503800,152587,1664,1
7175,436354,132162,1664,1
7176,3402250,1030668,1664,1
7177,417974,126668,1664,1
7178,414770,125669,1664,1
7179,1231062,373148,1664,1
7180,1670120,505885,1664,1
7181,508444,154263,1664,1
7182,487460,147710,1664,1
7183,538318,163061,1664,1
7184,551624,167134,1664,1
7185,707312,214238,1664,1
7186,392428,118873,1664,1
7187,672352,203663,1664,1
7188,412986,125137,1664,1
7189,1477538,447512,1664,1
7190,436072,132133,1664,1
7191,503080,152425,1664,1
7192,881366,266937,1664,1
7193,397316,120388,1664,1
7194,805132,244047,1664,1
7195,376764,114162,1664,1
7196,1313298,397868,1664,1
7197,1123638,340319,1664,1
7198,460038,139395,1664,1
7199,16091844,4875977,1664,1
7200,514752,155957,1664,1
7201,451186,136704,1664,1
7202,1749044,529729,1664,1
7203,588604,178304,1664,1
7204,496834,150551,1664,1
7205,1565462,474125,1664,1
7206,685692,207675,1664,1
7207,1390278,421075,1664,1
7208,2274284,688843,1664,1
7209,1170830,354813,1664,1
7210,1447776,439537,1664,1
7211,834606,252810,1664,1
7212,578432,175203,1664,1
7213,763538,231300,1664,1
7214,1907812,577792,1664,1
7215,435838,132048,1664,1
7216,419378,127067,1664,1
7217,949824,287712,1664,1
7218,642790,194731,1664,1
7219,527002,159623,1664,1
7220,486098,147263,1664,1
7221,559202,169704,1664,1
7222,566342,171552,1664,1
7223,1746589,529618,1664,1
7224,477816,144859,1664,1
7225,683130,206917,1664,1
7226,952996,288663,1664,1
7227,621324,188224,1664,1
7228,368440,111636,1664,1
7229,1377452,417171,1664,1
7230,665470,201581,1664,1
7231,422266,128025,1664,1
7232,419350,127044,1664,1
7233,1067728,324319,1664,1
7234,457310,138673,1664,1
7235,746228,226042,1664,1
7236,791088,239628,1664,1
7237,754028,228419,1664,1
7238,932742,282549,1664,1
7239,2072476,627791,1664,1
7240,437660,132634,1664,1
7241,586456,177645,1664,1
7242,614142,186182,1664,1
7243,399826,121157,1664,1
7244,764912,231729,1664,1
7245,428794,129890,1664,1
7246,704556,213407,1664,1
7247,545870,165338,1664,1
7248,431768,130791,1664,1
7249,1028606,311549,1664,1
7250,735620,222834,1664,1
7251,446010,135149,1664,1
7252,29198690,8842920,1664,1
7253,847776,256788,1664,1
7254,481728,145961,1664,1
7255,436974,132371,1664,1
7256,572674,173452,1664,1
7257,934288,282959,1664,1
7258,817590,247920,1664,1
7259,3582180,1084803,1664,1
7260,33210778,10057996,1664,1
7261,403570,122275,1664,1
7262,622528,188571,1664,1
7263,611752,185285,1664,1
7264,612708,185719,1664,1
7265,872466,264764,1664,1
7266,779196,236039,1664,1
7267,378040,114532,1664,1
7268,578550,175255,1664,1
7269,366276,110992,1664,1
7270,869526,263367,1664,1
7271,355228,107632,1664,1
7272,487024,147576,1664,1
7273,27212974,8241834,1664,1
7274,1025022,310463,1664,1
7275,662674,200723,1664,1
7276,746078,226002,1664,1
7277,792438,240056,1664,1
7278,784752,237687,1664,1
7279,983526,297909,1664,1
7280,635434,192496,1664,1
7281,1238352,375066,1664,1
7282,1024490,310306,1664,1
7283,1939102,588253,1664,1
7284,985344,298475,1664,1
7285,1170724,354877,1664,1
7286,666724,201974,1664,1
7287,736148,223427,1664,1
7288,437510,132569,1664,1
7289,563650,170900,1664,1
7290,545574,165438,1664,1
7291,541252,163969,1664,1
7292,1428104,432521,1664,1
7293,883020,267459,1664,1
7294,496158,150339,1664,1
7295,456628,138319,1664,1
7296,1260342,381696,1664,1
7297,715842,216850,1664,1
7298,805738,244056,1664,1
7299,649382,196698,1664,1
7300,448094,135772,1664,1
7301,766330,232156,1664,1
7302,449892,136405,1664,1
7303,812812,246215,1664,1
7304,1114448,337559,1664,1
7305,508206,153978,1664,1
7306,993334,300881,1664,1
7307,582650,176545,1664,1
7308,508244,154095,1664,1
7309,764090,231474,1664,1
7310,435356,131957,1664,1
7311,941386,285161,1664,1
7312,655048,198880,1664,1
7313,1436496,435114,1664,1
7314,1045440,316776,1664,1
7315,617958,187229,1664,1
7316,441676,133934,1664,1
7317,547970,166032,1664,1
7318,1242200,376226,1664,1
7319,399682,121122,1664,1
7320,402406,121933,1664,1
7321,1347070,408136,1664,1
7322,2052298,621607,1664,1
7323,944586,286150,1664,1
7324,433490,131313,1664,1
7325,456016,138158,1664,1
7326,293108,88820,1664,1
7327,359976,109068,1664,1
7328,1190268,360490,1664,1
7329,335384,101620,1664,1
7330,474114,143617,1664,1
7331,423010,128156,1664,1
7332,472962,143304,1664,1
7333,1297796,393058,1664,1
7334,889272,269447,1664,1
7335,367408,111585,1664,1
7336,1704428,516208,1664,1
7337,502496,152240,1664,1
7338,593624,179857,1664,1
7339,484364,146744,1664,1
7340,591546,179165,1664,1
7341,744026,225361,1664,1
7342,824130,249656,1664,1
7343,366820,111144,1664,1
7344,438770,132950,1664,1
7345,1663998,503948,1664,1
7346,390682,118368,1664,1
7347,427524,129714,1664,1
7348,939312,284559,1664,1
7349,390748,118445,1664,1
7350,1049848,318365,1664,1
7351,722224,218779,1664,1
7352,674368,204271,1664,1
7353,294064,89113,1664,1
7354,843854,255602,1664,1
7355,587026,177833,1664,1
7356,436692,132299,1664,1
7357,706918,214156,1664,1
7358,317030,96084,1664,1
7359,567362,171890,1664,1
7360,580832,176184,1664,1
7361,364298,110396,1664,1
7362,418894,126881,1664,1
7363,632650,191742,1664,1
7364,459698,139282,1664,1
7365,940056,284717,1664,1
7366,434072,131517,1664,1
7367,835620,253094,1664,1
7368,1101368,333580,1664,1
7369,714242,216329,1664,1
7370,263094,79716,1664,1
7371,419662,127214,1664,1
7372,464166,140599,1664,1
7373,1037000,314087,1664,1
7374,335922,101866,1664,1
7375,461788,139884,1664,1
7376,632626,191648,1664,1
7377,347774,105389,1664,1
7378,259968,78766,1664,1
7379,437296,132477,1664,1
7380,689868,208973,1664,1
7381,366904,111194,1664,1
7382,2092048,634287,1664,1
7383,727616,220460,1664,1
7384,641666,194371,1664,1
7385,3774096,1143534,1664,1
7386,664456,201277,1664,1
7387,421286,127647,1664,1
7388,341008,103319,1664,1
7389,292142,88518,1664,1
7390,441096,133629,1664,1
7391,747716,226465,1664,1
7392,379814,115087,1664,1
7393,485410,147031,1664,1
7394,350524,106208,1664,1
7395,418784,126963,1664,1
7396,274992,83335,1664,1
7397,742984,225057,1664,1
7398,730426,221334,1664,1
7399,871094,263892,1664,1
7400,1489738,451353,1664,1
7401,612150,185432,1664,1
7402,809316,245149,1664,1
7403,466074,141249,1664,1
7404,638330,193375,1664,1
7405,743916,225346,1664,1
7406,902074,273269,1664,1
7407,587452,177973,1664,1
7408,472216,143072,1664,1
7409,1400380,424375,1664,1
7410,482700,146341,1664,1
7411,1134420,343640,1664,1
7412,611476,185238,1664,1
7413,2189022,663232,1664,1
7414,636286,192740,1664,1
7415,469764,142335,1664,1
7416,733300,222126,1664,1
7417,888486,269158,1664,1
7418,449946,136323,1664,1
7419,612426,185491,1664,1
7420,434816,131756,1664,1
7421,2628645,796734,1664,1
7422,1167356,353873,1664,1
7423,498596,151064,1664,1
7424,368722,111729,1664,1
7425,985886,298635,1664,1
7426,673628,204046,1664,1
7427,1777268,538252,1664,1
7428,804108,243574,1664,1
7429,367892,111477,1664,1
7430,304078,92162,1664,1
7431,1106158,335120,1664,1
7432,1163220,352484,1664,1
7433,528114,159996,1664,1
7434,470294,142494,1664,1
7435,591002,179043,1664,1
7436,565598,171344,1664,1
7437,437450,132512,1664,1
7438,1071538,324567,1664,1
7439,1080054,327638,1664,1
7440,1403580,425071,1664,1
7441,820520,248938,1664,1
7442,447078,135462,1664,1
7443,548182,166103,1664,1
7444,931482,282482,1664,1
7445,643934,195093,1664,1
7446,1135424,344263,1664,1
7447,929900,281644,1664,1
7448,2341668,709436,1664,1
7449,691114,209322,1664,1
7450,1003076,303805,1664,1
7451,638706,193491,1664,1
7452,600330,181872,1664,1
7453,1379708,417848,1664,1
7454,711564,215534,1664,1
7455,471192,142948,1664,1
7456,1196240,362325,1664,1
7457,810636,245563,1664,1
7458,1006710,304932,1664,1
7459,478176,144891,1664,1
7460,475656,144118,1664,1
7461,635352,192491,1664,1
7462,952446,288469,1664,1
7463,966358,292716,1664,1
7464,875848,265405,1664,1
7465,744910,225726,1664,1
7466,1278520,387240,1664,1
7467,474288,143704,1664,1
7468,703708,213148,1664,1
7469,786426,238238,1664,1
7470,925829,281279,1664,1
7471,963810,291936,1664,1
7472,846490,256429,1664,1
7473,1394086,422421,1664,1
7474,563976,170863,1664,1
7475,1168784,358142,1664,1
7476,666514,202467,1664,1
7477,477114,144567,1664,1
7478,1264462,383003,1664,1
7479,959272,290905,1664,1
7480,938042,284142,1664,1
7481,543170,164561,1664,1
7482,631828,191452,1664,1
7483,1791624,543115,1664,1
7484,578394,175260,1664,1
7485,4345163,1316551,1664,1
7486,1091538,330640,1664,1
7487,584476,177067,1664,1
7488,688304,208484,1664,1
7489,862324,261201,1664,1
7490,440604,133499,1664,1
7491,553374,167690,1664,1
7492,433046,131202,1664,1
7493,655416,198550,1664,1
7494,1001816,303609,1664,1
7495,506746,153495,1664,1
7496,612026,185398,1664,1
7497,604116,183019,1664,1
7498,642266,194569,1664,1
7499,723684,219229,1664,1
7500,519988,157544,1664,1
7501,638870,193681,1664,1
7502,320450,97115,1664,1
7503,370508,112268,1664,1
7504,409702,124145,1664,1
7505,1683374,509823,1664,1
7506,824338,249709,1664,1
7507,1694981,513689,1664,1
7508,578330,175206,1664,1
7509,434342,131569,1664,1
7510,722496,218881,1664,1
7511,435560,131965,1664,1
7512,1579740,478435,1664,1
7513,943648,285914,1664,1
7514,2103053,637174,1664,1
7515,516674,156539,1664,1
7516,433234,131267,1664,1
7517,511052,154832,1664,1
7518,369104,111829,1664,1
7519,284664,86249,1664,1
7520,333748,101161,1664,1
7521,525738,159256,1664,1
7522,286336,86868,1664,1
7523,401490,121641,1664,1
7524,1036664,313958,1664,1
7525,1287134,389806,1664,1
7526,564948,171236,1664,1
7527,349022,105768,1664,1
7528,692872,209888,1664,1
7529,553160,167572,1664,1
7530,662254,200652,1664,1
7531,388760,117800,1664,1
7532,1347480,412181,1664,1
7533,269744,81734,1664,1
7534,538468,163131,1664,1
7535,708570,214638,1664,1
7536,522126,158182,1664,1
7537,274256,83108,1664,1
7538,266616,80800,1664,1
7539,471566,142942,1664,1
7540,349432,105877,1664,1
7541,274988,83337,1664,1
7542,627932,190249,1664,1
7543,538436,163129,1664,1
7544,347176,105208,1664,1
7545,284890,86306,1664,1
7546,826738,250406,1664,1
7547,502066,152078,1664,1
7548,552446,167367,1664,1
7549,403946,122365,1664,1
7550,789192,239010,1664,1
7551,277016,83948,1664,1
7552,429880,130234,1664,1
7553,338890,102683,1664,1
7554,279244,84621,1664,1
7555,1063764,322161,1664,1
7556,468442,141939,1664,1
7557,892038,270181,1664,1
7558,655734,198626,1664,1
7559,558364,169118,1664,1
7560,466502,141340,1664,1
7561,643708,194986,1664,1
7562,945924,286637,1664,1
7563,476876,144481,1664,1
7564,431546,130728,1664,1
7565,756848,229237,1664,1
7566,971120,294360,1664,1
7567,494412,149791,1664,1
7568,387030,117274,1664,1
7569,596986,181012,1664,1
7570,516798,156582,1664,1
7571,293188,88852,1664,1
7572,435154,131846,1664,1
7573,511490,154937,1664,1
7574,361036,109363,1664,1
7575,570122,172680,1664,1
7576,651660,197407,1664,1
7577,534318,161857,1664,1
7578,804270,243606,1664,1
7579,571796,173185,1664,1
7580,1817014,550800,1664,1
7581,473636,143488,1664,1
7582,684642,207451,1664,1
7583,763422,231244,1664,1
7584,670970,203243,1664,1
7585,995854,301604,1664,1
7586,434802,131899,1664,1
7587,390300,118351,1664,1
7588,593368,179713,1664,1
7589,638893,193916,1664,1
7590,362370,109812,1664,1
7591,709642,214938,1664,1
7592,463980,140622,1664,1
7593,448498,135910,1664,1
7594,2557619,774956,1664,1
7595,1098046,332593,1664,1
7596,3382650,1025171,1664,1
7597,654060,198147,1664,1
7598,710778,215322,1664,1
7599,2078534,629510,1664,1
7600,713474,216097,1664,1
7601,1985858,601426,1664,1
7602,475272,143991,1664,1
7603,519058,157270,1664,1
7604,459914,139329,1664,1
7605,856604,259437,1664,1
7606,568156,172107,1664,1
7607,305870,92688,1664,1
7608,1231262,372933,1664,1
7609,648094,196309,1664,1
7610,313158,94901,1664,1
7611,706730,214091,1664,1
7612,302580,91661,1664,1
7613,1166036,353148,1664,1
7614,553682,167699,1664,1
7615,301328,91281,1664,1
7616,486810,147497,1664,1
7617,403818,122365,1664,1
7618,398424,120723,1664,1
7619,373430,113118,1664,1
7620,519900,157480,1664,1
7621,576942,174810,1664,1
7622,732610,222233,1664,1
7623,1857448,563832,1664,1
7624,686700,208017,1664,1
7625,739924,224297,1664,1
7626,599730,181710,1664,1
7627,655000,198423,1664,1
7628,1170406,354496,1664,1
7629,445388,134955,1664,1
7630,462368,140106,1664,1
7631,692910,210023,1664,1
7632,2811470,852657,1664,1
7633,885570,268257,1664,1
7634,523306,158506,1664,1
7635,1370866,415730,1664,1
7636,490080,148442,1664,1
7637,382546,115885,1664,1
7638,420678,127431,1664,1
7639,517292,156693,1664,1
7640,1034456,313336,1664,1
7641,721662,218627,1664,1
7642,575244,174285,1664,1
7643,8308213,2516898,1664,1
7644,704442,213427,1664,1
7645,470028,142427,1664,1
7646,549736,166562,1664,1
7647,1645364,498340,1664,1
7648,365936,110895,1664,1
7649,489832,148382,1664,1
7650,464146,140591,1664,1
7651,856994,259632,1664,1
7652,408302,123722,1664,1
7653,378810,114774,1664,1
7654,1176252,356231,1664,1
7655,655870,198876,1664,1
7656,354268,107321,1664,1
7657,507892,153887,1664,1
7658,1095816,331875,1664,1
7659,1197090,362660,1664,1
7660,304472,92266,1664,1
7661,992898,300750,1664,1
7662,420640,127412,1664,1
7663,647896,196294,1664,1
7664,516314,156394,1664,1
7665,1864504,564639,1664,1
7666,428260,129787,1664,1
7667,526436,159491,1664,1
7668,660916,200193,1664,1
7669,423958,128455,1664,1
7670,558110,169080,1664,1
7671,390344,118250,1664,1
7672,1160736,352391,1664,1
7673,434026,131507,1664,1
7674,534810,162008,1664,1
7675,581308,176170,1664,1
7676,389378,117992,1664,1
7677,459992,139341,1664,1
7678,441768,133840,1664,1
7679,779306,236046,1664,1
7680,618316,187433,1664,1
7681,509960,154594,1664,1
7682,523172,158498,1664,1
7683,427290,129536,1664,1
7684,1002086,303554,1664,1
7685,567310,171870,1664,1
7686,2204684,667935,1664,1
7687,745764,225942,1664,1
7688,1856696,563461,1664,1
7689,501980,152046,1664,1
7690,404282,122489,1664,1
7691,418552,126780,1664,1
7692,1324696,401580,1664,1
7693,525620,159248,1664,1
7694,421326,127659,1664,1
7695,499768,151379,1664,1
7696,541942,164184,1664,1
7697,473802,143528,1664,1
7698,1041674,316451,1664,1
7699,1320546,400357,1664,1
7700,816006,247173,1664,1
7701,475712,144217,1664,1
7702,937706,284101,1664,1
7703,437128,132495,1664,1
7704,786836,238490,1664,1
7705,1454819,440865,1664,1
7706,690488,209163,1664,1
7707,492622,149259,1664,1
7708,513652,155620,1664,1
7709,524468,158895,1664,1
7710,576306,174607,1664,1
7711,679196,205732,1664,1
7712,504576,152871,1664,1
7713,447642,135634,1664,1
7714,1211484,367016,1664,1
7715,443592,134401,1664,1
7716,731606,221601,1664,1
7717,482696,146253,1664,1
7718,889356,269345,1664,1
7719,395038,119689,1664,1
7720,1307772,396099,1664,1
7721,702800,213019,1664,1
7722,1652306,500578,1664,1
7723,1418947,430010,1664,1
7724,3062808,928073,1664,1
7725,989412,299984,1664,1
7726,549760,166579,1664,1
7727,497646,150795,1664,1
7728,452866,137223,1664,1
7729,872656,264316,1664,1
7730,632792,191666,1664,1
7731,468676,141958,1664,1
7732,308420,93428,1664,1
7733,765566,231889,1664,1
7734,483556,146895,1664,1
7735,544416,164925,1664,1
7736,669358,202790,1664,1
7737,544522,165177,1664,1
7738,674426,204420,1664,1
7739,861606,260992,1664,1
7740,615066,186309,1664,1
7741,1559942,473210,1664,1
7742,1131726,343484,1664,1
7743,635358,192472,1664,1
7744,751728,227687,1664,1
7745,421450,127680,1664,1
7746,1508576,457500,1664,1
7747,458266,138850,1664,1
7748,466516,141371,1664,1
7749,459168,139095,1664,1
7750,1079600,327123,1664,1
7751,605760,183515,1664,1
7752,921372,279272,1664,1
7753,579000,175396,1664,1
7754,454714,137747,1664,1
7755,314612,95344,1664,1
7756,742730,224992,1664,1
7757,381768,115681,1664,1
7758,305622,92614,1664,1
7759,302232,91586,1664,1
7760,369272,111857,1664,1
7761,1785738,540778,1664,1
7762,367118,111232,1664,1
7763,403526,122285,1664,1
7764,449932,136318,1664,1
7765,777614,235530,1664,1
7766,526034,159361,1664,1
7767,1629036,493374,1664,1
7768,1052926,318876,1664,1
7769,409570,124088,1664,1
7770,477260,144767,1664,1
7771,622822,188684,1664,1
7772,787660,238930,1664,1
7773,1722633,522203,1664,1
7774,470474,142541,1664,1
7775,305422,92531,1664,1
7776,453252,137329,1664,1
7777,1324272,401399,1664,1
7778,1525651,462396,1664,1
7779,1293752,392127,1664,1
7780,545292,165214,1664,1
7781,2997133,908011,1664,1
7782,812660,246525,1664,1
7783,765610,232045,1664,1
7784,490174,148525,1664,1
7785,557864,169004,1664,1
7786,1080680,327329,1664,1
7787,957032,290115,1664,1
7788,412416,124929,1664,1
7789,883542,267913,1664,1
7790,2420298,733547,1664,1
7791,546662,165609,1664,1
7792,1353300,410419,1664,1
7793,550832,166952,1664,1
7794,446888,135411,1664,1
7795,576378,174621,1664,1
7796,546538,165563,1664,1
7797,781796,236828,1664,1
7798,1051164,318386,1664,1
7799,676752,205020,1664,1
7800,980236,296878,1664,1
7801,451708,136864,1664,1
7802,1051638,318527,1664,1
7803,1714874,519577,1664,1
7804,763322,231234,1664,1
7805,443366,134313,1664,1
7806,459436,139162,1664,1
7807,377376,114351,1664,1
7808,618966,187653,1664,1
7809,509662,154439,1664,1
7810,622438,188779,1664,1
7811,302544,91684,1664,1
7812,528740,160192,1664,1
7813,511002,154804,1664,1
7814,1087936,329525,1664,1
7815,887792,269318,1664,1
7816,749924,227164,1664,1
7817,454434,137702,1664,1
7818,419752,127187,1664,1
7819,600974,182059,1664,1
7820,409776,124153,1664,1
7821,590834,180244,1664,1
7822,579730,175647,1664,1
7823,673402,204076,1664,1
7824,459550,139239,1664,1
7825,364632,110499,1664,1
7826,414258,125525,1664,1
7827,444224,134600,1664,1
7828,642176,194544,1664,1
7829,1006566,304902,1664,1
7830,780544,236488,1664,1
7831,1119130,339507,1664,1
7832,539722,163533,1664,1
7833,1215040,367978,1664,1
7834,927781,281565,1664,1
7835,2724683,856283,1664,1
7836,307502,93183,1664,1
7837,689386,208851,1664,1
7838,521078,159181,1664,1
7839,721628,218664,1664,1
7840,905786,274457,1664,1
7841,928412,281975,1664,1
7842,872900,264446,1664,1
7843,969796,293780,1664,1
7844,864024,261718,1664,1
7845,379588,115000,1664,1
7846,572900,173530,1664,1
7847,712724,215874,1664,1
7848,546814,165667,1664,1
7849,2126362,644321,1664,1
7850,1487078,450745,1664,1
7851,782660,237751,1664,1
7852,386430,117053,1664,1
7853,611052,185100,1664,1
7854,1480664,449138,1664,1
7855,816556,247431,1664,1
7856,1350549,410167,1664,1
7857,442984,134204,1664,1
7858,1103396,334349,1664,1
7859,876545,266234,1664,1
7860,463972,140600,1664,1
7861,488330,147969,1664,1
7862,699266,211858,1664,1
7863,764214,231559,1664,1
7864,919648,278558,1664,1
7865,1306368,395679,1664,1
7866,1258320,381541,1664,1
7867,552678,167446,1664,1
7868,1175336,355990,1664,1
7869,1352326,409570,1664,1
7870,680376,206064,1664,1
7871,1208042,365894,1664,1
7872,703558,213359,1664,1
7873,742566,225850,1664,1
7874,448784,135996,1664,1
7875,1063096,322175,1664,1
7876,665662,201644,1664,1
7877,1224838,371370,1664,1
7878,549283,166592,1664,1
7879,1053942,319420,1664,1
7880,898934,272272,1664,1
7881,1609330,487854,1664,1
7882,471926,143003,1664,1
7883,777640,235544,1664,1
7884,574796,174147,1664,1
7885,1205720,365304,1664,1
7886,518556,157198,1664,1
7887,655632,198610,1664,1
7888,664586,201340,1664,1
7889,467216,141516,1664,1
7890,663062,200842,1664,1
7891,2106744,638286,1664,1
7892,357546,108349,1664,1
7893,560322,169855,1664,1
7894,648940,196708,1664,1
7895,777080,235391,1664,1
7896,538946,163272,1664,1
7897,437990,132698,1664,1
7898,366680,111089,1664,1
7899,611552,185265,1664,1
7900,385456,116772,1664,1
7901,367348,111319,1664,1
7902,327724,99317,1664,1
7903,647716,196352,1664,1
7904,488992,148153,1664,1
7905,870584,263695,1664,1
7906,447330,135518,1664,1
7907,345188,104573,1664,1
7908,279372,84717,1664,1
7909,1136236,344292,1664,1
7910,1087220,329367,1664,1
7911,458272,138893,1664,1
7912,933144,282714,1664,1
7913,479482,145275,1664,1
7914,676500,204990,1664,1
7915,906680,274685,1664,1
7916,1647161,499162,1664,1
7917,1995872,604765,1664,1
7918,496694,150495,1664,1
7919,467620,141673,1664,1
7920,1203802,365046,1664,1
7921,483460,146508,1664,1
7922,623558,188904,1664,1
7923,1072212,324759,1664,1
7924,814886,246832,1664,1
7925,1205350,365431,1664,1
7926,1574186,476775,1664,1
7927,462754,140200,1664,1
7928,1471960,445821,1664,1
7929,741396,224595,1664,1
7930,652734,197713,1664,1
7931,304868,92383,1664,1
7932,1155389,351275,1664,1
7933,982966,297755,1664,1
7934,694368,210349,1664,1
7935,6997932,2120099,1664,1
7936,436298,132205,1664,1
7937,6856574,2076906,1664,1
7938,1100730,333363,1664,1
7939,1073524,325114,1664,1
7940,473742,143542,1664,1
7941,678734,205599,1664,1
7942,886028,268433,1664,1
7943,740082,224320,1664,1
7944,635650,192579,1664,1
7945,796080,241364,1664,1
7946,894338,271581,1664,1
7947,443836,134486,1664,1
7948,455308,137954,1664,1
7949,454606,137715,1664,1
7950,1550084,469478,1664,1
7951,492032,149077,1664,1
7952,809044,245063,1664,1
7953,812284,246053,1664,1
7954,561892,170267,1664,1
7955,373644,113217,1664,1
7956,506068,153293,1664,1
7957,925914,280577,1664,1
7958,654406,198244,1664,1
7959,467826,141737,1664,1
7960,447268,135520,1664,1
7961,564200,170920,1664,1
7962,726984,220258,1664,1
7963,693908,210171,1664,1
7964,1063748,322202,1664,1
7965,557480,168893,1664,1
7966,1352503,410412,1664,1
7967,1232222,373225,1664,1
7968,1875362,568426,1664,1
7969,1200576,363920,1664,1
7970,581857,176616,1664,1
7971,1180732,357646,1664,1
7972,563032,170665,1664,1
7973,420324,127352,1664,1
7974,941544,285211,1664,1
7975,301746,91436,1664,1
7976,380220,115192,1664,1
7977,483024,146506,1664,1
7978,484228,146718,1664,1
7979,1168768,353987,1664,1
7980,360594,109256,1664,1
7981,781014,236752,1664,1
7982,295492,89545,1664,1
7983,292670,88662,1664,1
7984,454512,137737,1664,1
7985,821556,248992,1664,1
7986,766206,232110,1664,1
7987,742548,224954,1664,1
7988,453658,137549,1664,1
7989,1415532,428734,1664,1
7990,1803326,546254,1664,1
7991,659055,200124,1664,1
7992,12276621,3718661,1664,1
7993,731030,221438,1664,1
7994,947942,287095,1664,1
7995,318000,96332,1664,1
7996,298534,90467,1664,1
7997,283682,86041,1664,1
7998,611388,185186,1664,1
7999,585814,177444,1664,1
8000,375968,113942,1664,1
8001,433714,131417,1664,1
8002,443816,134653,1664,1
8003,1468150,444975,1664,1
8004,1232696,373363,1664,1
8005,1033572,313085,1664,1
8006,753080,228107,1664,1
8007,885966,268472,1664,1
8008,466892,141475,1664,1
8009,1126916,341341,1664,1
8010,525352,159175,1664,1
8011,472056,143004,1664,1
8012,467140,141608,1664,1
8013,632574,191651,1664,1
8014,754548,228544,1664,1
8015,309836,93863,1664,1
8016,2848280,863313,1664,1
8017,754402,228604,1664,1
8018,441362,134058,1664,1
8019,372892,112997,1664,1
8020,327072,99123,1664,1
8021,381974,115734,1664,1
8022,602948,182732,1664,1
8023,565212,171231,1664,1
8024,450314,136453,1664,1
8025,726950,220298,1664,1
8026,849846,257455,1664,1
8027,588012,178163,1664,1
8028,528990,160274,1664,1
8029,566334,171568,1664,1
8030,420646,127462,1664,1
8031,313218,94919,1664,1
8032,382130,115787,1664,1
8033,761706,230719,1664,1
8034,537658,162847,1664,1
8035,1712544,518649,1664,1
8036,308850,93593,1664,1
8037,1671446,506232,1664,1
8038,593548,179818,1664,1
8039,387208,117335,1664,1
8040,760002,230203,1664,1
8041,670482,203659,1664,1
8042,584946,177196,1664,1
8043,521750,158061,1664,1
8044,1420890,430749,1664,1
8045,747152,226751,1664,1
8046,712386,215809,1664,1
8047,401008,121497,1664,1
8048,303258,91867,1664,1
8049,292980,88783,1664,1
8050,364228,110334,1664,1
8051,669150,203262,1664,1
8052,322994,97887,1664,1
8053,419590,127139,1664,1
8054,875686,265258,1664,1
8055,2252722,683071,1664,1
8056,419218,127011,1664,1
8057,531612,161057,1664,1
8058,444238,134602,1664,1
8059,389106,117881,1664,1
8060,691846,209565,1664,1
8061,470962,142675,1664,1
8062,825398,250054,1664,1
8063,437644,132613,1664,1
8064,823216,249390,1664,1
8065,453982,137565,1664,1
8066,836702,253653,1664,1
8067,697646,211298,1664,1
8068,816994,247448,1664,1
8069,2012380,609485,1664,1
8070,855798,259544,1664,1
8071,836926,253475,1664,1
8072,958546,290336,1664,1
8073,537042,162716,1664,1
8074,656948,199028,1664,1
8075,674230,204649,1664,1
8076,447208,135472,1664,1
8077,784416,237600,1664,1
8078,562584,170945,1664,1
8079,672177,204260,1664,1
8080,749047,227171,1664,1
8081,710622,215518,1664,1
8082,612023,185797,1664,1
8083,764504,231593,1664,1
8084,490766,148685,1664,1
8085,1212090,367745,1664,1
8086,371366,112553,1664,1
8087,4040698,1224078,1664,1
8088,2250090,682019,1664,1
8089,433988,131646,1664,1
8090,574386,174018,1664,1
8091,607676,184083,1664,1
8092,519728,157460,1664,1
8093,616542,186767,1664,1
8094,624532,189204,1664,1
8095,433582,131341,1664,1
8096,664562,201357,1664,1
8097,512852,155386,1664,1
8098,882746,267350,1664,1
8099,844964,255957,1664,1
8100,617182,186954,1664,1
8101,304938,92408,1664,1
8102,901158,273033,1664,1
8103,916715,278337,1664,1
8104,1043962,316657,1664,1
8105,1996996,604819,1664,1
8106,905768,274372,1664,1
8107,545380,165229,1664,1
8108,1151994,348873,1664,1
8109,568622,172543,1664,1
8110,1174567,356100,1664,1
8111,656212,198813,1664,1
8112,461332,139770,1664,1
8113,586114,177567,1664,1
8114,462512,140138,1664,1
8115,581868,176280,1664,1
8116,585600,177412,1664,1
8117,577060,174839,1664,1
8118,690834,209536,1664,1
8119,696398,210950,1664,1
8120,471472,142836,1664,1
8121,1247824,377971,1664,1
8122,750054,227211,1664,1
8123,592704,179537,1664,1
8124,1270726,385433,1664,1
8125,658070,199373,1664,1
8126,1194266,361747,1664,1
8127,855042,259123,1664,1
8128,1842680,558885,1664,1
8129,1183972,358628,1664,1
8130,443126,134283,1664,1
8131,435174,131858,1664,1
8132,1030904,312540,1664,1
8133,461484,139846,1664,1
8134,437644,132611,1664,1
8135,455276,137921,1664,1
8136,699322,211870,1664,1
8137,1138692,344943,1664,1
8138,590206,178821,1664,1
8139,1127968,341752,1664,1
8140,445482,134977,1664,1
8141,528738,160260,1664,1
8142,1365364,413537,1664,1
8143,985386,298585,1664,1
8144,1519254,460344,1664,1
8145,437358,132536,1664,1
8146,3469060,1051378,1664,1
8147,1277396,386877,1664,1
8148,812214,246072,1664,1
8149,1138842,345067,1664,1
8150,1316076,398696,1664,1
8151,2159280,654026,1664,1
8152,1320386,399940,1664,1
8153,1128385,342218,1664,1
8154,603510,182837,1664,1
8155,1833066,555397,1664,1
8156,943336,285840,1664,1
8157,931610,282301,1664,1
8158,449734,136252,1664,1
8159,554378,167918,1664,1
8160,450444,136476,1664,1
8161,841356,254883,1664,1
8162,1888336,571892,1664,1
8163,595550,180413,1664,1
8164,1619768,490584,1664,1
8165,721320,218505,1664,1
8166,545414,165244,1664,1
8167,1384287,420339,1664,1
8168,1017510,309418,1664,1
8169,472838,143302,1664,1
8170,664552,201275,1664,1
8171,581802,176262,1664,1
8172,624414,189140,1664,1
8173,559366,169653,1664,1
8174,875514,266100,1664,1
8175,1414140,428914,1664,1
8176,1471736,445743,1664,1
8177,1426730,432246,1664,1
8178,570300,172787,1664,1
8179,1075418,332626,1664,1
8180,488746,148589,1664,1
8181,575290,174372,1664,1
8182,425238,128853,1664,1
8183,1807004,547310,1664,1
8184,1574098,476955,1664,1
8185,306694,92938,1664,1
8186,439748,133213,1664,1
8187,464826,140845,1664,1
8188,549430,166469,1664,1
8189,2095312,634672,1664,1
8190,756162,229493,1664,1
8191,719019,218385,1664,1
8192,891045,270314,1664,1
8193,469546,142252,1664,1
8194,1243913,377096,1664,1
8195,972736,294635,1664,1
8196,810832,245619,1664,1
8197,547820,165961,1664,1
8198,1281120,388177,1664,1
8199,400182,121267,1664,1
8200,400744,121415,1664,1
8201,1171862,355072,1664,1
8202,1524454,461711,1664,1
8203,951202,288439,1664,1
8204,411690,124737,1664,1
8205,951698,288250,1664,1
8206,1141134,345627,1664,1
8207,1138476,344818,1664,1
8208,575730,174427,1664,1
8209,2496272,756361,1664,1
8210,1422228,430758,1664,1
8211,653626,198039,1664,1
8212,1212404,367412,1664,1
8213,735131,223223,1664,1
8214,547256,165797,1664,1
8215,749874,227123,1664,1
8216,302340,91604,1664,1
8217,607186,183922,1664,1
8218,538054,162995,1664,1
8219,453166,137261,1664,1
8220,305760,92661,1664,1
8221,839768,254358,1664,1
8222,321136,97323,1664,1
8223,382354,115864,1664,1
8224,922416,279493,1664,1
8225,449742,136267,1664,1
8226,657738,199240,1664,1
8227,519740,157453,1664,1
8228,434546,131623,1664,1
8229,366468,111021,1664,1
8230,511412,154917,1664,1
8231,985860,298613,1664,1
8232,527398,159770,1664,1
8233,438722,132916,1664,1
8234,948018,287139,1664,1
8235,349596,105941,1664,1
8236,545730,165291,1664,1
8237,1212556,367443,1664,1
8238,1201236,364012,1664,1
8239,915230,277213,1664,1
8240,388468,117688,1664,1
8241,490578,148711,1664,1
8242,621960,188427,1664,1
8243,680992,206315,1664,1
8244,656704,198937,1664,1
8245,842512,255218,1664,1
8246,360986,109394,1664,1
8247,851552,258271,1664,1
8248,446278,135197,1664,1
8249,1134444,343700,1664,1
8250,446012,135151,1664,1
8251,600054,181799,1664,1
8252,869388,263421,1664,1
8253,789552,239450,1664,1
8254,1392380,422250,1664,1
8255,583012,176595,1664,1
8256,427314,129451,1664,1
8257,294484,89247,1664,1
8258,918704,278261,1664,1
8259,1237988,375056,1664,1
8260,294014,89098,1664,1
8261,306178,92794,1664,1
8262,940060,284986,1664,1
8263,2106852,638061,1664,1
8264,1038282,314491,1664,1
8265,609780,184735,1664,1
8266,519194,157307,1664,1
8267,645824,195628,1664,1
8268,450478,136472,1664,1
8269,347204,105200,1664,1
8270,383836,116313,1664,1
8271,907412,274908,1664,1
8272,604374,183162,1664,1
8273,1011128,306316,1664,1
8274,972658,294724,1664,1
8275,890710,269989,1664,1
8276,314476,95305,1664,1
8277,549850,166563,1664,1
8278,623988,189116,1664,1
8279,419466,127101,1664,1
8280,724094,219379,1664,1
8281,660718,200266,1664,1
8282,746272,226062,1664,1
8283,1063477,323101,1664,1
8284,2015144,610334,1664,1
8285,928690,281530,1664,1
8286,732806,221986,1664,1
8287,950270,287841,1664,1
8288,624660,189209,1664,1
8289,811944,245930,1664,1
8290,1043612,316564,1664,1
8291,561156,170003,1664,1
8292,513170,155459,1664,1
8293,833916,252770,1664,1
8294,440120,133318,1664,1
8295,680968,206244,1664,1
8296,1115952,337969,1664,1
8297,533228,161551,1664,1
8298,720086,218125,1664,1
8299,2015820,610496,1664,1
8300,954762,289193,1664,1
8301,724612,219542,1664,1
8302,2500875,761491,1664,1
8303,949476,287612,1664,1
8304,2885606,874799,1664,1
8305,987462,299131,1664,1
8306,857804,259841,1664,1
8307,482808,146290,1664,1
8308,3357190,1017031,1664,1
8309,1619730,490562,1664,1
8310,493864,149645,1664,1
8311,944846,286201,1664,1
8312,554634,168328,1664,1
8313,1540132,466516,1664,1
8314,304126,92162,1664,1
8315,626234,189668,1664,1
8316,766286,232091,1664,1
8317,536844,162616,1664,1
8318,532590,161387,1664,1
8319,397498,120436,1664,1
8320,692870,209898,1664,1
8321,535866,162384,1664,1
8322,568476,172201,1664,1
8323,591014,179047,1664,1
8324,536392,162493,1664,1
8325,299416,90734,1664,1
8326,367526,111331,1664,1
8327,366880,111135,1664,1
8328,294094,89093,1664,1
8329,361408,109508,1664,1
8330,514664,155924,1664,1
8331,344428,104368,1664,1
8332,573766,173888,1664,1
8333,285884,86631,1664,1
8334,355828,107865,1664,1
8335,286930,86952,1664,1
8336,868818,263152,1664,1
8337,6716734,2034798,1664,1
8338,581896,176289,1664,1
8339,1072804,325122,1664,1
8340,286728,86888,1664,1
8341,916800,277726,1664,1
8342,668074,202393,1664,1
8343,451324,136715,1664,1
8344,1312928,397659,1664,1
8345,548308,166186,1664,1
8346,646144,195904,1664,1
8347,483022,146332,1664,1
8348,473368,143377,1664,1
8349,856422,259441,1664,1
8350,736118,223193,1664,1
8351,329374,99817,1664,1
8352,446482,135235,1664,1
8353,574060,173910,1664,1
8354,666746,202056,1664,1
8355,380978,115423,1664,1
8356,391632,118674,1664,1
8357,484534,146800,1664,1
8358,459376,139264,1664,1
8359,399198,120959,1664,1
8360,361038,109380,1664,1
8361,517860,156892,1664,1
8362,450554,136502,1664,1
8363,662490,200688,1664,1
8364,1053066,318945,1664,1
8365,268674,81418,1664,1
8366,796462,241223,1664,1
8367,355686,107740,1664,1
8368,331290,100357,1664,1
8369,366976,111198,1664,1
8370,258668,78362,1664,1
8371,387126,117260,1664,1
8372,753884,228334,1664,1
8373,258818,78421,1664,1
8374,621648,188295,1664,1
8375,594766,180268,1664,1
8376,880232,266661,1664,1
8377,344930,104510,1664,1
8378,258314,78280,1664,1
8379,383027,116501,1664,1
8380,1095072,331650,1664,1
8381,401342,121605,1664,1
8382,449436,136155,1664,1
8383,506652,153482,1664,1
8384,602938,182648,1664,1
8385,321406,97391,1664,1
8386,636160,192671,1664,1
8387,582860,176569,1664,1
8388,2003520,607143,1664,1
8389,1525032,461965,1664,1
8390,566398,171720,1664,1
8391,468860,142032,1664,1
8392,343896,104194,1664,1
8393,267064,80902,1664,1
8394,669026,202670,1664,1
8395,1069550,324127,1664,1
8396,725178,219666,1664,1
8397,468008,141794,1664,1
8398,417654,126543,1664,1
8399,481226,145807,1664,1
8400,426064,129069,1664,1
8401,617896,187145,1664,1
8402,785784,238150,1664,1
8403,551502,167102,1664,1
8404,436312,132204,1664,1
8405,598594,181323,1664,1
8406,544118,164806,1664,1
8407,525924,159350,1664,1
8408,947160,287079,1664,1
8409,779796,236215,1664,1
8410,531108,160987,1664,1
8411,767102,232393,1664,1
8412,666974,202205,1664,1
8413,1614044,489019,1664,1
8414,2274275,689126,1664,1
8415,451254,136742,1664,1
8416,515230,156104,1664,1
8417,500458,151638,1664,1
8418,1916827,581139,1664,1
8419,526240,159477,1664,1
8420,465536,141022,1664,1
8421,801813,243204,1664,1
8422,726074,220293,1664,1
8423,1076205,326268,1664,1
8424,984900,298333,1664,1
8425,443908,134512,1664,1
8426,818580,247961,1664,1
8427,942008,285578,1664,1
8428,458616,138970,1664,1
8429,690530,209171,1664,1
8430,754368,228524,1664,1
8431,533350,161821,1664,1
8432,477478,144785,1664,1
8433,1066228,323038,1664,1
8434,495594,150145,1664,1
8435,770746,233465,1664,1
8436,568204,172142,1664,1
8437,893762,270695,1664,1
8438,370334,112214,1664,1
8439,370296,112370,1664,1
8440,399128,120942,1664,1
8441,991780,300375,1664,1
8442,611344,185304,1664,1
8443,479236,145220,1664,1
8444,599666,181636,1664,1
8445,1225758,371253,1664,1
8446,499496,151342,1664,1
8447,1421120,430489,1664,1
8448,4190897,1269846,1664,1
8449,911506,276502,1664,1
8450,1006374,304940,1664,1
8451,699278,211832,1664,1
8452,918652,278292,1664,1
8453,563730,171030,1664,1
8454,394276,119481,1664,1
8455,476722,144506,1664,1
8456,759172,229949,1664,1
8457,677200,205146,1664,1
8458,543738,164733,1664,1
8459,753194,228144,1664,1
8460,923792,279801,1664,1
8461,734936,222643,1664,1
8462,801520,242803,1664,1
8463,468514,141954,1664,1
8464,1146286,347198,1664,1
8465,451958,136928,1664,1
8466,603420,182810,1664,1
8467,1250584,378776,1664,1
8468,604288,183079,1664,1
8469,945214,286302,1664,1
8470,1940976,588292,1664,1
8471,548660,166234,1664,1
8472,671254,203377,1664,1
8473,588700,178353,1664,1
8474,633442,192128,1664,1
8475,1254226,380000,1664,1
8476,2248462,681255,1664,1
8477,997402,302112,1664,1
8478,977262,296069,1664,1
8479,771800,233913,1664,1
8480,1888496,572163,1664,1
8481,618626,187429,1664,1
8482,1125488,341026,1664,1
8483,1447696,438458,1664,1
8484,974362,295136,1664,1
8485,965076,292337,1664,1
8486,714130,216339,1664,1
8487,1080910,327415,1664,1
8488,979248,296873,1664,1
8489,1333410,403876,1664,1
8490,693178,210043,1664,1
8491,789188,239065,1664,1
8492,13785398,4176553,1664,1
8493,436138,132129,1664,1
8494,607968,184145,1664,1
8495,1747928,529375,1664,1
8496,489010,148138,1664,1
8497,2229674,675775,1664,1
8498,464196,140654,1664,1
8499,2147650,651332,1664,1
8500,700516,212221,1664,1
8501,624456,189211,1664,1
8502,1004940,304390,1664,1
8503,1271890,385219,1664,1
8504,1848736,559951,1664,1
8505,582268,176397,1664,1
8506,510114,154569,1664,1
8507,1214252,367757,1664,1
8508,476450,144366,1664,1
8509,738934,223859,1664,1
8510,870760,263764,1664,1
8511,700872,212300,1664,1
8512,1756150,531950,1664,1
8513,2051756,622032,1664,1
8514,755406,228845,1664,1
8515,1215500,368153,1664,1
8516,547316,165884,1664,1
8517,448588,135968,1664,1
8518,1884848,570837,1664,1
8519,1909992,578552,1664,1
8520,752906,228079,1664,1
8521,569616,172565,1664,1
8522,1349926,408868,1664,1
8523,1590702,481802,1664,1
8524,547440,165891,1664,1
8525,1340856,406196,1664,1
8526,625575,189774,1664,1
8527,466980,141479,1664,1
8528,1414912,428631,1664,1
8529,1190858,360706,1664,1
8530,2807597,851801,1664,1
8531,567476,171942,1664,1
8532,1210598,366680,1664,1
8533,1511638,457834,1664,1
8534,571374,173117,1664,1
8535,2289194,694133,1664,1
8536,761572,230691,1664,1
8537,637258,193083,1664,1
8538,1563326,473501,1664,1
8539,382312,115857,1664,1
8540,2002644,606519,1664,1
8541,875680,265264,1664,1
8542,1044672,316425,1664,1
8543,585748,177419,1664,1
8544,1803279,547284,1664,1
8545,478258,144916,1664,1
8546,1381174,418712,1664,1
8547,909364,275450,1664,1
8548,628828,190504,1664,1
8549,1568212,474935,1664,1
8550,726700,220131,1664,1
8551,478122,144860,1664,1
8552,807252,244502,1664,1
8553,612906,185650,1664,1
8554,302550,91669,1664,1
8555,1269697,385194,1664,1
8556,1437687,435872,1664,1
8557,376614,114100,1664,1
8558,483646,146535,1664,1
8559,488510,148002,1664,1
8560,291224,88258,1664,1
8561,346342,104925,1664,1
8562,342346,103711,1664,1
8563,2387374,723023,1664,1
8564,1637936,496357,1664,1
8565,513572,155599,1664,1
8566,308386,93461,1664,1
8567,361268,109459,1664,1
8568,275328,83423,1664,1
8569,275858,83586,1664,1
8570,937910,284060,1664,1
8571,564246,170916,1664,1
8572,411744,124731,1664,1
8573,278670,84447,1664,1
8574,358532,108616,1664,1
8575,364276,110370,1664,1
8576,343448,104061,1664,1
8577,601548,182206,1664,1
8578,571554,173141,1664,1
8579,421772,127800,1664,1
8580,939376,284538,1664,1
8581,916580,277686,1664,1
8582,739126,223883,1664,1
8583,363386,110078,1664,1
8584,597544,181032,1664,1
8585,320346,97088,1664,1
8586,718786,217736,1664,1
8587,793064,240225,1664,1
8588,587246,177920,1664,1
8589,1322213,400890,1664,1
8590,293146,88805,1664,1
8591,427752,129573,1664,1
8592,645424,195501,1664,1
8593,971832,294391,1664,1
8594,832380,252148,1664,1
8595,441654,133782,1664,1
8596,533080,161472,1664,1
8597,688358,208509,1664,1
8598,752780,228039,1664,1
8599,411322,124633,1664,1
8600,762098,230854,1664,1
8601,286676,86880,1664,1
8602,340302,103112,1664,1
8603,361338,109485,1664,1
8604,1228814,372134,1664,1
8605,392820,118998,1664,1
8606,330954,100279,1664,1
8607,366670,111069,1664,1
8608,268274,81269,1664,1
8609,473422,143519,1664,1
8610,713190,216130,1664,1
8611,397626,120483,1664,1
8612,711938,215659,1664,1
8613,267614,81069,1664,1
8614,804374,243624,1664,1
8615,833654,252520,1664,1
8616,404148,122445,1664,1
8617,404172,122605,1664,1
8618,1412862,427908,1664,1
8619,443830,134473,1664,1
8620,765844,232232,1664,1
8621,679012,205867,1664,1
8622,1345053,407818,1664,1
8623,973662,295113,1664,1
8624,436506,132239,1664,1
8625,517714,156819,1664,1
8626,648142,196479,1664,1
8627,699964,212033,1664,1
8628,382194,115802,1664,1
8629,736209,223273,1664,1
8630,463490,140427,1664,1
8631,354040,107272,1664,1
8632,553380,167623,1664,1
8633,275388,83438,1664,1
8634,445024,134831,1664,1
8635,519176,157285,1664,1
8636,477914,144840,1664,1
8637,490072,148491,1664,1
8638,813874,246541,1664,1
8639,867558,262787,1664,1
8640,665570,201605,1664,1
8641,433522,131385,1664,1
8642,418132,126660,1664,1
8643,951348,288206,1664,1
8644,779852,236320,1664,1
8645,500872,151743,1664,1
8646,781660,236985,1664,1
8647,573612,173855,1664,1
8648,2289558,693796,1664,1
8649,936810,283859,1664,1
8650,581404,176144,1664,1
8651,546536,165586,1664,1
8652,709772,214978,1664,1
8653,539184,163310,1664,1
8654,633942,192047,1664,1
8655,537020,162691,1664,1
8656,1208424,366073,1664,1
8657,819522,248251,1664,1
8658,630698,191172,1664,1
8659,860280,260581,1664,1
8660,435372,131923,1664,1
8661,466338,141393,1664,1
8662,903050,273647,1664,1
8663,1378426,417666,1664,1
8664,1395158,423260,1664,1
8665,566182,171561,1664,1
8666,538576,163161,1664,1
8667,556744,168745,1664,1
8668,655132,198446,1664,1
8669,543202,164569,1664,1
8670,1017392,308236,1664,1
8671,443938,134498,1664,1
8672,1511940,457919,1664,1
8673,688316,208479,1664,1
8674,679268,205814,1664,1
8675,678590,205573,1664,1
8676,986872,298931,1664,1
8677,1404368,425884,1664,1
8678,1363994,413712,1664,1
8679,2048075,621675,1664,1
8680,487460,147713,1664,1
8681,458842,139092,1664,1
8682,662964,200877,1664,1
8683,730962,221519,1664,1
8684,1883236,570674,1664,1
8685,615624,186499,1664,1
8686,1961764,594570,1664,1
8687,818514,247937,1664,1
8688,779438,236103,1664,1
8689,459074,139066,1664,1
8690,826950,250580,1664,1
8691,505036,153068,1664,1
8692,958138,290216,1664,1
8693,753046,228511,1664,1
8694,1114740,337925,1664,1
8695,292480,88626,1664,1
8696,1089904,330272,1664,1
8697,575914,174483,1664,1
8698,680798,206243,1664,1
8699,520526,157702,1664,1
8700,926996,280798,1664,1
8701,668816,202658,1664,1
8702,678398,205530,1664,1
8703,554968,168143,1664,1
8704,629285,191038,1664,1
8705,868010,262951,1664,1
8706,444750,134759,1664,1
8707,685344,207619,1664,1
8708,1446492,438108,1664,1
8709,980734,297076,1664,1
8710,665420,201571,1664,1
8711,1028246,311487,1664,1
8712,1173316,355515,1664,1
8713,757662,229522,1664,1
8714,1867990,565977,1664,1
8715,1145868,347127,1664,1
8716,365784,110830,1664,1
8717,573326,173681,1664,1
8718,445840,135100,1664,1
8719,423908,128414,1664,1
8720,563788,170802,1664,1
8721,484932,146921,1664,1
8722,320646,97173,1664,1
8723,606988,183850,1664,1
8724,765104,231762,1664,1
8725,292112,88519,1664,1
8726,515360,156122,1664,1
8727,320678,97144,1664,1
8728,524794,158949,1664,1
8729,980350,296903,1664,1
8730,361114,109399,1664,1
8731,730820,221377,1664,1
8732,290836,88115,1664,1
8733,291804,88399,1664,1
8734,379218,114893,1664,1
8735,815379,247443,1664,1
8736,615042,186338,1664,1
8737,813333,246641,1664,1
8738,1376904,417442,1664,1
8739,648868,196575,1664,1
8740,809072,245487,1664,1
8741,456728,138406,1664,1
8742,292870,88722,1664,1
8743,444766,134756,1664,1
8744,443686,134385,1664,1
8745,429594,130151,1664,1
8746,291072,88188,1664,1
8747,1608264,487452,1664,1
8748,423074,128215,1664,1
8749,441652,133827,1664,1
8750,419214,127167,1664,1
8751,344676,104449,1664,1
8752,656558,198863,1664,1
8753,445434,134948,1664,1
8754,444714,134728,1664,1
8755,297776,90242,1664,1
8756,493124,149402,1664,1
8757,383866,116307,1664,1
8758,310740,94134,1664,1
8759,600008,181754,1664,1
8760,290318,87964,1664,1
8761,398666,120792,1664,1
8762,1032298,312655,1664,1
8763,694202,210259,1664,1
8764,426550,129228,1664,1
8765,989302,299648,1664,1
8766,421620,127738,1664,1
8767,276074,83648,1664,1
8768,274788,83239,1664,1
8769,510152,154559,1664,1
8770,274810,83278,1664,1
8771,565510,171305,1664,1
8772,548024,166000,1664,1
8773,362168,109705,1664,1
8774,661420,200318,1664,1
8775,859906,260494,1664,1
8776,546968,165712,1664,1
8777,652346,197623,1664,1
8778,611826,185347,1664,1
8779,491016,148745,1664,1
8780,1607516,486841,1664,1
8781,332172,100659,1664,1
8782,276834,83866,1664,1
8783,542860,164463,1664,1
8784,727230,220278,1664,1
8785,340164,103053,1664,1
8786,486710,147458,1664,1
8787,551324,167012,1664,1
8788,344634,104392,1664,1
8789,346074,104848,1664,1
8790,350448,106152,1664,1
8791,390326,118226,1664,1
8792,761364,230623,1664,1
8793,462280,140051,1664,1
8794,272228,82508,1664,1
8795,642240,194513,1664,1
8796,310398,94082,1664,1
8797,699726,211933,1664,1
8798,1011084,306234,1664,1
8799,557294,168858,1664,1
8800,494256,149710,1664,1
8801,428872,129949,1664,1
8802,694806,210481,1664,1
8803,418536,126808,1664,1
8804,509276,154297,1664,1
8805,1596528,483920,1664,1
8806,1270586,384867,1664,1
8807,408322,123714,1664,1
8808,1080460,327464,1664,1
8809,817152,247486,1664,1
8810,1190092,360558,1664,1
8811,651874,198308,1664,1
8812,1968401,597415,1664,1
8813,667362,202662,1664,1
8814,368738,111732,1664,1
8815,945460,286342,1664,1
8816,348872,105723,1664,1
8817,267894,81164,1664,1
8818,459172,139105,1664,1
8819,1130464,342352,1664,1
8820,944416,286258,1664,1
8821,1525068,461913,1664,1
8822,286148,86726,1664,1
8823,392090,118770,1664,1
8824,253408,76779,1664,1
8825,315456,95569,1664,1
8826,615507,187229,1664,1
8827,353920,107251,1664,1
8828,359274,108850,1664,1
8829,486250,147316,1664,1
8830,329612,99880,1664,1
8831,488632,148041,1664,1
8832,271914,82382,1664,1
8833,268896,81487,1664,1
8834,856158,259364,1664,1
8835,675846,204725,1664,1
8836,253286,76730,1664,1
8837,769706,233124,1664,1
8838,459246,139114,1664,1
8839,533896,161746,1664,1
8840,537104,162796,1664,1
8841,618094,187766,1664,1
8842,1154058,349751,1664,1
8843,402508,121927,1664,1
8844,410384,124319,1664,1
8845,404966,122695,1664,1
8846,643140,194833,1664,1
8847,415778,125970,1664,1
8848,1491494,452193,1664,1
8849,923932,279929,1664,1
8850,406494,123161,1664,1
8851,644506,195275,1664,1
8852,390480,118279,1664,1
8853,298470,90452,1664,1
8854,378144,114589,1664,1
8855,460610,139555,1664,1
8856,1006418,304818,1664,1
8857,605200,183306,1664,1
8858,820332,248923,1664,1
8859,1247224,378839,1664,1
8860,705451,214689,1664,1
8861,1055854,319777,1664,1
8862,601742,182337,1664,1
8863,310822,94192,1664,1
8864,426986,129381,1664,1
8865,641594,194383,1664,1
8866,678216,205474,1664,1
8867,558526,169177,1664,1
8868,1116522,338375,1664,1
8869,508012,153912,1664,1
8870,402438,121944,1664,1
8871,455710,138083,1664,1
8872,650862,197250,1664,1
8873,856094,259328,1664,1
8874,784126,237494,1664,1
8875,449192,136112,1664,1
8876,448770,135979,1664,1
8877,1058780,320665,1664,1
8878,463248,140370,1664,1
8879,523128,158502,1664,1
8880,373512,113205,1664,1
8881,377270,114288,1664,1
8882,371610,112597,1664,1
8883,797700,241622,1664,1
8884,343992,104263,1664,1
8885,650870,197148,1664,1
8886,940968,285021,1664,1
8887,348948,105701,1664,1
8888,486056,147244,1664,1
8889,381782,115829,1664,1
8890,669182,202704,1664,1
8891,284052,86049,1664,1
8892,941185,285566,1664,1
8893,791830,239870,1664,1
8894,718426,217641,1664,1
8895,832296,252130,1664,1
8896,315244,95527,1664,1
8897,453520,137382,1664,1
8898,348006,105463,1664,1
8899,310972,94235,1664,1
8900,757304,229356,1664,1
8901,469616,142274,1664,1
8902,346024,104866,1664,1
8903,294752,89299,1664,1
8904,590670,178934,1664,1
8905,612332,185492,1664,1
8906,296110,89734,1664,1
8907,644732,195279,1664,1
8908,480422,145554,1664,1
8909,1298582,393313,1664,1
8910,1196788,362648,1664,1
8911,594874,180478,1664,1
8912,2368660,718183,1664,1
8913,498822,151131,1664,1
8914,380248,115235,1664,1
8915,386054,116971,1664,1
8916,312582,94725,1664,1
8917,621670,188293,1664,1
8918,1319148,399671,1664,1
8919,1053023,319633,1664,1
8920,889323,269853,1664,1
8921,529576,160444,1664,1
8922,607598,184084,1664,1
8923,839522,254258,1664,1
8924,572014,173260,1664,1
8925,846168,256319,1664,1
8926,452046,136955,1664,1
8927,358232,108540,1664,1
8928,306730,92936,1664,1
8929,849426,257309,1664,1
8930,2028872,615261,1664,1
8931,299198,90656,1664,1
8932,1268874,384316,1664,1
8933,763572,231253,1664,1
8934,1201944,364040,1664,1
8935,418554,126807,1664,1
8936,748940,226856,1664,1
8937,388082,117591,1664,1
8938,516148,156393,1664,1
8939,673406,204001,1664,1
8940,833926,252665,1664,1
8941,630950,191165,1664,1
8942,563726,170834,1664,1
8943,1100536,333389,1664,1
8944,730132,221178,1664,1
8945,1644384,498343,1664,1
8946,931162,282069,1664,1
8947,768288,232721,1664,1
8948,1277796,387019,1664,1
8949,723636,219220,1664,1
8950,562646,170443,1664,1
8951,2536962,768710,1664,1
8952,605599,183871,1664,1
8953,405836,122966,1664,1
8954,465374,140972,1664,1
8955,695988,210793,1664,1
8956,1050024,318537,1664,1
8957,1822153,552334,1664,1
8958,862292,261176,1664,1
8959,1490326,451500,1664,1
8960,357678,108355,1664,1
8961,431356,130667,1664,1
8962,429258,130047,1664,1
8963,567832,172518,1664,1
8964,577770,175024,1664,1
8965,325510,98631,1664,1
8966,670022,202950,1664,1
8967,469850,142328,1664,1
8968,614532,186150,1664,1
8969,330146,100034,1664,1
8970,517372,156742,1664,1
8971,417914,126629,1664,1
8972,280878,85111,1664,1
8973,549848,166559,1664,1
8974,616522,186757,1664,1
8975,274410,83131,1664,1
8976,331840,100648,1664,1
8977,940238,284798,1664,1
8978,414456,126260,1664,1
8979,286078,86663,1664,1
8980,420002,127236,1664,1
8981,1004866,304326,1664,1
8982,399274,121015,1664,1
8983,706004,213955,1664,1
8984,634638,192227,1664,1
8985,700680,212241,1664,1
8986,405306,122811,1664,1
8987,637110,192984,1664,1
8988,504124,152727,1664,1
8989,273798,82960,1664,1
8990,567280,171826,1664,1
8991,1088764,329846,1664,1
8992,617586,187087,1664,1
8993,591750,179276,1664,1
8994,439036,133016,1664,1
8995,891479,270378,1664,1
8996,508338,153965,1664,1
8997,693304,210000,1664,1
8998,275852,83591,1664,1
8999,335656,101679,1664,1
9000,268440,81347,1664,1
9001,308028,93344,1664,1
9002,531088,160865,1664,1
9003,602988,182652,1664,1
9004,254676,77176,1664,1
9005,462152,139977,1664,1
9006,472506,143141,1664,1
9007,503204,152406,1664,1
9008,373336,113124,1664,1
9009,261482,79243,1664,1
9010,985118,298382,1664,1
9011,799076,242050,1664,1
9012,567412,172056,1664,1
9013,384080,116384,1664,1
9014,1391538,421453,1664,1
9015,399960,121186,1664,1
9016,445710,135054,1664,1
9017,819402,248214,1664,1
9018,1047318,317233,1664,1
9019,379098,114895,1664,1
9020,415036,125753,1664,1
9021,557658,168990,1664,1
9022,624180,189083,1664,1
9023,1004970,304411,1664,1
9024,670284,203047,1664,1
9025,283570,85939,1664,1
9026,363390,110084,1664,1
9027,486980,147527,1664,1
9028,392272,118865,1664,1
9029,1482318,449530,1664,1
9030,775286,234842,1664,1
9031,667448,202221,1664,1
9032,274182,83094,1664,1
9033,579410,175483,1664,1
9034,504672,152852,1664,1
9035,345916,104811,1664,1
9036,651732,197779,1664,1
9037,332540,100771,1664,1
9038,504910,152958,1664,1
9039,552412,167311,1664,1
9040,901670,273133,1664,1
9041,360382,109258,1664,1
9042,437688,132626,1664,1
9043,606442,183752,1664,1
9044,695428,210643,1664,1
9045,586922,177807,1664,1
9046,737028,223259,1664,1
9047,569768,172618,1664,1
9048,1874017,568449,1664,1
9049,833378,252438,1664,1
9050,318686,96589,1664,1
9051,511510,154972,1664,1
9052,367988,111499,1664,1
9053,453756,137480,1664,1
9054,368830,111892,1664,1
9055,294246,89142,1664,1
9056,859160,260199,1664,1
9057,2711402,821325,1664,1
9058,785724,237971,1664,1
9059,794556,240685,1664,1
9060,430446,130425,1664,1
9061,666890,201984,1664,1
9062,437748,132599,1664,1
9063,1075120,325744,1664,1
9064,670284,203112,1664,1
9065,407332,123424,1664,1
9066,418010,126643,1664,1
9067,509308,154270,1664,1
9068,506774,153537,1664,1
9069,813552,246423,1664,1
9070,710502,216482,1664,1
9071,543984,164802,1664,1
9072,545676,165327,1664,1
9073,1025598,310637,1664,1
9074,435844,132058,1664,1
9075,1001602,303743,1664,1
9076,550088,166975,1664,1
9077,764608,231608,1664,1
9078,1185588,359481,1664,1
9079,548308,166124,1664,1
9080,693336,210049,1664,1
9081,458716,138996,1664,1
9082,427984,129642,1664,1
9083,785602,237971,1664,1
9084,682922,206847,1664,1
9085,518134,156951,1664,1
9086,588740,178371,1664,1
9087,606026,183601,1664,1
9088,3231404,978861,1664,1
9089,2139218,648110,1664,1
9090,571602,173225,1664,1
9091,477970,144840,1664,1
9092,1226836,371586,1664,1
9093,1040028,315009,1664,1
9094,683790,207135,1664,1
9095,410586,124403,1664,1
9096,1862462,564589,1664,1
9097,380504,115290,1664,1
9098,448222,135807,1664,1
9099,445854,135079,1664,1
9100,916384,277541,1664,1
9101,427060,129379,1664,1
9102,748046,226593,1664,1
9103,412592,125016,1664,1
9104,714110,216312,1664,1
9105,515824,156259,1664,1
9106,287538,87141,1664,1
9107,664656,201665,1664,1
9108,657558,199192,1664,1
9109,514948,156028,1664,1
9110,467628,141657,1664,1
9111,383540,116221,1664,1
9112,1328512,402699,1664,1
9113,1189631,360769,1664,1
9114,814138,246699,1664,1
9115,912629,276760,1664,1
9116,947572,287384,1664,1
9117,944196,285979,1664,1
9118,467582,141673,1664,1
9119,438736,132906,1664,1
9120,558498,169201,1664,1
9121,427244,129452,1664,1
9122,914268,277037,1664,1
9123,304836,92404,1664,1
9124,425626,128952,1664,1
9125,724580,219490,1664,1
9126,456858,138412,1664,1
9127,286880,86922,1664,1
9128,776772,235297,1664,1
9129,879512,266378,1664,1
9130,491924,149048,1664,1
9131,622542,188580,1664,1
9132,489098,148175,1664,1
9133,1120726,339466,1664,1
9134,605050,183283,1664,1
9135,493544,149501,1664,1
9136,785502,237959,1664,1
9137,644796,195366,1664,1
9138,693872,210161,1664,1
9139,547048,165752,1664,1
9140,1472228,445915,1664,1
9141,795164,240856,1664,1
9142,459270,139133,1664,1
9143,507106,153638,1664,1
9144,610736,185025,1664,1
9145,590328,178830,1664,1
9146,567280,171835,1664,1
9147,1872780,567480,1664,1
9148,738400,223669,1664,1
9149,1011312,306288,1664,1
9150,395730,119913,1664,1
9151,385840,116908,1664,1
9152,544552,164933,1664,1
9153,530362,160667,1664,1
9154,299890,90848,1664,1
9155,378448,114636,1664,1
9156,625974,189638,1664,1
9157,311978,94512,1664,1
9158,604866,183239,1664,1
9159,1029699,312178,1664,1
9160,447008,135450,1664,1
9161,788932,238967,1664,1
9162,1035020,313697,1664,1
9163,320054,97015,1664,1
9164,660412,200063,1664,1
9165,493968,149660,1664,1
9166,549038,166461,1664,1
9167,879730,266587,1664,1
9168,1858851,563400,1664,1
9169,810104,245398,1664,1
9170,655722,198649,1664,1
9171,485510,147149,1664,1
9172,717568,217416,1664,1
9173,767988,232649,1664,1
9174,824942,249925,1664,1
9175,3026438,916884,1664,1
9176,500344,151603,1664,1
9177,1743630,528109,1664,1
9178,439100,133056,1664,1
9179,1351118,409540,1664,1
9180,817924,248074,1664,1
9181,647424,196130,1664,1
9182,1107456,335862,1664,1
9183,380288,115278,1664,1
9184,1060068,321079,1664,1
9185,372634,112875,1664,1
9186,285118,86400,1664,1
9187,473020,143312,1664,1
9188,713704,216208,1664,1
9189,835046,253165,1664,1
9190,834759,253130,1664,1
9191,1078412,326734,1664,1
9192,964043,292760,1664,1
9193,2201064,666616,1664,1
9194,581182,176079,1664,1
9195,677716,205262,1664,1
9196,1121506,339689,1664,1
9197,2352638,712779,1664,1
9198,376216,114034,1664,1
9199,487920,147798,1664,1
9200,283942,86040,1664,1
9201,282980,85737,1664,1
9202,344896,104513,1664,1
9203,375496,113770,1664,1
9204,718374,217566,1664,1
9205,534670,161940,1664,1
9206,266088,80642,1664,1
9207,496144,150313,1664,1
9208,340938,103276,1664,1
9209,336794,102049,1664,1
9210,1181512,357836,1664,1
9211,260272,78873,1664,1
9212,327750,99304,1664,1
9213,347400,105255,1664,1
9214,259266,78695,1664,1
9215,259502,78615,1664,1
9216,613700,185910,1664,1
9217,672108,203572,1664,1
9218,1051641,318855,1664,1
9219,409790,124169,1664,1
9220,685460,208078,1664,1
9221,926563,280873,1664,1
9222,641130,194189,1664,1
9223,573034,173587,1664,1
9224,2903567,879653,1664,1
9225,782118,236937,1664,1
9226,1161672,351950,1664,1
9227,580046,175723,1664,1
9228,478898,145104,1664,1
9229,708568,214619,1664,1
9230,662034,200505,1664,1
9231,381832,115693,1664,1
9232,897606,271848,1664,1
9233,617026,186876,1664,1
9234,1359454,411709,1664,1
9235,352910,106937,1664,1
9236,418124,126656,1664,1
9237,277998,84228,1664,1
9238,342112,103642,1664,1
9239,344482,104363,1664,1
9240,421856,127778,1664,1
9241,527996,159958,1664,1
9242,277192,83997,1664,1
9243,602326,182441,1664,1
9244,454642,137733,1664,1
9245,533446,161569,1664,1
9246,604786,183214,1664,1
9247,837156,253535,1664,1
9248,421736,127766,1664,1
9249,404126,122409,1664,1
9250,258802,78420,1664,1
9251,318824,96592,1664,1
9252,1440872,436387,1664,1
9253,399846,121137,1664,1
9254,599352,181533,1664,1
9255,259708,78693,1664,1
9256,333782,101127,1664,1
9257,480882,145688,1664,1
9258,606652,183862,1664,1
9259,780740,236476,1664,1
9260,773639,234446,1664,1
9261,661080,200517,1664,1
9262,712514,215898,1664,1
9263,854244,258740,1664,1
9264,449612,136263,1664,1
9265,422776,128127,1664,1
9266,487228,147603,1664,1
9267,763552,231297,1664,1
9268,604186,183021,1664,1
9269,268090,81240,1664,1
9270,407930,123583,1664,1
9271,515932,156453,1664,1
9272,638482,193400,1664,1
9273,670590,203101,1664,1
9274,605892,183933,1664,1
9275,1565166,474441,1664,1
9276,447642,135632,1664,1
9277,472642,143203,1664,1
9278,613808,185945,1664,1
9279,569756,172712,1664,1
9280,716894,217226,1664,1
9281,743624,225249,1664,1
9282,710832,215419,1664,1
9283,451214,136722,1664,1
9284,370882,112450,1664,1
9285,1094890,331629,1664,1
9286,650916,197167,1664,1
9287,420138,127266,1664,1
9288,649592,196908,1664,1
9289,639986,193866,1664,1
9290,548148,166058,1664,1
9291,1629228,493437,1664,1
9292,1138148,344946,1664,1
9293,539902,163566,1664,1
9294,755480,228852,1664,1
9295,648292,196363,1664,1
9296,756202,229057,1664,1
9297,548705,166510,1664,1
9298,2015671,610683,1664,1
9299,698050,211445,1664,1
9300,557377,169199,1664,1
9301,599055,181771,1664,1
9302,942694,285533,1664,1
9303,3748665,1135485,1664,1
9304,478316,144948,1664,1
9305,883424,267628,1664,1
9306,515246,156634,1664,1
9307,2645628,802864,1664,1
9308,919914,278646,1664,1
9309,474818,143866,1664,1
9310,839306,254254,1664,1
9311,505656,153208,1664,1
9312,468780,142006,1664,1
9313,690016,209112,1664,1
9314,794928,240830,1664,1
9315,473090,143323,1664,1
9316,613608,185907,1664,1
9317,823944,249594,1664,1
9318,788636,238896,1664,1
9319,620014,187786,1664,1
9320,843603,256158,1664,1
9321,358834,108741,1664,1
9322,337162,102191,1664,1
9323,1653364,500990,1664,1
9324,544952,165114,1664,1
9325,988062,299380,1664,1
9326,480544,145605,1664,1
9327,1181444,358112,1664,1
9328,1160646,351583,1664,1
9329,488640,148151,1664,1
9330,451750,136855,1664,1
9331,684566,207483,1664,1
9332,1039964,315031,1664,1
9333,692816,209875,1664,1
9334,393330,119175,1664,1
9335,1072666,324922,1664,1
9336,1181112,357917,1664,1
9337,875244,265113,1664,1
9338,927934,281076,1664,1
9339,661486,200412,1664,1
9340,608196,184638,1664,1
9341,1981864,600933,1664,1
9342,403364,122217,1664,1
9343,791190,239675,1664,1
9344,492914,149350,1664,1
9345,313800,95086,1664,1
9346,1562957,473736,1664,1
9347,458346,138902,1664,1
9348,3133863,949471,1664,1
9349,1805454,547149,1664,1
9350,918786,278293,1664,1
9351,1007560,305189,1664,1
9352,645538,195560,1664,1
9353,454004,137538,1664,1
9354,599916,181753,1664,1
9355,824752,249886,1664,1
9356,660514,200100,1664,1
9357,855510,259125,1664,1
9358,1203544,364607,1664,1
9359,1029006,311683,1664,1
9360,411952,124837,1664,1
9361,560210,169743,1664,1
9362,444206,134574,1664,1
9363,475758,144207,1664,1
9364,975082,295336,1664,1
9365,592524,179527,1664,1
9366,689412,209519,1664,1
9367,390232,118247,1664,1
9368,465500,141051,1664,1
9369,582692,176528,1664,1
9370,573890,173854,1664,1
9371,632064,191483,1664,1
9372,1250240,378699,1664,1
9373,1100530,333547,1664,1
9374,1195488,362434,1664,1
9375,543946,164807,1664,1
9376,1159484,351268,1664,1
9377,768198,232698,1664,1
9378,530754,160798,1664,1
9379,305306,92517,1664,1
9380,462310,140072,1664,1
9381,862226,261171,1664,1
9382,449906,136332,1664,1
9383,487254,147695,1664,1
9384,654130,198162,1664,1
9385,696754,211073,1664,1
9386,1194150,361782,1664,1
9387,593600,179815,1664,1
9388,303002,91823,1664,1
9389,906536,274839,1664,1
9390,671640,203479,1664,1
9391,422976,128170,1664,1
9392,478228,144913,1664,1
9393,1006172,305467,1664,1
9394,467452,141628,1664,1
9395,609522,184660,1664,1
9396,722288,218823,1664,1
9397,769654,233154,1664,1
9398,844228,255880,1664,1
9399,565908,171468,1664,1
9400,536154,162428,1664,1
9401,656778,198961,1664,1
9402,967366,293017,1664,1
9403,485858,147227,1664,1
9404,769808,233273,1664,1
9405,522604,158340,1664,1
9406,15858919,4803532,1664,1
9407,460352,139486,1664,1
9408,1450414,439276,1664,1
9409,998718,302475,1664,1
9410,800772,242569,1664,1
9411,441310,133736,1664,1
9412,442378,134040,1664,1
9413,708170,214524,1664,1
9414,661250,200323,1664,1
9415,1917140,580709,1664,1
9416,775688,235303,1664,1
9417,578396,175480,1664,1
9418,1601440,485077,1664,1
9419,1738964,526939,1664,1
9420,583036,176657,1664,1
9421,539472,163443,1664,1
9422,575104,174240,1664,1
9423,723702,219330,1664,1
9424,1074564,325541,1664,1
9425,474944,143886,1664,1
9426,562944,170653,1664,1
9427,3781260,1145659,1664,1
9428,1309387,396829,1664,1
9429,2427853,735649,1664,1
9430,810416,245666,1664,1
9431,444626,134720,1664,1
9432,1231734,373215,1664,1
9433,704704,213487,1664,1
9434,450866,136616,1664,1
9435,715366,216828,1664,1
9436,435996,132102,1664,1
9437,446696,135352,1664,1
9438,781604,236926,1664,1
9439,632064,191564,1664,1
9440,1654220,501440,1664,1
9441,830822,251726,1664,1
9442,726554,220110,1664,1
9443,507956,153965,1664,1
9444,9773459,2960615,1664,1
9445,727934,220524,1664,1
9446,1356153,411309,1664,1
9447,1089996,330152,1664,1
9448,886595,268899,1664,1
9449,2234747,677050,1664,1
9450,767774,232578,1664,1
9451,541074,163961,1664,1
9452,452544,137120,1664,1
9453,460238,139431,1664,1
9454,767050,232950,1664,1
9455,594374,180175,1664,1
9456,674642,204375,1664,1
9457,471390,142888,1664,1
9458,584008,176960,1664,1
9459,704720,213508,1664,1
9460,883906,267752,1664,1
9461,1079524,327010,1664,1
9462,461832,139943,1664,1
9463,1024932,310463,1664,1
9464,694652,210415,1664,1
9465,683246,206959,1664,1
9466,574960,174156,1664,1
9467,954870,289241,1664,1
9468,1055228,319630,1664,1
9469,1893670,573790,1664,1
9470,1114392,337542,1664,1
9471,460496,139543,1664,1
9472,1716594,520148,1664,1
9473,1241232,375913,1664,1
9474,536062,162415,1664,1
9475,792318,239990,1664,1
9476,1501654,455575,1664,1
9477,657160,199344,1664,1
9478,443400,134312,1664,1
9479,656966,198988,1664,1
9480,843568,255529,1664,1
9481,1129738,342149,1664,1
9482,533632,161773,1664,1
9483,414046,125459,1664,1
9484,432700,131123,1664,1
9485,583356,176733,1664,1
9486,1432988,434491,1664,1
9487,703210,213032,1664,1
9488,466902,141426,1664,1
9489,6707327,2037621,1664,1
9490,1303895,395464,1664,1
9491,388118,117594,1664,1
9492,476004,144221,1664,1
9493,1021306,309350,1664,1
9494,878276,265992,1664,1
9495,458566,138956,1664,1
9496,1164504,352748,1664,1
9497,948626,287326,1664,1
9498,943632,285828,1664,1
9499,1375060,417300,1664,1
9500,295042,89416,1664,1
9501,687746,208293,1664,1
9502,1304816,395233,1664,1
9503,711234,215467,1664,1
9504,998904,302721,1664,1
9505,725978,220090,1664,1
9506,545536,165508,1664,1
9507,306142,92771,1664,1
9508,489528,148275,1664,1
9509,897302,271796,1664,1
9510,709944,215082,1664,1
9511,687965,209247,1664,1
9512,900883,273332,1664,1
9513,681726,206625,1664,1
9514,684310,207301,1664,1
9515,464108,140586,1664,1
9516,1228634,372089,1664,1
9517,821658,248984,1664,1
9518,589111,179046,1664,1
9519,1945852,589338,1664,1
9520,1083854,328281,1664,1
9521,396170,120003,1664,1
9522,869146,263294,1664,1
9523,456246,138206,1664,1
9524,829766,251354,1664,1
9525,699998,212343,1664,1
9526,2195554,665279,1664,1
9527,595272,180355,1664,1
9528,1448668,438906,1664,1
9529,460138,139401,1664,1
9530,787902,238746,1664,1
9531,1096574,332254,1664,1
9532,826498,250361,1664,1
9533,302358,91622,1664,1
9534,392384,118893,1664,1
9535,394832,119625,1664,1
9536,340246,103123,1664,1
9537,615212,186359,1664,1
9538,442458,134037,1664,1
9539,399084,120926,1664,1
9540,437002,132422,1664,1
9541,1113046,337132,1664,1
9542,641832,194476,1664,1
9543,408896,123953,1664,1
9544,797109,241878,1664,1
9545,822426,249317,1664,1
9546,829470,251254,1664,1
9547,557510,168861,1664,1
9548,819368,248313,1664,1
9549,818453,248228,1664,1
9550,431761,130926,1664,1
9551,463022,140272,1664,1
9552,783312,237282,1664,1
9553,1296380,393026,1664,1
9554,745020,225684,1664,1
9555,393972,119363,1664,1
9556,1194856,361908,1664,1
9557,926526,280657,1664,1
9558,602516,182535,1664,1
9559,434844,131772,1664,1
9560,509122,154237,1664,1
9561,1007588,305205,1664,1
9562,396496,120189,1664,1
9563,459300,139288,1664,1
9564,585862,177614,1664,1
9565,728500,220676,1664,1
9566,362140,109735,1664,1
9567,650808,197384,1664,1
9568,447614,135618,1664,1
9569,553054,167530,1664,1
9570,441764,133836,1664,1
9571,473842,143568,1664,1
9572,4172114,1264086,1664,1
9573,3018639,914432,1664,1
9574,987322,299261,1664,1
9575,519646,157463,1664,1
9576,931192,282059,1664,1
9577,1082837,329118,1664,1
9578,824482,249799,1664,1
9579,916142,277595,1664,1
9580,427088,129408,1664,1
9581,1060358,321163,1664,1
9582,473986,143639,1664,1
9583,370316,112173,1664,1
9584,785974,238101,1664,1
9585,672624,203915,1664,1
9586,519620,157432,1664,1
9587,681302,206384,1664,1
9588,485866,147202,1664,1
9589,811872,246006,1664,1
9590,783392,237306,1664,1
9591,666738,201977,1664,1
9592,295256,89472,1664,1
9593,364682,110482,1664,1
9594,292430,88682,1664,1
9595,363034,109984,1664,1
9596,293422,88920,1664,1
9597,373744,113226,1664,1
9598,585261,177818,1664,1
9599,894309,271005,1664,1
9600,634958,192368,1664,1
9601,648324,196369,1664,1
9602,1246233,378167,1664,1
9603,378602,114714,1664,1
9604,455884,138127,1664,1
9605,847828,256825,1664,1
9606,537361,163304,1664,1
9607,535740,162305,1664,1
9608,442378,134036,1664,1
9609,901976,273468,1664,1
9610,677260,205234,1664,1
9611,435212,131867,1664,1
9612,1599494,484510,1664,1
9613,853924,258700,1664,1
9614,598924,181562,1664,1
9615,1181750,357971,1664,1
9616,795880,241265,1664,1
9617,826158,250267,1664,1
9618,442812,134149,1664,1
9619,462316,140054,1664,1
9620,1382498,418954,1664,1
9621,412936,125141,1664,1
9622,573616,173826,1664,1
9623,817466,247622,1664,1
9624,1726338,523678,1664,1
9625,795564,241000,1664,1
9626,660878,200288,1664,1
9627,452146,136993,1664,1
9628,557232,168851,1664,1
9629,1021438,309690,1664,1
9630,696354,210931,1664,1
9631,1013694,307341,1664,1
9632,3375971,1023132,1664,1
9633,1612050,488623,1664,1
9634,1237638,374996,1664,1
9635,676686,205010,1664,1
9636,706276,213982,1664,1
9637,1181576,357893,1664,1
9638,1885245,571791,1664,1
9639,840206,254506,1664,1
9640,839870,254417,1664,1
9641,559746,169600,1664,1
9642,1727602,523268,1664,1
9643,710200,215150,1664,1
9644,865998,262327,1664,1
9645,476560,144378,1664,1
9646,803132,243276,1664,1
9647,2030304,615720,1664,1
9648,703752,213196,1664,1
9649,598066,181145,1664,1
9650,777874,235634,1664,1
9651,1170988,354689,1664,1
9652,5061819,1534072,1664,1
9653,1177076,356582,1664,1
9654,588210,178197,1664,1
9655,2560582,775488,1664,1
9656,690068,209210,1664,1
9657,752932,228104,1664,1
9658,797448,241567,1664,1
9659,936978,283902,1664,1
9660,877106,265654,1664,1
9661,909192,275661,1664,1
9662,788880,238991,1664,1
9663,1218546,369076,1664,1
9664,916764,277692,1664,1
9665,564254,170970,1664,1
9666,455208,137919,1664,1
9667,1504664,455831,1664,1
9668,426508,129218,1664,1
9669,605212,183350,1664,1
9670,549682,166536,1664,1
9671,598776,181397,1664,1
9672,573610,173756,1664,1
9673,1410114,427076,1664,1
9674,2853948,865190,1664,1
9675,419934,127234,1664,1
9676,767905,233058,1664,1
9677,592795,179857,1664,1
9678,450126,136389,1664,1
9679,540324,163698,1664,1
9680,378508,114812,1664,1
9681,1675296,507900,1664,1
9682,1601144,485060,1664,1
9683,553902,167839,1664,1
9684,1036192,313873,1664,1
9685,1267476,384313,1664,1
9686,372796,112956,1664,1
9687,465264,140954,1664,1
9688,502924,152378,1664,1
9689,786302,238292,1664,1
9690,468084,141790,1664,1
9691,1060152,321238,1664,1
9692,1157972,350941,1664,1
9693,557328,168842,1664,1
9694,997954,302262,1664,1
9695,379948,115122,1664,1
9696,600274,181892,1664,1
9697,1208886,366212,1664,1
9698,850346,257565,1664,1
9699,2861479,866857,1664,1
9700,552627,167763,1664,1
9701,5338731,1617007,1664,1
9702,614216,186077,1664,1
9703,515624,156214,1664,1
9704,394824,119642,1664,1
9705,1036744,314019,1664,1
9706,543748,164744,1664,1
9707,571826,173249,1664,1
9708,422870,128133,1664,1
9709,953752,288890,1664,1
9710,845756,256189,1664,1
9711,859536,260356,1664,1
9712,773020,234126,1664,1
9713,332104,100642,1664,1
9714,605776,183500,1664,1
9715,402688,122025,1664,1
9716,296578,89872,1664,1
9717,1905216,577018,1664,1
9718,349082,105745,1664,1
9719,453316,137310,1664,1
9720,363714,110200,1664,1
9721,1048348,317557,1664,1
9722,778672,235867,1664,1
9723,786720,238275,1664,1
9724,309890,93915,1664,1
9725,1314830,398183,1664,1
9726,745986,225930,1664,1
9727,466518,141304,1664,1
9728,532350,161279,1664,1
9729,293610,88973,1664,1
9730,400738,121422,1664,1
9731,316198,95795,1664,1
9732,805518,243984,1664,1
9733,503454,152533,1664,1
9734,541692,164148,1664,1
9735,438222,132777,1664,1
9736,602488,182524,1664,1
9737,741896,224740,1664,1
9738,500228,151533,1664,1
9739,462462,140091,1664,1
9740,411102,124559,1664,1
9741,528554,160115,1664,1
9742,698876,211728,1664,1
9743,454410,137665,1664,1
9744,564422,171002,1664,1
9745,428968,129974,1664,1
9746,957590,290081,1664,1
9747,1427340,432300,1664,1
9748,746234,226065,1664,1
9749,1128600,341900,1664,1
9750,386158,117018,1664,1
9751,735486,222848,1664,1
9752,585930,177505,1664,1
9753,755774,228920,1664,1
9754,358122,108523,1664,1
9755,1359424,411735,1664,1
9756,426892,129333,1664,1
9757,355832,107851,1664,1
9758,400668,121522,1664,1
9759,528472,160518,1664,1
9760,1004760,304353,1664,1
9761,719762,218044,1664,1
9762,633946,192737,1664,1
9763,364194,110349,1664,1
9764,515416,156120,1664,1
9765,291866,88415,1664,1
9766,526838,159597,1664,1
9767,719346,217903,1664,1
9768,904840,274068,1664,1
9769,487986,147876,1664,1
9770,960312,290960,1664,1
9771,443940,134488,1664,1
9772,1463226,443158,1664,1
9773,377122,114237,1664,1
9774,467902,141766,1664,1
9775,279568,84721,1664,1
9776,279486,84708,1664,1
9777,519690,157461,1664,1
9778,982866,297670,1664,1
9779,1150014,348317,1664,1
9780,511328,154893,1664,1
9781,487220,147598,1664,1
9782,764108,231454,1664,1
9783,490060,148459,1664,1
9784,313140,94874,1664,1
9785,513026,155395,1664,1
9786,350342,106150,1664,1
9787,434860,131732,1664,1
9788,274446,83139,1664,1
9789,499264,151246,1664,1
9790,336152,101872,1664,1
9791,498174,150904,1664,1
9792,582280,176384,1664,1
9793,274778,83256,1664,1
9794,516792,156561,1664,1
9795,988510,299389,1664,1
9796,354970,107628,1664,1
9797,569778,172603,1664,1
9798,364812,110521,1664,1
9799,306840,92998,1664,1
9800,430100,130303,1664,1
9801,773336,234242,1664,1
9802,968598,293535,1664,1
9803,1017124,308342,1664,1
9804,836276,253325,1664,1
9805,287450,87108,1664,1
9806,421728,127738,1664,1
9807,303760,92019,1664,1
9808,681044,206502,1664,1
9809,501924,152024,1664,1
9810,551342,167038,1664,1
9811,1464298,443571,1664,1
9812,444360,134598,1664,1
9813,574958,174186,1664,1
9814,2407964,729811,1664,1
9815,595600,180450,1664,1
9816,447272,135492,1664,1
9817,606784,183820,1664,1
9818,468976,142096,1664,1
9819,1234162,373818,1664,1
9820,1012104,306815,1664,1
9821,460242,139801,1664,1
9822,647270,196103,1664,1
9823,517052,156858,1664,1
9824,1074180,325323,1664,1
9825,868972,263226,1664,1
9826,1234012,373763,1664,1
9827,1076676,326081,1664,1
9828,459918,139349,1664,1
9829,966448,292894,1664,1
9830,5800800,1760743,1664,1
9831,518290,157065,1664,1
9832,1069456,324260,1664,1
9833,531666,161067,1664,1
9834,1439716,435999,1664,1
9835,931012,282027,1664,1
9836,485776,147166,1664,1
9837,485238,147024,1664,1
9838,886300,268450,1664,1
9839,673366,204168,1664,1
9840,635082,192395,1664,1
9841,1423316,431086,1664,1
9842,725766,219841,1664,1
9843,426894,129309,1664,1
9844,476024,144277,1664,1
9845,283682,85937,1664,1
9846,295382,89495,1664,1
9847,451722,136859,1664,1
9848,363448,110120,1664,1
9849,793090,240235,1664,1
9850,689666,208938,1664,1
9851,412574,125022,1664,1
9852,919690,278627,1664,1
9853,393024,119054,1664,1
9854,301608,91373,1664,1
9855,804150,243625,1664,1
9856,583564,176901,1664,1
9857,1088244,329623,1664,1
9858,668684,202540,1664,1
9859,1209030,366207,1664,1
9860,384232,116419,1664,1
9861,302756,91743,1664,1
9862,591316,179240,1664,1
9863,541452,164013,1664,1
9864,834010,252612,1664,1
9865,384650,116511,1664,1
9866,349840,106014,1664,1
9867,525334,159145,1664,1
9868,779032,236184,1664,1
9869,552722,167459,1664,1
9870,816754,247919,1664,1
9871,718448,217633,1664,1
9872,634016,192075,1664,1
9873,393264,119167,1664,1
9874,686488,207955,1664,1
9875,441404,133742,1664,1
9876,550396,167014,1664,1
9877,1401788,424658,1664,1
9878,671848,203540,1664,1
9879,470512,142566,1664,1
9880,459494,139210,1664,1
9881,309034,93643,1664,1
9882,370020,112113,1664,1
9883,471090,142733,1664,1
9884,358550,108613,1664,1
9885,352164,106688,1664,1
9886,349852,106004,1664,1
9887,676970,205072,1664,1
9888,424504,128601,1664,1
9889,367264,111290,1664,1
9890,286722,86875,1664,1
9891,381276,115525,1664,1
9892,609300,184571,1664,1
9893,637544,193092,1664,1
9894,373232,113086,1664,1
9895,390290,118336,1664,1
9896,340494,103185,1664,1
9897,1113162,337131,1664,1
9898,738938,223823,1664,1
9899,290570,88025,1664,1
9900,359254,108851,1664,1
9901,530308,160651,1664,1
9902,290180,87934,1664,1
9903,870992,264048,1664,1
9904,1190448,360707,1664,1
9905,571866,173260,1664,1
9906,565462,171311,1664,1
9907,674896,204501,1664,1
9908,420962,127572,1664,1
9909,1170044,354382,1664,1
9910,387570,117393,1664,1
9911,592122,179364,1664,1
9912,381376,115579,1664,1
9913,580242,175768,1664,1
9914,508462,154033,1664,1
9915,431642,130770,1664,1
9916,496248,150306,1664,1
9917,1624480,492170,1664,1
9918,510658,154889,1664,1
9919,858488,260025,1664,1
9920,514718,156091,1664,1
9921,588164,178189,1664,1
9922,769488,233102,1664,1
9923,888880,269274,1664,1
9924,641588,194478,1664,1
9925,368206,111557,1664,1
9926,358132,108511,1664,1
9927,346598,105007,1664,1
9928,596848,181027,1664,1
9929,554936,168297,1664,1
9930,524426,158881,1664,1
9931,693944,210338,1664,1
9932,853058,258392,1664,1
9933,477038,144537,1664,1
9934,766234,232109,1664,1
9935,463364,140401,1664,1
9936,692588,209805,1664,1
9937,813702,246476,1664,1
9938,376376,114053,1664,1
9939,743960,225316,1664,1
9940,636032,192708,1664,1
9941,1022274,309976,1664,1
9942,1068712,323700,1664,1
9943,280160,84899,1664,1
9944,376898,114164,1664,1
9945,366650,111081,1664,1
9946,741212,224478,1664,1
9947,712230,215732,1664,1
9948,516710,157045,1664,1
9949,973322,294830,1664,1
9950,368042,111513,1664,1
9951,881876,267086,1664,1
9952,265946,80582,1664,1
9953,269836,81776,1664,1
9954,445770,135060,1664,1
9955,1667565,505565,1664,1
9956,990820,300108,1664,1
9957,947864,287172,1664,1
9958,421856,127821,1664,1
9959,525516,159194,1664,1
9960,718446,217591,1664,1
9961,1649414,501260,1664,1
9962,354502,107398,1664,1
9963,1380426,418120,1664,1
9964,1093518,331357,1664,1
9965,433360,131310,1664,1
9966,575864,174443,1664,1
9967,551038,166946,1664,1
9968,737724,223523,1664,1
9969,411926,124805,1664,1
9970,446114,135159,1664,1
9971,596492,180659,1664,1
9972,771248,233608,1664,1
9973,343708,104142,1664,1
9974,419920,127203,1664,1
9975,619462,187645,1664,1
9976,607044,183862,1664,1
9977,469402,142204,1664,1
9978,770606,233407,1664,1
9979,269020,81523,1664,1
9980,571506,173121,1664,1
9981,1172482,355194,1664,1
9982,270740,82047,1664,1
9983,270124,81849,1664,1
9984,657608,199274,1664,1
9985,1650464,499989,1664,1
9986,657768,199263,1664,1
9987,557798,168951,1664,1
9988,883390,267580,1664,1
9989,872896,264405,1664,1
9990,1330287,403194,1664,1
9991,1367554,414586,1664,1
9992,412596,125022,1664,1
9993,618696,187426,1664,1
9994,299004,90607,1664,1
9995,1267930,384066,1664,1
9996,380340,115249,1664,1
9997,319970,96956,1664,1
9998,669600,202797,1664,1
9999,295438,89528,1664,1
