iter,cycles,time_ns,peak_rss_kb,ok
0,1133002,343258,1664,1
1,526544,159517,1664,1
2,509342,154329,1664,1
3,431560,131004,1664,1
4,601864,182983,1664,1
5,530748,160797,1664,1
6,494094,149688,1664,1
7,426500,129225,1664,1
8,1084614,328504,1664,1
9,551256,166986,1664,1
10,718424,217621,1664,1
11,1117442,338447,1664,1
12,690668,209211,1664,1
13,498564,151052,1664,1
14,641116,194213,1664,1
15,471334,142763,1664,1
16,419614,127132,1664,1
17,332322,100696,1664,1
18,606618,183799,1664,1
19,454362,137681,1664,1
20,517830,156935,1664,1
21,628518,190654,1664,1
22,2057139,623428,1664,1
23,593312,179763,1664,1
24,14230607,4311367,1664,1
25,803944,243525,1664,1
26,645586,195557,1664,1
27,508366,154011,1664,1
28,474494,143795,1664,1
29,598450,181845,1664,1
30,811232,245847,1664,1
31,703512,213114,1664,1
32,832698,252235,1664,1
33,696258,210911,1664,1
34,405266,122757,1664,1
35,638322,193363,1664,1
36,673212,203937,1664,1
37,635154,192413,1664,1
38,532910,161455,1664,1
39,441078,133643,1664,1
40,592582,179518,1664,1
41,968104,293423,1664,1
42,432034,130905,1664,1
43,1054814,319889,1664,1
44,1187768,360335,1664,1
45,979832,296811,1664,1
46,768280,232932,1664,1
47,4218192,1279053,1664,1
48,598274,181302,1664,1
49,669394,202793,1664,1
50,1770076,536362,1664,1
51,645906,195676,1664,1
52,633974,192150,1664,1
53,589944,178822,1664,1
54,825880,250169,1664,1
55,906932,274716,1664,1
56,1210982,366786,1664,1
57,675048,204510,1664,1
58,627002,190034,1664,1
59,1335140,404573,1664,1
60,604684,183595,1664,1
61,916462,277618,1664,1
62,505314,153205,1664,1
63,875880,266329,1664,1
64,845828,256295,1664,1
65,705836,214692,1664,1
66,1968227,596766,1664,1
67,447686,135671,1664,1
68,414262,125519,1664,1
69,391722,118686,1664,1
70,2796992,847417,1664,1
71,3179049,963479,1664,1
72,734306,222441,1664,1
73,431952,130878,1664,1
74,434098,131514,1664,1
75,1025376,310703,1664,1
76,872722,264352,1664,1
77,425364,128881,1664,1
78,695620,210847,1664,1
79,744758,225643,1664,1
80,1400018,424841,1664,1
81,447046,135460,1664,1
82,552350,167347,1664,1
83,954484,289254,1664,1
84,670414,203197,1664,1
85,1409216,427131,1664,1
86,1377584,417680,1664,1
87,1959242,593592,1664,1
88,1409896,427328,1664,1
89,666792,201995,1664,1
90,900199,272957,1664,1
91,2004783,607556,1664,1
92,1080985,327837,1664,1
93,1399440,424213,1664,1
94,718007,217885,1664,1
95,358930,108755,1664,1
96,644480,195218,1664,1
97,586924,177974,1664,1
98,537298,162791,1664,1
99,702462,212807,1664,1
100,597018,180869,1664,1
101,681078,206443,1664,1
102,411096,124550,1664,1
103,1027588,311770,1664,1
104,636648,192909,1664,1
105,868064,262943,1664,1
106,1194662,361833,1664,1
107,2087126,632426,1664,1
108,1376902,417052,1664,1
109,1115734,337950,1664,1
110,809308,245107,1664,1
111,640166,193929,1664,1
112,6933792,2104941,1664,1
113,511718,155045,1664,1
114,1022296,310236,1664,1
115,641670,194389,1664,1
116,840122,254764,1664,1
117,1341544,407006,1664,1
118,1143908,346561,1664,1
119,794156,240556,1664,1
120,517460,156777,1664,1
121,749214,226959,1664,1
122,775590,235650,1664,1
123,562650,170460,1664,1
124,1290748,390962,1664,1
125,995438,301547,1664,1
126,1101878,333755,1664,1
127,783628,237373,1664,1
128,1177262,356687,1664,1
129,1318666,399406,1664,1
130,531298,160965,1664,1
131,1361406,412534,1664,1
132,592166,179519,1664,1
133,1317580,399528,1664,1
134,1493788,453016,1664,1
135,607714,184126,1664,1
136,962378,291600,1664,1
137,1378789,418144,1664,1
138,2199001,666498,1664,1
139,617324,187159,1664,1
140,497118,150610,1664,1
141,604734,183253,1664,1
142,724288,219409,1664,1
143,757884,229670,1664,1
144,535100,162150,1664,1
145,1039628,314908,1664,1
146,847582,256828,1664,1
147,956390,289709,1664,1
148,838976,254156,1664,1
149,587218,177892,1664,1
150,632164,191517,1664,1
151,627132,190097,1664,1
152,1000222,303085,1664,1
153,508490,154057,1664,1
154,2005827,608615,1664,1
155,727789,220880,1664,1
156,1224006,371071,1664,1
157,2416954,732435,1664,1
158,1314658,398198,1664,1
159,1079254,327192,1664,1
160,762308,230920,1664,1
161,617588,187097,1664,1
162,954020,289080,1664,1
163,762536,230986,1664,1
164,685088,207549,1664,1
165,502724,152312,1664,1
166,675670,204686,1664,1
167,846546,256408,1664,1
168,688260,208502,1664,1
169,921946,279409,1664,1
170,610340,184976,1664,1
171,623024,188740,1664,1
172,691634,209521,1664,1
173,741852,224738,1664,1
174,757246,229943,1664,1
175,510514,154654,1664,1
176,597052,180885,1664,1
177,528762,160263,1664,1
178,815684,247108,1664,1
179,530104,160623,1664,1
180,523228,158521,1664,1
181,995062,301765,1664,1
182,572916,173586,1664,1
183,354670,107468,1664,1
184,687504,208338,1664,1
185,705088,213627,1664,1
186,644636,195285,1664,1
187,713512,216178,1664,1
188,783476,237374,1664,1
189,541846,164219,1664,1
190,908392,275267,1664,1
191,698332,211644,1664,1
192,1066896,323246,1664,1
193,957184,290041,1664,1
194,886294,268511,1664,1
195,1488776,451534,1664,1
196,1132104,343089,1664,1
197,544368,164927,1664,1
198,897654,271917,1664,1
199,1869932,566601,1664,1
200,711832,216084,1664,1
201,528666,160165,1664,1
202,712814,216260,1664,1
203,1220060,370022,1664,1
204,703372,213084,1664,1
205,778972,235965,1664,1
206,534246,161858,1664,1
207,971504,294258,1664,1
208,543222,164578,1664,1
209,486538,147461,1664,1
210,783312,237523,1664,1
211,664762,201388,1664,1
212,674678,204382,1664,1
213,585724,177414,1664,1
214,851964,258291,1664,1
215,647940,197265,1664,1
216,1146180,347265,1664,1
217,674360,204293,1664,1
218,518164,156992,1664,1
219,835876,253194,1664,1
220,820162,248451,1664,1
221,811878,245926,1664,1
222,987832,299227,1664,1
223,8929183,2705142,1664,1
224,675060,204744,1664,1
225,927028,280908,1664,1
226,557588,168927,1664,1
227,829106,251279,1664,1
228,577564,174980,1664,1
229,568140,172136,1664,1
230,1034418,313276,1664,1
231,1049950,318023,1664,1
232,676632,204975,1664,1
233,646306,195778,1664,1
234,477192,144565,1664,1
235,587438,177930,1664,1
236,820690,248597,1664,1
237,414816,125681,1664,1
238,862086,261136,1664,1
239,362554,109857,1664,1
240,786724,238317,1664,1
241,476378,144321,1664,1
242,530142,160602,1664,1
243,534108,161803,1664,1
244,530454,160679,1664,1
245,470188,142413,1664,1
246,1665390,504647,1664,1
247,1763596,534890,1664,1
248,594758,180192,1664,1
249,1130754,342494,1664,1
250,1523575,462343,1664,1
251,840100,254552,1664,1
252,597168,180924,1664,1
253,511404,155036,1664,1
254,1361432,412567,1664,1
255,602864,182637,1664,1
256,992440,300613,1664,1
257,932025,283959,1664,1
258,964466,292131,1664,1
259,746456,226118,1664,1
260,766170,232097,1664,1
261,619450,187673,1664,1
262,1010712,306167,1664,1
263,629142,190823,1664,1
264,982240,301699,1664,1
265,743462,225272,1664,1
266,719578,218007,1664,1
267,1018104,308428,1664,1
268,601008,182072,1664,1
269,1237798,375164,1664,1
270,647100,196048,1664,1
271,1117408,338620,1664,1
272,728880,221018,1664,1
273,861622,261037,1664,1
274,1127024,341563,1664,1
275,2825392,857245,1664,1
276,476302,144281,1664,1
277,625702,189545,1664,1
278,625774,189571,1664,1
279,712185,216071,1664,1
280,487618,147746,1664,1
281,714380,216485,1664,1
282,649908,196860,1664,1
283,518782,157193,1664,1
284,792110,239998,1664,1
285,877928,265954,1664,1
286,688068,208462,1664,1
287,618138,187276,1664,1
288,563142,170598,1664,1
289,545684,165310,1664,1
290,901040,272927,1664,1
291,533364,161577,1664,1
292,400884,121459,1664,1
293,900914,272869,1664,1
294,403948,122398,1664,1
295,618102,187204,1664,1
296,961296,291253,1664,1
297,868180,262965,1664,1
298,651050,197218,1664,1
299,1492598,452052,1664,1
300,479676,145331,1664,1
301,842984,256436,1664,1
302,648072,196305,1664,1
303,332390,100710,1664,1
304,376688,114116,1664,1
305,333614,101083,1664,1
306,385436,116777,1664,1
307,1095850,331920,1664,1
308,718012,217511,1664,1
309,697402,211339,1664,1
310,586484,177655,1664,1
311,399544,121137,1664,1
312,365678,110799,1664,1
313,877802,265866,1664,1
314,400766,121408,1664,1
315,304910,92431,1664,1
316,542278,165297,1664,1
317,585394,177351,1664,1
318,617594,187903,1664,1
319,644302,195166,1664,1
320,507222,153799,1664,1
321,942396,285749,1664,1
322,1235036,374101,1664,1
323,522228,158212,1664,1
324,702912,212932,1664,1
325,944304,286034,1664,1
326,761192,230585,1664,1
327,525168,159180,1664,1
328,688416,208542,1664,1
329,495570,150111,1664,1
330,758090,229662,1664,1
331,680634,206193,1664,1
332,927637,281681,1664,1
333,540312,163690,1664,1
334,531140,160914,1664,1
335,464080,140607,1664,1
336,591802,179266,1664,1
337,388076,117655,1664,1
338,542364,164270,1664,1
339,513648,155577,1664,1
340,394712,119557,1664,1
341,399484,121005,1664,1
342,398608,120740,1664,1
343,879162,266285,1664,1
344,1036608,314049,1664,1
345,483258,146400,1664,1
346,492264,149222,1664,1
347,657138,199070,1664,1
348,662902,200857,1664,1
349,383342,116161,1664,1
350,427430,129492,1664,1
351,429484,130101,1664,1
352,322504,97711,1664,1
353,427098,129383,1664,1
354,553232,167596,1664,1
355,443606,134480,1664,1
356,1039928,314938,1664,1
357,547622,166020,1664,1
358,617750,187489,1664,1
359,654942,198400,1664,1
360,545818,165323,1664,1
361,1064128,322374,1664,1
362,339678,103011,1664,1
363,699458,211881,1664,1
364,463198,140346,1664,1
365,417332,126451,1664,1
366,391052,118480,1664,1
367,406690,123200,1664,1
368,671120,203302,1664,1
369,440072,133322,1664,1
370,328008,99358,1664,1
371,381382,115546,1664,1
372,382560,115894,1664,1
373,663452,200979,1664,1
374,781810,236837,1664,1
375,464108,140638,1664,1
376,591036,179142,1664,1
377,637564,193178,1664,1
378,641804,194548,1664,1
379,2036582,617419,1664,1
380,1056666,320065,1664,1
381,552234,167296,1664,1
382,786335,238851,1664,1
383,566354,171571,1664,1
384,883809,268151,1664,1
385,6813933,2064290,1664,1
386,1668944,505459,1664,1
387,956020,289678,1664,1
388,959426,290624,1664,1
389,1019714,309056,1664,1
390,1362814,412878,1664,1
391,630906,191158,1664,1
392,756634,229194,1664,1
393,801038,242649,1664,1
394,533674,161675,1664,1
395,842016,260543,1664,1
396,519232,157318,1664,1
397,919500,278527,1664,1
398,1161500,351821,1664,1
399,971746,294564,1664,1
400,559972,169654,1664,1
401,1857604,563505,1664,1
402,1332418,403592,1664,1
403,1535548,465258,1664,1
404,511718,155021,1664,1
405,470306,142499,1664,1
406,668558,202680,1664,1
407,593870,179916,1664,1
408,702410,212799,1664,1
409,903204,273616,1664,1
410,786098,238122,1664,1
411,596928,180999,1664,1
412,550676,166837,1664,1
413,564950,171136,1664,1
414,1149102,348074,1664,1
415,936290,283597,1664,1
416,453226,137330,1664,1
417,413170,125200,1664,1
418,653238,197876,1664,1
419,1119146,339004,1664,1
420,410082,124256,1664,1
421,1049943,319026,1664,1
422,1066160,322982,1664,1
423,601050,182084,1664,1
424,575978,174476,1664,1
425,460940,139613,1664,1
426,454564,137711,1664,1
427,392474,118883,1664,1
428,453134,137249,1664,1
429,771508,233754,1664,1
430,515404,156148,1664,1
431,690812,209237,1664,1
432,613992,185986,1664,1
433,4958820,1502729,1664,1
434,752246,228207,1664,1
435,920800,278868,1664,1
436,873042,265388,1664,1
437,531336,160974,1664,1
438,714816,216525,1664,1
439,989482,299683,1664,1
440,484070,146654,1664,1
441,490332,148554,1664,1
442,569882,172607,1664,1
443,665340,202036,1664,1
444,624554,189198,1664,1
445,637862,193240,1664,1
446,534046,161804,1664,1
447,626226,189702,1664,1
448,592902,179592,1664,1
449,555154,168187,1664,1
450,549170,166376,1664,1
451,1238336,375070,1664,1
452,527394,159823,1664,1
453,1769646,535961,1664,1
454,1273868,385828,1664,1
455,1172790,356129,1664,1
456,983778,297981,1664,1
457,666056,201760,1664,1
458,1672700,506890,1664,1
459,950822,288018,1664,1
460,560340,169811,1664,1
461,690259,209489,1664,1
462,683198,207025,1664,1
463,541608,164113,1664,1
464,638464,193561,1664,1
465,641174,194239,1664,1
466,945678,286605,1664,1
467,457940,138746,1664,1
468,570868,172944,1664,1
469,497106,150604,1664,1
470,865882,262298,1664,1
471,537078,162716,1664,1
472,871148,263880,1664,1
473,710790,215319,1664,1
474,1357768,411350,1664,1
475,520462,157761,1664,1
476,1267906,384494,1664,1
477,724156,219746,1664,1
478,1462994,443465,1664,1
479,1012156,306583,1664,1
480,1947373,590258,1664,1
481,704084,213431,1664,1
482,502224,152128,1664,1
483,444936,134800,1664,1
484,445558,134995,1664,1
485,343194,103959,1664,1
486,618980,187468,1664,1
487,1055600,319785,1664,1
488,584086,176972,1664,1
489,1574918,477288,1664,1
490,974732,295234,1664,1
491,792236,239990,1664,1
492,581882,176274,1664,1
493,1050138,318081,1664,1
494,688560,208579,1664,1
495,501174,151851,1664,1
496,843272,255813,1664,1
497,1383252,419033,1664,1
498,594776,180180,1664,1
499,1789444,541954,1664,1
500,771160,233627,1664,1
501,961544,291453,1664,1
502,2547143,771966,1664,1
503,977940,296205,1664,1
504,548862,166265,1664,1
505,1302936,394844,1664,1
506,2207432,669047,1664,1
507,840860,254800,1664,1
508,806212,244217,1664,1
509,505872,153265,1664,1
510,637420,193191,1664,1
511,1096816,332213,1664,1
512,666142,201784,1664,1
513,904602,274012,1664,1
514,950576,288019,1664,1
515,1499131,455330,1664,1
516,2098598,635573,1664,1
517,566934,171763,1664,1
518,1619899,491448,1664,1
519,512848,155373,1664,1
520,1691773,513146,1664,1
521,677190,205158,1664,1
522,628902,190519,1664,1
523,464592,140741,1664,1
524,593130,179684,1664,1
525,358968,108781,1664,1
526,1077792,326920,1664,1
527,696318,210929,1664,1
528,482066,146180,1664,1
529,523110,158477,1664,1
530,909720,276040,1664,1
531,704650,213454,1664,1
532,454158,137584,1664,1
533,603902,182949,1664,1
534,345090,104561,1664,1
535,503340,152466,1664,1
536,503134,152406,1664,1
537,396900,120252,1664,1
538,821462,249203,1664,1
539,741110,224581,1664,1
540,608098,184384,1664,1
541,450610,136529,1664,1
542,506040,153332,1664,1
543,683070,206915,1664,1
544,855368,259522,1664,1
545,850812,257889,1664,1
546,2053112,622446,1664,1
547,568604,172273,1664,1
548,510266,154616,1664,1
549,2528291,766491,1664,1
550,807076,244528,1664,1
551,966134,292650,1664,1
552,494532,150053,1664,1
553,737297,223564,1664,1
554,836030,253253,1664,1
555,731966,221725,1664,1
556,990638,300754,1664,1
557,582944,176601,1664,1
558,502854,152351,1664,1
559,622000,188471,1664,1
560,1336888,404911,1664,1
561,942172,285380,1664,1
562,1053320,319051,1664,1
563,672906,204355,1664,1
564,510020,154523,1664,1
565,556934,168717,1664,1
566,558820,169310,1664,1
567,610728,185011,1664,1
568,1285464,389582,1664,1
569,1037568,314240,1664,1
570,670844,203213,1664,1
571,895808,271482,1664,1
572,775464,234913,1664,1
573,984753,298625,1664,1
574,580858,175972,1664,1
575,613442,185862,1664,1
576,1604802,486278,1664,1
577,1224438,370857,1664,1
578,2460565,746070,1664,1
579,632014,191467,1664,1
580,1453780,440305,1664,1
581,730302,221214,1664,1
582,521650,158053,1664,1
583,618930,187616,1664,1
584,541598,164085,1664,1
585,481618,145929,1664,1
586,1312832,398223,1664,1
587,699484,211900,1664,1
588,1194650,362159,1664,1
589,1044586,316396,1664,1
590,805024,243820,1664,1
591,863506,261592,1664,1
592,446008,135140,1664,1
593,913238,276636,1664,1
594,893078,270531,1664,1
595,483352,146432,1664,1
596,362804,109897,1664,1
597,362062,109674,1664,1
598,1454902,440725,1664,1
599,1018408,308483,1664,1
600,2236852,679591,1664,1
601,1119818,339182,1664,1
602,642582,194697,1664,1
603,1018106,308384,1664,1
604,552798,167941,1664,1
605,532572,161345,1664,1
606,829744,251390,1664,1
607,610532,184959,1664,1
608,931006,281994,1664,1
609,904692,274050,1664,1
610,640482,193991,1664,1
611,574252,176012,1664,1
612,499812,151424,1664,1
613,1141062,345609,1664,1
614,599504,181607,1664,1
615,1253708,380409,1664,1
616,719367,218429,1664,1
617,2642152,800159,1664,1
618,564198,170930,1664,1
619,551242,166973,1664,1
620,834394,252748,1664,1
621,842922,255351,1664,1
622,554362,167950,1664,1
623,522902,158434,1664,1
624,953324,288766,1664,1
625,1106966,335663,1664,1
626,829512,251368,1664,1
627,529278,160452,1664,1
628,819590,248352,1664,1
629,1049746,318064,1664,1
630,707514,214343,1664,1
631,827814,250928,1664,1
632,506272,153399,1664,1
633,909752,275579,1664,1
634,711252,215458,1664,1
635,3097212,938224,1664,1
636,933838,282863,1664,1
637,1118912,338917,1664,1
638,1706198,516949,1664,1
639,753350,228213,1664,1
640,2586525,783986,1664,1
641,610054,184782,1664,1
642,887389,269519,1664,1
643,921286,279072,1664,1
644,1239252,375379,1664,1
645,570552,172938,1664,1
646,498570,151051,1664,1
647,1595144,483177,1664,1
648,629530,190853,1664,1
649,600616,181948,1664,1
650,822444,249126,1664,1
651,706510,214028,1664,1
652,761550,230727,1664,1
653,5641422,1709152,1664,1
654,1040676,315219,1664,1
655,877728,265887,1664,1
656,817240,247589,1664,1
657,816696,247447,1664,1
658,916846,277764,1664,1
659,710094,215114,1664,1
660,1670484,505969,1664,1
661,576986,174800,1664,1
662,466172,141228,1664,1
663,539212,163339,1664,1
664,620920,188121,1664,1
665,438182,132775,1664,1
666,830996,251826,1664,1
667,833808,253032,1664,1
668,742592,224933,1664,1
669,905328,274250,1664,1
670,922486,279584,1664,1
671,525614,159245,1664,1
672,595708,180546,1664,1
673,783852,237448,1664,1
674,550980,166973,1664,1
675,909134,275854,1664,1
676,1096054,331984,1664,1
677,540930,163869,1664,1
678,1068144,323518,1664,1
679,1972926,598298,1664,1
680,1891415,573376,1664,1
681,489554,148329,1664,1
682,1858528,563370,1664,1
683,698288,211530,1664,1
684,816270,247265,1664,1
685,538808,163239,1664,1
686,767372,232440,1664,1
687,973124,294901,1664,1
688,527296,159774,1664,1
689,823818,249557,1664,1
690,1490748,451519,1664,1
691,859858,260457,1664,1
692,682476,206797,1664,1
693,659804,199877,1664,1
694,726872,220202,1664,1
695,4355549,1319673,1664,1
696,956754,289801,1664,1
697,534204,161843,1664,1
698,1354384,410566,1664,1
699,741446,224609,1664,1
700,520478,157683,1664,1
701,856148,259334,1664,1
702,512160,155166,1664,1
703,1400800,424291,1664,1
704,819928,248399,1664,1
705,620350,187949,1664,1
706,960358,291084,1664,1
707,720368,218209,1664,1
708,715702,216808,1664,1
709,481130,145772,1664,1
710,1076774,326168,1664,1
711,1072662,324916,1664,1
712,408088,123675,1664,1
713,1269202,385153,1664,1
714,414976,125728,1664,1
715,406502,123130,1664,1
716,351064,106371,1664,1
717,628992,190530,1664,1
718,1365586,413693,1664,1
719,572356,173353,1664,1
720,1172486,355907,1664,1
721,1162483,352778,1664,1
722,804143,243940,1664,1
723,520522,157691,1664,1
724,370826,112360,1664,1
725,1015204,307614,1664,1
726,640778,194112,1664,1
727,865186,262052,1664,1
728,627376,190181,1664,1
729,936484,283782,1664,1
730,712910,215967,1664,1
731,617430,187064,1664,1
732,755990,229004,1664,1
733,860226,260699,1664,1
734,655986,198744,1664,1
735,598708,181449,1664,1
736,710406,215198,1664,1
737,571306,173093,1664,1
738,962132,291442,1664,1
739,528986,160261,1664,1
740,712458,215794,1664,1
741,572226,173378,1664,1
742,1034910,313499,1664,1
743,821902,249223,1664,1
744,761364,230703,1664,1
745,978178,296427,1664,1
746,676529,205389,1664,1
747,1245259,377604,1664,1
748,650345,197375,1664,1
749,720390,218264,1664,1
750,730208,221190,1664,1
751,1357534,412537,1664,1
752,728612,220725,1664,1
753,565464,171329,1664,1
754,635558,192661,1664,1
755,881290,267006,1664,1
756,1220462,370178,1664,1
757,356816,108116,1664,1
758,801740,242935,1664,1
759,522536,158294,1664,1
760,349184,105801,1664,1
761,518752,157150,1664,1
762,466532,141338,1664,1
763,488956,148145,1664,1
764,465100,141114,1664,1
765,569622,172579,1664,1
766,646928,195987,1664,1
767,1851758,560828,1664,1
768,726079,220661,1664,1
769,551808,167176,1664,1
770,672039,203898,1664,1
771,1393856,422574,1664,1
772,673698,204045,1664,1
773,552014,167287,1664,1
774,1083592,328459,1664,1
775,1069662,324032,1664,1
776,848220,256925,1664,1
777,802570,243175,1664,1
778,399260,120946,1664,1
779,545698,165285,1664,1
780,611286,185153,1664,1
781,580410,175808,1664,1
782,730968,221482,1664,1
783,615744,186530,1664,1
784,568822,172361,1664,1
785,1313580,398464,1664,1
786,852346,258249,1664,1
787,689136,208784,1664,1
788,628146,190305,1664,1
789,576698,174708,1664,1
790,3913274,1185686,1664,1
791,637734,193207,1664,1
792,572934,173569,1664,1
793,734804,222725,1664,1
794,637160,193047,1664,1
795,578322,175252,1664,1
796,1042454,315938,1664,1
797,857742,259832,1664,1
798,724468,219557,1664,1
799,637510,193213,1664,1
800,628134,190275,1664,1
801,881278,266944,1664,1
802,770338,233419,1664,1
803,836876,253495,1664,1
804,1341302,406267,1664,1
805,563226,170642,1664,1
806,672350,203681,1664,1
807,1205936,365261,1664,1
808,701620,212551,1664,1
809,1045670,316747,1664,1
810,992776,300954,1664,1
811,608970,184726,1664,1
812,830738,251708,1664,1
813,6995964,2119929,1664,1
814,852308,258223,1664,1
815,623682,188956,1664,1
816,2363974,716188,1664,1
817,1190488,360573,1664,1
818,676852,205247,1664,1
819,585140,177274,1664,1
820,1578816,478336,1664,1
821,768114,232872,1664,1
822,428940,129963,1664,1
823,506760,153537,1664,1
824,780010,236311,1664,1
825,666490,201910,1664,1
826,381752,115662,1664,1
827,1125582,341250,1664,1
828,762606,231331,1664,1
829,1053450,319158,1664,1
830,508886,154184,1664,1
831,769364,233084,1664,1
832,702660,212849,1664,1
833,493798,149608,1664,1
834,1318780,399465,1664,1
835,420118,127304,1664,1
836,2856997,865563,1664,1
837,2138420,647926,1664,1
838,954762,289212,1664,1
839,476846,144478,1664,1
840,634684,192256,1664,1
841,1224022,370807,1664,1
842,357104,108177,1664,1
843,531482,161030,1664,1
844,684650,207455,1664,1
845,859518,260351,1664,1
846,568014,172058,1664,1
847,2008070,608152,1664,1
848,551570,167072,1664,1
849,1391458,421441,1664,1
850,763510,231289,1664,1
851,663548,201561,1664,1
852,1030132,312021,1664,1
853,558616,169246,1664,1
854,644566,195304,1664,1
855,703830,213219,1664,1
856,749880,227254,1664,1
857,718542,217678,1664,1
858,854554,258850,1664,1
859,843940,255816,1664,1
860,878044,266232,1664,1
861,714140,216509,1664,1
862,943412,286024,1664,1
863,566156,171665,1664,1
864,918512,278376,1664,1
865,560170,169781,1664,1
866,1605762,486883,1664,1
867,732340,221842,1664,1
868,529760,160492,1664,1
869,592108,179376,1664,1
870,531108,160920,1664,1
871,565528,171338,1664,1
872,751760,227709,1664,1
873,1235030,374082,1664,1
874,533756,161721,1664,1
875,1195740,362385,1664,1
876,622014,188432,1664,1
877,2019137,612029,1664,1
878,2070446,627422,1664,1
879,614612,186290,1664,1
880,574618,174066,1664,1
881,1501246,455349,1664,1
882,1409608,427014,1664,1
883,1164882,352825,1664,1
884,1120992,339854,1664,1
885,700674,212262,1664,1
886,654920,198387,1664,1
887,556972,168850,1664,1
888,1379384,417781,1664,1
889,525684,159258,1664,1
890,653334,197927,1664,1
891,2114176,640287,1664,1
892,1393570,422065,1664,1
893,563424,170692,1664,1
894,612984,185705,1664,1
895,631916,191464,1664,1
896,1700701,515439,1664,1
897,943320,285757,1664,1
898,2538931,769183,1664,1
899,755174,228772,1664,1
900,701206,212440,1664,1
901,2909183,881403,1664,1
902,735122,222698,1664,1
903,669538,202830,1664,1
904,754322,228503,1664,1
905,831068,252589,1664,1
906,579304,175631,1664,1
907,626824,189888,1664,1
908,844294,255739,1664,1
909,634326,192177,1664,1
910,725140,219974,1664,1
911,764092,231469,1664,1
912,564368,170989,1664,1
913,1510768,457591,1664,1
914,1951752,591132,1664,1
915,694280,210361,1664,1
916,2608013,794567,1664,1
917,689996,209082,1664,1
918,1419116,430196,1664,1
919,663496,200999,1664,1
920,487700,147756,1664,1
921,673834,204181,1664,1
922,603700,182894,1664,1
923,823796,249685,1664,1
924,790260,239386,1664,1
925,567094,171810,1664,1
926,688338,210326,1664,1
927,1384840,419525,1664,1
928,635564,192538,1664,1
929,521198,157907,1664,1
930,543010,164513,1664,1
931,951256,288354,1664,1
932,593190,179699,1664,1
933,544854,165068,1664,1
934,511910,155084,1664,1
935,548540,166211,1664,1
936,525684,159250,1664,1
937,843580,256012,1664,1
938,531890,161152,1664,1
939,711517,215813,1664,1
940,1010872,306192,1664,1
941,642646,194684,1664,1
942,681656,206493,1664,1
943,699854,211979,1664,1
944,505358,153110,1664,1
945,497222,150635,1664,1
946,453186,137291,1664,1
947,598630,181335,1664,1
948,341084,103334,1664,1
949,965066,292323,1664,1
950,637076,192988,1664,1
951,622296,188523,1664,1
952,649792,196851,1664,1
953,1646030,498596,1664,1
954,844150,255708,1664,1
955,921668,279173,1664,1
956,636184,192752,1664,1
957,710542,215242,1664,1
958,933112,282749,1664,1
959,404658,122578,1664,1
960,385656,116843,1664,1
961,393948,119355,1664,1
962,450860,136600,1664,1
963,817030,247454,1664,1
964,468230,141891,1664,1
965,505286,153082,1664,1
966,608664,184399,1664,1
967,586650,177734,1664,1
968,613484,185853,1664,1
969,1244536,377216,1664,1
970,618480,187468,1664,1
971,1130368,342575,1664,1
972,763944,231407,1664,1
973,644312,195186,1664,1
974,384780,116575,1664,1
975,381744,115645,1664,1
976,731850,221700,1664,1
977,794540,241079,1664,1
978,1146832,347582,1664,1
979,893780,270729,1664,1
980,1003444,303994,1664,1
981,489372,148218,1664,1
982,378710,114733,1664,1
983,386722,117141,1664,1
984,644664,195289,1664,1
985,456258,138272,1664,1
986,343904,104203,1664,1
987,394462,119504,1664,1
988,488300,147998,1664,1
989,549460,166436,1664,1
990,658704,199528,1664,1
991,340428,103136,1664,1
992,339690,102925,1664,1
993,391474,118605,1664,1
994,516404,156458,1664,1
995,664012,201148,1664,1
996,672230,203699,1664,1
997,645612,195578,1664,1
998,324374,98289,1664,1
999,863346,261511,1664,1
1000,789074,239037,1664,1
1001,850817,258178,1664,1
1002,600386,181980,1664,1
1003,645010,195373,1664,1
1004,799000,242423,1664,1
1005,946412,286664,1664,1
1006,570958,172983,1664,1
1007,421838,127812,1664,1
1008,421014,127559,1664,1
1009,489176,148173,1664,1
1010,626188,189723,1664,1
1011,970736,294061,1664,1
1012,551404,167065,1664,1
1013,556260,168518,1664,1
1014,864030,261725,1664,1
1015,543496,164620,1664,1
1016,1801346,545602,1664,1
1017,623676,188932,1664,1
1018,818374,247901,1664,1
1019,729028,220844,1664,1
1020,639964,193869,1664,1
1021,620738,188525,1664,1
1022,1053132,319086,1664,1
1023,575450,174347,1664,1
1024,576666,174659,1664,1
1025,518352,157042,1664,1
1026,353018,106965,1664,1
1027,1532144,464829,1664,1
1028,603218,182735,1664,1
1029,609392,184614,1664,1
1030,1135395,344294,1664,1
1031,488968,148165,1664,1
1032,979850,297325,1664,1
1033,965932,292599,1664,1
1034,862890,261405,1664,1
1035,390060,118194,1664,1
1036,1344779,407609,1664,1
1037,854954,259142,1664,1
1038,658678,199537,1664,1
1039,461156,139679,1664,1
1040,805380,243960,1664,1
1041,703770,213206,1664,1
1042,634704,192274,1664,1
1043,974404,295354,1664,1
1044,773114,234728,1664,1
1045,1478232,447726,1664,1
1046,912626,276449,1664,1
1047,488800,148100,1664,1
1048,352578,106817,1664,1
1049,405130,122746,1664,1
1050,712142,215742,1664,1
1051,830982,252084,1664,1
1052,832702,252232,1664,1
1053,545340,165205,1664,1
1054,7550005,2286886,1664,1
1055,1027954,311405,1664,1
1056,694870,210513,1664,1
1057,785046,237805,1664,1
1058,513760,155648,1664,1
1059,1082332,328029,1664,1
1060,860696,260725,1664,1
1061,780868,236547,1664,1
1062,557468,168890,1664,1
1063,698850,211712,1664,1
1064,735890,222912,1664,1
1065,1393730,422121,1664,1
1066,612708,185619,1664,1
1067,780540,236533,1664,1
1068,1551400,469955,1664,1
1069,753056,228133,1664,1
1070,630202,190898,1664,1
1071,726966,220265,1664,1
1072,910628,275874,1664,1
1073,452704,137128,1664,1
1074,600362,181876,1664,1
1075,584774,177169,1664,1
1076,805956,244135,1664,1
1077,1092010,331141,1664,1
1078,739254,223932,1664,1
1079,610174,184849,1664,1
1080,912362,276347,1664,1
1081,930726,281919,1664,1
1082,537620,162849,1664,1
1083,1592614,482693,1664,1
1084,673212,205009,1664,1
1085,547436,165901,1664,1
1086,963748,291930,1664,1
1087,530268,160650,1664,1
1088,1141158,345639,1664,1
1089,431426,130716,1664,1
1090,600608,182617,1664,1
1091,1514300,458637,1664,1
1092,908922,275311,1664,1
1093,918840,278604,1664,1
1094,614560,186209,1664,1
1095,797392,241531,1664,1
1096,727444,220391,1664,1
1097,637016,192991,1664,1
1098,716240,216972,1664,1
1099,940620,284915,1664,1
1100,505836,153282,1664,1
1101,516802,156580,1664,1
1102,590682,178947,1664,1
1103,526496,159515,1664,1
1104,685142,207556,1664,1
1105,671240,203343,1664,1
1106,582340,176426,1664,1
1107,678536,205575,1664,1
1108,408176,123637,1664,1
1109,1036950,314046,1664,1
1110,1309112,396533,1664,1
1111,765982,232040,1664,1
1112,595456,180401,1664,1
1113,613076,185712,1664,1
1114,549198,166385,1664,1
1115,1383465,419337,1664,1
1116,709452,214984,1664,1
1117,841922,255067,1664,1
1118,518014,156947,1664,1
1119,630740,191080,1664,1
1120,368266,111578,1664,1
1121,331256,100355,1664,1
1122,383966,116330,1664,1
1123,386850,117190,1664,1
1124,765626,231923,1664,1
1125,1325600,401457,1664,1
1126,1384146,419226,1664,1
1127,433092,131210,1664,1
1128,428368,129780,1664,1
1129,534190,161791,1664,1
1130,813084,246285,1664,1
1131,754602,228563,1664,1
1132,366798,111145,1664,1
1133,510692,154710,1664,1
1134,539064,163297,1664,1
1135,542630,164388,1664,1
1136,674748,204381,1664,1
1137,369594,111979,1664,1
1138,732542,221888,1664,1
1139,387128,117300,1664,1
1140,346082,104870,1664,1
1141,703400,213080,1664,1
1142,322262,97635,1664,1
1143,321842,97494,1664,1
1144,873808,264674,1664,1
1145,632132,191501,1664,1
1146,353712,107166,1664,1
1147,302542,91671,1664,1
1148,405464,122839,1664,1
1149,762924,231661,1664,1
1150,890912,269873,1664,1
1151,731022,221437,1664,1
1152,572972,173709,1664,1
1153,662626,200732,1664,1
1154,453750,137460,1664,1
1155,353998,107255,1664,1
1156,1190850,360972,1664,1
1157,586224,177608,1664,1
1158,1122832,340094,1664,1
1159,676752,205004,1664,1
1160,643898,195053,1664,1
1161,337928,102390,1664,1
1162,789300,239038,1664,1
1163,358176,108520,1664,1
1164,713724,216158,1664,1
1165,664288,201555,1664,1
1166,344936,104528,1664,1
1167,375130,113653,1664,1
1168,949848,287670,1664,1
1169,692504,209750,1664,1
1170,562612,170423,1664,1
1171,381208,115497,1664,1
1172,481476,145847,1664,1
1173,579226,175484,1664,1
1174,488846,148106,1664,1
1175,1134076,343496,1664,1
1176,451692,136851,1664,1
1177,4364682,1326885,1664,1
1178,354124,107299,1664,1
1179,596960,180828,1664,1
1180,519394,157336,1664,1
1181,321966,97553,1664,1
1182,456958,138418,1664,1
1183,800460,242462,1664,1
1184,1614462,489011,1664,1
1185,632724,191682,1664,1
1186,369386,111913,1664,1
1187,421796,127786,1664,1
1188,420608,127394,1664,1
1189,925920,280437,1664,1
1190,318318,96448,1664,1
1191,418392,126752,1664,1
1192,365514,110739,1664,1
1193,555488,168266,1664,1
1194,799162,242061,1664,1
1195,384300,116434,1664,1
1196,381854,115692,1664,1
1197,329716,99876,1664,1
1198,381234,115477,1664,1
1199,535200,162103,1664,1
1200,794064,240613,1664,1
1201,506686,153502,1664,1
1202,330826,100240,1664,1
1203,570144,172710,1664,1
1204,414976,125693,1664,1
1205,454790,137789,1664,1
1206,523502,158570,1664,1
1207,534212,161802,1664,1
1208,638892,193498,1664,1
1209,533946,161747,1664,1
1210,1246484,377528,1664,1
1211,588872,178397,1664,1
1212,812900,246239,1664,1
1213,506272,153380,1664,1
1214,917430,277957,1664,1
1215,515478,156161,1664,1
1216,362862,109933,1664,1
1217,312904,94786,1664,1
1218,308884,93567,1664,1
1219,413432,125229,1664,1
1220,324334,98249,1664,1
1221,500718,151705,1664,1
1222,516180,156483,1664,1
1223,518584,157117,1664,1
1224,487838,147788,1664,1
1225,671886,203519,1664,1
1226,520092,157565,1664,1
1227,494848,150382,1664,1
1228,907238,274799,1664,1
1229,471050,142715,1664,1
1230,427042,129520,1664,1
1231,380146,115175,1664,1
1232,329076,99721,1664,1
1233,626592,189819,1664,1
1234,432258,130955,1664,1
1235,331056,100308,1664,1
1236,1813970,549604,1664,1
1237,1061168,321509,1664,1
1238,992076,300675,1664,1
1239,671556,203404,1664,1
1240,625586,189497,1664,1
1241,793828,240705,1664,1
1242,355828,107822,1664,1
1243,1711935,518942,1664,1
1244,589764,178662,1664,1
1245,1044356,316932,1664,1
1246,504254,152771,1664,1
1247,1242221,376740,1664,1
1248,580724,175931,1664,1
1249,473766,143555,1664,1
1250,939962,285176,1664,1
1251,942490,285465,1664,1
1252,582432,176553,1664,1
1253,862126,261148,1664,1
1254,1095228,331846,1664,1
1255,682784,206835,1664,1
1256,516210,156382,1664,1
1257,380126,115185,1664,1
1258,656642,198899,1664,1
1259,404390,122532,1664,1
1260,469776,142337,1664,1
1261,396144,120022,1664,1
1262,401068,121510,1664,1
1263,923030,280579,1664,1
1264,525814,159298,1664,1
1265,416702,126262,1664,1
1266,714004,216267,1664,1
1267,690258,209055,1664,1
1268,500882,151753,1664,1
1269,501210,151835,1664,1
1270,599064,182203,1664,1
1271,466464,141330,1664,1
1272,598268,181232,1664,1
1273,752592,227969,1664,1
1274,531768,161106,1664,1
1275,563090,170582,1664,1
1276,534516,161942,1664,1
1277,847160,256576,1664,1
1278,1027382,311188,1664,1
1279,1612226,489322,1664,1
1280,4166892,1263227,1664,1
1281,624664,189230,1664,1
1282,610048,184823,1664,1
1283,1027426,311436,1664,1
1284,559540,169529,1664,1
1285,1564252,474486,1664,1
1286,1189652,360323,1664,1
1287,720238,218474,1664,1
1288,749136,226899,1664,1
1289,872680,264465,1664,1
1290,668162,202426,1664,1
1291,743754,225431,1664,1
1292,1103068,334107,1664,1
1293,515226,156153,1664,1
1294,1621014,490950,1664,1
1295,1149468,348143,1664,1
1296,536832,162627,1664,1
1297,512968,155420,1664,1
1298,1187152,359571,1664,1
1299,649200,196656,1664,1
1300,654530,198376,1664,1
1301,822734,249220,1664,1
1302,641930,194429,1664,1
1303,1050320,318153,1664,1
1304,653444,197955,1664,1
1305,1587860,480907,1664,1
1306,616880,186896,1664,1
1307,840930,254711,1664,1
1308,741876,224733,1664,1
1309,563452,170709,1664,1
1310,1966024,595628,1664,1
1311,1844818,558766,1664,1
1312,773374,234267,1664,1
1313,1017108,308090,1664,1
1314,587940,178110,1664,1
1315,968546,293436,1664,1
1316,610428,184938,1664,1
1317,424924,128740,1664,1
1318,545878,165381,1664,1
1319,364326,110387,1664,1
1320,532490,161309,1664,1
1321,735004,222660,1664,1
1322,887558,269046,1664,1
1323,936882,283774,1664,1
1324,655558,198597,1664,1
1325,363108,110023,1664,1
1326,423248,128233,1664,1
1327,370758,112394,1664,1
1328,590114,178732,1664,1
1329,708954,214828,1664,1
1330,580668,175948,1664,1
1331,1278690,387257,1664,1
1332,1350978,409161,1664,1
1333,375516,113783,1664,1
1334,435042,131806,1664,1
1335,405386,122825,1664,1
1336,345756,104765,1664,1
1337,789994,239284,1664,1
1338,452778,137143,1664,1
1339,689956,208993,1664,1
1340,545538,165659,1664,1
1341,445290,134898,1664,1
1342,630304,190950,1664,1
1343,1268414,384175,1664,1
1344,513568,155594,1664,1
1345,348854,105672,1664,1
1346,351662,106523,1664,1
1347,456812,138364,1664,1
1348,461528,139825,1664,1
1349,1164706,352791,1664,1
1350,589396,179004,1664,1
1351,353324,107060,1664,1
1352,803002,243248,1664,1
1353,1215608,368382,1664,1
1354,512248,155186,1664,1
1355,1005946,304694,1664,1
1356,465110,140902,1664,1
1357,423364,128238,1664,1
1358,453290,137341,1664,1
1359,354696,107474,1664,1
1360,609532,184637,1664,1
1361,789310,239112,1664,1
1362,530524,160742,1664,1
1363,344748,104461,1664,1
1364,497164,150598,1664,1
1365,392214,118833,1664,1
1366,340972,103393,1664,1
1367,565560,171920,1664,1
1368,525186,159121,1664,1
1369,509890,154564,1664,1
1370,341914,103603,1664,1
1371,397272,120367,1664,1
1372,499280,151254,1664,1
1373,1035520,313688,1664,1
1374,462476,140119,1664,1
1375,1514222,459004,1664,1
1376,1249832,378548,1664,1
1377,542356,164316,1664,1
1378,3534808,1071601,1664,1
1379,1279156,387784,1664,1
1380,1347154,408046,1664,1
1381,486412,147369,1664,1
1382,798410,241807,1664,1
1383,569910,172641,1664,1
1384,526178,159407,1664,1
1385,427790,129598,1664,1
1386,431164,130627,1664,1
1387,484204,146653,1664,1
1388,1288596,390300,1664,1
1389,565122,171197,1664,1
1390,916914,277735,1664,1
1391,686460,207963,1664,1
1392,624340,189146,1664,1
1393,692150,209677,1664,1
1394,464198,140655,1664,1
1395,390458,118296,1664,1
1396,320698,97170,1664,1
1397,370660,112285,1664,1
1398,331406,100411,1664,1
1399,521714,158016,1664,1
1400,417548,126510,1664,1
1401,485760,147150,1664,1
1402,437184,132453,1664,1
1403,733894,222457,1664,1
1404,416546,126173,1664,1
1405,479042,145898,1664,1
1406,532176,161218,1664,1
1407,994769,302199,1664,1
1408,417462,126492,1664,1
1409,867916,263082,1664,1
1410,371882,112671,1664,1
1411,320480,97109,1664,1
1412,888306,269036,1664,1
1413,712720,215907,1664,1
1414,1143528,346676,1664,1
1415,1175262,356061,1664,1
1416,1226068,371544,1664,1
1417,1557786,472193,1664,1
1418,2890892,876128,1664,1
1419,477828,144781,1664,1
1420,1138730,344997,1664,1
1421,399192,120955,1664,1
1422,422830,128087,1664,1
1423,367076,111201,1664,1
1424,520946,157780,1664,1
1425,469246,142153,1664,1
1426,809074,245070,1664,1
1427,322830,97800,1664,1
1428,502668,152285,1664,1
1429,771394,233651,1664,1
1430,501378,151887,1664,1
1431,457242,138515,1664,1
1432,675930,204741,1664,1
1433,556660,168637,1664,1
1434,570684,172855,1664,1
1435,771706,233714,1664,1
1436,572082,173295,1664,1
1437,318434,96487,1664,1
1438,523544,158597,1664,1
1439,320796,97190,1664,1
1440,320434,97082,1664,1
1441,384058,116370,1664,1
1442,421922,127798,1664,1
1443,389846,118087,1664,1
1444,337470,102227,1664,1
1445,507224,153747,1664,1
1446,328204,99449,1664,1
1447,327752,99312,1664,1
1448,1341430,406276,1664,1
1449,382332,115834,1664,1
1450,504362,152787,1664,1
1451,329146,99729,1664,1
1452,587748,178036,1664,1
1453,526572,159525,1664,1
1454,324612,98344,1664,1
1455,529672,160447,1664,1
1456,616656,186866,1664,1
1457,525160,159158,1664,1
1458,690146,209086,1664,1
1459,685470,207843,1664,1
1460,833492,252475,1664,1
1461,511948,155111,1664,1
1462,518532,157117,1664,1
1463,925130,280296,1664,1
1464,1839482,557251,1664,1
1465,976084,295947,1664,1
1466,657002,199017,1664,1
1467,335566,101682,1664,1
1468,438288,132793,1664,1
1469,1492762,452099,1664,1
1470,477824,144737,1664,1
1471,722694,218898,1664,1
1472,1196742,362462,1664,1
1473,375118,113638,1664,1
1474,506358,153390,1664,1
1475,474058,143623,1664,1
1476,828496,250953,1664,1
1477,350814,106259,1664,1
1478,440788,133512,1664,1
1479,352770,106875,1664,1
1480,348266,105490,1664,1
1481,626758,189862,1664,1
1482,304360,92225,1664,1
1483,500810,151685,1664,1
1484,351372,106450,1664,1
1485,390784,118630,1664,1
1486,732268,222262,1664,1
1487,456392,138348,1664,1
1488,542420,164327,1664,1
1489,472634,143195,1664,1
1490,521838,158750,1664,1
1491,453310,137341,1664,1
1492,460108,139411,1664,1
1493,724564,219896,1664,1
1494,493480,149532,1664,1
1495,611460,185226,1664,1
1496,937278,284446,1664,1
1497,1056326,320219,1664,1
1498,819900,248704,1664,1
1499,620894,188092,1664,1
1500,1272513,385686,1664,1
1501,572034,173411,1664,1
1502,470394,142526,1664,1
1503,799900,242300,1664,1
1504,810428,245473,1664,1
1505,862044,261133,1664,1
1506,705176,213577,1664,1
1507,622598,188644,1664,1
1508,459332,139171,1664,1
1509,502940,152374,1664,1
1510,865126,262040,1664,1
1511,577090,174958,1664,1
1512,1016860,308082,1664,1
1513,624120,189095,1664,1
1514,917112,277785,1664,1
1515,507148,153644,1664,1
1516,780756,236473,1664,1
1517,677132,205136,1664,1
1518,902542,273385,1664,1
1519,519110,157276,1664,1
1520,616024,186620,1664,1
1521,515320,156591,1664,1
1522,597388,181066,1664,1
1523,603786,183086,1664,1
1524,1294020,391918,1664,1
1525,732466,221882,1664,1
1526,618934,187545,1664,1
1527,594686,180399,1664,1
1528,685728,207715,1664,1
1529,507760,153822,1664,1
1530,486606,147431,1664,1
1531,346220,104872,1664,1
1532,346196,104873,1664,1
1533,769366,233052,1664,1
1534,459704,139269,1664,1
1535,575352,174288,1664,1
1536,460728,139577,1664,1
1537,527578,159841,1664,1
1538,561318,170054,1664,1
1539,353354,107056,1664,1
1540,740190,224207,1664,1
1541,560036,169655,1664,1
1542,357500,108321,1664,1
1543,734804,222582,1664,1
1544,352652,106824,1664,1
1545,441872,133887,1664,1
1546,1149666,348253,1664,1
1547,889888,269548,1664,1
1548,527438,159796,1664,1
1549,752088,227825,1664,1
1550,715444,216746,1664,1
1551,527060,159685,1664,1
1552,447336,135541,1664,1
1553,707126,214234,1664,1
1554,786568,238516,1664,1
1555,567488,171924,1664,1
1556,404772,122637,1664,1
1557,427632,129570,1664,1
1558,462538,140112,1664,1
1559,349988,106049,1664,1
1560,349156,105799,1664,1
1561,346312,104905,1664,1
1562,520274,157624,1664,1
1563,461074,139669,1664,1
1564,404982,122668,1664,1
1565,404938,122657,1664,1
1566,882848,267401,1664,1
1567,945722,286461,1664,1
1568,759684,230133,1664,1
1569,854038,258787,1664,1
1570,764354,231797,1664,1
1571,557044,168760,1664,1
1572,808700,244959,1664,1
1573,738174,223602,1664,1
1574,2032881,616619,1664,1
1575,1336050,404709,1664,1
1576,576614,174945,1664,1
1577,476558,144377,1664,1
1578,423074,128164,1664,1
1579,373094,113041,1664,1
1580,528214,160001,1664,1
1581,647976,196291,1664,1
1582,422470,127975,1664,1
1583,1160106,351674,1664,1
1584,523308,158895,1664,1
1585,446564,135299,1664,1
1586,360448,109235,1664,1
1587,323650,98074,1664,1
1588,410446,124366,1664,1
1589,320866,97199,1664,1
1590,452584,137085,1664,1
1591,425972,129020,1664,1
1592,324486,98323,1664,1
1593,843170,255385,1664,1
1594,390578,118442,1664,1
1595,428276,129753,1664,1
1596,744774,225685,1664,1
1597,376142,113968,1664,1
1598,497366,150651,1664,1
1599,1087852,329585,1664,1
1600,411764,124766,1664,1
1601,776116,235097,1664,1
1602,1303960,394953,1664,1
1603,549258,166419,1664,1
1604,1028724,311566,1664,1
1605,684754,207502,1664,1
1606,558978,169363,1664,1
1607,581004,176013,1664,1
1608,686174,207867,1664,1
1609,659196,199687,1664,1
1610,558836,169267,1664,1
1611,628030,190252,1664,1
1612,586536,177692,1664,1
1613,1941937,588522,1664,1
1614,878190,266014,1664,1
1615,977823,296449,1664,1
1616,768060,232795,1664,1
1617,1419800,430175,1664,1
1618,2785252,843607,1664,1
1619,931750,282246,1664,1
1620,576266,174586,1664,1
1621,531288,160972,1664,1
1622,512546,155290,1664,1
1623,1029520,311824,1664,1
1624,1324874,401400,1664,1
1625,1090030,330438,1664,1
1626,407984,123620,1664,1
1627,666554,201941,1664,1
1628,451614,136847,1664,1
1629,619966,187829,1664,1
1630,1634734,495164,1664,1
1631,529994,160541,1664,1
1632,724490,219724,1664,1
1633,618318,187327,1664,1
1634,759978,230199,1664,1
1635,1008126,305359,1664,1
1636,668116,202489,1664,1
1637,950516,287912,1664,1
1638,1558412,471994,1664,1
1639,515456,156291,1664,1
1640,434692,133246,1664,1
1641,710164,215094,1664,1
1642,476414,144312,1664,1
1643,623672,188951,1664,1
1644,1588400,481150,1664,1
1645,2370689,718300,1664,1
1646,750096,227608,1664,1
1647,425898,129028,1664,1
1648,789659,239498,1664,1
1649,737062,223404,1664,1
1650,709817,215327,1664,1
1651,576104,174527,1664,1
1652,576236,174576,1664,1
1653,1026468,310902,1664,1
1654,654972,198393,1664,1
1655,666016,201759,1664,1
1656,650378,197018,1664,1
1657,1501940,455786,1664,1
1658,702552,212817,1664,1
1659,1393638,422481,1664,1
1660,555162,168555,1664,1
1661,1495524,453002,1664,1
1662,827732,250908,1664,1
1663,565130,171198,1664,1
1664,334056,101192,1664,1
1665,406502,123163,1664,1
1666,513896,155669,1664,1
1667,616066,186614,1664,1
1668,571316,173052,1664,1
1669,1521002,460653,1664,1
1670,793000,240193,1664,1
1671,349510,105887,1664,1
1672,353346,107061,1664,1
1673,513532,155555,1664,1
1674,877604,265798,1664,1
1675,347180,105183,1664,1
1676,461734,139853,1664,1
1677,786696,238315,1664,1
1678,1025918,310748,1664,1
1679,1470770,445444,1664,1
1680,877616,266103,1664,1
1681,417116,126361,1664,1
1682,393518,119225,1664,1
1683,623088,188790,1664,1
1684,501030,151793,1664,1
1685,775270,234950,1664,1
1686,521370,157959,1664,1
1687,483858,146585,1664,1
1688,602570,182765,1664,1
1689,678816,205651,1664,1
1690,790244,239515,1664,1
1691,584644,177118,1664,1
1692,653054,198049,1664,1
1693,600112,181781,1664,1
1694,619110,187550,1664,1
1695,3893516,1179341,1664,1
1696,839528,254322,1664,1
1697,1881264,569779,1664,1
1698,949440,287578,1664,1
1699,554840,168089,1664,1
1700,576174,174631,1664,1
1701,514036,155742,1664,1
1702,1163858,352511,1664,1
1703,561344,170160,1664,1
1704,641002,194183,1664,1
1705,676406,205113,1664,1
1706,609290,184579,1664,1
1707,816052,247206,1664,1
1708,711134,215534,1664,1
1709,2158802,653777,1664,1
1710,577776,175039,1664,1
1711,973166,294761,1664,1
1712,876676,265564,1664,1
1713,881198,266937,1664,1
1714,728948,220824,1664,1
1715,513202,155491,1664,1
1716,563450,170722,1664,1
1717,609872,184771,1664,1
1718,566160,171533,1664,1
1719,556424,168578,1664,1
1720,671148,203320,1664,1
1721,1073242,325378,1664,1
1722,685148,207567,1664,1
1723,985516,298602,1664,1
1724,964578,292165,1664,1
1725,1527548,462678,1664,1
1726,782632,237082,1664,1
1727,792792,240158,1664,1
1728,631304,191256,1664,1
1729,980164,296893,1664,1
1730,899958,272610,1664,1
1731,811354,245810,1664,1
1732,858556,260085,1664,1
1733,740392,224305,1664,1
1734,797548,241581,1664,1
1735,1561204,473311,1664,1
1736,626318,189763,1664,1
1737,3546152,1074349,1664,1
1738,598348,181332,1664,1
1739,1561315,473386,1664,1
1740,819772,248315,1664,1
1741,753552,228469,1664,1
1742,614286,186361,1664,1
1743,719060,217826,1664,1
1744,783824,237423,1664,1
1745,1188380,359953,1664,1
1746,687574,208278,1664,1
1747,737794,223486,1664,1
1748,784316,237541,1664,1
1749,683904,207185,1664,1
1750,2060470,624010,1664,1
1751,1045112,316531,1664,1
1752,7348215,2226960,1664,1
1753,996024,301798,1664,1
1754,625314,189697,1664,1
1755,698998,211745,1664,1
1756,489740,148395,1664,1
1757,510714,154793,1664,1
1758,1129336,342044,1664,1
1759,942246,285939,1664,1
1760,501536,151944,1664,1
1761,572902,173600,1664,1
1762,589466,178564,1664,1
1763,1292072,392164,1664,1
1764,1212938,367635,1664,1
1765,770684,233450,1664,1
1766,608434,184821,1664,1
1767,569112,172414,1664,1
1768,428432,129809,1664,1
1769,495622,150155,1664,1
1770,1124618,340680,1664,1
1771,881740,267129,1664,1
1772,874304,264821,1664,1
1773,482768,146253,1664,1
1774,421618,127747,1664,1
1775,431270,130654,1664,1
1776,443528,134367,1664,1
1777,384980,116639,1664,1
1778,423554,128316,1664,1
1779,385058,116673,1664,1
1780,673774,204128,1664,1
1781,849260,257241,1664,1
1782,484816,146878,1664,1
1783,610334,184899,1664,1
1784,596116,180609,1664,1
1785,1205433,365550,1664,1
1786,802238,242999,1664,1
1787,624656,189246,1664,1
1788,532078,161200,1664,1
1789,964438,292421,1664,1
1790,1482980,449280,1664,1
1791,696396,211065,1664,1
1792,841474,255303,1664,1
1793,894772,271031,1664,1
1794,482938,146313,1664,1
1795,525700,159250,1664,1
1796,808780,244987,1664,1
1797,1019192,308865,1664,1
1798,702946,213147,1664,1
1799,535820,162346,1664,1
1800,322268,97641,1664,1
1801,472764,143219,1664,1
1802,699358,211965,1664,1
1803,565668,171343,1664,1
1804,642146,194531,1664,1
1805,1548618,469123,1664,1
1806,1210332,366613,1664,1
1807,516828,156595,1664,1
1808,533224,161529,1664,1
1809,710232,215130,1664,1
1810,817580,247654,1664,1
1811,561560,170136,1664,1
1812,565090,171200,1664,1
1813,946356,286639,1664,1
1814,951536,288259,1664,1
1815,1107382,335409,1664,1
1816,448812,135981,1664,1
1817,427898,129625,1664,1
1818,435904,132033,1664,1
1819,914198,277155,1664,1
1820,762164,230889,1664,1
1821,845196,256007,1664,1
1822,984432,298276,1664,1
1823,408202,123689,1664,1
1824,407092,123310,1664,1
1825,487630,147700,1664,1
1826,459512,139188,1664,1
1827,915350,277245,1664,1
1828,523588,158589,1664,1
1829,420302,127352,1664,1
1830,701314,212538,1664,1
1831,1118200,338681,1664,1
1832,483018,146361,1664,1
1833,564828,171138,1664,1
1834,968224,293271,1664,1
1835,837502,253686,1664,1
1836,444936,134822,1664,1
1837,617808,187229,1664,1
1838,588384,178315,1664,1
1839,537316,162980,1664,1
1840,792930,240191,1664,1
1841,768610,232836,1664,1
1842,428024,129666,1664,1
1843,639652,193804,1664,1
1844,1267300,383819,1664,1
1845,981952,297433,1664,1
1846,791930,239870,1664,1
1847,451692,136835,1664,1
1848,675820,204733,1664,1
1849,706020,213851,1664,1
1850,1069602,323939,1664,1
1851,754144,228445,1664,1
1852,480480,145581,1664,1
1853,1142922,347186,1664,1
1854,1048206,318288,1664,1
1855,1000234,303371,1664,1
1856,881434,267029,1664,1
1857,723226,219303,1664,1
1858,1604918,486597,1664,1
1859,695382,210654,1664,1
1860,666678,202150,1664,1
1861,675486,204712,1664,1
1862,991792,300441,1664,1
1863,1160954,351634,1664,1
1864,572356,173392,1664,1
1865,475290,144002,1664,1
1866,640026,193881,1664,1
1867,770010,233254,1664,1
1868,481314,145829,1664,1
1869,397722,120498,1664,1
1870,484782,146877,1664,1
1871,342258,103702,1664,1
1872,340518,103164,1664,1
1873,438282,132809,1664,1
1874,412588,125013,1664,1
1875,526600,159526,1664,1
1876,485524,147138,1664,1
1877,926392,280586,1664,1
1878,1136628,344765,1664,1
1879,1032400,312698,1664,1
1880,398868,120848,1664,1
1881,394072,119396,1664,1
1882,519022,157243,1664,1
1883,552314,167308,1664,1
1884,551202,166961,1664,1
1885,2523761,765055,1664,1
1886,554648,168043,1664,1
1887,898122,272014,1664,1
1888,513708,155613,1664,1
1889,1265638,383383,1664,1
1890,691244,209357,1664,1
1891,861664,261116,1664,1
1892,1194452,362166,1664,1
1893,537252,162772,1664,1
1894,522012,158156,1664,1
1895,515878,156263,1664,1
1896,915910,277456,1664,1
1897,719216,217875,1664,1
1898,624852,189325,1664,1
1899,492412,149190,1664,1
1900,630202,190922,1664,1
1901,763306,231215,1664,1
1902,671592,203465,1664,1
1903,740026,224179,1664,1
1904,933752,282836,1664,1
1905,701090,212400,1664,1
1906,658526,199493,1664,1
1907,879914,267013,1664,1
1908,1042802,316463,1664,1
1909,903970,274115,1664,1
1910,800610,242541,1664,1
1911,880800,266824,1664,1
1912,1208728,366952,1664,1
1913,508484,154068,1664,1
1914,707189,218082,1664,1
1915,1055729,320557,1664,1
1916,662430,200698,1664,1
1917,874896,265164,1664,1
1918,1167999,354074,1664,1
1919,572016,173323,1664,1
1920,2499474,757251,1664,1
1921,1378150,417412,1664,1
1922,739400,223968,1664,1
1923,638536,193559,1664,1
1924,1383186,419470,1664,1
1925,483902,146604,1664,1
1926,720548,218897,1664,1
1927,532840,161449,1664,1
1928,820098,248413,1664,1
1929,846342,256450,1664,1
1930,607568,184070,1664,1
1931,652716,197727,1664,1
1932,503414,152519,1664,1
1933,513958,155691,1664,1
1934,1102104,335277,1664,1
1935,781794,236819,1664,1
1936,1160426,351889,1664,1
1937,1080641,327595,1664,1
1938,1496939,453752,1664,1
1939,2975469,901416,1664,1
1940,535058,162075,1664,1
1941,863466,261576,1664,1
1942,989998,299876,1664,1
1943,693558,210310,1664,1
1944,1113316,337423,1664,1
1945,509058,154235,1664,1
1946,1089694,330108,1664,1
1947,707346,214532,1664,1
1948,901634,273211,1664,1
1949,696078,210870,1664,1
1950,899946,272599,1664,1
1951,861868,261073,1664,1
1952,349076,105738,1664,1
1953,407886,123579,1664,1
1954,404958,122658,1664,1
1955,522250,158222,1664,1
1956,644102,195118,1664,1
1957,559624,169523,1664,1
1958,626116,189664,1664,1
1959,683836,207111,1664,1
1960,736240,222974,1664,1
1961,634222,192114,1664,1
1962,373992,113281,1664,1
1963,621859,188848,1664,1
1964,1190952,361029,1664,1
1965,1476090,447149,1664,1
1966,1488364,450786,1664,1
1967,766848,232303,1664,1
1968,523612,158648,1664,1
1969,894982,271088,1664,1
1970,541860,164171,1664,1
1971,691862,209599,1664,1
1972,542296,164294,1664,1
1973,538420,163092,1664,1
1974,751586,227672,1664,1
1975,518584,157126,1664,1
1976,460002,139369,1664,1
1977,584182,176974,1664,1
1978,493040,149377,1664,1
1979,379120,114885,1664,1
1980,515710,156229,1664,1
1981,411566,124664,1664,1
1982,651718,197429,1664,1
1983,611578,185378,1664,1
1984,502452,152212,1664,1
1985,1144326,346608,1664,1
1986,733418,222438,1664,1
1987,563136,170610,1664,1
1988,550970,166911,1664,1
1989,553126,167563,1664,1
1990,871446,263950,1664,1
1991,396962,120238,1664,1
1992,340828,103258,1664,1
1993,603068,182687,1664,1
1994,451580,136818,1664,1
1995,632892,191744,1664,1
1996,619540,187680,1664,1
1997,668694,202791,1664,1
1998,1029450,312388,1664,1
1999,2248774,681594,1664,1
2000,1508732,456986,1664,1
2001,4460608,1353644,1664,1
2002,565210,171191,1664,1
2003,413018,125359,1664,1
2004,767854,232675,1664,1
2005,315622,95633,1664,1
2006,472694,143211,1664,1
2007,486268,147319,1664,1
2008,526362,159473,1664,1
2009,582402,176881,1664,1
2010,612476,185522,1664,1
2011,1026206,310827,1664,1
2012,1077868,326469,1664,1
2013,609998,185158,1664,1
2014,682882,206884,1664,1
2015,485772,147173,1664,1
2016,966300,293284,1664,1
2017,509434,154347,1664,1
2018,979594,296737,1664,1
2019,456624,138366,1664,1
2020,1804234,546493,1664,1
2021,1035010,313518,1664,1
2022,1131411,343467,1664,1
2023,1051638,319401,1664,1
2024,457702,138694,1664,1
2025,510200,154660,1664,1
2026,607492,184030,1664,1
2027,827494,251002,1664,1
2028,440014,133303,1664,1
2029,1017878,308309,1664,1
2030,797664,242021,1664,1
2031,752028,227800,1664,1
2032,489848,148398,1664,1
2033,435420,131906,1664,1
2034,960982,291198,1664,1
2035,573896,173869,1664,1
2036,700786,212461,1664,1
2037,438476,132844,1664,1
2038,653236,198494,1664,1
2039,1245160,377365,1664,1
2040,997208,302116,1664,1
2041,539084,163321,1664,1
2042,1998202,605440,1664,1
2043,508202,153990,1664,1
2044,887326,268767,1664,1
2045,488828,148091,1664,1
2046,728218,220580,1664,1
2047,1121964,339843,1664,1
2048,600016,181779,1664,1
2049,5166780,1565884,1664,1
2050,735230,222743,1664,1
2051,681696,206515,1664,1
2052,853620,258576,1664,1
2053,9180587,2781785,1664,1
2054,522058,158252,1664,1
2055,588056,178146,1664,1
2056,436908,132372,1664,1
2057,711998,215828,1664,1
2058,627162,189980,1664,1
2059,512832,155358,1664,1
2060,493756,149596,1664,1
2061,1024942,310634,1664,1
2062,452246,136987,1664,1
2063,891830,270140,1664,1
2064,484750,146874,1664,1
2065,795812,241070,1664,1
2066,573206,173655,1664,1
2067,706910,214143,1664,1
2068,605448,183402,1664,1
2069,548318,166074,1664,1
2070,340710,103205,1664,1
2071,377792,114475,1664,1
2072,334658,101386,1664,1
2073,697804,211407,1664,1
2074,542064,165934,1664,1
2075,542864,164468,1664,1
2076,492684,149441,1664,1
2077,610090,184813,1664,1
2078,412684,125032,1664,1
2079,552276,167465,1664,1
2080,1018145,308913,1664,1
2081,632653,191958,1664,1
2082,2144381,650607,1664,1
2083,392434,118893,1664,1
2084,330790,100216,1664,1
2085,393300,119131,1664,1
2086,1659958,502729,1664,1
2087,577878,175068,1664,1
2088,555106,168187,1664,1
2089,1056322,321276,1664,1
2090,476358,144321,1664,1
2091,1241362,376807,1664,1
2092,575342,174290,1664,1
2093,516854,156598,1664,1
2094,962366,291603,1664,1
2095,534548,162062,1664,1
2096,771028,233581,1664,1
2097,468036,141810,1664,1
2098,733246,222133,1664,1
2099,545204,165467,1664,1
2100,562574,170438,1664,1
2101,418030,126659,1664,1
2102,625580,189518,1664,1
2103,687206,208162,1664,1
2104,487036,147539,1664,1
2105,704858,213596,1664,1
2106,4794073,1452642,1664,1
2107,588200,178209,1664,1
2108,397686,120488,1664,1
2109,462906,140476,1664,1
2110,713294,216081,1664,1
2111,936246,283600,1664,1
2112,539438,163426,1664,1
2113,772198,233911,1664,1
2114,387292,117342,1664,1
2115,509338,154300,1664,1
2116,830536,251570,1664,1
2117,444394,134626,1664,1
2118,845990,256234,1664,1
2119,510216,154533,1664,1
2120,436846,132750,1664,1
2121,710682,215267,1664,1
2122,497574,150743,1664,1
2123,630770,191078,1664,1
2124,393574,119230,1664,1
2125,369628,111992,1664,1
2126,374440,113449,1664,1
2127,786026,238097,1664,1
2128,364708,110510,1664,1
2129,469798,142320,1664,1
2130,557560,168895,1664,1
2131,968626,294002,1664,1
2132,722322,218916,1664,1
2133,480046,145451,1664,1
2134,1106686,335284,1664,1
2135,468510,141943,1664,1
2136,841108,254873,1664,1
2137,513534,155592,1664,1
2138,485784,147164,1664,1
2139,774396,234569,1664,1
2140,592568,179730,1664,1
2141,624648,189233,1664,1
2142,839790,254391,1664,1
2143,532126,161203,1664,1
2144,608250,184263,1664,1
2145,473148,143360,1664,1
2146,1312902,399033,1664,1
2147,704350,213370,1664,1
2148,488622,148035,1664,1
2149,416652,126206,1664,1
2150,961330,291213,1664,1
2151,462700,140191,1664,1
2152,975506,295591,1664,1
2153,495532,150129,1664,1
2154,583428,176755,1664,1
2155,492194,149106,1664,1
2156,1001218,303384,1664,1
2157,2510041,760993,1664,1
2158,1279834,387648,1664,1
2159,481584,145933,1664,1
2160,9324081,2824217,1664,1
2161,1469223,445830,1664,1
2162,705720,213804,1664,1
2163,667024,202042,1664,1
2164,494350,149780,1664,1
2165,999492,302746,1664,1
2166,969718,293742,1664,1
2167,614238,186094,1664,1
2168,619532,187744,1664,1
2169,721068,218703,1664,1
2170,670270,203084,1664,1
2171,1672468,506554,1664,1
2172,973932,294993,1664,1
2173,431100,130620,1664,1
2174,515482,156163,1664,1
2175,400804,121435,1664,1
2176,525404,159214,1664,1
2177,590870,179007,1664,1
2178,2270022,687827,1664,1
2179,635627,193132,1664,1
2180,502960,152364,1664,1
2181,339844,102962,1664,1
2182,827598,250715,1664,1
2183,625056,189359,1664,1
2184,511682,155040,1664,1
2185,676202,204834,1664,1
2186,2325094,704742,1664,1
2187,1081006,327424,1664,1
2188,1044229,316632,1664,1
2189,702920,213062,1664,1
2190,966378,292725,1664,1
2191,700764,212377,1664,1
2192,836558,253415,1664,1
2193,680802,206238,1664,1
2194,598660,181327,1664,1
2195,911208,276009,1664,1
2196,781382,236698,1664,1
2197,1691574,512324,1664,1
2198,747590,226478,1664,1
2199,672512,203728,1664,1
2200,685822,207756,1664,1
2201,792652,240316,1664,1
2202,1067680,323541,1664,1
2203,690004,209022,1664,1
2204,1081312,327740,1664,1
2205,785990,238244,1664,1
2206,521590,158019,1664,1
2207,698062,211461,1664,1
2208,886674,268571,1664,1
2209,884988,268072,1664,1
2210,689038,208696,1664,1
2211,1000140,302975,1664,1
2212,647006,196010,1664,1
2213,701000,212357,1664,1
2214,1385194,419538,1664,1
2215,540930,163909,1664,1
2216,1351756,409689,1664,1
2217,521076,157874,1664,1
2218,521906,158117,1664,1
2219,1303524,394819,1664,1
2220,601604,182277,1664,1
2221,1705432,516508,1664,1
2222,573700,173768,1664,1
2223,637922,193250,1664,1
2224,562094,170289,1664,1
2225,1476786,447270,1664,1
2226,1155832,350193,1664,1
2227,649382,196728,1664,1
2228,626750,189863,1664,1
2229,788252,238795,1664,1
2230,571406,173151,1664,1
2231,1503628,455781,1664,1
2232,890966,269880,1664,1
2233,846192,256353,1664,1
2234,1049100,317893,1664,1
2235,1559050,472196,1664,1
2236,1093280,331127,1664,1
2237,617948,187210,1664,1
2238,557802,168999,1664,1
2239,563472,170698,1664,1
2240,968874,293465,1664,1
2241,595478,180357,1664,1
2242,1061308,321467,1664,1
2243,539740,163528,1664,1
2244,526104,159361,1664,1
2245,783296,237278,1664,1
2246,1005830,304655,1664,1
2247,1759998,533213,1664,1
2248,631304,191242,1664,1
2249,607332,183995,1664,1
2250,660182,199988,1664,1
2251,481308,145826,1664,1
2252,464620,140759,1664,1
2253,1300926,394112,1664,1
2254,519894,157506,1664,1
2255,1001060,303715,1664,1
2256,382900,116016,1664,1
2257,1908343,578197,1664,1
2258,1091246,330609,1664,1
2259,599392,181568,1664,1
2260,542444,164320,1664,1
2261,442740,134141,1664,1
2262,486298,147290,1664,1
2263,487078,147529,1664,1
2264,593056,179695,1664,1
2265,491500,148893,1664,1
2266,535848,162322,1664,1
2267,633308,191837,1664,1
2268,614096,186036,1664,1
2269,543804,164792,1664,1
2270,331140,100335,1664,1
2271,435884,132070,1664,1
2272,870758,263739,1664,1
2273,785200,237846,1664,1
2274,570900,173185,1664,1
2275,1189736,360348,1664,1
2276,364470,110440,1664,1
2277,640846,194133,1664,1
2278,734122,222493,1664,1
2279,494440,149803,1664,1
2280,676756,205002,1664,1
2281,429102,129998,1664,1
2282,571372,173104,1664,1
2283,620506,187987,1664,1
2284,393282,119180,1664,1
2285,956604,289812,1664,1
2286,328410,99510,1664,1
2287,534988,162034,1664,1
2288,478162,144864,1664,1
2289,610782,185091,1664,1
2290,335912,101783,1664,1
2291,648182,196383,1664,1
2292,509326,154313,1664,1
2293,1019146,308740,1664,1
2294,405468,122841,1664,1
2295,821182,248748,1664,1
2296,547326,165802,1664,1
2297,811980,245944,1664,1
2298,526998,159654,1664,1
2299,695465,211151,1664,1
2300,844428,255875,1664,1
2301,446818,135395,1664,1
2302,1084118,328710,1664,1
2303,1289028,390527,1664,1
2304,827296,251089,1664,1
2305,510656,154722,1664,1
2306,1010900,306451,1664,1
2307,701430,212899,1664,1
2308,394196,119436,1664,1
2309,786420,238201,1664,1
2310,694236,210387,1664,1
2311,321140,97280,1664,1
2312,684336,207273,1664,1
2313,529488,160374,1664,1
2314,476770,144436,1664,1
2315,404416,122540,1664,1
2316,395842,119931,1664,1
2317,755198,228743,1664,1
2318,879306,266568,1664,1
2319,792318,239970,1664,1
2320,469818,142331,1664,1
2321,572712,173577,1664,1
2322,702676,212863,1664,1
2323,463344,140369,1664,1
2324,561602,170206,1664,1
2325,501138,151791,1664,1
2326,678798,205638,1664,1
2327,1284456,389327,1664,1
2328,338682,102621,1664,1
2329,484802,146870,1664,1
2330,325694,98686,1664,1
2331,1667884,505149,1664,1
2332,377956,114498,1664,1
2333,479126,145168,1664,1
2334,402534,121943,1664,1
2335,1858480,562845,1664,1
2336,395498,119827,1664,1
2337,551250,166986,1664,1
2338,340540,103168,1664,1
2339,365554,110731,1664,1
2340,830384,251526,1664,1
2341,657908,199310,1664,1
2342,727266,220646,1664,1
2343,398854,120843,1664,1
2344,501286,151839,1664,1
2345,342770,103857,1664,1
2346,505856,153255,1664,1
2347,342772,103831,1664,1
2348,578814,175390,1664,1
2349,367374,111309,1664,1
2350,455050,137867,1664,1
2351,471430,142790,1664,1
2352,364278,110341,1664,1
2353,509316,154288,1664,1
2354,636228,192729,1664,1
2355,490700,148654,1664,1
2356,446444,135279,1664,1
2357,587626,177987,1664,1
2358,325856,98721,1664,1
2359,326846,99038,1664,1
2360,377466,114334,1664,1
2361,425680,128967,1664,1
2362,394792,119618,1664,1
2363,496280,150394,1664,1
2364,693914,210191,1664,1
2365,480832,145792,1664,1
2366,720400,218216,1664,1
2367,777030,235386,1664,1
2368,494724,149875,1664,1
2369,572044,173300,1664,1
2370,590216,178801,1664,1
2371,388064,117558,1664,1
2372,1229676,372417,1664,1
2373,570840,172903,1664,1
2374,521816,158069,1664,1
2375,374506,113535,1664,1
2376,308810,93575,1664,1
2377,353900,107222,1664,1
2378,448330,135807,1664,1
2379,401840,121716,1664,1
2380,453110,137238,1664,1
2381,506418,153423,1664,1
2382,351938,106615,1664,1
2383,1030896,312383,1664,1
2384,560612,169809,1664,1
2385,496682,150474,1664,1
2386,565836,171423,1664,1
2387,1468248,445159,1664,1
2388,1300216,394096,1664,1
2389,690206,209089,1664,1
2390,515076,156049,1664,1
2391,574620,174051,1664,1
2392,853216,258494,1664,1
2393,803300,243312,1664,1
2394,1846406,559437,1664,1
2395,709436,214995,1664,1
2396,605210,183341,1664,1
2397,534220,161846,1664,1
2398,398022,120590,1664,1
2399,406146,123060,1664,1
2400,1197686,363008,1664,1
2401,525372,159160,1664,1
2402,1364100,413145,1664,1
2403,715148,216622,1664,1
2404,568266,172548,1664,1
2405,826780,250592,1664,1
2406,716910,217170,1664,1
2407,653202,197908,1664,1
2408,672252,204109,1664,1
2409,538836,163230,1664,1
2410,1270284,384734,1664,1
2411,326086,98776,1664,1
2412,389130,117897,1664,1
2413,431936,130857,1664,1
2414,329930,99956,1664,1
2415,331096,100293,1664,1
2416,367086,111240,1664,1
2417,398576,120757,1664,1
2418,355480,107681,1664,1
2419,788060,238843,1664,1
2420,483412,146461,1664,1
2421,425572,128945,1664,1
2422,336722,102007,1664,1
2423,508450,154026,1664,1
2424,479850,145336,1664,1
2425,425060,128763,1664,1
2426,523442,158549,1664,1
2427,868822,263161,1664,1
2428,428010,129673,1664,1
2429,425960,129037,1664,1
2430,371904,112647,1664,1
2431,431468,130731,1664,1
2432,321334,97366,1664,1
2433,419250,127031,1664,1
2434,632376,191689,1664,1
2435,375452,113746,1664,1
2436,326450,98890,1664,1
2437,582482,176454,1664,1
2438,323016,97868,1664,1
2439,375346,113696,1664,1
2440,321710,97454,1664,1
2441,375786,113832,1664,1
2442,419196,127014,1664,1
2443,575948,174475,1664,1
2444,918236,278215,1664,1
2445,591496,179194,1664,1
2446,620472,187982,1664,1
2447,617584,187092,1664,1
2448,325988,98776,1664,1
2449,1006416,305296,1664,1
2450,900444,272751,1664,1
2451,1549314,469239,1664,1
2452,522422,158275,1664,1
2453,371352,112549,1664,1
2454,429892,130238,1664,1
2455,322538,97705,1664,1
2456,369598,111955,1664,1
2457,1209644,366382,1664,1
2458,552508,167366,1664,1
2459,635230,192401,1664,1
2460,717640,217383,1664,1
2461,1039762,314900,1664,1
2462,493282,149449,1664,1
2463,339094,102738,1664,1
2464,401818,121741,1664,1
2465,533914,162648,1664,1
2466,536552,162719,1664,1
2467,426894,129350,1664,1
2468,706852,214122,1664,1
2469,717418,217313,1664,1
2470,709668,214975,1664,1
2471,1710311,518435,1664,1
2472,667016,202042,1664,1
2473,1149048,348454,1664,1
2474,486666,147429,1664,1
2475,412272,124882,1664,1
2476,590476,178851,1664,1
2477,577350,174913,1664,1
2478,491888,149085,1664,1
2479,1283782,388857,1664,1
2480,648290,196385,1664,1
2481,490602,148656,1664,1
2482,522302,158245,1664,1
2483,1232692,373347,1664,1
2484,696136,210857,1664,1
2485,333614,101085,1664,1
2486,520452,157699,1664,1
2487,566832,171712,1664,1
2488,314976,95410,1664,1
2489,562390,170361,1664,1
2490,411776,124725,1664,1
2491,777640,235565,1664,1
2492,460784,139593,1664,1
2493,511160,154833,1664,1
2494,494494,149777,1664,1
2495,313762,95059,1664,1
2496,656632,198910,1664,1
2497,1126664,341245,1664,1
2498,415246,125794,1664,1
2499,339278,102780,1664,1
2500,1052220,318892,1664,1
2501,463228,140308,1664,1
2502,391390,118556,1664,1
2503,547336,165790,1664,1
2504,985514,298526,1664,1
2505,462676,140168,1664,1
2506,538970,163274,1664,1
2507,653744,198024,1664,1
2508,459792,139296,1664,1
2509,364408,110380,1664,1
2510,408748,123811,1664,1
2511,311492,94358,1664,1
2512,1018586,308581,1664,1
2513,774604,234622,1664,1
2514,323210,97943,1664,1
2515,312588,94707,1664,1
2516,523612,158620,1664,1
2517,661532,200365,1664,1
2518,437580,132577,1664,1
2519,515700,156211,1664,1
2520,863586,261539,1664,1
2521,713102,216009,1664,1
2522,521894,158083,1664,1
2523,695238,212231,1664,1
2524,813258,246328,1664,1
2525,529948,160613,1664,1
2526,871018,263895,1664,1
2527,553598,167711,1664,1
2528,543966,164806,1664,1
2529,731940,221745,1664,1
2530,544280,164878,1664,1
2531,396736,120195,1664,1
2532,382328,115806,1664,1
2533,328064,99389,1664,1
2534,555354,168255,1664,1
2535,1327656,402472,1664,1
2536,536994,162675,1664,1
2537,326706,98962,1664,1
2538,365240,110669,1664,1
2539,307122,93066,1664,1
2540,412596,124974,1664,1
2541,462530,140121,1664,1
2542,461362,139755,1664,1
2543,597170,180904,1664,1
2544,361114,109397,1664,1
2545,814652,246760,1664,1
2546,514758,155941,1664,1
2547,552280,167311,1664,1
2548,409478,124042,1664,1
2549,410452,124326,1664,1
2550,418738,126873,1664,1
2551,313114,94874,1664,1
2552,311112,94255,1664,1
2553,306808,92937,1664,1
2554,713226,216035,1664,1
2555,670544,203108,1664,1
2556,665702,201629,1664,1
2557,513422,155529,1664,1
2558,715792,216800,1664,1
2559,460610,139540,1664,1
2560,436276,132260,1664,1
2561,548056,166030,1664,1
2562,409422,124014,1664,1
2563,482756,146246,1664,1
2564,346346,104952,1664,1
2565,585630,177394,1664,1
2566,491290,148871,1664,1
2567,609800,184758,1664,1
2568,511278,154874,1664,1
2569,558608,169502,1664,1
2570,489714,148367,1664,1
2571,699810,211984,1664,1
2572,556806,168673,1664,1
2573,509012,154212,1664,1
2574,2084876,631652,1664,1
2575,1715800,519636,1664,1
2576,316278,95805,1664,1
2577,1118344,339772,1664,1
2578,1126014,341992,1664,1
2579,383940,116320,1664,1
2580,374350,113422,1664,1
2581,528734,160169,1664,1
2582,411512,124684,1664,1
2583,684192,207266,1664,1
2584,668094,202368,1664,1
2585,471514,142904,1664,1
2586,905640,274357,1664,1
2587,710700,215277,1664,1
2588,810146,245740,1664,1
2589,471496,142863,1664,1
2590,865466,262155,1664,1
2591,899438,273141,1664,1
2592,613992,186031,1664,1
2593,986188,298800,1664,1
2594,1857570,563062,1664,1
2595,1461250,443782,1664,1
2596,625610,189527,1664,1
2597,569496,172517,1664,1
2598,519636,157424,1664,1
2599,720091,218577,1664,1
2600,713124,216098,1664,1
2601,1391369,421914,1664,1
2602,468984,142083,1664,1
2603,350452,106189,1664,1
2604,561308,170269,1664,1
2605,792468,240057,1664,1
2606,499560,151484,1664,1
2607,1372594,415837,1664,1
2608,725628,219827,1664,1
2609,632786,191707,1664,1
2610,846970,256567,1664,1
2611,568258,172162,1664,1
2612,757680,229499,1664,1
2613,1314780,398264,1664,1
2614,533278,161568,1664,1
2615,791494,239762,1664,1
2616,603878,182968,1664,1
2617,815670,247095,1664,1
2618,563470,170694,1664,1
2619,649006,196613,1664,1
2620,1424450,431435,1664,1
2621,872384,264346,1664,1
2622,1636272,495583,1664,1
2623,822186,249066,1664,1
2624,846762,256557,1664,1
2625,901330,273033,1664,1
2626,1481458,449045,1664,1
2627,496508,150433,1664,1
2628,895674,271302,1664,1
2629,2608038,790278,1664,1
2630,538558,163163,1664,1
2631,724216,219386,1664,1
2632,1478412,447899,1664,1
2633,1758948,532838,1664,1
2634,606228,183655,1664,1
2635,1030198,312068,1664,1
2636,607998,184197,1664,1
2637,907856,275047,1664,1
2638,702382,212989,1664,1
2639,495282,150055,1664,1
2640,783888,238302,1664,1
2641,651612,197390,1664,1
2642,899086,272311,1664,1
2643,972370,294530,1664,1
2644,570454,172810,1664,1
2645,801568,242806,1664,1
2646,1624498,492094,1664,1
2647,842030,255081,1664,1
2648,2094944,635131,1664,1
2649,497488,150729,1664,1
2650,487176,147598,1664,1
2651,495668,150168,1664,1
2652,935222,283283,1664,1
2653,513700,155624,1664,1
2654,594336,180071,1664,1
2655,530890,160827,1664,1
2656,1083820,328272,1664,1
2657,698656,211681,1664,1
2658,675146,204520,1664,1
2659,759614,230062,1664,1
2660,654498,198270,1664,1
2661,818142,247989,1664,1
2662,506832,153550,1664,1
2663,884060,267896,1664,1
2664,609680,184711,1664,1
2665,510328,154722,1664,1
2666,590212,178838,1664,1
2667,525338,159168,1664,1
2668,1017196,308483,1664,1
2669,679182,205770,1664,1
2670,772066,233885,1664,1
2671,632920,191745,1664,1
2672,704804,213967,1664,1
2673,895524,271277,1664,1
2674,1263242,382597,1664,1
2675,927290,281334,1664,1
2676,1084984,328873,1664,1
2677,622474,188645,1664,1
2678,604174,183136,1664,1
2679,572048,173291,1664,1
2680,544836,165069,1664,1
2681,1284666,389500,1664,1
2682,1362716,412892,1664,1
2683,1400696,424233,1664,1
2684,805960,244322,1664,1
2685,355438,107666,1664,1
2686,407132,123335,1664,1
2687,685372,207602,1664,1
2688,461874,139928,1664,1
2689,406312,123088,1664,1
2690,719698,217997,1664,1
2691,653758,198044,1664,1
2692,433562,131338,1664,1
2693,507702,153801,1664,1
2694,721016,218392,1664,1
2695,395346,119839,1664,1
2696,341468,103448,1664,1
2697,667992,202336,1664,1
2698,479810,145359,1664,1
2699,472472,143102,1664,1
2700,784618,237658,1664,1
2701,607012,183897,1664,1
2702,917336,277869,1664,1
2703,674164,204354,1664,1
2704,1031376,312395,1664,1
2705,1407246,426220,1664,1
2706,1202392,364171,1664,1
2707,540856,163846,1664,1
2708,995044,301411,1664,1
2709,658204,199397,1664,1
2710,1016992,308046,1664,1
2711,660013,200729,1664,1
2712,857574,260074,1664,1
2713,512080,155178,1664,1
2714,618077,187587,1664,1
2715,463810,140516,1664,1
2716,581222,176036,1664,1
2717,432750,131122,1664,1
2718,876356,265871,1664,1
2719,1016590,307886,1664,1
2720,453960,137538,1664,1
2721,626436,189905,1664,1
2722,1314092,398005,1664,1
2723,1100646,333715,1664,1
2724,576796,174786,1664,1
2725,551108,166969,1664,1
2726,1448512,438809,1664,1
2727,1263496,382680,1664,1
2728,1153458,349380,1664,1
2729,533754,161726,1664,1
2730,1116924,338332,1664,1
2731,361148,109426,1664,1
2732,643684,194982,1664,1
2733,462082,139992,1664,1
2734,459910,139339,1664,1
2735,797444,241541,1664,1
2736,404828,122674,1664,1
2737,407580,123482,1664,1
2738,631350,191254,1664,1
2739,682564,206881,1664,1
2740,464366,140687,1664,1
2741,811210,245747,1664,1
2742,488890,148155,1664,1
2743,585326,177316,1664,1
2744,869969,263821,1664,1
2745,1028774,311616,1664,1
2746,857412,259759,1664,1
2747,714262,216351,1664,1
2748,391752,118718,1664,1
2749,390632,118348,1664,1
2750,3130636,948705,1664,1
2751,1092374,330874,1664,1
2752,688384,208541,1664,1
2753,406984,123430,1664,1
2754,844268,255773,1664,1
2755,356322,107940,1664,1
2756,362980,109991,1664,1
2757,657252,199060,1664,1
2758,328218,99454,1664,1
2759,322586,97715,1664,1
2760,486572,147416,1664,1
2761,501108,152000,1664,1
2762,387146,117315,1664,1
2763,596682,180755,1664,1
2764,446700,135348,1664,1
2765,358014,108448,1664,1
2766,608770,184422,1664,1
2767,342488,103747,1664,1
2768,558682,169629,1664,1
2769,952624,288696,1664,1
2770,458316,138867,1664,1
2771,534440,161898,1664,1
2772,503200,152416,1664,1
2773,350958,106338,1664,1
2774,458248,138803,1664,1
2775,395814,119891,1664,1
2776,768816,232871,1664,1
2777,445776,135050,1664,1
2778,553126,167548,1664,1
2779,772624,234021,1664,1
2780,515186,156070,1664,1
2781,1184368,358732,1664,1
2782,429884,130266,1664,1
2783,1185752,359136,1664,1
2784,640436,194026,1664,1
2785,1293872,392088,1664,1
2786,493292,149450,1664,1
2787,1019290,309076,1664,1
2788,388452,117703,1664,1
2789,669328,202769,1664,1
2790,1202448,364268,1664,1
2791,897272,272061,1664,1
2792,731400,221551,1664,1
2793,386362,117072,1664,1
2794,771810,233801,1664,1
2795,1693442,513003,1664,1
2796,666876,202004,1664,1
2797,595140,180274,1664,1
2798,414864,125700,1664,1
2799,431946,130861,1664,1
2800,426880,129323,1664,1
2801,413728,125343,1664,1
2802,347954,105395,1664,1
2803,349974,106009,1664,1
2804,570290,172762,1664,1
2805,398822,120810,1664,1
2806,345240,104616,1664,1
2807,788048,238692,1664,1
2808,303092,91812,1664,1
2809,495352,150030,1664,1
2810,435002,131854,1664,1
2811,733514,222189,1664,1
2812,836638,253386,1664,1
2813,348632,105613,1664,1
2814,517130,156628,1664,1
2815,548784,166238,1664,1
2816,305152,92462,1664,1
2817,424486,128597,1664,1
2818,469186,142177,1664,1
2819,500816,151724,1664,1
2820,652746,197842,1664,1
2821,585822,177483,1664,1
2822,606088,183576,1664,1
2823,676086,204765,1664,1
2824,539420,163521,1664,1
2825,511742,155110,1664,1
2826,969554,293746,1664,1
2827,883670,267652,1664,1
2828,645570,195554,1664,1
2829,540804,163940,1664,1
2830,417264,126413,1664,1
2831,313462,94978,1664,1
2832,361504,109500,1664,1
2833,375808,113857,1664,1
2834,1326994,402364,1664,1
2835,512238,155190,1664,1
2836,442612,134101,1664,1
2837,512958,155408,1664,1
2838,789908,257988,1664,1
2839,509224,154350,1664,1
2840,622152,188528,1664,1
2841,827804,250746,1664,1
2842,534920,162053,1664,1
2843,508120,153933,1664,1
2844,1077912,326515,1664,1
2845,1023132,310070,1664,1
2846,586816,177760,1664,1
2847,550272,166792,1664,1
2848,1018500,308585,1664,1
2849,485810,147197,1664,1
2850,587066,177849,1664,1
2851,673462,204031,1664,1
2852,3942677,1194928,1664,1
2853,523936,158738,1664,1
2854,391836,118731,1664,1
2855,638566,193780,1664,1
2856,981783,298226,1664,1
2857,585906,177493,1664,1
2858,762670,231113,1664,1
2859,1043342,316097,1664,1
2860,1254638,380355,1664,1
2861,747478,226426,1664,1
2862,1294972,393647,1664,1
2863,524128,158793,1664,1
2864,513544,155594,1664,1
2865,967702,293145,1664,1
2866,704972,213554,1664,1
2867,397210,120348,1664,1
2868,712810,215912,1664,1
2869,450506,136451,1664,1
2870,612034,185397,1664,1
2871,346482,104986,1664,1
2872,618658,187387,1664,1
2873,343140,103942,1664,1
2874,345398,104626,1664,1
2875,466486,141338,1664,1
2876,515378,156119,1664,1
2877,352250,106717,1664,1
2878,673886,204099,1664,1
2879,558812,169294,1664,1
2880,639420,193686,1664,1
2881,752050,227808,1664,1
2882,561516,170097,1664,1
2883,341368,103403,1664,1
2884,1024622,310345,1664,1
2885,687219,208553,1664,1
2886,777823,236016,1664,1
2887,1369285,415060,1664,1
2888,714978,216691,1664,1
2889,507640,153785,1664,1
2890,341390,103443,1664,1
2891,519982,157526,1664,1
2892,824504,249773,1664,1
2893,958638,290407,1664,1
2894,766396,232483,1664,1
2895,696024,210861,1664,1
2896,528456,160097,1664,1
2897,509852,154459,1664,1
2898,661880,200596,1664,1
2899,374824,113565,1664,1
2900,477078,144516,1664,1
2901,503172,152582,1664,1
2902,324104,98198,1664,1
2903,556298,168749,1664,1
2904,974718,295719,1664,1
2905,744340,225447,1664,1
2906,322602,97719,1664,1
2907,973960,295002,1664,1
2908,321320,97349,1664,1
2909,477568,144648,1664,1
2910,525654,159209,1664,1
2911,325280,98564,1664,1
2912,477886,144771,1664,1
2913,479324,145205,1664,1
2914,370222,112157,1664,1
2915,368366,111581,1664,1
2916,525740,159235,1664,1
2917,524356,158811,1664,1
2918,329160,99737,1664,1
2919,585262,177289,1664,1
2920,631288,191225,1664,1
2921,373936,113283,1664,1
2922,372946,112963,1664,1
2923,519632,157428,1664,1
2924,425004,128744,1664,1
2925,372624,112868,1664,1
2926,688028,208381,1664,1
2927,321384,97351,1664,1
2928,352374,106789,1664,1
2929,465150,140929,1664,1
2930,617068,186943,1664,1
2931,1579872,478852,1664,1
2932,575318,174531,1664,1
2933,1171556,355025,1664,1
2934,691784,209574,1664,1
2935,856232,259492,1664,1
2936,530476,160733,1664,1
2937,623018,188731,1664,1
2938,766468,232265,1664,1
2939,591790,179286,1664,1
2940,350380,106169,1664,1
2941,377642,114398,1664,1
2942,351288,106445,1664,1
2943,368002,111473,1664,1
2944,490340,148561,1664,1
2945,414888,125701,1664,1
2946,673242,203950,1664,1
2947,411040,124515,1664,1
2948,427734,129563,1664,1
2949,651802,197429,1664,1
2950,411676,124728,1664,1
2951,414158,125490,1664,1
2952,407732,123537,1664,1
2953,405818,122952,1664,1
2954,409404,124038,1664,1
2955,443410,134350,1664,1
2956,457548,138618,1664,1
2957,403790,122388,1664,1
2958,342018,103633,1664,1
2959,504502,152848,1664,1
2960,474694,143838,1664,1
2961,956044,289882,1664,1
2962,802972,243677,1664,1
2963,1376788,417014,1664,1
2964,1228408,372055,1664,1
2965,464674,140773,1664,1
2966,623686,188908,1664,1
2967,731404,221525,1664,1
2968,658740,199553,1664,1
2969,412416,124952,1664,1
2970,513702,155622,1664,1
2971,475684,144107,1664,1
2972,404232,122463,1664,1
2973,557472,168892,1664,1
2974,466626,141366,1664,1
2975,642122,194480,1664,1
2976,533316,161553,1664,1
2977,610666,184977,1664,1
2978,385142,116692,1664,1
2979,1194446,361768,1664,1
2980,1090496,330291,1664,1
2981,322000,97538,1664,1
2982,997150,302025,1664,1
2983,425370,128870,1664,1
2984,581242,176041,1664,1
2985,499846,151434,1664,1
2986,526980,159718,1664,1
2987,409822,124176,1664,1
2988,565210,171211,1664,1
2989,324712,98362,1664,1
2990,743070,225093,1664,1
2991,425412,128883,1664,1
2992,431690,130787,1664,1
2993,591356,179158,1664,1
2994,410466,124439,1664,1
2995,315692,95628,1664,1
2996,367210,111258,1664,1
2997,478300,144909,1664,1
2998,783460,237315,1664,1
2999,1007114,305052,1664,1
3000,606848,183851,1664,1
3001,490246,148513,1664,1
3002,1390138,421667,1664,1
3003,794100,240525,1664,1
3004,485934,147180,1664,1
3005,373658,113214,1664,1
3006,745768,225907,1664,1
3007,672550,203709,1664,1
3008,2386656,723161,1664,1
3009,743444,225524,1664,1
3010,464834,140833,1664,1
3011,903208,273612,1664,1
3012,563120,170622,1664,1
3013,836852,253477,1664,1
3014,719578,217977,1664,1
3015,554376,167941,1664,1
3016,661254,200464,1664,1
3017,770948,233580,1664,1
3018,438778,132944,1664,1
3019,997366,302194,1664,1
3020,454840,137805,1664,1
3021,576482,174628,1664,1
3022,369660,111997,1664,1
3023,320442,97096,1664,1
3024,892204,270205,1664,1
3025,314930,95423,1664,1
3026,451742,136843,1664,1
3027,624576,189494,1664,1
3028,681260,206346,1664,1
3029,487478,147694,1664,1
3030,607368,183997,1664,1
3031,614734,186508,1664,1
3032,502440,152223,1664,1
3033,395170,119724,1664,1
3034,465684,141085,1664,1
3035,551188,167265,1664,1
3036,565984,171606,1664,1
3037,430500,130440,1664,1
3038,322478,97712,1664,1
3039,622994,189038,1664,1
3040,651262,197275,1664,1
3041,549208,166373,1664,1
3042,468978,142084,1664,1
3043,1076420,326024,1664,1
3044,468550,141960,1664,1
3045,626340,189726,1664,1
3046,973258,294890,1664,1
3047,852650,258443,1664,1
3048,603896,182942,1664,1
3049,371076,112428,1664,1
3050,610850,185135,1664,1
3051,317782,96291,1664,1
3052,322496,97719,1664,1
3053,328834,99645,1664,1
3054,427534,129525,1664,1
3055,985242,298941,1664,1
3056,504032,152731,1664,1
3057,824840,250114,1664,1
3058,535206,162158,1664,1
3059,670246,203060,1664,1
3060,1089374,330286,1664,1
3061,1222844,370397,1664,1
3062,641280,194277,1664,1
3063,1033502,313050,1664,1
3064,592346,179450,1664,1
3065,770514,233449,1664,1
3066,1055962,319846,1664,1
3067,823056,249300,1664,1
3068,732472,221906,1664,1
3069,610484,185033,1664,1
3070,507052,153628,1664,1
3071,526006,159361,1664,1
3072,1127240,341511,1664,1
3073,954516,289129,1664,1
3074,569608,172550,1664,1
3075,403908,122379,1664,1
3076,344314,104324,1664,1
3077,496588,150411,1664,1
3078,386892,117211,1664,1
3079,335996,101781,1664,1
3080,435456,131927,1664,1
3081,442396,134030,1664,1
3082,388628,117735,1664,1
3083,545682,165275,1664,1
3084,436132,132104,1664,1
3085,438288,132787,1664,1
3086,491930,149025,1664,1
3087,754094,228417,1664,1
3088,1342322,406965,1664,1
3089,646184,195775,1664,1
3090,618372,187296,1664,1
3091,788402,238936,1664,1
3092,1422762,430984,1664,1
3093,549050,166330,1664,1
3094,632298,191547,1664,1
3095,415378,125845,1664,1
3096,660482,200072,1664,1
3097,386420,117048,1664,1
3098,1536494,465367,1664,1
3099,819614,248318,1664,1
3100,421584,127791,1664,1
3101,329066,99712,1664,1
3102,373506,113167,1664,1
3103,475974,144164,1664,1
3104,422740,128079,1664,1
3105,634800,192288,1664,1
3106,652648,197706,1664,1
3107,481804,145966,1664,1
3108,359166,108817,1664,1
3109,637414,193085,1664,1
3110,374592,113481,1664,1
3111,329090,99716,1664,1
3112,789366,239167,1664,1
3113,318694,96541,1664,1
3114,323616,98033,1664,1
3115,565232,171297,1664,1
3116,560784,170046,1664,1
3117,325248,98542,1664,1
3118,417852,126564,1664,1
3119,513558,155679,1664,1
3120,318618,96542,1664,1
3121,463498,140419,1664,1
3122,500798,151718,1664,1
3123,693312,209987,1664,1
3124,474918,143886,1664,1
3125,599118,181473,1664,1
3126,460188,139426,1664,1
3127,379748,115055,1664,1
3128,430210,130335,1664,1
3129,381480,115580,1664,1
3130,482630,146184,1664,1
3131,468158,141838,1664,1
3132,317370,96139,1664,1
3133,569416,172480,1664,1
3134,696674,211008,1664,1
3135,951494,363166,1664,1
3136,983536,297996,1664,1
3137,565518,171313,1664,1
3138,607934,184152,1664,1
3139,426072,129061,1664,1
3140,706758,214117,1664,1
3141,1288182,390187,1664,1
3142,506008,153300,1664,1
3143,734120,222593,1664,1
3144,539410,163409,1664,1
3145,441048,133699,1664,1
3146,341164,103379,1664,1
3147,520600,157711,1664,1
3148,586108,177557,1664,1
3149,541710,164078,1664,1
3150,768162,232697,1664,1
3151,411496,124666,1664,1
3152,774084,234473,1664,1
3153,480238,145496,1664,1
3154,427026,129370,1664,1
3155,325732,98708,1664,1
3156,546556,165549,1664,1
3157,348942,105698,1664,1
3158,496402,150349,1664,1
3159,597320,180906,1664,1
3160,549152,166350,1664,1
3161,457558,138589,1664,1
3162,457506,138603,1664,1
3163,455326,137936,1664,1
3164,352808,106864,1664,1
3165,446798,135329,1664,1
3166,347474,105263,1664,1
3167,414388,125554,1664,1
3168,503488,152523,1664,1
3169,487540,147704,1664,1
3170,307548,93186,1664,1
3171,1239778,375896,1664,1
3172,568180,172101,1664,1
3173,454756,137742,1664,1
3174,418142,126675,1664,1
3175,347914,105421,1664,1
3176,400802,121398,1664,1
3177,444898,134781,1664,1
3178,693544,210045,1664,1
3179,491586,148931,1664,1
3180,497520,150715,1664,1
3181,728142,220527,1664,1
3182,304368,92199,1664,1
3183,674482,204398,1664,1
3184,349152,105786,1664,1
3185,554162,167884,1664,1
3186,501736,152101,1664,1
3187,458996,139073,1664,1
3188,540590,163768,1664,1
3189,547388,166043,1664,1
3190,479900,145378,1664,1
3191,1074294,325391,1664,1
3192,1276382,386637,1664,1
3193,1026006,310764,1664,1
3194,497298,150662,1664,1
3195,362488,109831,1664,1
3196,462370,140056,1664,1
3197,309474,93763,1664,1
3198,312678,94716,1664,1
3199,517158,156665,1664,1
3200,674626,204361,1664,1
3201,411260,124582,1664,1
3202,459118,139062,1664,1
3203,370076,112129,1664,1
3204,768622,232810,1664,1
3205,577440,174953,1664,1
3206,867914,262873,1664,1
3207,463540,140399,1664,1
3208,512152,155116,1664,1
3209,516030,156293,1664,1
3210,302892,91749,1664,1
3211,339318,102821,1664,1
3212,500202,151527,1664,1
3213,396286,120041,1664,1
3214,563336,170643,1664,1
3215,396226,120041,1664,1
3216,440680,133477,1664,1
3217,689480,208816,1664,1
3218,543332,164566,1664,1
3219,484772,146895,1664,1
3220,645526,195565,1664,1
3221,628794,190507,1664,1
3222,535456,162221,1664,1
3223,742796,225014,1664,1
3224,486276,147318,1664,1
3225,1802392,545998,1664,1
3226,1022312,309734,1664,1
3227,653098,197895,1664,1
3228,967008,293047,1664,1
3229,762628,231086,1664,1
3230,393022,119075,1664,1
3231,433248,131240,1664,1
3232,516316,156435,1664,1
3233,518542,157150,1664,1
3234,1201836,364117,1664,1
3235,469208,142167,1664,1
3236,315650,95642,1664,1
3237,769748,233158,1664,1
3238,510862,154743,1664,1
3239,314674,95347,1664,1
3240,310980,94206,1664,1
3241,564310,170992,1664,1
3242,1669540,505976,1664,1
3243,327260,99629,1664,1
3244,484436,146765,1664,1
3245,531592,161055,1664,1
3246,333446,101035,1664,1
3247,895820,271327,1664,1
3248,434938,131768,1664,1
3249,329148,99733,1664,1
3250,552666,167434,1664,1
3251,675218,204537,1664,1
3252,1005036,304392,1664,1
3253,500856,151739,1664,1
3254,843228,255557,1664,1
3255,1022002,309590,1664,1
3256,324700,98385,1664,1
3257,959286,290647,1664,1
3258,677502,205215,1664,1
3259,626774,189856,1664,1
3260,536352,162487,1664,1
3261,1109834,336159,1664,1
3262,479480,145249,1664,1
3263,321644,97457,1664,1
3264,866622,262500,1664,1
3265,479276,145201,1664,1
3266,470682,142616,1664,1
3267,448140,135760,1664,1
3268,1434954,434858,1664,1
3269,624764,189273,1664,1
3270,473238,143392,1664,1
3271,799274,242109,1664,1
3272,649140,196642,1664,1
3273,2543937,770698,1664,1
3274,461588,139840,1664,1
3275,639881,194125,1664,1
3276,558595,169988,1664,1
3277,690312,209216,1664,1
3278,585134,177243,1664,1
3279,505470,153157,1664,1
3280,835094,253116,1664,1
3281,580564,175958,1664,1
3282,573098,173707,1664,1
3283,690896,209280,1664,1
3284,517690,156841,1664,1
3285,713648,216178,1664,1
3286,1230778,372858,1664,1
3287,525390,159378,1664,1
3288,766998,232355,1664,1
3289,496700,150478,1664,1
3290,518008,157064,1664,1
3291,689992,209148,1664,1
3292,563222,170677,1664,1
3293,580918,175985,1664,1
3294,7694565,2331333,1664,1
3295,835770,253344,1664,1
3296,1476103,447277,1664,1
3297,850901,258122,1664,1
3298,1048852,317811,1664,1
3299,336164,101866,1664,1
3300,319770,96890,1664,1
3301,467936,141742,1664,1
3302,571546,173187,1664,1
3303,377140,114263,1664,1
3304,557218,168799,1664,1
3305,596716,180895,1664,1
3306,423018,128130,1664,1
3307,450186,136382,1664,1
3308,603606,182856,1664,1
3309,384430,116469,1664,1
3310,320414,97085,1664,1
3311,673254,203911,1664,1
3312,713024,216037,1664,1
3313,605468,183439,1664,1
3314,536508,162525,1664,1
3315,328900,99630,1664,1
3316,352760,106879,1664,1
3317,425648,128954,1664,1
3318,377414,114375,1664,1
3319,369504,111950,1664,1
3320,1092738,331054,1664,1
3321,835366,253064,1664,1
3322,656242,198974,1664,1
3323,868794,263390,1664,1
3324,394246,119473,1664,1
3325,681866,206577,1664,1
3326,364020,110289,1664,1
3327,302176,91537,1664,1
3328,354282,107333,1664,1
3329,408468,123754,1664,1
3330,959220,290517,1664,1
3331,542850,164454,1664,1
3332,814986,246845,1664,1
3333,545182,165134,1664,1
3334,630904,191123,1664,1
3335,447020,135446,1664,1
3336,554190,167878,1664,1
3337,907434,274866,1664,1
3338,423034,128158,1664,1
3339,380032,115138,1664,1
3340,980368,296940,1664,1
3341,450068,136348,1664,1
3342,492526,149192,1664,1
3343,298096,90316,1664,1
3344,419082,126972,1664,1
3345,415754,125943,1664,1
3346,465288,140935,1664,1
3347,309386,93749,1664,1
3348,410184,124241,1664,1
3349,454810,137783,1664,1
3350,303990,92114,1664,1
3351,498498,150986,1664,1
3352,508544,154116,1664,1
3353,1026858,311084,1664,1
3354,573108,173582,1664,1
3355,607598,184333,1664,1
3356,556550,168597,1664,1
3357,504234,152773,1664,1
3358,850592,257633,1664,1
3359,442716,134106,1664,1
3360,568284,172214,1664,1
3361,835316,253006,1664,1
3362,1291344,392591,1664,1
3363,499966,151452,1664,1
3364,409778,124289,1664,1
3365,1211468,367536,1664,1
3366,576568,174819,1664,1
3367,550840,166858,1664,1
3368,753186,228148,1664,1
3369,500248,151551,1664,1
3370,781058,236587,1664,1
3371,582824,176553,1664,1
3372,625780,189891,1664,1
3373,379072,114862,1664,1
3374,489002,148135,1664,1
3375,709216,214815,1664,1
3376,735744,222882,1664,1
3377,448444,135845,1664,1
3378,434436,131606,1664,1
3379,436048,132097,1664,1
3380,383762,116365,1664,1
3381,383368,116143,1664,1
3382,673678,204148,1664,1
3383,643786,195043,1664,1
3384,729462,221595,1664,1
3385,283528,85910,1664,1
3386,454552,137711,1664,1
3387,411440,124616,1664,1
3388,370748,112305,1664,1
3389,501030,151784,1664,1
3390,364644,110448,1664,1
3391,570020,172742,1664,1
3392,516386,156431,1664,1
3393,450922,136621,1664,1
3394,470906,142663,1664,1
3395,902772,273532,1664,1
3396,428712,130015,1664,1
3397,860202,260693,1664,1
3398,651338,197398,1664,1
3399,1550972,470151,1664,1
3400,524986,159375,1664,1
3401,744010,225366,1664,1
3402,503400,152532,1664,1
3403,912136,276278,1664,1
3404,601878,182302,1664,1
3405,513258,155504,1664,1
3406,344730,104453,1664,1
3407,700770,212361,1664,1
3408,441346,133697,1664,1
3409,333708,101115,1664,1
3410,384356,116451,1664,1
3411,689742,208925,1664,1
3412,370974,112397,1664,1
3413,318940,96632,1664,1
3414,821278,248785,1664,1
3415,559688,169552,1664,1
3416,535036,162088,1664,1
3417,368706,111707,1664,1
3418,421258,127599,1664,1
3419,319930,96912,1664,1
3420,433918,131429,1664,1
3421,381138,115448,1664,1
3422,498308,150969,1664,1
3423,1200876,363796,1664,1
3424,334862,101462,1664,1
3425,436480,132230,1664,1
3426,485802,147179,1664,1
3427,328730,99610,1664,1
3428,378222,114580,1664,1
3429,330622,100150,1664,1
3430,719622,217981,1664,1
3431,447782,135659,1664,1
3432,335034,101515,1664,1
3433,453960,137549,1664,1
3434,623344,188846,1664,1
3435,684860,207655,1664,1
3436,1206526,365444,1664,1
3437,527978,159940,1664,1
3438,607048,184044,1664,1
3439,703518,213202,1664,1
3440,523130,158480,1664,1
3441,1186446,359384,1664,1
3442,594898,180226,1664,1
3443,557824,168985,1664,1
3444,550906,166881,1664,1
3445,791624,239776,1664,1
3446,391970,118765,1664,1
3447,435754,132017,1664,1
3448,337388,102229,1664,1
3449,330784,100202,1664,1
3450,874534,264882,1664,1
3451,756752,229219,1664,1
3452,330600,100146,1664,1
3453,934248,282984,1664,1
3454,634476,192206,1664,1
3455,565188,171229,1664,1
3456,348232,105499,1664,1
3457,841708,254968,1664,1
3458,569404,172489,1664,1
3459,362472,109828,1664,1
3460,426152,129085,1664,1
3461,349636,105929,1664,1
3462,352388,106745,1664,1
3463,958412,290285,1664,1
3464,405510,122861,1664,1
3465,403640,122294,1664,1
3466,411248,124612,1664,1
3467,373712,113227,1664,1
3468,320710,97152,1664,1
3469,371370,112489,1664,1
3470,550380,166735,1664,1
3471,408340,123707,1664,1
3472,428474,129782,1664,1
3473,946958,286783,1664,1
3474,368584,111689,1664,1
3475,374206,113366,1664,1
3476,528458,160074,1664,1
3477,438970,133000,1664,1
3478,614708,186201,1664,1
3479,510034,154491,1664,1
3480,310802,94177,1664,1
3481,508746,154101,1664,1
3482,365934,110874,1664,1
3483,657482,199152,1664,1
3484,310218,93969,1664,1
3485,694792,210464,1664,1
3486,509986,154490,1664,1
3487,413592,125304,1664,1
3488,359814,109009,1664,1
3489,312684,94730,1664,1
3490,357908,108445,1664,1
3491,350032,106058,1664,1
3492,744462,225646,1664,1
3493,606608,183751,1664,1
3494,654294,198185,1664,1
3495,318756,96569,1664,1
3496,300966,91168,1664,1
3497,505658,153195,1664,1
3498,592428,179441,1664,1
3499,624914,189460,1664,1
3500,297158,90123,1664,1
3501,877498,265804,1664,1
3502,438492,132831,1664,1
3503,392696,118945,1664,1
3504,469898,142360,1664,1
3505,715570,217174,1664,1
3506,619702,187724,1664,1
3507,462160,140020,1664,1
3508,468014,141779,1664,1
3509,599226,181521,1664,1
3510,395396,119793,1664,1
3511,436782,132310,1664,1
3512,341248,103382,1664,1
3513,483146,146359,1664,1
3514,433594,131329,1664,1
3515,1103354,334166,1664,1
3516,470920,142643,1664,1
3517,749328,226939,1664,1
3518,467400,141602,1664,1
3519,287180,87018,1664,1
3520,467438,141578,1664,1
3521,519942,157477,1664,1
3522,402218,121829,1664,1
3523,344462,104340,1664,1
3524,392242,118807,1664,1
3525,343272,104005,1664,1
3526,399512,121035,1664,1
3527,567926,172118,1664,1
3528,961730,291290,1664,1
3529,762944,231096,1664,1
3530,390220,118222,1664,1
3531,451732,136869,1664,1
3532,473766,143534,1664,1
3533,390538,118302,1664,1
3534,519422,157392,1664,1
3535,1038242,314462,1664,1
3536,565186,171200,1664,1
3537,1340918,406303,1664,1
3538,456376,138257,1664,1
3539,640522,193989,1664,1
3540,645996,195645,1664,1
3541,615842,186671,1664,1
3542,742748,224990,1664,1
3543,361842,109625,1664,1
3544,704420,213353,1664,1
3545,606300,183805,1664,1
3546,512716,155327,1664,1
3547,460774,139591,1664,1
3548,514764,155953,1664,1
3549,719940,218089,1664,1
3550,592530,179506,1664,1
3551,449194,136114,1664,1
3552,463976,140563,1664,1
3553,1046872,317080,1664,1
3554,708882,214878,1664,1
3555,1239780,376991,1664,1
3556,613264,185755,1664,1
3557,1275856,386531,1664,1
3558,1085868,328917,1664,1
3559,728044,220521,1664,1
3560,624946,189425,1664,1
3561,733930,222345,1664,1
3562,968574,293366,1664,1
3563,446322,135216,1664,1
3564,446478,135261,1664,1
3565,377072,114258,1664,1
3566,442818,134153,1664,1
3567,339434,102847,1664,1
3568,545504,165301,1664,1
3569,533494,161631,1664,1
3570,1260192,381718,1664,1
3571,797168,241837,1664,1
3572,907892,275112,1664,1
3573,1014498,307269,1664,1
3574,715698,216801,1664,1
3575,736152,222980,1664,1
3576,459614,139242,1664,1
3577,456778,138374,1664,1
3578,682052,206593,1664,1
3579,404432,122537,1664,1
3580,405306,122764,1664,1
3581,461830,139881,1664,1
3582,348002,105413,1664,1
3583,1024230,311633,1664,1
3584,766670,232260,1664,1
3585,518158,156978,1664,1
3586,1999476,606267,1664,1
3587,705718,213795,1664,1
3588,453702,137448,1664,1
3589,629892,190817,1664,1
3590,420240,127315,1664,1
3591,1475986,447884,1664,1
3592,869642,263669,1664,1
3593,820612,248614,1664,1
3594,1186756,359873,1664,1
3595,509460,154390,1664,1
3596,373860,113302,1664,1
3597,517398,156760,1664,1
3598,886288,268473,1664,1
3599,1020256,309035,1664,1
3600,606968,183857,1664,1
3601,585908,177500,1664,1
3602,790460,239454,1664,1
3603,474610,143807,1664,1
3604,630292,190944,1664,1
3605,540194,163788,1664,1
3606,403814,122383,1664,1
3607,387182,117307,1664,1
3608,478616,145013,1664,1
3609,351632,106545,1664,1
3610,406794,123246,1664,1
3611,1741684,527790,1664,1
3612,814946,247054,1664,1
3613,583468,176762,1664,1
3614,629122,190571,1664,1
3615,348072,105468,1664,1
3616,408324,123681,1664,1
3617,724822,219565,1664,1
3618,514134,155725,1664,1
3619,405054,122692,1664,1
3620,510528,154660,1664,1
3621,639628,193726,1664,1
3622,552970,167548,1664,1
3623,578978,175423,1664,1
3624,640506,194031,1664,1
3625,581626,176213,1664,1
3626,1041236,315440,1664,1
3627,672360,203669,1664,1
3628,338992,102718,1664,1
3629,336038,101829,1664,1
3630,441932,133870,1664,1
3631,375358,113726,1664,1
3632,435818,132024,1664,1
3633,693752,210174,1664,1
3634,482346,146202,1664,1
3635,450522,136475,1664,1
3636,711694,215546,1664,1
3637,570914,172961,1664,1
3638,495214,150007,1664,1
3639,505136,153027,1664,1
3640,674032,204259,1664,1
3641,688256,208456,1664,1
3642,524554,159050,1664,1
3643,1122466,340111,1664,1
3644,817564,247641,1664,1
3645,476740,144441,1664,1
3646,520682,157747,1664,1
3647,503934,152735,1664,1
3648,707328,214272,1664,1
3649,697556,211313,1664,1
3650,1403082,424926,1664,1
3651,880718,267075,1664,1
3652,524770,158992,1664,1
3653,602662,182546,1664,1
3654,524934,159011,1664,1
3655,659658,199839,1664,1
3656,3806276,1153795,1664,1
3657,1133921,344258,1664,1
3658,850463,258116,1664,1
3659,660964,200265,1664,1
3660,889458,269445,1664,1
3661,1983520,601416,1664,1
3662,652314,197904,1664,1
3663,363476,110133,1664,1
3664,563132,170788,1664,1
3665,1020182,309084,1664,1
3666,673438,204062,1664,1
3667,586654,177805,1664,1
3668,518956,157232,1664,1
3669,2070004,627383,1664,1
3670,783956,237732,1664,1
3671,580696,175922,1664,1
3672,493746,149594,1664,1
3673,983526,297919,1664,1
3674,897698,271886,1664,1
3675,740882,224434,1664,1
3676,726912,220478,1664,1
3677,565502,171282,1664,1
3678,946732,286874,1664,1
3679,584830,177167,1664,1
3680,6402571,1940129,1664,1
3681,813988,246769,1664,1
3682,1117736,338868,1664,1
3683,469630,142298,1664,1
3684,480056,145418,1664,1
3685,811632,245815,1664,1
3686,486118,147333,1664,1
3687,583796,176866,1664,1
3688,659484,200006,1664,1
3689,803152,243327,1664,1
3690,423322,128313,1664,1
3691,421032,127564,1664,1
3692,389214,117966,1664,1
3693,686188,207867,1664,1
3694,474704,143803,1664,1
3695,656256,198780,1664,1
3696,861596,261006,1664,1
3697,1254810,380050,1664,1
3698,571510,173238,1664,1
3699,790554,239613,1664,1
3700,1021272,309342,1664,1
3701,519162,157269,1664,1
3702,887120,268678,1664,1
3703,581216,176095,1664,1
3704,507650,153817,1664,1
3705,518448,157074,1664,1
3706,4900449,1484781,1664,1
3707,1396532,423289,1664,1
3708,876712,265572,1664,1
3709,555996,168447,1664,1
3710,662840,200793,1664,1
3711,497464,150705,1664,1
3712,631258,191230,1664,1
3713,440750,133498,1664,1
3714,545676,165294,1664,1
3715,725164,219668,1664,1
3716,414206,125499,1664,1
3717,632098,191487,1664,1
3718,497768,150798,1664,1
3719,1032414,312791,1664,1
3720,895238,271150,1664,1
3721,614654,186170,1664,1
3722,864790,261964,1664,1
3723,1325668,401532,1664,1
3724,538760,163278,1664,1
3725,744880,225720,1664,1
3726,668224,202464,1664,1
3727,602742,182720,1664,1
3728,602018,182384,1664,1
3729,580138,175902,1664,1
3730,866618,262614,1664,1
3731,801726,242945,1664,1
3732,1649985,500105,1664,1
3733,807720,244704,1664,1
3734,1187218,359589,1664,1
3735,539800,163773,1664,1
3736,626120,189686,1664,1
3737,588950,178426,1664,1
3738,1351068,409214,1664,1
3739,724882,219753,1664,1
3740,1010440,306082,1664,1
3741,976074,295674,1664,1
3742,485388,147055,1664,1
3743,606616,183812,1664,1
3744,702536,213877,1664,1
3745,906680,274701,1664,1
3746,452042,136967,1664,1
3747,560458,169794,1664,1
3748,618410,187346,1664,1
3749,506028,153321,1664,1
3750,462418,140086,1664,1
3751,363166,110028,1664,1
3752,539500,163434,1664,1
3753,574826,174159,1664,1
3754,870632,263772,1664,1
3755,485956,147239,1664,1
3756,1329320,402954,1664,1
3757,999040,302623,1664,1
3758,721508,218582,1664,1
3759,634800,192328,1664,1
3760,1090162,330333,1664,1
3761,682262,206791,1664,1
3762,1061758,321951,1664,1
3763,1203162,364407,1664,1
3764,573928,173859,1664,1
3765,454060,137527,1664,1
3766,955548,289438,1664,1
3767,867446,262763,1664,1
3768,1048764,317653,1664,1
3769,730138,221161,1664,1
3770,396760,120203,1664,1
3771,649856,196852,1664,1
3772,494526,149806,1664,1
3773,439292,133063,1664,1
3774,385090,116650,1664,1
3775,334130,101235,1664,1
3776,525838,159309,1664,1
3777,437650,132574,1664,1
3778,599626,181653,1664,1
3779,496148,150310,1664,1
3780,960668,291544,1664,1
3781,1144118,347100,1664,1
3782,1611498,488687,1664,1
3783,728178,220585,1664,1
3784,344888,104499,1664,1
3785,548486,166151,1664,1
3786,537848,162915,1664,1
3787,922986,279584,1664,1
3788,475244,144009,1664,1
3789,329018,99700,1664,1
3790,965780,292640,1664,1
3791,478508,145027,1664,1
3792,898876,272351,1664,1
3793,604342,183099,1664,1
3794,1300868,394004,1664,1
3795,659870,199988,1664,1
3796,639780,193897,1664,1
3797,508610,154085,1664,1
3798,890066,269826,1664,1
3799,340632,103210,1664,1
3800,514738,155903,1664,1
3801,690438,209166,1664,1
3802,623080,188751,1664,1
3803,494536,149825,1664,1
3804,514648,155907,1664,1
3805,462862,140228,1664,1
3806,1558544,472402,1664,1
3807,573452,173731,1664,1
3808,480980,145733,1664,1
3809,586306,177608,1664,1
3810,334882,101552,1664,1
3811,368836,111764,1664,1
3812,744546,225702,1664,1
3813,829972,251512,1664,1
3814,808460,244882,1664,1
3815,642342,194581,1664,1
3816,1094526,331786,1664,1
3817,380666,115335,1664,1
3818,451902,136912,1664,1
3819,332624,100769,1664,1
3820,1152240,348990,1664,1
3821,1829740,554713,1664,1
3822,852530,258828,1664,1
3823,466230,141301,1664,1
3824,625190,189396,1664,1
3825,460816,139613,1664,1
3826,385748,116872,1664,1
3827,329876,99925,1664,1
3828,518100,156962,1664,1
3829,512594,155325,1664,1
3830,403676,122313,1664,1
3831,381518,115567,1664,1
3832,588504,178265,1664,1
3833,531398,160978,1664,1
3834,632326,192007,1664,1
3835,591166,179080,1664,1
3836,1603130,485931,1664,1
3837,579996,175686,1664,1
3838,484144,146671,1664,1
3839,635574,192531,1664,1
3840,780614,236464,1664,1
3841,506218,153358,1664,1
3842,506772,153610,1664,1
3843,508438,154080,1664,1
3844,785352,237890,1664,1
3845,551674,167125,1664,1
3846,471920,142980,1664,1
3847,1075996,325932,1664,1
3848,439854,133257,1664,1
3849,609724,184722,1664,1
3850,472316,143100,1664,1
3851,332968,100874,1664,1
3852,663384,200942,1664,1
3853,332516,100726,1664,1
3854,344370,104318,1664,1
3855,383406,116163,1664,1
3856,754794,228623,1664,1
3857,647822,196797,1664,1
3858,1090152,330445,1664,1
3859,706754,214095,1664,1
3860,597160,180916,1664,1
3861,346088,104849,1664,1
3862,786950,238510,1664,1
3863,1664209,504326,1664,1
3864,970804,294082,1664,1
3865,557398,168837,1664,1
3866,601752,182285,1664,1
3867,987770,299205,1664,1
3868,809758,245298,1664,1
3869,1263924,382777,1664,1
3870,396164,120030,1664,1
3871,480320,145511,1664,1
3872,629126,190710,1664,1
3873,757866,229568,1664,1
3874,341392,103442,1664,1
3875,498692,151072,1664,1
3876,813698,246429,1664,1
3877,762708,230988,1664,1
3878,556822,168690,1664,1
3879,444976,134806,1664,1
3880,674982,204471,1664,1
3881,503370,152518,1664,1
3882,669058,202701,1664,1
3883,545294,165191,1664,1
3884,720794,218341,1664,1
3885,1134202,343791,1664,1
3886,854796,259265,1664,1
3887,845858,256217,1664,1
3888,546900,165682,1664,1
3889,791506,239782,1664,1
3890,418864,126913,1664,1
3891,624982,189361,1664,1
3892,430798,130541,1664,1
3893,735374,222759,1664,1
3894,659014,199643,1664,1
3895,420830,127473,1664,1
3896,512180,155172,1664,1
3897,602663,183241,1664,1
3898,464128,140614,1664,1
3899,462904,140240,1664,1
3900,457918,138716,1664,1
3901,567918,172050,1664,1
3902,1085923,329323,1664,1
3903,999824,302900,1664,1
3904,981438,297289,1664,1
3905,837310,253667,1664,1
3906,410444,124351,1664,1
3907,515814,156228,1664,1
3908,340212,103086,1664,1
3909,494770,149874,1664,1
3910,1499722,455200,1664,1
3911,408330,123836,1664,1
3912,1030804,312274,1664,1
3913,686096,207839,1664,1
3914,1260390,381737,1664,1
3915,473234,143334,1664,1
3916,666610,201918,1664,1
3917,507552,154093,1664,1
3918,618012,187235,1664,1
3919,568486,172239,1664,1
3920,1156448,350358,1664,1
3921,749974,227217,1664,1
3922,884444,267939,1664,1
3923,521246,157905,1664,1
3924,27490030,8325618,1664,1
3925,621868,188379,1664,1
3926,852424,258211,1664,1
3927,807706,244664,1664,1
3928,1127580,341648,1664,1
3929,655416,198517,1664,1
3930,475822,144158,1664,1
3931,497214,150655,1664,1
3932,656868,199052,1664,1
3933,1029428,312526,1664,1
3934,557350,168853,1664,1
3935,654886,198394,1664,1
3936,517782,156877,1664,1
3937,1029090,311970,1664,1
3938,809100,245084,1664,1
3939,535078,162124,1664,1
3940,1620074,490658,1664,1
3941,800156,242373,1664,1
3942,1174832,355939,1664,1
3943,1094182,331415,1664,1
3944,982202,297591,1664,1
3945,991776,300434,1664,1
3946,1800802,545947,1664,1
3947,706076,213931,1664,1
3948,2434812,737740,1664,1
3949,2041367,618762,1664,1
3950,2603358,788730,1664,1
3951,679468,205859,1664,1
3952,1574098,476836,1664,1
3953,799030,242621,1664,1
3954,616410,186733,1664,1
3955,1333646,404072,1664,1
3956,1068624,323720,1664,1
3957,635834,192623,1664,1
3958,514382,155830,1664,1
3959,789426,239173,1664,1
3960,481636,145930,1664,1
3961,1078118,326658,1664,1
3962,642378,194769,1664,1
3963,668272,202448,1664,1
3964,915842,277416,1664,1
3965,2039086,617541,1664,1
3966,562626,170458,1664,1
3967,1220179,369925,1664,1
3968,724847,219898,1664,1
3969,700104,212062,1664,1
3970,853112,258392,1664,1
3971,671462,203423,1664,1
3972,520256,157632,1664,1
3973,504300,152790,1664,1
3974,1094106,331394,1664,1
3975,716408,217006,1664,1
3976,1466238,444148,1664,1
3977,541734,164121,1664,1
3978,347026,105149,1664,1
3979,624560,189197,1664,1
3980,920296,278781,1664,1
3981,1084710,328557,1664,1
3982,532758,161394,1664,1
3983,484250,146722,1664,1
3984,447692,135649,1664,1
3985,1762634,534008,1664,1
3986,2318854,702482,1664,1
3987,565834,171465,1664,1
3988,555472,168297,1664,1
3989,1062558,321842,1664,1
3990,982304,297570,1664,1
3991,605852,183713,1664,1
3992,1584998,480470,1664,1
3993,1653302,500745,1664,1
3994,469128,142143,1664,1
3995,404580,122577,1664,1
3996,352264,106736,1664,1
3997,408404,123703,1664,1
3998,350340,106121,1664,1
3999,655176,198520,1664,1
4000,1146410,347278,1664,1
4001,971760,294326,1664,1
4002,1131848,342833,1664,1
4003,1084674,328821,1664,1
4004,675294,204583,1664,1
4005,1011154,306288,1664,1
4006,1339052,405596,1664,1
4007,582148,176328,1664,1
4008,1356280,410906,1664,1
4009,452330,137012,1664,1
4010,531084,160867,1664,1
4011,785942,238203,1664,1
4012,2074616,628586,1664,1
4013,865554,262191,1664,1
4014,557992,169055,1664,1
4015,569978,172685,1664,1
4016,986606,299054,1664,1
4017,1188412,360002,1664,1
4018,713562,216179,1664,1
4019,617598,187221,1664,1
4020,796318,241345,1664,1
4021,426674,129256,1664,1
4022,992700,300789,1664,1
4023,488918,148093,1664,1
4024,380082,115134,1664,1
4025,1244666,377212,1664,1
4026,701624,212529,1664,1
4027,362722,109906,1664,1
4028,498582,151044,1664,1
4029,392122,118816,1664,1
4030,443742,134422,1664,1
4031,528704,160143,1664,1
4032,892958,270469,1664,1
4033,678126,205421,1664,1
4034,892092,270266,1664,1
4035,1082536,327889,1664,1
4036,948634,287315,1664,1
4037,674798,204389,1664,1
4038,440088,133324,1664,1
4039,2253777,682809,1664,1
4040,698318,211556,1664,1
4041,692812,209869,1664,1
4042,655570,198576,1664,1
4043,685546,207659,1664,1
4044,618016,187224,1664,1
4045,520998,157890,1664,1
4046,476172,144232,1664,1
4047,628413,190877,1664,1
4048,490718,148660,1664,1
4049,380442,115262,1664,1
4050,329890,99962,1664,1
4051,790594,239473,1664,1
4052,689610,208892,1664,1
4053,698614,211623,1664,1
4054,507538,153773,1664,1
4055,387702,117497,1664,1
4056,471312,142794,1664,1
4057,316774,95987,1664,1
4058,1229594,372530,1664,1
4059,329256,99765,1664,1
4060,656226,198790,1664,1
4061,510860,154742,1664,1
4062,502758,152310,1664,1
4063,384370,116453,1664,1
4064,383722,116343,1664,1
4065,872062,264153,1664,1
4066,930458,281839,1664,1
4067,375020,113634,1664,1
4068,382470,115910,1664,1
4069,592630,179525,1664,1
4070,319810,96880,1664,1
4071,517770,156819,1664,1
4072,580898,175974,1664,1
4073,497480,150720,1664,1
4074,995648,301665,1664,1
4075,1510253,457928,1664,1
4076,769964,233449,1664,1
4077,526554,159554,1664,1
4078,655554,198993,1664,1
4079,627238,189994,1664,1
4080,321374,97376,1664,1
4081,320148,97007,1664,1
4082,373420,113122,1664,1
4083,324102,98190,1664,1
4084,823878,249553,1664,1
4085,428036,129791,1664,1
4086,469748,142716,1664,1
4087,580084,176052,1664,1
4088,1132670,343129,1664,1
4089,510716,154784,1664,1
4090,562126,170318,1664,1
4091,845992,256249,1664,1
4092,613948,185992,1664,1
4093,438000,132692,1664,1
4094,897920,271978,1664,1
4095,685020,207483,1664,1
4096,538676,163193,1664,1
4097,1014008,307184,1664,1
4098,719380,217917,1664,1
4099,499512,151344,1664,1
4100,771988,233936,1664,1
4101,911718,276155,1664,1
4102,698776,211665,1664,1
4103,1677086,508694,1664,1
4104,562370,170374,1664,1
4105,569760,172614,1664,1
4106,648486,196459,1664,1
4107,632762,192298,1664,1
4108,661598,200421,1664,1
4109,765278,231812,1664,1
4110,810934,245646,1664,1
4111,684506,207400,1664,1
4112,1440765,437127,1664,1
4113,456900,138439,1664,1
4114,940615,285299,1664,1
4115,719680,218021,1664,1
4116,697808,211388,1664,1
4117,2991651,906393,1664,1
4118,576410,174639,1664,1
4119,766928,232321,1664,1
4120,452702,137154,1664,1
4121,887238,268753,1664,1
4122,2107274,638284,1664,1
4123,591998,179424,1664,1
4124,568740,172287,1664,1
4125,677110,205111,1664,1
4126,365876,110977,1664,1
4127,486824,147484,1664,1
4128,519952,157522,1664,1
4129,344736,104443,1664,1
4130,671620,203415,1664,1
4131,915874,277420,1664,1
4132,454244,137595,1664,1
4133,512230,155148,1664,1
4134,339386,102809,1664,1
4135,447692,135608,1664,1
4136,470004,142388,1664,1
4137,347098,105174,1664,1
4138,452316,137006,1664,1
4139,618558,187342,1664,1
4140,339262,102772,1664,1
4141,407150,123360,1664,1
4142,455128,137903,1664,1
4143,521542,157977,1664,1
4144,535994,162380,1664,1
4145,444848,134973,1664,1
4146,894232,274162,1664,1
4147,435672,132571,1664,1
4148,946802,287317,1664,1
4149,531328,160984,1664,1
4150,536628,162679,1664,1
4151,607192,183931,1664,1
4152,382192,115767,1664,1
4153,335180,101532,1664,1
4154,391360,118566,1664,1
4155,384864,116579,1664,1
4156,368948,111806,1664,1
4157,596722,180782,1664,1
4158,489600,148429,1664,1
4159,505338,153111,1664,1
4160,739720,224279,1664,1
4161,617438,187119,1664,1
4162,509542,154340,1664,1
4163,769548,233317,1664,1
4164,566304,171557,1664,1
4165,602004,182373,1664,1
4166,1050212,318268,1664,1
4167,458582,138951,1664,1
4168,1358776,411622,1664,1
4169,444660,134719,1664,1
4170,521646,158090,1664,1
4171,547514,165827,1664,1
4172,557188,168811,1664,1
4173,396580,120170,1664,1
4174,444614,134701,1664,1
4175,390284,118251,1664,1
4176,757548,229512,1664,1
4177,915444,277365,1664,1
4178,841196,254919,1664,1
4179,808572,244987,1664,1
4180,838836,254079,1664,1
4181,608866,184585,1664,1
4182,749550,227241,1664,1
4183,515678,156244,1664,1
4184,471090,142728,1664,1
4185,780832,236533,1664,1
4186,3397376,1029585,1664,1
4187,927550,281341,1664,1
4188,1242144,376215,1664,1
4189,1220045,370533,1664,1
4190,781748,236817,1664,1
4191,775144,234790,1664,1
4192,890874,270292,1664,1
4193,355030,107574,1664,1
4194,405274,122773,1664,1
4195,784658,237686,1664,1
4196,1444714,437511,1664,1
4197,765480,231873,1664,1
4198,340346,103111,1664,1
4199,595974,180544,1664,1
4200,464466,140716,1664,1
4201,1135752,344445,1664,1
4202,1787460,543041,1664,1
4203,1173602,356689,1664,1
4204,668660,202573,1664,1
4205,614238,186245,1664,1
4206,581118,176165,1664,1
4207,671898,203545,1664,1
4208,668532,202521,1664,1
4209,535784,162312,1664,1
4210,860220,260539,1664,1
4211,634232,192117,1664,1
4212,625828,189574,1664,1
4213,315934,95708,1664,1
4214,617722,187087,1664,1
4215,488784,148071,1664,1
4216,375678,113809,1664,1
4217,320252,97015,1664,1
4218,447664,135598,1664,1
4219,323300,97937,1664,1
4220,719990,218181,1664,1
4221,484144,146654,1664,1
4222,374936,113583,1664,1
4223,480846,145643,1664,1
4224,374016,113358,1664,1
4225,584520,177299,1664,1
4226,1307727,396505,1664,1
4227,709616,214966,1664,1
4228,595086,180298,1664,1
4229,2389687,724338,1664,1
4230,406284,123109,1664,1
4231,378142,114582,1664,1
4232,388272,117655,1664,1
4233,400572,121351,1664,1
4234,472350,143111,1664,1
4235,1488782,450965,1664,1
4236,449728,136248,1664,1
4237,342132,103753,1664,1
4238,390492,118279,1664,1
4239,392342,118843,1664,1
4240,524010,158755,1664,1
4241,1013914,307104,1664,1
4242,444168,134566,1664,1
4243,496800,150472,1664,1
4244,392580,118939,1664,1
4245,340908,103279,1664,1
4246,394112,119379,1664,1
4247,647620,196148,1664,1
4248,393286,119129,1664,1
4249,483560,146512,1664,1
4250,323622,98031,1664,1
4251,323272,97924,1664,1
4252,426412,129184,1664,1
4253,475444,144001,1664,1
4254,331776,100528,1664,1
4255,581662,176199,1664,1
4256,321492,97412,1664,1
4257,1215013,368739,1664,1
4258,627598,190238,1664,1
4259,569002,172720,1664,1
4260,447034,135438,1664,1
4261,1743922,528850,1664,1
4262,803930,243607,1664,1
4263,1225646,371325,1664,1
4264,1967657,596251,1664,1
4265,915375,277565,1664,1
4266,785501,238212,1664,1
4267,675932,204771,1664,1
4268,540932,163874,1664,1
4269,847262,256720,1664,1
4270,1081508,328130,1664,1
4271,575510,174371,1664,1
4272,638716,193528,1664,1
4273,1080546,327754,1664,1
4274,1462418,443095,1664,1
4275,468792,142022,1664,1
4276,923562,279826,1664,1
4277,783250,237221,1664,1
4278,1298434,394075,1664,1
4279,690062,209136,1664,1
4280,653400,198053,1664,1
4281,702834,212927,1664,1
4282,896910,271725,1664,1
4283,522636,158338,1664,1
4284,845878,256475,1664,1
4285,653950,198182,1664,1
4286,599428,181602,1664,1
4287,1021798,310087,1664,1
4288,1367763,415377,1664,1
4289,2231922,676074,1664,1
4290,542092,164232,1664,1
4291,726232,219993,1664,1
4292,561694,170185,1664,1
4293,768876,233283,1664,1
4294,1510358,457445,1664,1
4295,871104,263869,1664,1
4296,726728,220109,1664,1
4297,617768,187314,1664,1
4298,541388,164003,1664,1
4299,548904,166284,1664,1
4300,1099438,333011,1664,1
4301,919506,278533,1664,1
4302,944440,286244,1664,1
4303,592620,179530,1664,1
4304,1142594,346077,1664,1
4305,3979798,1206454,1664,1
4306,553440,167666,1664,1
4307,526404,159478,1664,1
4308,9483245,2872815,1664,1
4309,756858,229319,1664,1
4310,490170,148494,1664,1
4311,700508,212217,1664,1
4312,537266,162784,1664,1
4313,600904,182072,1664,1
4314,958202,290337,1664,1
4315,661346,200338,1664,1
4316,487456,147700,1664,1
4317,647412,196123,1664,1
4318,581746,178092,1664,1
4319,1057226,320290,1664,1
4320,465572,141069,1664,1
4321,683406,207096,1664,1
4322,520896,157815,1664,1
4323,724674,219541,1664,1
4324,646130,196049,1664,1
4325,996974,302205,1664,1
4326,769354,233067,1664,1
4327,472032,143012,1664,1
4328,553474,167675,1664,1
4329,700802,212453,1664,1
4330,480818,145903,1664,1
4331,542132,164257,1664,1
4332,588424,178369,1664,1
4333,1054226,319330,1664,1
4334,495494,150542,1664,1
4335,847993,257142,1664,1
4336,1296786,393057,1664,1
4337,1098498,332968,1664,1
4338,746554,226144,1664,1
4339,1051976,319494,1664,1
4340,1682098,509453,1664,1
4341,756168,229034,1664,1
4342,554168,167882,1664,1
4343,704092,214432,1664,1
4344,1446146,439315,1664,1
4345,671768,203883,1664,1
4346,959428,290952,1664,1
4347,522512,158292,1664,1
4348,959822,291508,1664,1
4349,598440,181353,1664,1
4350,495254,151006,1664,1
4351,715258,216720,1664,1
4352,701600,212875,1664,1
4353,420226,127320,1664,1
4354,623501,189217,1664,1
4355,3964287,1201109,1664,1
4356,982560,297922,1664,1
4357,777826,235637,1664,1
4358,1446037,438582,1664,1
4359,931508,282470,1664,1
4360,949672,287748,1664,1
4361,1849257,560387,1664,1
4362,565848,171380,1664,1
4363,649324,196700,1664,1
4364,761868,230878,1664,1
4365,813600,246458,1664,1
4366,820364,248513,1664,1
4367,542496,164361,1664,1
4368,683012,207055,1664,1
4369,773244,234350,1664,1
4370,858332,260078,1664,1
4371,904786,274263,1664,1
4372,416958,126348,1664,1
4373,577240,174877,1664,1
4374,1201500,364444,1664,1
4375,717586,217380,1664,1
4376,555706,168429,1664,1
4377,1554446,471147,1664,1
4378,702948,213145,1664,1
4379,1339128,405594,1664,1
4380,1033842,313158,1664,1
4381,446500,135274,1664,1
4382,622191,188885,1664,1
4383,913248,276681,1664,1
4384,923219,280100,1664,1
4385,671398,203400,1664,1
4386,649022,196618,1664,1
4387,448266,135890,1664,1
4388,1078970,326822,1664,1
4389,562734,170483,1664,1
4390,656864,198991,1664,1
4391,683444,207239,1664,1
4392,845886,256227,1664,1
4393,682430,206720,1664,1
4394,854466,258884,1664,1
4395,487182,147598,1664,1
4396,516602,156525,1664,1
4397,564032,171007,1664,1
4398,408736,123842,1664,1
4399,949208,287512,1664,1
4400,879996,266558,1664,1
4401,1293476,391785,1664,1
4402,726324,220020,1664,1
4403,524860,159018,1664,1
4404,870402,263666,1664,1
4405,562118,170294,1664,1
4406,535338,162183,1664,1
4407,1335302,404736,1664,1
4408,759044,229955,1664,1
4409,791138,239653,1664,1
4410,460402,139495,1664,1
4411,955330,289372,1664,1
4412,977256,296146,1664,1
4413,1391473,421966,1664,1
4414,2220520,672773,1664,1
4415,1217278,370989,1664,1
4416,556670,168742,1664,1
4417,520518,157705,1664,1
4418,626762,189870,1664,1
4419,588230,178215,1664,1
4420,760638,230418,1664,1
4421,446234,135188,1664,1
4422,464964,140864,1664,1
4423,849246,257247,1664,1
4424,1035644,313694,1664,1
4425,741408,224594,1664,1
4426,905162,274257,1664,1
4427,671948,203554,1664,1
4428,620300,188303,1664,1
4429,1667692,505372,1664,1
4430,908128,275278,1664,1
4431,1258134,381087,1664,1
4432,590554,179097,1664,1
4433,577136,175032,1664,1
4434,809566,245265,1664,1
4435,702528,212819,1664,1
4436,514062,155728,1664,1
4437,1147146,347502,1664,1
4438,497844,151092,1664,1
4439,540134,163657,1664,1
4440,821672,248909,1664,1
4441,534210,161887,1664,1
4442,2654389,804131,1664,1
4443,979442,296678,1664,1
4444,1066961,323495,1664,1
4445,731632,221613,1664,1
4446,627106,189956,1664,1
4447,543578,164672,1664,1
4448,861780,261063,1664,1
4449,589564,179096,1664,1
4450,828898,251089,1664,1
4451,974418,295316,1664,1
4452,1052010,318873,1664,1
4453,486174,147332,1664,1
4454,569378,172503,1664,1
4455,697604,211439,1664,1
4456,998568,302528,1664,1
4457,643352,194925,1664,1
4458,631614,191371,1664,1
4459,802102,243038,1664,1
4460,647036,196107,1664,1
4461,780982,236925,1664,1
4462,1090702,330358,1664,1
4463,1374574,416413,1664,1
4464,526362,159469,1664,1
4465,1314958,398269,1664,1
4466,539492,163440,1664,1
4467,623336,188837,1664,1
4468,971004,294095,1664,1
4469,872380,264659,1664,1
4470,701250,212462,1664,1
4471,2124442,643441,1664,1
4472,789690,239207,1664,1
4473,421890,127820,1664,1
4474,884768,267994,1664,1
4475,788178,238757,1664,1
4476,422862,128119,1664,1
4477,829406,251242,1664,1
4478,659964,199926,1664,1
4479,590310,178788,1664,1
4480,420370,127361,1664,1
4481,572156,173366,1664,1
4482,639836,193816,1664,1
4483,555920,168410,1664,1
4484,589940,178710,1664,1
4485,412408,124918,1664,1
4486,849566,257344,1664,1
4487,794384,240637,1664,1
4488,1399136,424056,1664,1
4489,830362,251813,1664,1
4490,1845894,559409,1664,1
4491,925406,280696,1664,1
4492,555188,168202,1664,1
4493,819320,248690,1664,1
4494,706130,213871,1664,1
4495,659530,199787,1664,1
4496,726314,220028,1664,1
4497,856714,259500,1664,1
4498,754672,228637,1664,1
4499,917288,278284,1664,1
4500,658582,199507,1664,1
4501,739128,223897,1664,1
4502,867986,263243,1664,1
4503,472298,143103,1664,1
4504,615560,186484,1664,1
4505,583060,176640,1664,1
4506,530252,160652,1664,1
4507,524612,158954,1664,1
4508,571768,173268,1664,1
4509,604920,183236,1664,1
4510,1515120,458969,1664,1
4511,684106,207237,1664,1
4512,1071370,324532,1664,1
4513,556978,168756,1664,1
4514,906744,274650,1664,1
4515,875038,265055,1664,1
4516,1089770,330101,1664,1
4517,998351,302887,1664,1
4518,800568,243063,1664,1
4519,658246,199485,1664,1
4520,677942,205424,1664,1
4521,9337736,2828539,1664,1
4522,713230,216147,1664,1
4523,493962,150010,1664,1
4524,662890,201434,1664,1
4525,754066,228810,1664,1
4526,836346,253863,1664,1
4527,581140,176225,1664,1
4528,399476,121054,1664,1
4529,702510,212809,1664,1
4530,4071594,1233947,1664,1
4531,781732,236804,1664,1
4532,567274,171823,1664,1
4533,702100,212660,1664,1
4534,766044,232046,1664,1
4535,494826,149927,1664,1
4536,832478,253923,1664,1
4537,650034,196925,1664,1
4538,1073928,325272,1664,1
4539,667368,202181,1664,1
4540,463826,140490,1664,1
4541,729340,220908,1664,1
4542,2030019,615563,1664,1
4543,1093640,331695,1664,1
4544,2921261,885077,1664,1
4545,886842,268638,1664,1
4546,575982,174490,1664,1
4547,622010,188441,1664,1
4548,775992,235065,1664,1
4549,657790,199269,1664,1
4550,545318,165222,1664,1
4551,655448,198563,1664,1
4552,685894,207884,1664,1
4553,1820072,551231,1664,1
4554,561520,170133,1664,1
4555,660712,200118,1664,1
4556,710224,215274,1664,1
4557,590358,178864,1664,1
4558,834158,252677,1664,1
4559,563944,170865,1664,1
4560,592584,179528,1664,1
4561,743592,225274,1664,1
4562,944130,285986,1664,1
4563,708014,214507,1664,1
4564,523782,158698,1664,1
4565,851640,258224,1664,1
4566,574350,174137,1664,1
4567,840004,254515,1664,1
4568,1951319,591888,1664,1
4569,782926,237172,1664,1
4570,1226640,371915,1664,1
4571,2781561,842759,1664,1
4572,775936,235061,1664,1
4573,585110,177277,1664,1
4574,532852,161464,1664,1
4575,1588493,481509,1664,1
4576,1175324,356173,1664,1
4577,924978,280206,1664,1
4578,718374,217615,1664,1
4579,497616,150788,1664,1
4580,741022,224625,1664,1
4581,669940,203045,1664,1
4582,759246,230046,1664,1
4583,1481998,448881,1664,1
4584,1077210,326278,1664,1
4585,434502,131626,1664,1
4586,495980,150299,1664,1
4587,729602,221016,1664,1
4588,392212,118814,1664,1
4589,692444,209763,1664,1
4590,476756,144451,1664,1
4591,670966,203287,1664,1
4592,1541746,466972,1664,1
4593,562444,170404,1664,1
4594,391688,118691,1664,1
4595,583360,177089,1664,1
4596,678804,205678,1664,1
4597,976546,295908,1664,1
4598,774111,235012,1664,1
4599,726306,220046,1664,1
4600,1125113,341181,1664,1
4601,487278,147642,1664,1
4602,486844,147506,1664,1
4603,723996,219381,1664,1
4604,750120,227320,1664,1
4605,496992,150693,1664,1
4606,582594,176530,1664,1
4607,568936,172371,1664,1
4608,641766,194448,1664,1
4609,928640,281455,1664,1
4610,814818,247023,1664,1
4611,514326,155806,1664,1
4612,705206,213626,1664,1
4613,831616,251902,1664,1
4614,611162,185174,1664,1
4615,818464,248008,1664,1
4616,796290,241596,1664,1
4617,485296,147034,1664,1
4618,615802,186561,1664,1
4619,680604,206183,1664,1
4620,679230,205796,1664,1
4621,6199652,1878124,1664,1
4622,999278,302801,1664,1
4623,649816,197066,1664,1
4624,760280,230322,1664,1
4625,623810,189008,1664,1
4626,1176072,356775,1664,1
4627,643424,195002,1664,1
4628,866726,262539,1664,1
4629,525208,159138,1664,1
4630,1781444,539616,1664,1
4631,643468,194919,1664,1
4632,485838,147249,1664,1
4633,603648,183979,1664,1
4634,540702,163842,1664,1
4635,546342,165517,1664,1
4636,873610,264627,1664,1
4637,560966,169948,1664,1
4638,840922,255546,1664,1
4639,665654,201673,1664,1
4640,608752,184679,1664,1
4641,546240,165485,1664,1
4642,971598,294290,1664,1
4643,7754988,2349390,1664,1
4644,1410544,427249,1664,1
4645,1370890,415233,1664,1
4646,516144,156386,1664,1
4647,669322,202757,1664,1
4648,636542,192835,1664,1
4649,637698,194574,1664,1
4650,1200722,363704,1664,1
4651,1613716,489062,1664,1
4652,1361810,412520,1664,1
4653,710348,215200,1664,1
4654,1003744,304022,1664,1
4655,520924,157821,1664,1
4656,781516,236713,1664,1
4657,990746,300200,1664,1
4658,773662,234384,1664,1
4659,831110,251766,1664,1
4660,676386,204914,1664,1
4661,1118800,338880,1664,1
4662,571830,173233,1664,1
4663,639712,193818,1664,1
4664,619406,187659,1664,1
4665,1073722,325333,1664,1
4666,1569710,475701,1664,1
4667,805787,244735,1664,1
4668,1048354,317944,1664,1
4669,600608,182038,1664,1
4670,2321344,703369,1664,1
4671,2287349,693024,1664,1
4672,885937,268645,1664,1
4673,539856,163558,1664,1
4674,734898,222704,1664,1
4675,677096,205164,1664,1
4676,564900,171168,1664,1
4677,677466,205231,1664,1
4678,473764,143546,1664,1
4679,776434,235437,1664,1
4680,809834,245391,1664,1
4681,500140,151525,1664,1
4682,768796,232875,1664,1
4683,735836,222911,1664,1
4684,587262,177944,1664,1
4685,549082,166366,1664,1
4686,878634,266177,1664,1
4687,1579710,479293,1664,1
4688,1308938,396446,1664,1
4689,550886,166903,1664,1
4690,669998,202957,1664,1
4691,650292,196960,1664,1
4692,903526,273873,1664,1
4693,1151504,348768,1664,1
4694,1194194,361754,1664,1
4695,1455670,440888,1664,1
4696,851414,257873,1664,1
4697,507700,153818,1664,1
4698,1900332,575527,1664,1
4699,925228,280333,1664,1
4700,340550,103156,1664,1
4701,403592,122281,1664,1
4702,672762,203793,1664,1
4703,959506,290672,1664,1
4704,412922,125104,1664,1
4705,432022,130904,1664,1
4706,385706,116847,1664,1
4707,385038,116629,1664,1
4708,1185910,359190,1664,1
4709,338094,102428,1664,1
4710,330578,100144,1664,1
4711,331126,100309,1664,1
4712,331948,100556,1664,1
4713,365122,110647,1664,1
4714,448512,135882,1664,1
4715,643328,194888,1664,1
4716,857809,260327,1664,1
4717,478158,144860,1664,1
4718,604200,183168,1664,1
4719,645816,195641,1664,1
4720,386942,117235,1664,1
4721,951291,288579,1664,1
4722,705705,214089,1664,1
4723,1360785,412554,1664,1
4724,680954,206296,1664,1
4725,915958,277772,1664,1
4726,572024,173284,1664,1
4727,463396,140389,1664,1
4728,406206,123041,1664,1
4729,1035606,313854,1664,1
4730,632194,191510,1664,1
4731,461226,139702,1664,1
4732,572526,173436,1664,1
4733,405828,122923,1664,1
4734,481156,145935,1664,1
4735,702958,212990,1664,1
4736,409158,123967,1664,1
4737,695140,210557,1664,1
4738,521418,158285,1664,1
4739,518178,156948,1664,1
4740,949170,287915,1664,1
4741,846844,256531,1664,1
4742,413266,125214,1664,1
4743,737665,223942,1664,1
4744,931454,282140,1664,1
4745,536240,162446,1664,1
4746,322226,97642,1664,1
4747,425500,128892,1664,1
4748,323062,97865,1664,1
4749,375254,113662,1664,1
4750,424568,128639,1664,1
4751,374162,113366,1664,1
4752,640064,193868,1664,1
4753,723384,219117,1664,1
4754,431860,130823,1664,1
4755,522768,158378,1664,1
4756,1510500,457579,1664,1
4757,522424,158264,1664,1
4758,515688,156241,1664,1
4759,573236,173661,1664,1
4760,677802,205324,1664,1
4761,537550,162859,1664,1
4762,945470,286406,1664,1
4763,552528,167390,1664,1
4764,1014282,307225,1664,1
4765,566532,171656,1664,1
4766,392300,118856,1664,1
4767,768724,232812,1664,1
4768,1145880,347766,1664,1
4769,595220,180320,1664,1
4770,979346,296633,1664,1
4771,540876,163864,1664,1
4772,513634,155573,1664,1
4773,338870,102653,1664,1
4774,682710,206772,1664,1
4775,395454,119782,1664,1
4776,449056,136015,1664,1
4777,400938,121480,1664,1
4778,435924,132081,1664,1
4779,754722,228616,1664,1
4780,444084,134541,1664,1
4781,1066570,323795,1664,1
4782,537254,162831,1664,1
4783,587198,177891,1664,1
4784,622590,188598,1664,1
4785,600436,181948,1664,1
4786,2147428,650355,1664,1
4787,514348,155830,1664,1
4788,852352,258184,1664,1
4789,543220,164579,1664,1
4790,612964,185654,1664,1
4791,705420,213680,1664,1
4792,965072,292327,1664,1
4793,886006,268367,1664,1
4794,706194,213905,1664,1
4795,756480,229136,1664,1
4796,13082077,3962652,1664,1
4797,552444,167374,1664,1
4798,1125781,341343,1664,1
4799,836107,253556,1664,1
4800,1359648,412076,1664,1
4801,700955,212645,1664,1
4802,660982,200537,1664,1
4803,495754,150287,1664,1
4804,1046876,317664,1664,1
4805,701056,212386,1664,1
4806,656098,198826,1664,1
4807,1020620,309734,1664,1
4808,819708,248530,1664,1
4809,437200,132454,1664,1
4810,583778,176886,1664,1
4811,706230,214334,1664,1
4812,694934,210518,1664,1
4813,822166,249088,1664,1
4814,478486,144972,1664,1
4815,642692,194696,1664,1
4816,1083450,328175,1664,1
4817,534802,162024,1664,1
4818,1347854,409210,1664,1
4819,711918,215691,1664,1
4820,1776158,538347,1664,1
4821,1320328,399909,1664,1
4822,545738,165335,1664,1
4823,1194090,361667,1664,1
4824,1343262,407285,1664,1
4825,465370,141094,1664,1
4826,1762574,534297,1664,1
4827,1220634,370028,1664,1
4828,734496,222474,1664,1
4829,932660,282464,1664,1
4830,1222940,371196,1664,1
4831,651750,197456,1664,1
4832,714792,216531,1664,1
4833,775296,235093,1664,1
4834,626912,189917,1664,1
4835,633952,192054,1664,1
4836,781542,237011,1664,1
4837,870038,264326,1664,1
4838,679800,205925,1664,1
4839,476976,144516,1664,1
4840,421266,127648,1664,1
4841,1305086,395261,1664,1
4842,502990,152377,1664,1
4843,403020,122105,1664,1
4844,444738,134710,1664,1
4845,432266,130960,1664,1
4846,372804,112927,1664,1
4847,532786,161366,1664,1
4848,316200,95802,1664,1
4849,466210,141235,1664,1
4850,449324,136152,1664,1
4851,458926,139013,1664,1
4852,989342,299659,1664,1
4853,562564,170467,1664,1
4854,795786,241049,1664,1
4855,563904,170807,1664,1
4856,472722,143233,1664,1
4857,669488,202868,1664,1
4858,564240,170919,1664,1
4859,311002,94209,1664,1
4860,399426,121028,1664,1
4861,395600,119877,1664,1
4862,1026084,311502,1664,1
4863,740382,224272,1664,1
4864,2184855,662313,1664,1
4865,317104,96087,1664,1
4866,353904,107242,1664,1
4867,647382,196125,1664,1
4868,661320,200461,1664,1
4869,769572,233180,1664,1
4870,435358,132002,1664,1
4871,544828,165061,1664,1
4872,814668,246764,1664,1
4873,870910,263797,1664,1
4874,630300,190911,1664,1
4875,607406,184203,1664,1
4876,536328,162450,1664,1
4877,451782,136906,1664,1
4878,708410,214586,1664,1
4879,543678,164717,1664,1
4880,2190662,664078,1664,1
4881,589602,178637,1664,1
4882,639250,193747,1664,1
4883,520268,157610,1664,1
4884,556022,168527,1664,1
4885,573210,173637,1664,1
4886,1933418,586141,1664,1
4887,1184608,359022,1664,1
4888,676794,205041,1664,1
4889,1080682,327320,1664,1
4890,844966,255983,1664,1
4891,1203352,364699,1664,1
4892,833152,252363,1664,1
4893,852730,258563,1664,1
4894,580712,175909,1664,1
4895,759298,230180,1664,1
4896,1480690,449732,1664,1
4897,1105464,334898,1664,1
4898,1465540,444721,1664,1
4899,1029724,311902,1664,1
4900,559026,169363,1664,1
4901,503500,152529,1664,1
4902,566132,171510,1664,1
4903,1023987,310556,1664,1
4904,1460038,442212,1664,1
4905,1284713,389447,1664,1
4906,611894,185381,1664,1
4907,562780,170507,1664,1
4908,427814,129649,1664,1
4909,722910,219531,1664,1
4910,869840,263488,1664,1
4911,988974,299548,1664,1
4912,827066,250886,1664,1
4913,676074,204825,1664,1
4914,626022,189627,1664,1
4915,1827596,553915,1664,1
4916,690986,209344,1664,1
4917,920380,278798,1664,1
4918,450698,136544,1664,1
4919,514628,156004,1664,1
4920,370920,112401,1664,1
4921,539278,163367,1664,1
4922,613592,185877,1664,1
4923,519586,157497,1664,1
4924,448788,135937,1664,1
4925,534314,161971,1664,1
4926,569736,172729,1664,1
4927,379698,115038,1664,1
4928,658974,199627,1664,1
4929,833092,252366,1664,1
4930,453214,137305,1664,1
4931,541466,164049,1664,1
4932,583712,176851,1664,1
4933,616790,186850,1664,1
4934,799830,242836,1664,1
4935,678412,205524,1664,1
4936,1029357,312112,1664,1
4937,863962,262032,1664,1
4938,664028,201194,1664,1
4939,587786,178079,1664,1
4940,821650,249011,1664,1
4941,980186,296969,1664,1
4942,758666,229824,1664,1
4943,1339540,405841,1664,1
4944,1174400,355711,1664,1
4945,481866,145986,1664,1
4946,690858,209509,1664,1
4947,529928,160555,1664,1
4948,1706056,516902,1664,1
4949,666762,201991,1664,1
4950,836978,253707,1664,1
4951,928196,281121,1664,1
4952,2727950,826172,1664,1
4953,591404,179146,1664,1
4954,653074,197817,1664,1
4955,831850,251974,1664,1
4956,585390,177337,1664,1
4957,540816,163855,1664,1
4958,10737485,3253050,1664,1
4959,1129446,342121,1664,1
4960,550024,166631,1664,1
4961,531644,161073,1664,1
4962,630400,190976,1664,1
4963,1127732,341581,1664,1
4964,1654962,501909,1664,1
4965,535664,162289,1664,1
4966,1273778,386270,1664,1
4967,497448,150707,1664,1
4968,518894,157293,1664,1
4969,1149100,348058,1664,1
4970,707238,214211,1664,1
4971,510486,154661,1664,1
4972,1182870,358485,1664,1
4973,689110,208904,1664,1
4974,584080,176939,1664,1
4975,596648,180761,1664,1
4976,712928,215983,1664,1
4977,1223120,370503,1664,1
4978,950510,287944,1664,1
4979,1174073,356149,1664,1
4980,1683371,510230,1664,1
4981,2652056,803420,1664,1
4982,849762,257402,1664,1
4983,1899026,575136,1664,1
4984,988450,299421,1664,1
4985,509752,154440,1664,1
4986,1465064,443789,1664,1
4987,484674,146837,1664,1
4988,539320,163385,1664,1
4989,1463294,443303,1664,1
4990,374892,113609,1664,1
4991,621682,188321,1664,1
4992,762862,231088,1664,1
4993,1267078,383785,1664,1
4994,684246,207363,1664,1
4995,1086174,328993,1664,1
4996,630498,191045,1664,1
4997,732050,221796,1664,1
4998,2114430,640773,1664,1
4999,515522,156214,1664,1
5000,853026,258371,1664,1
5001,1906729,577943,1664,1
5002,1453387,440466,1664,1
5003,604001,183418,1664,1
5004,633304,191855,1664,1
5005,784806,237730,1664,1
5006,408422,123893,1664,1
5007,443020,134231,1664,1
5008,899450,273517,1664,1
5009,1808933,548330,1664,1
5010,1059260,320929,1664,1
5011,551374,167047,1664,1
5012,633888,191993,1664,1
5013,551706,167136,1664,1
5014,821258,248774,1664,1
5015,651912,197516,1664,1
5016,573014,173646,1664,1
5017,525748,159298,1664,1
5018,582270,176403,1664,1
5019,681042,207124,1664,1
5020,528386,160090,1664,1
5021,426944,129718,1664,1
5022,724020,219320,1664,1
5023,902434,273500,1664,1
5024,1083002,328199,1664,1
5025,413340,125231,1664,1
5026,485016,146964,1664,1
5027,768660,232844,1664,1
5028,406362,123118,1664,1
5029,608424,184329,1664,1
5030,625582,189543,1664,1
5031,909218,275448,1664,1
5032,1197146,362819,1664,1
5033,594664,180279,1664,1
5034,747868,226568,1664,1
5035,830144,251462,1664,1
5036,688966,208765,1664,1
5037,877584,265817,1664,1
5038,1759120,532765,1664,1
5039,650268,196989,1664,1
5040,932402,282900,1664,1
5041,669908,203220,1664,1
5042,986320,298788,1664,1
5043,900258,272691,1664,1
5044,988424,299490,1664,1
5045,2260532,685314,1664,1
5046,1113000,337121,1664,1
5047,876544,265504,1664,1
5048,491866,149044,1664,1
5049,901156,272993,1664,1
5050,736316,223019,1664,1
5051,1026888,311416,1664,1
5052,706203,214464,1664,1
5053,2353747,713202,1664,1
5054,766390,232170,1664,1
5055,466194,141236,1664,1
5056,842374,255356,1664,1
5057,938494,284729,1664,1
5058,536894,162974,1664,1
5059,598122,181224,1664,1
5060,620408,187940,1664,1
5061,918344,278416,1664,1
5062,1165036,352922,1664,1
5063,346134,104879,1664,1
5064,501608,152022,1664,1
5065,690484,209212,1664,1
5066,790654,239630,1664,1
5067,815184,246946,1664,1
5068,472012,143024,1664,1
5069,484900,147214,1664,1
5070,795902,241093,1664,1
5071,1654037,501597,1664,1
5072,737778,223936,1664,1
5073,1071526,325077,1664,1
5074,6538337,1980949,1664,1
5075,1769240,536219,1664,1
5076,587266,178075,1664,1
5077,515182,156068,1664,1
5078,623246,188829,1664,1
5079,603558,182846,1664,1
5080,603482,182848,1664,1
5081,598140,181231,1664,1
5082,511566,154996,1664,1
5083,1065000,322605,1664,1
5084,1739188,527246,1664,1
5085,806780,244689,1664,1
5086,650002,197164,1664,1
5087,481248,145967,1664,1
5088,970006,293879,1664,1
5089,609832,184749,1664,1
5090,780672,237222,1664,1
5091,540222,163648,1664,1
5092,694304,210293,1664,1
5093,718150,217526,1664,1
5094,570492,172881,1664,1
5095,518148,157089,1664,1
5096,879102,266334,1664,1
5097,558920,169324,1664,1
5098,871640,264063,1664,1
5099,887394,268834,1664,1
5100,663488,201007,1664,1
5101,831272,251788,1664,1
5102,536618,162570,1664,1
5103,603708,182869,1664,1
5104,944054,286641,1664,1
5105,641320,194262,1664,1
5106,752276,228709,1664,1
5107,653312,197906,1664,1
5108,493800,149611,1664,1
5109,1784178,540856,1664,1
5110,878684,266125,1664,1
5111,1081414,327548,1664,1
5112,732342,222440,1664,1
5113,766226,232167,1664,1
5114,1376348,416956,1664,1
5115,490718,148658,1664,1
5116,575382,174309,1664,1
5117,344590,104411,1664,1
5118,2382754,722265,1664,1
5119,535432,162215,1664,1
5120,1464155,443965,1664,1
5121,652718,197753,1664,1
5122,700995,212708,1664,1
5123,967048,293024,1664,1
5124,898994,272317,1664,1
5125,887694,269270,1664,1
5126,619116,187560,1664,1
5127,597740,181106,1664,1
5128,1317394,399007,1664,1
5129,1345866,407810,1664,1
5130,830642,251628,1664,1
5131,1080082,327145,1664,1
5132,584202,176981,1664,1
5133,876156,265457,1664,1
5134,723488,219527,1664,1
5135,734702,222537,1664,1
5136,833522,254140,1664,1
5137,443838,134475,1664,1
5138,346056,104824,1664,1
5139,523408,158561,1664,1
5140,808318,244841,1664,1
5141,1335107,404735,1664,1
5142,720990,218569,1664,1
5143,769818,233203,1664,1
5144,526228,159444,1664,1
5145,592034,179354,1664,1
5146,2181167,662235,1664,1
5147,542152,164239,1664,1
5148,767011,232589,1664,1
5149,1396206,422888,1664,1
5150,751010,227922,1664,1
5151,491758,149125,1664,1
5152,877592,265878,1664,1
5153,667114,202078,1664,1
5154,347082,105181,1664,1
5155,824854,249938,1664,1
5156,434320,131596,1664,1
5157,566186,171543,1664,1
5158,464298,140654,1664,1
5159,1098294,333001,1664,1
5160,764192,231525,1664,1
5161,445432,135316,1664,1
5162,338252,102488,1664,1
5163,587468,178131,1664,1
5164,4347658,1426582,1664,1
5165,609716,184747,1664,1
5166,863221,261759,1664,1
5167,714150,216343,1664,1
5168,507660,153904,1664,1
5169,721244,218534,1664,1
5170,894228,270872,1664,1
5171,576111,174832,1664,1
5172,720808,218377,1664,1
5173,542448,164343,1664,1
5174,467856,141748,1664,1
5175,746590,226199,1664,1
5176,513416,155547,1664,1
5177,389444,118015,1664,1
5178,973242,294964,1664,1
5179,891742,270164,1664,1
5180,558386,169145,1664,1
5181,485018,146967,1664,1
5182,509446,154350,1664,1
5183,387926,117543,1664,1
5184,479262,145218,1664,1
5185,1359554,412300,1664,1
5186,586950,177826,1664,1
5187,935094,283216,1664,1
5188,432892,131153,1664,1
5189,390184,118195,1664,1
5190,592340,179458,1664,1
5191,900456,273017,1664,1
5192,610233,185193,1664,1
5193,683522,207231,1664,1
5194,1459244,442300,1664,1
5195,1762102,534083,1664,1
5196,546600,165593,1664,1
5197,337586,102287,1664,1
5198,497940,150824,1664,1
5199,398968,120881,1664,1
5200,1401880,424872,1664,1
5201,1635678,496015,1664,1
5202,630952,191129,1664,1
5203,693916,210230,1664,1
5204,486038,147365,1664,1
5205,447532,135766,1664,1
5206,1173810,355521,1664,1
5207,910248,275875,1664,1
5208,694326,210326,1664,1
5209,415010,125747,1664,1
5210,828448,250941,1664,1
5211,1459384,442108,1664,1
5212,909834,275867,1664,1
5213,672170,203955,1664,1
5214,544824,165054,1664,1
5215,653586,197999,1664,1
5216,518250,157013,1664,1
5217,661394,200372,1664,1
5218,509476,154350,1664,1
5219,497450,150821,1664,1
5220,1052186,318791,1664,1
5221,802304,243044,1664,1
5222,547622,165915,1664,1
5223,650762,197128,1664,1
5224,1402544,425360,1664,1
5225,2788116,844812,1664,1
5226,1336250,404809,1664,1
5227,738356,223920,1664,1
5228,939316,284605,1664,1
5229,675404,204612,1664,1
5230,726784,220252,1664,1
5231,799397,242528,1664,1
5232,5591850,1693877,1664,1
5233,532938,161464,1664,1
5234,538786,163225,1664,1
5235,1465196,444278,1664,1
5236,467380,141705,1664,1
5237,467556,141662,1664,1
5238,437962,132804,1664,1
5239,1005112,304448,1664,1
5240,685414,207905,1664,1
5241,501210,151832,1664,1
5242,570672,172882,1664,1
5243,581018,176011,1664,1
5244,572196,173358,1664,1
5245,454768,137784,1664,1
5246,819678,248463,1664,1
5247,630824,191107,1664,1
5248,630730,191071,1664,1
5249,782392,237440,1664,1
5250,1168136,353796,1664,1
5251,675570,205129,1664,1
5252,835090,253289,1664,1
5253,621718,188363,1664,1
5254,1368785,414844,1664,1
5255,557998,169054,1664,1
5256,742756,226120,1664,1
5257,1414486,428742,1664,1
5258,1663283,504044,1664,1
5259,587924,178142,1664,1
5260,507644,153813,1664,1
5261,692256,209722,1664,1
5262,814940,246863,1664,1
5263,1030216,312040,1664,1
5264,1095142,331713,1664,1
5265,685476,207643,1664,1
5266,559210,169491,1664,1
5267,723568,219198,1664,1
5268,1116280,338063,1664,1
5269,471886,142969,1664,1
5270,718142,217548,1664,1
5271,560910,169928,1664,1
5272,521454,157964,1664,1
5273,544012,164823,1664,1
5274,667348,202160,1664,1
5275,534822,162082,1664,1
5276,585786,177470,1664,1
5277,2349480,711537,1664,1
5278,956036,289560,1664,1
5279,769970,233511,1664,1
5280,805448,243981,1664,1
5281,806346,244364,1664,1
5282,554564,168054,1664,1
5283,1207004,365631,1664,1
5284,587786,178134,1664,1
5285,800198,242783,1664,1
5286,939608,284691,1664,1
5287,633324,191819,1664,1
5288,735906,222914,1664,1
5289,873064,265003,1664,1
5290,1104514,334674,1664,1
5291,912406,276350,1664,1
5292,1132378,343237,1664,1
5293,546284,165500,1664,1
5294,1006700,304902,1664,1
5295,548108,166050,1664,1
5296,626928,190006,1664,1
5297,452678,137153,1664,1
5298,486356,147328,1664,1
5299,1179300,357184,1664,1
5300,408090,123646,1664,1
5301,613892,185982,1664,1
5302,686332,208044,1664,1
5303,678222,205465,1664,1
5304,780120,236991,1664,1
5305,631496,191293,1664,1
5306,692250,209707,1664,1
5307,856512,259431,1664,1
5308,411510,124650,1664,1
5309,736848,223280,1664,1
5310,951802,288295,1664,1
5311,527132,159685,1664,1
5312,899262,272390,1664,1
5313,880402,266749,1664,1
5314,667724,202281,1664,1
5315,846282,256931,1664,1
5316,545388,165233,1664,1
5317,1144176,347246,1664,1
5318,813238,246363,1664,1
5319,2704612,819751,1664,1
5320,1842912,560045,1664,1
5321,1095242,331888,1664,1
5322,648686,196501,1664,1
5323,1815625,550257,1664,1
5324,539044,163314,1664,1
5325,1520774,460699,1664,1
5326,1055580,319728,1664,1
5327,517066,156668,1664,1
5328,764070,231507,1664,1
5329,662220,200591,1664,1
5330,1166990,353461,1664,1
5331,958192,290274,1664,1
5332,523486,158593,1664,1
5333,1185604,359092,1664,1
5334,815542,247052,1664,1
5335,529872,160541,1664,1
5336,1364304,413447,1664,1
5337,617394,187037,1664,1
5338,895794,271473,1664,1
5339,568438,172205,1664,1
5340,513704,155593,1664,1
5341,810610,245669,1664,1
5342,702264,212732,1664,1
5343,523762,158688,1664,1
5344,551178,166942,1664,1
5345,2269783,687775,1664,1
5346,637488,193151,1664,1
5347,418340,126747,1664,1
5348,1104966,334850,1664,1
5349,415824,125992,1664,1
5350,1201062,363900,1664,1
5351,585986,177549,1664,1
5352,648322,196468,1664,1
5353,516032,156383,1664,1
5354,618630,187473,1664,1
5355,759988,230205,1664,1
5356,515440,156159,1664,1
5357,1141234,345680,1664,1
5358,628232,190299,1664,1
5359,1367888,414338,1664,1
5360,1579828,478511,1664,1
5361,1184781,359789,1664,1
5362,1159284,351137,1664,1
5363,557488,168886,1664,1
5364,955330,289452,1664,1
5365,540314,163696,1664,1
5366,569044,172394,1664,1
5367,1429595,433457,1664,1
5368,978462,296373,1664,1
5369,999548,302797,1664,1
5370,637352,193089,1664,1
5371,625424,189678,1664,1
5372,520622,157744,1664,1
5373,1242054,376250,1664,1
5374,563550,170809,1664,1
5375,806882,244409,1664,1
5376,662390,200858,1664,1
5377,786048,238107,1664,1
5378,599298,181591,1664,1
5379,1077096,326245,1664,1
5380,867748,262872,1664,1
5381,741406,225053,1664,1
5382,577882,175087,1664,1
5383,761214,230585,1664,1
5384,416928,126320,1664,1
5385,414920,125699,1664,1
5386,458748,138980,1664,1
5387,630532,191037,1664,1
5388,706268,213942,1664,1
5389,883022,267465,1664,1
5390,639624,194111,1664,1
5391,931608,282374,1664,1
5392,886178,268439,1664,1
5393,669830,202924,1664,1
5394,449878,136296,1664,1
5395,1069295,324302,1664,1
5396,394302,119464,1664,1
5397,579848,175740,1664,1
5398,488008,147924,1664,1
5399,618013,187644,1664,1
5400,597622,181045,1664,1
5401,596904,180796,1664,1
5402,461492,139892,1664,1
5403,968531,293857,1664,1
5404,859772,260786,1664,1
5405,682632,206789,1664,1
5406,335966,101798,1664,1
5407,517118,156681,1664,1
5408,524566,158934,1664,1
5409,617862,187197,1664,1
5410,908008,275059,1664,1
5411,529206,160333,1664,1
5412,726714,220178,1664,1
5413,537778,162916,1664,1
5414,516742,156560,1664,1
5415,720652,218311,1664,1
5416,1646986,503443,1664,1
5417,742492,224929,1664,1
5418,821370,248901,1664,1
5419,526580,159548,1664,1
5420,704102,213327,1664,1
5421,1336838,405334,1664,1
5422,620234,187909,1664,1
5423,1110097,336650,1664,1
5424,332360,100708,1664,1
5425,1252858,379490,1664,1
5426,798578,242104,1664,1
5427,577224,174855,1664,1
5428,604188,183034,1664,1
5429,1055228,319841,1664,1
5430,434494,131662,1664,1
5431,530576,160747,1664,1
5432,600924,182035,1664,1
5433,567990,172080,1664,1
5434,552804,167485,1664,1
5435,816396,247509,1664,1
5436,541252,163962,1664,1
5437,520556,157708,1664,1
5438,633092,191776,1664,1
5439,1020550,309463,1664,1
5440,486938,147535,1664,1
5441,616944,186905,1664,1
5442,962242,291460,1664,1
5443,1286846,390211,1664,1
5444,346588,105019,1664,1
5445,2285504,693056,1664,1
5446,1103748,334724,1664,1
5447,834952,253452,1664,1
5448,624664,189243,1664,1
5449,528112,160011,1664,1
5450,515096,156050,1664,1
5451,610428,184934,1664,1
5452,652560,197677,1664,1
5453,529064,160279,1664,1
5454,432178,130928,1664,1
5455,420868,127485,1664,1
5456,555138,168627,1664,1
5457,561356,170072,1664,1
5458,447876,135703,1664,1
5459,635292,192453,1664,1
5460,518472,157088,1664,1
5461,577004,174828,1664,1
5462,512192,155192,1664,1
5463,507290,153706,1664,1
5464,752054,227793,1664,1
5465,529820,160544,1664,1
5466,1825028,552857,1664,1
5467,1299590,393604,1664,1
5468,538930,163250,1664,1
5469,578514,175236,1664,1
5470,679982,206205,1664,1
5471,462314,140072,1664,1
5472,588918,178591,1664,1
5473,622490,188640,1664,1
5474,643526,194953,1664,1
5475,1494881,453062,1664,1
5476,986172,298718,1664,1
5477,522634,158365,1664,1
5478,450720,136577,1664,1
5479,536864,162636,1664,1
5480,1011108,306255,1664,1
5481,662688,200754,1664,1
5482,405640,122922,1664,1
5483,545350,165229,1664,1
5484,1016196,307938,1664,1
5485,672532,203735,1664,1
5486,643300,195571,1664,1
5487,480422,145563,1664,1
5488,414178,125483,1664,1
5489,364174,110327,1664,1
5490,402630,122067,1664,1
5491,448044,135737,1664,1
5492,338946,102674,1664,1
5493,390534,118323,1664,1
5494,387816,117511,1664,1
5495,391206,118752,1664,1
5496,438564,132888,1664,1
5497,524136,158794,1664,1
5498,830774,251677,1664,1
5499,484714,146855,1664,1
5500,419638,127107,1664,1
5501,774122,236421,1664,1
5502,1746641,530031,1664,1
5503,897610,272526,1664,1
5504,713732,216269,1664,1
5505,863480,261541,1664,1
5506,767868,232778,1664,1
5507,2541016,769951,1664,1
5508,472782,143222,1664,1
5509,1176530,356755,1664,1
5510,801426,242833,1664,1
5511,864404,261837,1664,1
5512,404018,122418,1664,1
5513,395756,120023,1664,1
5514,338330,102514,1664,1
5515,341978,103619,1664,1
5516,427570,129549,1664,1
5517,338328,102578,1664,1
5518,359104,108818,1664,1
5519,667876,202331,1664,1
5520,449022,136035,1664,1
5521,659498,199742,1664,1
5522,834368,252726,1664,1
5523,952846,288595,1664,1
5524,558908,169360,1664,1
5525,540492,163734,1664,1
5526,634672,192250,1664,1
5527,1403588,425104,1664,1
5528,1315128,398325,1664,1
5529,779948,236270,1664,1
5530,650998,197219,1664,1
5531,836842,253471,1664,1
5532,1242214,376251,1664,1
5533,1272815,386649,1664,1
5534,446864,135383,1664,1
5535,552630,167419,1664,1
5536,586674,177728,1664,1
5537,537406,162858,1664,1
5538,1066214,323834,1664,1
5539,344190,104288,1664,1
5540,366302,111093,1664,1
5541,715924,217236,1664,1
5542,613454,185827,1664,1
5543,644374,195190,1664,1
5544,512814,155369,1664,1
5545,458632,138922,1664,1
5546,427830,129585,1664,1
5547,583452,176738,1664,1
5548,915768,277673,1664,1
5549,537664,162881,1664,1
5550,478656,144978,1664,1
5551,427252,129412,1664,1
5552,798760,242047,1664,1
5553,421340,127667,1664,1
5554,602402,182481,1664,1
5555,871908,264087,1664,1
5556,466214,141241,1664,1
5557,600928,182048,1664,1
5558,1529784,463354,1664,1
5559,746868,226373,1664,1
5560,474154,143612,1664,1
5561,947742,287056,1664,1
5562,716986,217193,1664,1
5563,883026,267507,1664,1
5564,476872,144503,1664,1
5565,644108,195373,1664,1
5566,915794,277414,1664,1
5567,496368,150385,1664,1
5568,511836,155080,1664,1
5569,508252,153985,1664,1
5570,807934,245155,1664,1
5571,633920,192034,1664,1
5572,887529,269322,1664,1
5573,652300,198086,1664,1
5574,509864,154510,1664,1
5575,629936,190839,1664,1
5576,493580,149539,1664,1
5577,955642,289473,1664,1
5578,675774,204710,1664,1
5579,789988,239694,1664,1
5580,1317590,399078,1664,1
5581,804724,244095,1664,1
5582,585144,177294,1664,1
5583,533326,161618,1664,1
5584,1095244,331811,1664,1
5585,692580,209801,1664,1
5586,767474,232712,1664,1
5587,690374,209167,1664,1
5588,700970,212347,1664,1
5589,461714,139903,1664,1
5590,851966,258327,1664,1
5591,749702,227308,1664,1
5592,836280,253390,1664,1
5593,1982212,600911,1664,1
5594,1168836,354755,1664,1
5595,665350,201565,1664,1
5596,507352,153694,1664,1
5597,513358,155520,1664,1
5598,958876,290596,1664,1
5599,1124542,341028,1664,1
5600,523182,158511,1664,1
5601,2012340,609668,1664,1
5602,326426,98904,1664,1
5603,313228,94880,1664,1
5604,491590,149196,1664,1
5605,574738,174120,1664,1
5606,1281016,388185,1664,1
5607,568578,172240,1664,1
5608,563278,171022,1664,1
5609,534240,161842,1664,1
5610,738500,223736,1664,1
5611,743116,225111,1664,1
5612,500226,151559,1664,1
5613,1347076,408213,1664,1
5614,1304704,395196,1664,1
5615,858714,260274,1664,1
5616,476410,144398,1664,1
5617,485662,147178,1664,1
5618,689518,208845,1664,1
5619,451772,136872,1664,1
5620,451452,136766,1664,1
5621,499534,151358,1664,1
5622,595024,180277,1664,1
5623,983154,297764,1664,1
5624,656330,198822,1664,1
5625,566952,171770,1664,1
5626,663102,200873,1664,1
5627,775196,234797,1664,1
5628,595670,180438,1664,1
5629,1336176,404694,1664,1
5630,643494,194920,1664,1
5631,332442,100731,1664,1
5632,560830,169873,1664,1
5633,381988,115733,1664,1
5634,378512,114681,1664,1
5635,592514,179456,1664,1
5636,761248,230561,1664,1
5637,1135706,343970,1664,1
5638,336242,101873,1664,1
5639,609674,184709,1664,1
5640,1041046,315364,1664,1
5641,547254,165867,1664,1
5642,758299,229954,1664,1
5643,617906,187199,1664,1
5644,732110,221785,1664,1
5645,489874,148409,1664,1
5646,1146598,347328,1664,1
5647,853694,258591,1664,1
5648,558624,169251,1664,1
5649,905248,274818,1664,1
5650,1058176,320513,1664,1
5651,660908,200203,1664,1
5652,685180,207574,1664,1
5653,676714,205004,1664,1
5654,583866,176889,1664,1
5655,925617,281130,1664,1
5656,1131932,342846,1664,1
5657,568942,172379,1664,1
5658,554094,167871,1664,1
5659,1322228,400594,1664,1
5660,537870,162956,1664,1
5661,1362012,412600,1664,1
5662,1393418,422122,1664,1
5663,664684,201371,1664,1
5664,576662,174695,1664,1
5665,888076,269016,1664,1
5666,1352716,409759,1664,1
5667,904032,273848,1664,1
5668,885378,268195,1664,1
5669,680400,206106,1664,1
5670,817404,247609,1664,1
5671,628060,190694,1664,1
5672,611664,185299,1664,1
5673,724478,219494,1664,1
5674,585972,177523,1664,1
5675,575986,174504,1664,1
5676,974166,295194,1664,1
5677,2121176,642517,1664,1
5678,799864,242255,1664,1
5679,516574,156477,1664,1
5680,480526,145604,1664,1
5681,1132668,343092,1664,1
5682,726560,220085,1664,1
5683,1317780,399353,1664,1
5684,879368,266372,1664,1
5685,605132,183329,1664,1
5686,927178,280945,1664,1
5687,553464,167711,1664,1
5688,675606,204631,1664,1
5689,703708,213142,1664,1
5690,755816,228966,1664,1
5691,782082,236906,1664,1
5692,839328,254240,1664,1
5693,894423,273795,1664,1
5694,666095,204536,1664,1
5695,635624,192559,1664,1
5696,569948,172664,1664,1
5697,583622,176779,1664,1
5698,569022,172365,1664,1
5699,488496,147998,1664,1
5700,627082,189988,1664,1
5701,372066,112727,1664,1
5702,618912,187471,1664,1
5703,405858,122932,1664,1
5704,807182,244483,1664,1
5705,456842,138393,1664,1
5706,308416,93451,1664,1
5707,550000,166602,1664,1
5708,441322,133666,1664,1
5709,346734,105024,1664,1
5710,299834,90851,1664,1
5711,348998,105918,1664,1
5712,534932,162059,1664,1
5713,537090,162692,1664,1
5714,348026,105537,1664,1
5715,696094,210856,1664,1
5716,322678,97768,1664,1
5717,1078412,327038,1664,1
5718,330884,100379,1664,1
5719,481792,145946,1664,1
5720,1086686,329174,1664,1
5721,682218,206652,1664,1
5722,436340,132187,1664,1
5723,408110,123655,1664,1
5724,574546,174022,1664,1
5725,458916,139026,1664,1
5726,528456,160091,1664,1
5727,476470,144355,1664,1
5728,589878,179276,1664,1
5729,2456667,744437,1664,1
5730,740234,224387,1664,1
5731,457744,138680,1664,1
5732,2031693,615539,1664,1
5733,541188,164223,1664,1
5734,561680,170172,1664,1
5735,724720,219773,1664,1
5736,515851,156541,1664,1
5737,599740,181772,1664,1
5738,861570,261190,1664,1
5739,423060,128201,1664,1
5740,509938,154492,1664,1
5741,497722,150795,1664,1
5742,919398,279719,1664,1
5743,892302,270263,1664,1
5744,377598,114411,1664,1
5745,1153996,349530,1664,1
5746,598092,181179,1664,1
5747,686464,207936,1664,1
5748,442992,134191,1664,1
5749,474118,143641,1664,1
5750,1379234,418023,1664,1
5751,643450,194925,1664,1
5752,2624144,795499,1664,1
5753,422868,128223,1664,1
5754,923338,279756,1664,1
5755,2086270,632076,1664,1
5756,359368,108901,1664,1
5757,397026,120292,1664,1
5758,341550,103493,1664,1
5759,552958,167671,1664,1
5760,757390,229425,1664,1
5761,514318,155898,1664,1
5762,1521014,460721,1664,1
5763,683762,207199,1664,1
5764,697324,211256,1664,1
5765,791758,240443,1664,1
5766,731944,221704,1664,1
5767,889796,269599,1664,1
5768,1151362,348877,1664,1
5769,1389396,420827,1664,1
5770,694028,210258,1664,1
5771,439958,133308,1664,1
5772,524682,159060,1664,1
5773,615170,186379,1664,1
5774,835978,253203,1664,1
5775,730126,221196,1664,1
5776,569196,172455,1664,1
5777,530718,160785,1664,1
5778,1298836,393448,1664,1
5779,590628,178987,1664,1
5780,488316,147950,1664,1
5781,654708,198350,1664,1
5782,357786,108381,1664,1
5783,351802,106597,1664,1
5784,516642,156515,1664,1
5785,397652,120493,1664,1
5786,353092,106988,1664,1
5787,575456,174322,1664,1
5788,682708,206770,1664,1
5789,460298,139433,1664,1
5790,363878,110252,1664,1
5791,352786,106895,1664,1
5792,404694,122601,1664,1
5793,472014,142990,1664,1
5794,348270,105524,1664,1
5795,348836,105769,1664,1
5796,404242,122538,1664,1
5797,575956,174473,1664,1
5798,972584,294586,1664,1
5799,664238,201220,1664,1
5800,677426,205226,1664,1
5801,1201010,363763,1664,1
5802,809510,245252,1664,1
5803,637810,193237,1664,1
5804,1185052,359539,1664,1
5805,584468,177095,1664,1
5806,503090,152397,1664,1
5807,622576,188597,1664,1
5808,565894,171433,1664,1
5809,341068,103343,1664,1
5810,383902,116309,1664,1
5811,542396,164327,1664,1
5812,333562,101037,1664,1
5813,333848,101186,1664,1
5814,584940,177173,1664,1
5815,1526734,462388,1664,1
5816,496158,150315,1664,1
5817,670954,203219,1664,1
5818,585950,177639,1664,1
5819,612508,185536,1664,1
5820,1655471,501845,1664,1
5821,753522,228260,1664,1
5822,499084,151200,1664,1
5823,819458,248514,1664,1
5824,475712,144190,1664,1
5825,565312,171362,1664,1
5826,413378,125212,1664,1
5827,309260,93710,1664,1
5828,442862,134172,1664,1
5829,309046,93646,1664,1
5830,721074,218513,1664,1
5831,593070,179672,1664,1
5832,677798,205329,1664,1
5833,745334,225811,1664,1
5834,535352,162176,1664,1
5835,708836,214767,1664,1
5836,936868,284016,1664,1
5837,776556,235531,1664,1
5838,551392,167079,1664,1
5839,1064400,322385,1664,1
5840,555486,168282,1664,1
5841,570690,172879,1664,1
5842,1057292,320635,1664,1
5843,1106144,335040,1664,1
5844,850172,257530,1664,1
5845,880198,266612,1664,1
5846,677532,205245,1664,1
5847,548694,166226,1664,1
5848,502534,152255,1664,1
5849,599342,181568,1664,1
5850,19510777,5909441,1664,1
5851,1360980,412213,1664,1
5852,1548044,468917,1664,1
5853,930530,281988,1664,1
5854,856286,259516,1664,1
5855,737272,223329,1664,1
5856,1204342,364911,1664,1
5857,803318,243377,1664,1
5858,566088,171619,1664,1
5859,1135108,343804,1664,1
5860,412726,125046,1664,1
5861,659998,200170,1664,1
5862,409614,124107,1664,1
5863,627574,190076,1664,1
5864,520674,157716,1664,1
5865,412098,124852,1664,1
5866,461222,139702,1664,1
5867,352356,106751,1664,1
5868,690922,209298,1664,1
5869,350440,106164,1664,1
5870,1289398,390608,1664,1
5871,7208316,2184483,1664,1
5872,822684,249213,1664,1
5873,1517828,459939,1664,1
5874,516416,156458,1664,1
5875,703928,213238,1664,1
5876,521204,157933,1664,1
5877,1168268,353924,1664,1
5878,564764,171065,1664,1
5879,824660,250044,1664,1
5880,489166,148217,1664,1
5881,708130,214517,1664,1
5882,831704,252192,1664,1
5883,489728,148383,1664,1
5884,497220,150639,1664,1
5885,630356,190937,1664,1
5886,800020,242328,1664,1
5887,612348,185468,1664,1
5888,956610,289876,1664,1
5889,532016,161262,1664,1
5890,488172,147905,1664,1
5891,522992,158456,1664,1
5892,510078,154563,1664,1
5893,517906,156885,1664,1
5894,833814,252625,1664,1
5895,941374,285180,1664,1
5896,564560,171068,1664,1
5897,664168,201225,1664,1
5898,781911,237047,1664,1
5899,631794,191391,1664,1
5900,481914,145968,1664,1
5901,660806,200163,1664,1
5902,592762,179575,1664,1
5903,504824,152934,1664,1
5904,527750,159845,1664,1
5905,582892,176808,1664,1
5906,527712,159834,1664,1
5907,901858,273706,1664,1
5908,799676,242559,1664,1
5909,538986,163284,1664,1
5910,818456,247916,1664,1
5911,618172,187265,1664,1
5912,959440,290604,1664,1
5913,1109964,336173,1664,1
5914,479030,145137,1664,1
5915,638422,193371,1664,1
5916,1442820,437074,1664,1
5917,825408,249987,1664,1
5918,605046,183284,1664,1
5919,909000,275337,1664,1
5920,477520,144682,1664,1
5921,587912,178202,1664,1
5922,501546,151946,1664,1
5923,509058,154228,1664,1
5924,716118,216916,1664,1
5925,508390,153993,1664,1
5926,342476,103758,1664,1
5927,1199062,363152,1664,1
5928,877470,265787,1664,1
5929,397440,120395,1664,1
5930,447450,135539,1664,1
5931,436656,132404,1664,1
5932,388912,117818,1664,1
5933,391248,118511,1664,1
5934,780542,236433,1664,1
5935,584538,177133,1664,1
5936,609312,184570,1664,1
5937,396040,119990,1664,1
5938,917224,277783,1664,1
5939,444044,134539,1664,1
5940,338008,102419,1664,1
5941,406718,123213,1664,1
5942,462208,140031,1664,1
5943,355362,107673,1664,1
5944,584290,177002,1664,1
5945,610558,185051,1664,1
5946,635792,192629,1664,1
5947,687670,208321,1664,1
5948,960452,290931,1664,1
5949,649454,196865,1664,1
5950,329766,99919,1664,1
5951,321110,97286,1664,1
5952,321240,97308,1664,1
5953,867524,262735,1664,1
5954,374320,113411,1664,1
5955,605302,183385,1664,1
5956,510916,154788,1664,1
5957,602702,182570,1664,1
5958,441344,133692,1664,1
5959,729676,221031,1664,1
5960,1014386,307375,1664,1
5961,343478,104075,1664,1
5962,459022,139081,1664,1
5963,545870,165376,1664,1
5964,427976,129673,1664,1
5965,464980,140879,1664,1
5966,317530,96182,1664,1
5967,313102,94859,1664,1
5968,882942,267440,1664,1
5969,1707428,517221,1664,1
5970,661478,200678,1664,1
5971,657798,199269,1664,1
5972,317742,96252,1664,1
5973,646922,196420,1664,1
5974,316664,95952,1664,1
5975,373462,113157,1664,1
5976,834940,252906,1664,1
5977,421394,127823,1664,1
5978,802520,243134,1664,1
5979,499876,151450,1664,1
5980,658322,199423,1664,1
5981,2434098,737758,1664,1
5982,465412,140999,1664,1
5983,350748,106284,1664,1
5984,473976,143600,1664,1
5985,622076,188433,1664,1
5986,1196658,362536,1664,1
5987,999750,302812,1664,1
5988,735814,222876,1664,1
5989,966779,293242,1664,1
5990,701326,212454,1664,1
5991,1386270,420245,1664,1
5992,650064,196922,1664,1
5993,379968,115104,1664,1
5994,432924,131174,1664,1
5995,474258,143673,1664,1
5996,314564,95313,1664,1
5997,311008,94208,1664,1
5998,720062,218103,1664,1
5999,316204,95783,1664,1
6000,401230,121573,1664,1
6001,471008,142687,1664,1
6002,420222,127308,1664,1
6003,464712,140795,1664,1
6004,576664,174845,1664,1
6005,851150,257836,1664,1
6006,642940,194791,1664,1
6007,1119268,339016,1664,1
6008,596783,182210,1664,1
6009,405028,122684,1664,1
6010,684870,207452,1664,1
6011,382678,115944,1664,1
6012,529178,160281,1664,1
6013,381840,115695,1664,1
6014,822546,249264,1664,1
6015,670038,202965,1664,1
6016,594676,180148,1664,1
6017,1283446,388740,1664,1
6018,512848,155374,1664,1
6019,1205276,365229,1664,1
6020,410634,124423,1664,1
6021,796334,241212,1664,1
6022,502226,152164,1664,1
6023,1061524,321528,1664,1
6024,672214,203919,1664,1
6025,474674,143787,1664,1
6026,857822,259841,1664,1
6027,662824,200765,1664,1
6028,558236,169112,1664,1
6029,707936,214790,1664,1
6030,515898,156298,1664,1
6031,3349976,1022090,1664,1
6032,1172034,355330,1664,1
6033,1075792,326230,1664,1
6034,846762,256807,1664,1
6035,447364,135529,1664,1
6036,615838,186584,1664,1
6037,1758300,532522,1664,1
6038,1067974,323657,1664,1
6039,555694,168389,1664,1
6040,551868,167380,1664,1
6041,637990,193265,1664,1
6042,709912,215056,1664,1
6043,854018,258702,1664,1
6044,493666,149626,1664,1
6045,407464,123454,1664,1
6046,909970,275653,1664,1
6047,575656,174382,1664,1
6048,667368,202190,1664,1
6049,646490,195975,1664,1
6050,507418,153802,1664,1
6051,873888,264804,1664,1
6052,572144,173673,1664,1
6053,715022,216618,1664,1
6054,485786,147181,1664,1
6055,459482,139204,1664,1
6056,350840,106273,1664,1
6057,1086980,329216,1664,1
6058,801306,242724,1664,1
6059,466638,141375,1664,1
6060,768482,232795,1664,1
6061,682614,206774,1664,1
6062,446574,135920,1664,1
6063,776120,235095,1664,1
6064,1267898,384188,1664,1
6065,691725,210847,1664,1
6066,1805812,546868,1664,1
6067,765090,231757,1664,1
6068,782794,237118,1664,1
6069,775056,234737,1664,1
6070,950116,287793,1664,1
6071,373716,113228,1664,1
6072,473300,143393,1664,1
6073,617562,187142,1664,1
6074,352060,106675,1664,1
6075,617830,189835,1664,1
6076,725818,219847,1664,1
6077,1720910,521597,1664,1
6078,1157128,350485,1664,1
6079,717850,217675,1664,1
6080,746592,226159,1664,1
6081,538328,163080,1664,1
6082,1297014,392817,1664,1
6083,708438,214757,1664,1
6084,744924,225650,1664,1
6085,615026,186319,1664,1
6086,598970,181449,1664,1
6087,1253406,379722,1664,1
6088,948790,287388,1664,1
6089,558614,169225,1664,1
6090,431732,130794,1664,1
6091,331162,100339,1664,1
6092,379034,114824,1664,1
6093,327188,99165,1664,1
6094,550074,166664,1664,1
6095,567426,171856,1664,1
6096,363176,110008,1664,1
6097,705506,213678,1664,1
6098,313478,94981,1664,1
6099,426604,129255,1664,1
6100,556214,168459,1664,1
6101,450292,136386,1664,1
6102,300880,91142,1664,1
6103,3970814,1203676,1664,1
6104,542182,164237,1664,1
6105,727208,220911,1664,1
6106,813190,246322,1664,1
6107,725380,219734,1664,1
6108,719842,218037,1664,1
6109,791376,239801,1664,1
6110,656212,199099,1664,1
6111,611438,185237,1664,1
6112,533440,161677,1664,1
6113,519428,157354,1664,1
6114,613124,185725,1664,1
6115,1053116,319171,1664,1
6116,524344,158913,1664,1
6117,541644,164073,1664,1
6118,504042,152688,1664,1
6119,410000,124185,1664,1
6120,946632,286880,1664,1
6121,552372,167370,1664,1
6122,512396,155223,1664,1
6123,517728,156920,1664,1
6124,554120,167855,1664,1
6125,647160,196003,1664,1
6126,406552,123194,1664,1
6127,621640,188325,1664,1
6128,789054,239019,1664,1
6129,700226,212522,1664,1
6130,2132755,646345,1664,1
6131,1668194,505539,1664,1
6132,502844,152353,1664,1
6133,736622,223167,1664,1
6134,473142,143327,1664,1
6135,773474,234295,1664,1
6136,474498,143761,1664,1
6137,1068574,323716,1664,1
6138,586678,177733,1664,1
6139,767762,232781,1664,1
6140,714774,216509,1664,1
6141,681774,206528,1664,1
6142,528184,160022,1664,1
6143,632702,191667,1664,1
6144,812276,246082,1664,1
6145,676186,205004,1664,1
6146,695604,210717,1664,1
6147,812752,246197,1664,1
6148,802898,243184,1664,1
6149,561956,170249,1664,1
6150,1012368,306639,1664,1
6151,740926,224477,1664,1
6152,964678,292402,1664,1
6153,725084,219654,1664,1
6154,700768,212328,1664,1
6155,488102,147883,1664,1
6156,355066,107586,1664,1
6157,577484,174936,1664,1
6158,467936,141775,1664,1
6159,776718,235685,1664,1
6160,722888,219575,1664,1
6161,348364,105555,1664,1
6162,568592,172227,1664,1
6163,791506,239741,1664,1
6164,516990,156616,1664,1
6165,514300,155771,1664,1
6166,488730,148055,1664,1
6167,623958,189008,1664,1
6168,480456,145558,1664,1
6169,1118882,338875,1664,1
6170,472604,143189,1664,1
6171,374678,113536,1664,1
6172,445556,134998,1664,1
6173,351166,106374,1664,1
6174,388166,117601,1664,1
6175,495852,150199,1664,1
6176,392084,118762,1664,1
6177,361302,109480,1664,1
6178,1478030,447721,1664,1
6179,539028,163352,1664,1
6180,385790,116899,1664,1
6181,693104,209943,1664,1
6182,326308,98845,1664,1
6183,366210,110958,1664,1
6184,512526,155231,1664,1
6185,362484,109798,1664,1
6186,310188,93990,1664,1
6187,708840,214708,1664,1
6188,802116,242974,1664,1
6189,446082,135156,1664,1
6190,1734498,526009,1664,1
6191,711324,215504,1664,1
6192,565630,171356,1664,1
6193,975000,295599,1664,1
6194,988762,299498,1664,1
6195,760116,230260,1664,1
6196,1124990,341238,1664,1
6197,580826,175955,1664,1
6198,726666,220266,1664,1
6199,495856,150230,1664,1
6200,2324842,704066,1664,1
6201,966736,292807,1664,1
6202,577848,175047,1664,1
6203,907105,275186,1664,1
6204,492516,149213,1664,1
6205,586898,177800,1664,1
6206,766157,232455,1664,1
6207,710136,215174,1664,1
6208,580530,175881,1664,1
6209,657972,199327,1664,1
6210,485690,147155,1664,1
6211,681486,206880,1664,1
6212,561198,170009,1664,1
6213,321750,97490,1664,1
6214,539778,163526,1664,1
6215,551914,167187,1664,1
6216,1619772,490662,1664,1
6217,491234,148831,1664,1
6218,816570,247614,1664,1
6219,474322,143780,1664,1
6220,490316,148760,1664,1
6221,988736,299470,1664,1
6222,762622,233398,1664,1
6223,686962,208106,1664,1
6224,948592,287334,1664,1
6225,571800,173222,1664,1
6226,553978,167840,1664,1
6227,523176,158507,1664,1
6228,616198,186733,1664,1
6229,4519094,1369116,1664,1
6230,533334,161595,1664,1
6231,826542,250405,1664,1
6232,1175484,356064,1664,1
6233,4927081,1493408,1664,1
6234,584672,177156,1664,1
6235,1074068,325480,1664,1
6236,967986,293218,1664,1
6237,784472,237736,1664,1
6238,481476,145868,1664,1
6239,1287376,389905,1664,1
6240,2060070,623935,1664,1
6241,851382,257967,1664,1
6242,812142,246024,1664,1
6243,546882,165685,1664,1
6244,517478,156769,1664,1
6245,839418,254253,1664,1
6246,567408,171868,1664,1
6247,518214,157003,1664,1
6248,584668,177179,1664,1
6249,1436422,435260,1664,1
6250,649362,197071,1664,1
6251,608514,184358,1664,1
6252,647406,196123,1664,1
6253,353528,107115,1664,1
6254,909380,275456,1664,1
6255,1627645,493521,1664,1
6256,464088,140599,1664,1
6257,895398,271219,1664,1
6258,577776,175026,1664,1
6259,672490,203716,1664,1
6260,750766,227416,1664,1
6261,1104280,334472,1664,1
6262,990050,299890,1664,1
6263,392986,119076,1664,1
6264,383506,116182,1664,1
6265,596702,180760,1664,1
6266,434376,131566,1664,1
6267,382254,115783,1664,1
6268,332116,100633,1664,1
6269,518662,157151,1664,1
6270,481338,145837,1664,1
6271,512524,155267,1664,1
6272,1023290,309947,1664,1
6273,398780,120791,1664,1
6274,868180,262984,1664,1
6275,784272,237643,1664,1
6276,859306,260434,1664,1
6277,693924,210179,1664,1
6278,387138,117313,1664,1
6279,518330,156995,1664,1
6280,781400,236699,1664,1
6281,688450,208632,1664,1
6282,456840,138371,1664,1
6283,686382,207928,1664,1
6284,352052,106690,1664,1
6285,543458,164619,1664,1
6286,631360,191499,1664,1
6287,749242,226959,1664,1
6288,328900,99651,1664,1
6289,560226,169774,1664,1
6290,821440,249074,1664,1
6291,549760,166548,1664,1
6292,1013906,308815,1664,1
6293,515368,156114,1664,1
6294,958222,290216,1664,1
6295,376286,114015,1664,1
6296,410196,124275,1664,1
6297,405316,122786,1664,1
6298,356840,108122,1664,1
6299,405960,122963,1664,1
6300,410830,124439,1664,1
6301,1352006,409487,1664,1
6302,730454,221270,1664,1
6303,2431980,736587,1664,1
6304,780880,236544,1664,1
6305,824354,249693,1664,1
6306,1154072,349509,1664,1
6307,560086,169675,1664,1
6308,1089154,329981,1664,1
6309,698232,211499,1664,1
6310,894444,270938,1664,1
6311,426014,129080,1664,1
6312,417976,126632,1664,1
6313,410896,124461,1664,1
6314,531984,161171,1664,1
6315,418990,126960,1664,1
6316,354130,107299,1664,1
6317,824423,250013,1664,1
6318,1058545,320886,1664,1
6319,345746,104761,1664,1
6320,503996,152679,1664,1
6321,462764,140221,1664,1
6322,399886,121160,1664,1
6323,673474,203996,1664,1
6324,550682,166839,1664,1
6325,1046771,317466,1664,1
6326,343646,104128,1664,1
6327,392008,118766,1664,1
6328,690736,209311,1664,1
6329,660528,200107,1664,1
6330,858210,259972,1664,1
6331,470248,142469,1664,1
6332,1442386,437769,1664,1
6333,906556,274749,1664,1
6334,379402,114967,1664,1
6335,565044,171175,1664,1
6336,987160,299016,1664,1
6337,801198,242714,1664,1
6338,656338,198805,1664,1
6339,586906,177814,1664,1
6340,425782,128981,1664,1
6341,370784,112312,1664,1
6342,321246,97376,1664,1
6343,425766,128984,1664,1
6344,377358,114349,1664,1
6345,323734,98089,1664,1
6346,485030,146912,1664,1
6347,362134,109703,1664,1
6348,449128,136095,1664,1
6349,809666,245257,1664,1
6350,357082,108306,1664,1
6351,383702,116252,1664,1
6352,1193950,361805,1664,1
6353,604784,183172,1664,1
6354,1061906,321650,1664,1
6355,570796,172929,1664,1
6356,847266,256646,1664,1
6357,790338,239541,1664,1
6358,902118,273964,1664,1
6359,752258,227952,1664,1
6360,902238,273268,1664,1
6361,785314,238248,1664,1
6362,719348,217884,1664,1
6363,461760,139898,1664,1
6364,649151,196745,1664,1
6365,860716,260716,1664,1
6366,616786,186833,1664,1
6367,1069640,324008,1664,1
6368,699676,211938,1664,1
6369,714446,216430,1664,1
6370,579276,175471,1664,1
6371,830252,251495,1664,1
6372,656278,198829,1664,1
6373,616490,186754,1664,1
6374,572166,173338,1664,1
6375,832868,252291,1664,1
6376,917102,277789,1664,1
6377,535208,162166,1664,1
6378,652542,197628,1664,1
6379,615384,186513,1664,1
6380,967046,292915,1664,1
6381,910374,275748,1664,1
6382,574292,173981,1664,1
6383,416938,126314,1664,1
6384,379806,115078,1664,1
6385,324086,98207,1664,1
6386,426360,129137,1664,1
6387,485720,147143,1664,1
6388,319580,96837,1664,1
6389,423918,128412,1664,1
6390,565320,171265,1664,1
6391,370926,112357,1664,1
6392,316250,95796,1664,1
6393,325994,98777,1664,1
6394,321790,97506,1664,1
6395,580068,175711,1664,1
6396,582340,176402,1664,1
6397,790128,239322,1664,1
6398,375842,113892,1664,1
6399,680738,206168,1664,1
6400,369798,112055,1664,1
6401,474228,143667,1664,1
6402,938334,284216,1664,1
6403,912278,276290,1664,1
6404,764266,231498,1664,1
6405,485808,147184,1664,1
6406,1054850,319528,1664,1
6407,633526,191915,1664,1
6408,392982,119064,1664,1
6409,391648,118659,1664,1
6410,401764,121710,1664,1
6411,487472,147653,1664,1
6412,573776,173817,1664,1
6413,490036,148449,1664,1
6414,552170,167376,1664,1
6415,698092,211487,1664,1
6416,573266,173672,1664,1
6417,351484,106470,1664,1
6418,402858,122026,1664,1
6419,381276,115533,1664,1
6420,569820,172653,1664,1
6421,541596,164039,1664,1
6422,408988,123913,1664,1
6423,513064,155428,1664,1
6424,402762,121999,1664,1
6425,604178,183035,1664,1
6426,612848,185653,1664,1
6427,593180,179734,1664,1
6428,654852,198373,1664,1
6429,567684,171977,1664,1
6430,503316,152500,1664,1
6431,828028,250819,1664,1
6432,874694,264936,1664,1
6433,395154,119693,1664,1
6434,443888,134478,1664,1
6435,493048,149475,1664,1
6436,346056,104854,1664,1
6437,499558,151309,1664,1
6438,666270,201817,1664,1
6439,545442,165229,1664,1
6440,793974,240493,1664,1
6441,464044,140588,1664,1
6442,457694,138674,1664,1
6443,445240,134896,1664,1
6444,809340,245124,1664,1
6445,493242,149454,1664,1
6446,597412,180969,1664,1
6447,423518,128294,1664,1
6448,596456,180684,1664,1
6449,427548,129539,1664,1
6450,354634,107443,1664,1
6451,351166,106379,1664,1
6452,423676,128351,1664,1
6453,740058,224243,1664,1
6454,449160,136233,1664,1
6455,586244,177702,1664,1
6456,1496282,453693,1664,1
6457,1837878,556673,1664,1
6458,566664,171663,1664,1
6459,798354,242108,1664,1
6460,1534782,464959,1664,1
6461,792844,240152,1664,1
6462,1325450,401435,1664,1
6463,847274,256607,1664,1
6464,467026,141566,1664,1
6465,540142,163627,1664,1
6466,813376,246400,1664,1
6467,1438808,435757,1664,1
6468,530480,160716,1664,1
6469,540618,163819,1664,1
6470,668510,202555,1664,1
6471,608930,184480,1664,1
6472,604142,183118,1664,1
6473,530740,160800,1664,1
6474,427854,129635,1664,1
6475,503420,152524,1664,1
6476,504192,152754,1664,1
6477,1067612,323884,1664,1
6478,750974,227545,1664,1
6479,527016,159671,1664,1
6480,708648,214671,1664,1
6481,866672,262554,1664,1
6482,1157726,350661,1664,1
6483,879376,266363,1664,1
6484,742336,224856,1664,1
6485,1581178,479282,1664,1
6486,618160,187280,1664,1
6487,508118,153959,1664,1
6488,1062598,322756,1664,1
6489,1766220,535048,1664,1
6490,929292,281504,1664,1
6491,695034,210713,1664,1
6492,1388107,421237,1664,1
6493,621428,188264,1664,1
6494,726958,220313,1664,1
6495,680546,206171,1664,1
6496,1369282,415625,1664,1
6497,453102,137288,1664,1
6498,524652,158965,1664,1
6499,1035084,313529,1664,1
6500,753856,228359,1664,1
6501,532452,161315,1664,1
6502,973000,294741,1664,1
6503,506426,153429,1664,1
6504,985264,298730,1664,1
6505,445278,134962,1664,1
6506,767080,232484,1664,1
6507,517856,157179,1664,1
6508,573064,173617,1664,1
6509,809584,246017,1664,1
6510,594498,180081,1664,1
6511,503018,152394,1664,1
6512,1266274,384379,1664,1
6513,1367148,414050,1664,1
6514,511092,154832,1664,1
6515,459624,139230,1664,1
6516,392900,119053,1664,1
6517,339798,102942,1664,1
6518,601940,182309,1664,1
6519,444426,134640,1664,1
6520,446744,135314,1664,1
6521,392214,118800,1664,1
6522,961228,291672,1664,1
6523,989014,299812,1664,1
6524,657358,199141,1664,1
6525,1152756,349202,1664,1
6526,590290,178835,1664,1
6527,599122,181518,1664,1
6528,975740,295628,1664,1
6529,843918,255647,1664,1
6530,678586,205605,1664,1
6531,1030664,312218,1664,1
6532,797612,241611,1664,1
6533,1455078,440711,1664,1
6534,882714,267374,1664,1
6535,1115896,338005,1664,1
6536,1409306,426830,1664,1
6537,713419,217216,1664,1
6538,486138,147297,1664,1
6539,603657,183554,1664,1
6540,863956,261723,1664,1
6541,587190,177890,1664,1
6542,699160,211910,1664,1
6543,626748,189869,1664,1
6544,831438,251899,1664,1
6545,350548,106210,1664,1
6546,1472436,445951,1664,1
6547,642452,194880,1664,1
6548,597140,181399,1664,1
6549,654586,198824,1664,1
6550,1471762,445778,1664,1
6551,650002,196911,1664,1
6552,709590,214963,1664,1
6553,656210,198788,1664,1
6554,1092934,331032,1664,1
6555,970628,294072,1664,1
6556,505272,153051,1664,1
6557,1055236,319669,1664,1
6558,795676,241021,1664,1
6559,531516,161025,1664,1
6560,919952,279010,1664,1
6561,1152612,349106,1664,1
6562,646446,195832,1664,1
6563,678664,205602,1664,1
6564,773484,234558,1664,1
6565,553500,167695,1664,1
6566,551216,167002,1664,1
6567,708204,214601,1664,1
6568,781594,237159,1664,1
6569,5476964,1659714,1664,1
6570,563372,170682,1664,1
6571,2242825,679831,1664,1
6572,1409678,427230,1664,1
6573,895427,271547,1664,1
6574,4857190,1471858,1664,1
6575,779466,236142,1664,1
6576,999618,302776,1664,1
6577,1064152,322352,1664,1
6578,945596,286464,1664,1
6579,790802,239565,1664,1
6580,1289050,390415,1664,1
6581,516272,156418,1664,1
6582,782674,237126,1664,1
6583,713566,216164,1664,1
6584,526306,159455,1664,1
6585,553090,167572,1664,1
6586,515792,156303,1664,1
6587,468198,141848,1664,1
6588,889014,269417,1664,1
6589,696580,211517,1664,1
6590,1625894,492696,1664,1
6591,918810,278323,1664,1
6592,8042482,2436690,1664,1
6593,543256,164587,1664,1
6594,2514625,762294,1664,1
6595,1452554,440016,1664,1
6596,608342,184328,1664,1
6597,611944,185426,1664,1
6598,733356,222159,1664,1
6599,1761058,533919,1664,1
6600,872918,264657,1664,1
6601,834280,252739,1664,1
6602,404878,122673,1664,1
6603,461646,139879,1664,1
6604,995386,301508,1664,1
6605,460090,139391,1664,1
6606,405800,122952,1664,1
6607,597402,180940,1664,1
6608,545354,165221,1664,1
6609,420656,127463,1664,1
6610,1005722,304630,1664,1
6611,801562,242821,1664,1
6612,569268,172559,1664,1
6613,1063420,322095,1664,1
6614,1157828,350925,1664,1
6615,1353224,410056,1664,1
6616,731044,221493,1664,1
6617,651122,197352,1664,1
6618,770452,233411,1664,1
6619,737880,223533,1664,1
6620,837964,253839,1664,1
6621,722402,218849,1664,1
6622,1791070,542764,1664,1
6623,555176,168203,1664,1
6624,672504,203720,1664,1
6625,561326,170063,1664,1
6626,938054,284140,1664,1
6627,1332770,403661,1664,1
6628,566996,171771,1664,1
6629,1300292,393815,1664,1
6630,943091,286593,1664,1
6631,539994,163615,1664,1
6632,1018082,308590,1664,1
6633,922596,279594,1664,1
6634,636434,192830,1664,1
6635,844844,255915,1664,1
6636,837099,253882,1664,1
6637,639018,196741,1664,1
6638,988654,299459,1664,1
6639,650164,196962,1664,1
6640,694010,210225,1664,1
6641,544202,164886,1664,1
6642,1143172,346612,1664,1
6643,640222,194214,1664,1
6644,628544,190454,1664,1
6645,1167624,353659,1664,1
6646,442126,133948,1664,1
6647,393524,119200,1664,1
6648,495762,150158,1664,1
6649,385124,116657,1664,1
6650,557028,168710,1664,1
6651,352200,106717,1664,1
6652,517032,156723,1664,1
6653,346472,104987,1664,1
6654,350182,106109,1664,1
6655,697524,211282,1664,1
6656,779855,236584,1664,1
6657,421250,127625,1664,1
6658,650312,196975,1664,1
6659,410484,124329,1664,1
6660,407830,123660,1664,1
6661,1104782,334963,1664,1
6662,2001016,606697,1664,1
6663,812930,246234,1664,1
6664,709974,215074,1664,1
6665,1305581,395730,1664,1
6666,625466,189502,1664,1
6667,770540,233408,1664,1
6668,1482754,449128,1664,1
6669,807058,244452,1664,1
6670,1515692,459373,1664,1
6671,595088,180284,1664,1
6672,739508,224008,1664,1
6673,674420,204326,1664,1
6674,877000,265663,1664,1
6675,518854,157194,1664,1
6676,745078,225666,1664,1
6677,932006,282538,1664,1
6678,2814120,852344,1664,1
6679,599554,181638,1664,1
6680,717180,217284,1664,1
6681,888708,269181,1664,1
6682,552012,167613,1664,1
6683,1482792,449085,1664,1
6684,851456,258001,1664,1
6685,599532,181634,1664,1
6686,749602,227056,1664,1
6687,541238,163966,1664,1
6688,3021927,916115,1664,1
6689,1206826,366272,1664,1
6690,481730,145942,1664,1
6691,533872,161717,1664,1
6692,629420,190678,1664,1
6693,609517,185176,1664,1
6694,777335,235817,1664,1
6695,4310550,1305907,1664,1
6696,1095792,331906,1664,1
6697,927576,281072,1664,1
6698,561514,170111,1664,1
6699,1706930,517090,1664,1
6700,568454,172267,1664,1
6701,740846,224477,1664,1
6702,1871420,566780,1664,1
6703,430710,130496,1664,1
6704,553900,167812,1664,1
6705,1190488,360589,1664,1
6706,908638,275294,1664,1
6707,1011850,306480,1664,1
6708,2461318,745924,1664,1
6709,482556,146190,1664,1
6710,419132,126984,1664,1
6711,475560,144041,1664,1
6712,606026,183577,1664,1
6713,899310,272428,1664,1
6714,517342,156728,1664,1
6715,1675721,508488,1664,1
6716,616614,186804,1664,1
6717,1104878,335159,1664,1
6718,644840,196276,1664,1
6719,621856,188404,1664,1
6720,728717,221041,1664,1
6721,1602691,485808,1664,1
6722,651064,197238,1664,1
6723,615898,186584,1664,1
6724,775010,234824,1664,1
6725,820458,248597,1664,1
6726,772030,233921,1664,1
6727,488288,147975,1664,1
6728,999860,302922,1664,1
6729,591000,179035,1664,1
6730,760736,230466,1664,1
6731,598450,181260,1664,1
6732,906274,274606,1664,1
6733,530022,160698,1664,1
6734,392398,118877,1664,1
6735,938696,284334,1664,1
6736,341082,103348,1664,1
6737,340784,103259,1664,1
6738,866888,263166,1664,1
6739,1445564,437846,1664,1
6740,616650,186808,1664,1
6741,692632,209823,1664,1
6742,777254,235436,1664,1
6743,1497687,453902,1664,1
6744,825010,249912,1664,1
6745,618016,187215,1664,1
6746,529250,160340,1664,1
6747,858608,260149,1664,1
6748,785208,237844,1664,1
6749,383326,116117,1664,1
6750,679365,205967,1664,1
6751,770006,233227,1664,1
6752,341246,103395,1664,1
6753,586538,177776,1664,1
6754,520160,157601,1664,1
6755,802516,243113,1664,1
6756,596420,180709,1664,1
6757,664720,201371,1664,1
6758,505630,153220,1664,1
6759,544746,165027,1664,1
6760,833394,252474,1664,1
6761,552936,167518,1664,1
6762,976768,295874,1664,1
6763,1431900,433781,1664,1
6764,592106,179379,1664,1
6765,545810,165390,1664,1
6766,559592,169764,1664,1
6767,544308,164901,1664,1
6768,1021384,309606,1664,1
6769,808378,244870,1664,1
6770,327356,99195,1664,1
6771,377414,114578,1664,1
6772,601948,182440,1664,1
6773,781158,236641,1664,1
6774,536036,162408,1664,1
6775,676152,204822,1664,1
6776,569986,172660,1664,1
6777,1153136,349292,1664,1
6778,894256,270915,1664,1
6779,899012,272312,1664,1
6780,467896,141778,1664,1
6781,494914,149950,1664,1
6782,627534,190122,1664,1
6783,1125280,340850,1664,1
6784,1243232,376536,1664,1
6785,1102716,334080,1664,1
6786,1333072,403751,1664,1
6787,1163852,352495,1664,1
6788,607396,184021,1664,1
6789,735094,222693,1664,1
6790,731224,221514,1664,1
6791,800272,242419,1664,1
6792,802970,243236,1664,1
6793,1450320,439255,1664,1
6794,607722,184128,1664,1
6795,7166029,2172063,1664,1
6796,14800240,4483358,1664,1
6797,687350,208249,1664,1
6798,560108,169698,1664,1
6799,977168,296409,1664,1
6800,742510,225033,1664,1
6801,1152930,349939,1664,1
6802,918116,279129,1664,1
6803,779190,236047,1664,1
6804,875536,265210,1664,1
6805,430008,130303,1664,1
6806,391662,118682,1664,1
6807,1457260,441375,1664,1
6808,611416,185235,1664,1
6809,706318,213944,1664,1
6810,518934,157218,1664,1
6811,1099040,333132,1664,1
6812,517868,156882,1664,1
6813,936172,283567,1664,1
6814,720236,218331,1664,1
6815,495724,150188,1664,1
6816,528296,160050,1664,1
6817,813066,246322,1664,1
6818,953404,289177,1664,1
6819,10496320,3179545,1664,1
6820,965848,292602,1664,1
6821,574574,174047,1664,1
6822,1063504,322264,1664,1
6823,564158,170876,1664,1
6824,624538,189254,1664,1
6825,535418,162218,1664,1
6826,598684,181375,1664,1
6827,503702,152686,1664,1
6828,1221208,370091,1664,1
6829,551306,167026,1664,1
6830,394902,119616,1664,1
6831,335672,101680,1664,1
6832,549572,166452,1664,1
6833,389850,118084,1664,1
6834,632288,191793,1664,1
6835,551634,167107,1664,1
6836,594392,180090,1664,1
6837,557918,169006,1664,1
6838,339738,102940,1664,1
6839,561058,169926,1664,1
6840,1102600,334440,1664,1
6841,477456,144852,1664,1
6842,458608,138909,1664,1
6843,749346,227015,1664,1
6844,571344,173105,1664,1
6845,895508,271316,1664,1
6846,571380,173459,1664,1
6847,519914,157810,1664,1
6848,804564,243708,1664,1
6849,513666,155624,1664,1
6850,764024,231997,1664,1
6851,557310,168826,1664,1
6852,449546,136167,1664,1
6853,511890,155084,1664,1
6854,875413,265588,1664,1
6855,905390,274245,1664,1
6856,1121600,339886,1664,1
6857,884410,268207,1664,1
6858,1712020,518515,1664,1
6859,701202,212428,1664,1
6860,585268,177321,1664,1
6861,649864,196876,1664,1
6862,717208,217263,1664,1
6863,587386,178059,1664,1
6864,524622,158905,1664,1
6865,860200,260673,1664,1
6866,475728,144130,1664,1
6867,513822,155675,1664,1
6868,514046,155724,1664,1
6869,468154,141821,1664,1
6870,412782,125060,1664,1
6871,643116,194824,1664,1
6872,518164,156971,1664,1
6873,461198,139724,1664,1
6874,517776,156845,1664,1
6875,1358604,411659,1664,1
6876,390236,118235,1664,1
6877,384252,116419,1664,1
6878,642990,194740,1664,1
6879,441670,133777,1664,1
6880,485772,147176,1664,1
6881,387998,117557,1664,1
6882,333622,101075,1664,1
6883,635666,192582,1664,1
6884,922922,279561,1664,1
6885,562204,170293,1664,1
6886,1084160,328390,1664,1
6887,701822,212578,1664,1
6888,401520,121648,1664,1
6889,983722,297963,1664,1
6890,357960,108435,1664,1
6891,429392,130122,1664,1
6892,532222,161228,1664,1
6893,475774,144135,1664,1
6894,685046,207608,1664,1
6895,599542,181657,1664,1
6896,550744,166823,1664,1
6897,567356,171871,1664,1
6898,421868,127793,1664,1
6899,594712,180210,1664,1
6900,469538,142267,1664,1
6901,1385374,419574,1664,1
6902,423678,128378,1664,1
6903,859012,260204,1664,1
6904,661662,200423,1664,1
6905,808340,244857,1664,1
6906,360954,109368,1664,1
6907,556258,168528,1664,1
6908,817952,247850,1664,1
6909,864838,261966,1664,1
6910,698070,211470,1664,1
6911,853334,258567,1664,1
6912,543142,164550,1664,1
6913,509438,154409,1664,1
6914,1112964,337113,1664,1
6915,457392,138581,1664,1
6916,499720,151356,1664,1
6917,422888,128126,1664,1
6918,592558,179509,1664,1
6919,634300,192150,1664,1
6920,327672,99282,1664,1
6921,533858,161691,1664,1
6922,796156,241156,1664,1
6923,452324,137028,1664,1
6924,552590,167387,1664,1
6925,413116,125171,1664,1
6926,374372,113432,1664,1
6927,706450,214423,1664,1
6928,495388,150061,1664,1
6929,746508,226181,1664,1
6930,710128,215194,1664,1
6931,676120,204894,1664,1
6932,307826,93283,1664,1
6933,288366,87377,1664,1
6934,310658,94124,1664,1
6935,1087990,329525,1664,1
6936,833000,252308,1664,1
6937,592488,179461,1664,1
6938,296338,89780,1664,1
6939,515256,156100,1664,1
6940,1046296,316913,1664,1
6941,1003772,304408,1664,1
6942,410444,124368,1664,1
6943,581502,176171,1664,1
6944,522972,158550,1664,1
6945,741732,224678,1664,1
6946,488252,147915,1664,1
6947,3796782,1150320,1664,1
6948,1396490,423237,1664,1
6949,607722,184103,1664,1
6950,497210,150921,1664,1
6951,383794,116273,1664,1
6952,288502,87470,1664,1
6953,424276,128575,1664,1
6954,699164,212074,1664,1
6955,482764,146339,1664,1
6956,279946,84826,1664,1
6957,318512,96501,1664,1
6958,411546,124660,1664,1
6959,853684,258679,1664,1
6960,859908,260501,1664,1
6961,541446,164037,1664,1
6962,487424,147668,1664,1
6963,879566,266433,1664,1
6964,285278,86440,1664,1
6965,1299422,393669,1664,1
6966,733742,222255,1664,1
6967,555254,168199,1664,1
6968,528764,160187,1664,1
6969,1130032,342444,1664,1
6970,852132,258108,1664,1
6971,480158,145477,1664,1
6972,610104,184808,1664,1
6973,509882,154468,1664,1
6974,1009456,305740,1664,1
6975,572614,173463,1664,1
6976,519648,157425,1664,1
6977,847084,256589,1664,1
6978,943350,285719,1664,1
6979,556852,168772,1664,1
6980,1058406,320583,1664,1
6981,677574,205336,1664,1
6982,1282906,388557,1664,1
6983,1059708,321410,1664,1
6984,983397,298541,1664,1
6985,550128,166680,1664,1
6986,563762,171025,1664,1
6987,650130,197091,1664,1
6988,851386,257888,1664,1
6989,942510,285680,1664,1
6990,1156030,350341,1664,1
6991,617088,186971,1664,1
6992,666666,201963,1664,1
6993,1361820,412480,1664,1
6994,621590,188724,1664,1
6995,811706,245886,1664,1
6996,958614,290355,1664,1
6997,430804,130508,1664,1
6998,1065434,322726,1664,1
6999,651104,197253,1664,1
7000,525508,159217,1664,1
7001,536778,162634,1664,1
7002,767914,232627,1664,1
7003,744516,225554,1664,1
7004,723120,219069,1664,1
7005,637939,193945,1664,1
7006,721408,218872,1664,1
7007,1278118,387326,1664,1
7008,886094,268406,1664,1
7009,521966,158140,1664,1
7010,872880,264408,1664,1
7011,540902,163872,1664,1
7012,1193710,361583,1664,1
7013,1140936,346839,1664,1
7014,518088,156975,1664,1
7015,727136,220308,1664,1
7016,1495960,453086,1664,1
7017,602434,182494,1664,1
7018,1242120,376257,1664,1
7019,606406,183717,1664,1
7020,695824,210772,1664,1
7021,599448,181615,1664,1
7022,1283058,388959,1664,1
7023,624442,189178,1664,1
7024,686160,207968,1664,1
7025,634102,192088,1664,1
7026,829384,251240,1664,1
7027,658486,199451,1664,1
7028,641586,194348,1664,1
7029,583914,176890,1664,1
7030,630918,191148,1664,1
7031,540582,164199,1664,1
7032,834658,252901,1664,1
7033,355938,107850,1664,1
7034,669116,202705,1664,1
7035,845010,255946,1664,1
7036,735566,222804,1664,1
7037,511046,154828,1664,1
7038,664706,201361,1664,1
7039,707676,214379,1664,1
7040,1584471,483497,1664,1
7041,845719,256748,1664,1
7042,602306,182480,1664,1
7043,1975896,598610,1664,1
7044,539954,163600,1664,1
7045,727112,220245,1664,1
7046,741188,224561,1664,1
7047,704750,213540,1664,1
7048,501722,151976,1664,1
7049,930217,282212,1664,1
7050,575346,174304,1664,1
7051,525356,159212,1664,1
7052,600214,181842,1664,1
7053,326950,99053,1664,1
7054,1290108,390732,1664,1
7055,645206,195593,1664,1
7056,446792,135355,1664,1
7057,1129860,342192,1664,1
7058,540444,163752,1664,1
7059,819322,248179,1664,1
7060,536380,162496,1664,1
7061,472522,143159,1664,1
7062,437978,132707,1664,1
7063,475162,143979,1664,1
7064,380688,115339,1664,1
7065,503358,152638,1664,1
7066,527730,159872,1664,1
7067,717258,218009,1664,1
7068,477010,144641,1664,1
7069,530086,160596,1664,1
7070,601392,182189,1664,1
7071,526642,159541,1664,1
7072,1017916,308319,1664,1
7073,399996,121188,1664,1
7074,501420,151880,1664,1
7075,728308,220633,1664,1
7076,575164,174231,1664,1
7077,353432,107075,1664,1
7078,764616,231630,1664,1
7079,786295,238536,1664,1
7080,600498,181965,1664,1
7081,628050,190318,1664,1
7082,668022,202535,1664,1
7083,336812,102055,1664,1
7084,458646,138927,1664,1
7085,2224304,673652,1664,1
7086,460330,139472,1664,1
7087,700840,212287,1664,1
7088,354348,107335,1664,1
7089,407006,123312,1664,1
7090,521306,158018,1664,1
7091,536164,162458,1664,1
7092,473570,143485,1664,1
7093,1214912,368233,1664,1
7094,432784,131135,1664,1
7095,516428,156452,1664,1
7096,598004,181160,1664,1
7097,524170,158778,1664,1
7098,491990,149153,1664,1
7099,1181732,361306,1664,1
7100,434140,131527,1664,1
7101,372116,112752,1664,1
7102,507358,153700,1664,1
7103,421522,127707,1664,1
7104,311004,94230,1664,1
7105,412546,124966,1664,1
7106,411166,124541,1664,1
7107,462370,140044,1664,1
7108,560800,169971,1664,1
7109,615690,186902,1664,1
7110,348838,105696,1664,1
7111,384190,116418,1664,1
7112,363136,110016,1664,1
7113,325394,98599,1664,1
7114,365240,110660,1664,1
7115,642236,194721,1664,1
7116,488552,148019,1664,1
7117,1800870,546004,1664,1
7118,322102,97598,1664,1
7119,370758,112330,1664,1
7120,570868,172928,1664,1
7121,473376,143503,1664,1
7122,1075090,325643,1664,1
7123,498522,151036,1664,1
7124,1474905,447239,1664,1
7125,779396,236314,1664,1
7126,377732,114419,1664,1
7127,577094,174808,1664,1
7128,525900,159397,1664,1
7129,320158,96992,1664,1
7130,479204,145277,1664,1
7131,430598,130470,1664,1
7132,358264,108531,1664,1
7133,695798,210752,1664,1
7134,311596,94414,1664,1
7135,360488,109219,1664,1
7136,535834,162327,1664,1
7137,311324,94334,1664,1
7138,552470,167355,1664,1
7139,505828,153228,1664,1
7140,356546,108008,1664,1
7141,310642,94097,1664,1
7142,751586,228866,1664,1
7143,310882,94198,1664,1
7144,347042,105153,1664,1
7145,483130,146344,1664,1
7146,337926,102386,1664,1
7147,292110,88485,1664,1
7148,343852,104153,1664,1
7149,582800,176556,1664,1
7150,393286,119329,1664,1
7151,738306,223645,1664,1
7152,513936,155847,1664,1
7153,505498,153112,1664,1
7154,623016,188708,1664,1
7155,652644,197928,1664,1
7156,647710,196453,1664,1
7157,1385096,419551,1664,1
7158,552520,167408,1664,1
7159,633940,192054,1664,1
7160,879460,266554,1664,1
7161,485662,147133,1664,1
7162,479968,145404,1664,1
7163,846300,256392,1664,1
7164,306650,92918,1664,1
7165,600770,181991,1664,1
7166,396834,120196,1664,1
7167,542970,164471,1664,1
7168,403284,122161,1664,1
7169,568706,172282,1664,1
7170,438452,132838,1664,1
7171,455738,138066,1664,1
7172,388990,117845,1664,1
7173,291702,88378,1664,1
7174,480642,145573,1664,1
7175,431080,130565,1664,1
7176,800676,242602,1664,1
7177,488582,148133,1664,1
7178,479602,145402,1664,1
7179,1549005,469551,1664,1
7180,1372974,416066,1664,1
7181,571390,173216,1664,1
7182,466646,141393,1664,1
7183,564864,171116,1664,1
7184,631362,191407,1664,1
7185,672820,203810,1664,1
7186,477818,144765,1664,1
7187,804022,243672,1664,1
7188,512154,155162,1664,1
7189,1255382,380250,1664,1
7190,520036,157550,1664,1
7191,496618,150445,1664,1
7192,834982,252911,1664,1
7193,430156,130424,1664,1
7194,790364,239436,1664,1
7195,903947,274192,1664,1
7196,4070899,1233058,1664,1
7197,1890182,572564,1664,1
7198,481846,145980,1664,1
7199,543828,164760,1664,1
7200,811506,245826,1664,1
7201,538102,163029,1664,1
7202,1467240,444389,1664,1
7203,749418,227337,1664,1
7204,611384,185225,1664,1
7205,1350822,409120,1664,1
7206,742734,225068,1664,1
7207,1266196,383505,1664,1
7208,2171788,657736,1664,1
7209,844496,255785,1664,1
7210,1394828,422459,1664,1
7211,933780,282834,1664,1
7212,642306,194537,1664,1
7213,735768,222882,1664,1
7214,1171622,354845,1664,1
7215,459200,139088,1664,1
7216,450424,136474,1664,1
7217,1013841,308229,1664,1
7218,523754,158672,1664,1
7219,515672,156213,1664,1
7220,616342,186723,1664,1
7221,638180,193330,1664,1
7222,947526,287866,1664,1
7223,572646,173575,1664,1
7224,527662,159870,1664,1
7225,459402,139178,1664,1
7226,737674,223433,1664,1
7227,638212,193338,1664,1
7228,386618,117114,1664,1
7229,1109306,335969,1664,1
7230,582614,176469,1664,1
7231,500848,151742,1664,1
7232,453292,137332,1664,1
7233,961182,291278,1664,1
7234,450424,136463,1664,1
7235,828284,250888,1664,1
7236,1182514,358545,1664,1
7237,1460106,443062,1664,1
7238,739464,223995,1664,1
7239,1813324,549469,1664,1
7240,488340,147918,1664,1
7241,624220,189091,1664,1
7242,591418,179177,1664,1
7243,500054,151541,1664,1
7244,730480,221275,1664,1
7245,518748,157141,1664,1
7246,704648,213462,1664,1
7247,634600,192242,1664,1
7248,609216,184560,1664,1
7249,1061550,321546,1664,1
7250,861850,261070,1664,1
7251,529622,160423,1664,1
7252,1153992,349535,1664,1
7253,835188,252964,1664,1
7254,516846,156581,1664,1
7255,499860,151440,1664,1
7256,630698,191054,1664,1
7257,916080,277470,1664,1
7258,801572,242799,1664,1
7259,2865370,867859,1664,1
7260,1014372,307269,1664,1
7261,497976,150833,1664,1
7262,612648,185582,1664,1
7263,687694,208306,1664,1
7264,663394,201159,1664,1
7265,660648,200128,1664,1
7266,707664,214364,1664,1
7267,432182,130913,1664,1
7268,609108,184520,1664,1
7269,472646,143207,1664,1
7270,806716,244346,1664,1
7271,480582,145994,1664,1
7272,560212,169679,1664,1
7273,509186,154267,1664,1
7274,1008148,305353,1664,1
7275,750248,227267,1664,1
7276,786646,238245,1664,1
7277,771776,233777,1664,1
7278,763490,231251,1664,1
7279,838576,254000,1664,1
7280,740120,224199,1664,1
7281,1197246,362596,1664,1
7282,992860,300725,1664,1
7283,1516574,459365,1664,1
7284,704798,213504,1664,1
7285,1046286,316891,1664,1
7286,689436,208835,1664,1
7287,702988,213106,1664,1
7288,507412,153727,1664,1
7289,610322,184886,1664,1
7290,608392,184291,1664,1
7291,612978,185699,1664,1
7292,1329686,403019,1664,1
7293,808252,245368,1664,1
7294,555260,168229,1664,1
7295,546736,165605,1664,1
7296,1246824,377634,1664,1
7297,754386,228508,1664,1
7298,793970,240502,1664,1
7299,797628,241617,1664,1
7300,534584,162166,1664,1
7301,720696,218770,1664,1
7302,545174,165216,1664,1
7303,883806,267700,1664,1
7304,1082588,327907,1664,1
7305,554766,168067,1664,1
7306,28004109,8481518,1664,1
7307,684620,207551,1664,1
7308,565906,171462,1664,1
7309,777474,235493,1664,1
7310,521196,158379,1664,1
7311,863012,261432,1664,1
7312,639732,193907,1664,1
7313,1257816,381269,1664,1
7314,886668,268565,1664,1
7315,618826,187471,1664,1
7316,529574,160433,1664,1
7317,600620,181960,1664,1
7318,1159208,351099,1664,1
7319,484952,146922,1664,1
7320,481672,145922,1664,1
7321,1458566,442686,1664,1
7322,2514066,761403,1664,1
7323,847746,256799,1664,1
7324,524668,158919,1664,1
7325,483796,146577,1664,1
7326,333400,101020,1664,1
7327,374316,113409,1664,1
7328,963856,291942,1664,1
7329,360702,109274,1664,1
7330,629622,190732,1664,1
7331,416402,126153,1664,1
7332,527058,159673,1664,1
7333,1048102,317534,1664,1
7334,863612,261994,1664,1
7335,464806,140815,1664,1
7336,1341136,406206,1664,1
7337,638832,193726,1664,1
7338,606102,183602,1664,1
7339,518652,157129,1664,1
7340,553242,167602,1664,1
7341,694218,210275,1664,1
7342,737268,223322,1664,1
7343,442434,134054,1664,1
7344,608674,184395,1664,1
7345,1333010,403729,1664,1
7346,489246,148242,1664,1
7347,542280,164290,1664,1
7348,687916,208398,1664,1
7349,527296,159767,1664,1
7350,931528,282185,1664,1
7351,578102,175138,1664,1
7352,753204,228156,1664,1
7353,340868,103270,1664,1
7354,748728,226802,1664,1
7355,656004,199104,1664,1
7356,431366,130690,1664,1
7357,749666,227580,1664,1
7358,381962,115718,1664,1
7359,524168,159057,1664,1
7360,592674,179677,1664,1
7361,330408,100116,1664,1
7362,379174,114867,1664,1
7363,613396,185853,1664,1
7364,494972,149957,1664,1
7365,985978,298669,1664,1
7366,320270,97045,1664,1
7367,693676,210085,1664,1
7368,846186,256289,1664,1
7369,600998,182018,1664,1
7370,346340,105030,1664,1
7371,412912,125080,1664,1
7372,453924,137488,1664,1
7373,808264,244891,1664,1
7374,363900,110357,1664,1
7375,496734,150491,1664,1
7376,682360,206824,1664,1
7377,366460,111003,1664,1
7378,351044,106373,1664,1
7379,521480,157985,1664,1
7380,598056,181136,1664,1
7381,437874,132674,1664,1
7382,2408601,730535,1664,1
7383,828064,250837,1664,1
7384,741520,224604,1664,1
7385,763118,231463,1664,1
7386,709038,214770,1664,1
7387,375102,113653,1664,1
7388,372592,112883,1664,1
7389,362314,109760,1664,1
7390,418858,126898,1664,1
7391,669002,202626,1664,1
7392,374308,113403,1664,1
7393,465294,141073,1664,1
7394,369594,111979,1664,1
7395,415078,125751,1664,1
7396,320604,97118,1664,1
7397,625060,189336,1664,1
7398,760976,230509,1664,1
7399,829708,251330,1664,1
7400,1238732,375194,1664,1
7401,638446,193407,1664,1
7402,836254,253311,1664,1
7403,488902,148119,1664,1
7404,717434,217423,1664,1
7405,769510,233135,1664,1
7406,860894,260787,1664,1
7407,691988,209624,1664,1
7408,571214,173048,1664,1
7409,1419184,429829,1664,1
7410,556578,168601,1664,1
7411,853510,258848,1664,1
7412,807166,244513,1664,1
7413,1806280,547063,1664,1
7414,1127882,341645,1664,1
7415,543198,164569,1664,1
7416,855932,259294,1664,1
7417,817202,247535,1664,1
7418,551236,166960,1664,1
7419,678436,205524,1664,1
7420,543510,164739,1664,1
7421,1263540,382742,1664,1
7422,835032,252925,1664,1
7423,572306,173383,1664,1
7424,448892,135990,1664,1
7425,959624,290801,1664,1
7426,671348,203373,1664,1
7427,1533110,464347,1664,1
7428,949284,287536,1664,1
7429,454188,137788,1664,1
7430,335404,101649,1664,1
7431,932286,282365,1664,1
7432,1096682,332171,1664,1
7433,648758,196509,1664,1
7434,382740,115965,1664,1
7435,658784,199574,1664,1
7436,612700,185618,1664,1
7437,530630,160757,1664,1
7438,975128,295360,1664,1
7439,1000738,303120,1664,1
7440,1331088,403307,1664,1
7441,975056,296004,1664,1
7442,551722,167140,1664,1
7443,628306,190342,1664,1
7444,897926,271994,1664,1
7445,650712,197117,1664,1
7446,1045462,316664,1664,1
7447,926904,280754,1664,1
7448,1446260,438016,1664,1
7449,770260,233299,1664,1
7450,928182,281147,1664,1
7451,714860,216553,1664,1
7452,640240,193921,1664,1
7453,1166586,353371,1664,1
7454,971244,294674,1664,1
7455,590554,178916,1664,1
7456,1204506,364832,1664,1
7457,990110,299918,1664,1
7458,964910,292270,1664,1
7459,564902,171136,1664,1
7460,575812,174407,1664,1
7461,695024,210541,1664,1
7462,964800,292228,1664,1
7463,1168466,353912,1664,1
7464,881250,266968,1664,1
7465,739516,224032,1664,1
7466,1300212,393814,1664,1
7467,594328,180054,1664,1
7468,799974,242388,1664,1
7469,780598,236469,1664,1
7470,676760,205020,1664,1
7471,842096,255094,1664,1
7472,888432,269119,1664,1
7473,1083086,328060,1664,1
7474,564246,170954,1664,1
7475,1040808,315623,1664,1
7476,887292,268889,1664,1
7477,537550,162853,1664,1
7478,1264958,383815,1664,1
7479,728026,220565,1664,1
7480,1076686,326128,1664,1
7481,666802,201997,1664,1
7482,16295487,4935798,1664,1
7483,610900,185100,1664,1
7484,553642,167739,1664,1
7485,702286,212765,1664,1
7486,1011788,306475,1664,1
7487,582760,176536,1664,1
7488,773242,234245,1664,1
7489,906676,274637,1664,1
7490,517020,156635,1664,1
7491,621916,188376,1664,1
7492,581382,176131,1664,1
7493,629426,190678,1664,1
7494,865292,262094,1664,1
7495,548566,166189,1664,1
7496,687290,208492,1664,1
7497,623446,188862,1664,1
7498,624000,189037,1664,1
7499,724900,219550,1664,1
7500,567830,172140,1664,1
7501,758824,230012,1664,1
7502,345262,104618,1664,1
7503,405152,122756,1664,1
7504,477858,144780,1664,1
7505,1306354,395641,1664,1
7506,1091601,330995,1664,1
7507,1559498,472343,1664,1
7508,630690,191047,1664,1
7509,521592,158015,1664,1
7510,693482,210103,1664,1
7511,522360,158248,1664,1
7512,1683689,510218,1664,1
7513,825744,250144,1664,1
7514,1354458,410252,1664,1
7515,677358,205280,1664,1
7516,492484,149201,1664,1
7517,385484,116791,1664,1
7518,378710,114744,1664,1
7519,331978,100578,1664,1
7520,331326,100376,1664,1
7521,531382,161106,1664,1
7522,319714,96874,1664,1
7523,416944,126299,1664,1
7524,949214,287507,1664,1
7525,1090510,330295,1664,1
7526,513738,155628,1664,1
7527,500062,151955,1664,1
7528,915618,277770,1664,1
7529,951662,288758,1664,1
7530,694610,210419,1664,1
7531,441846,133855,1664,1
7532,874366,264817,1664,1
7533,311610,94394,1664,1
7534,471768,142922,1664,1
7535,566568,171623,1664,1
7536,366704,111090,1664,1
7537,314536,95309,1664,1
7538,310828,94170,1664,1
7539,465728,141107,1664,1
7540,371700,112601,1664,1
7541,320896,97233,1664,1
7542,586122,177671,1664,1
7543,588100,178165,1664,1
7544,332264,100661,1664,1
7545,368364,111620,1664,1
7546,737608,223404,1664,1
7547,480906,145657,1664,1
7548,466956,141463,1664,1
7549,414408,125550,1664,1
7550,766348,232135,1664,1
7551,321424,97364,1664,1
7552,423276,128205,1664,1
7553,408868,123887,1664,1
7554,319752,96890,1664,1
7555,923048,279588,1664,1
7556,477266,144668,1664,1
7557,845016,255932,1664,1
7558,582182,176354,1664,1
7559,557910,169019,1664,1
7560,431538,130736,1664,1
7561,579710,175592,1664,1
7562,932078,282345,1664,1
7563,453250,137316,1664,1
7564,443162,134244,1664,1
7565,757966,229584,1664,1
7566,789828,239383,1664,1
7567,454934,137823,1664,1
7568,396430,120081,1664,1
7569,561404,170172,1664,1
7570,516938,156737,1664,1
7571,337674,102303,1664,1
7572,399488,121102,1664,1
7573,496432,150394,1664,1
7574,390602,118418,1664,1
7575,527768,159892,1664,1
7576,562008,170247,1664,1
7577,540800,163837,1664,1
7578,710614,215284,1664,1
7579,566294,171521,1664,1
7580,1903540,576989,1664,1
7581,501862,152059,1664,1
7582,714312,216381,1664,1
7583,759732,230139,1664,1
7584,652548,197679,1664,1
7585,812390,246051,1664,1
7586,342384,103740,1664,1
7587,389524,118020,1664,1
7588,572292,173374,1664,1
7589,409990,124214,1664,1
7590,352516,106798,1664,1
7591,703200,212979,1664,1
7592,537200,162719,1664,1
7593,1068065,323806,1664,1
7594,2040379,618252,1664,1
7595,1029706,311905,1664,1
7596,728732,221369,1664,1
7597,655776,198664,1664,1
7598,949674,287909,1664,1
7599,1952540,591331,1664,1
7600,761568,230812,1664,1
7601,983768,297974,1664,1
7602,458822,138972,1664,1
7603,564082,170898,1664,1
7604,350430,106176,1664,1
7605,782832,237216,1664,1
7606,516868,156570,1664,1
7607,425696,128989,1664,1
7608,904806,274071,1664,1
7609,681076,206288,1664,1
7610,459816,139445,1664,1
7611,467626,141665,1664,1
7612,349122,105752,1664,1
7613,790796,239529,1664,1
7614,513960,155669,1664,1
7615,463414,140418,1664,1
7616,565556,171410,1664,1
7617,437066,132413,1664,1
7618,381564,115627,1664,1
7619,401994,121763,1664,1
7620,511728,155025,1664,1
7621,591986,179390,1664,1
7622,3313086,1004730,1664,1
7623,907774,274963,1664,1
7624,747960,226563,1664,1
7625,693956,210317,1664,1
7626,620584,188189,1664,1
7627,663798,201067,1664,1
7628,1119616,339113,1664,1
7629,618660,187744,1664,1
7630,564118,170895,1664,1
7631,702838,212920,1664,1
7632,1226598,371552,1664,1
7633,853514,258547,1664,1
7634,601180,182127,1664,1
7635,1143304,346289,1664,1
7636,549126,166345,1664,1
7637,537458,162850,1664,1
7638,481620,145895,1664,1
7639,689776,209068,1664,1
7640,925668,280382,1664,1
7641,657670,199227,1664,1
7642,697734,211377,1664,1
7643,1593792,484342,1664,1
7644,770752,233494,1664,1
7645,562760,170501,1664,1
7646,637972,193281,1664,1
7647,1274642,386063,1664,1
7648,440858,133558,1664,1
7649,512270,155178,1664,1
7650,744764,226396,1664,1
7651,814596,246872,1664,1
7652,499178,151739,1664,1
7653,395306,119759,1664,1
7654,991642,300316,1664,1
7655,559104,169766,1664,1
7656,419586,127124,1664,1
7657,701746,212580,1664,1
7658,1089590,330007,1664,1
7659,821320,248784,1664,1
7660,355672,107784,1664,1
7661,786464,238215,1664,1
7662,430898,130515,1664,1
7663,642452,194644,1664,1
7664,506494,153425,1664,1
7665,1558512,472693,1664,1
7666,499612,151361,1664,1
7667,570212,172780,1664,1
7668,660644,200145,1664,1
7669,598340,181306,1664,1
7670,459354,139163,1664,1
7671,649477,197800,1664,1
7672,816114,247209,1664,1
7673,471776,142900,1664,1
7674,743370,225300,1664,1
7675,561242,170012,1664,1
7676,393728,119289,1664,1
7677,448290,135811,1664,1
7678,444034,134492,1664,1
7679,1265754,383428,1664,1
7680,678720,205592,1664,1
7681,591316,179145,1664,1
7682,481840,145973,1664,1
7683,493184,149456,1664,1
7684,1060883,321605,1664,1
7685,622624,188586,1664,1
7686,1869562,566314,1664,1
7687,748936,226866,1664,1
7688,1099328,332966,1664,1
7689,643632,195260,1664,1
7690,485500,147089,1664,1
7691,496192,150339,1664,1
7692,1057856,320431,1664,1
7693,573302,173809,1664,1
7694,505006,152959,1664,1
7695,542476,164313,1664,1
7696,609394,184604,1664,1
7697,516564,156479,1664,1
7698,933152,282663,1664,1
7699,938228,284218,1664,1
7700,781372,236665,1664,1
7701,916947,278043,1664,1
7702,2561455,775947,1664,1
7703,577888,175357,1664,1
7704,659990,199945,1664,1
7705,1424166,431673,1664,1
7706,808079,245055,1664,1
7707,501400,151913,1664,1
7708,523494,158609,1664,1
7709,624066,189063,1664,1
7710,601426,182297,1664,1
7711,725518,219970,1664,1
7712,505692,153211,1664,1
7713,576208,174941,1664,1
7714,1133328,343256,1664,1
7715,521468,157981,1664,1
7716,699158,211754,1664,1
7717,533870,161831,1664,1
7718,709968,215149,1664,1
7719,431576,130764,1664,1
7720,1034926,313471,1664,1
7721,952364,288736,1664,1
7722,2076586,629487,1664,1
7723,1305652,395611,1664,1
7724,1005520,305022,1664,1
7725,4640682,1405784,1664,1
7726,590104,178773,1664,1
7727,522980,158444,1664,1
7728,539004,163305,1664,1
7729,882242,267233,1664,1
7730,513872,155669,1664,1
7731,459684,139262,1664,1
7732,357720,108359,1664,1
7733,796028,241127,1664,1
7734,527494,159797,1664,1
7735,550092,166607,1664,1
7736,736702,223164,1664,1
7737,946190,286608,1664,1
7738,678872,205686,1664,1
7739,663814,201091,1664,1
7740,640592,194075,1664,1
7741,1279744,387663,1664,1
7742,1188594,360004,1664,1
7743,604678,183192,1664,1
7744,763512,231290,1664,1
7745,21151009,6406206,1664,1
7746,916306,277567,1664,1
7747,539624,163490,1664,1
7748,533366,161580,1664,1
7749,555154,168165,1664,1
7750,1075104,326291,1664,1
7751,633112,191897,1664,1
7752,490958,148751,1664,1
7753,574932,174165,1664,1
7754,521932,158134,1664,1
7755,361420,109513,1664,1
7756,673568,204046,1664,1
7757,423478,128314,1664,1
7758,348104,105478,1664,1
7759,349692,105960,1664,1
7760,431750,130890,1664,1
7761,1374758,416372,1664,1
7762,403970,122396,1664,1
7763,429062,130011,1664,1
7764,456592,138314,1664,1
7765,689160,208771,1664,1
7766,509310,154282,1664,1
7767,1207610,365746,1664,1
7768,869374,263327,1664,1
7769,624112,189527,1664,1
7770,530834,160853,1664,1
7771,530120,160608,1664,1
7772,711878,215644,1664,1
7773,791396,240061,1664,1
7774,475828,144205,1664,1
7775,418734,126872,1664,1
7776,488530,148013,1664,1
7777,2056697,623164,1664,1
7778,1279695,388038,1664,1
7779,1041188,315380,1664,1
7780,618666,187433,1664,1
7781,1948680,590344,1664,1
7782,1403548,425408,1664,1
7783,916514,277847,1664,1
7784,526204,159415,1664,1
7785,584114,176947,1664,1
7786,998252,302364,1664,1
7787,805040,243852,1664,1
7788,491894,149243,1664,1
7789,604842,183249,1664,1
7790,1978318,599335,1664,1
7791,623168,189054,1664,1
7792,1385946,419780,1664,1
7793,627200,189995,1664,1
7794,543648,164700,1664,1
7795,606444,183717,1664,1
7796,646188,195756,1664,1
7797,791262,239718,1664,1
7798,989682,299772,1664,1
7799,627314,190046,1664,1
7800,1035854,313759,1664,1
7801,524834,159006,1664,1
7802,9918417,3006058,1664,1
7803,1339890,405945,1664,1
7804,697422,211283,1664,1
7805,463804,140522,1664,1
7806,518566,157108,1664,1
7807,483358,146417,1664,1
7808,745292,226217,1664,1
7809,569016,172353,1664,1
7810,450518,136559,1664,1
7811,349790,105988,1664,1
7812,512488,155223,1664,1
7813,511150,154822,1664,1
7814,1176418,356329,1664,1
7815,958444,290549,1664,1
7816,901736,273595,1664,1
7817,537140,162744,1664,1
7818,516934,156612,1664,1
7819,635366,193263,1664,1
7820,509220,154286,1664,1
7821,481736,145956,1664,1
7822,603738,183022,1664,1
7823,695618,210874,1664,1
7824,695786,210819,1664,1
7825,352160,106711,1664,1
7826,509692,154423,1664,1
7827,517844,156895,1664,1
7828,769164,232993,1664,1
7829,965340,292413,1664,1
7830,4178206,1266569,1664,1
7831,1007404,305152,1664,1
7832,624026,189045,1664,1
7833,1134552,343626,1664,1
7834,990761,300437,1664,1
7835,1186310,359334,1664,1
7836,348382,105556,1664,1
7837,504074,152716,1664,1
7838,531562,161095,1664,1
7839,719086,217835,1664,1
7840,820522,248571,1664,1
7841,578988,175402,1664,1
7842,857042,259638,1664,1
7843,970406,294430,1664,1
7844,797612,241584,1664,1
7845,494744,149881,1664,1
7846,604832,183230,1664,1
7847,787926,239248,1664,1
7848,635544,192673,1664,1
7849,1925512,583748,1664,1
7850,1096382,332099,1664,1
7851,473054,143310,1664,1
7852,405394,122824,1664,1
7853,602936,182663,1664,1
7854,482030,146044,1664,1
7855,976874,527866,1664,1
7856,646102,195738,1664,1
7857,511980,155093,1664,1
7858,1569071,476555,1664,1
7859,774280,234542,1664,1
7860,495432,150173,1664,1
7861,545564,165395,1664,1
7862,601420,182207,1664,1
7863,797988,241902,1664,1
7864,708094,214496,1664,1
7865,1152236,349178,1664,1
7866,1068432,323699,1664,1
7867,539518,163462,1664,1
7868,1123098,340236,1664,1
7869,1151700,348826,1664,1
7870,777170,235541,1664,1
7871,3365020,1019988,1664,1
7872,638606,193464,1664,1
7873,433640,131451,1664,1
7874,595104,180291,1664,1
7875,650974,197199,1664,1
7876,719350,217907,1664,1
7877,962204,291665,1664,1
7878,645996,195980,1664,1
7879,1135819,344392,1664,1
7880,766814,232265,1664,1
7881,672955,204253,1664,1
7882,566872,171760,1664,1
7883,658894,199564,1664,1
7884,660886,200217,1664,1
7885,923578,279811,1664,1
7886,625252,189420,1664,1
7887,685664,207769,1664,1
7888,550442,166838,1664,1
7889,583980,176908,1664,1
7890,635254,192425,1664,1
7891,1422140,431263,1664,1
7892,501644,151981,1664,1
7893,413220,125209,1664,1
7894,662954,200885,1664,1
7895,752164,227888,1664,1
7896,596486,180696,1664,1
7897,531042,160879,1664,1
7898,447032,135433,1664,1
7899,504350,152787,1664,1
7900,423506,128281,1664,1
7901,341340,103427,1664,1
7902,367642,111439,1664,1
7903,547998,166005,1664,1
7904,383354,116135,1664,1
7905,709884,215019,1664,1
7906,432506,131029,1664,1
7907,379456,114936,1664,1
7908,323646,98040,1664,1
7909,986172,298745,1664,1
7910,2159308,655013,1664,1
7911,2664555,807385,1664,1
7912,699018,211763,1664,1
7913,611842,185385,1664,1
7914,656910,199039,1664,1
7915,1119580,339507,1664,1
7916,1855774,562385,1664,1
7917,550618,166841,1664,1
7918,520804,157778,1664,1
7919,537100,162722,1664,1
7920,1044766,316620,1664,1
7921,555660,168347,1664,1
7922,829334,253091,1664,1
7923,1180276,357797,1664,1
7924,815086,246905,1664,1
7925,949834,287712,1664,1
7926,1274142,385909,1664,1
7927,542706,164426,1664,1
7928,1352560,409656,1664,1
7929,704670,213463,1664,1
7930,545216,165267,1664,1
7931,371392,112552,1664,1
7932,649254,196727,1664,1
7933,904190,274378,1664,1
7934,894129,271264,1664,1
7935,775250,234984,1664,1
7936,725147,220138,1664,1
7937,1154604,349711,1664,1
7938,1007234,305051,1664,1
7939,1123560,340447,1664,1
7940,569854,172649,1664,1
7941,759528,230043,1664,1
7942,749460,227051,1664,1
7943,669442,202755,1664,1
7944,1145474,348761,1664,1
7945,775610,234940,1664,1
7946,841398,254976,1664,1
7947,536918,162677,1664,1
7948,662986,200843,1664,1
7949,555694,168351,1664,1
7950,1311704,397276,1664,1
7951,553868,167800,1664,1
7952,883624,267642,1664,1
7953,8984797,2721949,1664,1
7954,503732,152615,1664,1
7955,457698,138674,1664,1
7956,578138,175425,1664,1
7957,937920,284098,1664,1
7958,773580,234781,1664,1
7959,569130,172416,1664,1
7960,623936,189019,1664,1
7961,669680,202828,1664,1
7962,721436,218533,1664,1
7963,770448,233408,1664,1
7964,906474,274560,1664,1
7965,599214,181494,1664,1
7966,4450281,1348312,1664,1
7967,1924314,583392,1664,1
7968,1267018,383868,1664,1
7969,1058830,320705,1664,1
7970,550270,166737,1664,1
7971,1025940,310739,1664,1
7972,628822,190489,1664,1
7973,515310,156124,1664,1
7974,888020,269143,1664,1
7975,349528,105887,1664,1
7976,444186,134662,1664,1
7977,477932,144799,1664,1
7978,516632,156526,1664,1
7979,966394,292830,1664,1
7980,464948,140869,1664,1
7981,702862,212925,1664,1
7982,342308,103716,1664,1
7983,340536,103156,1664,1
7984,498906,151141,1664,1
7985,815280,246961,1664,1
7986,1032944,312886,1664,1
7987,752718,228025,1664,1
7988,1420282,430575,1664,1
7989,1885324,572083,1664,1
7990,2333949,707489,1664,1
7991,515468,156173,1664,1
7992,639656,193811,1664,1
7993,689806,208958,1664,1
7994,859388,260307,1664,1
7995,342632,103861,1664,1
7996,342716,103844,1664,1
7997,341622,103506,1664,1
7998,530284,160611,1664,1
7999,541430,163992,1664,1
8000,376326,114032,1664,1
8001,523622,158750,1664,1
8002,429798,130242,1664,1
8003,1335052,404351,1664,1
8004,1114066,337458,1664,1
8005,839842,254398,1664,1
8006,670224,203004,1664,1
8007,613288,185792,1664,1
8008,526282,159443,1664,1
8009,997388,302104,1664,1
8010,550920,166918,1664,1
8011,614890,186356,1664,1
8012,570758,172910,1664,1
8013,691476,209509,1664,1
8014,625198,189399,1664,1
8015,539966,164186,1664,1
8016,12540322,3799119,1664,1
8017,645678,195626,1664,1
8018,415844,125988,1664,1
8019,355860,107824,1664,1
8020,356430,107981,1664,1
8021,516558,156499,1664,1
8022,617958,187203,1664,1
8023,609278,184553,1664,1
8024,440274,133404,1664,1
8025,737354,223367,1664,1
8026,799428,242128,1664,1
8027,551538,167077,1664,1
8028,532936,161707,1664,1
8029,1445148,438590,1664,1
8030,368148,111546,1664,1
8031,421466,127717,1664,1
8032,407296,123402,1664,1
8033,697136,211180,1664,1
8034,520198,157574,1664,1
8035,1393432,422260,1664,1
8036,515758,156267,1664,1
8037,1731338,524382,1664,1
8038,539532,163458,1664,1
8039,399888,121171,1664,1
8040,645128,195430,1664,1
8041,679918,206093,1664,1
8042,615066,186335,1664,1
8043,506914,153582,1664,1
8044,1242614,376389,1664,1
8045,898876,272398,1664,1
8046,698893,212026,1664,1
8047,405506,122861,1664,1
8048,352228,106723,1664,1
8049,339424,102837,1664,1
8050,391904,118709,1664,1
8051,627006,189974,1664,1
8052,339944,103001,1664,1
8053,453502,137374,1664,1
8054,837800,253820,1664,1
8055,1922672,582407,1664,1
8056,501784,152027,1664,1
8057,501796,152094,1664,1
8058,347608,105324,1664,1
8059,418138,126695,1664,1
8060,604318,183043,1664,1
8061,563558,170697,1664,1
8062,761550,230703,1664,1
8063,505078,153038,1664,1
8064,864824,261967,1664,1
8065,528106,159996,1664,1
8066,734146,222407,1664,1
8067,719770,218037,1664,1
8068,765642,231936,1664,1
8069,1536714,465854,1664,1
8070,667494,202205,1664,1
8071,774852,234727,1664,1
8072,1035330,313602,1664,1
8073,613826,185964,1664,1
8074,688098,208439,1664,1
8075,413182,125178,1664,1
8076,525296,159124,1664,1
8077,731098,221453,1664,1
8078,1195727,364677,1664,1
8079,506956,153614,1664,1
8080,981943,297785,1664,1
8081,715212,216679,1664,1
8082,1291504,391489,1664,1
8083,644618,195276,1664,1
8084,987954,300160,1664,1
8085,687458,208394,1664,1
8086,488782,148110,1664,1
8087,718546,217710,1664,1
8088,1927412,583961,1664,1
8089,484804,146932,1664,1
8090,416144,126140,1664,1
8091,642828,194716,1664,1
8092,636604,192838,1664,1
8093,687810,208362,1664,1
8094,596904,180833,1664,1
8095,485752,147169,1664,1
8096,671148,203309,1664,1
8097,582820,176525,1664,1
8098,906924,274724,1664,1
8099,847070,256712,1664,1
8100,580528,175858,1664,1
8101,425674,128980,1664,1
8102,636230,192741,1664,1
8103,878453,266666,1664,1
8104,939032,284445,1664,1
8105,1626109,492997,1664,1
8106,786482,238242,1664,1
8107,523098,158542,1664,1
8108,952304,288438,1664,1
8109,815093,247190,1664,1
8110,882372,267579,1664,1
8111,705866,213831,1664,1
8112,541548,164052,1664,1
8113,682756,206850,1664,1
8114,535000,162058,1664,1
8115,598056,181352,1664,1
8116,707976,214668,1664,1
8117,676284,204898,1664,1
8118,796400,241250,1664,1
8119,780072,236298,1664,1
8120,557620,168941,1664,1
8121,1201378,363880,1664,1
8122,732630,221936,1664,1
8123,646372,195856,1664,1
8124,1282456,388476,1664,1
8125,791268,239693,1664,1
8126,1069078,323824,1664,1
8127,1345228,407472,1664,1
8128,2278270,690716,1664,1
8129,1049492,317901,1664,1
8130,489240,148243,1664,1
8131,497558,151067,1664,1
8132,986980,299074,1664,1
8133,624292,189135,1664,1
8134,558674,169258,1664,1
8135,590660,178952,1664,1
8136,754300,228530,1664,1
8137,1164884,353200,1664,1
8138,638614,193481,1664,1
8139,758020,229625,1664,1
8140,434904,131783,1664,1
8141,531796,161121,1664,1
8142,1367506,414273,1664,1
8143,1148242,347956,1664,1
8144,1244606,377012,1664,1
8145,515810,156532,1664,1
8146,1221996,370128,1664,1
8147,1150562,348455,1664,1
8148,3720201,1127258,1664,1
8149,534748,162045,1664,1
8150,679834,206089,1664,1
8151,1765776,534787,1664,1
8152,1076465,326429,1664,1
8153,931097,283766,1664,1
8154,736296,223302,1664,1
8155,1675928,508222,1664,1
8156,965402,292432,1664,1
8157,809306,245107,1664,1
8158,536020,162392,1664,1
8159,647732,196197,1664,1
8160,527252,159732,1664,1
8161,854654,258906,1664,1
8162,1375962,416728,1664,1
8163,673802,204099,1664,1
8164,1437706,435438,1664,1
8165,747100,226293,1664,1
8166,731490,221599,1664,1
8167,1144654,346839,1664,1
8168,772594,234074,1664,1
8169,551444,167074,1664,1
8170,700734,212283,1664,1
8171,598800,181410,1664,1
8172,720716,218348,1664,1
8173,644352,195187,1664,1
8174,611224,185177,1664,1
8175,1170394,354488,1664,1
8176,1427794,432841,1664,1
8177,1235860,374551,1664,1
8178,664564,201293,1664,1
8179,633972,192069,1664,1
8180,527578,160711,1664,1
8181,516226,156416,1664,1
8182,481592,145915,1664,1
8183,1527618,462948,1664,1
8184,1085470,328837,1664,1
8185,352948,106945,1664,1
8186,406690,123203,1664,1
8187,646470,195858,1664,1
8188,6603493,2000420,1664,1
8189,1901336,575911,1664,1
8190,780732,236530,1664,1
8191,571984,173294,1664,1
8192,516968,156616,1664,1
8193,407668,123495,1664,1
8194,741214,224594,1664,1
8195,2823743,855462,1664,1
8196,765476,231903,1664,1
8197,678750,205631,1664,1
8198,1323150,401023,1664,1
8199,358274,108561,1664,1
8200,429316,130084,1664,1
8201,1290692,391050,1664,1
8202,1435718,435174,1664,1
8203,683764,207130,1664,1
8204,700534,212233,1664,1
8205,909166,275726,1664,1
8206,953680,288900,1664,1
8207,1605196,486378,1664,1
8208,606342,183685,1664,1
8209,1918186,580951,1664,1
8210,1359961,412254,1664,1
8211,941092,285437,1664,1
8212,1519429,460579,1664,1
8213,467264,141598,1664,1
8214,409640,124109,1664,1
8215,676472,204906,1664,1
8216,351398,106441,1664,1
8217,613254,185781,1664,1
8218,513170,155434,1664,1
8219,455188,137873,1664,1
8220,334384,101324,1664,1
8221,706982,214148,1664,1
8222,444342,134637,1664,1
8223,449060,136056,1664,1
8224,665990,201857,1664,1
8225,537826,162943,1664,1
8226,628278,190311,1664,1
8227,509654,154381,1664,1
8228,454940,137832,1664,1
8229,397738,120513,1664,1
8230,507230,153643,1664,1
8231,1573632,476779,1664,1
8232,522030,158128,1664,1
8233,441060,133627,1664,1
8234,852196,258133,1664,1
8235,339410,102829,1664,1
8236,503612,152566,1664,1
8237,1184178,358734,1664,1
8238,892904,270463,1664,1
8239,627204,189968,1664,1
8240,415360,125816,1664,1
8241,544122,164850,1664,1
8242,645396,195517,1664,1
8243,574098,173944,1664,1
8244,815740,247120,1664,1
8245,936172,283758,1664,1
8246,590298,178883,1664,1
8247,781554,236751,1664,1
8248,501742,152009,1664,1
8249,1161474,351987,1664,1
8250,492340,149215,1664,1
8251,510380,154630,1664,1
8252,727262,220282,1664,1
8253,795030,240910,1664,1
8254,827130,250532,1664,1
8255,609712,184670,1664,1
8256,716078,217293,1664,1
8257,340780,103260,1664,1
8258,767010,232295,1664,1
8259,1012966,306819,1664,1
8260,385156,116726,1664,1
8261,362456,109833,1664,1
8262,947450,287008,1664,1
8263,2315833,702084,1664,1
8264,1113666,337327,1664,1
8265,635566,192536,1664,1
8266,392846,119043,1664,1
8267,579548,175541,1664,1
8268,424164,128474,1664,1
8269,370750,112322,1664,1
8270,450158,136497,1664,1
8271,847896,256829,1664,1
8272,639812,193831,1664,1
8273,1008700,305535,1664,1
8274,762670,231034,1664,1
8275,673120,203903,1664,1
8276,334870,101479,1664,1
8277,595282,180551,1664,1
8278,752488,227939,1664,1
8279,513916,155696,1664,1
8280,602598,182547,1664,1
8281,513026,155423,1664,1
8282,798472,241854,1664,1
8283,794146,240572,1664,1
8284,1058312,320573,1664,1
8285,677084,205116,1664,1
8286,732072,221758,1664,1
8287,945648,286421,1664,1
8288,660452,200038,1664,1
8289,954084,289267,1664,1
8290,1115194,337978,1664,1
8291,625340,189447,1664,1
8292,491144,148770,1664,1
8293,815064,246900,1664,1
8294,451326,136718,1664,1
8295,789094,239021,1664,1
8296,1107766,335525,1664,1
8297,552852,167483,1664,1
8298,739014,223840,1664,1
8299,1684418,510153,1664,1
8300,852264,258168,1664,1
8301,722214,218783,1664,1
8302,1523370,461395,1664,1
8303,1340560,406151,1664,1
8304,1037180,314294,1664,1
8305,896258,271666,1664,1
8306,976304,296333,1664,1
8307,661482,200776,1664,1
8308,2365210,716437,1664,1
8309,1442724,436980,1664,1
8310,623400,188877,1664,1
8311,1030046,312443,1664,1
8312,660324,200035,1664,1
8313,928226,281791,1664,1
8314,427782,129595,1664,1
8315,566786,171697,1664,1
8316,676938,205031,1664,1
8317,512606,155260,1664,1
8318,502888,152586,1664,1
8319,444780,134754,1664,1
8320,665348,201565,1664,1
8321,558572,169211,1664,1
8322,623930,189021,1664,1
8323,504880,152947,1664,1
8324,601814,182349,1664,1
8325,372150,112734,1664,1
8326,445822,135064,1664,1
8327,410128,124254,1664,1
8328,339978,102998,1664,1
8329,413024,125107,1664,1
8330,519454,157370,1664,1
8331,344422,104360,1664,1
8332,538804,163188,1664,1
8333,328744,99582,1664,1
8334,386044,116932,1664,1
8335,376160,114068,1664,1
8336,1319368,400725,1664,1
8337,1695620,514116,1664,1
8338,603024,182675,1664,1
8339,852656,258269,1664,1
8340,333380,100984,1664,1
8341,878684,266158,1664,1
8342,623332,188824,1664,1
8343,437808,132659,1664,1
8344,1061584,321868,1664,1
8345,586290,177670,1664,1
8346,603948,182955,1664,1
8347,426404,129200,1664,1
8348,433780,131416,1664,1
8349,806304,244239,1664,1
8350,572076,173287,1664,1
8351,360296,109177,1664,1
8352,433366,131275,1664,1
8353,612316,185492,1664,1
8354,616744,186821,1664,1
8355,493498,149520,1664,1
8356,422704,128150,1664,1
8357,356872,108131,1664,1
8358,450246,136408,1664,1
8359,379340,114932,1664,1
8360,380584,115293,1664,1
8361,555590,168321,1664,1
8362,567394,171868,1664,1
8363,603010,182909,1664,1
8364,873926,264695,1664,1
8365,310004,93921,1664,1
8366,712534,215796,1664,1
8367,359786,108996,1664,1
8368,310646,94099,1664,1
8369,355810,107802,1664,1
8370,300002,90905,1664,1
8371,400088,121182,1664,1
8372,643358,194852,1664,1
8373,304086,92111,1664,1
8374,621826,188460,1664,1
8375,457308,138537,1664,1
8376,740916,224498,1664,1
8377,352024,106660,1664,1
8378,302842,91761,1664,1
8379,313944,95142,1664,1
8380,864712,261887,1664,1
8381,344754,104455,1664,1
8382,437016,132395,1664,1
8383,481816,145956,1664,1
8384,487954,147869,1664,1
8385,341056,103337,1664,1
8386,617714,187122,1664,1
8387,518910,157187,1664,1
8388,1532368,464110,1664,1
8389,1273946,385825,1664,1
8390,587436,178069,1664,1
8391,411634,124705,1664,1
8392,371470,112539,1664,1
8393,312556,94678,1664,1
8394,779416,236099,1664,1
8395,913136,276604,1664,1
8396,668444,202481,1664,1
8397,534302,161874,1664,1
8398,491946,149043,1664,1
8399,498290,150973,1664,1
8400,498620,151160,1664,1
8401,741368,224581,1664,1
8402,830778,251759,1664,1
8403,617940,187240,1664,1
8404,519690,157447,1664,1
8405,586142,177554,1664,1
8406,598828,181374,1664,1
8407,739122,224434,1664,1
8408,827972,250875,1664,1
8409,892100,270313,1664,1
8410,617752,187126,1664,1
8411,840684,254819,1664,1
8412,692126,209820,1664,1
8413,1452993,440913,1664,1
8414,816050,247250,1664,1
8415,562120,170366,1664,1
8416,427672,129757,1664,1
8417,536700,162589,1664,1
8418,604532,183140,1664,1
8419,635704,192600,1664,1
8420,534826,161997,1664,1
8421,604068,183044,1664,1
8422,546196,165480,1664,1
8423,856786,259522,1664,1
8424,845291,256541,1664,1
8425,616980,186892,1664,1
8426,742144,224834,1664,1
8427,939198,284650,1664,1
8428,611428,185381,1664,1
8429,711720,215591,1664,1
8430,796854,241383,1664,1
8431,554452,167977,1664,1
8432,468158,141862,1664,1
8433,767630,232537,1664,1
8434,477400,144629,1664,1
8435,759252,229996,1664,1
8436,420424,127379,1664,1
8437,791842,239820,1664,1
8438,406012,122980,1664,1
8439,527920,159943,1664,1
8440,353274,107041,1664,1
8441,789798,239220,1664,1
8442,709858,215065,1664,1
8443,568758,172315,1664,1
8444,654318,198218,1664,1
8445,1267350,383866,1664,1
8446,583268,176682,1664,1
8447,1785674,541269,1664,1
8448,1101175,334064,1664,1
8449,12057767,3652154,1664,1
8450,4109542,1244770,1664,1
8451,725502,219786,1664,1
8452,892694,270586,1664,1
8453,409188,123975,1664,1
8454,621312,188237,1664,1
8455,410832,124470,1664,1
8456,688472,208542,1664,1
8457,604238,183051,1664,1
8458,519066,157230,1664,1
8459,679736,205897,1664,1
8460,781448,236669,1664,1
8461,722342,218827,1664,1
8462,841354,254877,1664,1
8463,552526,167393,1664,1
8464,994620,301264,1664,1
8465,740140,224361,1664,1
8466,634962,192355,1664,1
8467,1068600,323684,1664,1
8468,637860,193215,1664,1
8469,888722,269196,1664,1
8470,1014220,307239,1664,1
8471,837344,253702,1664,1
8472,660384,200056,1664,1
8473,1647702,499269,1664,1
8474,702402,212976,1664,1
8475,1323192,400997,1664,1
8476,1384127,419515,1664,1
8477,1086462,329096,1664,1
8478,964064,292154,1664,1
8479,861320,261038,1664,1
8480,1519012,460157,1664,1
8481,789568,239467,1664,1
8482,1161348,351761,1664,1
8483,1261172,382031,1664,1
8484,941378,285145,1664,1
8485,891208,270027,1664,1
8486,777888,235612,1664,1
8487,1000650,303098,1664,1
8488,954250,289050,1664,1
8489,2655368,804291,1664,1
8490,809874,245415,1664,1
8491,2577083,781204,1664,1
8492,1428978,432795,1664,1
8493,517936,156916,1664,1
8494,627730,190164,1664,1
8495,1642338,497492,1664,1
8496,578302,175205,1664,1
8497,1639914,496971,1664,1
8498,552544,167404,1664,1
8499,1584658,480684,1664,1
8500,757546,229470,1664,1
8501,702792,212899,1664,1
8502,934662,283125,1664,1
8503,1222818,370461,1664,1
8504,1769896,536024,1664,1
8505,657202,199102,1664,1
8506,540160,163658,1664,1
8507,1118020,338633,1664,1
8508,582488,176480,1664,1
8509,853856,258661,1664,1
8510,855584,259148,1664,1
8511,741180,224519,1664,1
8512,1428260,432630,1664,1
8513,1422840,430944,1664,1
8514,791466,239766,1664,1
8515,1237226,374756,1664,1
8516,560768,169912,1664,1
8517,574500,174014,1664,1
8518,1436078,434932,1664,1
8519,1963342,595506,1664,1
8520,992196,300597,1664,1
8521,743276,225176,1664,1
8522,1398421,423926,1664,1
8523,1424182,431683,1664,1
8524,605528,183488,1664,1
8525,3264243,989482,1664,1
8526,603150,182734,1664,1
8527,558636,169241,1664,1
8528,2129802,645685,1664,1
8529,977462,296071,1664,1
8530,1845945,559927,1664,1
8531,662208,200609,1664,1
8532,1139922,345580,1664,1
8533,1432358,433849,1664,1
8534,618044,187243,1664,1
8535,2331956,706239,1664,1
8536,792604,240102,1664,1
8537,658278,199413,1664,1
8538,1093616,332146,1664,1
8539,578594,175293,1664,1
8540,1743810,528121,1664,1
8541,813330,246388,1664,1
8542,1060700,321251,1664,1
8543,658546,199457,1664,1
8544,1849880,561066,1664,1
8545,545806,165325,1664,1
8546,1606140,486890,1664,1
8547,2313483,701373,1664,1
8548,581406,176140,1664,1
8549,1231546,372990,1664,1
8550,652002,197490,1664,1
8551,645368,195533,1664,1
8552,632408,191581,1664,1
8553,513458,155535,1664,1
8554,384692,116591,1664,1
8555,582498,176451,1664,1
8556,741810,224724,1664,1
8557,443228,134285,1664,1
8558,600052,181787,1664,1
8559,443668,134428,1664,1
8560,324906,98447,1664,1
8561,374510,113456,1664,1
8562,374556,113485,1664,1
8563,1352992,409777,1664,1
8564,1476224,447379,1664,1
8565,427744,129576,1664,1
8566,325474,98619,1664,1
8567,380394,115252,1664,1
8568,319134,96669,1664,1
8569,323454,97982,1664,1
8570,788818,238897,1664,1
8571,523400,158533,1664,1
8572,463146,140323,1664,1
8573,325428,98605,1664,1
8574,374424,113442,1664,1
8575,371752,112621,1664,1
8576,421072,127641,1664,1
8577,529184,160278,1664,1
8578,713848,216243,1664,1
8579,611360,185239,1664,1
8580,833828,252568,1664,1
8581,674284,204279,1664,1
8582,609766,184693,1664,1
8583,446166,135164,1664,1
8584,403526,122256,1664,1
8585,394382,119501,1664,1
8586,609404,184585,1664,1
8587,760094,230255,1664,1
8588,794524,241577,1664,1
8589,673804,204094,1664,1
8590,337242,102184,1664,1
8591,657344,199190,1664,1
8592,802848,243617,1664,1
8593,972064,294435,1664,1
8594,718748,217732,1664,1
8595,526204,159391,1664,1
8596,639378,193656,1664,1
8597,704682,213435,1664,1
8598,449452,136182,1664,1
8599,375022,113595,1664,1
8600,637138,192994,1664,1
8601,325998,98787,1664,1
8602,373996,113313,1664,1
8603,371220,112441,1664,1
8604,995186,301385,1664,1
8605,458712,138978,1664,1
8606,362846,109936,1664,1
8607,362906,109957,1664,1
8608,434254,131574,1664,1
8609,516636,156588,1664,1
8610,697222,211230,1664,1
8611,364930,110565,1664,1
8612,518318,157016,1664,1
8613,311464,94347,1664,1
8614,719236,217840,1664,1
8615,707536,214326,1664,1
8616,418754,126841,1664,1
8617,343146,103985,1664,1
8618,1319738,399713,1664,1
8619,537506,162833,1664,1
8620,708396,214576,1664,1
8621,791540,240357,1664,1
8622,1167963,354099,1664,1
8623,910596,275915,1664,1
8624,488172,147897,1664,1
8625,555324,168233,1664,1
8626,560694,169853,1664,1
8627,696076,210846,1664,1
8628,479506,145285,1664,1
8629,912800,276588,1664,1
8630,618892,187481,1664,1
8631,370962,112380,1664,1
8632,519712,157423,1664,1
8633,316028,95757,1664,1
8634,612084,185432,1664,1
8635,566468,171602,1664,1
8636,660052,199951,1664,1
8637,525434,159536,1664,1
8638,925698,280633,1664,1
8639,816454,247273,1664,1
8640,691532,209616,1664,1
8641,486152,147284,1664,1
8642,468258,141876,1664,1
8643,936430,284010,1664,1
8644,657188,199093,1664,1
8645,560522,169886,1664,1
8646,685966,207787,1664,1
8647,670062,203057,1664,1
8648,1972342,597322,1664,1
8649,915862,277429,1664,1
8650,562500,170430,1664,1
8651,565028,171178,1664,1
8652,663706,201049,1664,1
8653,600626,181942,1664,1
8654,686378,207925,1664,1
8655,572466,173418,1664,1
8656,1298818,393388,1664,1
8657,826898,250497,1664,1
8658,771250,233959,1664,1
8659,907204,275150,1664,1
8660,543570,164677,1664,1
8661,485468,147074,1664,1
8662,753122,228236,1664,1
8663,1161050,351837,1664,1
8664,1583842,480092,1664,1
8665,583550,176813,1664,1
8666,601640,182255,1664,1
8667,591192,179080,1664,1
8668,1119244,340299,1664,1
8669,565286,171241,1664,1
8670,984172,298194,1664,1
8671,544458,164922,1664,1
8672,1425058,431609,1664,1
8673,723868,219246,1664,1
8674,704438,213357,1664,1
8675,678082,205408,1664,1
8676,1122298,339935,1664,1
8677,1437012,435302,1664,1
8678,1929844,585042,1664,1
8679,659316,199733,1664,1
8680,593666,179868,1664,1
8681,782054,237079,1664,1
8682,683798,207188,1664,1
8683,942354,285435,1664,1
8684,1378664,417708,1664,1
8685,771075,234620,1664,1
8686,1274740,386113,1664,1
8687,895558,271247,1664,1
8688,596620,180738,1664,1
8689,472176,143011,1664,1
8690,722642,218887,1664,1
8691,503512,152508,1664,1
8692,1066046,322881,1664,1
8693,921468,279510,1664,1
8694,745942,225955,1664,1
8695,470368,142513,1664,1
8696,1007112,305046,1664,1
8697,553190,167598,1664,1
8698,549728,166537,1664,1
8699,548052,166172,1664,1
8700,1349532,408752,1664,1
8701,818088,248148,1664,1
8702,847775,257168,1664,1
8703,502264,152172,1664,1
8704,572040,173322,1664,1
8705,867052,262624,1664,1
8706,508506,154040,1664,1
8707,874591,265370,1664,1
8708,1331488,403270,1664,1
8709,1010068,305946,1664,1
8710,694824,210471,1664,1
8711,1260276,381809,1664,1
8712,1383464,419251,1664,1
8713,525548,159207,1664,1
8714,2001458,606295,1664,1
8715,1071026,324401,1664,1
8716,388202,117611,1664,1
8717,647146,196041,1664,1
8718,337552,102300,1664,1
8719,428278,129721,1664,1
8720,506700,153613,1664,1
8721,447360,135534,1664,1
8722,392698,118996,1664,1
8723,576480,174643,1664,1
8724,623046,188742,1664,1
8725,381550,115616,1664,1
8726,496702,150443,1664,1
8727,337340,102220,1664,1
8728,493822,149570,1664,1
8729,855658,259151,1664,1
8730,426106,129106,1664,1
8731,630460,190988,1664,1
8732,350114,106093,1664,1
8733,336178,101848,1664,1
8734,448236,135812,1664,1
8735,654654,198337,1664,1
8736,643696,194994,1664,1
8737,697338,211250,1664,1
8738,1324112,401449,1664,1
8739,643680,195000,1664,1
8740,653424,197941,1664,1
8741,348212,105506,1664,1
8742,337150,102142,1664,1
8743,443808,134454,1664,1
8744,481060,145749,1664,1
8745,442894,134149,1664,1
8746,462720,140364,1664,1
8747,1266688,383845,1664,1
8748,518622,157304,1664,1
8749,563034,170639,1664,1
8750,545428,165247,1664,1
8751,343862,104186,1664,1
8752,634216,192126,1664,1
8753,479016,145129,1664,1
8754,446032,135100,1664,1
8755,341526,103484,1664,1
8756,463984,140575,1664,1
8757,387956,117534,1664,1
8758,342378,103714,1664,1
8759,553856,167750,1664,1
8760,337670,102288,1664,1
8761,382934,116020,1664,1
8762,838868,254079,1664,1
8763,628746,190454,1664,1
8764,423350,128229,1664,1
8765,740658,224344,1664,1
8766,426662,129260,1664,1
8767,321028,97263,1664,1
8768,318440,96458,1664,1
8769,429456,130106,1664,1
8770,355862,107837,1664,1
8771,528270,160030,1664,1
8772,529364,160332,1664,1
8773,378784,114733,1664,1
8774,673534,203988,1664,1
8775,812196,246044,1664,1
8776,581430,176159,1664,1
8777,738144,223606,1664,1
8778,675840,204731,1664,1
8779,565264,171243,1664,1
8780,1597356,483785,1664,1
8781,326696,98993,1664,1
8782,357184,108236,1664,1
8783,447468,135562,1664,1
8784,630588,191064,1664,1
8785,370860,112333,1664,1
8786,426164,129113,1664,1
8787,529406,160343,1664,1
8788,371756,112607,1664,1
8789,368270,111551,1664,1
8790,372812,112928,1664,1
8791,418328,126707,1664,1
8792,614280,186071,1664,1
8793,459862,139364,1664,1
8794,317216,96123,1664,1
8795,618818,187462,1664,1
8796,340420,103162,1664,1
8797,633342,191831,1664,1
8798,922270,279359,1664,1
8799,536542,162543,1664,1
8800,531818,161123,1664,1
8801,514864,155979,1664,1
8802,680970,206285,1664,1
8803,522806,158387,1664,1
8804,592388,179465,1664,1
8805,1152214,349309,1664,1
8806,1293250,391949,1664,1
8807,400662,121407,1664,1
8808,939304,284604,1664,1
8809,711036,215374,1664,1
8810,1019814,309226,1664,1
8811,548354,166125,1664,1
8812,973215,295171,1664,1
8813,381070,115471,1664,1
8814,425846,129019,1664,1
8815,670516,203139,1664,1
8816,383516,116211,1664,1
8817,309494,93778,1664,1
8818,453568,137381,1664,1
8819,1430708,433503,1664,1
8820,900110,272647,1664,1
8821,3110254,942844,1664,1
8822,302658,91710,1664,1
8823,395904,119914,1664,1
8824,295132,89405,1664,1
8825,465792,141723,1664,1
8826,452754,137171,1664,1
8827,430050,130293,1664,1
8828,512914,155358,1664,1
8829,505618,153156,1664,1
8830,453668,137444,1664,1
8831,528212,160019,1664,1
8832,315484,95590,1664,1
8833,322440,97672,1664,1
8834,541770,164137,1664,1
8835,583050,176604,1664,1
8836,295118,89415,1664,1
8837,869826,263451,1664,1
8838,522150,158190,1664,1
8839,438880,133279,1664,1
8840,544204,164964,1664,1
8841,694786,210880,1664,1
8842,1017462,308172,1664,1
8843,484538,146764,1664,1
8844,486154,147254,1664,1
8845,566878,171737,1664,1
8846,714564,216606,1664,1
8847,488322,147938,1664,1
8848,1318368,399756,1664,1
8849,883490,267644,1664,1
8850,472316,143094,1664,1
8851,667802,202305,1664,1
8852,448918,136011,1664,1
8853,316274,95834,1664,1
8854,328352,99501,1664,1
8855,739790,224086,1664,1
8856,917868,277989,1664,1
8857,712380,215796,1664,1
8858,812068,246968,1664,1
8859,1062631,322305,1664,1
8860,621912,188421,1664,1
8861,1066666,323067,1664,1
8862,619178,187570,1664,1
8863,623929,189410,1664,1
8864,537014,162699,1664,1
8865,589836,178695,1664,1
8866,686580,208010,1664,1
8867,593180,179698,1664,1
8868,1116790,338353,1664,1
8869,593160,179693,1664,1
8870,506570,153473,1664,1
8871,526610,159542,1664,1
8872,727544,220398,1664,1
8873,821080,248746,1664,1
8874,874860,265026,1664,1
8875,521234,157897,1664,1
8876,532946,161466,1664,1
8877,1081906,327846,1664,1
8878,598108,181158,1664,1
8879,727826,220526,1664,1
8880,505742,153233,1664,1
8881,406344,123110,1664,1
8882,389388,117976,1664,1
8883,743976,225331,1664,1
8884,413102,125180,1664,1
8885,629356,190657,1664,1
8886,761250,230582,1664,1
8887,383152,116059,1664,1
8888,453942,137504,1664,1
8889,337280,102210,1664,1
8890,595308,180318,1664,1
8891,332024,100593,1664,1
8892,692158,209683,1664,1
8893,843686,255568,1664,1
8894,730198,221209,1664,1
8895,873936,264732,1664,1
8896,360798,109320,1664,1
8897,477098,144522,1664,1
8898,362330,109784,1664,1
8899,358346,108548,1664,1
8900,699484,211852,1664,1
8901,481640,145916,1664,1
8902,383020,116067,1664,1
8903,388886,117841,1664,1
8904,565778,171372,1664,1
8905,561370,170029,1664,1
8906,344508,104390,1664,1
8907,563142,170580,1664,1
8908,512150,155168,1664,1
8909,1129254,341993,1664,1
8910,1008904,305602,1664,1
8911,620430,187961,1664,1
8912,1827716,553573,1664,1
8913,507454,153799,1664,1
8914,364442,110426,1664,1
8915,418034,126651,1664,1
8916,359480,108903,1664,1
8917,2984872,904667,1664,1
8918,1189754,360460,1664,1
8919,781272,236689,1664,1
8920,864772,261951,1664,1
8921,562956,170555,1664,1
8922,653130,197855,1664,1
8923,881258,266926,1664,1
8924,645870,195624,1664,1
8925,633984,192125,1664,1
8926,482742,146257,1664,1
8927,350574,106213,1664,1
8928,354198,107293,1664,1
8929,765984,232065,1664,1
8930,1761996,533649,1664,1
8931,344046,104245,1664,1
8932,981986,297425,1664,1
8933,651002,197192,1664,1
8934,989634,299753,1664,1
8935,426342,129152,1664,1
8936,777794,235777,1664,1
8937,376748,114153,1664,1
8938,517620,156802,1664,1
8939,693712,210230,1664,1
8940,756194,229140,1664,1
8941,528334,160077,1664,1
8942,591994,179343,1664,1
8943,1046244,317311,1664,1
8944,784260,237562,1664,1
8945,1381330,418787,1664,1
8946,1028803,312351,1664,1
8947,972590,294761,1664,1
8948,1217852,369030,1664,1
8949,695998,210840,1664,1
8950,582490,176464,1664,1
8951,3033092,918776,1664,1
8952,399064,120915,1664,1
8953,412790,125043,1664,1
8954,567400,171859,1664,1
8955,1022982,311110,1664,1
8956,1014448,307280,1664,1
8957,1330260,402909,1664,1
8958,763102,231128,1664,1
8959,853332,258539,1664,1
8960,403610,122292,1664,1
8961,423138,128196,1664,1
8962,610752,185027,1664,1
8963,626940,189923,1664,1
8964,660326,200039,1664,1
8965,351620,106528,1664,1
8966,593592,179775,1664,1
8967,488918,148123,1664,1
8968,545494,165219,1664,1
8969,352136,106662,1664,1
8970,454166,137678,1664,1
8971,373690,113220,1664,1
8972,358828,108746,1664,1
8973,616664,186805,1664,1
8974,409376,124026,1664,1
8975,402776,122032,1664,1
8976,406192,123082,1664,1
8977,662662,201390,1664,1
8978,391648,118651,1664,1
8979,344658,104397,1664,1
8980,525112,159056,1664,1
8981,1041136,315725,1664,1
8982,470676,142853,1664,1
8983,727198,220300,1664,1
8984,643592,194956,1664,1
8985,786910,238570,1664,1
8986,493094,149396,1664,1
8987,568772,172291,1664,1
8988,499472,151307,1664,1
8989,317146,96084,1664,1
8990,519242,157280,1664,1
8991,941988,285322,1664,1
8992,677674,205325,1664,1
8993,617654,187110,1664,1
8994,529742,160479,1664,1
8995,405852,122978,1664,1
8996,467814,141703,1664,1
8997,661776,200466,1664,1
8998,318256,96425,1664,1
8999,317720,96269,1664,1
9000,322966,97861,1664,1
9001,314582,95318,1664,1
9002,511018,154774,1664,1
9003,562206,170318,1664,1
9004,294784,89294,1664,1
9005,450770,136529,1664,1
9006,457490,138593,1664,1
9007,457488,138669,1664,1
9008,355822,107808,1664,1
9009,308484,93473,1664,1
9010,1029194,312062,1664,1
9011,719434,217928,1664,1
9012,618162,187336,1664,1
9013,440384,133482,1664,1
9014,1188744,360060,1664,1
9015,574118,174375,1664,1
9016,433298,131302,1664,1
9017,752790,228040,1664,1
9018,1816296,550616,1664,1
9019,507160,153672,1664,1
9020,483604,146497,1664,1
9021,649968,196955,1664,1
9022,577526,174958,1664,1
9023,867158,262664,1664,1
9024,648930,196544,1664,1
9025,375344,113735,1664,1
9026,414970,125718,1664,1
9027,506690,153498,1664,1
9028,484534,146774,1664,1
9029,1137694,344765,1664,1
9030,695936,210811,1664,1
9031,412346,124939,1664,1
9032,315534,95580,1664,1
9033,514892,155948,1664,1
9034,532374,161282,1664,1
9035,422644,128051,1664,1
9036,436438,132233,1664,1
9037,331332,100393,1664,1
9038,481828,145938,1664,1
9039,542846,164420,1664,1
9040,670578,203138,1664,1
9041,377696,114435,1664,1
9042,430438,130814,1664,1
9043,634646,192252,1664,1
9044,871356,263961,1664,1
9045,629036,190535,1664,1
9046,721138,218442,1664,1
9047,502334,152195,1664,1
9048,1874686,567751,1664,1
9049,599390,181579,1664,1
9050,475238,143981,1664,1
9051,577720,175054,1664,1
9052,469196,142156,1664,1
9053,481158,145776,1664,1
9054,370034,112127,1664,1
9055,332202,100647,1664,1
9056,935218,283241,1664,1
9057,2467674,747401,1664,1
9058,832320,252093,1664,1
9059,819580,248259,1664,1
9060,579238,175478,1664,1
9061,709082,214781,1664,1
9062,578502,175255,1664,1
9063,897822,271964,1664,1
9064,441120,133654,1664,1
9065,457906,138861,1664,1
9066,482528,146193,1664,1
9067,593070,179689,1664,1
9068,586358,177645,1664,1
9069,1056040,320345,1664,1
9070,687210,208414,1664,1
9071,729176,220883,1664,1
9072,570224,172745,1664,1
9073,874560,264896,1664,1
9074,502488,152228,1664,1
9075,972838,294678,1664,1
9076,565784,171401,1664,1
9077,1007826,305585,1664,1
9078,983020,298380,1664,1
9079,661796,201054,1664,1
9080,672460,203722,1664,1
9081,512484,155278,1664,1
9082,505552,153148,1664,1
9083,764172,231475,1664,1
9084,607064,183887,1664,1
9085,539342,163368,1664,1
9086,1176294,356438,1664,1
9087,1411834,427801,1664,1
9088,1926703,583824,1664,1
9089,1218717,369478,1664,1
9090,608500,184365,1664,1
9091,512914,155418,1664,1
9092,1065820,322877,1664,1
9093,1181966,358131,1664,1
9094,746390,226113,1664,1
9095,506726,153493,1664,1
9096,1481482,448712,1664,1
9097,396500,120128,1664,1
9098,395802,119918,1664,1
9099,444304,134589,1664,1
9100,760866,230447,1664,1
9101,396418,120088,1664,1
9102,693760,210157,1664,1
9103,461664,139879,1664,1
9104,679602,205873,1664,1
9105,560066,169674,1664,1
9106,386644,117121,1664,1
9107,709278,214924,1664,1
9108,669698,202877,1664,1
9109,560512,169811,1664,1
9110,571792,173229,1664,1
9111,518084,156964,1664,1
9112,874016,264796,1664,1
9113,911849,276583,1664,1
9114,522756,158363,1664,1
9115,528432,160108,1664,1
9116,873182,264498,1664,1
9117,873550,264651,1664,1
9118,545764,165318,1664,1
9119,577318,174954,1664,1
9120,623554,188883,1664,1
9121,507914,154114,1664,1
9122,962950,291697,1664,1
9123,329234,99759,1664,1
9124,426292,129153,1664,1
9125,625944,189608,1664,1
9126,450984,136613,1664,1
9127,332326,100665,1664,1
9128,724606,219500,1664,1
9129,904390,273953,1664,1
9130,561358,170038,1664,1
9131,638728,193498,1664,1
9132,573126,173642,1664,1
9133,1065260,322657,1664,1
9134,676502,204930,1664,1
9135,572452,173438,1664,1
9136,777596,235546,1664,1
9137,647346,196281,1664,1
9138,651376,197300,1664,1
9139,504930,152977,1664,1
9140,1209988,366507,1664,1
9141,805992,244159,1664,1
9142,551066,166979,1664,1
9143,666676,201980,1664,1
9144,478082,144848,1664,1
9145,590660,178922,1664,1
9146,633202,191832,1664,1
9147,1337540,405201,1664,1
9148,705724,213780,1664,1
9149,865736,262405,1664,1
9150,516524,156596,1664,1
9151,422060,127872,1664,1
9152,547630,165913,1664,1
9153,511732,155023,1664,1
9154,357954,108429,1664,1
9155,504766,152932,1664,1
9156,571058,173005,1664,1
9157,359488,108915,1664,1
9158,544128,164849,1664,1
9159,874156,264809,1664,1
9160,367564,111374,1664,1
9161,765324,231828,1664,1
9162,816148,247499,1664,1
9163,350446,106200,1664,1
9164,569364,172476,1664,1
9165,464160,140620,1664,1
9166,408406,123734,1664,1
9167,830954,251890,1664,1
9168,1319076,399550,1664,1
9169,760110,230266,1664,1
9170,697686,211337,1664,1
9171,556292,168572,1664,1
9172,719280,217887,1664,1
9173,863716,261628,1664,1
9174,1781118,539956,1664,1
9175,2313662,701229,1664,1
9176,552536,167391,1664,1
9177,1222730,370402,1664,1
9178,764412,231586,1664,1
9179,1330864,403198,1664,1
9180,847286,256661,1664,1
9181,679430,205798,1664,1
9182,951478,288589,1664,1
9183,364864,110567,1664,1
9184,819224,248137,1664,1
9185,449706,136243,1664,1
9186,326720,98968,1664,1
9187,556554,168629,1664,1
9188,784104,237551,1664,1
9189,676318,204898,1664,1
9190,786144,238133,1664,1
9191,1075802,325942,1664,1
9192,862422,261239,1664,1
9193,1032772,313296,1664,1
9194,652662,197719,1664,1
9195,652880,197781,1664,1
9196,886472,268507,1664,1
9197,1367584,414435,1664,1
9198,330670,100193,1664,1
9199,485930,147193,1664,1
9200,328034,99376,1664,1
9201,353170,106981,1664,1
9202,389140,117921,1664,1
9203,368878,111766,1664,1
9204,630780,191065,1664,1
9205,512278,155159,1664,1
9206,308972,93595,1664,1
9207,415148,125772,1664,1
9208,369802,112041,1664,1
9209,406030,123009,1664,1
9210,932662,282483,1664,1
9211,407572,123489,1664,1
9212,351434,106470,1664,1
9213,352302,106739,1664,1
9214,305122,92456,1664,1
9215,745230,225934,1664,1
9216,519224,157291,1664,1
9217,903169,274050,1664,1
9218,1058938,320737,1664,1
9219,488282,147933,1664,1
9220,654712,198370,1664,1
9221,757724,229519,1664,1
9222,658354,199421,1664,1
9223,981225,297477,1664,1
9224,1022900,310139,1664,1
9225,583680,176816,1664,1
9226,1002298,303590,1664,1
9227,755176,228752,1664,1
9228,552012,167236,1664,1
9229,506488,153431,1664,1
9230,602214,182415,1664,1
9231,382398,115863,1664,1
9232,745890,225897,1664,1
9233,510430,154716,1664,1
9234,1110846,336414,1664,1
9235,374586,113492,1664,1
9236,419984,127238,1664,1
9237,320644,97155,1664,1
9238,368840,111723,1664,1
9239,372780,112915,1664,1
9240,421254,127595,1664,1
9241,473746,143517,1664,1
9242,320950,97250,1664,1
9243,588690,178327,1664,1
9244,404456,122538,1664,1
9245,548428,166143,1664,1
9246,507404,153707,1664,1
9247,710390,215175,1664,1
9248,400574,121330,1664,1
9249,352378,106749,1664,1
9250,301392,91308,1664,1
9251,350690,106223,1664,1
9252,1177018,356479,1664,1
9253,396764,120203,1664,1
9254,549182,166346,1664,1
9255,300920,91161,1664,1
9256,345276,104582,1664,1
9257,428654,129872,1664,1
9258,579584,175576,1664,1
9259,1250306,379189,1664,1
9260,641110,194230,1664,1
9261,621122,188192,1664,1
9262,709946,215072,1664,1
9263,869904,263478,1664,1
9264,481690,145962,1664,1
9265,477622,144674,1664,1
9266,713529,216485,1664,1
9267,1065166,322637,1664,1
9268,584770,177146,1664,1
9269,309774,93860,1664,1
9270,426134,129100,1664,1
9271,521094,157861,1664,1
9272,674786,204396,1664,1
9273,1283262,389021,1664,1
9274,571958,173307,1664,1
9275,1341944,406547,1664,1
9276,562620,170443,1664,1
9277,524398,158846,1664,1
9278,701788,212718,1664,1
9279,567826,172104,1664,1
9280,678346,205490,1664,1
9281,738558,223820,1664,1
9282,773376,234423,1664,1
9283,477266,144739,1664,1
9284,444556,134685,1664,1
9285,1085182,328676,1664,1
9286,708612,214644,1664,1
9287,754952,228721,1664,1
9288,707706,214357,1664,1
9289,806850,244409,1664,1
9290,612208,185462,1664,1
9291,1408672,426715,1664,1
9292,977556,296107,1664,1
9293,617890,187178,1664,1
9294,768556,232812,1664,1
9295,803920,243851,1664,1
9296,3204516,971429,1664,1
9297,681532,206470,1664,1
9298,854912,258958,1664,1
9299,816503,247631,1664,1
9300,1144355,346830,1664,1
9301,670060,203385,1664,1
9302,1260083,381941,1664,1
9303,1093397,331511,1664,1
9304,490844,148709,1664,1
9305,623380,188940,1664,1
9306,763584,231369,1664,1
9307,2084542,631721,1664,1
9308,882158,267204,1664,1
9309,561578,170143,1664,1
9310,882384,267291,1664,1
9311,561662,170171,1664,1
9312,568924,172369,1664,1
9313,680246,206069,1664,1
9314,781406,236736,1664,1
9315,555180,168207,1664,1
9316,736302,223070,1664,1
9317,846362,256383,1664,1
9318,783514,237335,1664,1
9319,679080,205694,1664,1
9320,1273889,386207,1664,1
9321,476236,144410,1664,1
9322,371940,112717,1664,1
9323,1179989,357883,1664,1
9324,576812,174753,1664,1
9325,1131938,342861,1664,1
9326,391492,118636,1664,1
9327,1172062,355013,1664,1
9328,1183840,358662,1664,1
9329,578454,175250,1664,1
9330,605772,183541,1664,1
9331,689832,208971,1664,1
9332,1050504,318401,1664,1
9333,628300,190326,1664,1
9334,414052,125445,1664,1
9335,639202,193623,1664,1
9336,762470,230987,1664,1
9337,705732,213763,1664,1
9338,1110214,336248,1664,1
9339,571698,173502,1664,1
9340,561148,170010,1664,1
9341,1254016,379827,1664,1
9342,615644,186506,1664,1
9343,753062,228124,1664,1
9344,638650,193488,1664,1
9345,630094,190889,1664,1
9346,1627142,493154,1664,1
9347,555144,168189,1664,1
9348,1458113,441937,1664,1
9349,2897936,877971,1664,1
9350,1036904,314071,1664,1
9351,971060,294122,1664,1
9352,650336,197002,1664,1
9353,554946,168142,1664,1
9354,627126,190071,1664,1
9355,825338,249986,1664,1
9356,665884,201707,1664,1
9357,890658,269796,1664,1
9358,1119934,339191,1664,1
9359,738842,223813,1664,1
9360,532872,161442,1664,1
9361,410894,124495,1664,1
9362,461926,139940,1664,1
9363,515548,156209,1664,1
9364,891566,270060,1664,1
9365,746558,226196,1664,1
9366,913932,277143,1664,1
9367,1090747,330662,1664,1
9368,569980,172676,1664,1
9369,690860,209285,1664,1
9370,735348,222762,1664,1
9371,676502,204941,1664,1
9372,1145180,346842,1664,1
9373,1044918,316721,1664,1
9374,1025248,310855,1664,1
9375,732218,221816,1664,1
9376,980294,297021,1664,1
9377,756340,229096,1664,1
9378,468548,141948,1664,1
9379,350052,106067,1664,1
9380,565048,171153,1664,1
9381,646776,195900,1664,1
9382,634906,192340,1664,1
9383,529456,160420,1664,1
9384,871034,263854,1664,1
9385,671448,203413,1664,1
9386,872366,264324,1664,1
9387,566564,171627,1664,1
9388,352032,106635,1664,1
9389,723400,219174,1664,1
9390,757042,229338,1664,1
9391,497982,150874,1664,1
9392,529790,160527,1664,1
9393,790530,239468,1664,1
9394,461014,140077,1664,1
9395,592068,179369,1664,1
9396,506518,153816,1664,1
9397,763278,231216,1664,1
9398,1023236,310048,1664,1
9399,578668,175312,1664,1
9400,578242,175239,1664,1
9401,656064,198750,1664,1
9402,952556,288731,1664,1
9403,532610,161366,1664,1
9404,845504,256120,1664,1
9405,684296,207306,1664,1
9406,8408652,2547479,1664,1
9407,544066,164832,1664,1
9408,1484302,449559,1664,1
9409,944406,286081,1664,1
9410,631194,191202,1664,1
9411,532718,161382,1664,1
9412,555864,168378,1664,1
9413,758338,230115,1664,1
9414,740524,224332,1664,1
9415,1594274,482950,1664,1
9416,690846,209274,1664,1
9417,596776,181418,1664,1
9418,1368132,414459,1664,1
9419,1390650,421461,1664,1
9420,604478,183123,1664,1
9421,465708,141088,1664,1
9422,569154,172425,1664,1
9423,746652,226239,1664,1
9424,984992,298390,1664,1
9425,5840424,1769587,1664,1
9426,857418,260022,1664,1
9427,2657154,805562,1664,1
9428,1371748,415793,1664,1
9429,934138,283410,1664,1
9430,586624,177746,1664,1
9431,543284,164600,1664,1
9432,1015548,307783,1664,1
9433,813062,246373,1664,1
9434,567826,172026,1664,1
9435,731566,221612,1664,1
9436,538934,163262,1664,1
9437,488308,147953,1664,1
9438,657628,199212,1664,1
9439,650526,197071,1664,1
9440,1496978,453878,1664,1
9441,953670,289085,1664,1
9442,480340,145531,1664,1
9443,592128,179411,1664,1
9444,744850,225637,1664,1
9445,4417609,1338553,1664,1
9446,929254,281481,1664,1
9447,1354053,410634,1664,1
9448,1278950,387732,1664,1
9449,627536,190205,1664,1
9450,763860,231460,1664,1
9451,552326,167332,1664,1
9452,539360,163404,1664,1
9453,521068,157979,1664,1
9454,727980,220662,1664,1
9455,618900,187782,1664,1
9456,884116,268032,1664,1
9457,533532,161656,1664,1
9458,605210,183354,1664,1
9459,696114,210880,1664,1
9460,844678,255857,1664,1
9461,963840,291959,1664,1
9462,541086,164006,1664,1
9463,906922,274698,1664,1
9464,709008,214781,1664,1
9465,734802,222666,1664,1
9466,817410,248091,1664,1
9467,1118654,338837,1664,1
9468,1085330,329310,1664,1
9469,1796542,544311,1664,1
9470,2339371,708836,1664,1
9471,582706,176609,1664,1
9472,1577758,477963,1664,1
9473,1220176,369575,1664,1
9474,625870,189697,1664,1
9475,651394,197619,1664,1
9476,1393574,422219,1664,1
9477,755240,228774,1664,1
9478,476776,144451,1664,1
9479,689512,208855,1664,1
9480,794330,240635,1664,1
9481,881032,266937,1664,1
9482,516868,156642,1664,1
9483,503566,152568,1664,1
9484,528044,159981,1664,1
9485,599744,181676,1664,1
9486,1453882,440623,1664,1
9487,732300,221833,1664,1
9488,1621363,491866,1664,1
9489,5126752,1553301,1664,1
9490,1253014,379623,1664,1
9491,415394,125853,1664,1
9492,471130,142704,1664,1
9493,790582,239462,1664,1
9494,901161,273647,1664,1
9495,534062,161790,1664,1
9496,966750,292948,1664,1
9497,986944,298967,1664,1
9498,968832,293451,1664,1
9499,1716022,520138,1664,1
9500,337692,102325,1664,1
9501,610942,185068,1664,1
9502,794124,240577,1664,1
9503,842322,255165,1664,1
9504,861262,260879,1664,1
9505,895470,271257,1664,1
9506,687748,208623,1664,1
9507,355928,107815,1664,1
9508,406684,123214,1664,1
9509,741834,224699,1664,1
9510,520670,157732,1664,1
9511,1798465,545260,1664,1
9512,714398,216417,1664,1
9513,613188,185769,1664,1
9514,764034,231436,1664,1
9515,562404,170378,1664,1
9516,1211718,367267,1664,1
9517,891026,269945,1664,1
9518,542600,164398,1664,1
9519,1489143,451317,1664,1
9520,923082,279588,1664,1
9521,625750,189593,1664,1
9522,818972,248086,1664,1
9523,697524,211326,1664,1
9524,792672,240133,1664,1
9525,708282,214570,1664,1
9526,1991348,603074,1664,1
9527,618058,187375,1664,1
9528,803902,243503,1664,1
9529,625826,189588,1664,1
9530,642628,194684,1664,1
9531,928852,281603,1664,1
9532,794336,240617,1664,1
9533,346684,105042,1664,1
9534,485982,147428,1664,1
9535,435046,131819,1664,1
9536,438894,132976,1664,1
9537,709962,215050,1664,1
9538,459120,139093,1664,1
9539,411000,124523,1664,1
9540,437172,132519,1664,1
9541,928452,281220,1664,1
9542,797101,241988,1664,1
9543,669502,202913,1664,1
9544,625990,189659,1664,1
9545,1001442,303499,1664,1
9546,531056,161159,1664,1
9547,558894,169278,1664,1
9548,1066069,323494,1664,1
9549,734387,222786,1664,1
9550,341876,103590,1664,1
9551,790872,239736,1664,1
9552,878452,266322,1664,1
9553,994644,301362,1664,1
9554,722266,218787,1664,1
9555,480010,145430,1664,1
9556,1287826,390058,1664,1
9557,806492,244450,1664,1
9558,579150,175419,1664,1
9559,491434,148904,1664,1
9560,642310,194671,1664,1
9561,773096,234202,1664,1
9562,469632,142289,1664,1
9563,533672,161672,1664,1
9564,509444,154466,1664,1
9565,706964,214137,1664,1
9566,475040,144185,1664,1
9567,614252,186072,1664,1
9568,526186,159403,1664,1
9569,622616,188578,1664,1
9570,601506,182742,1664,1
9571,540360,163704,1664,1
9572,1546998,469193,1664,1
9573,918452,278474,1664,1
9574,1034506,313599,1664,1
9575,5558538,1684016,1664,1
9576,1259011,382240,1664,1
9577,619700,187882,1664,1
9578,905372,274252,1664,1
9579,940972,285042,1664,1
9580,530490,160714,1664,1
9581,1015292,307561,1664,1
9582,530936,160861,1664,1
9583,394624,119564,1664,1
9584,719828,218063,1664,1
9585,748360,226797,1664,1
9586,505092,153033,1664,1
9587,598616,182137,1664,1
9588,571022,172992,1664,1
9589,802256,243025,1664,1
9590,519164,157278,1664,1
9591,638448,193390,1664,1
9592,339586,102961,1664,1
9593,392108,118785,1664,1
9594,338792,102647,1664,1
9595,437070,132428,1664,1
9596,340108,103024,1664,1
9597,391098,118464,1664,1
9598,710799,215629,1664,1
9599,511538,154985,1664,1
9600,479920,145399,1664,1
9601,824300,249733,1664,1
9602,875336,265125,1664,1
9603,440170,133349,1664,1
9604,441280,133702,1664,1
9605,788250,238778,1664,1
9606,519696,157475,1664,1
9607,991100,300307,1664,1
9608,710751,215737,1664,1
9609,386986,117268,1664,1
9610,611314,185174,1664,1
9611,446842,135390,1664,1
9612,1249140,378632,1664,1
9613,824394,249833,1664,1
9614,587022,177836,1664,1
9615,1153810,349635,1664,1
9616,770832,233531,1664,1
9617,784848,237751,1664,1
9618,552492,167349,1664,1
9619,535840,162608,1664,1
9620,1086194,329094,1664,1
9621,396852,120263,1664,1
9622,556194,168503,1664,1
9623,877410,265822,1664,1
9624,1364280,413805,1664,1
9625,808250,244989,1664,1
9626,694272,210312,1664,1
9627,638624,193884,1664,1
9628,657194,199095,1664,1
9629,898808,272299,1664,1
9630,668904,202647,1664,1
9631,956348,289710,1664,1
9632,1071450,324733,1664,1
9633,1603357,486342,1664,1
9634,1061488,321536,1664,1
9635,1191900,361032,1664,1
9636,648362,196488,1664,1
9637,956724,289790,1664,1
9638,840662,254686,1664,1
9639,761476,230673,1664,1
9640,785300,237840,1664,1
9641,572990,173588,1664,1
9642,1579092,478268,1664,1
9643,749434,227006,1664,1
9644,851244,257852,1664,1
9645,605448,183438,1664,1
9646,899740,272537,1664,1
9647,1839666,557152,1664,1
9648,737524,223419,1664,1
9649,740096,224193,1664,1
9650,752312,227893,1664,1
9651,916914,277744,1664,1
9652,4420022,1339832,1664,1
9653,3454768,1046673,1664,1
9654,592014,179358,1664,1
9655,2707687,820599,1664,1
9656,631826,191401,1664,1
9657,716886,217161,1664,1
9658,750686,227400,1664,1
9659,959994,290769,1664,1
9660,902562,273667,1664,1
9661,905962,274424,1664,1
9662,756594,229196,1664,1
9663,1107144,335307,1664,1
9664,910354,275755,1664,1
9665,536582,162569,1664,1
9666,563926,170810,1664,1
9667,1195602,362123,1664,1
9668,547384,165834,1664,1
9669,644702,195313,1664,1
9670,751840,227909,1664,1
9671,643166,194846,1664,1
9672,6226378,1888452,1664,1
9673,1394032,422211,1664,1
9674,950438,287903,1664,1
9675,486550,147408,1664,1
9676,649186,196701,1664,1
9677,662822,200843,1664,1
9678,525732,159585,1664,1
9679,618268,187307,1664,1
9680,516704,156552,1664,1
9681,1239586,375644,1664,1
9682,1394854,422515,1664,1
9683,710308,215497,1664,1
9684,1015880,307700,1664,1
9685,860142,260587,1664,1
9686,454958,137871,1664,1
9687,653538,198034,1664,1
9688,593968,179951,1664,1
9689,873818,264681,1664,1
9690,548672,166226,1664,1
9691,948112,287297,1664,1
9692,1582316,480389,1664,1
9693,517938,156873,1664,1
9694,842938,255286,1664,1
9695,831640,252358,1664,1
9696,861414,261281,1664,1
9697,1058000,320442,1664,1
9698,831026,251798,1664,1
9699,1513035,458597,1664,1
9700,710314,215320,1664,1
9701,598290,181267,1664,1
9702,635876,192646,1664,1
9703,560998,169957,1664,1
9704,480816,145680,1664,1
9705,1105296,334904,1664,1
9706,602718,182729,1664,1
9707,719956,218313,1664,1
9708,530338,160765,1664,1
9709,1111308,336693,1664,1
9710,636076,192686,1664,1
9711,750582,227360,1664,1
9712,686646,208000,1664,1
9713,342020,103629,1664,1
9714,599964,181761,1664,1
9715,544082,164845,1664,1
9716,579728,175636,1664,1
9717,1024774,310385,1664,1
9718,340938,103276,1664,1
9719,494678,149870,1664,1
9720,396468,120087,1664,1
9721,1011758,306451,1664,1
9722,563488,170692,1664,1
9723,657760,199239,1664,1
9724,341378,103438,1664,1
9725,1029718,311861,1664,1
9726,654888,198360,1664,1
9727,441916,133851,1664,1
9728,520956,157830,1664,1
9729,342012,103629,1664,1
9730,427546,129556,1664,1
9731,545430,165577,1664,1
9732,769262,233019,1664,1
9733,501724,152006,1664,1
9734,596796,180798,1664,1
9735,518060,156957,1664,1
9736,439414,133120,1664,1
9737,582058,176315,1664,1
9738,450582,136478,1664,1
9739,526992,159626,1664,1
9740,492228,149125,1664,1
9741,601716,182285,1664,1
9742,698400,211560,1664,1
9743,517866,156891,1664,1
9744,619882,187795,1664,1
9745,511646,155011,1664,1
9746,936198,283585,1664,1
9747,1339276,405868,1664,1
9748,751394,227794,1664,1
9749,1039810,314944,1664,1
9750,519850,157492,1664,1
9751,743470,225446,1664,1
9752,485344,147032,1664,1
9753,687422,208219,1664,1
9754,543242,164569,1664,1
9755,840822,254715,1664,1
9756,431200,130636,1664,1
9757,403722,122303,1664,1
9758,482980,146344,1664,1
9759,727780,220825,1664,1
9760,1627914,493684,1664,1
9761,717304,217277,1664,1
9762,497524,150727,1664,1
9763,396148,120024,1664,1
9764,496292,150348,1664,1
9765,338494,102552,1664,1
9766,499540,151302,1664,1
9767,633548,191925,1664,1
9768,1518736,460658,1664,1
9769,563655,171072,1664,1
9770,879218,266307,1664,1
9771,517882,156930,1664,1
9772,1137666,344562,1664,1
9773,392068,118773,1664,1
9774,454982,137851,1664,1
9775,370210,112173,1664,1
9776,320844,97203,1664,1
9777,464562,140751,1664,1
9778,837928,253762,1664,1
9779,866760,262527,1664,1
9780,596478,180789,1664,1
9781,479580,145291,1664,1
9782,671234,203337,1664,1
9783,475326,143968,1664,1
9784,321522,97395,1664,1
9785,561254,170031,1664,1
9786,372854,112955,1664,1
9787,420376,127330,1664,1
9788,317372,96136,1664,1
9789,475590,144075,1664,1
9790,327006,99083,1664,1
9791,475866,144157,1664,1
9792,525274,159120,1664,1
9793,319544,96794,1664,1
9794,480206,145476,1664,1
9795,1166384,353524,1664,1
9796,358478,108632,1664,1
9797,548850,166263,1664,1
9798,390286,118220,1664,1
9799,338306,102504,1664,1
9800,448184,135776,1664,1
9801,684618,207389,1664,1
9802,696290,210907,1664,1
9803,685824,207851,1664,1
9804,611202,185162,1664,1
9805,329522,99845,1664,1
9806,428250,129729,1664,1
9807,338920,102682,1664,1
9808,558226,169105,1664,1
9809,1049691,318345,1664,1
9810,633346,191849,1664,1
9811,1170198,354650,1664,1
9812,546248,165455,1664,1
9813,678090,205439,1664,1
9814,2254916,682908,1664,1
9815,592866,179604,1664,1
9816,607930,184483,1664,1
9817,591980,179351,1664,1
9818,547190,165787,1664,1
9819,1148694,348022,1664,1
9820,875064,265064,1664,1
9821,434188,131555,1664,1
9822,617208,186986,1664,1
9823,548444,166153,1664,1
9824,1081946,327723,1664,1
9825,804294,243618,1664,1
9826,1108064,335623,1664,1
9827,1059410,320905,1664,1
9828,566534,171636,1664,1
9829,1528150,463296,1664,1
9830,2453255,743673,1664,1
9831,587222,177926,1664,1
9832,1012444,306703,1664,1
9833,518628,157115,1664,1
9834,1655284,501442,1664,1
9835,1065130,322626,1664,1
9836,630570,191034,1664,1
9837,574382,174023,1664,1
9838,739300,224268,1664,1
9839,540634,163809,1664,1
9840,668502,202518,1664,1
9841,1363100,412998,1664,1
9842,610066,184811,1664,1
9843,440932,133556,1664,1
9844,446554,135273,1664,1
9845,335528,101650,1664,1
9846,363826,110237,1664,1
9847,454618,137734,1664,1
9848,386724,117173,1664,1
9849,866004,262335,1664,1
9850,702316,212748,1664,1
9851,574016,173914,1664,1
9852,576200,174547,1664,1
9853,402442,121918,1664,1
9854,492414,149215,1664,1
9855,685260,207701,1664,1
9856,936330,285081,1664,1
9857,924080,279909,1664,1
9858,1041676,315543,1664,1
9859,1131126,342614,1664,1
9860,405922,122982,1664,1
9861,351448,106486,1664,1
9862,470322,142486,1664,1
9863,556460,168583,1664,1
9864,678998,205644,1664,1
9865,404870,122656,1664,1
9866,353678,107161,1664,1
9867,727984,220742,1664,1
9868,816028,247189,1664,1
9869,616456,186759,1664,1
9870,828386,251195,1664,1
9871,629494,190684,1664,1
9872,531136,160915,1664,1
9873,697214,211246,1664,1
9874,731284,221509,1664,1
9875,453138,137296,1664,1
9876,591218,179119,1664,1
9877,1111176,336592,1664,1
9878,817100,247524,1664,1
9879,617868,187172,1664,1
9880,402028,121796,1664,1
9881,351972,106647,1664,1
9882,388138,117605,1664,1
9883,440036,133311,1664,1
9884,408324,123712,1664,1
9885,382662,115913,1664,1
9886,441472,133767,1664,1
9887,696634,211026,1664,1
9888,501124,152432,1664,1
9889,337640,102308,1664,1
9890,331970,100560,1664,1
9891,408996,123919,1664,1
9892,568532,172224,1664,1
9893,583668,176831,1664,1
9894,400112,121227,1664,1
9895,418050,126634,1664,1
9896,348760,105646,1664,1
9897,1005346,304509,1664,1
9898,653056,197818,1664,1
9899,341242,103399,1664,1
9900,402688,121998,1664,1
9901,493936,149636,1664,1
9902,335216,101545,1664,1
9903,577724,175028,1664,1
9904,1201657,364262,1664,1
9905,617648,187131,1664,1
9906,610340,185061,1664,1
9907,764842,231925,1664,1
9908,383676,116264,1664,1
9909,931218,282048,1664,1
9910,395760,119872,1664,1
9911,533428,161594,1664,1
9912,358776,108727,1664,1
9913,498448,151008,1664,1
9914,521856,158101,1664,1
9915,426028,129037,1664,1
9916,479574,145251,1664,1
9917,1338500,405484,1664,1
9918,494454,149814,1664,1
9919,809928,245317,1664,1
9920,488576,148019,1664,1
9921,599702,181806,1664,1
9922,726992,220224,1664,1
9923,807230,244733,1664,1
9924,487670,147731,1664,1
9925,431124,130729,1664,1
9926,388590,117754,1664,1
9927,451010,136647,1664,1
9928,721128,218490,1664,1
9929,508820,154155,1664,1
9930,557922,169021,1664,1
9931,687678,208319,1664,1
9932,783722,237416,1664,1
9933,533224,161538,1664,1
9934,776688,235251,1664,1
9935,504180,152754,1664,1
9936,488588,148010,1664,1
9937,900011,273445,1664,1
9938,405652,122915,1664,1
9939,647358,196058,1664,1
9940,598914,181388,1664,1
9941,774484,234626,1664,1
9942,904678,274027,1664,1
9943,321770,97499,1664,1
9944,386470,117086,1664,1
9945,316152,95779,1664,1
9946,840384,254552,1664,1
9947,692590,209802,1664,1
9948,673513,204447,1664,1
9949,866948,262599,1664,1
9950,408402,123739,1664,1
9951,768622,232783,1664,1
9952,345002,104543,1664,1
9953,476944,144499,1664,1
9954,551656,167103,1664,1
9955,1547880,469078,1664,1
9956,913326,276622,1664,1
9957,1145056,346820,1664,1
9958,386892,117220,1664,1
9959,488644,148028,1664,1
9960,693326,210081,1664,1
9961,905898,274396,1664,1
9962,512790,155355,1664,1
9963,1463470,443238,1664,1
9964,1014116,307157,1664,1
9965,517678,156839,1664,1
9966,576600,174665,1664,1
9967,601702,182273,1664,1
9968,492532,149205,1664,1
9969,488780,148083,1664,1
9970,437692,132604,1664,1
9971,539816,163511,1664,1
9972,682966,206871,1664,1
9973,359690,108952,1664,1
9974,411500,124672,1664,1
9975,562132,170266,1664,1
9976,561868,170172,1664,1
9977,470870,142647,1664,1
9978,620986,188106,1664,1
9979,387738,117487,1664,1
9980,577412,174908,1664,1
9981,958634,290360,1664,1
9982,316202,95784,1664,1
9983,312862,94774,1664,1
9984,815317,247475,1664,1
9985,1620768,491313,1664,1
9986,687318,208199,1664,1
9987,768196,233195,1664,1
9988,821244,248757,1664,1
9989,557984,169035,1664,1
9990,1143244,346275,1664,1
9991,544434,164995,1664,1
9992,535136,162305,1664,1
9993,592012,179364,1664,1
9994,346234,104913,1664,1
9995,1021494,309397,1664,1
9996,396476,120097,1664,1
9997,339218,102754,1664,1
9998,650376,197017,1664,1
9999,344642,104412,1664,1
