iter,cycles,time_ns,peak_rss_kb,ok
0,1429236,432853,1536,1
1,2325614,704293,1536,1
2,2107922,638375,1536,1
3,10708168,3242620,1536,1
4,5195168,1575426,1536,1
5,2997946,909072,1536,1
6,2769126,838576,1536,1
7,3908801,1184952,1536,1
8,2740308,829940,1536,1
9,1189428,360784,1536,1
10,1405110,425589,1536,1
11,3026446,924306,1536,1
12,10223908,3099916,1536,1
13,3222356,975913,1536,1
14,4885818,1480831,1536,1
15,2206848,668335,1536,1
16,6976448,2114587,1536,1
17,4522870,1370170,1536,1
18,1140792,345520,1536,1
19,2090385,634178,1536,1
20,4692222,1422090,1536,1
21,1124254,340487,1536,1
22,776524,235189,1536,1
23,1068178,323523,1536,1
24,9215313,2792055,1536,1
25,812176,245992,1536,1
26,6375628,1932158,1536,1
27,1165390,353695,1536,1
28,3413880,1034453,1536,1
29,1281274,388110,1536,1
30,3295238,997908,1536,1
31,1221006,369788,1536,1
32,2413322,730858,1536,1
33,1747008,529119,1536,1
34,1927256,583733,1536,1
35,877968,265916,1536,1
36,1669192,505516,1536,1
37,1378954,417645,1536,1
38,2691410,815119,1536,1
39,2162465,655196,1536,1
40,2960198,896700,1536,1
41,5082428,1539198,1536,1
42,2382592,721757,1536,1
43,2172956,658197,1536,1
44,3165698,959384,1536,1
45,1063466,322532,1536,1
46,1943010,588636,1536,1
47,3854252,1168366,1536,1
48,4959994,1502467,1536,1
49,2034446,616920,1536,1
50,7473372,2269134,1536,1
51,1749098,529724,1536,1
52,1170695,355851,1536,1
53,3105708,940520,1536,1
54,1599204,484314,1536,1
55,856744,259461,1536,1
56,4069779,1233919,1536,1
57,855840,259187,1536,1
58,4849857,1469163,1536,1
59,2639157,800233,1536,1
60,1310904,397190,1536,1
61,854474,258886,1536,1
62,2489246,754067,1536,1
63,1300320,393843,1536,1
64,4763044,1442921,1536,1
65,2483798,755333,1536,1
66,4062066,1231173,1536,1
67,1970424,597259,1536,1
68,2465916,746780,1536,1
69,5562642,1685639,1536,1
70,3002575,909796,1536,1
71,9525732,2885588,1536,1
72,9817799,2973953,1536,1
73,4044998,1225324,1536,1
74,879578,266404,1536,1
75,1358974,411657,1536,1
76,2254216,682932,1536,1
77,6884738,2085203,1536,1
78,2262444,685176,1536,1
79,933848,282844,1536,1
80,1126358,341138,1536,1
81,2625102,795944,1536,1
82,2196198,665195,1536,1
83,3382068,1024680,1536,1
84,3585598,1086036,1536,1
85,1895548,574050,1536,1
86,1067608,324228,1536,1
87,4466312,1370076,1536,1
88,2277588,690135,1536,1
89,2569416,778298,1536,1
90,1010404,306289,1536,1
91,2949248,893596,1536,1
92,1711082,518305,1536,1
93,957684,290079,1536,1
94,5171944,1567258,1536,1
95,13305936,4031481,1536,1
96,5679488,1719884,1536,1
97,2137681,649613,1536,1
98,7562054,2291697,1536,1
99,1385802,419743,1536,1
100,2613247,792259,1536,1
101,2624168,795612,1536,1
102,2259642,684322,1536,1
103,7347912,2237659,1536,1
104,1558920,472614,1536,1
105,2193752,664522,1536,1
106,866784,262545,1536,1
107,1262074,382553,1536,1
108,2413896,731212,1536,1
109,1930336,584677,1536,1
110,1413876,428213,1536,1
111,1468784,444881,1536,1
112,3127490,947301,1536,1
113,1570350,475596,1536,1
114,955154,289307,1536,1
115,10971599,3332914,1536,1
116,845814,256194,1536,1
117,4601959,1394909,1536,1
118,4269757,1293734,1536,1
119,3955560,1197939,1536,1
120,1152196,348951,1536,1
121,6698152,2028881,1536,1
122,2244662,679780,1536,1
123,5046670,1528639,1536,1
124,2219858,672710,1536,1
125,5522094,1672456,1536,1
126,1299858,393686,1536,1
127,851702,258066,1536,1
128,4014864,1216178,1536,1
129,867386,262712,1536,1
130,3424802,1037136,1536,1
131,1156374,350432,1536,1
132,822428,249089,1536,1
133,4798058,1453383,1536,1
134,2862848,866964,1536,1
135,1319352,399686,1536,1
136,926752,280707,1536,1
137,2258270,683979,1536,1
138,5509316,1669265,1536,1
139,962122,291419,1536,1
140,2003402,607475,1536,1
141,4024912,1219013,1536,1
142,1133954,343695,1536,1
143,3007806,912100,1536,1
144,2810330,851201,1536,1
145,903804,273775,1536,1
146,2683590,813045,1536,1
147,1175652,356467,1536,1
148,2027256,613931,1536,1
149,2732040,828398,1536,1
150,3120840,946128,1536,1
151,2250658,681610,1536,1
152,2232572,676123,1536,1
153,835082,252928,1536,1
154,1208926,366356,1536,1
155,2218844,672297,1536,1
156,3700414,1125759,1536,1
157,2250764,681625,1536,1
158,4852890,1471426,1536,1
159,1079446,326962,1536,1
160,9644984,2921945,1536,1
161,2137364,647300,1536,1
162,3856372,1168157,1536,1
163,6512302,1973311,1536,1
164,2781808,842424,1536,1
165,6024733,1825590,1536,1
166,1550548,469657,1536,1
167,1473806,446479,1536,1
168,2702274,818451,1536,1
169,3345086,1013302,1536,1
170,1970264,597279,1536,1
171,2647226,802218,1536,1
172,3288894,996473,1536,1
173,1567616,474754,1536,1
174,938610,284284,1536,1
175,5058544,1533457,1536,1
176,934768,283118,1536,1
177,2101816,636537,1536,1
178,6170065,1869755,1536,1
179,3828766,1159474,1536,1
180,1889642,572480,1536,1
181,7225696,2191552,1536,1
182,4843728,1468755,1536,1
183,4188840,1268853,1536,1
184,4986238,1512771,1536,1
185,2468740,747638,1536,1
186,3816875,1156979,1536,1
187,872948,264418,1536,1
188,10888550,3298947,1536,1
189,3867240,1172241,1536,1
190,1555054,470954,1536,1
191,2946250,892550,1536,1
192,4026090,1223838,1536,1
193,1473048,446108,1536,1
194,829290,251174,1536,1
195,3900756,1181267,1536,1
196,831370,251805,1536,1
197,2443580,740597,1536,1
198,986176,298683,1536,1
199,4883770,1480529,1536,1
200,1677358,507972,1536,1
201,2028586,614353,1536,1
202,1417878,429462,1536,1
203,1795500,544841,1536,1
204,3151198,954340,1536,1
205,1173592,355453,1536,1
206,2099506,636086,1536,1
207,15620716,4731555,1536,1
208,3176886,962090,1536,1
209,3318724,1005022,1536,1
210,1907120,578396,1536,1
211,3693548,1118523,1536,1
212,8866204,2686029,1536,1
213,1507742,456636,1536,1
214,2243920,679561,1536,1
215,2394629,725694,1536,1
216,853104,258382,1536,1
217,2339090,708373,1536,1
218,1489690,451562,1536,1
219,1866882,565396,1536,1
220,1261202,382075,1536,1
221,6047132,1832455,1536,1
222,1883452,570462,1536,1
223,828638,250975,1536,1
224,2363998,717333,1536,1
225,5102682,1546898,1536,1
226,1983906,600841,1536,1
227,2820988,855701,1536,1
228,1474906,446965,1536,1
229,2932542,888081,1536,1
230,6173438,1870867,1536,1
231,2658360,805168,1536,1
232,3488794,1056617,1536,1
233,1728199,524796,1536,1
234,3781886,1147119,1536,1
235,8237069,2495164,1536,1
236,1346402,407789,1536,1
237,2839986,860483,1536,1
238,1909534,578385,1536,1
239,1711672,518393,1536,1
240,1295172,392276,1536,1
241,1677560,508144,1536,1
242,2431080,736321,1536,1
243,1009686,305804,1536,1
244,2565444,778738,1536,1
245,1340926,406126,1536,1
246,1698657,514785,1536,1
247,1815483,550301,1536,1
248,13386059,4055167,1536,1
249,4393392,1330961,1536,1
250,4031128,1220751,1536,1
251,1457386,441396,1536,1
252,939430,284550,1536,1
253,1683684,509898,1536,1
254,1301856,394248,1536,1
255,2198600,665911,1536,1
256,3302366,1000079,1536,1
257,4490064,1361244,1536,1
258,6250482,1894447,1536,1
259,8785632,2661326,1536,1
260,890980,269941,1536,1
261,1924456,582822,1536,1
262,2342118,710748,1536,1
263,1939538,587402,1536,1
264,3717534,1126118,1536,1
265,916502,277584,1536,1
266,2832800,857885,1536,1
267,1257640,381016,1536,1
268,2463672,746133,1536,1
269,1243902,376727,1536,1
270,18461704,5592100,1536,1
271,1343956,407576,1536,1
272,2776882,841555,1536,1
273,3172026,961652,1536,1
274,1402086,424646,1536,1
275,2116862,641656,1536,1
276,831574,251841,1536,1
277,1288998,390482,1536,1
278,824620,249759,1536,1
279,1838916,556919,1536,1
280,2536684,768295,1536,1
281,854374,258792,1536,1
282,1738272,526434,1536,1
283,1188406,359934,1536,1
284,1146966,347489,1536,1
285,1312074,397386,1536,1
286,2284448,691831,1536,1
287,1979248,599406,1536,1
288,825018,249881,1536,1
289,2969820,899368,1536,1
290,1980816,599886,1536,1
291,2653362,803540,1536,1
292,1168116,353793,1536,1
293,1069088,323784,1536,1
294,2019528,611589,1536,1
295,802826,243158,1536,1
296,4964410,1503349,1536,1
297,7847134,2377525,1536,1
298,1524202,461622,1536,1
299,1282726,388496,1536,1
300,2105546,637637,1536,1
301,5036406,1525147,1536,1
302,1063584,322138,1536,1
303,2769878,838973,1536,1
304,3330258,1008873,1536,1
305,1132096,342851,1536,1
306,4962492,1503878,1536,1
307,3067334,928890,1536,1
308,2036472,616733,1536,1
309,1442106,436816,1536,1
310,1566260,474328,1536,1
311,2839246,859825,1536,1
312,723170,219022,1536,1
313,1649020,499460,1536,1
314,747650,226462,1536,1
315,5646395,1711490,1536,1
316,1349482,408687,1536,1
317,716620,217050,1536,1
318,2266802,686671,1536,1
319,3210634,972370,1536,1
320,1047024,317258,1536,1
321,1070654,324260,1536,1
322,5805364,1757994,1536,1
323,784504,237585,1536,1
324,1636064,495488,1536,1
325,1367136,414035,1536,1
326,782584,237005,1536,1
327,3157536,956681,1536,1
328,4972242,1506581,1536,1
329,1866158,565386,1536,1
330,7353141,2227226,1536,1
331,1671252,506125,1536,1
332,1808236,547598,1536,1
333,1433760,434232,1536,1
334,4546366,1376763,1536,1
335,7362900,2229677,1536,1
336,1186772,359425,1536,1
337,1188396,359905,1536,1
338,4391302,1329882,1536,1
339,8149818,2468086,1536,1
340,835106,252936,1536,1
341,2910446,881754,1536,1
342,2115070,640523,1536,1
343,1185450,359009,1536,1
344,1515926,459112,1536,1
345,2217612,671635,1536,1
346,1248156,377999,1536,1
347,4339273,1315052,1536,1
348,12960519,3926767,1536,1
349,2641548,800758,1536,1
350,2378078,720188,1536,1
351,3671002,1112492,1536,1
352,7993590,2422562,1536,1
353,2786766,844715,1536,1
354,1438568,435721,1536,1
355,14376425,4355468,1536,1
356,1327106,402073,1536,1
357,5977506,1811221,1536,1
358,1578656,478509,1536,1
359,8476026,2568848,1536,1
360,1231408,372942,1536,1
361,2728402,826614,1536,1
362,938368,284209,1536,1
363,2175970,659202,1536,1
364,2175524,659794,1536,1
365,1407528,426664,1536,1
366,4456206,1350596,1536,1
367,3432550,1040682,1536,1
368,1265170,383479,1536,1
369,4165853,1262702,1536,1
370,941858,285238,1536,1
371,1982780,600676,1536,1
372,1933058,585524,1536,1
373,2331090,706215,1536,1
374,7268557,2201749,1536,1
375,1952246,591243,1536,1
376,1817460,550429,1536,1
377,1495028,452757,1536,1
378,3007920,910910,1536,1
379,4449676,1347489,1536,1
380,1653022,500633,1536,1
381,6517184,1974361,1536,1
382,3071416,930961,1536,1
383,1469332,445536,1536,1
384,1343036,406764,1536,1
385,1614692,489029,1536,1
386,6490699,1966794,1536,1
387,3738672,1132187,1536,1
388,853698,258568,1536,1
389,1840734,557474,1536,1
390,1441174,436478,1536,1
391,2877096,871319,1536,1
392,2364305,717005,1536,1
393,1918398,581104,1536,1
394,806688,244328,1536,1
395,823584,249446,1536,1
396,1214766,367917,1536,1
397,1075530,325714,1536,1
398,1096656,332147,1536,1
399,2259238,684194,1536,1
400,805138,243849,1536,1
401,2564202,776541,1536,1
402,2530958,766566,1536,1
403,801654,242943,1536,1
404,3000804,908749,1536,1
405,1860802,563529,1536,1
406,824418,249716,1536,1
407,4529226,1371569,1536,1
408,3440454,1041883,1536,1
409,1100258,333243,1536,1
410,1068482,323599,1536,1
411,3161422,957398,1536,1
412,3918610,1186674,1536,1
413,1912330,579152,1536,1
414,1415918,428812,1536,1
415,3738466,1132223,1536,1
416,1885850,571134,1536,1
417,909872,275609,1536,1
418,1842326,558191,1536,1
419,6040238,1830575,1536,1
420,2071796,627440,1536,1
421,4696460,1422216,1536,1
422,1821456,551617,1536,1
423,1543106,467316,1536,1
424,1902744,576231,1536,1
425,4777350,1446715,1536,1
426,3463820,1048961,1536,1
427,2080246,629987,1536,1
428,13286224,4025204,1536,1
429,7058192,2138065,1536,1
430,898736,272207,1536,1
431,938500,284258,1536,1
432,5179818,1568713,1536,1
433,2672734,809420,1536,1
434,2767170,837985,1536,1
435,2487806,753409,1536,1
436,1683472,509827,1536,1
437,2850618,863271,1536,1
438,2989314,906149,1536,1
439,1827924,553601,1536,1
440,1149770,348234,1536,1
441,3975478,1204419,1536,1
442,1541386,467194,1536,1
443,3667219,1110891,1536,1
444,3293264,997489,1536,1
445,1311310,397160,1536,1
446,1495246,452816,1536,1
447,4518368,1369737,1536,1
448,1157676,350876,1536,1
449,3646156,1104452,1536,1
450,2311126,699922,1536,1
451,18377567,5568017,1536,1
452,1232202,373195,1536,1
453,2275304,689844,1536,1
454,4637510,1406416,1536,1
455,1909496,578294,1536,1
456,1636340,495562,1536,1
457,876044,265332,1536,1
458,2767042,838063,1536,1
459,1639086,496393,1536,1
460,1291400,391131,1536,1
461,3634264,1100570,1536,1
462,11425218,3461576,1536,1
463,2473667,750354,1536,1
464,1942400,588568,1536,1
465,2586318,783198,1536,1
466,1655944,501586,1536,1
467,2152920,651987,1536,1
468,977832,296323,1536,1
469,2607842,789740,1536,1
470,1209584,366470,1536,1
471,885054,268061,1536,1
472,1960877,594662,1536,1
473,912872,276509,1536,1
474,3215988,973907,1536,1
475,1509548,457181,1536,1
476,824310,249666,1536,1
477,2255704,686305,1536,1
478,1177398,357330,1536,1
479,1857882,562659,1536,1
480,2896632,877203,1536,1
481,3863942,1170187,1536,1
482,1639250,496451,1536,1
483,12360626,3744292,1536,1
484,3647243,1105269,1536,1
485,1305158,395278,1536,1
486,1870262,566475,1536,1
487,1709466,517718,1536,1
488,2266654,686428,1536,1
489,1475650,446881,1536,1
490,975904,296066,1536,1
491,3037110,920039,1536,1
492,880104,266579,1536,1
493,1644888,498162,1536,1
494,1422798,431337,1536,1
495,3747674,1134990,1536,1
496,1217696,368803,1536,1
497,1574674,476905,1536,1
498,2235722,677696,1536,1
499,814534,246679,1536,1
500,914992,277142,1536,1
501,2814672,852991,1536,1
502,4072112,1234371,1536,1
503,1771036,536362,1536,1
504,3431690,1039463,1536,1
505,8587128,2601681,1536,1
506,1230106,372573,1536,1
507,1445032,437667,1536,1
508,6840590,2071968,1536,1
509,5734240,1736470,1536,1
510,1151274,348662,1536,1
511,4294858,1301079,1536,1
512,1243878,376732,1536,1
513,7499152,2271057,1536,1
514,1830434,554389,1536,1
515,829510,251266,1536,1
516,1818696,550798,1536,1
517,4912394,1487615,1536,1
518,2627866,795815,1536,1
519,1917186,580572,1536,1
520,2018128,611360,1536,1
521,3508140,1062373,1536,1
522,2294678,694919,1536,1
523,1034792,313671,1536,1
524,2655557,805135,1536,1
525,2097726,635277,1536,1
526,2052834,621769,1536,1
527,774830,234676,1536,1
528,722258,218769,1536,1
529,3347432,1013679,1536,1
530,1892940,573264,1536,1
531,2794788,846405,1536,1
532,1027872,311300,1536,1
533,3253024,985159,1536,1
534,2865712,868103,1536,1
535,7393252,2238887,1536,1
536,699210,211774,1536,1
537,1558394,471983,1536,1
538,2170210,657226,1536,1
539,2386655,724046,1536,1
540,1065504,322707,1536,1
541,692902,209867,1536,1
542,2368573,718403,1536,1
543,3710592,1124341,1536,1
544,1172446,355529,1536,1
545,1172546,355130,1536,1
546,1585720,480322,1536,1
547,3062070,928142,1536,1
548,1399976,425091,1536,1
549,3356338,1016661,1536,1
550,6345424,1923097,1536,1
551,1546546,468377,1536,1
552,2331992,706245,1536,1
553,1991504,603437,1536,1
554,881318,266943,1536,1
555,4079090,1235309,1536,1
556,1942942,588412,1536,1
557,5821872,1762996,1536,1
558,1523096,461267,1536,1
559,836604,253411,1536,1
560,2503976,758284,1536,1
561,1979494,599647,1536,1
562,4037528,1222717,1536,1
563,886466,268505,1536,1
564,4955406,1500624,1536,1
565,801290,242694,1536,1
566,1466494,444122,1536,1
567,1674198,507604,1536,1
568,1706648,516863,1536,1
569,1164544,352712,1536,1
570,2097730,635289,1536,1
571,1061658,321555,1536,1
572,786192,238121,1536,1
573,1519366,460152,1536,1
574,798366,241808,1536,1
575,2552852,773135,1536,1
576,2251354,681798,1536,1
577,1439352,435905,1536,1
578,5918352,1793808,1536,1
579,2153909,656989,1536,1
580,1827786,553511,1536,1
581,1169554,354228,1536,1
582,3358970,1018397,1536,1
583,2713308,821687,1536,1
584,2998890,908353,1536,1
585,1236916,374612,1536,1
586,7171994,2171827,1536,1
587,2999462,908341,1536,1
588,6246735,1893125,1536,1
589,764836,231643,1536,1
590,1080632,327298,1536,1
591,3167630,959806,1536,1
592,1307112,395835,1536,1
593,3489720,1057195,1536,1
594,1273326,385629,1536,1
595,3660880,1110281,1536,1
596,1119032,338926,1536,1
597,796386,241227,1536,1
598,2655162,804082,1536,1
599,4419918,1338468,1536,1
600,1805964,547835,1536,1
601,4056928,1229070,1536,1
602,1104166,334410,1536,1
603,824488,249708,1536,1
604,1499058,454010,1536,1
605,849884,257412,1536,1
606,7921674,2398845,1536,1
607,1285432,389322,1536,1
608,2275006,688927,1536,1
609,1467834,444556,1536,1
610,1253134,379545,1536,1
611,1243168,376500,1536,1
612,1242292,376258,1536,1
613,1133768,343361,1536,1
614,1012802,306770,1536,1
615,1970130,596658,1536,1
616,3986926,1207385,1536,1
617,2389626,723772,1536,1
618,3076998,931916,1536,1
619,1167220,354130,1536,1
620,5491496,1664296,1536,1
621,1584230,479796,1536,1
622,1413304,428080,1536,1
623,3997379,1211593,1536,1
624,6303672,1909496,1536,1
625,5790290,1754184,1536,1
626,1382904,418830,1536,1
627,2125948,643909,1536,1
628,5934682,1797245,1536,1
629,1485050,449742,1536,1
630,1100276,333243,1536,1
631,1187108,359564,1536,1
632,1284510,389056,1536,1
633,1862554,564225,1536,1
634,1734852,525403,1536,1
635,1093766,331296,1536,1
636,3342036,1012279,1536,1
637,782840,237105,1536,1
638,1067124,323205,1536,1
639,3430046,1038727,1536,1
640,2252636,682269,1536,1
641,2500284,757189,1536,1
642,2835008,858544,1536,1
643,3580306,1085826,1536,1
644,1974832,598642,1536,1
645,6494756,1967731,1536,1
646,3013612,913084,1536,1
647,2015734,610463,1536,1
648,3290622,997223,1536,1
649,1810958,548688,1536,1
650,3689659,1118094,1536,1
651,1846512,559241,1536,1
652,7550067,2287500,1536,1
653,2268037,687474,1536,1
654,4404648,1335317,1536,1
655,1997470,605425,1536,1
656,3730838,1130768,1536,1
657,7206766,2184162,1536,1
658,6038794,1830892,1536,1
659,2675672,810319,1536,1
660,4205994,1275514,1536,1
661,4134704,1253362,1536,1
662,2695600,816823,1536,1
663,4700534,1424024,1536,1
664,3846531,1166034,1536,1
665,2166768,657306,1536,1
666,1799846,545120,1536,1
667,1861560,563786,1536,1
668,3363582,1018866,1536,1
669,7094448,2148564,1536,1
670,4304018,1303595,1536,1
671,1817918,551339,1536,1
672,9286870,2814052,1536,1
673,4063144,1231061,1536,1
674,10498711,3181350,1536,1
675,5867528,1777920,1536,1
676,1552864,471068,1536,1
677,2533502,767228,1536,1
678,2811450,851838,1536,1
679,4121756,1249793,1536,1
680,6339482,1920882,1536,1
681,1813358,549266,1536,1
682,932094,282368,1536,1
683,1332560,403603,1536,1
684,991870,300429,1536,1
685,2525470,764794,1536,1
686,2324538,703977,1536,1
687,11323276,3430697,1536,1
688,3851163,1166965,1536,1
689,1184342,358718,1536,1
690,2537106,768319,1536,1
691,2696098,817343,1536,1
692,1220522,369667,1536,1
693,1240180,375615,1536,1
694,2898252,877802,1536,1
695,3175594,961750,1536,1
696,1399194,424549,1536,1
697,1378026,417678,1536,1
698,3046322,922610,1536,1
699,3654358,1106800,1536,1
700,762272,230863,1536,1
701,2587076,783460,1536,1
702,767870,232568,1536,1
703,2351614,712321,1536,1
704,1443924,437287,1536,1
705,779688,236137,1536,1
706,1395428,422703,1536,1
707,2579498,781154,1536,1
708,908654,275224,1536,1
709,1744176,528210,1536,1
710,3240462,981394,1536,1
711,7986412,2420241,1536,1
712,2381674,721270,1536,1
713,939176,284463,1536,1
714,3693284,1119758,1536,1
715,1111690,336702,1536,1
716,5319200,1611912,1536,1
717,4105705,1244911,1536,1
718,11492340,3481965,1536,1
719,19029111,5764836,1536,1
720,1379028,417727,1536,1
721,1420248,430348,1536,1
722,3217162,974937,1536,1
723,7748138,2347650,1536,1
724,2287728,692899,1536,1
725,2389912,725375,1536,1
726,2108586,638881,1536,1
727,2856808,865523,1536,1
728,1715676,519868,1536,1
729,5258494,1592925,1536,1
730,5522729,1681884,1536,1
731,4127470,1250029,1536,1
732,3344556,1014345,1536,1
733,1564458,474415,1536,1
734,7759318,2351383,1536,1
735,2010120,609178,1536,1
736,1653516,501263,1536,1
737,4133208,1251752,1536,1
738,2274320,689198,1536,1
739,4524397,1370851,1536,1
740,1241830,376143,1536,1
741,1481326,448685,1536,1
742,8049138,2439231,1536,1
743,1191412,360887,1536,1
744,1736070,525746,1536,1
745,2807052,850090,1536,1
746,10966310,3323144,1536,1
747,4084622,1237646,1536,1
748,1627300,492843,1536,1
749,1416570,429351,1536,1
750,11702964,3545609,1536,1
751,906184,274480,1536,1
752,3636710,1101314,1536,1
753,973474,294858,1536,1
754,2475468,750394,1536,1
755,4677436,1417596,1536,1
756,1053178,318994,1536,1
757,892020,270170,1536,1
758,4196392,1271998,1536,1
759,1150374,348426,1536,1
760,3552552,1075827,1536,1
761,2925970,887305,1536,1
762,1429810,433281,1536,1
763,1931620,584972,1536,1
764,6865046,2081166,1536,1
765,1168980,354086,1536,1
766,1222946,370394,1536,1
767,3563606,1080179,1536,1
768,6221772,1885255,1536,1
769,1410372,427216,1536,1
770,2457940,744390,1536,1
771,4902744,1485682,1536,1
772,2106336,638277,1536,1
773,6664550,2020179,1536,1
774,1323614,401044,1536,1
775,3044578,922855,1536,1
776,3841104,1164208,1536,1
777,3815138,1156174,1536,1
778,1108226,335676,1536,1
779,11751512,3560592,1536,1
780,1728792,523555,1536,1
781,3761690,1139233,1536,1
782,2930812,888187,1536,1
783,2798869,848036,1536,1
784,4281051,1297328,1536,1
785,1926785,583922,1536,1
786,1362209,412974,1536,1
787,2029268,614686,1536,1
788,3582702,1084961,1536,1
789,1477442,448411,1536,1
790,924544,280115,1536,1
791,2200466,666403,1536,1
792,872810,264356,1536,1
793,1535896,465439,1536,1
794,1695716,514468,1536,1
795,4232450,1282372,1536,1
796,3213166,974085,1536,1
797,1247694,377920,1536,1
798,4153968,1257955,1536,1
799,1410806,427282,1536,1
800,816404,247288,1536,1
801,1232330,373236,1536,1
802,7929815,2402316,1536,1
803,3142084,951540,1536,1
804,1044248,316293,1536,1
805,3603448,1092024,1536,1
806,1302756,394987,1536,1
807,1577800,477852,1536,1
808,3118758,945525,1536,1
809,9466870,2869430,1536,1
810,3922628,1190071,1536,1
811,6401386,1941390,1536,1
812,2467592,747582,1536,1
813,3642414,1104141,1536,1
814,4192718,1270851,1536,1
815,23460926,7114889,1536,1
816,13386772,4056406,1536,1
817,1412156,428525,1536,1
818,1351988,409589,1536,1
819,8426304,2554832,1536,1
820,4422212,1340208,1536,1
821,1642604,497486,1536,1
822,2630392,797842,1536,1
823,1553140,470388,1536,1
824,4740499,1436262,1536,1
825,3639176,1102786,1536,1
826,10661114,3230709,1536,1
827,6674212,2022899,1536,1
828,1982232,600914,1536,1
829,9747640,2954127,1536,1
830,4383718,1329765,1536,1
831,1244306,377075,1536,1
832,832360,252101,1536,1
833,2479434,750873,1536,1
834,3674897,1113866,1536,1
835,1523886,461525,1536,1
836,876040,265349,1536,1
837,2108112,638416,1536,1
838,2578510,781001,1536,1
839,4739226,1436519,1536,1
840,7624584,2310037,1536,1
841,3727082,1129097,1536,1
842,2261036,684886,1536,1
843,2653962,804297,1536,1
844,1193772,361559,1536,1
845,2147764,650533,1536,1
846,2104572,637363,1536,1
847,1598302,484378,1536,1
848,2480967,752192,1536,1
849,1475768,446934,1536,1
850,2933361,889366,1536,1
851,5027557,1523497,1536,1
852,1309238,396530,1536,1
853,1317376,399005,1536,1
854,5393326,1634545,1536,1
855,6300046,1909989,1536,1
856,1440674,437251,1536,1
857,1969816,596582,1536,1
858,2425406,735341,1536,1
859,7588878,2298806,1536,1
860,4638956,1407499,1536,1
861,2041804,618394,1536,1
862,2508947,760837,1536,1
863,4631147,1403184,1536,1
864,4722071,1430723,1536,1
865,1696713,514661,1536,1
866,3005324,910104,1536,1
867,3401018,1030654,1536,1
868,5877010,1781497,1536,1
869,2630478,796618,1536,1
870,6506422,1971382,1536,1
871,1379752,417883,1536,1
872,877720,265842,1536,1
873,1584160,479784,1536,1
874,979136,296580,1536,1
875,3073135,931921,1536,1
876,4136093,1252833,1536,1
877,6164577,1867696,1536,1
878,1614032,488889,1536,1
879,2882114,873733,1536,1
880,4008946,1214507,1536,1
881,2527454,765593,1536,1
882,8676328,2628474,1536,1
883,1389768,420972,1536,1
884,2540212,769271,1536,1
885,1539324,466211,1536,1
886,4448921,1348942,1536,1
887,2153869,652718,1536,1
888,3076632,931721,1536,1
889,5075660,1537055,1536,1
890,2167420,656581,1536,1
891,1510286,457399,1536,1
892,3429182,1040196,1536,1
893,2446152,741840,1536,1
894,2911182,883498,1536,1
895,10953992,3319285,1536,1
896,3597764,1091607,1536,1
897,8645198,2619873,1536,1
898,11672520,3537824,1536,1
899,5401696,1643081,1536,1
900,3806440,1152715,1536,1
901,3097276,938871,1536,1
902,2641236,800529,1536,1
903,1540708,466638,1536,1
904,2956376,895781,1536,1
905,3099251,939257,1536,1
906,3431206,1039666,1536,1
907,1219120,369305,1536,1
908,1999294,605645,1536,1
909,2755083,835570,1536,1
910,3438064,1042232,1536,1
911,1146916,347781,1536,1
912,1941752,588915,1536,1
913,1299808,394535,1536,1
914,1382398,418864,1536,1
915,1638138,496123,1536,1
916,2420748,733995,1536,1
917,1198736,363097,1536,1
918,1413264,428581,1536,1
919,2253472,682454,1536,1
920,3007740,911003,1536,1
921,874224,264785,1536,1
922,4538372,1374612,1536,1
923,3866914,1171019,1536,1
924,2022284,612697,1536,1
925,1823224,552281,1536,1
926,2567203,778229,1536,1
927,2208905,669539,1536,1
928,1359888,412261,1536,1
929,1411950,428013,1536,1
930,1768636,536468,1536,1
931,853508,258508,1536,1
932,1144762,346701,1536,1
933,1224358,370823,1536,1
934,1575980,477299,1536,1
935,1459074,442115,1536,1
936,1765444,534742,1536,1
937,870032,263527,1536,1
938,835738,253143,1536,1
939,1596092,483386,1536,1
940,3514550,1065808,1536,1
941,5147532,1558798,1536,1
942,1111684,336776,1536,1
943,2852378,864533,1536,1
944,1308970,396510,1536,1
945,997302,302530,1536,1
946,3623102,1097890,1536,1
947,1865797,565677,1536,1
948,1590864,482214,1536,1
949,1231010,373176,1536,1
950,3273614,992065,1536,1
951,6085189,1844281,1536,1
952,2015682,610413,1536,1
953,816038,247161,1536,1
954,2269900,687481,1536,1
955,2981822,904784,1536,1
956,811800,245880,1536,1
957,2030894,615184,1536,1
958,1631890,494606,1536,1
959,1120900,340216,1536,1
960,1378108,417378,1536,1
961,3610980,1094660,1536,1
962,1700608,515672,1536,1
963,2401516,727348,1536,1
964,2315298,702136,1536,1
965,2903140,879180,1536,1
966,914234,276894,1536,1
967,4315965,1308043,1536,1
968,2815302,852581,1536,1
969,2360220,715154,1536,1
970,2181235,661023,1536,1
971,4709520,1427195,1536,1
972,3794348,1151344,1536,1
973,1339132,405571,1536,1
974,1836632,556753,1536,1
975,3905218,1183681,1536,1
976,5066870,1535082,1536,1
977,9091333,2754809,1536,1
978,2469588,748441,1536,1
979,2138848,648599,1536,1
980,2491490,754672,1536,1
981,4529492,1372070,1536,1
982,4150308,1257828,1536,1
983,3543728,1074146,1536,1
984,2562184,775937,1536,1
985,1256970,380683,1536,1
986,2947306,893977,1536,1
987,2059696,623980,1536,1
988,2605779,789576,1536,1
989,3439178,1042204,1536,1
990,4897733,1484436,1536,1
991,4897710,1483273,1536,1
992,7075120,2145362,1536,1
993,1572850,476366,1536,1
994,16327117,4946286,1536,1
995,6749878,2046045,1536,1
996,1080574,327312,1536,1
997,5255906,1593010,1536,1
998,5184724,1576206,1536,1
999,8485348,2571567,1536,1
1000,3151712,955781,1536,1
1001,1287832,390067,1536,1
1002,5012734,1521022,1536,1
1003,979300,296655,1536,1
1004,3596159,1089570,1536,1
1005,3263815,988996,1536,1
1006,6154810,1864864,1536,1
1007,6218308,1884662,1536,1
1008,2633994,798270,1536,1
1009,1462310,443388,1536,1
1010,7128285,2159763,1536,1
1011,1769654,537601,1536,1
1012,2103238,637082,1536,1
1013,3157566,956226,1536,1
1014,2463474,746099,1536,1
1015,1779148,538825,1536,1
1016,3277664,992667,1536,1
1017,9199722,2787328,1536,1
1018,3114854,943556,1536,1
1019,914308,276939,1536,1
1020,1844584,558639,1536,1
1021,2234504,676708,1536,1
1022,5578662,1689788,1536,1
1023,1366626,413988,1536,1
1024,1900320,575524,1536,1
1025,1933254,585681,1536,1
1026,1683928,509992,1536,1
1027,2172986,658280,1536,1
1028,3016020,913362,1536,1
1029,2622443,795559,1536,1
1030,1298766,393362,1536,1
1031,2526544,765146,1536,1
1032,5188522,1571214,1536,1
1033,1242180,376221,1536,1
1034,4337530,1313978,1536,1
1035,4592034,1392701,1536,1
1036,4596784,1392032,1536,1
1037,2148908,650787,1536,1
1038,798802,241940,1536,1
1039,5176746,1568329,1536,1
1040,1911272,579033,1536,1
1041,4454510,1349088,1536,1
1042,2435036,737759,1536,1
1043,5687314,1723579,1536,1
1044,5877273,1782092,1536,1
1045,9131037,2768219,1536,1
1046,2301412,697286,1536,1
1047,13170540,3991012,1536,1
1048,2998176,913923,1536,1
1049,3736518,1132331,1536,1
1050,2954667,895432,1536,1
1051,2344696,710105,1536,1
1052,2401984,727707,1536,1
1053,3057880,926587,1536,1
1054,5391554,1632697,1536,1
1055,5380702,1629408,1536,1
1056,4794112,1451873,1536,1
1057,3351612,1015219,1536,1
1058,4439510,1346238,1536,1
1059,1594704,483362,1536,1
1060,1740186,527953,1536,1
1061,1279008,387700,1536,1
1062,1839442,557281,1536,1
1063,3562822,1079006,1536,1
1064,1793982,543311,1536,1
1065,3521214,1066555,1536,1
1066,2129580,644931,1536,1
1067,2427830,735228,1536,1
1068,6583600,1993658,1536,1
1069,2151836,651664,1536,1
1070,852788,258278,1536,1
1071,1501888,454845,1536,1
1072,2196684,665257,1536,1
1073,2214002,670504,1536,1
1074,1950862,591124,1536,1
1075,2280626,691125,1536,1
1076,2098042,635449,1536,1
1077,2859154,866131,1536,1
1078,2106396,638029,1536,1
1079,3688966,1117137,1536,1
1080,1604428,485916,1536,1
1081,3858486,1169654,1536,1
1082,4588236,1390005,1536,1
1083,887728,268904,1536,1
1084,2852324,864339,1536,1
1085,1803077,546824,1536,1
1086,1325878,401582,1536,1
1087,5620406,1703649,1536,1
1088,2395556,725972,1536,1
1089,2397680,727217,1536,1
1090,1288324,390182,1536,1
1091,1342702,406673,1536,1
1092,3335858,1010919,1536,1
1093,4261244,1291091,1536,1
1094,3786718,1146940,1536,1
1095,1860404,564207,1536,1
1096,1719974,520983,1536,1
1097,4053820,1228027,1536,1
1098,2196444,665181,1536,1
1099,2791126,845467,1536,1
1100,1929412,584804,1536,1
1101,867808,262858,1536,1
1102,1522615,461793,1536,1
1103,2249746,681956,1536,1
1104,4221920,1279517,1536,1
1105,2879434,872237,1536,1
1106,1862642,564323,1536,1
1107,2934308,889358,1536,1
1108,1398746,423632,1536,1
1109,5752440,1743382,1536,1
1110,1951880,591126,1536,1
1111,4035488,1222090,1536,1
1112,1012017,306642,1536,1
1113,5170927,1566547,1536,1
1114,1392706,421823,1536,1
1115,3027934,917576,1536,1
1116,1773292,537188,1536,1
1117,1709076,517912,1536,1
1118,2461757,746120,1536,1
1119,2204016,667455,1536,1
1120,1784436,540497,1536,1
1121,5336564,1618117,1536,1
1122,2177682,659496,1536,1
1123,4531688,1372392,1536,1
1124,3366326,1021319,1536,1
1125,1311604,397242,1536,1
1126,1970306,596970,1536,1
1127,1348456,408470,1536,1
1128,2793224,846062,1536,1
1129,1082646,327876,1536,1
1130,3047532,922954,1536,1
1131,1250992,379032,1536,1
1132,2120478,642363,1536,1
1133,3954944,1198043,1536,1
1134,3789726,1148460,1536,1
1135,10504520,3182572,1536,1
1136,1430158,433473,1536,1
1137,3733742,1132103,1536,1
1138,3027094,917835,1536,1
1139,3183588,964242,1536,1
1140,1404490,425968,1536,1
1141,2456350,744528,1536,1
1142,2705958,819943,1536,1
1143,1349516,408715,1536,1
1144,7919166,2399363,1536,1
1145,3960260,1199401,1536,1
1146,5656254,1714614,1536,1
1147,4215198,1276704,1536,1
1148,9869760,2994503,1536,1
1149,5969418,1810278,1536,1
1150,9353076,2833193,1536,1
1151,2391072,724259,1536,1
1152,5412280,1640176,1536,1
1153,21846454,6617227,1536,1
1154,11094208,3361420,1536,1
1155,3535910,1071087,1536,1
1156,8078268,2447872,1536,1
1157,1794206,543968,1536,1
1158,5663042,1715862,1536,1
1159,2338704,708480,1536,1
1160,1612778,488878,1536,1
1161,2021604,612248,1536,1
1162,1891238,572842,1536,1
1163,2224858,674278,1536,1
1164,2264962,685931,1536,1
1165,1430450,433245,1536,1
1166,1901724,576409,1536,1
1167,2276864,689774,1536,1
1168,1277606,386959,1536,1
1169,2000196,605724,1536,1
1170,830844,251645,1536,1
1171,1449066,438851,1536,1
1172,1559636,472449,1536,1
1173,1824366,552512,1536,1
1174,2119178,641765,1536,1
1175,6380724,1933833,1536,1
1176,1341190,406247,1536,1
1177,1560526,472689,1536,1
1178,1854564,561670,1536,1
1179,901462,273056,1536,1
1180,6395604,1961125,1536,1
1181,3418662,1036901,1536,1
1182,1232450,373278,1536,1
1183,904318,273901,1536,1
1184,1355744,410612,1536,1
1185,3687266,1116824,1536,1
1186,1187324,359589,1536,1
1187,2447594,741212,1536,1
1188,859466,260286,1536,1
1189,2326598,704577,1536,1
1190,1416424,428964,1536,1
1191,1929732,584886,1536,1
1192,2272418,688181,1536,1
1193,1441832,436682,1536,1
1194,6043090,1830116,1536,1
1195,1426572,432063,1536,1
1196,6093134,1845658,1536,1
1197,3409816,1033599,1536,1
1198,845816,256183,1536,1
1199,1513826,458514,1536,1
1200,1873498,567373,1536,1
1201,2896094,877045,1536,1
1202,1207154,365599,1536,1
1203,1512544,458150,1536,1
1204,4038388,1223251,1536,1
1205,4326196,1310797,1536,1
1206,2306470,698512,1536,1
1207,2494836,756184,1536,1
1208,863162,261535,1536,1
1209,1517200,459493,1536,1
1210,1824878,552644,1536,1
1211,3016870,913700,1536,1
1212,826470,250319,1536,1
1213,821562,248835,1536,1
1214,823630,249461,1536,1
1215,1846104,559094,1536,1
1216,820046,248375,1536,1
1217,2797310,847129,1536,1
1218,2156464,653041,1536,1
1219,1461818,442725,1536,1
1220,1194284,362731,1536,1
1221,900550,272777,1536,1
1222,3260924,988021,1536,1
1223,1846019,565352,1536,1
1224,1348258,408355,1536,1
1225,842030,255050,1536,1
1226,1142648,346049,1536,1
1227,2477910,750411,1536,1
1228,1708218,517653,1536,1
1229,2135580,646747,1536,1
1230,1047740,317393,1536,1
1231,4458276,1351094,1536,1
1232,1546818,468461,1536,1
1233,742572,224910,1536,1
1234,770170,233280,1536,1
1235,745080,225669,1536,1
1236,3212818,973068,1536,1
1237,1916360,580361,1536,1
1238,785628,237961,1536,1
1239,3570418,1081243,1536,1
1240,1834058,556038,1536,1
1241,2018426,611256,1536,1
1242,7716060,2336808,1536,1
1243,2321668,703092,1536,1
1244,751136,227591,1536,1
1245,809988,245343,1536,1
1246,2181680,660774,1536,1
1247,739440,223948,1536,1
1248,1076394,326009,1536,1
1249,3490318,1056971,1536,1
1250,2780556,842042,1536,1
1251,1270098,384648,1536,1
1252,785302,237863,1536,1
1253,727088,220219,1536,1
1254,851244,257833,1536,1
1255,1809694,548044,1536,1
1256,1177296,356625,1536,1
1257,784476,237596,1536,1
1258,2923230,885245,1536,1
1259,1292490,391471,1536,1
1260,3160920,957965,1536,1
1261,4068760,1232310,1536,1
1262,1122928,340098,1536,1
1263,1088714,329726,1536,1
1264,1372974,415804,1536,1
1265,817636,247660,1536,1
1266,799498,242150,1536,1
1267,1797722,544401,1536,1
1268,1251034,378974,1536,1
1269,3785700,1146409,1536,1
1270,875088,265045,1536,1
1271,871930,264077,1536,1
1272,1648568,499277,1536,1
1273,1538040,466050,1536,1
1274,1419702,430200,1536,1
1275,1536851,466119,1536,1
1276,3437056,1041331,1536,1
1277,1995660,604387,1536,1
1278,880710,266751,1536,1
1279,2008364,608209,1536,1
1280,974830,295411,1536,1
1281,5292036,1602875,1536,1
1282,2509458,759961,1536,1
1283,1236088,374379,1536,1
1284,1427870,432404,1536,1
1285,824848,249830,1536,1
1286,1459956,442246,1536,1
1287,1143840,346907,1536,1
1288,1688736,511462,1536,1
1289,800280,242390,1536,1
1290,796564,241264,1536,1
1291,1070256,324221,1536,1
1292,2400618,727005,1536,1
1293,798702,241897,1536,1
1294,1406938,426112,1536,1
1295,801470,242737,1536,1
1296,1276048,386441,1536,1
1297,1698292,514333,1536,1
1298,809820,245322,1536,1
1299,1203152,364356,1536,1
1300,1320134,399889,1536,1
1301,788586,238845,1536,1
1302,795644,240984,1536,1
1303,1090916,330413,1536,1
1304,8753522,2650725,1536,1
1305,1474732,446648,1536,1
1306,3854120,1167133,1536,1
1307,764628,231587,1536,1
1308,1020392,309036,1536,1
1309,839942,254501,1536,1
1310,2485290,754431,1536,1
1311,1729012,523637,1536,1
1312,1061076,321355,1536,1
1313,6993754,2119137,1536,1
1314,742622,224925,1536,1
1315,781688,236765,1536,1
1316,2251236,681766,1536,1
1317,2937322,889527,1536,1
1318,719982,218068,1536,1
1319,2781228,842252,1536,1
1320,2381628,721231,1536,1
1321,837394,253654,1536,1
1322,1104318,334465,1536,1
1323,1320008,399762,1536,1
1324,1164794,352779,1536,1
1325,744202,225401,1536,1
1326,1323706,400965,1536,1
1327,996568,301818,1536,1
1328,2112298,639654,1536,1
1329,3488566,1056437,1536,1
1330,713140,215996,1536,1
1331,1460958,442456,1536,1
1332,711458,215483,1536,1
1333,834116,252723,1536,1
1334,696714,211021,1536,1
1335,695308,210595,1536,1
1336,2091426,633361,1536,1
1337,2542386,769941,1536,1
1338,1154054,349520,1536,1
1339,3366496,1019454,1536,1
1340,926870,280828,1536,1
1341,908074,275511,1536,1
1342,1361764,412711,1536,1
1343,2496288,755974,1536,1
1344,2674636,810069,1536,1
1345,4467519,1354907,1536,1
1346,1031600,314111,1536,1
1347,791202,239652,1536,1
1348,1977833,599859,1536,1
1349,1910874,578663,1536,1
1350,1506282,456263,1536,1
1351,1809728,548276,1536,1
1352,6563336,1988174,1536,1
1353,6359756,1925882,1536,1
1354,934998,283202,1536,1
1355,2429974,736920,1536,1
1356,1039182,314763,1536,1
1357,1409766,426972,1536,1
1358,3345914,1013258,1536,1
1359,4921784,1490526,1536,1
1360,4943688,1502992,1536,1
1361,3557442,1078170,1536,1
1362,1823612,552261,1536,1
1363,2008566,608292,1536,1
1364,3996055,1211496,1536,1
1365,2062992,625574,1536,1
1366,2833716,858192,1536,1
1367,1074962,325586,1536,1
1368,852586,258228,1536,1
1369,832396,252115,1536,1
1370,2778316,841378,1536,1
1371,859152,260234,1536,1
1372,1475042,446713,1536,1
1373,3403662,1030739,1536,1
1374,2253606,682490,1536,1
1375,3307460,1001609,1536,1
1376,892972,270460,1536,1
1377,2257486,683689,1536,1
1378,2264014,685639,1536,1
1379,1577078,477598,1536,1
1380,778024,235624,1536,1
1381,4047836,1225799,1536,1
1382,2940121,891470,1536,1
1383,1747988,529338,1536,1
1384,1546642,468382,1536,1
1385,1948402,590759,1536,1
1386,2869257,869968,1536,1
1387,1264230,382942,1536,1
1388,2006308,607660,1536,1
1389,1192114,361039,1536,1
1390,3126112,947466,1536,1
1391,3655212,1108204,1536,1
1392,5247452,1589087,1536,1
1393,3004446,909873,1536,1
1394,1393560,422031,1536,1
1395,2077054,629824,1536,1
1396,2598294,787239,1536,1
1397,2019786,611713,1536,1
1398,2344055,710327,1536,1
1399,1790534,542360,1536,1
1400,2933656,888421,1536,1
1401,926734,280660,1536,1
1402,1932118,585196,1536,1
1403,4833786,1464905,1536,1
1404,10261702,3109484,1536,1
1405,1466424,444143,1536,1
1406,1076112,326025,1536,1
1407,4556178,1380400,1536,1
1408,1336520,405086,1536,1
1409,2419632,733687,1536,1
1410,3950686,1196480,1536,1
1411,1751872,530544,1536,1
1412,1865098,564845,1536,1
1413,1229042,372240,1536,1
1414,2074678,628308,1536,1
1415,1338100,405245,1536,1
1416,1351428,409366,1536,1
1417,801246,242682,1536,1
1418,1106436,335091,1536,1
1419,4026954,1219689,1536,1
1420,3037439,920330,1536,1
1421,2560642,775466,1536,1
1422,1798806,544769,1536,1
1423,2650848,802932,1536,1
1424,3146198,953410,1536,1
1425,4286704,1298904,1536,1
1426,1082148,327760,1536,1
1427,780996,236548,1536,1
1428,846930,256533,1536,1
1429,781804,236794,1536,1
1430,2095232,635681,1536,1
1431,1702612,515653,1536,1
1432,1859112,563032,1536,1
1433,905314,274211,1536,1
1434,2128284,644539,1536,1
1435,1480380,448348,1536,1
1436,2500783,757774,1536,1
1437,812744,246159,1536,1
1438,1208868,366091,1536,1
1439,3953210,1197148,1536,1
1440,3012244,912216,1536,1
1441,1644781,498670,1536,1
1442,4534334,1373121,1536,1
1443,1109878,336137,1536,1
1444,1571724,476041,1536,1
1445,2982734,903749,1536,1
1446,4819678,1459546,1536,1
1447,1497188,453434,1536,1
1448,2133592,646393,1536,1
1449,11812590,3579567,1536,1
1450,1098438,332699,1536,1
1451,5401858,1637541,1536,1
1452,2035328,616418,1536,1
1453,1261460,382058,1536,1
1454,1882040,569961,1536,1
1455,5727518,1734497,1536,1
1456,1663710,504009,1536,1
1457,4638246,1407199,1536,1
1458,2856070,869886,1536,1
1459,2921718,885520,1536,1
1460,5654138,1713176,1536,1
1461,2535681,768348,1536,1
1462,2064933,625788,1536,1
1463,2855234,864909,1536,1
1464,10028616,3038157,1536,1
1465,3765420,1140292,1536,1
1466,2163564,655234,1536,1
1467,1515686,459831,1536,1
1468,2783314,842914,1536,1
1469,2204030,667505,1536,1
1470,3138658,950510,1536,1
1471,2168046,656631,1536,1
1472,1027436,311207,1536,1
1473,4586024,1389072,1536,1
1474,4168002,1262199,1536,1
1475,2415986,731664,1536,1
1476,2978102,901881,1536,1
1477,1905842,577171,1536,1
1478,875070,265040,1536,1
1479,3385002,1025070,1536,1
1480,1656238,501604,1536,1
1481,1639276,497467,1536,1
1482,865294,262205,1536,1
1483,1518942,460030,1536,1
1484,1850612,560506,1536,1
1485,1183708,358517,1536,1
1486,846006,256224,1536,1
1487,6107082,1849365,1536,1
1488,1773292,537031,1536,1
1489,1285772,389436,1536,1
1490,2362154,715334,1536,1
1491,6068306,1838282,1536,1
1492,1643196,497734,1536,1
1493,1518336,460529,1536,1
1494,4817189,1459945,1536,1
1495,5274492,1599317,1536,1
1496,4265958,1292959,1536,1
1497,2770138,840337,1536,1
1498,2444430,740359,1536,1
1499,4303244,1303375,1536,1
1500,4563224,1382987,1536,1
1501,1097765,333032,1536,1
1502,9986213,3025738,1536,1
1503,1439106,435843,1536,1
1504,12315382,3731234,1536,1
1505,1777276,538297,1536,1
1506,3233106,980557,1536,1
1507,2520140,763932,1536,1
1508,6863116,2079565,1536,1
1509,19226424,5823965,1536,1
1510,1999512,605536,1536,1
1511,1894294,573699,1536,1
1512,2197862,665624,1536,1
1513,2691532,815106,1536,1
1514,2306532,698853,1536,1
1515,3796982,1149933,1536,1
1516,4727788,1432220,1536,1
1517,1039238,314762,1536,1
1518,2422920,733878,1536,1
1519,2304046,697940,1536,1
1520,1201226,363860,1536,1
1521,2149484,651266,1536,1
1522,2852116,863888,1536,1
1523,1573944,476810,1536,1
1524,2373055,719110,1536,1
1525,2373742,719249,1536,1
1526,4003072,1212255,1536,1
1527,6814520,2065409,1536,1
1528,2616044,792390,1536,1
1529,1423538,431147,1536,1
1530,4854060,1470727,1536,1
1531,2526580,766575,1536,1
1532,2018936,611710,1536,1
1533,1551682,470058,1536,1
1534,1513196,458348,1536,1
1535,2402657,728163,1536,1
1536,1465904,444070,1536,1
1537,6641863,2012056,1536,1
1538,3099446,939157,1536,1
1539,2844827,861923,1536,1
1540,8299826,2515056,1536,1
1541,2086886,632741,1536,1
1542,9593960,2907761,1536,1
1543,3935420,1192237,1536,1
1544,1825774,553248,1536,1
1545,1057230,320227,1536,1
1546,935702,283425,1536,1
1547,6861401,2079554,1536,1
1548,4764388,1442960,1536,1
1549,6167518,1869508,1536,1
1550,2309030,699350,1536,1
1551,4481858,1359995,1536,1
1552,1615694,489450,1536,1
1553,953522,288852,1536,1
1554,2354912,713154,1536,1
1555,877766,265856,1536,1
1556,1573376,477329,1536,1
1557,1504191,456076,1536,1
1558,5064163,1534746,1536,1
1559,5395908,1634380,1536,1
1560,1801066,545749,1536,1
1561,9788710,2966406,1536,1
1562,2405702,729123,1536,1
1563,3481514,1054320,1536,1
1564,5353996,1621323,1536,1
1565,1178924,357070,1536,1
1566,2904048,879454,1536,1
1567,5975700,1810996,1536,1
1568,3991356,1208722,1536,1
1569,872650,264325,1536,1
1570,4852387,1470503,1536,1
1571,1916948,580596,1536,1
1572,3345819,1014130,1536,1
1573,1886288,571399,1536,1
1574,4689479,1421906,1536,1
1575,1679068,508564,1536,1
1576,1626952,492901,1536,1
1577,1921386,581892,1536,1
1578,2126000,643818,1536,1
1579,2080750,632225,1536,1
1580,2639454,799838,1536,1
1581,1529454,463210,1536,1
1582,2685140,813179,1536,1
1583,1252090,379278,1536,1
1584,1606124,486803,1536,1
1585,1576326,477411,1536,1
1586,1186796,359405,1536,1
1587,3571168,1081514,1536,1
1588,1392295,422970,1536,1
1589,1469266,445664,1536,1
1590,2663464,811724,1536,1
1591,1033950,313165,1536,1
1592,948576,287324,1536,1
1593,1497030,453736,1536,1
1594,1334280,404138,1536,1
1595,1158192,350767,1536,1
1596,1166714,353452,1536,1
1597,1183772,358608,1536,1
1598,3251744,988843,1536,1
1599,1891022,572812,1536,1
1600,3280532,994302,1536,1
1601,4705896,1426081,1536,1
1602,2954110,894617,1536,1
1603,2623726,794570,1536,1
1604,1028936,311733,1536,1
1605,3907762,1187409,1536,1
1606,4186670,1268144,1536,1
1607,2426945,736443,1536,1
1608,1634577,495946,1536,1
1609,1344390,407950,1536,1
1610,2630950,796819,1536,1
1611,2076376,628827,1536,1
1612,2647744,802404,1536,1
1613,860912,260757,1536,1
1614,1556572,471427,1536,1
1615,7277894,2204557,1536,1
1616,3632204,1100023,1536,1
1617,3704576,1122515,1536,1
1618,4400834,1333432,1536,1
1619,15916844,4822316,1536,1
1620,4215610,1277003,1536,1
1621,4605098,1394681,1536,1
1622,1318458,399420,1536,1
1623,8121446,2461632,1536,1
1624,2397950,726223,1536,1
1625,1484994,450097,1536,1
1626,8660968,2624381,1536,1
1627,3462416,1049677,1536,1
1628,10107425,3062592,1536,1
1629,2109722,639296,1536,1
1630,1883860,570916,1536,1
1631,2761722,836551,1536,1
1632,3873474,1176294,1536,1
1633,2137990,648270,1536,1
1634,4361870,1323430,1536,1
1635,4370974,1324344,1536,1
1636,1472174,445876,1536,1
1637,2178174,659755,1536,1
1638,963558,291842,1536,1
1639,1040404,315132,1536,1
1640,1491416,452409,1536,1
1641,2482936,752695,1536,1
1642,2716260,822597,1536,1
1643,1314944,398261,1536,1
1644,2780647,843621,1536,1
1645,7255441,2198210,1536,1
1646,1682972,510086,1536,1
1647,3735757,1132150,1536,1
1648,6310314,1912073,1536,1
1649,4255090,1288569,1536,1
1650,874496,264863,1536,1
1651,1007184,305169,1536,1
1652,1245070,377098,1536,1
1653,3204724,970501,1536,1
1654,1866736,566445,1536,1
1655,1488144,451499,1536,1
1656,2416718,732125,1536,1
1657,4689821,1421262,1536,1
1658,2710316,820791,1536,1
1659,1588884,481189,1536,1
1660,864732,261923,1536,1
1661,7565591,2291696,1536,1
1662,1223906,370665,1536,1
1663,853488,258498,1536,1
1664,2265412,686064,1536,1
1665,913178,276806,1536,1
1666,3277766,992741,1536,1
1667,5628720,1705072,1536,1
1668,916592,277708,1536,1
1669,908296,275123,1536,1
1670,2904371,880384,1536,1
1671,2614196,792819,1536,1
1672,5345225,1619673,1536,1
1673,3466164,1050216,1536,1
1674,2406263,729265,1536,1
1675,2697728,817450,1536,1
1676,1702070,515757,1536,1
1677,4841882,1466352,1536,1
1678,1231482,373676,1536,1
1679,6790490,2057435,1536,1
1680,2810464,852659,1536,1
1681,1323610,400887,1536,1
1682,3729936,1129798,1536,1
1683,3021808,917036,1536,1
1684,3885586,1178164,1536,1
1685,2033658,616696,1536,1
1686,5016606,1521978,1536,1
1687,3502145,1061636,1536,1
1688,7415399,2247143,1536,1
1689,3994620,1210519,1536,1
1690,1957380,593536,1536,1
1691,1278990,387468,1536,1
1692,4482700,1357573,1536,1
1693,7559466,2291321,1536,1
1694,2728762,826882,1536,1
1695,1420564,430607,1536,1
1696,3819135,1157684,1536,1
1697,2669496,809122,1536,1
1698,6421840,1945734,1536,1
1699,5153706,1562151,1536,1
1700,2842875,861641,1536,1
1701,1393926,422284,1536,1
1702,3698138,1120675,1536,1
1703,3419204,1036473,1536,1
1704,2519268,763701,1536,1
1705,1919420,581540,1536,1
1706,5529124,1674585,1536,1
1707,1430904,433401,1536,1
1708,2638188,800680,1536,1
1709,1234516,373941,1536,1
1710,2381352,721237,1536,1
1711,4744404,1438012,1536,1
1712,1799234,545219,1536,1
1713,1140558,345416,1536,1
1714,1030580,312159,1536,1
1715,5406856,1638996,1536,1
1716,6009512,1821340,1536,1
1717,2997556,908503,1536,1
1718,2367528,717210,1536,1
1719,2205314,668023,1536,1
1720,880512,266685,1536,1
1721,7373138,2234380,1536,1
1722,3210206,973869,1536,1
1723,2091310,635173,1536,1
1724,1503314,455305,1536,1
1725,1063866,322250,1536,1
1726,4110280,1246542,1536,1
1727,2244234,680058,1536,1
1728,1483554,449420,1536,1
1729,5095204,1546307,1536,1
1730,936662,283690,1536,1
1731,2014350,610139,1536,1
1732,2286175,693023,1536,1
1733,4370778,1324033,1536,1
1734,877446,265758,1536,1
1735,1893052,576823,1536,1
1736,2251858,681944,1536,1
1737,4256822,1290617,1536,1
1738,834412,252712,1536,1
1739,2517698,762462,1536,1
1740,1120112,339259,1536,1
1741,4957226,1501258,1536,1
1742,1823682,552299,1536,1
1743,1471406,445632,1536,1
1744,1763168,533979,1536,1
1745,1629374,493442,1536,1
1746,1589594,481397,1536,1
1747,798548,241877,1536,1
1748,2471074,749537,1536,1
1749,5739362,1739531,1536,1
1750,1409952,427023,1536,1
1751,3885592,1176666,1536,1
1752,4204022,1273090,1536,1
1753,1001894,303437,1536,1
1754,3969640,1202733,1536,1
1755,1398228,423605,1536,1
1756,2585572,783863,1536,1
1757,1065798,322787,1536,1
1758,3883522,1176151,1536,1
1759,2861208,866621,1536,1
1760,1051254,318381,1536,1
1761,3795024,1149318,1536,1
1762,1739876,526924,1536,1
1763,2310678,700666,1536,1
1764,730514,221257,1536,1
1765,5399112,1636543,1536,1
1766,1751436,531324,1536,1
1767,3821406,1157962,1536,1
1768,1638728,496314,1536,1
1769,1790823,542622,1536,1
1770,1328236,402431,1536,1
1771,2717242,823447,1536,1
1772,2014624,610162,1536,1
1773,5521204,1672278,1536,1
1774,2154030,652942,1536,1
1775,2324924,704490,1536,1
1776,1381006,418258,1536,1
1777,1611806,488505,1536,1
1778,1458888,441843,1536,1
1779,6559366,1986985,1536,1
1780,2084673,632456,1536,1
1781,4105778,1244139,1536,1
1782,1355972,410675,1536,1
1783,1296922,392976,1536,1
1784,6397526,1938723,1536,1
1785,6058977,1835755,1536,1
1786,1345282,407807,1536,1
1787,7040950,2133331,1536,1
1788,4075302,1234200,1536,1
1789,4766026,1444224,1536,1
1790,1892094,573061,1536,1
1791,1735100,525541,1536,1
1792,1437812,435519,1536,1
1793,2169788,657676,1536,1
1794,2470066,748044,1536,1
1795,4514418,1367568,1536,1
1796,1947684,590452,1536,1
1797,2100958,636649,1536,1
1798,2176110,659379,1536,1
1799,4615948,1398337,1536,1
1800,1865684,565068,1536,1
1801,6180354,1872339,1536,1
1802,947824,287070,1536,1
1803,991142,300216,1536,1
1804,2653550,803609,1536,1
1805,3880056,1176153,1536,1
1806,3760448,1139722,1536,1
1807,4690626,1420473,1536,1
1808,2510142,760183,1536,1
1809,1795092,543674,1536,1
1810,5610468,1699755,1536,1
1811,5000546,1514291,1536,1
1812,4252420,1287959,1536,1
1813,4840364,1465890,1536,1
1814,2233824,676509,1536,1
1815,2881028,872468,1536,1
1816,9005092,2728884,1536,1
1817,1751057,532514,1536,1
1818,2335458,707447,1536,1
1819,2233104,677280,1536,1
1820,1400724,424241,1536,1
1821,3744683,1137532,1536,1
1822,3783535,1146323,1536,1
1823,2561432,775683,1536,1
1824,761758,230711,1536,1
1825,4729278,1433616,1536,1
1826,1751796,530563,1536,1
1827,3945760,1195398,1536,1
1828,798416,241821,1536,1
1829,2587688,783649,1536,1
1830,1432978,434002,1536,1
1831,1841376,557620,1536,1
1832,3993236,1209585,1536,1
1833,829390,251201,1536,1
1834,1360924,412198,1536,1
1835,2326869,707012,1536,1
1836,1770028,536057,1536,1
1837,1210892,366749,1536,1
1838,1088210,329588,1536,1
1839,1975380,598196,1536,1
1840,1722432,521643,1536,1
1841,1950718,590825,1536,1
1842,2382304,721570,1536,1
1843,1128108,341656,1536,1
1844,3216002,974122,1536,1
1845,2840938,860334,1536,1
1846,2557380,775043,1536,1
1847,3951600,1197658,1536,1
1848,1563896,473804,1536,1
1849,1066018,322857,1536,1
1850,2393570,724864,1536,1
1851,750818,227392,1536,1
1852,2480944,751470,1536,1
1853,1849872,560209,1536,1
1854,731044,221489,1536,1
1855,1763560,534089,1536,1
1856,2786706,843893,1536,1
1857,697764,211336,1536,1
1858,5562662,1684494,1536,1
1859,929392,281479,1536,1
1860,1035095,315348,1536,1
1861,2335230,708025,1536,1
1862,1091932,330716,1536,1
1863,1195934,362424,1536,1
1864,3191320,966748,1536,1
1865,966820,292809,1536,1
1866,1320944,400053,1536,1
1867,1847768,559601,1536,1
1868,3452252,1046067,1536,1
1869,696072,210823,1536,1
1870,1080696,327391,1536,1
1871,2172260,657896,1536,1
1872,3335018,1011095,1536,1
1873,3680902,1116390,1536,1
1874,804182,243586,1536,1
1875,2528596,765905,1536,1
1876,5141178,1558197,1536,1
1877,4016194,1217208,1536,1
1878,1758595,533220,1536,1
1879,3061150,927066,1536,1
1880,8923009,2703191,1536,1
1881,2304344,698486,1536,1
1882,4150296,1258669,1536,1
1883,2503714,758991,1536,1
1884,1622026,491255,1536,1
1885,5011122,1518266,1536,1
1886,5800917,1758132,1536,1
1887,4427916,1341748,1536,1
1888,13204692,4008429,1536,1
1889,1974488,597983,1536,1
1890,2721752,824267,1536,1
1891,9454686,2865507,1536,1
1892,9207638,2790026,1536,1
1893,1883690,570535,1536,1
1894,1335888,404568,1536,1
1895,3662392,1109596,1536,1
1896,1469406,445039,1536,1
1897,1494212,452552,1536,1
1898,3490201,1058014,1536,1
1899,2227244,674665,1536,1
1900,2605248,788953,1536,1
1901,1545192,467994,1536,1
1902,1632764,494517,1536,1
1903,2086164,632054,1536,1
1904,3650192,1106866,1536,1
1905,1779060,538893,1536,1
1906,15376184,4659002,1536,1
1907,2029919,616924,1536,1
1908,2022832,612703,1536,1
1909,3243926,982952,1536,1
1910,2808780,850799,1536,1
1911,4450766,1347905,1536,1
1912,1678614,508385,1536,1
1913,2058450,623466,1536,1
1914,932954,282573,1536,1
1915,1293870,392054,1536,1
1916,4918532,1489539,1536,1
1917,912302,276317,1536,1
1918,3741412,1133101,1536,1
1919,4180488,1267533,1536,1
1920,3010502,911837,1536,1
1921,4001056,1211643,1536,1
1922,2122414,642768,1536,1
1923,2456298,744612,1536,1
1924,2090677,633616,1536,1
1925,838408,253953,1536,1
1926,5806618,1759563,1536,1
1927,835450,253038,1536,1
1928,2757470,835063,1536,1
1929,850176,257509,1536,1
1930,854386,258789,1536,1
1931,1670356,505875,1536,1
1932,2717148,823326,1536,1
1933,2220172,674965,1536,1
1934,5937410,1799511,1536,1
1935,832750,252221,1536,1
1936,1551560,469857,1536,1
1937,2829358,857645,1536,1
1938,2783224,842864,1536,1
1939,1176794,356404,1536,1
1940,3527018,1068199,1536,1
1941,2651622,803027,1536,1
1942,1992882,603627,1536,1
1943,2609830,790748,1536,1
1944,5310198,1608558,1536,1
1945,1409836,427031,1536,1
1946,2430814,736161,1536,1
1947,1087884,329479,1536,1
1948,3009012,918739,1536,1
1949,2447476,741215,1536,1
1950,1140172,345320,1536,1
1951,5148124,1558977,1536,1
1952,6557944,1986308,1536,1
1953,1674412,507379,1536,1
1954,1914416,579818,1536,1
1955,6999544,2121083,1536,1
1956,903688,273725,1536,1
1957,2454554,743296,1536,1
1958,1146472,347222,1536,1
1959,879768,266463,1536,1
1960,1235374,374146,1536,1
1961,3114844,943286,1536,1
1962,826666,250369,1536,1
1963,1446540,438209,1536,1
1964,2530978,766504,1536,1
1965,1319842,399715,1536,1
1966,1050306,318096,1536,1
1967,1804800,546586,1536,1
1968,756800,229207,1536,1
1969,1851316,560666,1536,1
1970,3819346,1156688,1536,1
1971,5202082,1575404,1536,1
1972,1879746,569347,1536,1
1973,1159782,351666,1536,1
1974,4063906,1230668,1536,1
1975,9850124,2985212,1536,1
1976,8650432,2622617,1536,1
1977,9039219,2738384,1536,1
1978,1545240,468199,1536,1
1979,1980680,600357,1536,1
1980,3425311,1038060,1536,1
1981,3558797,1078517,1536,1
1982,6144286,1862244,1536,1
1983,11136258,3374836,1536,1
1984,2504396,758843,1536,1
1985,1418694,430254,1536,1
1986,4083800,1236700,1536,1
1987,913856,276759,1536,1
1988,953704,288954,1536,1
1989,2019372,611547,1536,1
1990,1913456,579573,1536,1
1991,2025044,613287,1536,1
1992,1760142,534632,1536,1
1993,5167324,1566078,1536,1
1994,1534734,465191,1536,1
1995,2779482,842553,1536,1
1996,2778778,841569,1536,1
1997,1125628,340946,1536,1
1998,2285236,692134,1536,1
1999,1566062,474379,1536,1
2000,3281232,994165,1536,1
2001,1555942,471240,1536,1
2002,3116956,944152,1536,1
2003,2942488,893002,1536,1
2004,2361599,715672,1536,1
2005,2921026,884654,1536,1
2006,3141678,952411,1536,1
2007,3430348,1044112,1536,1
2008,2620398,793864,1536,1
2009,832392,252113,1536,1
2010,1563522,473707,1536,1
2011,836848,253449,1536,1
2012,1471964,445779,1536,1
2013,856782,259479,1536,1
2014,3212576,972877,1536,1
2015,10021944,3037756,1536,1
2016,1603934,485756,1536,1
2017,1469682,445091,1536,1
2018,2442516,739697,1536,1
2019,2684574,812993,1536,1
2020,888188,269031,1536,1
2021,4793882,1452367,1536,1
2022,4463652,1352148,1536,1
2023,2828588,857108,1536,1
2024,1945196,589908,1536,1
2025,3642868,1103820,1536,1
2026,1486076,450045,1536,1
2027,2336754,707753,1536,1
2028,2264948,685946,1536,1
2029,7118740,2155891,1536,1
2030,833982,252581,1536,1
2031,847862,256787,1536,1
2032,2625336,795062,1536,1
2033,1262804,382450,1536,1
2034,2113110,639986,1536,1
2035,1997604,605055,1536,1
2036,1223578,370789,1536,1
2037,2679134,812302,1536,1
2038,8801004,2667340,1536,1
2039,3102574,940218,1536,1
2040,2833886,858223,1536,1
2041,2847050,862176,1536,1
2042,858732,260094,1536,1
2043,837612,253747,1536,1
2044,6684326,2025195,1536,1
2045,9961768,3018177,1536,1
2046,2919704,885028,1536,1
2047,3552452,1076308,1536,1
2048,1188596,359978,1536,1
2049,858020,259849,1536,1
2050,855636,259127,1536,1
2051,8986990,2721935,1536,1
2052,831952,251978,1536,1
2053,825932,250155,1536,1
2054,829460,251227,1536,1
2055,4882562,1478564,1536,1
2056,2268348,687912,1536,1
2057,1007546,305967,1536,1
2058,2822246,854679,1536,1
2059,4836648,1465093,1536,1
2060,1642506,497440,1536,1
2061,4807654,1456908,1536,1
2062,1257672,381313,1536,1
2063,1691112,512458,1536,1
2064,3388722,1027156,1536,1
2065,1389746,420985,1536,1
2066,2468177,748204,1536,1
2067,7770329,2354408,1536,1
2068,1504792,455767,1536,1
2069,1865684,565186,1536,1
2070,1448464,438908,1536,1
2071,1285990,389487,1536,1
2072,3744710,1136114,1536,1
2073,6800384,2066403,1536,1
2074,6184237,1873706,1536,1
2075,2964059,897921,1536,1
2076,1658750,502366,1536,1
2077,1515786,459053,1536,1
2078,5529058,1674333,1536,1
2079,3880142,1176992,1536,1
2080,1057434,320359,1536,1
2081,2422796,733725,1536,1
2082,3264856,988746,1536,1
2083,1352976,409837,1536,1
2084,1798868,544803,1536,1
2085,1631362,494798,1536,1
2086,1557996,472389,1536,1
2087,2307525,699286,1536,1
2088,3120326,946614,1536,1
2089,884636,268020,1536,1
2090,1853332,561269,1536,1
2091,2455690,743666,1536,1
2092,1223290,370483,1536,1
2093,1449594,439303,1536,1
2094,3853768,1170215,1536,1
2095,1327950,402194,1536,1
2096,1111992,336752,1536,1
2097,2116072,640846,1536,1
2098,1117616,338558,1536,1
2099,1873370,567307,1536,1
2100,1492608,452138,1536,1
2101,1570640,475762,1536,1
2102,2809492,850881,1536,1
2103,2641130,799815,1536,1
2104,1851108,560611,1536,1
2105,822094,249044,1536,1
2106,822166,249018,1536,1
2107,2045352,619429,1536,1
2108,1440326,436220,1536,1
2109,3929432,1191069,1536,1
2110,855728,259184,1536,1
2111,884136,267784,1536,1
2112,1182282,358068,1536,1
2113,3221356,976393,1536,1
2114,3165464,959414,1536,1
2115,1839920,557364,1536,1
2116,856798,259504,1536,1
2117,1358652,411587,1536,1
2118,854872,258921,1536,1
2119,2176892,659341,1536,1
2120,2893598,878219,1536,1
2121,1363528,413078,1536,1
2122,5563610,1686173,1536,1
2123,810226,245398,1536,1
2124,806254,244197,1536,1
2125,1950214,590618,1536,1
2126,864602,261889,1536,1
2127,815150,246889,1536,1
2128,1396136,423048,1536,1
2129,928128,281121,1536,1
2130,786550,238229,1536,1
2131,22217720,6730117,1536,1
2132,1765764,534766,1536,1
2133,1094642,331523,1536,1
2134,1633994,494841,1536,1
2135,1108138,335628,1536,1
2136,2062918,624728,1536,1
2137,1165706,353058,1536,1
2138,787582,238540,1536,1
2139,6873998,2084098,1536,1
2140,7985908,2419348,1536,1
2141,2381238,722829,1536,1
2142,2097420,635181,1536,1
2143,2425820,734700,1536,1
2144,2236504,677312,1536,1
2145,1530534,463597,1536,1
2146,825790,250114,1536,1
2147,3031056,919235,1536,1
2148,4783490,1449069,1536,1
2149,2842882,861385,1536,1
2150,6619966,2005394,1536,1
2151,3106586,941736,1536,1
2152,2525232,764947,1536,1
2153,7859408,2380781,1536,1
2154,8473180,2566846,1536,1
2155,14303854,4333039,1536,1
2156,13792998,4178739,1536,1
2157,3192972,967128,1536,1
2158,3852112,1167318,1536,1
2159,4993460,1513585,1536,1
2160,24241627,7342706,1536,1
2161,925226,280260,1536,1
2162,1763910,534245,1536,1
2163,10257342,3107832,1536,1
2164,1324278,401088,1536,1
2165,2181672,660723,1536,1
2166,1805736,547309,1536,1
2167,4871090,1475644,1536,1
2168,1505748,456013,1536,1
2169,880634,266745,1536,1
2170,3522802,1066816,1536,1
2171,1904495,577606,1536,1
2172,3056712,926387,1536,1
2173,7922803,2400197,1536,1
2174,1341930,406443,1536,1
2175,1088808,329941,1536,1
2176,2310430,699980,1536,1
2177,1537810,469426,1536,1
2178,1294790,392370,1536,1
2179,1894886,574152,1536,1
2180,2004302,607002,1536,1
2181,1874580,567718,1536,1
2182,3170776,960219,1536,1
2183,825020,249869,1536,1
2184,3162614,957753,1536,1
2185,2425268,734542,1536,1
2186,1129890,342200,1536,1
2187,3537784,1071336,1536,1
2188,2781592,842375,1536,1
2189,873648,264607,1536,1
2190,1959942,593572,1536,1
2191,2281916,691034,1536,1
2192,3091218,936132,1536,1
2193,969316,293617,1536,1
2194,4079828,1236121,1536,1
2195,3377998,1023303,1536,1
2196,1629424,493511,1536,1
2197,1662668,503552,1536,1
2198,3620354,1097283,1536,1
2199,3473874,1052540,1536,1
2200,1529284,463183,1536,1
2201,7630302,2310703,1536,1
2202,2243934,679568,1536,1
2203,5039696,1528084,1536,1
2204,2344482,710925,1536,1
2205,2301358,696961,1536,1
2206,2988524,905038,1536,1
2207,3487726,1056750,1536,1
2208,1613902,488765,1536,1
2209,1434650,434616,1536,1
2210,1791122,543939,1536,1
2211,5748874,1742433,1536,1
2212,2018852,611408,1536,1
2213,1655344,501338,1536,1
2214,1336732,404856,1536,1
2215,5233527,1586229,1536,1
2216,1875882,569063,1536,1
2217,10484279,3176792,1536,1
2218,2579444,781161,1536,1
2219,2233102,677658,1536,1
2220,1257930,381238,1536,1
2221,6523356,1977432,1536,1
2222,7644442,2317674,1536,1
2223,2353104,712769,1536,1
2224,2565666,778638,1536,1
2225,3792284,1149841,1536,1
2226,2646310,801660,1536,1
2227,1437056,436191,1536,1
2228,11895678,3604455,1536,1
2229,5586095,1697369,1536,1
2230,1402360,424745,1536,1
2231,1286306,389634,1536,1
2232,1339384,405738,1536,1
2233,1250796,378936,1536,1
2234,1367322,414118,1536,1
2235,2318532,703050,1536,1
2236,2565648,777245,1536,1
2237,1935992,587051,1536,1
2238,1416838,429268,1536,1
2239,2438404,739140,1536,1
2240,1208612,366233,1536,1
2241,2604092,789761,1536,1
2242,1181844,357980,1536,1
2243,20334376,6159190,1536,1
2244,3225908,976924,1536,1
2245,6285766,1906370,1536,1
2246,3391744,1027892,1536,1
2247,4984537,1510445,1536,1
2248,3852111,1167000,1536,1
2249,1060994,321533,1536,1
2250,8132274,2465791,1536,1
2251,3112146,943367,1536,1
2252,3611918,1095024,1536,1
2253,7341053,2225656,1536,1
2254,24856755,7538617,1536,1
2255,6039384,1833758,1536,1
2256,1525128,462890,1536,1
2257,3009850,912345,1536,1
2258,2118064,641455,1536,1
2259,1548814,469394,1536,1
2260,1993586,604331,1536,1
2261,3121882,945881,1536,1
2262,2071056,629098,1536,1
2263,2552068,773919,1536,1
2264,2720372,824547,1536,1
2265,3435552,1040563,1536,1
2266,9882931,2994173,1536,1
2267,935438,283324,1536,1
2268,2097740,635300,1536,1
2269,2748284,832491,1536,1
2270,1915838,581183,1536,1
2271,4921651,1490974,1536,1
2272,2236357,678042,1536,1
2273,1526110,462442,1536,1
2274,1509836,457440,1536,1
2275,6212578,1881665,1536,1
2276,1780492,539433,1536,1
2277,4824632,1462589,1536,1
2278,4405706,1334624,1536,1
2279,1538330,465956,1536,1
2280,1460486,442696,1536,1
2281,2539644,769120,1536,1
2282,1469286,444998,1536,1
2283,2871216,870088,1536,1
2284,1700687,515506,1536,1
2285,8584797,2600395,1536,1
2286,5555112,1683204,1536,1
2287,1423400,431096,1536,1
2288,1559978,473071,1536,1
2289,10659714,3229316,1536,1
2290,2444092,740713,1536,1
2291,1521348,460868,1536,1
2292,1447232,438410,1536,1
2293,5755054,1743626,1536,1
2294,1532822,464275,1536,1
2295,4535879,1375549,1536,1
2296,4172820,1264371,1536,1
2297,4293030,1300436,1536,1
2298,4620398,1399333,1536,1
2299,906128,274443,1536,1
2300,2922304,884988,1536,1
2301,5352316,1622439,1536,1
2302,3106752,940815,1536,1
2303,950380,287871,1536,1
2304,1006716,304930,1536,1
2305,3982810,1207443,1536,1
2306,1280610,387848,1536,1
2307,902676,273403,1536,1
2308,1679964,508798,1536,1
2309,4681316,1419586,1536,1
2310,996892,301930,1536,1
2311,903344,273600,1536,1
2312,929694,281600,1536,1
2313,7874025,2386179,1536,1
2314,3244788,982644,1536,1
2315,2920826,884544,1536,1
2316,2712384,822621,1536,1
2317,2796112,846946,1536,1
2318,1912984,579537,1536,1
2319,1328282,402812,1536,1
2320,6245556,1892736,1536,1
2321,1025738,310685,1536,1
2322,2758336,835374,1536,1
2323,1258128,381050,1536,1
2324,1314516,398231,1536,1
2325,3372040,1021226,1536,1
2326,3388034,1026401,1536,1
2327,2603168,788893,1536,1
2328,13344919,4042941,1536,1
2329,7046597,2134662,1536,1
2330,11285748,3420292,1536,1
2331,1463400,443416,1536,1
2332,2201040,666588,1536,1
2333,2000264,605791,1536,1
2334,16759215,5076606,1536,1
2335,922634,279459,1536,1
2336,1528402,462901,1536,1
2337,869386,263333,1536,1
2338,1674088,507010,1536,1
2339,1055318,322523,1536,1
2340,1259420,381450,1536,1
2341,879522,266404,1536,1
2342,1690266,512382,1536,1
2343,1857550,562524,1536,1
2344,4188672,1269406,1536,1
2345,1601620,485070,1536,1
2346,1063574,322335,1536,1
2347,3478052,1054024,1536,1
2348,1486102,450071,1536,1
2349,1282884,388550,1536,1
2350,1460520,442303,1536,1
2351,3625711,1098805,1536,1
2352,1568920,475140,1536,1
2353,5267757,1595813,1536,1
2354,1144654,346975,1536,1
2355,929190,281452,1536,1
2356,2757244,835422,1536,1
2357,1458754,441822,1536,1
2358,1575526,477228,1536,1
2359,2802362,849203,1536,1
2360,1320272,400180,1536,1
2361,3579871,1084896,1536,1
2362,898754,272232,1536,1
2363,2071096,627479,1536,1
2364,976686,295835,1536,1
2365,7212220,2185757,1536,1
2366,2362990,717398,1536,1
2367,2024130,613297,1536,1
2368,4003238,1214053,1536,1
2369,8273740,2507189,1536,1
2370,5917854,1792092,1536,1
2371,2933700,888438,1536,1
2372,9310218,2819329,1536,1
2373,5781404,1750777,1536,1
2374,3773224,1143512,1536,1
2375,4245510,1287592,1536,1
2376,2221304,673002,1536,1
2377,4520903,1369727,1536,1
2378,1536092,465230,1536,1
2379,7520164,2279169,1536,1
2380,1412384,427786,1536,1
2381,2726070,825652,1536,1
2382,993480,300904,1536,1
2383,1874838,568605,1536,1
2384,4261658,1290564,1536,1
2385,1353878,410829,1536,1
2386,4210285,1282737,1536,1
2387,19070992,5778022,1536,1
2388,7730156,2342678,1536,1
2389,1337152,405030,1536,1
2390,6405888,1941320,1536,1
2391,5838154,1772358,1536,1
2392,8903642,2697038,1536,1
2393,2878700,872526,1536,1
2394,5043556,1528164,1536,1
2395,1459860,442393,1536,1
2396,2785508,843680,1536,1
2397,2707788,820093,1536,1
2398,8570132,2595540,1536,1
2399,3047078,923039,1536,1
2400,2098676,635587,1536,1
2401,1403698,425146,1536,1
2402,1026704,310988,1536,1
2403,1878600,568997,1536,1
2404,3878572,1174683,1536,1
2405,1623370,491633,1536,1
2406,1412420,427794,1536,1
2407,5291206,1603437,1536,1
2408,2390189,724837,1536,1
2409,4336462,1313735,1536,1
2410,7273631,2203186,1536,1
2411,2776204,841370,1536,1
2412,3446890,1044254,1536,1
2413,3213804,973274,1536,1
2414,6634772,2011004,1536,1
2415,4002849,1214557,1536,1
2416,2091362,633713,1536,1
2417,1912466,579373,1536,1
2418,5096682,1544248,1536,1
2419,3260391,988127,1536,1
2420,3838817,1163585,1536,1
2421,6711562,2033809,1536,1
2422,1171632,354888,1536,1
2423,1296486,392649,1536,1
2424,1578224,477972,1536,1
2425,3502250,1060614,1536,1
2426,4033322,1221468,1536,1
2427,2867918,868618,1536,1
2428,3836552,1162070,1536,1
2429,6872383,2082277,1536,1
2430,1752400,530726,1536,1
2431,938298,284207,1536,1
2432,2553675,773832,1536,1
2433,1390948,421264,1536,1
2434,8888861,2693046,1536,1
2435,2826886,856106,1536,1
2436,5897424,1786355,1536,1
2437,1467596,444503,1536,1
2438,2474186,750206,1536,1
2439,1844458,558726,1536,1
2440,3639638,1102865,1536,1
2441,9548595,2892241,1536,1
2442,3910611,1185004,1536,1
2443,8376832,2537638,1536,1
2444,3632856,1100146,1536,1
2445,3752072,1136210,1536,1
2446,5145538,1558747,1536,1
2447,2025336,613377,1536,1
2448,6249964,1893758,1536,1
2449,1111578,336651,1536,1
2450,1856541,562602,1536,1
2451,4625672,1401250,1536,1
2452,1511608,457804,1536,1
2453,2241590,678955,1536,1
2454,1351360,409325,1536,1
2455,2032976,615980,1536,1
2456,7339728,2224537,1536,1
2457,1356950,411303,1536,1
2458,1950464,591059,1536,1
2459,1737820,526543,1536,1
2460,2266414,686455,1536,1
2461,3971896,1202819,1536,1
2462,1481312,448713,1536,1
2463,2990862,905747,1536,1
2464,1371806,415471,1536,1
2465,2385124,722325,1536,1
2466,3243252,982170,1536,1
2467,743656,225237,1536,1
2468,1014958,307393,1536,1
2469,1842336,557932,1536,1
2470,5568362,1686545,1536,1
2471,770564,233387,1536,1
2472,3425168,1037611,1536,1
2473,818774,248005,1536,1
2474,1923570,583024,1536,1
2475,760466,230326,1536,1
2476,7222068,2186988,1536,1
2477,2268600,687027,1536,1
2478,821038,248692,1536,1
2479,997852,302963,1536,1
2480,810980,245628,1536,1
2481,1082408,327821,1536,1
2482,1685330,510497,1536,1
2483,5490774,1662743,1536,1
2484,943902,285904,1536,1
2485,882664,267336,1536,1
2486,1908070,577867,1536,1
2487,1619958,490646,1536,1
2488,2261640,685620,1536,1
2489,11276332,3416158,1536,1
2490,7355334,2228962,1536,1
2491,4811788,1457817,1536,1
2492,9754252,2953864,1536,1
2493,1845956,559275,1536,1
2494,5817834,1762132,1536,1
2495,1790466,542257,1536,1
2496,2650634,804060,1536,1
2497,1450950,439452,1536,1
2498,1778908,538750,1536,1
2499,1930274,584565,1536,1
2500,6420092,1944354,1536,1
2501,2859604,865992,1536,1
2502,3006442,910435,1536,1
2503,2948766,892990,1536,1
2504,2630054,796554,1536,1
2505,3593604,1088864,1536,1
2506,6697826,2028848,1536,1
2507,1193654,361533,1536,1
2508,1753168,531002,1536,1
2509,9733950,2947779,1536,1
2510,3997712,1210670,1536,1
2511,2487294,753277,1536,1
2512,2173630,658338,1536,1
2513,6297202,1906998,1536,1
2514,3667064,1110507,1536,1
2515,897054,271722,1536,1
2516,1272754,385477,1536,1
2517,2682178,812358,1536,1
2518,1247754,377892,1536,1
2519,1672024,506366,1536,1
2520,1717816,520252,1536,1
2521,2014484,610088,1536,1
2522,877276,265682,1536,1
2523,1847074,559678,1536,1
2524,1656546,501701,1536,1
2525,2401532,727314,1536,1
2526,2745466,832165,1536,1
2527,3040588,921168,1536,1
2528,1685792,510664,1536,1
2529,4352682,1319156,1536,1
2530,884564,267889,1536,1
2531,2593616,786171,1536,1
2532,881098,266865,1536,1
2533,1321774,400393,1536,1
2534,1444384,437431,1536,1
2535,1521304,460709,1536,1
2536,1095338,331858,1536,1
2537,7137322,2162033,1536,1
2538,2360264,715245,1536,1
2539,8942720,2709532,1536,1
2540,1035462,313691,1536,1
2541,2542778,770025,1536,1
2542,851794,257990,1536,1
2543,2149342,651741,1536,1
2544,1942628,588578,1536,1
2545,5712370,1731522,1536,1
2546,8033367,2433531,1536,1
2547,3903788,1183318,1536,1
2548,3811154,1154265,1536,1
2549,1974122,598228,1536,1
2550,2007908,608607,1536,1
2551,1194058,361637,1536,1
2552,5608558,1699081,1536,1
2553,2825652,855731,1536,1
2554,5799594,1756332,1536,1
2555,2927964,886696,1536,1
2556,1248030,377994,1536,1
2557,3522874,1066837,1536,1
2558,913106,276576,1536,1
2559,1209682,366371,1536,1
2560,1950402,591666,1536,1
2561,4190952,1269684,1536,1
2562,861262,260876,1536,1
2563,1409842,427406,1536,1
2564,3212736,973771,1536,1
2565,1111468,336610,1536,1
2566,5904196,1789428,1536,1
2567,1909306,578236,1536,1
2568,848878,257108,1536,1
2569,1520998,460651,1536,1
2570,1133880,343398,1536,1
2571,844882,255873,1536,1
2572,2599148,787108,1536,1
2573,1654346,501032,1536,1
2574,1551152,469737,1536,1
2575,1384380,419284,1536,1
2576,9783087,2963878,1536,1
2577,2510580,760613,1536,1
2578,3380650,1023770,1536,1
2579,2763692,836955,1536,1
2580,815736,247163,1536,1
2581,3134702,949386,1536,1
2582,2583118,782440,1536,1
2583,1782236,539755,1536,1
2584,810316,245444,1536,1
2585,1045518,316623,1536,1
2586,885438,268180,1536,1
2587,4040686,1223708,1536,1
2588,829230,251176,1536,1
2589,764524,231558,1536,1
2590,1842940,558131,1536,1
2591,3749604,1138337,1536,1
2592,1225272,371115,1536,1
2593,1078116,326542,1536,1
2594,1329508,402773,1536,1
2595,1101100,333472,1536,1
2596,1145972,347821,1536,1
2597,770652,233413,1536,1
2598,1685082,510487,1536,1
2599,6996977,2120526,1536,1
2600,1058914,320700,1536,1
2601,4562844,1381744,1536,1
2602,4005130,1212866,1536,1
2603,2006412,607616,1536,1
2604,835496,253066,1536,1
2605,847440,256688,1536,1
2606,3635342,1100889,1536,1
2607,2310762,700811,1536,1
2608,1087670,329420,1536,1
2609,1103844,334331,1536,1
2610,3859112,1170013,1536,1
2611,9190078,2783227,1536,1
2612,1670152,505799,1536,1
2613,4220348,1278045,1536,1
2614,2186704,662237,1536,1
2615,1312274,397453,1536,1
2616,1588132,480936,1536,1
2617,2333876,707324,1536,1
2618,1927200,583625,1536,1
2619,3148802,953578,1536,1
2620,2435638,737831,1536,1
2621,1968164,596039,1536,1
2622,2582340,782043,1536,1
2623,4824246,1460911,1536,1
2624,2926980,886522,1536,1
2625,1852680,561068,1536,1
2626,1780668,539265,1536,1
2627,1408612,426657,1536,1
2628,3489474,1057831,1536,1
2629,1520008,460599,1536,1
2630,1837744,556572,1536,1
2631,1870408,567043,1536,1
2632,1928186,584414,1536,1
2633,5868871,1778187,1536,1
2634,2287834,694024,1536,1
2635,1492173,452506,1536,1
2636,9741698,2954264,1536,1
2637,2274530,690379,1536,1
2638,1609136,487340,1536,1
2639,2354730,713298,1536,1
2640,7413344,2246108,1536,1
2641,4235972,1284942,1536,1
2642,1198924,363119,1536,1
2643,7591600,2300418,1536,1
2644,1346160,407746,1536,1
2645,3374109,1022560,1536,1
2646,2308430,700126,1536,1
2647,4604016,1395085,1536,1
2648,8533678,2585311,1536,1
2649,2898712,878286,1536,1
2650,1348440,408617,1536,1
2651,2316416,701710,1536,1
2652,1319426,399619,1536,1
2653,905574,274278,1536,1
2654,1309330,396555,1536,1
2655,1566846,474537,1536,1
2656,5787292,1752534,1536,1
2657,1339728,405766,1536,1
2658,1241588,376000,1536,1
2659,4441718,1345078,1536,1
2660,875450,265151,1536,1
2661,5261216,1595136,1536,1
2662,940410,284851,1536,1
2663,2750016,832790,1536,1
2664,3914062,1185300,1536,1
2665,1300642,393928,1536,1
2666,10247072,3105707,1536,1
2667,4249408,1288003,1536,1
2668,1330116,402857,1536,1
2669,8964172,2714559,1536,1
2670,1429716,433018,1536,1
2671,1260180,381696,1536,1
2672,1449414,438941,1536,1
2673,2926944,886384,1536,1
2674,5196126,1573894,1536,1
2675,3566148,1080181,1536,1
2676,5464202,1654694,1536,1
2677,1209954,366446,1536,1
2678,1131328,342625,1536,1
2679,1522502,461087,1536,1
2680,1580822,478748,1536,1
2681,2352542,712455,1536,1
2682,1873098,567269,1536,1
2683,879166,266289,1536,1
2684,5551008,1681621,1536,1
2685,2448904,741644,1536,1
2686,907680,274915,1536,1
2687,1875168,567900,1536,1
2688,1971894,597190,1536,1
2689,2556862,775228,1536,1
2690,3828108,1159273,1536,1
2691,1449154,439044,1536,1
2692,8191780,2480874,1536,1
2693,5476800,1658518,1536,1
2694,5104596,1547265,1536,1
2695,3618510,1096250,1536,1
2696,2570994,778878,1536,1
2697,4276182,1295036,1536,1
2698,9634452,2917501,1536,1
2699,1599122,484315,1536,1
2700,3235152,979717,1536,1
2701,1182122,357990,1536,1
2702,851910,258026,1536,1
2703,1251292,378981,1536,1
2704,1886102,571189,1536,1
2705,850310,257544,1536,1
2706,4706731,1426516,1536,1
2707,3184338,964484,1536,1
2708,2464568,746855,1536,1
2709,1634494,495161,1536,1
2710,1345070,407397,1536,1
2711,2941110,890659,1536,1
2712,1979914,599591,1536,1
2713,857594,259759,1536,1
2714,3096592,937753,1536,1
2715,758584,229749,1536,1
2716,1638418,496254,1536,1
2717,769860,233190,1536,1
2718,2382556,721494,1536,1
2719,1048818,317644,1536,1
2720,741932,224715,1536,1
2721,4558226,1380837,1536,1
2722,990064,299855,1536,1
2723,1625784,492352,1536,1
2724,987520,299061,1536,1
2725,1966574,595663,1536,1
2726,2670230,808780,1536,1
2727,1217110,368678,1536,1
2728,727104,220226,1536,1
2729,1786056,540901,1536,1
2730,1690036,511832,1536,1
2731,959796,290675,1536,1
2732,2379166,720743,1536,1
2733,747862,226506,1536,1
2734,5309956,1608108,1536,1
2735,1398596,424897,1536,1
2736,4640238,1405759,1536,1
2737,1217264,368673,1536,1
2738,1620764,490857,1536,1
2739,707908,214407,1536,1
2740,2244990,679871,1536,1
2741,1780328,539151,1536,1
2742,2743520,835374,1536,1
2743,910226,275719,1536,1
2744,3593415,1089131,1536,1
2745,2909304,881035,1536,1
2746,3857664,1168207,1536,1
2747,5907322,1789131,1536,1
2748,1624342,492005,1536,1
2749,1752966,532220,1536,1
2750,2506766,759390,1536,1
2751,1834054,556066,1536,1
2752,1295096,392443,1536,1
2753,837002,253526,1536,1
2754,3718788,1126584,1536,1
2755,1543806,468242,1536,1
2756,2498116,756531,1536,1
2757,4822164,1460253,1536,1
2758,7142986,2163045,1536,1
2759,3530484,1069121,1536,1
2760,1212630,367271,1536,1
2761,1809166,547890,1536,1
2762,2832684,857843,1536,1
2763,832252,252070,1536,1
2764,4517746,1368095,1536,1
2765,828608,250969,1536,1
2766,5717690,1731447,1536,1
2767,1770906,536321,1536,1
2768,2118898,641681,1536,1
2769,1410800,427283,1536,1
2770,765990,232001,1536,1
2771,1079374,326897,1536,1
2772,2252072,682021,1536,1
2773,780122,236269,1536,1
2774,2606054,789211,1536,1
2775,4036396,1222326,1536,1
2776,1676550,508861,1536,1
2777,3689035,1125690,1536,1
2778,1228632,372183,1536,1
2779,5044536,1528657,1536,1
2780,1907666,577735,1536,1
2781,810384,245423,1536,1
2782,1089540,329964,1536,1
2783,6267614,1899055,1536,1
2784,3249732,984123,1536,1
2785,1207018,365572,1536,1
2786,3368948,1020224,1536,1
2787,4194190,1270115,1536,1
2788,1050406,318129,1536,1
2789,4893482,1482635,1536,1
2790,763764,231324,1536,1
2791,806606,244320,1536,1
2792,4190474,1269229,1536,1
2793,5001379,1515615,1536,1
2794,3383672,1024665,1536,1
2795,2286804,692537,1536,1
2796,2257116,683531,1536,1
2797,785856,238018,1536,1
2798,1078838,326740,1536,1
2799,899076,272366,1536,1
2800,869154,263263,1536,1
2801,3756110,1138407,1536,1
2802,2300874,697218,1536,1
2803,3880650,1175912,1536,1
2804,1784774,540542,1536,1
2805,1337562,405088,1536,1
2806,918768,278260,1536,1
2807,3437490,1041074,1536,1
2808,5800140,1756423,1536,1
2809,2435934,737772,1536,1
2810,850090,257448,1536,1
2811,1267174,383791,1536,1
2812,2090030,632962,1536,1
2813,3570252,1081196,1536,1
2814,2229776,675270,1536,1
2815,859612,260375,1536,1
2816,3729444,1129466,1536,1
2817,2291916,694133,1536,1
2818,2962218,897065,1536,1
2819,858244,259961,1536,1
2820,901980,273181,1536,1
2821,3499894,1060447,1536,1
2822,1154956,349808,1536,1
2823,1539142,466142,1536,1
2824,2207512,668512,1536,1
2825,1531122,463815,1536,1
2826,1469036,444922,1536,1
2827,5949576,1801708,1536,1
2828,2522446,763961,1536,1
2829,1800864,545392,1536,1
2830,12539041,3798281,1536,1
2831,4063642,1230598,1536,1
2832,3109432,943222,1536,1
2833,8943238,2708186,1536,1
2834,3300934,999626,1536,1
2835,4859218,1471491,1536,1
2836,756314,229082,1536,1
2837,1042290,315667,1536,1
2838,1359366,411696,1536,1
2839,3557270,1077821,1536,1
2840,2439288,738913,1536,1
2841,1247224,377752,1536,1
2842,3614702,1094634,1536,1
2843,2120996,642376,1536,1
2844,4124714,1249173,1536,1
2845,2249768,681397,1536,1
2846,2042068,618811,1536,1
2847,1401100,424413,1536,1
2848,2575328,780016,1536,1
2849,4665486,1413348,1536,1
2850,2009928,608720,1536,1
2851,1035994,313783,1536,1
2852,3540292,1074001,1536,1
2853,2927606,886632,1536,1
2854,4697284,1430154,1536,1
2855,1556908,472097,1536,1
2856,3515963,1065746,1536,1
2857,5760088,1744530,1536,1
2858,4032016,1221122,1536,1
2859,2169156,656949,1536,1
2860,6127168,1859467,1536,1
2861,1047216,317195,1536,1
2862,6937046,2102492,1536,1
2863,1759038,532739,1536,1
2864,1903978,576608,1536,1
2865,5702760,1726965,1536,1
2866,1105350,334799,1536,1
2867,1265306,384651,1536,1
2868,1466844,444346,1536,1
2869,1495406,452969,1536,1
2870,3682582,1115694,1536,1
2871,3976828,1204585,1536,1
2872,2149104,652103,1536,1
2873,6264342,1896987,1536,1
2874,1259944,381586,1536,1
2875,3308010,1001823,1536,1
2876,855986,259231,1536,1
2877,3768036,1141076,1536,1
2878,1797094,544350,1536,1
2879,1557320,471628,1536,1
2880,4178246,1265290,1536,1
2881,828632,250975,1536,1
2882,1555696,471150,1536,1
2883,1312300,397433,1536,1
2884,775914,235007,1536,1
2885,1076658,326093,1536,1
2886,1994324,603970,1536,1
2887,2928052,886844,1536,1
2888,1636652,495661,1536,1
2889,7464300,2260413,1536,1
2890,1645398,498294,1536,1
2891,1253372,379586,1536,1
2892,745620,225832,1536,1
2893,1070798,324299,1536,1
2894,767102,232353,1536,1
2895,1603262,485555,1536,1
2896,999926,302816,1536,1
2897,2621182,793787,1536,1
2898,3322390,1006184,1536,1
2899,1319530,399633,1536,1
2900,1000974,303155,1536,1
2901,1387324,420145,1536,1
2902,828342,250931,1536,1
2903,3422144,1036767,1536,1
2904,1519492,461323,1536,1
2905,983274,297795,1536,1
2906,3958484,1199961,1536,1
2907,3422198,1036663,1536,1
2908,1942508,588289,1536,1
2909,3882080,1176261,1536,1
2910,1330632,403077,1536,1
2911,5239906,1587718,1536,1
2912,1580156,478823,1536,1
2913,1901936,576190,1536,1
2914,1105354,334973,1536,1
2915,1250802,378834,1536,1
2916,1398944,437274,1536,1
2917,1866844,565387,1536,1
2918,3269838,991249,1536,1
2919,9051190,2743265,1536,1
2920,2397756,726634,1536,1
2921,6533002,1979002,1536,1
2922,2726604,826092,1536,1
2923,2708338,820230,1536,1
2924,3156710,956985,1536,1
2925,2236984,677535,1536,1
2926,3061592,927508,1536,1
2927,3280822,994074,1536,1
2928,6277780,1901938,1536,1
2929,16120418,4883399,1536,1
2930,1093858,331317,1536,1
2931,4457598,1351785,1536,1
2932,1873818,567494,1536,1
2933,6498710,1969010,1536,1
2934,1212276,367196,1536,1
2935,2375940,720010,1536,1
2936,3157013,956485,1536,1
2937,2354932,713368,1536,1
2938,4336330,1313712,1536,1
2939,4452998,1349550,1536,1
2940,7955732,2410433,1536,1
2941,1458040,442046,1536,1
2942,3901254,1182766,1536,1
2943,4361420,1321679,1536,1
2944,12318460,3731949,1536,1
2945,4121560,1248882,1536,1
2946,3705682,1122509,1536,1
2947,857582,259744,1536,1
2948,880720,266769,1536,1
2949,1574548,476870,1536,1
2950,2419108,733358,1536,1
2951,2078726,630433,1536,1
2952,1564846,473930,1536,1
2953,2541454,769658,1536,1
2954,3898368,1181771,1536,1
2955,6316744,1912848,1536,1
2956,6784768,2058352,1536,1
2957,2209058,669569,1536,1
2958,1471080,445537,1536,1
2959,2185318,702802,1536,1
2960,2645572,801552,1536,1
2961,1440594,436576,1536,1
2962,2858227,867404,1536,1
2963,5776753,1752324,1536,1
2964,2373724,719234,1536,1
2965,2533838,768410,1536,1
2966,1122522,340114,1536,1
2967,1248682,378730,1536,1
2968,1797002,544943,1536,1
2969,2311534,700031,1536,1
2970,2768082,838379,1536,1
2971,1247684,378422,1536,1
2972,3668306,1111087,1536,1
2973,831190,251724,1536,1
2974,1095060,331671,1536,1
2975,3492281,1058517,1536,1
2976,1434604,434738,1536,1
2977,1105771,335387,1536,1
2978,2368092,717353,1536,1
2979,2579502,781206,1536,1
2980,3358418,1017054,1536,1
2981,1596590,483538,1536,1
2982,3116880,944380,1536,1
2983,2002266,606507,1536,1
2984,1215196,368221,1536,1
2985,1225578,371209,1536,1
2986,2568280,778719,1536,1
2987,5280610,1600804,1536,1
2988,1769652,536673,1536,1
2989,4428670,1341566,1536,1
2990,868392,263033,1536,1
2991,879026,266228,1536,1
2992,862160,261143,1536,1
2993,1862616,564095,1536,1
2994,3081093,933887,1536,1
2995,2738722,829388,1536,1
2996,6350317,1923505,1536,1
2997,4903328,1484853,1536,1
2998,1877562,568621,1536,1
2999,3559902,1078348,1536,1
3000,841786,255264,1536,1
3001,1933466,585652,1536,1
3002,2311232,700394,1536,1
3003,1124708,340632,1536,1
3004,2846204,862331,1536,1
3005,2494226,755621,1536,1
3006,7552722,2289287,1536,1
3007,2501542,758282,1536,1
3008,11286375,3419447,1536,1
3009,5104141,1548420,1536,1
3010,2994069,907536,1536,1
3011,2346221,711046,1536,1
3012,2300906,696849,1536,1
3013,1406590,426407,1536,1
3014,1342116,406935,1536,1
3015,2768114,838293,1536,1
3016,12793841,3875835,1536,1
3017,7639300,2314053,1536,1
3018,2063764,625025,1536,1
3019,2443444,740434,1536,1
3020,2278174,690359,1536,1
3021,2212584,670674,1536,1
3022,1394182,422831,1536,1
3023,4234464,1283872,1536,1
3024,3072910,931037,1536,1
3025,2488556,753666,1536,1
3026,2003982,607733,1536,1
3027,2189886,663235,1536,1
3028,4308574,1305516,1536,1
3029,2465476,747126,1536,1
3030,30446227,9221856,1536,1
3031,7196248,2181213,1536,1
3032,1232072,373189,1536,1
3033,1775712,538235,1536,1
3034,3266328,990028,1536,1
3035,2528536,766436,1536,1
3036,4385478,1328588,1536,1
3037,3816458,1156073,1536,1
3038,2142812,649106,1536,1
3039,4593242,1392271,1536,1
3040,1900066,603943,1536,1
3041,2739857,830276,1536,1
3042,7305727,2213722,1536,1
3043,8991696,2724723,1536,1
3044,887202,268744,1536,1
3045,1392164,421854,1536,1
3046,4605350,1395248,1536,1
3047,5222104,1581805,1536,1
3048,1073092,325041,1536,1
3049,2633990,800764,1536,1
3050,2514692,761817,1536,1
3051,1660106,502768,1536,1
3052,5035252,1525536,1536,1
3053,3366978,1020171,1536,1
3054,2302727,697967,1536,1
3055,828604,250981,1536,1
3056,11735250,3557678,1536,1
3057,2149590,650995,1536,1
3058,3591362,1089139,1536,1
3059,3451578,1045600,1536,1
3060,1229058,372250,1536,1
3061,3275220,993143,1536,1
3062,2784690,843323,1536,1
3063,1648798,499531,1536,1
3064,3690586,1117990,1536,1
3065,2057660,624641,1536,1
3066,5770582,1748744,1536,1
3067,1488923,452042,1536,1
3068,4092494,1240053,1536,1
3069,13016476,3942903,1536,1
3070,1569660,475374,1536,1
3071,887740,268894,1536,1
3072,2310474,700173,1536,1
3073,1343958,407404,1536,1
3074,1546068,468507,1536,1
3075,1939918,587650,1536,1
3076,3501508,1060628,1536,1
3077,1255388,380253,1536,1
3078,943428,285764,1536,1
3079,8968232,2715902,1536,1
3080,1923708,582649,1536,1
3081,5222155,1583581,1536,1
3082,3457397,1048412,1536,1
3083,3498635,1060277,1536,1
3084,3422042,1036799,1536,1
3085,1628806,493305,1536,1
3086,2697136,816898,1536,1
3087,1003958,304152,1536,1
3088,3951510,1197483,1536,1
3089,2842288,860757,1536,1
3090,911968,276234,1536,1
3091,5282594,1599778,1536,1
3092,2713602,821789,1536,1
3093,2574434,781223,1536,1
3094,1136374,344164,1536,1
3095,2714442,822191,1536,1
3096,2316240,701605,1536,1
3097,1142776,346461,1536,1
3098,1013218,306898,1536,1
3099,12389765,3753858,1536,1
3100,15162680,4593849,1536,1
3101,1459664,442094,1536,1
3102,14089332,4269042,1536,1
3103,1424390,431939,1536,1
3104,1430887,434989,1536,1
3105,7052302,2137419,1536,1
3106,1290858,390969,1536,1
3107,5159771,1563305,1536,1
3108,6235868,1888996,1536,1
3109,1793622,543491,1536,1
3110,4756236,1441486,1536,1
3111,2975682,902228,1536,1
3112,3884538,1176879,1536,1
3113,2800950,849497,1536,1
3114,1294981,392688,1536,1
3115,1445160,437715,1536,1
3116,3276698,993961,1536,1
3117,910000,275613,1536,1
3118,7919316,2399591,1536,1
3119,4473986,1356377,1536,1
3120,2847508,862935,1536,1
3121,3869822,1171970,1536,1
3122,2052298,621543,1536,1
3123,1925016,582993,1536,1
3124,4131801,1252146,1536,1
3125,2798618,847550,1536,1
3126,1888212,571849,1536,1
3127,2691759,815731,1536,1
3128,2160164,654403,1536,1
3129,875288,265079,1536,1
3130,1255898,380357,1536,1
3131,3184753,964969,1536,1
3132,2542868,770229,1536,1
3133,1112530,337344,1536,1
3134,3305870,1001404,1536,1
3135,2495040,757582,1536,1
3136,4861302,1472134,1536,1
3137,3133210,948993,1536,1
3138,851282,257837,1536,1
3139,892696,270396,1536,1
3140,2931746,887841,1536,1
3141,1814292,549702,1536,1
3142,810408,245459,1536,1
3143,1275132,386197,1536,1
3144,1194270,361787,1536,1
3145,2826045,856378,1536,1
3146,1471398,445610,1536,1
3147,854102,258688,1536,1
3148,2838632,860786,1536,1
3149,6052429,1834433,1536,1
3150,2472222,749013,1536,1
3151,1798536,546663,1536,1
3152,8229944,2496344,1536,1
3153,2588156,783786,1536,1
3154,892842,270442,1536,1
3155,2519980,763508,1536,1
3156,915422,277280,1536,1
3157,992162,300704,1536,1
3158,874888,264990,1536,1
3159,1244192,376835,1536,1
3160,875396,265115,1536,1
3161,1973094,597545,1536,1
3162,5000056,1514764,1536,1
3163,998326,302384,1536,1
3164,4320680,1308745,1536,1
3165,1783538,540132,1536,1
3166,1417546,429307,1536,1
3167,3172310,960870,1536,1
3168,1102322,333851,1536,1
3169,5996732,1815947,1536,1
3170,826096,250208,1536,1
3171,808402,244847,1536,1
3172,2102026,637199,1536,1
3173,3972592,1203637,1536,1
3174,4504266,1364640,1536,1
3175,1180370,358031,1536,1
3176,781162,236598,1536,1
3177,2607468,789637,1536,1
3178,2949718,893276,1536,1
3179,865090,262031,1536,1
3180,2039172,617551,1536,1
3181,5130282,1553594,1536,1
3182,740384,224248,1536,1
3183,1053656,319110,1536,1
3184,1896528,574356,1536,1
3185,1410242,427103,1536,1
3186,4331564,1312028,1536,1
3187,2047934,620387,1536,1
3188,2213786,670444,1536,1
3189,1506400,456304,1536,1
3190,881590,267393,1536,1
3191,2803524,850754,1536,1
3192,1162580,352072,1536,1
3193,1157382,350517,1536,1
3194,1053412,319075,1536,1
3195,6606822,2002925,1536,1
3196,2729132,827638,1536,1
3197,2562274,776470,1536,1
3198,1089682,330023,1536,1
3199,1287370,389861,1536,1
3200,1358384,412190,1536,1
3201,1579956,478523,1536,1
3202,1225070,371551,1536,1
3203,1321214,400293,1536,1
3204,3632513,1101338,1536,1
3205,2862328,867242,1536,1
3206,1346662,407862,1536,1
3207,6663211,2018531,1536,1
3208,1209712,366618,1536,1
3209,3568336,1087074,1536,1
3210,3624068,1098583,1536,1
3211,1670402,506301,1536,1
3212,2548236,771713,1536,1
3213,2258246,683883,1536,1
3214,3304992,1000929,1536,1
3215,2466778,747049,1536,1
3216,997788,302225,1536,1
3217,1219588,369387,1536,1
3218,2519148,763178,1536,1
3219,2362832,716472,1536,1
3220,1164024,352570,1536,1
3221,2370390,717855,1536,1
3222,825492,250028,1536,1
3223,5912606,1791284,1536,1
3224,1103752,334272,1536,1
3225,2292264,694198,1536,1
3226,1446894,438178,1536,1
3227,1131346,342659,1536,1
3228,1182014,357982,1536,1
3229,1186620,359351,1536,1
3230,1153088,349244,1536,1
3231,850230,257516,1536,1
3232,1895520,574062,1536,1
3233,1477114,447918,1536,1
3234,4901312,1484247,1536,1
3235,874302,264795,1536,1
3236,872164,264158,1536,1
3237,3221378,975548,1536,1
3238,3285330,994914,1536,1
3239,1929382,584285,1536,1
3240,2795696,846647,1536,1
3241,1306192,395609,1536,1
3242,2121462,642460,1536,1
3243,6495739,1967617,1536,1
3244,7025016,2129573,1536,1
3245,1186436,359320,1536,1
3246,4690344,1420577,1536,1
3247,3786822,1146764,1536,1
3248,4317240,1307378,1536,1
3249,3801256,1151263,1536,1
3250,1030956,312447,1536,1
3251,3303028,1000785,1536,1
3252,1104554,334543,1536,1
3253,770992,233569,1536,1
3254,5662184,1715626,1536,1
3255,797098,241440,1536,1
3256,1052674,318787,1536,1
3257,1370742,415208,1536,1
3258,1035186,313535,1536,1
3259,1565657,476149,1536,1
3260,2352756,712507,1536,1
3261,1764024,534237,1536,1
3262,1114434,337528,1536,1
3263,1990370,602776,1536,1
3264,2831066,857343,1536,1
3265,748762,226769,1536,1
3266,1340186,405850,1536,1
3267,752392,227879,1536,1
3268,1558570,472016,1536,1
3269,1552358,470170,1536,1
3270,5369090,1631101,1536,1
3271,803556,243394,1536,1
3272,1684754,510229,1536,1
3273,3184996,964516,1536,1
3274,1053848,319180,1536,1
3275,1861442,563730,1536,1
3276,726684,220097,1536,1
3277,2441242,740273,1536,1
3278,2364650,716117,1536,1
3279,1393268,421947,1536,1
3280,1578872,478169,1536,1
3281,2053548,621883,1536,1
3282,3027888,917183,1536,1
3283,4307344,1304556,1536,1
3284,766992,232301,1536,1
3285,1336450,404721,1536,1
3286,5191558,1574214,1536,1
3287,2039868,617766,1536,1
3288,7564860,2292204,1536,1
3289,2626844,795586,1536,1
3290,2538790,769851,1536,1
3291,4712260,1427502,1536,1
3292,5882196,1782691,1536,1
3293,5216239,1580248,1536,1
3294,2234858,676996,1536,1
3295,9411909,2851701,1536,1
3296,3469816,1051992,1536,1
3297,4163946,1261109,1536,1
3298,7822478,2370314,1536,1
3299,5137398,1555968,1536,1
3300,1467570,444452,1536,1
3301,1289042,390676,1536,1
3302,1666306,504718,1536,1
3303,1848710,559885,1536,1
3304,1521162,460763,1536,1
3305,19751326,5982885,1536,1
3306,2002354,606579,1536,1
3307,4321352,1308834,1536,1
3308,5019394,1520914,1536,1
3309,3739136,1132335,1536,1
3310,3047636,922947,1536,1
3311,3482510,1055154,1536,1
3312,2671132,809002,1536,1
3313,3114575,944859,1536,1
3314,3807354,1153588,1536,1
3315,1634606,495358,1536,1
3316,5599152,1695937,1536,1
3317,2009172,608622,1536,1
3318,3994300,1209673,1536,1
3319,5702104,1726832,1536,1
3320,3003424,909549,1536,1
3321,2313872,700747,1536,1
3322,7073008,2143789,1536,1
3323,874540,264881,1536,1
3324,2794880,846375,1536,1
3325,3194956,967544,1536,1
3326,3325852,1007179,1536,1
3327,1236362,374459,1536,1
3328,3038268,920092,1536,1
3329,1137908,344626,1536,1
3330,1497354,453489,1536,1
3331,2240014,678370,1536,1
3332,2464344,746302,1536,1
3333,2657573,805393,1536,1
3334,6310564,1910971,1536,1
3335,727554,220436,1536,1
3336,2881158,873122,1536,1
3337,2627188,795941,1536,1
3338,3334280,1009835,1536,1
3339,863876,261689,1536,1
3340,1597308,483730,1536,1
3341,1008344,305384,1536,1
3342,1832760,555028,1536,1
3343,981568,297360,1536,1
3344,999924,302825,1536,1
3345,2775810,840666,1536,1
3346,687326,208156,1536,1
3347,713188,216025,1536,1
3348,1023536,310002,1536,1
3349,1190040,361652,1536,1
3350,3425366,1037365,1536,1
3351,1212982,367365,1536,1
3352,3032114,918218,1536,1
3353,2293283,695432,1536,1
3354,1224340,370801,1536,1
3355,4209759,1276243,1536,1
3356,3702668,1121592,1536,1
3357,737290,223324,1536,1
3358,3006042,910398,1536,1
3359,758654,229792,1536,1
3360,2416866,732088,1536,1
3361,1412256,427709,1536,1
3362,784416,237585,1536,1
3363,2234634,676746,1536,1
3364,1552770,470255,1536,1
3365,1761790,534245,1536,1
3366,1337998,405223,1536,1
3367,1219288,369353,1536,1
3368,4378456,1325980,1536,1
3369,2103756,637687,1536,1
3370,3697284,1119638,1536,1
3371,1343234,406825,1536,1
3372,1278524,387191,1536,1
3373,3892740,1178846,1536,1
3374,2077880,629286,1536,1
3375,1645124,498243,1536,1
3376,1848396,559775,1536,1
3377,1617438,489839,1536,1
3378,1172604,355134,1536,1
3379,2383580,721853,1536,1
3380,1875232,568014,1536,1
3381,1685810,510562,1536,1
3382,893816,271129,1536,1
3383,1248680,378170,1536,1
3384,6095548,1846434,1536,1
3385,3449218,1044542,1536,1
3386,1595882,483330,1536,1
3387,4187040,1268750,1536,1
3388,943132,285665,1536,1
3389,864216,261774,1536,1
3390,3319008,1005616,1536,1
3391,7414135,2245965,1536,1
3392,852866,258335,1536,1
3393,1962246,594414,1536,1
3394,1365016,413444,1536,1
3395,4322426,1309247,1536,1
3396,2844410,862154,1536,1
3397,5179786,1570153,1536,1
3398,3715094,1125996,1536,1
3399,2791080,845399,1536,1
3400,2863462,868241,1536,1
3401,10813213,3276641,1536,1
3402,2420346,733913,1536,1
3403,1317100,398917,1536,1
3404,2580236,782660,1536,1
3405,2590706,784993,1536,1
3406,2427176,735095,1536,1
3407,3700592,1120708,1536,1
3408,1357906,411300,1536,1
3409,4703366,1425595,1536,1
3410,14807904,4485985,1536,1
3411,1110952,336495,1536,1
3412,3186078,964859,1536,1
3413,1365628,413890,1536,1
3414,2315614,701288,1536,1
3415,4017306,1216562,1536,1
3416,1557484,471703,1536,1
3417,1643118,497651,1536,1
3418,4522262,1369501,1536,1
3419,1879274,569298,1536,1
3420,2034216,616810,1536,1
3421,4229840,1282126,1536,1
3422,4536076,1373937,1536,1
3423,1216606,368458,1536,1
3424,4312148,1307271,1536,1
3425,6134622,1858490,1536,1
3426,5248778,1589917,1536,1
3427,3701124,1121459,1536,1
3428,4756246,1440753,1536,1
3429,1071376,324480,1536,1
3430,3107836,941159,1536,1
3431,1138956,344944,1536,1
3432,800916,242555,1536,1
3433,3267360,989670,1536,1
3434,2315586,701310,1536,1
3435,1698430,514358,1536,1
3436,1146468,347393,1536,1
3437,1086230,329008,1536,1
3438,1341536,406287,1536,1
3439,6165284,1867258,1536,1
3440,1410104,427229,1536,1
3441,4298112,1302167,1536,1
3442,7330646,2219866,1536,1
3443,838614,253974,1536,1
3444,918940,278338,1536,1
3445,2717238,822995,1536,1
3446,1785050,540601,1536,1
3447,1995140,604224,1536,1
3448,1290296,390786,1536,1
3449,1409840,426986,1536,1
3450,1839414,557070,1536,1
3451,1517068,459454,1536,1
3452,4397704,1331741,1536,1
3453,3247932,983578,1536,1
3454,2193670,664321,1536,1
3455,2040634,617994,1536,1
3456,1137816,344613,1536,1
3457,2832972,857931,1536,1
3458,7770002,2354833,1536,1
3459,1140984,345574,1536,1
3460,791756,240041,1536,1
3461,773056,234200,1536,1
3462,769800,233154,1536,1
3463,779590,236118,1536,1
3464,831556,251925,1536,1
3465,1497150,453587,1536,1
3466,2924192,887305,1536,1
3467,2023074,612658,1536,1
3468,1823634,552284,1536,1
3469,1133362,343261,1536,1
3470,2724592,825105,1536,1
3471,1664398,504125,1536,1
3472,5053108,1530602,1536,1
3473,1877594,568589,1536,1
3474,930456,281828,1536,1
3475,1424270,431412,1536,1
3476,4148742,1256361,1536,1
3477,1863130,564233,1536,1
3478,1464136,443411,1536,1
3479,6520154,1975524,1536,1
3480,877092,265652,1536,1
3481,1986134,601500,1536,1
3482,3474138,1052085,1536,1
3483,884804,268003,1536,1
3484,6492642,1966302,1536,1
3485,2133290,646056,1536,1
3486,4371540,1323824,1536,1
3487,959256,290653,1536,1
3488,2750094,833281,1536,1
3489,832468,252137,1536,1
3490,2243252,679353,1536,1
3491,853296,258444,1536,1
3492,1640338,496788,1536,1
3493,3073914,932098,1536,1
3494,1744012,529516,1536,1
3495,1373710,416184,1536,1
3496,1861562,563788,1536,1
3497,3922945,1188683,1536,1
3498,7194462,2179468,1536,1
3499,3078985,933184,1536,1
3500,2082016,630905,1536,1
3501,1343726,407684,1536,1
3502,2259476,684845,1536,1
3503,7260322,2200911,1536,1
3504,3259266,987767,1536,1
3505,2136746,647309,1536,1
3506,4258774,1289786,1536,1
3507,2096210,634839,1536,1
3508,1808670,547768,1536,1
3509,4329212,1311016,1536,1
3510,1008688,305524,1536,1
3511,1113616,337553,1536,1
3512,3543796,1082406,1536,1
3513,4250678,1287690,1536,1
3514,1248540,378140,1536,1
3515,1803850,546397,1536,1
3516,5115416,1549082,1536,1
3517,2088506,632682,1536,1
3518,4931210,1493561,1536,1
3519,1167890,353709,1536,1
3520,845704,256147,1536,1
3521,1239402,375384,1536,1
3522,1204682,364848,1536,1
3523,1497614,453550,1536,1
3524,1494070,452484,1536,1
3525,1133136,343188,1536,1
3526,1935388,586116,1536,1
3527,7137280,2162599,1536,1
3528,3408264,1032191,1536,1
3529,1839498,557168,1536,1
3530,1269226,384449,1536,1
3531,3755738,1137634,1536,1
3532,1323284,400879,1536,1
3533,1171808,355215,1536,1
3534,3842828,1163773,1536,1
3535,2023026,612710,1536,1
3536,6690010,2026251,1536,1
3537,1535134,464922,1536,1
3538,1132114,343191,1536,1
3539,1437120,435309,1536,1
3540,1129012,341943,1536,1
3541,9060828,2745055,1536,1
3542,839928,254653,1536,1
3543,1498704,454587,1536,1
3544,1147732,347697,1536,1
3545,2234400,677882,1536,1
3546,3541306,1073822,1536,1
3547,1662182,503406,1536,1
3548,822422,249110,1536,1
3549,759076,229908,1536,1
3550,790012,239254,1536,1
3551,757776,229515,1536,1
3552,2668914,808246,1536,1
3553,1514452,458668,1536,1
3554,3247760,983507,1536,1
3555,1577862,478386,1536,1
3556,1149460,348140,1536,1
3557,887514,268819,1536,1
3558,1430092,433098,1536,1
3559,810316,245427,1536,1
3560,1785232,540641,1536,1
3561,1125982,341015,1536,1
3562,1040130,315004,1536,1
3563,1924316,582773,1536,1
3564,757618,229455,1536,1
3565,1141522,345838,1536,1
3566,835012,252925,1536,1
3567,1490728,451559,1536,1
3568,2604586,789689,1536,1
3569,4872979,1476721,1536,1
3570,8463324,2563297,1536,1
3571,1119714,339115,1536,1
3572,834486,252721,1536,1
3573,1872106,566937,1536,1
3574,799450,242162,1536,1
3575,1714334,519171,1536,1
3576,1715250,519471,1536,1
3577,1136146,344108,1536,1
3578,897472,271895,1536,1
3579,1106606,335133,1536,1
3580,2268632,687038,1536,1
3581,3030798,917829,1536,1
3582,1602526,485463,1536,1
3583,1721684,521378,1536,1
3584,1161244,351712,1536,1
3585,2752390,833646,1536,1
3586,1698150,514272,1536,1
3587,2904116,879558,1536,1
3588,1381368,418732,1536,1
3589,2221580,672790,1536,1
3590,1385110,419497,1536,1
3591,891156,269941,1536,1
3592,760594,230355,1536,1
3593,1128606,341823,1536,1
3594,2244206,679666,1536,1
3595,836754,253447,1536,1
3596,2923679,885708,1536,1
3597,843934,255619,1536,1
3598,6539218,1980314,1536,1
3599,861710,260999,1536,1
3600,1482006,448840,1536,1
3601,2343274,709640,1536,1
3602,3185462,964629,1536,1
3603,3731550,1130661,1536,1
3604,2180682,660389,1536,1
3605,2654244,803932,1536,1
3606,6324324,1924551,1536,1
3607,766570,232177,1536,1
3608,781058,236580,1536,1
3609,1782542,539826,1536,1
3610,1409260,426792,1536,1
3611,764472,231542,1536,1
3612,2433916,737127,1536,1
3613,934522,283059,1536,1
3614,2086788,632556,1536,1
3615,2949409,893476,1536,1
3616,6631275,2008569,1536,1
3617,1607400,486810,1536,1
3618,1355060,410829,1536,1
3619,1545612,468105,1536,1
3620,6409486,1942589,1536,1
3621,3059396,927111,1536,1
3622,6921594,2097387,1536,1
3623,958846,290429,1536,1
3624,2722728,824652,1536,1
3625,2595386,785987,1536,1
3626,2762814,836690,1536,1
3627,6451886,1954796,1536,1
3628,1218926,369160,1536,1
3629,857614,259752,1536,1
3630,1518664,459926,1536,1
3631,2683912,812793,1536,1
3632,849746,257369,1536,1
3633,953226,288725,1536,1
3634,1631132,494004,1536,1
3635,834780,252838,1536,1
3636,1547546,468699,1536,1
3637,1403654,425095,1536,1
3638,784692,237666,1536,1
3639,2043298,618788,1536,1
3640,3440212,1041807,1536,1
3641,1604900,486315,1536,1
3642,2078362,629592,1536,1
3643,1014360,307297,1536,1
3644,4682686,1418567,1536,1
3645,2351524,712137,1536,1
3646,2863324,867122,1536,1
3647,3606902,1093313,1536,1
3648,2408762,729527,1536,1
3649,1434724,434682,1536,1
3650,3759587,1139985,1536,1
3651,2308524,700009,1536,1
3652,1698786,514489,1536,1
3653,5346832,1620324,1536,1
3654,836426,253333,1536,1
3655,2400754,727158,1536,1
3656,3089524,935617,1536,1
3657,3503860,1061079,1536,1
3658,1511790,457862,1536,1
3659,2381872,721332,1536,1
3660,800710,242506,1536,1
3661,803334,243314,1536,1
3662,1072802,325077,1536,1
3663,1975074,598145,1536,1
3664,5860399,1777449,1536,1
3665,2954806,894818,1536,1
3666,3715051,1125610,1536,1
3667,2047554,620077,1536,1
3668,2502504,757855,1536,1
3669,1759814,532960,1536,1
3670,5790825,1754101,1536,1
3671,5433290,1645325,1536,1
3672,1359312,411664,1536,1
3673,1685250,510370,1536,1
3674,1644704,498101,1536,1
3675,1018008,308336,1536,1
3676,765282,231800,1536,1
3677,5481830,1660418,1536,1
3678,1102608,333949,1536,1
3679,3384252,1024853,1536,1
3680,1961048,593974,1536,1
3681,1031226,312315,1536,1
3682,1644891,499402,1536,1
3683,7865348,2383728,1536,1
3684,1025119,311038,1536,1
3685,3229946,978954,1536,1
3686,2520015,763996,1536,1
3687,3511846,1064113,1536,1
3688,2141572,648608,1536,1
3689,1398380,424113,1536,1
3690,904666,273983,1536,1
3691,3244506,983550,1536,1
3692,846372,256376,1536,1
3693,4481676,1357907,1536,1
3694,8679382,2630029,1536,1
3695,2969872,899808,1536,1
3696,2491234,755116,1536,1
3697,5409302,1639347,1536,1
3698,1315068,398278,1536,1
3699,2262797,685832,1536,1
3700,15413894,4669605,1536,1
3701,1315412,398574,1536,1
3702,2258888,684442,1536,1
3703,7896314,2392115,1536,1
3704,1511208,457763,1536,1
3705,2351064,712754,1536,1
3706,2088488,633064,1536,1
3707,1477642,447863,1536,1
3708,4427366,1341295,1536,1
3709,4432047,1343029,1536,1
3710,3396954,1029728,1536,1
3711,4814427,1458548,1536,1
3712,4636099,1404356,1536,1
3713,4896230,1483684,1536,1
3714,4661050,1412141,1536,1
3715,3525966,1068211,1536,1
3716,1456596,441264,1536,1
3717,1460248,442324,1536,1
3718,1321744,401157,1536,1
3719,5814130,1762002,1536,1
3720,7361182,2230270,1536,1
3721,3599604,1090567,1536,1
3722,7463397,2261966,1536,1
3723,4554718,1380270,1536,1
3724,6652034,2016147,1536,1
3725,5083772,1540005,1536,1
3726,1647738,499039,1536,1
3727,1222608,370311,1536,1
3728,5535582,1676667,1536,1
3729,827678,250688,1536,1
3730,4303008,1303320,1536,1
3731,813058,246273,1536,1
3732,1983234,600617,1536,1
3733,1825368,553113,1536,1
3734,1542808,467546,1536,1
3735,1157008,350416,1536,1
3736,4417989,1338798,1536,1
3737,2643146,800580,1536,1
3738,1141598,345845,1536,1
3739,2091536,633918,1536,1
3740,2797848,848169,1536,1
3741,5954026,1805016,1536,1
3742,1789642,542031,1536,1
3743,1730818,524201,1536,1
3744,3710496,1124477,1536,1
3745,1365854,413667,1536,1
3746,15581529,4728902,1536,1
3747,1128466,341763,1536,1
3748,6460382,1957987,1536,1
3749,6219035,1883933,1536,1
3750,1323190,401141,1536,1
3751,2528840,767152,1536,1
3752,1976986,599307,1536,1
3753,1532658,464215,1536,1
3754,2479796,751023,1536,1
3755,4546920,1377799,1536,1
3756,3133520,949199,1536,1
3757,5343622,1619959,1536,1
3758,2065140,625423,1536,1
3759,839262,254167,1536,1
3760,18545466,5617322,1536,1
3761,4455866,1349799,1536,1
3762,3188806,966047,1536,1
3763,1352676,410081,1536,1
3764,3400952,1030406,1536,1
3765,1598358,484185,1536,1
3766,4288632,1298985,1536,1
3767,4787406,1450136,1536,1
3768,2714284,822292,1536,1
3769,5120800,1550868,1536,1
3770,2211526,669779,1536,1
3771,1714312,519196,1536,1
3772,1122358,340112,1536,1
3773,1189364,360244,1536,1
3774,1533596,464572,1536,1
3775,6594920,2004492,1536,1
3776,1527848,462746,1536,1
3777,3938944,1193017,1536,1
3778,2432630,736721,1536,1
3779,3725188,1128138,1536,1
3780,2461510,745462,1536,1
3781,2219208,672967,1536,1
3782,8828500,2690079,1536,1
3783,2832124,859604,1536,1
3784,28227187,8549417,1536,1
3785,3976502,1204810,1536,1
3786,3177162,962375,1536,1
3787,3340070,1011555,1536,1
3788,3748046,1135642,1536,1
3789,2410910,730227,1536,1
3790,1391892,421646,1536,1
3791,6186540,1874045,1536,1
3792,3017219,914589,1536,1
3793,2139140,647832,1536,1
3794,3385573,1026229,1536,1
3795,7058057,2138210,1536,1
3796,7632147,2312657,1536,1
3797,1439434,435961,1536,1
3798,2751512,833932,1536,1
3799,1438268,435634,1536,1
3800,2552724,773861,1536,1
3801,6702476,2030899,1536,1
3802,2767660,842410,1536,1
3803,8109292,2457433,1536,1
3804,1033692,313101,1536,1
3805,4077994,1234940,1536,1
3806,3334269,1010203,1536,1
3807,913856,276807,1536,1
3808,3123714,945973,1536,1
3809,1264296,382921,1536,1
3810,2329955,705931,1536,1
3811,893724,270707,1536,1
3812,8690974,2633334,1536,1
3813,2743346,831529,1536,1
3814,4774936,1446201,1536,1
3815,8684988,2631437,1536,1
3816,853980,258641,1536,1
3817,1908036,577849,1536,1
3818,2939562,891199,1536,1
3819,2182102,661591,1536,1
3820,4607984,1395900,1536,1
3821,1925812,583528,1536,1
3822,2221370,672753,1536,1
3823,2608938,790090,1536,1
3824,3672186,1113259,1536,1
3825,3338438,1013393,1536,1
3826,3342462,1012291,1536,1
3827,2010034,609185,1536,1
3828,1227606,372120,1536,1
3829,10082692,3055249,1536,1
3830,1644278,497995,1536,1
3831,2907576,881349,1536,1
3832,6165549,1868644,1536,1
3833,3881512,1176050,1536,1
3834,1479190,448005,1536,1
3835,2306926,699185,1536,1
3836,852408,258176,1536,1
3837,1465170,443727,1536,1
3838,6481340,1964474,1536,1
3839,2380806,722080,1536,1
3840,4924792,1491541,1536,1
3841,1064820,322553,1536,1
3842,2787804,844337,1536,1
3843,3106380,940723,1536,1
3844,2086168,631880,1536,1
3845,3304358,1001516,1536,1
3846,2442802,739783,1536,1
3847,4741188,1436294,1536,1
3848,2585906,783751,1536,1
3849,810466,245479,1536,1
3850,1475432,446850,1536,1
3851,2114640,640486,1536,1
3852,1573277,476872,1536,1
3853,800968,242585,1536,1
3854,2774138,841469,1536,1
3855,1359674,411807,1536,1
3856,1156162,350152,1536,1
3857,3906900,1184588,1536,1
3858,4073602,1234308,1536,1
3859,2356024,714058,1536,1
3860,2480440,751995,1536,1
3861,2368006,717710,1536,1
3862,1387208,420612,1536,1
3863,3830088,1160285,1536,1
3864,1503486,455751,1536,1
3865,3760490,1140105,1536,1
3866,2441797,740349,1536,1
3867,4145858,1256091,1536,1
3868,1262338,382379,1536,1
3869,2340125,709187,1536,1
3870,1412588,428157,1536,1
3871,3869920,1172688,1536,1
3872,2453430,743302,1536,1
3873,2517234,763371,1536,1
3874,8099692,2452953,1536,1
3875,9372385,2839790,1536,1
3876,2096974,635227,1536,1
3877,4611803,1397140,1536,1
3878,1795338,543733,1536,1
3879,6453978,1955150,1536,1
3880,2596962,787074,1536,1
3881,934042,282901,1536,1
3882,1297194,392945,1536,1
3883,1775494,537821,1536,1
3884,2623270,795933,1536,1
3885,2981410,902957,1536,1
3886,1249800,378536,1536,1
3887,1104102,334927,1536,1
3888,3380143,1031609,1536,1
3889,1808092,547607,1536,1
3890,6327708,1917672,1536,1
3891,2018636,611572,1536,1
3892,2449670,741884,1536,1
3893,1445840,437898,1536,1
3894,908480,275237,1536,1
3895,1772594,536916,1536,1
3896,4081815,1236969,1536,1
3897,2566654,777291,1536,1
3898,2823376,855705,1536,1
3899,4725798,1433601,1536,1
3900,6328362,1916468,1536,1
3901,10937754,3312458,1536,1
3902,1588234,480975,1536,1
3903,3259836,987189,1536,1
3904,2272494,688285,1536,1
3905,1920026,581483,1536,1
3906,4692571,1422146,1536,1
3907,3383178,1024710,1536,1
3908,1109586,336099,1536,1
3909,2335464,707280,1536,1
3910,1292414,391432,1536,1
3911,4935090,1494470,1536,1
3912,1142018,345869,1536,1
3913,1625722,492355,1536,1
3914,2868378,868648,1536,1
3915,1346396,407757,1536,1
3916,2027296,613943,1536,1
3917,2002100,606329,1536,1
3918,4038792,1223145,1536,1
3919,2587258,783520,1536,1
3920,2168574,657267,1536,1
3921,2003016,606608,1536,1
3922,1987968,602128,1536,1
3923,3188254,965880,1536,1
3924,2816048,853462,1536,1
3925,1811826,548712,1536,1
3926,813150,246275,1536,1
3927,1247394,377798,1536,1
3928,878298,266048,1536,1
3929,1514076,458726,1536,1
3930,2370428,717866,1536,1
3931,1400304,424100,1536,1
3932,6386772,1934887,1536,1
3933,1323432,400829,1536,1
3934,887392,268790,1536,1
3935,2411200,730480,1536,1
3936,2391198,724664,1536,1
3937,2393524,724870,1536,1
3938,1484726,449666,1536,1
3939,3458542,1047360,1536,1
3940,1862018,564014,1536,1
3941,1213146,367521,1536,1
3942,964522,292144,1536,1
3943,1822294,552786,1536,1
3944,1482934,449753,1536,1
3945,3204568,971816,1536,1
3946,1516508,459428,1536,1
3947,2648588,802260,1536,1
3948,1245092,377121,1536,1
3949,848286,256931,1536,1
3950,1333680,403963,1536,1
3951,7976060,2417534,1536,1
3952,2069564,626765,1536,1
3953,2179772,660134,1536,1
3954,2066034,625888,1536,1
3955,2021582,613424,1536,1
3956,5394748,1635058,1536,1
3957,4010108,1215296,1536,1
3958,13727311,4158223,1536,1
3959,1142090,345892,1536,1
3960,3596600,1089164,1536,1
3961,3323894,1006916,1536,1
3962,1448884,438897,1536,1
3963,1807876,547501,1536,1
3964,2196758,665268,1536,1
3965,6818610,2064903,1536,1
3966,825628,250067,1536,1
3967,2501968,757726,1536,1
3968,2543442,770257,1536,1
3969,1099980,333143,1536,1
3970,1620772,491775,1536,1
3971,1821322,551595,1536,1
3972,2468314,748028,1536,1
3973,1508242,457074,1536,1
3974,2953901,895665,1536,1
3975,1567246,474658,1536,1
3976,2797880,847305,1536,1
3977,1688082,511246,1536,1
3978,1907172,577589,1536,1
3979,3301038,1000213,1536,1
3980,4459196,1353123,1536,1
3981,1305796,395590,1536,1
3982,1513924,458506,1536,1
3983,810740,245542,1536,1
3984,2004594,607065,1536,1
3985,2138884,647749,1536,1
3986,809960,245326,1536,1
3987,3408920,1032361,1536,1
3988,1561120,472867,1536,1
3989,866638,262476,1536,1
3990,1340148,406226,1536,1
3991,3909746,1183987,1536,1
3992,3732632,1130352,1536,1
3993,1773640,537130,1536,1
3994,1964512,595019,1536,1
3995,3086124,934582,1536,1
3996,1155108,349819,1536,1
3997,1143672,346352,1536,1
3998,807482,244566,1536,1
3999,1563524,473529,1536,1
4000,1068420,323608,1536,1
4001,2145894,651486,1536,1
4002,4019842,1218519,1536,1
4003,943764,285872,1536,1
4004,1405336,425971,1536,1
4005,4277450,1296076,1536,1
4006,10634912,3221827,1536,1
4007,1347096,408007,1536,1
4008,3110770,942061,1536,1
4009,1867916,565841,1536,1
4010,940868,285057,1536,1
4011,1363114,412850,1536,1
4012,939494,284552,1536,1
4013,6813534,2064252,1536,1
4014,3665192,1110166,1536,1
4015,2200192,666875,1536,1
4016,2605390,789256,1536,1
4017,7542550,2284463,1536,1
4018,6486334,1965035,1536,1
4019,1675264,507452,1536,1
4020,4805940,1455762,1536,1
4021,2540126,769356,1536,1
4022,2703286,818895,1536,1
4023,2271364,688251,1536,1
4024,1880566,569745,1536,1
4025,1694172,513087,1536,1
4026,3236240,980064,1536,1
4027,6260160,1897036,1536,1
4028,852086,258078,1536,1
4029,1234276,373830,1536,1
4030,2712206,821371,1536,1
4031,1725298,522946,1536,1
4032,2011880,610170,1536,1
4033,8338140,2525819,1536,1
4034,4089374,1241805,1536,1
4035,1114302,337475,1536,1
4036,830174,251443,1536,1
4037,1316558,398741,1536,1
4038,1833790,555365,1536,1
4039,2938514,889887,1536,1
4040,1189322,361464,1536,1
4041,2255110,683176,1536,1
4042,4375358,1324960,1536,1
4043,1139016,344982,1536,1
4044,3038538,920156,1536,1
4045,1166424,353280,1536,1
4046,3152378,954694,1536,1
4047,2606836,789489,1536,1
4048,1027034,311069,1536,1
4049,2974494,900836,1536,1
4050,836122,253244,1536,1
4051,3680376,1115620,1536,1
4052,3097094,938638,1536,1
4053,1339986,405889,1536,1
4054,3273278,991388,1536,1
4055,2929328,887792,1536,1
4056,1359384,411987,1536,1
4057,1749632,530337,1536,1
4058,1905776,577751,1536,1
4059,2255592,683055,1536,1
4060,1402050,424636,1536,1
4061,5245248,1588392,1536,1
4062,1542834,467321,1536,1
4063,1186780,359425,1536,1
4064,870056,263493,1536,1
4065,1453454,440221,1536,1
4066,4277700,1295911,1536,1
4067,3678862,1114300,1536,1
4068,3835230,1162187,1536,1
4069,1281064,388283,1536,1
4070,1269817,384891,1536,1
4071,2868714,869103,1536,1
4072,2649586,807278,1536,1
4073,3106584,941000,1536,1
4074,1439272,436169,1536,1
4075,3257920,986809,1536,1
4076,1572206,476159,1536,1
4077,2239940,679198,1536,1
4078,6098872,1848109,1536,1
4079,1169166,354176,1536,1
4080,963284,291749,1536,1
4081,3324062,1006898,1536,1
4082,4279454,1296001,1536,1
4083,2931456,887825,1536,1
4084,3458014,1048621,1536,1
4085,1055838,319823,1536,1
4086,3101728,939313,1536,1
4087,1517520,459578,1536,1
4088,2265188,687230,1536,1
4089,7507039,2274243,1536,1
4090,6094074,1846677,1536,1
4091,6706560,2031038,1536,1
4092,5073200,1537188,1536,1
4093,1421172,431058,1536,1
4094,4911668,1488095,1536,1
4095,2082910,632043,1536,1
4096,1320304,399888,1536,1
4097,3240702,982136,1536,1
4098,2770896,839138,1536,1
4099,2305480,698181,1536,1
4100,1947716,589853,1536,1
4101,2595772,786112,1536,1
4102,2733584,827887,1536,1
4103,3483988,1055076,1536,1
4104,6554612,1984890,1536,1
4105,1402548,424813,1536,1
4106,5418942,1641354,1536,1
4107,5718166,1732605,1536,1
4108,5506066,1667389,1536,1
4109,2266932,686512,1536,1
4110,967516,293039,1536,1
4111,6515824,1973141,1536,1
4112,2132082,645679,1536,1
4113,4246624,1285981,1536,1
4114,1282316,388379,1536,1
4115,3562344,1078775,1536,1
4116,878216,265992,1536,1
4117,1173330,355356,1536,1
4118,1931764,584990,1536,1
4119,3915954,1186972,1536,1
4120,8311202,2516809,1536,1
4121,1861862,563862,1536,1
4122,1498558,453853,1536,1
4123,4493248,1360676,1536,1
4124,961062,291239,1536,1
4125,780920,236526,1536,1
4126,1191478,361564,1536,1
4127,785474,237901,1536,1
4128,2953205,894817,1536,1
4129,1670618,505957,1536,1
4130,1682392,509511,1536,1
4131,2035142,616654,1536,1
4132,1949362,590457,1536,1
4133,814580,246808,1536,1
4134,1052186,318666,1536,1
4135,2570230,780471,1536,1
4136,2887570,875697,1536,1
4137,5099858,1545516,1536,1
4138,1190990,361332,1536,1
4139,2010526,609282,1536,1
4140,1802244,546700,1536,1
4141,6224330,1886995,1536,1
4142,1956444,594082,1536,1
4143,891068,269896,1536,1
4144,4064752,1231677,1536,1
4145,3781532,1145543,1536,1
4146,1861236,564030,1536,1
4147,2013375,610075,1536,1
4148,5650349,1717063,1536,1
4149,5425634,1644050,1536,1
4150,3767794,1141909,1536,1
4151,2311626,700068,1536,1
4152,2073138,627838,1536,1
4153,2994012,906927,1536,1
4154,4920764,1490265,1536,1
4155,2396908,725852,1536,1
4156,1757384,532227,1536,1
4157,1802124,545797,1536,1
4158,1466452,444209,1536,1
4159,831766,251908,1536,1
4160,2250248,681443,1536,1
4161,3021056,916453,1536,1
4162,806644,244312,1536,1
4163,3157592,956223,1536,1
4164,1364584,413402,1536,1
4165,1366160,413760,1536,1
4166,1219888,369542,1536,1
4167,2212816,670314,1536,1
4168,1863882,564886,1536,1
4169,3450594,1045190,1536,1
4170,1392586,421764,1536,1
4171,1114768,337621,1536,1
4172,6863677,2079948,1536,1
4173,1769348,535837,1536,1
4174,2947185,893651,1536,1
4175,2774706,840844,1536,1
4176,6163391,1868216,1536,1
4177,5800764,1757534,1536,1
4178,2904150,879596,1536,1
4179,2129978,645075,1536,1
4180,1534762,464846,1536,1
4181,914726,277422,1536,1
4182,1368736,414526,1536,1
4183,4229494,1281406,1536,1
4184,2918186,884144,1536,1
4185,3562564,1079369,1536,1
4186,4724212,1434784,1536,1
4187,3129907,948802,1536,1
4188,2712812,821991,1536,1
4189,2286717,693186,1536,1
4190,2424512,734250,1536,1
4191,1037770,314329,1536,1
4192,970320,293896,1536,1
4193,2163152,655106,1536,1
4194,988086,299281,1536,1
4195,1523304,461495,1536,1
4196,1042390,315734,1536,1
4197,4368072,1323334,1536,1
4198,4499290,1362592,1536,1
4199,2299400,696366,1536,1
4200,4276094,1295018,1536,1
4201,6031926,1826607,1536,1
4202,3339954,1011448,1536,1
4203,1435980,434906,1536,1
4204,1454696,440572,1536,1
4205,5092362,1542094,1536,1
4206,842190,255096,1536,1
4207,4625366,1400743,1536,1
4208,1407480,426256,1536,1
4209,1150552,348443,1536,1
4210,1104672,334535,1536,1
4211,2306062,698368,1536,1
4212,3069848,930178,1536,1
4213,2035004,616418,1536,1
4214,1931898,585068,1536,1
4215,4331402,1312031,1536,1
4216,4289828,1300193,1536,1
4217,3424630,1037086,1536,1
4218,1488706,450868,1536,1
4219,1681170,509148,1536,1
4220,777738,235561,1536,1
4221,3590798,1087406,1536,1
4222,1553174,470392,1536,1
4223,2102526,636754,1536,1
4224,2382132,721408,1536,1
4225,1164340,352646,1536,1
4226,12044933,3649899,1536,1
4227,3014410,913401,1536,1
4228,1185524,359065,1536,1
4229,857628,259772,1536,1
4230,1446396,438015,1536,1
4231,2334832,707079,1536,1
4232,1785694,540793,1536,1
4233,2864772,867536,1536,1
4234,784580,237630,1536,1
4235,818884,248038,1536,1
4236,6371272,1930301,1536,1
4237,2038352,617321,1536,1
4238,1068002,323452,1536,1
4239,1029806,311889,1536,1
4240,1705586,516857,1536,1
4241,1987422,601890,1536,1
4242,4290528,1299448,1536,1
4243,9755490,2955841,1536,1
4244,1339936,406237,1536,1
4245,1763858,535104,1536,1
4246,1754994,531570,1536,1
4247,3733242,1133936,1536,1
4248,3283892,996355,1536,1
4249,2357204,714069,1536,1
4250,1840220,557538,1536,1
4251,4835144,1465101,1536,1
4252,3036174,919819,1536,1
4253,2969960,900075,1536,1
4254,1862568,564185,1536,1
4255,2322432,704620,1536,1
4256,1499278,454086,1536,1
4257,2945057,892517,1536,1
4258,2542908,770282,1536,1
4259,933444,282719,1536,1
4260,1649214,499458,1536,1
4261,3212050,972725,1536,1
4262,1870044,566350,1536,1
4263,2488756,753692,1536,1
4264,3840568,1163018,1536,1
4265,3171368,960402,1536,1
4266,4257440,1289832,1536,1
4267,4365068,1321981,1536,1
4268,3821856,1158156,1536,1
4269,2652226,803745,1536,1
4270,1334476,404172,1536,1
4271,4027149,1220230,1536,1
4272,1855178,561984,1536,1
4273,2270958,687833,1536,1
4274,855816,259303,1536,1
4275,4359886,1320292,1536,1
4276,873766,264640,1536,1
4277,1410232,427088,1536,1
4278,2220826,672831,1536,1
4279,1511430,458838,1536,1
4280,6064522,1842994,1536,1
4281,2039780,618000,1536,1
4282,1409524,426913,1536,1
4283,5220390,1581492,1536,1
4284,3490329,1057493,1536,1
4285,2333458,707085,1536,1
4286,1141120,345668,1536,1
4287,2408958,729621,1536,1
4288,7929022,2401297,1536,1
4289,1507240,456495,1536,1
4290,3635164,1100799,1536,1
4291,1582856,479380,1536,1
4292,2210934,670513,1536,1
4293,1367768,414252,1536,1
4294,2354578,713066,1536,1
4295,2397350,726102,1536,1
4296,866844,262567,1536,1
4297,1169838,354294,1536,1
4298,1878316,568829,1536,1
4299,1757034,532614,1536,1
4300,5289626,1601947,1536,1
4301,2415610,731621,1536,1
4302,800668,242503,1536,1
4303,3966205,1201494,1536,1
4304,1398904,423653,1536,1
4305,1406186,425901,1536,1
4306,1453528,440229,1536,1
4307,2552248,772929,1536,1
4308,4428066,1341562,1536,1
4309,1420692,430541,1536,1
4310,2095288,634537,1536,1
4311,1211590,366915,1536,1
4312,963260,291765,1536,1
4313,2306972,698633,1536,1
4314,3824414,1158154,1536,1
4315,873838,264666,1536,1
4316,2933302,888434,1536,1
4317,1246562,377516,1536,1
4318,2096584,635117,1536,1
4319,7592562,2300878,1536,1
4320,8410546,2548661,1536,1
4321,3445326,1043408,1536,1
4322,2137398,647387,1536,1
4323,7439330,2254141,1536,1
4324,2296010,695320,1536,1
4325,2012422,609541,1536,1
4326,2844240,861678,1536,1
4327,2434130,737538,1536,1
4328,3248474,983755,1536,1
4329,7379624,2234707,1536,1
4330,1249914,378564,1536,1
4331,2667440,809056,1536,1
4332,2533878,767565,1536,1
4333,1575018,477009,1536,1
4334,3726708,1129241,1536,1
4335,1667312,504971,1536,1
4336,1415806,428896,1536,1
4337,1298370,393237,1536,1
4338,1258554,381267,1536,1
4339,2938458,890017,1536,1
4340,852648,258252,1536,1
4341,1250038,378623,1536,1
4342,2133530,646445,1536,1
4343,4840246,1466636,1536,1
4344,1322968,400679,1536,1
4345,2065234,625453,1536,1
4346,4527964,1371242,1536,1
4347,2763952,837424,1536,1
4348,4116670,1247861,1536,1
4349,1714776,519518,1536,1
4350,1734042,525166,1536,1
4351,3058604,927256,1536,1
4352,1589232,481293,1536,1
4353,1880450,569528,1536,1
4354,1838976,556936,1536,1
4355,2151444,651535,1536,1
4356,1174234,355601,1536,1
4357,1171610,354833,1536,1
4358,2241612,678829,1536,1
4359,1580040,478531,1536,1
4360,3810748,1154014,1536,1
4361,1578250,477987,1536,1
4362,2154164,652410,1536,1
4363,1573540,476623,1536,1
4364,1999352,605527,1536,1
4365,1228416,372055,1536,1
4366,1426960,432154,1536,1
4367,1215132,368034,1536,1
4368,3883201,1177088,1536,1
4369,2307286,698750,1536,1
4370,2696154,816502,1536,1
4371,1603646,485687,1536,1
4372,856252,259342,1536,1
4373,1867322,565724,1536,1
4374,1510492,457521,1536,1
4375,1285864,389456,1536,1
4376,1801602,546169,1536,1
4377,1967908,595984,1536,1
4378,1929292,584273,1536,1
4379,1594230,482808,1536,1
4380,9365790,2837191,1536,1
4381,860680,260768,1536,1
4382,1626968,492932,1536,1
4383,2668858,808215,1536,1
4384,1647194,498853,1536,1
4385,2974320,901376,1536,1
4386,2428382,735398,1536,1
4387,1954220,591815,1536,1
4388,3028882,917236,1536,1
4389,3588902,1086835,1536,1
4390,2651548,802992,1536,1
4391,1555182,471005,1536,1
4392,5109152,1547183,1536,1
4393,841238,254784,1536,1
4394,4553096,1378943,1536,1
4395,974726,295243,1536,1
4396,1168562,353955,1536,1
4397,1030622,312161,1536,1
4398,3194804,967499,1536,1
4399,1490286,451334,1536,1
4400,4025562,1219045,1536,1
4401,1999886,605667,1536,1
4402,3795836,1149465,1536,1
4403,1487052,450353,1536,1
4404,1543624,467501,1536,1
4405,1288884,390367,1536,1
4406,3461762,1048335,1536,1
4407,1272100,385285,1536,1
4408,1164754,352744,1536,1
4409,7116364,2154988,1536,1
4410,2052256,621475,1536,1
4411,848782,257078,1536,1
4412,2518468,762686,1536,1
4413,846568,256394,1536,1
4414,928504,281241,1536,1
4415,3441578,1042219,1536,1
4416,5949456,1801636,1536,1
4417,850046,257449,1536,1
4418,1851126,561278,1536,1
4419,1934700,586652,1536,1
4420,1829274,554064,1536,1
4421,5350193,1621780,1536,1
4422,1533976,464579,1536,1
4423,1843278,558426,1536,1
4424,1304516,395095,1536,1
4425,1975338,598210,1536,1
4426,2223744,673450,1536,1
4427,2941054,890658,1536,1
4428,3962044,1199822,1536,1
4429,1117030,338315,1536,1
4430,1079460,326926,1536,1
4431,3170346,960095,1536,1
4432,4022576,1219967,1536,1
4433,1476248,447075,1536,1
4434,6371727,1930518,1536,1
4435,1402098,424726,1536,1
4436,855208,259023,1536,1
4437,2990261,905887,1536,1
4438,4292400,1299858,1536,1
4439,1473122,446137,1536,1
4440,5503086,1667453,1536,1
4441,1168998,354057,1536,1
4442,1081144,327456,1536,1
4443,2423426,733919,1536,1
4444,4331892,1312954,1536,1
4445,2339178,708432,1536,1
4446,780100,236266,1536,1
4447,908970,275326,1536,1
4448,5366468,1625834,1536,1
4449,3404898,1031225,1536,1
4450,1166298,353224,1536,1
4451,2428778,736807,1536,1
4452,2968172,898888,1536,1
4453,3428524,1039364,1536,1
4454,4579675,1388320,1536,1
4455,8018175,2429396,1536,1
4456,2501000,757689,1536,1
4457,1453868,440761,1536,1
4458,1744890,528489,1536,1
4459,2736154,828687,1536,1
4460,2256262,683410,1536,1
4461,889618,269554,1536,1
4462,824024,249664,1536,1
4463,5042214,1527206,1536,1
4464,3846084,1167238,1536,1
4465,1447320,439319,1536,1
4466,3490474,1057928,1536,1
4467,2714587,822790,1536,1
4468,18203268,5514019,1536,1
4469,2387414,723277,1536,1
4470,3824246,1158526,1536,1
4471,3614256,1094598,1536,1
4472,1558126,471906,1536,1
4473,5613726,1702896,1536,1
4474,2983888,904087,1536,1
4475,13202546,4000509,1536,1
4476,3590684,1087545,1536,1
4477,2153546,653191,1536,1
4478,1477770,447610,1536,1
4479,2587892,784071,1536,1
4480,1517232,459922,1536,1
4481,1441160,436582,1536,1
4482,3227642,978148,1536,1
4483,4055664,1228589,1536,1
4484,2399068,727074,1536,1
4485,3079874,933025,1536,1
4486,2952632,894252,1536,1
4487,2841256,861451,1536,1
4488,1974301,598469,1536,1
4489,12726283,3854517,1536,1
4490,907344,274810,1536,1
4491,940726,284944,1536,1
4492,1596506,483615,1536,1
4493,1592202,482411,1536,1
4494,3138974,950714,1536,1
4495,2579958,781675,1536,1
4496,939336,284519,1536,1
4497,2819436,854030,1536,1
4498,3496488,1059456,1536,1
4499,3817428,1156041,1536,1
4500,3828722,1159845,1536,1
4501,2596890,786536,1536,1
4502,3674260,1112696,1536,1
4503,1257956,380986,1536,1
4504,3060622,927053,1536,1
4505,2009702,608620,1536,1
4506,3921750,1187983,1536,1
4507,920554,278810,1536,1
4508,1496203,454010,1536,1
4509,1282436,388429,1536,1
4510,2162030,654759,1536,1
4511,3519786,1066331,1536,1
4512,2557816,775435,1536,1
4513,3784788,1146152,1536,1
4514,1842574,558121,1536,1
4515,5091064,1541852,1536,1
4516,877266,265704,1536,1
4517,1291104,391041,1536,1
4518,3686682,1117053,1536,1
4519,1269864,384566,1536,1
4520,835150,252948,1536,1
4521,6685860,2025732,1536,1
4522,1737519,527134,1536,1
4523,1852626,561216,1536,1
4524,7755013,2350510,1536,1
4525,1328788,402501,1536,1
4526,8453968,2562963,1536,1
4527,3820836,1159360,1536,1
4528,3317894,1005707,1536,1
4529,3320708,1006832,1536,1
4530,2034046,616010,1536,1
4531,1577754,477835,1536,1
4532,3147224,953127,1536,1
4533,5877512,1780505,1536,1
4534,1432974,434112,1536,1
4535,6560369,1987457,1536,1
4536,1495878,453134,1536,1
4537,4036610,1223104,1536,1
4538,2407463,729604,1536,1
4539,6634356,2011047,1536,1
4540,1489898,451564,1536,1
4541,2870578,870148,1536,1
4542,4133374,1251794,1536,1
4543,1656750,501952,1536,1
4544,11742671,3557725,1536,1
4545,9496294,2877045,1536,1
4546,5019390,1520934,1536,1
4547,5472366,1658831,1536,1
4548,2866590,868166,1536,1
4549,1753826,531162,1536,1
4550,2687804,813967,1536,1
4551,10124124,3080025,1536,1
4552,1733744,525045,1536,1
4553,1887758,571718,1536,1
4554,3973339,1204177,1536,1
4555,5385110,1630752,1536,1
4556,935028,283196,1536,1
4557,1350674,409251,1536,1
4558,1408700,426778,1536,1
4559,1584424,480336,1536,1
4560,3024372,916527,1536,1
4561,7912058,2398530,1536,1
4562,1419126,429816,1536,1
4563,1389848,421148,1536,1
4564,2055022,623510,1536,1
4565,6040622,1831077,1536,1
4566,4027611,1220557,1536,1
4567,4960557,1502885,1536,1
4568,1574098,476890,1536,1
4569,1259848,381559,1536,1
4570,8685640,2631807,1536,1
4571,2346300,710698,1536,1
4572,4271782,1293728,1536,1
4573,2387274,723539,1536,1
4574,3669511,1112153,1536,1
4575,2291924,694504,1536,1
4576,1521606,460868,1536,1
4577,1914298,579983,1536,1
4578,1161265,352230,1536,1
4579,2129037,645212,1536,1
4580,4742216,1436756,1536,1
4581,2565706,777046,1536,1
4582,1644690,498140,1536,1
4583,1278724,387546,1536,1
4584,1248868,378793,1536,1
4585,1800472,546471,1536,1
4586,3843416,1164769,1536,1
4587,2495046,755716,1536,1
4588,4065212,1232090,1536,1
4589,1750614,530597,1536,1
4590,2388858,724077,1536,1
4591,1877402,568640,1536,1
4592,2741220,831617,1536,1
4593,5224714,1582713,1536,1
4594,5117142,1549860,1536,1
4595,4166657,1263051,1536,1
4596,2193376,664298,1536,1
4597,1423802,431258,1536,1
4598,1507558,456897,1536,1
4599,1869916,566387,1536,1
4600,1012408,306625,1536,1
4601,934062,282905,1536,1
4602,3103078,939835,1536,1
4603,6038826,1829569,1536,1
4604,1764324,534338,1536,1
4605,3290449,997395,1536,1
4606,6606759,2001289,1536,1
4607,5495518,1664992,1536,1
4608,2693945,816189,1536,1
4609,902438,273332,1536,1
4610,3374988,1022178,1536,1
4611,5491878,1663825,1536,1
4612,1505712,456704,1536,1
4613,2536248,768969,1536,1
4614,4654486,1410166,1536,1
4615,8203202,2485230,1536,1
4616,3397762,1030042,1536,1
4617,1545712,468544,1536,1
4618,1546334,469061,1536,1
4619,2627410,795940,1536,1
4620,1511450,458275,1536,1
4621,11891904,3604709,1536,1
4622,6785496,2057202,1536,1
4623,2331200,706366,1536,1
4624,2098826,635638,1536,1
4625,1284806,389245,1536,1
4626,5275575,1599181,1536,1
4627,4036006,1223367,1536,1
4628,1426972,432447,1536,1
4629,1298308,393222,1536,1
4630,1830760,554584,1536,1
4631,8341866,2527495,1536,1
4632,1304522,395104,1536,1
4633,12644713,3831036,1536,1
4634,847434,256671,1536,1
4635,3720064,1126578,1536,1
4636,4457490,1349853,1536,1
4637,2259082,684226,1536,1
4638,851230,257831,1536,1
4639,3327960,1008169,1536,1
4640,1475820,446972,1536,1
4641,2264132,685696,1536,1
4642,3850817,1166785,1536,1
4643,2345806,710462,1536,1
4644,1395252,422619,1536,1
4645,4361190,1321484,1536,1
4646,3726064,1128763,1536,1
4647,8944602,2709504,1536,1
4648,5461386,1654321,1536,1
4649,4052514,1227226,1536,1
4650,2320413,703229,1536,1
4651,1120404,339383,1536,1
4652,1761718,533552,1536,1
4653,1756014,531819,1536,1
4654,11466986,3474698,1536,1
4655,960462,290949,1536,1
4656,2570958,778572,1536,1
4657,4129098,1250418,1536,1
4658,922606,279439,1536,1
4659,3463890,1049065,1536,1
4660,5712778,1731714,1536,1
4661,1225982,371356,1536,1
4662,2507422,759333,1536,1
4663,1869198,566090,1536,1
4664,2958258,896978,1536,1
4665,7109786,2158401,1536,1
4666,2908750,881815,1536,1
4667,4771472,1445768,1536,1
4668,1339034,406078,1536,1
4669,4799666,1453786,1536,1
4670,832450,252576,1536,1
4671,2440106,739621,1536,1
4672,2743708,830877,1536,1
4673,2662994,806453,1536,1
4674,1229416,372447,1536,1
4675,1396460,423468,1536,1
4676,1840664,557444,1536,1
4677,4698614,1423330,1536,1
4678,793172,240221,1536,1
4679,2722942,827638,1536,1
4680,5320830,1612593,1536,1
4681,2399919,727167,1536,1
4682,3399020,1029377,1536,1
4683,2377762,720082,1536,1
4684,2377658,720040,1536,1
4685,1053320,319123,1536,1
4686,1659990,502712,1536,1
4687,3602716,1091012,1536,1
4688,1079388,326903,1536,1
4689,2682446,812831,1536,1
4690,1121432,339910,1536,1
4691,2527362,765432,1536,1
4692,4751208,1440481,1536,1
4693,5786814,1753150,1536,1
4694,3099407,939045,1536,1
4695,1467698,444735,1536,1
4696,1432170,434098,1536,1
4697,1488684,451067,1536,1
4698,2630492,796922,1536,1
4699,3783928,1146650,1536,1
4700,882474,267266,1536,1
4701,2032716,616310,1536,1
4702,3288062,996505,1536,1
4703,1991644,603430,1536,1
4704,5903484,1789695,1536,1
4705,1479910,448259,1536,1
4706,1519548,460192,1536,1
4707,7096056,2150233,1536,1
4708,2970220,899756,1536,1
4709,2207424,668523,1536,1
4710,1541528,467046,1536,1
4711,2739960,829767,1536,1
4712,2275346,689766,1536,1
4713,1648988,499407,1536,1
4714,1155942,350104,1536,1
4715,1137686,344558,1536,1
4716,1776696,538077,1536,1
4717,2521572,763634,1536,1
4718,4525870,1378947,1536,1
4719,837224,253577,1536,1
4720,1032830,312827,1536,1
4721,1664416,504285,1536,1
4722,1382198,418576,1536,1
4723,1175618,356049,1536,1
4724,887654,268868,1536,1
4725,7788972,2358658,1536,1
4726,862004,261083,1536,1
4727,4856662,1472486,1536,1
4728,2299714,696457,1536,1
4729,3421130,1036032,1536,1
4730,1048564,317618,1536,1
4731,8174246,2476546,1536,1
4732,1261674,382105,1536,1
4733,2598342,786861,1536,1
4734,1161262,351723,1536,1
4735,1866164,565153,1536,1
4736,849944,257425,1536,1
4737,1155874,350082,1536,1
4738,848598,256998,1536,1
4739,3249486,984057,1536,1
4740,2602278,788057,1536,1
4741,847804,256782,1536,1
4742,847444,256674,1536,1
4743,2296646,695527,1536,1
4744,1307126,395890,1536,1
4745,848736,257066,1536,1
4746,884488,267911,1536,1
4747,896100,271422,1536,1
4748,2412746,730682,1536,1
4749,4360078,1321961,1536,1
4750,1830212,555319,1536,1
4751,5291786,1603383,1536,1
4752,2813976,853538,1536,1
4753,3202810,969993,1536,1
4754,3244616,985220,1536,1
4755,1589782,481444,1536,1
4756,2098458,635513,1536,1
4757,6602606,1999823,1536,1
4758,4802918,1454451,1536,1
4759,1992496,603425,1536,1
4760,890676,269783,1536,1
4761,1216434,368407,1536,1
4762,4493081,1366743,1536,1
4763,7788650,2358688,1536,1
4764,1867580,565599,1536,1
4765,830954,251662,1536,1
4766,4305658,1303967,1536,1
4767,2556196,774198,1536,1
4768,1083994,328300,1536,1
4769,2089662,632837,1536,1
4770,10021502,3035852,1536,1
4771,1685148,510319,1536,1
4772,1811630,548634,1536,1
4773,742754,224966,1536,1
4774,841568,254973,1536,1
4775,3780768,1144922,1536,1
4776,739662,224004,1536,1
4777,2764632,837230,1536,1
4778,1566492,474395,1536,1
4779,1624354,491914,1536,1
4780,1368666,414610,1536,1
4781,2883720,873380,1536,1
4782,2512748,760959,1536,1
4783,1329756,402737,1536,1
4784,5922370,1793432,1536,1
4785,1028256,311441,1536,1
4786,1220244,369549,1536,1
4787,2073876,628047,1536,1
4788,833988,252600,1536,1
4789,2075126,628443,1536,1
4790,5494500,1664783,1536,1
4791,830796,251625,1536,1
4792,4681560,1417718,1536,1
4793,1418488,429775,1536,1
4794,2675404,810376,1536,1
4795,1924928,583315,1536,1
4796,2330236,706370,1536,1
4797,3986235,1207864,1536,1
4798,4654042,1409735,1536,1
4799,2423940,734409,1536,1
4800,2480782,752305,1536,1
4801,3048032,923951,1536,1
4802,6573536,1990928,1536,1
4803,1435588,434766,1536,1
4804,3077316,932499,1536,1
4805,1414276,428343,1536,1
4806,2371610,719514,1536,1
4807,4624454,1400872,1536,1
4808,4275462,1294792,1536,1
4809,5200958,1574983,1536,1
4810,2978530,902010,1536,1
4811,2293542,694568,1536,1
4812,1214896,367965,1536,1
4813,917752,277947,1536,1
4814,1688610,512187,1536,1
4815,3010810,912538,1536,1
4816,1436446,435134,1536,1
4817,1468554,444778,1536,1
4818,3084016,935460,1536,1
4819,1138202,345188,1536,1
4820,2540278,769397,1536,1
4821,3501982,1060514,1536,1
4822,848512,256996,1536,1
4823,1298804,393357,1536,1
4824,1787544,541363,1536,1
4825,1385228,419537,1536,1
4826,1729434,523735,1536,1
4827,826214,250239,1536,1
4828,822256,249046,1536,1
4829,829872,251336,1536,1
4830,1626640,492619,1536,1
4831,802942,243193,1536,1
4832,1083132,328076,1536,1
4833,8090240,2451037,1536,1
4834,1678406,508290,1536,1
4835,2331082,705947,1536,1
4836,1049914,317980,1536,1
4837,2014148,610051,1536,1
4838,763576,231271,1536,1
4839,1025382,310658,1536,1
4840,1296014,392524,1536,1
4841,2886318,875297,1536,1
4842,6384469,1934755,1536,1
4843,1252314,379288,1536,1
4844,1290552,390853,1536,1
4845,944730,286247,1536,1
4846,2452864,743002,1536,1
4847,6127011,1856601,1536,1
4848,2523992,764818,1536,1
4849,1092534,330905,1536,1
4850,2454988,743469,1536,1
4851,794290,240613,1536,1
4852,1120734,339449,1536,1
4853,9135708,2766827,1536,1
4854,960544,291195,1536,1
4855,2690696,814843,1536,1
4856,806458,244259,1536,1
4857,2831444,857566,1536,1
4858,842522,255197,1536,1
4859,1139928,345240,1536,1
4860,2651042,802838,1536,1
4861,3662985,1110802,1536,1
4862,8145075,2467157,1536,1
4863,1596708,484181,1536,1
4864,6388326,1934612,1536,1
4865,2139104,647788,1536,1
4866,890598,269760,1536,1
4867,4354158,1318546,1536,1
4868,3415056,1034358,1536,1
4869,4442264,1345403,1536,1
4870,979086,296560,1536,1
4871,2527976,766142,1536,1
4872,1348238,408400,1536,1
4873,2664334,806874,1536,1
4874,991108,300175,1536,1
4875,2484188,752429,1536,1
4876,2376032,719550,1536,1
4877,1735390,525580,1536,1
4878,2011770,609315,1536,1
4879,973842,294968,1536,1
4880,3713622,1124607,1536,1
4881,2224421,674050,1536,1
4882,1865112,564861,1536,1
4883,4183176,1266803,1536,1
4884,2828368,856706,1536,1
4885,934694,283100,1536,1
4886,977794,296170,1536,1
4887,1777194,538391,1536,1
4888,1999046,605416,1536,1
4889,939408,284606,1536,1
4890,1279946,387634,1536,1
4891,2413162,730812,1536,1
4892,2981308,902852,1536,1
4893,2296938,695614,1536,1
4894,1131874,342788,1536,1
4895,4154458,1258090,1536,1
4896,1545212,467979,1536,1
4897,1080050,327094,1536,1
4898,5293177,1603440,1536,1
4899,1094060,331344,1536,1
4900,4046300,1225350,1536,1
4901,4232682,1282931,1536,1
4902,1970150,596983,1536,1
4903,2266112,687019,1536,1
4904,1651928,500301,1536,1
4905,2194484,664905,1536,1
4906,768918,232887,1536,1
4907,3047310,923219,1536,1
4908,1566136,475595,1536,1
4909,1175392,356631,1536,1
4910,1752334,530730,1536,1
4911,3517906,1066316,1536,1
4912,2912349,882457,1536,1
4913,1970366,596965,1536,1
4914,1735842,525702,1536,1
4915,2469308,748398,1536,1
4916,2036677,619988,1536,1
4917,3512688,1064147,1536,1
4918,1337860,405194,1536,1
4919,4884606,1480904,1536,1
4920,1461850,442731,1536,1
4921,4681798,1417881,1536,1
4922,853450,258465,1536,1
4923,2424332,734189,1536,1
4924,2121266,642417,1536,1
4925,2752704,833693,1536,1
4926,3413424,1033694,1536,1
4927,3344220,1012739,1536,1
4928,878458,266081,1536,1
4929,12981596,3932928,1536,1
4930,2341342,709076,1536,1
4931,783906,237427,1536,1
4932,827302,250590,1536,1
4933,1049258,317778,1536,1
4934,1958390,593076,1536,1
4935,1669872,505727,1536,1
4936,2354446,712994,1536,1
4937,3642034,1102980,1536,1
4938,809184,245085,1536,1
4939,1700752,515080,1536,1
4940,1111688,336684,1536,1
4941,1042708,315798,1536,1
4942,1630398,493753,1536,1
4943,3721826,1127227,1536,1
4944,838790,254182,1536,1
4945,1169224,354204,1536,1
4946,1168686,353961,1536,1
4947,2419944,732978,1536,1
4948,1191406,360844,1536,1
4949,3506580,1063135,1536,1
4950,1782610,539919,1536,1
4951,2387516,723039,1536,1
4952,3098748,938638,1536,1
4953,4580994,1387306,1536,1
4954,1363266,413192,1536,1
4955,4100064,1242208,1536,1
4956,5283876,1600864,1536,1
4957,3137718,950669,1536,1
4958,1298298,393212,1536,1
4959,1819856,551146,1536,1
4960,3179018,963404,1536,1
4961,4966151,1505299,1536,1
4962,1806992,547247,1536,1
4963,2176072,660584,1536,1
4964,1178038,356801,1536,1
4965,1150914,348568,1536,1
4966,2974312,900725,1536,1
4967,1699274,514595,1536,1
4968,1840082,557271,1536,1
4969,888704,269204,1536,1
4970,3607816,1092791,1536,1
4971,3513658,1064542,1536,1
4972,8223898,2492066,1536,1
4973,14460754,4381382,1536,1
4974,4618010,1398733,1536,1
4975,6823434,2066639,1536,1
4976,2604394,788788,1536,1
4977,2006810,607854,1536,1
4978,5801246,1757877,1536,1
4979,3156002,956562,1536,1
4980,6379996,1932590,1536,1
4981,3849548,1166223,1536,1
4982,2299854,696510,1536,1
4983,2680284,811681,1536,1
4984,5592142,1693641,1536,1
4985,1351004,409286,1536,1
4986,1703270,515802,1536,1
4987,3381726,1024197,1536,1
4988,1819268,551661,1536,1
4989,2353706,713335,1536,1
4990,4268092,1293686,1536,1
4991,933030,282593,1536,1
4992,9418733,2852729,1536,1
4993,1206328,365352,1536,1
4994,3635346,1101221,1536,1
4995,2197616,666096,1536,1
4996,2712880,821756,1536,1
4997,1572226,476503,1536,1
4998,1215102,368029,1536,1
4999,902596,273374,1536,1
5000,3567562,1081319,1536,1
5001,1393422,422032,1536,1
5002,2500170,758558,1536,1
5003,7868995,2385520,1536,1
5004,1977598,599066,1536,1
5005,1191252,360776,1536,1
5006,5577396,1688966,1536,1
5007,2861196,866918,1536,1
5008,909954,277793,1536,1
5009,841800,254995,1536,1
5010,1504232,455573,1536,1
5011,6423804,1945378,1536,1
5012,1992462,604522,1536,1
5013,5260946,1594887,1536,1
5014,7367962,2232366,1536,1
5015,1602748,485402,1536,1
5016,1992428,603382,1536,1
5017,3337438,1010760,1536,1
5018,1567784,474952,1536,1
5019,5297004,1605445,1536,1
5020,5937680,1798060,1536,1
5021,2629076,796180,1536,1
5022,3891516,1178654,1536,1
5023,725564,219747,1536,1
5024,760982,230500,1536,1
5025,1560544,472616,1536,1
5026,723094,219009,1536,1
5027,719556,217925,1536,1
5028,1833504,555511,1536,1
5029,889840,269572,1536,1
5030,1063914,322232,1536,1
5031,3034870,919055,1536,1
5032,2228732,674950,1536,1
5033,1264390,382935,1536,1
5034,4020730,1217804,1536,1
5035,1235256,374086,1536,1
5036,1035010,313479,1536,1
5037,2859514,865956,1536,1
5038,2839968,860039,1536,1
5039,704896,213498,1536,1
5040,709192,214797,1536,1
5041,704634,213419,1536,1
5042,1334872,404279,1536,1
5043,2097578,635234,1536,1
5044,722220,218746,1536,1
5045,1983976,601443,1536,1
5046,1511362,457769,1536,1
5047,5585092,1691293,1536,1
5048,775888,235019,1536,1
5049,1645286,498277,1536,1
5050,1035678,313665,1536,1
5051,820694,248590,1536,1
5052,3264424,988568,1536,1
5053,729504,220950,1536,1
5054,1373088,415852,1536,1
5055,3000352,908606,1536,1
5056,1306704,395750,1536,1
5057,1086030,328929,1536,1
5058,3615344,1094828,1536,1
5059,2379004,720568,1536,1
5060,3425334,1037805,1536,1
5061,2487861,754460,1536,1
5062,1234679,374565,1536,1
5063,2693905,816206,1536,1
5064,2407156,728969,1536,1
5065,1498960,453970,1536,1
5066,1659656,502621,1536,1
5067,2610182,792283,1536,1
5068,3325436,1007047,1536,1
5069,1486384,450145,1536,1
5070,3253896,985451,1536,1
5071,1025768,310664,1536,1
5072,1209772,366397,1536,1
5073,2564442,776869,1536,1
5074,1009506,305737,1536,1
5075,2190318,663928,1536,1
5076,3313372,1003370,1536,1
5077,2260414,685423,1536,1
5078,950222,287844,1536,1
5079,1044912,316477,1536,1
5080,1632588,494414,1536,1
5081,925028,280148,1536,1
5082,686834,208019,1536,1
5083,1759156,532756,1536,1
5084,1278562,387209,1536,1
5085,1467896,444559,1536,1
5086,1467856,444518,1536,1
5087,1185430,359024,1536,1
5088,3017802,913885,1536,1
5089,2949696,893267,1536,1
5090,1661212,503081,1536,1
5091,719878,218025,1536,1
5092,2104988,637463,1536,1
5093,1685214,510888,1536,1
5094,1565600,474152,1536,1
5095,1013378,306901,1536,1
5096,6512900,1972243,1536,1
5097,2792852,845776,1536,1
5098,3321480,1005848,1536,1
5099,5702306,1726906,1536,1
5100,6492128,1965955,1536,1
5101,2060829,625214,1536,1
5102,2057476,623096,1536,1
5103,1125642,340909,1536,1
5104,1199268,363229,1536,1
5105,916244,277511,1536,1
5106,5920184,1793885,1536,1
5107,2560284,775709,1536,1
5108,1773394,537077,1536,1
5109,1703696,516527,1536,1
5110,1272772,385589,1536,1
5111,1172056,354978,1536,1
5112,1142392,345995,1536,1
5113,3915970,1187308,1536,1
5114,12786498,3874685,1536,1
5115,2165118,656022,1536,1
5116,5988094,1814838,1536,1
5117,1418186,429686,1536,1
5118,2098026,635414,1536,1
5119,3093276,936737,1536,1
5120,1440848,436368,1536,1
5121,1397434,423239,1536,1
5122,1732450,524689,1536,1
5123,9031120,2737137,1536,1
5124,6646312,2014681,1536,1
5125,2360214,714771,1536,1
5126,3301110,999771,1536,1
5127,943002,285642,1536,1
5128,4825044,1461158,1536,1
5129,6115990,1852072,1536,1
5130,903262,273578,1536,1
5131,7302882,2212353,1536,1
5132,1594926,483024,1536,1
5133,1205180,365005,1536,1
5134,2364586,716102,1536,1
5135,3481558,1054298,1536,1
5136,903824,273747,1536,1
5137,1592736,482358,1536,1
5138,2466576,746988,1536,1
5139,2819858,854205,1536,1
5140,7894458,2391399,1536,1
5141,1564686,473910,1536,1
5142,5045893,1529361,1536,1
5143,3056214,926098,1536,1
5144,1456422,441089,1536,1
5145,5558680,1684304,1536,1
5146,1573698,477228,1536,1
5147,3655366,1107218,1536,1
5148,2371984,718313,1536,1
5149,1156004,350120,1536,1
5150,1204344,364772,1536,1
5151,2978476,902072,1536,1
5152,1711138,518226,1536,1
5153,1101584,333692,1536,1
5154,1055784,319744,1536,1
5155,811198,245712,1536,1
5156,3182050,963629,1536,1
5157,1321528,400242,1536,1
5158,3668047,1118423,1536,1
5159,766956,232295,1536,1
5160,3734274,1130848,1536,1
5161,3101816,939969,1536,1
5162,4292408,1301078,1536,1
5163,1891315,573315,1536,1
5164,809970,245321,1536,1
5165,1034004,313176,1536,1
5166,1339458,405678,1536,1
5167,1089212,329895,1536,1
5168,783880,237423,1536,1
5169,5126004,1552358,1536,1
5170,3697594,1119743,1536,1
5171,3161956,957984,1536,1
5172,850352,257560,1536,1
5173,787764,238596,1536,1
5174,1079748,327027,1536,1
5175,785556,237926,1536,1
5176,1947412,589766,1536,1
5177,3457384,1046998,1536,1
5178,764594,231578,1536,1
5179,2995239,908244,1536,1
5180,5796617,1756385,1536,1
5181,4177872,1265789,1536,1
5182,8182828,2478311,1536,1
5183,2396540,725787,1536,1
5184,4063826,1230632,1536,1
5185,2485568,752908,1536,1
5186,1375144,416472,1536,1
5187,1674016,507040,1536,1
5188,866496,262615,1536,1
5189,763676,231627,1536,1
5190,1082344,327918,1536,1
5191,10050056,3045154,1536,1
5192,3104293,941414,1536,1
5193,1236458,374483,1536,1
5194,1574520,476864,1536,1
5195,4180490,1266148,1536,1
5196,5336338,1618078,1536,1
5197,881206,266912,1536,1
5198,1622438,491332,1536,1
5199,2126974,644195,1536,1
5200,2197972,665658,1536,1
5201,900516,272752,1536,1
5202,4890748,1481813,1536,1
5203,4277312,1297195,1536,1
5204,1401652,424526,1536,1
5205,1881576,570293,1536,1
5206,2305038,698850,1536,1
5207,3015362,914098,1536,1
5208,4141200,1254651,1536,1
5209,11991906,3633303,1536,1
5210,2886938,874589,1536,1
5211,3017822,914074,1536,1
5212,3200584,969846,1536,1
5213,2540358,769330,1536,1
5214,3778550,1144238,1536,1
5215,1698724,514476,1536,1
5216,3012220,912221,1536,1
5217,1833138,555156,1536,1
5218,2002900,606556,1536,1
5219,4110113,1246126,1536,1
5220,5080654,1539273,1536,1
5221,6181822,1873581,1536,1
5222,5136970,1556438,1536,1
5223,3812725,1155277,1536,1
5224,1265232,383557,1536,1
5225,5285114,1600471,1536,1
5226,1333030,404338,1536,1
5227,1390156,421038,1536,1
5228,2395864,726750,1536,1
5229,5885794,1784535,1536,1
5230,2182668,661012,1536,1
5231,1239962,375556,1536,1
5232,8001920,2424699,1536,1
5233,1751660,530981,1536,1
5234,5999588,1817782,1536,1
5235,12375198,3749217,1536,1
5236,1631794,494272,1536,1
5237,3232524,980825,1536,1
5238,1432038,433758,1536,1
5239,1846188,559575,1536,1
5240,8207886,2487947,1536,1
5241,3950452,1197022,1536,1
5242,4672178,1414951,1536,1
5243,22708495,6878349,1536,1
5244,6817448,2064626,1536,1
5245,2186838,662596,1536,1
5246,907098,274741,1536,1
5247,7242650,2193326,1536,1
5248,4570606,1385178,1536,1
5249,1326550,401777,1536,1
5250,3936544,1192426,1536,1
5251,2213994,670691,1536,1
5252,7142632,2164519,1536,1
5253,4036910,1223707,1536,1
5254,7587611,2299243,1536,1
5255,1547726,469307,1536,1
5256,3801640,1151250,1536,1
5257,3654638,1107194,1536,1
5258,5272202,1596824,1536,1
5259,3702138,1121124,1536,1
5260,1760760,534151,1536,1
5261,1810746,548697,1536,1
5262,2939734,891341,1536,1
5263,1009264,305685,1536,1
5264,2098062,635488,1536,1
5265,878720,266145,1536,1
5266,1817256,550363,1536,1
5267,1742344,527951,1536,1
5268,3468271,1050990,1536,1
5269,2062428,624603,1536,1
5270,2309822,699520,1536,1
5271,1585372,480148,1536,1
5272,1365580,413590,1536,1
5273,1495198,452843,1536,1
5274,2965680,899847,1536,1
5275,5315664,1611120,1536,1
5276,9447030,2863107,1536,1
5277,8161708,2472515,1536,1
5278,6019254,1825006,1536,1
5279,4661984,1412895,1536,1
5280,23208641,7030088,1536,1
5281,4500244,1364245,1536,1
5282,1377682,417221,1536,1
5283,931794,282234,1536,1
5284,929122,281451,1536,1
5285,1838228,557113,1536,1
5286,1792854,543727,1536,1
5287,2682144,812262,1536,1
5288,2042695,619415,1536,1
5289,8921459,2704884,1536,1
5290,5167842,1565040,1536,1
5291,2872578,870130,1536,1
5292,12440837,3769587,1536,1
5293,4336474,1314565,1536,1
5294,1270118,384687,1536,1
5295,1290400,390915,1536,1
5296,1936274,586404,1536,1
5297,2831554,857934,1536,1
5298,9234450,2798275,1536,1
5299,1526908,462669,1536,1
5300,1448782,438764,1536,1
5301,3236610,980155,1536,1
5302,9524042,2885527,1536,1
5303,1386002,419837,1536,1
5304,1935950,586306,1536,1
5305,12420325,3762992,1536,1
5306,5114338,1550302,1536,1
5307,10450038,3166659,1536,1
5308,7686274,2329933,1536,1
5309,2351318,712460,1536,1
5310,3360824,1018821,1536,1
5311,9764916,2959169,1536,1
5312,1925726,584203,1536,1
5313,1571821,476443,1536,1
5314,3560927,1078872,1536,1
5315,3208692,972017,1536,1
5316,1418998,429863,1536,1
5317,2413034,731482,1536,1
5318,5309836,1611435,1536,1
5319,991278,300250,1536,1
5320,1264910,383170,1536,1
5321,2855356,865187,1536,1
5322,6686411,2026201,1536,1
5323,946476,286702,1536,1
5324,1705404,516497,1536,1
5325,2362812,716331,1536,1
5326,2000128,605975,1536,1
5327,5708618,1729443,1536,1
5328,5689838,1724450,1536,1
5329,1313584,397946,1536,1
5330,3120346,945828,1536,1
5331,3339366,1012468,1536,1
5332,6068434,1839109,1536,1
5333,1509752,457308,1536,1
5334,2688000,814125,1536,1
5335,2245746,680211,1536,1
5336,1631122,495518,1536,1
5337,3570312,1081831,1536,1
5338,3215268,975391,1536,1
5339,8045334,2438856,1536,1
5340,2221921,675415,1536,1
5341,4107934,1244791,1536,1
5342,2126172,644376,1536,1
5343,1136434,344249,1536,1
5344,3377054,1023506,1536,1
5345,3560612,1079397,1536,1
5346,1031680,312551,1536,1
5347,2543632,770411,1536,1
5348,2655356,804609,1536,1
5349,8616890,2611189,1536,1
5350,3022449,916350,1536,1
5351,1678600,508395,1536,1
5352,7735976,2343489,1536,1
5353,1847484,559966,1536,1
5354,5688970,1723954,1536,1
5355,1588476,481521,1536,1
5356,1427014,432244,1536,1
5357,1506868,456965,1536,1
5358,1201166,363817,1536,1
5359,937262,283947,1536,1
5360,2932596,888105,1536,1
5361,1808164,547631,1536,1
5362,1419918,430169,1536,1
5363,1380816,418176,1536,1
5364,2502342,757823,1536,1
5365,1556194,471929,1536,1
5366,1559086,472196,1536,1
5367,941926,285273,1536,1
5368,4825380,1461357,1536,1
5369,3249662,986114,1536,1
5370,2403594,727932,1536,1
5371,2531920,767680,1536,1
5372,1045677,317495,1536,1
5373,5248914,1589743,1536,1
5374,2579728,781648,1536,1
5375,4226000,1279949,1536,1
5376,1454158,440397,1536,1
5377,1635424,496363,1536,1
5378,1267092,383865,1536,1
5379,1148792,347952,1536,1
5380,1722812,521905,1536,1
5381,2162046,654813,1536,1
5382,1250710,378973,1536,1
5383,2098422,635511,1536,1
5384,1656482,501867,1536,1
5385,1806026,546942,1536,1
5386,3558640,1078824,1536,1
5387,1536394,465353,1536,1
5388,823262,249351,1536,1
5389,13223240,4005941,1536,1
5390,1375696,416618,1536,1
5391,1574656,476897,1536,1
5392,3769486,1142533,1536,1
5393,1684690,510201,1536,1
5394,3298628,998902,1536,1
5395,1440334,436280,1536,1
5396,1781160,540069,1536,1
5397,2838050,859468,1536,1
5398,1325836,401550,1536,1
5399,2085438,631734,1536,1
5400,7064198,2140107,1536,1
5401,2938516,889917,1536,1
5402,1298738,393346,1536,1
5403,7582766,2297279,1536,1
5404,830788,251626,1536,1
5405,3710526,1124234,1536,1
5406,2746556,831727,1536,1
5407,6832146,2069066,1536,1
5408,2191184,663583,1536,1
5409,8893144,2694848,1536,1
5410,1905676,577138,1536,1
5411,6665768,2021634,1536,1
5412,1919130,581319,1536,1
5413,1827834,554118,1536,1
5414,2359798,715434,1536,1
5415,4144729,1256032,1536,1
5416,1958012,593217,1536,1
5417,3382076,1025050,1536,1
5418,3312108,1003093,1536,1
5419,2840146,860105,1536,1
5420,921490,279115,1536,1
5421,1026918,311053,1536,1
5422,5391828,1632885,1536,1
5423,4031380,1220828,1536,1
5424,2915832,883883,1536,1
5425,1248620,378256,1536,1
5426,2669748,808549,1536,1
5427,934554,283070,1536,1
5428,3405576,1031302,1536,1
5429,2955268,895023,1536,1
5430,6130518,1856461,1536,1
5431,1592420,482359,1536,1
5432,3929852,1190279,1536,1
5433,6657442,2017518,1536,1
5434,4480854,1357776,1536,1
5435,1415456,428878,1536,1
5436,1426094,432032,1536,1
5437,5250080,1590348,1536,1
5438,3882480,1176199,1536,1
5439,1958482,593601,1536,1
5440,1550202,469463,1536,1
5441,3560770,1078980,1536,1
5442,8789924,2662460,1536,1
5443,1908418,578046,1536,1
5444,2336330,707567,1536,1
5445,1736558,525887,1536,1
5446,2761274,836979,1536,1
5447,3899130,1180776,1536,1
5448,908624,275204,1536,1
5449,1819442,551251,1536,1
5450,2283734,691621,1536,1
5451,1696750,513838,1536,1
5452,2185248,661797,1536,1
5453,2472292,748676,1536,1
5454,2860512,866279,1536,1
5455,2996928,907591,1536,1
5456,2205706,667988,1536,1
5457,5938634,1798363,1536,1
5458,5501364,1665953,1536,1
5459,2922804,885141,1536,1
5460,1129502,342209,1536,1
5461,2130784,645728,1536,1
5462,1789806,543334,1536,1
5463,1293328,391690,1536,1
5464,1538870,466487,1536,1
5465,3545326,1074265,1536,1
5466,5316683,1611770,1536,1
5467,4655862,1410405,1536,1
5468,2585662,783046,1536,1
5469,877156,265743,1536,1
5470,3618118,1095764,1536,1
5471,1185468,359051,1536,1
5472,2237678,677735,1536,1
5473,1525200,461902,1536,1
5474,859780,260392,1536,1
5475,3202642,971590,1536,1
5476,2602144,788032,1536,1
5477,1467744,444505,1536,1
5478,2756114,834633,1536,1
5479,809366,245141,1536,1
5480,1763368,534050,1536,1
5481,1167220,353520,1536,1
5482,6641454,2011327,1536,1
5483,2819064,854422,1536,1
5484,5583606,1691309,1536,1
5485,2903114,879162,1536,1
5486,2003294,606684,1536,1
5487,3332320,1009125,1536,1
5488,1035728,313695,1536,1
5489,1184564,358761,1536,1
5490,2216284,671159,1536,1
5491,3546852,1074086,1536,1
5492,671862,203492,1536,1
5493,2398740,726425,1536,1
5494,3834170,1161187,1536,1
5495,900246,272650,1536,1
5496,3708438,1123015,1536,1
5497,1541106,466724,1536,1
5498,2862646,867406,1536,1
5499,3232110,978787,1536,1
5500,1270888,384911,1536,1
5501,1499672,454179,1536,1
5502,954954,289195,1536,1
5503,1039861,315275,1536,1
5504,755628,228874,1536,1
5505,1312548,397649,1536,1
5506,5241947,1588598,1536,1
5507,2863550,867175,1536,1
5508,720420,218209,1536,1
5509,1578970,478191,1536,1
5510,2904002,882106,1536,1
5511,6582096,1993219,1536,1
5512,2590046,784369,1536,1
5513,5515578,1670285,1536,1
5514,762902,231078,1536,1
5515,710538,215183,1536,1
5516,711100,215374,1536,1
5517,3048918,923620,1536,1
5518,2633460,797502,1536,1
5519,4976330,1507942,1536,1
5520,2778174,841478,1536,1
5521,1151470,349093,1536,1
5522,2624664,794900,1536,1
5523,1402558,424761,1536,1
5524,3599550,1090031,1536,1
5525,1912088,579073,1536,1
5526,784316,237541,1536,1
5527,1490078,451286,1536,1
5528,2195348,664850,1536,1
5529,1850586,560434,1536,1
5530,1285282,389276,1536,1
5531,1171312,354745,1536,1
5532,2617812,792960,1536,1
5533,4727200,1431515,1536,1
5534,884828,267994,1536,1
5535,2607160,789556,1536,1
5536,938178,284171,1536,1
5537,3851727,1167662,1536,1
5538,1171620,354835,1536,1
5539,3276787,993100,1536,1
5540,4838589,1465753,1536,1
5541,4135030,1252536,1536,1
5542,4786050,1450909,1536,1
5543,2141824,648648,1536,1
5544,18802690,5696970,1536,1
5545,3069816,929859,1536,1
5546,1594894,483032,1536,1
5547,7826360,2372187,1536,1
5548,3412758,1035633,1536,1
5549,3115974,944731,1536,1
5550,880528,266693,1536,1
5551,1479448,448050,1536,1
5552,1594156,482807,1536,1
5553,1555718,471149,1536,1
5554,1552378,470136,1536,1
5555,6466774,1959456,1536,1
5556,12632528,3826988,1536,1
5557,1972954,597514,1536,1
5558,1259828,381589,1536,1
5559,2181028,660825,1536,1
5560,2683500,814091,1536,1
5561,2696806,816662,1536,1
5562,1291686,391329,1536,1
5563,5983169,1813695,1536,1
5564,2541544,769705,1536,1
5565,2285950,692250,1536,1
5566,3617814,1103072,1536,1
5567,868398,263089,1536,1
5568,1510948,457585,1536,1
5569,1478106,447629,1536,1
5570,1116014,337996,1536,1
5571,2854708,864499,1536,1
5572,1499294,454068,1536,1
5573,1355026,410371,1536,1
5574,2878262,871597,1536,1
5575,1284882,389126,1536,1
5576,2676976,810689,1536,1
5577,2756026,834622,1536,1
5578,1866908,565386,1536,1
5579,1614560,488968,1536,1
5580,2718716,823359,1536,1
5581,1002656,303640,1536,1
5582,6892428,2089849,1536,1
5583,9226170,2795541,1536,1
5584,1247576,378002,1536,1
5585,1005756,304608,1536,1
5586,2613186,791381,1536,1
5587,1558788,472205,1536,1
5588,1881470,569942,1536,1
5589,4779740,1448023,1536,1
5590,6355576,1926432,1536,1
5591,771378,233647,1536,1
5592,1379138,418616,1536,1
5593,3919844,1187753,1536,1
5594,1152384,349048,1536,1
5595,1422376,430780,1536,1
5596,4287806,1299501,1536,1
5597,3048448,923173,1536,1
5598,2019744,611669,1536,1
5599,3226585,977594,1536,1
5600,2908597,881208,1536,1
5601,2318498,702154,1536,1
5602,6867633,2080456,1536,1
5603,8130052,2462255,1536,1
5604,3127650,947171,1536,1
5605,1483596,450279,1536,1
5606,2992228,906165,1536,1
5607,3570736,1081341,1536,1
5608,2251264,681787,1536,1
5609,903712,273714,1536,1
5610,902086,273220,1536,1
5611,3856270,1167862,1536,1
5612,907732,274930,1536,1
5613,3046040,922454,1536,1
5614,5219062,1580575,1536,1
5615,2662332,806241,1536,1
5616,1697281,514716,1536,1
5617,4272176,1293782,1536,1
5618,968356,293464,1536,1
5619,2576054,780294,1536,1
5620,1449156,438874,1536,1
5621,1880006,570038,1536,1
5622,2375824,720568,1536,1
5623,1766444,534983,1536,1
5624,2075700,628600,1536,1
5625,2805384,849554,1536,1
5626,1456374,441063,1536,1
5627,827674,250686,1536,1
5628,2402384,727544,1536,1
5629,821868,248913,1536,1
5630,1781028,539468,1536,1
5631,905304,274214,1536,1
5632,5515078,1670252,1536,1
5633,854142,258755,1536,1
5634,1154378,349594,1536,1
5635,942054,285470,1536,1
5636,2481650,752183,1536,1
5637,4136020,1253349,1536,1
5638,12806798,3883117,1536,1
5639,7140064,2163997,1536,1
5640,2420626,733637,1536,1
5641,5494074,1664365,1536,1
5642,1523640,461438,1536,1
5643,2473158,748985,1536,1
5644,8624706,2613396,1536,1
5645,2372692,718539,1536,1
5646,1523740,461753,1536,1
5647,6277214,1901064,1536,1
5648,1768874,535679,1536,1
5649,954426,289072,1536,1
5650,4671952,1414799,1536,1
5651,1210200,366521,1536,1
5652,876318,265415,1536,1
5653,1479088,447970,1536,1
5654,7580520,2295601,1536,1
5655,2586390,783232,1536,1
5656,1362634,412878,1536,1
5657,2938862,889998,1536,1
5658,856702,259476,1536,1
5659,1310464,396900,1536,1
5660,1585794,480647,1536,1
5661,3528920,1068670,1536,1
5662,1951644,591051,1536,1
5663,4889618,1481128,1536,1
5664,2390312,723842,1536,1
5665,1550570,469584,1536,1
5666,2523276,764129,1536,1
5667,856390,259380,1536,1
5668,852968,258345,1536,1
5669,850520,257605,1536,1
5670,1171486,354813,1536,1
5671,835790,253143,1536,1
5672,1107276,335350,1536,1
5673,865230,262079,1536,1
5674,1360310,411947,1536,1
5675,1139928,345237,1536,1
5676,812716,246153,1536,1
5677,2378608,720346,1536,1
5678,791660,239751,1536,1
5679,5644350,1709725,1536,1
5680,2271986,688141,1536,1
5681,2586510,783938,1536,1
5682,6124034,1854599,1536,1
5683,871862,264084,1536,1
5684,2286751,694060,1536,1
5685,2972974,900322,1536,1
5686,1971802,598017,1536,1
5687,6801022,2061185,1536,1
5688,2868764,869982,1536,1
5689,2693112,815674,1536,1
5690,2480838,751306,1536,1
5691,1618990,490389,1536,1
5692,2466490,747107,1536,1
5693,11419835,3459384,1536,1
5694,2201053,667595,1536,1
5695,8872125,2687680,1536,1
5696,2937792,890336,1536,1
5697,2811436,851605,1536,1
5698,5426666,1646573,1536,1
5699,3188082,966950,1536,1
5700,16623013,5035405,1536,1
5701,6917315,2095400,1536,1
5702,2827911,858288,1536,1
5703,1620624,491090,1536,1
5704,3833216,1161289,1536,1
5705,4316918,1307286,1536,1
5706,1586878,480558,1536,1
5707,910996,275939,1536,1
5708,4234824,1282402,1536,1
5709,1692424,512557,1536,1
5710,6574966,1991320,1536,1
5711,1508290,456805,1536,1
5712,824730,249795,1536,1
5713,1305532,395473,1536,1
5714,3404686,1031046,1536,1
5715,2365109,717325,1536,1
5716,2425254,734887,1536,1
5717,1043386,316105,1536,1
5718,1068514,323644,1536,1
5719,5485632,1663333,1536,1
5720,1318954,399472,1536,1
5721,1488502,450794,1536,1
5722,988298,299343,1536,1
5723,854800,258899,1536,1
5724,3677904,1113881,1536,1
5725,1600294,484736,1536,1
5726,3612982,1094492,1536,1
5727,1370170,415595,1536,1
5728,2515832,764214,1536,1
5729,4037775,1243133,1536,1
5730,2697267,817992,1536,1
5731,2885448,873811,1536,1
5732,2562448,776192,1536,1
5733,4680996,1418199,1536,1
5734,6499106,1969010,1536,1
5735,1990430,602814,1536,1
5736,3363640,1018607,1536,1
5737,3868848,1171611,1536,1
5738,882522,267311,1536,1
5739,3225480,978504,1536,1
5740,3776074,1144802,1536,1
5741,3385906,1025922,1536,1
5742,6576886,1993341,1536,1
5743,1717316,520069,1536,1
5744,2618510,794481,1536,1
5745,1165054,352837,1536,1
5746,2278522,690022,1536,1
5747,1182690,358308,1536,1
5748,1124780,340701,1536,1
5749,1570470,475612,1536,1
5750,2967058,898913,1536,1
5751,2657066,804745,1536,1
5752,1246436,377504,1536,1
5753,2491862,754816,1536,1
5754,2787974,844353,1536,1
5755,3134290,949247,1536,1
5756,2162912,655013,1536,1
5757,1107928,335548,1536,1
5758,1926866,583551,1536,1
5759,2657802,804859,1536,1
5760,827766,250712,1536,1
5761,1180204,357408,1536,1
5762,2818478,853774,1536,1
5763,3908260,1183689,1536,1
5764,2690618,815674,1536,1
5765,5099106,1544684,1536,1
5766,1346006,407661,1536,1
5767,1310206,396847,1536,1
5768,2565490,777329,1536,1
5769,3055644,925477,1536,1
5770,7137598,2161571,1536,1
5771,6741136,2041464,1536,1
5772,2106570,638016,1536,1
5773,2098074,635767,1536,1
5774,1309520,396653,1536,1
5775,2797780,847314,1536,1
5776,2918746,883912,1536,1
5777,1416126,428901,1536,1
5778,1628416,493183,1536,1
5779,2853262,864079,1536,1
5780,3071272,930252,1536,1
5781,2629114,796203,1536,1
5782,5167342,1564880,1536,1
5783,883076,267562,1536,1
5784,7287522,2207495,1536,1
5785,2831392,858155,1536,1
5786,6753018,2046276,1536,1
5787,1148084,347705,1536,1
5788,3212182,972756,1536,1
5789,3082346,933463,1536,1
5790,1933502,586248,1536,1
5791,847062,256572,1536,1
5792,780488,236393,1536,1
5793,825256,249968,1536,1
5794,5621321,1703182,1536,1
5795,1099806,333167,1536,1
5796,4579207,1387899,1536,1
5797,1124212,340480,1536,1
5798,3126774,947097,1536,1
5799,1150272,348381,1536,1
5800,1352956,409757,1536,1
5801,746314,226022,1536,1
5802,2056596,622828,1536,1
5803,722888,218948,1536,1
5804,2015684,610438,1536,1
5805,2256138,684022,1536,1
5806,1946402,589754,1536,1
5807,1982184,602061,1536,1
5808,2648752,802386,1536,1
5809,5121160,1551762,1536,1
5810,5070764,1536104,1536,1
5811,2068810,626535,1536,1
5812,2107452,638323,1536,1
5813,712822,215921,1536,1
5814,2216506,671240,1536,1
5815,3466074,1049748,1536,1
5816,1196090,362418,1536,1
5817,714068,216255,1536,1
5818,948106,287147,1536,1
5819,936714,283695,1536,1
5820,3730834,1129874,1536,1
5821,2479556,750880,1536,1
5822,1077696,326426,1536,1
5823,1110250,336541,1536,1
5824,1101076,333912,1536,1
5825,5593570,1694855,1536,1
5826,4785348,1449479,1536,1
5827,904540,273965,1536,1
5828,7727659,2341428,1536,1
5829,6298948,1908601,1536,1
5830,5406922,1637436,1536,1
5831,2078522,629482,1536,1
5832,1475549,447749,1536,1
5833,1398979,423995,1536,1
5834,11047062,3346325,1536,1
5835,1460982,442453,1536,1
5836,2237036,677580,1536,1
5837,897064,271772,1536,1
5838,865100,262139,1536,1
5839,4494440,1361039,1536,1
5840,6915786,2094403,1536,1
5841,826618,250365,1536,1
5842,3103384,939813,1536,1
5843,1072978,324964,1536,1
5844,1832602,555004,1536,1
5845,9761342,2957008,1536,1
5846,3844524,1164233,1536,1
5847,1442654,436932,1536,1
5848,3532424,1069938,1536,1
5849,2196448,665446,1536,1
5850,785628,237950,1536,1
5851,1411846,427596,1536,1
5852,3599466,1090024,1536,1
5853,3264706,988672,1536,1
5854,991790,300371,1536,1
5855,1332346,403514,1536,1
5856,1157100,350447,1536,1
5857,2388294,723227,1536,1
5858,1563240,473402,1536,1
5859,1052080,319177,1536,1
5860,2830657,857476,1536,1
5861,2517402,762365,1536,1
5862,1362716,412682,1536,1
5863,1194770,361940,1536,1
5864,3954370,1197718,1536,1
5865,1093166,331093,1536,1
5866,2366482,716662,1536,1
5867,1547964,468808,1536,1
5868,2059928,623920,1536,1
5869,1157450,350528,1536,1
5870,3638956,1102065,1536,1
5871,1879444,569187,1536,1
5872,3993178,1209333,1536,1
5873,947816,287133,1536,1
5874,804236,243582,1536,1
5875,3985168,1206877,1536,1
5876,3170864,960249,1536,1
5877,3109753,943052,1536,1
5878,1966332,595839,1536,1
5879,854630,258850,1536,1
5880,1566794,474752,1536,1
5881,1861198,563792,1536,1
5882,1588370,481115,1536,1
5883,902596,273394,1536,1
5884,851944,258035,1536,1
5885,6219892,1883604,1536,1
5886,2195128,664786,1536,1
5887,1195396,362027,1536,1
5888,1927600,583755,1536,1
5889,969418,293625,1536,1
5890,3571748,1081696,1536,1
5891,4136942,1253559,1536,1
5892,3639258,1102141,1536,1
5893,3471994,1051965,1536,1
5894,1251634,379064,1536,1
5895,2973658,900539,1536,1
5896,1544122,467638,1536,1
5897,6697400,2028121,1536,1
5898,3007594,910808,1536,1
5899,1363578,412988,1536,1
5900,2803502,848991,1536,1
5901,2030250,614840,1536,1
5902,2482418,751761,1536,1
5903,2697674,817046,1536,1
5904,1949684,590465,1536,1
5905,5516062,1670488,1536,1
5906,1555616,471117,1536,1
5907,2150326,651175,1536,1
5908,879612,266545,1536,1
5909,1988710,602280,1536,1
5910,1279844,387628,1536,1
5911,2872508,869986,1536,1
5912,3291952,996942,1536,1
5913,2724892,825258,1536,1
5914,5305912,1606776,1536,1
5915,1221546,369970,1536,1
5916,8985214,2726468,1536,1
5917,4001560,1213734,1536,1
5918,3690912,1118939,1536,1
5919,1536542,465383,1536,1
5920,3179926,965872,1536,1
5921,2230254,678095,1536,1
5922,1210116,366512,1536,1
5923,862692,261300,1536,1
5924,2708766,820418,1536,1
5925,5361262,1624326,1536,1
5926,849476,257303,1536,1
5927,6485302,1968769,1536,1
5928,874392,264845,1536,1
5929,1218944,369184,1536,1
5930,1162008,351943,1536,1
5931,6380784,1933771,1536,1
5932,1238124,374990,1536,1
5933,1586620,480501,1536,1
5934,2127444,644347,1536,1
5935,1795488,543747,1536,1
5936,4747570,1437921,1536,1
5937,8981720,2721234,1536,1
5938,1705908,516644,1536,1
5939,6155554,1865158,1536,1
5940,4504312,1364905,1536,1
5941,3996296,1211368,1536,1
5942,3922142,1187747,1536,1
5943,2302216,697212,1536,1
5944,4322432,1310236,1536,1
5945,2384520,722434,1536,1
5946,2136752,647121,1536,1
5947,851590,257929,1536,1
5948,1668768,505398,1536,1
5949,6423778,1945547,1536,1
5950,833068,252319,1536,1
5951,1425758,432057,1536,1
5952,2788448,844663,1536,1
5953,1502236,454975,1536,1
5954,1175642,356068,1536,1
5955,3794097,1149553,1536,1
5956,2473922,749203,1536,1
5957,1742822,528116,1536,1
5958,1348618,408682,1536,1
5959,5009696,1517294,1536,1
5960,1429450,432940,1536,1
5961,5250434,1591566,1536,1
5962,2822146,854982,1536,1
5963,1956596,592733,1536,1
5964,1691979,513361,1536,1
5965,7175684,2173876,1536,1
5966,3507520,1062821,1536,1
5967,1615206,489596,1536,1
5968,2586589,783904,1536,1
5969,5719011,1732665,1536,1
5970,2615292,792163,1536,1
5971,7415442,2247535,1536,1
5972,1482404,449463,1536,1
5973,977202,295997,1536,1
5974,2806292,850518,1536,1
5975,901616,273067,1536,1
5976,4181130,1267363,1536,1
5977,5150848,1561197,1536,1
5978,14219465,4307408,1536,1
5979,1873576,567697,1536,1
5980,3807586,1153057,1536,1
5981,1046364,316945,1536,1
5982,1565576,474338,1536,1
5983,1622592,491417,1536,1
5984,1510746,457560,1536,1
5985,3055026,925174,1536,1
5986,902516,273373,1536,1
5987,2869700,869157,1536,1
5988,1613510,488620,1536,1
5989,1247358,377794,1536,1
5990,4378506,1327233,1536,1
5991,1976616,598684,1536,1
5992,1885348,571070,1536,1
5993,1723808,522496,1536,1
5994,9004159,2727218,1536,1
5995,5613862,1701034,1536,1
5996,2839374,859873,1536,1
5997,1673958,507197,1536,1
5998,906184,274480,1536,1
5999,1245098,377157,1536,1
6000,1204156,364896,1536,1
6001,3222100,976268,1536,1
6002,1288724,390475,1536,1
6003,2117208,641395,1536,1
6004,3068146,930145,1536,1
6005,2292124,695444,1536,1
6006,7734515,2342990,1536,1
6007,8347210,2529076,1536,1
6008,5530808,1676645,1536,1
6009,6013344,1822516,1536,1
6010,2414329,731644,1536,1
6011,1445636,437839,1536,1
6012,1295930,392536,1536,1
6013,10653124,3228659,1536,1
6014,2925460,887311,1536,1
6015,2795218,848563,1536,1
6016,1173192,355342,1536,1
6017,6698998,2030162,1536,1
6018,1912040,579066,1536,1
6019,2167044,656282,1536,1
6020,1711620,518481,1536,1
6021,2916168,884975,1536,1
6022,2038960,617557,1536,1
6023,1164768,352789,1536,1
6024,1668278,505281,1536,1
6025,8274492,2507088,1536,1
6026,6171901,1873330,1536,1
6027,2807990,850665,1536,1
6028,3496294,1058946,1536,1
6029,1334791,404598,1536,1
6030,1274638,386208,1536,1
6031,1305274,395992,1536,1
6032,1630158,493844,1536,1
6033,1607684,487054,1536,1
6034,940506,285013,1536,1
6035,957486,290017,1536,1
6036,1862278,563963,1536,1
6037,2030458,615025,1536,1
6038,1762140,533675,1536,1
6039,3503988,1062577,1536,1
6040,1443538,437200,1536,1
6041,1483354,449534,1536,1
6042,3104760,940666,1536,1
6043,6793187,2058280,1536,1
6044,2115838,641188,1536,1
6045,11087487,3359037,1536,1
6046,2617998,793369,1536,1
6047,1588216,481185,1536,1
6048,909942,275601,1536,1
6049,1744040,528198,1536,1
6050,958750,290412,1536,1
6051,3196770,968952,1536,1
6052,1014590,307312,1536,1
6053,1989502,602527,1536,1
6054,4280206,1298179,1536,1
6055,3421346,1037320,1536,1
6056,6417878,1945141,1536,1
6057,1394686,422412,1536,1
6058,3543182,1073480,1536,1
6059,1296658,392719,1536,1
6060,7066917,2142082,1536,1
6061,2614001,792292,1536,1
6062,5330181,1615831,1536,1
6063,7444188,2257481,1536,1
6064,4029822,1220765,1536,1
6065,1925500,584481,1536,1
6066,8450022,2563263,1536,1
6067,1596227,484274,1536,1
6068,3190473,966614,1536,1
6069,2046128,620051,1536,1
6070,4251859,1288785,1536,1
6071,1279412,387933,1536,1
6072,2770048,839307,1536,1
6073,1269370,384506,1536,1
6074,2357058,714284,1536,1
6075,5328972,1614283,1536,1
6076,2809888,851560,1536,1
6077,2960332,896827,1536,1
6078,1734510,526057,1536,1
6079,4687363,1420872,1536,1
6080,8373417,2538418,1536,1
6081,6401728,1940964,1536,1
6082,4820224,1460548,1536,1
6083,2566450,777559,1536,1
6084,2227978,674731,1536,1
6085,1855876,562034,1536,1
6086,4345842,1317151,1536,1
6087,3005968,911141,1536,1
6088,10398302,3150481,1536,1
6089,2504502,758696,1536,1
6090,1494740,452820,1536,1
6091,992814,300782,1536,1
6092,1429777,433581,1536,1
6093,5075080,1537269,1536,1
6094,876820,265575,1536,1
6095,11164542,3383138,1536,1
6096,908694,275226,1536,1
6097,1600818,484781,1536,1
6098,5031350,1525369,1536,1
6099,5812274,1771207,1536,1
6100,1937120,587252,1536,1
6101,1312710,397808,1536,1
6102,8293874,2513208,1536,1
6103,6172600,1870130,1536,1
6104,4727357,1432612,1536,1
6105,1670912,506254,1536,1
6106,1047784,317370,1536,1
6107,2656716,804643,1536,1
6108,974666,295259,1536,1
6109,2568604,778323,1536,1
6110,1181606,357894,1536,1
6111,912794,276451,1536,1
6112,1331554,403292,1536,1
6113,3939118,1194438,1536,1
6114,2856738,866055,1536,1
6115,4330500,1311924,1536,1
6116,6764862,2050519,1536,1
6117,4195954,1271375,1536,1
6118,9600441,2908461,1536,1
6119,2435214,737491,1536,1
6120,1646793,499084,1536,1
6121,3147924,953700,1536,1
6122,3951728,1196898,1536,1
6123,1915844,580553,1536,1
6124,6634548,2011382,1536,1
6125,3989844,1210687,1536,1
6126,1633434,495667,1536,1
6127,7391962,2239604,1536,1
6128,6094421,1846301,1536,1
6129,4220050,1277933,1536,1
6130,1219712,369395,1536,1
6131,13490014,4086745,1536,1
6132,2448458,742002,1536,1
6133,16776492,5081916,1536,1
6134,1786494,541576,1536,1
6135,8874022,2688634,1536,1
6136,11720422,3549572,1536,1
6137,11715997,3549357,1536,1
6138,2627647,795909,1536,1
6139,1589550,481413,1536,1
6140,12185051,3691442,1536,1
6141,3159708,956851,1536,1
6142,1697718,514673,1536,1
6143,2065628,625608,1536,1
6144,1996160,604774,1536,1
6145,4563542,1382175,1536,1
6146,1375828,417197,1536,1
6147,2135982,647583,1536,1
6148,1936328,587080,1536,1
6149,11387395,3450326,1536,1
6150,3710735,1124517,1536,1
6151,8961854,2715424,1536,1
6152,5613172,1702292,1536,1
6153,7822944,2371647,1536,1
6154,4970337,1505777,1536,1
6155,3934654,1192228,1536,1
6156,1669800,505728,1536,1
6157,2235028,677001,1536,1
6158,5228017,1584046,1536,1
6159,5414466,1641107,1536,1
6160,1404096,425292,1536,1
6161,2183416,661839,1536,1
6162,2780562,842808,1536,1
6163,3222122,976143,1536,1
6164,4596472,1392425,1536,1
6165,1207354,365677,1536,1
6166,1260566,381759,1536,1
6167,3744452,1134094,1536,1
6168,855568,259134,1536,1
6169,3983746,1206396,1536,1
6170,1175960,356248,1536,1
6171,2940330,890438,1536,1
6172,1215356,368099,1536,1
6173,1534854,464800,1536,1
6174,2019524,611681,1536,1
6175,2945928,893213,1536,1
6176,1947640,589844,1536,1
6177,1808016,547515,1536,1
6178,2344416,709988,1536,1
6179,5302010,1605576,1536,1
6180,7760546,2350047,1536,1
6181,2384316,722106,1536,1
6182,2013856,609872,1536,1
6183,4523188,1371327,1536,1
6184,2102552,636835,1536,1
6185,1700438,514996,1536,1
6186,1813912,549348,1536,1
6187,1216300,368417,1536,1
6188,2449278,741908,1536,1
6189,5327924,1613426,1536,1
6190,1512534,458123,1536,1
6191,1234148,373952,1536,1
6192,4126794,1249811,1536,1
6193,1236362,374536,1536,1
6194,2207104,668388,1536,1
6195,1229348,372333,1536,1
6196,4238048,1283469,1536,1
6197,931972,282281,1536,1
6198,1082446,327828,1536,1
6199,814190,246691,1536,1
6200,1945914,589424,1536,1
6201,7196458,2180532,1536,1
6202,1800284,545219,1536,1
6203,1010992,306190,1536,1
6204,1914812,579865,1536,1
6205,2237054,677456,1536,1
6206,1221828,370081,1536,1
6207,2030388,614897,1536,1
6208,4379444,1326255,1536,1
6209,2664838,807666,1536,1
6210,1342878,406714,1536,1
6211,2881980,873468,1536,1
6212,1213106,367450,1536,1
6213,11591915,3511512,1536,1
6214,1846718,559471,1536,1
6215,1987130,601983,1536,1
6216,2414192,731116,1536,1
6217,5318532,1610579,1536,1
6218,2000466,605836,1536,1
6219,1143720,346402,1536,1
6220,779910,236209,1536,1
6221,1088554,329700,1536,1
6222,6676922,2022257,1536,1
6223,2843122,861611,1536,1
6224,1667640,505065,1536,1
6225,1741149,528425,1536,1
6226,3312913,1003823,1536,1
6227,1413816,428653,1536,1
6228,2707508,819960,1536,1
6229,6117755,1855099,1536,1
6230,2889066,876136,1536,1
6231,1590576,481736,1536,1
6232,1135282,343818,1536,1
6233,4415632,1338370,1536,1
6234,4096822,1241332,1536,1
6235,806116,244154,1536,1
6236,1068882,324063,1536,1
6237,1225934,371300,1536,1
6238,888080,268995,1536,1
6239,3072534,930500,1536,1
6240,1309572,396606,1536,1
6241,853860,258630,1536,1
6242,1999058,605408,1536,1
6243,2322694,703367,1536,1
6244,1014742,308484,1536,1
6245,3622336,1125331,1536,1
6246,1463050,443108,1536,1
6247,4088398,1238603,1536,1
6248,1574536,477246,1536,1
6249,6558156,1987977,1536,1
6250,5163124,1565149,1536,1
6251,4146178,1257657,1536,1
6252,2070732,627501,1536,1
6253,1646524,498773,1536,1
6254,1251672,379107,1536,1
6255,4604412,1395073,1536,1
6256,5506348,1668255,1536,1
6257,1843042,558225,1536,1
6258,4521159,1371255,1536,1
6259,3740430,1133473,1536,1
6260,1184782,359374,1536,1
6261,2104676,639023,1536,1
6262,1929936,584575,1536,1
6263,4117330,1248434,1536,1
6264,1902818,576288,1536,1
6265,1562442,473312,1536,1
6266,2525908,765041,1536,1
6267,1911424,578872,1536,1
6268,3685970,1116226,1536,1
6269,1077410,326431,1536,1
6270,1079668,327079,1536,1
6271,806080,244160,1536,1
6272,2156084,652942,1536,1
6273,862304,261192,1536,1
6274,2636674,798488,1536,1
6275,1177698,356675,1536,1
6276,2580054,781301,1536,1
6277,3231477,979390,1536,1
6278,5167842,1565938,1536,1
6279,2042318,618541,1536,1
6280,2716598,822894,1536,1
6281,2325854,704421,1536,1
6282,4574018,1394153,1536,1
6283,3461728,1048342,1536,1
6284,1475066,446711,1536,1
6285,1422014,430943,1536,1
6286,880368,266642,1536,1
6287,1179938,357356,1536,1
6288,1400558,424182,1536,1
6289,1850868,560520,1536,1
6290,1247328,377786,1536,1
6291,4292998,1301685,1536,1
6292,1591216,481935,1536,1
6293,6163952,1879031,1536,1
6294,5163849,1564991,1536,1
6295,2907947,881303,1536,1
6296,8835682,2677419,1536,1
6297,2333651,711198,1536,1
6298,1627282,492927,1536,1
6299,5672904,1720482,1536,1
6300,1276768,386757,1536,1
6301,4850218,1469415,1536,1
6302,8940539,2718732,1536,1
6303,2376860,719809,1536,1
6304,2551138,774217,1536,1
6305,2056513,623410,1536,1
6306,852568,258248,1536,1
6307,2350758,712054,1536,1
6308,2001030,606075,1536,1
6309,739796,224252,1536,1
6310,861354,260896,1536,1
6311,988314,299324,1536,1
6312,1897302,574592,1536,1
6313,2198860,665904,1536,1
6314,2267996,688870,1536,1
6315,5261846,1595163,1536,1
6316,2734908,828697,1536,1
6317,1508326,457073,1536,1
6318,3133306,948862,1536,1
6319,3546622,1074024,1536,1
6320,2203010,667165,1536,1
6321,3009466,911368,1536,1
6322,1776546,538025,1536,1
6323,1054566,319385,1536,1
6324,2708452,820221,1536,1
6325,2272562,688226,1536,1
6326,5414632,1639678,1536,1
6327,2824817,856298,1536,1
6328,2964402,897738,1536,1
6329,2651318,802948,1536,1
6330,1708088,518247,1536,1
6331,1782504,539821,1536,1
6332,2327648,704930,1536,1
6333,2223182,673265,1536,1
6334,2983028,903768,1536,1
6335,3152206,955054,1536,1
6336,5225710,1582885,1536,1
6337,7875355,2386088,1536,1
6338,2030242,614882,1536,1
6339,2755826,836507,1536,1
6340,6589172,1996931,1536,1
6341,1575816,477251,1536,1
6342,2281252,691255,1536,1
6343,7665790,2323205,1536,1
6344,7156504,2168350,1536,1
6345,10930000,3311621,1536,1
6346,4447860,1348190,1536,1
6347,1979722,599887,1536,1
6348,4431422,1341968,1536,1
6349,5877550,1781627,1536,1
6350,2797588,849325,1536,1
6351,7087630,2147064,1536,1
6352,4201318,1272728,1536,1
6353,1665482,504449,1536,1
6354,1023930,310143,1536,1
6355,2543492,770259,1536,1
6356,961928,291345,1536,1
6357,1257074,380720,1536,1
6358,3752710,1136441,1536,1
6359,1655474,501342,1536,1
6360,1516994,459421,1536,1
6361,6529306,1977400,1536,1
6362,5718038,1731560,1536,1
6363,5589471,1694120,1536,1
6364,4636605,1404607,1536,1
6365,2731268,827932,1536,1
6366,3151708,955023,1536,1
6367,2292162,694182,1536,1
6368,1829626,554104,1536,1
6369,2840736,860279,1536,1
6370,3109620,941702,1536,1
6371,1139502,345129,1536,1
6372,884808,267980,1536,1
6373,3713200,1124471,1536,1
6374,3407520,1031984,1536,1
6375,2226966,675876,1536,1
6376,1465392,443793,1536,1
6377,1592014,482152,1536,1
6378,827400,250604,1536,1
6379,828884,251056,1536,1
6380,861882,261060,1536,1
6381,1391252,421340,1536,1
6382,2688934,814312,1536,1
6383,1782850,539923,1536,1
6384,1492654,452050,1536,1
6385,3139398,950714,1536,1
6386,1665834,504496,1536,1
6387,778554,235802,1536,1
6388,1408344,426536,1536,1
6389,1489484,451216,1536,1
6390,1048066,318325,1536,1
6391,3744178,1136202,1536,1
6392,1345300,407442,1536,1
6393,2130014,645512,1536,1
6394,2552974,773139,1536,1
6395,1765912,534766,1536,1
6396,1282406,388683,1536,1
6397,1363464,412942,1536,1
6398,6088360,1843692,1536,1
6399,1244804,377014,1536,1
6400,1838356,556728,1536,1
6401,2090086,632955,1536,1
6402,1218650,369097,1536,1
6403,2690622,814901,1536,1
6404,4817624,1458927,1536,1
6405,2375508,719595,1536,1
6406,1351860,409431,1536,1
6407,811588,245954,1536,1
6408,5985988,1813258,1536,1
6409,1997556,604999,1536,1
6410,2051220,621260,1536,1
6411,1080884,327344,1536,1
6412,1707660,517166,1536,1
6413,4553776,1378999,1536,1
6414,1318694,399382,1536,1
6415,2896850,877298,1536,1
6416,1594974,483071,1536,1
6417,5369362,1626917,1536,1
6418,2149532,650951,1536,1
6419,2597904,786992,1536,1
6420,5188316,1571215,1536,1
6421,763770,231328,1536,1
6422,1704814,516303,1536,1
6423,5997302,1816117,1536,1
6424,1703194,515793,1536,1
6425,738880,223781,1536,1
6426,1396100,422821,1536,1
6427,1852572,561160,1536,1
6428,1613948,488771,1536,1
6429,2622474,794237,1536,1
6430,1022276,309660,1536,1
6431,2674424,810677,1536,1
6432,1642800,497610,1536,1
6433,3312644,1003818,1536,1
6434,1233744,373815,1536,1
6435,3976072,1204153,1536,1
6436,1367175,415468,1536,1
6437,3146399,953373,1536,1
6438,2064726,625474,1536,1
6439,4862254,1472822,1536,1
6440,2219042,672408,1536,1
6441,4294966,1301135,1536,1
6442,1531342,463831,1536,1
6443,5000756,1514465,1536,1
6444,6437914,1953619,1536,1
6445,4693320,1422196,1536,1
6446,2103716,637100,1536,1
6447,1557340,471677,1536,1
6448,22400384,6785966,1536,1
6449,2943190,892174,1536,1
6450,2439536,739553,1536,1
6451,2636686,798544,1536,1
6452,1724048,522643,1536,1
6453,1518544,460386,1536,1
6454,1340674,406051,1536,1
6455,2023402,612787,1536,1
6456,3042324,921532,1536,1
6457,3432136,1039412,1536,1
6458,1871848,566901,1536,1
6459,4235647,1283855,1536,1
6460,3816276,1155703,1536,1
6461,4721676,1429867,1536,1
6462,1916094,580268,1536,1
6463,1817542,550443,1536,1
6464,2241002,678679,1536,1
6465,878750,266142,1536,1
6466,897526,271862,1536,1
6467,2282730,692230,1536,1
6468,2459134,744703,1536,1
6469,1632776,494503,1536,1
6470,1880958,569659,1536,1
6471,6663892,2018954,1536,1
6472,8245355,2498867,1536,1
6473,1426498,432254,1536,1
6474,2008369,609475,1536,1
6475,7363562,2230247,1536,1
6476,1616142,489562,1536,1
6477,3278190,992852,1536,1
6478,5151430,1560598,1536,1
6479,2316408,701524,1536,1
6480,1406896,426106,1536,1
6481,2004310,607008,1536,1
6482,4256780,1289168,1536,1
6483,945676,286419,1536,1
6484,944424,286062,1536,1
6485,6295838,1906525,1536,1
6486,1790792,542352,1536,1
6487,1877208,568520,1536,1
6488,877454,265760,1536,1
6489,2352664,712564,1536,1
6490,1285740,389615,1536,1
6491,905072,274143,1536,1
6492,1204714,364861,1536,1
6493,5331734,1615184,1536,1
6494,4033918,1221945,1536,1
6495,1179094,357101,1536,1
6496,3751582,1136100,1536,1
6497,2604020,789668,1536,1
6498,2028594,614364,1536,1
6499,2222142,672961,1536,1
6500,881336,266947,1536,1
6501,3548370,1074597,1536,1
6502,3038660,920669,1536,1
6503,1604882,486062,1536,1
6504,2031166,615132,1536,1
6505,5006498,1516114,1536,1
6506,1773052,536954,1536,1
6507,2842590,861068,1536,1
6508,1609914,487659,1536,1
6509,2915502,882999,1536,1
6510,1180540,357568,1536,1
6511,1198988,363136,1536,1
6512,1069308,324766,1536,1
6513,1865212,564980,1536,1
6514,2193092,664181,1536,1
6515,1481110,448545,1536,1
6516,1795798,543851,1536,1
6517,2024552,613628,1536,1
6518,2827534,856270,1536,1
6519,1007562,305165,1536,1
6520,3406176,1031487,1536,1
6521,3588156,1086628,1536,1
6522,669794,202866,1536,1
6523,2141318,648476,1536,1
6524,2265756,686159,1536,1
6525,1414242,428308,1536,1
6526,2687301,814779,1536,1
6527,4716019,1428498,1536,1
6528,802352,243028,1536,1
6529,743996,225340,1536,1
6530,1893744,573484,1536,1
6531,1639862,496632,1536,1
6532,992290,300540,1536,1
6533,2181374,660608,1536,1
6534,1599694,484454,1536,1
6535,3689738,1117437,1536,1
6536,1113364,337643,1536,1
6537,3254776,985779,1536,1
6538,2503398,758196,1536,1
6539,2824702,855412,1536,1
6540,1836946,556351,1536,1
6541,2889338,875335,1536,1
6542,1303006,394627,1536,1
6543,7928817,2402664,1536,1
6544,1618114,490745,1536,1
6545,7386050,2237804,1536,1
6546,13736820,4162176,1536,1
6547,1562214,473956,1536,1
6548,5107454,1547722,1536,1
6549,1821926,552081,1536,1
6550,2742570,830559,1536,1
6551,1748602,529560,1536,1
6552,938658,284313,1536,1
6553,2605218,788946,1536,1
6554,1226206,371371,1536,1
6555,1204146,364717,1536,1
6556,1740058,526949,1536,1
6557,2544858,770685,1536,1
6558,1442892,436998,1536,1
6559,884812,268000,1536,1
6560,839370,254270,1536,1
6561,1331020,403125,1536,1
6562,4831142,1467923,1536,1
6563,9094606,2755618,1536,1
6564,5811012,1761340,1536,1
6565,4099300,1241583,1536,1
6566,3754996,1138412,1536,1
6567,3059422,926984,1536,1
6568,1499396,454144,1536,1
6569,2200096,666266,1536,1
6570,4143292,1254764,1536,1
6571,5972121,1812887,1536,1
6572,3043968,921829,1536,1
6573,3533662,1070213,1536,1
6574,1213998,367692,1536,1
6575,883342,267519,1536,1
6576,1247068,377685,1536,1
6577,874918,264993,1536,1
6578,873296,264487,1536,1
6579,2620804,793687,1536,1
6580,3555012,1076554,1536,1
6581,3195416,967687,1536,1
6582,1026500,311140,1536,1
6583,1787560,541350,1536,1
6584,2396478,725758,1536,1
6585,4477082,1358155,1536,1
6586,3668750,1111645,1536,1
6587,1116837,339019,1536,1
6588,1909478,578248,1536,1
6589,9446269,2862471,1536,1
6590,2481352,752473,1536,1
6591,2635052,798452,1536,1
6592,9000176,2725867,1536,1
6593,2493164,755054,1536,1
6594,2152840,651976,1536,1
6595,957880,290326,1536,1
6596,3315492,1004341,1536,1
6597,3018712,914152,1536,1
6598,4077348,1234751,1536,1
6599,1244932,377127,1536,1
6600,1463434,443223,1536,1
6601,779946,236204,1536,1
6602,1434934,434586,1536,1
6603,761034,230478,1536,1
6604,761548,230647,1536,1
6605,7677424,2325136,1536,1
6606,800524,242466,1536,1
6607,745486,225779,1536,1
6608,4975840,1508353,1536,1
6609,1145118,346874,1536,1
6610,1076426,326194,1536,1
6611,828864,251047,1536,1
6612,3299108,999788,1536,1
6613,1368046,414451,1536,1
6614,7495848,2269963,1536,1
6615,1001586,303339,1536,1
6616,2268162,686887,1536,1
6617,1001976,303457,1536,1
6618,2772284,839544,1536,1
6619,2805424,849581,1536,1
6620,1830620,554399,1536,1
6621,1605348,486182,1536,1
6622,1374656,416326,1536,1
6623,702496,212769,1536,1
6624,2192048,663906,1536,1
6625,6489994,1966377,1536,1
6626,1629098,493967,1536,1
6627,1602313,485550,1536,1
6628,1717784,520235,1536,1
6629,1630770,493943,1536,1
6630,1666906,505810,1536,1
6631,2718208,823188,1536,1
6632,2263818,686006,1536,1
6633,1246486,377706,1536,1
6634,4131298,1252291,1536,1
6635,1327296,401994,1536,1
6636,2289552,693432,1536,1
6637,2665962,807361,1536,1
6638,2531536,766747,1536,1
6639,3422542,1037394,1536,1
6640,4613554,1398833,1536,1
6641,1801634,545634,1536,1
6642,1653270,500698,1536,1
6643,2688540,814577,1536,1
6644,2834387,858817,1536,1
6645,1338568,405588,1536,1
6646,5902376,1789391,1536,1
6647,7709508,2335800,1536,1
6648,2796864,847753,1536,1
6649,3699104,1121651,1536,1
6650,7974062,2415638,1536,1
6651,1492976,452353,1536,1
6652,2580323,782025,1536,1
6653,1937148,586672,1536,1
6654,3028060,917584,1536,1
6655,1594478,482911,1536,1
6656,3314068,1003851,1536,1
6657,2979540,902473,1536,1
6658,4288074,1298548,1536,1
6659,2337492,707901,1536,1
6660,2100572,636264,1536,1
6661,896872,271641,1536,1
6662,1207596,365765,1536,1
6663,1875064,567935,1536,1
6664,5591554,1693263,1536,1
6665,2073490,627933,1536,1
6666,1860778,563523,1536,1
6667,890254,269640,1536,1
6668,6176836,1870758,1536,1
6669,910984,275913,1536,1
6670,1570451,476306,1536,1
6671,3641224,1102978,1536,1
6672,7086732,2148014,1536,1
6673,1949824,591191,1536,1
6674,3092016,936534,1536,1
6675,898442,272093,1536,1
6676,1414544,428416,1536,1
6677,5749740,1742401,1536,1
6678,1050690,318352,1536,1
6679,1087062,329368,1536,1
6680,4504148,1365321,1536,1
6681,3365702,1019568,1536,1
6682,2242883,680022,1536,1
6683,1111798,336921,1536,1
6684,3966248,1201110,1536,1
6685,1307322,395949,1536,1
6686,1350770,409327,1536,1
6687,1320494,399939,1536,1
6688,1173788,355567,1536,1
6689,1259912,381590,1536,1
6690,2647930,803205,1536,1
6691,1936678,586561,1536,1
6692,3365478,1020993,1536,1
6693,1566140,474299,1536,1
6694,3562236,1078761,1536,1
6695,1620934,490914,1536,1
6696,1884788,571872,1536,1
6697,1592186,482207,1536,1
6698,1488522,450794,1536,1
6699,1342588,406629,1536,1
6700,6093384,1845916,1536,1
6701,2201856,667577,1536,1
6702,3156890,962289,1536,1
6703,2246272,681179,1536,1
6704,1966427,596228,1536,1
6705,919934,278643,1536,1
6706,2175322,659158,1536,1
6707,1918588,581381,1536,1
6708,1756982,532265,1536,1
6709,1734136,525275,1536,1
6710,2748502,833217,1536,1
6711,1209716,366394,1536,1
6712,4039650,1224043,1536,1
6713,895792,271334,1536,1
6714,1297958,393122,1536,1
6715,1236136,374394,1536,1
6716,890818,269824,1536,1
6717,4563462,1382344,1536,1
6718,2794440,846304,1536,1
6719,2351398,712155,1536,1
6720,2157428,653530,1536,1
6721,1110244,336279,1536,1
6722,2097180,636376,1536,1
6723,2192316,664486,1536,1
6724,1716002,520206,1536,1
6725,2040554,618626,1536,1
6726,5753967,1743313,1536,1
6727,2149358,651007,1536,1
6728,2705612,819390,1536,1
6729,1150366,348434,1536,1
6730,1887146,571677,1536,1
6731,4103746,1243057,1536,1
6732,5418430,1641483,1536,1
6733,7630410,2310993,1536,1
6734,2586848,783521,1536,1
6735,6401970,1940762,1536,1
6736,3103114,940008,1536,1
6737,10497522,3180144,1536,1
6738,1426112,432496,1536,1
6739,8308066,2517868,1536,1
6740,1946050,589529,1536,1
6741,3749708,1136368,1536,1
6742,1735702,525706,1536,1
6743,2560980,776009,1536,1
6744,20202450,6120256,1536,1
6745,2534978,768685,1536,1
6746,7119758,2158420,1536,1
6747,4779928,1447555,1536,1
6748,9628376,2915728,1536,1
6749,5171369,1567621,1536,1
6750,3278432,993077,1536,1
6751,2778583,842294,1536,1
6752,3239520,982798,1536,1
6753,967902,293187,1536,1
6754,1939101,617099,1536,1
6755,6345932,1922770,1536,1
6756,5180932,1569753,1536,1
6757,1884772,570821,1536,1
6758,874784,264951,1536,1
6759,956390,289685,1536,1
6760,1324404,401827,1536,1
6761,2032010,615963,1536,1
6762,2086918,632029,1536,1
6763,3749600,1135632,1536,1
6764,4006622,1213866,1536,1
6765,2801478,848967,1536,1
6766,3352613,1015748,1536,1
6767,1191854,360988,1536,1
6768,1600318,484640,1536,1
6769,1689508,511660,1536,1
6770,2122058,642833,1536,1
6771,2860797,867086,1536,1
6772,5404106,1636578,1536,1
6773,7736000,2343557,1536,1
6774,4119286,1247510,1536,1
6775,4112188,1246434,1536,1
6776,2928670,888077,1536,1
6777,3021280,915435,1536,1
6778,982064,297464,1536,1
6779,4687892,1420137,1536,1
6780,1241324,376239,1536,1
6781,900102,272623,1536,1
6782,909092,275347,1536,1
6783,6227729,1886921,1536,1
6784,1248068,377987,1536,1
6785,2000716,605884,1536,1
6786,1428440,433248,1536,1
6787,2286364,692927,1536,1
6788,1200676,363662,1536,1
6789,4110298,1245520,1536,1
6790,6274158,1902372,1536,1
6791,3801780,1152203,1536,1
6792,861008,260767,1536,1
6793,1953300,591673,1536,1
6794,4502238,1364518,1536,1
6795,5933696,1797517,1536,1
6796,3590908,1087436,1536,1
6797,1533758,464506,1536,1
6798,1620484,490869,1536,1
6799,2628358,795953,1536,1
6800,1072648,325284,1536,1
6801,3007774,911637,1536,1
6802,1954330,591860,1536,1
6803,1532028,463984,1536,1
6804,14419296,4368658,1536,1
6805,1132766,343449,1536,1
6806,1442552,437045,1536,1
6807,985034,298354,1536,1
6808,1145784,347066,1536,1
6809,5042912,1528672,1536,1
6810,2212998,672094,1536,1
6811,1929830,585109,1536,1
6812,2724498,825645,1536,1
6813,8292144,2512045,1536,1
6814,4652159,1409616,1536,1
6815,4767174,1444198,1536,1
6816,1431714,433634,1536,1
6817,3654164,1107370,1536,1
6818,1810030,549352,1536,1
6819,5513240,1671516,1536,1
6820,4115678,1246355,1536,1
6821,4286200,1298166,1536,1
6822,2421714,733379,1536,1
6823,1410634,427241,1536,1
6824,1296220,392573,1536,1
6825,2224822,677218,1536,1
6826,1242610,376770,1536,1
6827,1478984,447943,1536,1
6828,3890546,1179379,1536,1
6829,1392400,422021,1536,1
6830,1413172,428207,1536,1
6831,959490,290630,1536,1
6832,1906874,579645,1536,1
6833,4321314,1315863,1536,1
6834,2086354,632260,1536,1
6835,2090610,633521,1536,1
6836,1811074,548936,1536,1
6837,4218250,1278273,1536,1
6838,1945818,589370,1536,1
6839,2817060,853499,1536,1
6840,2981766,904699,1536,1
6841,2215096,671130,1536,1
6842,2617637,793846,1536,1
6843,4905148,1489823,1536,1
6844,1295528,392384,1536,1
6845,1879298,569196,1536,1
6846,4664080,1413149,1536,1
6847,1904310,576965,1536,1
6848,1441690,436732,1536,1
6849,5416472,1641036,1536,1
6850,1559838,472557,1536,1
6851,1503466,456053,1536,1
6852,7924512,2401309,1536,1
6853,3947895,1196875,1536,1
6854,2672302,809700,1536,1
6855,3716582,1126321,1536,1
6856,4943092,1497260,1536,1
6857,5466028,1655542,1536,1
6858,6577408,1992757,1536,1
6859,2283226,691456,1536,1
6860,8079270,2448087,1536,1
6861,3179018,963643,1536,1
6862,1368446,414485,1536,1
6863,9422200,2853999,1536,1
6864,2473658,749618,1536,1
6865,1547050,468539,1536,1
6866,1016554,308081,1536,1
6867,1603626,485671,1536,1
6868,3073890,930877,1536,1
6869,2560062,775477,1536,1
6870,1100320,333406,1536,1
6871,888400,269091,1536,1
6872,1836430,556147,1536,1
6873,1489264,451039,1536,1
6874,4622934,1400029,1536,1
6875,781386,236665,1536,1
6876,1120758,339427,1536,1
6877,5323364,1612098,1536,1
6878,3438887,1042026,1536,1
6879,832206,252072,1536,1
6880,2669316,808346,1536,1
6881,1154210,349580,1536,1
6882,3386876,1025635,1536,1
6883,1118340,338715,1536,1
6884,1396320,422873,1536,1
6885,1093598,331205,1536,1
6886,1441038,436515,1536,1
6887,2597410,786594,1536,1
6888,1143146,346211,1536,1
6889,1191614,360980,1536,1
6890,3525288,1069432,1536,1
6891,3416780,1035479,1536,1
6892,3514840,1064795,1536,1
6893,4917584,1489668,1536,1
6894,7493854,2270726,1536,1
6895,3974888,1205690,1536,1
6896,5513084,1670843,1536,1
6897,2143006,649140,1536,1
6898,2916457,884146,1536,1
6899,962382,291504,1536,1
6900,1362722,412805,1536,1
6901,4632193,1409461,1536,1
6902,2364218,716737,1536,1
6903,3210938,973122,1536,1
6904,2715868,822508,1536,1
6905,4968478,1505887,1536,1
6906,8357590,2532639,1536,1
6907,1608058,487030,1536,1
6908,5225528,1582510,1536,1
6909,3591880,1087735,1536,1
6910,2104132,637246,1536,1
6911,6119003,1856467,1536,1
6912,2871741,870180,1536,1
6913,1158296,350851,1536,1
6914,2503878,758273,1536,1
6915,2497098,756313,1536,1
6916,1707350,517239,1536,1
6917,783072,237173,1536,1
6918,2591192,784803,1536,1
6919,2891826,875749,1536,1
6920,757478,229423,1536,1
6921,762458,230908,1536,1
6922,1010884,306158,1536,1
6923,2769962,838844,1536,1
6924,1067810,323394,1536,1
6925,1329326,402603,1536,1
6926,742300,224815,1536,1
6927,4210290,1278680,1536,1
6928,2415978,731649,1536,1
6929,1858440,562821,1536,1
6930,1713666,518985,1536,1
6931,1073080,325287,1536,1
6932,4987529,1511014,1536,1
6933,844838,255904,1536,1
6934,1176136,356193,1536,1
6935,1027220,311117,1536,1
6936,2899674,878240,1536,1
6937,2110980,639367,1536,1
6938,1249330,378435,1536,1
6939,2076430,628938,1536,1
6940,1124456,340542,1536,1
6941,1514394,458637,1536,1
6942,3095102,937361,1536,1
6943,964028,292065,1536,1
6944,1018914,308600,1536,1
6945,1519672,460235,1536,1
6946,2435924,737686,1536,1
6947,735328,222719,1536,1
6948,1160750,351561,1536,1
6949,4049440,1226493,1536,1
6950,4889488,1481686,1536,1
6951,2012320,609414,1536,1
6952,902922,273570,1536,1
6953,3380222,1023641,1536,1
6954,1246980,377662,1536,1
6955,2262194,685055,1536,1
6956,2753431,834761,1536,1
6957,863686,261614,1536,1
6958,1730282,524430,1536,1
6959,1164490,352728,1536,1
6960,1681498,509229,1536,1
6961,2089950,632909,1536,1
6962,813202,246298,1536,1
6963,2186938,662300,1536,1
6964,1551004,469734,1536,1
6965,4928848,1492584,1536,1
6966,850992,257746,1536,1
6967,2544712,770624,1536,1
6968,1926672,583542,1536,1
6969,906842,274662,1536,1
6970,909604,275510,1536,1
6971,902502,273362,1536,1
6972,2487476,753329,1536,1
6973,1628500,493270,1536,1
6974,897508,271831,1536,1
6975,2068375,626828,1536,1
6976,7940410,2405020,1536,1
6977,1424204,431446,1536,1
6978,1514472,458678,1536,1
6979,1780380,539229,1536,1
6980,1214872,367931,1536,1
6981,2831366,857643,1536,1
6982,1898008,575089,1536,1
6983,4770780,1444810,1536,1
6984,4749426,1438487,1536,1
6985,2493116,755024,1536,1
6986,1047832,317380,1536,1
6987,973936,294979,1536,1
6988,1650820,500519,1536,1
6989,2510534,760298,1536,1
6990,2074030,628124,1536,1
6991,1797986,544544,1536,1
6992,1558978,472587,1536,1
6993,1230142,372590,1536,1
6994,1204980,364944,1536,1
6995,2358332,714191,1536,1
6996,2294806,695055,1536,1
6997,903774,273705,1536,1
6998,5510362,1669028,1536,1
6999,8593294,2602226,1536,1
7000,2842052,861195,1536,1
7001,2775138,840419,1536,1
7002,1264472,382972,1536,1
7003,19674190,5959531,1536,1
7004,1299510,393932,1536,1
7005,6709062,2031673,1536,1
7006,1331876,403389,1536,1
7007,1916592,580450,1536,1
7008,5367946,1627817,1536,1
7009,1676564,507874,1536,1
7010,1476028,447032,1536,1
7011,7350510,2225911,1536,1
7012,1108670,335770,1536,1
7013,2570966,778558,1536,1
7014,832028,252003,1536,1
7015,1095996,331935,1536,1
7016,801462,242722,1536,1
7017,1410000,427134,1536,1
7018,2539450,769365,1536,1
7019,1373710,416125,1536,1
7020,1521206,460715,1536,1
7021,5580794,1691256,1536,1
7022,1574394,476819,1536,1
7023,1182340,358081,1536,1
7024,2160390,654222,1536,1
7025,1142452,346023,1536,1
7026,1232026,373143,1536,1
7027,2355530,713360,1536,1
7028,6960214,2109570,1536,1
7029,6773200,2052472,1536,1
7030,1423034,430979,1536,1
7031,3573376,1082161,1536,1
7032,1819104,550972,1536,1
7033,1995288,606938,1536,1
7034,3195438,967800,1536,1
7035,3711026,1123816,1536,1
7036,1173840,355509,1536,1
7037,1956156,592425,1536,1
7038,4077076,1234660,1536,1
7039,1252930,379461,1536,1
7040,1258110,381026,1536,1
7041,3340016,1011473,1536,1
7042,2645740,801236,1536,1
7043,1255964,380379,1536,1
7044,2424434,734221,1536,1
7045,2286562,692477,1536,1
7046,2107742,638326,1536,1
7047,2167485,656811,1536,1
7048,2416820,732008,1536,1
7049,1593396,482699,1536,1
7050,3018730,914249,1536,1
7051,840016,254418,1536,1
7052,1314874,398244,1536,1
7053,1037764,314326,1536,1
7054,1916720,580480,1536,1
7055,1849128,560017,1536,1
7056,1892740,573216,1536,1
7057,12502186,3787202,1536,1
7058,3737846,1131930,1536,1
7059,8531754,2583749,1536,1
7060,2252834,682584,1536,1
7061,1020980,309642,1536,1
7062,1000274,302945,1536,1
7063,2063918,625035,1536,1
7064,4290260,1299182,1536,1
7065,4699400,1423092,1536,1
7066,3218112,974543,1536,1
7067,1906996,577509,1536,1
7068,1785032,540659,1536,1
7069,730604,221273,1536,1
7070,1603300,485610,1536,1
7071,1873518,567425,1536,1
7072,2579782,781581,1536,1
7073,3086208,934818,1536,1
7074,3877094,1174280,1536,1
7075,964054,291964,1536,1
7076,1039506,314966,1536,1
7077,1589266,481296,1536,1
7078,3568640,1080698,1536,1
7079,3951696,1197064,1536,1
7080,745440,225790,1536,1
7081,986658,298804,1536,1
7082,2927442,886511,1536,1
7083,1459596,442045,1536,1
7084,2221886,672942,1536,1
7085,3224456,976462,1536,1
7086,2177036,659291,1536,1
7087,751782,227697,1536,1
7088,2629617,796673,1536,1
7089,2384138,722621,1536,1
7090,1257320,380799,1536,1
7091,774580,234603,1536,1
7092,2222766,673126,1536,1
7093,787116,238412,1536,1
7094,4459428,1350527,1536,1
7095,1315942,398669,1536,1
7096,1297034,392804,1536,1
7097,1052450,318739,1536,1
7098,1644702,498177,1536,1
7099,3143212,953279,1536,1
7100,3376840,1023015,1536,1
7101,1075198,325630,1536,1
7102,896804,271632,1536,1
7103,5336725,1616981,1536,1
7104,3193620,967203,1536,1
7105,798184,241765,1536,1
7106,4061572,1229989,1536,1
7107,4306884,1304241,1536,1
7108,807762,244651,1536,1
7109,5567550,1686114,1536,1
7110,1251398,379020,1536,1
7111,1168926,354038,1536,1
7112,1615382,489285,1536,1
7113,1591756,482057,1536,1
7114,8728900,2645731,1536,1
7115,5355448,1622533,1536,1
7116,1623828,491801,1536,1
7117,1325336,401410,1536,1
7118,1383664,419071,1536,1
7119,4703631,1425924,1536,1
7120,2201180,667486,1536,1
7121,2716292,823366,1536,1
7122,6967781,2111463,1536,1
7123,2205413,669084,1536,1
7124,3904480,1182406,1536,1
7125,3234262,980145,1536,1
7126,969870,293752,1536,1
7127,3529382,1069294,1536,1
7128,2255608,683205,1536,1
7129,1583582,479669,1536,1
7130,5624618,1703857,1536,1
7131,1362366,413200,1536,1
7132,1303666,394849,1536,1
7133,1800608,545840,1536,1
7134,1715338,519503,1536,1
7135,5259422,1592726,1536,1
7136,931518,282138,1536,1
7137,3952401,1198010,1536,1
7138,1039500,314858,1536,1
7139,2746840,833352,1536,1
7140,13833800,4191206,1536,1
7141,5841708,1769185,1536,1
7142,1734960,525523,1536,1
7143,1515908,459129,1536,1
7144,1071204,324458,1536,1
7145,2670408,808712,1536,1
7146,1584740,479973,1536,1
7147,980812,297073,1536,1
7148,5571362,1687151,1536,1
7149,921260,279032,1536,1
7150,2537016,768381,1536,1
7151,2629722,796541,1536,1
7152,2647238,801826,1536,1
7153,1260980,381917,1536,1
7154,1783982,540285,1536,1
7155,851978,258047,1536,1
7156,1141238,345636,1536,1
7157,854248,258705,1536,1
7158,3091590,936309,1536,1
7159,814894,246835,1536,1
7160,2852094,864655,1536,1
7161,2145192,649766,1536,1
7162,851176,257820,1536,1
7163,801766,242839,1536,1
7164,5339516,1618321,1536,1
7165,5286470,1601407,1536,1
7166,2425638,734581,1536,1
7167,1661268,503122,1536,1
7168,1438360,435598,1536,1
7169,3326224,1007367,1536,1
7170,2053586,621901,1536,1
7171,776806,235268,1536,1
7172,1144806,346731,1536,1
7173,5779194,1750072,1536,1
7174,1082368,327807,1536,1
7175,3404114,1030871,1536,1
7176,806732,244343,1536,1
7177,2816982,853051,1536,1
7178,2186584,662191,1536,1
7179,6039998,1830093,1536,1
7180,3707714,1123347,1536,1
7181,1922586,582324,1536,1
7182,1050804,318245,1536,1
7183,2649932,802491,1536,1
7184,2184636,661602,1536,1
7185,1857606,562572,1536,1
7186,1566532,474521,1536,1
7187,4185753,1269771,1536,1
7188,3626778,1098969,1536,1
7189,1626530,492599,1536,1
7190,1427322,432298,1536,1
7191,4031746,1221019,1536,1
7192,780514,236496,1536,1
7193,1333608,403900,1536,1
7194,2376908,719832,1536,1
7195,2621566,794048,1536,1
7196,5322210,1612937,1536,1
7197,2264156,685755,1536,1
7198,1931586,585338,1536,1
7199,5211978,1589520,1536,1
7200,2603662,788738,1536,1
7201,912456,276378,1536,1
7202,2403886,728309,1536,1
7203,1382780,419143,1536,1
7204,1813728,550313,1536,1
7205,4924270,1491774,1536,1
7206,5841310,1769344,1536,1
7207,2609038,790291,1536,1
7208,3618026,1096165,1536,1
7209,2358196,714894,1536,1
7210,1504496,455859,1536,1
7211,1471156,445566,1536,1
7212,1560130,473008,1536,1
7213,2671520,809244,1536,1
7214,1537120,465568,1536,1
7215,1894326,573680,1536,1
7216,1730890,524216,1536,1
7217,1001356,303317,1536,1
7218,1599460,484588,1536,1
7219,3069426,929538,1536,1
7220,983306,297832,1536,1
7221,1632104,494302,1536,1
7222,901544,273032,1536,1
7223,4424154,1339860,1536,1
7224,2143454,649164,1536,1
7225,901186,272953,1536,1
7226,903566,273670,1536,1
7227,1730854,524203,1536,1
7228,2675786,811054,1536,1
7229,2757648,835470,1536,1
7230,1107574,335642,1536,1
7231,2623386,794467,1536,1
7232,2600562,787657,1536,1
7233,2910596,881439,1536,1
7234,13007110,3940797,1536,1
7235,6755693,2048872,1536,1
7236,4608290,1396556,1536,1
7237,4400677,1333501,1536,1
7238,1484710,449665,1536,1
7239,1519892,460336,1536,1
7240,9581694,2902770,1536,1
7241,2557106,775222,1536,1
7242,17474637,5293252,1536,1
7243,5083448,1539395,1536,1
7244,888360,269037,1536,1
7245,836232,253275,1536,1
7246,3341820,1011997,1536,1
7247,1235608,374469,1536,1
7248,2922594,885817,1536,1
7249,2318396,703045,1536,1
7250,1664000,504047,1536,1
7251,1463114,443656,1536,1
7252,1977574,599684,1536,1
7253,1008446,305449,1536,1
7254,851762,257981,1536,1
7255,3380652,1024351,1536,1
7256,4181492,1266276,1536,1
7257,1618556,490192,1536,1
7258,8401308,2544155,1536,1
7259,3205532,970725,1536,1
7260,1968846,596261,1536,1
7261,6688678,2025579,1536,1
7262,2852408,863822,1536,1
7263,1268030,384144,1536,1
7264,5051978,1531049,1536,1
7265,2246344,680334,1536,1
7266,1082944,327983,1536,1
7267,1622460,491373,1536,1
7268,1441226,436625,1536,1
7269,6374808,1931032,1536,1
7270,780100,236275,1536,1
7271,3155032,955448,1536,1
7272,2772352,839547,1536,1
7273,1788688,541704,1536,1
7274,1523134,461251,1536,1
7275,784860,237716,1536,1
7276,804852,243790,1536,1
7277,786472,238180,1536,1
7278,2580250,781366,1536,1
7279,812974,246242,1536,1
7280,1792506,543013,1536,1
7281,1822002,551939,1536,1
7282,1424650,431429,1536,1
7283,2240242,678423,1536,1
7284,855796,259202,1536,1
7285,851582,257925,1536,1
7286,4901952,1484535,1536,1
7287,5053660,1530431,1536,1
7288,2341338,709059,1536,1
7289,1164960,352924,1536,1
7290,3291390,997559,1536,1
7291,1748338,530284,1536,1
7292,1183968,358590,1536,1
7293,844428,255775,1536,1
7294,4095880,1241228,1536,1
7295,1593280,483425,1536,1
7296,846808,256511,1536,1
7297,1843586,558333,1536,1
7298,1807860,547507,1536,1
7299,2089339,633681,1536,1
7300,7517281,2277636,1536,1
7301,2752176,834247,1536,1
7302,2113700,640134,1536,1
7303,2922764,885845,1536,1
7304,5731182,1735545,1536,1
7305,4327402,1310478,1536,1
7306,11869314,3595787,1536,1
7307,1212584,367262,1536,1
7308,1532838,464206,1536,1
7309,1691228,512200,1536,1
7310,2334700,707809,1536,1
7311,1947151,591004,1536,1
7312,4430718,1342667,1536,1
7313,7309218,2213540,1536,1
7314,7490818,2268601,1536,1
7315,4037424,1223530,1536,1
7316,6437526,1949432,1536,1
7317,1565942,474253,1536,1
7318,1480464,448383,1536,1
7319,1982690,600440,1536,1
7320,931208,282041,1536,1
7321,3631642,1099851,1536,1
7322,1439426,435956,1536,1
7323,1342320,406536,1536,1
7324,954684,289171,1536,1
7325,3135042,949409,1536,1
7326,2684780,813116,1536,1
7327,3826948,1159727,1536,1
7328,992530,300589,1536,1
7329,4212774,1279170,1536,1
7330,3348322,1014462,1536,1
7331,6519604,1974281,1536,1
7332,884080,267863,1536,1
7333,1227768,371838,1536,1
7334,2304690,698039,1536,1
7335,856376,259466,1536,1
7336,1237474,376218,1536,1
7337,8932384,2704965,1536,1
7338,2805790,849695,1536,1
7339,3799779,1151959,1536,1
7340,5392628,1633028,1536,1
7341,1858690,563038,1536,1
7342,1827046,553320,1536,1
7343,788184,238708,1536,1
7344,785394,237877,1536,1
7345,2816660,853020,1536,1
7346,1109062,335888,1536,1
7347,787186,238420,1536,1
7348,1781154,539686,1536,1
7349,7653098,2318511,1536,1
7350,1705172,516398,1536,1
7351,2459658,744882,1536,1
7352,828700,250995,1536,1
7353,1418758,430400,1536,1
7354,1115524,337852,1536,1
7355,5848572,1771536,1536,1
7356,1933022,585416,1536,1
7357,1261574,382091,1536,1
7358,3168626,959711,1536,1
7359,854668,258861,1536,1
7360,2310012,699606,1536,1
7361,3163524,958117,1536,1
7362,921806,279211,1536,1
7363,1635442,495287,1536,1
7364,2558428,774796,1536,1
7365,1761654,533536,1536,1
7366,883756,267671,1536,1
7367,1244896,377029,1536,1
7368,3815217,1156332,1536,1
7369,2637800,798835,1536,1
7370,3903732,1183373,1536,1
7371,1271044,384998,1536,1
7372,1111614,336936,1536,1
7373,2813028,851890,1536,1
7374,2211684,669792,1536,1
7375,1489936,451196,1536,1
7376,1420614,430251,1536,1
7377,1667762,505088,1536,1
7378,1432286,433764,1536,1
7379,1740152,527157,1536,1
7380,1887454,571590,1536,1
7381,2113628,640096,1536,1
7382,736884,223282,1536,1
7383,1579124,478225,1536,1
7384,1117812,338550,1536,1
7385,5024908,1521721,1536,1
7386,6188310,1874025,1536,1
7387,5339552,1617525,1536,1
7388,1314364,398051,1536,1
7389,1291910,391565,1536,1
7390,5351630,1620591,1536,1
7391,1692694,512633,1536,1
7392,1843962,558434,1536,1
7393,1764134,534260,1536,1
7394,816840,247511,1536,1
7395,8502700,2574769,1536,1
7396,2461920,745561,1536,1
7397,1278058,387072,1536,1
7398,869576,263397,1536,1
7399,2625142,795014,1536,1
7400,1617492,489858,1536,1
7401,965268,292357,1536,1
7402,3475898,1053653,1536,1
7403,1778172,541418,1536,1
7404,1610694,488090,1536,1
7405,1503476,455332,1536,1
7406,1290228,390759,1536,1
7407,2492144,755502,1536,1
7408,2311412,700721,1536,1
7409,5778328,1750704,1536,1
7410,2501982,758517,1536,1
7411,2100276,636385,1536,1
7412,7585232,2297933,1536,1
7413,2456042,744453,1536,1
7414,3766324,1140755,1536,1
7415,3144080,952211,1536,1
7416,2508174,759614,1536,1
7417,1706880,516984,1536,1
7418,937026,283825,1536,1
7419,2563590,776443,1536,1
7420,4759528,1442784,1536,1
7421,6310306,1911593,1536,1
7422,1443186,437200,1536,1
7423,2050961,621510,1536,1
7424,3076999,932451,1536,1
7425,3121480,946262,1536,1
7426,3445282,1044698,1536,1
7427,3636636,1101491,1536,1
7428,4723048,1433240,1536,1
7429,10331984,3130756,1536,1
7430,2237994,677770,1536,1
7431,3384832,1025060,1536,1
7432,3301706,999894,1536,1
7433,3064020,929343,1536,1
7434,4377547,1326864,1536,1
7435,10277481,3114269,1536,1
7436,2220202,672643,1536,1
7437,3223124,977278,1536,1
7438,3034844,919807,1536,1
7439,3063320,929556,1536,1
7440,1269406,384653,1536,1
7441,3418528,1035357,1536,1
7442,2682034,812254,1536,1
7443,1351048,409638,1536,1
7444,1227512,371839,1536,1
7445,3084284,934318,1536,1
7446,10936976,3313830,1536,1
7447,2932682,888123,1536,1
7448,2725206,826207,1536,1
7449,2273484,688643,1536,1
7450,3993418,1209448,1536,1
7451,13844812,4194002,1536,1
7452,3023094,915845,1536,1
7453,6518299,1974589,1536,1
7454,1912791,579949,1536,1
7455,1030794,312217,1536,1
7456,1593294,483004,1536,1
7457,1958156,593473,1536,1
7458,1057408,320278,1536,1
7459,4685256,1419706,1536,1
7460,5317478,1611415,1536,1
7461,1335898,404788,1536,1
7462,2680066,812259,1536,1
7463,6758152,2048308,1536,1
7464,3397452,1029784,1536,1
7465,9162232,2776756,1536,1
7466,1582544,479519,1536,1
7467,5130845,1554419,1536,1
7468,3044012,922111,1536,1
7469,1867050,565754,1536,1
7470,3719954,1126561,1536,1
7471,5455174,1653701,1536,1
7472,1320702,400484,1536,1
7473,1324004,401009,1536,1
7474,981368,297258,1536,1
7475,1982458,600466,1536,1
7476,1412760,427989,1536,1
7477,1232346,373339,1536,1
7478,3307628,1001816,1536,1
7479,2222392,673045,1536,1
7480,5039119,1527556,1536,1
7481,12735763,3858039,1536,1
7482,4577815,1386878,1536,1
7483,1288745,390714,1536,1
7484,957082,290035,1536,1
7485,962900,291656,1536,1
7486,2629138,796173,1536,1
7487,1300032,393821,1536,1
7488,3817704,1156976,1536,1
7489,1606222,486462,1536,1
7490,3286944,995354,1536,1
7491,1998940,605435,1536,1
7492,3402638,1030437,1536,1
7493,3049162,923402,1536,1
7494,1674342,507944,1536,1
7495,11922275,3611661,1536,1
7496,5281806,1600075,1536,1
7497,2696272,816962,1536,1
7498,3899882,1181613,1536,1
7499,2001512,606347,1536,1
7500,6125092,1857036,1536,1
7501,4697550,1422569,1536,1
7502,1538380,466950,1536,1
7503,2176554,659629,1536,1
7504,4404200,1334633,1536,1
7505,5277051,1598630,1536,1
7506,3287629,996153,1536,1
7507,4087714,1238353,1536,1
7508,1581562,479001,1536,1
7509,4897548,1485157,1536,1
7510,2184090,662471,1536,1
7511,4090138,1239243,1536,1
7512,5093955,1543732,1536,1
7513,1186912,359496,1536,1
7514,4096780,1241681,1536,1
7515,2322228,704086,1536,1
7516,5642323,1709809,1536,1
7517,5104334,1548787,1536,1
7518,1446584,438447,1536,1
7519,6087492,1843522,1536,1
7520,3104990,940343,1536,1
7521,4479718,1357367,1536,1
7522,2185154,661843,1536,1
7523,3741130,1134612,1536,1
7524,1347280,408526,1536,1
7525,4599412,1395647,1536,1
7526,11414096,3457920,1536,1
7527,1961522,594042,1536,1
7528,1904626,577297,1536,1
7529,7850018,2379918,1536,1
7530,5844062,1769913,1536,1
7531,9495836,2877102,1536,1
7532,3634722,1100708,1536,1
7533,5720286,1733292,1536,1
7534,4663030,1412090,1536,1
7535,2577834,781412,1536,1
7536,1296544,392773,1536,1
7537,1716874,519964,1536,1
7538,1387666,420430,1536,1
7539,2016312,610653,1536,1
7540,3359762,1018092,1536,1
7541,817536,247614,1536,1
7542,1908060,577855,1536,1
7543,1925436,583096,1536,1
7544,2659608,805498,1536,1
7545,1937438,586880,1536,1
7546,1430986,433393,1536,1
7547,2405608,728487,1536,1
7548,2118822,641659,1536,1
7549,1254002,379781,1536,1
7550,1288992,390399,1536,1
7551,1527712,462687,1536,1
7552,1220680,369667,1536,1
7553,1403198,424995,1536,1
7554,9891346,2997334,1536,1
7555,2306766,698713,1536,1
7556,4660654,1411579,1536,1
7557,6713437,2033787,1536,1
7558,2985150,904155,1536,1
7559,1836200,556183,1536,1
7560,1738350,526468,1536,1
7561,7438422,2254171,1536,1
7562,1102634,333958,1536,1
7563,1583378,479743,1536,1
7564,2696918,817427,1536,1
7565,2947796,893207,1536,1
7566,2711720,822069,1536,1
7567,6268636,1900435,1536,1
7568,3874288,1174868,1536,1
7569,3212121,974013,1536,1
7570,2284937,692351,1536,1
7571,3074002,931290,1536,1
7572,15615306,4730711,1536,1
7573,2836698,864692,1536,1
7574,4255256,1291287,1536,1
7575,2393210,724792,1536,1
7576,3087166,935300,1536,1
7577,2562266,776293,1536,1
7578,3185864,965521,1536,1
7579,2427362,736260,1536,1
7580,8223061,2490879,1536,1
7581,1666346,504701,1536,1
7582,9206825,2788935,1536,1
7583,4636937,1409915,1536,1
7584,5076436,1539341,1536,1
7585,2942272,892445,1536,1
7586,2416318,732107,1536,1
7587,1736042,525780,1536,1
7588,4082394,1238233,1536,1
7589,2525662,765299,1536,1
7590,2889164,876664,1536,1
7591,876860,265577,1536,1
7592,1850338,560361,1536,1
7593,2087668,632334,1536,1
7594,5428288,1643956,1536,1
7595,1138848,344960,1536,1
7596,2484519,761195,1536,1
7597,2734189,828616,1536,1
7598,3692990,1118477,1536,1
7599,6262604,1897541,1536,1
7600,4436360,1343559,1536,1
7601,2729460,827154,1536,1
7602,1257352,380815,1536,1
7603,3016714,914478,1536,1
7604,1820322,551399,1536,1
7605,3394798,1029198,1536,1
7606,1291650,391273,1536,1
7607,4396374,1332903,1536,1
7608,2366630,717140,1536,1
7609,6129488,1857572,1536,1
7610,2710502,821427,1536,1
7611,1104482,334599,1536,1
7612,1873900,567640,1536,1
7613,1456678,441252,1536,1
7614,3444250,1043199,1536,1
7615,3463372,1049594,1536,1
7616,2152524,652147,1536,1
7617,3677866,1113925,1536,1
7618,1521598,461301,1536,1
7619,6061626,1837245,1536,1
7620,3947276,1196009,1536,1
7621,3111094,942168,1536,1
7622,3508528,1062987,1536,1
7623,11314116,3428274,1536,1
7624,1440130,436162,1536,1
7625,3555850,1076847,1536,1
7626,2107142,638246,1536,1
7627,5738828,1738357,1536,1
7628,905954,274394,1536,1
7629,4578560,1386517,1536,1
7630,1616726,489609,1536,1
7631,2193284,664194,1536,1
7632,2574408,779639,1536,1
7633,3038168,920070,1536,1
7634,873292,264503,1536,1
7635,1194090,361661,1536,1
7636,3671418,1111826,1536,1
7637,2530626,766380,1536,1
7638,904244,273894,1536,1
7639,3813056,1154714,1536,1
7640,1955304,592817,1536,1
7641,2996822,908169,1536,1
7642,5269396,1596627,1536,1
7643,11236330,3402617,1536,1
7644,1202290,364144,1536,1
7645,1478700,447828,1536,1
7646,875098,265048,1536,1
7647,1867092,565516,1536,1
7648,2040530,617972,1536,1
7649,1140742,345488,1536,1
7650,2235770,677046,1536,1
7651,4508624,1365418,1536,1
7652,1569100,475220,1536,1
7653,4903732,1486003,1536,1
7654,1635940,495463,1536,1
7655,1382216,418634,1536,1
7656,5524508,1673683,1536,1
7657,1646618,498697,1536,1
7658,1636882,495740,1536,1
7659,1615994,489405,1536,1
7660,4578356,1386952,1536,1
7661,10578054,3206118,1536,1
7662,7803148,2365289,1536,1
7663,6430350,1949254,1536,1
7664,3230118,978601,1536,1
7665,1762114,534093,1536,1
7666,2336836,707743,1536,1
7667,1750712,530816,1536,1
7668,3362063,1019022,1536,1
7669,2017160,612125,1536,1
7670,2025902,613547,1536,1
7671,990330,300241,1536,1
7672,932542,282447,1536,1
7673,3150300,954026,1536,1
7674,1277156,387502,1536,1
7675,4450976,1351852,1536,1
7676,3313040,1003310,1536,1
7677,5099720,1544703,1536,1
7678,3800815,1152292,1536,1
7679,1295540,392392,1536,1
7680,1561268,472852,1536,1
7681,3096970,937965,1536,1
7682,2500414,757287,1536,1
7683,4675068,1416477,1536,1
7684,855172,259000,1536,1
7685,850996,257748,1536,1
7686,1229758,372461,1536,1
7687,1355744,410614,1536,1
7688,2295094,695705,1536,1
7689,7565524,2291037,1536,1
7690,1152262,349008,1536,1
7691,1137238,344443,1536,1
7692,1225310,371113,1536,1
7693,2146462,650015,1536,1
7694,1210440,366610,1536,1
7695,822150,249002,1536,1
7696,2902744,879039,1536,1
7697,820978,248658,1536,1
7698,5580609,1691221,1536,1
7699,888680,269178,1536,1
7700,1274820,386106,1536,1
7701,3477574,1053122,1536,1
7702,1215308,368041,1536,1
7703,3700978,1121099,1536,1
7704,1974318,598005,1536,1
7705,756682,229183,1536,1
7706,3581850,1084812,1536,1
7707,1804862,546602,1536,1
7708,4933164,1494957,1536,1
7709,1358636,411471,1536,1
7710,754098,228415,1536,1
7711,2627306,795643,1536,1
7712,1378796,417593,1536,1
7713,2802822,848790,1536,1
7714,1722060,521648,1536,1
7715,2798410,847503,1536,1
7716,2731652,827240,1536,1
7717,1265714,383351,1536,1
7718,2555972,774050,1536,1
7719,5126990,1553486,1536,1
7720,685810,207717,1536,1
7721,2428491,736665,1536,1
7722,3637032,1101394,1536,1
7723,704516,213381,1536,1
7724,2027800,614079,1536,1
7725,1029830,311906,1536,1
7726,1534396,464673,1536,1
7727,1007638,305327,1536,1
7728,1662490,503485,1536,1
7729,1270924,384912,1536,1
7730,968298,293259,1536,1
7731,2166028,655958,1536,1
7732,10093918,3057839,1536,1
7733,5516058,1670381,1536,1
7734,2632444,797177,1536,1
7735,2572242,778965,1536,1
7736,1665164,504277,1536,1
7737,976352,295685,1536,1
7738,2318994,702284,1536,1
7739,3385504,1025234,1536,1
7740,1912181,579695,1536,1
7741,2771664,839356,1536,1
7742,1266890,383695,1536,1
7743,1322330,400485,1536,1
7744,1659458,502568,1536,1
7745,728486,220660,1536,1
7746,701182,212364,1536,1
7747,963460,291810,1536,1
7748,1476152,447042,1536,1
7749,1502518,455039,1536,1
7750,1310490,396977,1536,1
7751,1268392,384146,1536,1
7752,1947312,589694,1536,1
7753,4208580,1276169,1536,1
7754,2823338,855000,1536,1
7755,2058850,623635,1536,1
7756,2063636,625023,1536,1
7757,4771433,1445527,1536,1
7758,5823192,1764703,1536,1
7759,5288258,1602419,1536,1
7760,897216,271730,1536,1
7761,3042542,921381,1536,1
7762,1079686,327006,1536,1
7763,2531256,766521,1536,1
7764,4809012,1456568,1536,1
7765,14399584,4362543,1536,1
7766,7150049,2167197,1536,1
7767,1865150,565072,1536,1
7768,940438,284806,1536,1
7769,1706366,516740,1536,1
7770,1309336,396561,1536,1
7771,6220596,1885051,1536,1
7772,1525582,462068,1536,1
7773,2094076,634182,1536,1
7774,957266,289947,1536,1
7775,3789486,1147833,1536,1
7776,1741868,529401,1536,1
7777,4370730,1324582,1536,1
7778,853490,258500,1536,1
7779,1207088,365564,1536,1
7780,3126956,946963,1536,1
7781,3420316,1036175,1536,1
7782,1745616,528698,1536,1
7783,1552898,470312,1536,1
7784,1742408,527676,1536,1
7785,1177526,356644,1536,1
7786,1492994,452138,1536,1
7787,1030942,312241,1536,1
7788,6328312,1916426,1536,1
7789,2771812,840137,1536,1
7790,3627776,1098641,1536,1
7791,943758,285857,1536,1
7792,2591634,784851,1536,1
7793,3347270,1014323,1536,1
7794,2246764,680453,1536,1
7795,1145672,347066,1536,1
7796,8407050,2545906,1536,1
7797,2447310,741463,1536,1
7798,1924990,582982,1536,1
7799,1102542,333902,1536,1
7800,1409382,426851,1536,1
7801,1935876,586280,1536,1
7802,882846,267411,1536,1
7803,1029458,312001,1536,1
7804,5285780,1602267,1536,1
7805,1273116,385567,1536,1
7806,6144603,1861948,1536,1
7807,1093742,331237,1536,1
7808,1205904,365315,1536,1
7809,802578,243142,1536,1
7810,2649310,802280,1536,1
7811,2622542,794190,1536,1
7812,809060,245046,1536,1
7813,838560,254001,1536,1
7814,1137588,344578,1536,1
7815,2379356,720564,1536,1
7816,6565248,1989232,1536,1
7817,5108150,1547851,1536,1
7818,1943512,588592,1536,1
7819,833844,252551,1536,1
7820,3573540,1082180,1536,1
7821,1189548,360236,1536,1
7822,3300626,999517,1536,1
7823,1149628,348175,1536,1
7824,1462004,442762,1536,1
7825,1396560,422944,1536,1
7826,2873334,870227,1536,1
7827,2593852,785512,1536,1
7828,5358302,1622771,1536,1
7829,2582036,781932,1536,1
7830,1310264,396811,1536,1
7831,951442,288152,1536,1
7832,1246416,377474,1536,1
7833,3891368,1179016,1536,1
7834,1273768,386163,1536,1
7835,2288926,693169,1536,1
7836,3441746,1042272,1536,1
7837,1446038,437936,1536,1
7838,670384,203044,1536,1
7839,901096,273184,1536,1
7840,894996,271060,1536,1
7841,1656744,501709,1536,1
7842,673262,203895,1536,1
7843,961914,291493,1536,1
7844,989544,299688,1536,1
7845,2981778,903176,1536,1
7846,739900,224088,1536,1
7847,10153164,3075720,1536,1
7848,4564091,1383612,1536,1
7849,6453378,1954564,1536,1
7850,3487276,1057195,1536,1
7851,4943308,1498000,1536,1
7852,2059136,623580,1536,1
7853,1193028,361335,1536,1
7854,862660,261294,1536,1
7855,1448698,438755,1536,1
7856,860060,260515,1536,1
7857,822974,249284,1536,1
7858,3209060,971791,1536,1
7859,1053044,318924,1536,1
7860,1127900,341593,1536,1
7861,1288460,390489,1536,1
7862,789270,239066,1536,1
7863,1550196,469455,1536,1
7864,1560674,472957,1536,1
7865,1157026,350539,1536,1
7866,818278,247898,1536,1
7867,1064410,322962,1536,1
7868,1768728,536246,1536,1
7869,1885532,571237,1536,1
7870,3222237,976270,1536,1
7871,1183642,358514,1536,1
7872,1091374,330753,1536,1
7873,806894,244389,1536,1
7874,2595262,786010,1536,1
7875,2120334,642135,1536,1
7876,1114156,337470,1536,1
7877,3551758,1075637,1536,1
7878,1942198,588513,1536,1
7879,3431456,1039370,1536,1
7880,2925836,886021,1536,1
7881,9839838,2981086,1536,1
7882,2387252,722989,1536,1
7883,797706,241624,1536,1
7884,823652,249482,1536,1
7885,3923826,1188825,1536,1
7886,2861238,867144,1536,1
7887,791440,239800,1536,1
7888,2510506,760374,1536,1
7889,962592,291555,1536,1
7890,1556586,472203,1536,1
7891,3407230,1033435,1536,1
7892,2506448,759404,1536,1
7893,1595358,484070,1536,1
7894,2028290,614268,1536,1
7895,2022448,612534,1536,1
7896,4353928,1320196,1536,1
7897,2695150,816360,1536,1
7898,6309620,1911885,1536,1
7899,5744012,1740255,1536,1
7900,1370174,415356,1536,1
7901,2722820,825213,1536,1
7902,894152,270835,1536,1
7903,1231214,372905,1536,1
7904,3885206,1177355,1536,1
7905,3019896,915014,1536,1
7906,6985888,2116050,1536,1
7907,1148396,347803,1536,1
7908,1260434,381749,1536,1
7909,857996,259867,1536,1
7910,1226978,371597,1536,1
7911,1938056,586939,1536,1
7912,4030678,1221606,1536,1
7913,5480904,1660674,1536,1
7914,1870408,566634,1536,1
7915,6403001,1939748,1536,1
7916,3286544,995274,1536,1
7917,869998,263520,1536,1
7918,1466622,444237,1536,1
7919,1551722,470090,1536,1
7920,2793468,845996,1536,1
7921,4565878,1382671,1536,1
7922,3195616,967713,1536,1
7923,846378,256350,1536,1
7924,1135508,343877,1536,1
7925,1140012,345267,1536,1
7926,1277946,387051,1536,1
7927,1134004,343480,1536,1
7928,4240334,1284097,1536,1
7929,1851304,560652,1536,1
7930,2135878,646844,1536,1
7931,2004306,607033,1536,1
7932,2160458,654290,1536,1
7933,878598,266094,1536,1
7934,1453550,440198,1536,1
7935,1016599,308059,1536,1
7936,1264100,382920,1536,1
7937,1925238,583582,1536,1
7938,1348294,408360,1536,1
7939,2549876,772739,1536,1
7940,1608216,487048,1536,1
7941,1339422,405670,1536,1
7942,973416,294930,1536,1
7943,950462,287893,1536,1
7944,1973124,597563,1536,1
7945,2090540,633096,1536,1
7946,2574712,779730,1536,1
7947,2864662,867597,1536,1
7948,5866930,1776647,1536,1
7949,1322368,400509,1536,1
7950,3012792,912389,1536,1
7951,1460598,442341,1536,1
7952,875030,265026,1536,1
7953,1169698,354255,1536,1
7954,1256516,380550,1536,1
7955,1861986,563905,1536,1
7956,1017576,308359,1536,1
7957,859102,260325,1536,1
7958,3732034,1130178,1536,1
7959,1262574,382511,1536,1
7960,4301204,1302527,1536,1
7961,1456750,441163,1536,1
7962,4230378,1281082,1536,1
7963,1757210,532360,1536,1
7964,2561978,775868,1536,1
7965,1358582,411445,1536,1
7966,802498,243062,1536,1
7967,2076152,628734,1536,1
7968,1655926,501790,1536,1
7969,2474620,749651,1536,1
7970,1144142,346533,1536,1
7971,1122104,340733,1536,1
7972,904792,274054,1536,1
7973,2452556,743651,1536,1
7974,1734342,525311,1536,1
7975,6509614,1972001,1536,1
7976,4940918,1497421,1536,1
7977,1683152,509777,1536,1
7978,2108980,639150,1536,1
7979,3140323,951735,1536,1
7980,1937832,587027,1536,1
7981,3235726,981308,1536,1
7982,3859358,1172209,1536,1
7983,5707668,1729201,1536,1
7984,1360540,412029,1536,1
7985,1590366,481654,1536,1
7986,1455454,440781,1536,1
7987,2511820,760848,1536,1
7988,2509130,759868,1536,1
7989,1240446,376901,1536,1
7990,3606760,1093106,1536,1
7991,4114322,1246918,1536,1
7992,4692581,1421664,1536,1
7993,1294732,392477,1536,1
7994,1333862,404084,1536,1
7995,3014272,912958,1536,1
7996,1543140,467338,1536,1
7997,857004,259569,1536,1
7998,856188,259294,1536,1
7999,3624344,1097645,1536,1
8000,1309576,396689,1536,1
8001,1220600,369778,1536,1
8002,3095550,938298,1536,1
8003,1643924,497876,1536,1
8004,1887994,571742,1536,1
8005,2110972,639302,1536,1
8006,1224436,370834,1536,1
8007,2080892,630194,1536,1
8008,5688452,1722603,1536,1
8009,1561456,472905,1536,1
8010,3882424,1177413,1536,1
8011,8557292,2593000,1536,1
8012,1429880,433110,1536,1
8013,3940872,1194181,1536,1
8014,2784800,844913,1536,1
8015,6227016,1887599,1536,1
8016,942908,285603,1536,1
8017,5504800,1668496,1536,1
8018,2718822,823417,1536,1
8019,7383599,2236764,1536,1
8020,2006612,607751,1536,1
8021,4725926,1431271,1536,1
8022,2644602,800892,1536,1
8023,909956,275625,1536,1
8024,876576,265501,1536,1
8025,884052,267758,1536,1
8026,2040116,617931,1536,1
8027,2071798,627749,1536,1
8028,1836478,556292,1536,1
8029,1417760,429644,1536,1
8030,5509664,1669884,1536,1
8031,3448798,1044921,1536,1
8032,2388568,723926,1536,1
8033,1372786,415824,1536,1
8034,1513816,458489,1536,1
8035,846608,256421,1536,1
8036,1527524,462630,1536,1
8037,1662106,503357,1536,1
8038,4191872,1269417,1536,1
8039,2991144,905804,1536,1
8040,2002210,606360,1536,1
8041,1124898,340696,1536,1
8042,2618418,792955,1536,1
8043,1906110,577244,1536,1
8044,2086878,632368,1536,1
8045,2856088,865042,1536,1
8046,4056270,1228712,1536,1
8047,2784290,843182,1536,1
8048,1729664,523907,1536,1
8049,745910,225922,1536,1
8050,1106726,335274,1536,1
8051,1526892,462430,1536,1
8052,1026280,310836,1536,1
8053,1343592,406993,1536,1
8054,3299228,999942,1536,1
8055,1658272,502223,1536,1
8056,1000582,303042,1536,1
8057,1226026,371304,1536,1
8058,2056220,622783,1536,1
8059,1333450,403811,1536,1
8060,1015756,307629,1536,1
8061,4389827,1330382,1536,1
8062,2196636,665223,1536,1
8063,1231180,372877,1536,1
8064,1784070,540594,1536,1
8065,1316552,398734,1536,1
8066,769396,233045,1536,1
8067,2332530,706378,1536,1
8068,790346,239387,1536,1
8069,1078696,326702,1536,1
8070,1494604,452785,1536,1
8071,2290012,693608,1536,1
8072,4309950,1305394,1536,1
8073,671498,203385,1536,1
8074,667846,202273,1536,1
8075,8378840,2539003,1536,1
8076,2809836,851606,1536,1
8077,3850426,1167416,1536,1
8078,4453938,1350069,1536,1
8079,4262440,1291777,1536,1
8080,3349836,1015171,1536,1
8081,14465885,4383097,1536,1
8082,1521982,460970,1536,1
8083,2271012,688100,1536,1
8084,1294488,392124,1536,1
8085,1278456,387205,1536,1
8086,2409944,729806,1536,1
8087,2447418,741188,1536,1
8088,1874338,567934,1536,1
8089,12834157,3888841,1536,1
8090,5258560,1593672,1536,1
8091,2056544,622822,1536,1
8092,2579538,781172,1536,1
8093,998420,302518,1536,1
8094,1246492,377651,1536,1
8095,3255890,986469,1536,1
8096,1787424,541327,1536,1
8097,827470,250623,1536,1
8098,6295094,1906296,1536,1
8099,824276,249692,1536,1
8100,1208990,366172,1536,1
8101,2314926,701661,1536,1
8102,2813074,851984,1536,1
8103,808938,244985,1536,1
8104,1823796,552437,1536,1
8105,1148276,347779,1536,1
8106,1215134,368032,1536,1
8107,1787018,542451,1536,1
8108,1575232,477073,1536,1
8109,1841282,557636,1536,1
8110,2408706,729428,1536,1
8111,6454080,1955747,1536,1
8112,3959512,1199056,1536,1
8113,3942264,1194095,1536,1
8114,907626,274917,1536,1
8115,3385046,1034301,1536,1
8116,1333150,403756,1536,1
8117,1460512,442287,1536,1
8118,1000812,303139,1536,1
8119,809510,245183,1536,1
8120,1126448,341175,1536,1
8121,878412,266036,1536,1
8122,5485686,1661204,1536,1
8123,3002938,909955,1536,1
8124,2091714,633729,1536,1
8125,2320764,702823,1536,1
8126,1160140,351344,1536,1
8127,1381530,418428,1536,1
8128,3566248,1079968,1536,1
8129,1126538,341178,1536,1
8130,2674362,809895,1536,1
8131,2240244,678437,1536,1
8132,3692986,1118345,1536,1
8133,1467238,444361,1536,1
8134,1074498,325477,1536,1
8135,2538756,768907,1536,1
8136,1016678,308007,1536,1
8137,1356254,410739,1536,1
8138,5412392,1639958,1536,1
8139,1473026,446096,1536,1
8140,1359154,411632,1536,1
8141,1898010,574801,1536,1
8142,747884,226500,1536,1
8143,2132002,645630,1536,1
8144,3195944,967813,1536,1
8145,5901560,1787119,1536,1
8146,2309130,699417,1536,1
8147,5295332,1603796,1536,1
8148,1239870,375475,1536,1
8149,719810,218013,1536,1
8150,719978,218045,1536,1
8151,3915766,1186101,1536,1
8152,1035028,313484,1536,1
8153,1430078,433171,1536,1
8154,3550620,1075233,1536,1
8155,2166874,656302,1536,1
8156,741746,224657,1536,1
8157,1003812,304036,1536,1
8158,1594440,483520,1536,1
8159,1440814,436507,1536,1
8160,2427080,735010,1536,1
8161,2191311,664346,1536,1
8162,6436916,1949867,1536,1
8163,1445727,438591,1536,1
8164,1192494,361281,1536,1
8165,936708,283817,1536,1
8166,2083602,631203,1536,1
8167,3580435,1085585,1536,1
8168,796814,241334,1536,1
8169,1588230,481226,1536,1
8170,3815334,1156293,1536,1
8171,3552214,1076402,1536,1
8172,1404652,425397,1536,1
8173,2409806,729780,1536,1
8174,2808818,851224,1536,1
8175,1338912,405492,1536,1
8176,1066038,322879,1536,1
8177,1139922,345253,1536,1
8178,869106,263247,1536,1
8179,3612412,1096873,1536,1
8180,1109888,336412,1536,1
8181,2575140,780561,1536,1
8182,1715935,520216,1536,1
8183,5247012,1590199,1536,1
8184,1462700,443285,1536,1
8185,1484494,449780,1536,1
8186,3113052,943053,1536,1
8187,1556814,472053,1536,1
8188,1532696,464345,1536,1
8189,2365758,716656,1536,1
8190,1277530,386932,1536,1
8191,6394818,1937309,1536,1
8192,2377150,720080,1536,1
8193,1421400,430537,1536,1
8194,3035660,920071,1536,1
8195,10202283,3090612,1536,1
8196,1619658,490551,1536,1
8197,2986957,904929,1536,1
8198,1545148,467982,1536,1
8199,2723956,824926,1536,1
8200,1332252,403498,1536,1
8201,7219316,2188544,1536,1
8202,6576044,1992818,1536,1
8203,5519814,1671886,1536,1
8204,5761718,1744821,1536,1
8205,4323912,1309921,1536,1
8206,2038948,618503,1536,1
8207,3173374,961343,1536,1
8208,3371402,1021018,1536,1
8209,2916773,883793,1536,1
8210,2680738,812278,1536,1
8211,2339610,708624,1536,1
8212,1689650,512428,1536,1
8213,4725574,1433741,1536,1
8214,2622940,795007,1536,1
8215,3042176,921291,1536,1
8216,1786270,540997,1536,1
8217,1688646,512536,1536,1
8218,2540802,769636,1536,1
8219,8693650,2633955,1536,1
8220,4101319,1243068,1536,1
8221,4383390,1327547,1536,1
8222,1142114,345998,1536,1
8223,1824654,552601,1536,1
8224,4845712,1468932,1536,1
8225,2427670,735198,1536,1
8226,2605258,788971,1536,1
8227,4496702,1362836,1536,1
8228,1186528,359657,1536,1
8229,4905902,1486524,1536,1
8230,10098918,3059780,1536,1
8231,1378518,417608,1536,1
8232,1319380,399598,1536,1
8233,808744,244948,1536,1
8234,4364861,1322392,1536,1
8235,1328864,402478,1536,1
8236,2106906,638101,1536,1
8237,1517084,459535,1536,1
8238,1658582,502296,1536,1
8239,1563092,475193,1536,1
8240,6762398,2048701,1536,1
8241,2242956,680043,1536,1
8242,974702,295226,1536,1
8243,3133158,948883,1536,1
8244,1588006,480940,1536,1
8245,3029829,918412,1536,1
8246,1116554,338163,1536,1
8247,1858886,563228,1536,1
8248,1284954,389190,1536,1
8249,4959070,1502618,1536,1
8250,7148928,2166632,1536,1
8251,1120528,339364,1536,1
8252,2418974,732570,1536,1
8253,2922884,886579,1536,1
8254,2203338,667611,1536,1
8255,1530640,463569,1536,1
8256,1162686,352841,1536,1
8257,1682524,510495,1536,1
8258,1326330,401711,1536,1
8259,805060,243836,1536,1
8260,3669448,1112205,1536,1
8261,3991454,1210464,1536,1
8262,5493116,1664121,1536,1
8263,1403350,425285,1536,1
8264,1210356,367261,1536,1
8265,3385226,1025792,1536,1
8266,2743828,831284,1536,1
8267,1082117,328080,1536,1
8268,837600,253723,1536,1
8269,2876664,872007,1536,1
8270,1206762,365747,1536,1
8271,2430408,736161,1536,1
8272,4120738,1250196,1536,1
8273,2038974,617521,1536,1
8274,2663604,806755,1536,1
8275,1820448,551424,1536,1
8276,1421206,430797,1536,1
8277,1201878,364012,1536,1
8278,1460720,442405,1536,1
8279,2506304,759740,1536,1
8280,2525062,764716,1536,1
8281,11158022,3380657,1536,1
8282,4855004,1470978,1536,1
8283,2091994,633553,1536,1
8284,2609083,791059,1536,1
8285,4603438,1394616,1536,1
8286,1074398,325421,1536,1
8287,5665626,1716114,1536,1
8288,4757796,1440802,1536,1
8289,3159274,956737,1536,1
8290,1005571,305110,1536,1
8291,2385396,722900,1536,1
8292,1226604,371485,1536,1
8293,906914,274676,1536,1
8294,2168110,657403,1536,1
8295,3443100,1044039,1536,1
8296,1346278,407750,1536,1
8297,6334045,1919808,1536,1
8298,2510044,760286,1536,1
8299,1399802,423962,1536,1
8300,4265348,1294068,1536,1
8301,1267760,384125,1536,1
8302,1344468,407242,1536,1
8303,6874082,2086170,1536,1
8304,1473578,446330,1536,1
8305,1405636,425729,1536,1
8306,5615224,1701492,1536,1
8307,3786176,1147251,1536,1
8308,1894340,573722,1536,1
8309,12458352,3774361,1536,1
8310,2273956,689314,1536,1
8311,5645720,1710991,1536,1
8312,2359348,714514,1536,1
8313,1213470,367529,1536,1
8314,954122,288996,1536,1
8315,3642770,1105633,1536,1
8316,1969330,596883,1536,1
8317,12987238,3934582,1536,1
8318,1776983,538568,1536,1
8319,2087180,632474,1536,1
8320,1652928,501030,1536,1
8321,4914954,1489807,1536,1
8322,3594814,1089027,1536,1
8323,8218606,2488971,1536,1
8324,3037522,919957,1536,1
8325,3721050,1128173,1536,1
8326,1417114,429199,1536,1
8327,1961049,594312,1536,1
8328,6151568,1863649,1536,1
8329,6113745,1852203,1536,1
8330,4651524,1409883,1536,1
8331,1908712,578128,1536,1
8332,6810080,2063715,1536,1
8333,4582546,1389107,1536,1
8334,2783460,843968,1536,1
8335,1614866,489042,1536,1
8336,904736,274013,1536,1
8337,2506036,759216,1536,1
8338,4224507,1280390,1536,1
8339,1359540,411764,1536,1
8340,906436,274541,1536,1
8341,1621732,491116,1536,1
8342,3704824,1123022,1536,1
8343,1636418,495597,1536,1
8344,3099642,938861,1536,1
8345,2084456,631908,1536,1
8346,1997636,604960,1536,1
8347,827518,250642,1536,1
8348,3266250,989702,1536,1
8349,3440922,1042023,1536,1
8350,2400000,726819,1536,1
8351,1966642,595669,1536,1
8352,1861006,563885,1536,1
8353,1068944,323743,1536,1
8354,6287726,1905659,1536,1
8355,7354122,2228194,1536,1
8356,3224503,977908,1536,1
8357,3035423,919524,1536,1
8358,7187776,2177595,1536,1
8359,2042286,618508,1536,1
8360,7002232,2122228,1536,1
8361,4927034,1493207,1536,1
8362,10660052,3230374,1536,1
8363,3244328,983793,1536,1
8364,3405018,1031562,1536,1
8365,4109874,1245066,1536,1
8366,2156558,653115,1536,1
8367,1879598,569241,1536,1
8368,1637262,496352,1536,1
8369,4375856,1325640,1536,1
8370,3528080,1068789,1536,1
8371,3446454,1043667,1536,1
8372,1109814,336732,1536,1
8373,1025436,310592,1536,1
8374,3792370,1148449,1536,1
8375,911768,276155,1536,1
8376,1267324,383797,1536,1
8377,2770634,840052,1536,1
8378,1211164,366865,1536,1
8379,7438454,2254992,1536,1
8380,3905288,1184434,1536,1
8381,9560276,2896042,1536,1
8382,2842139,861172,1536,1
8383,1179446,357212,1536,1
8384,5701190,1726879,1536,1
8385,2452354,742956,1536,1
8386,2659314,805371,1536,1
8387,1649722,499684,1536,1
8388,1676720,507809,1536,1
8389,1210634,366780,1536,1
8390,4399806,1340701,1536,1
8391,2936114,890181,1536,1
8392,2664864,807910,1536,1
8393,827450,250591,1536,1
8394,1455718,440866,1536,1
8395,6605660,2087418,1536,1
8396,2149962,652285,1536,1
8397,4148174,1257299,1536,1
8398,1558652,473224,1536,1
8399,3599810,1090908,1536,1
8400,1425382,432278,1536,1
8401,8964637,2718264,1536,1
8402,4546964,1377353,1536,1
8403,1847568,559838,1536,1
8404,1885408,571208,1536,1
8405,6452608,1957456,1536,1
8406,2219084,672283,1536,1
8407,1889720,573149,1536,1
8408,3710394,1124741,1536,1
8409,7935442,2403944,1536,1
8410,5684373,1721791,1536,1
8411,1025562,310651,1536,1
8412,2446108,740785,1536,1
8413,3038442,920260,1536,1
8414,920508,278817,1536,1
8415,2742130,830381,1536,1
8416,954988,289259,1536,1
8417,964354,292095,1536,1
8418,5390556,1632466,1536,1
8419,8338038,2526608,1536,1
8420,5539474,1678614,1536,1
8421,3602260,1091861,1536,1
8422,1303702,394855,1536,1
8423,1181056,357692,1536,1
8424,877524,265780,1536,1
8425,2789570,844776,1536,1
8426,1193338,361487,1536,1
8427,1203484,364499,1536,1
8428,3257506,986486,1536,1
8429,1889168,572118,1536,1
8430,829232,251155,1536,1
8431,2908314,880825,1536,1
8432,4004036,1212624,1536,1
8433,1636408,495956,1536,1
8434,878330,266044,1536,1
8435,1379296,417724,1536,1
8436,1451512,439590,1536,1
8437,1594978,483129,1536,1
8438,1200878,363715,1536,1
8439,973348,294817,1536,1
8440,6985170,2115893,1536,1
8441,2589636,784475,1536,1
8442,3807498,1153027,1536,1
8443,1722114,521535,1536,1
8444,854894,258929,1536,1
8445,2085606,631625,1536,1
8446,2922058,884908,1536,1
8447,3580580,1084312,1536,1
8448,1429208,432855,1536,1
8449,10435958,3162630,1536,1
8450,1780942,540725,1536,1
8451,2787896,844353,1536,1
8452,1160042,351332,1536,1
8453,810492,245476,1536,1
8454,871456,263959,1536,1
8455,2855950,864884,1536,1
8456,2247892,680749,1536,1
8457,3947844,1196548,1536,1
8458,1192486,361153,1536,1
8459,7618277,2308186,1536,1
8460,2171153,658597,1536,1
8461,1964070,595118,1536,1
8462,3551418,1076116,1536,1
8463,1335614,404525,1536,1
8464,6306666,1911282,1536,1
8465,1189774,360339,1536,1
8466,5339810,1618691,1536,1
8467,1912552,580295,1536,1
8468,1947300,590219,1536,1
8469,2587044,783461,1536,1
8470,3369454,1023043,1536,1
8471,2745548,831434,1536,1
8472,858698,260077,1536,1
8473,3398968,1029301,1536,1
8474,2236898,677434,1536,1
8475,2032388,615501,1536,1
8476,1305978,395763,1536,1
8477,2038420,617350,1536,1
8478,1297698,393033,1536,1
8479,1520268,460409,1536,1
8480,856548,259580,1536,1
8481,1573876,476767,1536,1
8482,1214570,367859,1536,1
8483,2822926,856626,1536,1
8484,1981240,600896,1536,1
8485,2823459,856502,1536,1
8486,1107756,335524,1536,1
8487,3249608,984501,1536,1
8488,2762036,836749,1536,1
8489,809574,245200,1536,1
8490,3791456,1148166,1536,1
8491,830912,251664,1536,1
8492,2519312,763085,1536,1
8493,2034884,617026,1536,1
8494,1159008,351035,1536,1
8495,1673820,506905,1536,1
8496,1587360,480742,1536,1
8497,1788534,541661,1536,1
8498,1848066,559691,1536,1
8499,1138950,344927,1536,1
8500,1917694,580942,1536,1
8501,1444488,437591,1536,1
8502,2994166,906739,1536,1
8503,860472,260637,1536,1
8504,2228178,674802,1536,1
8505,1605378,486348,1536,1
8506,2958574,896053,1536,1
8507,782938,237135,1536,1
8508,925992,281298,1536,1
8509,2116004,640823,1536,1
8510,1481908,448886,1536,1
8511,2181786,660743,1536,1
8512,952432,288493,1536,1
8513,803832,243468,1536,1
8514,5350880,1620955,1536,1
8515,1275432,386295,1536,1
8516,1550730,469652,1536,1
8517,3871214,1172939,1536,1
8518,894376,270910,1536,1
8519,878010,265929,1536,1
8520,4368844,1323014,1536,1
8521,1992958,603550,1536,1
8522,1602794,485424,1536,1
8523,967220,292964,1536,1
8524,2771916,839464,1536,1
8525,4834520,1464023,1536,1
8526,2280292,691911,1536,1
8527,1721546,521974,1536,1
8528,5103532,1545660,1536,1
8529,1255394,380238,1536,1
8530,875098,265035,1536,1
8531,1967390,595986,1536,1
8532,881738,267059,1536,1
8533,2307022,698649,1536,1
8534,1544026,468122,1536,1
8535,5828854,1765969,1536,1
8536,1401442,424453,1536,1
8537,1788366,541609,1536,1
8538,801170,242646,1536,1
8539,801206,242669,1536,1
8540,1443672,437231,1536,1
8541,1529052,463084,1536,1
8542,3586176,1087044,1536,1
8543,2097458,635203,1536,1
8544,1247612,377837,1536,1
8545,2755762,835748,1536,1
8546,3585102,1085670,1536,1
8547,1804244,546410,1536,1
8548,1601356,484956,1536,1
8549,1697656,514133,1536,1
8550,3758144,1138065,1536,1
8551,775492,234896,1536,1
8552,1066512,323003,1536,1
8553,2749808,832756,1536,1
8554,3427548,1037964,1536,1
8555,723434,219113,1536,1
8556,1225096,371037,1536,1
8557,3869860,1173647,1536,1
8558,1008996,305765,1536,1
8559,1032490,313044,1536,1
8560,2997416,910834,1536,1
8561,2120092,642188,1536,1
8562,4708035,1427072,1536,1
8563,3623990,1098415,1536,1
8564,1680349,509256,1536,1
8565,3074564,931339,1536,1
8566,1220808,369743,1536,1
8567,5327082,1613730,1536,1
8568,4946666,1499198,1536,1
8569,4447336,1347277,1536,1
8570,3918074,1187341,1536,1
8571,4991482,1511777,1536,1
8572,4830674,1462895,1536,1
8573,2922394,886002,1536,1
8574,3446602,1044987,1536,1
8575,4782103,1448965,1536,1
8576,3058379,926686,1536,1
8577,1581653,479535,1536,1
8578,13798125,4179745,1536,1
8579,3795932,1158340,1536,1
8580,6148994,1862955,1536,1
8581,1599562,484443,1536,1
8582,4156674,1258764,1536,1
8583,842220,255106,1536,1
8584,831040,251705,1536,1
8585,822566,249136,1536,1
8586,1451490,439600,1536,1
8587,1684496,510113,1536,1
8588,6566106,1988358,1536,1
8589,3185863,968288,1536,1
8590,1059468,320964,1536,1
8591,5500082,1665681,1536,1
8592,3582494,1085059,1536,1
8593,5166856,1566101,1536,1
8594,1027422,311435,1536,1
8595,1942208,588150,1536,1
8596,1745614,528660,1536,1
8597,2916580,883498,1536,1
8598,1989822,602602,1536,1
8599,982236,297480,1536,1
8600,854270,258748,1536,1
8601,2201768,666931,1536,1
8602,4276460,1295210,1536,1
8603,3021374,915935,1536,1
8604,1777374,538409,1536,1
8605,5623396,1704523,1536,1
8606,1026572,310922,1536,1
8607,1919736,581376,1536,1
8608,702872,212886,1536,1
8609,3461608,1048352,1536,1
8610,2375684,719433,1536,1
8611,1396914,423070,1536,1
8612,3499822,1059850,1536,1
8613,2189034,663233,1536,1
8614,3917816,1186605,1536,1
8615,2238520,678437,1536,1
8616,2058870,623554,1536,1
8617,1620202,490682,1536,1
8618,3485118,1057210,1536,1
8619,1334774,404253,1536,1
8620,2390616,723972,1536,1
8621,3025422,916197,1536,1
8622,4187478,1268083,1536,1
8623,1686044,510622,1536,1
8624,1617514,489872,1536,1
8625,1333036,403686,1536,1
8626,1864882,564756,1536,1
8627,4376644,1325367,1536,1
8628,1433826,434229,1536,1
8629,1130690,342449,1536,1
8630,3241134,981519,1536,1
8631,3311477,1003852,1536,1
8632,2772818,840073,1536,1
8633,2559826,775346,1536,1
8634,2124080,643343,1536,1
8635,1927424,584151,1536,1
8636,3034156,919530,1536,1
8637,1816442,550166,1536,1
8638,3714188,1125290,1536,1
8639,1521892,460879,1536,1
8640,7651174,2316931,1536,1
8641,1170196,354422,1536,1
8642,1423352,431121,1536,1
8643,1500860,454560,1536,1
8644,2875954,870949,1536,1
8645,3994188,1209747,1536,1
8646,807898,244791,1536,1
8647,1723976,522115,1536,1
8648,2666316,807469,1536,1
8649,3090988,936016,1536,1
8650,1117438,338492,1536,1
8651,2149503,651822,1536,1
8652,2558404,774742,1536,1
8653,832324,252109,1536,1
8654,780224,236332,1536,1
8655,2230034,675375,1536,1
8656,1422520,430826,1536,1
8657,1116936,338274,1536,1
8658,782280,236937,1536,1
8659,2150902,651389,1536,1
8660,2785922,843711,1536,1
8661,2938134,889841,1536,1
8662,2128394,645363,1536,1
8663,7620562,2308900,1536,1
8664,4244064,1285929,1536,1
8665,5149932,1559552,1536,1
8666,10577606,3205207,1536,1
8667,5974264,1810677,1536,1
8668,2150308,651309,1536,1
8669,4565420,1383800,1536,1
8670,1833149,555716,1536,1
8671,1563311,474053,1536,1
8672,3870912,1172524,1536,1
8673,11165069,3382605,1536,1
8674,3641956,1102917,1536,1
8675,1267392,383896,1536,1
8676,1501562,454802,1536,1
8677,5243882,1589037,1536,1
8678,2832220,858921,1536,1
8679,5214346,1579211,1536,1
8680,2346840,711333,1536,1
8681,2071410,628175,1536,1
8682,2477506,750522,1536,1
8683,7697924,2332197,1536,1
8684,1251832,379128,1536,1
8685,4523884,1372586,1536,1
8686,1992552,603814,1536,1
8687,1399590,424010,1536,1
8688,1491498,452011,1536,1
8689,1454632,440656,1536,1
8690,17945955,5436345,1536,1
8691,959604,290672,1536,1
8692,3443442,1043488,1536,1
8693,8809641,2668982,1536,1
8694,6927760,2098495,1536,1
8695,2017996,611933,1536,1
8696,1290680,390931,1536,1
8697,2010856,609091,1536,1
8698,3628788,1099539,1536,1
8699,6117320,1853208,1536,1
8700,5238760,1587214,1536,1
8701,4670387,1415157,1536,1
8702,2702904,819360,1536,1
8703,2208466,668896,1536,1
8704,3490484,1057125,1536,1
8705,1702360,515561,1536,1
8706,2698546,817309,1536,1
8707,8187117,2480065,1536,1
8708,3127120,947043,1536,1
8709,1341602,406337,1536,1
8710,4050298,1226674,1536,1
8711,2234246,676830,1536,1
8712,2721386,825129,1536,1
8713,7202194,2182001,1536,1
8714,1754776,531459,1536,1
8715,3555372,1076685,1536,1
8716,2581738,781855,1536,1
8717,8021361,2430465,1536,1
8718,1250232,378661,1536,1
8719,883590,267638,1536,1
8720,1209984,366474,1536,1
8721,6189500,1874556,1536,1
8722,3080772,932966,1536,1
8723,2408918,730181,1536,1
8724,1216054,368308,1536,1
8725,5754878,1745530,1536,1
8726,6505566,1971159,1536,1
8727,6382022,1933739,1536,1
8728,1213288,367476,1536,1
8729,1208076,365899,1536,1
8730,5408664,1640010,1536,1
8731,4260158,1290895,1536,1
8732,1830020,554233,1536,1
8733,908780,275494,1536,1
8734,861248,260879,1536,1
8735,4225980,1280850,1536,1
8736,2729926,827213,1536,1
8737,1221326,370007,1536,1
8738,11158920,3380975,1536,1
8739,2684310,813143,1536,1
8740,1750684,530305,1536,1
8741,2460028,745039,1536,1
8742,3261570,989025,1536,1
8743,2723490,825912,1536,1
8744,3895319,1180401,1536,1
8745,1909400,578267,1536,1
8746,1704832,516320,1536,1
8747,1897206,574641,1536,1
8748,2952913,896031,1536,1
8749,3146440,953570,1536,1
8750,1512242,458035,1536,1
8751,4078180,1236109,1536,1
8752,6931386,2099494,1536,1
8753,7653112,2318834,1536,1
8754,1288258,390724,1536,1
8755,4571492,1385277,1536,1
8756,8801142,2666510,1536,1
8757,3205986,972036,1536,1
8758,1167738,353679,1536,1
8759,1369708,414818,1536,1
8760,3313428,1003471,1536,1
8761,2757886,835171,1536,1
8762,2059704,623773,1536,1
8763,3440920,1042001,1536,1
8764,1937020,586627,1536,1
8765,1201318,363848,1536,1
8766,3130632,948776,1536,1
8767,2734760,828499,1536,1
8768,5414030,1640089,1536,1
8769,854306,258751,1536,1
8770,2525784,764914,1536,1
8771,1688412,511362,1536,1
8772,1602128,485202,1536,1
8773,2101852,636722,1536,1
8774,2385006,722267,1536,1
8775,2313844,701964,1536,1
8776,4380699,1327386,1536,1
8777,909004,275319,1536,1
8778,1702480,516102,1536,1
8779,2866802,868224,1536,1
8780,1293984,392034,1536,1
8781,1418510,429998,1536,1
8782,1136368,344195,1536,1
8783,977632,296118,1536,1
8784,1180882,357709,1536,1
8785,5087668,1542287,1536,1
8786,1327596,402092,1536,1
8787,1832476,555379,1536,1
8788,2495660,755796,1536,1
8789,3348248,1014064,1536,1
8790,884472,267887,1536,1
8791,1244860,378796,1536,1
8792,3042195,922579,1536,1
8793,908086,275044,1536,1
8794,5598373,1695981,1536,1
8795,1228210,371993,1536,1
8796,899560,272453,1536,1
8797,846280,256321,1536,1
8798,1273572,385728,1536,1
8799,1313558,397883,1536,1
8800,1122278,340131,1536,1
8801,4756120,1454155,1536,1
8802,3479536,1054465,1536,1
8803,1076758,326365,1536,1
8804,2226202,674308,1536,1
8805,2395726,725642,1536,1
8806,1412214,427799,1536,1
8807,8470034,2565670,1536,1
8808,2388456,724175,1536,1
8809,8899482,2695172,1536,1
8810,7786172,2358608,1536,1
8811,2822180,854657,1536,1
8812,2402444,727530,1536,1
8813,7189114,2177350,1536,1
8814,2509534,759987,1536,1
8815,810556,245502,1536,1
8816,1199456,363278,1536,1
8817,1049860,317962,1536,1
8818,2829684,857259,1536,1
8819,1799318,544978,1536,1
8820,1365824,413674,1536,1
8821,1437052,435228,1536,1
8822,1684444,510238,1536,1
8823,5380576,1629905,1536,1
8824,2003064,607121,1536,1
8825,3871892,1173128,1536,1
8826,2444908,740471,1536,1
8827,1354676,410329,1536,1
8828,1319976,399775,1536,1
8829,3384720,1025026,1536,1
8830,4232704,1281907,1536,1
8831,2336112,707480,1536,1
8832,6245412,1891603,1536,1
8833,2374656,719654,1536,1
8834,1374742,416336,1536,1
8835,2507106,759232,1536,1
8836,2054268,622824,1536,1
8837,2032942,615738,1536,1
8838,806770,244377,1536,1
8839,1492458,451983,1536,1
8840,3667010,1110482,1536,1
8841,1402834,424892,1536,1
8842,785940,238047,1536,1
8843,1156808,350366,1536,1
8844,1176726,356796,1536,1
8845,1373930,416094,1536,1
8846,1090984,330429,1536,1
8847,776554,235203,1536,1
8848,1204762,364875,1536,1
8849,1074816,325629,1536,1
8850,1989692,602551,1536,1
8851,2121129,643478,1536,1
8852,3482688,1055862,1536,1
8853,1949536,590405,1536,1
8854,2149352,651122,1536,1
8855,2355984,714452,1536,1
8856,1736196,525814,1536,1
8857,2032762,615615,1536,1
8858,1269890,384625,1536,1
8859,1190346,360521,1536,1
8860,1186524,359446,1536,1
8861,2119528,642170,1536,1
8862,3031940,918170,1536,1
8863,1925384,583201,1536,1
8864,1245144,377944,1536,1
8865,2238000,677764,1536,1
8866,1544790,467850,1536,1
8867,805822,244063,1536,1
8868,2156308,653021,1536,1
8869,821414,248804,1536,1
8870,1359752,411804,1536,1
8871,1086180,328937,1536,1
8872,2569752,778365,1536,1
8873,1938762,587149,1536,1
8874,5134168,1555984,1536,1
8875,1341898,406411,1536,1
8876,785926,238038,1536,1
8877,1193270,361524,1536,1
8878,1933668,585827,1536,1
8879,765796,231943,1536,1
8880,1711894,518451,1536,1
8881,759622,230073,1536,1
8882,3074270,930990,1536,1
8883,5747020,1740867,1536,1
8884,1685222,510359,1536,1
8885,1093336,331113,1536,1
8886,2042292,618497,1536,1
8887,2473650,749115,1536,1
8888,781160,236596,1536,1
8889,1126566,341189,1536,1
8890,2769576,838819,1536,1
8891,1194326,361728,1536,1
8892,1583380,479532,1536,1
8893,4302136,1303213,1536,1
8894,1688396,511425,1536,1
8895,6733944,2039269,1536,1
8896,4226594,1280210,1536,1
8897,1487186,450446,1536,1
8898,5014876,1519235,1536,1
8899,1900092,575438,1536,1
8900,1389132,420671,1536,1
8901,1476980,447316,1536,1
8902,1024684,310335,1536,1
8903,1027246,311113,1536,1
8904,2104840,638313,1536,1
8905,3115914,943695,1536,1
8906,1960250,593636,1536,1
8907,5117748,1551053,1536,1
8908,1089766,330058,1536,1
8909,3266446,989180,1536,1
8910,3676932,1114424,1536,1
8911,4737444,1434654,1536,1
8912,2487738,753974,1536,1
8913,1250540,378743,1536,1
8914,769578,233091,1536,1
8915,1535254,465370,1536,1
8916,2696894,817594,1536,1
8917,2057560,623703,1536,1
8918,2581858,783840,1536,1
8919,3752389,1136747,1536,1
8920,4545667,1377070,1536,1
8921,3229467,978451,1536,1
8922,853208,258422,1536,1
8923,2143672,649611,1536,1
8924,6945450,2103315,1536,1
8925,1903172,576382,1536,1
8926,1867558,565656,1536,1
8927,3661058,1108788,1536,1
8928,2235386,677286,1536,1
8929,1601390,485002,1536,1
8930,2396686,726735,1536,1
8931,4173540,1263893,1536,1
8932,1586236,480391,1536,1
8933,901426,272995,1536,1
8934,1408188,427080,1536,1
8935,8249578,2499683,1536,1
8936,2715755,823181,1536,1
8937,2402970,728290,1536,1
8938,2698852,817400,1536,1
8939,3306490,1002385,1536,1
8940,2698156,818350,1536,1
8941,1863086,564243,1536,1
8942,2937514,889605,1536,1
8943,1736534,525924,1536,1
8944,2007142,609028,1536,1
8945,1990676,603419,1536,1
8946,2307282,699693,1536,1
8947,2015568,611470,1536,1
8948,6860866,2080714,1536,1
8949,2502020,757719,1536,1
8950,938112,284154,1536,1
8951,2597930,786762,1536,1
8952,6029956,1826531,1536,1
8953,3647688,1105117,1536,1
8954,2002618,606508,1536,1
8955,2181520,663315,1536,1
8956,1043586,316150,1536,1
8957,882114,267193,1536,1
8958,846434,256379,1536,1
8959,5210934,1579076,1536,1
8960,1505396,455935,1536,1
8961,2485060,752594,1536,1
8962,2114326,641281,1536,1
8963,2298780,697065,1536,1
8964,2278916,690273,1536,1
8965,2275106,689500,1536,1
8966,996848,302054,1536,1
8967,4415634,1337412,1536,1
8968,3358560,1017567,1536,1
8969,7411204,2244794,1536,1
8970,2773672,840082,1536,1
8971,1523712,461455,1536,1
8972,1223110,370470,1536,1
8973,1646850,498753,1536,1
8974,2253454,682767,1536,1
8975,1610506,487775,1536,1
8976,1535232,464986,1536,1
8977,1570618,475660,1536,1
8978,4157140,1259091,1536,1
8979,875578,265216,1536,1
8980,2234380,676815,1536,1
8981,11352422,3439624,1536,1
8982,1345914,408126,1536,1
8983,2628698,796601,1536,1
8984,7610930,2305058,1536,1
8985,2868558,868749,1536,1
8986,3150174,954672,1536,1
8987,2283600,691584,1536,1
8988,1907228,577928,1536,1
8989,1425682,431857,1536,1
8990,1082454,327873,1536,1
8991,1363186,414038,1536,1
8992,5347527,1620495,1536,1
8993,7799552,2363117,1536,1
8994,1544554,467983,1536,1
8995,8111042,2457505,1536,1
8996,1378124,417766,1536,1
8997,2588580,784007,1536,1
8998,3333112,1009788,1536,1
8999,3763402,1140263,1536,1
9000,6500880,1971733,1536,1
9001,1950826,592452,1536,1
9002,1399268,423842,1536,1
9003,31846669,9646161,1536,1
9004,2955476,895163,1536,1
9005,11665874,3542956,1536,1
9006,2677584,811693,1536,1
9007,2405534,728500,1536,1
9008,1421910,430645,1536,1
9009,852454,258187,1536,1
9010,2360926,715396,1536,1
9011,3016154,914208,1536,1
9012,2693248,815636,1536,1
9013,1622700,492330,1536,1
9014,6551062,1984503,1536,1
9015,2527850,766040,1536,1
9016,2593982,785570,1536,1
9017,885226,268146,1536,1
9018,2145615,650430,1536,1
9019,945892,286504,1536,1
9020,3149068,953978,1536,1
9021,2092266,633615,1536,1
9022,849526,257306,1536,1
9023,1220848,369762,1536,1
9024,3756174,1137488,1536,1
9025,1176194,356219,1536,1
9026,822224,249083,1536,1
9027,1885174,571097,1536,1
9028,884546,267926,1536,1
9029,921562,279141,1536,1
9030,3073136,930656,1536,1
9031,5903288,1789015,1536,1
9032,10111959,3063849,1536,1
9033,1592892,482401,1536,1
9034,3576438,1083782,1536,1
9035,3368022,1019956,1536,1
9036,849496,257291,1536,1
9037,1862404,564133,1536,1
9038,2090550,633136,1536,1
9039,1123028,340138,1536,1
9040,1587780,480872,1536,1
9041,1371024,415884,1536,1
9042,2873716,872078,1536,1
9043,5702700,1727701,1536,1
9044,1008788,305532,1536,1
9045,4378024,1326843,1536,1
9046,1325334,401715,1536,1
9047,1234394,374585,1536,1
9048,3024640,916976,1536,1
9049,1543608,467607,1536,1
9050,6648980,2015003,1536,1
9051,3462378,1048982,1536,1
9052,2600443,787807,1536,1
9053,8100137,2455522,1536,1
9054,1578990,478512,1536,1
9055,887438,268797,1536,1
9056,2348076,711101,1536,1
9057,3953324,1198599,1536,1
9058,4790500,1452098,1536,1
9059,4976408,1507068,1536,1
9060,2468064,747433,1536,1
9061,1857534,562542,1536,1
9062,2190256,663311,1536,1
9063,1389552,420884,1536,1
9064,951430,288181,1536,1
9065,4326461,1311516,1536,1
9066,2088084,633282,1536,1
9067,4539665,1375627,1536,1
9068,4625000,1400575,1536,1
9069,2284788,692963,1536,1
9070,4690565,1421289,1536,1
9071,957052,289882,1536,1
9072,1558374,471969,1536,1
9073,1444724,437582,1536,1
9074,839938,254438,1536,1
9075,2128760,644692,1536,1
9076,2375404,719450,1536,1
9077,1638534,496257,1536,1
9078,1801480,545746,1536,1
9079,1337580,405118,1536,1
9080,2551938,773806,1536,1
9081,1178074,357330,1536,1
9082,832474,252224,1536,1
9083,4177393,1266499,1536,1
9084,7638416,2314449,1536,1
9085,1621499,492383,1536,1
9086,1663454,504017,1536,1
9087,1197978,362853,1536,1
9088,7130383,2161762,1536,1
9089,11433026,3465012,1536,1
9090,2211856,671083,1536,1
9091,5782432,1751821,1536,1
9092,3054228,924976,1536,1
9093,5399492,1636586,1536,1
9094,3547140,1074385,1536,1
9095,1365121,414041,1536,1
9096,2166212,656462,1536,1
9097,4819084,1460925,1536,1
9098,4096420,1240589,1536,1
9099,2932192,888150,1536,1
9100,2975954,902648,1536,1
9101,2977182,905461,1536,1
9102,1262062,382735,1536,1
9103,2469078,748695,1536,1
9104,12584376,3812638,1536,1
9105,11988532,3631795,1536,1
9106,2923522,886013,1536,1
9107,2139238,647919,1536,1
9108,2512618,761955,1536,1
9109,3825676,1159649,1536,1
9110,4846546,1468580,1536,1
9111,1528536,462966,1536,1
9112,3967812,1201879,1536,1
9113,4622600,1400418,1536,1
9114,2117260,641725,1536,1
9115,1502404,455139,1536,1
9116,3584762,1086381,1536,1
9117,2389500,723631,1536,1
9118,2039966,617785,1536,1
9119,3898400,1181651,1536,1
9120,2710504,821448,1536,1
9121,6855990,2076959,1536,1
9122,2685104,814151,1536,1
9123,2056028,622650,1536,1
9124,3084892,934317,1536,1
9125,2977908,903507,1536,1
9126,4960614,1503117,1536,1
9127,2540064,769244,1536,1
9128,6907726,2093279,1536,1
9129,15527561,4703879,1536,1
9130,1410508,427225,1536,1
9131,1637178,496199,1536,1
9132,2172014,658852,1536,1
9133,1471706,445786,1536,1
9134,1297360,392937,1536,1
9135,2243382,680207,1536,1
9136,2949142,894208,1536,1
9137,1475652,446930,1536,1
9138,2791334,845413,1536,1
9139,2259930,687060,1536,1
9140,2197346,666865,1536,1
9141,2899508,878354,1536,1
9142,3064854,928153,1536,1
9143,2803446,848997,1536,1
9144,2216634,671282,1536,1
9145,935852,283466,1536,1
9146,1597744,483874,1536,1
9147,3225750,976873,1536,1
9148,1215448,368111,1536,1
9149,1598310,484366,1536,1
9150,4163707,1262239,1536,1
9151,957204,289934,1536,1
9152,1672418,506967,1536,1
9153,2725196,825322,1536,1
9154,3021164,915563,1536,1
9155,1463770,443448,1536,1
9156,923468,279701,1536,1
9157,1604932,486023,1536,1
9158,3478108,1053277,1536,1
9159,1480814,448467,1536,1
9160,1179770,357305,1536,1
9161,3928326,1189615,1536,1
9162,4467814,1352980,1536,1
9163,1637924,496037,1536,1
9164,3040278,920731,1536,1
9165,2351184,712111,1536,1
9166,1535638,465082,1536,1
9167,2005222,607277,1536,1
9168,1980310,600446,1536,1
9169,1337384,405054,1536,1
9170,1162914,352201,1536,1
9171,8767832,2655521,1536,1
9172,2377534,720027,1536,1
9173,4577042,1386844,1536,1
9174,2891494,876137,1536,1
9175,1727614,523289,1536,1
9176,1404830,425546,1536,1
9177,781920,236829,1536,1
9178,2485348,752660,1536,1
9179,1377076,417046,1536,1
9180,1522536,461092,1536,1
9181,2526658,765168,1536,1
9182,763668,231301,1536,1
9183,1170050,354375,1536,1
9184,1790126,542156,1536,1
9185,1511174,457671,1536,1
9186,761668,230710,1536,1
9187,1265450,383259,1536,1
9188,740230,224178,1536,1
9189,2377458,719989,1536,1
9190,3569220,1080863,1536,1
9191,764448,231550,1536,1
9192,4889322,1480675,1536,1
9193,1216048,368283,1536,1
9194,2125524,643658,1536,1
9195,1691714,512686,1536,1
9196,1411896,427616,1536,1
9197,4120426,1248329,1536,1
9198,2120142,642066,1536,1
9199,1070492,324230,1536,1
9200,2677974,811622,1536,1
9201,722270,218751,1536,1
9202,3425608,1038647,1536,1
9203,1442674,436929,1536,1
9204,1998370,605154,1536,1
9205,1139236,345045,1536,1
9206,793090,240212,1536,1
9207,3008754,911341,1536,1
9208,2801718,848465,1536,1
9209,806024,244140,1536,1
9210,1456980,441267,1536,1
9211,1193174,361363,1536,1
9212,4485388,1358495,1536,1
9213,2666254,808312,1536,1
9214,1234428,373836,1536,1
9215,825424,249991,1536,1
9216,2547530,771488,1536,1
9217,1842424,557965,1536,1
9218,1893888,573902,1536,1
9219,2649906,803327,1536,1
9220,3243116,982180,1536,1
9221,903126,273537,1536,1
9222,1204226,364717,1536,1
9223,1185460,359055,1536,1
9224,2151608,652228,1536,1
9225,1537928,466064,1536,1
9226,1353182,409981,1536,1
9227,1580816,478736,1536,1
9228,5705549,1732042,1536,1
9229,3619324,1096055,1536,1
9230,2036582,616737,1536,1
9231,1213722,367690,1536,1
9232,1730334,524049,1536,1
9233,3603272,1091534,1536,1
9234,1315950,398706,1536,1
9235,1216680,370004,1536,1
9236,2846822,862306,1536,1
9237,3038712,920232,1536,1
9238,1487104,450392,1536,1
9239,3199498,968922,1536,1
9240,3496016,1059771,1536,1
9241,2932866,888307,1536,1
9242,1063870,322228,1536,1
9243,999124,302695,1536,1
9244,2792466,845666,1536,1
9245,5069075,1537837,1536,1
9246,1430654,433273,1536,1
9247,1142148,345913,1536,1
9248,827350,250588,1536,1
9249,1471230,445535,1536,1
9250,1145844,347028,1536,1
9251,1994242,603959,1536,1
9252,2517832,762725,1536,1
9253,1129346,342029,1536,1
9254,3992746,1209276,1536,1
9255,1819650,551362,1536,1
9256,1824712,552797,1536,1
9257,1425754,432130,1536,1
9258,1359002,411672,1536,1
9259,2397794,726152,1536,1
9260,1083668,328202,1536,1
9261,801614,242768,1536,1
9262,826620,250365,1536,1
9263,1805750,546841,1536,1
9264,821724,248884,1536,1
9265,1796608,544088,1536,1
9266,2156110,652950,1536,1
9267,2677906,811300,1536,1
9268,4184036,1267131,1536,1
9269,2424350,734206,1536,1
9270,1152724,349144,1536,1
9271,1863030,564202,1536,1
9272,942827,285816,1536,1
9273,1139780,345269,1536,1
9274,1549894,469380,1536,1
9275,903106,273545,1536,1
9276,2112956,640003,1536,1
9277,6466080,1960486,1536,1
9278,2486772,754205,1536,1
9279,1998024,605088,1536,1
9280,4775894,1448321,1536,1
9281,3130762,948380,1536,1
9282,1718018,520356,1536,1
9283,1729028,523658,1536,1
9284,4266493,1293206,1536,1
9285,3009668,911992,1536,1
9286,5137164,1556354,1536,1
9287,795566,240962,1536,1
9288,2567626,777695,1536,1
9289,1786482,541094,1536,1
9290,1932258,585364,1536,1
9291,6151402,1863232,1536,1
9292,2390160,723808,1536,1
9293,1416698,430715,1536,1
9294,831322,251789,1536,1
9295,832606,252264,1536,1
9296,3262968,988981,1536,1
9297,3219942,976162,1536,1
9298,3764817,1140976,1536,1
9299,1440648,436340,1536,1
9300,5092049,1542970,1536,1
9301,1179688,357276,1536,1
9302,917430,277885,1536,1
9303,877522,265768,1536,1
9304,4857430,1470958,1536,1
9305,2245990,680163,1536,1
9306,1518920,460001,1536,1
9307,1105708,334878,1536,1
9308,1100270,333228,1536,1
9309,830834,251641,1536,1
9310,888158,269020,1536,1
9311,2115768,640772,1536,1
9312,1811878,549014,1536,1
9313,3437210,1041188,1536,1
9314,4538626,1374517,1536,1
9315,1973696,597731,1536,1
9316,2521174,764362,1536,1
9317,1569640,476046,1536,1
9318,1689398,512327,1536,1
9319,5019542,1520623,1536,1
9320,4782794,1449365,1536,1
9321,2120339,642681,1536,1
9322,2775538,840947,1536,1
9323,1878188,569033,1536,1
9324,1983640,600855,1536,1
9325,1809256,547913,1536,1
9326,1419360,429870,1536,1
9327,1494352,452578,1536,1
9328,1023292,310108,1536,1
9329,4795586,1452229,1536,1
9330,1124228,340502,1536,1
9331,1229714,372443,1536,1
9332,2999942,908491,1536,1
9333,1807670,547491,1536,1
9334,2796502,846888,1536,1
9335,881188,267207,1536,1
9336,4365762,1323311,1536,1
9337,1258526,381139,1536,1
9338,1260470,381740,1536,1
9339,1501998,454896,1536,1
9340,13538025,4102655,1536,1
9341,1411640,427538,1536,1
9342,882142,267164,1536,1
9343,6830786,2068510,1536,1
9344,2283736,691615,1536,1
9345,1146734,347300,1536,1
9346,6198998,1877938,1536,1
9347,9136286,2768668,1536,1
9348,4586168,1389220,1536,1
9349,2520098,763217,1536,1
9350,806980,244431,1536,1
9351,1747936,529367,1536,1
9352,1966856,596242,1536,1
9353,2574964,780809,1536,1
9354,1529438,463203,1536,1
9355,2137450,647373,1536,1
9356,5106534,1546383,1536,1
9357,1669012,505468,1536,1
9358,1672938,506773,1536,1
9359,8920492,2701306,1536,1
9360,1015766,307655,1536,1
9361,4470240,1353732,1536,1
9362,866498,262434,1536,1
9363,869682,263421,1536,1
9364,1687400,511043,1536,1
9365,2602332,788559,1536,1
9366,2320746,702801,1536,1
9367,2315038,701050,1536,1
9368,908666,275214,1536,1
9369,4112754,1245489,1536,1
9370,871828,264055,1536,1
9371,2257855,684136,1536,1
9372,1935772,586229,1536,1
9373,7492056,2268751,1536,1
9374,2858908,865786,1536,1
9375,5540412,1678219,1536,1
9376,1530822,463607,1536,1
9377,1100578,333322,1536,1
9378,4526602,1370777,1536,1
9379,1769226,535816,1536,1
9380,1627850,493008,1536,1
9381,1625082,492172,1536,1
9382,3727291,1130202,1536,1
9383,7917859,2399297,1536,1
9384,2372958,718642,1536,1
9385,4073192,1233904,1536,1
9386,5031348,1524989,1536,1
9387,1381634,418451,1536,1
9388,2094212,634501,1536,1
9389,3725680,1129525,1536,1
9390,1504672,455877,1536,1
9391,3053502,925355,1536,1
9392,2629236,796239,1536,1
9393,1551464,469877,1536,1
9394,5320644,1611772,1536,1
9395,2254060,682685,1536,1
9396,1426900,432158,1536,1
9397,2255557,683867,1536,1
9398,8393738,2542418,1536,1
9399,7138616,2162324,1536,1
9400,1749070,529741,1536,1
9401,2579718,781398,1536,1
9402,4132420,1252161,1536,1
9403,4058660,1229287,1536,1
9404,7873882,2385460,1536,1
9405,1034100,313275,1536,1
9406,2928614,887994,1536,1
9407,2085194,631542,1536,1
9408,3632534,1100100,1536,1
9409,2304550,698108,1536,1
9410,2960964,896904,1536,1
9411,2172548,658202,1536,1
9412,1580242,479204,1536,1
9413,10460596,3170627,1536,1
9414,2765512,837944,1536,1
9415,1676972,507894,1536,1
9416,5977760,1811317,1536,1
9417,3116956,944120,1536,1
9418,1007384,305133,1536,1
9419,1887732,571798,1536,1
9420,1266252,383519,1536,1
9421,17299352,5240764,1536,1
9422,4453212,1349042,1536,1
9423,1013990,307131,1536,1
9424,4858006,1471641,1536,1
9425,10418362,3154955,1536,1
9426,1647726,499014,1536,1
9427,4083014,1236462,1536,1
9428,3562722,1078888,1536,1
9429,920106,278679,1536,1
9430,1771950,537212,1536,1
9431,933966,282881,1536,1
9432,1646712,498691,1536,1
9433,1251488,379028,1536,1
9434,1918940,581160,1536,1
9435,2078532,629480,1536,1
9436,4389958,1329407,1536,1
9437,991338,300271,1536,1
9438,1345716,407617,1536,1
9439,3941552,1193650,1536,1
9440,912732,276445,1536,1
9441,3728820,1129290,1536,1
9442,5833932,1766655,1536,1
9443,4074490,1233875,1536,1
9444,1315540,398436,1536,1
9445,1157024,350436,1536,1
9446,3813220,1154759,1536,1
9447,3881560,1175915,1536,1
9448,4471882,1354206,1536,1
9449,1116366,338118,1536,1
9450,812518,246113,1536,1
9451,1686796,512328,1536,1
9452,1815920,550477,1536,1
9453,3093242,937726,1536,1
9454,3186134,965941,1536,1
9455,3303844,1001094,1536,1
9456,1185474,359041,1536,1
9457,1410802,427275,1536,1
9458,753668,228268,1536,1
9459,1941694,588230,1536,1
9460,778654,235815,1536,1
9461,1098474,332679,1536,1
9462,1164300,352722,1536,1
9463,2722048,824340,1536,1
9464,3773216,1143203,1536,1
9465,2923732,885391,1536,1
9466,1017444,308157,1536,1
9467,739792,224081,1536,1
9468,1577484,477728,1536,1
9469,721786,218591,1536,1
9470,720768,218284,1536,1
9471,2525770,765014,1536,1
9472,3658908,1108024,1536,1
9473,1400390,424175,1536,1
9474,2396580,725765,1536,1
9475,838060,253844,1536,1
9476,2872694,870223,1536,1
9477,7507386,2273807,1536,1
9478,1214152,367731,1536,1
9479,3744386,1134088,1536,1
9480,3184306,964934,1536,1
9481,1735214,525606,1536,1
9482,4057488,1228722,1536,1
9483,1230860,373814,1536,1
9484,7068421,2141876,1536,1
9485,3971946,1203672,1536,1
9486,1717424,520105,1536,1
9487,4761260,1441875,1536,1
9488,3488202,1056350,1536,1
9489,6512230,1972128,1536,1
9490,855314,259148,1536,1
9491,1287812,390364,1536,1
9492,2168396,656697,1536,1
9493,2465808,746977,1536,1
9494,4054244,1229071,1536,1
9495,760334,230286,1536,1
9496,6139234,1860595,1536,1
9497,3353654,1016685,1536,1
9498,1255598,380284,1536,1
9499,5455342,1653403,1536,1
9500,5191078,1573781,1536,1
9501,3424116,1037143,1536,1
9502,2158072,653566,1536,1
9503,2223960,673512,1536,1
9504,2749030,833236,1536,1
9505,2347982,711691,1536,1
9506,5055336,1531390,1536,1
9507,885184,268103,1536,1
9508,892004,270189,1536,1
9509,850836,257702,1536,1
9510,1778156,538503,1536,1
9511,3100580,939719,1536,1
9512,7864480,2382450,1536,1
9513,1587940,480937,1536,1
9514,4153746,1257867,1536,1
9515,1098818,332790,1536,1
9516,2770408,838939,1536,1
9517,9927646,3008515,1536,1
9518,2401018,727466,1536,1
9519,2360854,714944,1536,1
9520,2255308,683566,1536,1
9521,4889890,1481556,1536,1
9522,1225194,371083,1536,1
9523,8661584,2625358,1536,1
9524,5411948,1639695,1536,1
9525,1940348,587643,1536,1
9526,4837366,1466173,1536,1
9527,4789546,1451128,1536,1
9528,2138652,648208,1536,1
9529,3016904,914881,1536,1
9530,1422440,431224,1536,1
9531,4744384,1436757,1536,1
9532,2561506,776505,1536,1
9533,947518,286992,1536,1
9534,1550104,469468,1536,1
9535,1052552,319150,1536,1
9536,3781314,1146338,1536,1
9537,2585758,783075,1536,1
9538,3792585,1149861,1536,1
9539,1603084,485495,1536,1
9540,2463762,746135,1536,1
9541,2548340,771695,1536,1
9542,853658,258556,1536,1
9543,4647794,1407477,1536,1
9544,1241638,376015,1536,1
9545,2373154,718834,1536,1
9546,1003070,303814,1536,1
9547,1774650,537766,1536,1
9548,3374088,1022111,1536,1
9549,4792666,1451342,1536,1
9550,2016708,610734,1536,1
9551,1444230,437398,1536,1
9552,2598850,787042,1536,1
9553,1808194,547569,1536,1
9554,4212192,1275563,1536,1
9555,1288172,390110,1536,1
9556,5871100,1778145,1536,1
9557,2011800,609262,1536,1
9558,4404286,1333800,1536,1
9559,4629666,1402055,1536,1
9560,5931988,1796332,1536,1
9561,1252810,379430,1536,1
9562,729780,221035,1536,1
9563,3970590,1204111,1536,1
9564,1198094,362864,1536,1
9565,777200,235451,1536,1
9566,3876652,1174361,1536,1
9567,1699474,515314,1536,1
9568,1108644,335854,1536,1
9569,1549962,469592,1536,1
9570,5937376,1798399,1536,1
9571,705008,213533,1536,1
9572,8046188,2437242,1536,1
9573,2011284,609112,1536,1
9574,3502768,1060748,1536,1
9575,3276156,992137,1536,1
9576,5989898,1813881,1536,1
9577,7819616,2367951,1536,1
9578,1843092,558188,1536,1
9579,2270584,687634,1536,1
9580,1129750,342288,1536,1
9581,961772,291327,1536,1
9582,12273730,3717229,1536,1
9583,5327926,1613438,1536,1
9584,1999804,605645,1536,1
9585,2977104,901593,1536,1
9586,3404724,1031549,1536,1
9587,3855954,1167973,1536,1
9588,1030750,312204,1536,1
9589,3342150,1012120,1536,1
9590,884286,267830,1536,1
9591,1704226,516137,1536,1
9592,3054960,925152,1536,1
9593,1254350,379891,1536,1
9594,1924918,582967,1536,1
9595,3014061,914259,1536,1
9596,3798227,1150759,1536,1
9597,4016574,1217332,1536,1
9598,2977497,902040,1536,1
9599,3699462,1121244,1536,1
9600,3385936,1025512,1536,1
9601,1885196,570934,1536,1
9602,2754030,834592,1536,1
9603,2257858,683899,1536,1
9604,1317518,399020,1536,1
9605,3482542,1054623,1536,1
9606,891322,269977,1536,1
9607,1472352,446054,1536,1
9608,1813606,549236,1536,1
9609,825778,250099,1536,1
9610,1828918,553917,1536,1
9611,5706572,1728741,1536,1
9612,856258,259344,1536,1
9613,886000,268368,1536,1
9614,3226722,977162,1536,1
9615,2905822,879991,1536,1
9616,2227570,674562,1536,1
9617,1664878,504239,1536,1
9618,2227564,674637,1536,1
9619,971738,294333,1536,1
9620,2228294,674783,1536,1
9621,1297268,392905,1536,1
9622,968330,293300,1536,1
9623,2158582,653800,1536,1
9624,864662,261932,1536,1
9625,2536562,768175,1536,1
9626,850976,257741,1536,1
9627,2453912,743258,1536,1
9628,1201344,363856,1536,1
9629,3406614,1031641,1536,1
9630,3665524,1110659,1536,1
9631,1485720,449979,1536,1
9632,5057914,1531664,1536,1
9633,1193314,361400,1536,1
9634,2471884,748732,1536,1
9635,1224788,370956,1536,1
9636,3259274,986997,1536,1
9637,10293074,3117086,1536,1
9638,1184914,358860,1536,1
9639,1552446,470176,1536,1
9640,7126940,2158263,1536,1
9641,6652278,2014448,1536,1
9642,1130080,342254,1536,1
9643,1618274,491649,1536,1
9644,3532733,1070569,1536,1
9645,1079560,327614,1536,1
9646,2264624,686274,1536,1
9647,4219292,1278406,1536,1
9648,2849440,863281,1536,1
9649,1530098,463688,1536,1
9650,2857596,865551,1536,1
9651,1291708,391326,1536,1
9652,1626970,492960,1536,1
9653,1755002,531753,1536,1
9654,1111008,336495,1536,1
9655,1324360,401321,1536,1
9656,3898678,1181272,1536,1
9657,1392410,422024,1536,1
9658,3616458,1095179,1536,1
9659,2193024,664169,1536,1
9660,1417818,429406,1536,1
9661,1197190,362597,1536,1
9662,1401570,424481,1536,1
9663,1251930,379172,1536,1
9664,1346342,407799,1536,1
9665,5635869,1707641,1536,1
9666,2523482,765070,1536,1
9667,13358644,4046657,1536,1
9668,9869320,2990827,1536,1
9669,886992,268649,1536,1
9670,3524578,1067818,1536,1
9671,1936196,586383,1536,1
9672,5338938,1617930,1536,1
9673,3711671,1125027,1536,1
9674,5642742,1709058,1536,1
9675,3908406,1184053,1536,1
9676,1518758,460004,1536,1
9677,1084256,328406,1536,1
9678,3350504,1014899,1536,1
9679,2063878,625578,1536,1
9680,3063152,927938,1536,1
9681,1168656,353960,1536,1
9682,1335668,404536,1536,1
9683,2577098,780497,1536,1
9684,3855208,1168602,1536,1
9685,6980778,2115567,1536,1
9686,2269892,687695,1536,1
9687,4437541,1344859,1536,1
9688,5473903,1658480,1536,1
9689,2455902,744027,1536,1
9690,1014798,307382,1536,1
9691,5158550,1562657,1536,1
9692,2033920,616461,1536,1
9693,2423600,733977,1536,1
9694,2917200,883501,1536,1
9695,1657686,502036,1536,1
9696,1575010,477031,1536,1
9697,2276266,689364,1536,1
9698,2859628,866007,1536,1
9699,3903714,1183360,1536,1
9700,906312,274523,1536,1
9701,2314364,700896,1536,1
9702,2559058,775319,1536,1
9703,1506156,456394,1536,1
9704,1373820,416089,1536,1
9705,1633476,494922,1536,1
9706,6840682,2075544,1536,1
9707,1533390,464402,1536,1
9708,2817072,853273,1536,1
9709,2045752,620844,1536,1
9710,1795260,545210,1536,1
9711,2753402,833839,1536,1
9712,4541994,1375743,1536,1
9713,1364658,413300,1536,1
9714,1300437,395149,1536,1
9715,1112338,336910,1536,1
9716,4287882,1299573,1536,1
9717,3527366,1079631,1536,1
9718,1195633,362438,1536,1
9719,3224272,976968,1536,1
9720,1028144,311625,1536,1
9721,3443924,1043304,1536,1
9722,1030970,312407,1536,1
9723,1722278,522147,1536,1
9724,1569316,475574,1536,1
9725,1552072,470152,1536,1
9726,1703360,515925,1536,1
9727,1194534,361760,1536,1
9728,4373908,1325937,1536,1
9729,3457318,1048547,1536,1
9730,3615794,1095934,1536,1
9731,1519426,460299,1536,1
9732,997968,302272,1536,1
9733,913870,276807,1536,1
9734,2138052,683403,1536,1
9735,1257920,380968,1536,1
9736,1209114,366186,1536,1
9737,1460212,442336,1536,1
9738,870468,263643,1536,1
9739,8126634,2462958,1536,1
9740,6137826,1859801,1536,1
9741,1115502,337984,1536,1
9742,1156442,350263,1536,1
9743,897994,271997,1536,1
9744,2767190,838406,1536,1
9745,915262,277234,1536,1
9746,1159060,351132,1536,1
9747,3107218,941237,1536,1
9748,4820446,1460795,1536,1
9749,3088018,935160,1536,1
9750,1204738,364889,1536,1
9751,1088322,329657,1536,1
9752,1496376,453218,1536,1
9753,4921643,1491486,1536,1
9754,881320,266944,1536,1
9755,1544268,468123,1536,1
9756,1591258,481931,1536,1
9757,1764496,534518,1536,1
9758,1527208,462572,1536,1
9759,2564693,778566,1536,1
9760,1613450,488741,1536,1
9761,5561988,1687595,1536,1
9762,2112466,640508,1536,1
9763,2407498,729606,1536,1
9764,1935014,586463,1536,1
9765,1232686,373489,1536,1
9766,2782224,843485,1536,1
9767,1314772,398256,1536,1
9768,2486522,753096,1536,1
9769,5993688,1816679,1536,1
9770,5344704,1619602,1536,1
9771,1257288,381568,1536,1
9772,3402918,1031052,1536,1
9773,2010655,609374,1536,1
9774,1222996,370428,1536,1
9775,998098,302317,1536,1
9776,2964444,897802,1536,1
9777,4998816,1514497,1536,1
9778,4145612,1256011,1536,1
9779,2478130,751186,1536,1
9780,1498348,454296,1536,1
9781,5275554,1598510,1536,1
9782,5641853,1709268,1536,1
9783,2577442,780934,1536,1
9784,2050644,622076,1536,1
9785,3493876,1059089,1536,1
9786,1430992,433447,1536,1
9787,2788428,844950,1536,1
9788,16649349,5044709,1536,1
9789,1333104,403765,1536,1
9790,937926,284079,1536,1
9791,8544330,2588433,1536,1
9792,4417298,1337708,1536,1
9793,1555306,471047,1536,1
9794,5362974,1624705,1536,1
9795,952336,288462,1536,1
9796,2624762,794898,1536,1
9797,4429576,1342178,1536,1
9798,3571462,1081969,1536,1
9799,4249817,1288171,1536,1
9800,1622420,491483,1536,1
9801,955580,289469,1536,1
9802,12959073,3926371,1536,1
9803,1603894,485782,1536,1
9804,1184658,358812,1536,1
9805,5585750,1691736,1536,1
9806,1676546,507813,1536,1
9807,2366330,716584,1536,1
9808,4075438,1236453,1536,1
9809,1403180,424984,1536,1
9810,1228134,371976,1536,1
9811,932966,282575,1536,1
9812,933858,282846,1536,1
9813,4722488,1430910,1536,1
9814,1595566,483192,1536,1
9815,1728316,523439,1536,1
9816,1271452,385096,1536,1
9817,5750618,1741708,1536,1
9818,3523717,1067713,1536,1
9819,2959738,896325,1536,1
9820,1002340,303595,1536,1
9821,5626594,1703915,1536,1
9822,2085522,631625,1536,1
9823,1310520,396922,1536,1
9824,3315360,1004149,1536,1
9825,1266388,383599,1536,1
9826,1486916,450584,1536,1
9827,1299738,394119,1536,1
9828,881644,267028,1536,1
9829,3312096,1004136,1536,1
9830,4856044,1470948,1536,1
9831,1451050,439849,1536,1
9832,6816592,2065813,1536,1
9833,2425122,734734,1536,1
9834,980622,297173,1536,1
9835,9605126,2910746,1536,1
9836,1946838,589733,1536,1
9837,7420944,2248870,1536,1
9838,1266972,384059,1536,1
9839,1335080,404417,1536,1
9840,6026262,1828866,1536,1
9841,3000756,908740,1536,1
9842,1412854,427925,1536,1
9843,2970586,899852,1536,1
9844,1543892,467550,1536,1
9845,908846,275242,1536,1
9846,6882305,2094847,1536,1
9847,6412264,1942607,1536,1
9848,2146870,650261,1536,1
9849,7700001,2332837,1536,1
9850,6842598,2073057,1536,1
9851,878526,266115,1536,1
9852,1142098,345871,1536,1
9853,2508866,759787,1536,1
9854,1085138,328812,1536,1
9855,1614118,489514,1536,1
9856,2247212,680553,1536,1
9857,1451614,439638,1536,1
9858,931486,282138,1536,1
9859,2671820,810450,1536,1
9860,1193144,361396,1536,1
9861,2447738,741300,1536,1
9862,1237378,374932,1536,1
9863,1264272,382920,1536,1
9864,5464720,1655879,1536,1
9865,1359751,412220,1536,1
9866,2222388,673213,1536,1
9867,2217989,672534,1536,1
9868,3531686,1070413,1536,1
9869,4876132,1477322,1536,1
9870,11449702,3470547,1536,1
9871,3336004,1011225,1536,1
9872,14023886,4249748,1536,1
9873,1418620,431354,1536,1
9874,13422686,4066216,1536,1
9875,18661642,5653107,1536,1
9876,1217658,368859,1536,1
9877,1386164,419872,1536,1
9878,3474160,1053009,1536,1
9879,2200364,666972,1536,1
9880,5450218,1651647,1536,1
9881,3885354,1177250,1536,1
9882,11655512,3530726,1536,1
9883,3961252,1199672,1536,1
9884,10998419,3332251,1536,1
9885,2971828,901849,1536,1
9886,3354846,1016502,1536,1
9887,2134098,646576,1536,1
9888,2069806,627419,1536,1
9889,1099840,333136,1536,1
9890,1271880,385278,1536,1
9891,1255242,380621,1536,1
9892,1172354,355063,1536,1
9893,6528852,1978505,1536,1
9894,7455906,2259732,1536,1
9895,4890067,1481555,1536,1
9896,2717022,823008,1536,1
9897,3394754,1028160,1536,1
9898,2043088,618906,1536,1
9899,5102996,1545902,1536,1
9900,5982852,1813827,1536,1
9901,2012188,609391,1536,1
9902,941740,285248,1536,1
9903,979938,296815,1536,1
9904,4012632,1215233,1536,1
9905,1924750,582925,1536,1
9906,3769798,1141830,1536,1
9907,1268414,384161,1536,1
9908,991384,300286,1536,1
9909,1561316,472862,1536,1
9910,1767486,535743,1536,1
9911,1570384,475901,1536,1
9912,4077182,1235392,1536,1
9913,2831820,859190,1536,1
9914,1967970,596034,1536,1
9915,9433972,2859334,1536,1
9916,1831214,554798,1536,1
9917,5622668,1703655,1536,1
9918,5329074,1615110,1536,1
9919,1556576,471829,1536,1
9920,2643704,801528,1536,1
9921,3323700,1006618,1536,1
9922,3251964,985596,1536,1
9923,856298,259356,1536,1
9924,2466292,746894,1536,1
9925,2974342,900822,1536,1
9926,860056,260487,1536,1
9927,883076,267564,1536,1
9928,1847218,559431,1536,1
9929,4415386,1337433,1536,1
9930,2303462,697588,1536,1
9931,863336,261507,1536,1
9932,2401576,727592,1536,1
9933,3840228,1163536,1536,1
9934,955022,289266,1536,1
9935,7545060,2286111,1536,1
9936,4509846,1365700,1536,1
9937,819584,248253,1536,1
9938,843194,255400,1536,1
9939,1663132,503707,1536,1
9940,3229194,977883,1536,1
9941,783178,237206,1536,1
9942,6275254,1900894,1536,1
9943,1852964,561149,1536,1
9944,1112674,336999,1536,1
9945,1128370,341734,1536,1
9946,4417558,1338528,1536,1
9947,6109584,1850341,1536,1
9948,3468534,1050376,1536,1
9949,4253662,1290322,1536,1
9950,3311858,1003481,1536,1
9951,1782266,539756,1536,1
9952,1351160,409211,1536,1
9953,1287536,389947,1536,1
9954,6945121,2104351,1536,1
9955,1728412,523407,1536,1
9956,2087886,632307,1536,1
9957,1228272,371985,1536,1
9958,3062300,927581,1536,1
9959,1362217,415828,1536,1
9960,745044,225656,1536,1
9961,1927848,583930,1536,1
9962,2711360,821097,1536,1
9963,5083494,1539529,1536,1
9964,811306,245723,1536,1
9965,1601348,484982,1536,1
9966,1847084,559393,1536,1
9967,1378946,417617,1536,1
9968,2531656,767261,1536,1
9969,1510664,457521,1536,1
9970,910382,275739,1536,1
9971,1690058,512902,1536,1
9972,5899222,1787908,1536,1
9973,2830862,858504,1536,1
9974,9198143,2856511,1536,1
9975,1813230,549211,1536,1
9976,1509840,457796,1536,1
9977,1866462,565437,1536,1
9978,2747316,832993,1536,1
9979,2056702,623133,1536,1
9980,906854,274633,1536,1
9981,5562886,1685139,1536,1
9982,2045172,620079,1536,1
9983,2043458,618896,1536,1
9984,977118,295960,1536,1
9985,1996038,604499,1536,1
9986,7437194,2253073,1536,1
9987,1830898,554473,1536,1
9988,1772882,536882,1536,1
9989,1438166,435553,1536,1
9990,3816020,1156017,1536,1
9991,2741780,830424,1536,1
9992,2374024,718957,1536,1
9993,937580,283949,1536,1
9994,1338866,405503,1536,1
9995,1799556,545004,1536,1
9996,1842052,557850,1536,1
9997,1833106,555539,1536,1
9998,5062896,1534894,1536,1
9999,2639992,799509,1536,1
