iter,cycles,time_ns,peak_rss_kb,ok
0,1375138,416764,1536,1
1,1628862,493490,1536,1
2,2181464,660894,1536,1
3,945158,286311,1536,1
4,751658,227697,1536,1
5,1086459,329709,1536,1
6,1115038,337972,1536,1
7,669266,202710,1536,1
8,715590,216766,1536,1
9,909370,275467,1536,1
10,1094662,331777,1536,1
11,938698,285177,1536,1
12,866244,262445,1536,1
13,847208,257757,1536,1
14,942178,285412,1536,1
15,890962,269922,1536,1
16,1238530,375201,1536,1
17,2107468,638563,1536,1
18,1352512,409671,1536,1
19,826618,250586,1536,1
20,1433321,434427,1536,1
21,1573747,477122,1536,1
22,1021728,309685,1536,1
23,993373,301325,1536,1
24,1139248,345434,1536,1
25,2030668,615196,1536,1
26,1414416,428379,1536,1
27,1037280,314204,1536,1
28,780710,236482,1536,1
29,1092208,330830,1536,1
30,1263030,382530,1536,1
31,1025920,310750,1536,1
32,847482,256738,1536,1
33,908684,275435,1536,1
34,879624,266879,1536,1
35,1755696,531760,1536,1
36,1507636,456652,1536,1
37,1615256,489202,1536,1
38,1095940,332260,1536,1
39,1214662,367897,1536,1
40,1257748,380915,1536,1
41,1112292,336948,1536,1
42,821432,248825,1536,1
43,980170,297014,1536,1
44,1103128,334239,1536,1
45,814832,246827,1536,1
46,689408,208824,1536,1
47,553066,167557,1536,1
48,849230,258048,1536,1
49,750900,227859,1536,1
50,1048394,317671,1536,1
51,642136,194530,1536,1
52,498002,150854,1536,1
53,717822,217439,1536,1
54,715324,216690,1536,1
55,836126,253272,1536,1
56,502606,152245,1536,1
57,1272068,385282,1536,1
58,1320094,399812,1536,1
59,908298,275167,1536,1
60,796770,241349,1536,1
61,839450,254255,1536,1
62,625510,189468,1536,1
63,457106,138475,1536,1
64,512712,155357,1536,1
65,614102,186008,1536,1
66,507160,153647,1536,1
67,537138,163278,1536,1
68,672808,203768,1536,1
69,779066,236171,1536,1
70,616968,186875,1536,1
71,604764,183312,1536,1
72,1126012,341085,1536,1
73,1280194,387715,1536,1
74,2409761,730672,1536,1
75,547664,166624,1536,1
76,927952,281087,1536,1
77,914576,277083,1536,1
78,1225671,371779,1536,1
79,1016984,308001,1536,1
80,557712,168955,1536,1
81,749662,227137,1536,1
82,1152712,349136,1536,1
83,563132,170599,1536,1
84,853556,258537,1536,1
85,1327556,402086,1536,1
86,1476122,448158,1536,1
87,536634,162551,1536,1
88,603478,182786,1536,1
89,522578,158289,1536,1
90,446432,135230,1536,1
91,598008,181153,1536,1
92,1248420,378106,1536,1
93,656820,198973,1536,1
94,1180332,357531,1536,1
95,583342,176712,1536,1
96,1087582,329403,1536,1
97,1404395,426334,1536,1
98,1886112,571800,1536,1
99,1319776,400056,1536,1
100,1209864,366666,1536,1
101,2234906,677665,1536,1
102,2275566,689689,1536,1
103,1822536,552121,1536,1
104,1395662,424110,1536,1
105,1264546,383937,1536,1
106,1306010,395755,1536,1
107,1746354,529178,1536,1
108,1122252,340480,1536,1
109,1723412,522807,1536,1
110,1123444,340277,1536,1
111,943764,286257,1536,1
112,1907892,577964,1536,1
113,1653002,501014,1536,1
114,2407799,730130,1536,1
115,1539300,466211,1536,1
116,1079188,326886,1536,1
117,643000,194766,1536,1
118,568028,172069,1536,1
119,1541778,466958,1536,1
120,2741448,831257,1536,1
121,1596406,483596,1536,1
122,910712,276176,1536,1
123,679102,205729,1536,1
124,836198,253382,1536,1
125,1917456,580779,1536,1
126,2371843,719126,1536,1
127,949283,289064,1536,1
128,1064452,322481,1536,1
129,2059626,624437,1536,1
130,849262,257311,1536,1
131,743972,225998,1536,1
132,1162886,352545,1536,1
133,885748,268404,1536,1
134,1218734,369302,1536,1
135,793924,240495,1536,1
136,1103614,334302,1536,1
137,1561038,473905,1536,1
138,1752260,530703,1536,1
139,592902,179633,1536,1
140,2174600,658629,1536,1
141,1037550,314808,1536,1
142,841392,255119,1536,1
143,1767162,535724,1536,1
144,849154,257341,1536,1
145,690224,209084,1536,1
146,629982,190848,1536,1
147,1433168,434239,1536,1
148,2101390,636542,1536,1
149,596598,180705,1536,1
150,884130,268021,1536,1
151,2401992,727443,1536,1
152,6778626,2053996,1536,1
153,2181176,661561,1536,1
154,568970,172319,1536,1
155,765644,231954,1536,1
156,1104922,334687,1536,1
157,1622888,491565,1536,1
158,1914382,579788,1536,1
159,1218224,369042,1536,1
160,662158,200637,1536,1
161,1335846,404868,1536,1
162,762386,230909,1536,1
163,1452762,440906,1536,1
164,759886,230180,1536,1
165,1567094,475230,1536,1
166,817012,247486,1536,1
167,1418350,429770,1536,1
168,1298084,393395,1536,1
169,1247664,378184,1536,1
170,588448,178235,1536,1
171,1237682,375829,1536,1
172,658936,199612,1536,1
173,1403284,426098,1536,1
174,892086,270719,1536,1
175,1047293,318002,1536,1
176,1248488,378136,1536,1
177,1055282,319645,1536,1
178,2506316,759780,1536,1
179,814288,246653,1536,1
180,528874,160297,1536,1
181,705322,213658,1536,1
182,579228,175428,1536,1
183,899244,272385,1536,1
184,653954,198201,1536,1
185,705036,213877,1536,1
186,838028,254073,1536,1
187,1343104,406857,1536,1
188,837892,253805,1536,1
189,1091260,330534,1536,1
190,701408,213232,1536,1
191,2481846,752772,1536,1
192,844486,255839,1536,1
193,949583,288509,1536,1
194,1351863,409989,1536,1
195,1845152,559434,1536,1
196,10586862,3207616,1536,1
197,1110552,336390,1536,1
198,1097640,332952,1536,1
199,2214986,671633,1536,1
200,890714,269829,1536,1
201,1111796,336759,1536,1
202,660508,200080,1536,1
203,792654,240497,1536,1
204,1478930,448497,1536,1
205,2462993,746996,1536,1
206,938454,284261,1536,1
207,1918328,581218,1536,1
208,831240,251793,1536,1
209,1081036,327745,1536,1
210,517616,156797,1536,1
211,873818,265470,1536,1
212,1041818,315802,1536,1
213,519608,157397,1536,1
214,1353600,410781,1536,1
215,1871062,566665,1536,1
216,692384,209718,1536,1
217,981620,297323,1536,1
218,524484,158899,1536,1
219,812222,246098,1536,1
220,1002762,304179,1536,1
221,837098,253563,1536,1
222,788080,240135,1536,1
223,996732,301896,1536,1
224,1087506,329846,1536,1
225,1144902,346834,1536,1
226,483392,146423,1536,1
227,1553839,471396,1536,1
228,1210536,368543,1536,1
229,911354,276018,1536,1
230,737674,223429,1536,1
231,782296,236923,1536,1
232,712942,216869,1536,1
233,3422804,1134316,1536,1
234,1104954,334921,1536,1
235,721110,218559,1536,1
236,701972,212642,1536,1
237,636930,192893,1536,1
238,893994,272180,1536,1
239,1496002,453099,1536,1
240,553668,167711,1536,1
241,469058,142083,1536,1
242,1240112,376289,1536,1
243,549474,166438,1536,1
244,796586,241511,1536,1
245,457924,138693,1536,1
246,899560,272469,1536,1
247,460192,139392,1536,1
248,698890,211682,1536,1
249,458754,138955,1536,1
250,459736,139264,1536,1
251,638086,193271,1536,1
252,515888,156274,1536,1
253,722622,218867,1536,1
254,1158934,351531,1536,1
255,589924,178709,1536,1
256,593592,179817,1536,1
257,683450,207098,1536,1
258,1355396,410515,1536,1
259,1517546,459839,1536,1
260,595274,180288,1536,1
261,925122,281071,1536,1
262,941674,285573,1536,1
263,925580,280671,1536,1
264,1047480,317762,1536,1
265,1138421,345180,1536,1
266,1989135,603088,1536,1
267,754776,228635,1536,1
268,2152854,652802,1536,1
269,2108524,639008,1536,1
270,1181808,358211,1536,1
271,900942,272905,1536,1
272,738418,223815,1536,1
273,1282616,389482,1536,1
274,1168688,353965,1536,1
275,1576383,478059,1536,1
276,2194313,665438,1536,1
277,1644541,499523,1536,1
278,1266782,383793,1536,1
279,1219446,369448,1536,1
280,961728,291430,1536,1
281,1451852,439748,1536,1
282,740814,224424,1536,1
283,735010,222649,1536,1
284,770482,234475,1536,1
285,1922262,583387,1536,1
286,1720641,521905,1536,1
287,1381034,418607,1536,1
288,1662728,503697,1536,1
289,812212,246058,1536,1
290,1326428,402176,1536,1
291,884704,268639,1536,1
292,825780,250449,1536,1
293,1189514,360293,1536,1
294,1123874,340431,1536,1
295,857894,259845,1536,1
296,1106212,335999,1536,1
297,1042722,315877,1536,1
298,1147530,347580,1536,1
299,862710,261538,1536,1
300,1559176,478868,1536,1
301,1617868,490043,1536,1
302,1177332,356589,1536,1
303,1043708,316143,1536,1
304,1553456,470840,1536,1
305,770106,233316,1536,1
306,849248,257241,1536,1
307,1174158,355768,1536,1
308,997528,302154,1536,1
309,901000,272922,1536,1
310,1105050,334720,1536,1
311,10765609,3262285,1536,1
312,4130589,1251858,1536,1
313,1107856,335591,1536,1
314,1609994,487632,1536,1
315,657550,199204,1536,1
316,1110764,336592,1536,1
317,836064,253500,1536,1
318,1433838,434872,1536,1
319,798690,241939,1536,1
320,863152,261454,1536,1
321,514140,155742,1536,1
322,765560,231901,1536,1
323,919012,278497,1536,1
324,837848,253790,1536,1
325,591424,179283,1536,1
326,2451180,743060,1536,1
327,1763572,535035,1536,1
328,1360306,412000,1536,1
329,1272728,386898,1536,1
330,1635551,495997,1536,1
331,831984,252019,1536,1
332,584998,177192,1536,1
333,998862,302546,1536,1
334,1443454,437281,1536,1
335,855708,259755,1536,1
336,1553602,473522,1536,1
337,850790,257710,1536,1
338,710018,215090,1536,1
339,839900,254402,1536,1
340,1191794,361913,1536,1
341,831274,251930,1536,1
342,1200890,364221,1536,1
343,1492270,452217,1536,1
344,3274443,992705,1536,1
345,2444725,742418,1536,1
346,2058146,626026,1536,1
347,792420,240027,1536,1
348,845876,256214,1536,1
349,772968,234820,1536,1
350,891804,270125,1536,1
351,995780,301939,1536,1
352,844212,255974,1536,1
353,853206,258468,1536,1
354,653190,197868,1536,1
355,785988,238406,1536,1
356,2062084,626295,1536,1
357,4565983,1383760,1536,1
358,4237933,1284466,1536,1
359,773574,234405,1536,1
360,750160,227235,1536,1
361,2166934,656377,1536,1
362,889234,269590,1536,1
363,904058,273845,1536,1
364,1406194,427549,1536,1
365,3371230,1021499,1536,1
366,20726446,6278298,1536,1
367,1096312,332952,1536,1
368,767142,232364,1536,1
369,1348732,409831,1536,1
370,1263404,382640,1536,1
371,862388,261235,1536,1
372,997740,302664,1536,1
373,1199108,363334,1536,1
374,827964,250895,1536,1
375,1405798,425770,1536,1
376,880086,266929,1536,1
377,863552,261611,1536,1
378,1854754,563523,1536,1
379,1733942,525163,1536,1
380,1636986,495811,1536,1
381,2825038,856165,1536,1
382,2512066,761558,1536,1
383,2974936,901775,1536,1
384,2453596,743536,1536,1
385,1675430,507779,1536,1
386,1150466,348602,1536,1
387,740584,224341,1536,1
388,2245388,681284,1536,1
389,2664758,807653,1536,1
390,1930744,585932,1536,1
391,1200100,364241,1536,1
392,523436,158551,1536,1
393,514934,155977,1536,1
394,1002186,303634,1536,1
395,1336198,405243,1536,1
396,971006,294175,1536,1
397,499618,151363,1536,1
398,1103404,334989,1536,1
399,1832246,554905,1536,1
400,497556,150717,1536,1
401,906756,274614,1536,1
402,1083572,328168,1536,1
403,1756908,532780,1536,1
404,2252207,682905,1536,1
405,767986,232684,1536,1
406,693138,210110,1536,1
407,813028,246265,1536,1
408,475772,144124,1536,1
409,552778,167435,1536,1
410,713664,216262,1536,1
411,564726,171247,1536,1
412,472324,143051,1536,1
413,476572,144360,1536,1
414,1432192,435636,1536,1
415,1486628,450249,1536,1
416,1578140,478075,1536,1
417,546936,165698,1536,1
418,728472,220665,1536,1
419,598526,181270,1536,1
420,1387666,421409,1536,1
421,1005052,304770,1536,1
422,624248,189098,1536,1
423,1591768,482169,1536,1
424,1386906,420048,1536,1
425,750248,227251,1536,1
426,889312,269421,1536,1
427,1058858,320811,1536,1
428,885886,268301,1536,1
429,681766,206523,1536,1
430,601174,182223,1536,1
431,1224454,370850,1536,1
432,1286632,389749,1536,1
433,538594,163144,1536,1
434,800690,242539,1536,1
435,552950,167510,1536,1
436,1514108,458577,1536,1
437,785406,237948,1536,1
438,1462286,442872,1536,1
439,637494,193090,1536,1
440,476322,144376,1536,1
441,1366664,414770,1536,1
442,467626,141649,1536,1
443,924128,280203,1536,1
444,567066,171762,1536,1
445,1127580,342392,1536,1
446,759308,229986,1536,1
447,954964,289283,1536,1
448,1355250,411001,1536,1
449,694458,210332,1536,1
450,3953004,1198743,1536,1
451,3735003,1132405,1536,1
452,1092070,330782,1536,1
453,2028978,614607,1536,1
454,1130402,344700,1536,1
455,589594,178591,1536,1
456,490144,148473,1536,1
457,1071772,324625,1536,1
458,897020,271716,1536,1
459,1015808,307905,1536,1
460,516722,156546,1536,1
461,699200,211808,1536,1
462,852518,258265,1536,1
463,558934,169298,1536,1
464,1199098,364052,1536,1
465,8995086,2726079,1536,1
466,1622757,492963,1536,1
467,1053294,319035,1536,1
468,1235150,374203,1536,1
469,721682,218615,1536,1
470,1265530,383297,1536,1
471,1737454,526202,1536,1
472,871388,265041,1536,1
473,974672,295228,1536,1
474,1339588,405809,1536,1
475,833524,252476,1536,1
476,1901394,576222,1536,1
477,1408516,426717,1536,1
478,1901436,578250,1536,1
479,893496,271063,1536,1
480,842902,255337,1536,1
481,758342,229717,1536,1
482,794272,240615,1536,1
483,1274878,386249,1536,1
484,2049936,622632,1536,1
485,684728,208051,1536,1
486,1022540,309789,1536,1
487,1532766,464267,1536,1
488,3479594,1054445,1536,1
489,1723884,522716,1536,1
490,789186,239068,1536,1
491,711474,215502,1536,1
492,887668,268849,1536,1
493,928870,282064,1536,1
494,787152,238416,1536,1
495,1324420,401991,1536,1
496,1838824,557394,1536,1
497,724650,219506,1536,1
498,796088,241138,1536,1
499,1193156,361384,1536,1
500,994488,301241,1536,1
501,1273808,385807,1536,1
502,1248774,378451,1536,1
503,700364,212159,1536,1
504,1474460,447258,1536,1
505,929724,281854,1536,1
506,806172,244367,1536,1
507,971958,294402,1536,1
508,585678,177398,1536,1
509,660186,200034,1536,1
510,1322868,400653,1536,1
511,1151972,348923,1536,1
512,2011834,610558,1536,1
513,806898,244438,1536,1
514,883254,267612,1536,1
515,910922,275918,1536,1
516,1152394,349064,1536,1
517,587480,177975,1536,1
518,1494136,453773,1536,1
519,908564,275298,1536,1
520,761126,230605,1536,1
521,651486,197329,1536,1
522,568670,172242,1536,1
523,650386,196991,1536,1
524,605146,183318,1536,1
525,660214,200052,1536,1
526,613974,186006,1536,1
527,1573552,476770,1536,1
528,757296,229356,1536,1
529,722658,218904,1536,1
530,1569628,475384,1536,1
531,810888,245631,1536,1
532,816056,247157,1536,1
533,1434774,435568,1536,1
534,859596,261036,1536,1
535,1316650,398885,1536,1
536,504908,152955,1536,1
537,720634,218263,1536,1
538,2063088,624776,1536,1
539,491248,148804,1536,1
540,817704,247640,1536,1
541,488788,148041,1536,1
542,484088,146645,1536,1
543,486884,147486,1536,1
544,589666,178612,1536,1
545,1201356,363854,1536,1
546,1119544,339092,1536,1
547,496164,150294,1536,1
548,1361493,412762,1536,1
549,503998,152672,1536,1
550,695840,210787,1536,1
551,1121262,342512,1536,1
552,1951730,591077,1536,1
553,737146,223262,1536,1
554,839802,255393,1536,1
555,1149242,348078,1536,1
556,677272,205256,1536,1
557,1194498,361998,1536,1
558,1050306,318123,1536,1
559,659246,199717,1536,1
560,1100270,333295,1536,1
561,676054,204760,1536,1
562,1302506,394486,1536,1
563,2030604,615085,1536,1
564,1411268,428392,1536,1
565,850038,257870,1536,1
566,1233436,373591,1536,1
567,2362341,716265,1536,1
568,808088,244745,1536,1
569,878702,266152,1536,1
570,1078956,326824,1536,1
571,1862882,564206,1536,1
572,874498,265035,1536,1
573,786558,238278,1536,1
574,1254302,379926,1536,1
575,1084148,328418,1536,1
576,2818552,853740,1536,1
577,789062,239028,1536,1
578,2004476,607086,1536,1
579,905314,274229,1536,1
580,806370,244267,1536,1
581,1472358,446380,1536,1
582,1004312,304225,1536,1
583,1007442,305231,1536,1
584,1844509,560840,1536,1
585,873680,265213,1536,1
586,726334,220047,1536,1
587,1305914,395733,1536,1
588,1280684,388551,1536,1
589,2268212,687597,1536,1
590,675484,204668,1536,1
591,572248,173425,1536,1
592,994010,301049,1536,1
593,812720,246159,1536,1
594,528874,160226,1536,1
595,796550,241331,1536,1
596,1619978,490825,1536,1
597,970546,293959,1536,1
598,3249123,984579,1536,1
599,759060,229945,1536,1
600,455448,138089,1536,1
601,668336,202455,1536,1
602,427502,129499,1536,1
603,493360,149423,1536,1
604,985122,298372,1536,1
605,1092948,331020,1536,1
606,732054,221749,1536,1
607,799086,242048,1536,1
608,446432,135253,1536,1
609,610446,184884,1536,1
610,1401824,424681,1536,1
611,568210,172097,1536,1
612,903988,273780,1536,1
613,517302,156712,1536,1
614,411702,124695,1536,1
615,800074,242316,1536,1
616,747206,226329,1536,1
617,423692,128341,1536,1
618,883771,268764,1536,1
619,418158,126675,1536,1
620,1081612,327587,1536,1
621,847866,256807,1536,1
622,913000,276622,1536,1
623,673611,204467,1536,1
624,415234,125778,1536,1
625,489576,148273,1536,1
626,1121496,339702,1536,1
627,1437734,435428,1536,1
628,415260,125779,1536,1
629,506836,153513,1536,1
630,690700,209225,1536,1
631,836058,253237,1536,1
632,966884,292855,1536,1
633,534288,161825,1536,1
634,771748,233753,1536,1
635,554360,167937,1536,1
636,635112,192369,1536,1
637,1239370,375350,1536,1
638,861644,261118,1536,1
639,473616,143467,1536,1
640,579286,175491,1536,1
641,1743170,530543,1536,1
642,1327162,402180,1536,1
643,637076,193089,1536,1
644,1327745,402922,1536,1
645,1161616,351802,1536,1
646,714638,216457,1536,1
647,1236720,374558,1536,1
648,631140,191171,1536,1
649,892192,270242,1536,1
650,675112,204509,1536,1
651,653262,197848,1536,1
652,846338,256354,1536,1
653,570220,172717,1536,1
654,682810,207222,1536,1
655,678152,205403,1536,1
656,501048,151856,1536,1
657,498212,150901,1536,1
658,1212950,367374,1536,1
659,660570,200090,1536,1
660,796136,241161,1536,1
661,885882,268334,1536,1
662,965564,292462,1536,1
663,756502,229120,1536,1
664,501338,151866,1536,1
665,791196,239672,1536,1
666,603168,182679,1536,1
667,696498,210961,1536,1
668,590370,178819,1536,1
669,1532270,464172,1536,1
670,919030,278908,1536,1
671,1149756,348254,1536,1
672,800398,242450,1536,1
673,1168970,354060,1536,1
674,1842310,558547,1536,1
675,971730,294457,1536,1
676,1259543,383429,1536,1
677,2626176,795642,1536,1
678,750242,227277,1536,1
679,879150,266356,1536,1
680,1570666,475961,1536,1
681,1235974,374459,1536,1
682,1415748,430212,1536,1
683,1309420,397093,1536,1
684,1782388,540129,1536,1
685,2876207,872082,1536,1
686,4418303,1340499,1536,1
687,996516,301909,1536,1
688,925406,280322,1536,1
689,2468682,747838,1536,1
690,1573958,477106,1536,1
691,1357958,411306,1536,1
692,1458194,441907,1536,1
693,1870788,566888,1536,1
694,3843237,1165785,1536,1
695,1262023,383071,1536,1
696,1156174,350259,1536,1
697,1189040,360877,1536,1
698,1970192,596756,1536,1
699,533222,161524,1536,1
700,533710,161676,1536,1
701,526154,159378,1536,1
702,1174586,355735,1536,1
703,528720,160156,1536,1
704,685156,207556,1536,1
705,624926,189287,1536,1
706,2186122,662455,1536,1
707,693714,210120,1536,1
708,518364,157021,1536,1
709,1214512,367817,1536,1
710,2602040,789107,1536,1
711,1252600,379982,1536,1
712,751842,227751,1536,1
713,912662,276433,1536,1
714,799834,242281,1536,1
715,755022,228714,1536,1
716,1033790,313124,1536,1
717,691298,209504,1536,1
718,596588,180708,1536,1
719,671100,203259,1536,1
720,1097806,332479,1536,1
721,963638,291875,1536,1
722,921792,280158,1536,1
723,1406246,427514,1536,1
724,1132422,343776,1536,1
725,1473278,446208,1536,1
726,1097714,332476,1536,1
727,745546,225910,1536,1
728,700654,212316,1536,1
729,673710,204083,1536,1
730,1165882,353110,1536,1
731,735908,222886,1536,1
732,575572,174338,1536,1
733,483390,146402,1536,1
734,939868,284661,1536,1
735,677752,205266,1536,1
736,600488,181889,1536,1
737,1738894,526680,1536,1
738,778362,235767,1536,1
739,1119650,339117,1536,1
740,877748,265864,1536,1
741,969018,293882,1536,1
742,823450,249435,1536,1
743,1408620,427251,1536,1
744,814162,246633,1536,1
745,878066,265969,1536,1
746,1898752,575018,1536,1
747,787864,238648,1536,1
748,931264,282070,1536,1
749,724354,219410,1536,1
750,627372,190129,1536,1
751,815748,247179,1536,1
752,709656,215097,1536,1
753,1261540,382085,1536,1
754,1920884,581761,1536,1
755,675716,204676,1536,1
756,1011354,306422,1536,1
757,423326,128216,1536,1
758,951384,288160,1536,1
759,558264,169321,1536,1
760,1052032,318694,1536,1
761,2147080,650705,1536,1
762,897720,273092,1536,1
763,1027352,311140,1536,1
764,554330,167892,1536,1
765,521004,157801,1536,1
766,541632,164088,1536,1
767,1023984,310139,1536,1
768,1542924,467391,1536,1
769,871574,263994,1536,1
770,458538,138920,1536,1
771,741336,224704,1536,1
772,1107978,335583,1536,1
773,1659292,504152,1536,1
774,1858054,562744,1536,1
775,681990,206586,1536,1
776,519802,157479,1536,1
777,1309404,396631,1536,1
778,540794,163808,1536,1
779,746088,226039,1536,1
780,530074,160590,1536,1
781,825522,250029,1536,1
782,772770,234080,1536,1
783,566852,171704,1536,1
784,617562,187044,1536,1
785,1411236,427404,1536,1
786,582726,176515,1536,1
787,567336,171844,1536,1
788,872322,264184,1536,1
789,496800,150489,1536,1
790,484202,146675,1536,1
791,485124,146949,1536,1
792,570010,172657,1536,1
793,569494,172527,1536,1
794,507044,153632,1536,1
795,569738,172578,1536,1
796,577740,174998,1536,1
797,521994,158102,1536,1
798,967112,292923,1536,1
799,690414,209160,1536,1
800,564670,171069,1536,1
801,1439066,435817,1536,1
802,538518,163264,1536,1
803,1047590,317265,1536,1
804,602726,182545,1536,1
805,607176,183950,1536,1
806,710478,215202,1536,1
807,633080,191749,1536,1
808,737512,223386,1536,1
809,588164,178195,1536,1
810,850266,257559,1536,1
811,538538,163134,1536,1
812,2833596,858759,1536,1
813,1700886,515805,1536,1
814,1265726,383421,1536,1
815,1579936,478767,1536,1
816,1868478,565883,1536,1
817,837134,253553,1536,1
818,1961684,594278,1536,1
819,1262696,382444,1536,1
820,881152,266899,1536,1
821,1016922,308034,1536,1
822,743488,225237,1536,1
823,1747422,529936,1536,1
824,1016810,307998,1536,1
825,2459986,745308,1536,1
826,1187895,361281,1536,1
827,688774,208672,1536,1
828,1766552,536086,1536,1
829,736436,223086,1536,1
830,2120642,642656,1536,1
831,1041322,315414,1536,1
832,1066634,323793,1536,1
833,1376852,417415,1536,1
834,1126468,341205,1536,1
835,648168,196360,1536,1
836,1717802,520250,1536,1
837,1084364,328446,1536,1
838,1270636,384966,1536,1
839,937032,284169,1536,1
840,1192192,361066,1536,1
841,790994,239599,1536,1
842,1760108,533061,1536,1
843,663216,200878,1536,1
844,821934,248945,1536,1
845,610950,185036,1536,1
846,1236178,374400,1536,1
847,627766,190154,1536,1
848,881110,266868,1536,1
849,720074,218087,1536,1
850,494210,149718,1536,1
851,618996,187557,1536,1
852,621514,188379,1536,1
853,555300,168201,1536,1
854,446994,135397,1536,1
855,902020,273190,1536,1
856,600566,181930,1536,1
857,994948,301320,1536,1
858,739086,223875,1536,1
859,950360,287847,1536,1
860,1081948,327729,1536,1
861,460612,139527,1536,1
862,487102,147553,1536,1
863,1196350,362666,1536,1
864,810432,245662,1536,1
865,895624,271281,1536,1
866,979438,296663,1536,1
867,701800,212586,1536,1
868,1143966,346483,1536,1
869,470626,142561,1536,1
870,694594,210377,1536,1
871,1082306,327782,1536,1
872,852768,259095,1536,1
873,572158,173330,1536,1
874,468364,141872,1536,1
875,587678,178028,1536,1
876,533638,161644,1536,1
877,1302044,394323,1536,1
878,466200,141219,1536,1
879,1650184,499767,1536,1
880,1074398,325413,1536,1
881,1167486,354705,1536,1
882,732674,222178,1536,1
883,1712776,518726,1536,1
884,570672,172886,1536,1
885,914966,277120,1536,1
886,2106782,638897,1536,1
887,674162,204192,1536,1
888,850028,257451,1536,1
889,988846,299797,1536,1
890,588040,178123,1536,1
891,2892808,876835,1536,1
892,1131518,342835,1536,1
893,1095214,331805,1536,1
894,1021823,309867,1536,1
895,687352,208172,1536,1
896,629280,190595,1536,1
897,713878,216222,1536,1
898,872532,264537,1536,1
899,770278,233385,1536,1
900,621730,188439,1536,1
901,555616,168304,1536,1
902,545722,165293,1536,1
903,965452,292423,1536,1
904,663384,200934,1536,1
905,559852,169585,1536,1
906,1018804,308582,1536,1
907,456920,138410,1536,1
908,846846,256463,1536,1
909,1007154,305030,1536,1
910,473138,143310,1536,1
911,978548,296363,1536,1
912,447008,135411,1536,1
913,1385970,419780,1536,1
914,758426,229708,1536,1
915,559650,169541,1536,1
916,989968,299817,1536,1
917,544526,164958,1536,1
918,1411922,427983,1536,1
919,447544,135578,1536,1
920,444664,134692,1536,1
921,683864,207128,1536,1
922,1402888,425056,1536,1
923,451192,136669,1536,1
924,838204,253966,1536,1
925,734690,222502,1536,1
926,511180,154817,1536,1
927,1646904,498742,1536,1
928,446254,135171,1536,1
929,1102424,333875,1536,1
930,436426,132206,1536,1
931,1179182,357117,1536,1
932,437128,132400,1536,1
933,447224,135499,1536,1
934,617808,187110,1536,1
935,654466,198207,1536,1
936,582562,176453,1536,1
937,516688,156533,1536,1
938,508052,153893,1536,1
939,500606,151660,1536,1
940,914584,277085,1536,1
941,896214,271452,1536,1
942,613994,186195,1536,1
943,671202,203319,1536,1
944,1384220,419307,1536,1
945,538300,163075,1536,1
946,535384,162171,1536,1
947,1029922,312561,1536,1
948,851118,257815,1536,1
949,2297824,695905,1536,1
950,679114,205953,1536,1
951,1860074,563365,1536,1
952,1023208,309997,1536,1
953,1351246,409419,1536,1
954,1323628,400892,1536,1
955,1935036,586171,1536,1
956,1404186,425280,1536,1
957,974660,295260,1536,1
958,2185520,662382,1536,1
959,987462,299665,1536,1
960,1825574,552927,1536,1
961,929388,282178,1536,1
962,1648540,499758,1536,1
963,936246,283601,1536,1
964,911222,276013,1536,1
965,989744,299919,1536,1
966,2394868,725355,1536,1
967,1418082,431988,1536,1
968,780304,236387,1536,1
969,1073036,325019,1536,1
970,989568,299763,1536,1
971,1824311,553047,1536,1
972,675114,205013,1536,1
973,1178446,357019,1536,1
974,1169586,354910,1536,1
975,1596470,483602,1536,1
976,1549700,469645,1536,1
977,1379262,417764,1536,1
978,2819156,854117,1536,1
979,1825060,554702,1536,1
980,895572,271279,1536,1
981,619670,187698,1536,1
982,618286,187280,1536,1
983,1168718,353952,1536,1
984,1362232,412581,1536,1
985,717792,217411,1536,1
986,855860,259248,1536,1
987,512130,155126,1536,1
988,550382,166742,1536,1
989,998690,302569,1536,1
990,562226,170291,1536,1
991,704688,213471,1536,1
992,1481780,448786,1536,1
993,897980,271971,1536,1
994,516710,156546,1536,1
995,1039346,314822,1536,1
996,889876,269873,1536,1
997,1783898,540264,1536,1
998,845824,256201,1536,1
999,469862,142309,1536,1
1000,1073098,325021,1536,1
1001,1014864,307391,1536,1
1002,712266,215734,1536,1
1003,555160,168159,1536,1
1004,1436160,434959,1536,1
1005,517928,156915,1536,1
1006,955794,289498,1536,1
1007,1717622,520157,1536,1
1008,567856,172027,1536,1
1009,653224,197877,1536,1
1010,1180352,357510,1536,1
1011,975910,295605,1536,1
1012,1066380,323020,1536,1
1013,698666,211642,1536,1
1014,656246,198767,1536,1
1015,631034,191159,1536,1
1016,488308,147988,1536,1
1017,1234330,374331,1536,1
1018,467100,141495,1536,1
1019,697946,211821,1536,1
1020,938190,284245,1536,1
1021,752944,228543,1536,1
1022,1520726,460919,1536,1
1023,1366439,415106,1536,1
1024,1770960,537293,1536,1
1025,3756788,1137684,1536,1
1026,881710,267074,1536,1
1027,1439222,436056,1536,1
1028,733540,222195,1536,1
1029,656484,198856,1536,1
1030,944440,286727,1536,1
1031,1051554,318552,1536,1
1032,702670,212851,1536,1
1033,730274,221203,1536,1
1034,746426,226119,1536,1
1035,855264,259076,1536,1
1036,1403188,425186,1536,1
1037,785744,238028,1536,1
1038,2496474,756896,1536,1
1039,738758,223772,1536,1
1040,1411884,428003,1536,1
1041,1298560,393603,1536,1
1042,984840,298378,1536,1
1043,749272,226984,1536,1
1044,1290736,390946,1536,1
1045,925148,280230,1536,1
1046,751784,228280,1536,1
1047,1327964,402175,1536,1
1048,632776,191664,1536,1
1049,1330334,403189,1536,1
1050,607648,184147,1536,1
1051,619854,187778,1536,1
1052,735990,222916,1536,1
1053,1251894,379348,1536,1
1054,923684,279775,1536,1
1055,1815492,552513,1536,1
1056,979460,296670,1536,1
1057,2647046,802287,1536,1
1058,793380,240328,1536,1
1059,833926,252605,1536,1
1060,1450608,439351,1536,1
1061,1123120,340189,1536,1
1062,1581144,478921,1536,1
1063,1497454,453536,1536,1
1064,1021176,309557,1536,1
1065,1688140,512126,1536,1
1066,1137916,344770,1536,1
1067,783964,237585,1536,1
1068,905600,274312,1536,1
1069,1385452,419738,1536,1
1070,1333332,404692,1536,1
1071,1020208,309021,1536,1
1072,528542,160108,1536,1
1073,2464068,746787,1536,1
1074,1452518,439944,1536,1
1075,2159946,654213,1536,1
1076,1205664,365307,1536,1
1077,685437,208182,1536,1
1078,1256884,380785,1536,1
1079,930166,281744,1536,1
1080,835854,253186,1536,1
1081,891762,270089,1536,1
1082,871020,263806,1536,1
1083,692166,209645,1536,1
1084,889074,269299,1536,1
1085,500432,151588,1536,1
1086,697648,211330,1536,1
1087,662424,200661,1536,1
1088,479302,145190,1536,1
1089,554570,167967,1536,1
1090,552972,167474,1536,1
1091,472778,143207,1536,1
1092,716540,217029,1536,1
1093,538280,163033,1536,1
1094,684786,207402,1536,1
1095,991840,301941,1536,1
1096,555906,169095,1536,1
1097,550078,166688,1536,1
1098,528776,160167,1536,1
1099,1318806,399423,1536,1
1100,638984,193536,1536,1
1101,699590,211877,1536,1
1102,1950568,591816,1536,1
1103,963496,292339,1536,1
1104,1647948,499518,1536,1
1105,646994,195998,1536,1
1106,435522,131925,1536,1
1107,584304,176979,1536,1
1108,863674,261593,1536,1
1109,800136,242358,1536,1
1110,983538,297988,1536,1
1111,2368158,717467,1536,1
1112,1052510,318775,1536,1
1113,958112,290198,1536,1
1114,579524,175556,1536,1
1115,770034,233229,1536,1
1116,616038,186593,1536,1
1117,928056,281079,1536,1
1118,783206,237238,1536,1
1119,1313280,397725,1536,1
1120,1111498,336653,1536,1
1121,635726,192568,1536,1
1122,629688,190729,1536,1
1123,549726,166509,1536,1
1124,1290896,391036,1536,1
1125,808320,244865,1536,1
1126,639798,193791,1536,1
1127,472632,143167,1536,1
1128,475702,144080,1536,1
1129,1836407,556581,1536,1
1130,891876,270180,1536,1
1131,1227492,371792,1536,1
1132,699538,211996,1536,1
1133,1428732,432789,1536,1
1134,1151222,348685,1536,1
1135,796026,241138,1536,1
1136,1266864,383716,1536,1
1137,735150,222668,1536,1
1138,1395144,422559,1536,1
1139,868830,263146,1536,1
1140,975093,296525,1536,1
1141,1017614,308263,1536,1
1142,914448,277410,1536,1
1143,865388,262140,1536,1
1144,857402,259731,1536,1
1145,568860,172304,1536,1
1146,1875078,567923,1536,1
1147,1252702,379409,1536,1
1148,955700,289470,1536,1
1149,551330,166996,1536,1
1150,556694,168648,1536,1
1151,644172,195117,1536,1
1152,1066338,322980,1536,1
1153,534330,161849,1536,1
1154,534992,162045,1536,1
1155,1120142,339264,1536,1
1156,910048,276028,1536,1
1157,1093646,331267,1536,1
1158,748734,226763,1536,1
1159,940126,284787,1536,1
1160,981068,297163,1536,1
1161,678936,205979,1536,1
1162,847788,256843,1536,1
1163,4103274,1243526,1536,1
1164,2423532,734405,1536,1
1165,1789760,542295,1536,1
1166,1724181,523170,1536,1
1167,1037568,314288,1536,1
1168,1552160,470311,1536,1
1169,1422482,431063,1536,1
1170,1114366,337579,1536,1
1171,775618,234963,1536,1
1172,500482,151604,1536,1
1173,2081372,630535,1536,1
1174,1807152,547333,1536,1
1175,2307528,702769,1536,1
1176,1219150,369258,1536,1
1177,2630855,797166,1536,1
1178,2808376,851024,1536,1
1179,1348030,408562,1536,1
1180,893738,270811,1536,1
1181,606426,183728,1536,1
1182,1309142,396556,1536,1
1183,1306160,396016,1536,1
1184,841468,255596,1536,1
1185,1499332,454271,1536,1
1186,5579797,1690822,1536,1
1187,1407712,426609,1536,1
1188,867404,262827,1536,1
1189,1219936,370131,1536,1
1190,938958,284488,1536,1
1191,2242434,679351,1536,1
1192,1343620,407855,1536,1
1193,1507346,456992,1536,1
1194,3382422,1024617,1536,1
1195,916906,277839,1536,1
1196,1036594,313979,1536,1
1197,1169998,354372,1536,1
1198,1211442,366925,1536,1
1199,571436,173122,1536,1
1200,1004608,304244,1536,1
1201,618684,187431,1536,1
1202,1432840,435148,1536,1
1203,1130876,342578,1536,1
1204,1069104,324912,1536,1
1205,1023856,310119,1536,1
1206,955586,289458,1536,1
1207,2057694,623618,1536,1
1208,1309124,396667,1536,1
1209,1091150,330498,1536,1
1210,1233452,373811,1536,1
1211,997984,302689,1536,1
1212,716776,217199,1536,1
1213,1290666,390881,1536,1
1214,936474,283624,1536,1
1215,816566,247398,1536,1
1216,751232,227572,1536,1
1217,646426,195834,1536,1
1218,1393650,422883,1536,1
1219,1026678,310949,1536,1
1220,498204,150911,1536,1
1221,498238,150921,1536,1
1222,957096,289931,1536,1
1223,1355040,410403,1536,1
1224,568168,172078,1536,1
1225,880722,266769,1536,1
1226,547088,165742,1536,1
1227,808832,245841,1536,1
1228,1368710,414597,1536,1
1229,793270,240260,1536,1
1230,1035344,313567,1536,1
1231,634788,192299,1536,1
1232,1284464,389029,1536,1
1233,570532,172830,1536,1
1234,1204338,364791,1536,1
1235,553112,167548,1536,1
1236,675228,204542,1536,1
1237,1375663,417021,1536,1
1238,2242859,679741,1536,1
1239,1118088,338876,1536,1
1240,1157128,350509,1536,1
1241,498302,150978,1536,1
1242,827780,250735,1536,1
1243,475516,144039,1536,1
1244,751694,227891,1536,1
1245,1025326,311145,1536,1
1246,1120706,339444,1536,1
1247,1211660,366940,1536,1
1248,691526,209481,1536,1
1249,734246,222420,1536,1
1250,1489274,452612,1536,1
1251,2761428,837066,1536,1
1252,960754,291847,1536,1
1253,1346234,407767,1536,1
1254,1564588,473883,1536,1
1255,2094450,634316,1536,1
1256,736958,223213,1536,1
1257,739388,223944,1536,1
1258,493694,149571,1536,1
1259,935078,283356,1536,1
1260,717618,217440,1536,1
1261,859442,260378,1536,1
1262,3806798,1157619,1536,1
1263,1112336,336928,1536,1
1264,1056652,320039,1536,1
1265,1248822,378427,1536,1
1266,570400,172769,1536,1
1267,735166,222665,1536,1
1268,1400732,424237,1536,1
1269,1185476,359066,1536,1
1270,1610422,487812,1536,1
1271,1051830,318600,1536,1
1272,979206,296584,1536,1
1273,538464,163102,1536,1
1274,539474,163405,1536,1
1275,716516,217079,1536,1
1276,949164,287541,1536,1
1277,1046696,317325,1536,1
1278,847646,256810,1536,1
1279,1041932,315647,1536,1
1280,912820,276521,1536,1
1281,649354,196874,1536,1
1282,1060534,323045,1536,1
1283,581872,176569,1536,1
1284,898556,272173,1536,1
1285,1989464,603076,1536,1
1286,1130632,343122,1536,1
1287,26168290,7925655,1536,1
1288,1637038,495804,1536,1
1289,917844,278019,1536,1
1290,985710,298566,1536,1
1291,1864222,564748,1536,1
1292,2113830,640185,1536,1
1293,1106298,335115,1536,1
1294,1193584,361523,1536,1
1295,804798,244099,1536,1
1296,7559974,2297873,1536,1
1297,4206417,1275162,1536,1
1298,1672566,507572,1536,1
1299,818844,248039,1536,1
1300,1491342,452791,1536,1
1301,960702,291006,1536,1
1302,1376612,417266,1536,1
1303,835594,253135,1536,1
1304,641682,194361,1536,1
1305,1014608,307319,1536,1
1306,1144068,346560,1536,1
1307,818032,247821,1536,1
1308,1494138,452847,1536,1
1309,815372,247540,1536,1
1310,1303894,395559,1536,1
1311,565900,171413,1536,1
1312,900506,272734,1536,1
1313,1245764,378462,1536,1
1314,1491302,452220,1536,1
1315,1012080,306558,1536,1
1316,1892346,573563,1536,1
1317,787658,238691,1536,1
1318,1524450,461779,1536,1
1319,1570686,476042,1536,1
1320,1981888,602697,1536,1
1321,1077164,326263,1536,1
1322,1682966,510629,1536,1
1323,749464,227184,1536,1
1324,822056,249017,1536,1
1325,781648,236749,1536,1
1326,777322,235429,1536,1
1327,833104,252353,1536,1
1328,953074,288690,1536,1
1329,1122584,340058,1536,1
1330,957212,289948,1536,1
1331,835546,253119,1536,1
1332,889648,269514,1536,1
1333,1472496,445974,1536,1
1334,528914,160345,1536,1
1335,707320,214733,1536,1
1336,2410450,730365,1536,1
1337,816594,247421,1536,1
1338,2048390,620414,1536,1
1339,906510,274561,1536,1
1340,1100428,334159,1536,1
1341,911226,276124,1536,1
1342,1783743,540889,1536,1
1343,1354230,410416,1536,1
1344,1371366,415495,1536,1
1345,847032,256541,1536,1
1346,650440,196994,1536,1
1347,787028,238396,1536,1
1348,950446,287865,1536,1
1349,703182,213009,1536,1
1350,602368,182450,1536,1
1351,2042364,622340,1536,1
1352,501494,151912,1536,1
1353,521768,158544,1536,1
1354,1005636,305599,1536,1
1355,1745534,528690,1536,1
1356,653074,197814,1536,1
1357,554046,167818,1536,1
1358,839792,254371,1536,1
1359,673558,204130,1536,1
1360,654610,198307,1536,1
1361,658028,199302,1536,1
1362,912760,276479,1536,1
1363,1940962,588582,1536,1
1364,1821232,551802,1536,1
1365,1478298,447747,1536,1
1366,1301016,394039,1536,1
1367,2301191,697279,1536,1
1368,940240,284985,1536,1
1369,1391498,422912,1536,1
1370,1172134,355038,1536,1
1371,1318554,399457,1536,1
1372,1117220,338495,1536,1
1373,734024,222346,1536,1
1374,1136472,344292,1536,1
1375,1337690,405791,1536,1
1376,1048078,317690,1536,1
1377,821812,248933,1536,1
1378,796920,241467,1536,1
1379,1866196,565207,1536,1
1380,2257002,684315,1536,1
1381,1795500,545114,1536,1
1382,2371008,718595,1536,1
1383,869822,263473,1536,1
1384,2162896,655063,1536,1
1385,1283246,388779,1536,1
1386,1367450,414168,1536,1
1387,3095360,937474,1536,1
1388,1029054,312510,1536,1
1389,993640,300975,1536,1
1390,895486,271277,1536,1
1391,1162871,352933,1536,1
1392,739372,224008,1536,1
1393,619536,187668,1536,1
1394,570720,172877,1536,1
1395,1170732,354888,1536,1
1396,1879540,569458,1536,1
1397,1518592,459977,1536,1
1398,1863166,564665,1536,1
1399,1298100,393220,1536,1
1400,1200026,363467,1536,1
1401,521600,157987,1536,1
1402,571782,173223,1536,1
1403,519974,157509,1536,1
1404,913184,276630,1536,1
1405,924108,280796,1536,1
1406,1165790,353100,1536,1
1407,808544,244920,1536,1
1408,691348,209400,1536,1
1409,1164678,352758,1536,1
1410,807072,244442,1536,1
1411,936754,283739,1536,1
1412,773630,234350,1536,1
1413,497926,150809,1536,1
1414,818308,248389,1536,1
1415,610112,184824,1536,1
1416,798774,241991,1536,1
1417,1092668,331144,1536,1
1418,752508,229125,1536,1
1419,704318,213358,1536,1
1420,1934382,586058,1536,1
1421,1061942,321717,1536,1
1422,1580562,479625,1536,1
1423,842408,255173,1536,1
1424,631854,191366,1536,1
1425,473768,143511,1536,1
1426,552204,167267,1536,1
1427,486292,147303,1536,1
1428,471612,142853,1536,1
1429,722392,218853,1536,1
1430,1330378,402934,1536,1
1431,812022,246032,1536,1
1432,1802170,545866,1536,1
1433,1205684,365215,1536,1
1434,1675723,508136,1536,1
1435,539712,163484,1536,1
1436,778592,235813,1536,1
1437,726277,220285,1536,1
1438,1043534,316757,1536,1
1439,984632,298231,1536,1
1440,561432,170076,1536,1
1441,458502,138889,1536,1
1442,562022,170239,1536,1
1443,1033546,313036,1536,1
1444,892644,271715,1536,1
1445,1533566,464481,1536,1
1446,1463948,443377,1536,1
1447,1851108,561407,1536,1
1448,2510742,760361,1536,1
1449,821702,248890,1536,1
1450,1454800,440632,1536,1
1451,779038,235955,1536,1
1452,653592,197996,1536,1
1453,1138725,345321,1536,1
1454,1327132,402204,1536,1
1455,1536634,465790,1536,1
1456,515474,156147,1536,1
1457,680967,206817,1536,1
1458,514656,155894,1536,1
1459,516816,156558,1536,1
1460,603652,182848,1536,1
1461,826400,250342,1536,1
1462,693652,210099,1536,1
1463,1997344,605014,1536,1
1464,2186750,671071,1536,1
1465,625188,189361,1536,1
1466,903884,273849,1536,1
1467,719208,217842,1536,1
1468,1263844,382762,1536,1
1469,545516,165268,1536,1
1470,628312,190355,1536,1
1471,667698,202474,1536,1
1472,1954080,592028,1536,1
1473,655090,198449,1536,1
1474,585710,177399,1536,1
1475,1149496,348938,1536,1
1476,693298,210038,1536,1
1477,2241370,679126,1536,1
1478,2297884,696404,1536,1
1479,3309676,1003693,1536,1
1480,905934,274429,1536,1
1481,1119442,339502,1536,1
1482,685632,207706,1536,1
1483,850820,258989,1536,1
1484,888734,269180,1536,1
1485,2092356,633968,1536,1
1486,1020156,309189,1536,1
1487,986184,298700,1536,1
1488,1675132,507947,1536,1
1489,1893144,574507,1536,1
1490,1528128,463057,1536,1
1491,762264,230909,1536,1
1492,2341338,709579,1536,1
1493,925412,280376,1536,1
1494,1601708,485954,1536,1
1495,4826311,1462569,1536,1
1496,1221684,370353,1536,1
1497,761398,230646,1536,1
1498,698520,211578,1536,1
1499,839136,254179,1536,1
1500,1241144,375925,1536,1
1501,764942,231789,1536,1
1502,799644,242355,1536,1
1503,698920,211701,1536,1
1504,1109778,336144,1536,1
1505,970310,293907,1536,1
1506,954532,289342,1536,1
1507,3149032,954172,1536,1
1508,988310,299634,1536,1
1509,1444890,437620,1536,1
1510,1280526,387881,1536,1
1511,1842308,558290,1536,1
1512,1423684,431179,1536,1
1513,889010,269401,1536,1
1514,801656,242820,1536,1
1515,794134,241351,1536,1
1516,717920,217443,1536,1
1517,551180,166931,1536,1
1518,633908,191982,1536,1
1519,873908,264682,1536,1
1520,713006,215937,1536,1
1521,592012,179347,1536,1
1522,870408,263618,1536,1
1523,465640,141036,1536,1
1524,958064,290191,1536,1
1525,867914,262974,1536,1
1526,997178,302206,1536,1
1527,724866,219590,1536,1
1528,891208,269948,1536,1
1529,1396288,422902,1536,1
1530,741876,224720,1536,1
1531,551976,167197,1536,1
1532,723233,219604,1536,1
1533,1049188,318168,1536,1
1534,1596356,483810,1536,1
1535,652590,197666,1536,1
1536,1355980,410653,1536,1
1537,741432,224679,1536,1
1538,458252,138804,1536,1
1539,535190,162087,1536,1
1540,456498,138270,1536,1
1541,806210,244202,1536,1
1542,606852,183832,1536,1
1543,576864,174735,1536,1
1544,600738,181940,1536,1
1545,887262,268717,1536,1
1546,656528,198839,1536,1
1547,1357958,411273,1536,1
1548,664898,201415,1536,1
1549,470592,142533,1536,1
1550,1119972,339208,1536,1
1551,1074196,325326,1536,1
1552,422062,127831,1536,1
1553,424434,128571,1536,1
1554,684238,207264,1536,1
1555,1274362,386682,1536,1
1556,647466,196156,1536,1
1557,1246394,377498,1536,1
1558,1441738,436992,1536,1
1559,1210031,366702,1536,1
1560,998813,302764,1536,1
1561,1609457,488268,1536,1
1562,733890,222319,1536,1
1563,679458,206094,1536,1
1564,1000272,302985,1536,1
1565,777198,235414,1536,1
1566,681200,207187,1536,1
1567,843754,255589,1536,1
1568,1113770,338392,1536,1
1569,576044,174471,1536,1
1570,742196,224953,1536,1
1571,779512,236106,1536,1
1572,1729846,523993,1536,1
1573,488508,147971,1536,1
1574,834028,252631,1536,1
1575,499144,151226,1536,1
1576,502290,152139,1536,1
1577,898578,272153,1536,1
1578,3269009,991522,1536,1
1579,1475678,447060,1536,1
1580,1201352,363895,1536,1
1581,1513678,458917,1536,1
1582,670064,202987,1536,1
1583,1593764,482717,1536,1
1584,533312,161572,1536,1
1585,1068350,323673,1536,1
1586,1289692,390726,1536,1
1587,776840,235330,1536,1
1588,2266980,686558,1536,1
1589,2020388,611944,1536,1
1590,949586,287658,1536,1
1591,1433774,434347,1536,1
1592,813374,246373,1536,1
1593,1178190,356856,1536,1
1594,928486,281435,1536,1
1595,2352705,713512,1536,1
1596,2001483,606502,1536,1
1597,585470,177356,1536,1
1598,898518,272139,1536,1
1599,623486,188854,1536,1
1600,2756506,835192,1536,1
1601,990014,299953,1536,1
1602,1225712,371256,1536,1
1603,1193536,361691,1536,1
1604,1515576,459224,1536,1
1605,1535498,465409,1536,1
1606,1123936,340923,1536,1
1607,1242817,378184,1536,1
1608,1313724,397865,1536,1
1609,2059648,623950,1536,1
1610,1066206,322941,1536,1
1611,996396,301927,1536,1
1612,1962988,594595,1536,1
1613,2444776,740414,1536,1
1614,613218,185739,1536,1
1615,783816,237398,1536,1
1616,500100,151491,1536,1
1617,587554,177962,1536,1
1618,505306,153068,1536,1
1619,1099338,332950,1536,1
1620,500000,151439,1536,1
1621,982526,297602,1536,1
1622,729208,220918,1536,1
1623,877520,265799,1536,1
1624,668352,202416,1536,1
1625,1194850,361888,1536,1
1626,654392,198202,1536,1
1627,483892,146586,1536,1
1628,932282,282495,1536,1
1629,1008946,305723,1536,1
1630,784786,237719,1536,1
1631,882662,267665,1536,1
1632,717942,217445,1536,1
1633,1402503,428809,1536,1
1634,1204500,365092,1536,1
1635,757826,229555,1536,1
1636,728142,220564,1536,1
1637,1070404,324196,1536,1
1638,1029186,312028,1536,1
1639,623068,188720,1536,1
1640,538648,163156,1536,1
1641,1295670,392695,1536,1
1642,1108664,335823,1536,1
1643,778994,235957,1536,1
1644,586564,177698,1536,1
1645,869344,263329,1536,1
1646,1232168,373373,1536,1
1647,2283336,691944,1536,1
1648,779254,236017,1536,1
1649,696082,210827,1536,1
1650,781136,236585,1536,1
1651,1172390,355084,1536,1
1652,594606,180101,1536,1
1653,1132524,343074,1536,1
1654,450458,136444,1536,1
1655,864266,262386,1536,1
1656,524026,158733,1536,1
1657,447132,135445,1536,1
1658,445696,134986,1536,1
1659,672542,203724,1536,1
1660,1168338,354163,1536,1
1661,647668,196195,1536,1
1662,432966,131137,1536,1
1663,935288,283294,1536,1
1664,708112,214506,1536,1
1665,672022,203575,1536,1
1666,688276,208681,1536,1
1667,746434,226357,1536,1
1668,605784,183497,1536,1
1669,451148,136737,1536,1
1670,833416,252413,1536,1
1671,701620,212530,1536,1
1672,763300,231253,1536,1
1673,1011432,306646,1536,1
1674,1070976,324734,1536,1
1675,1700020,515083,1536,1
1676,911856,276202,1536,1
1677,445092,134806,1536,1
1678,445504,134931,1536,1
1679,537378,162792,1536,1
1680,931794,282212,1536,1
1681,541578,164040,1536,1
1682,744508,225516,1536,1
1683,1507060,456479,1536,1
1684,919774,278598,1536,1
1685,670604,203143,1536,1
1686,466354,141253,1536,1
1687,826314,250273,1536,1
1688,453180,137282,1536,1
1689,2060676,624876,1536,1
1690,790526,239468,1536,1
1691,2220386,673149,1536,1
1692,1725278,522527,1536,1
1693,978929,297623,1536,1
1694,753674,228306,1536,1
1695,731226,222084,1536,1
1696,916014,277622,1536,1
1697,1272508,385409,1536,1
1698,792524,240380,1536,1
1699,525406,159176,1536,1
1700,845484,256101,1536,1
1701,500290,151585,1536,1
1702,734936,222627,1536,1
1703,839750,254371,1536,1
1704,1381076,418675,1536,1
1705,1020650,310164,1536,1
1706,1129498,342358,1536,1
1707,741072,224497,1536,1
1708,785140,237838,1536,1
1709,928936,281427,1536,1
1710,1167552,353976,1536,1
1711,715206,216647,1536,1
1712,866828,262566,1536,1
1713,709104,214940,1536,1
1714,1738762,527114,1536,1
1715,941991,285870,1536,1
1716,1664524,504522,1536,1
1717,1125264,342089,1536,1
1718,1182048,358062,1536,1
1719,2168050,656770,1536,1
1720,1502914,455800,1536,1
1721,1331800,403381,1536,1
1722,940894,285003,1536,1
1723,913066,277114,1536,1
1724,1559178,472245,1536,1
1725,1836448,557114,1536,1
1726,1486120,450897,1536,1
1727,745632,225847,1536,1
1728,1646910,498787,1536,1
1729,1092818,331316,1536,1
1730,557764,169072,1536,1
1731,1030672,312164,1536,1
1732,547108,165730,1536,1
1733,739768,224068,1536,1
1734,790998,239633,1536,1
1735,649492,196812,1536,1
1736,898028,272151,1536,1
1737,1514370,459050,1536,1
1738,928820,281355,1536,1
1739,548386,166118,1536,1
1740,914964,277146,1536,1
1741,1540454,466551,1536,1
1742,1226458,371551,1536,1
1743,1052044,320666,1536,1
1744,661570,200386,1536,1
1745,688720,208652,1536,1
1746,1471732,445764,1536,1
1747,2282572,691414,1536,1
1748,1197374,362629,1536,1
1749,1013212,306893,1536,1
1750,1340452,405986,1536,1
1751,969658,293716,1536,1
1752,837158,253591,1536,1
1753,603538,182814,1536,1
1754,511132,154825,1536,1
1755,709698,214990,1536,1
1756,691772,209531,1536,1
1757,601170,182089,1536,1
1758,502550,152209,1536,1
1759,503626,152560,1536,1
1760,552110,167279,1536,1
1761,838502,253947,1536,1
1762,869194,263285,1536,1
1763,1093724,331245,1536,1
1764,1113486,337310,1536,1
1765,891204,270232,1536,1
1766,677610,205267,1536,1
1767,689118,208726,1536,1
1768,692522,209755,1536,1
1769,633934,192046,1536,1
1770,785684,237959,1536,1
1771,608798,184410,1536,1
1772,501838,152013,1536,1
1773,1272320,385359,1536,1
1774,1438410,435656,1536,1
1775,995102,301433,1536,1
1776,862374,261314,1536,1
1777,871136,263866,1536,1
1778,655912,198663,1536,1
1779,790578,239473,1536,1
1780,647554,196745,1536,1
1781,1911184,578863,1536,1
1782,924626,280070,1536,1
1783,2250642,682043,1536,1
1784,703432,213303,1536,1
1785,1418520,429698,1536,1
1786,883236,267529,1536,1
1787,1064188,322298,1536,1
1788,536308,162833,1536,1
1789,832142,252007,1536,1
1790,629366,190648,1536,1
1791,1114468,337522,1536,1
1792,637498,193110,1536,1
1793,966352,292670,1536,1
1794,460596,139543,1536,1
1795,789768,239239,1536,1
1796,415554,125970,1536,1
1797,636094,192652,1536,1
1798,429672,130137,1536,1
1799,1241480,376022,1536,1
1800,814028,246531,1536,1
1801,774616,234624,1536,1
1802,629272,190617,1536,1
1803,921668,279287,1536,1
1804,2330344,705912,1536,1
1805,1214224,367916,1536,1
1806,1277760,387126,1536,1
1807,1287040,389813,1536,1
1808,1561692,472983,1536,1
1809,1541686,466943,1536,1
1810,2913764,882574,1536,1
1811,984168,298105,1536,1
1812,853852,258662,1536,1
1813,775288,234909,1536,1
1814,656738,198930,1536,1
1815,516348,156406,1536,1
1816,517094,156642,1536,1
1817,604420,183081,1536,1
1818,925920,280464,1536,1
1819,954110,289115,1536,1
1820,1603542,485751,1536,1
1821,655714,198590,1536,1
1822,1398494,423698,1536,1
1823,883896,267732,1536,1
1824,1079368,326922,1536,1
1825,1045870,316807,1536,1
1826,804642,243726,1536,1
1827,1060282,322248,1536,1
1828,2146366,650252,1536,1
1829,1195645,362862,1536,1
1830,875154,265162,1536,1
1831,2490232,755687,1536,1
1832,2392544,724988,1536,1
1833,2129506,645343,1536,1
1834,962032,291608,1536,1
1835,801948,242923,1536,1
1836,891304,270177,1536,1
1837,1158022,350773,1536,1
1838,2839574,860670,1536,1
1839,5209766,1578647,1536,1
1840,4159524,1262739,1536,1
1841,2438909,739938,1536,1
1842,1108460,335762,1536,1
1843,1525606,462262,1536,1
1844,1689916,512225,1536,1
1845,1729964,525721,1536,1
1846,756130,229076,1536,1
1847,1263428,384474,1536,1
1848,1162894,352218,1536,1
1849,1933979,586038,1536,1
1850,1630404,493982,1536,1
1851,1917908,580917,1536,1
1852,942782,285580,1536,1
1853,974458,295214,1536,1
1854,547652,165917,1536,1
1855,1138912,344930,1536,1
1856,842486,255169,1536,1
1857,556406,168526,1536,1
1858,1181276,357759,1536,1
1859,498454,150996,1536,1
1860,581102,176007,1536,1
1861,1591514,482015,1536,1
1862,939680,284633,1536,1
1863,541312,163999,1536,1
1864,615456,186441,1536,1
1865,498470,150993,1536,1
1866,759464,230023,1536,1
1867,495616,150117,1536,1
1868,495410,150067,1536,1
1869,498370,150955,1536,1
1870,754816,228648,1536,1
1871,791460,239745,1536,1
1872,566510,171578,1536,1
1873,949196,287981,1536,1
1874,1105068,335185,1536,1
1875,899712,272602,1536,1
1876,473246,143359,1536,1
1877,549916,166570,1536,1
1878,953006,288699,1536,1
1879,1092834,331002,1536,1
1880,472154,143007,1536,1
1881,1637370,495891,1536,1
1882,471956,142951,1536,1
1883,476306,144462,1536,1
1884,1783422,540183,1536,1
1885,873158,264483,1536,1
1886,636932,192924,1536,1
1887,468180,141810,1536,1
1888,740320,224341,1536,1
1889,2407744,729180,1536,1
1890,1701868,515590,1536,1
1891,1164274,352626,1536,1
1892,636344,192740,1536,1
1893,1232522,373294,1536,1
1894,984884,298308,1536,1
1895,794706,240714,1536,1
1896,477684,144721,1536,1
1897,668838,202572,1536,1
1898,2079537,630245,1536,1
1899,838294,254069,1536,1
1900,668698,202554,1536,1
1901,1134074,343509,1536,1
1902,1082788,327986,1536,1
1903,1207362,365759,1536,1
1904,528256,160004,1536,1
1905,791542,239757,1536,1
1906,489152,148190,1536,1
1907,2218044,671843,1536,1
1908,905446,274289,1536,1
1909,1125336,340970,1536,1
1910,426168,129075,1536,1
1911,711582,215521,1536,1
1912,884314,267848,1536,1
1913,711876,215679,1536,1
1914,569470,172579,1536,1
1915,756020,229097,1536,1
1916,700980,212330,1536,1
1917,680954,206246,1536,1
1918,447492,135553,1536,1
1919,717496,217555,1536,1
1920,1254634,380035,1536,1
1921,865052,262223,1536,1
1922,600988,182263,1536,1
1923,479716,145388,1536,1
1924,959650,290662,1536,1
1925,463964,140541,1536,1
1926,556680,168608,1536,1
1927,602056,182384,1536,1
1928,494722,149877,1536,1
1929,737098,223235,1536,1
1930,512348,155201,1536,1
1931,526468,159496,1536,1
1932,554012,167792,1536,1
1933,469536,142211,1536,1
1934,542540,164363,1536,1
1935,1074823,326144,1536,1
1936,842022,255103,1536,1
1937,2407098,730702,1536,1
1938,467356,141569,1536,1
1939,974770,295223,1536,1
1940,1735404,525550,1536,1
1941,445546,134944,1536,1
1942,525644,159220,1536,1
1943,1128126,341644,1536,1
1944,447314,135498,1536,1
1945,444152,134539,1536,1
1946,1039714,314910,1536,1
1947,538788,163222,1536,1
1948,1057556,320306,1536,1
1949,1054090,319261,1536,1
1950,830394,252319,1536,1
1951,461366,139752,1536,1
1952,492200,149117,1536,1
1953,539410,163409,1536,1
1954,1361624,412762,1536,1
1955,1089466,330019,1536,1
1956,1288314,390729,1536,1
1957,764542,231598,1536,1
1958,1351548,409340,1536,1
1959,1159796,351272,1536,1
1960,956014,291922,1536,1
1961,1072116,324749,1536,1
1962,1188102,360237,1536,1
1963,1604314,486231,1536,1
1964,896540,271737,1536,1
1965,1021050,309270,1536,1
1966,2249100,681322,1536,1
1967,1207688,366288,1536,1
1968,3174658,962212,1536,1
1969,1518722,459994,1536,1
1970,1232660,373376,1536,1
1971,2987462,905602,1536,1
1972,1051860,318632,1536,1
1973,1250142,378939,1536,1
1974,1128710,341873,1536,1
1975,672578,203744,1536,1
1976,2404734,728292,1536,1
1977,1842772,558193,1536,1
1978,840196,254520,1536,1
1979,849282,257450,1536,1
1980,802628,243129,1536,1
1981,1085806,328845,1536,1
1982,1106188,335049,1536,1
1983,547468,165901,1536,1
1984,1013926,307171,1536,1
1985,1001314,303361,1536,1
1986,2284839,693015,1536,1
1987,3250276,984897,1536,1
1988,1382838,418811,1536,1
1989,713288,216069,1536,1
1990,1294268,392006,1536,1
1991,1100932,333475,1536,1
1992,914434,276993,1536,1
1993,913574,276939,1536,1
1994,797206,241517,1536,1
1995,1160440,352788,1536,1
1996,1822628,552016,1536,1
1997,567938,172037,1536,1
1998,652782,197718,1536,1
1999,568642,172238,1536,1
2000,619022,187649,1536,1
2001,1284588,389506,1536,1
2002,1462846,443258,1536,1
2003,2523738,769817,1536,1
2004,940219,285277,1536,1
2005,1119422,339142,1536,1
2006,971142,294148,1536,1
2007,923250,279653,1536,1
2008,2330834,711561,1536,1
2009,1489252,451069,1536,1
2010,1458506,441751,1536,1
2011,1123816,340624,1536,1
2012,523810,158681,1536,1
2013,1284660,389089,1536,1
2014,628514,190531,1536,1
2015,1413239,428721,1536,1
2016,1039232,314786,1536,1
2017,650086,196932,1536,1
2018,2236610,678007,1536,1
2019,2602024,788194,1536,1
2020,2945866,892138,1536,1
2021,1451200,439535,1536,1
2022,1080216,327169,1536,1
2023,516790,156565,1536,1
2024,586072,177516,1536,1
2025,500692,151672,1536,1
2026,1011894,306499,1536,1
2027,647142,196048,1536,1
2028,1474958,446718,1536,1
2029,1048568,317571,1536,1
2030,2149554,651008,1536,1
2031,1109592,337325,1536,1
2032,1065512,322737,1536,1
2033,583490,176743,1536,1
2034,1049552,318692,1536,1
2035,744066,225497,1536,1
2036,701588,212540,1536,1
2037,953150,288755,1536,1
2038,1232420,373315,1536,1
2039,1647252,499299,1536,1
2040,1063852,322227,1536,1
2041,1959868,594529,1536,1
2042,982990,297774,1536,1
2043,733680,222213,1536,1
2044,558272,169100,1536,1
2045,477678,144774,1536,1
2046,1041870,316022,1536,1
2047,1656464,502151,1536,1
2048,952414,288482,1536,1
2049,1208130,365934,1536,1
2050,1440876,437697,1536,1
2051,478896,145062,1536,1
2052,631588,191279,1536,1
2053,2588248,784206,1536,1
2054,2472929,749908,1536,1
2055,1529786,463673,1536,1
2056,1385754,419742,1536,1
2057,1184810,358874,1536,1
2058,1196760,362782,1536,1
2059,1260264,381723,1536,1
2060,11518555,3489560,1536,1
2061,1468703,444985,1536,1
2062,696340,210915,1536,1
2063,1961608,594518,1536,1
2064,1242886,376500,1536,1
2065,1920768,581715,1536,1
2066,529970,160632,1536,1
2067,1080494,327290,1536,1
2068,762706,231135,1536,1
2069,990016,299883,1536,1
2070,744336,225481,1536,1
2071,867118,262657,1536,1
2072,827128,250511,1536,1
2073,831196,251754,1536,1
2074,1691562,512564,1536,1
2075,1830240,554305,1536,1
2076,678744,206114,1536,1
2077,2193538,664824,1536,1
2078,4533317,1378501,1536,1
2079,582256,176400,1536,1
2080,1422048,430715,1536,1
2081,1604168,486206,1536,1
2082,675080,204487,1536,1
2083,833472,252546,1536,1
2084,689776,208952,1536,1
2085,780466,236377,1536,1
2086,1901612,576475,1536,1
2087,2111453,640199,1536,1
2088,748294,226676,1536,1
2089,516532,156467,1536,1
2090,1137346,344494,1536,1
2091,1618842,490293,1536,1
2092,1827274,554545,1536,1
2093,910574,275860,1536,1
2094,518566,157081,1536,1
2095,694338,210308,1536,1
2096,572942,173542,1536,1
2097,567412,171952,1536,1
2098,654298,198160,1536,1
2099,496336,150350,1536,1
2100,765958,232026,1536,1
2101,939034,284444,1536,1
2102,1113208,337172,1536,1
2103,734490,222442,1536,1
2104,735696,222830,1536,1
2105,554188,167968,1536,1
2106,1258992,381314,1536,1
2107,614632,186196,1536,1
2108,613350,185788,1536,1
2109,1006004,304708,1536,1
2110,526570,159530,1536,1
2111,485546,147059,1536,1
2112,732782,221963,1536,1
2113,991420,300344,1536,1
2114,1248054,378648,1536,1
2115,657992,199361,1536,1
2116,684408,207338,1536,1
2117,1097518,332873,1536,1
2118,1074272,325359,1536,1
2119,656134,198711,1536,1
2120,981122,297149,1536,1
2121,577810,175055,1536,1
2122,568932,172339,1536,1
2123,637398,193057,1536,1
2124,475940,144170,1536,1
2125,1038682,314566,1536,1
2126,592318,179438,1536,1
2127,659906,199903,1536,1
2128,555070,168201,1536,1
2129,999786,302900,1536,1
2130,634344,192137,1536,1
2131,522674,158325,1536,1
2132,605950,183559,1536,1
2133,1446100,438959,1536,1
2134,2210264,669402,1536,1
2135,1222390,370233,1536,1
2136,1060440,321265,1536,1
2137,1442562,436971,1536,1
2138,655324,198471,1536,1
2139,845422,256186,1536,1
2140,1103806,334335,1536,1
2141,3566202,1081497,1536,1
2142,1002624,303852,1536,1
2143,809170,245771,1536,1
2144,720458,218290,1536,1
2145,881300,267237,1536,1
2146,1052642,318858,1536,1
2147,1212376,367664,1536,1
2148,1075242,325647,1536,1
2149,903870,273801,1536,1
2150,1200978,363765,1536,1
2151,820182,248463,1536,1
2152,717208,217262,1536,1
2153,788680,238899,1536,1
2154,770354,233357,1536,1
2155,674882,204459,1536,1
2156,5053741,1531382,1536,1
2157,1024978,310508,1536,1
2158,1520495,461294,1536,1
2159,1534996,464898,1536,1
2160,785164,237833,1536,1
2161,1165402,353723,1536,1
2162,1159884,351674,1536,1
2163,2265710,686227,1536,1
2164,1659322,503965,1536,1
2165,8185833,2480525,1536,1
2166,847842,257191,1536,1
2167,859074,260218,1536,1
2168,1288344,390907,1536,1
2169,1062778,321916,1536,1
2170,1215614,368203,1536,1
2171,1828800,553961,1536,1
2172,1800002,545189,1536,1
2173,1523384,462120,1536,1
2174,738086,223561,1536,1
2175,730302,221234,1536,1
2176,1400460,424382,1536,1
2177,2365199,716898,1536,1
2178,775630,234946,1536,1
2179,787328,238663,1536,1
2180,1587802,481350,1536,1
2181,886830,268747,1536,1
2182,893506,271031,1536,1
2183,923478,279736,1536,1
2184,1529872,463414,1536,1
2185,809146,246049,1536,1
2186,2920270,884422,1536,1
2187,801306,242687,1536,1
2188,888352,269083,1536,1
2189,529142,160284,1536,1
2190,842914,255346,1536,1
2191,1473166,446174,1536,1
2192,2156096,656016,1536,1
2193,2077718,629265,1536,1
2194,575086,174247,1536,1
2195,621590,188304,1536,1
2196,499578,151310,1536,1
2197,2251104,681969,1536,1
2198,501548,151923,1536,1
2199,498414,150972,1536,1
2200,1295344,392386,1536,1
2201,505948,153255,1536,1
2202,943657,286290,1536,1
2203,1817888,550550,1536,1
2204,776564,235232,1536,1
2205,1131778,342785,1536,1
2206,885600,268284,1536,1
2207,967244,293098,1536,1
2208,662508,200672,1536,1
2209,550820,166846,1536,1
2210,905788,274336,1536,1
2211,1354710,410817,1536,1
2212,1370618,415861,1536,1
2213,1672576,506681,1536,1
2214,623412,188811,1536,1
2215,798976,242280,1536,1
2216,1062282,321925,1536,1
2217,1108318,335720,1536,1
2218,1052890,319193,1536,1
2219,783652,238096,1536,1
2220,3851196,1167158,1536,1
2221,1079805,327547,1536,1
2222,1823628,552724,1536,1
2223,623358,188837,1536,1
2224,554850,168089,1536,1
2225,784196,237537,1536,1
2226,983374,298578,1536,1
2227,1567200,476091,1536,1
2228,662556,200721,1536,1
2229,1019302,308838,1536,1
2230,1859780,563457,1536,1
2231,921464,279212,1536,1
2232,660192,200013,1536,1
2233,792232,239927,1536,1
2234,552364,167382,1536,1
2235,644540,195246,1536,1
2236,653964,198078,1536,1
2237,8909281,2702827,1536,1
2238,761080,230525,1536,1
2239,937114,283989,1536,1
2240,1560844,473508,1536,1
2241,983014,298419,1536,1
2242,841436,255617,1536,1
2243,1872348,567075,1536,1
2244,1034172,313356,1536,1
2245,1062010,321666,1536,1
2246,589922,178683,1536,1
2247,1637090,495898,1536,1
2248,872200,264162,1536,1
2249,688162,208432,1536,1
2250,1023646,310050,1536,1
2251,1409230,428076,1536,1
2252,1036892,314256,1536,1
2253,1265530,383367,1536,1
2254,611118,185103,1536,1
2255,1489426,451117,1536,1
2256,1146470,347248,1536,1
2257,1688288,511316,1536,1
2258,742040,224779,1536,1
2259,603616,182814,1536,1
2260,4602540,1394958,1536,1
2261,2161917,655506,1536,1
2262,566434,171611,1536,1
2263,614702,186225,1536,1
2264,1530832,463661,1536,1
2265,1609726,490435,1536,1
2266,1368958,414624,1536,1
2267,2079424,630062,1536,1
2268,786282,238189,1536,1
2269,1036674,314037,1536,1
2270,746524,226372,1536,1
2271,1966734,595715,1536,1
2272,534712,161970,1536,1
2273,1049766,318249,1536,1
2274,744630,225556,1536,1
2275,1143982,346512,1536,1
2276,3469295,1051199,1536,1
2277,1767585,535866,1536,1
2278,1257112,381258,1536,1
2279,1495518,452982,1536,1
2280,924616,280071,1536,1
2281,983700,298197,1536,1
2282,3389560,1027054,1536,1
2283,1609660,487508,1536,1
2284,1335202,404406,1536,1
2285,1119860,340293,1536,1
2286,2536801,768745,1536,1
2287,1196234,362318,1536,1
2288,2900064,878802,1536,1
2289,1171866,354949,1536,1
2290,956324,289633,1536,1
2291,1082934,328203,1536,1
2292,508834,154169,1536,1
2293,1164512,352705,1536,1
2294,790424,239423,1536,1
2295,656756,198933,1536,1
2296,1496096,453158,1536,1
2297,569550,172600,1536,1
2298,902446,273303,1536,1
2299,816704,247356,1536,1
2300,486542,147374,1536,1
2301,486582,147384,1536,1
2302,488892,148069,1536,1
2303,901664,273109,1536,1
2304,632152,191471,1536,1
2305,473040,143293,1536,1
2306,628516,190370,1536,1
2307,799034,242064,1536,1
2308,899132,272351,1536,1
2309,826976,250498,1536,1
2310,681222,206387,1536,1
2311,679197,205854,1536,1
2312,3261055,988074,1536,1
2313,760506,230437,1536,1
2314,569742,172580,1536,1
2315,485668,147129,1536,1
2316,566760,171667,1536,1
2317,568628,172234,1536,1
2318,1157642,350603,1536,1
2319,689350,208827,1536,1
2320,577818,175045,1536,1
2321,696156,210879,1536,1
2322,567598,171916,1536,1
2323,571890,173308,1536,1
2324,517940,156912,1536,1
2325,711858,215607,1536,1
2326,1096150,332161,1536,1
2327,512908,155391,1536,1
2328,3032847,918891,1536,1
2329,1486453,450333,1536,1
2330,828801,251359,1536,1
2331,575416,174301,1536,1
2332,1764792,535457,1536,1
2333,943490,285780,1536,1
2334,709848,215093,1536,1
2335,787064,238434,1536,1
2336,795186,240866,1536,1
2337,1279162,387727,1536,1
2338,1189620,360381,1536,1
2339,1957802,592948,1536,1
2340,962862,291669,1536,1
2341,1083469,329195,1536,1
2342,1042498,315756,1536,1
2343,6337876,1920614,1536,1
2344,12920132,3913922,1536,1
2345,1185626,359113,1536,1
2346,1838124,559202,1536,1
2347,827556,250800,1536,1
2348,1379038,417721,1536,1
2349,697136,211320,1536,1
2350,2058440,623432,1536,1
2351,711888,215658,1536,1
2352,1521132,461669,1536,1
2353,1169280,354381,1536,1
2354,2148580,651242,1536,1
2355,1454980,440675,1536,1
2356,2413272,730931,1536,1
2357,870264,263613,1536,1
2358,1032822,312842,1536,1
2359,1859532,563996,1536,1
2360,917822,278012,1536,1
2361,765460,232286,1536,1
2362,936340,283628,1536,1
2363,2603678,788591,1536,1
2364,1072326,324796,1536,1
2365,1151338,349465,1536,1
2366,1178724,357272,1536,1
2367,1040138,315070,1536,1
2368,2332330,706705,1536,1
2369,1799756,545511,1536,1
2370,1319691,400461,1536,1
2371,859988,260525,1536,1
2372,959784,291344,1536,1
2373,1755374,532490,1536,1
2374,7202579,2181538,1536,1
2375,600872,182005,1536,1
2376,641154,194205,1536,1
2377,835724,253122,1536,1
2378,1881438,569862,1536,1
2379,730804,221388,1536,1
2380,934524,283039,1536,1
2381,1659570,502818,1536,1
2382,670932,203256,1536,1
2383,919480,278518,1536,1
2384,544272,164865,1536,1
2385,1032848,312889,1536,1
2386,627352,190005,1536,1
2387,1155758,350030,1536,1
2388,810400,245480,1536,1
2389,1167358,353569,1536,1
2390,1833864,555369,1536,1
2391,1510836,457583,1536,1
2392,690982,209280,1536,1
2393,1282780,388836,1536,1
2394,674954,204439,1536,1
2395,1296498,392680,1536,1
2396,604514,183110,1536,1
2397,765900,232003,1536,1
2398,1441658,437241,1536,1
2399,601606,182333,1536,1
2400,1397660,424307,1536,1
2401,894188,270852,1536,1
2402,791028,239608,1536,1
2403,1275066,386261,1536,1
2404,1319110,399530,1536,1
2405,961378,291192,1536,1
2406,808456,244940,1536,1
2407,697268,211523,1536,1
2408,1078248,326636,1536,1
2409,717882,217427,1536,1
2410,814236,246701,1536,1
2411,751072,227515,1536,1
2412,635092,192362,1536,1
2413,1159435,352280,1536,1
2414,891658,271373,1536,1
2415,492054,149031,1536,1
2416,1070702,324410,1536,1
2417,837566,253751,1536,1
2418,945662,286581,1536,1
2419,483278,146474,1536,1
2420,543302,164574,1536,1
2421,461216,139707,1536,1
2422,1391700,421467,1536,1
2423,1089760,330128,1536,1
2424,760494,230547,1536,1
2425,994570,301213,1536,1
2426,449354,136118,1536,1
2427,1102616,333954,1536,1
2428,837924,253769,1536,1
2429,447864,135661,1536,1
2430,805618,244018,1536,1
2431,532396,161262,1536,1
2432,2276226,690727,1536,1
2433,659688,199831,1536,1
2434,812850,246186,1536,1
2435,1472276,446283,1536,1
2436,1015272,307715,1536,1
2437,511874,155050,1536,1
2438,481170,145763,1536,1
2439,431072,130576,1536,1
2440,963010,291654,1536,1
2441,712606,215832,1536,1
2442,695972,210791,1536,1
2443,409396,124012,1536,1
2444,837912,253776,1536,1
2445,411138,124538,1536,1
2446,600964,182045,1536,1
2447,713466,216090,1536,1
2448,449960,136320,1536,1
2449,781138,236562,1536,1
2450,777690,235569,1536,1
2451,564484,170976,1536,1
2452,733208,222077,1536,1
2453,517962,157005,1536,1
2454,433856,131402,1536,1
2455,553982,167820,1536,1
2456,529034,160227,1536,1
2457,449798,136317,1536,1
2458,529208,160300,1536,1
2459,1216842,368549,1536,1
2460,447414,135512,1536,1
2461,1186438,359404,1536,1
2462,1835098,556194,1536,1
2463,662578,200709,1536,1
2464,1018745,309178,1536,1
2465,771124,233578,1536,1
2466,2031920,615469,1536,1
2467,512518,155274,1536,1
2468,661624,200429,1536,1
2469,563338,170641,1536,1
2470,582586,176486,1536,1
2471,473970,143562,1536,1
2472,1196440,362395,1536,1
2473,778800,235999,1536,1
2474,1183780,358569,1536,1
2475,767258,232427,1536,1
2476,1086920,329359,1536,1
2477,899462,272500,1536,1
2478,1261554,382275,1536,1
2479,843778,255580,1536,1
2480,713252,216185,1536,1
2481,1790500,542471,1536,1
2482,2110098,639143,1536,1
2483,588116,178146,1536,1
2484,552524,167390,1536,1
2485,2707561,820766,1536,1
2486,1491514,452598,1536,1
2487,841000,254751,1536,1
2488,1276506,387643,1536,1
2489,835976,253188,1536,1
2490,798918,241996,1536,1
2491,1074656,325503,1536,1
2492,2034636,616203,1536,1
2493,1616608,489618,1536,1
2494,837478,253686,1536,1
2495,1577798,477879,1536,1
2496,1269988,384673,1536,1
2497,847224,256637,1536,1
2498,1132721,343575,1536,1
2499,821502,248818,1536,1
2500,1547824,468809,1536,1
2501,835178,252982,1536,1
2502,1228740,372170,1536,1
2503,1410122,427226,1536,1
2504,1054610,319720,1536,1
2505,1399440,423861,1536,1
2506,1749784,529946,1536,1
2507,892362,270274,1536,1
2508,535102,162067,1536,1
2509,807000,244427,1536,1
2510,2355154,714251,1536,1
2511,1380000,418021,1536,1
2512,957186,289957,1536,1
2513,2168299,657275,1536,1
2514,2258540,684194,1536,1
2515,619740,187722,1536,1
2516,1316888,398823,1536,1
2517,512198,155149,1536,1
2518,676530,204909,1536,1
2519,862886,261446,1536,1
2520,841426,254842,1536,1
2521,841994,255018,1536,1
2522,621244,188172,1536,1
2523,1140082,345309,1536,1
2524,943486,285932,1536,1
2525,505782,153634,1536,1
2526,842754,255705,1536,1
2527,585176,177251,1536,1
2528,934042,282916,1536,1
2529,571218,173012,1536,1
2530,735736,222842,1536,1
2531,571142,172987,1536,1
2532,2013840,609974,1536,1
2533,873544,264814,1536,1
2534,821742,248920,1536,1
2535,817226,247514,1536,1
2536,1310380,397126,1536,1
2537,1249952,378596,1536,1
2538,789596,239149,1536,1
2539,456086,138138,1536,1
2540,951102,288211,1536,1
2541,725684,220896,1536,1
2542,862852,261461,1536,1
2543,486928,147521,1536,1
2544,458950,139025,1536,1
2545,455588,137987,1536,1
2546,618980,187620,1536,1
2547,686748,208106,1536,1
2548,1631860,494848,1536,1
2549,1435408,434991,1536,1
2550,775430,235071,1536,1
2551,444096,134525,1536,1
2552,681150,206296,1536,1
2553,1083086,329043,1536,1
2554,643226,194821,1536,1
2555,606788,183817,1536,1
2556,567556,171897,1536,1
2557,1007030,304985,1536,1
2558,1485473,450352,1536,1
2559,1167916,353748,1536,1
2560,584844,177147,1536,1
2561,433020,131163,1536,1
2562,891492,270070,1536,1
2563,665568,201591,1536,1
2564,1616204,490052,1536,1
2565,519766,157439,1536,1
2566,1250560,378845,1536,1
2567,792696,240085,1536,1
2568,497736,150763,1536,1
2569,849426,257263,1536,1
2570,458766,138986,1536,1
2571,499510,151300,1536,1
2572,548210,166057,1536,1
2573,801806,242877,1536,1
2574,722012,218679,1536,1
2575,418006,126620,1536,1
2576,780030,236269,1536,1
2577,436192,132130,1536,1
2578,1374516,416329,1536,1
2579,486094,147239,1536,1
2580,671104,203282,1536,1
2581,598616,181315,1536,1
2582,1649436,499631,1536,1
2583,552776,167412,1536,1
2584,482000,145999,1536,1
2585,554586,167975,1536,1
2586,982042,297582,1536,1
2587,556786,168631,1536,1
2588,1085552,328885,1536,1
2589,815814,247069,1536,1
2590,857496,259685,1536,1
2591,640636,194035,1536,1
2592,484248,146732,1536,1
2593,621084,188150,1536,1
2594,652592,197885,1536,1
2595,636544,192875,1536,1
2596,416372,126108,1536,1
2597,443554,134383,1536,1
2598,726492,220083,1536,1
2599,1963590,594720,1536,1
2600,587746,178044,1536,1
2601,669724,202867,1536,1
2602,498604,151026,1536,1
2603,1302190,394431,1536,1
2604,1383586,420294,1536,1
2605,438428,132809,1536,1
2606,2409126,730578,1536,1
2607,898434,272148,1536,1
2608,2007109,608382,1536,1
2609,900306,272715,1536,1
2610,1024992,310619,1536,1
2611,625636,189539,1536,1
2612,663906,201118,1536,1
2613,567980,172040,1536,1
2614,617192,186982,1536,1
2615,3132752,949084,1536,1
2616,1089350,329947,1536,1
2617,1113248,337350,1536,1
2618,660692,200123,1536,1
2619,2012632,609781,1536,1
2620,1967710,596553,1536,1
2621,1731894,524522,1536,1
2622,1071246,324474,1536,1
2623,10705380,3244024,1536,1
2624,1113084,337153,1536,1
2625,1095888,331960,1536,1
2626,1520560,460539,1536,1
2627,1177298,367326,1536,1
2628,842674,255595,1536,1
2629,1525440,462899,1536,1
2630,2319066,702675,1536,1
2631,1132960,343468,1536,1
2632,2170410,657277,1536,1
2633,1505252,455977,1536,1
2634,1244370,376940,1536,1
2635,570444,172828,1536,1
2636,857054,259807,1536,1
2637,1563204,474220,1536,1
2638,543394,164587,1536,1
2639,1027252,311156,1536,1
2640,971126,294196,1536,1
2641,971150,294336,1536,1
2642,710008,215057,1536,1
2643,543668,164678,1536,1
2644,1055018,319530,1536,1
2645,789526,239744,1536,1
2646,850016,257481,1536,1
2647,855980,259297,1536,1
2648,1439962,436553,1536,1
2649,1363008,412818,1536,1
2650,762552,230992,1536,1
2651,1235278,374333,1536,1
2652,531648,161083,1536,1
2653,499676,151335,1536,1
2654,856484,259441,1536,1
2655,670864,203197,1536,1
2656,497660,150749,1536,1
2657,501148,151807,1536,1
2658,503782,152607,1536,1
2659,675320,204619,1536,1
2660,805852,244266,1536,1
2661,653610,197976,1536,1
2662,898066,271993,1536,1
2663,1195068,361938,1536,1
2664,1000028,302984,1536,1
2665,647806,196239,1536,1
2666,1535916,465655,1536,1
2667,770562,234172,1536,1
2668,471478,142818,1536,1
2669,1109974,336322,1536,1
2670,951684,288229,1536,1
2671,730304,221271,1536,1
2672,508332,153979,1536,1
2673,682030,206580,1536,1
2674,960370,291022,1536,1
2675,913390,276633,1536,1
2676,2524964,764661,1536,1
2677,966800,293240,1536,1
2678,930120,281694,1536,1
2679,559950,169639,1536,1
2680,446888,135373,1536,1
2681,616446,186711,1536,1
2682,1063202,322021,1536,1
2683,981262,297207,1536,1
2684,504798,152897,1536,1
2685,506310,153387,1536,1
2686,1469152,444923,1536,1
2687,836160,253266,1536,1
2688,469100,142085,1536,1
2689,1202066,364080,1536,1
2690,651724,197464,1536,1
2691,714020,216264,1536,1
2692,718288,217548,1536,1
2693,1420098,431936,1536,1
2694,736182,223035,1536,1
2695,475276,143967,1536,1
2696,792010,239880,1536,1
2697,1012086,306547,1536,1
2698,472016,142965,1536,1
2699,777626,235550,1536,1
2700,1374856,416414,1536,1
2701,2012860,610227,1536,1
2702,829310,251233,1536,1
2703,509224,154240,1536,1
2704,1355992,410686,1536,1
2705,570146,172677,1536,1
2706,484368,146730,1536,1
2707,848166,256912,1536,1
2708,733178,222047,1536,1
2709,1626734,492812,1536,1
2710,984106,298053,1536,1
2711,1292544,391473,1536,1
2712,834870,252883,1536,1
2713,471280,142764,1536,1
2714,468032,141774,1536,1
2715,632718,191646,1536,1
2716,1630756,493969,1536,1
2717,697802,211341,1536,1
2718,625070,189415,1536,1
2719,709442,214903,1536,1
2720,476202,144249,1536,1
2721,870130,263638,1536,1
2722,559062,169347,1536,1
2723,635150,192384,1536,1
2724,811982,246451,1536,1
2725,1125230,340866,1536,1
2726,1550922,470098,1536,1
2727,770784,233453,1536,1
2728,1727792,524530,1536,1
2729,3750422,1137733,1536,1
2730,1207394,366162,1536,1
2731,1561370,473158,1536,1
2732,1881639,570264,1536,1
2733,847624,256750,1536,1
2734,1147888,347766,1536,1
2735,1605636,486337,1536,1
2736,1132652,343219,1536,1
2737,1509290,457184,1536,1
2738,1321032,400126,1536,1
2739,1487764,450609,1536,1
2740,1038166,314744,1536,1
2741,1201046,363833,1536,1
2742,1368314,414444,1536,1
2743,1118386,339193,1536,1
2744,1307357,396764,1536,1
2745,1652531,501068,1536,1
2746,717032,217182,1536,1
2747,1045660,316879,1536,1
2748,1185006,359098,1536,1
2749,1064220,322559,1536,1
2750,2328416,705778,1536,1
2751,640392,194014,1536,1
2752,963608,291847,1536,1
2753,516688,156506,1536,1
2754,886140,268419,1536,1
2755,899998,272670,1536,1
2756,1023424,309988,1536,1
2757,1531187,464183,1536,1
2758,1150210,348719,1536,1
2759,7625868,2310414,1536,1
2760,595836,180506,1536,1
2761,1017972,308351,1536,1
2762,1562958,473360,1536,1
2763,527578,159813,1536,1
2764,607852,184126,1536,1
2765,793292,240296,1536,1
2766,662086,200538,1536,1
2767,484484,146740,1536,1
2768,813296,246334,1536,1
2769,485860,147176,1536,1
2770,1355562,410686,1536,1
2771,485958,147205,1536,1
2772,583776,176852,1536,1
2773,566048,171459,1536,1
2774,568138,172093,1536,1
2775,566904,171693,1536,1
2776,568928,172334,1536,1
2777,650050,196872,1536,1
2778,653974,198088,1536,1
2779,783282,237264,1536,1
2780,490572,148602,1536,1
2781,488088,147832,1536,1
2782,1459832,442113,1536,1
2783,623488,188875,1536,1
2784,723882,219276,1536,1
2785,710054,215289,1536,1
2786,498194,150921,1536,1
2787,635080,192347,1536,1
2788,781568,237203,1536,1
2789,587392,177949,1536,1
2790,501144,151808,1536,1
2791,501260,151840,1536,1
2792,501906,152022,1536,1
2793,1052110,318669,1536,1
2794,1264290,382894,1536,1
2795,712122,215719,1536,1
2796,503670,152572,1536,1
2797,499412,151267,1536,1
2798,3641294,1103074,1536,1
2799,778346,235774,1536,1
2800,866284,262466,1536,1
2801,494836,149872,1536,1
2802,637200,192979,1536,1
2803,649398,196799,1536,1
2804,514970,156014,1536,1
2805,493582,149536,1536,1
2806,548854,166236,1536,1
2807,1196178,362377,1536,1
2808,554544,167974,1536,1
2809,622202,188462,1536,1
2810,1602421,486045,1536,1
2811,801230,242669,1536,1
2812,598094,181145,1536,1
2813,485304,147004,1536,1
2814,467434,141595,1536,1
2815,462480,140088,1536,1
2816,565288,171248,1536,1
2817,1305018,395244,1536,1
2818,461230,139813,1536,1
2819,599932,181749,1536,1
2820,447446,135538,1536,1
2821,727616,220402,1536,1
2822,1588360,481023,1536,1
2823,732718,221939,1536,1
2824,528778,160192,1536,1
2825,435646,131955,1536,1
2826,479802,145339,1536,1
2827,1640076,497440,1536,1
2828,794326,240601,1536,1
2829,903880,273753,1536,1
2830,520412,157634,1536,1
2831,520344,157615,1536,1
2832,675266,204516,1536,1
2833,601458,182177,1536,1
2834,449804,136334,1536,1
2835,745892,225985,1536,1
2836,729200,220858,1536,1
2837,677918,205351,1536,1
2838,657200,199043,1536,1
2839,605142,183295,1536,1
2840,1871596,567022,1536,1
2841,1808999,548498,1536,1
2842,1063884,322230,1536,1
2843,1389108,420724,1536,1
2844,656926,198974,1536,1
2845,513932,155661,1536,1
2846,435616,131958,1536,1
2847,432720,131069,1536,1
2848,730334,221202,1536,1
2849,448914,135984,1536,1
2850,525748,159253,1536,1
2851,445524,134947,1536,1
2852,487600,147721,1536,1
2853,750768,227389,1536,1
2854,745112,225681,1536,1
2855,495490,150112,1536,1
2856,597434,180947,1536,1
2857,615358,186491,1536,1
2858,1176718,356864,1536,1
2859,926414,280601,1536,1
2860,458740,138963,1536,1
2861,1211716,366998,1536,1
2862,712926,215957,1536,1
2863,967776,293184,1536,1
2864,1875366,568538,1536,1
2865,854582,258853,1536,1
2866,11424091,3460673,1536,1
2867,942192,285382,1536,1
2868,1385234,421016,1536,1
2869,2211330,669736,1536,1
2870,1509162,457105,1536,1
2871,1892190,573534,1536,1
2872,758458,229753,1536,1
2873,1599318,484373,1536,1
2874,1310812,398656,1536,1
2875,1299742,393665,1536,1
2876,1364758,413346,1536,1
2877,1334034,404750,1536,1
2878,1005014,304714,1536,1
2879,1080778,328008,1536,1
2880,1186324,359285,1536,1
2881,2206576,668893,1536,1
2882,532760,161380,1536,1
2883,906894,274679,1536,1
2884,888622,269352,1536,1
2885,819482,248284,1536,1
2886,1068532,323620,1536,1
2887,1126952,341338,1536,1
2888,499352,151261,1536,1
2889,985766,298624,1536,1
2890,950756,287984,1536,1
2891,2458274,745456,1536,1
2892,710130,215090,1536,1
2893,1180336,357532,1536,1
2894,1767820,535436,1536,1
2895,673706,204059,1536,1
2896,586880,177766,1536,1
2897,486344,147325,1536,1
2898,1151134,348657,1536,1
2899,672060,203585,1536,1
2900,661950,200499,1536,1
2901,1307204,395862,1536,1
2902,651752,197410,1536,1
2903,978594,296412,1536,1
2904,958896,290584,1536,1
2905,684224,207316,1536,1
2906,1672912,506649,1536,1
2907,1662942,503954,1536,1
2908,969688,294022,1536,1
2909,1085221,328977,1536,1
2910,1613651,489024,1536,1
2911,1676268,509814,1536,1
2912,574284,173986,1536,1
2913,999378,302917,1536,1
2914,1183038,358575,1536,1
2915,943994,285929,1536,1
2916,832014,252093,1536,1
2917,2186260,662350,1536,1
2918,847138,256631,1536,1
2919,630416,190967,1536,1
2920,849934,257418,1536,1
2921,1756902,532121,1536,1
2922,541212,163963,1536,1
2923,553982,167802,1536,1
2924,1378780,417585,1536,1
2925,1015656,307832,1536,1
2926,1599126,484361,1536,1
2927,1931808,585207,1536,1
2928,838028,253846,1536,1
2929,2383056,721817,1536,1
2930,841472,254996,1536,1
2931,648246,196425,1536,1
2932,869830,263599,1536,1
2933,930498,281841,1536,1
2934,759738,230524,1536,1
2935,775586,235907,1536,1
2936,1174154,355875,1536,1
2937,1059598,320948,1536,1
2938,2277310,691672,1536,1
2939,4937194,1496285,1536,1
2940,540326,163694,1536,1
2941,1634832,495257,1536,1
2942,915400,277320,1536,1
2943,2722551,825435,1536,1
2944,499586,151391,1536,1
2945,517742,156829,1536,1
2946,574134,173902,1536,1
2947,484464,146745,1536,1
2948,1010508,306130,1536,1
2949,611998,185396,1536,1
2950,1076884,326598,1536,1
2951,1949452,590395,1536,1
2952,1363338,412947,1536,1
2953,1505000,455851,1536,1
2954,559288,169446,1536,1
2955,1032288,312679,1536,1
2956,5298474,1605647,1536,1
2957,2068168,626686,1536,1
2958,933764,282843,1536,1
2959,1479394,448058,1536,1
2960,1658834,502671,1536,1
2961,1059282,320814,1536,1
2962,1317114,398915,1536,1
2963,1209252,366255,1536,1
2964,849278,257257,1536,1
2965,1634966,495565,1536,1
2966,1571634,476448,1536,1
2967,2623883,795188,1536,1
2968,2590090,784736,1536,1
2969,1924157,583141,1536,1
2970,1059758,320964,1536,1
2971,617052,186934,1536,1
2972,679216,205728,1536,1
2973,894732,271020,1536,1
2974,1072864,325135,1536,1
2975,1195430,362611,1536,1
2976,1760386,536726,1536,1
2977,645874,195658,1536,1
2978,553458,167666,1536,1
2979,571068,172954,1536,1
2980,492160,149281,1536,1
2981,551250,167091,1536,1
2982,824390,249720,1536,1
2983,2587896,785154,1536,1
2984,722842,218966,1536,1
2985,688926,208739,1536,1
2986,638392,193398,1536,1
2987,1039246,314775,1536,1
2988,896983,272140,1536,1
2989,751702,227705,1536,1
2990,590040,178815,1536,1
2991,946746,286733,1536,1
2992,1269422,385401,1536,1
2993,1837395,557837,1536,1
2994,1468420,444778,1536,1
2995,771718,233740,1536,1
2996,1332950,403726,1536,1
2997,955852,289533,1536,1
2998,1223814,371245,1536,1
2999,1769968,536047,1536,1
3000,689110,209009,1536,1
3001,704984,213562,1536,1
3002,980664,297032,1536,1
3003,1310118,397142,1536,1
3004,1234174,373838,1536,1
3005,627408,190026,1536,1
3006,683640,207584,1536,1
3007,863692,261618,1536,1
3008,745566,225834,1536,1
3009,1401561,544670,1536,1
3010,925758,280401,1536,1
3011,897368,271904,1536,1
3012,899656,272467,1536,1
3013,651340,197310,1536,1
3014,867704,262810,1536,1
3015,573630,173850,1536,1
3016,840154,254495,1536,1
3017,1710176,518594,1536,1
3018,1708724,518089,1536,1
3019,513478,155575,1536,1
3020,484488,146762,1536,1
3021,718314,217708,1536,1
3022,2258410,684732,1536,1
3023,949406,287594,1536,1
3024,754510,228543,1536,1
3025,823950,249550,1536,1
3026,1159704,351222,1536,1
3027,565816,171383,1536,1
3028,482422,146210,1536,1
3029,945812,286478,1536,1
3030,1026770,310996,1536,1
3031,523170,158497,1536,1
3032,769362,233169,1536,1
3033,1027920,311374,1536,1
3034,925618,280537,1536,1
3035,1019158,308695,1536,1
3036,478112,144851,1536,1
3037,2171350,657853,1536,1
3038,623700,188917,1536,1
3039,3670379,1112902,1536,1
3040,1388970,420692,1536,1
3041,1017440,308189,1536,1
3042,1712967,519091,1536,1
3043,1107026,335282,1536,1
3044,1266206,383856,1536,1
3045,2092172,633622,1536,1
3046,904150,275296,1536,1
3047,941234,285200,1536,1
3048,1248764,379155,1536,1
3049,2168102,657510,1536,1
3050,778242,235760,1536,1
3051,1563940,474339,1536,1
3052,1164534,352933,1536,1
3053,848022,256920,1536,1
3054,1892030,573635,1536,1
3055,908140,275056,1536,1
3056,1097356,332523,1536,1
3057,1912056,579203,1536,1
3058,1446166,438071,1536,1
3059,1523282,461472,1536,1
3060,1245674,377311,1536,1
3061,2746790,832974,1536,1
3062,842188,255128,1536,1
3063,2311149,700954,1536,1
3064,1457815,442460,1536,1
3065,1292034,391430,1536,1
3066,1076950,326210,1536,1
3067,2521624,764013,1536,1
3068,1340286,406076,1536,1
3069,988580,299466,1536,1
3070,1147804,347688,1536,1
3071,1764070,534557,1536,1
3072,1061394,321568,1536,1
3073,1965486,595503,1536,1
3074,956924,290060,1536,1
3075,1840305,557715,1536,1
3076,1738419,527211,1536,1
3077,870262,263622,1536,1
3078,625340,189419,1536,1
3079,544690,165026,1536,1
3080,535426,162286,1536,1
3081,1056550,319993,1536,1
3082,1820548,551928,1536,1
3083,1692522,512595,1536,1
3084,567816,171982,1536,1
3085,675204,204508,1536,1
3086,596872,180820,1536,1
3087,1760080,533131,1536,1
3088,1990372,603792,1536,1
3089,1747722,529504,1536,1
3090,1005832,305150,1536,1
3091,2938118,891549,1536,1
3092,500020,151457,1536,1
3093,816204,247349,1536,1
3094,635008,192390,1536,1
3095,1490002,451442,1536,1
3096,677464,205197,1536,1
3097,919270,278519,1536,1
3098,1236278,374437,1536,1
3099,1252904,379818,1536,1
3100,1836616,556670,1536,1
3101,989162,299612,1536,1
3102,571690,173162,1536,1
3103,738152,223579,1536,1
3104,906532,274558,1536,1
3105,543232,164576,1536,1
3106,588090,178451,1536,1
3107,732732,222097,1536,1
3108,629494,190693,1536,1
3109,831752,251957,1536,1
3110,1104906,334823,1536,1
3111,1780414,539859,1536,1
3112,1314030,399122,1536,1
3113,1309182,396857,1536,1
3114,1276512,386713,1536,1
3115,1544198,467995,1536,1
3116,1054238,320059,1536,1
3117,804056,243561,1536,1
3118,1318484,399356,1536,1
3119,570798,172922,1536,1
3120,714492,216451,1536,1
3121,1972438,599280,1536,1
3122,1277608,387189,1536,1
3123,884190,267836,1536,1
3124,1482022,449083,1536,1
3125,922636,279465,1536,1
3126,1428386,432626,1536,1
3127,7748216,2347837,1536,1
3128,1149352,348141,1536,1
3129,568712,172296,1536,1
3130,573626,173776,1536,1
3131,1001649,303785,1536,1
3132,3042591,921795,1536,1
3133,908482,275359,1536,1
3134,731996,221815,1536,1
3135,1311910,397443,1536,1
3136,1611526,488172,1536,1
3137,665060,201578,1536,1
3138,1170164,354464,1536,1
3139,703144,213203,1536,1
3140,1166734,353799,1536,1
3141,1699654,516247,1536,1
3142,2607414,790071,1536,1
3143,783756,237580,1536,1
3144,846670,256507,1536,1
3145,977282,296013,1536,1
3146,566964,171761,1536,1
3147,820436,248577,1536,1
3148,941660,285228,1536,1
3149,1767834,535424,1536,1
3150,1117712,338534,1536,1
3151,893274,270739,1536,1
3152,1538949,466479,1536,1
3153,1273680,385755,1536,1
3154,1899314,575980,1536,1
3155,2017464,611008,1536,1
3156,1533716,464567,1536,1
3157,886122,268392,1536,1
3158,1843012,559015,1536,1
3159,1138782,345285,1536,1
3160,983758,297983,1536,1
3161,1561914,473055,1536,1
3162,2405375,729591,1536,1
3163,1197260,362789,1536,1
3164,1095002,331669,1536,1
3165,1597934,484061,1536,1
3166,1074898,325692,1536,1
3167,1209616,366680,1536,1
3168,941068,285562,1536,1
3169,935726,283406,1536,1
3170,837050,253527,1536,1
3171,1905236,578457,1536,1
3172,528888,160207,1536,1
3173,711432,215482,1536,1
3174,532772,161389,1536,1
3175,969560,294024,1536,1
3176,1584856,480166,1536,1
3177,645514,195546,1536,1
3178,704608,213446,1536,1
3179,1445472,437910,1536,1
3180,803572,243378,1536,1
3181,635492,192520,1536,1
3182,1563502,474777,1536,1
3183,975254,295497,1536,1
3184,749188,226949,1536,1
3185,600442,181886,1536,1
3186,504748,152880,1536,1
3187,589636,178709,1536,1
3188,816864,247439,1536,1
3189,1634138,495648,1536,1
3190,1400138,424058,1536,1
3191,865332,262405,1536,1
3192,1831070,558624,1536,1
3193,1520922,461075,1536,1
3194,1239184,375639,1536,1
3195,808321,245034,1536,1
3196,485846,147176,1536,1
3197,659378,199720,1536,1
3198,980618,297728,1536,1
3199,951864,288455,1536,1
3200,914806,277419,1536,1
3201,1114020,337511,1536,1
3202,659632,199820,1536,1
3203,878554,266085,1536,1
3204,823408,249431,1536,1
3205,460602,139525,1536,1
3206,557810,168965,1536,1
3207,917164,278880,1536,1
3208,631280,191574,1536,1
3209,625040,189300,1536,1
3210,618126,187224,1536,1
3211,1623342,491642,1536,1
3212,1340996,406141,1536,1
3213,602010,182370,1536,1
3214,507716,153800,1536,1
3215,1432806,433920,1536,1
3216,803969,244438,1536,1
3217,566678,171674,1536,1
3218,963192,291827,1536,1
3219,487896,147788,1536,1
3220,688994,208714,1536,1
3221,1378865,418199,1536,1
3222,886492,268532,1536,1
3223,950404,287937,1536,1
3224,940920,284972,1536,1
3225,2221124,673059,1536,1
3226,597148,180906,1536,1
3227,627786,190182,1536,1
3228,602348,182453,1536,1
3229,961610,291245,1536,1
3230,780462,236395,1536,1
3231,513130,155435,1536,1
3232,657730,199251,1536,1
3233,960664,290959,1536,1
3234,797126,241617,1536,1
3235,607188,183997,1536,1
3236,930082,281748,1536,1
3237,2071851,628204,1536,1
3238,609496,184622,1536,1
3239,594328,180017,1536,1
3240,1208258,366580,1536,1
3241,728062,220522,1536,1
3242,788162,238916,1536,1
3243,1083959,328658,1536,1
3244,1086502,329649,1536,1
3245,1655954,502535,1536,1
3246,1619848,491036,1536,1
3247,672050,203950,1536,1
3248,1858002,563327,1536,1
3249,1236174,374462,1536,1
3250,701712,212555,1536,1
3251,775942,235048,1536,1
3252,812314,246061,1536,1
3253,6197737,1878976,1536,1
3254,1209587,366570,1536,1
3255,1759946,533359,1536,1
3256,1442588,437009,1536,1
3257,1685480,510578,1536,1
3258,1142326,346889,1536,1
3259,1082646,327935,1536,1
3260,1162760,352414,1536,1
3261,837502,253768,1536,1
3262,888120,269176,1536,1
3263,793706,240435,1536,1
3264,1538253,466537,1536,1
3265,1392354,422094,1536,1
3266,1155174,349884,1536,1
3267,796398,241231,1536,1
3268,1559686,472714,1536,1
3269,1270702,384901,1536,1
3270,1999340,605746,1536,1
3271,1866082,565173,1536,1
3272,2343488,710233,1536,1
3273,780948,236586,1536,1
3274,5292643,1604541,1536,1
3275,2507594,762924,1536,1
3276,789396,239123,1536,1
3277,1304368,395037,1536,1
3278,868284,262988,1536,1
3279,754008,228745,1536,1
3280,1416160,429006,1536,1
3281,902542,273356,1536,1
3282,817782,247843,1536,1
3283,1251642,379211,1536,1
3284,1048796,317668,1536,1
3285,531612,161035,1536,1
3286,4288977,1299732,1536,1
3287,516228,156373,1536,1
3288,1275372,386280,1536,1
3289,727824,220474,1536,1
3290,2132388,646530,1536,1
3291,597194,180962,1536,1
3292,542484,164351,1536,1
3293,1323660,400999,1536,1
3294,607926,184146,1536,1
3295,2103672,637996,1536,1
3296,893920,270751,1536,1
3297,733124,222078,1536,1
3298,987906,299237,1536,1
3299,1252676,379752,1536,1
3300,666094,201782,1536,1
3301,525720,159225,1536,1
3302,1928860,584548,1536,1
3303,497460,150690,1536,1
3304,933014,282583,1536,1
3305,491878,148974,1536,1
3306,930404,281787,1536,1
3307,582990,176584,1536,1
3308,1192730,361226,1536,1
3309,888116,269011,1536,1
3310,500302,151552,1536,1
3311,581666,176187,1536,1
3312,690972,209288,1536,1
3313,672772,203781,1536,1
3314,751788,227678,1536,1
3315,885074,268273,1536,1
3316,852902,258358,1536,1
3317,834560,252836,1536,1
3318,675904,204794,1536,1
3319,2302022,697775,1536,1
3320,1052152,318685,1536,1
3321,743106,225068,1536,1
3322,570404,172755,1536,1
3323,1647582,498976,1536,1
3324,817968,247738,1536,1
3325,819552,248219,1536,1
3326,571630,173144,1536,1
3327,657884,199261,1536,1
3328,2660377,806842,1536,1
3329,634008,192059,1536,1
3330,513170,155469,1536,1
3331,473098,143311,1536,1
3332,818074,247796,1536,1
3333,1047006,317092,1536,1
3334,822438,249198,1536,1
3335,1271144,384993,1536,1
3336,579696,175776,1536,1
3337,712862,215939,1536,1
3338,550148,166768,1536,1
3339,1139270,345056,1536,1
3340,850158,257485,1536,1
3341,803502,243467,1536,1
3342,459512,139190,1536,1
3343,1074320,325356,1536,1
3344,805760,244066,1536,1
3345,847114,256564,1536,1
3346,645884,195648,1536,1
3347,492524,149218,1536,1
3348,671298,203305,1536,1
3349,565716,171358,1536,1
3350,673876,204085,1536,1
3351,674900,204417,1536,1
3352,504506,152848,1536,1
3353,529832,160489,1536,1
3354,540078,163610,1536,1
3355,1040430,315125,1536,1
3356,843474,255498,1536,1
3357,665504,201570,1536,1
3358,547324,165805,1536,1
3359,509640,154354,1536,1
3360,435852,132009,1536,1
3361,877682,265818,1536,1
3362,433912,131439,1536,1
3363,509850,154435,1536,1
3364,656380,198802,1536,1
3365,861904,261067,1536,1
3366,498824,151121,1536,1
3367,599454,181559,1536,1
3368,826834,250422,1536,1
3369,1415124,428792,1536,1
3370,459768,139272,1536,1
3371,656712,198897,1536,1
3372,1059706,320993,1536,1
3373,556282,168502,1536,1
3374,1415580,428728,1536,1
3375,517318,156734,1536,1
3376,942914,285722,1536,1
3377,680840,206242,1536,1
3378,599724,181682,1536,1
3379,722700,218894,1536,1
3380,2166192,656529,1536,1
3381,870880,263910,1536,1
3382,543514,164633,1536,1
3383,457468,138580,1536,1
3384,902934,274244,1536,1
3385,2803462,849449,1536,1
3386,1498412,453812,1536,1
3387,719142,217836,1536,1
3388,739568,224037,1536,1
3389,1384812,419875,1536,1
3390,1167030,353703,1536,1
3391,1195258,362030,1536,1
3392,1669292,505578,1536,1
3393,883288,267904,1536,1
3394,2971260,901003,1536,1
3395,8480694,2579707,1536,1
3396,1405610,425749,1536,1
3397,1036828,314101,1536,1
3398,1427618,432422,1536,1
3399,1425362,431725,1536,1
3400,830726,251941,1536,1
3401,1401280,424455,1536,1
3402,700222,212117,1536,1
3403,610996,185105,1536,1
3404,2317971,703431,1536,1
3405,569874,172651,1536,1
3406,1276820,387478,1536,1
3407,1174382,355717,1536,1
3408,1536014,465843,1536,1
3409,1331184,403429,1536,1
3410,2109172,639233,1536,1
3411,2820256,855536,1536,1
3412,972066,294439,1536,1
3413,674960,204545,1536,1
3414,2276768,689756,1536,1
3415,1133266,343256,1536,1
3416,721704,218598,1536,1
3417,823388,249502,1536,1
3418,910154,275695,1536,1
3419,830832,251666,1536,1
3420,1112580,337134,1536,1
3421,1281090,388013,1536,1
3422,695396,210706,1536,1
3423,4119484,1248902,1536,1
3424,1680232,509142,1536,1
3425,2139188,647855,1536,1
3426,1830362,554808,1536,1
3427,1200454,364341,1536,1
3428,1680760,508993,1536,1
3429,1137570,345454,1536,1
3430,2012114,609971,1536,1
3431,1347368,408081,1536,1
3432,1152608,349671,1536,1
3433,1128636,341893,1536,1
3434,830800,251759,1536,1
3435,1243736,376702,1536,1
3436,778572,235925,1536,1
3437,1948168,590020,1536,1
3438,1945778,589286,1536,1
3439,875308,265130,1536,1
3440,1022304,309672,1536,1
3441,616762,186847,1536,1
3442,1429904,433082,1536,1
3443,855694,259562,1536,1
3444,1326174,401663,1536,1
3445,1131470,342708,1536,1
3446,772270,233936,1536,1
3447,1458378,441672,1536,1
3448,833928,252669,1536,1
3449,2101064,636361,1536,1
3450,517574,156777,1536,1
3451,872978,264653,1536,1
3452,524960,159023,1536,1
3453,585762,177424,1536,1
3454,1161604,351954,1536,1
3455,748091,226949,1536,1
3456,1543246,468032,1536,1
3457,1614066,488844,1536,1
3458,1305361,396091,1536,1
3459,1243790,376775,1536,1
3460,1221170,369942,1536,1
3461,924922,280615,1536,1
3462,693116,209932,1536,1
3463,571984,173254,1536,1
3464,481914,145976,1536,1
3465,1975958,598903,1536,1
3466,940294,284818,1536,1
3467,2139860,648049,1536,1
3468,1248462,378305,1536,1
3469,1218820,369818,1536,1
3470,1072240,324761,1536,1
3471,681196,206371,1536,1
3472,1219484,369692,1536,1
3473,4663773,1416654,1536,1
3474,1483242,449637,1536,1
3475,864030,261728,1536,1
3476,1169676,354314,1536,1
3477,1177988,356795,1536,1
3478,2756890,835171,1536,1
3479,857644,259958,1536,1
3480,941288,285112,1536,1
3481,2090092,633656,1536,1
3482,1311073,397380,1536,1
3483,8367453,2534889,1536,1
3484,1546763,468957,1536,1
3485,1718160,520961,1536,1
3486,834848,252896,1536,1
3487,877516,265866,1536,1
3488,1251506,379050,1536,1
3489,675716,204676,1536,1
3490,512446,155232,1536,1
3491,840220,254485,1536,1
3492,585148,177234,1536,1
3493,598058,181195,1536,1
3494,1434514,435539,1536,1
3495,3789178,1148922,1536,1
3496,1545104,468017,1536,1
3497,1188684,360060,1536,1
3498,855939,259727,1536,1
3499,1272454,385407,1536,1
3500,1226498,371459,1536,1
3501,2155622,653463,1536,1
3502,1523750,461527,1536,1
3503,3017466,914363,1536,1
3504,904660,274011,1536,1
3505,1047414,317385,1536,1
3506,816772,247384,1536,1
3507,2209480,669313,1536,1
3508,555150,168214,1536,1
3509,521762,158072,1536,1
3510,1068782,323890,1536,1
3511,863758,261648,1536,1
3512,486606,147409,1536,1
3513,4357356,1320554,1536,1
3514,717688,217402,1536,1
3515,726150,219965,1536,1
3516,618614,187397,1536,1
3517,1507476,456636,1536,1
3518,1292720,391607,1536,1
3519,657102,199030,1536,1
3520,499610,151339,1536,1
3521,497382,150662,1536,1
3522,586510,177642,1536,1
3523,499734,151375,1536,1
3524,496164,150290,1536,1
3525,673098,203876,1536,1
3526,570836,172912,1536,1
3527,527814,159888,1536,1
3528,571446,173095,1536,1
3529,897136,271740,1536,1
3530,845482,256096,1536,1
3531,3188172,966809,1536,1
3532,798896,242045,1536,1
3533,2332440,706368,1536,1
3534,462178,140004,1536,1
3535,690628,209158,1536,1
3536,826706,250409,1536,1
3537,457710,138647,1536,1
3538,446006,135084,1536,1
3539,443268,134255,1536,1
3540,1045102,316538,1536,1
3541,457248,138509,1536,1
3542,537552,162826,1536,1
3543,968172,293246,1536,1
3544,1415082,428535,1536,1
3545,614296,186067,1536,1
3546,571036,172987,1536,1
3547,1311236,397159,1536,1
3548,751680,227695,1536,1
3549,601336,182166,1536,1
3550,1323930,400973,1536,1
3551,743834,225331,1536,1
3552,524662,158948,1536,1
3553,572438,173417,1536,1
3554,1074154,325332,1536,1
3555,1528232,462840,1536,1
3556,925730,281535,1536,1
3557,1668366,505265,1536,1
3558,859346,260299,1536,1
3559,542978,164610,1536,1
3560,783584,237353,1536,1
3561,773106,234181,1536,1
3562,741026,224989,1536,1
3563,874476,264976,1536,1
3564,709270,214842,1536,1
3565,725768,219896,1536,1
3566,492270,149145,1536,1
3567,731704,221719,1536,1
3568,1035152,313558,1536,1
3569,1212360,367222,1536,1
3570,1354092,410196,1536,1
3571,489362,148236,1536,1
3572,1175296,356139,1536,1
3573,1047434,317248,1536,1
3574,970828,294067,1536,1
3575,671200,203297,1536,1
3576,718820,217768,1536,1
3577,891268,269966,1536,1
3578,777950,235746,1536,1
3579,1485180,449804,1536,1
3580,658496,199455,1536,1
3581,747776,226482,1536,1
3582,836870,253571,1536,1
3583,863230,261493,1536,1
3584,803938,243803,1536,1
3585,787760,238922,1536,1
3586,1322598,400561,1536,1
3587,928720,281517,1536,1
3588,972302,294505,1536,1
3589,772096,233876,1536,1
3590,3083352,933787,1536,1
3591,1583730,479938,1536,1
3592,1422228,431325,1536,1
3593,1094756,331695,1536,1
3594,5537463,1678317,1536,1
3595,1105218,334849,1536,1
3596,1205544,365173,1536,1
3597,1060386,321525,1536,1
3598,1182454,358146,1536,1
3599,1243124,376509,1536,1
3600,1031292,312463,1536,1
3601,978996,296532,1536,1
3602,2009036,608567,1536,1
3603,1129470,342390,1536,1
3604,1371758,415624,1536,1
3605,669052,202666,1536,1
3606,1104318,334591,1536,1
3607,825948,250294,1536,1
3608,878828,266923,1536,1
3609,828896,251086,1536,1
3610,808408,244848,1536,1
3611,1236586,374639,1536,1
3612,713934,216241,1536,1
3613,4307538,1305207,1536,1
3614,693316,209997,1536,1
3615,1887252,571744,1536,1
3616,665214,201528,1536,1
3617,535258,162126,1536,1
3618,740282,224201,1536,1
3619,698892,212004,1536,1
3620,1009624,305812,1536,1
3621,687114,208148,1536,1
3622,1082194,327756,1536,1
3623,658632,199528,1536,1
3624,688162,208431,1536,1
3625,1046732,317016,1536,1
3626,778144,235685,1536,1
3627,1197188,362758,1536,1
3628,624344,189371,1536,1
3629,1160262,351504,1536,1
3630,550568,166793,1536,1
3631,672558,203704,1536,1
3632,588114,178141,1536,1
3633,842896,255290,1536,1
3634,502360,152176,1536,1
3635,1261916,382642,1536,1
3636,505458,153108,1536,1
3637,734828,222626,1536,1
3638,981274,298450,1536,1
3639,500566,151627,1536,1
3640,1349772,408818,1536,1
3641,1048876,317712,1536,1
3642,530798,160807,1536,1
3643,1630704,494500,1536,1
3644,860142,262908,1536,1
3645,606870,183839,1536,1
3646,1422080,431154,1536,1
3647,988660,299752,1536,1
3648,2066446,626195,1536,1
3649,1390866,421274,1536,1
3650,1155492,349969,1536,1
3651,1884270,570757,1536,1
3652,542104,164231,1536,1
3653,1582955,480520,1536,1
3654,804756,243797,1536,1
3655,983502,298516,1536,1
3656,554820,168086,1536,1
3657,695566,210673,1536,1
3658,1260162,382093,1536,1
3659,2886058,878251,1536,1
3660,977902,296201,1536,1
3661,703826,213246,1536,1
3662,2046888,620205,1536,1
3663,683950,207195,1536,1
3664,1505912,456125,1536,1
3665,1827894,554237,1536,1
3666,1425608,432292,1536,1
3667,1098306,332745,1536,1
3668,2262074,685093,1536,1
3669,919250,278473,1536,1
3670,1309862,396723,1536,1
3671,1440564,436277,1536,1
3672,874034,264809,1536,1
3673,1169444,354220,1536,1
3674,1826251,554390,1536,1
3675,579334,175588,1536,1
3676,987607,299419,1536,1
3677,2492586,754865,1536,1
3678,544378,164929,1536,1
3679,808818,244971,1536,1
3680,1018024,308424,1536,1
3681,872458,264272,1536,1
3682,3609700,1093277,1536,1
3683,1231576,374108,1536,1
3684,1045816,316760,1536,1
3685,1155293,350298,1536,1
3686,513324,155491,1536,1
3687,888674,269187,1536,1
3688,510316,154583,1536,1
3689,2788346,844623,1536,1
3690,1454802,440783,1536,1
3691,876650,265541,1536,1
3692,2681938,812208,1536,1
3693,1746278,529105,1536,1
3694,649438,196708,1536,1
3695,2419876,736931,1536,1
3696,1618304,491292,1536,1
3697,1006754,305193,1536,1
3698,975732,295578,1536,1
3699,1167394,353602,1536,1
3700,840270,254755,1536,1
3701,2416142,733293,1536,1
3702,826710,250409,1536,1
3703,896118,271455,1536,1
3704,781814,236822,1536,1
3705,1262552,382406,1536,1
3706,1423534,431140,1536,1
3707,990924,300150,1536,1
3708,1551250,469805,1536,1
3709,1767498,535513,1536,1
3710,904218,273888,1536,1
3711,580246,175757,1536,1
3712,1259676,381879,1536,1
3713,1327002,402262,1536,1
3714,725766,219900,1536,1
3715,2353228,713010,1536,1
3716,743668,225264,1536,1
3717,899330,272412,1536,1
3718,617844,187211,1536,1
3719,713912,216243,1536,1
3720,781608,236773,1536,1
3721,938130,284160,1536,1
3722,1194324,361736,1536,1
3723,516158,156351,1536,1
3724,1138784,345089,1536,1
3725,1149590,348260,1536,1
3726,704004,213277,1536,1
3727,896504,271630,1536,1
3728,1040314,315107,1536,1
3729,747964,226638,1536,1
3730,1444442,437763,1536,1
3731,1171280,354769,1536,1
3732,530744,160816,1536,1
3733,481944,146018,1536,1
3734,614966,186251,1536,1
3735,617492,187026,1536,1
3736,7045840,2135278,1536,1
3737,913090,276780,1536,1
3738,872032,264132,1536,1
3739,727562,220388,1536,1
3740,1444030,438107,1536,1
3741,1052412,318769,1536,1
3742,1256856,380659,1536,1
3743,797220,241484,1536,1
3744,821600,248847,1536,1
3745,790998,239596,1536,1
3746,718234,217517,1536,1
3747,471214,142736,1536,1
3748,633788,191966,1536,1
3749,1033538,313051,1536,1
3750,1667037,505844,1536,1
3751,551150,166944,1536,1
3752,1164894,352816,1536,1
3753,540838,163819,1536,1
3754,895524,271866,1536,1
3755,764630,232094,1536,1
3756,672210,203685,1536,1
3757,1078942,326824,1536,1
3758,1221206,370189,1536,1
3759,1092964,331081,1536,1
3760,1118760,338842,1536,1
3761,586404,177655,1536,1
3762,757524,229440,1536,1
3763,1480332,448821,1536,1
3764,942764,285602,1536,1
3765,7364574,2232387,1536,1
3766,3691538,1118497,1536,1
3767,1537210,465834,1536,1
3768,959810,290757,1536,1
3769,1441114,437707,1536,1
3770,760900,230813,1536,1
3771,1360878,412473,1536,1
3772,827294,250733,1536,1
3773,733298,222616,1536,1
3774,797584,241764,1536,1
3775,1248686,378364,1536,1
3776,2442073,740096,1536,1
3777,3707857,1126342,1536,1
3778,2329836,705944,1536,1
3779,1416199,429336,1536,1
3780,519692,157418,1536,1
3781,1373860,417223,1536,1
3782,840652,255160,1536,1
3783,693260,210118,1536,1
3784,1531066,464276,1536,1
3785,818826,248056,1536,1
3786,790916,239586,1536,1
3787,1308772,396705,1536,1
3788,1123718,340376,1536,1
3789,1699909,515556,1536,1
3790,1020950,309244,1536,1
3791,1315888,398561,1536,1
3792,2094050,634785,1536,1
3793,2573070,779345,1536,1
3794,1207476,365760,1536,1
3795,1330158,403143,1536,1
3796,1239532,376154,1536,1
3797,914672,277067,1536,1
3798,969158,293557,1536,1
3799,933866,282869,1536,1
3800,2944856,891883,1536,1
3801,1602010,485227,1536,1
3802,1779570,540352,1536,1
3803,515090,156025,1536,1
3804,1133307,344033,1536,1
3805,974010,295024,1536,1
3806,1558134,471907,1536,1
3807,1643356,497842,1536,1
3808,544134,164854,1536,1
3809,610846,185052,1536,1
3810,1399180,424603,1536,1
3811,502692,152273,1536,1
3812,1835862,556041,1536,1
3813,897996,272062,1536,1
3814,526248,159401,1536,1
3815,565662,171352,1536,1
3816,563648,170763,1536,1
3817,817408,247605,1536,1
3818,1045980,316896,1536,1
3819,959544,290647,1536,1
3820,601194,182109,1536,1
3821,1058248,320755,1536,1
3822,3376965,1023594,1536,1
3823,888282,269440,1536,1
3824,3527282,1068732,1536,1
3825,737367,223515,1536,1
3826,937576,284106,1536,1
3827,1364236,413319,1536,1
3828,843750,256342,1536,1
3829,1024860,311140,1536,1
3830,1178754,357063,1536,1
3831,832722,252237,1536,1
3832,506232,153355,1536,1
3833,1011796,306416,1536,1
3834,939598,284602,1536,1
3835,1401292,424794,1536,1
3836,742842,224994,1536,1
3837,1226640,372066,1536,1
3838,654516,198246,1536,1
3839,487480,147670,1536,1
3840,946186,286558,1536,1
3841,568122,172089,1536,1
3842,560062,169673,1536,1
3843,1405200,426389,1536,1
3844,821654,248859,1536,1
3845,1017554,308283,1536,1
3846,746406,226070,1536,1
3847,1488492,450810,1536,1
3848,545800,165353,1536,1
3849,1276478,386580,1536,1
3850,513894,155646,1536,1
3851,2408594,729974,1536,1
3852,731186,221480,1536,1
3853,534222,161838,1536,1
3854,1995676,604443,1536,1
3855,692128,209733,1536,1
3856,3497656,1060096,1536,1
3857,526442,159477,1536,1
3858,723280,219508,1536,1
3859,726118,219956,1536,1
3860,500462,151594,1536,1
3861,860172,260864,1536,1
3862,883072,267897,1536,1
3863,1052024,318659,1536,1
3864,809864,245345,1536,1
3865,1325308,401411,1536,1
3866,942170,285404,1536,1
3867,1642900,498302,1536,1
3868,592142,179374,1536,1
3869,1081094,327669,1536,1
3870,1175494,356242,1536,1
3871,1532512,464972,1536,1
3872,1169476,354344,1536,1
3873,2119804,644030,1536,1
3874,1021932,309549,1536,1
3875,1545954,468950,1536,1
3876,769306,233124,1536,1
3877,964524,292166,1536,1
3878,949064,287515,1536,1
3879,987092,298984,1536,1
3880,1183226,358924,1536,1
3881,587408,177965,1536,1
3882,833884,252585,1536,1
3883,3427206,1038829,1536,1
3884,501572,151928,1536,1
3885,498200,150913,1536,1
3886,674152,204174,1536,1
3887,942162,286004,1536,1
3888,3926168,1198755,1536,1
3889,1685621,511030,1536,1
3890,2217334,671509,1536,1
3891,1289870,390652,1536,1
3892,502068,152087,1536,1
3893,2102050,637355,1536,1
3894,1134232,343532,1536,1
3895,934372,282992,1536,1
3896,1552154,470335,1536,1
3897,975718,295537,1536,1
3898,1107374,335540,1536,1
3899,999842,303962,1536,1
3900,3767718,1142074,1536,1
3901,531440,161009,1536,1
3902,820570,248530,1536,1
3903,546748,165635,1536,1
3904,4224951,1280661,1536,1
3905,3115323,944749,1536,1
3906,1620724,491133,1536,1
3907,1105142,336668,1536,1
3908,738756,223842,1536,1
3909,524408,158881,1536,1
3910,2366430,716886,1536,1
3911,1220150,370768,1536,1
3912,1426495,432451,1536,1
3913,1249706,379194,1536,1
3914,1985169,624315,1536,1
3915,2305395,698546,1536,1
3916,1720843,521556,1536,1
3917,1130494,343672,1536,1
3918,972282,294508,1536,1
3919,612098,185413,1536,1
3920,786214,238152,1536,1
3921,1141878,345853,1536,1
3922,1435124,434651,1536,1
3923,1942827,589475,1536,1
3924,830110,251835,1536,1
3925,1292860,391666,1536,1
3926,1506762,457536,1536,1
3927,777004,236162,1536,1
3928,1247474,378122,1536,1
3929,1201246,364574,1536,1
3930,1064860,323269,1536,1
3931,1483486,449647,1536,1
3932,1453816,440350,1536,1
3933,1438812,436057,1536,1
3934,800734,242531,1536,1
3935,2896388,877830,1536,1
3936,613592,185855,1536,1
3937,853172,258402,1536,1
3938,531946,161141,1536,1
3939,1485390,450278,1536,1
3940,868278,263024,1536,1
3941,769350,233058,1536,1
3942,699196,211954,1536,1
3943,901314,273664,1536,1
3944,1741412,527608,1536,1
3945,1772168,538109,1536,1
3946,894692,271032,1536,1
3947,1028614,311564,1536,1
3948,2015649,611411,1536,1
3949,2201836,667368,1536,1
3950,1032722,312805,1536,1
3951,1575476,477166,1536,1
3952,1462680,443005,1536,1
3953,803350,243349,1536,1
3954,584778,177155,1536,1
3955,818462,247894,1536,1
3956,577304,174842,1536,1
3957,573854,173797,1536,1
3958,1548929,472047,1536,1
3959,698976,211739,1536,1
3960,879750,266551,1536,1
3961,782700,237119,1536,1
3962,1084634,328504,1536,1
3963,1175865,357824,1536,1
3964,1317552,399075,1536,1
3965,1840006,557703,1536,1
3966,2357869,714525,1536,1
3967,756632,229595,1536,1
3968,903535,274006,1536,1
3969,586228,177568,1536,1
3970,809540,245221,1536,1
3971,1443116,437178,1536,1
3972,3022550,916304,1536,1
3973,1093882,331326,1536,1
3974,501684,151971,1536,1
3975,903294,273613,1536,1
3976,757694,229488,1536,1
3977,676254,204835,1536,1
3978,497764,150777,1536,1
3979,846892,256506,1536,1
3980,500552,151624,1536,1
3981,544380,164922,1536,1
3982,864220,263216,1536,1
3983,1095060,331976,1536,1
3984,708004,214463,1536,1
3985,704132,213290,1536,1
3986,2093548,634068,1536,1
3987,1224432,371635,1536,1
3988,1299126,393828,1536,1
3989,849798,257382,1536,1
3990,573286,173650,1536,1
3991,1187048,359730,1536,1
3992,743932,225334,1536,1
3993,913334,276652,1536,1
3994,1040044,315048,1536,1
3995,725094,219647,1536,1
3996,1046514,317107,1536,1
3997,861674,261152,1536,1
3998,1538082,466048,1536,1
3999,1046308,316945,1536,1
4000,1521628,460859,1536,1
4001,902482,273352,1536,1
4002,1330268,403410,1536,1
4003,1310034,396886,1536,1
4004,1217238,368716,1536,1
4005,1002258,304241,1536,1
4006,757590,229477,1536,1
4007,665382,201526,1536,1
4008,1066676,323109,1536,1
4009,1245388,377209,1536,1
4010,1149934,348294,1536,1
4011,1256714,381021,1536,1
4012,766848,233004,1536,1
4013,828718,251120,1536,1
4014,950408,288118,1536,1
4015,968764,293558,1536,1
4016,1088166,329619,1536,1
4017,1386600,420240,1536,1
4018,709920,215048,1536,1
4019,1490188,453162,1536,1
4020,1054680,319422,1536,1
4021,579150,175455,1536,1
4022,1003276,303885,1536,1
4023,957942,290162,1536,1
4024,698518,211574,1536,1
4025,937908,284072,1536,1
4026,1565695,474779,1536,1
4027,872776,264445,1536,1
4028,1106666,335190,1536,1
4029,770966,233648,1536,1
4030,1087182,329828,1536,1
4031,1059212,320848,1536,1
4032,798430,241942,1536,1
4033,1263256,382635,1536,1
4034,933806,282846,1536,1
4035,514848,155977,1536,1
4036,487674,147717,1536,1
4037,943200,285688,1536,1
4038,894898,271080,1536,1
4039,485186,146975,1536,1
4040,650954,197165,1536,1
4041,863318,261919,1536,1
4042,1989556,602754,1536,1
4043,843968,255646,1536,1
4044,485628,147107,1536,1
4045,561390,170043,1536,1
4046,544678,165008,1536,1
4047,1846886,559340,1536,1
4048,2452528,742889,1536,1
4049,1198441,363854,1536,1
4050,1210526,366700,1536,1
4051,736626,223133,1536,1
4052,468830,142045,1536,1
4053,492338,149156,1536,1
4054,718462,217632,1536,1
4055,527322,159732,1536,1
4056,613800,185994,1536,1
4057,788796,238984,1536,1
4058,1292864,391568,1536,1
4059,879570,266419,1536,1
4060,562802,170506,1536,1
4061,712532,215807,1536,1
4062,1261606,382209,1536,1
4063,1209326,366473,1536,1
4064,532824,161424,1536,1
4065,476058,144204,1536,1
4066,477210,144537,1536,1
4067,1089602,330057,1536,1
4068,4296246,1302098,1536,1
4069,1571332,475919,1536,1
4070,2540062,771930,1536,1
4071,1114226,337499,1536,1
4072,1001918,303430,1536,1
4073,2166710,657144,1536,1
4074,596696,180779,1536,1
4075,1608084,487043,1536,1
4076,703822,213515,1536,1
4077,683276,207001,1536,1
4078,931551,288053,1536,1
4079,2164150,655879,1536,1
4080,1372178,415615,1536,1
4081,1040651,315559,1536,1
4082,1627319,493451,1536,1
4083,969404,293922,1536,1
4084,523704,158759,1536,1
4085,836948,253514,1536,1
4086,1010022,306145,1536,1
4087,1004410,304227,1536,1
4088,2024346,613715,1536,1
4089,697580,211308,1536,1
4090,827990,250814,1536,1
4091,934326,282976,1536,1
4092,496424,150371,1536,1
4093,1747700,529298,1536,1
4094,1425762,432893,1536,1
4095,2415027,732474,1536,1
4096,1282982,388932,1536,1
4097,1259304,382080,1536,1
4098,1046982,317090,1536,1
4099,710442,215170,1536,1
4100,1950240,591175,1536,1
4101,1068426,323620,1536,1
4102,510610,154699,1536,1
4103,651948,197448,1536,1
4104,483728,146508,1536,1
4105,850048,257479,1536,1
4106,1269226,384634,1536,1
4107,1253504,379657,1536,1
4108,1634554,495552,1536,1
4109,2225529,674626,1536,1
4110,741468,224604,1536,1
4111,1159748,351277,1536,1
4112,1846716,559334,1536,1
4113,993148,300815,1536,1
4114,1488518,450805,1536,1
4115,928052,281113,1536,1
4116,866508,263292,1536,1
4117,1194498,361857,1536,1
4118,713490,216136,1536,1
4119,782804,237260,1536,1
4120,913966,276858,1536,1
4121,2327976,705935,1536,1
4122,1000309,303586,1536,1
4123,5826164,1765645,1536,1
4124,1039368,314827,1536,1
4125,537694,162898,1536,1
4126,578712,175324,1536,1
4127,735644,222858,1536,1
4128,837178,253613,1536,1
4129,1002206,303563,1536,1
4130,1083866,328394,1536,1
4131,1199452,363566,1536,1
4132,995290,301728,1536,1
4133,762324,230929,1536,1
4134,1046724,317009,1536,1
4135,1114338,337515,1536,1
4136,576254,174788,1536,1
4137,6549663,1984726,1536,1
4138,3246600,983636,1536,1
4139,1014696,307507,1536,1
4140,1762918,534159,1536,1
4141,1175952,356607,1536,1
4142,3027750,917152,1536,1
4143,1045860,316754,1536,1
4144,1210194,366544,1536,1
4145,583912,176848,1536,1
4146,677210,205147,1536,1
4147,671272,203310,1536,1
4148,673056,203868,1536,1
4149,585944,177482,1536,1
4150,498728,151072,1536,1
4151,504180,152727,1536,1
4152,643008,194746,1536,1
4153,1529304,463463,1536,1
4154,1200108,366241,1536,1
4155,532724,161380,1536,1
4156,599218,181487,1536,1
4157,779400,236069,1536,1
4158,516190,156369,1536,1
4159,1777092,538203,1536,1
4160,757920,229563,1536,1
4161,675718,204658,1536,1
4162,630128,190890,1536,1
4163,2142706,649850,1536,1
4164,500744,151688,1536,1
4165,757460,229420,1536,1
4166,719844,218057,1536,1
4167,1377524,417334,1536,1
4168,1183544,359270,1536,1
4169,836660,253413,1536,1
4170,660072,199933,1536,1
4171,563440,170699,1536,1
4172,614614,186246,1536,1
4173,696264,210889,1536,1
4174,1151472,348732,1536,1
4175,670050,202973,1536,1
4176,981726,297314,1536,1
4177,609762,184719,1536,1
4178,485690,147123,1536,1
4179,565386,171245,1536,1
4180,733088,222043,1536,1
4181,490494,148584,1536,1
4182,660708,200108,1536,1
4183,482926,146284,1536,1
4184,491214,148822,1536,1
4185,1518572,459916,1536,1
4186,632938,191714,1536,1
4187,474084,143596,1536,1
4188,471662,142863,1536,1
4189,1034612,313338,1536,1
4190,1246406,378448,1536,1
4191,538350,163092,1536,1
4192,545580,165257,1536,1
4193,1007856,305860,1536,1
4194,475348,144012,1536,1
4195,558644,169874,1536,1
4196,764034,231435,1536,1
4197,654590,198387,1536,1
4198,1249998,378558,1536,1
4199,770872,233509,1536,1
4200,1353940,410265,1536,1
4201,877762,265843,1536,1
4202,509328,154276,1536,1
4203,2248391,681703,1536,1
4204,1676662,507788,1536,1
4205,989260,299675,1536,1
4206,954158,289249,1536,1
4207,1079926,327207,1536,1
4208,989379,301504,1536,1
4209,616980,186900,1536,1
4210,1066066,322935,1536,1
4211,942994,285637,1536,1
4212,1445732,437855,1536,1
4213,1984208,601542,1536,1
4214,863764,262055,1536,1
4215,772670,234076,1536,1
4216,762356,230928,1536,1
4217,509446,154322,1536,1
4218,618298,187261,1536,1
4219,496892,150522,1536,1
4220,521398,157959,1536,1
4221,568172,172104,1536,1
4222,557782,168958,1536,1
4223,714372,216373,1536,1
4224,473664,143460,1536,1
4225,730106,221167,1536,1
4226,1550668,470306,1536,1
4227,1473800,446377,1536,1
4228,1312978,398558,1536,1
4229,1322242,400714,1536,1
4230,2378477,720907,1536,1
4231,1501960,455173,1536,1
4232,1724474,522491,1536,1
4233,1030826,312347,1536,1
4234,1272884,385519,1536,1
4235,840794,254685,1536,1
4236,1220772,369865,1536,1
4237,2004920,613313,1536,1
4238,1210636,367731,1536,1
4239,970090,294233,1536,1
4240,5123411,1553183,1536,1
4241,1272672,385700,1536,1
4242,829408,251262,1536,1
4243,1048046,317504,1536,1
4244,1637702,496026,1536,1
4245,786232,238166,1536,1
4246,1181088,357763,1536,1
4247,764770,231669,1536,1
4248,548294,166083,1536,1
4249,1092758,331316,1536,1
4250,836946,253753,1536,1
4251,1115692,337983,1536,1
4252,1237330,374720,1536,1
4253,557802,169072,1536,1
4254,1303701,395529,1536,1
4255,1592677,482736,1536,1
4256,1104392,334585,1536,1
4257,625250,189395,1536,1
4258,635626,192538,1536,1
4259,1362004,412510,1536,1
4260,1461578,442748,1536,1
4261,759846,230146,1536,1
4262,500818,151713,1536,1
4263,496000,150255,1536,1
4264,1099086,333170,1536,1
4265,666910,202007,1536,1
4266,980472,296976,1536,1
4267,494374,149831,1536,1
4268,492672,149283,1536,1
4269,553222,167552,1536,1
4270,691550,209543,1536,1
4271,486668,147421,1536,1
4272,583068,176633,1536,1
4273,469034,142075,1536,1
4274,1183124,358342,1536,1
4275,552274,167283,1536,1
4276,555850,168449,1536,1
4277,1290152,390898,1536,1
4278,718786,217701,1536,1
4279,558522,169182,1536,1
4280,571134,173022,1536,1
4281,575874,174454,1536,1
4282,637262,193008,1536,1
4283,673644,204062,1536,1
4284,690364,209095,1536,1
4285,447310,135494,1536,1
4286,449150,136037,1536,1
4287,674018,204145,1536,1
4288,445774,135028,1536,1
4289,679000,205645,1536,1
4290,745398,225938,1536,1
4291,1209792,366407,1536,1
4292,507826,153885,1536,1
4293,1502644,455593,1536,1
4294,795102,240838,1536,1
4295,525534,159193,1536,1
4296,495098,149950,1536,1
4297,473974,143660,1536,1
4298,1001632,303631,1536,1
4299,675262,204506,1536,1
4300,510454,154614,1536,1
4301,653660,197982,1536,1
4302,506478,153417,1536,1
4303,729166,220844,1536,1
4304,791658,239799,1536,1
4305,423576,128309,1536,1
4306,464108,140609,1536,1
4307,997038,301953,1536,1
4308,425628,128919,1536,1
4309,717464,217304,1536,1
4310,986906,299852,1536,1
4311,1117472,338468,1536,1
4312,492190,149085,1536,1
4313,426834,129295,1536,1
4314,1050377,319251,1536,1
4315,538486,163202,1536,1
4316,687304,208776,1536,1
4317,516638,156514,1536,1
4318,732698,221899,1536,1
4319,681822,206530,1536,1
4320,459906,139297,1536,1
4321,886586,268507,1536,1
4322,954574,289313,1536,1
4323,1493730,452404,1536,1
4324,423870,128397,1536,1
4325,676630,204963,1536,1
4326,680288,206119,1536,1
4327,848180,256886,1536,1
4328,637574,193115,1536,1
4329,1192702,361217,1536,1
4330,1147166,347449,1536,1
4331,655010,198376,1536,1
4332,845614,256144,1536,1
4333,808930,245016,1536,1
4334,2935076,888860,1536,1
4335,487854,147784,1536,1
4336,1448522,438703,1536,1
4337,567644,171939,1536,1
4338,485604,147093,1536,1
4339,890590,269805,1536,1
4340,793628,240368,1536,1
4341,1152460,349137,1536,1
4342,1123708,340322,1536,1
4343,1473464,446510,1536,1
4344,458502,138891,1536,1
4345,686002,207845,1536,1
4346,539548,163418,1536,1
4347,1226732,371806,1536,1
4348,1792476,542986,1536,1
4349,975094,295332,1536,1
4350,1531516,463848,1536,1
4351,804414,243661,1536,1
4352,852826,258323,1536,1
4353,1053302,319052,1536,1
4354,536884,162633,1536,1
4355,581542,176614,1536,1
4356,1213366,367489,1536,1
4357,1394280,422648,1536,1
4358,535948,162341,1536,1
4359,483380,146445,1536,1
4360,1672380,506714,1536,1
4361,690136,209178,1536,1
4362,551950,167183,1536,1
4363,1017536,308225,1536,1
4364,767746,232603,1536,1
4365,1257270,381246,1536,1
4366,968958,293567,1536,1
4367,831708,252084,1536,1
4368,477862,144747,1536,1
4369,833534,252895,1536,1
4370,1062644,321850,1536,1
4371,786386,238202,1536,1
4372,1357178,411119,1536,1
4373,1031626,312471,1536,1
4374,1101650,334198,1536,1
4375,1840731,558350,1536,1
4376,2261252,686178,1536,1
4377,1218760,369521,1536,1
4378,1628528,493511,1536,1
4379,2358344,714396,1536,1
4380,1030494,312125,1536,1
4381,1077900,326481,1536,1
4382,1859200,563072,1536,1
4383,812432,246097,1536,1
4384,860496,260658,1536,1
4385,961770,291385,1536,1
4386,700588,212253,1536,1
4387,982866,297719,1536,1
4388,545454,165227,1536,1
4389,1128090,341764,1536,1
4390,978988,296564,1536,1
4391,950204,287807,1536,1
4392,940778,284942,1536,1
4393,1752426,530754,1536,1
4394,2595900,786271,1536,1
4395,803596,243431,1536,1
4396,859688,260778,1536,1
4397,766672,232225,1536,1
4398,987068,298978,1536,1
4399,1534308,464799,1536,1
4400,3049840,923746,1536,1
4401,1567936,475190,1536,1
4402,1305614,395417,1536,1
4403,783758,237420,1536,1
4404,1422534,430839,1536,1
4405,723912,219269,1536,1
4406,516646,156477,1536,1
4407,517806,156852,1536,1
4408,517228,156651,1536,1
4409,778210,235681,1536,1
4410,533494,161586,1536,1
4411,884520,267931,1536,1
4412,787904,238625,1536,1
4413,1290474,391587,1536,1
4414,703522,213067,1536,1
4415,697684,211318,1536,1
4416,1231780,373080,1536,1
4417,1098750,332767,1536,1
4418,1438892,435792,1536,1
4419,557616,168935,1536,1
4420,1174844,355837,1536,1
4421,1154466,349657,1536,1
4422,1720992,521184,1536,1
4423,620452,187988,1536,1
4424,586832,177742,1536,1
4425,650430,197016,1536,1
4426,568298,172223,1536,1
4427,794510,240671,1536,1
4428,858692,260669,1536,1
4429,813024,246923,1536,1
4430,795914,241062,1536,1
4431,474252,143656,1536,1
4432,1142710,346102,1536,1
4433,473678,143482,1536,1
4434,719342,217878,1536,1
4435,571396,173077,1536,1
4436,943690,286262,1536,1
4437,699510,211933,1536,1
4438,1042538,315980,1536,1
4439,536860,162603,1536,1
4440,535304,162128,1536,1
4441,975838,295829,1536,1
4442,520900,157821,1536,1
4443,471150,142715,1536,1
4444,473570,143432,1536,1
4445,550382,166719,1536,1
4446,556008,168417,1536,1
4447,638062,193242,1536,1
4448,944290,286013,1536,1
4449,462388,140067,1536,1
4450,467926,141816,1536,1
4451,666926,202000,1536,1
4452,839802,254441,1536,1
4453,750076,227173,1536,1
4454,448982,136009,1536,1
4455,1076982,326288,1536,1
4456,1994482,604216,1536,1
4457,1465234,443791,1536,1
4458,621922,188392,1536,1
4459,766388,232143,1536,1
4460,524262,158803,1536,1
4461,445062,134815,1536,1
4462,508904,154200,1536,1
4463,422148,127868,1536,1
4464,494008,149640,1536,1
4465,565144,171176,1536,1
4466,766716,232238,1536,1
4467,566458,171556,1536,1
4468,583842,176844,1536,1
4469,836538,253382,1536,1
4470,510498,154619,1536,1
4471,999176,303216,1536,1
4472,471636,142901,1536,1
4473,1026256,310835,1536,1
4474,695250,210576,1536,1
4475,870778,264034,1536,1
4476,1440276,436163,1536,1
4477,456434,138261,1536,1
4478,2122136,643688,1536,1
4479,997730,302372,1536,1
4480,1886078,571727,1536,1
4481,1719706,520871,1536,1
4482,1552202,470108,1536,1
4483,2781992,842505,1536,1
4484,1083208,328239,1536,1
4485,3912764,1185706,1536,1
4486,3414138,1035189,1536,1
4487,2751087,833632,1536,1
4488,1075684,325887,1536,1
4489,2245534,680727,1536,1
4490,865964,262351,1536,1
4491,1291462,391634,1536,1
4492,2015090,611035,1536,1
4493,747472,226398,1536,1
4494,1074772,325703,1536,1
4495,920506,278840,1536,1
4496,924898,280166,1536,1
4497,1019860,308917,1536,1
4498,1183252,358353,1536,1
4499,623754,188936,1536,1
4500,670752,203213,1536,1
4501,563496,170716,1536,1
4502,528766,160169,1536,1
4503,957964,290166,1536,1
4504,526944,159619,1536,1
4505,529322,160335,1536,1
4506,809718,245275,1536,1
4507,2640788,802750,1536,1
4508,952216,288424,1536,1
4509,943478,286025,1536,1
4510,770780,233783,1536,1
4511,788674,238908,1536,1
4512,1019458,308849,1536,1
4513,989460,300235,1536,1
4514,1022262,309633,1536,1
4515,1095478,331804,1536,1
4516,1194434,361791,1536,1
4517,939362,284539,1536,1
4518,795514,240968,1536,1
4519,880676,266761,1536,1
4520,1010676,306097,1536,1
4521,730806,221343,1536,1
4522,1063170,321987,1536,1
4523,709832,215023,1536,1
4524,760022,230196,1536,1
4525,743766,225394,1536,1
4526,1843619,562372,1536,1
4527,2216548,671282,1536,1
4528,692770,209837,1536,1
4529,510750,154723,1536,1
4530,1050610,318193,1536,1
4531,809798,245296,1536,1
4532,499220,151225,1536,1
4533,1067642,323371,1536,1
4534,503142,152413,1536,1
4535,584410,177018,1536,1
4536,584020,176892,1536,1
4537,567050,171808,1536,1
4538,909768,275536,1536,1
4539,721000,218400,1536,1
4540,954110,288996,1536,1
4541,740264,224207,1536,1
4542,579808,175652,1536,1
4543,1150102,349812,1536,1
4544,941516,286444,1536,1
4545,585428,177324,1536,1
4546,1264676,383010,1536,1
4547,877934,265928,1536,1
4548,500316,151545,1536,1
4549,669086,202638,1536,1
4550,839660,254301,1536,1
4551,1009760,305818,1536,1
4552,504794,152909,1536,1
4553,754410,228476,1536,1
4554,513178,155432,1536,1
4555,585008,177199,1536,1
4556,497910,150821,1536,1
4557,749470,227042,1536,1
4558,1274550,386079,1536,1
4559,526596,159537,1536,1
4560,553026,167510,1536,1
4561,770464,233382,1536,1
4562,737100,223275,1536,1
4563,461638,139941,1536,1
4564,611234,185154,1536,1
4565,546714,165626,1536,1
4566,478438,144927,1536,1
4567,677398,205176,1536,1
4568,875962,266483,1536,1
4569,512432,155223,1536,1
4570,883742,267690,1536,1
4571,434948,131760,1536,1
4572,515892,156279,1536,1
4573,841762,255096,1536,1
4574,733242,222115,1536,1
4575,1148292,347761,1536,1
4576,422316,127927,1536,1
4577,1769054,535895,1536,1
4578,657848,199284,1536,1
4579,524164,158768,1536,1
4580,805445,244401,1536,1
4581,1438550,435663,1536,1
4582,533940,161821,1536,1
4583,840892,254694,1536,1
4584,1824309,553452,1536,1
4585,510206,154570,1536,1
4586,530366,160657,1536,1
4587,499826,151406,1536,1
4588,1391088,421302,1536,1
4589,498622,151032,1536,1
4590,917288,277798,1536,1
4591,729846,221074,1536,1
4592,606682,183756,1536,1
4593,403546,122224,1536,1
4594,740590,224631,1536,1
4595,412442,124935,1536,1
4596,644666,195276,1536,1
4597,666804,201993,1536,1
4598,621768,188349,1536,1
4599,852498,258194,1536,1
4600,569902,172617,1536,1
4601,738286,223604,1536,1
4602,638798,193657,1536,1
4603,1335524,405086,1536,1
4604,640116,193880,1536,1
4605,1380928,418254,1536,1
4606,1162258,352090,1536,1
4607,2436183,739478,1536,1
4608,1070410,324309,1536,1
4609,1920165,582144,1536,1
4610,960442,290956,1536,1
4611,784268,237555,1536,1
4612,654202,198183,1536,1
4613,760930,230507,1536,1
4614,897540,271976,1536,1
4615,1144256,346615,1536,1
4616,913644,276915,1536,1
4617,1395208,422628,1536,1
4618,1189658,360340,1536,1
4619,3754054,1137900,1536,1
4620,908537,275621,1536,1
4621,2572226,780240,1536,1
4622,3483416,1055867,1536,1
4623,1156762,350370,1536,1
4624,773428,234272,1536,1
4625,849786,257480,1536,1
4626,923888,280608,1536,1
4627,924242,280706,1536,1
4628,1239720,375525,1536,1
4629,887876,268991,1536,1
4630,1263136,382598,1536,1
4631,1742716,528279,1536,1
4632,1002968,303812,1536,1
4633,750832,227450,1536,1
4634,880644,266735,1536,1
4635,1478545,448042,1536,1
4636,2129606,645498,1536,1
4637,1097640,332534,1536,1
4638,811458,245824,1536,1
4639,2233392,676395,1536,1
4640,743914,225368,1536,1
4641,596628,180759,1536,1
4642,555862,168396,1536,1
4643,517128,156649,1536,1
4644,737400,223390,1536,1
4645,1485526,451896,1536,1
4646,1542930,467300,1536,1
4647,765950,232013,1536,1
4648,480232,145470,1536,1
4649,2372871,719743,1536,1
4650,634446,192169,1536,1
4651,471774,142905,1536,1
4652,804826,243804,1536,1
4653,647338,196093,1536,1
4654,630626,190991,1536,1
4655,2293006,694899,1536,1
4656,1968122,596054,1536,1
4657,732420,221842,1536,1
4658,1478574,447806,1536,1
4659,1157520,350619,1536,1
4660,766014,232110,1536,1
4661,1095864,331906,1536,1
4662,1109020,335913,1536,1
4663,825780,250206,1536,1
4664,488074,147844,1536,1
4665,1830114,554228,1536,1
4666,1090468,330280,1536,1
4667,1412658,427908,1536,1
4668,1395820,422829,1536,1
4669,719532,217950,1536,1
4670,518234,156974,1536,1
4671,723870,219267,1536,1
4672,755306,228757,1536,1
4673,751798,227690,1536,1
4674,679626,206234,1536,1
4675,1327038,401902,1536,1
4676,976730,295808,1536,1
4677,1098456,332862,1536,1
4678,472516,143155,1536,1
4679,661494,200383,1536,1
4680,579960,175667,1536,1
4681,655846,198972,1536,1
4682,687544,208261,1536,1
4683,1442870,437018,1536,1
4684,1112518,337016,1536,1
4685,625248,189406,1536,1
4686,943074,285744,1536,1
4687,1281560,388158,1536,1
4688,1048082,317970,1536,1
4689,780809,237002,1536,1
4690,1386931,420600,1536,1
4691,847562,256766,1536,1
4692,1237440,375111,1536,1
4693,458966,139032,1536,1
4694,1915592,580802,1536,1
4695,1206334,365377,1536,1
4696,1126182,341094,1536,1
4697,880504,266703,1536,1
4698,1070800,324333,1536,1
4699,733410,222179,1536,1
4700,986580,299565,1536,1
4701,913734,276850,1536,1
4702,2396087,726018,1536,1
4703,729332,220963,1536,1
4704,885344,268252,1536,1
4705,2379230,721045,1536,1
4706,1054896,320118,1536,1
4707,944464,286072,1536,1
4708,502918,152342,1536,1
4709,586616,177674,1536,1
4710,635092,192482,1536,1
4711,826312,250494,1536,1
4712,1636012,495878,1536,1
4713,1050988,318738,1536,1
4714,1949474,590399,1536,1
4715,1279550,387975,1536,1
4716,952264,288477,1536,1
4717,762462,231007,1536,1
4718,845034,256732,1536,1
4719,817240,247545,1536,1
4720,810622,245549,1536,1
4721,1361054,412212,1536,1
4722,1143446,346502,1536,1
4723,788526,238879,1536,1
4724,1114218,337479,1536,1
4725,1228430,372914,1536,1
4726,2062275,624922,1536,1
4727,1651470,500652,1536,1
4728,876732,265651,1536,1
4729,773974,234557,1536,1
4730,1194742,361858,1536,1
4731,1174450,355820,1536,1
4732,1170180,354482,1536,1
4733,801788,242870,1536,1
4734,1064852,322575,1536,1
4735,1505534,456704,1536,1
4736,1398720,423721,1536,1
4737,1643844,498167,1536,1
4738,1035574,314178,1536,1
4739,1430164,433202,1536,1
4740,785998,238695,1536,1
4741,10727664,3250591,1536,1
4742,3256129,986736,1536,1
4743,1848468,560575,1536,1
4744,2975995,902076,1536,1
4745,2061630,624355,1536,1
4746,1136240,344201,1536,1
4747,779132,236038,1536,1
4748,1538528,466089,1536,1
4749,809990,245365,1536,1
4750,1013452,307116,1536,1
4751,2193892,664482,1536,1
4752,805924,244104,1536,1
4753,1087902,329515,1536,1
4754,692644,209789,1536,1
4755,515976,156277,1536,1
4756,515054,155996,1536,1
4757,1140314,345390,1536,1
4758,1256118,380557,1536,1
4759,659838,199895,1536,1
4760,837588,256159,1536,1
4761,1810112,548226,1536,1
4762,1202886,364755,1536,1
4763,669928,202950,1536,1
4764,617264,187004,1536,1
4765,730288,221223,1536,1
4766,660854,200199,1536,1
4767,876910,265600,1536,1
4768,986286,298720,1536,1
4769,505856,153236,1536,1
4770,1377274,418244,1536,1
4771,1088784,329793,1536,1
4772,807920,244728,1536,1
4773,771832,233800,1536,1
4774,482192,146063,1536,1
4775,892076,270747,1536,1
4776,974550,295205,1536,1
4777,8712475,2639924,1536,1
4778,2121638,643549,1536,1
4779,669004,202625,1536,1
4780,1055600,320173,1536,1
4781,1065164,322654,1536,1
4782,834570,252807,1536,1
4783,939012,284477,1536,1
4784,2364034,715932,1536,1
4785,772468,233991,1536,1
4786,1127642,342027,1536,1
4787,1150322,349371,1536,1
4788,776956,235355,1536,1
4789,1484628,449655,1536,1
4790,1050752,318253,1536,1
4791,1033136,312896,1536,1
4792,1811273,549181,1536,1
4793,854848,258939,1536,1
4794,2181626,661465,1536,1
4795,1453432,441077,1536,1
4796,1096932,332301,1536,1
4797,872342,264230,1536,1
4798,1322554,400585,1536,1
4799,663788,201056,1536,1
4800,3577116,1083458,1536,1
4801,853618,258590,1536,1
4802,1092432,330903,1536,1
4803,688796,208716,1536,1
4804,487280,147609,1536,1
4805,983544,297921,1536,1
4806,815734,247474,1536,1
4807,1411444,427782,1536,1
4808,502570,152219,1536,1
4809,1391674,421490,1536,1
4810,2353730,713343,1536,1
4811,694432,210341,1536,1
4812,673174,203928,1536,1
4813,1252730,379625,1536,1
4814,923638,279784,1536,1
4815,1551850,470001,1536,1
4816,1250192,379002,1536,1
4817,593112,179683,1536,1
4818,1081926,327679,1536,1
4819,626568,189788,1536,1
4820,530872,160812,1536,1
4821,676624,204978,1536,1
4822,1082448,327834,1536,1
4823,831878,251962,1536,1
4824,1493511,453373,1536,1
4825,549424,166425,1536,1
4826,959432,290696,1536,1
4827,632110,191470,1536,1
4828,1717246,520554,1536,1
4829,793318,240307,1536,1
4830,601308,182133,1536,1
4831,927786,280996,1536,1
4832,878560,266082,1536,1
4833,667420,202205,1536,1
4834,505282,153050,1536,1
4835,931412,282073,1536,1
4836,2061802,625063,1536,1
4837,1078998,326822,1536,1
4838,1372704,415754,1536,1
4839,974404,295150,1536,1
4840,1484068,449476,1536,1
4841,2046860,620152,1536,1
4842,1410915,428542,1536,1
4843,6379824,1933253,1536,1
4844,970302,294035,1536,1
4845,2244674,680848,1536,1
4846,1264698,383043,1536,1
4847,1022854,309810,1536,1
4848,805332,244145,1536,1
4849,2056952,630409,1536,1
4850,1383656,419206,1536,1
4851,1001336,303305,1536,1
4852,16550772,5014500,1536,1
4853,1437018,435575,1536,1
4854,1278726,387696,1536,1
4855,772378,234200,1536,1
4856,605342,183349,1536,1
4857,2120686,642541,1536,1
4858,1125224,340818,1536,1
4859,691416,209424,1536,1
4860,498314,150949,1536,1
4861,1161900,352112,1536,1
4862,936616,283840,1536,1
4863,590122,178750,1536,1
4864,954628,289729,1536,1
4865,1248768,378216,1536,1
4866,1376948,417071,1536,1
4867,618554,187385,1536,1
4868,2694558,815993,1536,1
4869,1111246,337391,1536,1
4870,1288197,391078,1536,1
4871,905136,274166,1536,1
4872,1736004,527117,1536,1
4873,601062,182067,1536,1
4874,959858,290866,1536,1
4875,933156,282643,1536,1
4876,1114192,338300,1536,1
4877,617220,186980,1536,1
4878,693794,210163,1536,1
4879,681030,206301,1536,1
4880,1393608,422075,1536,1
4881,746330,226046,1536,1
4882,738544,223692,1536,1
4883,679708,205898,1536,1
4884,633806,191974,1536,1
4885,537858,162942,1536,1
4886,713978,216282,1536,1
4887,756962,229296,1536,1
4888,1935148,586281,1536,1
4889,1471714,445870,1536,1
4890,511334,154895,1536,1
4891,739637,224282,1536,1
4892,1516216,463778,1536,1
4893,550386,166743,1536,1
4894,825868,250172,1536,1
4895,1203532,364542,1536,1
4896,1152344,349322,1536,1
4897,1054142,319402,1536,1
4898,1110654,336376,1536,1
4899,502436,152184,1536,1
4900,1472908,446114,1536,1
4901,774432,234606,1536,1
4902,734456,222501,1536,1
4903,815978,247323,1536,1
4904,1086774,329953,1536,1
4905,1284060,389357,1536,1
4906,1059518,321559,1536,1
4907,887272,268764,1536,1
4908,784598,237683,1536,1
4909,1805686,548122,1536,1
4910,710990,215566,1536,1
4911,711356,215490,1536,1
4912,2108466,638635,1536,1
4913,918362,278127,1536,1
4914,532222,161219,1536,1
4915,504522,152828,1536,1
4916,496448,150378,1536,1
4917,1160132,351378,1536,1
4918,679190,205799,1536,1
4919,497798,150786,1536,1
4920,531324,160980,1536,1
4921,845162,255987,1536,1
4922,1032226,312618,1536,1
4923,650066,196925,1536,1
4924,577280,174935,1536,1
4925,881534,266991,1536,1
4926,475750,144112,1536,1
4927,510552,154672,1536,1
4928,552404,167326,1536,1
4929,553348,167646,1536,1
4930,1670250,505856,1536,1
4931,478188,144847,1536,1
4932,473076,143279,1536,1
4933,666498,201901,1536,1
4934,742592,224939,1536,1
4935,2126224,644692,1536,1
4936,922490,279542,1536,1
4937,966844,292865,1536,1
4938,1147498,348091,1536,1
4939,1021912,309710,1536,1
4940,800026,242336,1536,1
4941,3316192,1004812,1536,1
4942,935348,283290,1536,1
4943,584984,177199,1536,1
4944,1873196,567293,1536,1
4945,1394576,422451,1536,1
4946,800576,244221,1536,1
4947,1558850,472602,1536,1
4948,1292026,391344,1536,1
4949,1176590,356367,1536,1
4950,1277722,386993,1536,1
4951,1587968,480990,1536,1
4952,924434,280165,1536,1
4953,4059938,1230869,1536,1
4954,1733914,525797,1536,1
4955,1398342,423542,1536,1
4956,4120118,1248802,1536,1
4957,1818619,551552,1536,1
4958,4424554,1340611,1536,1
4959,780506,236564,1536,1
4960,2070986,627292,1536,1
4961,1074986,325627,1536,1
4962,848656,257087,1536,1
4963,806396,244285,1536,1
4964,2101309,644671,1536,1
4965,608924,184455,1536,1
4966,914418,277081,1536,1
4967,3495271,1059349,1536,1
4968,736394,223088,1536,1
4969,1230164,372845,1536,1
4970,1862214,563958,1536,1
4971,943126,285672,1536,1
4972,1679968,509608,1536,1
4973,839402,254231,1536,1
4974,573726,173790,1536,1
4975,2725426,825981,1536,1
4976,1941776,589169,1536,1
4977,775790,235013,1536,1
4978,748714,226890,1536,1
4979,569142,172394,1536,1
4980,483650,146505,1536,1
4981,1242584,376320,1536,1
4982,567586,171918,1536,1
4983,653062,197806,1536,1
4984,654254,198168,1536,1
4985,1521200,460713,1536,1
4986,2447722,743990,1536,1
4987,729940,221572,1536,1
4988,1107266,335481,1536,1
4989,1467272,444381,1536,1
4990,950742,287996,1536,1
4991,570870,172927,1536,1
4992,484238,146686,1536,1
4993,1750084,530240,1536,1
4994,756776,229241,1536,1
4995,492974,149359,1536,1
4996,1145082,346862,1536,1
4997,1657670,502631,1536,1
4998,669856,203282,1536,1
4999,505362,153102,1536,1
5000,2947646,893329,1536,1
5001,961714,291252,1536,1
5002,1454318,440434,1536,1
5003,468584,141940,1536,1
5004,717778,217426,1536,1
5005,878774,266149,1536,1
5006,932608,282477,1536,1
5007,963744,291879,1536,1
5008,630760,191046,1536,1
5009,472576,143151,1536,1
5010,717838,217443,1536,1
5011,538070,162979,1536,1
5012,951952,288318,1536,1
5013,789808,239215,1536,1
5014,875462,265152,1536,1
5015,552872,167470,1536,1
5016,1366664,415120,1536,1
5017,551890,167169,1536,1
5018,872260,264184,1536,1
5019,1333526,403878,1536,1
5020,1619656,490522,1536,1
5021,463102,140267,1536,1
5022,1116026,338689,1536,1
5023,1094114,331403,1536,1
5024,719402,217922,1536,1
5025,1014174,307182,1536,1
5026,525130,159058,1536,1
5027,1152942,349195,1536,1
5028,444660,134693,1536,1
5029,794598,240683,1536,1
5030,734996,224385,1536,1
5031,2671032,809621,1536,1
5032,757726,229522,1536,1
5033,902222,273273,1536,1
5034,1492811,452542,1536,1
5035,5661215,1719925,1536,1
5036,812444,246868,1536,1
5037,1106184,335066,1536,1
5038,728608,220714,1536,1
5039,851888,258052,1536,1
5040,697092,211174,1536,1
5041,1369896,414938,1536,1
5042,950422,287943,1536,1
5043,1205062,365319,1536,1
5044,754560,228567,1536,1
5045,1139432,345273,1536,1
5046,1170348,354557,1536,1
5047,1232594,373468,1536,1
5048,4033464,1222720,1536,1
5049,550050,166620,1536,1
5050,2863198,867737,1536,1
5051,803360,243493,1536,1
5052,642162,194508,1536,1
5053,1471970,445909,1536,1
5054,1768376,535751,1536,1
5055,845624,256171,1536,1
5056,861812,261063,1536,1
5057,912284,276370,1536,1
5058,1481936,448918,1536,1
5059,2975251,902133,1536,1
5060,1199928,363443,1536,1
5061,1080886,327474,1536,1
5062,962908,291670,1536,1
5063,914168,276906,1536,1
5064,2175529,660205,1536,1
5065,584804,177150,1536,1
5066,526908,159601,1536,1
5067,689128,208756,1536,1
5068,1001386,303309,1536,1
5069,528768,160173,1536,1
5070,956988,289836,1536,1
5071,503662,152561,1536,1
5072,886424,268518,1536,1
5073,867472,262902,1536,1
5074,911396,277749,1536,1
5075,1009496,305807,1536,1
5076,1520246,460497,1536,1
5077,1681524,510774,1536,1
5078,1355096,410428,1536,1
5079,499582,151327,1536,1
5080,583784,176880,1536,1
5081,583524,176875,1536,1
5082,690980,209323,1536,1
5083,2371792,718288,1536,1
5084,1165018,352860,1536,1
5085,596194,180597,1536,1
5086,698602,211582,1536,1
5087,853696,258586,1536,1
5088,677780,205291,1536,1
5089,1426784,432123,1536,1
5090,849224,257201,1536,1
5091,902054,273212,1536,1
5092,651566,197338,1536,1
5093,1178922,357069,1536,1
5094,474230,143646,1536,1
5095,1308390,396415,1536,1
5096,537948,162947,1536,1
5097,1210590,366656,1536,1
5098,570868,172936,1536,1
5099,1507416,456535,1536,1
5100,536500,162599,1536,1
5101,1003760,303999,1536,1
5102,458006,138715,1536,1
5103,773018,234130,1536,1
5104,458242,138809,1536,1
5105,963640,292352,1536,1
5106,497106,151540,1536,1
5107,1155544,351264,1536,1
5108,1595674,483352,1536,1
5109,1074522,325429,1536,1
5110,1283444,388767,1536,1
5111,542862,164433,1536,1
5112,597866,181115,1536,1
5113,641552,194338,1536,1
5114,655868,198645,1536,1
5115,715284,216639,1536,1
5116,676222,204913,1536,1
5117,805472,243940,1536,1
5118,437664,132574,1536,1
5119,514164,155734,1536,1
5120,434610,131653,1536,1
5121,864270,261863,1536,1
5122,450174,136348,1536,1
5123,902528,273837,1536,1
5124,521692,158003,1536,1
5125,829968,251372,1536,1
5126,749642,227046,1536,1
5127,704616,213436,1536,1
5128,541690,164075,1536,1
5129,2083694,631569,1536,1
5130,657532,199169,1536,1
5131,738862,223788,1536,1
5132,477408,144618,1536,1
5133,660986,200208,1536,1
5134,486750,147449,1536,1
5135,579540,176365,1536,1
5136,1473206,446247,1536,1
5137,1539586,466364,1536,1
5138,873160,264484,1536,1
5139,1048542,317561,1536,1
5140,781908,236845,1536,1
5141,951490,288207,1536,1
5142,610090,184814,1536,1
5143,1714832,519411,1536,1
5144,580130,175743,1536,1
5145,615922,186558,1536,1
5146,914828,277091,1536,1
5147,536634,162546,1536,1
5148,727598,220427,1536,1
5149,510874,154723,1536,1
5150,729188,220833,1536,1
5151,574178,173977,1536,1
5152,927572,281071,1536,1
5153,943420,285749,1536,1
5154,1148370,348116,1536,1
5155,1301278,394200,1536,1
5156,905248,274233,1536,1
5157,1171706,355083,1536,1
5158,648044,196308,1536,1
5159,1022146,309699,1536,1
5160,1781046,539491,1536,1
5161,1012220,306592,1536,1
5162,801724,242951,1536,1
5163,1547710,468774,1536,1
5164,861864,261062,1536,1
5165,1758646,533104,1536,1
5166,2362338,716532,1536,1
5167,1669522,506443,1536,1
5168,1002458,303689,1536,1
5169,2141434,649162,1536,1
5170,1306986,396354,1536,1
5171,934112,282946,1536,1
5172,757142,229373,1536,1
5173,734816,222568,1536,1
5174,725454,219764,1536,1
5175,1214896,368090,1536,1
5176,1856288,562267,1536,1
5177,861956,261097,1536,1
5178,668470,202510,1536,1
5179,1707106,517060,1536,1
5180,1558690,472157,1536,1
5181,965224,292419,1536,1
5182,1783065,541221,1536,1
5183,806292,244207,1536,1
5184,2569932,778388,1536,1
5185,1830476,554368,1536,1
5186,525712,159265,1536,1
5187,2120079,642966,1536,1
5188,1126982,341377,1536,1
5189,807920,244745,1536,1
5190,1112344,336894,1536,1
5191,565924,171442,1536,1
5192,804404,243668,1536,1
5193,1183122,358392,1536,1
5194,862764,261529,1536,1
5195,849166,257229,1536,1
5196,1491372,451730,1536,1
5197,897926,272019,1536,1
5198,1157312,350544,1536,1
5199,801170,242702,1536,1
5200,934674,283078,1536,1
5201,846426,256356,1536,1
5202,1197324,363005,1536,1
5203,1759066,532769,1536,1
5204,996370,302111,1536,1
5205,1081038,327429,1536,1
5206,1047050,317138,1536,1
5207,1302442,394483,1536,1
5208,1012744,307002,1536,1
5209,889966,269579,1536,1
5210,742804,225009,1536,1
5211,875560,265218,1536,1
5212,814492,246694,1536,1
5213,818898,248045,1536,1
5214,718906,217722,1536,1
5215,725456,219721,1536,1
5216,1945172,589625,1536,1
5217,471598,142854,1536,1
5218,763796,231376,1536,1
5219,515432,156153,1536,1
5220,2744132,832029,1536,1
5221,843246,255423,1536,1
5222,1092832,330995,1536,1
5223,999520,302741,1536,1
5224,798230,241764,1536,1
5225,896302,271486,1536,1
5226,553320,167580,1536,1
5227,794156,240528,1536,1
5228,709172,214799,1536,1
5229,553280,167570,1536,1
5230,460198,139484,1536,1
5231,828190,250901,1536,1
5232,1256760,381159,1536,1
5233,1031128,312310,1536,1
5234,1157684,350650,1536,1
5235,476696,144400,1536,1
5236,964708,292170,1536,1
5237,708004,214659,1536,1
5238,1818762,551334,1536,1
5239,2206712,668293,1536,1
5240,657472,199160,1536,1
5241,1535384,466003,1536,1
5242,620798,188032,1536,1
5243,592636,179527,1536,1
5244,689132,208746,1536,1
5245,478046,144800,1536,1
5246,482362,146140,1536,1
5247,1029684,311848,1536,1
5248,581434,176092,1536,1
5249,544438,164931,1536,1
5250,597890,181118,1536,1
5251,782086,236909,1536,1
5252,849188,257298,1536,1
5253,540940,163936,1536,1
5254,701046,212386,1536,1
5255,620810,188311,1536,1
5256,1338080,405258,1536,1
5257,682812,206834,1536,1
5258,948990,287458,1536,1
5259,1085898,328912,1536,1
5260,2795490,847532,1536,1
5261,1599090,484461,1536,1
5262,1497280,453438,1536,1
5263,645204,195468,1536,1
5264,2311819,701028,1536,1
5265,1799746,545092,1536,1
5266,1055882,320539,1536,1
5267,808558,244919,1536,1
5268,908496,275212,1536,1
5269,1728318,523452,1536,1
5270,1233282,373513,1536,1
5271,703920,213279,1536,1
5272,2572528,779073,1536,1
5273,534054,161750,1536,1
5274,864264,261867,1536,1
5275,793848,240481,1536,1
5276,1394305,423080,1536,1
5277,962942,291701,1536,1
5278,976922,295912,1536,1
5279,927529,281752,1536,1
5280,571410,173114,1536,1
5281,850260,257559,1536,1
5282,678070,205438,1536,1
5283,1092242,331603,1536,1
5284,866996,262666,1536,1
5285,1209004,366253,1536,1
5286,1147740,347634,1536,1
5287,549742,166550,1536,1
5288,615804,186530,1536,1
5289,810602,245542,1536,1
5290,844968,255917,1536,1
5291,549990,166628,1536,1
5292,839312,254204,1536,1
5293,735992,223073,1536,1
5294,1254912,380823,1536,1
5295,923684,279781,1536,1
5296,555630,168489,1536,1
5297,738000,223521,1536,1
5298,1979806,599559,1536,1
5299,666584,201917,1536,1
5300,570646,172851,1536,1
5301,577724,174994,1536,1
5302,1391934,421571,1536,1
5303,1188690,360051,1536,1
5304,497478,150696,1536,1
5305,1100364,333914,1536,1
5306,1272670,385489,1536,1
5307,3477122,1084854,1536,1
5308,1104858,334755,1536,1
5309,931234,282364,1536,1
5310,1008256,305374,1536,1
5311,874162,264754,1536,1
5312,614642,186158,1536,1
5313,619070,187510,1536,1
5314,691296,209406,1536,1
5315,499848,151401,1536,1
5316,539588,163425,1536,1
5317,608800,184419,1536,1
5318,532198,161210,1536,1
5319,459964,139330,1536,1
5320,927508,280941,1536,1
5321,449968,136298,1536,1
5322,445132,134817,1536,1
5323,677600,205234,1536,1
5324,448522,135868,1536,1
5325,520978,157811,1536,1
5326,1039376,314895,1536,1
5327,446870,135356,1536,1
5328,1097356,332338,1536,1
5329,794476,240756,1536,1
5330,705130,213613,1536,1
5331,899871,272846,1536,1
5332,678290,205433,1536,1
5333,704330,213345,1536,1
5334,679226,205726,1536,1
5335,1224106,370785,1536,1
5336,680322,206057,1536,1
5337,463458,140388,1536,1
5338,614286,186061,1536,1
5339,919760,278599,1536,1
5340,597614,180992,1536,1
5341,523054,158434,1536,1
5342,487092,147569,1536,1
5343,520396,157610,1536,1
5344,523746,158644,1536,1
5345,970268,293884,1536,1
5346,863200,261529,1536,1
5347,446098,135129,1536,1
5348,449932,136294,1536,1
5349,600178,181786,1536,1
5350,485078,146960,1536,1
5351,523616,158583,1536,1
5352,951218,288113,1536,1
5353,732162,221842,1536,1
5354,599594,181611,1536,1
5355,680364,206076,1536,1
5356,447712,135619,1536,1
5357,560462,169766,1536,1
5358,2420927,734117,1536,1
5359,552466,167381,1536,1
5360,1449941,439686,1536,1
5361,1557748,472337,1536,1
5362,1122068,339847,1536,1
5363,1032600,312746,1536,1
5364,1233120,373573,1536,1
5365,691858,209569,1536,1
5366,698452,211725,1536,1
5367,935484,283359,1536,1
5368,499518,151416,1536,1
5369,911558,276739,1536,1
5370,840134,254481,1536,1
5371,1035336,313568,1536,1
5372,1958442,593172,1536,1
5373,723818,219536,1536,1
5374,1779518,539289,1536,1
5375,745166,225725,1536,1
5376,826060,250192,1536,1
5377,826644,250355,1536,1
5378,993728,301033,1536,1
5379,1267842,384114,1536,1
5380,812970,246253,1536,1
5381,682528,206718,1536,1
5382,1492860,452175,1536,1
5383,585106,177269,1536,1
5384,864172,261790,1536,1
5385,712140,215753,1536,1
5386,902398,273364,1536,1
5387,1847570,559648,1536,1
5388,686668,208241,1536,1
5389,1414658,428482,1536,1
5390,798770,241975,1536,1
5391,1384622,419357,1536,1
5392,1016090,307780,1536,1
5393,1327800,402153,1536,1
5394,1665122,504367,1536,1
5395,1509868,457310,1536,1
5396,821162,248736,1536,1
5397,848848,257148,1536,1
5398,1141420,345781,1536,1
5399,1762284,533943,1536,1
5400,2066394,625905,1536,1
5401,1215206,368176,1536,1
5402,1128004,341656,1536,1
5403,862462,261221,1536,1
5404,1340834,406130,1536,1
5405,1039362,315005,1536,1
5406,1776808,538231,1536,1
5407,721630,218584,1536,1
5408,1510724,458292,1536,1
5409,902344,273301,1536,1
5410,3209720,973025,1536,1
5411,692442,209738,1536,1
5412,1338602,405426,1536,1
5413,872810,264428,1536,1
5414,1084196,328390,1536,1
5415,1025580,310651,1536,1
5416,807698,244626,1536,1
5417,532174,161195,1536,1
5418,1735408,525556,1536,1
5419,2277388,689860,1536,1
5420,579944,175653,1536,1
5421,1133064,343159,1536,1
5422,782398,236969,1536,1
5423,1290378,390821,1536,1
5424,1165486,352961,1536,1
5425,1152684,349130,1536,1
5426,608284,184254,1536,1
5427,856364,259404,1536,1
5428,2356902,714437,1536,1
5429,1576945,478024,1536,1
5430,795206,240840,1536,1
5431,1413686,428180,1536,1
5432,933791,283188,1536,1
5433,1414410,428645,1536,1
5434,1878756,569795,1536,1
5435,722820,218973,1536,1
5436,678564,205528,1536,1
5437,847728,256752,1536,1
5438,952560,288523,1536,1
5439,717968,217488,1536,1
5440,713980,216291,1536,1
5441,855356,259089,1536,1
5442,1508306,456813,1536,1
5443,1281550,388321,1536,1
5444,497262,150631,1536,1
5445,499526,151313,1536,1
5446,1555394,471443,1536,1
5447,656458,198840,1536,1
5448,1005042,304434,1536,1
5449,582844,176574,1536,1
5450,762702,231027,1536,1
5451,736490,223072,1536,1
5452,1384810,419483,1536,1
5453,1075714,325789,1536,1
5454,1212606,367268,1536,1
5455,3112970,944072,1536,1
5456,955458,289453,1536,1
5457,1517498,459707,1536,1
5458,808024,244765,1536,1
5459,786840,238379,1536,1
5460,591516,179174,1536,1
5461,676900,205032,1536,1
5462,547478,165862,1536,1
5463,1114796,337628,1536,1
5464,847944,256819,1536,1
5465,892010,270195,1536,1
5466,584364,176998,1536,1
5467,591402,179157,1536,1
5468,583660,176768,1536,1
5469,500526,151626,1536,1
5470,867916,262893,1536,1
5471,799716,242285,1536,1
5472,804920,243983,1536,1
5473,970376,293932,1536,1
5474,926884,280706,1536,1
5475,819200,248148,1536,1
5476,1039004,314680,1536,1
5477,551634,167118,1536,1
5478,697126,211249,1536,1
5479,738190,223654,1536,1
5480,567956,172014,1536,1
5481,645930,195673,1536,1
5482,798713,242296,1536,1
5483,835362,253044,1536,1
5484,1940814,588031,1536,1
5485,652256,197556,1536,1
5486,1129306,342146,1536,1
5487,769950,233226,1536,1
5488,671284,203322,1536,1
5489,718456,217634,1536,1
5490,586866,177758,1536,1
5491,1223192,370717,1536,1
5492,1182926,358290,1536,1
5493,2096886,635075,1536,1
5494,1343106,406785,1536,1
5495,1102272,334449,1536,1
5496,1325634,401578,1536,1
5497,931334,282103,1536,1
5498,1061602,321515,1536,1
5499,606580,183758,1536,1
5500,782310,237026,1536,1
5501,513868,155657,1536,1
5502,745056,225691,1536,1
5503,673644,204043,1536,1
5504,499768,151364,1536,1
5505,552662,167433,1536,1
5506,503034,152377,1536,1
5507,762042,230852,1536,1
5508,497342,150634,1536,1
5509,528012,159973,1536,1
5510,1564490,473830,1536,1
5511,1294080,392077,1536,1
5512,780186,236338,1536,1
5513,1187908,359807,1536,1
5514,1863234,564778,1536,1
5515,1077206,326340,1536,1
5516,1671598,506289,1536,1
5517,1770738,536348,1536,1
5518,3176316,962514,1536,1
5519,4868447,1478605,1536,1
5520,808732,245004,1536,1
5521,795766,241050,1536,1
5522,1649266,499489,1536,1
5523,1224398,370846,1536,1
5524,7915518,2398403,1536,1
5525,4129735,1252077,1536,1
5526,871854,264097,1536,1
5527,782290,236969,1536,1
5528,1196392,362364,1536,1
5529,1308978,396797,1536,1
5530,763864,231356,1536,1
5531,588812,178359,1536,1
5532,1145432,346939,1536,1
5533,1634878,495724,1536,1
5534,572606,173475,1536,1
5535,842020,255026,1536,1
5536,1296756,392749,1536,1
5537,1493994,452480,1536,1
5538,2939851,891655,1536,1
5539,810162,245390,1536,1
5540,3191196,966910,1536,1
5541,986606,298850,1536,1
5542,1537192,465962,1536,1
5543,1873592,575154,1536,1
5544,575986,174497,1536,1
5545,870218,263553,1536,1
5546,523484,158595,1536,1
5547,553904,167808,1536,1
5548,674538,204308,1536,1
5549,1277382,387540,1536,1
5550,1848624,559955,1536,1
5551,818908,248028,1536,1
5552,485342,146997,1536,1
5553,609210,184552,1536,1
5554,484132,146644,1536,1
5555,958083,290908,1536,1
5556,1003463,304344,1536,1
5557,1558442,472358,1536,1
5558,586108,177531,1536,1
5559,529222,160313,1536,1
5560,643130,194803,1536,1
5561,766211,232310,1536,1
5562,987734,299194,1536,1
5563,512238,155148,1536,1
5564,1592958,482447,1536,1
5565,487480,147673,1536,1
5566,1562034,473078,1536,1
5567,894878,271052,1536,1
5568,1075778,325892,1536,1
5569,780330,236391,1536,1
5570,484814,146859,1536,1
5571,655882,198657,1536,1
5572,490928,148717,1536,1
5573,564332,170961,1536,1
5574,1706858,517306,1536,1
5575,890462,269738,1536,1
5576,1463086,443306,1536,1
5577,850618,257627,1536,1
5578,1234729,374879,1536,1
5579,925694,280393,1536,1
5580,510966,154805,1536,1
5581,1415628,428754,1536,1
5582,611470,185197,1536,1
5583,1068708,323698,1536,1
5584,1161498,351772,1536,1
5585,898158,272021,1536,1
5586,957188,290631,1536,1
5587,1247068,378263,1536,1
5588,1355386,410586,1536,1
5589,712692,215887,1536,1
5590,1176990,356485,1536,1
5591,797818,241778,1536,1
5592,1061590,321545,1536,1
5593,940504,284840,1536,1
5594,941576,285956,1536,1
5595,1863959,564819,1536,1
5596,477750,144717,1536,1
5597,757936,229593,1536,1
5598,741148,224494,1536,1
5599,1830676,554816,1536,1
5600,745770,225955,1536,1
5601,934276,282964,1536,1
5602,1353012,410303,1536,1
5603,926312,280574,1536,1
5604,1055848,319797,1536,1
5605,498532,151115,1536,1
5606,753110,228126,1536,1
5607,710620,215318,1536,1
5608,476078,144213,1536,1
5609,913652,276740,1536,1
5610,1307263,397103,1536,1
5611,506186,153328,1536,1
5612,807590,244647,1536,1
5613,936916,283760,1536,1
5614,684114,207247,1536,1
5615,2196223,665566,1536,1
5616,921176,279180,1536,1
5617,869302,263376,1536,1
5618,732234,221811,1536,1
5619,818656,247989,1536,1
5620,801526,242975,1536,1
5621,1237336,375167,1536,1
5622,1045356,316625,1536,1
5623,770938,233535,1536,1
5624,2973216,900524,1536,1
5625,2598811,788435,1536,1
5626,1426314,432026,1536,1
5627,1806584,547244,1536,1
5628,1293110,391664,1536,1
5629,903260,273602,1536,1
5630,1143198,346271,1536,1
5631,938978,284424,1536,1
5632,968550,293353,1536,1
5633,1164222,352635,1536,1
5634,1066844,323179,1536,1
5635,962052,291645,1536,1
5636,3526728,1246315,1536,1
5637,2272578,688678,1536,1
5638,3985448,1207481,1536,1
5639,2002420,606459,1536,1
5640,1058472,320735,1536,1
5641,1353700,410007,1536,1
5642,986324,298770,1536,1
5643,786220,238188,1536,1
5644,1497494,453612,1536,1
5645,514072,155724,1536,1
5646,601584,182220,1536,1
5647,2183157,661773,1536,1
5648,2862414,867190,1536,1
5649,1135877,344390,1536,1
5650,1462766,443491,1536,1
5651,1159688,351514,1536,1
5652,889950,269635,1536,1
5653,859580,260399,1536,1
5654,1169856,354414,1536,1
5655,1220906,369794,1536,1
5656,937390,283938,1536,1
5657,831084,251786,1536,1
5658,1017828,308484,1536,1
5659,1714306,519910,1536,1
5660,674918,204423,1536,1
5661,497638,150718,1536,1
5662,1042006,315626,1536,1
5663,561036,169991,1536,1
5664,613100,185736,1536,1
5665,824304,249815,1536,1
5666,783308,237250,1536,1
5667,3806722,1153549,1536,1
5668,1069766,324028,1536,1
5669,1528014,462786,1536,1
5670,2270665,688158,1536,1
5671,947398,286985,1536,1
5672,888680,269159,1536,1
5673,876838,265680,1536,1
5674,1368068,414433,1536,1
5675,1430022,433111,1536,1
5676,901644,273084,1536,1
5677,868938,263634,1536,1
5678,848208,256926,1536,1
5679,1145548,346981,1536,1
5680,1209868,366448,1536,1
5681,817788,247673,1536,1
5682,976736,296063,1536,1
5683,1340468,406005,1536,1
5684,924834,280140,1536,1
5685,1516118,459209,1536,1
5686,1055554,319687,1536,1
5687,873284,264494,1536,1
5688,1457615,442601,1536,1
5689,1208794,366102,1536,1
5690,1785218,540723,1536,1
5691,505444,153108,1536,1
5692,1326094,401855,1536,1
5693,629830,191336,1536,1
5694,1509668,457177,1536,1
5695,574320,173991,1536,1
5696,1098584,332783,1536,1
5697,1590510,482069,1536,1
5698,1191324,360859,1536,1
5699,1561538,473376,1536,1
5700,763854,231411,1536,1
5701,779656,236196,1536,1
5702,874826,264988,1536,1
5703,766692,232219,1536,1
5704,2406271,729698,1536,1
5705,1636870,496043,1536,1
5706,8631607,2615548,1536,1
5707,1249558,378489,1536,1
5708,2198110,665767,1536,1
5709,2676528,813476,1536,1
5710,1306104,395588,1536,1
5711,1191868,362165,1536,1
5712,8252321,2672232,1536,1
5713,1101947,334281,1536,1
5714,2254470,683101,1536,1
5715,787990,238703,1536,1
5716,820204,248464,1536,1
5717,858350,260000,1536,1
5718,1584418,480601,1536,1
5719,1158624,351057,1536,1
5720,828064,250960,1536,1
5721,757806,229733,1536,1
5722,1093900,331756,1536,1
5723,686304,207904,1536,1
5724,9369878,2838894,1536,1
5725,1494332,452870,1536,1
5726,1418378,429965,1536,1
5727,1656896,501787,1536,1
5728,2704882,819562,1536,1
5729,782090,236911,1536,1
5730,517446,156743,1536,1
5731,911328,276127,1536,1
5732,911782,276452,1536,1
5733,2607096,789893,1536,1
5734,812435,246848,1536,1
5735,528986,160240,1536,1
5736,644880,195338,1536,1
5737,782030,237001,1536,1
5738,617552,187039,1536,1
5739,1083986,328947,1536,1
5740,880665,267093,1536,1
5741,1824004,552790,1536,1
5742,934838,283177,1536,1
5743,1509466,457472,1536,1
5744,783498,237302,1536,1
5745,1265692,383432,1536,1
5746,777988,235665,1536,1
5747,1194098,361997,1536,1
5748,1393996,425895,1536,1
5749,516586,156484,1536,1
5750,2777731,841749,1536,1
5751,662902,200792,1536,1
5752,501414,151865,1536,1
5753,670920,203219,1536,1
5754,531022,160878,1536,1
5755,883152,268007,1536,1
5756,564958,171160,1536,1
5757,960936,291020,1536,1
5758,1154316,349596,1536,1
5759,931656,282300,1536,1
5760,855546,259164,1536,1
5761,1182002,358316,1536,1
5762,3823502,1158932,1536,1
5763,2134902,646570,1536,1
5764,1620384,490899,1536,1
5765,1736412,526384,1536,1
5766,974670,295470,1536,1
5767,675426,204576,1536,1
5768,562102,170289,1536,1
5769,975310,296233,1536,1
5770,553848,167819,1536,1
5771,502464,152185,1536,1
5772,2949579,893879,1536,1
5773,487686,147735,1536,1
5774,880494,267018,1536,1
5775,1059140,320810,1536,1
5776,755558,228866,1536,1
5777,677358,205243,1536,1
5778,717640,217433,1536,1
5779,935250,283604,1536,1
5780,1161332,352195,1536,1
5781,485022,146923,1536,1
5782,597232,180925,1536,1
5783,1116200,338082,1536,1
5784,725694,220349,1536,1
5785,731082,221456,1536,1
5786,822628,249151,1536,1
5787,1355978,410691,1536,1
5788,553050,167521,1536,1
5789,629626,190706,1536,1
5790,1344522,407228,1536,1
5791,470450,142510,1536,1
5792,1004946,304539,1536,1
5793,963510,292000,1536,1
5794,810960,245891,1536,1
5795,724052,219328,1536,1
5796,1904280,576731,1536,1
5797,915744,277343,1536,1
5798,449366,136116,1536,1
5799,1267344,383919,1536,1
5800,447130,135448,1536,1
5801,483282,146414,1536,1
5802,2989408,906011,1536,1
5803,997618,302497,1536,1
5804,1321606,400546,1536,1
5805,686768,208224,1536,1
5806,1820594,552118,1536,1
5807,679996,205957,1536,1
5808,959476,290605,1536,1
5809,836572,253389,1536,1
5810,661721,200756,1536,1
5811,2279977,691269,1536,1
5812,574938,174139,1536,1
5813,697494,211276,1536,1
5814,428812,129892,1536,1
5815,635500,192512,1536,1
5816,2878173,872007,1536,1
5817,717802,217431,1536,1
5818,699316,211809,1536,1
5819,735210,222704,1536,1
5820,520582,157712,1536,1
5821,1389930,421148,1536,1
5822,774098,234486,1536,1
5823,1094380,331621,1536,1
5824,748700,226796,1536,1
5825,1083266,328220,1536,1
5826,2858042,866414,1536,1
5827,1118882,339286,1536,1
5828,748414,226915,1536,1
5829,1048510,318163,1536,1
5830,1414875,430639,1536,1
5831,5858716,1775296,1536,1
5832,1523204,461355,1536,1
5833,1502720,455138,1536,1
5834,1693874,513246,1536,1
5835,1640976,498422,1536,1
5836,760192,231657,1536,1
5837,2050626,621409,1536,1
5838,1880239,570007,1536,1
5839,1399980,424503,1536,1
5840,1373298,415953,1536,1
5841,3436652,1042249,1536,1
5842,725400,219785,1536,1
5843,923536,279757,1536,1
5844,539752,163486,1536,1
5845,962256,291757,1536,1
5846,1053934,319215,1536,1
5847,940724,284950,1536,1
5848,831716,252210,1536,1
5849,1176756,356925,1536,1
5850,1113436,337340,1536,1
5851,1891456,573448,1536,1
5852,1134874,343753,1536,1
5853,1169812,354375,1536,1
5854,1079282,327118,1536,1
5855,3713642,1125634,1536,1
5856,1630127,495092,1536,1
5857,2105045,638055,1536,1
5858,848106,256905,1536,1
5859,1858148,562748,1536,1
5860,1107514,335450,1536,1
5861,1324544,401177,1536,1
5862,845110,255986,1536,1
5863,1118368,338731,1536,1
5864,1343712,408038,1536,1
5865,825202,249969,1536,1
5866,1086768,329181,1536,1
5867,1140494,345470,1536,1
5868,674166,204234,1536,1
5869,3005240,911014,1536,1
5870,1717396,520183,1536,1
5871,1508352,456836,1536,1
5872,819624,248294,1536,1
5873,957750,290073,1536,1
5874,663072,200870,1536,1
5875,1657312,501950,1536,1
5876,703296,213040,1536,1
5877,502796,152284,1536,1
5878,587592,177976,1536,1
5879,1182176,358029,1536,1
5880,1033140,312926,1536,1
5881,669440,202768,1536,1
5882,1083616,328172,1536,1
5883,670888,203430,1536,1
5884,984574,298176,1536,1
5885,525152,159078,1536,1
5886,984356,298130,1536,1
5887,731662,221708,1536,1
5888,570594,172829,1536,1
5889,1095586,331839,1536,1
5890,658122,199342,1536,1
5891,1722732,521737,1536,1
5892,1082554,327853,1536,1
5893,670850,203233,1536,1
5894,1074190,325368,1536,1
5895,681896,206560,1536,1
5896,1243264,376503,1536,1
5897,523208,158464,1536,1
5898,674508,204294,1536,1
5899,723862,219270,1536,1
5900,1216102,368333,1536,1
5901,1170108,354374,1536,1
5902,1269378,384452,1536,1
5903,519544,157397,1536,1
5904,865508,262120,1536,1
5905,1464006,443544,1536,1
5906,1535470,465004,1536,1
5907,1873138,567278,1536,1
5908,1226056,371449,1536,1
5909,1226004,371360,1536,1
5910,529150,160297,1536,1
5911,864948,262061,1536,1
5912,1228748,372170,1536,1
5913,446142,135139,1536,1
5914,903992,273809,1536,1
5915,835932,253500,1536,1
5916,1190066,360446,1536,1
5917,486764,147471,1536,1
5918,473530,143424,1536,1
5919,446406,135224,1536,1
5920,937236,283904,1536,1
5921,643934,195069,1536,1
5922,3138151,950726,1536,1
5923,1248708,378378,1536,1
5924,716818,217224,1536,1
5925,1153855,349959,1536,1
5926,820784,249327,1536,1
5927,1295356,392343,1536,1
5928,860316,260639,1536,1
5929,1541070,466803,1536,1
5930,1488132,450701,1536,1
5931,1230182,372873,1536,1
5932,1518702,459990,1536,1
5933,602640,182541,1536,1
5934,784346,237558,1536,1
5935,513450,155529,1536,1
5936,514806,155947,1536,1
5937,1697300,514349,1536,1
5938,859632,260597,1536,1
5939,1149822,348288,1536,1
5940,1084930,328585,1536,1
5941,825622,250080,1536,1
5942,712496,215807,1536,1
5943,579208,175555,1536,1
5944,528858,160196,1536,1
5945,532696,161362,1536,1
5946,624686,189218,1536,1
5947,829290,251296,1536,1
5948,881424,266988,1536,1
5949,694408,210333,1536,1
5950,694950,210482,1536,1
5951,1296552,392730,1536,1
5952,998004,302309,1536,1
5953,690392,209111,1536,1
5954,655452,198565,1536,1
5955,710342,215279,1536,1
5956,1333656,405194,1536,1
5957,992786,300685,1536,1
5958,740562,224288,1536,1
5959,1447836,438783,1536,1
5960,622252,188468,1536,1
5961,539252,163348,1536,1
5962,532192,161202,1536,1
5963,619944,187775,1536,1
5964,1260718,381813,1536,1
5965,793760,240441,1536,1
5966,1577670,478151,1536,1
5967,1243286,377284,1536,1
5968,518060,156906,1536,1
5969,929940,281919,1536,1
5970,719060,217799,1536,1
5971,915464,277305,1536,1
5972,3675312,1113006,1536,1
5973,515426,156135,1536,1
5974,515298,156093,1536,1
5975,1151270,348694,1536,1
5976,1108386,335710,1536,1
5977,799646,242232,1536,1
5978,742160,224821,1536,1
5979,836014,253233,1536,1
5980,611162,185146,1536,1
5981,585738,177419,1536,1
5982,501820,152008,1536,1
5983,845308,256022,1536,1
5984,779332,236048,1536,1
5985,2120090,642071,1536,1
5986,786812,238355,1536,1
5987,670280,203025,1536,1
5988,947762,287071,1536,1
5989,759184,229944,1536,1
5990,1187734,359720,1536,1
5991,1612384,489434,1536,1
5992,987464,299122,1536,1
5993,694314,210325,1536,1
5994,631608,191339,1536,1
5995,880070,266573,1536,1
5996,693984,210220,1536,1
5997,671862,203496,1536,1
5998,499340,151261,1536,1
5999,928636,281256,1536,1
6000,660374,200050,1536,1
6001,1381552,418430,1536,1
6002,1569630,475434,1536,1
6003,578118,175194,1536,1
6004,974244,295095,1536,1
6005,672496,203694,1536,1
6006,554510,167945,1536,1
6007,803786,243474,1536,1
6008,469722,142290,1536,1
6009,631960,191396,1536,1
6010,514916,156000,1536,1
6011,1116840,338243,1536,1
6012,555846,168364,1536,1
6013,2108776,638755,1536,1
6014,817516,247611,1536,1
6015,2407432,730574,1536,1
6016,1046796,317077,1536,1
6017,519098,157231,1536,1
6018,3786443,1147703,1536,1
6019,1292928,391608,1536,1
6020,1023480,309973,1536,1
6021,662248,200637,1536,1
6022,678840,205622,1536,1
6023,762432,231391,1536,1
6024,820104,248497,1536,1
6025,1298930,393426,1536,1
6026,1928790,584920,1536,1
6027,1138082,344702,1536,1
6028,663270,201024,1536,1
6029,811576,245958,1536,1
6030,940720,285034,1536,1
6031,3574680,1082775,1536,1
6032,719720,218021,1536,1
6033,530892,160833,1536,1
6034,1895418,574051,1536,1
6035,589490,178554,1536,1
6036,1628213,493646,1536,1
6037,2129806,646362,1536,1
6038,1730084,523970,1536,1
6039,982132,297597,1536,1
6040,1297522,393049,1536,1
6041,1052952,318940,1536,1
6042,859678,260425,1536,1
6043,949801,288081,1536,1
6044,620814,188048,1536,1
6045,845574,256322,1536,1
6046,733972,222340,1536,1
6047,754280,228487,1536,1
6048,1692774,513078,1536,1
6049,1568650,475109,1536,1
6050,1280244,387750,1536,1
6051,560386,169780,1536,1
6052,1087872,329569,1536,1
6053,1023286,310428,1536,1
6054,544280,164868,1536,1
6055,1438778,435758,1536,1
6056,625332,189407,1536,1
6057,987186,298992,1536,1
6058,1132478,342986,1536,1
6059,1833684,555356,1536,1
6060,1637326,496510,1536,1
6061,493782,149585,1536,1
6062,1483128,449161,1536,1
6063,565904,171609,1536,1
6064,968162,293245,1536,1
6065,707734,214385,1536,1
6066,1270976,384944,1536,1
6067,683122,206929,1536,1
6068,735008,222621,1536,1
6069,570400,172797,1536,1
6070,1775134,538056,1536,1
6071,740534,224276,1536,1
6072,1085116,328660,1536,1
6073,478208,144859,1536,1
6074,471372,142783,1536,1
6075,457634,138626,1536,1
6076,881686,267128,1536,1
6077,457338,138517,1536,1
6078,1088066,329637,1536,1
6079,930840,281938,1536,1
6080,596376,180627,1536,1
6081,506206,153310,1536,1
6082,594614,180102,1536,1
6083,1295008,392281,1536,1
6084,561996,170225,1536,1
6085,623208,188739,1536,1
6086,481330,145795,1536,1
6087,450340,136437,1536,1
6088,483000,146301,1536,1
6089,510008,154465,1536,1
6090,885385,268432,1536,1
6091,644256,195128,1536,1
6092,903248,273597,1536,1
6093,795516,240940,1536,1
6094,495624,150130,1536,1
6095,801050,242775,1536,1
6096,1409298,427287,1536,1
6097,857300,261303,1536,1
6098,850508,257697,1536,1
6099,1212892,367375,1536,1
6100,674810,204443,1536,1
6101,802082,243046,1536,1
6102,654194,198170,1536,1
6103,1035416,313823,1536,1
6104,873102,264564,1536,1
6105,886156,269628,1536,1
6106,1273150,385612,1536,1
6107,937238,283903,1536,1
6108,1101372,334275,1536,1
6109,685982,207803,1536,1
6110,2032614,615604,1536,1
6111,883726,268431,1536,1
6112,770946,233613,1536,1
6113,838546,254061,1536,1
6114,853830,258628,1536,1
6115,967760,293129,1536,1
6116,604242,183025,1536,1
6117,782508,237013,1536,1
6118,817364,247599,1536,1
6119,1150756,348636,1536,1
6120,1185106,359127,1536,1
6121,1126476,341783,1536,1
6122,683064,206920,1536,1
6123,1057918,320605,1536,1
6124,1208742,366448,1536,1
6125,1415512,428885,1536,1
6126,9863411,2988682,1536,1
6127,1376008,416763,1536,1
6128,907504,274887,1536,1
6129,2177616,659599,1536,1
6130,841648,254913,1536,1
6131,756676,229271,1536,1
6132,688330,208520,1536,1
6133,521016,157801,1536,1
6134,1447604,438432,1536,1
6135,1439448,436020,1536,1
6136,498664,151052,1536,1
6137,523560,158620,1536,1
6138,705134,213605,1536,1
6139,691834,209641,1536,1
6140,1321578,400328,1536,1
6141,700346,212162,1536,1
6142,2021470,612234,1536,1
6143,775052,234821,1536,1
6144,781172,236714,1536,1
6145,1517872,460101,1536,1
6146,1091556,330669,1536,1
6147,834418,252732,1536,1
6148,1482322,450602,1536,1
6149,1339102,405658,1536,1
6150,1727160,523299,1536,1
6151,3331372,1010884,1536,1
6152,968442,293354,1536,1
6153,604310,183049,1536,1
6154,770474,233391,1536,1
6155,922084,279528,1536,1
6156,1454754,441059,1536,1
6157,1410996,427714,1536,1
6158,624426,189167,1536,1
6159,517626,156786,1536,1
6160,652144,197947,1536,1
6161,724318,219911,1536,1
6162,506248,153354,1536,1
6163,1138364,344767,1536,1
6164,1296374,392640,1536,1
6165,1606249,487020,1536,1
6166,526654,159533,1536,1
6167,787110,238727,1536,1
6168,1249280,378374,1536,1
6169,531706,161040,1536,1
6170,896146,271449,1536,1
6171,522774,158381,1536,1
6172,529760,160497,1536,1
6173,871288,263916,1536,1
6174,608106,184229,1536,1
6175,640472,194021,1536,1
6176,1074698,325613,1536,1
6177,1058050,320590,1536,1
6178,804920,244150,1536,1
6179,976806,299199,1536,1
6180,783118,237230,1536,1
6181,2949780,894158,1536,1
6182,1035310,313605,1536,1
6183,1512930,458317,1536,1
6184,674068,204166,1536,1
6185,2731699,828476,1536,1
6186,596128,180596,1536,1
6187,579240,175461,1536,1
6188,486382,147329,1536,1
6189,653704,197997,1536,1
6190,472282,143063,1536,1
6191,715166,216600,1536,1
6192,474078,143607,1536,1
6193,596882,180906,1536,1
6194,1088786,331848,1536,1
6195,1443680,437665,1536,1
6196,866022,262312,1536,1
6197,835306,252974,1536,1
6198,885864,268326,1536,1
6199,457372,138549,1536,1
6200,771478,233643,1536,1
6201,699390,211856,1536,1
6202,444720,134712,1536,1
6203,823370,249356,1536,1
6204,523830,158650,1536,1
6205,461858,139902,1536,1
6206,784150,237499,1536,1
6207,742834,225020,1536,1
6208,784566,237626,1536,1
6209,708070,214462,1536,1
6210,688758,208672,1536,1
6211,1149558,348141,1536,1
6212,522344,158216,1536,1
6213,446202,135158,1536,1
6214,450432,136424,1536,1
6215,484868,146975,1536,1
6216,1126146,341270,1536,1
6217,1410860,427306,1536,1
6218,910434,275739,1536,1
6219,877048,265629,1536,1
6220,443786,134414,1536,1
6221,586828,177745,1536,1
6222,806192,244178,1536,1
6223,512384,155183,1536,1
6224,436270,132135,1536,1
6225,438394,132803,1536,1
6226,1023814,310071,1536,1
6227,524880,159086,1536,1
6228,448878,135972,1536,1
6229,543844,164766,1536,1
6230,784264,237636,1536,1
6231,858958,260230,1536,1
6232,538762,163197,1536,1
6233,562994,170513,1536,1
6234,539686,163545,1536,1
6235,484132,146670,1536,1
6236,471216,142728,1536,1
6237,1361934,412970,1536,1
6238,2654696,805402,1536,1
6239,1131120,342604,1536,1
6240,855992,259374,1536,1
6241,574108,173894,1536,1
6242,946324,286635,1536,1
6243,2089886,634699,1536,1
6244,839408,254262,1536,1
6245,2498504,756743,1536,1
6246,1524870,462526,1536,1
6247,1135824,343997,1536,1
6248,1138113,345337,1536,1
6249,816595,247763,1536,1
6250,1634237,558449,1536,1
6251,1948172,590158,1536,1
6252,1202576,364193,1536,1
6253,1080394,327290,1536,1
6254,710464,215231,1536,1
6255,625630,189529,1536,1
6256,513018,155379,1536,1
6257,828226,250875,1536,1
6258,930060,281717,1536,1
6259,1067014,323279,1536,1
6260,758916,229862,1536,1
6261,862442,261254,1536,1
6262,1459500,442689,1536,1
6263,1195492,362084,1536,1
6264,1073770,325213,1536,1
6265,4473428,1355753,1536,1
6266,2175346,659149,1536,1
6267,1003302,303899,1536,1
6268,897188,272001,1536,1
6269,1612164,488358,1536,1
6270,1339308,405865,1536,1
6271,914966,277304,1536,1
6272,786620,238299,1536,1
6273,1506204,456486,1536,1
6274,1615950,489430,1536,1
6275,1104374,334505,1536,1
6276,1120274,339458,1536,1
6277,1548156,468897,1536,1
6278,530820,160790,1536,1
6279,745974,226101,1536,1
6280,749318,226987,1536,1
6281,1880662,569927,1536,1
6282,673180,203931,1536,1
6283,1764506,536781,1536,1
6284,532648,161353,1536,1
6285,536194,162390,1536,1
6286,898032,272729,1536,1
6287,1999014,605421,1536,1
6288,766950,232627,1536,1
6289,1842784,558425,1536,1
6290,1953838,592020,1536,1
6291,1316930,398868,1536,1
6292,706858,214111,1536,1
6293,1384830,419426,1536,1
6294,715106,216595,1536,1
6295,602810,182593,1536,1
6296,505448,153111,1536,1
6297,756706,229169,1536,1
6298,2063776,625602,1536,1
6299,917256,277835,1536,1
6300,491616,148899,1536,1
6301,490644,148602,1536,1
6302,804138,243576,1536,1
6303,793940,240464,1536,1
6304,1450754,439378,1536,1
6305,851880,258010,1536,1
6306,611776,185293,1536,1
6307,694870,210487,1536,1
6308,598732,181341,1536,1
6309,747214,226301,1536,1
6310,509250,154253,1536,1
6311,654172,198141,1536,1
6312,787672,238556,1536,1
6313,930796,281901,1536,1
6314,424386,128552,1536,1
6315,499112,151161,1536,1
6316,525176,159103,1536,1
6317,1875264,568271,1536,1
6318,1032972,312947,1536,1
6319,968584,295791,1536,1
6320,741900,224718,1536,1
6321,663198,201838,1536,1
6322,996492,301793,1536,1
6323,847862,256782,1536,1
6324,911370,276039,1536,1
6325,892520,270347,1536,1
6326,1347550,408440,1536,1
6327,1490716,451473,1536,1
6328,1061568,321515,1536,1
6329,1040304,315257,1536,1
6330,557600,168944,1536,1
6331,728178,220542,1536,1
6332,659740,199873,1536,1
6333,534584,161949,1536,1
6334,433242,131237,1536,1
6335,670872,203215,1536,1
6336,436444,132197,1536,1
6337,769254,233007,1536,1
6338,467888,141842,1536,1
6339,856904,260753,1536,1
6340,606276,183645,1536,1
6341,437114,132408,1536,1
6342,658150,199332,1536,1
6343,436558,132231,1536,1
6344,629742,190762,1536,1
6345,658356,199396,1536,1
6346,574766,174078,1536,1
6347,569296,172430,1536,1
6348,452126,136973,1536,1
6349,423692,128344,1536,1
6350,571142,172996,1536,1
6351,442918,134166,1536,1
6352,1100652,333356,1536,1
6353,1430222,433175,1536,1
6354,1473192,446271,1536,1
6355,1143712,346714,1536,1
6356,631042,191156,1536,1
6357,1567242,474844,1536,1
6358,1269606,384525,1536,1
6359,717120,217210,1536,1
6360,1282100,388311,1536,1
6361,749978,227173,1536,1
6362,743776,225362,1536,1
6363,1352848,409729,1536,1
6364,822676,249191,1536,1
6365,1043732,316155,1536,1
6366,1726280,522829,1536,1
6367,997122,302014,1536,1
6368,2385498,723179,1536,1
6369,1849801,561730,1536,1
6370,1102776,334209,1536,1
6371,1079214,326881,1536,1
6372,715350,216668,1536,1
6373,615024,186311,1536,1
6374,1229216,373124,1536,1
6375,846926,256533,1536,1
6376,609230,184561,1536,1
6377,1641516,497501,1536,1
6378,499088,151165,1536,1
6379,1391734,421512,1536,1
6380,594348,180051,1536,1
6381,1153050,349234,1536,1
6382,1982668,601524,1536,1
6383,1686754,512146,1536,1
6384,1087398,329352,1536,1
6385,1800609,546375,1536,1
6386,849238,257233,1536,1
6387,1375985,417054,1536,1
6388,734850,222724,1536,1
6389,827696,250751,1536,1
6390,970080,293849,1536,1
6391,767728,232556,1536,1
6392,949766,287673,1536,1
6393,873218,264497,1536,1
6394,1132006,343009,1536,1
6395,664582,201387,1536,1
6396,1272704,385647,1536,1
6397,887566,269089,1536,1
6398,1350492,409323,1536,1
6399,769434,233073,1536,1
6400,4938043,1496146,1536,1
6401,1151244,348714,1536,1
6402,12152427,3681601,1536,1
6403,989874,299944,1536,1
6404,809428,245353,1536,1
6405,1404300,426159,1536,1
6406,857532,259758,1536,1
6407,818046,248140,1536,1
6408,1642944,497649,1536,1
6409,1140782,345529,1536,1
6410,8821885,2672936,1536,1
6411,1665474,504717,1536,1
6412,1732104,524556,1536,1
6413,622236,188477,1536,1
6414,758842,229870,1536,1
6415,732830,222000,1536,1
6416,812374,246051,1536,1
6417,1025090,310715,1536,1
6418,1525974,462159,1536,1
6419,1093218,331156,1536,1
6420,1031530,315145,1536,1
6421,1641030,497740,1536,1
6422,1007546,305456,1536,1
6423,1080543,328440,1536,1
6424,940136,284829,1536,1
6425,2289876,694376,1536,1
6426,1005724,304635,1536,1
6427,720164,218115,1536,1
6428,855386,259103,1536,1
6429,2330928,706546,1536,1
6430,522196,158184,1536,1
6431,899166,272324,1536,1
6432,1507522,456658,1536,1
6433,1118120,338666,1536,1
6434,911744,276264,1536,1
6435,964732,292589,1536,1
6436,1602478,485328,1536,1
6437,1409864,427000,1536,1
6438,1338418,405443,1536,1
6439,1043496,316120,1536,1
6440,875764,265284,1536,1
6441,3447786,1044132,1536,1
6442,1141922,345898,1536,1
6443,523074,158435,1536,1
6444,772956,234129,1536,1
6445,652720,197692,1536,1
6446,607190,183931,1536,1
6447,496516,150389,1536,1
6448,569036,172344,1536,1
6449,494282,149718,1536,1
6450,943822,285916,1536,1
6451,740512,224277,1536,1
6452,690690,209267,1536,1
6453,667460,202161,1536,1
6454,437338,132473,1536,1
6455,561732,170164,1536,1
6456,553158,167598,1536,1
6457,1367068,414057,1536,1
6458,435758,131999,1536,1
6459,1031092,312308,1536,1
6460,752754,228050,1536,1
6461,505208,153050,1536,1
6462,1719362,521392,1536,1
6463,1134196,343510,1536,1
6464,2578498,781490,1536,1
6465,952542,288536,1536,1
6466,1126632,341489,1536,1
6467,997586,302237,1536,1
6468,609648,184661,1536,1
6469,449574,136179,1536,1
6470,1339192,405597,1536,1
6471,471126,142730,1536,1
6472,1337708,405143,1536,1
6473,452904,137172,1536,1
6474,600666,181928,1536,1
6475,488394,147969,1536,1
6476,696142,210878,1536,1
6477,908071,275816,1536,1
6478,757616,229525,1536,1
6479,844370,255780,1536,1
6480,1635548,495336,1536,1
6481,2085534,632660,1536,1
6482,980932,297223,1536,1
6483,566482,171591,1536,1
6484,1114446,337655,1536,1
6485,627128,189980,1536,1
6486,879732,267049,1536,1
6487,569616,172568,1536,1
6488,1279418,387601,1536,1
6489,926182,280526,1536,1
6490,700816,212316,1536,1
6491,929552,281558,1536,1
6492,2527284,765406,1536,1
6493,1861994,564014,1536,1
6494,760018,230230,1536,1
6495,1331670,403327,1536,1
6496,620496,187949,1536,1
6497,1588332,482484,1536,1
6498,1945808,589365,1536,1
6499,1197484,362709,1536,1
6500,3058208,926620,1536,1
6501,1393933,422520,1536,1
6502,1452352,440127,1536,1
6503,1401072,424346,1536,1
6504,1112328,337287,1536,1
6505,1558234,472025,1536,1
6506,835250,253192,1536,1
6507,949904,287757,1536,1
6508,2084736,633209,1536,1
6509,764072,231845,1536,1
6510,894774,272173,1536,1
6511,975104,295500,1536,1
6512,897522,272223,1536,1
6513,1246545,378703,1536,1
6514,3570964,1082032,1536,1
6515,830224,251868,1536,1
6516,3042836,924172,1536,1
6517,3154920,956047,1536,1
6518,3689426,1120241,1536,1
6519,932832,282551,1536,1
6520,794384,240640,1536,1
6521,531656,161098,1536,1
6522,1595180,483301,1536,1
6523,994878,301483,1536,1
6524,501212,151805,1536,1
6525,2383616,726318,1536,1
6526,1094880,331641,1536,1
6527,868228,262997,1536,1
6528,1005842,304682,1536,1
6529,566694,171652,1536,1
6530,607570,184064,1536,1
6531,586128,177536,1536,1
6532,917244,277827,1536,1
6533,1581668,479286,1536,1
6534,1854260,562236,1536,1
6535,796884,241354,1536,1
6536,620472,188000,1536,1
6537,666220,201813,1536,1
6538,3415240,1034554,1536,1
6539,837382,253675,1536,1
6540,871942,264135,1536,1
6541,863886,261651,1536,1
6542,2866254,870344,1536,1
6543,485562,147082,1536,1
6544,958002,290168,1536,1
6545,484470,146747,1536,1
6546,587210,177889,1536,1
6547,819794,248290,1536,1
6548,536540,162548,1536,1
6549,1132640,343733,1536,1
6550,505042,152985,1536,1
6551,982666,297591,1536,1
6552,655246,198468,1536,1
6553,905672,274338,1536,1
6554,1385084,419701,1536,1
6555,1190314,361111,1536,1
6556,1571594,476424,1536,1
6557,1191470,361217,1536,1
6558,538112,163024,1536,1
6559,558010,169063,1536,1
6560,650376,196990,1536,1
6561,652460,197620,1536,1
6562,488814,148069,1536,1
6563,497414,150673,1536,1
6564,660474,200054,1536,1
6565,567276,171805,1536,1
6566,494722,149883,1536,1
6567,1878648,569887,1536,1
6568,1853660,561694,1536,1
6569,741486,224922,1536,1
6570,725434,219760,1536,1
6571,1195443,362398,1536,1
6572,810284,245585,1536,1
6573,603006,182673,1536,1
6574,5434531,1656389,1536,1
6575,1631852,494212,1536,1
6576,3129264,949632,1536,1
6577,2271792,689095,1536,1
6578,1042234,315751,1536,1
6579,1872292,567714,1536,1
6580,983266,297833,1536,1
6581,1453214,440211,1536,1
6582,3988441,1211171,1536,1
6583,1198719,363630,1536,1
6584,891148,269985,1536,1
6585,1717356,520390,1536,1
6586,683996,207203,1536,1
6587,663760,201312,1536,1
6588,1033714,313109,1536,1
6589,1013652,307635,1536,1
6590,1078544,326707,1536,1
6591,685326,207740,1536,1
6592,875416,265142,1536,1
6593,897994,272000,1536,1
6594,975310,295456,1536,1
6595,1706206,516768,1536,1
6596,21378972,6478673,1536,1
6597,1714824,519416,1536,1
6598,2284582,692800,1536,1
6599,1180776,357624,1536,1
6600,793040,240652,1536,1
6601,783162,237254,1536,1
6602,720012,218107,1536,1
6603,1697570,514981,1536,1
6604,5207375,1577440,1536,1
6605,1647779,499667,1536,1
6606,3917230,1186602,1536,1
6607,2225445,674665,1536,1
6608,935688,283425,1536,1
6609,2132122,645850,1536,1
6610,970736,294064,1536,1
6611,2134262,646683,1536,1
6612,887656,268891,1536,1
6613,531494,160999,1536,1
6614,850962,257830,1536,1
6615,770012,233310,1536,1
6616,931978,282365,1536,1
6617,538436,163082,1536,1
6618,637294,193291,1536,1
6619,2747400,833165,1536,1
6620,886129,269205,1536,1
6621,784104,237490,1536,1
6622,2314145,704606,1536,1
6623,701628,212514,1536,1
6624,617878,187151,1536,1
6625,1267996,384144,1536,1
6626,1411209,427870,1536,1
6627,3442306,1043341,1536,1
6628,517882,156869,1536,1
6629,792438,240038,1536,1
6630,574592,174042,1536,1
6631,681020,206297,1536,1
6632,508618,154090,1536,1
6633,487866,147773,1536,1
6634,758474,229885,1536,1
6635,1198632,363211,1536,1
6636,899184,272810,1536,1
6637,2362664,715962,1536,1
6638,933918,282863,1536,1
6639,833728,252786,1536,1
6640,730266,221212,1536,1
6641,1936268,586858,1536,1
6642,680070,206026,1536,1
6643,847651,256882,1536,1
6644,1338172,405302,1536,1
6645,571246,173063,1536,1
6646,1867166,565962,1536,1
6647,1068176,323573,1536,1
6648,1076756,326133,1536,1
6649,779592,236149,1536,1
6650,1507558,458902,1536,1
6651,951336,288848,1536,1
6652,968962,293531,1536,1
6653,1185670,359109,1536,1
6654,1895766,575013,1536,1
6655,914192,276887,1536,1
6656,7778375,2358292,1536,1
6657,2439744,739910,1536,1
6658,697996,211492,1536,1
6659,1142800,346128,1536,1
6660,1854082,561656,1536,1
6661,1003070,303814,1536,1
6662,1406218,425897,1536,1
6663,864324,261809,1536,1
6664,591774,179247,1536,1
6665,835852,253289,1536,1
6666,2423440,734186,1536,1
6667,2695712,817586,1536,1
6668,707224,214235,1536,1
6669,858346,259987,1536,1
6670,628984,190925,1536,1
6671,1635054,495235,1536,1
6672,1696574,513843,1536,1
6673,715442,216853,1536,1
6674,728734,221015,1536,1
6675,1220224,369580,1536,1
6676,1599168,484310,1536,1
6677,1269098,384372,1536,1
6678,37368335,11317423,1536,1
6679,1042324,315719,1536,1
6680,2845054,862768,1536,1
6681,667168,202122,1536,1
6682,32545330,9856998,1536,1
6683,665064,201472,1536,1
6684,3714310,1125479,1536,1
6685,2070866,627923,1536,1
6686,2101204,636457,1536,1
6687,850472,257598,1536,1
6688,995106,301537,1536,1
6689,1373582,416025,1536,1
6690,771190,233603,1536,1
6691,1823416,552228,1536,1
6692,2003364,607861,1536,1
6693,1920302,581565,1536,1
6694,1438962,437259,1536,1
6695,1169772,354498,1536,1
6696,2566490,778653,1536,1
6697,1474472,446565,1536,1
6698,914130,276894,1536,1
6699,1328630,402450,1536,1
6700,1839266,557052,1536,1
6701,937206,284075,1536,1
6702,1201286,363981,1536,1
6703,1057294,320384,1536,1
6704,1035778,314241,1536,1
6705,2861802,867178,1536,1
6706,801194,242840,1536,1
6707,1291734,391394,1536,1
6708,827688,250730,1536,1
6709,968058,293827,1536,1
6710,967434,293113,1536,1
6711,902092,273308,1536,1
6712,1071092,325190,1536,1
6713,845232,256224,1536,1
6714,1414284,428481,1536,1
6715,1570062,475516,1536,1
6716,5895327,1786707,1536,1
6717,814492,246698,1536,1
6718,702414,212799,1536,1
6719,1113212,337176,1536,1
6720,1502092,455828,1536,1
6721,950984,288050,1536,1
6722,1132296,342962,1536,1
6723,970972,294106,1536,1
6724,688548,208584,1536,1
6725,877162,265802,1536,1
6726,3268515,990732,1536,1
6727,1036634,313980,1536,1
6728,1381974,418611,1536,1
6729,1029788,311918,1536,1
6730,496588,150415,1536,1
6731,546498,165617,1536,1
6732,741094,224473,1536,1
6733,1625810,493180,1536,1
6734,1241900,376138,1536,1
6735,1392654,422019,1536,1
6736,651412,197342,1536,1
6737,2325564,704444,1536,1
6738,5611364,1700920,1536,1
6739,8845284,2679634,1536,1
6740,1668532,506086,1536,1
6741,1600278,485113,1536,1
6742,705288,213638,1536,1
6743,1157684,350770,1536,1
6744,904768,274066,1536,1
6745,1433246,434087,1536,1
6746,588146,178159,1536,1
6747,1243228,376573,1536,1
6748,632040,191504,1536,1
6749,554174,167872,1536,1
6750,1094466,331962,1536,1
6751,1565114,474174,1536,1
6752,807090,244575,1536,1
6753,968432,293332,1536,1
6754,1043980,316423,1536,1
6755,1575199,478262,1536,1
6756,591372,179104,1536,1
6757,900334,272708,1536,1
6758,517070,156629,1536,1
6759,847142,256606,1536,1
6760,834330,252741,1536,1
6761,538600,163173,1536,1
6762,875908,265294,1536,1
6763,601852,182379,1536,1
6764,554342,167898,1536,1
6765,710338,215175,1536,1
6766,1024362,310218,1536,1
6767,564612,171082,1536,1
6768,902998,273486,1536,1
6769,985318,298503,1536,1
6770,845120,255965,1536,1
6771,1576990,477578,1536,1
6772,482546,146168,1536,1
6773,520154,157581,1536,1
6774,1551244,471324,1536,1
6775,2612266,791965,1536,1
6776,965794,292558,1536,1
6777,1733632,525959,1536,1
6778,1586186,481449,1536,1
6779,487538,147687,1536,1
6780,482894,146269,1536,1
6781,823874,249553,1536,1
6782,1008372,305798,1536,1
6783,1178740,372214,1536,1
6784,556282,168497,1536,1
6785,540414,163679,1536,1
6786,777290,235427,1536,1
6787,462408,140097,1536,1
6788,448098,135740,1536,1
6789,445384,134900,1536,1
6790,577050,174793,1536,1
6791,444974,134774,1536,1
6792,676584,204928,1536,1
6793,752848,228021,1536,1
6794,516052,156325,1536,1
6795,917282,277839,1536,1
6796,978476,296800,1536,1
6797,609534,184625,1536,1
6798,1080044,327119,1536,1
6799,490446,148586,1536,1
6800,1069136,323785,1536,1
6801,693506,210151,1536,1
6802,673246,204035,1536,1
6803,1068958,324218,1536,1
6804,565552,171324,1536,1
6805,1055796,320472,1536,1
6806,919814,278691,1536,1
6807,897502,271814,1536,1
6808,486184,147292,1536,1
6809,446746,135308,1536,1
6810,446506,135243,1536,1
6811,920444,278873,1536,1
6812,599998,181726,1536,1
6813,509076,154283,1536,1
6814,445310,134882,1536,1
6815,1520108,460359,1536,1
6816,1995608,604366,1536,1
6817,734706,222550,1536,1
6818,720532,218336,1536,1
6819,668040,202355,1536,1
6820,1486348,450250,1536,1
6821,1412180,427706,1536,1
6822,2153924,652806,1536,1
6823,516210,156369,1536,1
6824,1640582,496885,1536,1
6825,1610194,487866,1536,1
6826,804962,243796,1536,1
6827,1185016,359007,1536,1
6828,1679050,508805,1536,1
6829,848960,257544,1536,1
6830,808772,244994,1536,1
6831,1066378,323003,1536,1
6832,1372986,417192,1536,1
6833,648102,196318,1536,1
6834,647644,196310,1536,1
6835,900878,272877,1536,1
6836,1215070,368036,1536,1
6837,981176,297503,1536,1
6838,667956,202371,1536,1
6839,4111661,1246472,1536,1
6840,628390,190337,1536,1
6841,1325802,401619,1536,1
6842,553940,167829,1536,1
6843,695880,210753,1536,1
6844,2322040,703282,1536,1
6845,1281620,388679,1536,1
6846,574784,174188,1536,1
6847,716694,217074,1536,1
6848,529204,160305,1536,1
6849,809848,245284,1536,1
6850,678848,205647,1536,1
6851,734080,222350,1536,1
6852,1551540,469876,1536,1
6853,629912,190832,1536,1
6854,1278690,388151,1536,1
6855,2420583,734059,1536,1
6856,2047887,620971,1536,1
6857,1819810,551144,1536,1
6858,891038,269920,1536,1
6859,965288,292578,1536,1
6860,1168698,353969,1536,1
6861,691086,209357,1536,1
6862,1306124,395591,1536,1
6863,600916,182083,1536,1
6864,528980,160236,1536,1
6865,1491144,452248,1536,1
6866,1638446,496787,1536,1
6867,2919806,885727,1536,1
6868,1806976,547502,1536,1
6869,876734,265584,1536,1
6870,1002016,303567,1536,1
6871,2018048,612389,1536,1
6872,1788308,541621,1536,1
6873,1460232,442264,1536,1
6874,626366,189754,1536,1
6875,929960,281688,1536,1
6876,1715584,519902,1536,1
6877,1071598,324601,1536,1
6878,1052378,319275,1536,1
6879,1284582,390138,1536,1
6880,1483876,449715,1536,1
6881,769426,233186,1536,1
6882,1972326,597434,1536,1
6883,1792434,542851,1536,1
6884,1748694,529613,1536,1
6885,1515172,459858,1536,1
6886,1733480,525198,1536,1
6887,798042,241707,1536,1
6888,632426,191555,1536,1
6889,950578,287919,1536,1
6890,547186,165729,1536,1
6891,492544,149675,1536,1
6892,708416,214591,1536,1
6893,992794,300776,1536,1
6894,528158,160006,1536,1
6895,461114,139668,1536,1
6896,825882,250172,1536,1
6897,1241902,376629,1536,1
6898,654800,198365,1536,1
6899,782970,237223,1536,1
6900,639086,193599,1536,1
6901,684078,207204,1536,1
6902,657480,199129,1536,1
6903,445612,134967,1536,1
6904,449230,136081,1536,1
6905,597426,180954,1536,1
6906,915884,277382,1536,1
6907,725264,220085,1536,1
6908,1210636,367056,1536,1
6909,3276658,992978,1536,1
6910,1834890,556482,1536,1
6911,2430020,735928,1536,1
6912,843470,255482,1536,1
6913,2934322,889685,1536,1
6914,1928033,584447,1536,1
6915,823470,249468,1536,1
6916,1823508,553042,1536,1
6917,960242,291017,1536,1
6918,2023390,612933,1536,1
6919,928480,281489,1536,1
6920,2976082,901620,1536,1
6921,1824088,552495,1536,1
6922,1334598,407467,1536,1
6923,1370238,415051,1536,1
6924,930962,281954,1536,1
6925,1253738,380465,1536,1
6926,571548,173123,1536,1
6927,748504,226736,1536,1
6928,766494,232139,1536,1
6929,914392,276964,1536,1
6930,947627,288711,1536,1
6931,3051210,928039,1536,1
6932,1009470,305912,1536,1
6933,1059590,321007,1536,1
6934,836668,253433,1536,1
6935,673754,204588,1536,1
6936,1060282,321269,1536,1
6937,574816,174136,1536,1
6938,763482,231268,1536,1
6939,549784,166565,1536,1
6940,1159340,351090,1536,1
6941,579804,175640,1536,1
6942,552714,167419,1536,1
6943,472074,142976,1536,1
6944,789482,239156,1536,1
6945,713462,216094,1536,1
6946,734610,222495,1536,1
6947,630742,191084,1536,1
6948,472106,142998,1536,1
6949,471902,143038,1536,1
6950,2847614,863514,1536,1
6951,3736205,1132565,1536,1
6952,2139442,648973,1536,1
6953,1722368,521631,1536,1
6954,603856,182960,1536,1
6955,641274,194475,1536,1
6956,538984,163293,1536,1
6957,1500148,454342,1536,1
6958,507232,153650,1536,1
6959,891386,270000,1536,1
6960,1116802,338259,1536,1
6961,2213504,670374,1536,1
6962,1023842,310130,1536,1
6963,734150,222407,1536,1
6964,519388,157335,1536,1
6965,1851290,560720,1536,1
6966,1537402,465653,1536,1
6967,1069958,324092,1536,1
6968,1070008,324719,1536,1
6969,949637,287806,1536,1
6970,1213172,367448,1536,1
6971,1239406,375391,1536,1
6972,910244,275797,1536,1
6973,560360,169775,1536,1
6974,1115582,337911,1536,1
6975,1130414,342551,1536,1
6976,1300816,393998,1536,1
6977,2067098,626201,1536,1
6978,1549320,469662,1536,1
6979,1240374,375763,1536,1
6980,889450,269685,1536,1
6981,1221612,370673,1536,1
6982,2845876,862126,1536,1
6983,530056,160564,1536,1
6984,584154,177065,1536,1
6985,12895820,3910980,1536,1
6986,769422,233078,1536,1
6987,811156,245725,1536,1
6988,856544,259465,1536,1
6989,981452,297257,1536,1
6990,825460,250043,1536,1
6991,1094096,331379,1536,1
6992,510584,154664,1536,1
6993,1102400,333899,1536,1
6994,929687,283294,1536,1
6995,1858816,563180,1536,1
6996,907396,274891,1536,1
6997,1103356,334295,1536,1
6998,952902,288630,1536,1
6999,851208,257841,1536,1
7000,828662,251108,1536,1
7001,1342936,406775,1536,1
7002,847562,256739,1536,1
7003,1049138,317775,1536,1
7004,499862,151414,1536,1
7005,738300,223643,1536,1
7006,591210,179082,1536,1
7007,1045066,316753,1536,1
7008,823844,249570,1536,1
7009,626358,189729,1536,1
7010,1133690,343997,1536,1
7011,918870,278321,1536,1
7012,620066,187842,1536,1
7013,828812,251052,1536,1
7014,971294,294277,1536,1
7015,485226,146984,1536,1
7016,1351460,409263,1536,1
7017,469344,142173,1536,1
7018,556676,168642,1536,1
7019,1511544,457801,1536,1
7020,660266,200007,1536,1
7021,803982,243530,1536,1
7022,797610,241575,1536,1
7023,1071626,324588,1536,1
7024,1138490,344826,1536,1
7025,734226,222615,1536,1
7026,807744,244677,1536,1
7027,1026404,311365,1536,1
7028,808776,245316,1536,1
7029,830388,251731,1536,1
7030,935862,283642,1536,1
7031,775290,234820,1536,1
7032,538438,163080,1536,1
7033,846798,256514,1536,1
7034,702560,212798,1536,1
7035,739796,224092,1536,1
7036,860966,260777,1536,1
7037,768180,232685,1536,1
7038,536788,162576,1536,1
7039,671396,203378,1536,1
7040,1687974,511319,1536,1
7041,733572,222374,1536,1
7042,1446108,438025,1536,1
7043,1457692,441520,1536,1
7044,2051514,621421,1536,1
7045,602496,182525,1536,1
7046,582438,176421,1536,1
7047,484486,146762,1536,1
7048,534292,161867,1536,1
7049,510632,154801,1536,1
7050,727160,220270,1536,1
7051,800042,242367,1536,1
7052,886364,268677,1536,1
7053,491220,148797,1536,1
7054,2118890,642014,1536,1
7055,715854,216836,1536,1
7056,1944272,589340,1536,1
7057,819221,248487,1536,1
7058,1457407,441790,1536,1
7059,853724,258955,1536,1
7060,953526,288990,1536,1
7061,1461759,443294,1536,1
7062,617750,187139,1536,1
7063,1028594,311553,1536,1
7064,1081500,327587,1536,1
7065,757054,229369,1536,1
7066,1110810,336442,1536,1
7067,1178048,356843,1536,1
7068,568992,172392,1536,1
7069,833716,252537,1536,1
7070,1140398,345933,1536,1
7071,841400,254867,1536,1
7072,812370,246068,1536,1
7073,835342,253028,1536,1
7074,485064,146929,1536,1
7075,1972556,597728,1536,1
7076,526328,159555,1536,1
7077,1001494,303337,1536,1
7078,770976,233991,1536,1
7079,563700,170776,1536,1
7080,653716,198010,1536,1
7081,1792413,544405,1536,1
7082,829654,251503,1536,1
7083,2404482,728589,1536,1
7084,566294,171564,1536,1
7085,1254036,380203,1536,1
7086,973472,294846,1536,1
7087,1539196,466311,1536,1
7088,1036402,313943,1536,1
7089,1382944,419043,1536,1
7090,761956,230804,1536,1
7091,1748032,529578,1536,1
7092,597308,180936,1536,1
7093,566120,171472,1536,1
7094,822662,249703,1536,1
7095,933730,282831,1536,1
7096,1050172,318838,1536,1
7097,1280164,387886,1536,1
7098,1791480,542597,1536,1
7099,919528,278530,1536,1
7100,1341743,407118,1536,1
7101,920782,278916,1536,1
7102,2562124,776438,1536,1
7103,1995324,604773,1536,1
7104,884874,268163,1536,1
7105,1151324,348988,1536,1
7106,726644,220124,1536,1
7107,1865450,565241,1536,1
7108,872230,264210,1536,1
7109,2037306,617763,1536,1
7110,675788,204725,1536,1
7111,858224,260044,1536,1
7112,2311108,701034,1536,1
7113,809590,245213,1536,1
7114,618540,187406,1536,1
7115,4974207,1507641,1536,1
7116,835270,253601,1536,1
7117,1422173,431303,1536,1
7118,1031636,312492,1536,1
7119,826850,250611,1536,1
7120,699004,211867,1536,1
7121,1552076,470072,1536,1
7122,539132,163292,1536,1
7123,1232216,373175,1536,1
7124,875700,265225,1536,1
7125,1191858,360990,1536,1
7126,649532,196769,1536,1
7127,504582,152830,1536,1
7128,843786,255582,1536,1
7129,1486456,450385,1536,1
7130,495040,149955,1536,1
7131,592246,179466,1536,1
7132,1732752,526061,1536,1
7133,1317896,399652,1536,1
7134,894256,270914,1536,1
7135,644272,195205,1536,1
7136,598736,181383,1536,1
7137,551628,167091,1536,1
7138,851212,257822,1536,1
7139,2768256,839125,1536,1
7140,1026987,311232,1536,1
7141,2048513,622876,1536,1
7142,646102,196223,1536,1
7143,707498,214356,1536,1
7144,1214042,367736,1536,1
7145,1149634,348199,1536,1
7146,1036600,314010,1536,1
7147,1116000,338024,1536,1
7148,775420,234875,1536,1
7149,884656,268198,1536,1
7150,552874,167474,1536,1
7151,1206073,366952,1536,1
7152,913381,276955,1536,1
7153,1240324,375661,1536,1
7154,1570950,475952,1536,1
7155,3125097,947588,1536,1
7156,1145158,347259,1536,1
7157,648802,196548,1536,1
7158,842830,255303,1536,1
7159,619822,188091,1536,1
7160,1027948,311366,1536,1
7161,648934,196539,1536,1
7162,1635032,495846,1536,1
7163,1266220,383542,1536,1
7164,673236,204096,1536,1
7165,511024,154820,1536,1
7166,538008,162998,1536,1
7167,1886318,572730,1536,1
7168,812968,246285,1536,1
7169,1020064,309085,1536,1
7170,887530,268975,1536,1
7171,755568,228883,1536,1
7172,809778,245287,1536,1
7173,1202602,364251,1536,1
7174,948088,287169,1536,1
7175,970386,293935,1536,1
7176,826386,250690,1536,1
7177,930502,281869,1536,1
7178,2211624,669931,1536,1
7179,1639841,497390,1536,1
7180,700578,212205,1536,1
7181,1599006,486361,1536,1
7182,522684,158325,1536,1
7183,984168,298175,1536,1
7184,1618820,491117,1536,1
7185,966822,292851,1536,1
7186,832728,252245,1536,1
7187,1003772,304662,1536,1
7188,1010404,307295,1536,1
7189,514478,155919,1536,1
7190,710634,215269,1536,1
7191,882042,267169,1536,1
7192,1516080,459743,1536,1
7193,1092992,331050,1536,1
7194,1267494,384538,1536,1
7195,956318,289774,1536,1
7196,1543630,467515,1536,1
7197,1051138,318380,1536,1
7198,2586122,813138,1536,1
7199,1101088,333719,1536,1
7200,1135262,344356,1536,1
7201,1648468,499783,1536,1
7202,4206820,1279033,1536,1
7203,752024,228814,1536,1
7204,865546,262178,1536,1
7205,744684,225598,1536,1
7206,1202624,364372,1536,1
7207,871370,264358,1536,1
7208,818928,248769,1536,1
7209,762594,231024,1536,1
7210,7530721,2281947,1536,1
7211,1051616,318541,1536,1
7212,1378618,417551,1536,1
7213,990774,300093,1536,1
7214,1269770,385543,1536,1
7215,1213298,368503,1536,1
7216,1178584,357081,1536,1
7217,2324760,704059,1536,1
7218,798812,242186,1536,1
7219,835848,253302,1536,1
7220,778976,235967,1536,1
7221,987974,299267,1536,1
7222,3228655,978784,1536,1
7223,1880787,570598,1536,1
7224,1228640,372710,1536,1
7225,2205610,668202,1536,1
7226,897236,271780,1536,1
7227,777484,235530,1536,1
7228,1300120,393793,1536,1
7229,885346,268176,1536,1
7230,2027804,614857,1536,1
7231,827768,250760,1536,1
7232,1062424,322158,1536,1
7233,1503082,455202,1536,1
7234,1348348,408394,1536,1
7235,1160136,351982,1536,1
7236,968518,293371,1536,1
7237,692140,209723,1536,1
7238,994076,301128,1536,1
7239,1973058,598090,1536,1
7240,1104340,334486,1536,1
7241,606492,183710,1536,1
7242,1081004,329076,1536,1
7243,1761652,533616,1536,1
7244,1339006,405569,1536,1
7245,602932,182634,1536,1
7246,535190,162140,1536,1
7247,3371203,1021427,1536,1
7248,1121544,339810,1536,1
7249,1109988,337115,1536,1
7250,1883328,571521,1536,1
7251,1090634,330341,1536,1
7252,961816,291330,1536,1
7253,1787630,542716,1536,1
7254,706564,214055,1536,1
7255,869716,263441,1536,1
7256,1106870,335671,1536,1
7257,603516,182804,1536,1
7258,513012,155397,1536,1
7259,1105278,334775,1536,1
7260,516438,156450,1536,1
7261,954538,289297,1536,1
7262,996156,301741,1536,1
7263,860262,260900,1536,1
7264,935278,283378,1536,1
7265,708717,215082,1536,1
7266,634062,192084,1536,1
7267,821044,248672,1536,1
7268,569794,172655,1536,1
7269,3477834,1056317,1536,1
7270,567326,171859,1536,1
7271,1952776,591492,1536,1
7272,740754,224379,1536,1
7273,1136994,344395,1536,1
7274,859716,260980,1536,1
7275,1606174,486636,1536,1
7276,1002378,303640,1536,1
7277,835604,253107,1536,1
7278,1334886,404300,1536,1
7279,533828,161785,1536,1
7280,1188456,360318,1536,1
7281,1104358,334496,1536,1
7282,1517906,460261,1536,1
7283,710118,215111,1536,1
7284,855598,259162,1536,1
7285,695628,210874,1536,1
7286,859156,260289,1536,1
7287,689628,208918,1536,1
7288,2828528,857175,1536,1
7289,985828,298748,1536,1
7290,1230296,372816,1536,1
7291,886202,268428,1536,1
7292,683236,206966,1536,1
7293,879030,266228,1536,1
7294,1046062,317375,1536,1
7295,1461090,442770,1536,1
7296,705104,213595,1536,1
7297,613560,185843,1536,1
7298,755738,228929,1536,1
7299,636606,192818,1536,1
7300,1134320,343917,1536,1
7301,1654070,500999,1536,1
7302,663052,201645,1536,1
7303,2695431,821457,1536,1
7304,593514,179797,1536,1
7305,955692,289470,1536,1
7306,793902,240473,1536,1
7307,697912,211489,1536,1
7308,1105296,334881,1536,1
7309,1476826,447375,1536,1
7310,937512,284035,1536,1
7311,1119458,339854,1536,1
7312,538382,163078,1536,1
7313,887472,268814,1536,1
7314,914762,277650,1536,1
7315,1907197,580124,1536,1
7316,908692,276155,1536,1
7317,1018778,308550,1536,1
7318,932979,283172,1536,1
7319,1401410,424906,1536,1
7320,2939006,890622,1536,1
7321,1195408,362146,1536,1
7322,586058,177517,1536,1
7323,1021350,309390,1536,1
7324,532102,161210,1536,1
7325,2310642,700197,1536,1
7326,916406,277599,1536,1
7327,989218,300179,1536,1
7328,1974620,598776,1536,1
7329,1620904,490927,1536,1
7330,1037802,314363,1536,1
7331,1108658,335828,1536,1
7332,1463618,443283,1536,1
7333,1689518,511816,1536,1
7334,1811524,548969,1536,1
7335,1402520,424792,1536,1
7336,1795936,543936,1536,1
7337,935402,283396,1536,1
7338,3539311,1072563,1536,1
7339,1950588,590824,1536,1
7340,8700365,2637025,1536,1
7341,827262,250612,1536,1
7342,1207020,365588,1536,1
7343,2638706,801181,1536,1
7344,830582,251626,1536,1
7345,850968,257741,1536,1
7346,1062006,322171,1536,1
7347,929022,281416,1536,1
7348,1209354,366289,1536,1
7349,516986,156604,1536,1
7350,720988,218398,1536,1
7351,923933,280533,1536,1
7352,716082,216886,1536,1
7353,1164170,352854,1536,1
7354,801970,243635,1536,1
7355,2217739,672124,1536,1
7356,1727628,523363,1536,1
7357,1421226,430464,1536,1
7358,774896,234723,1536,1
7359,555626,168335,1536,1
7360,528676,160253,1536,1
7361,1021242,310041,1536,1
7362,797842,241676,1536,1
7363,1348488,408542,1536,1
7364,920676,278881,1536,1
7365,561922,170239,1536,1
7366,1113302,337374,1536,1
7367,883414,267761,1536,1
7368,1375992,416973,1536,1
7369,1542711,467909,1536,1
7370,937772,284053,1536,1
7371,658046,199317,1536,1
7372,1239220,375386,1536,1
7373,921650,279295,1536,1
7374,771896,233825,1536,1
7375,1041488,315445,1536,1
7376,907496,274869,1536,1
7377,1161046,351656,1536,1
7378,694856,210704,1536,1
7379,472092,143005,1536,1
7380,714158,216285,1536,1
7381,914366,276954,1536,1
7382,549922,166570,1536,1
7383,1815777,550444,1536,1
7384,1641334,497234,1536,1
7385,1248436,378138,1536,1
7386,814884,246829,1536,1
7387,676642,204957,1536,1
7388,1997144,606576,1536,1
7389,798135,241967,1536,1
7390,881540,266981,1536,1
7391,1441558,436691,1536,1
7392,1851968,561300,1536,1
7393,907826,274945,1536,1
7394,1335160,404386,1536,1
7395,1207830,366090,1536,1
7396,564132,170908,1536,1
7397,1513686,458504,1536,1
7398,722938,219000,1536,1
7399,585490,177354,1536,1
7400,1771318,536681,1536,1
7401,1016602,307994,1536,1
7402,1710477,518417,1536,1
7403,819040,248104,1536,1
7404,503492,152513,1536,1
7405,586990,177779,1536,1
7406,1298202,393575,1536,1
7407,937588,284049,1536,1
7408,1309430,397339,1536,1
7409,601872,182306,1536,1
7410,593178,179698,1536,1
7411,516414,156425,1536,1
7412,959296,290541,1536,1
7413,511308,154879,1536,1
7414,789650,239178,1536,1
7415,3451924,1046385,1536,1
7416,1166378,353275,1536,1
7417,1069137,324443,1536,1
7418,2012108,610352,1536,1
7419,781122,236698,1536,1
7420,2960998,897335,1536,1
7421,799128,242209,1536,1
7422,3288790,996361,1536,1
7423,2660328,806605,1536,1
7424,1090714,330380,1536,1
7425,1089264,329948,1536,1
7426,996982,301994,1536,1
7427,2082544,631241,1536,1
7428,1475530,446898,1536,1
7429,1827746,553532,1536,1
7430,820520,248541,1536,1
7431,1886130,571221,1536,1
7432,1029296,311772,1536,1
7433,1293250,391774,1536,1
7434,1051996,318654,1536,1
7435,1180134,357874,1536,1
7436,1452564,439905,1536,1
7437,1393652,422558,1536,1
7438,1132743,343871,1536,1
7439,614058,186027,1536,1
7440,2075428,628786,1536,1
7441,1934374,586159,1536,1
7442,517906,156862,1536,1
7443,1999076,605685,1536,1
7444,836462,253373,1536,1
7445,1414914,428820,1536,1
7446,1193084,363229,1536,1
7447,499320,151253,1536,1
7448,935798,283446,1536,1
7449,751560,227658,1536,1
7450,2083708,632056,1536,1
7451,848996,257140,1536,1
7452,699098,211834,1536,1
7453,591158,179079,1536,1
7454,2316778,701788,1536,1
7455,1210694,366669,1536,1
7456,1500134,454432,1536,1
7457,504370,152860,1536,1
7458,492220,149080,1536,1
7459,497088,150552,1536,1
7460,966000,292967,1536,1
7461,737352,223369,1536,1
7462,987850,300415,1536,1
7463,650892,197128,1536,1
7464,1268196,384112,1536,1
7465,488334,147922,1536,1
7466,871290,264018,1536,1
7467,1151170,348631,1536,1
7468,1228772,372176,1536,1
7469,609522,184657,1536,1
7470,472610,143141,1536,1
7471,971618,294290,1536,1
7472,777656,235561,1536,1
7473,931818,282627,1536,1
7474,1936947,587410,1536,1
7475,1005366,304487,1536,1
7476,555788,168347,1536,1
7477,1043034,315917,1536,1
7478,558154,169069,1536,1
7479,1798304,544635,1536,1
7480,471364,142782,1536,1
7481,843384,255428,1536,1
7482,1164974,352844,1536,1
7483,560030,169637,1536,1
7484,965238,292386,1536,1
7485,679046,205739,1536,1
7486,1050682,318254,1536,1
7487,753284,228180,1536,1
7488,455702,138036,1536,1
7489,1417144,429177,1536,1
7490,869258,263459,1536,1
7491,1033082,312904,1536,1
7492,735444,223321,1536,1
7493,726786,220130,1536,1
7494,536040,162363,1536,1
7495,516226,156365,1536,1
7496,592236,179380,1536,1
7497,2003842,606931,1536,1
7498,951172,288075,1536,1
7499,509882,154470,1536,1
7500,681102,206293,1536,1
7501,552322,167321,1536,1
7502,523876,158678,1536,1
7503,450788,136548,1536,1
7504,949996,287756,1536,1
7505,782414,236966,1536,1
7506,919698,278574,1536,1
7507,712194,215740,1536,1
7508,695500,210658,1536,1
7509,617716,187105,1536,1
7510,1648196,499170,1536,1
7511,587658,178001,1536,1
7512,692032,209583,1536,1
7513,682792,206833,1536,1
7514,1341310,406999,1536,1
7515,524564,159029,1536,1
7516,598672,181312,1536,1
7517,903626,273678,1536,1
7518,621800,188355,1536,1
7519,594354,180047,1536,1
7520,1016858,307968,1536,1
7521,1045854,316793,1536,1
7522,1117198,338370,1536,1
7523,914974,277097,1536,1
7524,619482,187631,1536,1
7525,699250,211789,1536,1
7526,805528,243994,1536,1
7527,815060,247229,1536,1
7528,842214,255818,1536,1
7529,1016270,307831,1536,1
7530,820564,248548,1536,1
7531,1073734,325212,1536,1
7532,534034,162211,1536,1
7533,631938,191434,1536,1
7534,1215664,368217,1536,1
7535,717828,217446,1536,1
7536,1318548,399357,1536,1
7537,1521300,460818,1536,1
7538,2031464,615649,1536,1
7539,1091370,330778,1536,1
7540,1327276,402126,1536,1
7541,2427486,735760,1536,1
7542,945772,286496,1536,1
7543,1920358,581595,1536,1
7544,1405890,425943,1536,1
7545,1179536,357277,1536,1
7546,1239874,376041,1536,1
7547,872266,264220,1536,1
7548,1657860,502215,1536,1
7549,1091182,330550,1536,1
7550,1399358,423887,1536,1
7551,540146,163626,1536,1
7552,1221478,370056,1536,1
7553,529374,160356,1536,1
7554,897902,272564,1536,1
7555,1058786,320691,1536,1
7556,2219196,672159,1536,1
7557,1877178,568769,1536,1
7558,1801878,546506,1536,1
7559,861182,261420,1536,1
7560,2067992,627172,1536,1
7561,1091998,331709,1536,1
7562,1217798,368823,1536,1
7563,1065026,322556,1536,1
7564,627858,190178,1536,1
7565,621472,188231,1536,1
7566,915758,277398,1536,1
7567,1306860,395844,1536,1
7568,606476,183700,1536,1
7569,1108178,335650,1536,1
7570,606700,183759,1536,1
7571,782386,236972,1536,1
7572,698414,211630,1536,1
7573,1824584,553086,1536,1
7574,896432,271538,1536,1
7575,824328,249700,1536,1
7576,518910,157166,1536,1
7577,1522984,461261,1536,1
7578,899192,272416,1536,1
7579,872454,264281,1536,1
7580,512680,155298,1536,1
7581,991180,300250,1536,1
7582,944648,286124,1536,1
7583,952512,288507,1536,1
7584,1056430,319994,1536,1
7585,1446070,438633,1536,1
7586,1068904,323817,1536,1
7587,823622,249485,1536,1
7588,505566,153138,1536,1
7589,761038,230501,1536,1
7590,499790,151391,1536,1
7591,1190396,360541,1536,1
7592,1195084,361938,1536,1
7593,713118,215992,1536,1
7594,554378,167925,1536,1
7595,873584,264578,1536,1
7596,555432,168244,1536,1
7597,663820,201230,1536,1
7598,848384,256931,1536,1
7599,1162208,351977,1536,1
7600,462552,140111,1536,1
7601,883604,268245,1536,1
7602,539534,163405,1536,1
7603,776786,235263,1536,1
7604,1310482,396907,1536,1
7605,455996,138160,1536,1
7606,457320,138635,1536,1
7607,444820,134822,1536,1
7608,523386,158603,1536,1
7609,536204,162582,1536,1
7610,828578,250951,1536,1
7611,650886,197165,1536,1
7612,436782,132307,1536,1
7613,520444,157627,1536,1
7614,1156814,350362,1536,1
7615,897082,271723,1536,1
7616,2759682,836664,1536,1
7617,482052,146017,1536,1
7618,974006,294976,1536,1
7619,1478594,447840,1536,1
7620,1195486,362770,1536,1
7621,946962,287388,1536,1
7622,2259293,684361,1536,1
7623,1503580,455732,1536,1
7624,1195982,362315,1536,1
7625,1156842,350556,1536,1
7626,662704,200725,1536,1
7627,494336,149761,1536,1
7628,1073118,325117,1536,1
7629,736156,222986,1536,1
7630,696698,211004,1536,1
7631,621072,188118,1536,1
7632,2640076,800659,1536,1
7633,1571724,476012,1536,1
7634,940550,284869,1536,1
7635,763138,231168,1536,1
7636,997358,302088,1536,1
7637,2316258,702021,1536,1
7638,475280,143970,1536,1
7639,487884,147793,1536,1
7640,950288,287838,1536,1
7641,1032142,312588,1536,1
7642,469320,142154,1536,1
7643,3441361,1042655,1536,1
7644,487152,147578,1536,1
7645,1261500,382085,1536,1
7646,781860,236826,1536,1
7647,785168,237847,1536,1
7648,1257370,381873,1536,1
7649,1240846,376176,1536,1
7650,1169754,354286,1536,1
7651,1079808,327068,1536,1
7652,886912,268661,1536,1
7653,1932870,585509,1536,1
7654,1158374,350853,1536,1
7655,2459593,745695,1536,1
7656,815670,247088,1536,1
7657,1074564,326090,1536,1
7658,3090398,936804,1536,1
7659,833304,252458,1536,1
7660,757926,229733,1536,1
7661,754816,228748,1536,1
7662,674690,204378,1536,1
7663,959954,291512,1536,1
7664,841730,254982,1536,1
7665,1032050,313920,1536,1
7666,1517856,459718,1536,1
7667,956260,289665,1536,1
7668,717808,217414,1536,1
7669,666418,201883,1536,1
7670,1163088,352619,1536,1
7671,3582029,1088719,1536,1
7672,804108,243531,1536,1
7673,837018,253813,1536,1
7674,1108798,336167,1536,1
7675,839612,254329,1536,1
7676,657782,199240,1536,1
7677,644064,195066,1536,1
7678,1319274,399575,1536,1
7679,746120,225992,1536,1
7680,987702,299189,1536,1
7681,1225910,371310,1536,1
7682,640358,193978,1536,1
7683,1017708,308259,1536,1
7684,1309962,396725,1536,1
7685,1081066,327567,1536,1
7686,511688,155058,1536,1
7687,1137432,344480,1536,1
7688,1349092,408596,1536,1
7689,677146,205268,1536,1
7690,759542,230037,1536,1
7691,1199416,363274,1536,1
7692,588016,178089,1536,1
7693,587884,178062,1536,1
7694,636728,192888,1536,1
7695,1367536,414184,1536,1
7696,569444,172477,1536,1
7697,485076,146914,1536,1
7698,648292,196341,1536,1
7699,486966,147509,1536,1
7700,488134,147905,1536,1
7701,650246,197008,1536,1
7702,586888,177770,1536,1
7703,1231570,373836,1536,1
7704,499198,151220,1536,1
7705,2003518,606733,1536,1
7706,556880,168776,1536,1
7707,608718,184402,1536,1
7708,1714392,519210,1536,1
7709,1243210,376562,1536,1
7710,1175386,356010,1536,1
7711,570482,172893,1536,1
7712,617640,187087,1536,1
7713,636136,192663,1536,1
7714,573184,173619,1536,1
7715,582644,176702,1536,1
7716,1166180,353196,1536,1
7717,1363752,413042,1536,1
7718,521364,157951,1536,1
7719,569922,172630,1536,1
7720,562764,170461,1536,1
7721,781562,236726,1536,1
7722,792150,239914,1536,1
7723,1083840,328546,1536,1
7724,501736,152102,1536,1
7725,801690,242839,1536,1
7726,863176,261464,1536,1
7727,628826,190481,1536,1
7728,1794990,543617,1536,1
7729,468134,141808,1536,1
7730,553782,167744,1536,1
7731,810272,245429,1536,1
7732,456048,138125,1536,1
7733,1014158,307126,1536,1
7734,697044,211126,1536,1
7735,1074716,325573,1536,1
7736,817578,247650,1536,1
7737,822212,249165,1536,1
7738,1945584,590015,1536,1
7739,686786,208118,1536,1
7740,1448192,438644,1536,1
7741,1998788,605332,1536,1
7742,584546,177058,1536,1
7743,957788,290099,1536,1
7744,884924,268240,1536,1
7745,841274,254867,1536,1
7746,521386,157957,1536,1
7747,552532,167352,1536,1
7748,553574,167681,1536,1
7749,710824,215291,1536,1
7750,952688,288629,1536,1
7751,771388,233634,1536,1
7752,690436,209119,1536,1
7753,692296,209680,1536,1
7754,961834,291313,1536,1
7755,446940,135364,1536,1
7756,1324322,401092,1536,1
7757,598794,181368,1536,1
7758,585606,177404,1536,1
7759,1180660,358516,1536,1
7760,1160746,351532,1536,1
7761,854840,258911,1536,1
7762,3324598,1007836,1536,1
7763,653910,198083,1536,1
7764,1538726,466546,1536,1
7765,1517284,459613,1536,1
7766,1226888,371771,1536,1
7767,1174468,355726,1536,1
7768,756974,230033,1536,1
7769,698368,211662,1536,1
7770,740004,224148,1536,1
7771,2114542,640924,1536,1
7772,1707761,517875,1536,1
7773,1719756,520862,1536,1
7774,1019349,309065,1536,1
7775,5599881,1696626,1536,1
7776,2346786,711378,1536,1
7777,1386008,419843,1536,1
7778,1625410,492280,1536,1
7779,1806452,547104,1536,1
7780,3142747,953064,1536,1
7781,2701186,820104,1536,1
7782,1062674,321863,1536,1
7783,1835120,555805,1536,1
7784,1413514,428114,1536,1
7785,1183670,358517,1536,1
7786,1682214,509471,1536,1
7787,1158368,350878,1536,1
7788,935124,283484,1536,1
7789,931668,282515,1536,1
7790,861590,261251,1536,1
7791,1740912,527251,1536,1
7792,590346,178816,1536,1
7793,664872,201368,1536,1
7794,497324,150649,1536,1
7795,994270,302124,1536,1
7796,1668046,505269,1536,1
7797,1142386,346017,1536,1
7798,862434,261345,1536,1
7799,1030510,314744,1536,1
7800,1476724,447357,1536,1
7801,1182362,358394,1536,1
7802,665970,201719,1536,1
7803,526272,159444,1536,1
7804,1104446,334522,1536,1
7805,1311656,397264,1536,1
7806,1255739,381095,1536,1
7807,1074106,325345,1536,1
7808,598614,181345,1536,1
7809,603178,182683,1536,1
7810,846678,256533,1536,1
7811,1798212,544593,1536,1
7812,975394,295443,1536,1
7813,1863308,565757,1536,1
7814,1288250,390149,1536,1
7815,990370,300012,1536,1
7816,1442408,436857,1536,1
7817,1749954,530056,1536,1
7818,799006,242001,1536,1
7819,630154,190845,1536,1
7820,813724,246619,1536,1
7821,535998,162346,1536,1
7822,614786,186189,1536,1
7823,513348,155520,1536,1
7824,521312,157906,1536,1
7825,523482,158562,1536,1
7826,1173106,355299,1536,1
7827,519676,157395,1536,1
7828,956236,290061,1536,1
7829,1020562,309086,1536,1
7830,491980,149050,1536,1
7831,612920,185666,1536,1
7832,669420,202785,1536,1
7833,450460,136542,1536,1
7834,1033172,313076,1536,1
7835,498650,151032,1536,1
7836,440244,133356,1536,1
7837,616866,186865,1536,1
7838,586888,177761,1536,1
7839,482586,146180,1536,1
7840,1252444,379296,1536,1
7841,1032452,312705,1536,1
7842,1373574,415998,1536,1
7843,570702,172856,1536,1
7844,2065912,625686,1536,1
7845,1146002,347884,1536,1
7846,1117980,338624,1536,1
7847,783910,237464,1536,1
7848,1086418,329025,1536,1
7849,422764,128062,1536,1
7850,423566,128303,1536,1
7851,858946,260157,1536,1
7852,1047848,317363,1536,1
7853,824136,249647,1536,1
7854,1245010,377393,1536,1
7855,818070,247796,1536,1
7856,894308,270888,1536,1
7857,1382188,418954,1536,1
7858,690932,209432,1536,1
7859,497680,150734,1536,1
7860,452118,137070,1536,1
7861,848148,257023,1536,1
7862,717270,217394,1536,1
7863,526096,159336,1536,1
7864,584188,176945,1536,1
7865,734552,222500,1536,1
7866,1360558,412063,1536,1
7867,655174,198464,1536,1
7868,955360,289342,1536,1
7869,506786,153490,1536,1
7870,436872,132318,1536,1
7871,436334,132175,1536,1
7872,863382,261521,1536,1
7873,1543172,467816,1536,1
7874,1739402,528043,1536,1
7875,886760,268865,1536,1
7876,1077474,327137,1536,1
7877,1150812,348528,1536,1
7878,1242072,376189,1536,1
7879,2565398,777620,1536,1
7880,1433836,434530,1536,1
7881,1420294,430150,1536,1
7882,528786,160215,1536,1
7883,2227286,675051,1536,1
7884,990878,300215,1536,1
7885,898970,272327,1536,1
7886,1392568,422236,1536,1
7887,710060,215130,1536,1
7888,877138,265849,1536,1
7889,1128892,341914,1536,1
7890,2728355,828325,1536,1
7891,1412412,427789,1536,1
7892,961354,291410,1536,1
7893,1348742,408562,1536,1
7894,1764971,535691,1536,1
7895,2282726,691564,1536,1
7896,2784682,843550,1536,1
7897,1105944,334971,1536,1
7898,1039896,316066,1536,1
7899,1664954,504329,1536,1
7900,1654816,501519,1536,1
7901,1375524,417034,1536,1
7902,1093320,331772,1536,1
7903,5565496,1687548,1536,1
7904,1573140,476485,1536,1
7905,1536748,465857,1536,1
7906,1251262,379024,1536,1
7907,1275316,386303,1536,1
7908,1223410,370558,1536,1
7909,1991766,603434,1536,1
7910,1989590,603484,1536,1
7911,2868007,876279,1536,1
7912,538494,163112,1536,1
7913,1090464,330469,1536,1
7914,1864674,565268,1536,1
7915,1165290,352984,1536,1
7916,2195290,664844,1536,1
7917,986628,298847,1536,1
7918,532814,161404,1536,1
7919,2249024,682872,1536,1
7920,1207026,365578,1536,1
7921,3443393,1043781,1536,1
7922,1990160,603550,1536,1
7923,557532,168918,1536,1
7924,1115386,337803,1536,1
7925,799704,242239,1536,1
7926,502188,152099,1536,1
7927,501884,152007,1536,1
7928,762622,230969,1536,1
7929,588326,178249,1536,1
7930,2032662,615593,1536,1
7931,650102,196889,1536,1
7932,1889276,572412,1536,1
7933,1521282,460741,1536,1
7934,725252,219683,1536,1
7935,911994,276255,1536,1
7936,1276974,387094,1536,1
7937,735786,222853,1536,1
7938,566200,171478,1536,1
7939,754496,228701,1536,1
7940,1181505,359023,1536,1
7941,1513987,459526,1536,1
7942,1078142,326560,1536,1
7943,796658,241331,1536,1
7944,938614,284312,1536,1
7945,587416,177935,1536,1
7946,696728,211034,1536,1
7947,513542,155556,1536,1
7948,1206182,365418,1536,1
7949,1448880,438827,1536,1
7950,1551560,469918,1536,1
7951,1359358,412267,1536,1
7952,857214,259726,1536,1
7953,965972,292699,1536,1
7954,1380502,418231,1536,1
7955,547912,165998,1536,1
7956,530498,160683,1536,1
7957,579486,175562,1536,1
7958,992388,300564,1536,1
7959,818788,248033,1536,1
7960,515834,156258,1536,1
7961,619026,187531,1536,1
7962,832492,252170,1536,1
7963,671528,203399,1536,1
7964,1044526,316381,1536,1
7965,1555234,471656,1536,1
7966,937356,283943,1536,1
7967,1385646,419693,1536,1
7968,1911095,583613,1536,1
7969,605784,183516,1536,1
7970,729070,220884,1536,1
7971,681172,206299,1536,1
7972,590722,178905,1536,1
7973,588454,178272,1536,1
7974,489694,148343,1536,1
7975,741130,224450,1536,1
7976,1722886,524414,1536,1
7977,1510082,457414,1536,1
7978,595542,180416,1536,1
7979,743298,225162,1536,1
7980,682620,206934,1536,1
7981,690930,209374,1536,1
7982,1352326,409890,1536,1
7983,715654,216788,1536,1
7984,621100,188127,1536,1
7985,618340,187291,1536,1
7986,768972,232924,1536,1
7987,1624985,496766,1536,1
7988,696150,210845,1536,1
7989,833136,252361,1536,1
7990,1618564,490201,1536,1
7991,1034238,313278,1536,1
7992,637796,193251,1536,1
7993,1150186,348621,1536,1
7994,1733610,526421,1536,1
7995,938960,284377,1536,1
7996,575818,174432,1536,1
7997,471044,142671,1536,1
7998,539482,163410,1536,1
7999,1130358,342329,1536,1
8000,748188,226645,1536,1
8001,527078,159644,1536,1
8002,496650,150447,1536,1
8003,824262,250052,1536,1
8004,1971842,597873,1536,1
8005,4592882,1392372,1536,1
8006,1988098,602314,1536,1
8007,744468,225479,1536,1
8008,894228,271002,1536,1
8009,1824258,552783,1536,1
8010,1309400,396587,1536,1
8011,1894726,573844,1536,1
8012,2168194,657702,1536,1
8013,1765038,534596,1536,1
8014,1947997,591018,1536,1
8015,1004298,304221,1536,1
8016,723422,221191,1536,1
8017,916118,277516,1536,1
8018,988420,299392,1536,1
8019,1945898,589923,1536,1
8020,1109238,335988,1536,1
8021,544898,165056,1536,1
8022,667948,202433,1536,1
8023,1467346,445005,1536,1
8024,621312,188193,1536,1
8025,1090282,330233,1536,1
8026,566174,171505,1536,1
8027,605188,183443,1536,1
8028,605008,183257,1536,1
8029,710730,215308,1536,1
8030,891746,270502,1536,1
8031,2039200,617977,1536,1
8032,683554,207076,1536,1
8033,972746,294646,1536,1
8034,1432102,433746,1536,1
8035,1023909,310677,1536,1
8036,1445372,438377,1536,1
8037,699072,211742,1536,1
8038,706880,214132,1536,1
8039,698720,211664,1536,1
8040,1189282,360303,1536,1
8041,1237148,374882,1536,1
8042,1014554,307294,1536,1
8043,842714,255231,1536,1
8044,1476588,447392,1536,1
8045,1790120,542145,1536,1
8046,590740,178998,1536,1
8047,918307,278429,1536,1
8048,633400,191845,1536,1
8049,470400,142469,1536,1
8050,471944,142960,1536,1
8051,852836,258421,1536,1
8052,634802,192329,1536,1
8053,495690,150169,1536,1
8054,829742,251455,1536,1
8055,1411920,427580,1536,1
8056,1209526,366497,1536,1
8057,811610,245847,1536,1
8058,2082628,631173,1536,1
8059,651680,197524,1536,1
8060,570680,172859,1536,1
8061,737224,223271,1536,1
8062,484532,146753,1536,1
8063,591870,179312,1536,1
8064,487550,147687,1536,1
8065,917332,277857,1536,1
8066,999394,306052,1536,1
8067,751740,227672,1536,1
8068,577864,175018,1536,1
8069,583494,177198,1536,1
8070,2427973,738101,1536,1
8071,1577307,478465,1536,1
8072,944398,286101,1536,1
8073,961172,291112,1536,1
8074,774156,234504,1536,1
8075,912572,276496,1536,1
8076,572604,173455,1536,1
8077,989374,299667,1536,1
8078,630720,191033,1536,1
8079,574782,174123,1536,1
8080,472186,143035,1536,1
8081,793184,240234,1536,1
8082,798624,241920,1536,1
8083,468582,141944,1536,1
8084,1040742,315228,1536,1
8085,481366,145865,1536,1
8086,537298,162777,1536,1
8087,569752,172664,1536,1
8088,1032720,312911,1536,1
8089,1024744,311143,1536,1
8090,845988,256255,1536,1
8091,1234510,375045,1536,1
8092,1243172,376702,1536,1
8093,860640,260702,1536,1
8094,1329072,402945,1536,1
8095,1097841,332769,1536,1
8096,1162978,352649,1536,1
8097,872626,264296,1536,1
8098,949078,287895,1536,1
8099,1751907,531020,1536,1
8100,991458,300626,1536,1
8101,1941212,588196,1536,1
8102,558778,169263,1536,1
8103,1896758,574571,1536,1
8104,1043042,315929,1536,1
8105,930080,281789,1536,1
8106,1278268,387278,1536,1
8107,1355690,411311,1536,1
8108,1038564,314591,1536,1
8109,2045590,619526,1536,1
8110,1420254,430276,1536,1
8111,1643631,498245,1536,1
8112,1963512,595167,1536,1
8113,2013176,610419,1536,1
8114,1227957,372443,1536,1
8115,775574,234955,1536,1
8116,1083174,328183,1536,1
8117,611646,185298,1536,1
8118,2009038,609480,1536,1
8119,773608,234339,1536,1
8120,930780,282061,1536,1
8121,950294,287858,1536,1
8122,1238652,375217,1536,1
8123,961578,291246,1536,1
8124,3464058,1050000,1536,1
8125,932264,282400,1536,1
8126,1070732,324449,1536,1
8127,2913554,882377,1536,1
8128,1676128,507669,1536,1
8129,1573604,476608,1536,1
8130,2248080,681903,1536,1
8131,2462456,746152,1536,1
8132,630450,191004,1536,1
8133,631002,191168,1536,1
8134,1403858,425661,1536,1
8135,1189012,360311,1536,1
8136,1864828,565536,1536,1
8137,870534,263723,1536,1
8138,850696,258269,1536,1
8139,1222526,370627,1536,1
8140,1020772,309217,1536,1
8141,1198436,363070,1536,1
8142,950372,288099,1536,1
8143,973354,294848,1536,1
8144,1156102,350186,1536,1
8145,734570,223072,1536,1
8146,926218,280559,1536,1
8147,1009722,305852,1536,1
8148,1714028,519092,1536,1
8149,1045886,316800,1536,1
8150,1408814,426691,1536,1
8151,944416,286119,1536,1
8152,740126,224176,1536,1
8153,649872,196823,1536,1
8154,836250,253398,1536,1
8155,1280353,388498,1536,1
8156,915554,277326,1536,1
8157,529482,160384,1536,1
8158,1315856,398604,1536,1
8159,867992,262921,1536,1
8160,645874,195658,1536,1
8161,762076,230797,1536,1
8162,589824,178637,1536,1
8163,1300740,393954,1536,1
8164,2364868,716205,1536,1
8165,2413696,731560,1536,1
8166,920795,279790,1536,1
8167,871302,263899,1536,1
8168,907222,274964,1536,1
8169,1764354,536105,1536,1
8170,883610,268203,1536,1
8171,1048501,317985,1536,1
8172,578020,175093,1536,1
8173,860400,260712,1536,1
8174,568616,172216,1536,1
8175,618822,187463,1536,1
8176,3056222,926652,1536,1
8177,796630,241324,1536,1
8178,910950,276032,1536,1
8179,1820826,552244,1536,1
8180,1026416,311380,1536,1
8181,745600,226079,1536,1
8182,1750892,531016,1536,1
8183,919502,278544,1536,1
8184,1426636,432154,1536,1
8185,1360256,412375,1536,1
8186,2207697,668972,1536,1
8187,1478976,448127,1536,1
8188,701060,213050,1536,1
8189,662972,200925,1536,1
8190,951388,288308,1536,1
8191,1712952,518781,1536,1
8192,1097686,332768,1536,1
8193,1023340,310448,1536,1
8194,1367072,414106,1536,1
8195,585668,177400,1536,1
8196,578486,175227,1536,1
8197,909242,275435,1536,1
8198,664536,201316,1536,1
8199,1319200,399795,1536,1
8200,589298,178493,1536,1
8201,5390022,1632650,1536,1
8202,1349008,408715,1536,1
8203,1187052,360038,1536,1
8204,1845850,559692,1536,1
8205,834604,252850,1536,1
8206,686216,208026,1536,1
8207,788518,238964,1536,1
8208,592488,179497,1536,1
8209,1037266,314176,1536,1
8210,874490,264966,1536,1
8211,1385740,419698,1536,1
8212,1082190,327801,1536,1
8213,1140664,345460,1536,1
8214,1101232,333653,1536,1
8215,516464,156507,1536,1
8216,706940,214657,1536,1
8217,798187,241990,1536,1
8218,788496,238832,1536,1
8219,687574,208258,1536,1
8220,740888,224483,1536,1
8221,1707820,517546,1536,1
8222,763576,231312,1536,1
8223,1665334,504982,1536,1
8224,775320,234966,1536,1
8225,1893760,573502,1536,1
8226,1020828,309324,1536,1
8227,662064,200586,1536,1
8228,2996208,909040,1536,1
8229,1028204,311873,1536,1
8230,908440,275187,1536,1
8231,1512803,458772,1536,1
8232,2201928,667625,1536,1
8233,1255094,380274,1536,1
8234,988292,299447,1536,1
8235,878896,266629,1536,1
8236,886426,268512,1536,1
8237,564578,171056,1536,1
8238,623274,188791,1536,1
8239,1009770,306341,1536,1
8240,1353520,410517,1536,1
8241,2079774,630509,1536,1
8242,836670,253453,1536,1
8243,1403592,425079,1536,1
8244,1281238,388736,1536,1
8245,1130184,342292,1536,1
8246,532736,161354,1536,1
8247,809720,245250,1536,1
8248,769292,233031,1536,1
8249,1207564,365787,1536,1
8250,634628,192259,1536,1
8251,1058474,321002,1536,1
8252,1276585,387641,1536,1
8253,529412,160378,1536,1
8254,974870,295287,1536,1
8255,1876014,568257,1536,1
8256,731134,221486,1536,1
8257,1692960,513097,1536,1
8258,1008440,305736,1536,1
8259,993652,301227,1536,1
8260,2959600,897582,1536,1
8261,847818,257352,1536,1
8262,1939878,587716,1536,1
8263,932274,282354,1536,1
8264,1023386,309956,1536,1
8265,2689658,816116,1536,1
8266,777574,235514,1536,1
8267,593688,179837,1536,1
8268,897556,271896,1536,1
8269,818088,247964,1536,1
8270,724406,219437,1536,1
8271,502456,152180,1536,1
8272,574354,174011,1536,1
8273,853426,258488,1536,1
8274,567432,171855,1536,1
8275,533378,161586,1536,1
8276,1299054,393652,1536,1
8277,985946,300299,1536,1
8278,725618,219802,1536,1
8279,819650,248320,1536,1
8280,1808752,547906,1536,1
8281,1497980,453670,1536,1
8282,1642150,497333,1536,1
8283,848096,256899,1536,1
8284,787996,238690,1536,1
8285,642742,194734,1536,1
8286,1047730,317644,1536,1
8287,939456,284594,1536,1
8288,1568776,475627,1536,1
8289,1183574,358507,1536,1
8290,687270,208284,1536,1
8291,1753744,531621,1536,1
8292,511092,154846,1536,1
8293,817518,247596,1536,1
8294,486838,147529,1536,1
8295,492386,149130,1536,1
8296,733758,222338,1536,1
8297,1750816,530285,1536,1
8298,843710,255541,1536,1
8299,573232,173620,1536,1
8300,1116728,338340,1536,1
8301,780870,236564,1536,1
8302,611482,185216,1536,1
8303,1168590,353947,1536,1
8304,604536,183116,1536,1
8305,804766,243869,1536,1
8306,1349396,408765,1536,1
8307,519242,157266,1536,1
8308,697122,211157,1536,1
8309,925766,280434,1536,1
8310,1560672,473046,1536,1
8311,503504,152521,1536,1
8312,501670,151953,1536,1
8313,4398942,1332851,1536,1
8314,3197574,968970,1536,1
8315,765510,231998,1536,1
8316,3644688,1103745,1536,1
8317,848482,257072,1536,1
8318,1086066,328954,1536,1
8319,1646418,499139,1536,1
8320,1318204,399255,1536,1
8321,771664,233751,1536,1
8322,1077432,326369,1536,1
8323,495608,150163,1536,1
8324,1050394,318342,1536,1
8325,3556935,1078389,1536,1
8326,564420,170997,1536,1
8327,876122,265384,1536,1
8328,1409738,430580,1536,1
8329,1168740,354003,1536,1
8330,1429820,433262,1536,1
8331,1472530,446434,1536,1
8332,1133668,343361,1536,1
8333,1520034,460383,1536,1
8334,1348668,552561,1536,1
8335,1025656,310934,1536,1
8336,1488072,450699,1536,1
8337,1003598,303971,1536,1
8338,1249942,379473,1536,1
8339,2180920,660947,1536,1
8340,2047398,620390,1536,1
8341,1937610,586828,1536,1
8342,1313743,398305,1536,1
8343,804020,243586,1536,1
8344,955582,289462,1536,1
8345,1468146,444995,1536,1
8346,1342282,406684,1536,1
8347,1028682,311708,1536,1
8348,1275890,386463,1536,1
8349,1093108,331129,1536,1
8350,913818,276893,1536,1
8351,682280,206704,1536,1
8352,617554,187526,1536,1
8353,1257022,380728,1536,1
8354,531296,160942,1536,1
8355,1171304,354823,1536,1
8356,529804,160483,1536,1
8357,687486,208214,1536,1
8358,717560,217347,1536,1
8359,1213882,367670,1536,1
8360,552088,167240,1536,1
8361,850408,257597,1536,1
8362,980004,296830,1536,1
8363,772992,234150,1536,1
8364,1826246,553095,1536,1
8365,755834,228930,1536,1
8366,706306,213955,1536,1
8367,589548,178586,1536,1
8368,1312236,424823,1536,1
8369,916016,277457,1536,1
8370,2836622,859068,1536,1
8371,1524604,461764,1536,1
8372,1583704,479654,1536,1
8373,961266,291140,1536,1
8374,1016438,307843,1536,1
8375,1467866,444634,1536,1
8376,457440,138915,1536,1
8377,1204342,364841,1536,1
8378,460716,139566,1536,1
8379,775508,234876,1536,1
8380,937644,283974,1536,1
8381,911720,276153,1536,1
8382,858632,260071,1536,1
8383,878492,266046,1536,1
8384,433254,131236,1536,1
8385,795388,240890,1536,1
8386,497848,150799,1536,1
8387,534164,161817,1536,1
8388,413694,125297,1536,1
8389,873258,264578,1536,1
8390,608034,184159,1536,1
8391,632496,191608,1536,1
8392,741526,224806,1536,1
8393,919866,279153,1536,1
8394,1026342,310846,1536,1
8395,715534,216818,1536,1
8396,556732,168630,1536,1
8397,400450,121304,1536,1
8398,685734,208063,1536,1
8399,600796,181965,1536,1
8400,395152,119694,1536,1
8401,839826,254370,1536,1
8402,1251938,379169,1536,1
8403,1682240,509463,1536,1
8404,531824,161084,1536,1
8405,600398,181872,1536,1
8406,385020,116626,1536,1
8407,413070,125110,1536,1
8408,579834,175678,1536,1
8409,549976,166677,1536,1
8410,794036,240482,1536,1
8411,646900,196068,1536,1
8412,1495024,452747,1536,1
8413,943860,285849,1536,1
8414,668482,202469,1536,1
8415,393016,119047,1536,1
8416,1393860,422157,1536,1
8417,835094,252949,1536,1
8418,1526915,463937,1536,1
8419,707050,214169,1536,1
8420,711329,216507,1536,1
8421,722988,218996,1536,1
8422,466972,143038,1536,1
8423,1088222,329567,1536,1
8424,406662,123165,1536,1
8425,638944,193532,1536,1
8426,671036,203236,1536,1
8427,404794,122619,1536,1
8428,851540,257918,1536,1
8429,535832,162286,1536,1
8430,760206,230267,1536,1
8431,571224,173042,1536,1
8432,700138,212081,1536,1
8433,739392,224025,1536,1
8434,630908,191120,1536,1
8435,3665434,1110014,1536,1
8436,1097560,332438,1536,1
8437,740662,224363,1536,1
8438,509066,154203,1536,1
8439,713482,216108,1536,1
8440,1270972,384920,1536,1
8441,643050,194778,1536,1
8442,1021218,309292,1536,1
8443,937754,284080,1536,1
8444,533742,161675,1536,1
8445,889718,269451,1536,1
8446,620988,188096,1536,1
8447,1180530,357561,1536,1
8448,549324,166399,1536,1
8449,811298,245736,1536,1
8450,1027974,311326,1536,1
8451,1171522,355109,1536,1
8452,781188,236641,1536,1
8453,845360,256169,1536,1
8454,1222426,370408,1536,1
8455,1196038,362303,1536,1
8456,1948076,590028,1536,1
8457,1108764,335811,1536,1
8458,1853612,561454,1536,1
8459,1792632,544049,1536,1
8460,1175488,356118,1536,1
8461,1052218,318747,1536,1
8462,4252846,1288565,1536,1
8463,901468,273168,1536,1
8464,4799758,1456781,1536,1
8465,2225558,675206,1536,1
8466,741310,224552,1536,1
8467,975436,295473,1536,1
8468,985256,298494,1536,1
8469,1567340,474997,1536,1
8470,828490,250972,1536,1
8471,1038108,314434,1536,1
8472,1552337,470492,1536,1
8473,632016,191460,1536,1
8474,1643198,497809,1536,1
8475,677196,205121,1536,1
8476,505614,153154,1536,1
8477,1250728,378834,1536,1
8478,1277382,387124,1536,1
8479,1191602,360919,1536,1
8480,584980,177194,1536,1
8481,502758,152269,1536,1
8482,499172,151219,1536,1
8483,906290,274531,1536,1
8484,833670,252651,1536,1
8485,1047516,317629,1536,1
8486,2172493,658776,1536,1
8487,1033648,313272,1536,1
8488,522282,158211,1536,1
8489,1620026,490804,1536,1
8490,1868298,565826,1536,1
8491,1018142,308357,1536,1
8492,585380,177314,1536,1
8493,757380,229397,1536,1
8494,1190704,360613,1536,1
8495,646624,195893,1536,1
8496,496616,150432,1536,1
8497,652288,197612,1536,1
8498,585184,177250,1536,1
8499,844778,255864,1536,1
8500,499918,151412,1536,1
8501,764830,231681,1536,1
8502,938336,284221,1536,1
8503,1001592,303371,1536,1
8504,568826,172304,1536,1
8505,657194,199046,1536,1
8506,1223076,370573,1536,1
8507,1459638,442172,1536,1
8508,1393430,422719,1536,1
8509,913032,276561,1536,1
8510,1619932,490641,1536,1
8511,1350454,409175,1536,1
8512,1000956,303223,1536,1
8513,799238,242105,1536,1
8514,471946,142954,1536,1
8515,792468,240019,1536,1
8516,879724,266554,1536,1
8517,468676,141948,1536,1
8518,633788,191973,1536,1
8519,631890,191383,1536,1
8520,648624,196468,1536,1
8521,714288,216328,1536,1
8522,712730,215881,1536,1
8523,472452,143110,1536,1
8524,1032964,312867,1536,1
8525,493392,149553,1536,1
8526,457010,138438,1536,1
8527,519236,157279,1536,1
8528,901656,273100,1536,1
8529,881840,267079,1536,1
8530,763742,231406,1536,1
8531,507230,153625,1536,1
8532,709792,214980,1536,1
8533,638814,193486,1536,1
8534,494782,149854,1536,1
8535,904086,273810,1536,1
8536,967558,293745,1536,1
8537,1619664,490525,1536,1
8538,1173572,355432,1536,1
8539,480748,145618,1536,1
8540,425194,128814,1536,1
8541,403072,122095,1536,1
8542,404572,122553,1536,1
8543,691210,209377,1536,1
8544,542834,164440,1536,1
8545,416452,126145,1536,1
8546,591774,179285,1536,1
8547,1664296,504694,1536,1
8548,847792,256901,1536,1
8549,1671186,506129,1536,1
8550,1359112,411926,1536,1
8551,917258,278119,1536,1
8552,787422,239062,1536,1
8553,1123894,340439,1536,1
8554,1293117,392530,1536,1
8555,1064340,322367,1536,1
8556,485780,147152,1536,1
8557,484582,146784,1536,1
8558,853836,258663,1536,1
8559,488420,147945,1536,1
8560,471524,142834,1536,1
8561,1008782,305521,1536,1
8562,1245210,377539,1536,1
8563,1475990,447098,1536,1
8564,687370,208217,1536,1
8565,793064,240839,1536,1
8566,617356,186991,1536,1
8567,540590,163741,1536,1
8568,1066994,323129,1536,1
8569,486034,147229,1536,1
8570,794088,240510,1536,1
8571,813918,246611,1536,1
8572,867306,262707,1536,1
8573,519666,157441,1536,1
8574,753382,228175,1536,1
8575,588208,178145,1536,1
8576,2244612,681249,1536,1
8577,884746,268020,1536,1
8578,607836,184141,1536,1
8579,886082,268351,1536,1
8580,503248,152438,1536,1
8581,674192,204207,1536,1
8582,884802,268009,1536,1
8583,585954,177488,1536,1
8584,1076640,326103,1536,1
8585,500248,151532,1536,1
8586,1013578,306971,1536,1
8587,753515,229013,1536,1
8588,498496,150992,1536,1
8589,671364,203337,1536,1
8590,928572,281239,1536,1
8591,582916,176570,1536,1
8592,1669886,505928,1536,1
8593,2908378,880851,1536,1
8594,845948,256249,1536,1
8595,817836,247731,1536,1
8596,2185648,661960,1536,1
8597,1020992,309607,1536,1
8598,973472,295026,1536,1
8599,1066828,323206,1536,1
8600,906896,274706,1536,1
8601,816140,247218,1536,1
8602,2689146,814884,1536,1
8603,1589653,482064,1536,1
8604,2675560,810478,1536,1
8605,1121576,339737,1536,1
8606,933450,282722,1536,1
8607,1016264,307845,1536,1
8608,890824,269866,1536,1
8609,1124238,340560,1536,1
8610,1922268,582431,1536,1
8611,2766046,838189,1536,1
8612,1066500,323510,1536,1
8613,775536,234913,1536,1
8614,1360366,412704,1536,1
8615,2041892,618660,1536,1
8616,866372,262401,1536,1
8617,960796,291004,1536,1
8618,844508,255846,1536,1
8619,1958424,593138,1536,1
8620,1297762,393037,1536,1
8621,566624,171640,1536,1
8622,1164135,353217,1536,1
8623,1052139,318962,1536,1
8624,2267628,686841,1536,1
8625,2703542,819686,1536,1
8626,1955360,592598,1536,1
8627,1027056,311096,1536,1
8628,1394370,422392,1536,1
8629,1182362,358135,1536,1
8630,1314874,398333,1536,1
8631,1432152,433788,1536,1
8632,2753290,834203,1536,1
8633,2454705,743864,1536,1
8634,1923696,582872,1536,1
8635,1945722,589278,1536,1
8636,1354354,410661,1536,1
8637,1716750,520193,1536,1
8638,865140,262064,1536,1
8639,1803018,546024,1536,1
8640,872878,264394,1536,1
8641,2690842,815359,1536,1
8642,759046,229934,1536,1
8643,516800,156579,1536,1
8644,470800,142615,1536,1
8645,1035434,313616,1536,1
8646,633524,191888,1536,1
8647,549892,166541,1536,1
8648,826962,250490,1536,1
8649,712184,215706,1536,1
8650,546986,165662,1536,1
8651,666346,201851,1536,1
8652,472624,143153,1536,1
8653,1319768,399690,1536,1
8654,614180,186010,1536,1
8655,454956,137802,1536,1
8656,1393466,422006,1536,1
8657,692306,209692,1536,1
8658,483402,146453,1536,1
8659,662416,200659,1536,1
8660,838656,254030,1536,1
8661,534568,161912,1536,1
8662,1084676,328503,1536,1
8663,622836,188649,1536,1
8664,460448,139528,1536,1
8665,1325622,401460,1536,1
8666,856936,259542,1536,1
8667,573778,173819,1536,1
8668,616946,186849,1536,1
8669,619218,187543,1536,1
8670,656502,198907,1536,1
8671,619724,187787,1536,1
8672,838116,253908,1536,1
8673,461286,139720,1536,1
8674,494124,149805,1536,1
8675,618646,187381,1536,1
8676,888961,269825,1536,1
8677,938034,284120,1536,1
8678,697222,211200,1536,1
8679,903290,273599,1536,1
8680,719684,217958,1536,1
8681,470734,142587,1536,1
8682,888958,269235,1536,1
8683,1125816,341000,1536,1
8684,1135924,344238,1536,1
8685,1180112,357454,1536,1
8686,717312,217280,1536,1
8687,616956,186884,1536,1
8688,745362,225776,1536,1
8689,538408,163066,1536,1
8690,691318,209376,1536,1
8691,1669186,505588,1536,1
8692,755404,228825,1536,1
8693,1029128,311677,1536,1
8694,1079066,326810,1536,1
8695,1588018,480964,1536,1
8696,569904,172622,1536,1
8697,470062,142394,1536,1
8698,815884,247120,1536,1
8699,1063276,322048,1536,1
8700,538566,163192,1536,1
8701,635928,192609,1536,1
8702,633620,191897,1536,1
8703,500082,151484,1536,1
8704,615004,186280,1536,1
8705,1739728,527039,1536,1
8706,525168,159067,1536,1
8707,1213134,367841,1536,1
8708,820850,248825,1536,1
8709,975594,295495,1536,1
8710,553126,167568,1536,1
8711,465994,141186,1536,1
8712,443928,134457,1536,1
8713,1584046,479716,1536,1
8714,520254,157586,1536,1
8715,444414,134613,1536,1
8716,447740,135626,1536,1
8717,902768,273396,1536,1
8718,582424,176435,1536,1
8719,600348,181840,1536,1
8720,1462606,443439,1536,1
8721,1087528,329500,1536,1
8722,778592,235818,1536,1
8723,486516,147368,1536,1
8724,1090376,330251,1536,1
8725,484772,146824,1536,1
8726,651878,197471,1536,1
8727,793530,240335,1536,1
8728,636884,192971,1536,1
8729,699032,211722,1536,1
8730,734430,222496,1536,1
8731,3240918,982037,1536,1
8732,725422,219798,1536,1
8733,741778,224691,1536,1
8734,1054256,320067,1536,1
8735,626202,189667,1536,1
8736,686128,207915,1536,1
8737,587252,177862,1536,1
8738,689238,208757,1536,1
8739,2254622,682887,1536,1
8740,636216,192742,1536,1
8741,1487154,450597,1536,1
8742,1778968,539208,1536,1
8743,526292,159410,1536,1
8744,717099,217486,1536,1
8745,2263787,686168,1536,1
8746,1136380,344545,1536,1
8747,718908,217766,1536,1
8748,1430328,433213,1536,1
8749,883302,267568,1536,1
8750,834436,252829,1536,1
8751,789566,239166,1536,1
8752,870616,263704,1536,1
8753,2497570,756714,1536,1
8754,1135436,344032,1536,1
8755,1272768,386053,1536,1
8756,1064172,322322,1536,1
8757,1590260,481764,1536,1
8758,911844,276202,1536,1
8759,844622,255880,1536,1
8760,1664330,504973,1536,1
8761,1119636,339179,1536,1
8762,1411354,427786,1536,1
8763,2254932,683054,1536,1
8764,1104706,334740,1536,1
8765,1730432,524213,1536,1
8766,839602,254400,1536,1
8767,3619095,1096763,1536,1
8768,863328,261545,1536,1
8769,548216,166062,1536,1
8770,645016,195362,1536,1
8771,646172,195727,1536,1
8772,545412,165194,1536,1
8773,662284,200726,1536,1
8774,895918,271387,1536,1
8775,1478646,447833,1536,1
8776,1335230,404506,1536,1
8777,890220,269681,1536,1
8778,547760,165923,1536,1
8779,1450296,439250,1536,1
8780,621294,188193,1536,1
8781,530234,160614,1536,1
8782,1181948,358387,1536,1
8783,1452812,440016,1536,1
8784,719146,217819,1536,1
8785,1632544,494407,1536,1
8786,1048352,317503,1536,1
8787,2275108,689087,1536,1
8788,501156,151794,1536,1
8789,899130,272318,1536,1
8790,1050032,318040,1536,1
8791,1309936,396737,1536,1
8792,738296,223597,1536,1
8793,685806,207747,1536,1
8794,664030,201127,1536,1
8795,484508,146745,1536,1
8796,553392,167614,1536,1
8797,470782,142611,1536,1
8798,710910,215328,1536,1
8799,636442,192759,1536,1
8800,624202,189094,1536,1
8801,716018,216865,1536,1
8802,473412,143388,1536,1
8803,789556,239138,1536,1
8804,712890,215926,1536,1
8805,550524,166743,1536,1
8806,587454,177942,1536,1
8807,879952,266514,1536,1
8808,909664,275594,1536,1
8809,485184,146969,1536,1
8810,960078,290770,1536,1
8811,469148,142089,1536,1
8812,805828,244060,1536,1
8813,665870,201710,1536,1
8814,545340,165171,1536,1
8815,762922,231097,1536,1
8816,1062778,321893,1536,1
8817,1307610,396273,1536,1
8818,1397302,423254,1536,1
8819,695718,210715,1536,1
8820,974024,295016,1536,1
8821,461222,139712,1536,1
8822,1054366,319578,1536,1
8823,1106212,335403,1536,1
8824,1198510,363035,1536,1
8825,1050788,318254,1536,1
8826,510310,154575,1536,1
8827,653882,198039,1536,1
8828,582372,176398,1536,1
8829,508074,153896,1536,1
8830,498668,151029,1536,1
8831,828238,250944,1536,1
8832,425264,128809,1536,1
8833,460674,139568,1536,1
8834,1116350,338111,1536,1
8835,422004,127816,1536,1
8836,860542,260631,1536,1
8837,651778,197507,1536,1
8838,500250,151580,1536,1
8839,586348,177601,1536,1
8840,536732,163189,1536,1
8841,658382,199413,1536,1
8842,449024,136005,1536,1
8843,501652,152061,1536,1
8844,467164,141514,1536,1
8845,531420,160992,1536,1
8846,827516,250629,1536,1
8847,673018,203848,1536,1
8848,1172156,355213,1536,1
8849,748712,226758,1536,1
8850,1247304,377844,1536,1
8851,2403517,728225,1536,1
8852,620426,187949,1536,1
8853,612160,185409,1536,1
8854,490866,148699,1536,1
8855,871962,264115,1536,1
8856,455778,138064,1536,1
8857,620770,188031,1536,1
8858,462526,140104,1536,1
8859,550888,166855,1536,1
8860,600364,181833,1536,1
8861,651724,197385,1536,1
8862,492124,149076,1536,1
8863,982316,297495,1536,1
8864,506456,153432,1536,1
8865,731744,221637,1536,1
8866,816138,247181,1536,1
8867,634434,192165,1536,1
8868,470570,142531,1536,1
8869,769180,232951,1536,1
8870,963750,291908,1536,1
8871,1113484,337245,1536,1
8872,926334,280574,1536,1
8873,447752,135615,1536,1
8874,1139094,345070,1536,1
8875,564920,171215,1536,1
8876,600464,181856,1536,1
8877,545294,165181,1536,1
8878,1460364,442482,1536,1
8879,3138566,951325,1536,1
8880,703166,213000,1536,1
8881,1488776,451006,1536,1
8882,1770026,536506,1536,1
8883,1030080,312031,1536,1
8884,1006346,304817,1536,1
8885,948144,287208,1536,1
8886,1520494,462230,1536,1
8887,909386,275654,1536,1
8888,954090,288995,1536,1
8889,1493008,452186,1536,1
8890,2863952,868307,1536,1
8891,1309192,396887,1536,1
8892,1534152,464655,1536,1
8893,1272280,385373,1536,1
8894,1035292,313593,1536,1
8895,1063734,322199,1536,1
8896,1542550,467843,1536,1
8897,6348421,1924005,1536,1
8898,1505442,456544,1536,1
8899,805042,243862,1536,1
8900,1858472,562988,1536,1
8901,1642314,497432,1536,1
8902,831200,251831,1536,1
8903,1137530,344638,1536,1
8904,2538678,768865,1536,1
8905,647602,196200,1536,1
8906,1537124,465554,1536,1
8907,1340736,406186,1536,1
8908,854472,258829,1536,1
8909,1622480,491742,1536,1
8910,851384,257950,1536,1
8911,1179742,357322,1536,1
8912,1159500,351673,1536,1
8913,999362,302705,1536,1
8914,759416,230023,1536,1
8915,503120,152488,1536,1
8916,1780062,539378,1536,1
8917,802332,243033,1536,1
8918,1118018,338801,1536,1
8919,777800,235604,1536,1
8920,1551026,469949,1536,1
8921,1352304,409616,1536,1
8922,1283230,388753,1536,1
8923,1117796,339034,1536,1
8924,798888,242036,1536,1
8925,884139,268601,1536,1
8926,1129469,342304,1536,1
8927,874948,264995,1536,1
8928,843360,255431,1536,1
8929,780364,236383,1536,1
8930,899394,272394,1536,1
8931,1050380,318143,1536,1
8932,654694,198292,1536,1
8933,568514,172198,1536,1
8934,498254,150921,1536,1
8935,748180,226683,1536,1
8936,1157446,350562,1536,1
8937,970032,293987,1536,1
8938,1066300,322985,1536,1
8939,1389084,420771,1536,1
8940,506308,153391,1536,1
8941,1213116,367805,1536,1
8942,1096700,332242,1536,1
8943,715608,216816,1536,1
8944,593038,179629,1536,1
8945,936448,283619,1536,1
8946,1263500,382755,1536,1
8947,791938,239942,1536,1
8948,650758,197156,1536,1
8949,1134464,343822,1536,1
8950,1203377,365457,1536,1
8951,812640,246245,1536,1
8952,482222,146070,1536,1
8953,728524,220680,1536,1
8954,1819009,551238,1536,1
8955,639670,193748,1536,1
8956,1248198,378046,1536,1
8957,742866,225021,1536,1
8958,863926,261680,1536,1
8959,1177438,356994,1536,1
8960,939862,284667,1536,1
8961,722364,218802,1536,1
8962,472656,143152,1536,1
8963,877540,265780,1536,1
8964,1017460,308145,1536,1
8965,740568,224341,1536,1
8966,1688493,511678,1536,1
8967,801430,242734,1536,1
8968,804326,243607,1536,1
8969,726466,220050,1536,1
8970,2299397,696747,1536,1
8971,1347030,407940,1536,1
8972,1878956,569722,1536,1
8973,998614,302478,1536,1
8974,738148,226483,1536,1
8975,1312606,397551,1536,1
8976,1068946,324024,1536,1
8977,1122608,340767,1536,1
8978,894192,270900,1536,1
8979,768910,232921,1536,1
8980,705784,214296,1536,1
8981,793930,240621,1536,1
8982,1131896,343143,1536,1
8983,1003770,304056,1536,1
8984,1042554,315800,1536,1
8985,2542222,770450,1536,1
8986,1595080,484672,1536,1
8987,847522,256725,1536,1
8988,2056818,622936,1536,1
8989,2024822,613229,1536,1
8990,949828,287715,1536,1
8991,1513384,458350,1536,1
8992,1057186,320169,1536,1
8993,1194238,361718,1536,1
8994,1662872,503654,1536,1
8995,1952290,592734,1536,1
8996,808984,245025,1536,1
8997,614146,186062,1536,1
8998,692100,209730,1536,1
8999,693968,210174,1536,1
9000,909582,275517,1536,1
9001,1175167,357570,1536,1
9002,997922,302408,1536,1
9003,550928,166884,1536,1
9004,622530,188570,1536,1
9005,826736,250694,1536,1
9006,903104,273955,1536,1
9007,822224,249068,1536,1
9008,801274,242731,1536,1
9009,2861342,866598,1536,1
9010,770560,233607,1536,1
9011,1294044,391969,1536,1
9012,886894,268723,1536,1
9013,894574,270973,1536,1
9014,595624,180408,1536,1
9015,936958,284104,1536,1
9016,1018066,308498,1536,1
9017,1808095,548640,1536,1
9018,3440333,1043166,1536,1
9019,1163712,353358,1536,1
9020,2233736,676609,1536,1
9021,831910,251978,1536,1
9022,864010,261691,1536,1
9023,2194446,665305,1536,1
9024,562020,170277,1536,1
9025,956992,290061,1536,1
9026,1199272,363274,1536,1
9027,2218620,672476,1536,1
9028,1342486,406614,1536,1
9029,955564,289493,1536,1
9030,625266,189388,1536,1
9031,530320,160639,1536,1
9032,712324,215752,1536,1
9033,927763,281748,1536,1
9034,669624,202909,1536,1
9035,1406318,425928,1536,1
9036,1218934,369163,1536,1
9037,902404,273367,1536,1
9038,1242018,376224,1536,1
9039,1773070,536986,1536,1
9040,695364,210619,1536,1
9041,526802,159568,1536,1
9042,1162670,353150,1536,1
9043,906502,275007,1536,1
9044,567486,171892,1536,1
9045,1006864,305388,1536,1
9046,1785792,541021,1536,1
9047,769154,232991,1536,1
9048,495466,150067,1536,1
9049,1271392,385070,1536,1
9050,487574,147696,1536,1
9051,567064,171760,1536,1
9052,576944,174746,1536,1
9053,874452,264925,1536,1
9054,491936,149030,1536,1
9055,549104,166321,1536,1
9056,1395972,423027,1536,1
9057,922014,279289,1536,1
9058,1204502,364843,1536,1
9059,704510,213586,1536,1
9060,1841528,557990,1536,1
9061,908216,275098,1536,1
9062,855772,259216,1536,1
9063,512448,155251,1536,1
9064,640446,194108,1536,1
9065,563702,170772,1536,1
9066,566802,171703,1536,1
9067,596134,180650,1536,1
9068,743958,225352,1536,1
9069,1085198,328704,1536,1
9070,757388,229426,1536,1
9071,1267482,383901,1536,1
9072,780478,236576,1536,1
9073,678478,205535,1536,1
9074,846580,256911,1536,1
9075,1494430,452769,1536,1
9076,582172,176364,1536,1
9077,2374504,720006,1536,1
9078,2071829,628153,1536,1
9079,734950,222632,1536,1
9080,886910,268960,1536,1
9081,1532594,464551,1536,1
9082,730734,221378,1536,1
9083,1678688,509479,1536,1
9084,1420230,431214,1536,1
9085,3543514,1073924,1536,1
9086,1663514,504337,1536,1
9087,573072,173595,1536,1
9088,659834,199883,1536,1
9089,1019982,309291,1536,1
9090,1982332,600619,1536,1
9091,914496,277021,1536,1
9092,1080668,327961,1536,1
9093,1328832,402887,1536,1
9094,889602,269513,1536,1
9095,597078,180888,1536,1
9096,620312,187893,1536,1
9097,1546174,468471,1536,1
9098,854828,258946,1536,1
9099,1367388,414153,1536,1
9100,1088502,329713,1536,1
9101,1028864,311639,1536,1
9102,1045562,316708,1536,1
9103,594900,180228,1536,1
9104,857344,259725,1536,1
9105,1660122,502957,1536,1
9106,763432,231311,1536,1
9107,563056,170578,1536,1
9108,1372270,415699,1536,1
9109,681632,206617,1536,1
9110,1289298,390641,1536,1
9111,2106264,637922,1536,1
9112,776374,235160,1536,1
9113,562312,170354,1536,1
9114,729798,221318,1536,1
9115,1497650,453609,1536,1
9116,900870,272998,1536,1
9117,969911,294461,1536,1
9118,695742,210729,1536,1
9119,785364,237866,1536,1
9120,608060,184183,1536,1
9121,1237460,374850,1536,1
9122,555618,168332,1536,1
9123,711816,215630,1536,1
9124,779292,236160,1536,1
9125,677344,205161,1536,1
9126,931625,283045,1536,1
9127,1667470,505002,1536,1
9128,1009124,305656,1536,1
9129,890262,269662,1536,1
9130,863856,261639,1536,1
9131,549154,166328,1536,1
9132,522074,158135,1536,1
9133,888994,269283,1536,1
9134,675420,204658,1536,1
9135,685950,207815,1536,1
9136,1548436,469207,1536,1
9137,673310,203989,1536,1
9138,783700,237375,1536,1
9139,669684,202840,1536,1
9140,498314,150948,1536,1
9141,654772,198353,1536,1
9142,553118,167550,1536,1
9143,502352,152173,1536,1
9144,700664,212263,1536,1
9145,917296,277829,1536,1
9146,536626,162576,1536,1
9147,954695,289686,1536,1
9148,1199974,363417,1536,1
9149,687095,208559,1536,1
9150,1742336,527756,1536,1
9151,2498254,756904,1536,1
9152,921490,279119,1536,1
9153,770638,233427,1536,1
9154,1250636,379733,1536,1
9155,878960,266233,1536,1
9156,761052,230911,1536,1
9157,1705126,516860,1536,1
9158,966602,293119,1536,1
9159,814988,246871,1536,1
9160,852502,258231,1536,1
9161,930650,281882,1536,1
9162,1930302,585248,1536,1
9163,746600,226148,1536,1
9164,1878676,569963,1536,1
9165,2966752,899686,1536,1
9166,1829246,554644,1536,1
9167,670842,203293,1536,1
9168,1297268,393001,1536,1
9169,1960656,593829,1536,1
9170,1022104,309595,1536,1
9171,1071450,324570,1536,1
9172,754320,228505,1536,1
9173,1019678,308842,1536,1
9174,559058,169384,1536,1
9175,699116,211753,1536,1
9176,1200856,364197,1536,1
9177,710094,215102,1536,1
9178,1578358,478377,1536,1
9179,2632092,797735,1536,1
9180,1300868,394048,1536,1
9181,591242,179124,1536,1
9182,800544,242498,1536,1
9183,582794,176527,1536,1
9184,1375836,416848,1536,1
9185,954558,289134,1536,1
9186,940186,284752,1536,1
9187,811936,246231,1536,1
9188,803066,243264,1536,1
9189,1665766,504784,1536,1
9190,1251380,379062,1536,1
9191,2887080,875016,1536,1
9192,774640,234639,1536,1
9193,998939,303131,1536,1
9194,1773272,537363,1536,1
9195,2144772,649874,1536,1
9196,1248980,378399,1536,1
9197,1088914,329932,1536,1
9198,1056368,319975,1536,1
9199,2303822,697735,1536,1
9200,895852,271382,1536,1
9201,1050526,318500,1536,1
9202,1503022,455612,1536,1
9203,2310522,700942,1536,1
9204,1159018,351099,1536,1
9205,1648408,499951,1536,1
9206,541496,164034,1536,1
9207,1016702,308058,1536,1
9208,1679617,509266,1536,1
9209,1404782,425447,1536,1
9210,2492604,754901,1536,1
9211,931812,282216,1536,1
9212,1772646,536922,1536,1
9213,626586,189801,1536,1
9214,1004266,304182,1536,1
9215,928752,281296,1536,1
9216,704268,213337,1536,1
9217,699760,211986,1536,1
9218,937476,284074,1536,1
9219,2200994,666576,1536,1
9220,1113146,337161,1536,1
9221,1205640,365559,1536,1
9222,921316,279085,1536,1
9223,1613503,489676,1536,1
9224,621720,188315,1536,1
9225,1489726,451209,1536,1
9226,702026,212665,1536,1
9227,900962,272900,1536,1
9228,1045786,316711,1536,1
9229,958400,290704,1536,1
9230,778640,235887,1536,1
9231,657076,199027,1536,1
9232,1147668,347576,1536,1
9233,554596,168001,1536,1
9234,1026770,311009,1536,1
9235,1239120,375836,1536,1
9236,3044933,922846,1536,1
9237,2063822,625524,1536,1
9238,704494,213406,1536,1
9239,930222,281959,1536,1
9240,585586,177373,1536,1
9241,1001062,303259,1536,1
9242,851938,258024,1536,1
9243,552234,167320,1536,1
9244,885766,268381,1536,1
9245,920130,278893,1536,1
9246,1594354,482840,1536,1
9247,1819748,551436,1536,1
9248,1107328,335904,1536,1
9249,584814,177136,1536,1
9250,672124,203581,1536,1
9251,1205612,365150,1536,1
9252,689084,208712,1536,1
9253,832046,252030,1536,1
9254,589890,178682,1536,1
9255,1771017,536662,1536,1
9256,750216,227264,1536,1
9257,794032,240521,1536,1
9258,4014443,1216268,1536,1
9259,699412,211840,1536,1
9260,879230,266294,1536,1
9261,641800,194422,1536,1
9262,984990,298342,1536,1
9263,502860,152350,1536,1
9264,624710,189253,1536,1
9265,731404,221508,1536,1
9266,900786,272821,1536,1
9267,1289488,390634,1536,1
9268,1873982,567539,1536,1
9269,735288,222693,1536,1
9270,1398826,423628,1536,1
9271,698040,211454,1536,1
9272,1322590,400545,1536,1
9273,990892,300106,1536,1
9274,723658,219209,1536,1
9275,880526,266710,1536,1
9276,486082,147244,1536,1
9277,777384,235478,1536,1
9278,1025148,310830,1536,1
9279,1109910,336154,1536,1
9280,952296,288472,1536,1
9281,581564,176170,1536,1
9282,2376004,719656,1536,1
9283,781906,236909,1536,1
9284,1392420,422428,1536,1
9285,873742,264683,1536,1
9286,999276,302686,1536,1
9287,1591576,482028,1536,1
9288,1071528,324591,1536,1
9289,2374498,719108,1536,1
9290,869630,263446,1536,1
9291,1663578,504400,1536,1
9292,2232918,677737,1536,1
9293,1899974,575682,1536,1
9294,1334062,404054,1536,1
9295,972804,294635,1536,1
9296,1094570,331514,1536,1
9297,1486216,450176,1536,1
9298,764578,232091,1536,1
9299,818398,247889,1536,1
9300,1304524,395113,1536,1
9301,1924528,583611,1536,1
9302,1249174,378457,1536,1
9303,967016,292925,1536,1
9304,944452,286077,1536,1
9305,1231198,373746,1536,1
9306,1043200,315982,1536,1
9307,941462,285176,1536,1
9308,1348484,408397,1536,1
9309,909368,275483,1536,1
9310,1651508,500194,1536,1
9311,1438464,435664,1536,1
9312,1294598,392101,1536,1
9313,957892,290149,1536,1
9314,955380,289379,1536,1
9315,955274,289331,1536,1
9316,810138,245387,1536,1
9317,2059344,623746,1536,1
9318,489768,148359,1536,1
9319,999374,302805,1536,1
9320,778574,235811,1536,1
9321,846806,256460,1536,1
9322,510204,154533,1536,1
9323,2346782,712981,1536,1
9324,1550826,469680,1536,1
9325,1588182,480991,1536,1
9326,468274,141829,1536,1
9327,572482,173427,1536,1
9328,554194,167864,1536,1
9329,518494,157079,1536,1
9330,551602,167058,1536,1
9331,796138,241128,1536,1
9332,567988,172024,1536,1
9333,807882,244688,1536,1
9334,650222,196947,1536,1
9335,780728,236487,1536,1
9336,474684,143788,1536,1
9337,629352,190628,1536,1
9338,1624072,491861,1536,1
9339,734910,222594,1536,1
9340,1356774,410925,1536,1
9341,655374,198506,1536,1
9342,553696,167711,1536,1
9343,535372,162166,1536,1
9344,460522,139488,1536,1
9345,460370,139537,1536,1
9346,732160,221783,1536,1
9347,1355268,410417,1536,1
9348,804306,243597,1536,1
9349,730552,221259,1536,1
9350,431426,130667,1536,1
9351,422038,127824,1536,1
9352,423380,128250,1536,1
9353,439908,133275,1536,1
9354,552256,167296,1536,1
9355,413400,125225,1536,1
9356,554858,168059,1536,1
9357,731270,221502,1536,1
9358,858110,260226,1536,1
9359,810526,245722,1536,1
9360,547592,165875,1536,1
9361,525848,159258,1536,1
9362,1696692,513927,1536,1
9363,758544,229762,1536,1
9364,833300,252388,1536,1
9365,856302,259543,1536,1
9366,1992660,603691,1536,1
9367,931374,282107,1536,1
9368,622454,188546,1536,1
9369,705802,213795,1536,1
9370,672508,203707,1536,1
9371,737774,223485,1536,1
9372,601298,182124,1536,1
9373,392322,118839,1536,1
9374,405748,122922,1536,1
9375,739442,223957,1536,1
9376,405826,122949,1536,1
9377,542422,164275,1536,1
9378,1433264,434136,1536,1
9379,404382,122483,1536,1
9380,1772406,536929,1536,1
9381,683820,207136,1536,1
9382,800704,242543,1536,1
9383,2923642,885383,1536,1
9384,1581988,479277,1536,1
9385,1368337,414878,1536,1
9386,1240406,375787,1536,1
9387,834594,252772,1536,1
9388,834886,252856,1536,1
9389,521496,157962,1536,1
9390,444344,134592,1536,1
9391,481422,145849,1536,1
9392,604694,183231,1536,1
9393,1366500,414202,1536,1
9394,602646,182653,1536,1
9395,1179328,357160,1536,1
9396,1696912,514403,1536,1
9397,503498,152572,1536,1
9398,717360,217280,1536,1
9399,553166,167553,1536,1
9400,513938,155700,1536,1
9401,962052,291348,1536,1
9402,852788,258284,1536,1
9403,882342,267256,1536,1
9404,1162268,352029,1536,1
9405,996886,302754,1536,1
9406,503108,152399,1536,1
9407,738750,223761,1536,1
9408,1663948,504351,1536,1
9409,875058,265045,1536,1
9410,774880,235297,1536,1
9411,1775104,538155,1536,1
9412,911376,276071,1536,1
9413,6075777,1840714,1536,1
9414,3198644,969246,1536,1
9415,1228790,372178,1536,1
9416,860534,260777,1536,1
9417,968914,293481,1536,1
9418,1354602,410287,1536,1
9419,1289736,390583,1536,1
9420,1157202,350687,1536,1
9421,898284,272109,1536,1
9422,964652,292197,1536,1
9423,1182705,359443,1536,1
9424,1576611,478441,1536,1
9425,1156144,350168,1536,1
9426,763118,231159,1536,1
9427,1260634,381893,1536,1
9428,1016554,307908,1536,1
9429,932404,282438,1536,1
9430,1076586,326086,1536,1
9431,1030198,313547,1536,1
9432,1087904,329606,1536,1
9433,1058828,320718,1536,1
9434,1156178,350322,1536,1
9435,2053835,622428,1536,1
9436,1550819,470373,1536,1
9437,1516091,460067,1536,1
9438,586408,177631,1536,1
9439,923746,279892,1536,1
9440,719594,218014,1536,1
9441,2325608,704998,1536,1
9442,2448276,741786,1536,1
9443,1519244,460159,1536,1
9444,961694,291519,1536,1
9445,1199456,363381,1536,1
9446,862178,261165,1536,1
9447,1230546,372867,1536,1
9448,1075314,325905,1536,1
9449,1918278,581137,1536,1
9450,1050876,318261,1536,1
9451,1110286,336315,1536,1
9452,1947092,589701,1536,1
9453,1654436,501067,1536,1
9454,1347986,408328,1536,1
9455,1453358,440241,1536,1
9456,1277508,386931,1536,1
9457,682712,206795,1536,1
9458,550526,166758,1536,1
9459,691016,209309,1536,1
9460,965384,292422,1536,1
9461,548008,166071,1536,1
9462,1692272,512505,1536,1
9463,691500,209446,1536,1
9464,692434,209731,1536,1
9465,770820,233544,1536,1
9466,605622,183435,1536,1
9467,703880,213223,1536,1
9468,760620,230377,1536,1
9469,1011986,306497,1536,1
9470,934062,283725,1536,1
9471,673816,204093,1536,1
9472,566888,171808,1536,1
9473,2461558,745581,1536,1
9474,854390,258795,1536,1
9475,2163104,655255,1536,1
9476,1270358,384725,1536,1
9477,540664,163748,1536,1
9478,538640,163154,1536,1
9479,444464,134634,1536,1
9480,527488,159773,1536,1
9481,787470,238524,1536,1
9482,1271268,384987,1536,1
9483,2640948,799778,1536,1
9484,593504,179791,1536,1
9485,953468,288764,1536,1
9486,804442,243732,1536,1
9487,919242,278540,1536,1
9488,738958,223800,1536,1
9489,511628,154977,1536,1
9490,1474930,446697,1536,1
9491,426022,129045,1536,1
9492,437874,132672,1536,1
9493,725500,219722,1536,1
9494,829720,251316,1536,1
9495,923184,279680,1536,1
9496,417178,126444,1536,1
9497,838176,253853,1536,1
9498,556854,168655,1536,1
9499,699332,211798,1536,1
9500,418052,126617,1536,1
9501,962488,291519,1536,1
9502,505454,153114,1536,1
9503,694404,210350,1536,1
9504,1736262,525882,1536,1
9505,1620316,490974,1536,1
9506,590684,179001,1536,1
9507,552642,167533,1536,1
9508,693938,210185,1536,1
9509,538518,163206,1536,1
9510,558492,169252,1536,1
9511,1249878,378645,1536,1
9512,457560,138603,1536,1
9513,660666,200129,1536,1
9514,782130,236914,1536,1
9515,548724,166270,1536,1
9516,615660,186472,1536,1
9517,458120,138769,1536,1
9518,1014214,307167,1536,1
9519,997480,302099,1536,1
9520,612380,185486,1536,1
9521,1623540,491723,1536,1
9522,697396,211227,1536,1
9523,594256,180018,1536,1
9524,1044401,316485,1536,1
9525,4149494,1257122,1536,1
9526,990942,300152,1536,1
9527,1237472,374819,1536,1
9528,471056,142687,1536,1
9529,1374280,416228,1536,1
9530,484934,146940,1536,1
9531,582050,176326,1536,1
9532,634972,192309,1536,1
9533,691958,209571,1536,1
9534,671570,203411,1536,1
9535,857216,260267,1536,1
9536,702596,213714,1536,1
9537,911196,275992,1536,1
9538,2436490,738090,1536,1
9539,1113856,337934,1536,1
9540,1819962,551209,1536,1
9541,1585830,480301,1536,1
9542,1499680,454288,1536,1
9543,1066892,323180,1536,1
9544,1584499,480314,1536,1
9545,712006,215994,1536,1
9546,1638882,496593,1536,1
9547,1030804,312226,1536,1
9548,541776,164191,1536,1
9549,772408,234025,1536,1
9550,831360,251836,1536,1
9551,730278,221194,1536,1
9552,1293256,392032,1536,1
9553,799744,242251,1536,1
9554,736264,223036,1536,1
9555,729686,221019,1536,1
9556,532826,161403,1536,1
9557,1050492,318192,1536,1
9558,771266,233727,1536,1
9559,1344196,408388,1536,1
9560,1033978,313237,1536,1
9561,1054316,319347,1536,1
9562,899464,272422,1536,1
9563,866882,262819,1536,1
9564,822796,249197,1536,1
9565,720762,218309,1536,1
9566,925044,280208,1536,1
9567,531426,160980,1536,1
9568,555930,168427,1536,1
9569,1239346,375325,1536,1
9570,2039748,618075,1536,1
9571,1097134,332286,1536,1
9572,672568,203691,1536,1
9573,963582,291855,1536,1
9574,926222,280523,1536,1
9575,934172,282930,1536,1
9576,534866,161994,1536,1
9577,896832,271651,1536,1
9578,727580,220395,1536,1
9579,587514,177937,1536,1
9580,588452,178243,1536,1
9581,799652,242228,1536,1
9582,4177371,1266007,1536,1
9583,875634,265210,1536,1
9584,876370,265427,1536,1
9585,601898,182314,1536,1
9586,845140,255966,1536,1
9587,851528,257909,1536,1
9588,846830,256548,1536,1
9589,814152,246581,1536,1
9590,718540,217660,1536,1
9591,632122,191470,1536,1
9592,470932,142635,1536,1
9593,960322,291051,1536,1
9594,1082764,327922,1536,1
9595,1006598,304846,1536,1
9596,527720,159849,1536,1
9597,523528,158565,1536,1
9598,1510202,457375,1536,1
9599,769020,232919,1536,1
9600,437674,132571,1536,1
9601,657934,199307,1536,1
9602,499780,151453,1536,1
9603,1191806,360970,1536,1
9604,764086,231419,1536,1
9605,1152352,349628,1536,1
9606,1804632,546866,1536,1
9607,420970,127518,1536,1
9608,483952,146587,1536,1
9609,554126,167884,1536,1
9610,655340,198515,1536,1
9611,1780762,540407,1536,1
9612,792632,240099,1536,1
9613,847538,256714,1536,1
9614,1205612,365168,1536,1
9615,1105820,335392,1536,1
9616,1941000,589041,1536,1
9617,1070752,324809,1536,1
9618,766158,232071,1536,1
9619,545062,165199,1536,1
9620,510536,154643,1536,1
9621,640566,194050,1536,1
9622,538678,163173,1536,1
9623,626452,189765,1536,1
9624,574314,173985,1536,1
9625,603494,182823,1536,1
9626,1447032,438352,1536,1
9627,633362,191860,1536,1
9628,719268,217876,1536,1
9629,898818,272245,1536,1
9630,458320,138907,1536,1
9631,1302616,394518,1536,1
9632,1123920,340402,1536,1
9633,5643621,1709772,1536,1
9634,855796,259299,1536,1
9635,561964,170245,1536,1
9636,940854,285018,1536,1
9637,864740,262018,1536,1
9638,825804,250467,1536,1
9639,1413706,428370,1536,1
9640,2444932,740556,1536,1
9641,1307940,396147,1536,1
9642,923300,279693,1536,1
9643,1273850,385808,1536,1
9644,783478,237323,1536,1
9645,872550,264466,1536,1
9646,934470,283045,1536,1
9647,1499994,454301,1536,1
9648,1957750,593633,1536,1
9649,1969417,597040,1536,1
9650,487176,147572,1536,1
9651,570634,172869,1536,1
9652,2582480,782187,1536,1
9653,1674556,507189,1536,1
9654,1745238,528842,1536,1
9655,1407244,426210,1536,1
9656,957974,290816,1536,1
9657,867490,264131,1536,1
9658,778492,235949,1536,1
9659,1193266,361426,1536,1
9660,7976184,2417016,1536,1
9661,1290856,390967,1536,1
9662,958616,290765,1536,1
9663,672564,203738,1536,1
9664,2594290,785672,1536,1
9665,530174,160598,1536,1
9666,895326,271166,1536,1
9667,2162350,655283,1536,1
9668,808696,244964,1536,1
9669,655574,198683,1536,1
9670,694164,210259,1536,1
9671,516706,156522,1536,1
9672,780710,236449,1536,1
9673,567336,171878,1536,1
9674,867086,262614,1536,1
9675,1133560,343416,1536,1
9676,1280252,387977,1536,1
9677,605800,183476,1536,1
9678,694322,210302,1536,1
9679,3888875,1178154,1536,1
9680,1035028,313468,1536,1
9681,753870,228450,1536,1
9682,591930,179301,1536,1
9683,960018,290803,1536,1
9684,584704,177109,1536,1
9685,2386018,722800,1536,1
9686,1797766,544582,1536,1
9687,3204022,970670,1536,1
9688,1256438,380656,1536,1
9689,1816348,550126,1536,1
9690,934338,283515,1536,1
9691,1069414,324202,1536,1
9692,514250,155781,1536,1
9693,3173393,961689,1536,1
9694,1901816,576547,1536,1
9695,1025568,310687,1536,1
9696,847762,256776,1536,1
9697,967734,293168,1536,1
9698,1011020,306675,1536,1
9699,903908,273830,1536,1
9700,948758,287445,1536,1
9701,908596,275217,1536,1
9702,833374,252517,1536,1
9703,520344,158468,1536,1
9704,849996,257472,1536,1
9705,858386,260116,1536,1
9706,486554,147384,1536,1
9707,649040,196589,1536,1
9708,1157488,350554,1536,1
9709,868436,263310,1536,1
9710,567004,171749,1536,1
9711,992308,300612,1536,1
9712,1803310,546412,1536,1
9713,633258,191924,1536,1
9714,888580,269235,1536,1
9715,955494,289413,1536,1
9716,587344,177905,1536,1
9717,876996,265641,1536,1
9718,713564,216428,1536,1
9719,845042,256065,1536,1
9720,761902,230767,1536,1
9721,998124,302328,1536,1
9722,485906,147183,1536,1
9723,539846,163557,1536,1
9724,1264054,382849,1536,1
9725,1390344,421358,1536,1
9726,652084,197488,1536,1
9727,482832,146259,1536,1
9728,484308,146697,1536,1
9729,475316,143981,1536,1
9730,552772,167435,1536,1
9731,672314,203663,1536,1
9732,684930,207573,1536,1
9733,1045056,316532,1536,1
9734,588984,178404,1536,1
9735,755994,228976,1536,1
9736,498116,150864,1536,1
9737,607612,184067,1536,1
9738,706010,213858,1536,1
9739,1277844,387019,1536,1
9740,769566,233128,1536,1
9741,1043738,316098,1536,1
9742,799266,242076,1536,1
9743,1202748,364317,1536,1
9744,2192430,664053,1536,1
9745,941298,285113,1536,1
9746,1004078,304266,1536,1
9747,1007906,305292,1536,1
9748,1460814,442497,1536,1
9749,705686,213789,1536,1
9750,1072590,324906,1536,1
9751,753782,228344,1536,1
9752,1118790,338883,1536,1
9753,631268,191319,1536,1
9754,2287568,693138,1536,1
9755,571674,173192,1536,1
9756,1078156,326568,1536,1
9757,708650,214692,1536,1
9758,1392288,421654,1536,1
9759,1352408,409690,1536,1
9760,1021758,309838,1536,1
9761,611802,185345,1536,1
9762,818198,247857,1536,1
9763,505610,153155,1536,1
9764,1059162,320926,1536,1
9765,1214796,367938,1536,1
9766,1327248,402085,1536,1
9767,937120,283850,1536,1
9768,768884,232912,1536,1
9769,733254,222232,1536,1
9770,944912,286364,1536,1
9771,1441934,437105,1536,1
9772,738076,223802,1536,1
9773,1257013,381830,1536,1
9774,756658,229237,1536,1
9775,735718,222883,1536,1
9776,858582,260371,1536,1
9777,912788,276450,1536,1
9778,638576,193457,1536,1
9779,568948,172441,1536,1
9780,646810,195988,1536,1
9781,572480,173409,1536,1
9782,1009640,305959,1536,1
9783,762796,231047,1536,1
9784,970794,294166,1536,1
9785,1259208,381678,1536,1
9786,1014534,307337,1536,1
9787,1160514,351950,1536,1
9788,892174,270269,1536,1
9789,1101006,333452,1536,1
9790,894996,271068,1536,1
9791,1716507,520573,1536,1
9792,769196,233008,1536,1
9793,1120322,339301,1536,1
9794,662668,200826,1536,1
9795,712078,215784,1536,1
9796,1219674,370775,1536,1
9797,818470,247997,1536,1
9798,976696,296173,1536,1
9799,1219712,369782,1536,1
9800,834788,252862,1536,1
9801,1408860,426816,1536,1
9802,987634,299147,1536,1
9803,2683526,813313,1536,1
9804,1357422,411134,1536,1
9805,1042924,316005,1536,1
9806,1222889,370899,1536,1
9807,1011816,306746,1536,1
9808,1576368,477673,1536,1
9809,3369762,1020525,1536,1
9810,1095498,331809,1536,1
9811,854696,258902,1536,1
9812,1891414,572941,1536,1
9813,2567028,777774,1536,1
9814,1449282,439280,1536,1
9815,1388194,420713,1536,1
9816,1644077,498384,1536,1
9817,940624,285098,1536,1
9818,1449917,439825,1536,1
9819,1299281,394092,1536,1
9820,829208,251214,1536,1
9821,940438,284829,1536,1
9822,745026,225706,1536,1
9823,1106262,335320,1536,1
9824,1603946,486103,1536,1
9825,1036174,313871,1536,1
9826,1302362,395005,1536,1
9827,588684,178294,1536,1
9828,2867202,868651,1536,1
9829,761888,230808,1536,1
9830,738630,223787,1536,1
9831,764154,231475,1536,1
9832,818208,247848,1536,1
9833,728132,220730,1536,1
9834,2921558,886309,1536,1
9835,2732943,828207,1536,1
9836,1332408,403863,1536,1
9837,902816,273576,1536,1
9838,612412,185530,1536,1
9839,3230796,979894,1536,1
9840,628576,190420,1536,1
9841,1197094,362780,1536,1
9842,688552,208579,1536,1
9843,1789820,542117,1536,1
9844,929962,282180,1536,1
9845,720104,218242,1536,1
9846,594448,180091,1536,1
9847,2893873,877670,1536,1
9848,2167744,656884,1536,1
9849,1111080,336572,1536,1
9850,1204420,364990,1536,1
9851,755158,228870,1536,1
9852,1139962,345410,1536,1
9853,1964372,595763,1536,1
9854,1318466,399384,1536,1
9855,1537580,466579,1536,1
9856,771798,233801,1536,1
9857,960887,291730,1536,1
9858,816923,247832,1536,1
9859,661668,200426,1536,1
9860,767454,232498,1536,1
9861,515548,156168,1536,1
9862,603222,182709,1536,1
9863,740736,224385,1536,1
9864,1984870,601170,1536,1
9865,789832,239258,1536,1
9866,989824,299821,1536,1
9867,608264,184246,1536,1
9868,542882,164471,1536,1
9869,722870,218977,1536,1
9870,516788,156599,1536,1
9871,869462,263378,1536,1
9872,1408014,426455,1536,1
9873,1829080,554053,1536,1
9874,1031704,312726,1536,1
9875,3116574,945289,1536,1
9876,1636646,495693,1536,1
9877,1845934,560186,1536,1
9878,733672,222254,1536,1
9879,898144,272031,1536,1
9880,1101594,333748,1536,1
9881,701370,212483,1536,1
9882,1342996,406710,1536,1
9883,814244,246616,1536,1
9884,625140,189355,1536,1
9885,673644,204080,1536,1
9886,1504634,455704,1536,1
9887,1277082,387111,1536,1
9888,2259696,685157,1536,1
9889,780390,236366,1536,1
9890,2001932,606293,1536,1
9891,1059192,320818,1536,1
9892,1397145,423699,1536,1
9893,2055122,622362,1536,1
9894,1090210,330213,1536,1
9895,522446,158258,1536,1
9896,1514884,458872,1536,1
9897,1137186,344576,1536,1
9898,750804,227402,1536,1
9899,1351072,409209,1536,1
9900,795960,241105,1536,1
9901,968938,293526,1536,1
9902,1819162,551222,1536,1
9903,775714,235387,1536,1
9904,666862,202530,1536,1
9905,742888,225053,1536,1
9906,920258,278733,1536,1
9907,1898154,575037,1536,1
9908,1178114,356909,1536,1
9909,1063904,322513,1536,1
9910,2872285,870597,1536,1
9911,743596,225279,1536,1
9912,856222,259377,1536,1
9913,917718,278338,1536,1
9914,988438,299505,1536,1
9915,929508,281539,1536,1
9916,814090,247030,1536,1
9917,4250238,1288705,1536,1
9918,792586,240089,1536,1
9919,852316,258181,1536,1
9920,1342600,407715,1536,1
9921,1214913,368485,1536,1
9922,1108772,335827,1536,1
9923,782000,236959,1536,1
9924,607460,183998,1536,1
9925,3416887,1035521,1536,1
9926,785498,237908,1536,1
9927,1024724,310376,1536,1
9928,566002,171621,1536,1
9929,727038,220216,1536,1
9930,1506538,456557,1536,1
9931,1423622,431660,1536,1
9932,922556,279718,1536,1
9933,667154,202053,1536,1
9934,1170006,355716,1536,1
9935,864152,261942,1536,1
9936,959818,293210,1536,1
9937,1559594,472408,1536,1
9938,1359612,411783,1536,1
9939,1083852,328271,1536,1
9940,1332642,404204,1536,1
9941,2238239,679563,1536,1
9942,1198134,362871,1536,1
9943,940784,284931,1536,1
9944,568556,172214,1536,1
9945,1168130,353866,1536,1
9946,1109802,336142,1536,1
9947,472508,143110,1536,1
9948,553638,167700,1536,1
9949,643314,194983,1536,1
9950,796694,241300,1536,1
9951,1069046,326219,1536,1
9952,732030,221716,1536,1
9953,962000,291391,1536,1
9954,555606,168294,1536,1
9955,582900,176585,1536,1
9956,795172,240840,1536,1
9957,547938,165973,1536,1
9958,856902,259563,1536,1
9959,710044,215084,1536,1
9960,2955966,896440,1536,1
9961,779566,236147,1536,1
9962,501796,151999,1536,1
9963,2540495,770015,1536,1
9964,1186058,359674,1536,1
9965,486636,147406,1536,1
9966,975484,295735,1536,1
9967,774986,234758,1536,1
9968,1829788,554623,1536,1
9969,769006,233068,1536,1
9970,764036,231625,1536,1
9971,1500036,454546,1536,1
9972,1553378,470846,1536,1
9973,945820,287639,1536,1
9974,644682,195282,1536,1
9975,537584,162866,1536,1
9976,710084,215108,1536,1
9977,948604,287438,1536,1
9978,740236,224208,1536,1
9979,571142,172981,1536,1
9980,652960,197780,1536,1
9981,693786,210164,1536,1
9982,656230,198760,1536,1
9983,487382,147627,1536,1
9984,1700578,515055,1536,1
9985,535898,162333,1536,1
9986,566942,172547,1536,1
9987,814205,247524,1536,1
9988,1676564,507872,1536,1
9989,764216,231493,1536,1
9990,1430122,433118,1536,1
9991,2158046,653828,1536,1
9992,649448,196737,1536,1
9993,753196,228150,1536,1
9994,790680,239829,1536,1
9995,796582,241298,1536,1
9996,1044534,316759,1536,1
9997,1115538,338000,1536,1
9998,660606,200132,1536,1
9999,822078,248975,1536,1
