iter,cycles,time_ns,peak_rss_kb,ok
0,1318558,399360,1408,1
1,84860,25767,1536,1
2,73136,22182,1536,1
3,72676,22054,1536,1
4,72834,22083,1536,1
5,72084,21863,1536,1
6,72510,21993,1536,1
7,72094,21876,1536,1
8,70370,21346,1536,1
9,72178,21884,1536,1
10,69918,21206,1536,1
11,70386,21360,1536,1
12,72838,22093,1536,1
13,72046,21868,1536,1
14,71448,21685,1536,1
15,71980,21843,1536,1
16,72560,22018,1536,1
17,72594,22029,1536,1
18,72430,21961,1536,1
19,83198,25238,1536,1
20,72528,21996,1536,1
21,71920,21812,1536,1
22,77048,23383,1536,1
23,131844,40033,1536,1
24,75432,22895,1536,1
25,76690,23269,1536,1
26,76322,23162,1536,1
27,100310,30437,1536,1
28,76518,23225,1536,1
29,75854,23018,1536,1
30,76574,23238,1536,1
31,75742,22986,1536,1
32,92414,28044,1536,1
33,77618,23557,1536,1
34,77844,23601,1536,1
35,87164,26463,1536,1
36,77940,23647,1536,1
37,78656,23854,1536,1
38,81014,24578,1536,1
39,81836,24807,1536,1
40,79892,24239,1536,1
41,78714,23887,1536,1
42,79974,24265,1536,1
43,101790,30892,1536,1
44,78258,23759,1536,1
45,77388,23484,1536,1
46,85166,25858,1536,1
47,76362,23178,1536,1
48,76022,23071,1536,1
49,77762,23596,1536,1
50,76270,23143,1536,1
51,85692,25994,1536,1
52,76042,23072,1536,1
53,76976,23360,1536,1
54,76764,23296,1536,1
55,76566,23236,1536,1
56,76744,23289,1536,1
57,103558,31422,1536,1
58,94834,28782,1536,1
59,76704,23274,1536,1
60,123168,37363,1536,1
61,76678,23268,1536,1
62,76836,23316,1536,1
63,102020,30936,1536,1
64,76544,23231,1536,1
65,76846,23320,1536,1
66,78486,23813,1536,1
67,78858,23926,1536,1
68,76892,23329,1536,1
69,91136,27648,1536,1
70,77012,23346,1536,1
71,78002,23644,1536,1
72,76814,23297,1536,1
73,75616,22932,1536,1
74,76180,23104,1536,1
75,92642,28118,1536,1
76,75252,22824,1536,1
77,74800,22697,1536,1
78,78044,23671,1536,1
79,102620,31143,1536,1
80,75840,23001,1536,1
81,75396,22866,1536,1
82,75756,22964,1536,1
83,160228,48589,1536,1
84,86856,26373,1536,1
85,75638,22943,1536,1
86,75160,22890,1536,1
87,73532,22290,1536,1
88,83368,25303,1536,1
89,185780,56360,1536,1
90,202934,61591,1536,1
91,74534,22605,1536,1
92,81520,24737,1536,1
93,74264,22523,1536,1
94,74768,22665,1536,1
95,74538,22618,1536,1
96,74180,22492,1536,1
97,73798,22396,1536,1
98,74922,22711,1536,1
99,73850,22386,1536,1
100,74864,22717,1536,1
101,74274,22543,1536,1
102,74422,22587,1536,1
103,74034,22454,1536,1
104,73350,22250,1536,1
105,73722,22363,1536,1
106,74034,22458,1536,1
107,75136,22800,1536,1
108,74302,22549,1536,1
109,73988,22457,1536,1
110,76964,23361,1536,1
111,119728,36322,1536,1
112,80560,24445,1536,1
113,79884,24243,1536,1
114,81696,24807,1536,1
115,74528,22597,1536,1
116,74188,22489,1536,1
117,74398,22556,1536,1
118,72058,21847,1536,1
119,74526,22614,1536,1
120,74228,22528,1536,1
121,72610,22015,1536,1
122,72896,22098,1536,1
123,74540,22623,1536,1
124,74372,22545,1536,1
125,74658,22637,1536,1
126,74564,22602,1536,1
127,74012,22436,1536,1
128,110674,33565,1536,1
129,74908,22734,1536,1
130,74862,22706,1536,1
131,234738,71571,1536,1
132,102976,31255,1536,1
133,79816,24220,1536,1
134,79546,24135,1536,1
135,80242,24326,1536,1
136,124868,37918,1536,1
137,113982,34586,1536,1
138,80436,24407,1536,1
139,83976,25475,1536,1
140,78948,23931,1536,1
141,117764,35717,1536,1
142,78714,23884,1536,1
143,79690,24169,1536,1
144,81334,24675,1536,1
145,120350,36516,1536,1
146,78418,23799,1536,1
147,77016,23368,1536,1
148,78848,23933,1536,1
149,82056,24921,1536,1
150,101970,30941,1536,1
151,96400,29247,1536,1
152,115884,35164,1536,1
153,75872,23027,1536,1
154,72400,21975,1536,1
155,75982,23059,1536,1
156,88710,26914,1536,1
157,74982,22733,1536,1
158,76916,23338,1536,1
159,75514,22917,1536,1
160,75054,22776,1536,1
161,73882,22400,1536,1
162,74774,22666,1536,1
163,74812,22677,1536,1
164,74866,22697,1536,1
165,73596,22322,1536,1
166,74172,22488,1536,1
167,74202,22507,1536,1
168,74552,22602,1536,1
169,74838,22699,1536,1
170,74340,22535,1536,1
171,75422,22875,1536,1
172,75734,22984,1536,1
173,119636,36299,1536,1
174,79902,24242,1536,1
175,78458,23806,1536,1
176,78040,23684,1536,1
177,79042,23989,1536,1
178,78282,23750,1536,1
179,79274,24057,1536,1
180,81810,24835,1536,1
181,77150,23415,1536,1
182,74880,22697,1536,1
183,112044,33984,1536,1
184,75396,22858,1536,1
185,76558,23210,1536,1
186,76530,23227,1536,1
187,76818,23289,1536,1
188,76426,23197,1536,1
189,74430,22563,1536,1
190,107372,32547,1536,1
191,76388,23170,1536,1
192,75676,22953,1536,1
193,75688,22949,1536,1
194,77862,23626,1536,1
195,77812,23610,1536,1
196,76752,23295,1536,1
197,76510,23219,1536,1
198,77214,23406,1536,1
199,77174,23406,1536,1
200,77836,23623,1536,1
201,84584,25667,1536,1
202,125040,37941,1536,1
203,79206,24037,1536,1
204,77354,23461,1536,1
205,77972,23662,1536,1
206,99952,30322,1536,1
207,79464,24119,1536,1
208,76344,23149,1536,1
209,75994,23041,1536,1
210,120540,36548,1536,1
211,128538,39015,1536,1
212,130652,39636,1536,1
213,178121,54247,1536,1
214,105142,31905,1536,1
215,82022,24896,1536,1
216,79764,24200,1536,1
217,122964,37309,1536,1
218,79584,24148,1536,1
219,93966,28500,1536,1
220,78438,23803,1536,1
221,78882,23939,1536,1
222,78678,23875,1536,1
223,78884,23938,1536,1
224,85232,25871,1536,1
225,88028,26721,1536,1
226,87338,26490,1536,1
227,79198,24021,1536,1
228,73100,22171,1536,1
229,74412,22567,1536,1
230,74290,22525,1536,1
231,73860,22419,1536,1
232,73952,22417,1536,1
233,74308,22549,1536,1
234,73888,22398,1536,1
235,74006,22433,1536,1
236,73770,22362,1536,1
237,78358,23786,1536,1
238,143302,43483,1536,1
239,75858,23007,1536,1
240,90574,27463,1536,1
241,74758,22688,1536,1
242,76540,23225,1536,1
243,75030,22748,1536,1
244,76236,23115,1536,1
245,76236,23136,1536,1
246,74110,22469,1536,1
247,89080,27055,1536,1
248,81850,24811,1536,1
249,80726,24496,1536,1
250,81716,24796,1536,1
251,81136,24617,1536,1
252,81764,24813,1536,1
253,81302,24667,1536,1
254,81826,24829,1536,1
255,80882,24543,1536,1
256,81090,24607,1536,1
257,80522,24410,1536,1
258,80890,24549,1536,1
259,77330,23445,1536,1
260,77432,23473,1536,1
261,76508,23190,1536,1
262,76854,23302,1536,1
263,76976,23348,1536,1
264,120248,36447,1536,1
265,77994,23669,1536,1
266,76496,23200,1536,1
267,76300,23148,1536,1
268,76308,23157,1536,1
269,88716,26912,1536,1
270,110622,33552,1536,1
271,145414,44106,1536,1
272,116396,35292,1536,1
273,81458,24716,1536,1
274,80654,24476,1536,1
275,80420,24400,1536,1
276,81562,24749,1536,1
277,81092,24607,1536,1
278,81370,24693,1536,1
279,80812,24528,1536,1
280,77480,23511,1536,1
281,77778,23588,1536,1
282,113976,34588,1536,1
283,111786,33889,1536,1
284,77116,23389,1536,1
285,76392,23172,1536,1
286,75524,22897,1536,1
287,96004,29099,1536,1
288,76282,23150,1536,1
289,110836,33634,1536,1
290,76278,23149,1536,1
291,121168,36770,1536,1
292,77628,23555,1536,1
293,76746,23264,1536,1
294,76640,23247,1536,1
295,87938,26677,1536,1
296,77056,23360,1536,1
297,74910,22734,1536,1
298,76194,23109,1536,1
299,76342,23142,1536,1
300,77436,23499,1536,1
301,76796,23295,1536,1
302,76360,23147,1536,1
303,111682,33851,1536,1
304,76946,23339,1536,1
305,77338,23471,1536,1
306,96796,29382,1536,1
307,119110,36146,1536,1
308,129818,39374,1536,1
309,78368,23770,1536,1
310,77770,23577,1536,1
311,74186,22501,1536,1
312,78460,23795,1536,1
313,86448,26243,1536,1
314,77314,23464,1536,1
315,77164,23389,1536,1
316,77160,23399,1536,1
317,76572,23213,1536,1
318,76590,23240,1536,1
319,74830,22688,1536,1
320,77004,23346,1536,1
321,126018,38227,1536,1
322,78728,23891,1536,1
323,105332,31950,1536,1
324,83312,25353,1536,1
325,92114,27950,1536,1
326,82574,25054,1536,1
327,108630,32968,1536,1
328,81480,24721,1536,1
329,390814,118826,1536,1
330,83954,25474,1536,1
331,92522,28048,1536,1
332,81358,24687,1536,1
333,81760,24809,1536,1
334,81472,24727,1536,1
335,129416,39275,1536,1
336,114360,34706,1536,1
337,369970,112543,1536,1
338,112280,34089,1536,1
339,126898,38519,1536,1
340,126784,38472,1536,1
341,111398,33808,1536,1
342,244583,74717,1536,1
343,115240,34963,1536,1
344,121472,36852,1536,1
345,116196,35262,1536,1
346,105092,31889,1536,1
347,81060,24600,1536,1
348,82606,25063,1536,1
349,82468,25019,1536,1
350,115088,34919,1536,1
351,81212,24619,1536,1
352,86344,26195,1536,1
353,84846,25743,1536,1
354,104922,31842,1536,1
355,87530,26557,1536,1
356,84924,25852,1536,1
357,94108,28559,1536,1
358,117500,35649,1536,1
359,131666,39928,1536,1
360,97782,29657,1536,1
361,97444,29554,1536,1
362,98198,29793,1536,1
363,130356,39547,1536,1
364,115804,35137,1536,1
365,127870,38786,1536,1
366,122708,37228,1536,1
367,118814,36049,1536,1
368,115174,34952,1536,1
369,125606,38111,1536,1
370,127992,38828,1536,1
371,118814,36059,1536,1
372,119500,36370,1536,1
373,89688,27211,1536,1
374,87972,26677,1536,1
375,82398,25000,1536,1
376,81574,24754,1536,1
377,81692,24787,1536,1
378,176806,53623,1536,1
379,89908,27294,1536,1
380,82432,24990,1536,1
381,82960,25171,1536,1
382,81110,24613,1536,1
383,81204,24643,1536,1
384,78346,23773,1536,1
385,75328,22849,1536,1
386,76680,23259,1536,1
387,77054,23369,1536,1
388,74414,22572,1536,1
389,98084,29776,1536,1
390,120864,36646,1536,1
391,77362,23468,1536,1
392,76668,23266,1536,1
393,75008,22764,1536,1
394,78206,23705,1536,1
395,246124,74605,1536,1
396,97974,29794,1536,1
397,77842,23610,1536,1
398,79918,24252,1536,1
399,76988,23355,1536,1
400,105460,32003,1536,1
401,119688,36310,1536,1
402,130834,39690,1536,1
403,121460,36835,1536,1
404,128968,39133,1536,1
405,79470,24121,1536,1
406,76600,23237,1536,1
407,76276,23132,1536,1
408,76610,23248,1536,1
409,76032,23079,1536,1
410,174158,53018,1536,1
411,81628,24767,1536,1
412,81806,24826,1536,1
413,81502,24716,1536,1
414,81630,24762,1536,1
415,116744,35433,1536,1
416,80946,24564,1536,1
417,82628,25072,1536,1
418,82120,24915,1536,1
419,94928,28821,1536,1
420,99270,30131,1536,1
421,124546,37769,1536,1
422,140412,42702,1536,1
423,114792,34838,1536,1
424,101916,30929,1536,1
425,119574,36286,1536,1
426,120942,36696,1536,1
427,185990,56411,1536,1
428,122966,37290,1536,1
429,121086,36751,1536,1
430,103378,31373,1536,1
431,124970,38000,1536,1
432,124580,37804,1536,1
433,121980,37006,1536,1
434,125106,37967,1536,1
435,126342,38303,1536,1
436,106756,32395,1536,1
437,126892,38474,1536,1
438,205790,62352,1536,1
439,120832,36664,1536,1
440,210616,64329,1536,1
441,118784,36053,1536,1
442,127608,38718,1536,1
443,170458,51702,1536,1
444,124282,37719,1536,1
445,120194,36472,1536,1
446,130938,39694,1536,1
447,135474,41119,1536,1
448,127102,38562,1536,1
449,86616,26262,1536,1
450,115608,35138,1536,1
451,127450,38665,1536,1
452,82974,25183,1536,1
453,119604,36294,1536,1
454,130750,39649,1536,1
455,108580,32961,1536,1
456,113396,34411,1536,1
457,117432,35619,1536,1
458,126520,38361,1536,1
459,83540,25345,1536,1
460,85950,26055,1536,1
461,83430,25292,1536,1
462,82366,24989,1536,1
463,83648,25383,1536,1
464,88586,26861,1536,1
465,140520,42625,1536,1
466,127196,38592,1536,1
467,103716,31776,1536,1
468,113510,34443,1536,1
469,132466,40182,1536,1
470,129272,39190,1536,1
471,133428,40479,1536,1
472,130950,39745,1536,1
473,130836,39698,1536,1
474,122580,37196,1536,1
475,156562,47496,1536,1
476,132100,40085,1536,1
477,126640,38425,1536,1
478,142674,43278,1536,1
479,133778,40560,1536,1
480,134322,40757,1536,1
481,133884,40630,1536,1
482,138546,42042,1536,1
483,138302,41974,1536,1
484,146898,44572,1536,1
485,132500,40187,1536,1
486,152090,46125,1536,1
487,92868,28180,1536,1
488,89964,27274,1536,1
489,149454,45345,1536,1
490,149738,45432,1536,1
491,136864,41527,1536,1
492,141216,42851,1536,1
493,132652,40245,1536,1
494,137964,41821,1536,1
495,145906,44257,1536,1
496,117866,35766,1536,1
497,114100,34624,1536,1
498,113360,34411,1536,1
499,118820,36053,1536,1
500,120100,36430,1536,1
501,119008,36103,1536,1
502,119216,36188,1536,1
503,118906,36083,1536,1
504,121422,36853,1536,1
505,128662,39039,1536,1
506,90136,27351,1536,1
507,111680,33971,1536,1
508,90086,27338,1536,1
509,86588,26277,1536,1
510,87272,26491,1536,1
511,85276,25882,1536,1
512,84194,25548,1536,1
513,84510,25650,1536,1
514,83866,25427,1536,1
515,84742,25714,1536,1
516,83944,25459,1536,1
517,87870,26645,1536,1
518,83714,25389,1536,1
519,85834,26026,1536,1
520,136024,41232,1536,1
521,83926,25455,1536,1
522,114232,34670,1536,1
523,84912,25773,1536,1
524,87786,26641,1536,1
525,81608,24756,1536,1
526,84020,25498,1536,1
527,85174,25830,1536,1
528,84110,25501,1536,1
529,105720,32088,1536,1
530,85076,25788,1536,1
531,87556,26574,1536,1
532,83034,25185,1536,1
533,83834,25431,1536,1
534,83494,25324,1536,1
535,83498,25313,1536,1
536,83732,25384,1536,1
537,177184,53757,1536,1
538,85438,25936,1536,1
539,83184,25221,1536,1
540,127358,38633,1536,1
541,83778,25431,1536,1
542,85392,25918,1536,1
543,82996,25174,1536,1
544,82000,24888,1536,1
545,84634,25667,1536,1
546,83670,25367,1536,1
547,83364,25286,1536,1
548,84210,25540,1536,1
549,85368,25905,1536,1
550,83666,25377,1536,1
551,83964,25481,1536,1
552,91644,27823,1536,1
553,91358,27725,1536,1
554,90070,27326,1536,1
555,88816,26938,1536,1
556,88392,26807,1536,1
557,86264,26174,1536,1
558,121112,36759,1536,1
559,117320,35614,1536,1
560,89600,27186,1536,1
561,89878,27261,1536,1
562,90346,27387,1536,1
563,89486,27151,1536,1
564,122554,37155,1536,1
565,139462,42323,1536,1
566,224474,68062,1536,1
567,142910,43356,1536,1
568,133352,40464,1536,1
569,134922,40943,1536,1
570,130490,39599,1536,1
571,127892,38809,1536,1
572,149214,45267,1536,1
573,91034,27618,1536,1
574,151612,46017,1536,1
575,135492,41095,1536,1
576,150388,46235,1536,1
577,138726,42068,1536,1
578,113466,34437,1536,1
579,94364,28651,1536,1
580,89138,27045,1536,1
581,89280,27092,1536,1
582,90096,27337,1536,1
583,129100,39170,1536,1
584,135198,41025,1536,1
585,114008,34587,1536,1
586,116316,35295,1536,1
587,112630,34185,1536,1
588,136304,41345,1536,1
589,120316,36509,1536,1
590,136598,41442,1536,1
591,145960,44272,1536,1
592,127020,38536,1536,1
593,127728,38717,1536,1
594,93530,28378,1536,1
595,89646,27200,1536,1
596,82698,25101,1536,1
597,79886,24247,1536,1
598,81210,24639,1536,1
599,81810,24825,1536,1
600,104292,31652,1536,1
601,95448,28972,1536,1
602,81318,24678,1536,1
603,80158,24303,1536,1
604,119142,36113,1536,1
605,82226,24954,1536,1
606,81484,24707,1536,1
607,84144,25526,1536,1
608,85340,25892,1536,1
609,115708,35106,1536,1
610,81722,24799,1536,1
611,129716,39353,1536,1
612,118376,35923,1536,1
613,95032,28847,1536,1
614,121644,36900,1536,1
615,160936,48810,1536,1
616,85610,25977,1536,1
617,79988,24247,1536,1
618,83412,25317,1536,1
619,81828,24809,1536,1
620,80962,24547,1536,1
621,81156,24616,1536,1
622,131882,40006,1536,1
623,119234,36145,1536,1
624,121716,36895,1536,1
625,137220,41598,1536,1
626,145420,44114,1536,1
627,147434,44722,1536,1
628,116162,35260,1536,1
629,134142,40695,1536,1
630,135830,41218,1536,1
631,124398,37752,1536,1
632,94960,28810,1536,1
633,140228,42544,1536,1
634,279446,84859,1536,1
635,132742,40282,1536,1
636,85336,25895,1536,1
637,124746,37846,1536,1
638,135530,41135,1536,1
639,128206,38896,1536,1
640,130588,39622,1536,1
641,128384,38961,1536,1
642,133444,40482,1536,1
643,131652,39950,1536,1
644,123722,37533,1536,1
645,85322,25892,1536,1
646,83838,25437,1536,1
647,84362,25603,1536,1
648,99370,30155,1536,1
649,340878,103551,1536,1
650,177580,53910,1536,1
651,131012,39755,1536,1
652,126166,38296,1536,1
653,103864,31518,1536,1
654,123802,37562,1536,1
655,140866,42741,1536,1
656,128494,38984,1536,1
657,133038,40370,1536,1
658,128646,39038,1536,1
659,140268,42584,1536,1
660,123314,37426,1536,1
661,121792,36949,1536,1
662,117366,35579,1536,1
663,108532,32939,1536,1
664,127100,38563,1536,1
665,129900,39407,1536,1
666,136008,41262,1536,1
667,114012,34598,1536,1
668,111284,33779,1536,1
669,115270,34984,1536,1
670,91728,27851,1536,1
671,88474,26843,1536,1
672,117684,35714,1536,1
673,127036,38556,1536,1
674,121514,36891,1536,1
675,128238,38916,1536,1
676,127460,38690,1536,1
677,126232,38269,1536,1
678,122934,37326,1536,1
679,112204,34008,1536,1
680,116150,35207,1536,1
681,151480,45963,1536,1
682,121598,36902,1536,1
683,118960,36112,1536,1
684,126452,38363,1536,1
685,115380,35024,1536,1
686,137328,41645,1536,1
687,88050,26716,1536,1
688,87170,26453,1536,1
689,87530,26550,1536,1
690,87804,26644,1536,1
691,88748,26904,1536,1
692,140224,42662,1536,1
693,87132,26435,1536,1
694,88840,26957,1536,1
695,107736,32695,1536,1
696,208644,63270,1536,1
697,112512,34146,1536,1
698,122942,37294,1536,1
699,105234,31954,1536,1
700,136564,41433,1536,1
701,115554,35049,1536,1
702,92530,28107,1536,1
703,131434,39836,1536,1
704,126270,38311,1536,1
705,130668,39639,1536,1
706,84328,25588,1536,1
707,87434,26551,1536,1
708,142340,43179,1536,1
709,132440,40189,1536,1
710,126926,38513,1536,1
711,134022,40663,1536,1
712,95140,28884,1536,1
713,124040,37603,1536,1
714,82756,25098,1536,1
715,84154,25532,1536,1
716,84384,25607,1536,1
717,83844,25444,1536,1
718,82398,25002,1536,1
719,86976,26408,1536,1
720,86674,26298,1536,1
721,294417,89793,1536,1
722,124380,37759,1536,1
723,132310,40137,1536,1
724,89780,27254,1536,1
725,80266,24361,1536,1
726,79976,24273,1536,1
727,79188,24007,1536,1
728,79238,24046,1536,1
729,81296,24673,1536,1
730,80604,24450,1536,1
731,79862,24208,1536,1
732,79420,24102,1536,1
733,80358,24372,1536,1
734,79956,24238,1536,1
735,80150,24300,1536,1
736,79136,23995,1536,1
737,78568,23816,1536,1
738,80198,24335,1536,1
739,76326,23166,1536,1
740,79494,24115,1536,1
741,96280,29233,1536,1
742,79796,24215,1536,1
743,115360,35012,1536,1
744,78566,23835,1536,1
745,78666,23857,1536,1
746,154128,46789,1536,1
747,103968,31553,1536,1
748,87244,26469,1536,1
749,84480,25621,1536,1
750,83306,25283,1536,1
751,82994,25185,1536,1
752,88276,26779,1536,1
753,127700,38755,1536,1
754,85272,25869,1536,1
755,85530,25952,1536,1
756,119248,36146,1536,1
757,96514,29294,1536,1
758,123668,37510,1536,1
759,84816,25732,1536,1
760,129456,39245,1536,1
761,124578,37888,1536,1
762,127516,38711,1536,1
763,129744,39352,1536,1
764,125450,38063,1536,1
765,130040,39468,1536,1
766,127710,38750,1536,1
767,143274,43461,1536,1
768,131898,40053,1536,1
769,87416,26530,1536,1
770,116628,35383,1536,1
771,133282,40441,1536,1
772,114554,34748,1536,1
773,134176,40683,1536,1
774,137146,41590,1536,1
775,132544,40220,1536,1
776,133834,40611,1536,1
777,140458,42607,1536,1
778,147688,44783,1536,1
779,132386,40175,1536,1
780,677315,205571,1536,1
781,3572900,1082618,1536,1
782,84682,25702,1536,1
783,82132,24910,1536,1
784,123932,37564,1536,1
785,140470,42611,1536,1
786,130112,39484,1536,1
787,112454,34135,1536,1
788,143572,43532,1536,1
789,129106,39194,1536,1
790,87078,26422,1536,1
791,115516,35060,1536,1
792,123962,37617,1536,1
793,86568,26269,1536,1
794,88892,26978,1536,1
795,133156,40404,1536,1
796,133114,40392,1536,1
797,144878,43939,1536,1
798,92048,27929,1536,1
799,89240,27081,1536,1
800,123288,37412,1536,1
801,133770,40593,1536,1
802,135130,40997,1536,1
803,88858,26965,1536,1
804,111562,33856,1536,1
805,118100,35860,1536,1
806,89588,27187,1536,1
807,95620,29018,1536,1
808,136834,41508,1536,1
809,141354,42888,1536,1
810,126364,38356,1536,1
811,143946,43683,1536,1
812,125078,37963,1536,1
813,127106,38567,1536,1
814,182638,55508,1536,1
815,127396,38646,1536,1
816,124408,37743,1536,1
817,126606,38429,1536,1
818,126448,38372,1536,1
819,125162,37964,1536,1
820,130496,39593,1536,1
821,127864,38856,1536,1
822,106434,32309,1536,1
823,142914,43360,1536,1
824,87246,26482,1536,1
825,84864,25741,1536,1
826,83908,25465,1536,1
827,83812,25429,1536,1
828,83014,25177,1536,1
829,186000,56415,1536,1
830,122834,37288,1536,1
831,134816,40911,1536,1
832,162368,49298,1536,1
833,148034,44912,1536,1
834,140112,42480,1536,1
835,91420,27739,1536,1
836,91334,27718,1536,1
837,89214,27068,1536,1
838,198283,60740,1536,1
839,140092,42500,1536,1
840,144884,43960,1536,1
841,142940,43359,1536,1
842,133586,40501,1536,1
843,138850,42112,1536,1
844,145582,44137,1536,1
845,86970,26399,1536,1
846,84836,25731,1536,1
847,108150,32843,1536,1
848,81896,24851,1536,1
849,81778,24789,1536,1
850,84316,25574,1536,1
851,108100,32770,1536,1
852,92316,28031,1536,1
853,83482,25321,1536,1
854,94862,28793,1536,1
855,85216,25846,1536,1
856,90592,27491,1536,1
857,143610,43563,1536,1
858,104698,31785,1536,1
859,88268,26780,1536,1
860,88840,26963,1536,1
861,90898,27580,1536,1
862,91902,27860,1536,1
863,88398,26819,1536,1
864,91672,27815,1536,1
865,86296,26187,1536,1
866,86104,26133,1536,1
867,83374,25299,1536,1
868,83602,25345,1536,1
869,82560,25028,1536,1
870,82998,25177,1536,1
871,81680,24772,1536,1
872,83108,25195,1536,1
873,83720,25383,1536,1
874,84190,25528,1536,1
875,136124,41304,1536,1
876,84064,25513,1536,1
877,130976,39750,1536,1
878,125174,38004,1536,1
879,125548,38091,1536,1
880,131164,39763,1536,1
881,123480,37471,1536,1
882,88708,26920,1536,1
883,90952,27612,1536,1
884,95412,28931,1536,1
885,89292,27102,1536,1
886,89270,27079,1536,1
887,84640,25687,1536,1
888,83492,25308,1536,1
889,83894,25445,1536,1
890,83242,25265,1536,1
891,84214,25554,1536,1
892,84316,25565,1536,1
893,83938,25470,1536,1
894,82874,25138,1536,1
895,83416,25286,1536,1
896,82834,25113,1536,1
897,106032,32204,1536,1
898,89566,27181,1536,1
899,121468,36818,1536,1
900,85898,26070,1536,1
901,82724,25104,1536,1
902,81182,24626,1536,1
903,79666,24168,1536,1
904,81422,24695,1536,1
905,80266,24357,1536,1
906,80682,24471,1536,1
907,80826,24508,1536,1
908,82104,24918,1536,1
909,118590,35991,1536,1
910,79086,23990,1536,1
911,81374,24668,1536,1
912,80918,24558,1536,1
913,81150,24614,1536,1
914,80690,24459,1536,1
915,80766,24499,1536,1
916,81248,24657,1536,1
917,80804,24498,1536,1
918,82136,24901,1536,1
919,78776,23904,1536,1
920,95398,28969,1536,1
921,82374,24970,1536,1
922,81178,24634,1536,1
923,114274,34679,1536,1
924,85184,25852,1536,1
925,86810,26345,1536,1
926,121266,36797,1536,1
927,87150,26448,1536,1
928,84504,25644,1536,1
929,88130,26746,1536,1
930,86898,26365,1536,1
931,85764,25996,1536,1
932,85918,26075,1536,1
933,86164,26122,1536,1
934,86782,26334,1536,1
935,86530,26259,1536,1
936,86104,26130,1536,1
937,85944,26079,1536,1
938,85626,25986,1536,1
939,85640,25984,1536,1
940,84284,25581,1536,1
941,126124,38282,1536,1
942,148684,45133,1536,1
943,133948,40643,1536,1
944,317364,96436,1536,1
945,133124,40405,1536,1
946,138160,41922,1536,1
947,134390,40745,1536,1
948,138068,41882,1536,1
949,134492,40810,1536,1
950,143806,43624,1536,1
951,125084,37962,1536,1
952,136358,41372,1536,1
953,122254,37091,1536,1
954,132476,40197,1536,1
955,130850,39705,1536,1
956,134276,40738,1536,1
957,133012,40361,1536,1
958,139118,42206,1536,1
959,142618,43235,1536,1
960,130468,39574,1536,1
961,148122,44916,1536,1
962,147190,44652,1536,1
963,165902,50352,1536,1
964,133640,40545,1536,1
965,110272,33462,1536,1
966,84974,25788,1536,1
967,81382,24698,1536,1
968,81432,24698,1536,1
969,109500,33231,1536,1
970,127998,38834,1536,1
971,117376,35617,1536,1
972,116392,35327,1536,1
973,130498,39602,1536,1
974,115510,35057,1536,1
975,139178,42222,1536,1
976,133420,40494,1536,1
977,135012,40969,1536,1
978,127738,38762,1536,1
979,137240,41646,1536,1
980,122262,37083,1536,1
981,143230,43463,1536,1
982,144930,43980,1536,1
983,133560,40531,1536,1
984,232208,70451,1536,1
985,125050,37949,1536,1
986,211738,64208,1536,1
987,134322,40755,1536,1
988,155736,47235,1536,1
989,134746,40887,1536,1
990,1534975,465229,1536,1
991,118924,36098,1536,1
992,125504,38095,1536,1
993,131650,39928,1536,1
994,201128,61000,1536,1
995,130370,39575,1536,1
996,130676,39664,1536,1
997,126486,38384,1536,1
998,110180,33442,1536,1
999,91722,27834,1536,1
1000,98434,29859,1536,1
1001,120242,36488,1536,1
1002,92434,28044,1536,1
1003,96890,29406,1536,1
1004,90994,27607,1536,1
1005,111110,33738,1536,1
1006,88946,26992,1536,1
1007,228304,69609,1536,1
1008,123526,37447,1536,1
1009,133924,40645,1536,1
1010,84610,25645,1536,1
1011,97464,29567,1536,1
1012,181642,55084,1536,1
1013,132956,40331,1536,1
1014,128910,39112,1536,1
1015,140160,42522,1536,1
1016,133840,40610,1536,1
1017,130906,39724,1536,1
1018,137734,41782,1536,1
1019,144088,43725,1536,1
1020,130804,39695,1536,1
1021,136772,41463,1536,1
1022,127040,38549,1536,1
1023,130562,39610,1536,1
1024,134494,40813,1536,1
1025,139888,42440,1536,1
1026,117374,35636,1536,1
1027,92352,28018,1536,1
1028,130704,39665,1536,1
1029,94802,28760,1536,1
1030,116614,35400,1536,1
1031,126110,38259,1536,1
1032,127262,38635,1536,1
1033,141032,42784,1536,1
1034,138030,41881,1536,1
1035,133558,40529,1536,1
1036,113322,34396,1536,1
1037,118374,35932,1536,1
1038,133418,40476,1536,1
1039,142442,43218,1536,1
1040,117132,35560,1536,1
1041,120210,36489,1536,1
1042,126528,38374,1536,1
1043,154908,46994,1536,1
1044,146028,44298,1536,1
1045,127620,38726,1536,1
1046,112598,34182,1536,1
1047,87648,26596,1536,1
1048,102544,31121,1536,1
1049,276931,84325,1536,1
1050,93116,28257,1536,1
1051,114310,34690,1536,1
1052,90734,27538,1536,1
1053,338139,102859,1536,1
1054,91536,27777,1536,1
1055,90152,27358,1536,1
1056,91948,27898,1536,1
1057,91414,27744,1536,1
1058,91640,27805,1536,1
1059,89204,27073,1536,1
1060,91802,27852,1536,1
1061,91966,27907,1536,1
1062,91884,27882,1536,1
1063,92446,28055,1536,1
1064,93642,28396,1536,1
1065,92566,28090,1536,1
1066,106400,32248,1536,1
1067,103344,31359,1536,1
1068,86902,26375,1536,1
1069,86388,26216,1536,1
1070,89678,27217,1536,1
1071,92148,27961,1536,1
1072,90920,27593,1536,1
1073,136856,41526,1536,1
1074,110440,33490,1536,1
1075,144546,43828,1536,1
1076,99782,30279,1536,1
1077,94268,28598,1536,1
1078,126582,38410,1536,1
1079,138178,41929,1536,1
1080,132358,40162,1536,1
1081,123808,37567,1536,1
1082,130954,39742,1536,1
1083,96386,29525,1536,1
1084,135474,41089,1536,1
1085,137348,41670,1536,1
1086,140562,42641,1536,1
1087,146814,44501,1536,1
1088,175066,53115,1536,1
1089,130910,39726,1536,1
1090,88874,26972,1536,1
1091,198054,60043,1536,1
1092,136154,41314,1536,1
1093,128134,38870,1536,1
1094,87012,26401,1536,1
1095,107104,32474,1536,1
1096,98626,29925,1536,1
1097,234200,71007,1536,1
1098,128512,39002,1536,1
1099,124000,37630,1536,1
1100,125798,38169,1536,1
1101,143236,43458,1536,1
1102,141266,42857,1536,1
1103,127542,38666,1536,1
1104,133746,40562,1536,1
1105,88752,26905,1536,1
1106,87348,26488,1536,1
1107,88800,26920,1536,1
1108,156694,47521,1536,1
1109,118994,36102,1536,1
1110,123892,37592,1536,1
1111,88352,26792,1536,1
1112,86962,26388,1536,1
1113,160544,48702,1536,1
1114,117130,35546,1536,1
1115,134716,40846,1536,1
1116,134406,40782,1536,1
1117,137810,41814,1536,1
1118,127654,38728,1536,1
1119,128950,39210,1536,1
1120,135924,41247,1536,1
1121,125138,37975,1536,1
1122,134736,40884,1536,1
1123,119294,36200,1536,1
1124,139516,42311,1536,1
1125,131086,39737,1536,1
1126,127136,38606,1536,1
1127,130842,39677,1536,1
1128,125874,38205,1536,1
1129,165990,50387,1536,1
1130,132270,40138,1536,1
1131,126646,38431,1536,1
1132,123914,37613,1536,1
1133,89952,27294,1536,1
1134,84584,25669,1536,1
1135,129848,39403,1536,1
1136,131014,39755,1536,1
1137,130126,39488,1536,1
1138,104960,31857,1536,1
1139,89846,27263,1536,1
1140,146150,44929,1536,1
1141,134506,40781,1536,1
1142,90674,27500,1536,1
1143,89340,27110,1536,1
1144,88776,26937,1536,1
1145,85542,25941,1536,1
1146,121552,36869,1536,1
1147,173872,53241,1536,1
1148,84820,25742,1536,1
1149,86756,26329,1536,1
1150,92970,28212,1536,1
1151,87244,26473,1536,1
1152,112338,34091,1536,1
1153,86142,26145,1536,1
1154,82048,24897,1536,1
1155,79756,24195,1536,1
1156,81158,24619,1536,1
1157,80426,24380,1536,1
1158,80560,24450,1536,1
1159,80778,24501,1536,1
1160,80704,24469,1536,1
1161,80916,24552,1536,1
1162,81402,24681,1536,1
1163,80024,24287,1536,1
1164,100584,30532,1536,1
1165,83980,25467,1536,1
1166,88446,26838,1536,1
1167,84908,25751,1536,1
1168,84460,25715,1536,1
1169,87484,26552,1536,1
1170,82038,24895,1536,1
1171,102848,31203,1536,1
1172,115116,34950,1536,1
1173,103812,31503,1536,1
1174,89316,27096,1536,1
1175,79912,24259,1536,1
1176,78744,23900,1536,1
1177,80770,24512,1536,1
1178,79618,24140,1536,1
1179,78954,23962,1536,1
1180,78746,23870,1536,1
1181,78240,23727,1536,1
1182,80496,24405,1536,1
1183,77808,23587,1536,1
1184,80670,24482,1536,1
1185,79552,24139,1536,1
1186,79528,24112,1536,1
1187,115788,35135,1536,1
1188,132030,40056,1536,1
1189,125544,38074,1536,1
1190,117754,35741,1536,1
1191,134864,40921,1536,1
1192,88898,27014,1536,1
1193,79400,24094,1536,1
1194,140260,42547,1536,1
1195,124204,37697,1536,1
1196,86708,26314,1536,1
1197,100430,30463,1536,1
1198,125550,38065,1536,1
1199,132724,40269,1536,1
1200,83010,25193,1536,1
1201,81488,24731,1536,1
1202,81712,24796,1536,1
1203,79470,24114,1536,1
1204,81300,24673,1536,1
1205,81340,24679,1536,1
1206,119156,36160,1536,1
1207,116476,35351,1536,1
1208,131672,39950,1536,1
1209,119192,36144,1536,1
1210,128592,39101,1536,1
1211,126038,38244,1536,1
1212,134088,40680,1536,1
1213,104144,31622,1536,1
1214,86210,26179,1536,1
1215,83838,25437,1536,1
1216,83692,25397,1536,1
1217,85456,25928,1536,1
1218,103476,31416,1536,1
1219,84260,25552,1536,1
1220,83714,25398,1536,1
1221,83994,25488,1536,1
1222,84232,25556,1536,1
1223,84894,25761,1536,1
1224,82502,25032,1536,1
1225,83678,25393,1536,1
1226,85620,25968,1536,1
1227,83884,25453,1536,1
1228,83598,25340,1536,1
1229,83136,25229,1536,1
1230,84954,25777,1536,1
1231,83286,25258,1536,1
1232,83764,25418,1536,1
1233,83462,25323,1536,1
1234,93248,28290,1536,1
1235,83824,25433,1536,1
1236,82916,25163,1536,1
1237,81756,24810,1536,1
1238,106292,32265,1536,1
1239,80840,24505,1536,1
1240,110708,33610,1536,1
1241,79262,24041,1536,1
1242,79122,23988,1536,1
1243,121464,36831,1536,1
1244,99860,30299,1536,1
1245,96276,29207,1536,1
1246,131890,39993,1536,1
1247,124728,37806,1536,1
1248,179250,54368,1536,1
1249,103308,31361,1536,1
1250,78976,23968,1536,1
1251,79376,24067,1536,1
1252,120310,36467,1536,1
1253,122160,37049,1536,1
1254,107758,32697,1536,1
1255,118906,36085,1536,1
1256,133018,40357,1536,1
1257,132706,40269,1536,1
1258,129660,39340,1536,1
1259,123316,37423,1536,1
1260,1022516,310048,1536,1
1261,87336,26501,1536,1
1262,84342,25599,1536,1
1263,83682,25390,1536,1
1264,84432,25623,1536,1
1265,84066,25506,1536,1
1266,83520,25344,1536,1
1267,84296,25577,1536,1
1268,83384,25299,1536,1
1269,84140,25531,1536,1
1270,83638,25377,1536,1
1271,83492,25322,1536,1
1272,84554,25632,1536,1
1273,83762,25418,1536,1
1274,85046,25805,1536,1
1275,84486,25646,1536,1
1276,77606,23556,1536,1
1277,77898,23627,1536,1
1278,79244,24035,1536,1
1279,79034,23972,1536,1
1280,79820,24225,1536,1
1281,95640,29035,1536,1
1282,78806,23918,1536,1
1283,77884,23640,1536,1
1284,231716,70632,1536,1
1285,98876,30011,1536,1
1286,84024,25500,1536,1
1287,81700,24794,1536,1
1288,83620,25378,1536,1
1289,192480,58358,1536,1
1290,84040,25502,1536,1
1291,82628,25076,1536,1
1292,83112,25218,1536,1
1293,83006,25187,1536,1
1294,83610,25370,1536,1
1295,81106,24613,1536,1
1296,78892,23942,1536,1
1297,90818,27567,1536,1
1298,78946,23956,1536,1
1299,78768,23889,1536,1
1300,78592,23828,1536,1
1301,80042,24287,1536,1
1302,78466,23789,1536,1
1303,116928,35482,1536,1
1304,79166,24033,1536,1
1305,107478,32583,1536,1
1306,79514,24106,1536,1
1307,80790,24493,1536,1
1308,122280,37070,1536,1
1309,79290,24037,1536,1
1310,118776,36032,1536,1
1311,78316,23755,1536,1
1312,79002,23972,1536,1
1313,78668,23859,1536,1
1314,78950,23936,1536,1
1315,83324,25289,1536,1
1316,80120,24318,1536,1
1317,78894,23939,1536,1
1318,88226,26794,1536,1
1319,79264,24043,1536,1
1320,78980,23969,1536,1
1321,78524,23822,1536,1
1322,79310,24058,1536,1
1323,79868,24238,1536,1
1324,79066,23993,1536,1
1325,78872,23940,1536,1
1326,77870,23611,1536,1
1327,78540,23834,1536,1
1328,78028,23681,1536,1
1329,78996,23961,1536,1
1330,78622,23832,1536,1
1331,101108,30668,1536,1
1332,89672,27196,1536,1
1333,79154,24006,1536,1
1334,125690,38120,1536,1
1335,78814,23905,1536,1
1336,82722,25108,1536,1
1337,79240,24051,1536,1
1338,78784,23898,1536,1
1339,106522,32342,1536,1
1340,78928,23950,1536,1
1341,78814,23920,1536,1
1342,74736,22656,1536,1
1343,78004,23652,1536,1
1344,81940,24866,1536,1
1345,80542,24442,1536,1
1346,79056,23977,1536,1
1347,78700,23872,1536,1
1348,121124,36754,1536,1
1349,80452,24391,1536,1
1350,78640,23852,1536,1
1351,78190,23701,1536,1
1352,124000,37691,1536,1
1353,107936,32756,1536,1
1354,79158,24012,1536,1
1355,161244,48909,1536,1
1356,80538,24448,1536,1
1357,78072,23682,1536,1
1358,79036,23986,1536,1
1359,78372,23757,1536,1
1360,139052,42249,1536,1
1361,121520,36852,1536,1
1362,84650,25688,1536,1
1363,84284,25573,1536,1
1364,109986,33396,1536,1
1365,80632,24466,1536,1
1366,156718,47492,1536,1
1367,79376,24075,1536,1
1368,78900,23934,1536,1
1369,79120,23996,1536,1
1370,78782,23898,1536,1
1371,77176,23406,1536,1
1372,96666,29328,1536,1
1373,99100,30045,1536,1
1374,79362,24081,1536,1
1375,79116,24000,1536,1
1376,85056,25811,1536,1
1377,113728,34556,1536,1
1378,83126,25225,1536,1
1379,83550,25350,1536,1
1380,81190,24640,1536,1
1381,93978,28522,1536,1
1382,76578,23225,1536,1
1383,76932,23324,1536,1
1384,76732,23275,1536,1
1385,76898,23337,1536,1
1386,75028,22774,1536,1
1387,76586,23242,1536,1
1388,75686,22956,1536,1
1389,76054,23083,1536,1
1390,76072,23074,1536,1
1391,79458,24119,1536,1
1392,75966,23035,1536,1
1393,103782,31503,1536,1
1394,89416,27141,1536,1
1395,77070,23387,1536,1
1396,80970,24569,1536,1
1397,90244,27360,1536,1
1398,114840,34812,1536,1
1399,78238,23740,1536,1
1400,77754,23595,1536,1
1401,76884,23334,1536,1
1402,91742,27841,1536,1
1403,76798,23280,1536,1
1404,76398,23163,1536,1
1405,76440,23175,1536,1
1406,76748,23294,1536,1
1407,79174,24026,1536,1
1408,77420,23494,1536,1
1409,76754,23284,1536,1
1410,75800,23007,1536,1
1411,77050,23375,1536,1
1412,76530,23227,1536,1
1413,76306,23154,1536,1
1414,76796,23297,1536,1
1415,76036,23073,1536,1
1416,80786,24535,1536,1
1417,115092,34924,1536,1
1418,116044,35212,1536,1
1419,132740,40287,1536,1
1420,217881,66458,1536,1
1421,119072,36113,1536,1
1422,79526,24130,1536,1
1423,92844,28201,1536,1
1424,81650,24782,1536,1
1425,81782,24814,1536,1
1426,82616,25060,1536,1
1427,84888,25760,1536,1
1428,125882,38248,1536,1
1429,137986,41870,1536,1
1430,136382,41369,1536,1
1431,121486,36866,1536,1
1432,132940,40326,1536,1
1433,124366,37740,1536,1
1434,118226,35879,1536,1
1435,83922,25463,1536,1
1436,136856,41517,1536,1
1437,111452,33818,1536,1
1438,134054,40644,1536,1
1439,125334,38033,1536,1
1440,119776,36332,1536,1
1441,121218,36784,1536,1
1442,126984,38502,1536,1
1443,107456,32577,1536,1
1444,112170,34045,1536,1
1445,84370,25602,1536,1
1446,83764,25422,1536,1
1447,83428,25323,1536,1
1448,100912,30631,1536,1
1449,82362,25000,1536,1
1450,79586,24137,1536,1
1451,76880,23320,1536,1
1452,78306,23755,1536,1
1453,78910,23934,1536,1
1454,78984,23956,1536,1
1455,78488,23795,1536,1
1456,79618,24159,1536,1
1457,81826,24836,1536,1
1458,117856,35760,1536,1
1459,122770,37227,1536,1
1460,114676,34785,1536,1
1461,118000,35903,1536,1
1462,127408,38644,1536,1
1463,125534,38076,1536,1
1464,138816,42143,1536,1
1465,160428,48674,1536,1
1466,123278,37410,1536,1
1467,122978,37321,1536,1
1468,132916,40324,1536,1
1469,135846,41213,1536,1
1470,90252,27381,1536,1
1471,83942,25465,1536,1
1472,84438,25626,1536,1
1473,83488,25341,1536,1
1474,82250,24956,1536,1
1475,86722,26313,1536,1
1476,83820,25438,1536,1
1477,79570,24152,1536,1
1478,78872,23908,1536,1
1479,99472,30211,1536,1
1480,83790,25429,1536,1
1481,105458,31971,1536,1
1482,304637,92711,1536,1
1483,86414,26221,1536,1
1484,84182,25540,1536,1
1485,83562,25356,1536,1
1486,136184,41337,1536,1
1487,124552,37794,1536,1
1488,116682,35404,1536,1
1489,119988,36404,1536,1
1490,83634,25383,1536,1
1491,135810,41210,1536,1
1492,124284,37716,1536,1
1493,121756,36940,1536,1
1494,132020,40056,1536,1
1495,124112,37664,1536,1
1496,117564,35668,1536,1
1497,85346,25901,1536,1
1498,83924,25461,1536,1
1499,83338,25285,1536,1
1500,83836,25438,1536,1
1501,83086,25209,1536,1
1502,96710,29339,1536,1
1503,162876,49542,1536,1
1504,132994,40342,1536,1
1505,132642,40233,1536,1
1506,85264,25869,1536,1
1507,89044,27010,1536,1
1508,74496,22602,1536,1
1509,126006,38211,1536,1
1510,123566,37499,1536,1
1511,126904,38486,1536,1
1512,231516,70189,1536,1
1513,95042,28851,1536,1
1514,101102,30676,1536,1
1515,77182,23412,1536,1
1516,76510,23217,1536,1
1517,80042,24294,1536,1
1518,77158,23389,1536,1
1519,102400,31079,1536,1
1520,113508,34447,1536,1
1521,110660,33550,1536,1
1522,93874,28472,1536,1
1523,105020,31848,1536,1
1524,125838,38176,1536,1
1525,109450,33173,1536,1
1526,117062,35510,1536,1
1527,166882,50645,1536,1
1528,125726,38143,1536,1
1529,111382,33794,1536,1
1530,122306,37103,1536,1
1531,118190,35864,1536,1
1532,103256,31337,1536,1
1533,114724,34816,1536,1
1534,113664,34496,1536,1
1535,182752,55399,1536,1
1536,95686,29027,1536,1
1537,82050,24904,1536,1
1538,124506,37775,1536,1
1539,81236,24652,1536,1
1540,81646,24774,1536,1
1541,80848,24531,1536,1
1542,119862,36374,1536,1
1543,83574,25348,1536,1
1544,82122,24908,1536,1
1545,83022,25164,1536,1
1546,83370,25298,1536,1
1547,84898,25761,1536,1
1548,137128,41614,1536,1
1549,118956,36082,1536,1
1550,128036,38853,1536,1
1551,117876,35778,1536,1
1552,114426,34717,1536,1
1553,119090,36141,1536,1
1554,115914,35184,1536,1
1555,122764,37255,1536,1
1556,118638,35998,1536,1
1557,124592,37841,1536,1
1558,130664,39644,1536,1
1559,140218,42550,1536,1
1560,138258,41953,1536,1
1561,131818,40002,1536,1
1562,137280,41649,1536,1
1563,124138,37675,1536,1
1564,130238,39492,1536,1
1565,114646,34786,1536,1
1566,133752,40547,1536,1
1567,137606,41712,1536,1
1568,127326,38632,1536,1
1569,188598,57232,1536,1
1570,132312,40149,1536,1
1571,133320,40452,1536,1
1572,129136,39190,1536,1
1573,128164,38899,1536,1
1574,142394,43199,1536,1
1575,124702,38209,1536,1
1576,118060,35821,1536,1
1577,127984,38817,1536,1
1578,108064,32799,1536,1
1579,87394,26522,1536,1
1580,87026,26404,1536,1
1581,86006,26100,1536,1
1582,85810,26039,1536,1
1583,85864,26026,1536,1
1584,115730,35110,1536,1
1585,126542,38359,1536,1
1586,114782,34836,1536,1
1587,132778,40280,1536,1
1588,135306,41043,1536,1
1589,144290,43805,1536,1
1590,121380,36822,1536,1
1591,119200,36177,1536,1
1592,138598,42052,1536,1
1593,130462,39595,1536,1
1594,130688,39654,1536,1
1595,135350,41066,1536,1
1596,89896,27284,1536,1
1597,134556,40833,1536,1
1598,85912,26079,1536,1
1599,130328,39553,1536,1
1600,84906,25750,1536,1
1601,85036,25789,1536,1
1602,87008,26377,1536,1
1603,81984,24869,1536,1
1604,85184,25839,1536,1
1605,81702,24781,1536,1
1606,122692,37219,1536,1
1607,125784,38162,1536,1
1608,122292,37119,1536,1
1609,87368,26491,1536,1
1610,104304,31684,1536,1
1611,102240,31011,1536,1
1612,141884,43043,1536,1
1613,85048,25796,1536,1
1614,85060,25789,1536,1
1615,83516,25316,1536,1
1616,124678,37838,1536,1
1617,85326,25892,1536,1
1618,83100,25220,1536,1
1619,83960,25481,1536,1
1620,83896,25458,1536,1
1621,83722,25408,1536,1
1622,83460,25326,1536,1
1623,83202,25251,1536,1
1624,83058,25210,1536,1
1625,83178,25244,1536,1
1626,83378,25299,1536,1
1627,83974,25455,1536,1
1628,136698,41653,1536,1
1629,248464,75835,1536,1
1630,84984,25781,1536,1
1631,91802,27860,1536,1
1632,153820,46636,1536,1
1633,83478,25322,1536,1
1634,83244,25270,1536,1
1635,83136,25227,1536,1
1636,81092,24601,1536,1
1637,84960,25782,1536,1
1638,82702,25100,1536,1
1639,84228,25562,1536,1
1640,85550,25938,1536,1
1641,84006,25496,1536,1
1642,84390,25585,1536,1
1643,83496,25327,1536,1
1644,84060,25482,1536,1
1645,83870,25454,1536,1
1646,84394,25596,1536,1
1647,82936,25143,1536,1
1648,84180,25517,1536,1
1649,90096,27356,1536,1
1650,85238,25866,1536,1
1651,84804,25719,1536,1
1652,91840,27864,1536,1
1653,151600,46010,1536,1
1654,90284,27396,1536,1
1655,89626,27203,1536,1
1656,89158,27054,1536,1
1657,88632,26899,1536,1
1658,88156,26757,1536,1
1659,86006,26100,1536,1
1660,84120,25514,1536,1
1661,83608,25343,1536,1
1662,82440,25003,1536,1
1663,83904,25461,1536,1
1664,83918,25441,1536,1
1665,83564,25344,1536,1
1666,82908,25149,1536,1
1667,83548,25329,1536,1
1668,84062,25497,1536,1
1669,293463,89541,1536,1
1670,105034,31868,1536,1
1671,142380,43197,1536,1
1672,123828,37578,1536,1
1673,126094,38237,1536,1
1674,144836,43942,1536,1
1675,135138,41015,1536,1
1676,89542,27169,1536,1
1677,88430,26831,1536,1
1678,88880,26979,1536,1
1679,139246,42248,1536,1
1680,120726,36637,1536,1
1681,89904,27282,1536,1
1682,89696,27207,1536,1
1683,107484,32606,1536,1
1684,130984,39723,1536,1
1685,101316,30719,1536,1
1686,99228,30077,1536,1
1687,103074,31261,1536,1
1688,94076,28560,1536,1
1689,229976,69689,1536,1
1690,89498,27155,1536,1
1691,91320,27711,1536,1
1692,86920,26376,1536,1
1693,88808,26948,1536,1
1694,95134,28862,1536,1
1695,81016,24587,1536,1
1696,94518,28678,1536,1
1697,117932,35777,1536,1
1698,107752,32690,1536,1
1699,122500,37177,1536,1
1700,88276,26791,1536,1
1701,86820,26346,1536,1
1702,127324,38635,1536,1
1703,118020,35795,1536,1
1704,146568,44460,1536,1
1705,129480,39288,1536,1
1706,87132,26439,1536,1
1707,86748,26325,1536,1
1708,86694,26302,1536,1
1709,87248,26475,1536,1
1710,104776,31764,1536,1
1711,140694,42667,1536,1
1712,112518,34125,1536,1
1713,124378,37744,1536,1
1714,130980,39732,1536,1
1715,114240,34662,1536,1
1716,86672,26305,1536,1
1717,85588,25971,1536,1
1718,109084,33110,1536,1
1719,97022,29458,1536,1
1720,209702,64284,1536,1
1721,86794,26340,1536,1
1722,86702,26310,1536,1
1723,87738,26623,1536,1
1724,185206,56144,1536,1
1725,124558,37771,1536,1
1726,107120,32625,1536,1
1727,85712,25987,1536,1
1728,86408,26227,1536,1
1729,86394,26217,1536,1
1730,85102,25828,1536,1
1731,88592,26883,1536,1
1732,89638,27183,1536,1
1733,85202,25851,1536,1
1734,147728,44811,1536,1
1735,87700,26587,1536,1
1736,100344,30452,1536,1
1737,136856,41520,1536,1
1738,131208,39804,1536,1
1739,134020,40631,1536,1
1740,92140,27961,1536,1
1741,136356,41376,1536,1
1742,121938,37004,1536,1
1743,138064,41898,1536,1
1744,87588,26578,1536,1
1745,86696,26309,1536,1
1746,98194,29787,1536,1
1747,86564,26267,1536,1
1748,86106,26126,1536,1
1749,85718,26013,1536,1
1750,87886,26664,1536,1
1751,130396,39562,1536,1
1752,89554,27154,1536,1
1753,119180,36161,1536,1
1754,127934,38820,1536,1
1755,135420,41089,1536,1
1756,129352,39245,1536,1
1757,153662,46651,1536,1
1758,136940,41535,1536,1
1759,110024,33388,1536,1
1760,125026,37946,1536,1
1761,129220,39210,1536,1
1762,119322,36195,1536,1
1763,122610,37206,1536,1
1764,84290,25580,1536,1
1765,131118,39785,1536,1
1766,121834,36949,1536,1
1767,121656,36876,1536,1
1768,120604,36583,1536,1
1769,126966,38505,1536,1
1770,117368,35583,1536,1
1771,100788,30561,1536,1
1772,109646,33239,1536,1
1773,123104,37321,1536,1
1774,101480,30809,1536,1
1775,135116,40968,1536,1
1776,131408,39862,1536,1
1777,128078,38859,1536,1
1778,102586,31140,1536,1
1779,81740,24783,1536,1
1780,136182,41317,1536,1
1781,126408,38358,1536,1
1782,108010,32762,1536,1
1783,114840,34857,1536,1
1784,128458,38987,1536,1
1785,108932,33069,1536,1
1786,129212,39209,1536,1
1787,129180,39202,1536,1
1788,124558,37803,1536,1
1789,137222,41640,1536,1
1790,131946,40019,1536,1
1791,133464,40500,1536,1
1792,128346,38947,1536,1
1793,127312,38609,1536,1
1794,128108,38871,1536,1
1795,197466,59874,1536,1
1796,122898,37289,1536,1
1797,129406,39262,1536,1
1798,107428,32625,1536,1
1799,87432,26526,1536,1
1800,118682,36000,1536,1
1801,113434,34427,1536,1
1802,104588,31720,1536,1
1803,130446,39574,1536,1
1804,89020,27012,1536,1
1805,86550,26265,1536,1
1806,117922,35786,1536,1
1807,86154,26144,1536,1
1808,86846,26324,1536,1
1809,86264,26176,1536,1
1810,86562,26262,1536,1
1811,86456,26236,1536,1
1812,88032,26695,1536,1
1813,89790,27241,1536,1
1814,90706,27493,1536,1
1815,90308,27374,1536,1
1816,90916,27588,1536,1
1817,460170,142058,1536,1
1818,114266,34655,1536,1
1819,120392,36511,1536,1
1820,136358,41370,1536,1
1821,135568,41125,1536,1
1822,133602,40540,1536,1
1823,86644,26290,1536,1
1824,89692,27216,1536,1
1825,88184,26765,1536,1
1826,86810,26312,1536,1
1827,86606,26276,1536,1
1828,86244,26170,1536,1
1829,134832,40865,1536,1
1830,85996,26097,1536,1
1831,86816,26345,1536,1
1832,85646,25986,1536,1
1833,85484,25941,1536,1
1834,86052,26117,1536,1
1835,86050,26112,1536,1
1836,85940,26065,1536,1
1837,86226,26163,1536,1
1838,155894,47282,1536,1
1839,87952,26674,1536,1
1840,93364,28323,1536,1
1841,81868,24850,1536,1
1842,111968,33961,1536,1
1843,129748,39365,1536,1
1844,131386,39849,1536,1
1845,127844,38792,1536,1
1846,106468,32315,1536,1
1847,108398,32907,1536,1
1848,86332,26195,1536,1
1849,86980,26368,1536,1
1850,86068,26093,1536,1
1851,86706,26311,1536,1
1852,86560,26267,1536,1
1853,86382,26201,1536,1
1854,113426,34388,1536,1
1855,85698,26008,1536,1
1856,85330,25877,1536,1
1857,87886,26666,1536,1
1858,87640,26591,1536,1
1859,85414,25922,1536,1
1860,85686,26002,1536,1
1861,93662,28448,1536,1
1862,82740,25106,1536,1
1863,81264,24648,1536,1
1864,81274,24665,1536,1
1865,81372,24679,1536,1
1866,102810,31170,1536,1
1867,89188,27060,1536,1
1868,83192,25244,1536,1
1869,82974,25182,1536,1
1870,131700,39954,1536,1
1871,83216,25256,1536,1
1872,109076,33108,1536,1
1873,124608,37801,1536,1
1874,122696,37219,1536,1
1875,111650,33873,1536,1
1876,147646,44773,1536,1
1877,155858,47264,1536,1
1878,138130,41903,1536,1
1879,195452,59278,1536,1
1880,114744,34828,1536,1
1881,125670,38167,1536,1
1882,181632,55163,1536,1
1883,115304,34988,1536,1
1884,120486,36563,1536,1
1885,915860,277722,1536,1
1886,126478,38383,1536,1
1887,129470,39277,1536,1
1888,120818,36664,1536,1
1889,83734,25410,1536,1
1890,83028,25196,1536,1
1891,82854,25145,1536,1
1892,120752,36638,1536,1
1893,83182,25242,1536,1
1894,83574,25436,1536,1
1895,84378,25605,1536,1
1896,187459,57376,1536,1
1897,102412,31092,1536,1
1898,133336,40451,1536,1
1899,253105,77313,1536,1
1900,117880,35772,1536,1
1901,83922,25465,1536,1
1902,95390,28973,1536,1
1903,81654,24778,1536,1
1904,103694,31464,1536,1
1905,135484,41118,1536,1
1906,130756,39678,1536,1
1907,130684,39652,1536,1
1908,127210,38599,1536,1
1909,121096,36749,1536,1
1910,118416,35935,1536,1
1911,116970,35471,1536,1
1912,126256,38309,1536,1
1913,125782,38181,1536,1
1914,118666,36006,1536,1
1915,119956,36395,1536,1
1916,181678,55100,1536,1
1917,133648,40579,1536,1
1918,135198,41009,1536,1
1919,137354,41797,1536,1
1920,134608,40825,1536,1
1921,128580,39018,1536,1
1922,143462,43526,1536,1
1923,118598,36007,1536,1
1924,109844,33333,1536,1
1925,79742,24204,1536,1
1926,79204,24023,1536,1
1927,84938,25770,1536,1
1928,84272,25560,1536,1
1929,158612,48108,1536,1
1930,92522,28048,1536,1
1931,78762,23890,1536,1
1932,79106,23991,1536,1
1933,78242,23747,1536,1
1934,78646,23845,1536,1
1935,77990,23647,1536,1
1936,77184,23412,1536,1
1937,78674,23861,1536,1
1938,79180,24016,1536,1
1939,80236,24348,1536,1
1940,80992,24557,1536,1
1941,81088,24583,1536,1
1942,83054,25210,1536,1
1943,81268,24654,1536,1
1944,149974,45519,1536,1
1945,133720,40570,1536,1
1946,136522,41423,1536,1
1947,133274,40421,1536,1
1948,135718,41164,1536,1
1949,134624,40855,1536,1
1950,81988,24885,1536,1
1951,78718,23877,1536,1
1952,80938,24565,1536,1
1953,88214,26765,1536,1
1954,81468,24725,1536,1
1955,81148,24598,1536,1
1956,81014,24576,1536,1
1957,81244,24639,1536,1
1958,90860,27587,1536,1
1959,80520,24422,1536,1
1960,80536,24417,1536,1
1961,81316,24663,1536,1
1962,83866,25456,1536,1
1963,82674,25091,1536,1
1964,82138,24915,1536,1
1965,91170,27662,1536,1
1966,103764,31538,1536,1
1967,81088,24612,1536,1
1968,112146,34035,1536,1
1969,80330,24382,1536,1
1970,111146,33753,1536,1
1971,88572,26872,1536,1
1972,86178,26149,1536,1
1973,86116,26128,1536,1
1974,86248,26170,1536,1
1975,85968,26084,1536,1
1976,85738,26018,1536,1
1977,86436,26225,1536,1
1978,85424,25920,1536,1
1979,85860,26053,1536,1
1980,85554,25963,1536,1
1981,86322,26195,1536,1
1982,83726,25407,1536,1
1983,82264,24970,1536,1
1984,81524,24712,1536,1
1985,78730,23894,1536,1
1986,86114,26128,1536,1
1987,80504,24416,1536,1
1988,81158,24601,1536,1
1989,81764,24791,1536,1
1990,80438,24415,1536,1
1991,137370,41691,1536,1
1992,93436,28353,1536,1
1993,88984,27001,1536,1
1994,86942,26379,1536,1
1995,86804,26345,1536,1
1996,85910,26065,1536,1
1997,85364,25901,1536,1
1998,85714,26006,1536,1
1999,85704,26008,1536,1
2000,88308,26795,1536,1
2001,104820,31814,1536,1
2002,154276,46890,1536,1
2003,179022,54299,1536,1
2004,128218,38892,1536,1
2005,128652,39040,1536,1
2006,129234,39186,1536,1
2007,149140,45249,1536,1
2008,136498,41395,1536,1
2009,136404,41385,1536,1
2010,129382,39226,1536,1
2011,86406,26220,1536,1
2012,87676,26603,1536,1
2013,82670,25088,1536,1
2014,83000,25164,1536,1
2015,81266,24638,1536,1
2016,83290,25276,1536,1
2017,82036,24882,1536,1
2018,89588,27169,1536,1
2019,82328,24968,1536,1
2020,130052,39562,1536,1
2021,128034,38836,1536,1
2022,115860,35127,1536,1
2023,125742,38147,1536,1
2024,123702,37531,1536,1
2025,100072,30386,1536,1
2026,145248,44031,1536,1
2027,125804,38163,1536,1
2028,188386,57135,1536,1
2029,140674,42677,1536,1
2030,87344,26500,1536,1
2031,116250,35286,1536,1
2032,114798,34839,1536,1
2033,91074,27630,1536,1
2034,137108,41595,1536,1
2035,134656,40843,1536,1
2036,87484,26546,1536,1
2037,86632,26289,1536,1
2038,86472,26242,1536,1
2039,94628,28697,1536,1
2040,89306,27103,1536,1
2041,88194,26763,1536,1
2042,90260,27388,1536,1
2043,85858,26060,1536,1
2044,81994,24859,1536,1
2045,81006,24568,1536,1
2046,81524,24719,1536,1
2047,80728,24485,1536,1
2048,82122,24896,1536,1
2049,89628,27256,1536,1
2050,82102,24912,1536,1
2051,81982,24863,1536,1
2052,81220,24638,1536,1
2053,106638,32340,1536,1
2054,105420,31973,1536,1
2055,120364,36539,1536,1
2056,109682,33289,1536,1
2057,138252,41955,1536,1
2058,137694,41741,1536,1
2059,194768,59071,1536,1
2060,138758,42099,1536,1
2061,139602,42363,1536,1
2062,137266,41643,1536,1
2063,139580,42354,1536,1
2064,124794,37856,1536,1
2065,113484,34400,1536,1
2066,129538,39299,1536,1
2067,137206,41628,1536,1
2068,136914,41545,1536,1
2069,102744,31181,1536,1
2070,82562,25046,1536,1
2071,81386,24687,1536,1
2072,81722,24801,1536,1
2073,81016,24575,1536,1
2074,81608,24768,1536,1
2075,81580,24741,1536,1
2076,99446,30194,1536,1
2077,123936,37593,1536,1
2078,83168,25235,1536,1
2079,82528,25032,1536,1
2080,81756,24783,1536,1
2081,84174,25535,1536,1
2082,80872,24532,1536,1
2083,80930,24549,1536,1
2084,84036,25505,1536,1
2085,81674,24774,1536,1
2086,81474,24701,1536,1
2087,81726,24778,1536,1
2088,81122,24618,1536,1
2089,81146,24599,1536,1
2090,81220,24625,1536,1
2091,87890,26672,1536,1
2092,81502,24719,1536,1
2093,80032,24278,1536,1
2094,82220,24949,1536,1
2095,82034,24884,1536,1
2096,81196,24625,1536,1
2097,82252,24959,1536,1
2098,80590,24452,1536,1
2099,126426,38320,1536,1
2100,83432,25307,1536,1
2101,84038,25491,1536,1
2102,83814,25426,1536,1
2103,85116,25813,1536,1
2104,84882,25759,1536,1
2105,84252,25567,1536,1
2106,102816,31192,1536,1
2107,84348,25599,1536,1
2108,113042,34264,1536,1
2109,133136,40363,1536,1
2110,121822,36925,1536,1
2111,89018,26998,1536,1
2112,98898,30002,1536,1
2113,83442,25325,1536,1
2114,83556,25345,1536,1
2115,118558,35944,1536,1
2116,114328,34698,1536,1
2117,115458,35036,1536,1
2118,147376,44720,1536,1
2119,137536,41736,1536,1
2120,134576,40796,1536,1
2121,150096,45550,1536,1
2122,138806,42115,1536,1
2123,138240,41953,1536,1
2124,120656,36600,1536,1
2125,120278,36492,1536,1
2126,123628,37515,1536,1
2127,125492,38093,1536,1
2128,126344,38344,1536,1
2129,135424,41096,1536,1
2130,9988967,3026323,1536,1
2131,141264,42866,1536,1
2132,254768,77288,1536,1
2133,132490,40207,1536,1
2134,139998,42495,1536,1
2135,180670,54876,1536,1
2136,128106,38870,1536,1
2137,140072,42507,1536,1
2138,139038,42194,1536,1
2139,143188,43457,1536,1
2140,136366,41387,1536,1
2141,140368,42550,1536,1
2142,138394,41959,1536,1
2143,144954,43982,1536,1
2144,115218,34967,1536,1
2145,159852,48605,1536,1
2146,113768,34538,1536,1
2147,124140,37635,1536,1
2148,114712,34818,1536,1
2149,119346,36214,1536,1
2150,119068,36117,1536,1
2151,122892,37373,1536,1
2152,118700,35989,1536,1
2153,155744,47271,1536,1
2154,140288,42563,1536,1
2155,126576,38414,1536,1
2156,116888,35475,1536,1
2157,139286,42255,1536,1
2158,178918,54275,1536,1
2159,131704,39964,1536,1
2160,191666,58126,1536,1
2161,92906,28193,1536,1
2162,92052,27923,1536,1
2163,108554,32948,1536,1
2164,89672,27223,1536,1
2165,86632,26261,1536,1
2166,84312,25575,1536,1
2167,144338,43793,1536,1
2168,122674,37188,1536,1
2169,135086,40954,1536,1
2170,139814,42429,1536,1
2171,146374,44415,1536,1
2172,135428,41093,1536,1
2173,164038,49796,1536,1
2174,140600,42664,1536,1
2175,178042,53999,1536,1
2176,164250,49825,1536,1
2177,155482,47172,1536,1
2178,146742,44524,1536,1
2179,147712,44825,1536,1
2180,90912,27586,1536,1
2181,86756,26311,1536,1
2182,86818,26333,1536,1
2183,85990,26097,1536,1
2184,99832,30295,1536,1
2185,93404,28393,1536,1
2186,102382,31056,1536,1
2187,89722,27223,1536,1
2188,88930,26963,1536,1
2189,85592,25972,1536,1
2190,85314,25955,1536,1
2191,92670,28122,1536,1
2192,107350,32569,1536,1
2193,85248,25857,1536,1
2194,103486,31397,1536,1
2195,84060,25483,1536,1
2196,105048,31856,1536,1
2197,85990,26093,1536,1
2198,97554,29595,1536,1
2199,83300,25269,1536,1
2200,85856,26054,1536,1
2201,85236,25865,1536,1
2202,86134,26137,1536,1
2203,126774,38448,1536,1
2204,116444,35316,1536,1
2205,87086,26433,1536,1
2206,84746,25715,1536,1
2207,83790,25400,1536,1
2208,98476,29872,1536,1
2209,83580,25361,1536,1
2210,83480,25321,1536,1
2211,84210,25541,1536,1
2212,84236,25540,1536,1
2213,85514,25925,1536,1
2214,84668,25696,1536,1
2215,101444,30804,1536,1
2216,84890,25732,1536,1
2217,83952,25448,1536,1
2218,83512,25347,1536,1
2219,83714,25390,1536,1
2220,82908,25154,1536,1
2221,81910,24856,1536,1
2222,84058,25518,1536,1
2223,83936,25457,1536,1
2224,84470,25616,1536,1
2225,84228,25562,1536,1
2226,84144,25535,1536,1
2227,83912,25453,1536,1
2228,85258,25872,1536,1
2229,111130,33739,1536,1
2230,120328,36513,1536,1
2231,81966,24871,1536,1
2232,326832,99120,1536,1
2233,122638,37224,1536,1
2234,130266,39519,1536,1
2235,107568,32611,1536,1
2236,122986,37332,1536,1
2237,84770,25699,1536,1
2238,81400,24689,1536,1
2239,81974,24874,1536,1
2240,99794,30291,1536,1
2241,81956,24855,1536,1
2242,81238,24628,1536,1
2243,88554,26871,1536,1
2244,85662,25995,1536,1
2245,83938,25478,1536,1
2246,81920,24845,1536,1
2247,81428,24713,1536,1
2248,81474,24697,1536,1
2249,81142,24625,1536,1
2250,81610,24766,1536,1
2251,80138,24326,1536,1
2252,79504,24100,1536,1
2253,78628,23862,1536,1
2254,78936,23929,1536,1
2255,78750,23877,1536,1
2256,79438,24092,1536,1
2257,79308,24056,1536,1
2258,150094,45517,1536,1
2259,78756,23887,1536,1
2260,78892,23918,1536,1
2261,79026,23983,1536,1
2262,79492,24112,1536,1
2263,78928,23949,1536,1
2264,78676,23864,1536,1
2265,80044,24294,1536,1
2266,84088,25520,1536,1
2267,102312,31047,1536,1
2268,112738,34206,1536,1
2269,138514,41990,1536,1
2270,136474,41411,1536,1
2271,134638,40834,1536,1
2272,134764,40876,1536,1
2273,145126,43990,1536,1
2274,138362,41948,1536,1
2275,131518,39874,1536,1
2276,137574,41737,1536,1
2277,138442,41989,1536,1
2278,136626,41432,1536,1
2279,100470,30523,1536,1
2280,80396,24396,1536,1
2281,79686,24160,1536,1
2282,78982,23940,1536,1
2283,79198,24027,1536,1
2284,78434,23792,1536,1
2285,145024,44003,1536,1
2286,116024,35203,1536,1
2287,116200,35228,1536,1
2288,84116,25526,1536,1
2289,82738,25109,1536,1
2290,100962,30633,1536,1
2291,83556,25359,1536,1
2292,81444,24722,1536,1
2293,82716,25096,1536,1
2294,82464,25026,1536,1
2295,83326,25281,1536,1
2296,91472,27766,1536,1
2297,127362,38644,1536,1
2298,133104,40389,1536,1
2299,129212,39208,1536,1
2300,115488,35070,1536,1
2301,122980,37282,1536,1
2302,79622,24150,1536,1
2303,103384,31346,1536,1
2304,125096,37948,1536,1
2305,79492,24111,1536,1
2306,80368,24393,1536,1
2307,77120,23382,1536,1
2308,79166,24013,1536,1
2309,78344,23753,1536,1
2310,78608,23861,1536,1
2311,78492,23805,1536,1
2312,80316,24351,1536,1
2313,79574,24126,1536,1
2314,90700,27512,1536,1
2315,79496,24112,1536,1
2316,79252,24053,1536,1
2317,79030,23956,1536,1
2318,81218,24624,1536,1
2319,87442,26535,1536,1
2320,79916,24253,1536,1
2321,102686,31175,1536,1
2322,84114,25521,1536,1
2323,83990,25483,1536,1
2324,83818,25435,1536,1
2325,83972,25483,1536,1
2326,83306,25287,1536,1
2327,80066,24269,1536,1
2328,80860,24540,1536,1
2329,79294,24050,1536,1
2330,79332,24059,1536,1
2331,79390,24092,1536,1
2332,79248,24039,1536,1
2333,78638,23866,1536,1
2334,78308,23738,1536,1
2335,78606,23844,1536,1
2336,78644,23854,1536,1
2337,78478,23790,1536,1
2338,78952,23964,1536,1
2339,78692,23871,1536,1
2340,79048,23990,1536,1
2341,78130,23700,1536,1
2342,80752,24506,1536,1
2343,76530,23216,1536,1
2344,78100,23678,1536,1
2345,78372,23786,1536,1
2346,79164,24010,1536,1
2347,78882,23940,1536,1
2348,78784,23907,1536,1
2349,78640,23870,1536,1
2350,78238,23734,1536,1
2351,78404,23784,1536,1
2352,78156,23720,1536,1
2353,82604,25050,1536,1
2354,76326,23149,1536,1
2355,76212,23116,1536,1
2356,76328,23144,1536,1
2357,75790,22980,1536,1
2358,76210,23116,1536,1
2359,76748,23278,1536,1
2360,77210,23408,1536,1
2361,76042,23067,1536,1
2362,78482,23789,1536,1
2363,80694,24485,1536,1
2364,97516,29601,1536,1
2365,89718,27214,1536,1
2366,107548,32630,1536,1
2367,136828,41535,1536,1
2368,78690,23878,1536,1
2369,78508,23825,1536,1
2370,79692,24183,1536,1
2371,79148,24017,1536,1
2372,79014,23965,1536,1
2373,78454,23783,1536,1
2374,76312,23160,1536,1
2375,74118,22481,1536,1
2376,76392,23172,1536,1
2377,76838,23305,1536,1
2378,76092,23094,1536,1
2379,76320,23149,1536,1
2380,73934,22419,1536,1
2381,76308,23130,1536,1
2382,76442,23173,1536,1
2383,76532,23204,1536,1
2384,85186,25842,1536,1
2385,76914,23332,1536,1
2386,76590,23240,1536,1
2387,76302,23134,1536,1
2388,82372,25003,1536,1
2389,81130,24619,1536,1
2390,80364,24382,1536,1
2391,80722,24491,1536,1
2392,77826,23620,1536,1
2393,76652,23248,1536,1
2394,73990,22444,1536,1
2395,75740,22975,1536,1
2396,77742,23579,1536,1
2397,76574,23234,1536,1
2398,76702,23278,1536,1
2399,76800,23308,1536,1
2400,75810,22995,1536,1
2401,76440,23174,1536,1
2402,76496,23201,1536,1
2403,76416,23165,1536,1
2404,83584,25363,1536,1
2405,77030,23367,1536,1
2406,95716,29036,1536,1
2407,81584,24752,1536,1
2408,98460,29884,1536,1
2409,77736,23578,1536,1
2410,143430,43469,1536,1
2411,76964,23345,1536,1
2412,74972,22753,1536,1
2413,78912,23945,1536,1
2414,77128,23410,1536,1
2415,76868,23312,1536,1
2416,76630,23245,1536,1
2417,76720,23268,1536,1
2418,77234,23428,1536,1
2419,76440,23186,1536,1
2420,76010,23052,1536,1
2421,101214,30701,1536,1
2422,76834,23307,1536,1
2423,76452,23186,1536,1
2424,76714,23270,1536,1
2425,77022,23360,1536,1
2426,76360,23160,1536,1
2427,89112,27052,1536,1
2428,276529,84178,1536,1
2429,110722,33614,1536,1
2430,122184,37082,1536,1
2431,111940,33964,1536,1
2432,109458,33220,1536,1
2433,116518,35367,1536,1
2434,75324,22860,1536,1
2435,84182,25519,1536,1
2436,75156,22807,1536,1
2437,73772,22375,1536,1
2438,73284,22228,1536,1
2439,74380,22570,1536,1
2440,74126,22488,1536,1
2441,75556,22904,1536,1
2442,76066,23085,1536,1
2443,72266,21912,1536,1
2444,73990,22452,1536,1
2445,74450,22595,1536,1
2446,75206,22821,1536,1
2447,76506,23215,1536,1
2448,97346,29556,1536,1
2449,75602,22944,1536,1
2450,74576,22621,1536,1
2451,70306,21326,1536,1
2452,106446,32286,1536,1
2453,124088,37644,1536,1
2454,78012,23673,1536,1
2455,119566,36286,1536,1
2456,102538,31112,1536,1
2457,102932,31235,1536,1
2458,127294,38628,1536,1
2459,128818,39083,1536,1
2460,127084,38557,1536,1
2461,126078,38256,1536,1
2462,133804,40598,1536,1
2463,139528,42332,1536,1
2464,203662,61755,1536,1
2465,127464,38673,1536,1
2466,131884,40011,1536,1
2467,102972,31301,1536,1
2468,113706,35040,1536,1
2469,137808,41817,1536,1
2470,87514,26563,1536,1
2471,78674,23879,1536,1
2472,78486,23815,1536,1
2473,78692,23875,1536,1
2474,78600,23851,1536,1
2475,78926,23951,1536,1
2476,81688,24789,1536,1
2477,79392,24092,1536,1
2478,79130,24008,1536,1
2479,78806,23920,1536,1
2480,78808,23911,1536,1
2481,103862,31517,1536,1
2482,79008,23948,1536,1
2483,78468,23808,1536,1
2484,78924,23924,1536,1
2485,78906,23948,1536,1
2486,79154,24018,1536,1
2487,80902,24532,1536,1
2488,81160,24625,1536,1
2489,76354,23177,1536,1
2490,78444,23804,1536,1
2491,73990,22441,1536,1
2492,74434,22586,1536,1
2493,74348,22542,1536,1
2494,74414,22560,1536,1
2495,74318,22533,1536,1
2496,74184,22492,1536,1
2497,77354,23480,1536,1
2498,95022,28838,1536,1
2499,74676,22666,1536,1
2500,73878,22408,1536,1
2501,73608,22331,1536,1
2502,73488,22282,1536,1
2503,74212,22499,1536,1
2504,73808,22374,1536,1
2505,109262,33154,1536,1
2506,72116,21890,1536,1
2507,74280,22544,1536,1
2508,74512,22600,1536,1
2509,74160,22494,1536,1
2510,77874,23638,1536,1
2511,77206,23425,1536,1
2512,74728,22665,1536,1
2513,74554,22602,1536,1
2514,74844,22715,1536,1
2515,72274,21908,1536,1
2516,74228,22531,1536,1
2517,74558,22605,1536,1
2518,74810,22702,1536,1
2519,74416,22580,1536,1
2520,75326,22856,1536,1
2521,74328,22555,1536,1
2522,74044,22471,1536,1
2523,74068,22475,1536,1
2524,72240,21915,1536,1
2525,75002,22751,1536,1
2526,72746,22074,1536,1
2527,74040,22473,1536,1
2528,76682,23267,1536,1
2529,82182,24939,1536,1
2530,131404,39887,1536,1
2531,75502,22910,1536,1
2532,82596,25071,1536,1
2533,74538,22595,1536,1
2534,76854,23295,1536,1
2535,75914,23014,1536,1
2536,74198,22506,1536,1
2537,74240,22521,1536,1
2538,83598,25353,1536,1
2539,74036,22444,1536,1
2540,77566,23537,1536,1
2541,96470,29279,1536,1
2542,72886,22113,1536,1
2543,74570,22616,1536,1
2544,74812,22693,1536,1
2545,73426,22287,1536,1
2546,74420,22574,1536,1
2547,74078,22483,1536,1
2548,73884,22409,1536,1
2549,74400,22567,1536,1
2550,73178,22209,1536,1
2551,74884,22712,1536,1
2552,73560,22313,1536,1
2553,74478,22590,1536,1
2554,78722,23889,1536,1
2555,93350,28340,1536,1
2556,74582,22612,1536,1
2557,77918,23633,1536,1
2558,97100,29472,1536,1
2559,74726,22665,1536,1
2560,77370,23478,1536,1
2561,120488,36557,1536,1
2562,105788,32113,1536,1
2563,107958,32825,1536,1
2564,82346,24990,1536,1
2565,82044,24872,1536,1
2566,81272,24665,1536,1
2567,81628,24768,1536,1
2568,79118,24009,1536,1
2569,79582,24145,1536,1
2570,78590,23845,1536,1
2571,76072,23091,1536,1
2572,77068,23365,1536,1
2573,76206,23125,1536,1
2574,76746,23268,1536,1
2575,80590,24551,1536,1
2576,94008,28515,1536,1
2577,92578,28344,1536,1
2578,80068,24270,1536,1
2579,252174,76401,1536,1
2580,79380,24072,1536,1
2581,77888,23623,1536,1
2582,109014,33060,1536,1
2583,77072,23377,1536,1
2584,78724,23881,1536,1
2585,76518,23210,1536,1
2586,76074,23084,1536,1
2587,76446,23200,1536,1
2588,76520,23222,1536,1
2589,76536,23202,1536,1
2590,76570,23214,1536,1
2591,82066,24907,1536,1
2592,80582,24449,1536,1
2593,80692,24490,1536,1
2594,93764,28456,1536,1
2595,81176,24631,1536,1
2596,83862,25451,1536,1
2597,75946,23027,1536,1
2598,195628,59929,1536,1
2599,107834,32732,1536,1
2600,82064,24900,1536,1
2601,81670,24787,1536,1
2602,79474,24117,1536,1
2603,110480,33533,1536,1
2604,109262,33172,1536,1
2605,227720,69116,1536,1
2606,130748,39664,1536,1
2607,125610,38113,1536,1
2608,81922,24860,1536,1
2609,82062,24898,1536,1
2610,79484,24118,1536,1
2611,82248,24965,1536,1
2612,82056,24895,1536,1
2613,81442,24715,1536,1
2614,80822,24503,1536,1
2615,115438,35027,1536,1
2616,113554,34453,1536,1
2617,84534,25663,1536,1
2618,78198,23704,1536,1
2619,78312,23741,1536,1
2620,77202,23401,1536,1
2621,76322,23164,1536,1
2622,73964,22436,1536,1
2623,77186,23400,1536,1
2624,77556,23539,1536,1
2625,74598,22641,1536,1
2626,75958,23053,1536,1
2627,80328,24349,1536,1
2628,76914,23339,1536,1
2629,76324,23153,1536,1
2630,190934,57888,1536,1
2631,85630,25987,1536,1
2632,78318,23752,1536,1
2633,76778,23290,1536,1
2634,76700,23264,1536,1
2635,75982,23047,1536,1
2636,74534,22620,1536,1
2637,76352,23150,1536,1
2638,82904,25170,1536,1
2639,78252,23720,1536,1
2640,77198,23401,1536,1
2641,76486,23185,1536,1
2642,74892,22706,1536,1
2643,77210,23436,1536,1
2644,106758,32404,1536,1
2645,75030,22760,1536,1
2646,77218,23432,1536,1
2647,75160,22795,1536,1
2648,75834,22991,1536,1
2649,74306,22530,1536,1
2650,74592,22617,1536,1
2651,73584,22333,1536,1
2652,74476,22576,1536,1
2653,75256,22842,1536,1
2654,73784,22373,1536,1
2655,73646,22330,1536,1
2656,73850,22392,1536,1
2657,73476,22286,1536,1
2658,74318,22532,1536,1
2659,76232,23133,1536,1
2660,74088,22485,1536,1
2661,74100,22479,1536,1
2662,74084,22475,1536,1
2663,74734,22658,1536,1
2664,74420,22559,1536,1
2665,74492,22586,1536,1
2666,74312,22537,1536,1
2667,74942,22747,1536,1
2668,73436,22288,1536,1
2669,73956,22430,1536,1
2670,73948,22433,1536,1
2671,73812,22391,1536,1
2672,75394,22878,1536,1
2673,75098,22789,1536,1
2674,75104,22790,1536,1
2675,78798,23901,1536,1
2676,77170,23404,1536,1
2677,76464,23180,1536,1
2678,76056,23084,1536,1
2679,75928,23041,1536,1
2680,75638,22932,1536,1
2681,78254,23748,1536,1
2682,75688,22971,1536,1
2683,76134,23108,1536,1
2684,75992,23038,1536,1
2685,75422,22874,1536,1
2686,75802,22992,1536,1
2687,75626,22925,1536,1
2688,79508,24129,1536,1
2689,77132,23392,1536,1
2690,75562,22916,1536,1
2691,74670,22640,1536,1
2692,76658,23267,1536,1
2693,76174,23115,1536,1
2694,76178,23093,1536,1
2695,74340,22536,1536,1
2696,76268,23138,1536,1
2697,75950,23022,1536,1
2698,77452,23502,1536,1
2699,75878,23028,1536,1
2700,76396,23183,1536,1
2701,76956,23354,1536,1
2702,78912,23949,1536,1
2703,76284,23128,1536,1
2704,76132,23105,1536,1
2705,74228,22524,1536,1
2706,75766,22979,1536,1
2707,75758,22979,1536,1
2708,76218,23104,1536,1
2709,74824,22687,1536,1
2710,77862,23626,1536,1
2711,76874,23331,1536,1
2712,121816,36974,1536,1
2713,116856,35445,1536,1
2714,116990,35463,1536,1
2715,116486,35330,1536,1
2716,75408,22889,1536,1
2717,76442,23185,1536,1
2718,76608,23249,1536,1
2719,76480,23187,1536,1
2720,76124,23076,1536,1
2721,76448,23179,1536,1
2722,75734,22984,1536,1
2723,84776,25732,1536,1
2724,75860,23013,1536,1
2725,75642,22942,1536,1
2726,75912,23024,1536,1
2727,75990,23051,1536,1
2728,74240,22519,1536,1
2729,75860,23009,1536,1
2730,74132,22488,1536,1
2731,138244,41947,1536,1
2732,135106,40954,1536,1
2733,125690,38135,1536,1
2734,130384,39561,1536,1
2735,128176,38890,1536,1
2736,123250,37414,1536,1
2737,120620,36605,1536,1
2738,76324,23165,1536,1
2739,122916,37296,1536,1
2740,77316,23450,1536,1
2741,95400,28961,1536,1
2742,74680,22649,1536,1
2743,76458,23207,1536,1
2744,80832,24527,1536,1
2745,77270,23449,1536,1
2746,74536,22619,1536,1
2747,77290,23453,1536,1
2748,76866,23301,1536,1
2749,122294,37111,1536,1
2750,122208,37082,1536,1
2751,112254,34067,1536,1
2752,80628,24470,1536,1
2753,78604,23855,1536,1
2754,77066,23377,1536,1
2755,74308,22526,1536,1
2756,76304,23158,1536,1
2757,76732,23283,1536,1
2758,76592,23233,1536,1
2759,76134,23082,1536,1
2760,76482,23216,1536,1
2761,75210,22827,1536,1
2762,121368,36815,1536,1
2763,116678,35391,1536,1
2764,77180,23402,1536,1
2765,88246,26786,1536,1
2766,128228,38871,1536,1
2767,108602,32943,1536,1
2768,122638,37204,1536,1
2769,121950,37005,1536,1
2770,118938,36059,1536,1
2771,124046,37625,1536,1
2772,124352,37708,1536,1
2773,133680,40578,1536,1
2774,126158,38275,1536,1
2775,130794,39650,1536,1
2776,125358,38042,1536,1
2777,122868,37250,1536,1
2778,128210,38867,1536,1
2779,124276,37708,1536,1
2780,133600,40499,1536,1
2781,124954,37903,1536,1
2782,112706,34189,1536,1
2783,118244,35875,1536,1
2784,118882,36059,1536,1
2785,124786,37869,1536,1
2786,153366,46540,1536,1
2787,149108,45231,1536,1
2788,139808,42417,1536,1
2789,169302,51356,1536,1
2790,121236,36788,1536,1
2791,128370,38953,1536,1
2792,129358,39252,1536,1
2793,121950,36990,1536,1
2794,125742,38191,1536,1
2795,106958,32461,1536,1
2796,115168,34917,1536,1
2797,120786,36644,1536,1
2798,129852,39475,1536,1
2799,86328,26191,1536,1
2800,85448,25925,1536,1
2801,84006,25496,1536,1
2802,84250,25541,1536,1
2803,85890,26063,1536,1
2804,136798,41510,1536,1
2805,132214,40108,1536,1
2806,157712,47869,1536,1
2807,124480,37780,1536,1
2808,127816,38787,1536,1
2809,99616,30233,1536,1
2810,121596,36899,1536,1
2811,129020,39133,1536,1
2812,204798,62458,1536,1
2813,148288,45013,1536,1
2814,143370,43496,1536,1
2815,220292,66828,1536,1
2816,104586,31751,1536,1
2817,184047,56150,1536,1
2818,108696,32984,1536,1
2819,102704,31154,1536,1
2820,1653369,501161,1536,1
2821,144294,43784,1536,1
2822,135270,41033,1536,1
2823,135098,40996,1536,1
2824,262358,79699,1536,1
2825,97790,29679,1536,1
2826,113728,34498,1536,1
2827,136630,41444,1536,1
2828,89472,27154,1536,1
2829,118458,35947,1536,1
2830,88572,26878,1536,1
2831,86366,26207,1536,1
2832,88378,26823,1536,1
2833,119842,36360,1536,1
2834,119226,36179,1536,1
2835,89816,27263,1536,1
2836,89236,27076,1536,1
2837,88896,26977,1536,1
2838,88990,27003,1536,1
2839,88716,26925,1536,1
2840,87998,26700,1536,1
2841,88520,26863,1536,1
2842,88464,26842,1536,1
2843,88166,26755,1536,1
2844,88694,26913,1536,1
2845,88520,26861,1536,1
2846,116010,35169,1536,1
2847,89824,27255,1536,1
2848,124972,37934,1536,1
2849,90312,27406,1536,1
2850,89184,27066,1536,1
2851,89296,27098,1536,1
2852,88418,26827,1536,1
2853,91362,27723,1536,1
2854,90464,27455,1536,1
2855,89354,27116,1536,1
2856,86804,26347,1536,1
2857,82612,25059,1536,1
2858,84412,25591,1536,1
2859,83920,25443,1536,1
2860,84618,25663,1536,1
2861,81590,24753,1536,1
2862,83198,25235,1536,1
2863,131376,39860,1536,1
2864,84374,25608,1536,1
2865,169274,51301,1536,1
2866,81240,24642,1536,1
2867,84214,25544,1536,1
2868,83044,25200,1536,1
2869,96310,29235,1536,1
2870,103870,31494,1536,1
2871,106930,32431,1536,1
2872,84438,25627,1536,1
2873,84238,25552,1536,1
2874,109482,33244,1536,1
2875,109420,33208,1536,1
2876,89440,27141,1536,1
2877,83036,25198,1536,1
2878,84006,25463,1536,1
2879,81738,24780,1536,1
2880,81080,24581,1536,1
2881,103580,31422,1536,1
2882,82802,25111,1536,1
2883,81398,24677,1536,1
2884,82404,25011,1536,1
2885,81536,24728,1536,1
2886,80144,24324,1536,1
2887,81180,24611,1536,1
2888,81162,24616,1536,1
2889,81988,24878,1536,1
2890,91576,27781,1536,1
2891,81588,24747,1536,1
2892,81470,24708,1536,1
2893,80870,24546,1536,1
2894,81214,24648,1536,1
2895,82060,24901,1536,1
2896,82558,25044,1536,1
2897,81826,24829,1536,1
2898,129186,39214,1536,1
2899,126630,38425,1536,1
2900,134642,40853,1536,1
2901,124760,37864,1536,1
2902,127276,38620,1536,1
2903,222690,67510,1536,1
2904,193672,58751,1536,1
2905,133244,40433,1536,1
2906,88872,26963,1536,1
2907,127520,38689,1536,1
2908,137512,41720,1536,1
2909,132860,40312,1536,1
2910,160946,48829,1536,1
2911,137020,41585,1536,1
2912,125298,38022,1536,1
2913,122216,37085,1536,1
2914,134824,40913,1536,1
2915,129364,39232,1536,1
2916,167048,50639,1536,1
2917,174074,52747,1536,1
2918,130884,39710,1536,1
2919,84440,25630,1536,1
2920,86330,26182,1536,1
2921,80266,24347,1536,1
2922,122670,37223,1536,1
2923,126586,38411,1536,1
2924,84876,25754,1536,1
2925,123944,37602,1536,1
2926,135574,41136,1536,1
2927,84428,25615,1536,1
2928,82862,25146,1536,1
2929,83804,25429,1536,1
2930,83578,25337,1536,1
2931,85646,25987,1536,1
2932,98390,29865,1536,1
2933,79198,24032,1536,1
2934,80172,24337,1536,1
2935,78730,23889,1536,1
2936,100552,30480,1536,1
2937,78804,23893,1536,1
2938,78580,23824,1536,1
2939,76824,23287,1536,1
2940,79748,24201,1536,1
2941,77868,23632,1536,1
2942,90358,27425,1536,1
2943,80312,24360,1536,1
2944,79816,24210,1536,1
2945,78692,23884,1536,1
2946,78396,23770,1536,1
2947,108978,33029,1536,1
2948,119510,36224,1536,1
2949,111418,33779,1536,1
2950,82740,25098,1536,1
2951,140772,42701,1536,1
2952,77054,23391,1536,1
2953,93236,28300,1536,1
2954,77962,23655,1536,1
2955,76442,23199,1536,1
2956,76720,23258,1536,1
2957,76592,23234,1536,1
2958,76018,23056,1536,1
2959,74140,22488,1536,1
2960,76798,23295,1536,1
2961,85976,26086,1536,1
2962,83006,25185,1536,1
2963,81542,24744,1536,1
2964,80772,24514,1536,1
2965,80610,24462,1536,1
2966,187416,56822,1536,1
2967,81686,24787,1536,1
2968,80546,24439,1536,1
2969,138308,41958,1536,1
2970,81584,24755,1536,1
2971,80646,24475,1536,1
2972,79336,24072,1536,1
2973,81036,24587,1536,1
2974,88092,26741,1536,1
2975,82572,25063,1536,1
2976,81102,24614,1536,1
2977,80626,24467,1536,1
2978,80212,24345,1536,1
2979,115172,34947,1536,1
2980,81270,24661,1536,1
2981,78702,23880,1536,1
2982,77192,23429,1536,1
2983,76278,23150,1536,1
2984,76480,23199,1536,1
2985,75918,23024,1536,1
2986,75894,23006,1536,1
2987,76108,23086,1536,1
2988,75554,22905,1536,1
2989,76180,23097,1536,1
2990,75868,23003,1536,1
2991,74708,22652,1536,1
2992,76110,23076,1536,1
2993,76192,23095,1536,1
2994,115066,34913,1536,1
2995,86186,26147,1536,1
2996,81178,24631,1536,1
2997,79318,24071,1536,1
2998,81102,24608,1536,1
2999,78934,23956,1536,1
3000,82656,25078,1536,1
3001,81064,24598,1536,1
3002,80882,24543,1536,1
3003,76212,23128,1536,1
3004,74924,22735,1536,1
3005,76474,23196,1536,1
3006,75384,22863,1536,1
3007,75266,22844,1536,1
3008,75076,22769,1536,1
3009,76858,23313,1536,1
3010,74998,22747,1536,1
3011,74980,22747,1536,1
3012,110318,33487,1536,1
3013,78750,23901,1536,1
3014,75616,22932,1536,1
3015,74628,22652,1536,1
3016,86134,26131,1536,1
3017,78814,23916,1536,1
3018,78534,23830,1536,1
3019,78248,23740,1536,1
3020,79918,24235,1536,1
3021,77680,23582,1536,1
3022,78616,23853,1536,1
3023,77978,23662,1536,1
3024,78678,23877,1536,1
3025,79582,24149,1536,1
3026,79332,24073,1536,1
3027,79084,23999,1536,1
3028,78998,23971,1536,1
3029,80822,24521,1536,1
3030,78202,23725,1536,1
3031,102844,31213,1536,1
3032,78780,23906,1536,1
3033,78534,23835,1536,1
3034,77222,23434,1536,1
3035,78268,23751,1536,1
3036,121250,36783,1536,1
3037,131842,39991,1536,1
3038,88332,26805,1536,1
3039,81272,24658,1536,1
3040,80882,24544,1536,1
3041,80516,24430,1536,1
3042,80862,24536,1536,1
3043,80822,24521,1536,1
3044,80618,24463,1536,1
3045,80686,24483,1536,1
3046,83948,25478,1536,1
3047,92452,28047,1536,1
3048,107516,32631,1536,1
3049,112250,34059,1536,1
3050,81358,24690,1536,1
3051,78660,23873,1536,1
3052,81830,24827,1536,1
3053,81086,24607,1536,1
3054,81708,24796,1536,1
3055,85808,26018,1536,1
3056,80646,24478,1536,1
3057,77634,23537,1536,1
3058,77262,23423,1536,1
3059,138472,42046,1536,1
3060,122552,37184,1536,1
3061,228270,69391,1536,1
3062,126606,38411,1536,1
3063,81666,24777,1536,1
3064,82116,24921,1536,1
3065,82616,25069,1536,1
3066,83380,25292,1536,1
3067,81626,24768,1536,1
3068,77436,23501,1536,1
3069,77006,23365,1536,1
3070,76646,23262,1536,1
3071,75936,23047,1536,1
3072,77828,23620,1536,1
3073,77102,23396,1536,1
3074,76542,23232,1536,1
3075,77282,23453,1536,1
3076,123682,37530,1536,1
3077,311482,94540,1536,1
3078,128648,39033,1536,1
3079,121600,36906,1536,1
3080,132586,40238,1536,1
3081,124774,37862,1536,1
3082,146834,44545,1536,1
3083,128204,38898,1536,1
3084,123284,37394,1536,1
3085,124822,37880,1536,1
3086,82294,25059,1536,1
3087,86788,26304,1536,1
3088,85252,25870,1536,1
3089,82376,24993,1536,1
3090,205664,62376,1536,1
3091,84400,25616,1536,1
3092,81924,24857,1536,1
3093,81540,24744,1536,1
3094,81558,24732,1536,1
3095,80598,24446,1536,1
3096,82166,24936,1536,1
3097,80826,24530,1536,1
3098,81414,24708,1536,1
3099,81484,24726,1536,1
3100,110552,33548,1536,1
3101,152072,46110,1536,1
3102,125536,38076,1536,1
3103,122382,37132,1536,1
3104,119176,36162,1536,1
3105,115862,35159,1536,1
3106,121516,36866,1536,1
3107,121574,36887,1536,1
3108,133224,40415,1536,1
3109,82306,24978,1536,1
3110,79418,24079,1536,1
3111,79184,24002,1536,1
3112,120872,36641,1536,1
3113,78652,23868,1536,1
3114,79376,24076,1536,1
3115,78622,23845,1536,1
3116,78586,23839,1536,1
3117,82292,24978,1536,1
3118,79994,24263,1536,1
3119,78764,23878,1536,1
3120,78566,23831,1536,1
3121,78746,23870,1536,1
3122,135782,41220,1536,1
3123,94414,28658,1536,1
3124,169016,51250,1536,1
3125,122004,37021,1536,1
3126,83920,25466,1536,1
3127,83646,25386,1536,1
3128,82824,25140,1536,1
3129,83260,25264,1536,1
3130,111956,33991,1536,1
3131,79002,23960,1536,1
3132,107092,32467,1536,1
3133,79700,24188,1536,1
3134,78760,23876,1536,1
3135,78216,23721,1536,1
3136,78724,23893,1536,1
3137,80288,24376,1536,1
3138,76992,23354,1536,1
3139,78052,23672,1536,1
3140,78518,23815,1536,1
3141,76540,23218,1536,1
3142,78450,23792,1536,1
3143,83912,25462,1536,1
3144,127278,38606,1536,1
3145,130358,39561,1536,1
3146,79670,24179,1536,1
3147,79266,24028,1536,1
3148,78234,23733,1536,1
3149,176224,53548,1536,1
3150,80146,24309,1536,1
3151,102872,31232,1536,1
3152,108772,33016,1536,1
3153,78420,23782,1536,1
3154,82680,25092,1536,1
3155,78742,23874,1536,1
3156,79922,24226,1536,1
3157,86148,26145,1536,1
3158,79400,24068,1536,1
3159,79680,24168,1536,1
3160,79200,24014,1536,1
3161,78704,23860,1536,1
3162,78618,23847,1536,1
3163,78904,23922,1536,1
3164,86114,26142,1536,1
3165,80030,24261,1536,1
3166,77448,23477,1536,1
3167,79166,24000,1536,1
3168,78700,23883,1536,1
3169,79148,23996,1536,1
3170,78584,23852,1536,1
3171,121006,36697,1536,1
3172,79352,24086,1536,1
3173,79674,24151,1536,1
3174,79904,24236,1536,1
3175,79186,24004,1536,1
3176,77828,23592,1536,1
3177,82734,25107,1536,1
3178,83394,25303,1536,1
3179,83712,25403,1536,1
3180,83248,25256,1536,1
3181,83578,25362,1536,1
3182,83412,25309,1536,1
3183,83014,25165,1536,1
3184,84372,25606,1536,1
3185,84462,25629,1536,1
3186,79412,24072,1536,1
3187,78704,23861,1536,1
3188,77034,23364,1536,1
3189,77494,23504,1536,1
3190,77960,23652,1536,1
3191,78338,23752,1536,1
3192,78348,23753,1536,1
3193,77892,23624,1536,1
3194,75910,23038,1536,1
3195,78802,23914,1536,1
3196,78434,23808,1536,1
3197,80092,24307,1536,1
3198,102224,31030,1536,1
3199,80030,24259,1536,1
3200,79384,24086,1536,1
3201,79006,23949,1536,1
3202,79164,24011,1536,1
3203,77386,23485,1536,1
3204,113636,34490,1536,1
3205,125754,38137,1536,1
3206,90898,27593,1536,1
3207,101382,30750,1536,1
3208,76292,23159,1536,1
3209,76228,23131,1536,1
3210,75946,23027,1536,1
3211,76750,23269,1536,1
3212,115934,35231,1536,1
3213,76794,23291,1536,1
3214,76174,23119,1536,1
3215,77120,23408,1536,1
3216,104720,31763,1536,1
3217,76386,23166,1536,1
3218,77786,23604,1536,1
3219,133856,40616,1536,1
3220,436305,132522,1536,1
3221,127292,38616,1536,1
3222,129346,39248,1536,1
3223,124714,37842,1536,1
3224,125622,38085,1536,1
3225,127334,38642,1536,1
3226,82256,24938,1536,1
3227,96120,29187,1536,1
3228,83008,25189,1536,1
3229,82134,24924,1536,1
3230,81290,24667,1536,1
3231,81724,24799,1536,1
3232,81338,24679,1536,1
3233,81206,24639,1536,1
3234,81492,24728,1536,1
3235,83528,25344,1536,1
3236,84134,25534,1536,1
3237,82118,24917,1536,1
3238,84336,25601,1536,1
3239,83680,25396,1536,1
3240,81574,24757,1536,1
3241,82940,25167,1536,1
3242,84470,25630,1536,1
3243,84352,25592,1536,1
3244,86334,26170,1536,1
3245,106400,32276,1536,1
3246,86328,26195,1536,1
3247,102344,31060,1536,1
3248,91008,27622,1536,1
3249,78102,23676,1536,1
3250,77092,23372,1536,1
3251,73980,22443,1536,1
3252,76238,23122,1536,1
3253,76314,23139,1536,1
3254,76510,23217,1536,1
3255,76292,23128,1536,1
3256,73960,22420,1536,1
3257,77638,23568,1536,1
3258,76406,23167,1536,1
3259,80418,24408,1536,1
3260,108968,33029,1536,1
3261,108322,32853,1536,1
3262,107944,32726,1536,1
3263,106202,32233,1536,1
3264,119496,36226,1536,1
3265,75958,23039,1536,1
3266,78128,23684,1536,1
3267,78870,23936,1536,1
3268,78346,23764,1536,1
3269,159714,48416,1536,1
3270,78856,23931,1536,1
3271,78656,23842,1536,1
3272,79662,24177,1536,1
3273,78324,23746,1536,1
3274,79078,24001,1536,1
3275,79282,24058,1536,1
3276,78010,23671,1536,1
3277,78552,23838,1536,1
3278,81902,24852,1536,1
3279,85622,25982,1536,1
3280,83410,25310,1536,1
3281,83426,25319,1536,1
3282,83320,25283,1536,1
3283,83500,25339,1536,1
3284,83230,25259,1536,1
3285,82582,25057,1536,1
3286,83600,25367,1536,1
3287,81826,24830,1536,1
3288,82776,25121,1536,1
3289,83376,25296,1536,1
3290,124152,37698,1536,1
3291,112674,34157,1536,1
3292,79768,24193,1536,1
3293,78788,23908,1536,1
3294,78682,23866,1536,1
3295,143408,43509,1536,1
3296,79222,24029,1536,1
3297,79116,23994,1536,1
3298,78150,23693,1536,1
3299,82290,24977,1536,1
3300,78054,23676,1536,1
3301,76746,23294,1536,1
3302,76594,23222,1536,1
3303,76368,23150,1536,1
3304,74170,22498,1536,1
3305,76188,23127,1536,1
3306,76264,23137,1536,1
3307,75762,22967,1536,1
3308,76196,23100,1536,1
3309,76076,23065,1536,1
3310,72764,22081,1536,1
3311,73786,22385,1536,1
3312,80322,24370,1536,1
3313,74208,22508,1536,1
3314,76782,23277,1536,1
3315,76644,23244,1536,1
3316,76724,23272,1536,1
3317,76122,23074,1536,1
3318,76364,23152,1536,1
3319,97420,29565,1536,1
3320,90918,27598,1536,1
3321,90088,27343,1536,1
3322,74334,22539,1536,1
3323,76296,23133,1536,1
3324,131422,39868,1536,1
3325,76454,23203,1536,1
3326,76372,23161,1536,1
3327,76378,23157,1536,1
3328,76294,23130,1536,1
3329,76388,23157,1536,1
3330,76180,23119,1536,1
3331,76492,23199,1536,1
3332,75474,22892,1536,1
3333,85984,26087,1536,1
3334,76106,23086,1536,1
3335,75914,23017,1536,1
3336,76228,23113,1536,1
3337,76500,23190,1536,1
3338,76146,23085,1536,1
3339,76460,23197,1536,1
3340,77592,23552,1536,1
3341,76172,23115,1536,1
3342,136766,41499,1536,1
3343,124940,37910,1536,1
3344,131980,40045,1536,1
3345,116418,35327,1536,1
3346,80776,24516,1536,1
3347,81112,24615,1536,1
3348,81154,24625,1536,1
3349,81958,24854,1536,1
3350,83376,25272,1536,1
3351,82004,24885,1536,1
3352,96466,29282,1536,1
3353,110514,33537,1536,1
3354,88402,26821,1536,1
3355,77006,23345,1536,1
3356,76854,23322,1536,1
3357,76322,23148,1536,1
3358,77046,23379,1536,1
3359,74630,22638,1536,1
3360,77848,23624,1536,1
3361,104984,31846,1536,1
3362,77370,23468,1536,1
3363,79744,24199,1536,1
3364,77654,23553,1536,1
3365,76810,23296,1536,1
3366,77102,23387,1536,1
3367,76742,23262,1536,1
3368,74832,22713,1536,1
3369,121412,36803,1536,1
3370,77776,23589,1536,1
3371,76774,23273,1536,1
3372,75782,22979,1536,1
3373,76466,23208,1536,1
3374,76772,23302,1536,1
3375,142166,43152,1536,1
3376,123888,37586,1536,1
3377,117750,35725,1536,1
3378,120260,36491,1536,1
3379,122498,37171,1536,1
3380,118892,36074,1536,1
3381,85232,25869,1536,1
3382,81886,24848,1536,1
3383,102236,31008,1536,1
3384,79276,24058,1536,1
3385,76824,23292,1536,1
3386,76554,23206,1536,1
3387,77014,23356,1536,1
3388,77662,23543,1536,1
3389,116180,35232,1536,1
3390,78946,23945,1536,1
3391,79892,24245,1536,1
3392,77676,23552,1536,1
3393,77988,23666,1536,1
3394,79912,24235,1536,1
3395,127688,38742,1536,1
3396,92150,27956,1536,1
3397,85984,26088,1536,1
3398,86404,26214,1536,1
3399,85236,25867,1536,1
3400,85914,26072,1536,1
3401,79810,24225,1536,1
3402,75696,22973,1536,1
3403,76714,23254,1536,1
3404,76982,23349,1536,1
3405,78296,23758,1536,1
3406,76528,23210,1536,1
3407,76180,23109,1536,1
3408,76546,23233,1536,1
3409,74730,22665,1536,1
3410,75664,22942,1536,1
3411,107244,32545,1536,1
3412,432920,131498,1536,1
3413,139744,42387,1536,1
3414,82094,24912,1536,1
3415,105508,31981,1536,1
3416,82352,24988,1536,1
3417,106286,32259,1536,1
3418,102788,31174,1536,1
3419,121304,36804,1536,1
3420,121162,36756,1536,1
3421,120744,36634,1536,1
3422,120882,36649,1536,1
3423,120024,36404,1536,1
3424,561312,170370,1536,1
3425,197130,59818,1536,1
3426,124110,37652,1536,1
3427,105740,32093,1536,1
3428,123760,37551,1536,1
3429,132970,40344,1536,1
3430,88784,26926,1536,1
3431,81550,24743,1536,1
3432,81016,24580,1536,1
3433,81538,24746,1536,1
3434,81468,24723,1536,1
3435,115990,35183,1536,1
3436,82694,25096,1536,1
3437,93970,28522,1536,1
3438,96278,29230,1536,1
3439,77536,23514,1536,1
3440,77002,23354,1536,1
3441,82286,24967,1536,1
3442,81802,24819,1536,1
3443,81342,24687,1536,1
3444,92150,27970,1536,1
3445,120790,36648,1536,1
3446,118324,35906,1536,1
3447,115508,35038,1536,1
3448,111916,33935,1536,1
3449,118410,35919,1536,1
3450,123172,37384,1536,1
3451,124038,37632,1536,1
3452,120574,76279,1536,1
3453,127958,38808,1536,1
3454,122748,37246,1536,1
3455,140260,42549,1536,1
3456,133186,40415,1536,1
3457,117340,35611,1536,1
3458,118392,35922,1536,1
3459,109410,33206,1536,1
3460,82592,25061,1536,1
3461,81096,24609,1536,1
3462,132600,40224,1536,1
3463,118376,35918,1536,1
3464,97206,29506,1536,1
3465,126386,38348,1536,1
3466,119760,36334,1536,1
3467,133216,40418,1536,1
3468,114404,34725,1536,1
3469,132360,40176,1536,1
3470,114936,34893,1536,1
3471,192244,58272,1536,1
3472,121382,36825,1536,1
3473,126392,38354,1536,1
3474,124192,37699,1536,1
3475,103398,31379,1536,1
3476,105238,31926,1536,1
3477,117462,35649,1536,1
3478,117354,35608,1536,1
3479,323933,98725,1536,1
3480,232122,70457,1536,1
3481,138012,41875,1536,1
3482,181564,55081,1536,1
3483,117996,35782,1536,1
3484,127894,38808,1536,1
3485,119094,36134,1536,1
3486,117774,35728,1536,1
3487,242853,73985,1536,1
3488,107972,32784,1536,1
3489,122308,37112,1536,1
3490,122698,37250,1536,1
3491,208624,63318,1536,1
3492,84706,25698,1536,1
3493,84342,25590,1536,1
3494,111180,33744,1536,1
3495,85036,25805,1536,1
3496,85610,25974,1536,1
3497,99112,30042,1536,1
3498,86750,26322,1536,1
3499,84532,25651,1536,1
3500,99874,30316,1536,1
3501,83226,25256,1536,1
3502,84748,25715,1536,1
3503,83630,25380,1536,1
3504,102248,31008,1536,1
3505,107286,32565,1536,1
3506,109496,33234,1536,1
3507,84006,25488,1536,1
3508,81616,24765,1536,1
3509,84430,25626,1536,1
3510,114306,34668,1536,1
3511,83490,25333,1536,1
3512,112068,33976,1536,1
3513,164234,49770,1536,1
3514,183694,55700,1536,1
3515,107344,32547,1536,1
3516,103524,31403,1536,1
3517,112374,34087,1536,1
3518,120348,36506,1536,1
3519,98656,29925,1536,1
3520,87868,26659,1536,1
3521,97440,29557,1536,1
3522,123684,37537,1536,1
3523,121492,36873,1536,1
3524,84610,25653,1536,1
3525,84068,25506,1536,1
3526,84418,25617,1536,1
3527,80820,24526,1536,1
3528,83648,25384,1536,1
3529,82842,25140,1536,1
3530,81242,24658,1536,1
3531,110694,33577,1536,1
3532,78584,23820,1536,1
3533,78052,23690,1536,1
3534,78316,23745,1536,1
3535,79376,24074,1536,1
3536,77314,23449,1536,1
3537,78566,23829,1536,1
3538,79612,24136,1536,1
3539,79654,24158,1536,1
3540,85196,25823,1536,1
3541,82630,25070,1536,1
3542,149608,45395,1536,1
3543,120470,36591,1536,1
3544,121262,36792,1536,1
3545,121050,36743,1536,1
3546,128190,38893,1536,1
3547,119800,36350,1536,1
3548,125572,38098,1536,1
3549,179124,54317,1536,1
3550,150170,45559,1536,1
3551,131284,39834,1536,1
3552,92676,28148,1536,1
3553,126920,38568,1536,1
3554,177738,53895,1536,1
3555,182148,55218,1536,1
3556,127804,38785,1536,1
3557,88018,26710,1536,1
3558,123188,37379,1536,1
3559,87224,26463,1536,1
3560,85376,25906,1536,1
3561,84558,25660,1536,1
3562,83640,25365,1536,1
3563,109786,33334,1536,1
3564,84056,25510,1536,1
3565,83648,25379,1536,1
3566,83626,25382,1536,1
3567,105312,31922,1536,1
3568,83652,25385,1536,1
3569,83604,25343,1536,1
3570,82990,25184,1536,1
3571,88558,26884,1536,1
3572,79302,24069,1536,1
3573,78726,23880,1536,1
3574,170630,51743,1536,1
3575,79950,24262,1536,1
3576,78002,23652,1536,1
3577,77508,23522,1536,1
3578,78898,23945,1536,1
3579,103708,31472,1536,1
3580,109198,33109,1536,1
3581,117660,35707,1536,1
3582,108604,32947,1536,1
3583,141114,42807,1536,1
3584,98160,29792,1536,1
3585,78644,23864,1536,1
3586,79924,24254,1536,1
3587,93714,28412,1536,1
3588,78556,23838,1536,1
3589,78282,23742,1536,1
3590,78436,23790,1536,1
3591,77884,23610,1536,1
3592,78662,23850,1536,1
3593,80978,24577,1536,1
3594,78086,23687,1536,1
3595,78114,23694,1536,1
3596,76676,23243,1536,1
3597,78496,23808,1536,1
3598,78204,23720,1536,1
3599,78288,23757,1536,1
3600,79272,24060,1536,1
3601,79848,24231,1536,1
3602,78928,23925,1536,1
3603,147346,44717,1536,1
3604,79968,24240,1536,1
3605,87102,26441,1536,1
3606,80152,24294,1536,1
3607,79574,24121,1536,1
3608,78642,23839,1536,1
3609,79256,24039,1536,1
3610,78870,23907,1536,1
3611,79212,24025,1536,1
3612,78192,23707,1536,1
3613,78078,23696,1536,1
3614,81676,24784,1536,1
3615,80222,24318,1536,1
3616,79054,23978,1536,1
3617,79242,24028,1536,1
3618,123944,37572,1536,1
3619,78580,23848,1536,1
3620,78368,23768,1536,1
3621,78200,23711,1536,1
3622,76354,23158,1536,1
3623,77216,23439,1536,1
3624,77424,23483,1536,1
3625,78294,23760,1536,1
3626,88704,26929,1536,1
3627,82330,24982,1536,1
3628,81562,24752,1536,1
3629,81182,24631,1536,1
3630,80600,24455,1536,1
3631,79954,24264,1536,1
3632,80832,24505,1536,1
3633,81052,24594,1536,1
3634,78462,23815,1536,1
3635,80642,24469,1536,1
3636,87130,26441,1536,1
3637,81554,24744,1536,1
3638,81900,24852,1536,1
3639,80000,24276,1536,1
3640,81450,24693,1536,1
3641,80526,24432,1536,1
3642,80602,24454,1536,1
3643,136732,41500,1536,1
3644,119606,36299,1536,1
3645,107518,32627,1536,1
3646,113750,34527,1536,1
3647,127786,38776,1536,1
3648,83114,25218,1536,1
3649,82126,24918,1536,1
3650,81342,24685,1536,1
3651,81100,24616,1536,1
3652,81338,24679,1536,1
3653,79256,24053,1536,1
3654,80976,24545,1536,1
3655,114914,34865,1536,1
3656,120914,36684,1536,1
3657,116748,35424,1536,1
3658,130708,39623,1536,1
3659,132296,40122,1536,1
3660,117398,35622,1536,1
3661,121916,36998,1536,1
3662,128846,39088,1536,1
3663,132894,40309,1536,1
3664,204278,61978,1536,1
3665,180092,54611,1536,1
3666,120006,36411,1536,1
3667,118566,35945,1536,1
3668,106110,32229,1536,1
3669,83132,25225,1536,1
3670,81156,24630,1536,1
3671,81308,24671,1536,1
3672,81342,24683,1536,1
3673,101460,30779,1536,1
3674,87804,26620,1536,1
3675,116834,35479,1536,1
3676,115756,35123,1536,1
3677,79628,24166,1536,1
3678,77234,23416,1536,1
3679,76946,23336,1536,1
3680,76694,23271,1536,1
3681,75028,22747,1536,1
3682,76472,23186,1536,1
3683,107498,32621,1536,1
3684,100802,30589,1536,1
3685,101332,30757,1536,1
3686,115792,35129,1536,1
3687,111724,34016,1536,1
3688,113438,34392,1536,1
3689,151446,45980,1536,1
3690,121728,36942,1536,1
3691,177882,53941,1536,1
3692,82640,25072,1536,1
3693,173348,52574,1536,1
3694,867330,262741,1536,1
3695,123416,37444,1536,1
3696,109624,33264,1536,1
3697,132182,40101,1536,1
3698,78774,23907,1536,1
3699,76940,23323,1536,1
3700,87528,26585,1536,1
3701,121018,36710,1536,1
3702,118970,36079,1536,1
3703,124456,37727,1536,1
3704,124114,37656,1536,1
3705,78368,23787,1536,1
3706,76702,23269,1536,1
3707,115362,34994,1536,1
3708,77112,23399,1536,1
3709,77682,23574,1536,1
3710,141740,43010,1536,1
3711,79980,24269,1536,1
3712,81620,24740,1536,1
3713,83102,25215,1536,1
3714,112560,34158,1536,1
3715,82208,24943,1536,1
3716,98418,29862,1536,1
3717,133448,40485,1536,1
3718,97010,29444,1536,1
3719,81140,24626,1536,1
3720,77476,23508,1536,1
3721,76850,23300,1536,1
3722,76746,23269,1536,1
3723,76226,23111,1536,1
3724,131444,39891,1536,1
3725,128050,38858,1536,1
3726,122712,37217,1536,1
3727,80768,24501,1536,1
3728,82176,24913,1536,1
3729,82744,25088,1536,1
3730,81516,24712,1536,1
3731,140518,42630,1536,1
3732,127054,38549,1536,1
3733,147714,44801,1536,1
3734,82520,25017,1536,1
3735,112970,34282,1536,1
3736,81854,24825,1536,1
3737,81268,24663,1536,1
3738,80762,24507,1536,1
3739,82528,25028,1536,1
3740,79602,24157,1536,1
3741,75780,22971,1536,1
3742,76442,23188,1536,1
3743,93384,28315,1536,1
3744,74612,22633,1536,1
3745,133152,40392,1536,1
3746,93936,28517,1536,1
3747,107332,32545,1536,1
3748,106864,32395,1536,1
3749,80430,24394,1536,1
3750,87476,26523,1536,1
3751,120596,36554,1536,1
3752,89736,27225,1536,1
3753,127220,38602,1536,1
3754,98870,30012,1536,1
3755,78954,23960,1536,1
3756,78840,23904,1536,1
3757,78438,23792,1536,1
3758,233714,70849,1536,1
3759,112450,34129,1536,1
3760,90358,27413,1536,1
3761,138780,42137,1536,1
3762,103474,31413,1536,1
3763,133882,40618,1536,1
3764,294505,89584,1536,1
3765,81816,24835,1536,1
3766,79316,24042,1536,1
3767,78626,23835,1536,1
3768,78928,23940,1536,1
3769,78452,23785,1536,1
3770,78868,23914,1536,1
3771,78046,23685,1536,1
3772,80044,24288,1536,1
3773,88160,26763,1536,1
3774,79594,24132,1536,1
3775,78738,23883,1536,1
3776,78468,23815,1536,1
3777,78888,23919,1536,1
3778,79802,24220,1536,1
3779,77142,23397,1536,1
3780,79774,24182,1536,1
3781,80046,24280,1536,1
3782,79288,24064,1536,1
3783,78774,23878,1536,1
3784,78742,23894,1536,1
3785,80664,24477,1536,1
3786,79512,24133,1536,1
3787,78756,23900,1536,1
3788,78494,23827,1536,1
3789,78682,23876,1536,1
3790,78230,23743,1536,1
3791,78790,23884,1536,1
3792,78288,23732,1536,1
3793,78760,23877,1536,1
3794,93102,28288,1536,1
3795,78026,23654,1536,1
3796,77194,23400,1536,1
3797,76338,23143,1536,1
3798,227812,69539,1536,1
3799,82980,25177,1536,1
3800,81646,24775,1536,1
3801,78868,23937,1536,1
3802,81152,24628,1536,1
3803,81260,24657,1536,1
3804,134492,40812,1536,1
3805,134230,40715,1536,1
3806,132222,40103,1536,1
3807,119980,36385,1536,1
3808,130374,39553,1536,1
3809,131742,39966,1536,1
3810,121734,36923,1536,1
3811,119416,36242,1536,1
3812,134618,40942,1536,1
3813,144274,43769,1536,1
3814,84164,25544,1536,1
3815,96164,29183,1536,1
3816,83912,25465,1536,1
3817,100670,30533,1536,1
3818,111722,33899,1536,1
3819,113218,34340,1536,1
3820,126840,38483,1536,1
3821,123906,37595,1536,1
3822,129018,39105,1536,1
3823,129222,39192,1536,1
3824,124468,37772,1536,1
3825,120832,36652,1536,1
3826,83246,25266,1536,1
3827,117764,35738,1536,1
3828,127552,38679,1536,1
3829,120282,36478,1536,1
3830,122604,37212,1536,1
3831,135678,41151,1536,1
3832,125734,38113,1536,1
3833,119062,36099,1536,1
3834,124106,37627,1536,1
3835,139006,42193,1536,1
3836,127050,38551,1536,1
3837,129816,39393,1536,1
3838,104726,31787,1536,1
3839,83738,25406,1536,1
3840,83350,25292,1536,1
3841,83644,25380,1536,1
3842,83502,25343,1536,1
3843,88322,26808,1536,1
3844,84054,25508,1536,1
3845,86526,26252,1536,1
3846,79784,24221,1536,1
3847,78632,23865,1536,1
3848,79024,23979,1536,1
3849,78370,23788,1536,1
3850,78414,23799,1536,1
3851,78670,23847,1536,1
3852,78338,23778,1536,1
3853,76576,23245,1536,1
3854,78806,23917,1536,1
3855,79500,24113,1536,1
3856,174850,53046,1536,1
3857,111230,33737,1536,1
3858,96652,29352,1536,1
3859,84472,25633,1536,1
3860,83728,25408,1536,1
3861,84018,25496,1536,1
3862,83472,25330,1536,1
3863,82700,25071,1536,1
3864,83482,25336,1536,1
3865,83232,25259,1536,1
3866,79344,24080,1536,1
3867,82670,25092,1536,1
3868,79450,24082,1536,1
3869,79278,24035,1536,1
3870,127858,38759,1536,1
3871,78910,23933,1536,1
3872,76918,23334,1536,1
3873,78526,23803,1536,1
3874,76632,23259,1536,1
3875,78264,23738,1536,1
3876,79288,24063,1536,1
3877,76722,23284,1536,1
3878,88048,26731,1536,1
3879,80408,24386,1536,1
3880,79124,23988,1536,1
3881,78642,23843,1536,1
3882,78300,23735,1536,1
3883,116394,35308,1536,1
3884,78922,23936,1536,1
3885,78546,23837,1536,1
3886,78016,23650,1536,1
3887,82238,24964,1536,1
3888,80384,24380,1536,1
3889,79010,23964,1536,1
3890,79474,24121,1536,1
3891,79028,23959,1536,1
3892,78700,23873,1536,1
3893,77936,23654,1536,1
3894,78548,23826,1536,1
3895,79924,24230,1536,1
3896,79268,24041,1536,1
3897,80024,24259,1536,1
3898,80610,24439,1536,1
3899,100296,30461,1536,1
3900,84388,25608,1536,1
3901,83916,25461,1536,1
3902,83632,25374,1536,1
3903,99516,30172,1536,1
3904,80702,24492,1536,1
3905,91822,27846,1536,1
3906,82956,25175,1536,1
3907,135944,41245,1536,1
3908,133642,40554,1536,1
3909,79652,24173,1536,1
3910,77426,23494,1536,1
3911,76718,23281,1536,1
3912,76544,23214,1536,1
3913,74310,22554,1536,1
3914,76340,23152,1536,1
3915,74388,22569,1536,1
3916,76276,23135,1536,1
3917,75840,22988,1536,1
3918,73816,22390,1536,1
3919,73672,22348,1536,1
3920,83726,25429,1536,1
3921,77906,23615,1536,1
3922,77358,23478,1536,1
3923,74428,22574,1536,1
3924,76830,23289,1536,1
3925,76652,23248,1536,1
3926,76832,23295,1536,1
3927,116236,35267,1536,1
3928,128974,39137,1536,1
3929,124410,37726,1536,1
3930,125670,38135,1536,1
3931,121150,36762,1536,1
3932,128456,38976,1536,1
3933,132784,40282,1536,1
3934,129514,39295,1536,1
3935,125562,38100,1536,1
3936,131586,39902,1536,1
3937,127218,38599,1536,1
3938,124734,37849,1536,1
3939,132212,40079,1536,1
3940,124972,37920,1536,1
3941,86098,26140,1536,1
3942,77604,23549,1536,1
3943,76704,23251,1536,1
3944,76854,23300,1536,1
3945,76114,23103,1536,1
3946,76248,23124,1536,1
3947,76282,23128,1536,1
3948,77406,23492,1536,1
3949,111982,33991,1536,1
3950,76916,23331,1536,1
3951,77620,23557,1536,1
3952,77042,23354,1536,1
3953,79602,24157,1536,1
3954,77072,23374,1536,1
3955,78022,23675,1536,1
3956,80120,24328,1536,1
3957,105688,32062,1536,1
3958,77238,23426,1536,1
3959,79118,24009,1536,1
3960,76602,23244,1536,1
3961,76558,23231,1536,1
3962,98898,30025,1536,1
3963,82300,24974,1536,1
3964,81104,24612,1536,1
3965,80918,24555,1536,1
3966,80606,24460,1536,1
3967,81384,24673,1536,1
3968,81358,24705,1536,1
3969,77862,23614,1536,1
3970,76882,23319,1536,1
3971,77284,23438,1536,1
3972,77704,23580,1536,1
3973,77204,23427,1536,1
3974,128764,39027,1536,1
3975,112424,34106,1536,1
3976,109900,33355,1536,1
3977,123444,37420,1536,1
3978,124316,37688,1536,1
3979,120620,36594,1536,1
3980,121438,36858,1536,1
3981,121694,36913,1536,1
3982,134032,40757,1536,1
3983,95610,29038,1536,1
3984,77298,23443,1536,1
3985,75600,22923,1536,1
3986,76946,23323,1536,1
3987,76826,23292,1536,1
3988,77390,23489,1536,1
3989,76666,23268,1536,1
3990,76552,23217,1536,1
3991,76452,23191,1536,1
3992,75620,22939,1536,1
3993,77188,23422,1536,1
3994,76298,23141,1536,1
3995,76538,23225,1536,1
3996,76262,23133,1536,1
3997,76300,23139,1536,1
3998,76248,23114,1536,1
3999,76366,23175,1536,1
4000,79920,24253,1536,1
4001,75922,23040,1536,1
4002,106394,32293,1536,1
4003,77220,23439,1536,1
4004,120940,36696,1536,1
4005,103016,31254,1536,1
4006,101180,30695,1536,1
4007,100436,30476,1536,1
4008,101704,30870,1536,1
4009,99846,30294,1536,1
4010,100318,30442,1536,1
4011,101272,30725,1536,1
4012,100642,30539,1536,1
4013,102108,30982,1536,1
4014,93438,28349,1536,1
4015,100344,30460,1536,1
4016,102282,31040,1536,1
4017,101964,30949,1536,1
4018,101850,30917,1536,1
4019,103936,31534,1536,1
4020,102936,31229,1536,1
4021,101004,30652,1536,1
4022,102180,31007,1536,1
4023,102098,30980,1536,1
4024,100016,30346,1536,1
4025,115248,34957,1536,1
4026,101114,30678,1536,1
4027,98872,29996,1536,1
4028,101978,30950,1536,1
4029,172262,52245,1536,1
4030,101068,30678,1536,1
4031,101220,30717,1536,1
4032,102322,31054,1536,1
4033,100572,30526,1536,1
4034,180726,55009,1536,1
4035,122770,37258,1536,1
4036,124024,37634,1536,1
4037,126108,38261,1536,1
4038,119728,36313,1536,1
4039,122650,37218,1536,1
4040,121068,36743,1536,1
4041,121232,36796,1536,1
4042,120102,36449,1536,1
4043,125552,38101,1536,1
4044,121234,36795,1536,1
4045,233368,70769,1536,1
4046,115326,34991,1536,1
4047,111044,33698,1536,1
4048,116126,35240,1536,1
4049,131236,39805,1536,1
4050,128676,39037,1536,1
4051,144966,43994,1536,1
4052,141456,42931,1536,1
4053,81350,24687,1536,1
4054,80910,24553,1536,1
4055,119836,36369,1536,1
4056,144542,43843,1536,1
4057,157652,47812,1536,1
4058,81480,24740,1536,1
4059,84978,25788,1536,1
4060,120294,36505,1536,1
4061,140602,42647,1536,1
4062,117162,35559,1536,1
4063,121338,36820,1536,1
4064,125660,38126,1536,1
4065,120656,36720,1536,1
4066,118426,35942,1536,1
4067,92162,27988,1536,1
4068,124956,37913,1536,1
4069,83032,25193,1536,1
4070,80978,24577,1536,1
4071,80904,24548,1536,1
4072,124246,37699,1536,1
4073,128228,38902,1536,1
4074,112358,34094,1536,1
4075,122310,37084,1536,1
4076,127074,38539,1536,1
4077,119280,36196,1536,1
4078,123542,37483,1536,1
4079,113184,34331,1536,1
4080,115300,34986,1536,1
4081,115168,34926,1536,1
4082,116238,35280,1536,1
4083,117670,35710,1536,1
4084,131958,40038,1536,1
4085,124708,37907,1536,1
4086,177224,53841,1536,1
4087,79504,24118,1536,1
4088,80206,24317,1536,1
4089,121266,36793,1536,1
4090,84424,25615,1536,1
4091,84562,25656,1536,1
4092,83232,25230,1536,1
4093,83198,25249,1536,1
4094,82690,25089,1536,1
4095,358302,108586,1536,1
4096,116278,35292,1536,1
4097,121570,36876,1536,1
4098,112946,34242,1536,1
4099,126750,38467,1536,1
4100,127480,38690,1536,1
4101,118932,36083,1536,1
4102,127120,38566,1536,1
4103,130116,39457,1536,1
4104,126682,38443,1536,1
4105,134084,40663,1536,1
4106,140140,42516,1536,1
4107,152450,46261,1536,1
4108,122540,37163,1536,1
4109,112534,34155,1536,1
4110,115746,35119,1536,1
4111,115420,35027,1536,1
4112,115998,35184,1536,1
4113,228532,69288,1536,1
4114,122454,37153,1536,1
4115,112230,34036,1536,1
4116,104210,31596,1536,1
4117,118840,36063,1536,1
4118,115242,34982,1536,1
4119,210932,64257,1536,1
4120,144482,43828,1536,1
4121,121816,36938,1536,1
4122,124262,37691,1536,1
4123,105918,32130,1536,1
4124,101408,30752,1536,1
4125,135044,40964,1536,1
4126,136942,41553,1536,1
4127,243988,74019,1536,1
4128,129568,39322,1536,1
4129,122754,37247,1536,1
4130,214520,65053,1536,1
4131,151686,46027,1536,1
4132,152000,46117,1536,1
4133,140288,42572,1536,1
4134,150226,45578,1536,1
4135,149978,45485,1536,1
4136,149644,45404,1536,1
4137,144074,43717,1536,1
4138,127202,38604,1536,1
4139,134408,40765,1536,1
4140,162424,49271,1536,1
4141,129940,39413,1536,1
4142,136264,41342,1536,1
4143,148008,44909,1536,1
4144,132036,40079,1536,1
4145,128758,39062,1536,1
4146,155236,47097,1536,1
4147,273832,83006,1536,1
4148,138338,41979,1536,1
4149,113486,34445,1536,1
4150,131068,39776,1536,1
4151,121144,36734,1536,1
4152,109916,33348,1536,1
4153,115520,35048,1536,1
4154,115148,34903,1536,1
4155,116326,35282,1536,1
4156,114204,34639,1536,1
4157,109966,33366,1536,1
4158,140814,42722,1536,1
4159,130536,39607,1536,1
4160,129838,39404,1536,1
4161,134734,40881,1536,1
4162,106764,32400,1536,1
4163,134176,40708,1536,1
4164,134050,40672,1536,1
4165,118910,36086,1536,1
4166,124002,37592,1536,1
4167,128764,39070,1536,1
4168,96792,29366,1536,1
4169,81262,24646,1536,1
4170,128190,38907,1536,1
4171,106584,32357,1536,1
4172,89018,27031,1536,1
4173,85702,26003,1536,1
4174,111802,33907,1536,1
4175,96804,29354,1536,1
4176,83494,25334,1536,1
4177,87290,26497,1536,1
4178,178998,54295,1536,1
4179,133606,40551,1536,1
4180,144752,43920,1536,1
4181,135604,41147,1536,1
4182,132024,40064,1536,1
4183,116024,35186,1536,1
4184,121072,36719,1536,1
4185,124710,37811,1536,1
4186,128504,38989,1536,1
4187,126374,38343,1536,1
4188,139106,42222,1536,1
4189,162686,49384,1536,1
4190,99142,30104,1536,1
4191,131812,39994,1536,1
4192,177352,53794,1536,1
4193,123414,37451,1536,1
4194,89030,27018,1536,1
4195,87512,26557,1536,1
4196,86586,26277,1536,1
4197,91490,27758,1536,1
4198,88704,26919,1536,1
4199,84986,25788,1536,1
4200,86124,26138,1536,1
4201,120688,36590,1536,1
4202,93720,28409,1536,1
4203,88028,26697,1536,1
4204,90530,27439,1536,1
4205,84758,25698,1536,1
4206,89860,27238,1536,1
4207,85514,25926,1536,1
4208,83994,25462,1536,1
4209,83682,25391,1536,1
4210,127644,38735,1536,1
4211,84726,25708,1536,1
4212,83822,25426,1536,1
4213,84592,25672,1536,1
4214,84122,25499,1536,1
4215,84316,25561,1536,1
4216,83936,25460,1536,1
4217,84124,25504,1536,1
4218,83586,25338,1536,1
4219,83384,25281,1536,1
4220,83614,25346,1536,1
4221,86534,26263,1536,1
4222,83522,25335,1536,1
4223,84668,25670,1536,1
4224,102462,31105,1536,1
4225,121226,36769,1536,1
4226,82084,24898,1536,1
4227,86390,26199,1536,1
4228,82158,24909,1536,1
4229,85112,25804,1536,1
4230,157636,47807,1536,1
4231,87350,26508,1536,1
4232,91006,27616,1536,1
4233,81298,24659,1536,1
4234,81164,24616,1536,1
4235,80876,24528,1536,1
4236,80672,24469,1536,1
4237,80920,24530,1536,1
4238,80792,24507,1536,1
4239,78646,23845,1536,1
4240,80738,24478,1536,1
4241,80336,24370,1536,1
4242,83392,25307,1536,1
4243,81318,24677,1536,1
4244,81716,24796,1536,1
4245,80792,24510,1536,1
4246,82720,25105,1536,1
4247,78600,23858,1536,1
4248,81152,24612,1536,1
4249,80924,24537,1536,1
4250,79914,24239,1536,1
4251,110060,33405,1536,1
4252,86530,26257,1536,1
4253,87352,26506,1536,1
4254,81600,24740,1536,1
4255,80736,24478,1536,1
4256,80748,24490,1536,1
4257,81098,24608,1536,1
4258,81024,24576,1536,1
4259,123080,37318,1536,1
4260,82160,24918,1536,1
4261,133740,40552,1536,1
4262,131446,39861,1536,1
4263,83860,25452,1536,1
4264,90834,27542,1536,1
4265,82852,25140,1536,1
4266,111710,33891,1536,1
4267,87218,26460,1536,1
4268,141338,42890,1536,1
4269,124506,37793,1536,1
4270,105198,31944,1536,1
4271,82928,25174,1536,1
4272,81326,24673,1536,1
4273,81070,24591,1536,1
4274,87700,26615,1536,1
4275,81332,24683,1536,1
4276,81576,24729,1536,1
4277,80376,24395,1536,1
4278,80866,24528,1536,1
4279,81950,24870,1536,1
4280,80960,24573,1536,1
4281,81150,24603,1536,1
4282,80468,24393,1536,1
4283,80830,24530,1536,1
4284,79848,24230,1536,1
4285,79722,24194,1536,1
4286,78954,23958,1536,1
4287,77226,23424,1536,1
4288,78662,23869,1536,1
4289,80476,24397,1536,1
4290,79820,24201,1536,1
4291,83868,25455,1536,1
4292,80200,24324,1536,1
4293,80338,24380,1536,1
4294,79774,24208,1536,1
4295,82124,24917,1536,1
4296,78902,23918,1536,1
4297,78840,23904,1536,1
4298,78836,23901,1536,1
4299,78724,23888,1536,1
4300,78124,23708,1536,1
4301,76430,23198,1536,1
4302,79394,24083,1536,1
4303,78450,23806,1536,1
4304,78426,23776,1536,1
4305,80020,24283,1536,1
4306,78966,23967,1536,1
4307,78818,23899,1536,1
4308,78832,23921,1536,1
4309,78658,23871,1536,1
4310,78466,23800,1536,1
4311,78720,23893,1536,1
4312,78790,23914,1536,1
4313,79238,24033,1536,1
4314,78816,23906,1536,1
4315,113954,34581,1536,1
4316,91936,27929,1536,1
4317,79506,24106,1536,1
4318,106258,32247,1536,1
4319,78570,23848,1536,1
4320,78512,23802,1536,1
4321,78586,23849,1536,1
4322,78196,23709,1536,1
4323,78352,23779,1536,1
4324,78184,23717,1536,1
4325,78382,23788,1536,1
4326,79534,24110,1536,1
4327,83324,25294,1536,1
4328,77680,23574,1536,1
4329,81966,24874,1536,1
4330,80548,24434,1536,1
4331,80118,24290,1536,1
4332,78380,23793,1536,1
4333,79834,24225,1536,1
4334,78730,23893,1536,1
4335,78702,23862,1536,1
4336,78024,23663,1536,1
4337,84628,25676,1536,1
4338,77536,23536,1536,1
4339,77354,23553,1536,1
4340,76736,23264,1536,1
4341,76020,23055,1536,1
4342,76942,23338,1536,1
4343,76924,23321,1536,1
4344,78220,23738,1536,1
4345,75898,23009,1536,1
4346,101110,30691,1536,1
4347,81270,24648,1536,1
4348,81918,24858,1536,1
4349,81298,24656,1536,1
4350,80730,24501,1536,1
4351,82560,25051,1536,1
4352,82734,25111,1536,1
4353,83656,25385,1536,1
4354,102650,31136,1536,1
4355,92938,28191,1536,1
4356,110032,33833,1536,1
4357,82626,25076,1536,1
4358,82328,24986,1536,1
4359,179950,54566,1536,1
4360,76126,23090,1536,1
4361,76842,23304,1536,1
4362,76452,23179,1536,1
4363,96532,29264,1536,1
4364,75868,23009,1536,1
4365,75762,22966,1536,1
4366,76284,23130,1536,1
4367,76976,23361,1536,1
4368,76750,23266,1536,1
4369,79270,24055,1536,1
4370,75428,22889,1536,1
4371,77120,23395,1536,1
4372,76344,23169,1536,1
4373,78682,23881,1536,1
4374,77120,23392,1536,1
4375,76248,23115,1536,1
4376,76234,23108,1536,1
4377,76646,23258,1536,1
4378,76158,23091,1536,1
4379,83356,25309,1536,1
4380,85732,26013,1536,1
4381,76748,23290,1536,1
4382,75558,22930,1536,1
4383,76344,23146,1536,1
4384,74864,22709,1536,1
4385,74026,22443,1536,1
4386,75468,22880,1536,1
4387,75540,22912,1536,1
4388,75980,23031,1536,1
4389,75328,22862,1536,1
4390,77784,23602,1536,1
4391,77400,23489,1536,1
4392,72494,21980,1536,1
4393,75596,22948,1536,1
4394,74138,22489,1536,1
4395,73934,22439,1536,1
4396,241046,73217,1536,1
4397,79542,24141,1536,1
4398,76798,23306,1536,1
4399,78240,23736,1536,1
4400,81320,24675,1536,1
4401,141274,42901,1536,1
4402,117236,35577,1536,1
4403,129308,39231,1536,1
4404,120536,36572,1536,1
4405,121864,36961,1536,1
4406,1311854,397674,1536,1
4407,99684,30244,1536,1
4408,117630,35684,1536,1
4409,122580,37194,1536,1
4410,121200,36779,1536,1
4411,81146,24627,1536,1
4412,106416,32291,1536,1
4413,130040,39452,1536,1
4414,118926,36075,1536,1
4415,115808,35112,1536,1
4416,115288,34972,1536,1
4417,120400,36535,1536,1
4418,122060,37027,1536,1
4419,99684,30246,1536,1
4420,119840,36352,1536,1
4421,133522,40511,1536,1
4422,92848,28165,1536,1
4423,71358,21636,1536,1
4424,85162,25820,1536,1
4425,111140,33722,1536,1
4426,108518,32929,1536,1
4427,73182,22196,1536,1
4428,114214,34652,1536,1
4429,122190,37068,1536,1
4430,72878,22107,1536,1
4431,113430,34392,1536,1
4432,107434,32610,1536,1
4433,117646,35699,1536,1
4434,128156,38870,1536,1
4435,111360,33793,1536,1
4436,135228,41000,1536,1
4437,133940,40636,1536,1
4438,136004,41260,1536,1
4439,134966,40929,1536,1
4440,136204,41288,1536,1
4441,181620,55140,1536,1
4442,117536,35686,1536,1
4443,125100,37957,1536,1
4444,106668,32358,1536,1
4445,132744,40278,1536,1
4446,129618,39324,1536,1
4447,111096,33711,1536,1
4448,129482,39264,1536,1
4449,89456,27156,1536,1
4450,77612,23546,1536,1
4451,76936,23342,1536,1
4452,123548,37490,1536,1
4453,123786,37560,1536,1
4454,75420,22895,1536,1
4455,74420,22578,1536,1
4456,77194,23402,1536,1
4457,487888,148157,1536,1
4458,79806,24222,1536,1
4459,112492,34139,1536,1
4460,152736,46316,1536,1
4461,125946,38213,1536,1
4462,121210,36780,1536,1
4463,133248,40532,1536,1
4464,139104,42212,1536,1
4465,128646,39013,1536,1
4466,300892,91574,1536,1
4467,82852,25141,1536,1
4468,81756,24809,1536,1
4469,81036,24592,1536,1
4470,81454,24716,1536,1
4471,80978,24577,1536,1
4472,81258,24645,1536,1
4473,108442,32908,1536,1
4474,94258,28623,1536,1
4475,126750,38455,1536,1
4476,126428,38362,1536,1
4477,134042,40682,1536,1
4478,147290,44686,1536,1
4479,128848,39106,1536,1
4480,129198,39212,1536,1
4481,127840,38788,1536,1
4482,123238,37392,1536,1
4483,123214,37389,1536,1
4484,200162,60700,1536,1
4485,108536,32936,1536,1
4486,153508,46564,1536,1
4487,108680,32989,1536,1
4488,101236,30719,1536,1
4489,136586,41441,1536,1
4490,126790,38482,1536,1
4491,137954,41857,1536,1
4492,85122,25834,1536,1
4493,83586,25365,1536,1
4494,78916,23956,1536,1
4495,91254,27669,1536,1
4496,78530,23833,1536,1
4497,78420,23777,1536,1
4498,78694,23870,1536,1
4499,78032,23670,1536,1
4500,78242,23730,1536,1
4501,78330,23769,1536,1
4502,78796,23884,1536,1
4503,78020,23665,1536,1
4504,78010,23646,1536,1
4505,91152,27668,1536,1
4506,77230,23440,1536,1
4507,79468,24121,1536,1
4508,79484,24122,1536,1
4509,79338,24050,1536,1
4510,79392,24080,1536,1
4511,79438,24098,1536,1
4512,79516,24115,1536,1
4513,78140,23686,1536,1
4514,82798,25133,1536,1
4515,80048,24265,1536,1
4516,109478,33227,1536,1
4517,80850,24535,1536,1
4518,79258,24044,1536,1
4519,78950,23943,1536,1
4520,78530,23819,1536,1
4521,78116,23693,1536,1
4522,103318,31320,1536,1
4523,78614,23841,1536,1
4524,80064,24295,1536,1
4525,79690,24173,1536,1
4526,151836,46092,1536,1
4527,129090,39171,1536,1
4528,124934,37906,1536,1
4529,83710,25397,1536,1
4530,83792,25423,1536,1
4531,84118,25575,1536,1
4532,125956,38214,1536,1
4533,86674,26294,1536,1
4534,82424,25020,1536,1
4535,96564,29295,1536,1
4536,96596,29301,1536,1
4537,82304,24975,1536,1
4538,80598,24448,1536,1
4539,79452,24085,1536,1
4540,89136,27062,1536,1
4541,259786,79274,1536,1
4542,124522,37797,1536,1
4543,132886,40321,1536,1
4544,124150,37671,1536,1
4545,86356,26209,1536,1
4546,83504,25311,1536,1
4547,172516,52358,1536,1
4548,127848,38775,1536,1
4549,160174,48576,1536,1
4550,80094,24305,1536,1
4551,79066,23982,1536,1
4552,78580,23852,1536,1
4553,78552,23843,1536,1
4554,137410,41692,1536,1
4555,85460,25934,1536,1
4556,83778,25424,1536,1
4557,84048,25504,1536,1
4558,80644,24478,1536,1
4559,79142,24005,1536,1
4560,79186,24017,1536,1
4561,105496,31985,1536,1
4562,79258,24040,1536,1
4563,90758,27512,1536,1
4564,117150,35532,1536,1
4565,81882,24847,1536,1
4566,89212,27054,1536,1
4567,102494,31078,1536,1
4568,92168,28051,1536,1
4569,82002,24885,1536,1
4570,81582,24745,1536,1
4571,81016,24572,1536,1
4572,97296,29537,1536,1
4573,81248,24657,1536,1
4574,81092,24611,1536,1
4575,82560,25062,1536,1
4576,81680,24775,1536,1
4577,79070,23986,1536,1
4578,79332,24054,1536,1
4579,81712,24797,1536,1
4580,80614,24440,1536,1
4581,81480,24725,1536,1
4582,80682,24478,1536,1
4583,81212,24630,1536,1
4584,80524,24424,1536,1
4585,80876,24530,1536,1
4586,80810,24500,1536,1
4587,81040,24565,1536,1
4588,81088,24596,1536,1
4589,84760,25733,1536,1
4590,80998,24582,1536,1
4591,80804,24523,1536,1
4592,81310,24664,1536,1
4593,80570,24428,1536,1
4594,81280,24658,1536,1
4595,82340,24990,1536,1
4596,80808,24521,1536,1
4597,80286,24368,1536,1
4598,80796,24496,1536,1
4599,78744,23875,1536,1
4600,106362,32276,1536,1
4601,81642,24766,1536,1
4602,84888,25737,1536,1
4603,81728,24790,1536,1
4604,80954,24553,1536,1
4605,78752,23889,1536,1
4606,80786,24519,1536,1
4607,80416,24381,1536,1
4608,124434,37714,1536,1
4609,80604,24446,1536,1
4610,79444,24098,1536,1
4611,87156,26453,1536,1
4612,80306,24355,1536,1
4613,81494,24719,1536,1
4614,81020,24565,1536,1
4615,81926,24858,1536,1
4616,80796,24491,1536,1
4617,78680,23884,1536,1
4618,80752,24493,1536,1
4619,81094,24586,1536,1
4620,80674,24455,1536,1
4621,130168,39493,1536,1
4622,144342,43788,1536,1
4623,126124,38264,1536,1
4624,131784,39986,1536,1
4625,128492,38971,1536,1
4626,137782,41804,1536,1
4627,131722,39970,1536,1
4628,133524,40551,1536,1
4629,186132,56451,1536,1
4630,128188,38912,1536,1
4631,94654,28743,1536,1
4632,108108,32812,1536,1
4633,81928,24846,1536,1
4634,79362,24064,1536,1
4635,141948,43070,1536,1
4636,134428,40782,1536,1
4637,126854,38452,1536,1
4638,124460,37730,1536,1
4639,111522,33849,1536,1
4640,126144,38261,1536,1
4641,137354,41678,1536,1
4642,84858,25753,1536,1
4643,108102,32815,1536,1
4644,86968,26373,1536,1
4645,85778,26001,1536,1
4646,91092,27649,1536,1
4647,210768,63930,1536,1
4648,138856,42146,1536,1
4649,136030,41269,1536,1
4650,146552,44465,1536,1
4651,440152,133560,1536,1
4652,112212,34071,1536,1
4653,96986,29454,1536,1
4654,90834,27563,1536,1
4655,89144,27054,1536,1
4656,139384,42306,1536,1
4657,141394,42903,1536,1
4658,151346,45925,1536,1
4659,148236,45105,1536,1
4660,198622,60330,1536,1
4661,147694,44807,1536,1
4662,143694,43598,1536,1
4663,148984,45207,1536,1
4664,151092,45840,1536,1
4665,140230,42548,1536,1
4666,150682,45715,1536,1
4667,137100,41600,1536,1
4668,146508,44455,1536,1
4669,134200,40707,1536,1
4670,115768,35132,1536,1
4671,119812,36362,1536,1
4672,121772,36950,1536,1
4673,153450,46578,1536,1
4674,216516,65664,1536,1
4675,121412,36848,1536,1
4676,139080,42206,1536,1
4677,121788,36953,1536,1
4678,128818,39094,1536,1
4679,116488,35352,1536,1
4680,135086,40993,1536,1
4681,144360,43807,1536,1
4682,136372,41385,1536,1
4683,138552,42035,1536,1
4684,133300,40469,1536,1
4685,139626,42347,1536,1
4686,132456,40179,1536,1
4687,326870,99070,1536,1
4688,129820,39390,1536,1
4689,136230,41340,1536,1
4690,145946,44271,1536,1
4691,137500,41717,1536,1
4692,149108,45232,1536,1
4693,150386,45620,1536,1
4694,152356,46227,1536,1
4695,140564,42661,1536,1
4696,88244,26786,1536,1
4697,86854,26345,1536,1
4698,87076,26423,1536,1
4699,85894,26057,1536,1
4700,85856,26058,1536,1
4701,86872,26363,1536,1
4702,83656,25364,1536,1
4703,86164,26148,1536,1
4704,93354,28335,1536,1
4705,118816,36068,1536,1
4706,92288,28012,1536,1
4707,92734,28141,1536,1
4708,92256,27991,1536,1
4709,89984,27306,1536,1
4710,90756,27535,1536,1
4711,240324,72870,1536,1
4712,91446,27751,1536,1
4713,92586,28093,1536,1
4714,102348,31071,1536,1
4715,83444,25309,1536,1
4716,124426,37751,1536,1
4717,144356,43793,1536,1
4718,136382,41384,1536,1
4719,136870,41523,1536,1
4720,134200,40714,1536,1
4721,136474,41410,1536,1
4722,136842,41532,1536,1
4723,135854,41218,1536,1
4724,92844,28169,1536,1
4725,87104,26441,1536,1
4726,86436,26214,1536,1
4727,86686,26281,1536,1
4728,86464,26224,1536,1
4729,87406,26523,1536,1
4730,86038,26099,1536,1
4731,85110,25815,1536,1
4732,86248,26159,1536,1
4733,86176,26141,1536,1
4734,86494,26225,1536,1
4735,91146,27657,1536,1
4736,87096,26436,1536,1
4737,85210,25858,1536,1
4738,86010,26105,1536,1
4739,84312,25586,1536,1
4740,85974,26096,1536,1
4741,86422,26201,1536,1
4742,85684,26005,1536,1
4743,84080,25517,1536,1
4744,85870,26044,1536,1
4745,85110,25829,1536,1
4746,92218,27987,1536,1
4747,89164,27060,1536,1
4748,91470,27759,1536,1
4749,92138,27959,1536,1
4750,90884,27581,1536,1
4751,96528,29433,1536,1
4752,118158,35809,1536,1
4753,92500,28071,1536,1
4754,91192,27677,1536,1
4755,91610,27784,1536,1
4756,110274,33455,1536,1
4757,91758,27843,1536,1
4758,90950,27598,1536,1
4759,90524,27466,1536,1
4760,90996,27586,1536,1
4761,172430,52273,1536,1
4762,90738,27536,1536,1
4763,88634,26898,1536,1
4764,91312,27706,1536,1
4765,91066,27634,1536,1
4766,90208,27371,1536,1
4767,90064,27322,1536,1
4768,84484,25625,1536,1
4769,84550,25662,1536,1
4770,84418,25606,1536,1
4771,86596,26276,1536,1
4772,86496,26252,1536,1
4773,86528,26241,1536,1
4774,88458,26846,1536,1
4775,85842,26038,1536,1
4776,86338,26197,1536,1
4777,84054,25507,1536,1
4778,83728,25395,1536,1
4779,85930,26078,1536,1
4780,83108,25212,1536,1
4781,81714,24785,1536,1
4782,105218,31901,1536,1
4783,83988,25490,1536,1
4784,130784,39652,1536,1
4785,84120,25527,1536,1
4786,84246,25541,1536,1
4787,83334,25277,1536,1
4788,84260,25547,1536,1
4789,87368,26518,1536,1
4790,93598,28382,1536,1
4791,84018,25500,1536,1
4792,133994,40660,1536,1
4793,128860,39087,1536,1
4794,124018,37724,1536,1
4795,134354,40741,1536,1
4796,136568,41459,1536,1
4797,338711,104309,1536,1
4798,110606,33556,1536,1
4799,114046,34604,1536,1
4800,110440,33505,1536,1
4801,105208,31916,1536,1
4802,120800,36648,1536,1
4803,141780,42995,1536,1
4804,136306,41355,1536,1
4805,120128,36447,1536,1
4806,135240,41013,1536,1
4807,143296,43473,1536,1
4808,154518,46870,1536,1
4809,86658,26297,1536,1
4810,86752,26328,1536,1
4811,84638,25685,1536,1
4812,85888,26066,1536,1
4813,110744,33591,1536,1
4814,86152,26145,1536,1
4815,86268,26181,1536,1
4816,86046,26109,1536,1
4817,82954,25184,1536,1
4818,93194,28316,1536,1
4819,82032,24880,1536,1
4820,82030,24865,1536,1
4821,78384,23794,1536,1
4822,80354,24376,1536,1
4823,108926,33063,1536,1
4824,79288,24064,1536,1
4825,79222,24045,1536,1
4826,81610,24765,1536,1
4827,79442,24086,1536,1
4828,81452,24708,1536,1
4829,80704,24493,1536,1
4830,82238,24961,1536,1
4831,81376,24675,1536,1
4832,108780,32985,1536,1
4833,105204,31900,1536,1
4834,103290,31344,1536,1
4835,105042,31868,1536,1
4836,103922,31512,1536,1
4837,106716,32351,1536,1
4838,178912,54305,1536,1
4839,164134,49814,1536,1
4840,133824,40604,1536,1
4841,100866,30618,1536,1
4842,107430,32596,1536,1
4843,154612,46884,1536,1
4844,114444,34715,1536,1
4845,217902,66153,1536,1
4846,125506,38083,1536,1
4847,105070,31884,1536,1
4848,128084,38846,1536,1
4849,128556,38978,1536,1
4850,123348,37425,1536,1
4851,81786,24817,1536,1
4852,79290,24066,1536,1
4853,79560,24148,1536,1
4854,79410,24077,1536,1
4855,79218,24018,1536,1
4856,104438,31678,1536,1
4857,79822,24220,1536,1
4858,82868,25152,1536,1
4859,79866,24209,1536,1
4860,81322,24688,1536,1
4861,79156,24022,1536,1
4862,78646,23864,1536,1
4863,77954,23660,1536,1
4864,79486,24119,1536,1
4865,104832,31796,1536,1
4866,79444,24109,1536,1
4867,111802,33927,1536,1
4868,79136,24004,1536,1
4869,78194,23716,1536,1
4870,78598,23824,1536,1
4871,78586,23849,1536,1
4872,77148,23414,1536,1
4873,77582,23528,1536,1
4874,76784,23279,1536,1
4875,76650,23236,1536,1
4876,77130,23407,1536,1
4877,75978,23048,1536,1
4878,94222,28598,1536,1
4879,82146,24928,1536,1
4880,81668,24782,1536,1
4881,87714,26625,1536,1
4882,76696,23264,1536,1
4883,76792,23294,1536,1
4884,75016,22744,1536,1
4885,100628,30503,1536,1
4886,102806,31386,1536,1
4887,98256,29808,1536,1
4888,103552,31401,1536,1
4889,78624,23846,1536,1
4890,90462,27421,1536,1
4891,82850,25112,1536,1
4892,93836,28454,1536,1
4893,82630,25080,1536,1
4894,81150,24627,1536,1
4895,81364,24691,1536,1
4896,80752,24504,1536,1
4897,80602,24461,1536,1
4898,78324,23770,1536,1
4899,76140,23110,1536,1
4900,76828,23316,1536,1
4901,76760,23273,1536,1
4902,82016,24891,1536,1
4903,78366,23779,1536,1
4904,77402,23487,1536,1
4905,76502,23196,1536,1
4906,76876,23322,1536,1
4907,77914,23623,1536,1
4908,76488,23190,1536,1
4909,76374,23163,1536,1
4910,75924,23027,1536,1
4911,76770,23285,1536,1
4912,76696,23261,1536,1
4913,76448,23172,1536,1
4914,76392,23163,1536,1
4915,109626,33276,1536,1
4916,121334,36821,1536,1
4917,82532,25044,1536,1
4918,82336,24960,1536,1
4919,78276,23758,1536,1
4920,75168,22813,1536,1
4921,74860,22697,1536,1
4922,74086,22462,1536,1
4923,74728,22667,1536,1
4924,121564,36884,1536,1
4925,78652,23865,1536,1
4926,91348,27730,1536,1
4927,79336,24075,1536,1
4928,78310,23765,1536,1
4929,78766,23906,1536,1
4930,78748,23892,1536,1
4931,77012,23374,1536,1
4932,79076,23992,1536,1
4933,76700,23276,1536,1
4934,78760,23896,1536,1
4935,78814,23915,1536,1
4936,77922,23652,1536,1
4937,74826,22687,1536,1
4938,74036,22450,1536,1
4939,75116,22797,1536,1
4940,74660,22655,1536,1
4941,74938,22738,1536,1
4942,74834,22712,1536,1
4943,74018,22453,1536,1
4944,74202,22504,1536,1
4945,86694,26324,1536,1
4946,93280,28289,1536,1
4947,171486,52014,1536,1
4948,74568,22617,1536,1
4949,74576,22636,1536,1
4950,75632,22942,1536,1
4951,72962,22128,1536,1
4952,72008,21844,1536,1
4953,72494,21990,1536,1
4954,72492,21987,1536,1
4955,72942,22121,1536,1
4956,73834,22409,1536,1
4957,75420,22888,1536,1
4958,74054,22470,1536,1
4959,71716,21768,1536,1
4960,72148,21884,1536,1
4961,72394,21948,1536,1
4962,71786,21786,1536,1
4963,72016,21835,1536,1
4964,73600,22311,1536,1
4965,74652,22656,1536,1
4966,82940,25177,1536,1
4967,79068,23995,1536,1
4968,77626,23541,1536,1
4969,77452,23502,1536,1
4970,113894,34553,1536,1
4971,78400,23790,1536,1
4972,200330,60746,1536,1
4973,118798,36043,1536,1
4974,118898,36072,1536,1
4975,118584,35988,1536,1
4976,118102,35831,1536,1
4977,186622,56933,1536,1
4978,113896,34558,1536,1
4979,117044,35508,1536,1
4980,119188,36160,1536,1
4981,385600,117162,1536,1
4982,98160,29796,1536,1
4983,77590,23548,1536,1
4984,82844,25116,1536,1
4985,77746,23593,1536,1
4986,77580,23538,1536,1
4987,82050,24906,1536,1
4988,73086,22186,1536,1
4989,130106,39451,1536,1
4990,73650,22350,1536,1
4991,72594,22021,1536,1
4992,70668,21428,1536,1
4993,72610,22024,1536,1
4994,72262,21909,1536,1
4995,72516,21982,1536,1
4996,72584,22006,1536,1
4997,72102,21861,1536,1
4998,71764,21783,1536,1
4999,86670,26298,1536,1
5000,75338,22859,1536,1
5001,73008,22154,1536,1
5002,72776,22088,1536,1
5003,72548,22020,1536,1
5004,73042,22164,1536,1
5005,72580,22013,1536,1
5006,72650,22048,1536,1
5007,71906,21800,1536,1
5008,81808,24823,1536,1
5009,72316,21947,1536,1
5010,72320,21926,1536,1
5011,72634,22022,1536,1
5012,77454,23477,1536,1
5013,72656,22039,1536,1
5014,72214,21906,1536,1
5015,71798,21791,1536,1
5016,129078,39154,1536,1
5017,74892,22726,1536,1
5018,115888,35135,1536,1
5019,71640,21728,1536,1
5020,72638,22032,1536,1
5021,111274,33760,1536,1
5022,107042,32478,1536,1
5023,106894,32428,1536,1
5024,106112,32184,1536,1
5025,125000,37901,1536,1
5026,111918,33941,1536,1
5027,105896,32137,1536,1
5028,73624,22331,1536,1
5029,89298,27099,1536,1
5030,73702,22365,1536,1
5031,75112,22769,1536,1
5032,75318,22843,1536,1
5033,74336,22561,1536,1
5034,74692,22642,1536,1
5035,74240,22519,1536,1
5036,73686,22337,1536,1
5037,74154,22484,1536,1
5038,74108,22478,1536,1
5039,74712,22671,1536,1
5040,74130,22483,1536,1
5041,76552,23228,1536,1
5042,75366,22869,1536,1
5043,74818,22703,1536,1
5044,75424,22889,1536,1
5045,72976,22146,1536,1
5046,74842,22689,1536,1
5047,75654,22960,1536,1
5048,76778,23297,1536,1
5049,75460,22897,1536,1
5050,74692,22658,1536,1
5051,87790,26634,1536,1
5052,74514,22618,1536,1
5053,74954,22744,1536,1
5054,74310,22554,1536,1
5055,73582,22334,1536,1
5056,74600,22631,1536,1
5057,74178,22489,1536,1
5058,74454,22583,1536,1
5059,73838,22398,1536,1
5060,75126,22784,1536,1
5061,86240,26187,1536,1
5062,79636,24174,1536,1
5063,82466,25028,1536,1
5064,81744,24805,1536,1
5065,74820,22708,1536,1
5066,73952,22420,1536,1
5067,74194,22491,1536,1
5068,74622,22633,1536,1
5069,74216,22521,1536,1
5070,112428,34080,1536,1
5071,74750,22674,1536,1
5072,85202,25848,1536,1
5073,76036,23078,1536,1
5074,105416,31985,1536,1
5075,74564,22615,1536,1
5076,71834,21792,1536,1
5077,74390,22563,1536,1
5078,80100,24307,1536,1
5079,78474,23813,1536,1
5080,110868,33640,1536,1
5081,79022,23966,1536,1
5082,75738,22988,1536,1
5083,74134,22486,1536,1
5084,74650,22656,1536,1
5085,74404,22581,1536,1
5086,74204,22517,1536,1
5087,111462,33800,1536,1
5088,74392,22567,1536,1
5089,75360,22848,1536,1
5090,87180,26432,1536,1
5091,114304,34651,1536,1
5092,108846,33018,1536,1
5093,175924,53350,1536,1
5094,94176,28581,1536,1
5095,78750,23896,1536,1
5096,78598,23847,1536,1
5097,78612,23857,1536,1
5098,79760,24206,1536,1
5099,77684,23572,1536,1
5100,202811,62037,1536,1
5101,76776,23297,1536,1
5102,153632,46610,1536,1
5103,111934,33965,1536,1
5104,138946,42148,1536,1
5105,125974,38221,1536,1
5106,134592,40821,1536,1
5107,130586,39617,1536,1
5108,110200,33441,1536,1
5109,102484,31105,1536,1
5110,116376,35315,1536,1
5111,112266,34065,1536,1
5112,117442,35640,1536,1
5113,106032,32179,1536,1
5114,95906,29126,1536,1
5115,106174,32230,1536,1
5116,117858,35752,1536,1
5117,111602,33867,1536,1
5118,108680,32973,1536,1
5119,116718,35421,1536,1
5120,115386,35016,1536,1
5121,106478,32312,1536,1
5122,136460,41413,1536,1
5123,136156,41270,1536,1
5124,132670,40251,1536,1
5125,133340,40439,1536,1
5126,102446,31084,1536,1
5127,104160,31598,1536,1
5128,109624,33233,1536,1
5129,103012,31349,1536,1
5130,119976,36637,1536,1
5131,113622,34464,1536,1
5132,128184,38859,1536,1
5133,106054,32185,1536,1
5134,166834,50591,1536,1
5135,119252,36156,1536,1
5136,112196,34008,1536,1
5137,111288,33761,1536,1
5138,82038,24894,1536,1
5139,122480,37157,1536,1
5140,82962,25152,1536,1
5141,82374,25000,1536,1
5142,123292,37409,1536,1
5143,127998,38843,1536,1
5144,133528,40507,1536,1
5145,131850,39999,1536,1
5146,103290,31339,1536,1
5147,99328,30124,1536,1
5148,103178,31317,1536,1
5149,81898,24837,1536,1
5150,81762,24797,1536,1
5151,81304,24668,1536,1
5152,81800,24797,1536,1
5153,82030,24891,1536,1
5154,81286,24663,1536,1
5155,84462,25625,1536,1
5156,77506,23518,1536,1
5157,77752,23579,1536,1
5158,77036,23368,1536,1
5159,78620,23845,1536,1
5160,78126,23686,1536,1
5161,76440,23187,1536,1
5162,84666,25696,1536,1
5163,200914,61493,1536,1
5164,119388,36231,1536,1
5165,81360,24665,1536,1
5166,81270,24662,1536,1
5167,81036,24593,1536,1
5168,1137612,344899,1536,1
5169,114146,34651,1536,1
5170,104444,31702,1536,1
5171,81646,24778,1536,1
5172,96852,29404,1536,1
5173,77368,23453,1536,1
5174,82188,24927,1536,1
5175,81342,24680,1536,1
5176,253680,76894,1536,1
5177,104290,31644,1536,1
5178,98352,29849,1536,1
5179,129832,39375,1536,1
5180,106422,32280,1536,1
5181,117432,35631,1536,1
5182,92690,28123,1536,1
5183,125486,38067,1536,1
5184,136918,41523,1536,1
5185,128310,38911,1536,1
5186,128504,38994,1536,1
5187,128368,38946,1536,1
5188,124334,37716,1536,1
5189,104686,31776,1536,1
5190,138014,41875,1536,1
5191,190404,57735,1536,1
5192,119680,36317,1536,1
5193,118158,35851,1536,1
5194,127408,38655,1536,1
5195,117178,35556,1536,1
5196,168696,51169,1536,1
5197,127360,38627,1536,1
5198,166252,50445,1536,1
5199,128844,39095,1536,1
5200,127910,38797,1536,1
5201,129948,39427,1536,1
5202,124976,37927,1536,1
5203,126612,38412,1536,1
5204,122910,37298,1536,1
5205,123760,37521,1536,1
5206,116888,35460,1536,1
5207,144932,43938,1536,1
5208,114372,34672,1536,1
5209,114968,34886,1536,1
5210,121310,36810,1536,1
5211,115798,35144,1536,1
5212,115100,34940,1536,1
5213,123728,37545,1536,1
5214,116098,35226,1536,1
5215,124768,37862,1536,1
5216,113638,34492,1536,1
5217,153862,46677,1536,1
5218,122560,37195,1536,1
5219,117534,35670,1536,1
5220,118548,35969,1536,1
5221,135170,41006,1536,1
5222,122888,37292,1536,1
5223,82932,25173,1536,1
5224,120472,36558,1536,1
5225,79782,24215,1536,1
5226,131450,39881,1536,1
5227,110384,33466,1536,1
5228,131856,40012,1536,1
5229,148668,45096,1536,1
5230,144108,43699,1536,1
5231,162937,49536,1536,1
5232,87608,26585,1536,1
5233,142454,43289,1536,1
5234,90748,27531,1536,1
5235,119668,36320,1536,1
5236,128322,38947,1536,1
5237,230862,70010,1536,1
5238,126804,38478,1536,1
5239,86814,26344,1536,1
5240,86412,26219,1536,1
5241,84422,25622,1536,1
5242,516841,156900,1536,1
5243,141868,43032,1536,1
5244,204746,62202,1536,1
5245,118660,36005,1536,1
5246,811748,246445,1536,1
5247,135976,41259,1536,1
5248,108524,32926,1536,1
5249,155730,47233,1536,1
5250,134994,40955,1536,1
5251,129788,39385,1536,1
5252,137140,41614,1536,1
5253,130658,39649,1536,1
5254,128676,39037,1536,1
5255,197524,59866,1536,1
5256,124702,37804,1536,1
5257,118164,35862,1536,1
5258,156808,47635,1536,1
5259,128478,38985,1536,1
5260,128378,38961,1536,1
5261,143268,43464,1536,1
5262,125164,37980,1536,1
5263,150572,45676,1536,1
5264,186004,56415,1536,1
5265,118066,35813,1536,1
5266,115322,35009,1536,1
5267,124286,37711,1536,1
5268,132860,40312,1536,1
5269,120616,36603,1536,1
5270,135754,41187,1536,1
5271,132918,40336,1536,1
5272,154052,46705,1536,1
5273,134090,40671,1536,1
5274,128796,39083,1536,1
5275,137884,41842,1536,1
5276,135214,41014,1536,1
5277,138740,42094,1536,1
5278,172540,52354,1536,1
5279,141856,43042,1536,1
5280,140566,42647,1536,1
5281,133700,40577,1536,1
5282,129662,39343,1536,1
5283,147230,44674,1536,1
5284,131936,39997,1536,1
5285,135328,41079,1536,1
5286,113766,34528,1536,1
5287,129658,39340,1536,1
5288,132934,40297,1536,1
5289,131350,39816,1536,1
5290,134828,40914,1536,1
5291,132882,40320,1536,1
5292,132496,40225,1536,1
5293,117408,35616,1536,1
5294,125220,37996,1536,1
5295,119116,36150,1536,1
5296,126632,38423,1536,1
5297,186488,56566,1536,1
5298,139172,42230,1536,1
5299,157672,47861,1536,1
5300,193156,58585,1536,1
5301,131822,39996,1536,1
5302,138052,41894,1536,1
5303,133486,40493,1536,1
5304,136316,41371,1536,1
5305,151534,45965,1536,1
5306,108802,33012,1536,1
5307,104330,31666,1536,1
5308,107890,32709,1536,1
5309,111376,33794,1536,1
5310,111688,33893,1536,1
5311,117988,35808,1536,1
5312,105674,32075,1536,1
5313,127436,38666,1536,1
5314,133634,40543,1536,1
5315,121092,36743,1536,1
5316,117818,35756,1536,1
5317,102644,31163,1536,1
5318,109142,33114,1536,1
5319,139592,42379,1536,1
5320,115202,34957,1536,1
5321,114304,34690,1536,1
5322,119304,36198,1536,1
5323,117340,35599,1536,1
5324,109502,33236,1536,1
5325,85944,26077,1536,1
5326,86286,26171,1536,1
5327,86294,26182,1536,1
5328,108206,32828,1536,1
5329,156226,47384,1536,1
5330,116358,35302,1536,1
5331,120590,36591,1536,1
5332,118032,35820,1536,1
5333,194858,59089,1536,1
5334,126010,38242,1536,1
5335,133360,40480,1536,1
5336,159162,48286,1536,1
5337,166562,50530,1536,1
5338,166044,50374,1536,1
5339,190730,57824,1536,1
5340,156268,47390,1536,1
5341,121188,36742,1536,1
5342,114196,34645,1536,1
5343,130816,39688,1536,1
5344,86936,26380,1536,1
5345,117828,35752,1536,1
5346,97032,29455,1536,1
5347,130914,39692,1536,1
5348,134856,40921,1536,1
5349,85860,26057,1536,1
5350,84364,25598,1536,1
5351,84936,25772,1536,1
5352,84026,25501,1536,1
5353,81558,24757,1536,1
5354,79352,24066,1536,1
5355,79480,24112,1536,1
5356,114494,34726,1536,1
5357,107816,32689,1536,1
5358,126494,38361,1536,1
5359,117092,35525,1536,1
5360,122862,37282,1536,1
5361,146158,44340,1536,1
5362,220438,66910,1536,1
5363,133536,40508,1536,1
5364,128452,38966,1536,1
5365,84092,25515,1536,1
5366,83336,25290,1536,1
5367,83222,25255,1536,1
5368,83250,25259,1536,1
5369,83584,25366,1536,1
5370,83074,25205,1536,1
5371,83024,25196,1536,1
5372,82930,25164,1536,1
5373,103204,31328,1536,1
5374,122652,37221,1536,1
5375,84554,25633,1536,1
5376,84628,25685,1536,1
5377,83258,25264,1536,1
5378,108338,32835,1536,1
5379,88274,26781,1536,1
5380,83652,25381,1536,1
5381,83748,25417,1536,1
5382,95856,29080,1536,1
5383,80132,24295,1536,1
5384,108866,33043,1536,1
5385,135458,41101,1536,1
5386,130132,39486,1536,1
5387,85390,25910,1536,1
5388,84680,25696,1536,1
5389,85054,25810,1536,1
5390,84134,25531,1536,1
5391,86562,26262,1536,1
5392,83792,25429,1536,1
5393,107868,32719,1536,1
5394,109194,33125,1536,1
5395,119212,36178,1536,1
5396,84522,25644,1536,1
5397,81044,24589,1536,1
5398,110690,33589,1536,1
5399,83370,25300,1536,1
5400,83902,25459,1536,1
5401,82034,24889,1536,1
5402,85102,25820,1536,1
5403,91552,27783,1536,1
5404,79638,24170,1536,1
5405,79038,23971,1536,1
5406,183722,55718,1536,1
5407,100290,30432,1536,1
5408,112834,34225,1536,1
5409,101364,30766,1536,1
5410,119612,36291,1536,1
5411,123480,37591,1536,1
5412,120592,36724,1536,1
5413,196082,59831,1536,1
5414,215230,65269,1536,1
5415,125198,37963,1536,1
5416,94772,28758,1536,1
5417,98828,29979,1536,1
5418,100914,30596,1536,1
5419,110322,33470,1536,1
5420,107960,32761,1536,1
5421,126918,38468,1536,1
5422,111000,33677,1536,1
5423,134324,40765,1536,1
5424,128154,38881,1536,1
5425,125216,37998,1536,1
5426,115932,35174,1536,1
5427,115186,34950,1536,1
5428,120186,36468,1536,1
5429,99454,30185,1536,1
5430,202542,61494,1536,1
5431,104822,31839,1536,1
5432,87364,26497,1536,1
5433,108944,33024,1536,1
5434,198802,60296,1536,1
5435,116736,35426,1536,1
5436,103970,31555,1536,1
5437,82626,25070,1536,1
5438,99496,30197,1536,1
5439,86198,26153,1536,1
5440,120580,36578,1536,1
5441,156542,47476,1536,1
5442,123136,37325,1536,1
5443,221440,67346,1536,1
5444,261835,79983,1536,1
5445,108356,32870,1536,1
5446,310524,94168,1536,1
5447,199831,61304,1536,1
5448,101764,30869,1536,1
5449,105554,32025,1536,1
5450,108566,32953,1536,1
5451,103030,31256,1536,1
5452,105528,32017,1536,1
5453,105768,32097,1536,1
5454,104922,31832,1536,1
5455,295574,90963,1536,1
5456,132090,40077,1536,1
5457,86574,26265,1536,1
5458,84200,25546,1536,1
5459,84004,25489,1536,1
5460,110516,33541,1536,1
5461,125216,38001,1536,1
5462,120316,36869,1536,1
5463,84186,25541,1536,1
5464,82418,24986,1536,1
5465,145990,44303,1536,1
5466,87600,26577,1536,1
5467,83616,25377,1536,1
5468,207443,63274,1536,1
5469,120716,36636,1536,1
5470,131310,39835,1536,1
5471,87410,26524,1536,1
5472,84356,25592,1536,1
5473,92870,28159,1536,1
5474,87804,26650,1536,1
5475,97050,29451,1536,1
5476,132250,40105,1536,1
5477,133494,40495,1536,1
5478,128084,38871,1536,1
5479,194766,59072,1536,1
5480,155824,47273,1536,1
5481,145900,44266,1536,1
5482,119170,36160,1536,1
5483,106094,32199,1536,1
5484,117254,35583,1536,1
5485,165888,50340,1536,1
5486,79604,24155,1536,1
5487,114508,34753,1536,1
5488,180134,54621,1536,1
5489,97860,29693,1536,1
5490,97376,29514,1536,1
5491,81154,24624,1536,1
5492,76712,23253,1536,1
5493,145768,44223,1536,1
5494,146324,44391,1536,1
5495,145852,44209,1536,1
5496,146600,44478,1536,1
5497,225144,68257,1536,1
5498,91240,27703,1536,1
5499,106406,32258,1536,1
5500,84176,25555,1536,1
5501,101618,30842,1536,1
5502,79934,24252,1536,1
5503,81674,24783,1536,1
5504,77224,23431,1536,1
5505,100938,30633,1536,1
5506,106520,32319,1536,1
5507,100076,30336,1536,1
5508,89672,27217,1536,1
5509,96294,29214,1536,1
5510,96498,29275,1536,1
5511,98596,29890,1536,1
5512,158498,48070,1536,1
5513,100806,30593,1536,1
5514,107080,32496,1536,1
5515,114224,34629,1536,1
5516,125078,37928,1536,1
5517,117232,35559,1536,1
5518,109966,33356,1536,1
5519,97492,29585,1536,1
5520,125746,38160,1536,1
5521,98860,30006,1536,1
5522,79192,24034,1536,1
5523,129764,39377,1536,1
5524,106328,32231,1536,1
5525,150294,45590,1536,1
5526,121174,36766,1536,1
5527,94462,28695,1536,1
5528,225130,68250,1536,1
5529,318372,96755,1536,1
5530,95662,29027,1536,1
5531,159360,48334,1536,1
5532,112332,34098,1536,1
5533,116030,35189,1536,1
5534,105306,31945,1536,1
5535,89212,27045,1536,1
5536,100208,30375,1536,1
5537,88854,26939,1536,1
5538,103006,31261,1536,1
5539,117254,35585,1536,1
5540,122344,37116,1536,1
5541,115392,35020,1536,1
5542,120366,36596,1536,1
5543,120356,36520,1536,1
5544,113148,34334,1536,1
5545,114860,34848,1536,1
5546,121524,36871,1536,1
5547,125422,38068,1536,1
5548,115148,34938,1536,1
5549,113734,34515,1536,1
5550,114298,34677,1536,1
5551,116830,35451,1536,1
5552,115316,34990,1536,1
5553,123950,37605,1536,1
5554,128800,39075,1536,1
5555,177428,54124,1536,1
5556,104560,31777,1536,1
5557,125906,38256,1536,1
5558,119900,36376,1536,1
5559,114710,34859,1536,1
5560,119518,36272,1536,1
5561,114406,34721,1536,1
5562,107022,32481,1536,1
5563,113074,34302,1536,1
5564,106486,32312,1536,1
5565,105804,32099,1536,1
5566,112916,34269,1536,1
5567,112498,34136,1536,1
5568,96654,29329,1536,1
5569,98054,29752,1536,1
5570,107390,32581,1536,1
5571,98934,30019,1536,1
5572,97498,29584,1536,1
5573,106046,32184,1536,1
5574,101892,30916,1536,1
5575,104656,31841,1536,1
5576,119372,36217,1536,1
5577,125276,38008,1536,1
5578,108730,32996,1536,1
5579,128480,38983,1536,1
5580,129162,39188,1536,1
5581,125424,38055,1536,1
5582,123072,37351,1536,1
5583,116780,35452,1536,1
5584,115530,35066,1536,1
5585,100030,30367,1536,1
5586,126696,38440,1536,1
5587,111314,33782,1536,1
5588,222986,67700,1536,1
5589,97582,29616,1536,1
5590,181950,55185,1536,1
5591,92840,28173,1536,1
5592,93166,28269,1536,1
5593,234412,71099,1536,1
5594,124356,37708,1536,1
5595,118282,35883,1536,1
5596,99818,30289,1536,1
5597,130682,39655,1536,1
5598,136020,41253,1536,1
5599,133664,40564,1536,1
5600,133124,40389,1536,1
5601,169402,51391,1536,1
5602,120242,36487,1536,1
5603,117790,35742,1536,1
5604,113070,34316,1536,1
5605,130292,39528,1536,1
5606,133522,40530,1536,1
5607,125958,38212,1536,1
5608,137830,41829,1536,1
5609,124870,37889,1536,1
5610,124038,37649,1536,1
5611,136110,41304,1536,1
5612,137244,41620,1536,1
5613,136504,41413,1536,1
5614,137162,41613,1536,1
5615,135814,41240,1536,1
5616,124608,37887,1536,1
5617,87046,26397,1536,1
5618,125374,38039,1536,1
5619,124726,37849,1536,1
5620,102830,31225,1536,1
5621,125952,38209,1536,1
5622,133056,40362,1536,1
5623,124046,37634,1536,1
5624,164548,50071,1536,1
5625,122772,37257,1536,1
5626,124674,37836,1536,1
5627,121008,36714,1536,1
5628,123546,37475,1536,1
5629,100668,30582,1536,1
5630,87082,26427,1536,1
5631,86146,26137,1536,1
5632,107432,32605,1536,1
5633,120656,36594,1536,1
5634,128734,39079,1536,1
5635,133888,40629,1536,1
5636,128776,39050,1536,1
5637,127158,38553,1536,1
5638,136802,41509,1536,1
5639,137708,41783,1536,1
5640,140536,42639,1536,1
5641,137274,41658,1536,1
5642,146330,44397,1536,1
5643,132398,40164,1536,1
5644,130790,39692,1536,1
5645,131014,39752,1536,1
5646,131234,39828,1536,1
5647,118236,35886,1536,1
5648,127484,38688,1536,1
5649,130124,39496,1536,1
5650,125796,38168,1536,1
5651,121742,36931,1536,1
5652,357022,108568,1536,1
5653,104192,31620,1536,1
5654,137838,41820,1536,1
5655,137840,41817,1536,1
5656,130966,39737,1536,1
5657,133638,40513,1536,1
5658,132198,40109,1536,1
5659,121514,36876,1536,1
5660,123258,37397,1536,1
5661,122524,37163,1536,1
5662,90066,27329,1536,1
5663,133572,40550,1536,1
5664,200908,60941,1536,1
5665,140274,42552,1536,1
5666,394200,119457,1536,1
5667,136894,41542,1536,1
5668,135842,41222,1536,1
5669,132684,40261,1536,1
5670,147734,44822,1536,1
5671,1902599,576627,1536,1
5672,137966,41865,1536,1
5673,133904,40643,1536,1
5674,89480,27147,1536,1
5675,88620,26889,1536,1
5676,89330,27106,1536,1
5677,131716,39974,1536,1
5678,235002,71249,1536,1
5679,89810,27249,1536,1
5680,90856,27567,1536,1
5681,89546,27175,1536,1
5682,89264,27085,1536,1
5683,89804,27254,1536,1
5684,143070,43418,1536,1
5685,120074,36432,1536,1
5686,136884,41540,1536,1
5687,127660,38740,1536,1
5688,124362,37743,1536,1
5689,133980,40647,1536,1
5690,128080,38832,1536,1
5691,152494,46275,1536,1
5692,130246,39524,1536,1
5693,130824,39697,1536,1
5694,117232,35579,1536,1
5695,113736,34515,1536,1
5696,134386,40783,1536,1
5697,128760,39073,1536,1
5698,137066,41559,1536,1
5699,139792,42417,1536,1
5700,323158,98051,1536,1
5701,122858,37279,1536,1
5702,128890,39236,1536,1
5703,147304,44691,1536,1
5704,136470,41416,1536,1
5705,125478,38081,1536,1
5706,145558,44205,1536,1
5707,135116,41012,1536,1
5708,132976,40337,1536,1
5709,130354,39694,1536,1
5710,137070,41591,1536,1
5711,201840,61255,1536,1
5712,132102,40084,1536,1
5713,129596,39375,1536,1
5714,127612,38732,1536,1
5715,128828,39070,1536,1
5716,137186,41637,1536,1
5717,139200,42240,1536,1
5718,137806,41797,1536,1
5719,138404,41994,1536,1
5720,160908,48817,1536,1
5721,131542,39931,1536,1
5722,136020,41278,1536,1
5723,120346,36487,1536,1
5724,135380,41078,1536,1
5725,136930,41553,1536,1
5726,131386,39853,1536,1
5727,142448,43215,1536,1
5728,137444,41706,1536,1
5729,119992,36399,1536,1
5730,138514,42026,1536,1
5731,139310,42287,1536,1
5732,134834,40915,1536,1
5733,355112,107632,1536,1
5734,114142,34641,1536,1
5735,127710,38754,1536,1
5736,136188,41314,1536,1
5737,111734,33911,1536,1
5738,132602,40228,1536,1
5739,129328,39241,1536,1
5740,122056,37033,1536,1
5741,379248,114918,1536,1
5742,104438,31683,1536,1
5743,103388,31379,1536,1
5744,122932,37293,1536,1
5745,202302,61359,1536,1
5746,90038,27330,1536,1
5747,130012,39427,1536,1
5748,135330,41054,1536,1
5749,133282,40458,1536,1
5750,120702,36622,1536,1
5751,134774,40893,1536,1
5752,121898,36997,1536,1
5753,86320,26194,1536,1
5754,86336,26200,1536,1
5755,85734,26016,1536,1
5756,93730,28419,1536,1
5757,119290,36200,1536,1
5758,127928,38814,1536,1
5759,140748,42724,1536,1
5760,122890,37296,1536,1
5761,203098,61570,1536,1
5762,120670,36619,1536,1
5763,123582,37495,1536,1
5764,124330,37726,1536,1
5765,87076,26426,1536,1
5766,114064,34650,1536,1
5767,126756,38461,1536,1
5768,121740,36938,1536,1
5769,83536,25356,1536,1
5770,85906,26066,1536,1
5771,86664,26298,1536,1
5772,85526,25953,1536,1
5773,88208,26780,1536,1
5774,81390,24688,1536,1
5775,81334,24655,1536,1
5776,80750,24503,1536,1
5777,93422,28328,1536,1
5778,122246,37067,1536,1
5779,124164,37645,1536,1
5780,136116,41268,1536,1
5781,127412,38778,1536,1
5782,139778,42371,1536,1
5783,122132,37072,1536,1
5784,220342,66814,1536,1
5785,133784,40589,1536,1
5786,118820,36063,1536,1
5787,129528,39303,1536,1
5788,132380,40164,1536,1
5789,133450,40491,1536,1
5790,130690,39624,1536,1
5791,135870,41225,1536,1
5792,128466,38994,1536,1
5793,144922,43990,1536,1
5794,122732,37235,1536,1
5795,186700,56629,1536,1
5796,123982,37612,1536,1
5797,128362,38946,1536,1
5798,124504,37772,1536,1
5799,126930,38516,1536,1
5800,124162,37660,1536,1
5801,127240,38613,1536,1
5802,129764,39374,1536,1
5803,126142,38236,1536,1
5804,111040,33675,1536,1
5805,120158,36473,1536,1
5806,121694,36926,1536,1
5807,129794,39385,1536,1
5808,86962,26389,1536,1
5809,87268,26478,1536,1
5810,86386,26214,1536,1
5811,86548,26264,1536,1
5812,85840,26048,1536,1
5813,86282,26178,1536,1
5814,95032,28854,1536,1
5815,80246,24341,1536,1
5816,81634,24745,1536,1
5817,81652,24765,1536,1
5818,111908,33963,1536,1
5819,81846,24824,1536,1
5820,132330,40108,1536,1
5821,114560,34747,1536,1
5822,115566,35077,1536,1
5823,130436,39585,1536,1
5824,139492,42303,1536,1
5825,129960,39401,1536,1
5826,82846,25129,1536,1
5827,91044,27631,1536,1
5828,121022,36719,1536,1
5829,122166,37061,1536,1
5830,124836,37879,1536,1
5831,87982,26690,1536,1
5832,114554,34743,1536,1
5833,130048,39456,1536,1
5834,124546,37798,1536,1
5835,95008,28856,1536,1
5836,98236,29835,1536,1
5837,129314,39226,1536,1
5838,131796,39986,1536,1
5839,120188,36445,1536,1
5840,209794,63584,1536,1
5841,126182,38248,1536,1
5842,121390,36797,1536,1
5843,117930,35793,1536,1
5844,130494,39581,1536,1
5845,137212,41634,1536,1
5846,132538,40195,1536,1
5847,140136,42509,1536,1
5848,130842,39708,1536,1
5849,197554,59915,1536,1
5850,137788,41786,1536,1
5851,133626,40502,1536,1
5852,137582,41738,1536,1
5853,124756,37856,1536,1
5854,126312,38328,1536,1
5855,151214,45880,1536,1
5856,184876,56158,1536,1
5857,133308,40456,1536,1
5858,129430,39253,1536,1
5859,135030,40967,1536,1
5860,126526,38395,1536,1
5861,89010,27006,1536,1
5862,87098,26400,1536,1
5863,131486,39891,1536,1
5864,123310,37415,1536,1
5865,124812,37859,1536,1
5866,88536,26871,1536,1
5867,178665,54528,1536,1
5868,111990,33999,1536,1
5869,87154,26446,1536,1
5870,87458,26543,1536,1
5871,85494,25928,1536,1
5872,94652,28712,1536,1
5873,86346,26200,1536,1
5874,84160,25535,1536,1
5875,82290,24975,1536,1
5876,88372,26814,1536,1
5877,79380,24092,1536,1
5878,78778,23907,1536,1
5879,76504,23190,1536,1
5880,78412,23772,1536,1
5881,78614,23842,1536,1
5882,76738,23279,1536,1
5883,109166,33096,1536,1
5884,78606,23841,1536,1
5885,78012,23654,1536,1
5886,86316,26219,1536,1
5887,84838,25747,1536,1
5888,83946,25461,1536,1
5889,206350,62572,1536,1
5890,102052,30978,1536,1
5891,84200,25546,1536,1
5892,82950,25170,1536,1
5893,83488,25330,1536,1
5894,105220,31937,1536,1
5895,105392,32026,1536,1
5896,98278,29812,1536,1
5897,84638,25682,1536,1
5898,78772,23905,1536,1
5899,77712,23574,1536,1
5900,78630,23841,1536,1
5901,77890,23640,1536,1
5902,77750,23580,1536,1
5903,123756,37543,1536,1
5904,115120,34898,1536,1
5905,117612,35678,1536,1
5906,120940,36706,1536,1
5907,118126,35815,1536,1
5908,85298,25894,1536,1
5909,81764,24807,1536,1
5910,81312,24672,1536,1
5911,119474,36250,1536,1
5912,78464,23808,1536,1
5913,120998,36714,1536,1
5914,129756,39335,1536,1
5915,78724,23882,1536,1
5916,76744,23267,1536,1
5917,77868,23614,1536,1
5918,91878,27892,1536,1
5919,81388,24697,1536,1
5920,81446,24710,1536,1
5921,80954,24570,1536,1
5922,82442,25013,1536,1
5923,81282,24668,1536,1
5924,83762,25432,1536,1
5925,81688,24764,1536,1
5926,80848,24539,1536,1
5927,80900,24546,1536,1
5928,80716,24494,1536,1
5929,75628,22938,1536,1
5930,77404,23468,1536,1
5931,104642,31758,1536,1
5932,76788,23301,1536,1
5933,135862,41224,1536,1
5934,128176,38879,1536,1
5935,122360,37130,1536,1
5936,125582,38093,1536,1
5937,119692,36322,1536,1
5938,124940,37914,1536,1
5939,139046,42178,1536,1
5940,116682,35374,1536,1
5941,123916,37600,1536,1
5942,126958,38526,1536,1
5943,130724,39664,1536,1
5944,127712,38711,1536,1
5945,126476,38368,1536,1
5946,138144,41906,1536,1
5947,128202,38896,1536,1
5948,80314,24378,1536,1
5949,90608,27485,1536,1
5950,77048,23368,1536,1
5951,74380,22559,1536,1
5952,76642,23259,1536,1
5953,83922,25464,1536,1
5954,77590,23552,1536,1
5955,108236,32847,1536,1
5956,76918,23321,1536,1
5957,77148,23409,1536,1
5958,75880,23001,1536,1
5959,76158,23114,1536,1
5960,93116,28265,1536,1
5961,87236,26471,1536,1
5962,112178,34030,1536,1
5963,117522,35664,1536,1
5964,107962,32763,1536,1
5965,116760,35407,1536,1
5966,105434,31981,1536,1
5967,113746,34497,1536,1
5968,122308,37210,1536,1
5969,81026,24591,1536,1
5970,80568,24454,1536,1
5971,79906,24247,1536,1
5972,80048,24294,1536,1
5973,80036,24289,1536,1
5974,76858,23311,1536,1
5975,80040,24295,1536,1
5976,85954,26087,1536,1
5977,89152,27068,1536,1
5978,97524,29608,1536,1
5979,78614,23855,1536,1
5980,176412,53493,1536,1
5981,87104,26429,1536,1
5982,79956,24262,1536,1
5983,79186,24020,1536,1
5984,79440,24084,1536,1
5985,79452,24099,1536,1
5986,77386,23487,1536,1
5987,152431,46661,1536,1
5988,93946,28522,1536,1
5989,119492,36265,1536,1
5990,156625,47779,1536,1
5991,84002,25493,1536,1
5992,434666,131757,1536,1
5993,134286,40752,1536,1
5994,111262,33759,1536,1
5995,117744,35726,1536,1
5996,115192,34954,1536,1
5997,113748,34512,1536,1
5998,114660,34790,1536,1
5999,111500,33832,1536,1
6000,138474,42002,1536,1
6001,171232,51969,1536,1
6002,138664,42190,1536,1
6003,116658,35370,1536,1
6004,101708,30858,1536,1
6005,96866,29388,1536,1
6006,96296,29231,1536,1
6007,97180,29504,1536,1
6008,94954,28821,1536,1
6009,115148,34942,1536,1
6010,129446,39261,1536,1
6011,118442,35957,1536,1
6012,131758,39976,1536,1
6013,191428,58046,1536,1
6014,138148,41909,1536,1
6015,114912,35057,1536,1
6016,127590,38697,1536,1
6017,114380,34689,1536,1
6018,81388,24698,1536,1
6019,83602,25364,1536,1
6020,82352,24991,1536,1
6021,82184,24944,1536,1
6022,154350,46837,1536,1
6023,121010,36720,1536,1
6024,124568,37763,1536,1
6025,121652,36911,1536,1
6026,131914,40033,1536,1
6027,135342,41064,1536,1
6028,133828,40577,1536,1
6029,109480,33220,1536,1
6030,98024,29753,1536,1
6031,162352,49241,1536,1
6032,109014,33083,1536,1
6033,102990,31236,1536,1
6034,104602,31743,1536,1
6035,103316,31356,1536,1
6036,103890,31619,1536,1
6037,102244,31025,1536,1
6038,102516,31102,1536,1
6039,118146,35833,1536,1
6040,103038,31237,1536,1
6041,105994,32157,1536,1
6042,104888,31824,1536,1
6043,127544,38698,1536,1
6044,100242,30425,1536,1
6045,103062,31269,1536,1
6046,109532,33243,1536,1
6047,107120,32486,1536,1
6048,105048,31880,1536,1
6049,107146,32508,1536,1
6050,95624,29016,1536,1
6051,102526,31110,1536,1
6052,104682,31747,1536,1
6053,95460,28964,1536,1
6054,103520,31411,1536,1
6055,109818,33305,1536,1
6056,105402,31976,1536,1
6057,105742,32087,1536,1
6058,114024,34600,1536,1
6059,100290,30427,1536,1
6060,101836,30881,1536,1
6061,99850,30304,1536,1
6062,104090,31588,1536,1
6063,234054,70988,1536,1
6064,111232,33759,1536,1
6065,81490,24715,1536,1
6066,95914,29096,1536,1
6067,120834,36642,1536,1
6068,112840,34254,1536,1
6069,400296,121305,1536,1
6070,116738,35423,1536,1
6071,104612,31747,1536,1
6072,122382,37131,1536,1
6073,476034,144789,1536,1
6074,122404,37139,1536,1
6075,118044,35827,1536,1
6076,201180,61083,1536,1
6077,88450,26842,1536,1
6078,146758,44504,1536,1
6079,128896,39077,1536,1
6080,120640,36571,1536,1
6081,120346,36488,1536,1
6082,127480,38669,1536,1
6083,91548,27776,1536,1
6084,176762,53610,1536,1
6085,127176,38548,1536,1
6086,133636,40539,1536,1
6087,142088,43068,1536,1
6088,139208,42240,1536,1
6089,118628,36000,1536,1
6090,125152,37975,1536,1
6091,114208,34656,1536,1
6092,83742,25414,1536,1
6093,86238,26168,1536,1
6094,139524,42315,1536,1
6095,130156,39502,1536,1
6096,87194,26465,1536,1
6097,86382,26217,1536,1
6098,143878,43643,1536,1
6099,83780,25423,1536,1
6100,81434,24689,1536,1
6101,81830,24830,1536,1
6102,84492,25627,1536,1
6103,117224,35552,1536,1
6104,121864,37003,1536,1
6105,113600,34463,1536,1
6106,116326,35321,1536,1
6107,128678,39035,1536,1
6108,117014,35492,1536,1
6109,123044,37329,1536,1
6110,127646,38729,1536,1
6111,107510,32632,1536,1
6112,133606,40527,1536,1
6113,112598,34305,1536,1
6114,81676,24787,1536,1
6115,81222,24635,1536,1
6116,126840,38499,1536,1
6117,116182,35259,1536,1
6118,119028,36107,1536,1
6119,107700,32696,1536,1
6120,132244,40127,1536,1
6121,98290,29842,1536,1
6122,253158,76746,1536,1
6123,87616,26591,1536,1
6124,86728,26303,1536,1
6125,148120,44949,1536,1
6126,121060,36736,1536,1
6127,134396,40778,1536,1
6128,134450,40801,1536,1
6129,131958,40047,1536,1
6130,117550,35667,1536,1
6131,145614,44694,1536,1
6132,119442,36247,1536,1
6133,92248,28008,1536,1
6134,264562,80521,1536,1
6135,136838,41514,1536,1
6136,148568,45104,1536,1
6137,135110,40991,1536,1
6138,134748,40888,1536,1
6139,139418,42311,1536,1
6140,125102,37950,1536,1
6141,129404,39265,1536,1
6142,128176,38894,1536,1
6143,237905,72688,1536,1
6144,133622,40552,1536,1
6145,127000,38494,1536,1
6146,136956,41562,1536,1
6147,2689529,814846,1536,1
6148,141308,42840,1536,1
6149,131862,40043,1536,1
6150,117902,35781,1536,1
6151,111374,33805,1536,1
6152,161610,49079,1536,1
6153,111668,33894,1536,1
6154,118732,36028,1536,1
6155,130490,39876,1536,1
6156,125572,38105,1536,1
6157,317372,96324,1536,1
6158,139088,42155,1536,1
6159,120712,36604,1536,1
6160,123986,37626,1536,1
6161,145036,44000,1536,1
6162,178110,54029,1536,1
6163,135506,41119,1536,1
6164,136586,41461,1536,1
6165,138716,42081,1536,1
6166,196778,59710,1536,1
6167,204640,62070,1536,1
6168,123310,37423,1536,1
6169,128174,38879,1536,1
6170,140002,42483,1536,1
6171,296624,90324,1536,1
6172,147856,44861,1536,1
6173,138530,42033,1536,1
6174,133270,40445,1536,1
6175,130250,39525,1536,1
6176,217372,65919,1536,1
6177,123332,37427,1536,1
6178,117088,35533,1536,1
6179,137624,41764,1536,1
6180,122142,37071,1536,1
6181,139996,42484,1536,1
6182,110882,33614,1536,1
6183,114534,34756,1536,1
6184,110912,33656,1536,1
6185,113100,34322,1536,1
6186,141034,42789,1536,1
6187,216714,65761,1536,1
6188,130656,39627,1536,1
6189,122424,37150,1536,1
6190,106886,32443,1536,1
6191,124358,37718,1536,1
6192,92372,28033,1536,1
6193,91788,27852,1536,1
6194,111324,33749,1536,1
6195,92862,28174,1536,1
6196,91316,27710,1536,1
6197,102760,31176,1536,1
6198,167534,50884,1536,1
6199,94950,28811,1536,1
6200,244317,74777,1536,1
6201,137260,41649,1536,1
6202,89876,27275,1536,1
6203,87256,26454,1536,1
6204,124302,37686,1536,1
6205,87606,26572,1536,1
6206,150796,45760,1536,1
6207,153124,46491,1536,1
6208,129318,39236,1536,1
6209,146342,44414,1536,1
6210,119202,36168,1536,1
6211,113640,34483,1536,1
6212,113576,34461,1536,1
6213,116514,35351,1536,1
6214,137516,41724,1536,1
6215,161806,49200,1536,1
6216,117562,35669,1536,1
6217,116638,35496,1536,1
6218,125966,38219,1536,1
6219,153436,46525,1536,1
6220,143204,43534,1536,1
6221,261594,79452,1536,1
6222,140304,42574,1536,1
6223,129368,39249,1536,1
6224,130228,39496,1536,1
6225,131402,39850,1536,1
6226,117358,35608,1536,1
6227,131998,40059,1536,1
6228,157000,47645,1536,1
6229,124476,37775,1536,1
6230,119404,36230,1536,1
6231,112588,34167,1536,1
6232,115874,35159,1536,1
6233,112906,34251,1536,1
6234,115292,34946,1536,1
6235,112054,33984,1536,1
6236,143572,43543,1536,1
6237,98920,29995,1536,1
6238,213354,64686,1536,1
6239,128774,39073,1536,1
6240,144846,43948,1536,1
6241,134140,40659,1536,1
6242,136818,41516,1536,1
6243,140788,42822,1536,1
6244,140852,42741,1536,1
6245,109972,33381,1536,1
6246,158640,48126,1536,1
6247,159500,48392,1536,1
6248,157414,47771,1536,1
6249,133656,40516,1536,1
6250,145552,44159,1536,1
6251,201538,61088,1536,1
6252,170714,51775,1536,1
6253,140588,42699,1536,1
6254,151084,45828,1536,1
6255,162320,49239,1536,1
6256,140190,42538,1536,1
6257,143430,43518,1536,1
6258,136682,41454,1536,1
6259,137286,41643,1536,1
6260,138450,41992,1536,1
6261,138688,42083,1536,1
6262,91612,27796,1536,1
6263,134410,40771,1536,1
6264,114814,34893,1536,1
6265,167260,50713,1536,1
6266,319954,97510,1536,1
6267,132286,40141,1536,1
6268,141186,42814,1536,1
6269,181634,55087,1536,1
6270,92010,27933,1536,1
6271,89356,27110,1536,1
6272,128294,38921,1536,1
6273,142344,43190,1536,1
6274,135576,41121,1536,1
6275,142540,43260,1536,1
6276,272932,83106,1536,1
6277,109210,33136,1536,1
6278,120656,36608,1536,1
6279,141590,42950,1536,1
6280,129350,39208,1536,1
6281,128370,38926,1536,1
6282,188632,57204,1536,1
6283,124992,37924,1536,1
6284,131764,39976,1536,1
6285,132000,40043,1536,1
6286,137196,41622,1536,1
6287,138910,42115,1536,1
6288,133614,40518,1536,1
6289,141686,43021,1536,1
6290,126620,38421,1536,1
6291,120234,36481,1536,1
6292,122916,37290,1536,1
6293,119002,36080,1536,1
6294,124940,37878,1536,1
6295,126200,38294,1536,1
6296,134930,40923,1536,1
6297,142192,43113,1536,1
6298,134786,40892,1536,1
6299,113836,34528,1536,1
6300,115378,34987,1536,1
6301,130314,39538,1536,1
6302,116606,35362,1536,1
6303,119092,36109,1536,1
6304,127764,38761,1536,1
6305,169860,51509,1536,1
6306,115468,35036,1536,1
6307,126150,38262,1536,1
6308,127348,38627,1536,1
6309,159768,48468,1536,1
6310,126292,38319,1536,1
6311,132026,40067,1536,1
6312,129082,39173,1536,1
6313,140108,42505,1536,1
6314,137210,41630,1536,1
6315,132348,40141,1536,1
6316,105990,32173,1536,1
6317,115094,34922,1536,1
6318,142830,43329,1536,1
6319,125302,38022,1536,1
6320,135134,41004,1536,1
6321,122070,37031,1536,1
6322,130746,39671,1536,1
6323,235332,71353,1536,1
6324,143018,43391,1536,1
6325,129822,39386,1536,1
6326,123186,37389,1536,1
6327,700381,212594,1536,1
6328,89652,27205,1536,1
6329,132486,40213,1536,1
6330,105276,32010,1536,1
6331,134788,40911,1536,1
6332,119078,36114,1536,1
6333,113760,34520,1536,1
6334,121590,36875,1536,1
6335,122270,37106,1536,1
6336,126678,38409,1536,1
6337,125054,38008,1536,1
6338,173466,52614,1536,1
6339,122086,37041,1536,1
6340,126608,38414,1536,1
6341,568537,173771,1536,1
6342,128564,39018,1536,1
6343,351664,106601,1536,1
6344,140158,42552,1536,1
6345,91538,27778,1536,1
6346,386354,117520,1536,1
6347,277102,84231,1536,1
6348,135592,41148,1536,1
6349,135138,41005,1536,1
6350,147178,44670,1536,1
6351,134082,40680,1536,1
6352,133378,40467,1536,1
6353,141788,43021,1536,1
6354,141494,42921,1536,1
6355,134034,40667,1536,1
6356,144536,43856,1536,1
6357,146184,44353,1536,1
6358,141742,43003,1536,1
6359,145220,44066,1536,1
6360,142724,43302,1536,1
6361,133922,40618,1536,1
6362,121924,37005,1536,1
6363,132870,40316,1536,1
6364,129350,39328,1536,1
6365,130806,39685,1536,1
6366,122530,37182,1536,1
6367,89048,27017,1536,1
6368,137434,41698,1536,1
6369,125370,38050,1536,1
6370,86542,26267,1536,1
6371,148910,45181,1536,1
6372,89190,27064,1536,1
6373,86890,26349,1536,1
6374,88344,26799,1536,1
6375,88178,26760,1536,1
6376,106310,32266,1536,1
6377,89472,27134,1536,1
6378,89698,27221,1536,1
6379,89192,27065,1536,1
6380,88864,26934,1536,1
6381,102422,31062,1536,1
6382,128238,38887,1536,1
6383,233606,70822,1536,1
6384,123108,37356,1536,1
6385,111566,33839,1536,1
6386,120254,36489,1536,1
6387,120340,36515,1536,1
6388,90122,27347,1536,1
6389,132512,40203,1536,1
6390,142152,43116,1536,1
6391,129634,39330,1536,1
6392,153234,46482,1536,1
6393,136600,41447,1536,1
6394,135972,41250,1536,1
6395,116370,35594,1536,1
6396,132606,40231,1536,1
6397,130950,39736,1536,1
6398,123902,37787,1536,1
6399,139520,42331,1536,1
6400,140504,42630,1536,1
6401,213766,65052,1536,1
6402,115378,35005,1536,1
6403,111672,33879,1536,1
6404,97702,29642,1536,1
6405,123666,37513,1536,1
6406,145618,44170,1536,1
6407,248935,75974,1536,1
6408,143372,43502,1536,1
6409,132072,40087,1536,1
6410,202340,61361,1536,1
6411,138906,42134,1536,1
6412,140552,42630,1536,1
6413,121644,36910,1536,1
6414,109030,33087,1536,1
6415,122102,37044,1536,1
6416,129592,39319,1536,1
6417,145072,44004,1536,1
6418,116848,35454,1536,1
6419,124248,37703,1536,1
6420,115318,34989,1536,1
6421,127892,38818,1536,1
6422,127284,38585,1536,1
6423,118162,35858,1536,1
6424,142264,43157,1536,1
6425,140792,42694,1536,1
6426,128424,38955,1536,1
6427,85850,26055,1536,1
6428,122854,37279,1536,1
6429,127136,38597,1536,1
6430,138238,41944,1536,1
6431,129218,39191,1536,1
6432,136342,41380,1536,1
6433,92898,28219,1536,1
6434,83012,25179,1536,1
6435,111336,33781,1536,1
6436,124180,37662,1536,1
6437,138326,41949,1536,1
6438,126640,38403,1536,1
6439,130784,39661,1536,1
6440,133618,40503,1536,1
6441,136350,41361,1536,1
6442,144882,44282,1536,1
6443,123194,37379,1536,1
6444,113932,34567,1536,1
6445,84792,25731,1536,1
6446,88934,26984,1536,1
6447,178108,54025,1536,1
6448,137154,41630,1536,1
6449,161744,49074,1536,1
6450,139078,42198,1536,1
6451,136800,41498,1536,1
6452,134030,40624,1536,1
6453,95438,28973,1536,1
6454,1678261,508677,1536,1
6455,131036,39751,1536,1
6456,124420,37749,1536,1
6457,137926,41851,1536,1
6458,149638,45392,1536,1
6459,89326,27104,1536,1
6460,115346,35026,1536,1
6461,507827,154235,1536,1
6462,250819,76472,1536,1
6463,138206,41932,1536,1
6464,126322,38343,1536,1
6465,125440,38063,1536,1
6466,107404,32603,1536,1
6467,123260,37388,1536,1
6468,123590,37473,1536,1
6469,192470,58805,1536,1
6470,137110,41595,1536,1
6471,133228,40383,1536,1
6472,140240,42529,1536,1
6473,122806,37268,1536,1
6474,142006,43097,1536,1
6475,109234,33162,1536,1
6476,134854,40894,1536,1
6477,134514,40820,1536,1
6478,109914,33524,1536,1
6479,87246,26472,1536,1
6480,134826,40859,1536,1
6481,112716,34178,1536,1
6482,130774,39674,1536,1
6483,118688,36001,1536,1
6484,106394,32285,1536,1
6485,127000,38530,1536,1
6486,109568,33257,1536,1
6487,96640,29347,1536,1
6488,124824,37883,1536,1
6489,115916,35183,1536,1
6490,127162,38587,1536,1
6491,122798,37231,1536,1
6492,132646,40242,1536,1
6493,121604,36931,1536,1
6494,129806,39402,1536,1
6495,87268,26479,1536,1
6496,179980,54541,1536,1
6497,147734,44818,1536,1
6498,86016,26101,1536,1
6499,93768,28470,1536,1
6500,117300,35603,1536,1
6501,86408,26216,1536,1
6502,86780,26333,1536,1
6503,85576,25954,1536,1
6504,87562,26541,1536,1
6505,106920,32455,1536,1
6506,146842,44526,1536,1
6507,125480,38375,1536,1
6508,122702,37224,1536,1
6509,124010,37629,1536,1
6510,126752,38461,1536,1
6511,89804,27263,1536,1
6512,86764,26325,1536,1
6513,89690,27235,1536,1
6514,103184,31296,1536,1
6515,91316,27711,1536,1
6516,85032,25808,1536,1
6517,130012,39409,1536,1
6518,106004,32145,1536,1
6519,108866,33047,1536,1
6520,139588,42348,1536,1
6521,140156,42543,1536,1
6522,133608,40546,1536,1
6523,133058,40353,1536,1
6524,201794,61202,1536,1
6525,138894,42148,1536,1
6526,138730,42087,1536,1
6527,148464,45046,1536,1
6528,136342,41376,1536,1
6529,137316,41677,1536,1
6530,136892,41548,1536,1
6531,140864,42735,1536,1
6532,122788,37340,1536,1
6533,128654,39032,1536,1
6534,124144,37660,1536,1
6535,129570,39309,1536,1
6536,203706,61797,1536,1
6537,118970,36105,1536,1
6538,122368,37142,1536,1
6539,123336,37434,1536,1
6540,176590,53552,1536,1
6541,140802,42710,1536,1
6542,106728,32396,1536,1
6543,125898,38188,1536,1
6544,131206,39796,1536,1
6545,326776,99227,1536,1
6546,137186,42033,1536,1
6547,120488,36560,1536,1
6548,91918,27887,1536,1
6549,91024,27618,1536,1
6550,86982,26403,1536,1
6551,85452,25932,1536,1
6552,84292,25551,1536,1
6553,85120,25818,1536,1
6554,84304,25556,1536,1
6555,83360,25284,1536,1
6556,89332,27109,1536,1
6557,83938,25460,1536,1
6558,83214,25251,1536,1
6559,83134,25215,1536,1
6560,115004,34861,1536,1
6561,128132,38880,1536,1
6562,124730,37852,1536,1
6563,122546,37163,1536,1
6564,122822,37260,1536,1
6565,124250,37684,1536,1
6566,127382,38617,1536,1
6567,124888,37901,1536,1
6568,113740,34507,1536,1
6569,126708,38426,1536,1
6570,136192,41335,1536,1
6571,138652,42072,1536,1
6572,132692,40259,1536,1
6573,135994,41246,1536,1
6574,127518,38672,1536,1
6575,95976,29138,1536,1
6576,116182,35265,1536,1
6577,380664,116023,1536,1
6578,243092,74072,1536,1
6579,130324,39561,1536,1
6580,297514,90286,1536,1
6581,278142,84329,1536,1
6582,145924,44273,1536,1
6583,137506,41724,1536,1
6584,205938,62585,1536,1
6585,148340,44991,1536,1
6586,152098,46153,1536,1
6587,141270,42870,1536,1
6588,144382,44015,1536,1
6589,216406,66024,1536,1
6590,140494,42631,1536,1
6591,132476,40193,1536,1
6592,128890,39076,1536,1
6593,114030,34612,1536,1
6594,117962,35792,1536,1
6595,164424,49882,1536,1
6596,115178,34914,1536,1
6597,92432,28038,1536,1
6598,158886,48220,1536,1
6599,119002,36101,1536,1
6600,90976,27606,1536,1
6601,115342,34985,1536,1
6602,91212,27660,1536,1
6603,88104,26736,1536,1
6604,88872,26966,1536,1
6605,86082,26125,1536,1
6606,88672,26905,1536,1
6607,90204,27371,1536,1
6608,88616,26892,1536,1
6609,88804,26949,1536,1
6610,89104,27043,1536,1
6611,88794,26950,1536,1
6612,84784,25731,1536,1
6613,84202,25522,1536,1
6614,84574,25670,1536,1
6615,83670,25363,1536,1
6616,84532,25628,1536,1
6617,83774,25399,1536,1
6618,83996,25491,1536,1
6619,89034,27013,1536,1
6620,88188,26760,1536,1
6621,84866,25742,1536,1
6622,86794,26315,1536,1
6623,85194,25844,1536,1
6624,97246,29521,1536,1
6625,84814,25725,1536,1
6626,109382,33206,1536,1
6627,129898,39393,1536,1
6628,87294,26465,1536,1
6629,87918,26655,1536,1
6630,128442,38934,1536,1
6631,135172,41019,1536,1
6632,181564,55029,1536,1
6633,109708,33306,1536,1
6634,113714,34508,1536,1
6635,119262,36680,1536,1
6636,108250,32842,1536,1
6637,107710,32680,1536,1
6638,107636,32655,1536,1
6639,95124,28872,1536,1
6640,83066,25200,1536,1
6641,83462,25331,1536,1
6642,81244,24645,1536,1
6643,83766,25410,1536,1
6644,83392,25283,1536,1
6645,83706,25406,1536,1
6646,82724,25104,1536,1
6647,82998,25187,1536,1
6648,83250,25270,1536,1
6649,83026,25185,1536,1
6650,83544,25340,1536,1
6651,128946,39121,1536,1
6652,109608,33247,1536,1
6653,97950,29701,1536,1
6654,86766,26319,1536,1
6655,88224,26748,1536,1
6656,87726,26626,1536,1
6657,84364,25601,1536,1
6658,84604,25677,1536,1
6659,83142,25215,1536,1
6660,84736,25719,1536,1
6661,102966,31249,1536,1
6662,82980,25168,1536,1
6663,85090,25819,1536,1
6664,83792,25427,1536,1
6665,84448,25616,1536,1
6666,84866,25729,1536,1
6667,83974,25475,1536,1
6668,83952,25455,1536,1
6669,85670,25968,1536,1
6670,84054,25484,1536,1
6671,84084,25516,1536,1
6672,91806,27853,1536,1
6673,89836,27256,1536,1
6674,87060,26419,1536,1
6675,88970,26999,1536,1
6676,90392,27429,1536,1
6677,81334,24685,1536,1
6678,80894,24550,1536,1
6679,81670,24761,1536,1
6680,80588,24463,1536,1
6681,80752,24481,1536,1
6682,86962,26393,1536,1
6683,81360,24693,1536,1
6684,82878,25135,1536,1
6685,83654,25364,1536,1
6686,81534,24739,1536,1
6687,81594,24736,1536,1
6688,81512,24725,1536,1
6689,81606,24924,1536,1
6690,81930,24850,1536,1
6691,82334,25084,1536,1
6692,115572,35079,1536,1
6693,87050,26400,1536,1
6694,112854,34251,1536,1
6695,122362,37109,1536,1
6696,139406,42251,1536,1
6697,116132,35229,1536,1
6698,123780,37559,1536,1
6699,143870,44468,1536,1
6700,123022,37342,1536,1
6701,121458,36865,1536,1
6702,128130,38889,1536,1
6703,154314,46855,1536,1
6704,133908,40630,1536,1
6705,124900,37905,1536,1
6706,128042,38857,1536,1
6707,126026,38236,1536,1
6708,126590,38390,1536,1
6709,142810,43303,1536,1
6710,85732,25997,1536,1
6711,105870,32236,1536,1
6712,119434,36236,1536,1
6713,121624,36906,1536,1
6714,112450,34123,1536,1
6715,120268,36485,1536,1
6716,112748,34221,1536,1
6717,109986,33382,1536,1
6718,125868,38172,1536,1
6719,82036,24902,1536,1
6720,129142,39167,1536,1
6721,131292,39815,1536,1
6722,102526,31085,1536,1
6723,137408,41701,1536,1
6724,127312,38622,1536,1
6725,84910,25763,1536,1
6726,82324,24984,1536,1
6727,86508,26233,1536,1
6728,85228,25838,1536,1
6729,83042,25199,1536,1
6730,83682,25392,1536,1
6731,86602,26278,1536,1
6732,147820,44843,1536,1
6733,138410,41990,1536,1
6734,132324,40159,1536,1
6735,134752,40853,1536,1
6736,111532,33871,1536,1
6737,114928,34855,1536,1
6738,129796,39392,1536,1
6739,85830,26044,1536,1
6740,87812,26642,1536,1
6741,85128,25886,1536,1
6742,82058,24896,1536,1
6743,81102,24613,1536,1
6744,115282,35020,1536,1
6745,113874,34544,1536,1
6746,109564,33249,1536,1
6747,81394,24703,1536,1
6748,80654,24472,1536,1
6749,79464,24111,1536,1
6750,80722,24495,1536,1
6751,81176,24632,1536,1
6752,79046,23991,1536,1
6753,77246,23450,1536,1
6754,77344,23463,1536,1
6755,76248,23118,1536,1
6756,78248,23742,1536,1
6757,75972,23042,1536,1
6758,76472,23180,1536,1
6759,76006,23042,1536,1
6760,76540,23231,1536,1
6761,76632,23253,1536,1
6762,76408,23193,1536,1
6763,75690,22973,1536,1
6764,76410,23173,1536,1
6765,77594,23546,1536,1
6766,76316,23164,1536,1
6767,74674,22648,1536,1
6768,76064,23057,1536,1
6769,204111,62357,1536,1
6770,127386,38659,1536,1
6771,92942,28208,1536,1
6772,114830,34850,1536,1
6773,128612,39033,1536,1
6774,110458,33518,1536,1
6775,127944,38824,1536,1
6776,108622,32968,1536,1
6777,360435,109788,1536,1
6778,98882,29968,1536,1
6779,88434,26843,1536,1
6780,79428,24098,1536,1
6781,79334,24069,1536,1
6782,76494,23219,1536,1
6783,73244,22215,1536,1
6784,74886,22715,1536,1
6785,75038,22759,1536,1
6786,88930,27090,1536,1
6787,74834,22698,1536,1
6788,74454,22580,1536,1
6789,73914,22436,1536,1
6790,74670,22663,1536,1
6791,74070,22466,1536,1
6792,72418,21970,1536,1
6793,77878,23640,1536,1
6794,73220,22211,1536,1
6795,75032,22772,1536,1
6796,74686,22642,1536,1
6797,74394,22577,1536,1
6798,73624,22346,1536,1
6799,73960,22434,1536,1
6800,74658,22635,1536,1
6801,75452,22872,1536,1
6802,73842,22390,1536,1
6803,75804,23004,1536,1
6804,74834,22707,1536,1
6805,74654,22657,1536,1
6806,75364,22865,1536,1
6807,77364,23474,1536,1
6808,89490,27159,1536,1
6809,74486,22582,1536,1
6810,73914,22411,1536,1
6811,74304,22524,1536,1
6812,74736,22654,1536,1
6813,74986,22743,1536,1
6814,75408,22889,1536,1
6815,74782,22684,1536,1
6816,74322,22559,1536,1
6817,73868,22415,1536,1
6818,72248,21915,1536,1
6819,74608,22627,1536,1
6820,73874,22408,1536,1
6821,102144,30998,1536,1
6822,74778,22671,1536,1
6823,75050,22777,1536,1
6824,128746,39060,1536,1
6825,118850,36026,1536,1
6826,111248,33761,1536,1
6827,77208,23431,1536,1
6828,75416,22887,1536,1
6829,85648,26002,1536,1
6830,76738,23282,1536,1
6831,76844,23318,1536,1
6832,76718,23266,1536,1
6833,74318,22556,1536,1
6834,125424,38058,1536,1
6835,111132,33711,1536,1
6836,110930,33660,1536,1
6837,113522,34430,1536,1
6838,123018,37333,1536,1
6839,76198,23123,1536,1
6840,76970,23355,1536,1
6841,76756,23288,1536,1
6842,85188,25843,1536,1
6843,77376,23476,1536,1
6844,104482,31695,1536,1
6845,197878,60355,1536,1
6846,263458,79852,1536,1
6847,129586,39320,1536,1
6848,163788,49687,1536,1
6849,116004,35188,1536,1
6850,82694,25091,1536,1
6851,75356,22843,1536,1
6852,74648,22633,1536,1
6853,72600,22008,1536,1
6854,122176,37065,1536,1
6855,122880,37279,1536,1
6856,121844,36972,1536,1
6857,115200,34954,1536,1
6858,117992,35766,1536,1
6859,115746,35089,1536,1
6860,121388,36826,1536,1
6861,120834,36664,1536,1
6862,126656,38425,1536,1
6863,129826,39371,1536,1
6864,113996,34596,1536,1
6865,110318,33477,1536,1
6866,140294,42570,1536,1
6867,115780,35140,1536,1
6868,107074,32490,1536,1
6869,76880,23330,1536,1
6870,133644,40573,1536,1
6871,115770,35123,1536,1
6872,113218,34353,1536,1
6873,129678,39346,1536,1
6874,74868,22723,1536,1
6875,72630,22030,1536,1
6876,72472,21982,1536,1
6877,71270,21617,1536,1
6878,72188,21894,1536,1
6879,72198,21897,1536,1
6880,72572,22013,1536,1
6881,73154,22201,1536,1
6882,72788,22090,1536,1
6883,72426,21972,1536,1
6884,72054,21844,1536,1
6885,72470,21979,1536,1
6886,72148,21873,1536,1
6887,73100,22185,1536,1
6888,73110,22192,1536,1
6889,108144,32809,1536,1
6890,107494,32580,1536,1
6891,86838,26356,1536,1
6892,72950,22114,1536,1
6893,72318,21944,1536,1
6894,72566,22008,1536,1
6895,73346,22263,1536,1
6896,72492,21988,1536,1
6897,176602,53550,1536,1
6898,72828,22089,1536,1
6899,97030,29422,1536,1
6900,71956,21824,1536,1
6901,72658,22040,1536,1
6902,70278,21307,1536,1
6903,72680,22034,1536,1
6904,71954,21812,1536,1
6905,72422,21977,1536,1
6906,71894,21807,1536,1
6907,72306,21923,1536,1
6908,73200,22214,1536,1
6909,70682,21452,1536,1
6910,72514,21982,1536,1
6911,71658,21750,1536,1
6912,72048,21853,1536,1
6913,76308,23156,1536,1
6914,71864,21807,1536,1
6915,71710,21737,1536,1
6916,74512,22611,1536,1
6917,74874,22724,1536,1
6918,72818,22087,1536,1
6919,74664,22654,1536,1
6920,72798,22070,1536,1
6921,73472,22281,1536,1
6922,72888,22106,1536,1
6923,71806,21789,1536,1
6924,71880,21803,1536,1
6925,72010,21833,1536,1
6926,78182,23768,1536,1
6927,74520,22615,1536,1
6928,72012,21844,1536,1
6929,76144,23105,1536,1
6930,75690,22968,1536,1
6931,74548,22612,1536,1
6932,74224,22522,1536,1
6933,80252,24349,1536,1
6934,89426,27146,1536,1
6935,74462,22574,1536,1
6936,75630,22953,1536,1
6937,74796,22690,1536,1
6938,74704,22669,1536,1
6939,72842,22099,1536,1
6940,72316,21937,1536,1
6941,74114,22479,1536,1
6942,75764,22970,1536,1
6943,77564,23538,1536,1
6944,75108,22793,1536,1
6945,74008,22462,1536,1
6946,74884,22725,1536,1
6947,74564,22626,1536,1
6948,74774,22692,1536,1
6949,74798,22690,1536,1
6950,74586,22639,1536,1
6951,82882,25172,1536,1
6952,77814,23614,1536,1
6953,75732,22968,1536,1
6954,111700,33888,1536,1
6955,87890,26677,1536,1
6956,73792,22398,1536,1
6957,73984,22450,1536,1
6958,74400,22553,1536,1
6959,124278,37697,1536,1
6960,110740,33603,1536,1
6961,93742,28455,1536,1
6962,74106,22477,1536,1
6963,74388,22561,1536,1
6964,73978,22426,1536,1
6965,74142,22480,1536,1
6966,74186,22499,1536,1
6967,73636,22325,1536,1
6968,94754,28727,1536,1
6969,74250,22519,1536,1
6970,90012,27288,1536,1
6971,76036,23059,1536,1
6972,116382,35317,1536,1
6973,112824,34235,1536,1
6974,154202,46890,1536,1
6975,160976,48953,1536,1
6976,126918,38525,1536,1
6977,100468,30491,1536,1
6978,178936,54584,1536,1
6979,119948,36404,1536,1
6980,129816,39388,1536,1
6981,126418,38363,1536,1
6982,119848,36363,1536,1
6983,130644,39624,1536,1
6984,128760,39071,1536,1
6985,117986,35794,1536,1
6986,125234,37991,1536,1
6987,101838,30912,1536,1
6988,105538,32005,1536,1
6989,109060,33106,1536,1
6990,103738,31485,1536,1
6991,342604,103821,1536,1
6992,133044,40369,1536,1
6993,116934,35481,1536,1
6994,102442,31096,1536,1
6995,123968,37580,1536,1
6996,129898,39411,1536,1
6997,140488,42634,1536,1
6998,121492,36862,1536,1
6999,110296,33473,1536,1
7000,131570,39925,1536,1
7001,124728,37852,1536,1
7002,120440,36545,1536,1
7003,121746,36951,1536,1
7004,290616,88119,1536,1
7005,117398,35622,1536,1
7006,124906,37897,1536,1
7007,127768,38764,1536,1
7008,121022,36723,1536,1
7009,122846,37265,1536,1
7010,113074,34316,1536,1
7011,131744,39968,1536,1
7012,83502,25340,1536,1
7013,128710,39048,1536,1
7014,124928,37919,1536,1
7015,121696,36928,1536,1
7016,121506,36878,1536,1
7017,142668,43292,1536,1
7018,122082,37047,1536,1
7019,84950,25781,1536,1
7020,83052,25203,1536,1
7021,83874,25452,1536,1
7022,83720,25403,1536,1
7023,83232,25258,1536,1
7024,552954,167714,1536,1
7025,119834,36363,1536,1
7026,122918,37295,1536,1
7027,126616,38402,1536,1
7028,106864,32437,1536,1
7029,104326,31657,1536,1
7030,112036,33991,1536,1
7031,105924,32143,1536,1
7032,100318,30439,1536,1
7033,100396,30482,1536,1
7034,130804,39685,1536,1
7035,122452,37154,1536,1
7036,100490,30500,1536,1
7037,106342,32286,1536,1
7038,536864,162829,1536,1
7039,124718,37805,1536,1
7040,119936,36366,1536,1
7041,112300,34093,1536,1
7042,122092,37050,1536,1
7043,338374,103045,1536,1
7044,84188,25550,1536,1
7045,82318,24972,1536,1
7046,84288,25548,1536,1
7047,84702,25704,1536,1
7048,83500,25339,1536,1
7049,198627,60772,1536,1
7050,117802,35739,1536,1
7051,122590,37200,1536,1
7052,122006,37022,1536,1
7053,129600,39325,1536,1
7054,129892,39412,1536,1
7055,130926,39757,1536,1
7056,175488,53336,1536,1
7057,138842,42121,1536,1
7058,139588,42352,1536,1
7059,120606,36613,1536,1
7060,132376,40161,1536,1
7061,196012,59445,1536,1
7062,89196,27064,1536,1
7063,87138,26443,1536,1
7064,86938,26367,1536,1
7065,86432,26231,1536,1
7066,89476,27134,1536,1
7067,87010,26402,1536,1
7068,118282,35890,1536,1
7069,110466,33491,1536,1
7070,110036,33393,1536,1
7071,123500,37456,1536,1
7072,116906,35470,1536,1
7073,119992,36408,1536,1
7074,126498,38497,1536,1
7075,135066,41003,1536,1
7076,88054,26718,1536,1
7077,83936,25479,1536,1
7078,81504,24718,1536,1
7079,158160,48014,1536,1
7080,125308,37986,1536,1
7081,167310,50731,1536,1
7082,127814,38774,1536,1
7083,137556,41730,1536,1
7084,135012,40955,1536,1
7085,135556,41133,1536,1
7086,134606,40824,1536,1
7087,139848,42424,1536,1
7088,133698,40563,1536,1
7089,133436,40469,1536,1
7090,237358,71973,1536,1
7091,121788,36960,1536,1
7092,89616,27199,1536,1
7093,88514,26855,1536,1
7094,88422,26833,1536,1
7095,88342,26812,1536,1
7096,92488,28068,1536,1
7097,88834,26958,1536,1
7098,89644,27199,1536,1
7099,88554,26848,1536,1
7100,99664,30279,1536,1
7101,90214,27374,1536,1
7102,135760,41179,1536,1
7103,132532,40207,1536,1
7104,129886,39415,1536,1
7105,126530,38393,1536,1
7106,125008,37924,1536,1
7107,130634,39634,1536,1
7108,130880,39709,1536,1
7109,135588,41134,1536,1
7110,129676,39354,1536,1
7111,119832,36354,1536,1
7112,111452,33804,1536,1
7113,125840,38182,1536,1
7114,114382,34795,1536,1
7115,103770,31485,1536,1
7116,106870,32438,1536,1
7117,92844,28176,1536,1
7118,113144,34350,1536,1
7119,124342,37734,1536,1
7120,130530,39610,1536,1
7121,149940,45483,1536,1
7122,145968,44303,1536,1
7123,129584,39315,1536,1
7124,129134,39195,1536,1
7125,136374,41373,1536,1
7126,109828,33426,1536,1
7127,100604,30528,1536,1
7128,125592,38099,1536,1
7129,136578,41438,1536,1
7130,141010,42782,1536,1
7131,166126,50344,1536,1
7132,131398,39882,1536,1
7133,142168,43211,1536,1
7134,146904,44563,1536,1
7135,140298,42532,1536,1
7136,134834,40919,1536,1
7137,153524,46580,1536,1
7138,156384,47442,1536,1
7139,136860,41538,1536,1
7140,127974,38820,1536,1
7141,142310,43229,1536,1
7142,131104,39749,1536,1
7143,442272,134016,1536,1
7144,148272,44997,1536,1
7145,137420,41664,1536,1
7146,138258,41911,1536,1
7147,131244,39830,1536,1
7148,146474,44428,1536,1
7149,131948,40004,1536,1
7150,133158,40371,1536,1
7151,135012,40923,1536,1
7152,138430,41966,1536,1
7153,133510,40519,1536,1
7154,316176,95989,1536,1
7155,113192,34389,1536,1
7156,116172,35242,1536,1
7157,126320,38331,1536,1
7158,281630,85404,1536,1
7159,231222,70123,1536,1
7160,172660,52394,1536,1
7161,149170,45281,1536,1
7162,135476,41098,1536,1
7163,147186,44662,1536,1
7164,143930,43674,1536,1
7165,142500,43203,1536,1
7166,145038,44010,1536,1
7167,163714,49671,1536,1
7168,146604,44483,1536,1
7169,150586,45700,1536,1
7170,146698,44511,1536,1
7171,149802,45447,1536,1
7172,147264,44638,1536,1
7173,149974,45508,1536,1
7174,144772,43927,1536,1
7175,158244,48026,1536,1
7176,146170,44359,1536,1
7177,157998,47945,1536,1
7178,145302,44089,1536,1
7179,141880,43050,1536,1
7180,124184,37683,1536,1
7181,124600,37804,1536,1
7182,140142,42595,1536,1
7183,127084,38562,1536,1
7184,124798,37877,1536,1
7185,129026,39158,1536,1
7186,138918,42152,1536,1
7187,136664,41474,1536,1
7188,136928,41541,1536,1
7189,105424,32337,1536,1
7190,95464,28973,1536,1
7191,95092,28852,1536,1
7192,142192,43141,1536,1
7193,91424,27748,1536,1
7194,94292,28609,1536,1
7195,92286,27985,1536,1
7196,96910,29407,1536,1
7197,94394,28644,1536,1
7198,92160,27969,1536,1
7199,95586,29010,1536,1
7200,107966,32745,1536,1
7201,94628,28715,1536,1
7202,109534,33256,1536,1
7203,120796,36646,1536,1
7204,149186,45263,1536,1
7205,89692,27188,1536,1
7206,89670,27210,1536,1
7207,112586,34171,1536,1
7208,130682,39661,1536,1
7209,132486,40182,1536,1
7210,229328,69594,1536,1
7211,149484,45341,1536,1
7212,135160,41000,1536,1
7213,137150,41585,1536,1
7214,92680,28109,1536,1
7215,91698,27830,1536,1
7216,92928,28168,1536,1
7217,92184,27956,1536,1
7218,91690,27827,1536,1
7219,89720,27213,1536,1
7220,90896,27586,1536,1
7221,87754,26629,1536,1
7222,85990,26098,1536,1
7223,92426,28049,1536,1
7224,89514,27148,1536,1
7225,89674,27211,1536,1
7226,88670,26897,1536,1
7227,88420,26834,1536,1
7228,120140,36445,1536,1
7229,86874,26366,1536,1
7230,87708,26601,1536,1
7231,88668,26918,1536,1
7232,89324,27077,1536,1
7233,89242,27081,1536,1
7234,275148,84927,1536,1
7235,94546,28690,1536,1
7236,91856,27875,1536,1
7237,91740,27834,1536,1
7238,88738,26936,1536,1
7239,87656,26606,1536,1
7240,87178,26456,1536,1
7241,93354,28336,1536,1
7242,117594,35679,1536,1
7243,118586,35983,1536,1
7244,145900,44269,1536,1
7245,166012,50429,1536,1
7246,178328,54493,1536,1
7247,307688,93357,1536,1
7248,167184,50710,1536,1
7249,167688,50871,1536,1
7250,97034,29429,1536,1
7251,128256,38893,1536,1
7252,106740,32581,1536,1
7253,96188,29185,1536,1
7254,96316,29221,1536,1
7255,91802,27858,1536,1
7256,89524,27165,1536,1
7257,91396,27709,1536,1
7258,95854,29084,1536,1
7259,92892,28183,1536,1
7260,92776,28139,1536,1
7261,92154,27961,1536,1
7262,87672,26610,1536,1
7263,86792,26325,1536,1
7264,91750,27842,1536,1
7265,88186,26762,1536,1
7266,116058,35208,1536,1
7267,86826,26332,1536,1
7268,86626,26278,1536,1
7269,86764,26315,1536,1
7270,86228,26157,1536,1
7271,86672,26290,1536,1
7272,87856,26636,1536,1
7273,88864,27036,1536,1
7274,84254,25546,1536,1
7275,86306,26177,1536,1
7276,86706,26299,1536,1
7277,87750,26606,1536,1
7278,86542,26233,1536,1
7279,97828,29691,1536,1
7280,130112,39463,1536,1
7281,92710,28135,1536,1
7282,91512,27767,1536,1
7283,87132,26443,1536,1
7284,85938,26064,1536,1
7285,89338,27111,1536,1
7286,86362,26206,1536,1
7287,85004,25789,1536,1
7288,86166,26136,1536,1
7289,87108,26435,1536,1
7290,84964,25770,1536,1
7291,86056,26092,1536,1
7292,85944,26053,1536,1
7293,85434,25925,1536,1
7294,96678,29303,1536,1
7295,86972,26379,1536,1
7296,85970,26066,1536,1
7297,86536,26244,1536,1
7298,87706,26617,1536,1
7299,87600,26583,1536,1
7300,84052,25508,1536,1
7301,108306,32905,1536,1
7302,91674,27825,1536,1
7303,120232,36463,1536,1
7304,144720,43898,1536,1
7305,89688,27217,1536,1
7306,88810,26955,1536,1
7307,88396,26824,1536,1
7308,84418,25606,1536,1
7309,84614,25655,1536,1
7310,84112,25510,1536,1
7311,84330,25578,1536,1
7312,84178,25545,1536,1
7313,83400,25306,1536,1
7314,83498,25329,1536,1
7315,83490,25309,1536,1
7316,83296,25279,1536,1
7317,83292,25267,1536,1
7318,84082,25494,1536,1
7319,87896,26672,1536,1
7320,82432,24990,1536,1
7321,83384,25280,1536,1
7322,84236,25539,1536,1
7323,84548,25658,1536,1
7324,83864,25446,1536,1
7325,83130,25229,1536,1
7326,85336,25898,1536,1
7327,83542,25342,1536,1
7328,86156,26144,1536,1
7329,83582,25339,1536,1
7330,83304,25252,1536,1
7331,83218,25227,1536,1
7332,83182,25243,1536,1
7333,82678,25063,1536,1
7334,83056,25194,1536,1
7335,83700,25377,1536,1
7336,83918,25438,1536,1
7337,83392,25303,1536,1
7338,81420,24696,1536,1
7339,83352,25269,1536,1
7340,85852,26049,1536,1
7341,84056,25480,1536,1
7342,83996,25466,1536,1
7343,87012,26387,1536,1
7344,83638,25724,1536,1
7345,85218,25913,1536,1
7346,84872,25733,1536,1
7347,249546,75643,1536,1
7348,86194,26158,1536,1
7349,87108,26429,1536,1
7350,83700,25398,1536,1
7351,84374,25589,1536,1
7352,86006,26084,1536,1
7353,83482,25325,1536,1
7354,83016,25166,1536,1
7355,83276,25264,1536,1
7356,82946,25162,1536,1
7357,83410,25297,1536,1
7358,85432,25913,1536,1
7359,84656,25680,1536,1
7360,85674,26003,1536,1
7361,82622,25071,1536,1
7362,81654,24769,1536,1
7363,82936,25174,1536,1
7364,81134,24606,1536,1
7365,81026,24565,1536,1
7366,81946,24853,1536,1
7367,93148,28267,1536,1
7368,82342,24986,1536,1
7369,83080,25213,1536,1
7370,93442,28363,1536,1
7371,132182,40064,1536,1
7372,79968,24257,1536,1
7373,122804,37265,1536,1
7374,80884,24531,1536,1
7375,81746,24795,1536,1
7376,82136,24923,1536,1
7377,83720,25405,1536,1
7378,103552,31398,1536,1
7379,83376,25301,1536,1
7380,83932,25467,1536,1
7381,81634,24759,1536,1
7382,81806,24798,1536,1
7383,83084,25184,1536,1
7384,81706,24792,1536,1
7385,110046,33359,1536,1
7386,81940,24863,1536,1
7387,82676,25078,1536,1
7388,88776,26915,1536,1
7389,81266,24668,1536,1
7390,80780,24486,1536,1
7391,81014,24574,1536,1
7392,145232,44056,1536,1
7393,117804,35807,1536,1
7394,84532,25654,1536,1
7395,99026,30022,1536,1
7396,117012,35518,1536,1
7397,124218,37678,1536,1
7398,103352,31361,1536,1
7399,121706,36927,1536,1
7400,127698,38736,1536,1
7401,124674,37821,1536,1
7402,115246,34970,1536,1
7403,125516,38048,1536,1
7404,114466,34728,1536,1
7405,122902,37284,1536,1
7406,108800,33024,1536,1
7407,84018,25491,1536,1
7408,84062,25508,1536,1
7409,83982,25486,1536,1
7410,85706,26007,1536,1
7411,84922,25746,1536,1
7412,143526,43553,1536,1
7413,132404,40171,1536,1
7414,121384,36834,1536,1
7415,122194,37087,1536,1
7416,185322,56204,1536,1
7417,127924,38816,1536,1
7418,134660,40863,1536,1
7419,131284,39830,1536,1
7420,110540,33541,1536,1
7421,223962,68454,1536,1
7422,125598,38068,1536,1
7423,84416,25616,1536,1
7424,83562,25353,1536,1
7425,100682,30556,1536,1
7426,103072,31270,1536,1
7427,104688,31742,1536,1
7428,110154,33440,1536,1
7429,113388,34413,1536,1
7430,137504,41721,1536,1
7431,128004,38840,1536,1
7432,192940,58510,1536,1
7433,219472,66572,1536,1
7434,112182,34041,1536,1
7435,114546,34764,1536,1
7436,167310,50711,1536,1
7437,87910,26645,1536,1
7438,88582,26873,1536,1
7439,86264,26179,1536,1
7440,226478,68653,1536,1
7441,84264,25575,1536,1
7442,80730,24500,1536,1
7443,95408,28954,1536,1
7444,88132,26721,1536,1
7445,116482,35331,1536,1
7446,80522,24433,1536,1
7447,79446,24087,1536,1
7448,80698,24466,1536,1
7449,90060,27489,1536,1
7450,78764,23895,1536,1
7451,135648,41137,1536,1
7452,81882,24849,1536,1
7453,80136,24317,1536,1
7454,130286,39548,1536,1
7455,150576,45684,1536,1
7456,144582,43824,1536,1
7457,113178,34351,1536,1
7458,117398,35615,1536,1
7459,119110,36324,1536,1
7460,128666,39023,1536,1
7461,82700,25099,1536,1
7462,80014,24259,1536,1
7463,79276,24054,1536,1
7464,79418,24073,1536,1
7465,78634,23848,1536,1
7466,78764,23878,1536,1
7467,79204,24038,1536,1
7468,82646,25066,1536,1
7469,77088,23395,1536,1
7470,76194,23109,1536,1
7471,78366,23782,1536,1
7472,76820,23289,1536,1
7473,79976,24267,1536,1
7474,76936,23326,1536,1
7475,133844,40624,1536,1
7476,116426,35326,1536,1
7477,120804,36669,1536,1
7478,116000,35195,1536,1
7479,122284,37081,1536,1
7480,112530,34132,1536,1
7481,136132,41289,1536,1
7482,134768,40882,1536,1
7483,126650,38428,1536,1
7484,126964,38518,1536,1
7485,83522,25340,1536,1
7486,81784,24818,1536,1
7487,81152,24627,1536,1
7488,81950,24864,1536,1
7489,80948,24569,1536,1
7490,81704,24790,1536,1
7491,81146,24623,1536,1
7492,87256,26493,1536,1
7493,81428,24706,1536,1
7494,79450,24111,1536,1
7495,77672,23549,1536,1
7496,78742,23892,1536,1
7497,76804,23285,1536,1
7498,83494,25331,1536,1
7499,74952,22736,1536,1
7500,77010,23343,1536,1
7501,76650,23249,1536,1
7502,76564,23241,1536,1
7503,77288,23441,1536,1
7504,149706,45404,1536,1
7505,77140,23396,1536,1
7506,76560,23221,1536,1
7507,77532,23526,1536,1
7508,76242,23114,1536,1
7509,76404,23160,1536,1
7510,76424,23189,1536,1
7511,76280,23123,1536,1
7512,74368,22572,1536,1
7513,76350,23170,1536,1
7514,76674,23247,1536,1
7515,83480,25334,1536,1
7516,81850,24838,1536,1
7517,88200,26755,1536,1
7518,80282,24360,1536,1
7519,80900,24545,1536,1
7520,84264,25567,1536,1
7521,81310,24673,1536,1
7522,79292,24066,1536,1
7523,123768,37549,1536,1
7524,74722,22655,1536,1
7525,74438,22568,1536,1
7526,74764,22676,1536,1
7527,74454,22569,1536,1
7528,73944,22429,1536,1
7529,74120,22493,1536,1
7530,93148,28254,1536,1
7531,74232,22518,1536,1
7532,73032,22138,1536,1
7533,75320,22861,1536,1
7534,74728,22676,1536,1
7535,74684,22644,1536,1
7536,115632,35085,1536,1
7537,97344,29533,1536,1
7538,80524,24436,1536,1
7539,74282,22530,1536,1
7540,74458,22597,1536,1
7541,74588,22633,1536,1
7542,117910,35785,1536,1
7543,78896,23938,1536,1
7544,78998,23971,1536,1
7545,79118,24005,1536,1
7546,84076,25511,1536,1
7547,85742,26014,1536,1
7548,97390,29558,1536,1
7549,79002,23973,1536,1
7550,79912,24248,1536,1
7551,79524,24104,1536,1
7552,81902,24868,1536,1
7553,112274,34060,1536,1
7554,120072,36436,1536,1
7555,124282,37711,1536,1
7556,117494,35648,1536,1
7557,124656,37813,1536,1
7558,106306,32270,1536,1
7559,89562,27193,1536,1
7560,116668,35388,1536,1
7561,79050,23987,1536,1
7562,74884,22730,1536,1
7563,73922,22413,1536,1
7564,74712,22653,1536,1
7565,72612,22012,1536,1
7566,149630,45363,1536,1
7567,75034,22759,1536,1
7568,74554,22604,1536,1
7569,75264,22819,1536,1
7570,74224,22526,1536,1
7571,74656,22630,1536,1
7572,74390,22555,1536,1
7573,91986,27905,1536,1
7574,74302,22534,1536,1
7575,75158,22783,1536,1
7576,76218,23117,1536,1
7577,82718,25107,1536,1
7578,81936,24863,1536,1
7579,78562,23837,1536,1
7580,90054,27343,1536,1
7581,75402,22869,1536,1
7582,74724,22663,1536,1
7583,75718,22981,1536,1
7584,74308,22548,1536,1
7585,73974,22450,1536,1
7586,75278,22846,1536,1
7587,74584,22608,1536,1
7588,73436,22273,1536,1
7589,73828,22384,1536,1
7590,73944,22427,1536,1
7591,74208,22495,1536,1
7592,73712,22355,1536,1
7593,75620,22936,1536,1
7594,74750,22689,1536,1
7595,74930,22716,1536,1
7596,74602,22641,1536,1
7597,73812,22379,1536,1
7598,74442,22569,1536,1
7599,117544,35664,1536,1
7600,75796,23007,1536,1
7601,74846,22702,1536,1
7602,120228,36457,1536,1
7603,77904,23648,1536,1
7604,76344,23154,1536,1
7605,76514,23209,1536,1
7606,76228,23118,1536,1
7607,77202,23425,1536,1
7608,76534,23200,1536,1
7609,74558,22616,1536,1
7610,76800,23281,1536,1
7611,76104,23073,1536,1
7612,76368,23153,1536,1
7613,77068,23389,1536,1
7614,75262,22842,1536,1
7615,76190,23111,1536,1
7616,77194,23420,1536,1
7617,78318,23767,1536,1
7618,75240,22820,1536,1
7619,74786,22693,1536,1
7620,74278,22528,1536,1
7621,75846,23017,1536,1
7622,73736,22368,1536,1
7623,145866,44244,1536,1
7624,76320,23161,1536,1
7625,74726,22663,1536,1
7626,74538,22618,1536,1
7627,75654,22959,1536,1
7628,75554,22906,1536,1
7629,74610,22629,1536,1
7630,74270,22528,1536,1
7631,74348,22550,1536,1
7632,74162,22494,1536,1
7633,73822,22383,1536,1
7634,75612,22933,1536,1
7635,75642,22930,1536,1
7636,74706,22660,1536,1
7637,73950,22417,1536,1
7638,73964,22421,1536,1
7639,75196,22817,1536,1
7640,75186,22797,1536,1
7641,75142,22802,1536,1
7642,109410,33206,1536,1
7643,105382,31960,1536,1
7644,83246,25260,1536,1
7645,74640,22626,1536,1
7646,73942,22425,1536,1
7647,72892,22125,1536,1
7648,74288,22520,1536,1
7649,90444,27425,1536,1
7650,74050,22459,1536,1
7651,73962,22434,1536,1
7652,73872,22408,1536,1
7653,74602,22627,1536,1
7654,74552,22610,1536,1
7655,74014,22452,1536,1
7656,73744,22359,1536,1
7657,72606,22010,1536,1
7658,74414,22571,1536,1
7659,74614,22645,1536,1
7660,76646,23259,1536,1
7661,74546,22627,1536,1
7662,76486,23208,1536,1
7663,78264,23751,1536,1
7664,77916,23650,1536,1
7665,76000,23060,1536,1
7666,84792,25725,1536,1
7667,75150,22779,1536,1
7668,74518,22614,1536,1
7669,74428,22560,1536,1
7670,74304,22552,1536,1
7671,75002,22738,1536,1
7672,75150,22780,1536,1
7673,74804,22679,1536,1
7674,74604,22629,1536,1
7675,73908,22408,1536,1
7676,75018,22753,1536,1
7677,75844,22994,1536,1
7678,75726,22968,1536,1
7679,75450,22897,1536,1
7680,74402,22558,1536,1
7681,74314,22538,1536,1
7682,157834,47866,1536,1
7683,77586,23541,1536,1
7684,94472,28654,1536,1
7685,79010,23979,1536,1
7686,77934,23635,1536,1
7687,86444,26304,1536,1
7688,77926,23633,1536,1
7689,76030,23075,1536,1
7690,75870,23019,1536,1
7691,105564,32035,1536,1
7692,77984,23649,1536,1
7693,99508,30199,1536,1
7694,92356,28015,1536,1
7695,77550,23514,1536,1
7696,77512,23510,1536,1
7697,80008,24279,1536,1
7698,78862,23919,1536,1
7699,78116,23691,1536,1
7700,133922,40621,1536,1
7701,109280,33152,1536,1
7702,119614,36287,1536,1
7703,117914,35758,1536,1
7704,110840,33622,1536,1
7705,179754,54503,1536,1
7706,120600,36578,1536,1
7707,122084,37043,1536,1
7708,119434,36250,1536,1
7709,99626,30235,1536,1
7710,110134,33410,1536,1
7711,101522,31546,1536,1
7712,112032,33962,1536,1
7713,113062,34305,1536,1
7714,85766,26022,1536,1
7715,86032,26076,1536,1
7716,84970,25785,1536,1
7717,83844,25442,1536,1
7718,83984,25486,1536,1
7719,127022,38536,1536,1
7720,87986,26697,1536,1
7721,106496,32299,1536,1
7722,94080,28563,1536,1
7723,120720,36609,1536,1
7724,124998,37931,1536,1
7725,194366,58945,1536,1
7726,105310,31965,1536,1
7727,100322,31055,1536,1
7728,96658,29323,1536,1
7729,151394,45938,1536,1
7730,85190,25854,1536,1
7731,83728,25408,1536,1
7732,83908,25459,1536,1
7733,86364,26201,1536,1
7734,83740,25412,1536,1
7735,86968,26389,1536,1
7736,84942,25776,1536,1
7737,121010,36712,1536,1
7738,120716,36620,1536,1
7739,119766,36342,1536,1
7740,115226,34959,1536,1
7741,124464,37775,1536,1
7742,123186,37381,1536,1
7743,132116,40076,1536,1
7744,128130,38849,1536,1
7745,83318,25285,1536,1
7746,102402,31084,1536,1
7747,119550,36274,1536,1
7748,128606,39025,1536,1
7749,129932,39424,1536,1
7750,118658,35984,1536,1
7751,96984,29406,1536,1
7752,126360,38332,1536,1
7753,127100,38586,1536,1
7754,84424,25614,1536,1
7755,83344,25266,1536,1
7756,83050,25198,1536,1
7757,83314,25278,1536,1
7758,83900,25462,1536,1
7759,84134,25526,1536,1
7760,183272,56575,1536,1
7761,121262,36798,1536,1
7762,125470,38081,1536,1
7763,125188,37989,1536,1
7764,129004,39136,1536,1
7765,120922,36690,1536,1
7766,123046,37337,1536,1
7767,120974,36671,1536,1
7768,118788,36044,1536,1
7769,114284,34675,1536,1
7770,112258,34277,1536,1
7771,135318,41045,1536,1
7772,133724,40577,1536,1
7773,127014,38541,1536,1
7774,135204,41020,1536,1
7775,1602197,485818,1536,1
7776,116466,35343,1536,1
7777,545866,165858,1536,1
7778,202090,61574,1536,1
7779,127538,38682,1536,1
7780,124650,37821,1536,1
7781,136282,41348,1536,1
7782,140320,42542,1536,1
7783,145568,44133,1536,1
7784,101636,30847,1536,1
7785,98152,29771,1536,1
7786,127126,38581,1536,1
7787,122290,37104,1536,1
7788,125020,37927,1536,1
7789,125908,38217,1536,1
7790,126164,38283,1536,1
7791,183508,55671,1536,1
7792,137150,41616,1536,1
7793,133632,40547,1536,1
7794,107974,32771,1536,1
7795,127660,38734,1536,1
7796,116668,35406,1536,1
7797,117188,35564,1536,1
7798,117552,35659,1536,1
7799,120846,36643,1536,1
7800,132936,40298,1536,1
7801,128018,38807,1536,1
7802,133918,40623,1536,1
7803,127370,38652,1536,1
7804,200184,61002,1536,1
7805,144778,43888,1536,1
7806,151454,45953,1536,1
7807,133168,40422,1536,1
7808,124342,37739,1536,1
7809,136758,41500,1536,1
7810,326488,99206,1536,1
7811,155128,47073,1536,1
7812,127082,38551,1536,1
7813,124736,37817,1536,1
7814,151060,45823,1536,1
7815,134418,40768,1536,1
7816,204646,62137,1536,1
7817,148226,44982,1536,1
7818,157502,47768,1536,1
7819,140064,42474,1536,1
7820,139434,42330,1536,1
7821,144340,43799,1536,1
7822,138658,42077,1536,1
7823,144294,43778,1536,1
7824,132238,40134,1536,1
7825,279656,85175,1536,1
7826,149968,45489,1536,1
7827,458626,139963,1536,1
7828,143948,43679,1536,1
7829,200160,60704,1536,1
7830,134380,40784,1536,1
7831,155288,47113,1536,1
7832,171528,52042,1536,1
7833,158784,48158,1536,1
7834,151268,45900,1536,1
7835,158508,48093,1536,1
7836,159440,48372,1536,1
7837,160570,48716,1536,1
7838,123862,37601,1536,1
7839,215466,65343,1536,1
7840,150494,45634,1536,1
7841,133944,40612,1536,1
7842,141530,42923,1536,1
7843,136418,41390,1536,1
7844,219048,66419,1536,1
7845,140906,42754,1536,1
7846,138758,42112,1536,1
7847,160236,48611,1536,1
7848,145996,44304,1536,1
7849,144754,43907,1536,1
7850,144396,43817,1536,1
7851,132844,40317,1536,1
7852,141724,43008,1536,1
7853,120874,36663,1536,1
7854,131016,39724,1536,1
7855,91630,27806,1536,1
7856,88978,27001,1536,1
7857,90826,27560,1536,1
7858,132380,40166,1536,1
7859,91742,27839,1536,1
7860,92714,28130,1536,1
7861,92718,28136,1536,1
7862,201960,61241,1536,1
7863,123868,37568,1536,1
7864,135266,41008,1536,1
7865,92230,27981,1536,1
7866,91252,27690,1536,1
7867,89088,27035,1536,1
7868,88106,26732,1536,1
7869,89360,27111,1536,1
7870,89430,27135,1536,1
7871,89312,27103,1536,1
7872,88784,26943,1536,1
7873,105190,31949,1536,1
7874,84768,25710,1536,1
7875,84608,25680,1536,1
7876,83510,25327,1536,1
7877,85052,25803,1536,1
7878,83946,25471,1536,1
7879,83706,25378,1536,1
7880,83154,25221,1536,1
7881,82220,24924,1536,1
7882,105570,32008,1536,1
7883,118122,35826,1536,1
7884,116404,35326,1536,1
7885,115872,35165,1536,1
7886,85218,25869,1536,1
7887,109014,33089,1536,1
7888,107284,32536,1536,1
7889,111078,33686,1536,1
7890,115480,35055,1536,1
7891,83246,25246,1536,1
7892,94246,28593,1536,1
7893,84386,25610,1536,1
7894,101866,30918,1536,1
7895,143322,43481,1536,1
7896,90546,27476,1536,1
7897,90686,27518,1536,1
7898,90504,27446,1536,1
7899,90108,27313,1536,1
7900,115624,35078,1536,1
7901,89422,27136,1536,1
7902,89118,27042,1536,1
7903,86836,26356,1536,1
7904,88088,26730,1536,1
7905,86006,26101,1536,1
7906,86530,26256,1536,1
7907,86396,26213,1536,1
7908,85634,25985,1536,1
7909,86696,26305,1536,1
7910,83536,25352,1536,1
7911,85918,26067,1536,1
7912,86284,26185,1536,1
7913,203094,62291,1536,1
7914,303720,92058,1536,1
7915,90820,27571,1536,1
7916,82102,24915,1536,1
7917,77454,23479,1536,1
7918,80750,24507,1536,1
7919,79316,24070,1536,1
7920,81172,24632,1536,1
7921,82090,24888,1536,1
7922,78814,23917,1536,1
7923,79414,24079,1536,1
7924,82518,25013,1536,1
7925,82078,24885,1536,1
7926,80746,24481,1536,1
7927,84350,25598,1536,1
7928,81758,24817,1536,1
7929,81492,24714,1536,1
7930,81112,24593,1536,1
7931,80706,24490,1536,1
7932,82150,24935,1536,1
7933,81684,24787,1536,1
7934,80672,24454,1536,1
7935,84060,25508,1536,1
7936,85638,25985,1536,1
7937,79182,24030,1536,1
7938,78772,23880,1536,1
7939,78284,23732,1536,1
7940,78386,23775,1536,1
7941,78492,23793,1536,1
7942,78218,23716,1536,1
7943,78530,23809,1536,1
7944,78530,23829,1536,1
7945,78960,23962,1536,1
7946,79396,24096,1536,1
7947,79410,24102,1536,1
7948,78022,23657,1536,1
7949,77968,23639,1536,1
7950,78624,23848,1536,1
7951,78674,23878,1536,1
7952,80038,24288,1536,1
7953,78056,23678,1536,1
7954,78206,23731,1536,1
7955,78302,23742,1536,1
7956,79772,24205,1536,1
7957,117446,35614,1536,1
7958,80286,24364,1536,1
7959,108452,32916,1536,1
7960,97484,29588,1536,1
7961,78202,23731,1536,1
7962,78990,23956,1536,1
7963,76102,23081,1536,1
7964,78164,23707,1536,1
7965,79222,24043,1536,1
7966,78962,23948,1536,1
7967,80322,24381,1536,1
7968,78848,23906,1536,1
7969,79372,24060,1536,1
7970,79150,23994,1536,1
7971,79408,24074,1536,1
7972,94428,28653,1536,1
7973,79378,24076,1536,1
7974,79326,24060,1536,1
7975,78812,23919,1536,1
7976,78492,23798,1536,1
7977,83730,25410,1536,1
7978,83734,25410,1536,1
7979,83948,25471,1536,1
7980,80132,24293,1536,1
7981,78226,23713,1536,1
7982,77894,23615,1536,1
7983,78358,23766,1536,1
7984,107952,32756,1536,1
7985,79336,24076,1536,1
7986,77708,23555,1536,1
7987,77176,23412,1536,1
7988,85508,25951,1536,1
7989,83944,25470,1536,1
7990,84708,25704,1536,1
7991,89028,27015,1536,1
7992,81228,24624,1536,1
7993,80894,24523,1536,1
7994,81200,24639,1536,1
7995,81462,24721,1536,1
7996,81314,24676,1536,1
7997,83740,25411,1536,1
7998,84084,25508,1536,1
7999,81966,24852,1536,1
8000,85078,25823,1536,1
8001,76702,23279,1536,1
8002,110618,33570,1536,1
8003,98716,29928,1536,1
8004,100860,30668,1536,1
8005,101052,30693,1536,1
8006,86310,26298,1536,1
8007,77936,23627,1536,1
8008,89478,27160,1536,1
8009,207534,63384,1536,1
8010,113982,34580,1536,1
8011,111282,33767,1536,1
8012,110682,33585,1536,1
8013,118706,36025,1536,1
8014,135948,41242,1536,1
8015,95048,28832,1536,1
8016,128766,39088,1536,1
8017,75796,22988,1536,1
8018,77066,23373,1536,1
8019,369868,112097,1536,1
8020,127978,38824,1536,1
8021,117674,35716,1536,1
8022,100326,30427,1536,1
8023,92388,28036,1536,1
8024,97038,29460,1536,1
8025,96658,29302,1536,1
8026,93032,28236,1536,1
8027,95146,28862,1536,1
8028,114542,34762,1536,1
8029,109706,33310,1536,1
8030,116658,35401,1536,1
8031,110160,33427,1536,1
8032,106018,32163,1536,1
8033,79550,24139,1536,1
8034,79866,24232,1536,1
8035,100150,30359,1536,1
8036,80302,24345,1536,1
8037,122822,37266,1536,1
8038,81958,24867,1536,1
8039,78914,23943,1536,1
8040,189756,57555,1536,1
8041,115712,35104,1536,1
8042,122640,37204,1536,1
8043,109156,33131,1536,1
8044,116368,35301,1536,1
8045,117500,35658,1536,1
8046,125632,38115,1536,1
8047,118202,35860,1536,1
8048,82698,25092,1536,1
8049,82648,25061,1536,1
8050,236280,71631,1536,1
8051,285038,86391,1536,1
8052,105218,31929,1536,1
8053,79384,24085,1536,1
8054,120046,36425,1536,1
8055,117258,35580,1536,1
8056,119014,36105,1536,1
8057,114820,34844,1536,1
8058,122412,37145,1536,1
8059,115748,35120,1536,1
8060,128554,38967,1536,1
8061,126562,38403,1536,1
8062,123688,37648,1536,1
8063,111154,33737,1536,1
8064,129568,39317,1536,1
8065,126946,38518,1536,1
8066,125464,38065,1536,1
8067,109870,33333,1536,1
8068,158772,48158,1536,1
8069,120126,36428,1536,1
8070,201900,61215,1536,1
8071,214488,65040,1536,1
8072,265614,81093,1536,1
8073,109754,33316,1536,1
8074,114472,34736,1536,1
8075,122726,37208,1536,1
8076,127164,38579,1536,1
8077,121492,36830,1536,1
8078,115552,35055,1536,1
8079,115538,35065,1536,1
8080,110730,33567,1536,1
8081,117006,35499,1536,1
8082,139302,42256,1536,1
8083,119022,36113,1536,1
8084,113256,34359,1536,1
8085,117548,35661,1536,1
8086,136358,41375,1536,1
8087,117172,35553,1536,1
8088,118912,36068,1536,1
8089,137806,41822,1536,1
8090,128634,38993,1536,1
8091,110690,33559,1536,1
8092,97230,29481,1536,1
8093,87016,26397,1536,1
8094,101018,30617,1536,1
8095,96716,29341,1536,1
8096,85346,25879,1536,1
8097,85662,25977,1536,1
8098,81972,24870,1536,1
8099,86720,26310,1536,1
8100,83524,25344,1536,1
8101,94984,28829,1536,1
8102,79332,24074,1536,1
8103,83284,25268,1536,1
8104,78166,23721,1536,1
8105,77338,23458,1536,1
8106,77448,23491,1536,1
8107,76300,23153,1536,1
8108,76046,23070,1536,1
8109,80832,24530,1536,1
8110,114894,34863,1536,1
8111,77340,23460,1536,1
8112,76186,23118,1536,1
8113,76340,23165,1536,1
8114,111116,33679,1536,1
8115,76670,23254,1536,1
8116,115294,34990,1536,1
8117,87156,26440,1536,1
8118,75710,22975,1536,1
8119,105838,32119,1536,1
8120,120214,36475,1536,1
8121,75846,23019,1536,1
8122,77384,23485,1536,1
8123,77546,23540,1536,1
8124,92860,28177,1536,1
8125,77480,23486,1536,1
8126,74346,22551,1536,1
8127,76470,23204,1536,1
8128,76694,23252,1536,1
8129,76442,23202,1536,1
8130,119102,36140,1536,1
8131,77496,23514,1536,1
8132,76946,23329,1536,1
8133,76424,23178,1536,1
8134,77906,23619,1536,1
8135,77858,23627,1536,1
8136,77742,23571,1536,1
8137,110298,33471,1536,1
8138,77988,23668,1536,1
8139,79934,24255,1536,1
8140,78502,23820,1536,1
8141,76414,23164,1536,1
8142,76092,23090,1536,1
8143,77166,23407,1536,1
8144,80202,24342,1536,1
8145,77628,23558,1536,1
8146,90074,27362,1536,1
8147,223872,67868,1536,1
8148,94958,28815,1536,1
8149,86620,26286,1536,1
8150,82306,24952,1536,1
8151,81952,24864,1536,1
8152,127004,38505,1536,1
8153,82138,24896,1536,1
8154,121614,36897,1536,1
8155,121512,36835,1536,1
8156,82334,24985,1536,1
8157,82100,24913,1536,1
8158,81310,24677,1536,1
8159,81006,24580,1536,1
8160,80772,24512,1536,1
8161,80518,24431,1536,1
8162,80822,24527,1536,1
8163,81086,24604,1536,1
8164,80826,24523,1536,1
8165,82878,25145,1536,1
8166,83952,25474,1536,1
8167,97608,29632,1536,1
8168,83422,25310,1536,1
8169,79496,24127,1536,1
8170,126544,38448,1536,1
8171,124038,37624,1536,1
8172,125698,38117,1536,1
8173,102034,30966,1536,1
8174,123238,37394,1536,1
8175,120416,36536,1536,1
8176,129650,39331,1536,1
8177,110330,33484,1536,1
8178,123594,37499,1536,1
8179,120974,36703,1536,1
8180,84104,25517,1536,1
8181,82770,25122,1536,1
8182,111242,33725,1536,1
8183,83026,25171,1536,1
8184,81120,24620,1536,1
8185,81180,24632,1536,1
8186,185332,56707,1536,1
8187,137890,41832,1536,1
8188,85590,25983,1536,1
8189,131150,39809,1536,1
8190,121060,36732,1536,1
8191,87222,26472,1536,1
8192,82448,25014,1536,1
8193,131438,39883,1536,1
8194,127718,38759,1536,1
8195,81078,24600,1536,1
8196,81918,24855,1536,1
8197,82376,24981,1536,1
8198,82112,24905,1536,1
8199,80908,24554,1536,1
8200,80342,24385,1536,1
8201,81218,24642,1536,1
8202,83310,25255,1536,1
8203,79874,24234,1536,1
8204,79334,24071,1536,1
8205,79010,23981,1536,1
8206,78804,23914,1536,1
8207,78968,23959,1536,1
8208,98948,30040,1536,1
8209,74676,22649,1536,1
8210,131640,39949,1536,1
8211,123706,37547,1536,1
8212,111678,33884,1536,1
8213,114382,34707,1536,1
8214,113652,34622,1536,1
8215,111902,33965,1536,1
8216,113842,34555,1536,1
8217,78788,23911,1536,1
8218,78812,23915,1536,1
8219,79074,24000,1536,1
8220,78812,23915,1536,1
8221,79024,23980,1536,1
8222,78758,23899,1536,1
8223,80546,24441,1536,1
8224,80378,24389,1536,1
8225,80530,24438,1536,1
8226,80060,24296,1536,1
8227,80178,24308,1536,1
8228,80986,24577,1536,1
8229,149568,45363,1536,1
8230,106602,32363,1536,1
8231,111902,33955,1536,1
8232,80998,24586,1536,1
8233,79846,24227,1536,1
8234,80940,24558,1536,1
8235,81012,24581,1536,1
8236,81288,24667,1536,1
8237,80844,24509,1536,1
8238,81198,24636,1536,1
8239,80508,24428,1536,1
8240,81080,24590,1536,1
8241,81110,24587,1536,1
8242,82546,25051,1536,1
8243,80964,24564,1536,1
8244,82418,24994,1536,1
8245,80860,24536,1536,1
8246,81124,24612,1536,1
8247,81400,24696,1536,1
8248,81756,24812,1536,1
8249,80862,24542,1536,1
8250,78594,23851,1536,1
8251,90714,27538,1536,1
8252,76054,23082,1536,1
8253,77446,23479,1536,1
8254,77030,23379,1536,1
8255,73860,22418,1536,1
8256,76862,23314,1536,1
8257,77316,23450,1536,1
8258,77332,23457,1536,1
8259,76198,23112,1536,1
8260,74838,22686,1536,1
8261,75674,22971,1536,1
8262,76200,23104,1536,1
8263,76824,23319,1536,1
8264,116584,35387,1536,1
8265,119374,36218,1536,1
8266,92854,28154,1536,1
8267,120080,36429,1536,1
8268,122582,37185,1536,1
8269,128834,39054,1536,1
8270,134336,40760,1536,1
8271,78616,23865,1536,1
8272,86938,26392,1536,1
8273,75866,23011,1536,1
8274,76646,23257,1536,1
8275,94646,28725,1536,1
8276,76418,23181,1536,1
8277,76224,23116,1536,1
8278,86564,26263,1536,1
8279,75840,23002,1536,1
8280,75744,22985,1536,1
8281,76666,23265,1536,1
8282,76706,23266,1536,1
8283,76566,23237,1536,1
8284,76674,23257,1536,1
8285,76808,23311,1536,1
8286,76040,23064,1536,1
8287,74404,22566,1536,1
8288,76942,23352,1536,1
8289,120584,36590,1536,1
8290,77656,23563,1536,1
8291,119732,36331,1536,1
8292,77970,23661,1536,1
8293,127020,38546,1536,1
8294,84040,25500,1536,1
8295,81474,24723,1536,1
8296,81228,24644,1536,1
8297,82132,24924,1536,1
8298,81322,24678,1536,1
8299,80510,24429,1536,1
8300,80914,24554,1536,1
8301,81952,24862,1536,1
8302,80970,24565,1536,1
8303,80378,24390,1536,1
8304,96908,29419,1536,1
8305,117544,35644,1536,1
8306,123272,37408,1536,1
8307,167540,50816,1536,1
8308,83608,25369,1536,1
8309,83088,25211,1536,1
8310,81802,24822,1536,1
8311,82894,25153,1536,1
8312,137702,41771,1536,1
8313,112782,34229,1536,1
8314,115050,34924,1536,1
8315,119362,36224,1536,1
8316,126038,38219,1536,1
8317,123372,37437,1536,1
8318,116028,35209,1536,1
8319,119960,36397,1536,1
8320,118272,35884,1536,1
8321,82720,25096,1536,1
8322,81444,24710,1536,1
8323,81370,24668,1536,1
8324,80650,24478,1536,1
8325,144264,43758,1536,1
8326,82432,25015,1536,1
8327,78180,23726,1536,1
8328,81830,24835,1536,1
8329,81320,24671,1536,1
8330,80642,24474,1536,1
8331,80384,24389,1536,1
8332,82938,25171,1536,1
8333,118520,35968,1536,1
8334,109408,33208,1536,1
8335,166402,50481,1536,1
8336,124276,37707,1536,1
8337,120072,36431,1536,1
8338,120684,36620,1536,1
8339,82250,24946,1536,1
8340,114568,34773,1536,1
8341,127672,38709,1536,1
8342,118658,36007,1536,1
8343,133934,40697,1536,1
8344,126202,38296,1536,1
8345,104684,31755,1536,1
8346,98174,29788,1536,1
8347,122218,37076,1536,1
8348,119280,36192,1536,1
8349,114812,34801,1536,1
8350,121606,36893,1536,1
8351,131070,39776,1536,1
8352,119328,36198,1536,1
8353,118972,36096,1536,1
8354,122210,37075,1536,1
8355,159608,48452,1536,1
8356,109988,33369,1536,1
8357,135212,41110,1536,1
8358,122974,37388,1536,1
8359,115636,35222,1536,1
8360,126040,38237,1536,1
8361,131922,40035,1536,1
8362,124792,37868,1536,1
8363,118516,35961,1536,1
8364,144190,43745,1536,1
8365,145448,44122,1536,1
8366,127632,38720,1536,1
8367,128692,39045,1536,1
8368,135268,41009,1536,1
8369,136678,41468,1536,1
8370,119836,36370,1536,1
8371,221890,67670,1536,1
8372,208234,63142,1536,1
8373,87836,26651,1536,1
8374,85938,26080,1536,1
8375,139776,42409,1536,1
8376,132018,40080,1536,1
8377,112614,34170,1536,1
8378,260877,79666,1536,1
8379,128322,38949,1536,1
8380,112374,34082,1536,1
8381,120290,36505,1536,1
8382,166296,50461,1536,1
8383,133162,40408,1536,1
8384,126544,38364,1536,1
8385,124948,37911,1536,1
8386,125102,37937,1536,1
8387,121672,36930,1536,1
8388,178584,54152,1536,1
8389,121038,36744,1536,1
8390,123378,37445,1536,1
8391,144916,43965,1536,1
8392,142116,43127,1536,1
8393,134100,40695,1536,1
8394,130668,39663,1536,1
8395,125154,37979,1536,1
8396,154908,47019,1536,1
8397,153400,46538,1536,1
8398,141216,42845,1536,1
8399,150392,45629,1536,1
8400,141110,42814,1536,1
8401,126166,38277,1536,1
8402,136422,41395,1536,1
8403,133346,40459,1536,1
8404,140182,42540,1536,1
8405,133794,40595,1536,1
8406,130216,39499,1536,1
8407,149810,45453,1536,1
8408,142796,43330,1536,1
8409,146040,44286,1536,1
8410,128416,38970,1536,1
8411,156486,47472,1536,1
8412,126936,38527,1536,1
8413,130514,39606,1536,1
8414,133032,40368,1536,1
8415,127524,38666,1536,1
8416,126866,38495,1536,1
8417,139488,42353,1536,1
8418,124930,37910,1536,1
8419,128616,39121,1536,1
8420,93200,28269,1536,1
8421,91830,27865,1536,1
8422,91576,27786,1536,1
8423,92202,27980,1536,1
8424,92194,27977,1536,1
8425,145808,44206,1536,1
8426,130040,39445,1536,1
8427,125318,38021,1536,1
8428,153278,46498,1536,1
8429,152160,46190,1536,1
8430,142206,43122,1536,1
8431,145652,44183,1536,1
8432,143598,43565,1536,1
8433,134192,40710,1536,1
8434,135120,40989,1536,1
8435,120184,36466,1536,1
8436,122038,37034,1536,1
8437,140114,42538,1536,1
8438,134608,40840,1536,1
8439,229644,70120,1536,1
8440,1018302,308747,1536,1
8441,151416,45923,1536,1
8442,129782,39381,1536,1
8443,405123,123230,1536,1
8444,409559,124480,1536,1
8445,320796,97247,1536,1
8446,234714,71184,1536,1
8447,117044,35530,1536,1
8448,302105,91705,1536,1
8449,137372,41789,1536,1
8450,122808,37268,1536,1
8451,134522,40820,1536,1
8452,134590,40836,1536,1
8453,189638,57488,1536,1
8454,127838,38787,1536,1
8455,128522,38972,1536,1
8456,125062,37942,1536,1
8457,133314,40464,1536,1
8458,149014,45240,1536,1
8459,135014,40969,1536,1
8460,133856,40619,1536,1
8461,130202,39509,1536,1
8462,135446,41106,1536,1
8463,122342,37136,1536,1
8464,150586,45644,1536,1
8465,130736,39650,1536,1
8466,129122,39171,1536,1
8467,126204,38313,1536,1
8468,129500,39285,1536,1
8469,110608,33563,1536,1
8470,110176,33446,1536,1
8471,135522,41121,1536,1
8472,152130,46154,1536,1
8473,148938,45184,1536,1
8474,144304,43785,1536,1
8475,142974,43382,1536,1
8476,146274,44381,1536,1
8477,145518,44137,1536,1
8478,99584,30232,1536,1
8479,93686,28412,1536,1
8480,85952,26053,1536,1
8481,85404,25900,1536,1
8482,83776,25409,1536,1
8483,90382,27429,1536,1
8484,87144,26415,1536,1
8485,87670,26578,1536,1
8486,87164,26436,1536,1
8487,86330,26204,1536,1
8488,113878,34562,1536,1
8489,89364,27116,1536,1
8490,116612,35396,1536,1
8491,90630,27486,1536,1
8492,88460,26842,1536,1
8493,85178,25834,1536,1
8494,106198,32226,1536,1
8495,106256,32248,1536,1
8496,108380,32905,1536,1
8497,113866,34536,1536,1
8498,132586,40206,1536,1
8499,95840,29104,1536,1
8500,125674,38140,1536,1
8501,84310,25573,1536,1
8502,83996,25466,1536,1
8503,125928,38188,1536,1
8504,117584,35646,1536,1
8505,82698,25094,1536,1
8506,81228,24648,1536,1
8507,82386,25001,1536,1
8508,84340,25578,1536,1
8509,83416,25310,1536,1
8510,82500,25350,1536,1
8511,81108,24619,1536,1
8512,93838,28485,1536,1
8513,85498,25952,1536,1
8514,82916,25155,1536,1
8515,105560,32006,1536,1
8516,127986,38792,1536,1
8517,82390,24989,1536,1
8518,81950,24846,1536,1
8519,112164,34001,1536,1
8520,221678,67255,1536,1
8521,119522,36263,1536,1
8522,86622,26286,1536,1
8523,128640,38989,1536,1
8524,86102,26127,1536,1
8525,86380,26210,1536,1
8526,86588,26271,1536,1
8527,85418,25922,1536,1
8528,86040,26105,1536,1
8529,85346,25897,1536,1
8530,85142,25832,1536,1
8531,85882,26057,1536,1
8532,85566,25962,1536,1
8533,81442,24716,1536,1
8534,80680,24474,1536,1
8535,80794,24518,1536,1
8536,78906,23934,1536,1
8537,81410,24690,1536,1
8538,80832,24533,1536,1
8539,80870,24529,1536,1
8540,78476,23803,1536,1
8541,84892,25780,1536,1
8542,79554,24140,1536,1
8543,78788,23894,1536,1
8544,78480,23822,1536,1
8545,78160,23717,1536,1
8546,78888,23917,1536,1
8547,78866,23920,1536,1
8548,78822,23894,1536,1
8549,78734,23872,1536,1
8550,114790,34793,1536,1
8551,78338,23749,1536,1
8552,78268,23740,1536,1
8553,78938,23956,1536,1
8554,78522,23829,1536,1
8555,78556,23828,1536,1
8556,78564,23842,1536,1
8557,79058,23982,1536,1
8558,80440,24396,1536,1
8559,78394,23764,1536,1
8560,78896,23943,1536,1
8561,78374,23762,1536,1
8562,79668,24183,1536,1
8563,131760,39998,1536,1
8564,104256,31648,1536,1
8565,118186,35869,1536,1
8566,94500,28681,1536,1
8567,138900,42119,1536,1
8568,132140,40093,1536,1
8569,130350,39529,1536,1
8570,121492,36860,1536,1
8571,124764,37835,1536,1
8572,198084,60070,1536,1
8573,126132,38276,1536,1
8574,82828,25141,1536,1
8575,78788,23902,1536,1
8576,114518,34733,1536,1
8577,103762,31499,1536,1
8578,124138,37670,1536,1
8579,116890,35442,1536,1
8580,80682,24486,1536,1
8581,91414,27767,1536,1
8582,78156,23696,1536,1
8583,89382,27117,1536,1
8584,78500,23811,1536,1
8585,78176,23712,1536,1
8586,79400,24085,1536,1
8587,78298,23749,1536,1
8588,77382,23458,1536,1
8589,78872,23936,1536,1
8590,79204,24034,1536,1
8591,124176,37675,1536,1
8592,80830,24529,1536,1
8593,79296,24061,1536,1
8594,126674,38432,1536,1
8595,123656,37520,1536,1
8596,116214,35246,1536,1
8597,101536,30808,1536,1
8598,84266,25566,1536,1
8599,81380,24694,1536,1
8600,83494,25332,1536,1
8601,96164,29242,1536,1
8602,122280,37206,1536,1
8603,111398,33807,1536,1
8604,86796,26342,1536,1
8605,112324,34070,1536,1
8606,101078,30666,1536,1
8607,80230,24350,1536,1
8608,79722,24196,1536,1
8609,74894,22724,1536,1
8610,79772,24186,1536,1
8611,79976,24267,1536,1
8612,79140,24002,1536,1
8613,93854,28468,1536,1
8614,112798,34226,1536,1
8615,100854,30605,1536,1
8616,172642,52343,1536,1
8617,110586,33527,1536,1
8618,110888,33625,1536,1
8619,120086,36432,1536,1
8620,110532,33529,1536,1
8621,106222,32222,1536,1
8622,110474,33497,1536,1
8623,111942,33940,1536,1
8624,112512,34106,1536,1
8625,122232,37100,1536,1
8626,109880,33346,1536,1
8627,115148,34934,1536,1
8628,105594,32041,1536,1
8629,109468,33208,1536,1
8630,97976,29717,1536,1
8631,121058,36727,1536,1
8632,122912,37287,1536,1
8633,135590,41112,1536,1
8634,88218,26770,1536,1
8635,86962,26381,1536,1
8636,79446,24097,1536,1
8637,79460,24097,1536,1
8638,81658,24767,1536,1
8639,77792,23585,1536,1
8640,109236,33123,1536,1
8641,79824,24210,1536,1
8642,77258,23432,1536,1
8643,77370,23464,1536,1
8644,76806,23281,1536,1
8645,78768,23901,1536,1
8646,97496,29605,1536,1
8647,80966,24570,1536,1
8648,94502,28695,1536,1
8649,80704,24487,1536,1
8650,80994,24578,1536,1
8651,101128,30728,1536,1
8652,102262,31032,1536,1
8653,93536,28398,1536,1
8654,80428,24402,1536,1
8655,76800,23320,1536,1
8656,77202,23401,1536,1
8657,76180,23097,1536,1
8658,87784,26623,1536,1
8659,76528,23286,1536,1
8660,76346,23171,1536,1
8661,112158,34030,1536,1
8662,105036,31871,1536,1
8663,109000,33059,1536,1
8664,85192,25972,1536,1
8665,120846,36674,1536,1
8666,82344,24990,1536,1
8667,83760,25439,1536,1
8668,77158,23404,1536,1
8669,76060,23085,1536,1
8670,76350,23157,1536,1
8671,77666,23570,1536,1
8672,76182,23116,1536,1
8673,75614,22951,1536,1
8674,75868,23003,1536,1
8675,117126,35549,1536,1
8676,145990,44243,1536,1
8677,81966,24875,1536,1
8678,82624,25075,1536,1
8679,81360,24665,1536,1
8680,82046,24894,1536,1
8681,81090,24585,1536,1
8682,82200,24918,1536,1
8683,82480,25029,1536,1
8684,168558,51115,1536,1
8685,84290,25672,1536,1
8686,123546,37485,1536,1
8687,87008,26406,1536,1
8688,180006,54598,1536,1
8689,114090,34604,1536,1
8690,96974,29429,1536,1
8691,107428,32603,1536,1
8692,101722,30876,1536,1
8693,103482,31380,1536,1
8694,90376,27419,1536,1
8695,87806,26646,1536,1
8696,85178,25832,1536,1
8697,81498,24718,1536,1
8698,77432,23475,1536,1
8699,78546,23811,1536,1
8700,79348,24064,1536,1
8701,79580,24148,1536,1
8702,79888,24247,1536,1
8703,80410,24374,1536,1
8704,78858,23932,1536,1
8705,78550,23827,1536,1
8706,78980,23952,1536,1
8707,77866,23618,1536,1
8708,79326,24070,1536,1
8709,156944,47624,1536,1
8710,117582,35675,1536,1
8711,121620,36903,1536,1
8712,119874,36381,1536,1
8713,117954,35791,1536,1
8714,113466,34432,1536,1
8715,79908,24251,1536,1
8716,77526,23513,1536,1
8717,77310,23459,1536,1
8718,74854,22721,1536,1
8719,77216,23430,1536,1
8720,76938,23349,1536,1
8721,76544,23208,1536,1
8722,77756,23598,1536,1
8723,79256,24049,1536,1
8724,76780,23302,1536,1
8725,76880,23329,1536,1
8726,79174,24016,1536,1
8727,76460,23203,1536,1
8728,77224,23436,1536,1
8729,76986,23366,1536,1
8730,82132,24919,1536,1
8731,77648,23561,1536,1
8732,76426,23167,1536,1
8733,76374,23174,1536,1
8734,76656,23241,1536,1
8735,74120,22480,1536,1
8736,77222,23435,1536,1
8737,75408,22882,1536,1
8738,76602,23224,1536,1
8739,76612,23252,1536,1
8740,76784,23304,1536,1
8741,76438,23171,1536,1
8742,76890,23311,1536,1
8743,76112,23073,1536,1
8744,122424,37165,1536,1
8745,79150,24020,1536,1
8746,80926,24553,1536,1
8747,80888,24545,1536,1
8748,80370,24389,1536,1
8749,80952,24568,1536,1
8750,80292,24366,1536,1
8751,82158,24927,1536,1
8752,80314,24373,1536,1
8753,77082,23394,1536,1
8754,76434,23175,1536,1
8755,76058,23084,1536,1
8756,77840,23624,1536,1
8757,92198,27968,1536,1
8758,73632,22325,1536,1
8759,74320,22528,1536,1
8760,74908,22718,1536,1
8761,74048,22452,1536,1
8762,74816,22679,1536,1
8763,72164,21875,1536,1
8764,74410,22560,1536,1
8765,74068,22451,1536,1
8766,75106,22791,1536,1
8767,73810,22388,1536,1
8768,74850,22712,1536,1
8769,74982,22733,1536,1
8770,74730,22680,1536,1
8771,104956,31819,1536,1
8772,76788,23290,1536,1
8773,79894,24248,1536,1
8774,74520,22612,1536,1
8775,74830,22688,1536,1
8776,82612,25070,1536,1
8777,81064,24599,1536,1
8778,82432,25014,1536,1
8779,79362,24086,1536,1
8780,80862,24536,1536,1
8781,80610,24460,1536,1
8782,78538,23830,1536,1
8783,131004,39763,1536,1
8784,120374,36495,1536,1
8785,115066,34914,1536,1
8786,110844,33631,1536,1
8787,121336,36817,1536,1
8788,98090,29763,1536,1
8789,120820,36651,1536,1
8790,111586,33857,1536,1
8791,116166,35246,1536,1
8792,117148,35556,1536,1
8793,108602,32960,1536,1
8794,135162,41036,1536,1
8795,120678,36584,1536,1
8796,85246,25863,1536,1
8797,83238,25246,1536,1
8798,81432,24711,1536,1
8799,81162,24630,1536,1
8800,79280,24060,1536,1
8801,81470,24725,1536,1
8802,82954,25169,1536,1
8803,82218,24926,1536,1
8804,81068,24597,1536,1
8805,82066,24905,1536,1
8806,93698,28424,1536,1
8807,96486,29250,1536,1
8808,131706,40078,1536,1
8809,83174,25244,1536,1
8810,79018,23976,1536,1
8811,81028,24585,1536,1
8812,82270,24961,1536,1
8813,82454,25018,1536,1
8814,81580,24756,1536,1
8815,149152,45235,1536,1
8816,117576,35670,1536,1
8817,113098,34315,1536,1
8818,114788,34833,1536,1
8819,112048,33972,1536,1
8820,117298,35580,1536,1
8821,124208,37679,1536,1
8822,118520,35935,1536,1
8823,117418,35625,1536,1
8824,110964,33671,1536,1
8825,84242,25564,1536,1
8826,153220,46582,1536,1
8827,84096,25518,1536,1
8828,83742,25409,1536,1
8829,83000,25188,1536,1
8830,84396,25608,1536,1
8831,84886,25761,1536,1
8832,83650,25382,1536,1
8833,83744,25409,1536,1
8834,85992,26092,1536,1
8835,83014,25192,1536,1
8836,629783,192033,1536,1
8837,78516,23834,1536,1
8838,93286,28322,1536,1
8839,76794,23294,1536,1
8840,79390,24093,1536,1
8841,79060,23990,1536,1
8842,78956,23961,1536,1
8843,78708,23870,1536,1
8844,76984,23351,1536,1
8845,78024,23669,1536,1
8846,78332,23764,1536,1
8847,78874,23922,1536,1
8848,79100,23991,1536,1
8849,79644,24170,1536,1
8850,77948,23655,1536,1
8851,79832,24220,1536,1
8852,78340,23773,1536,1
8853,78524,23810,1536,1
8854,77548,23523,1536,1
8855,76788,23292,1536,1
8856,78756,23885,1536,1
8857,84990,25788,1536,1
8858,80666,24452,1536,1
8859,79496,24108,1536,1
8860,81524,24725,1536,1
8861,85614,25967,1536,1
8862,82688,25093,1536,1
8863,82050,24898,1536,1
8864,81600,24750,1536,1
8865,86468,26263,1536,1
8866,82146,24929,1536,1
8867,82000,24857,1536,1
8868,81566,24730,1536,1
8869,94448,28675,1536,1
8870,81850,24838,1536,1
8871,81452,24705,1536,1
8872,81458,24705,1536,1
8873,80820,24516,1536,1
8874,81372,24670,1536,1
8875,131838,39997,1536,1
8876,81692,24780,1536,1
8877,83598,25373,1536,1
8878,100586,30544,1536,1
8879,86922,26378,1536,1
8880,86622,26287,1536,1
8881,87196,26454,1536,1
8882,86964,26384,1536,1
8883,85532,25953,1536,1
8884,86610,26291,1536,1
8885,88250,26857,1536,1
8886,127646,38721,1536,1
8887,133014,40337,1536,1
8888,107342,32580,1536,1
8889,244944,74251,1536,1
8890,108702,32967,1536,1
8891,107506,32607,1536,1
8892,104280,31632,1536,1
8893,93216,28265,1536,1
8894,87592,26577,1536,1
8895,90780,27515,1536,1
8896,92642,28082,1536,1
8897,119332,36215,1536,1
8898,128986,39131,1536,1
8899,109794,33333,1536,1
8900,86492,26244,1536,1
8901,85910,26066,1536,1
8902,118232,35869,1536,1
8903,122312,37112,1536,1
8904,127646,38710,1536,1
8905,127914,38814,1536,1
8906,128296,38936,1536,1
8907,172424,52298,1536,1
8908,119390,36223,1536,1
8909,125042,37953,1536,1
8910,183360,55603,1536,1
8911,128148,38885,1536,1
8912,128284,38919,1536,1
8913,128146,38842,1536,1
8914,123066,37341,1536,1
8915,120318,36510,1536,1
8916,87166,26433,1536,1
8917,93864,28822,1536,1
8918,78794,23915,1536,1
8919,82170,24932,1536,1
8920,147708,44834,1536,1
8921,135192,41014,1536,1
8922,136688,41478,1536,1
8923,135664,41154,1536,1
8924,127520,38686,1536,1
8925,132806,40306,1536,1
8926,126682,38446,1536,1
8927,128412,38957,1536,1
8928,129382,39265,1536,1
8929,210112,63712,1536,1
8930,83862,25450,1536,1
8931,83706,25401,1536,1
8932,83352,25289,1536,1
8933,83524,25343,1536,1
8934,82172,24931,1536,1
8935,83590,25363,1536,1
8936,85424,25915,1536,1
8937,83966,25482,1536,1
8938,128080,38854,1536,1
8939,127640,38715,1536,1
8940,139368,42267,1536,1
8941,174694,52983,1536,1
8942,116870,35443,1536,1
8943,116678,35397,1536,1
8944,117462,35645,1536,1
8945,119968,36403,1536,1
8946,106170,32369,1536,1
8947,122388,37142,1536,1
8948,119466,36253,1536,1
8949,121256,37059,1536,1
8950,89506,27157,1536,1
8951,84748,25717,1536,1
8952,84792,25730,1536,1
8953,85702,25980,1536,1
8954,86582,26273,1536,1
8955,84920,25767,1536,1
8956,84474,25633,1536,1
8957,84054,25508,1536,1
8958,93640,28418,1536,1
8959,94574,28671,1536,1
8960,113032,34295,1536,1
8961,127860,38812,1536,1
8962,116940,35472,1536,1
8963,117600,35678,1536,1
8964,123074,37345,1536,1
8965,122402,37146,1536,1
8966,381534,115619,1536,1
8967,116882,35459,1536,1
8968,197022,59766,1536,1
8969,131782,39988,1536,1
8970,139606,42360,1536,1
8971,136624,41460,1536,1
8972,208607,63789,1536,1
8973,132116,40089,1536,1
8974,131888,40013,1536,1
8975,134552,40810,1536,1
8976,130638,39625,1536,1
8977,123700,37520,1536,1
8978,122594,37207,1536,1
8979,132792,40295,1536,1
8980,134732,40882,1536,1
8981,120978,36703,1536,1
8982,171342,51998,1536,1
8983,134876,40921,1536,1
8984,128542,38997,1536,1
8985,104604,31742,1536,1
8986,117772,35747,1536,1
8987,120226,36482,1536,1
8988,111680,33884,1536,1
8989,106272,32237,1536,1
8990,137592,41739,1536,1
8991,120444,36525,1536,1
8992,137004,41558,1536,1
8993,134064,40677,1536,1
8994,109436,33211,1536,1
8995,105134,31902,1536,1
8996,119352,36206,1536,1
8997,126886,38502,1536,1
8998,117062,35521,1536,1
8999,170970,51856,1536,1
9000,121748,36968,1536,1
9001,98594,29910,1536,1
9002,182006,55240,1536,1
9003,132778,40296,1536,1
9004,135868,41196,1536,1
9005,133236,40427,1536,1
9006,132190,40111,1536,1
9007,121930,37006,1536,1
9008,129602,39338,1536,1
9009,128884,39110,1536,1
9010,129964,39451,1536,1
9011,138752,42073,1536,1
9012,139278,42265,1536,1
9013,132524,40210,1536,1
9014,120384,36523,1536,1
9015,121236,36787,1536,1
9016,132056,40063,1536,1
9017,141074,42807,1536,1
9018,142554,43247,1536,1
9019,115300,34998,1536,1
9020,89832,27263,1536,1
9021,89180,27060,1536,1
9022,89786,27244,1536,1
9023,153278,46540,1536,1
9024,138936,42141,1536,1
9025,126536,38379,1536,1
9026,211734,64207,1536,1
9027,134176,40715,1536,1
9028,138346,41970,1536,1
9029,197623,60166,1536,1
9030,134994,40960,1536,1
9031,193580,58682,1536,1
9032,125846,38188,1536,1
9033,129188,39188,1536,1
9034,127056,38559,1536,1
9035,139648,42374,1536,1
9036,166330,50451,1536,1
9037,130552,39591,1536,1
9038,104532,31808,1536,1
9039,89580,27187,1536,1
9040,84272,25550,1536,1
9041,84574,25641,1536,1
9042,99178,30089,1536,1
9043,122854,37279,1536,1
9044,112342,34083,1536,1
9045,111164,33739,1536,1
9046,111188,33738,1536,1
9047,120624,36578,1536,1
9048,103958,31552,1536,1
9049,400878,121486,1536,1
9050,117868,35753,1536,1
9051,112894,34240,1536,1
9052,114688,34797,1536,1
9053,114818,34804,1536,1
9054,114206,34649,1536,1
9055,108380,32891,1536,1
9056,112214,34052,1536,1
9057,113710,34503,1536,1
9058,116126,35223,1536,1
9059,121380,36827,1536,1
9060,113416,34416,1536,1
9061,141706,42985,1536,1
9062,124644,37829,1536,1
9063,124746,37854,1536,1
9064,125612,38126,1536,1
9065,104628,31747,1536,1
9066,103432,31391,1536,1
9067,112564,34155,1536,1
9068,116606,35380,1536,1
9069,128964,39106,1536,1
9070,114274,34678,1536,1
9071,143016,43408,1536,1
9072,142166,43126,1536,1
9073,139756,42403,1536,1
9074,135000,40969,1536,1
9075,131436,39885,1536,1
9076,133328,40460,1536,1
9077,120508,36566,1536,1
9078,128746,39058,1536,1
9079,130688,39665,1536,1
9080,127140,38576,1536,1
9081,126154,38281,1536,1
9082,127020,38543,1536,1
9083,127138,38580,1536,1
9084,134890,40960,1536,1
9085,90634,27503,1536,1
9086,89820,27251,1536,1
9087,86920,26373,1536,1
9088,89466,27149,1536,1
9089,660824,201075,1536,1
9090,385792,117617,1536,1
9091,131026,39733,1536,1
9092,131130,39792,1536,1
9093,201038,60977,1536,1
9094,94304,28612,1536,1
9095,109102,33064,1536,1
9096,125008,37897,1536,1
9097,103738,31469,1536,1
9098,100700,30562,1536,1
9099,131616,39932,1536,1
9100,129550,39299,1536,1
9101,130692,39615,1536,1
9102,125540,38090,1536,1
9103,122490,37168,1536,1
9104,110450,33502,1536,1
9105,160360,48679,1536,1
9106,86980,26394,1536,1
9107,86756,26318,1536,1
9108,137578,41727,1536,1
9109,104612,31767,1536,1
9110,120940,36688,1536,1
9111,130558,39574,1536,1
9112,130162,39492,1536,1
9113,182456,55514,1536,1
9114,131820,40000,1536,1
9115,137302,41642,1536,1
9116,114808,34803,1536,1
9117,132418,40155,1536,1
9118,140556,43514,1536,1
9119,88388,26828,1536,1
9120,86400,26215,1536,1
9121,86412,26228,1536,1
9122,85770,26025,1536,1
9123,121066,36713,1536,1
9124,115330,34998,1536,1
9125,127770,38774,1536,1
9126,137492,41744,1536,1
9127,104594,31709,1536,1
9128,85788,26038,1536,1
9129,85858,26056,1536,1
9130,86542,26244,1536,1
9131,119138,36144,1536,1
9132,103134,31316,1536,1
9133,129572,39328,1536,1
9134,130558,39587,1536,1
9135,121456,36854,1536,1
9136,110528,33535,1536,1
9137,134670,40855,1536,1
9138,133136,40395,1536,1
9139,137166,41613,1536,1
9140,142898,43356,1536,1
9141,141598,42955,1536,1
9142,129732,39359,1536,1
9143,129688,39398,1536,1
9144,143322,43480,1536,1
9145,248702,75532,1536,1
9146,105864,32138,1536,1
9147,135740,41184,1536,1
9148,140162,42530,1536,1
9149,138468,42008,1536,1
9150,126518,38358,1536,1
9151,131508,39875,1536,1
9152,135124,40978,1536,1
9153,141096,42808,1536,1
9154,140106,42508,1536,1
9155,133868,40621,1536,1
9156,129150,39188,1536,1
9157,134902,40902,1536,1
9158,130930,39728,1536,1
9159,84878,25763,1536,1
9160,81936,24870,1536,1
9161,83026,25196,1536,1
9162,79950,24240,1536,1
9163,78638,23843,1536,1
9164,80588,24433,1536,1
9165,80666,24482,1536,1
9166,80660,24455,1536,1
9167,84872,25752,1536,1
9168,82144,24936,1536,1
9169,81570,24756,1536,1
9170,80944,24564,1536,1
9171,81194,24630,1536,1
9172,115436,34988,1536,1
9173,80564,24433,1536,1
9174,81588,24744,1536,1
9175,80454,24417,1536,1
9176,80926,24546,1536,1
9177,80336,24385,1536,1
9178,95816,29053,1536,1
9179,79138,24004,1536,1
9180,83196,25255,1536,1
9181,82540,25024,1536,1
9182,81474,24700,1536,1
9183,81394,24688,1536,1
9184,82416,25012,1536,1
9185,81198,24627,1536,1
9186,80460,24404,1536,1
9187,80942,24566,1536,1
9188,146680,44516,1536,1
9189,130098,39476,1536,1
9190,121644,36917,1536,1
9191,121800,36959,1536,1
9192,143562,43545,1536,1
9193,121304,36808,1536,1
9194,124738,37846,1536,1
9195,86984,26391,1536,1
9196,86182,26148,1536,1
9197,87156,26449,1536,1
9198,87374,26514,1536,1
9199,86770,26327,1536,1
9200,133974,40641,1536,1
9201,114558,34754,1536,1
9202,113802,34532,1536,1
9203,116900,35467,1536,1
9204,111976,33974,1536,1
9205,111168,33744,1536,1
9206,128002,38849,1536,1
9207,117882,35769,1536,1
9208,128600,39006,1536,1
9209,141718,43011,1536,1
9210,136602,41448,1536,1
9211,138966,42154,1536,1
9212,139746,42403,1536,1
9213,133844,40616,1536,1
9214,144808,43915,1536,1
9215,137252,41637,1536,1
9216,112268,34063,1536,1
9217,112042,33996,1536,1
9218,112550,34149,1536,1
9219,115578,35080,1536,1
9220,132904,40325,1536,1
9221,126608,38420,1536,1
9222,130124,39477,1536,1
9223,132616,40239,1536,1
9224,131134,39786,1536,1
9225,131666,39934,1536,1
9226,131840,39999,1536,1
9227,188868,57266,1536,1
9228,122928,37292,1536,1
9229,139532,42354,1536,1
9230,96752,29374,1536,1
9231,82202,24933,1536,1
9232,128208,38900,1536,1
9233,130116,39472,1536,1
9234,119928,36396,1536,1
9235,126892,38515,1536,1
9236,128858,39068,1536,1
9237,133362,40461,1536,1
9238,124614,37801,1536,1
9239,122890,37289,1536,1
9240,137238,41638,1536,1
9241,127454,38672,1536,1
9242,120876,36660,1536,1
9243,86108,26126,1536,1
9244,85228,25861,1536,1
9245,85206,25857,1536,1
9246,85322,25895,1536,1
9247,86968,26362,1536,1
9248,85182,25835,1536,1
9249,95854,29077,1536,1
9250,105136,31922,1536,1
9251,80924,24562,1536,1
9252,80078,24299,1536,1
9253,82052,24890,1536,1
9254,81882,24853,1536,1
9255,119336,36215,1536,1
9256,81606,24764,1536,1
9257,81348,24689,1536,1
9258,91816,27952,1536,1
9259,80742,24475,1536,1
9260,125698,38151,1536,1
9261,126502,38391,1536,1
9262,126740,38460,1536,1
9263,120626,36604,1536,1
9264,131258,39800,1536,1
9265,128564,39006,1536,1
9266,129620,39331,1536,1
9267,128130,38838,1536,1
9268,114172,34653,1536,1
9269,116310,35282,1536,1
9270,125732,38151,1536,1
9271,106142,32232,1536,1
9272,85566,25969,1536,1
9273,83824,25424,1536,1
9274,83346,25300,1536,1
9275,84026,25476,1536,1
9276,83354,25274,1536,1
9277,83810,25411,1536,1
9278,82830,25115,1536,1
9279,83494,25324,1536,1
9280,83330,25293,1536,1
9281,184178,55855,1536,1
9282,83700,25402,1536,1
9283,82874,25135,1536,1
9284,83704,25377,1536,1
9285,81456,24691,1536,1
9286,82706,25071,1536,1
9287,80674,24485,1536,1
9288,80696,24481,1536,1
9289,83172,25213,1536,1
9290,82766,25105,1536,1
9291,83294,25250,1536,1
9292,96684,29349,1536,1
9293,84050,25508,1536,1
9294,83794,25412,1536,1
9295,83470,25335,1536,1
9296,83816,25407,1536,1
9297,81110,24603,1536,1
9298,81568,24756,1536,1
9299,81990,24867,1536,1
9300,83702,25405,1536,1
9301,138498,42016,1536,1
9302,134140,40706,1536,1
9303,132312,40149,1536,1
9304,134022,40661,1536,1
9305,189538,57442,1536,1
9306,127866,38890,1536,1
9307,129702,39351,1536,1
9308,134420,40776,1536,1
9309,138092,41890,1536,1
9310,133290,40452,1536,1
9311,136516,41421,1536,1
9312,135232,41031,1536,1
9313,93592,28404,1536,1
9314,85312,25892,1536,1
9315,83086,25213,1536,1
9316,82896,25130,1536,1
9317,83700,25379,1536,1
9318,83472,25335,1536,1
9319,83140,25202,1536,1
9320,83908,25450,1536,1
9321,85468,25938,1536,1
9322,83768,25393,1536,1
9323,83326,25285,1536,1
9324,83334,25290,1536,1
9325,83678,25366,1536,1
9326,188128,57044,1536,1
9327,84278,25563,1536,1
9328,84220,25556,1536,1
9329,84256,25572,1536,1
9330,83872,25428,1536,1
9331,83414,25291,1536,1
9332,83934,25462,1536,1
9333,87630,26568,1536,1
9334,92178,27973,1536,1
9335,84230,25566,1536,1
9336,84170,25545,1536,1
9337,85254,25870,1536,1
9338,83864,25448,1536,1
9339,89006,26993,1536,1
9340,84074,25486,1536,1
9341,86454,26240,1536,1
9342,84686,25700,1536,1
9343,108318,32882,1536,1
9344,83706,25404,1536,1
9345,84424,25606,1536,1
9346,83034,25176,1536,1
9347,82964,25180,1536,1
9348,754189,230479,1536,1
9349,143930,43669,1536,1
9350,113224,34369,1536,1
9351,111608,33881,1536,1
9352,121922,36994,1536,1
9353,115128,34929,1536,1
9354,446340,135298,1536,1
9355,162674,49377,1536,1
9356,128728,39062,1536,1
9357,91000,27615,1536,1
9358,84844,25750,1536,1
9359,91276,27694,1536,1
9360,89418,27136,1536,1
9361,89106,27037,1536,1
9362,131358,39858,1536,1
9363,127962,38832,1536,1
9364,126584,38423,1536,1
9365,89716,27223,1536,1
9366,90426,27435,1536,1
9367,89304,27100,1536,1
9368,88272,26788,1536,1
9369,109336,33227,1536,1
9370,114686,34807,1536,1
9371,124786,37881,1536,1
9372,125554,38092,1536,1
9373,127554,38700,1536,1
9374,111260,33770,1536,1
9375,92694,28107,1536,1
9376,138452,42030,1536,1
9377,90876,27585,1536,1
9378,87666,26600,1536,1
9379,88406,26824,1536,1
9380,87048,26389,1536,1
9381,86430,26227,1536,1
9382,144502,43833,1536,1
9383,289664,87850,1536,1
9384,125132,37979,1536,1
9385,108720,33005,1536,1
9386,84646,25686,1536,1
9387,87006,26408,1536,1
9388,86072,26101,1536,1
9389,88222,26753,1536,1
9390,95668,29007,1536,1
9391,95136,28864,1536,1
9392,86292,26174,1536,1
9393,84758,25723,1536,1
9394,87080,26424,1536,1
9395,166874,50613,1536,1
9396,114504,34717,1536,1
9397,123082,37372,1536,1
9398,138636,42067,1536,1
9399,241511,73592,1536,1
9400,117520,35660,1536,1
9401,117046,35486,1536,1
9402,252168,76501,1536,1
9403,87186,26453,1536,1
9404,100474,30474,1536,1
9405,84180,25545,1536,1
9406,92264,28004,1536,1
9407,91110,27648,1536,1
9408,86246,26168,1536,1
9409,86572,26270,1536,1
9410,85822,26040,1536,1
9411,86122,26134,1536,1
9412,86338,26200,1536,1
9413,126872,38644,1536,1
9414,136006,41245,1536,1
9415,87282,26482,1536,1
9416,86550,26264,1536,1
9417,276158,84373,1536,1
9418,92772,28162,1536,1
9419,125014,37930,1536,1
9420,117968,35789,1536,1
9421,112014,33959,1536,1
9422,2257056,683885,1536,1
9423,127670,38753,1536,1
9424,132784,40294,1536,1
9425,124420,37752,1536,1
9426,153764,46634,1536,1
9427,158788,48164,1536,1
9428,229420,70021,1536,1
9429,112826,34246,1536,1
9430,183458,55777,1536,1
9431,113518,34449,1536,1
9432,144198,43785,1536,1
9433,148302,45043,1536,1
9434,147304,44688,1536,1
9435,133482,40504,1536,1
9436,142594,43259,1536,1
9437,141214,42838,1536,1
9438,184008,55814,1536,1
9439,196942,59730,1536,1
9440,129906,39412,1536,1
9441,139908,42604,1536,1
9442,147726,44819,1536,1
9443,132570,40213,1536,1
9444,133720,40572,1536,1
9445,133352,40438,1536,1
9446,130664,39654,1536,1
9447,134598,40845,1536,1
9448,133350,40464,1536,1
9449,133692,40567,1536,1
9450,128650,39039,1536,1
9451,140400,42583,1536,1
9452,134954,40941,1536,1
9453,227166,68896,1536,1
9454,104014,31561,1536,1
9455,116302,35469,1536,1
9456,114060,34920,1536,1
9457,115898,35165,1536,1
9458,114828,34843,1536,1
9459,159704,48449,1536,1
9460,117006,35507,1536,1
9461,118348,35914,1536,1
9462,126756,38456,1536,1
9463,115820,35143,1536,1
9464,146976,44597,1536,1
9465,117926,35768,1536,1
9466,124744,37849,1536,1
9467,124642,37812,1536,1
9468,133268,40436,1536,1
9469,121618,36897,1536,1
9470,118514,35954,1536,1
9471,152440,46812,1536,1
9472,132390,40162,1536,1
9473,150754,45733,1536,1
9474,143516,43544,1536,1
9475,146600,44446,1536,1
9476,138168,42012,1536,1
9477,129758,39375,1536,1
9478,114354,34698,1536,1
9479,156402,47459,1536,1
9480,133282,40442,1536,1
9481,123152,37381,1536,1
9482,110340,33490,1536,1
9483,104664,31761,1536,1
9484,103138,31306,1536,1
9485,104794,31798,1536,1
9486,106802,32408,1536,1
9487,104656,31764,1536,1
9488,114116,34596,1536,1
9489,120240,36494,1536,1
9490,113634,34486,1536,1
9491,119330,36194,1536,1
9492,125498,38064,1536,1
9493,123670,37652,1536,1
9494,124582,37783,1536,1
9495,118416,35942,1536,1
9496,137308,41664,1536,1
9497,91674,27799,1536,1
9498,87128,26435,1536,1
9499,86928,26362,1536,1
9500,179052,54303,1536,1
9501,82662,25090,1536,1
9502,78546,23827,1536,1
9503,423241,128685,1536,1
9504,95726,29048,1536,1
9505,118352,35918,1536,1
9506,103978,31563,1536,1
9507,83240,25257,1536,1
9508,83758,25417,1536,1
9509,83442,25323,1536,1
9510,82332,24981,1536,1
9511,83696,25401,1536,1
9512,83006,25192,1536,1
9513,84742,25689,1536,1
9514,86740,26303,1536,1
9515,83342,25287,1536,1
9516,84400,25608,1536,1
9517,142458,43216,1536,1
9518,84556,25727,1536,1
9519,83196,25244,1536,1
9520,85658,25978,1536,1
9521,136372,41403,1536,1
9522,122490,37171,1536,1
9523,124562,37794,1536,1
9524,353130,107390,1536,1
9525,129276,39234,1536,1
9526,119498,36246,1536,1
9527,127310,38628,1536,1
9528,114934,34889,1536,1
9529,105994,32171,1536,1
9530,226224,68561,1536,1
9531,157948,47896,1536,1
9532,158256,48011,1536,1
9533,161308,48927,1536,1
9534,127000,38533,1536,1
9535,121114,36749,1536,1
9536,146192,44465,1536,1
9537,143956,43668,1536,1
9538,145448,44222,1536,1
9539,154700,46909,1536,1
9540,144076,43709,1536,1
9541,169538,51415,1536,1
9542,124682,37830,1536,1
9543,129234,39216,1536,1
9544,126644,38421,1536,1
9545,110186,33434,1536,1
9546,129316,39242,1536,1
9547,126578,38407,1536,1
9548,86690,26315,1536,1
9549,83952,25480,1536,1
9550,99666,30255,1536,1
9551,82244,24966,1536,1
9552,83098,25213,1536,1
9553,85294,25878,1536,1
9554,86882,26363,1536,1
9555,85826,26045,1536,1
9556,111814,33915,1536,1
9557,105342,31959,1536,1
9558,102976,31216,1536,1
9559,116492,35348,1536,1
9560,126304,38315,1536,1
9561,116358,35300,1536,1
9562,181294,54992,1536,1
9563,108924,33053,1536,1
9564,280116,84890,1536,1
9565,91544,27777,1536,1
9566,86052,26110,1536,1
9567,81140,24620,1536,1
9568,84584,25666,1536,1
9569,83212,25254,1536,1
9570,83292,25279,1536,1
9571,84188,25549,1536,1
9572,83118,25219,1536,1
9573,82874,25155,1536,1
9574,83522,25346,1536,1
9575,103660,31465,1536,1
9576,120124,36441,1536,1
9577,112748,34207,1536,1
9578,126162,38252,1536,1
9579,83774,25424,1536,1
9580,82864,25145,1536,1
9581,83802,25432,1536,1
9582,83256,25266,1536,1
9583,131262,39847,1536,1
9584,144618,43904,1536,1
9585,140886,42710,1536,1
9586,143148,43426,1536,1
9587,131990,40044,1536,1
9588,139598,42351,1536,1
9589,140824,42719,1536,1
9590,141444,42883,1536,1
9591,134674,40825,1536,1
9592,140052,42487,1536,1
9593,143228,43452,1536,1
9594,139302,42271,1536,1
9595,149000,45205,1536,1
9596,143910,43646,1536,1
9597,146856,44520,1536,1
9598,157554,47919,1536,1
9599,147526,44726,1536,1
9600,178342,54077,1536,1
9601,137688,41761,1536,1
9602,90946,27579,1536,1
9603,132168,40100,1536,1
9604,135230,41048,1536,1
9605,125024,37937,1536,1
9606,167188,50727,1536,1
9607,160096,48568,1536,1
9608,116454,35347,1536,1
9609,132944,40301,1536,1
9610,129896,39400,1536,1
9611,132724,40271,1536,1
9612,134982,40951,1536,1
9613,133786,40572,1536,1
9614,131892,40015,1536,1
9615,142028,43089,1536,1
9616,128220,38914,1536,1
9617,133198,40414,1536,1
9618,127084,38568,1536,1
9619,128756,39072,1536,1
9620,134806,40910,1536,1
9621,128112,38873,1536,1
9622,106436,32295,1536,1
9623,125910,38208,1536,1
9624,157900,47918,1536,1
9625,107536,32640,1536,1
9626,114074,34615,1536,1
9627,140378,42543,1536,1
9628,100668,30521,1536,1
9629,93180,28273,1536,1
9630,89194,27065,1536,1
9631,94240,28589,1536,1
9632,87280,26469,1536,1
9633,84562,25662,1536,1
9634,89678,27182,1536,1
9635,107852,32732,1536,1
9636,114332,34686,1536,1
9637,86158,26141,1536,1
9638,87196,26462,1536,1
9639,87472,26516,1536,1
9640,154254,47172,1536,1
9641,127980,38832,1536,1
9642,137996,41867,1536,1
9643,130260,39488,1536,1
9644,123220,37390,1536,1
9645,106838,32446,1536,1
9646,122352,37120,1536,1
9647,127680,38744,1536,1
9648,119282,36196,1536,1
9649,140836,42703,1536,1
9650,124638,37796,1536,1
9651,123606,37487,1536,1
9652,111212,33725,1536,1
9653,135124,40980,1536,1
9654,124356,37700,1536,1
9655,111976,33969,1536,1
9656,114670,34757,1536,1
9657,109478,33192,1536,1
9658,112522,34270,1536,1
9659,82502,25037,1536,1
9660,80500,24418,1536,1
9661,80856,24523,1536,1
9662,79328,24074,1536,1
9663,79386,24076,1536,1
9664,130740,39661,1536,1
9665,117052,35535,1536,1
9666,124422,37718,1536,1
9667,119798,36356,1536,1
9668,118536,35977,1536,1
9669,116312,35290,1536,1
9670,112012,33978,1536,1
9671,608647,184963,1536,1
9672,131776,40059,1536,1
9673,123484,37463,1536,1
9674,125550,38092,1536,1
9675,172032,52175,1536,1
9676,119672,36323,1536,1
9677,114622,34791,1536,1
9678,134394,40777,1536,1
9679,130206,39507,1536,1
9680,130974,39738,1536,1
9681,125652,38122,1536,1
9682,187917,57347,1536,1
9683,118106,35854,1536,1
9684,113008,34295,1536,1
9685,122124,37056,1536,1
9686,133448,40496,1536,1
9687,145730,44204,1536,1
9688,127216,38605,1536,1
9689,121544,36887,1536,1
9690,122440,37150,1536,1
9691,237135,72253,1536,1
9692,137786,41803,1536,1
9693,124134,37668,1536,1
9694,120134,36451,1536,1
9695,120530,36563,1536,1
9696,111026,33692,1536,1
9697,135318,41057,1536,1
9698,130884,39729,1536,1
9699,106358,32278,1536,1
9700,106078,32173,1536,1
9701,127272,38612,1536,1
9702,121724,36926,1536,1
9703,114556,34730,1536,1
9704,121868,36975,1536,1
9705,122162,37056,1536,1
9706,145406,44147,1536,1
9707,130518,39603,1536,1
9708,132936,40342,1536,1
9709,121362,36833,1536,1
9710,111686,33889,1536,1
9711,131686,39949,1536,1
9712,119416,36224,1536,1
9713,118232,35878,1536,1
9714,117506,35643,1536,1
9715,129682,39339,1536,1
9716,118284,35868,1536,1
9717,112494,34124,1536,1
9718,120794,36661,1536,1
9719,113350,34374,1536,1
9720,121276,36800,1536,1
9721,123720,37636,1536,1
9722,111066,33701,1536,1
9723,119906,36389,1536,1
9724,107420,32604,1536,1
9725,111836,33942,1536,1
9726,115274,34987,1536,1
9727,127430,38666,1536,1
9728,123542,37492,1536,1
9729,122462,37166,1536,1
9730,143542,43546,1536,1
9731,123584,37498,1536,1
9732,129084,39159,1536,1
9733,87810,26628,1536,1
9734,87910,26663,1536,1
9735,86642,26275,1536,1
9736,86150,26145,1536,1
9737,92074,27935,1536,1
9738,153126,46449,1536,1
9739,89302,27097,1536,1
9740,130330,39547,1536,1
9741,123852,37690,1536,1
9742,131812,39997,1536,1
9743,128874,39105,1536,1
9744,126944,38519,1536,1
9745,136658,41454,1536,1
9746,136584,41437,1536,1
9747,138196,41941,1536,1
9748,137722,41814,1536,1
9749,127586,38720,1536,1
9750,140114,42509,1536,1
9751,110404,33504,1536,1
9752,135032,40971,1536,1
9753,125440,38054,1536,1
9754,685042,207999,1536,1
9755,139006,42187,1536,1
9756,147166,44650,1536,1
9757,139170,42233,1536,1
9758,85434,25912,1536,1
9759,121656,36912,1536,1
9760,205270,62473,1536,1
9761,1292215,391828,1536,1
9762,136594,41442,1536,1
9763,131680,39952,1536,1
9764,92096,27947,1536,1
9765,137200,41620,1536,1
9766,138044,41885,1536,1
9767,114318,34697,1536,1
9768,179616,54475,1536,1
9769,144296,43770,1536,1
9770,132800,40290,1536,1
9771,138550,42037,1536,1
9772,138654,42048,1536,1
9773,145522,44178,1536,1
9774,138256,41948,1536,1
9775,144368,43795,1536,1
9776,126620,38418,1536,1
9777,116032,35195,1536,1
9778,113928,34558,1536,1
9779,115534,35048,1536,1
9780,114242,34655,1536,1
9781,114196,34648,1536,1
9782,113854,34542,1536,1
9783,111852,33936,1536,1
9784,147980,44887,1536,1
9785,139232,42238,1536,1
9786,131830,39989,1536,1
9787,128714,39053,1536,1
9788,127376,38642,1536,1
9789,162876,49441,1536,1
9790,145766,44232,1536,1
9791,143086,43413,1536,1
9792,134160,40708,1536,1
9793,129524,39302,1536,1
9794,138734,42099,1536,1
9795,126930,38514,1536,1
9796,123078,37336,1536,1
9797,132192,40112,1536,1
9798,134072,40683,1536,1
9799,131580,39918,1536,1
9800,139270,42262,1536,1
9801,131476,39871,1536,1
9802,262018,80243,1536,1
9803,142618,43273,1536,1
9804,136630,41449,1536,1
9805,123184,37379,1536,1
9806,127560,38708,1536,1
9807,147934,45035,1536,1
9808,136444,41396,1536,1
9809,155540,47187,1536,1
9810,114236,34657,1536,1
9811,112150,34007,1536,1
9812,112758,34215,1536,1
9813,112462,34126,1536,1
9814,112842,34236,1536,1
9815,110314,33476,1536,1
9816,109646,33237,1536,1
9817,113140,34330,1536,1
9818,114036,34587,1536,1
9819,112606,34167,1536,1
9820,110036,33393,1536,1
9821,187168,56838,1536,1
9822,113072,34313,1536,1
9823,110702,33588,1536,1
9824,157634,47816,1536,1
9825,122542,37184,1536,1
9826,93470,28383,1536,1
9827,113508,34455,1536,1
9828,123558,37486,1536,1
9829,161380,48938,1536,1
9830,89896,27275,1536,1
9831,140008,42481,1536,1
9832,132128,40095,1536,1
9833,129488,39300,1536,1
9834,127744,38760,1536,1
9835,126560,38402,1536,1
9836,89514,27165,1536,1
9837,86806,26337,1536,1
9838,90286,27401,1536,1
9839,88594,26883,1536,1
9840,140656,42698,1536,1
9841,132092,40086,1536,1
9842,89742,27235,1536,1
9843,89388,27120,1536,1
9844,89240,27085,1536,1
9845,106972,32472,1536,1
9846,141608,42957,1536,1
9847,122660,37224,1536,1
9848,126046,38250,1536,1
9849,131302,39833,1536,1
9850,888600,269484,1536,1
9851,90420,27433,1536,1
9852,114700,34796,1536,1
9853,110106,33415,1536,1
9854,108910,33050,1536,1
9855,108932,33059,1536,1
9856,114362,34715,1536,1
9857,136278,41348,1536,1
9858,141398,42897,1536,1
9859,146718,44508,1536,1
9860,144144,43718,1536,1
9861,140368,42554,1536,1
9862,142880,43357,1536,1
9863,142180,43135,1536,1
9864,140104,42514,1536,1
9865,136898,41530,1536,1
9866,205964,62570,1536,1
9867,129158,39197,1536,1
9868,121730,36941,1536,1
9869,117928,35790,1536,1
9870,190908,58134,1536,1
9871,201100,61018,1536,1
9872,140880,42759,1536,1
9873,125204,37986,1536,1
9874,139554,42346,1536,1
9875,138454,42002,1536,1
9876,131680,39960,1536,1
9877,127740,38765,1536,1
9878,132882,40321,1536,1
9879,200552,60797,1536,1
9880,128640,39030,1536,1
9881,147258,44692,1536,1
9882,137680,41767,1536,1
9883,130314,39548,1536,1
9884,139872,42415,1536,1
9885,132554,40221,1536,1
9886,124296,37680,1536,1
9887,128082,38866,1536,1
9888,115156,34951,1536,1
9889,132886,40290,1536,1
9890,135754,41173,1536,1
9891,192870,58536,1536,1
9892,132836,40295,1536,1
9893,116684,35409,1536,1
9894,114326,34694,1536,1
9895,121334,36827,1536,1
9896,128198,38905,1536,1
9897,120114,36440,1536,1
9898,135290,41046,1536,1
9899,149836,45462,1536,1
9900,133900,40644,1536,1
9901,134072,40665,1536,1
9902,139696,42364,1536,1
9903,123566,37495,1536,1
9904,131020,39762,1536,1
9905,123714,37524,1536,1
9906,121284,36807,1536,1
9907,86366,26217,1536,1
9908,1204779,366399,1536,1
9909,129568,39311,1536,1
9910,131306,39858,1536,1
9911,134426,40795,1536,1
9912,110386,33505,1536,1
9913,152384,46224,1536,1
9914,99668,30250,1536,1
9915,131274,39819,1536,1
9916,131640,39945,1536,1
9917,127824,38781,1536,1
9918,120436,36541,1536,1
9919,129210,39214,1536,1
9920,208458,63683,1536,1
9921,137282,41645,1536,1
9922,141106,42826,1536,1
9923,108378,32876,1536,1
9924,204518,62147,1536,1
9925,89380,27126,1536,1
9926,86652,26297,1536,1
9927,165310,50148,1536,1
9928,129686,39347,1536,1
9929,138280,41959,1536,1
9930,126604,38406,1536,1
9931,130332,39540,1536,1
9932,130126,39484,1536,1
9933,99376,30132,1536,1
9934,114794,34828,1536,1
9935,100572,30522,1536,1
9936,105568,32033,1536,1
9937,111560,33841,1536,1
9938,101960,30934,1536,1
9939,103340,31361,1536,1
9940,110146,33427,1536,1
9941,104570,31716,1536,1
9942,106314,32261,1536,1
9943,105980,32158,1536,1
9944,107002,32470,1536,1
9945,130372,39559,1536,1
9946,129316,39227,1536,1
9947,137586,41730,1536,1
9948,117100,35531,1536,1
9949,122888,37299,1536,1
9950,118174,35856,1536,1
9951,123820,37576,1536,1
9952,117820,35753,1536,1
9953,125678,38143,1536,1
9954,121586,36890,1536,1
9955,122844,37288,1536,1
9956,209964,63638,1536,1
9957,125998,38218,1536,1
9958,139792,42399,1536,1
9959,115716,35113,1536,1
9960,135688,41174,1536,1
9961,109198,33136,1536,1
9962,119506,36223,1536,1
9963,123730,37532,1536,1
9964,129916,39405,1536,1
9965,127552,38684,1536,1
9966,118788,36044,1536,1
9967,95046,28856,1536,1
9968,107076,32492,1536,1
9969,109572,33230,1536,1
9970,132590,40212,1536,1
9971,114792,34819,1536,1
9972,120150,36441,1536,1
9973,153876,46689,1536,1
9974,110740,33615,1536,1
9975,79962,24267,1536,1
9976,79820,24225,1536,1
9977,78958,23939,1536,1
9978,79014,23957,1536,1
9979,78392,23778,1536,1
9980,79322,24049,1536,1
9981,80492,24403,1536,1
9982,78344,23773,1536,1
9983,79016,23979,1536,1
9984,84882,25765,1536,1
9985,201710,61160,1536,1
9986,179286,54738,1536,1
9987,114716,34836,1536,1
9988,84670,25678,1536,1
9989,83588,25366,1536,1
9990,87604,26579,1536,1
9991,85636,25983,1536,1
9992,83800,25413,1536,1
9993,85816,26035,1536,1
9994,148458,45023,1536,1
9995,296459,90586,1536,1
9996,125626,38115,1536,1
9997,123750,37552,1536,1
9998,122406,37143,1536,1
9999,112506,34142,1536,1
