iter,cycles,time_ns,peak_rss_kb,ok
0,256060,77612,1216,1
1,275342,83424,1216,1
2,234650,71113,1216,1
3,1148212,347760,1216,1
4,475900,144165,1216,1
5,103822,31468,1216,1
6,143492,43495,1216,1
7,142312,43124,1216,1
8,103386,31347,1216,1
9,177868,53919,1216,1
10,199028,60300,1216,1
11,215918,65440,1216,1
12,243556,73809,1216,1
13,103808,31479,1216,1
14,205092,62134,1216,1
15,244644,74110,1216,1
16,141490,42901,1216,1
17,322174,97587,1216,1
18,343468,104077,1216,1
19,174542,52910,1216,1
20,315648,95623,1216,1
21,284290,86142,1216,1
22,284688,86287,1216,1
23,430240,130342,1216,1
24,466306,141261,1216,1
25,108098,32763,1216,1
26,141834,42980,1216,1
27,173504,52582,1216,1
28,108048,32748,1216,1
29,108788,32974,1216,1
30,223674,67761,1216,1
31,144974,43930,1216,1
32,455980,138198,1216,1
33,208246,63116,1216,1
34,258494,78314,1216,1
35,109070,33059,1216,1
36,252296,76452,1216,1
37,113696,34490,1216,1
38,142182,43107,1216,1
39,143326,43449,1216,1
40,221426,67096,1216,1
41,112520,34102,1216,1
42,507548,153722,1216,1
43,443794,134413,1216,1
44,312392,94679,1216,1
45,254206,77109,1216,1
46,155484,47157,1216,1
47,244192,74032,1216,1
48,424722,128699,1216,1
49,304118,92173,1216,1
50,112116,34008,1216,1
51,147212,44621,1216,1
52,734832,222689,1216,1
53,123364,37388,1216,1
54,434072,131503,1216,1
55,191284,58091,1216,1
56,241278,73174,1216,1
57,581350,176097,1216,1
58,111962,33962,1216,1
59,111824,33893,1216,1
60,224306,67981,1216,1
61,111438,33786,1216,1
62,256972,77847,1216,1
63,345720,104742,1216,1
64,181066,54860,1216,1
65,394020,119344,1216,1
66,362120,109721,1216,1
67,245762,74452,1216,1
68,208120,63083,1216,1
69,178368,54069,1216,1
70,210574,63825,1216,1
71,139284,42218,1216,1
72,104000,31549,1216,1
73,207522,62895,1216,1
74,102662,31128,1216,1
75,390712,118386,1216,1
76,387926,117500,1216,1
77,139990,42437,1216,1
78,514516,155842,1216,1
79,104826,31772,1216,1
80,309976,93968,1216,1
81,212100,64256,1216,1
82,104072,31545,1216,1
83,288268,87360,1216,1
84,137452,41680,1216,1
85,169646,51400,1216,1
86,104190,31594,1216,1
87,330522,100138,1216,1
88,192180,58253,1216,1
89,104662,31723,1216,1
90,215154,65181,1216,1
91,619260,187579,1216,1
92,138538,42009,1216,1
93,310118,93982,1216,1
94,141444,42877,1216,1
95,173978,52735,1216,1
96,235886,71458,1216,1
97,100644,30528,1216,1
98,140552,42601,1216,1
99,100742,30533,1216,1
100,299984,90883,1216,1
101,235710,71415,1216,1
102,205734,62329,1216,1
103,413440,125248,1216,1
104,528018,159944,1216,1
105,138578,42019,1216,1
106,303752,92049,1216,1
107,158178,47935,1216,1
108,242390,73443,1216,1
109,369390,111918,1216,1
110,101592,30801,1216,1
111,205378,62234,1216,1
112,206938,62719,1216,1
113,240436,72938,1216,1
114,233044,70627,1216,1
115,172354,52221,1216,1
116,643288,194835,1216,1
117,138182,41872,1216,1
118,127696,38696,1216,1
119,330502,100133,1216,1
120,335838,101738,1216,1
121,306718,92905,1216,1
122,169554,51393,1216,1
123,205508,62258,1216,1
124,498768,151075,1216,1
125,327418,99173,1216,1
126,203056,61544,1216,1
127,160308,48599,1216,1
128,138514,41999,1216,1
129,128010,38802,1216,1
130,374188,113361,1216,1
131,319990,96946,1216,1
132,112108,34000,1216,1
133,173222,52510,1216,1
134,98770,29937,1216,1
135,201440,61053,1216,1
136,140192,42509,1216,1
137,173650,52638,1216,1
138,201772,61144,1216,1
139,499006,151188,1216,1
140,267620,81091,1216,1
141,232830,70533,1216,1
142,138816,42101,1216,1
143,97902,29700,1216,1
144,294058,89096,1216,1
145,428870,129944,1216,1
146,163426,49586,1216,1
147,207386,62852,1216,1
148,305042,92504,1216,1
149,225712,68377,1216,1
150,364412,110388,1216,1
151,365178,110608,1216,1
152,142264,43135,1216,1
153,97626,29617,1216,1
154,219072,66406,1216,1
155,98838,30061,1216,1
156,427558,129535,1216,1
157,166198,50383,1216,1
158,176968,53642,1216,1
159,344948,104509,1216,1
160,135822,41184,1216,1
161,293974,89048,1216,1
162,228146,69140,1216,1
163,164862,49975,1216,1
164,221650,67147,1216,1
165,222548,67418,1216,1
166,132604,40207,1216,1
167,232600,70461,1216,1
168,286974,86926,1216,1
169,435916,132039,1216,1
170,228524,69228,1216,1
171,95142,28837,1216,1
172,281088,85144,1216,1
173,201040,60930,1216,1
174,135110,40965,1216,1
175,294326,89180,1216,1
176,323488,98008,1216,1
177,190076,57599,1216,1
178,95068,28814,1216,1
179,297880,90244,1216,1
180,246410,74669,1216,1
181,166686,50527,1216,1
182,276656,83827,1216,1
183,154730,46882,1216,1
184,385310,116704,1216,1
185,98982,29999,1216,1
186,405042,122714,1216,1
187,127540,38672,1216,1
188,93176,28241,1216,1
189,125494,38052,1216,1
190,227524,68937,1216,1
191,156074,47288,1216,1
192,92372,27998,1216,1
193,160122,48513,1216,1
194,123506,37467,1216,1
195,93812,28458,1216,1
196,93554,28355,1216,1
197,184928,56036,1216,1
198,158090,47900,1216,1
199,92874,28151,1216,1
200,93238,28260,1216,1
201,312106,94561,1216,1
202,256670,77774,1216,1
203,141422,42880,1216,1
204,94454,28655,1216,1
205,230486,69834,1216,1
206,269432,81613,1216,1
207,219784,66605,1216,1
208,131272,39779,1216,1
209,193882,58737,1216,1
210,269196,81542,1216,1
211,372474,112815,1216,1
212,252144,76379,1216,1
213,222672,67454,1216,1
214,151740,45975,1216,1
215,320262,97005,1216,1
216,125584,38076,1216,1
217,245650,74413,1216,1
218,169418,51353,1216,1
219,89850,27234,1216,1
220,350136,106086,1216,1
221,124584,37763,1216,1
222,121316,36763,1216,1
223,178358,54035,1216,1
224,311150,94259,1216,1
225,264402,80114,1216,1
226,157080,47617,1216,1
227,91090,27634,1216,1
228,120528,36524,1216,1
229,118776,35993,1216,1
230,119814,36307,1216,1
231,90480,27423,1216,1
232,410696,124424,1216,1
233,191160,57936,1216,1
234,497392,150665,1216,1
235,152738,46276,1216,1
236,153620,46544,1216,1
237,90310,27395,1216,1
238,144194,43713,1216,1
239,119432,36191,1216,1
240,88296,26787,1216,1
241,367312,111249,1216,1
242,190628,57751,1216,1
243,298696,90472,1216,1
244,273518,82863,1216,1
245,241972,73298,1216,1
246,177768,53857,1216,1
247,803768,243884,1216,1
248,421842,127790,1216,1
249,177986,53921,1216,1
250,86324,26165,1216,1
251,86342,26169,1216,1
252,199858,60543,1216,1
253,419740,127147,1216,1
254,85934,26047,1216,1
255,86568,26239,1216,1
256,300744,91106,1216,1
257,115212,34912,1216,1
258,140510,42570,1216,1
259,89280,27083,1216,1
260,121444,36822,1216,1
261,488260,147986,1216,1
262,207582,62905,1216,1
263,118930,36037,1216,1
264,116034,35160,1216,1
265,193266,58582,1216,1
266,130706,39639,1216,1
267,106780,32382,1216,1
268,139426,42267,1216,1
269,298520,90504,1216,1
270,466322,141312,1216,1
271,775010,234724,1216,1
272,110630,33536,1216,1
273,84526,25643,1216,1
274,150760,45677,1216,1
275,207330,62805,1216,1
276,197016,59705,1216,1
277,84826,25710,1216,1
278,84338,25571,1216,1
279,110458,33474,1216,1
280,312996,94825,1216,1
281,227170,68836,1216,1
282,84098,25506,1216,1
283,83666,25370,1216,1
284,113168,34294,1216,1
285,84036,25471,1216,1
286,461814,139866,1216,1
287,169204,51261,1216,1
288,644392,195162,1216,1
289,83816,25406,1216,1
290,83914,25445,1216,1
291,145712,44169,1216,1
292,305958,92695,1216,1
293,168996,51210,1216,1
294,83718,25397,1216,1
295,197028,59686,1216,1
296,258760,78392,1216,1
297,84574,25654,1216,1
298,193892,58747,1216,1
299,84012,25465,1216,1
300,229610,69562,1216,1
301,169118,51249,1216,1
302,85656,25986,1216,1
303,313478,94983,1216,1
304,113376,34370,1216,1
305,138486,41968,1216,1
306,223600,67732,1216,1
307,119502,36234,1216,1
308,305808,92648,1216,1
309,204646,62003,1216,1
310,170578,51677,1216,1
311,286890,86911,1216,1
312,202350,61319,1216,1
313,142924,43302,1216,1
314,175506,53191,1216,1
315,263768,79920,1216,1
316,141492,42879,1216,1
317,117094,35494,1216,1
318,109922,33332,1216,1
319,257738,78093,1216,1
320,83636,25363,1216,1
321,83960,25449,1216,1
322,142424,43154,1216,1
323,141106,42774,1216,1
324,84766,25714,1216,1
325,479060,145088,1216,1
326,84334,25583,1216,1
327,342272,103668,1216,1
328,112186,34017,1216,1
329,84258,25538,1216,1
330,353648,107134,1216,1
331,202920,61494,1216,1
332,83582,25354,1216,1
333,148254,44927,1216,1
334,361818,109587,1216,1
335,84292,25549,1216,1
336,151890,46040,1216,1
337,206520,62584,1216,1
338,112434,34084,1216,1
339,168496,51067,1216,1
340,173228,52502,1216,1
341,139268,42198,1216,1
342,84384,25576,1216,1
343,202920,61470,1216,1
344,171488,51954,1216,1
345,171404,51951,1216,1
346,84472,25617,1216,1
347,514182,155747,1216,1
348,84666,25674,1216,1
349,187436,56794,1216,1
350,113426,34371,1216,1
351,117106,35498,1216,1
352,174018,52718,1216,1
353,116790,35400,1216,1
354,241718,73224,1216,1
355,84698,25672,1216,1
356,84296,25550,1216,1
357,247920,75112,1216,1
358,87236,26463,1216,1
359,114290,34655,1216,1
360,84220,25551,1216,1
361,144722,43861,1216,1
362,127428,38647,1216,1
363,140718,42660,1216,1
364,184282,55865,1216,1
365,262938,79683,1216,1
366,390886,118439,1216,1
367,325350,98554,1216,1
368,88358,26779,1216,1
369,534394,161878,1216,1
370,308375,93677,1216,1
371,456000,138126,1216,1
372,140528,42610,1216,1
373,120254,36458,1216,1
374,164564,49881,1216,1
375,139208,42185,1216,1
376,339856,102957,1216,1
377,233238,70663,1216,1
378,88204,26753,1216,1
379,122180,37033,1216,1
380,281168,85204,1216,1
381,267182,80954,1216,1
382,111998,33939,1216,1
383,354410,107344,1216,1
384,116686,35357,1216,1
385,221570,67117,1216,1
386,84470,25602,1216,1
387,129840,39374,1216,1
388,298102,90317,1216,1
389,112582,34128,1216,1
390,141094,42750,1216,1
391,88546,26838,1216,1
392,84970,25765,1216,1
393,96240,29179,1216,1
394,86368,26191,1216,1
395,115324,34958,1216,1
396,166916,50581,1216,1
397,217978,66053,1216,1
398,144746,43855,1216,1
399,137398,41631,1216,1
400,234294,70972,1216,1
401,110388,33451,1216,1
402,323188,97904,1216,1
403,257924,78158,1216,1
404,112762,34182,1216,1
405,141722,42940,1216,1
406,194710,58985,1216,1
407,171226,51895,1216,1
408,142506,43200,1216,1
409,85986,26082,1216,1
410,84278,25566,1216,1
411,168796,51146,1216,1
412,219708,66565,1216,1
413,176782,53580,1216,1
414,170628,51707,1216,1
415,432304,130950,1216,1
416,328592,99532,1216,1
417,214774,65095,1216,1
418,455724,138041,1216,1
419,141948,43015,1216,1
420,170950,51797,1216,1
421,326224,98843,1216,1
422,439112,132998,1216,1
423,218060,66090,1216,1
424,106814,32404,1216,1
425,422308,127938,1216,1
426,212242,64300,1216,1
427,175134,53091,1216,1
428,325934,98727,1216,1
429,142616,43215,1216,1
430,143822,43610,1216,1
431,450646,136521,1216,1
432,244388,74079,1216,1
433,338038,102420,1216,1
434,219060,66379,1216,1
435,187722,56888,1216,1
436,451966,136889,1216,1
437,105726,32074,1216,1
438,250474,75878,1216,1
439,352238,106692,1216,1
440,210786,63876,1216,1
441,210852,63879,1216,1
442,252190,76396,1216,1
443,182790,55413,1216,1
444,289846,87810,1216,1
445,106038,32140,1216,1
446,254160,76995,1216,1
447,180592,54745,1216,1
448,126216,38267,1216,1
449,86342,26180,1216,1
450,178520,54083,1216,1
451,124652,37793,1216,1
452,85400,25892,1216,1
453,167984,50903,1216,1
454,518066,156969,1216,1
455,236222,71629,1216,1
456,342954,103884,1216,1
457,142750,43263,1216,1
458,372556,112840,1216,1
459,309128,93632,1216,1
460,121018,36670,1216,1
461,417860,126560,1216,1
462,260832,79008,1216,1
463,151956,46053,1216,1
464,206484,62587,1216,1
465,303702,92013,1216,1
466,271722,82306,1216,1
467,378168,114555,1216,1
468,836464,253610,1216,1
469,160912,48789,1216,1
470,336460,101933,1216,1
471,313152,94876,1216,1
472,150782,45707,1216,1
473,733718,222211,1216,1
474,199280,60388,1216,1
475,290044,87875,1216,1
476,113074,34265,1216,1
477,315050,95425,1216,1
478,226976,68754,1216,1
479,84126,25509,1216,1
480,111410,33761,1216,1
481,231222,70041,1216,1
482,286360,86741,1216,1
483,178806,54189,1216,1
484,147758,44768,1216,1
485,262648,79578,1216,1
486,109828,33280,1216,1
487,142760,43274,1216,1
488,155890,47264,1216,1
489,571012,172942,1216,1
490,358166,108514,1216,1
491,95684,29036,1216,1
492,185204,56129,1216,1
493,85594,25946,1216,1
494,182664,55362,1216,1
495,89002,26985,1216,1
496,283182,85797,1216,1
497,115160,34896,1216,1
498,224808,68131,1216,1
499,88776,26929,1216,1
500,199100,60327,1216,1
501,261572,79231,1216,1
502,318244,96393,1216,1
503,210256,63703,1216,1
504,87538,26531,1216,1
505,87748,26605,1216,1
506,142284,43122,1216,1
507,171286,51892,1216,1
508,87820,26628,1216,1
509,295586,89553,1216,1
510,362418,109791,1216,1
511,193502,58618,1216,1
512,116546,35316,1216,1
513,265466,80444,1216,1
514,94726,28732,1216,1
515,166914,50591,1216,1
516,115034,34871,1216,1
517,166668,50493,1216,1
518,200048,60625,1216,1
519,170240,51586,1216,1
520,227316,68859,1216,1
521,147548,44704,1216,1
522,113202,34325,1216,1
523,83864,25442,1216,1
524,83770,25392,1216,1
525,109324,33129,1216,1
526,168548,51063,1216,1
527,200950,60887,1216,1
528,139276,42210,1216,1
529,84244,25536,1216,1
530,148276,44937,1216,1
531,109576,33205,1216,1
532,84420,25588,1216,1
533,83794,25408,1216,1
534,83730,25389,1216,1
535,83716,25383,1216,1
536,120792,36628,1216,1
537,175044,53053,1216,1
538,175266,53109,1216,1
539,84972,25777,1216,1
540,420856,127487,1216,1
541,145876,44199,1216,1
542,199894,60555,1216,1
543,83840,25412,1216,1
544,438600,132837,1216,1
545,114024,34553,1216,1
546,228776,69299,1216,1
547,191002,57886,1216,1
548,285860,86587,1216,1
549,248284,75231,1216,1
550,83970,25451,1216,1
551,227798,69004,1216,1
552,709488,214897,1216,1
553,84334,25583,1216,1
554,84124,25521,1216,1
555,84580,25650,1216,1
556,251600,76224,1216,1
557,207880,62986,1216,1
558,89976,27294,1216,1
559,88648,26891,1216,1
560,138292,41901,1216,1
561,577968,175075,1216,1
562,549352,166393,1216,1
563,173362,52534,1216,1
564,681454,206387,1216,1
565,206118,62463,1216,1
566,169794,51453,1216,1
567,84216,25527,1216,1
568,83980,25452,1216,1
569,84180,25516,1216,1
570,115258,34941,1216,1
571,83832,25435,1216,1
572,83994,25458,1216,1
573,413536,125247,1216,1
574,175140,53092,1216,1
575,84094,25511,1216,1
576,227218,68851,1216,1
577,316476,95866,1216,1
578,173666,52635,1216,1
579,118768,35999,1216,1
580,120944,36673,1216,1
581,123212,37358,1216,1
582,84124,25500,1216,1
583,138660,42033,1216,1
584,113270,34334,1216,1
585,165522,50147,1216,1
586,115488,34996,1216,1
587,169168,51273,1216,1
588,201518,61047,1216,1
589,522580,158277,1216,1
590,110722,33565,1216,1
591,387146,117256,1216,1
592,142502,43176,1216,1
593,84392,25579,1216,1
594,111098,33665,1216,1
595,346172,104849,1216,1
596,337214,102168,1216,1
597,797742,241623,1216,1
598,139982,42435,1216,1
599,238548,72281,1216,1
600,144190,43710,1216,1
601,166228,50383,1216,1
602,113206,34329,1216,1
603,113612,34453,1216,1
604,111200,33720,1216,1
605,110166,33384,1216,1
606,83488,25329,1216,1
607,84238,25532,1216,1
608,232108,70310,1216,1
609,139500,42278,1216,1
610,113276,34325,1216,1
611,138606,41997,1216,1
612,311998,94501,1216,1
613,84432,25591,1216,1
614,197942,59963,1216,1
615,379154,114869,1216,1
616,115840,35126,1216,1
617,84046,25496,1216,1
618,577682,174961,1216,1
619,233724,70807,1216,1
620,386598,117123,1216,1
621,376252,113997,1216,1
622,144270,43737,1216,1
623,116926,35445,1216,1
624,142336,43125,1216,1
625,123496,37454,1216,1
626,149560,45335,1216,1
627,459130,139086,1216,1
628,112620,34150,1216,1
629,174660,52913,1216,1
630,306144,92753,1216,1
631,111022,33664,1216,1
632,84424,25599,1216,1
633,111834,33888,1216,1
634,243006,73647,1216,1
635,285926,86604,1216,1
636,358262,108509,1216,1
637,167290,50682,1216,1
638,221384,67138,1216,1
639,120674,36590,1216,1
640,84790,25700,1216,1
641,84444,25605,1216,1
642,140272,42501,1216,1
643,222436,67403,1216,1
644,259558,78644,1216,1
645,355002,107534,1216,1
646,113224,34332,1216,1
647,225318,68275,1216,1
648,234846,71163,1216,1
649,206634,62608,1216,1
650,84062,25493,1216,1
651,116904,35448,1216,1
652,84544,25637,1216,1
653,150266,45526,1216,1
654,170480,51660,1216,1
655,238532,72254,1216,1
656,183412,55587,1216,1
657,110086,33371,1216,1
658,84306,25565,1216,1
659,113274,34325,1216,1
660,83980,25455,1216,1
661,83506,25312,1216,1
662,200772,60818,1216,1
663,84418,25586,1216,1
664,83868,25420,1216,1
665,139728,42361,1216,1
666,111392,33777,1216,1
667,136826,41480,1216,1
668,135590,41083,1216,1
669,366048,110909,1216,1
670,146232,44329,1216,1
671,343068,103913,1216,1
672,137908,41784,1216,1
673,84064,25481,1216,1
674,144980,43948,1216,1
675,146364,44344,1216,1
676,138304,41904,1216,1
677,105504,31980,1216,1
678,84414,25586,1216,1
679,258876,78415,1216,1
680,322928,97820,1216,1
681,84222,25547,1216,1
682,84148,25528,1216,1
683,311552,94388,1216,1
684,320172,96998,1216,1
685,140374,42531,1216,1
686,111920,33938,1216,1
687,235782,71445,1216,1
688,110042,33360,1216,1
689,109764,33284,1216,1
690,207346,62823,1216,1
691,84986,25772,1216,1
692,95386,28954,1216,1
693,85944,26048,1216,1
694,289558,87716,1216,1
695,269940,81766,1216,1
696,112022,33964,1216,1
697,166458,50441,1216,1
698,198074,60003,1216,1
699,225520,68313,1216,1
700,163308,49476,1216,1
701,170498,51652,1216,1
702,583012,176616,1216,1
703,147952,44867,1216,1
704,84874,25747,1216,1
705,235264,71285,1216,1
706,97938,29714,1216,1
707,197342,59781,1216,1
708,174560,52912,1216,1
709,112242,34035,1216,1
710,116276,35247,1216,1
711,84246,25536,1216,1
712,117464,35593,1216,1
713,199566,60455,1216,1
714,173514,52589,1216,1
715,142304,43139,1216,1
716,136756,41448,1216,1
717,418810,126865,1216,1
718,110872,33598,1216,1
719,326536,98903,1216,1
720,109688,33262,1216,1
721,514164,155719,1216,1
722,276654,83812,1216,1
723,141354,42851,1216,1
724,254030,76947,1216,1
725,227122,68798,1216,1
726,110694,33555,1216,1
727,371064,112386,1216,1
728,135746,41129,1216,1
729,142658,43246,1216,1
730,115584,35036,1216,1
731,490880,148681,1216,1
732,138922,42105,1216,1
733,166846,50557,1216,1
734,109852,33290,1216,1
735,275656,83518,1216,1
736,115378,34984,1216,1
737,241960,73314,1216,1
738,83686,25377,1216,1
739,173638,52625,1216,1
740,111712,33867,1216,1
741,259868,78736,1216,1
742,84326,25560,1216,1
743,172412,52231,1216,1
744,139316,42222,1216,1
745,459666,139216,1216,1
746,110562,33514,1216,1
747,194130,58808,1216,1
748,83758,25408,1216,1
749,109472,33175,1216,1
750,357402,108260,1216,1
751,207796,62973,1216,1
752,85492,25912,1216,1
753,84856,25738,1216,1
754,449696,136198,1216,1
755,284002,86037,1216,1
756,243774,73842,1216,1
757,407276,123375,1216,1
758,89030,27007,1216,1
759,347426,105251,1216,1
760,198528,60165,1216,1
761,84028,25469,1216,1
762,136396,41326,1216,1
763,198222,60048,1216,1
764,201272,60971,1216,1
765,113930,34547,1216,1
766,84328,25561,1216,1
767,84152,25520,1216,1
768,272928,82704,1216,1
769,227642,68980,1216,1
770,238988,72393,1216,1
771,175890,53308,1216,1
772,193410,58614,1216,1
773,376390,114003,1216,1
774,116756,35402,1216,1
775,117904,35727,1216,1
776,788540,238801,1216,1
777,108016,32741,1216,1
778,116550,35318,1216,1
779,212858,64481,1216,1
780,250108,75759,1216,1
781,118062,35798,1216,1
782,228308,69159,1216,1
783,329256,99750,1216,1
784,84388,25579,1216,1
785,236368,71600,1216,1
786,84046,25496,1216,1
787,182390,55287,1216,1
788,113240,34337,1216,1
789,226882,68742,1216,1
790,165106,50033,1216,1
791,116838,35415,1216,1
792,224286,67962,1216,1
793,427010,129338,1216,1
794,85144,25827,1216,1
795,111036,33668,1216,1
796,112934,34235,1216,1
797,84156,25508,1216,1
798,228920,69343,1216,1
799,408214,123650,1216,1
800,145076,43978,1216,1
801,83746,25395,1216,1
802,230842,69926,1216,1
803,114386,34685,1216,1
804,179514,54422,1216,1
805,155154,47027,1216,1
806,509900,154432,1216,1
807,149496,45294,1216,1
808,88402,26794,1216,1
809,388274,117597,1216,1
810,152378,46187,1216,1
811,432408,130963,1216,1
812,87818,26616,1216,1
813,121468,36807,1216,1
814,144776,43885,1216,1
815,206944,62713,1216,1
816,228802,69321,1216,1
817,84806,25704,1216,1
818,287004,86931,1216,1
819,190456,57706,1216,1
820,338180,102429,1216,1
821,84200,25521,1216,1
822,109436,33164,1216,1
823,575236,174337,1216,1
824,386556,117129,1216,1
825,503516,152528,1216,1
826,550696,166815,1216,1
827,120162,36432,1216,1
828,138960,42103,1216,1
829,198222,60057,1216,1
830,84460,25600,1216,1
831,205872,62364,1216,1
832,84088,25487,1216,1
833,197832,59954,1216,1
834,109616,33231,1216,1
835,84372,25575,1216,1
836,85562,25955,1216,1
837,198178,60056,1216,1
838,83928,25439,1216,1
839,84470,25603,1216,1
840,169214,51265,1216,1
841,404126,122399,1216,1
842,84124,25498,1216,1
843,441784,133800,1216,1
844,138966,42127,1216,1
845,141486,42867,1216,1
846,112130,34001,1216,1
847,249758,75684,1216,1
848,207786,62968,1216,1
849,84672,25664,1216,1
850,178416,54074,1216,1
851,148872,45114,1216,1
852,219678,66544,1216,1
853,84210,25525,1216,1
854,226544,68625,1216,1
855,84644,25655,1216,1
856,84198,25520,1216,1
857,175260,53094,1216,1
858,137048,41557,1216,1
859,84678,25688,1216,1
860,84302,25577,1216,1
861,83900,25439,1216,1
862,113838,34509,1216,1
863,589824,178629,1216,1
864,168648,51092,1216,1
865,195900,59345,1216,1
866,265842,80548,1216,1
867,387446,117347,1216,1
868,85270,25869,1216,1
869,112814,34199,1216,1
870,108248,32849,1216,1
871,169396,51319,1216,1
872,170526,51662,1216,1
873,263072,79686,1216,1
874,141684,42927,1216,1
875,389000,117820,1216,1
876,173660,52610,1216,1
877,87056,26408,1216,1
878,687468,208196,1216,1
879,178842,54202,1216,1
880,262348,79486,1216,1
881,485342,147021,1216,1
882,173158,52486,1216,1
883,344902,104516,1216,1
884,370928,112424,1216,1
885,172858,52368,1216,1
886,152598,46232,1216,1
887,202846,61447,1216,1
888,88662,26903,1216,1
889,156304,47377,1216,1
890,79574,24127,1216,1
891,383288,116145,1216,1
892,160216,48563,1216,1
893,398480,120688,1216,1
894,171932,52103,1216,1
895,137326,41619,1216,1
896,402442,121901,1216,1
897,87686,26575,1216,1
898,111238,33708,1216,1
899,210776,63872,1216,1
900,233524,70771,1216,1
901,206118,62461,1216,1
902,88212,26735,1216,1
903,335070,101510,1216,1
904,114278,34628,1216,1
905,198808,60248,1216,1
906,176112,53365,1216,1
907,114796,34787,1216,1
908,175696,53237,1216,1
909,217936,66046,1216,1
910,204042,61829,1216,1
911,144258,43708,1216,1
912,116962,35441,1216,1
913,204920,62076,1216,1
914,214184,64903,1216,1
915,81476,24705,1216,1
916,130996,39693,1216,1
917,135254,40980,1216,1
918,80756,24477,1216,1
919,80304,24362,1216,1
920,114134,34585,1216,1
921,284456,86159,1216,1
922,360696,115736,1216,1
923,345138,104551,1216,1
924,387356,117542,1216,1
925,686048,207783,1216,1
926,612858,185793,1216,1
927,230580,69892,1216,1
928,131864,39968,1216,1
929,295558,89526,1216,1
930,829120,251107,1216,1
931,218484,66201,1216,1
932,218262,66141,1216,1
933,319132,96815,1216,1
934,1027022,311060,1216,1
935,654922,198376,1216,1
936,127864,38786,1216,1
937,206968,62696,1216,1
938,116614,35347,1216,1
939,120460,36512,1216,1
940,172196,52180,1216,1
941,479528,145254,1216,1
942,414868,125661,1216,1
943,256372,77701,1216,1
944,205076,62148,1216,1
945,163790,49632,1216,1
946,212856,64490,1216,1
947,330130,99995,1216,1
948,240068,72749,1216,1
949,377742,114412,1216,1
950,195634,59294,1216,1
951,97946,29687,1216,1
952,128630,38979,1216,1
953,98238,29788,1216,1
954,261758,79318,1216,1
955,129462,39232,1216,1
956,97300,29492,1216,1
957,97416,29526,1216,1
958,110628,33565,1216,1
959,132530,40161,1216,1
960,136472,41353,1216,1
961,129368,39218,1216,1
962,284992,86330,1216,1
963,216904,65741,1216,1
964,311198,94319,1216,1
965,111226,33712,1216,1
966,178586,54109,1216,1
967,177626,53837,1216,1
968,190338,57712,1216,1
969,329334,99757,1216,1
970,395970,119965,1216,1
971,305612,92583,1216,1
972,92474,28030,1216,1
973,336142,101841,1216,1
974,104528,31710,1216,1
975,183262,55526,1216,1
976,214084,64902,1216,1
977,359628,108956,1216,1
978,525270,159197,1216,1
979,119062,36264,1216,1
980,179782,54506,1216,1
981,182692,55347,1216,1
982,93940,28473,1216,1
983,722298,218758,1216,1
984,155356,47069,1216,1
985,202944,61507,1216,1
986,173228,52495,1216,1
987,412364,124895,1216,1
988,321880,97538,1216,1
989,129476,39261,1216,1
990,98494,29865,1216,1
991,267544,81070,1216,1
992,97030,29437,1216,1
993,296090,89688,1216,1
994,201630,61084,1216,1
995,97648,29608,1216,1
996,357734,108376,1216,1
997,237166,71846,1216,1
998,558322,169117,1216,1
999,99290,30119,1216,1
1000,162904,49385,1216,1
1001,1481542,449180,1216,1
1002,529870,160521,1216,1
1003,135980,41218,1216,1
1004,192130,58207,1216,1
1005,176286,53409,1216,1
1006,143180,43411,1216,1
1007,131188,39765,1216,1
1008,266306,80669,1216,1
1009,132176,40052,1216,1
1010,97970,29710,1216,1
1011,172630,52330,1216,1
1012,170070,51527,1216,1
1013,168932,51185,1216,1
1014,138392,41934,1216,1
1015,224828,68123,1216,1
1016,325304,98534,1216,1
1017,224090,67884,1216,1
1018,115956,35138,1216,1
1019,681166,206307,1216,1
1020,492416,149169,1216,1
1021,87720,26598,1216,1
1022,116136,35205,1216,1
1023,333906,101189,1216,1
1024,136084,41264,1216,1
1025,100166,30370,1216,1
1026,160714,48713,1216,1
1027,199288,60401,1216,1
1028,201250,60995,1216,1
1029,308294,93384,1216,1
1030,233162,70645,1216,1
1031,200536,60778,1216,1
1032,132694,40206,1216,1
1033,80752,24496,1216,1
1034,282158,85464,1216,1
1035,80316,24356,1216,1
1036,80282,24356,1216,1
1037,195958,59383,1216,1
1038,177062,53670,1216,1
1039,81356,24670,1216,1
1040,80860,24507,1216,1
1041,107880,32701,1216,1
1042,81722,24790,1216,1
1043,81834,24805,1216,1
1044,136328,41316,1216,1
1045,329140,99734,1216,1
1046,529056,160250,1216,1
1047,82642,25049,1216,1
1048,237296,71904,1216,1
1049,141914,42997,1216,1
1050,236808,71742,1216,1
1051,210334,63730,1216,1
1052,335170,101519,1216,1
1053,171602,51987,1216,1
1054,260494,78915,1216,1
1055,268882,81467,1216,1
1056,142944,43309,1216,1
1057,567562,171888,1216,1
1058,84158,25509,1216,1
1059,192106,58197,1216,1
1060,111108,33671,1216,1
1061,173698,52645,1216,1
1062,176276,53402,1216,1
1063,84328,25573,1216,1
1064,261990,79380,1216,1
1065,457372,138544,1216,1
1066,161052,48837,1216,1
1067,168198,50955,1216,1
1068,495414,150114,1216,1
1069,314306,95268,1216,1
1070,175754,53268,1216,1
1071,84434,25591,1216,1
1072,202566,61386,1216,1
1073,215106,65161,1216,1
1074,205530,62283,1216,1
1075,86104,26098,1216,1
1076,114532,34707,1216,1
1077,311422,94349,1216,1
1078,241066,73047,1216,1
1079,453816,137469,1216,1
1080,87926,26661,1216,1
1081,87886,26663,1216,1
1082,266432,80703,1216,1
1083,144844,43887,1216,1
1084,88298,26764,1216,1
1085,230022,69679,1216,1
1086,245750,74477,1216,1
1087,350868,106313,1216,1
1088,253802,76919,1216,1
1089,127934,38810,1216,1
1090,257392,78006,1216,1
1091,207418,62881,1216,1
1092,167700,50847,1216,1
1093,856656,259561,1216,1
1094,643120,195029,1216,1
1095,191150,57926,1216,1
1096,179322,54339,1216,1
1097,337356,102193,1216,1
1098,254398,77094,1216,1
1099,402874,122063,1216,1
1100,161186,48850,1216,1
1101,298368,90423,1216,1
1102,728862,220792,1216,1
1103,463496,140429,1216,1
1104,226916,68776,1216,1
1105,433346,131304,1216,1
1106,669170,202706,1216,1
1107,584788,177367,1216,1
1108,174876,53043,1216,1
1109,486348,147330,1216,1
1110,300978,91188,1216,1
1111,361324,109443,1216,1
1112,241568,73178,1216,1
1113,167718,50818,1216,1
1114,533268,161536,1216,1
1115,226400,68582,1216,1
1116,265790,80507,1216,1
1117,131530,39861,1216,1
1118,81912,24827,1216,1
1119,298542,90442,1216,1
1120,202702,61404,1216,1
1121,325068,98500,1216,1
1122,206818,62682,1216,1
1123,424850,128677,1216,1
1124,174108,52751,1216,1
1125,104984,31820,1216,1
1126,286256,86712,1216,1
1127,413636,125295,1216,1
1128,206040,62438,1216,1
1129,138236,41914,1216,1
1130,262458,79506,1216,1
1131,263328,79763,1216,1
1132,243728,73860,1216,1
1133,116876,35428,1216,1
1134,201894,61182,1216,1
1135,302578,91683,1216,1
1136,197246,59773,1216,1
1137,84682,25668,1216,1
1138,112768,34194,1216,1
1139,200324,60698,1216,1
1140,220942,66940,1216,1
1141,170336,51604,1216,1
1142,136836,41459,1216,1
1143,142338,43125,1216,1
1144,111046,33663,1216,1
1145,111468,33788,1216,1
1146,151536,45909,1216,1
1147,132028,40037,1216,1
1148,280490,84982,1216,1
1149,140422,42568,1216,1
1150,244106,73964,1216,1
1151,522514,158283,1216,1
1152,211288,64005,1216,1
1153,115430,34980,1216,1
1154,84834,25735,1216,1
1155,110156,33380,1216,1
1156,111476,33793,1216,1
1157,287584,87108,1216,1
1158,113658,34451,1216,1
1159,84182,25515,1216,1
1160,84164,25524,1216,1
1161,160672,48696,1216,1
1162,716504,217002,1216,1
1163,91944,27866,1216,1
1164,120258,36441,1216,1
1165,112580,34124,1216,1
1166,116670,35367,1216,1
1167,173868,52674,1216,1
1168,389370,117962,1216,1
1169,106052,32176,1216,1
1170,148568,45035,1216,1
1171,229438,69535,1216,1
1172,110874,33615,1216,1
1173,100684,30531,1216,1
1174,119658,36282,1216,1
1175,80710,24471,1216,1
1176,485912,147167,1216,1
1177,100356,30410,1216,1
1178,75504,22884,1216,1
1179,151854,46023,1216,1
1180,177516,53795,1216,1
1181,99408,30135,1216,1
1182,76036,23047,1216,1
1183,153678,46558,1216,1
1184,288160,87280,1216,1
1185,179660,54455,1216,1
1186,231290,70078,1216,1
1187,75368,22864,1216,1
1188,128568,38954,1216,1
1189,152558,46227,1216,1
1190,75978,23029,1216,1
1191,534332,161853,1216,1
1192,478044,144800,1216,1
1193,239912,72691,1216,1
1194,158558,48055,1216,1
1195,176914,53593,1216,1
1196,234612,71085,1216,1
1197,106654,32318,1216,1
1198,250586,75902,1216,1
1199,204076,61837,1216,1
1200,329832,99898,1216,1
1201,99042,30013,1216,1
1202,254932,77218,1216,1
1203,103098,31242,1216,1
1204,220672,66844,1216,1
1205,100376,30416,1216,1
1206,374304,113365,1216,1
1207,106552,32288,1216,1
1208,269124,81553,1216,1
1209,84696,25693,1216,1
1210,151606,45940,1216,1
1211,344000,104270,1216,1
1212,78168,23692,1216,1
1213,79708,24178,1216,1
1214,191010,57896,1216,1
1215,179786,54464,1216,1
1216,75892,23002,1216,1
1217,125192,37939,1216,1
1218,75648,22939,1216,1
1219,293514,88900,1216,1
1220,251228,76106,1216,1
1221,157496,47720,1216,1
1222,75502,22895,1216,1
1223,147662,44735,1216,1
1224,106724,32349,1216,1
1225,339782,102912,1216,1
1226,76834,23288,1216,1
1227,253952,76930,1216,1
1228,392988,119023,1216,1
1229,77110,23372,1216,1
1230,124900,37845,1216,1
1231,112002,33957,1216,1
1232,87272,26473,1216,1
1233,84042,25473,1216,1
1234,145052,43947,1216,1
1235,216590,65608,1216,1
1236,89538,27172,1216,1
1237,214556,65012,1216,1
1238,104468,31666,1216,1
1239,222974,67563,1216,1
1240,244068,73945,1216,1
1241,154220,46734,1216,1
1242,332508,100740,1216,1
1243,128026,38790,1216,1
1244,204320,61929,1216,1
1245,146004,44259,1216,1
1246,84148,25516,1216,1
1247,84616,25647,1216,1
1248,194152,58837,1216,1
1249,587944,178094,1216,1
1250,170690,51729,1216,1
1251,231770,70205,1216,1
1252,134478,40764,1216,1
1253,101994,30919,1216,1
1254,126500,38327,1216,1
1255,337260,102180,1216,1
1256,324910,98430,1216,1
1257,188936,57274,1216,1
1258,85516,25917,1216,1
1259,180924,54820,1216,1
1260,410940,124508,1216,1
1261,222120,67314,1216,1
1262,795864,241036,1216,1
1263,200714,60873,1216,1
1264,458676,138958,1216,1
1265,163278,49486,1216,1
1266,215392,65283,1216,1
1267,334712,101419,1216,1
1268,289758,87803,1216,1
1269,234844,71167,1216,1
1270,163276,49469,1216,1
1271,172354,52215,1216,1
1272,76416,23162,1216,1
1273,286154,86696,1216,1
1274,76508,23187,1216,1
1275,76404,23168,1216,1
1276,150106,45507,1216,1
1277,223136,67612,1216,1
1278,242528,73495,1216,1
1279,243392,73725,1216,1
1280,380124,115128,1216,1
1281,75466,22894,1216,1
1282,327174,99112,1216,1
1283,154204,46717,1216,1
1284,75486,22880,1216,1
1285,123356,37376,1216,1
1286,334052,101177,1216,1
1287,263836,79926,1216,1
1288,75006,22734,1216,1
1289,221516,67101,1216,1
1290,112042,33952,1216,1
1291,110708,33572,1216,1
1292,197158,59724,1216,1
1293,85440,25916,1216,1
1294,260058,78780,1216,1
1295,165258,50065,1216,1
1296,84450,25597,1216,1
1297,254076,76961,1216,1
1298,138852,42093,1216,1
1299,99128,30081,1216,1
1300,112600,34128,1216,1
1301,105928,32100,1216,1
1302,159224,48238,1216,1
1303,389414,117955,1216,1
1304,305570,92554,1216,1
1305,228520,69222,1216,1
1306,117396,35573,1216,1
1307,78696,23853,1216,1
1308,179086,54253,1216,1
1309,78426,23772,1216,1
1310,104584,31711,1216,1
1311,78674,23962,1216,1
1312,136766,41437,1216,1
1313,104306,31609,1216,1
1314,295930,89656,1216,1
1315,213930,64838,1216,1
1316,113010,34259,1216,1
1317,248424,75269,1216,1
1318,135470,41044,1216,1
1319,459180,139067,1216,1
1320,106670,32344,1216,1
1321,306104,92774,1216,1
1322,483866,146551,1216,1
1323,206124,62461,1216,1
1324,191770,58134,1216,1
1325,113268,34331,1216,1
1326,378232,114574,1216,1
1327,152206,46127,1216,1
1328,201086,60926,1216,1
1329,249730,75645,1216,1
1330,203268,61576,1216,1
1331,238206,72179,1216,1
1332,87974,26688,1216,1
1333,87634,26563,1216,1
1334,88256,26751,1216,1
1335,500934,151738,1216,1
1336,153100,46386,1216,1
1337,268322,81276,1216,1
1338,88802,26915,1216,1
1339,115688,35082,1216,1
1340,118072,35779,1216,1
1341,182794,55391,1216,1
1342,106752,32417,1216,1
1343,230248,69809,1216,1
1344,129620,39313,1216,1
1345,240732,72941,1216,1
1346,122218,37048,1216,1
1347,148250,44924,1216,1
1348,131310,39802,1216,1
1349,242602,73488,1216,1
1350,212006,64233,1216,1
1351,92162,27943,1216,1
1352,364290,110342,1216,1
1353,195470,65522,1216,1
1354,92830,28160,1216,1
1355,151470,45917,1216,1
1356,90046,27295,1216,1
1357,173070,52444,1216,1
1358,151258,45828,1216,1
1359,237486,71938,1216,1
1360,2725246,825848,1216,1
1361,412661,125599,1216,1
1362,722864,218962,1216,1
1363,196806,59658,1216,1
1364,175860,53278,1216,1
1365,189134,57298,1216,1
1366,125310,37972,1216,1
1367,511448,154916,1216,1
1368,116686,35359,1216,1
1369,88448,26809,1216,1
1370,176750,53571,1216,1
1371,369618,111977,1216,1
1372,159784,48445,1216,1
1373,187962,56966,1216,1
1374,118224,35825,1216,1
1375,472014,143002,1216,1
1376,347724,105329,1216,1
1377,252646,76539,1216,1
1378,391496,118579,1216,1
1379,243708,73838,1216,1
1380,147934,44847,1216,1
1381,88176,26726,1216,1
1382,340006,102992,1216,1
1383,144748,43868,1216,1
1384,101122,30670,1216,1
1385,327532,99309,1216,1
1386,240280,72807,1216,1
1387,444064,134513,1216,1
1388,88888,26940,1216,1
1389,301152,91240,1216,1
1390,197148,59722,1216,1
1391,112678,34145,1216,1
1392,507628,153776,1216,1
1393,237368,71924,1216,1
1394,86074,26090,1216,1
1395,146630,44449,1216,1
1396,211712,64155,1216,1
1397,152442,46186,1216,1
1398,114240,34618,1216,1
1399,199824,60557,1216,1
1400,165170,50039,1216,1
1401,170870,51788,1216,1
1402,219668,66564,1216,1
1403,84068,25481,1216,1
1404,220584,66819,1216,1
1405,108118,32793,1216,1
1406,238826,72386,1216,1
1407,119802,36302,1216,1
1408,84442,25605,1216,1
1409,339522,102835,1216,1
1410,110252,33420,1216,1
1411,84056,25478,1216,1
1412,165962,50279,1216,1
1413,404458,122520,1216,1
1414,467138,141482,1216,1
1415,226628,68648,1216,1
1416,201272,60996,1216,1
1417,114192,34614,1216,1
1418,189316,57386,1216,1
1419,85146,25816,1216,1
1420,84532,25646,1216,1
1421,276108,83632,1216,1
1422,113698,34453,1216,1
1423,282358,85525,1216,1
1424,181846,55091,1216,1
1425,240100,72729,1216,1
1426,115770,35096,1216,1
1427,229846,69671,1216,1
1428,236558,71668,1216,1
1429,409778,124111,1216,1
1430,156442,47413,1216,1
1431,121748,36893,1216,1
1432,190572,57744,1216,1
1433,249476,75570,1216,1
1434,124232,37661,1216,1
1435,92980,28182,1216,1
1436,143612,43527,1216,1
1437,91498,27756,1216,1
1438,263990,79963,1216,1
1439,87036,26380,1216,1
1440,93816,28434,1216,1
1441,217280,65821,1216,1
1442,284842,86339,1216,1
1443,553848,167934,1216,1
1444,288848,87535,1216,1
1445,464896,140844,1216,1
1446,201458,61064,1216,1
1447,584088,176929,1216,1
1448,256884,77879,1216,1
1449,150588,45632,1216,1
1450,148870,45112,1216,1
1451,147986,44858,1216,1
1452,297326,90078,1216,1
1453,110856,33614,1216,1
1454,105440,31954,1216,1
1455,84058,25492,1216,1
1456,196492,59559,1216,1
1457,145454,44093,1216,1
1458,117652,35660,1216,1
1459,118820,36002,1216,1
1460,280846,85078,1216,1
1461,142226,43105,1216,1
1462,138500,41964,1216,1
1463,956986,289807,1216,1
1464,171610,51990,1216,1
1465,84300,25552,1216,1
1466,395498,119799,1216,1
1467,235364,71296,1216,1
1468,177776,53879,1216,1
1469,90202,27362,1216,1
1470,157966,47901,1216,1
1471,241752,73253,1216,1
1472,123730,37493,1216,1
1473,247452,74955,1216,1
1474,330772,100199,1216,1
1475,239998,72700,1216,1
1476,90502,27429,1216,1
1477,152510,46221,1216,1
1478,350450,106169,1216,1
1479,114462,34687,1216,1
1480,237528,71953,1216,1
1481,115396,34982,1216,1
1482,115366,34960,1216,1
1483,112416,34067,1216,1
1484,138652,42032,1216,1
1485,230170,69737,1216,1
1486,83996,25461,1216,1
1487,232734,70498,1216,1
1488,83560,25348,1216,1
1489,83942,25444,1216,1
1490,202084,61217,1216,1
1491,300022,90919,1216,1
1492,228698,69286,1216,1
1493,145764,44186,1216,1
1494,197512,59832,1216,1
1495,437868,132614,1216,1
1496,139094,42143,1216,1
1497,174390,52832,1216,1
1498,225084,68205,1216,1
1499,143674,43553,1216,1
1500,347600,105283,1216,1
1501,119936,36354,1216,1
1502,144006,43646,1216,1
1503,86556,26235,1216,1
1504,272584,82588,1216,1
1505,540706,163790,1216,1
1506,355034,107545,1216,1
1507,172774,52352,1216,1
1508,258418,78297,1216,1
1509,84242,25533,1216,1
1510,366492,111024,1216,1
1511,211838,64169,1216,1
1512,95850,29085,1216,1
1513,120908,36646,1216,1
1514,115562,35028,1216,1
1515,167798,50847,1216,1
1516,354168,107304,1216,1
1517,167204,50670,1216,1
1518,84522,25618,1216,1
1519,89312,27092,1216,1
1520,138996,42125,1216,1
1521,175904,53312,1216,1
1522,85198,25824,1216,1
1523,116640,35344,1216,1
1524,195144,59115,1216,1
1525,250140,75767,1216,1
1526,288172,87309,1216,1
1527,88602,26876,1216,1
1528,457312,138502,1216,1
1529,81840,24827,1216,1
1530,115136,34909,1216,1
1531,317554,96204,1216,1
1532,283182,85795,1216,1
1533,203980,61882,1216,1
1534,1081450,327618,1216,1
1535,232088,70352,1216,1
1536,210168,63676,1216,1
1537,109118,33075,1216,1
1538,114772,34788,1216,1
1539,85128,25824,1216,1
1540,112236,34010,1216,1
1541,123822,37528,1216,1
1542,84360,25569,1216,1
1543,85048,25801,1216,1
1544,415172,125742,1216,1
1545,263624,79875,1216,1
1546,262260,79453,1216,1
1547,97544,29568,1216,1
1548,460444,139473,1216,1
1549,83498,25307,1216,1
1550,110956,33621,1216,1
1551,276996,83902,1216,1
1552,139912,42388,1216,1
1553,83864,25418,1216,1
1554,211924,64231,1216,1
1555,769238,233088,1216,1
1556,391036,118440,1216,1
1557,81302,24642,1216,1
1558,269268,81560,1216,1
1559,150262,45555,1216,1
1560,109064,33071,1216,1
1561,163122,49418,1216,1
1562,136340,41309,1216,1
1563,197060,59703,1216,1
1564,79388,24062,1216,1
1565,78802,23885,1216,1
1566,78498,23792,1216,1
1567,78560,23832,1216,1
1568,78484,23789,1216,1
1569,447574,135553,1216,1
1570,78230,23711,1216,1
1571,131706,39906,1216,1
1572,79484,24113,1216,1
1573,168480,51063,1216,1
1574,180246,54604,1216,1
1575,107438,32569,1216,1
1576,304192,92180,1216,1
1577,175494,53166,1216,1
1578,139284,42210,1216,1
1579,108754,32956,1216,1
1580,270994,82082,1216,1
1581,93726,28427,1216,1
1582,216134,65471,1216,1
1583,161972,49070,1216,1
1584,249026,75431,1216,1
1585,310106,93928,1216,1
1586,108772,32961,1216,1
1587,389544,117990,1216,1
1588,137988,41808,1216,1
1589,411990,124812,1216,1
1590,647854,196223,1216,1
1591,134878,40887,1216,1
1592,199096,60334,1216,1
1593,82362,24986,1216,1
1594,174078,52761,1216,1
1595,194618,58968,1216,1
1596,132248,40104,1216,1
1597,125518,38078,1216,1
1598,296828,89918,1216,1
1599,86792,26317,1216,1
1600,745762,225865,1216,1
1601,115816,35117,1216,1
1602,236914,71764,1216,1
1603,84462,25601,1216,1
1604,251138,76071,1216,1
1605,137790,41760,1216,1
1606,251804,76273,1216,1
1607,83954,25460,1216,1
1608,438862,132917,1216,1
1609,110696,33544,1216,1
1610,480992,145695,1216,1
1611,83786,25418,1216,1
1612,534942,162010,1216,1
1613,128302,38903,1216,1
1614,191770,58129,1216,1
1615,220084,66673,1216,1
1616,232290,70395,1216,1
1617,390112,118254,1216,1
1618,145342,44065,1216,1
1619,606062,183732,1216,1
1620,369880,112062,1216,1
1621,188700,57193,1216,1
1622,155358,47070,1216,1
1623,179486,54413,1216,1
1624,117762,35685,1216,1
1625,215122,65166,1216,1
1626,116056,35169,1216,1
1627,121052,36682,1216,1
1628,88064,26693,1216,1
1629,88864,26935,1216,1
1630,88640,26867,1216,1
1631,210732,63837,1216,1
1632,88568,26867,1216,1
1633,315740,95642,1216,1
1634,974202,295064,1216,1
1635,199548,60493,1216,1
1636,126042,38231,1216,1
1637,761712,230735,1216,1
1638,529076,160277,1216,1
1639,511684,155026,1216,1
1640,221912,67293,1216,1
1641,669634,202826,1216,1
1642,182036,55196,1216,1
1643,131406,39828,1216,1
1644,215584,65317,1216,1
1645,767972,232622,1216,1
1646,495294,150051,1216,1
1647,171672,52020,1216,1
1648,213454,64674,1216,1
1649,256968,77850,1216,1
1650,345262,104589,1216,1
1651,265404,80404,1216,1
1652,339834,102994,1216,1
1653,129874,39366,1216,1
1654,402814,122050,1216,1
1655,261948,79358,1216,1
1656,170436,51648,1216,1
1657,366300,110959,1216,1
1658,171916,52129,1216,1
1659,801364,242730,1216,1
1660,704484,213483,1216,1
1661,372322,112828,1216,1
1662,124648,37808,1216,1
1663,399360,120965,1216,1
1664,398782,120804,1216,1
1665,798004,241722,1216,1
1666,201842,61172,1216,1
1667,239406,72544,1216,1
1668,193890,58756,1216,1
1669,119060,36104,1216,1
1670,323766,98074,1216,1
1671,118320,35861,1216,1
1672,197042,59714,1216,1
1673,118676,35970,1216,1
1674,165174,50080,1216,1
1675,234328,71020,1216,1
1676,240486,72873,1216,1
1677,238794,72360,1216,1
1678,189884,57544,1216,1
1679,118548,35947,1216,1
1680,347692,105334,1216,1
1681,240924,73022,1216,1
1682,120518,36572,1216,1
1683,184532,55910,1216,1
1684,107920,32711,1216,1
1685,106998,32446,1216,1
1686,655484,198561,1216,1
1687,281638,85312,1216,1
1688,142384,43175,1216,1
1689,106146,32172,1216,1
1690,415310,125833,1216,1
1691,107142,32490,1216,1
1692,147252,44662,1216,1
1693,213936,64828,1216,1
1694,106972,32422,1216,1
1695,723984,219260,1216,1
1696,448428,135834,1216,1
1697,1715952,520042,1216,1
1698,120762,36618,1216,1
1699,89294,27071,1216,1
1700,143582,43515,1216,1
1701,88744,26908,1216,1
1702,114188,34639,1216,1
1703,185850,56338,1216,1
1704,300380,91035,1216,1
1705,178284,54029,1216,1
1706,363408,110116,1216,1
1707,135060,40957,1216,1
1708,177568,53828,1216,1
1709,135172,40970,1216,1
1710,133630,40504,1216,1
1711,431450,130703,1216,1
1712,135564,41089,1216,1
1713,134594,40792,1216,1
1714,309470,93771,1216,1
1715,607054,183882,1216,1
1716,268464,81369,1216,1
1717,228066,69121,1216,1
1718,135404,41058,1216,1
1719,134992,40916,1216,1
1720,411374,124628,1216,1
1721,311174,94265,1216,1
1722,134308,40744,1216,1
1723,217868,66096,1216,1
1724,616374,186735,1216,1
1725,147312,44700,1216,1
1726,507666,153778,1216,1
1727,214174,64926,1216,1
1728,129472,39243,1216,1
1729,174376,52891,1216,1
1730,181328,54945,1216,1
1731,129922,39378,1216,1
1732,173026,52465,1216,1
1733,273110,82792,1216,1
1734,305460,92568,1216,1
1735,129104,39146,1216,1
1736,734688,222556,1216,1
1737,182394,55303,1216,1
1738,395352,119769,1216,1
1739,179076,54280,1216,1
1740,212742,64493,1216,1
1741,171866,52114,1216,1
1742,256664,77780,1216,1
1743,935394,283320,1216,1
1744,299594,90757,1216,1
1745,294876,89379,1216,1
1746,300228,91007,1216,1
1747,178182,53994,1216,1
1748,325224,98534,1216,1
1749,276458,83792,1216,1
1750,418002,126614,1216,1
1751,452294,137055,1216,1
1752,182084,55178,1216,1
1753,407580,123499,1216,1
1754,147682,44795,1216,1
1755,248834,75429,1216,1
1756,188886,57262,1216,1
1757,144824,43894,1216,1
1758,815438,247022,1216,1
1759,503556,152563,1216,1
1760,144704,43861,1216,1
1761,144232,43758,1216,1
1762,145448,44084,1216,1
1763,144844,43920,1216,1
1764,1641172,497454,1216,1
1765,151710,46024,1216,1
1766,345264,104647,1216,1
1767,212290,64380,1216,1
1768,222788,67509,1216,1
1769,209378,63454,1216,1
1770,213520,64719,1216,1
1771,107332,32568,1216,1
1772,614630,186176,1216,1
1773,405382,122797,1216,1
1774,317674,96250,1216,1
1775,204998,62106,1216,1
1776,130716,39605,1216,1
1777,79702,24156,1216,1
1778,146088,44281,1216,1
1779,238594,72282,1216,1
1780,128604,38964,1216,1
1781,129048,39100,1216,1
1782,274394,83136,1216,1
1783,186506,56519,1216,1
1784,134398,40740,1216,1
1785,235066,71230,1216,1
1786,232122,70314,1216,1
1787,88182,26727,1216,1
1788,249754,75697,1216,1
1789,140718,42635,1216,1
1790,114476,34688,1216,1
1791,84362,25570,1216,1
1792,371108,112411,1216,1
1793,142106,43056,1216,1
1794,83932,25438,1216,1
1795,378106,114524,1216,1
1796,147496,44710,1216,1
1797,116672,35353,1216,1
1798,84164,25511,1216,1
1799,162108,49136,1216,1
1800,84086,25502,1216,1
1801,341012,103287,1216,1
1802,234510,71036,1216,1
1803,315068,95430,1216,1
1804,223564,67758,1216,1
1805,270956,82108,1216,1
1806,80500,24420,1216,1
1807,76820,23293,1216,1
1808,184724,55960,1216,1
1809,131150,39768,1216,1
1810,107724,32651,1216,1
1811,129356,39202,1216,1
1812,438744,132880,1216,1
1813,84390,25588,1216,1
1814,137774,41755,1216,1
1815,76912,23312,1216,1
1816,100892,30584,1216,1
1817,133790,40535,1216,1
1818,77322,23445,1216,1
1819,76712,23252,1216,1
1820,130848,39666,1216,1
1821,155940,47241,1216,1
1822,102132,30969,1216,1
1823,76380,23171,1216,1
1824,275632,83507,1216,1
1825,92638,28099,1216,1
1826,144338,43732,1216,1
1827,171436,51937,1216,1
1828,221802,67215,1216,1
1829,119178,36114,1216,1
1830,249484,75634,1216,1
1831,440388,133378,1216,1
1832,84756,25701,1216,1
1833,219236,66413,1216,1
1834,83874,25432,1216,1
1835,84252,25537,1216,1
1836,228034,69077,1216,1
1837,84222,25529,1216,1
1838,321006,97228,1216,1
1839,84222,25527,1216,1
1840,749156,226886,1216,1
1841,84390,25579,1216,1
1842,503374,152464,1216,1
1843,171336,51918,1216,1
1844,200572,60783,1216,1
1845,145530,44126,1216,1
1846,147686,44769,1216,1
1847,196732,59598,1216,1
1848,173244,52483,1216,1
1849,90046,27315,1216,1
1850,118320,35853,1216,1
1851,115186,34920,1216,1
1852,189428,57420,1216,1
1853,379572,114990,1216,1
1854,126074,38209,1216,1
1855,198676,60227,1216,1
1856,155702,47222,1216,1
1857,297910,90416,1216,1
1858,272396,82568,1216,1
1859,163450,49559,1216,1
1860,158130,47940,1216,1
1861,229366,69486,1216,1
1862,155910,47245,1216,1
1863,157504,47742,1216,1
1864,299156,90619,1216,1
1865,330666,100210,1216,1
1866,635460,192491,1216,1
1867,187212,56722,1216,1
1868,113852,34507,1216,1
1869,543252,164535,1216,1
1870,121124,36743,1216,1
1871,116418,35285,1216,1
1872,190382,57713,1216,1
1873,129290,39233,1216,1
1874,191064,57892,1216,1
1875,230028,69696,1216,1
1876,225468,68340,1216,1
1877,269418,81647,1216,1
1878,160628,48673,1216,1
1879,191454,58008,1216,1
1880,224540,68058,1216,1
1881,151934,46038,1216,1
1882,160178,48537,1216,1
1883,219838,66602,1216,1
1884,176768,53557,1216,1
1885,107160,32481,1216,1
1886,107128,32499,1216,1
1887,342158,103773,1216,1
1888,238136,72197,1216,1
1889,181280,54958,1216,1
1890,759258,230009,1216,1
1891,730990,221442,1216,1
1892,669456,202783,1216,1
1893,298702,90503,1216,1
1894,408702,123845,1216,1
1895,937046,283792,1216,1
1896,139934,42404,1216,1
1897,221924,67232,1216,1
1898,280322,84945,1216,1
1899,139098,42167,1216,1
1900,585464,177314,1216,1
1901,228376,69185,1216,1
1902,121122,36710,1216,1
1903,152932,46374,1216,1
1904,116574,35365,1216,1
1905,520372,157653,1216,1
1906,574494,174029,1216,1
1907,331204,100358,1216,1
1908,598198,181193,1216,1
1909,200476,60740,1216,1
1910,122744,37198,1216,1
1911,162838,49356,1216,1
1912,212860,64523,1216,1
1913,1213432,367565,1216,1
1914,238378,72237,1216,1
1915,215320,65288,1216,1
1916,123636,37474,1216,1
1917,246262,74604,1216,1
1918,207556,62884,1216,1
1919,158386,48015,1216,1
1920,247214,74928,1216,1
1921,120370,36505,1216,1
1922,202840,61456,1216,1
1923,290068,87870,1216,1
1924,363952,110274,1216,1
1925,341966,103605,1216,1
1926,157394,47696,1216,1
1927,384940,116634,1216,1
1928,161134,48827,1216,1
1929,121512,36828,1216,1
1930,327386,99170,1216,1
1931,620734,188040,1216,1
1932,439914,133301,1216,1
1933,400302,121383,1216,1
1934,283440,85948,1216,1
1935,159042,48233,1216,1
1936,221662,67274,1216,1
1937,266386,80716,1216,1
1938,161608,48977,1216,1
1939,157150,47664,1216,1
1940,398324,120685,1216,1
1941,177034,53674,1216,1
1942,280250,84943,1216,1
1943,108818,33010,1216,1
1944,124848,37862,1216,1
1945,289558,87739,1216,1
1946,109212,33101,1216,1
1947,337644,102300,1216,1
1948,276546,83784,1216,1
1949,142116,43077,1216,1
1950,103338,31345,1216,1
1951,279468,84673,1216,1
1952,170160,51582,1216,1
1953,556952,168680,1216,1
1954,300364,91015,1216,1
1955,113198,34332,1216,1
1956,359252,108829,1216,1
1957,213028,64537,1216,1
1958,262246,79494,1216,1
1959,415248,125771,1216,1
1960,261370,79184,1216,1
1961,137178,41570,1216,1
1962,401648,121666,1216,1
1963,135906,41182,1216,1
1964,103660,31420,1216,1
1965,784624,237626,1216,1
1966,302676,91701,1216,1
1967,548568,166174,1216,1
1968,154088,46692,1216,1
1969,110200,33401,1216,1
1970,109752,33267,1216,1
1971,109540,33202,1216,1
1972,216158,65488,1216,1
1973,111314,33767,1216,1
1974,144888,43908,1216,1
1975,159908,48483,1216,1
1976,145680,44146,1216,1
1977,311206,94301,1216,1
1978,293182,88811,1216,1
1979,146878,44587,1216,1
1980,148642,45063,1216,1
1981,191518,58028,1216,1
1982,226116,68501,1216,1
1983,199384,60408,1216,1
1984,156594,47469,1216,1
1985,188516,57134,1216,1
1986,293756,89088,1216,1
1987,116240,35243,1216,1
1988,302538,91674,1216,1
1989,349122,105763,1216,1
1990,313434,94944,1216,1
1991,110082,33397,1216,1
1992,425076,128762,1216,1
1993,187872,56922,1216,1
1994,345026,104509,1216,1
1995,442802,134144,1216,1
1996,163346,49533,1216,1
1997,248982,75430,1216,1
1998,118090,35792,1216,1
1999,117346,35565,1216,1
2000,855596,259308,1216,1
2001,256590,77787,1216,1
2002,195468,59269,1216,1
2003,199510,60498,1216,1
2004,690730,209236,1216,1
2005,461430,139793,1216,1
2006,399902,121166,1216,1
2007,177472,53806,1216,1
2008,96500,29271,1216,1
2009,213558,64695,1216,1
2010,324842,98392,1216,1
2011,90530,27440,1216,1
2012,221392,67077,1216,1
2013,187208,56729,1216,1
2014,215682,65360,1216,1
2015,334396,101286,1216,1
2016,120824,36612,1216,1
2017,153634,46547,1216,1
2018,425162,128795,1216,1
2019,91732,27816,1216,1
2020,91588,27760,1216,1
2021,247824,75109,1216,1
2022,128366,38907,1216,1
2023,502466,152179,1216,1
2024,147332,44663,1216,1
2025,119712,36276,1216,1
2026,119856,36320,1216,1
2027,197692,59912,1216,1
2028,485152,146934,1216,1
2029,227786,69027,1216,1
2030,187642,56846,1216,1
2031,652668,197661,1216,1
2032,90810,27547,1216,1
2033,90586,27457,1216,1
2034,397082,120281,1216,1
2035,143458,43505,1216,1
2036,316954,96003,1216,1
2037,119214,36125,1216,1
2038,125716,38105,1216,1
2039,185170,56123,1216,1
2040,92664,28098,1216,1
2041,249784,75663,1216,1
2042,90898,27561,1216,1
2043,184288,55896,1216,1
2044,685734,207685,1216,1
2045,173972,52714,1216,1
2046,207922,62997,1216,1
2047,350426,106206,1216,1
2048,215290,65262,1216,1
2049,485830,147185,1216,1
2050,561302,170003,1216,1
2051,309556,93802,1216,1
2052,202954,61526,1216,1
2053,257922,78177,1216,1
2054,102900,31188,1216,1
2055,243978,73915,1216,1
2056,237866,72059,1216,1
2057,174658,52948,1216,1
2058,170436,51637,1216,1
2059,247658,75023,1216,1
2060,240948,73038,1216,1
2061,141382,42963,1216,1
2062,624948,189324,1216,1
2063,607082,184229,1216,1
2064,241334,73195,1216,1
2065,122744,37206,1216,1
2066,353998,107242,1216,1
2067,157590,47752,1216,1
2068,322708,97749,1216,1
2069,328686,99593,1216,1
2070,272172,82447,1216,1
2071,224598,68043,1216,1
2072,182460,55282,1216,1
2073,112082,33966,1216,1
2074,176574,53515,1216,1
2075,215660,65348,1216,1
2076,87688,26590,1216,1
2077,148152,44886,1216,1
2078,113782,34480,1216,1
2079,287938,87215,1216,1
2080,119112,36106,1216,1
2081,90216,27368,1216,1
2082,257282,77931,1216,1
2083,85246,25838,1216,1
2084,343144,103933,1216,1
2085,101610,30831,1216,1
2086,141588,42898,1216,1
2087,143716,43556,1216,1
2088,318424,96479,1216,1
2089,110636,33559,1216,1
2090,348800,105677,1216,1
2091,271590,82297,1216,1
2092,215300,65264,1216,1
2093,261824,79317,1216,1
2094,117094,35505,1216,1
2095,305748,92625,1216,1
2096,208508,63191,1216,1
2097,170168,51576,1216,1
2098,803082,243403,1216,1
2099,397378,120396,1216,1
2100,130114,39456,1216,1
2101,135168,40985,1216,1
2102,117762,36179,1216,1
2103,165104,50064,1216,1
2104,355060,107581,1216,1
2105,337434,102248,1216,1
2106,512506,155279,1216,1
2107,222046,67313,1216,1
2108,125992,38216,1216,1
2109,133956,40602,1216,1
2110,90632,27492,1216,1
2111,307462,93157,1216,1
2112,373296,113064,1216,1
2113,409398,124012,1216,1
2114,93068,28224,1216,1
2115,89592,27155,1216,1
2116,484960,146876,1216,1
2117,230258,69750,1216,1
2118,251292,76119,1216,1
2119,122342,37071,1216,1
2120,211198,64000,1216,1
2121,90942,27561,1216,1
2122,93228,28256,1216,1
2123,125898,38172,1216,1
2124,185316,56142,1216,1
2125,89206,27039,1216,1
2126,88388,26792,1216,1
2127,254548,77152,1216,1
2128,465524,140990,1216,1
2129,217900,66008,1216,1
2130,175400,53140,1216,1
2131,182238,55234,1216,1
2132,280038,84824,1216,1
2133,278380,84321,1216,1
2134,88766,26915,1216,1
2135,301162,91256,1216,1
2136,184062,55761,1216,1
2137,272452,82550,1216,1
2138,88068,26692,1216,1
2139,88136,26728,1216,1
2140,237386,71918,1216,1
2141,170596,51683,1216,1
2142,429464,130084,1216,1
2143,181272,54922,1216,1
2144,661824,200619,1216,1
2145,595532,180508,1216,1
2146,372506,112912,1216,1
2147,267982,81198,1216,1
2148,248548,75348,1216,1
2149,223732,67773,1216,1
2150,249366,75574,1216,1
2151,495274,150025,1216,1
2152,144354,43748,1216,1
2153,293996,89051,1216,1
2154,113090,34292,1216,1
2155,766810,232269,1216,1
2156,169086,51226,1216,1
2157,686678,207978,1216,1
2158,143550,43507,1216,1
2159,112632,34130,1216,1
2160,86788,26304,1216,1
2161,447954,135694,1216,1
2162,265384,80399,1216,1
2163,151356,45880,1216,1
2164,144108,43675,1216,1
2165,94034,28524,1216,1
2166,88358,26792,1216,1
2167,142470,43177,1216,1
2168,170870,51779,1216,1
2169,179794,54469,1216,1
2170,318402,96515,1216,1
2171,210374,63730,1216,1
2172,136492,41398,1216,1
2173,125126,37933,1216,1
2174,90780,27525,1216,1
2175,88638,26873,1216,1
2176,150070,45467,1216,1
2177,146188,44302,1216,1
2178,88052,26698,1216,1
2179,88104,26703,1216,1
2180,87918,26658,1216,1
2181,200938,60874,1216,1
2182,88242,26745,1216,1
2183,114626,34735,1216,1
2184,114610,34731,1216,1
2185,87984,26666,1216,1
2186,117284,35553,1216,1
2187,119832,36335,1216,1
2188,142302,43115,1216,1
2189,150136,45497,1216,1
2190,116208,35214,1216,1
2191,275800,83575,1216,1
2192,323178,97910,1216,1
2193,522018,158119,1216,1
2194,84832,25713,1216,1
2195,84394,25579,1216,1
2196,172894,52401,1216,1
2197,148132,44903,1216,1
2198,193254,58544,1216,1
2199,109772,33265,1216,1
2200,257922,78124,1216,1
2201,115060,34886,1216,1
2202,137316,41627,1216,1
2203,141806,42965,1216,1
2204,84198,25543,1216,1
2205,113486,34403,1216,1
2206,247952,75107,1216,1
2207,247510,74973,1216,1
2208,317462,96186,1216,1
2209,76298,23146,1216,1
2210,105158,31886,1216,1
2211,145656,44128,1216,1
2212,96560,29299,1216,1
2213,145790,44194,1216,1
2214,291852,88400,1216,1
2215,285644,86520,1216,1
2216,196218,59442,1216,1
2217,146194,44294,1216,1
2218,313370,94916,1216,1
2219,280860,85072,1216,1
2220,317184,96070,1216,1
2221,141086,42747,1216,1
2222,463724,140444,1216,1
2223,113784,34480,1216,1
2224,195898,59366,1216,1
2225,83976,25462,1216,1
2226,404610,122566,1216,1
2227,113020,34248,1216,1
2228,373310,113089,1216,1
2229,327026,99075,1216,1
2230,86054,26093,1216,1
2231,145100,43973,1216,1
2232,427216,129412,1216,1
2233,443882,134578,1216,1
2234,108296,32860,1216,1
2235,304962,92381,1216,1
2236,177898,53919,1216,1
2237,243824,73890,1216,1
2238,830968,251715,1216,1
2239,751138,227523,1216,1
2240,381038,115443,1216,1
2241,182870,55413,1216,1
2242,130336,39512,1216,1
2243,198150,60027,1216,1
2244,202702,61404,1216,1
2245,152892,46357,1216,1
2246,84344,25565,1216,1
2247,399668,121049,1216,1
2248,85442,25895,1216,1
2249,84922,25762,1216,1
2250,329748,99903,1216,1
2251,155848,47223,1216,1
2252,446204,135137,1216,1
2253,436470,132224,1216,1
2254,344992,104510,1216,1
2255,209956,63664,1216,1
2256,284282,86107,1216,1
2257,145050,43949,1216,1
2258,133000,40320,1216,1
2259,584450,176999,1216,1
2260,251474,76194,1216,1
2261,175756,53254,1216,1
2262,208550,63173,1216,1
2263,147740,44761,1216,1
2264,88032,26681,1216,1
2265,123104,37301,1216,1
2266,78658,23840,1216,1
2267,105142,31861,1216,1
2268,78978,23938,1216,1
2269,209996,63609,1216,1
2270,393508,119180,1216,1
2271,163992,49680,1216,1
2272,160324,48609,1216,1
2273,118342,35859,1216,1
2274,135384,41044,1216,1
2275,89172,27028,1216,1
2276,190764,57836,1216,1
2277,94150,28536,1216,1
2278,119396,36180,1216,1
2279,171124,51843,1216,1
2280,79344,24057,1216,1
2281,265542,80440,1216,1
2282,362064,109695,1216,1
2283,150912,45745,1216,1
2284,283090,85770,1216,1
2285,288936,87519,1216,1
2286,135502,41055,1216,1
2287,221404,67068,1216,1
2288,188080,56989,1216,1
2289,132568,40179,1216,1
2290,80080,24273,1216,1
2291,275542,83473,1216,1
2292,133972,40591,1216,1
2293,142134,43086,1216,1
2294,664670,201317,1216,1
2295,85398,25905,1216,1
2296,142114,43059,1216,1
2297,119914,36369,1216,1
2298,141300,42820,1216,1
2299,81340,24676,1216,1
2300,195078,59116,1216,1
2301,80804,24514,1216,1
2302,304022,92097,1216,1
2303,283702,85942,1216,1
2304,107782,32682,1216,1
2305,168056,50936,1216,1
2306,138294,41910,1216,1
2307,110012,33349,1216,1
2308,267570,81046,1216,1
2309,106992,32442,1216,1
2310,169848,51456,1216,1
2311,157688,47773,1216,1
2312,80530,24408,1216,1
2313,192166,58215,1216,1
2314,209156,63379,1216,1
2315,206064,62465,1216,1
2316,355030,107541,1216,1
2317,272964,82691,1216,1
2318,332906,100840,1216,1
2319,382780,116002,1216,1
2320,233898,70862,1216,1
2321,116956,35448,1216,1
2322,387780,117456,1216,1
2323,691670,209496,1216,1
2324,201816,61161,1216,1
2325,517532,156749,1216,1
2326,152808,46307,1216,1
2327,485972,147192,1216,1
2328,250092,75764,1216,1
2329,116708,35375,1216,1
2330,335270,101604,1216,1
2331,396616,120132,1216,1
2332,428712,129884,1216,1
2333,157430,47711,1216,1
2334,142236,43138,1216,1
2335,106720,32369,1216,1
2336,134336,40706,1216,1
2337,100586,30487,1216,1
2338,566116,171453,1216,1
2339,238472,72278,1216,1
2340,237456,72104,1216,1
2341,380592,115373,1216,1
2342,254646,77166,1216,1
2343,674802,204389,1216,1
2344,715690,216869,1216,1
2345,259552,78697,1216,1
2346,190920,57888,1216,1
2347,203278,61609,1216,1
2348,202686,61405,1216,1
2349,135724,41227,1216,1
2350,102482,31090,1216,1
2351,168732,51149,1216,1
2352,102234,31011,1216,1
2353,160786,48737,1216,1
2354,201228,60978,1216,1
2355,102476,31060,1216,1
2356,176718,53590,1216,1
2357,105286,31911,1216,1
2358,315386,95539,1216,1
2359,698428,211572,1216,1
2360,297448,90150,1216,1
2361,281046,85176,1216,1
2362,132144,40055,1216,1
2363,134170,40672,1216,1
2364,226274,68588,1216,1
2365,700704,212223,1216,1
2366,165808,50277,1216,1
2367,430312,130623,1216,1
2368,152588,46287,1216,1
2369,300360,91017,1216,1
2370,167556,50824,1216,1
2371,862236,261179,1216,1
2372,313006,94851,1216,1
2373,283512,85919,1216,1
2374,287198,87041,1216,1
2375,381724,115679,1216,1
2376,256926,77878,1216,1
2377,207864,63014,1216,1
2378,427376,129472,1216,1
2379,208288,63101,1216,1
2380,103764,31452,1216,1
2381,626040,189642,1216,1
2382,308540,93524,1216,1
2383,175762,53266,1216,1
2384,143532,43495,1216,1
2385,180216,54602,1216,1
2386,104054,31538,1216,1
2387,105738,32077,1216,1
2388,285662,86559,1216,1
2389,268128,81238,1216,1
2390,166278,50381,1216,1
2391,461780,139902,1216,1
2392,204620,62030,1216,1
2393,345282,104613,1216,1
2394,375018,113592,1216,1
2395,109248,33115,1216,1
2396,116726,35408,1216,1
2397,218216,66110,1216,1
2398,1533342,464485,1216,1
2399,747386,226379,1216,1
2400,100980,30606,1216,1
2401,100432,30464,1216,1
2402,135266,41007,1216,1
2403,256926,77882,1216,1
2404,101806,30859,1216,1
2405,206208,62471,1216,1
2406,660046,199917,1216,1
2407,346804,105040,1216,1
2408,191618,58048,1216,1
2409,294564,89220,1216,1
2410,177702,53834,1216,1
2411,288894,87503,1216,1
2412,308566,93458,1216,1
2413,110244,33409,1216,1
2414,332846,100813,1216,1
2415,203748,61721,1216,1
2416,139066,42159,1216,1
2417,91400,27726,1216,1
2418,134912,40914,1216,1
2419,190620,57772,1216,1
2420,196922,59662,1216,1
2421,179664,54433,1216,1
2422,118722,35998,1216,1
2423,116556,35319,1216,1
2424,862748,261387,1216,1
2425,320636,97186,1216,1
2426,118876,36047,1216,1
2427,122302,37083,1216,1
2428,239122,72517,1216,1
2429,361830,109625,1216,1
2430,91198,27654,1216,1
2431,170484,51657,1216,1
2432,195896,59376,1216,1
2433,213220,64612,1216,1
2434,156660,47462,1216,1
2435,264166,80029,1216,1
2436,88448,26806,1216,1
2437,150716,45685,1216,1
2438,236850,71745,1216,1
2439,110596,33513,1216,1
2440,153488,46502,1216,1
2441,664636,201319,1216,1
2442,110322,33466,1216,1
2443,439006,133122,1216,1
2444,165498,50178,1216,1
2445,305274,92606,1216,1
2446,1331178,403224,1216,1
2447,366176,110944,1216,1
2448,245416,74360,1216,1
2449,187004,56652,1216,1
2450,126616,38377,1216,1
2451,313306,94905,1216,1
2452,337830,102324,1216,1
2453,197238,59776,1216,1
2454,96442,29252,1216,1
2455,98010,29825,1216,1
2456,112342,34060,1216,1
2457,610942,185281,1216,1
2458,150298,45581,1216,1
2459,535124,162107,1216,1
2460,151264,45834,1216,1
2461,134492,40757,1216,1
2462,120666,36588,1216,1
2463,238252,72170,1216,1
2464,226758,68690,1216,1
2465,181288,54920,1216,1
2466,86268,26149,1216,1
2467,226080,68557,1216,1
2468,125652,38102,1216,1
2469,507142,153620,1216,1
2470,344900,104491,1216,1
2471,179024,54236,1216,1
2472,444448,134609,1216,1
2473,123208,37355,1216,1
2474,252882,76602,1216,1
2475,135704,41120,1216,1
2476,102318,31012,1216,1
2477,139172,42170,1216,1
2478,135540,41098,1216,1
2479,160694,48687,1216,1
2480,293344,88867,1216,1
2481,432952,131133,1216,1
2482,128148,38832,1216,1
2483,188664,57177,1216,1
2484,85474,25906,1216,1
2485,231292,70073,1216,1
2486,169832,51465,1216,1
2487,131000,39696,1216,1
2488,721054,218427,1216,1
2489,306446,92831,1216,1
2490,101402,30751,1216,1
2491,227680,68995,1216,1
2492,285422,86458,1216,1
2493,243134,73665,1216,1
2494,169488,51353,1216,1
2495,177082,53652,1216,1
2496,134394,40726,1216,1
2497,238466,72238,1216,1
2498,315446,95608,1216,1
2499,497984,150843,1216,1
2500,961010,291052,1216,1
2501,153040,46369,1216,1
2502,391942,118713,1216,1
2503,274272,83106,1216,1
2504,245362,74353,1216,1
2505,279426,84639,1216,1
2506,230560,69866,1216,1
2507,189014,57275,1216,1
2508,129592,39279,1216,1
2509,330658,100227,1216,1
2510,202500,61391,1216,1
2511,351880,106616,1216,1
2512,439702,133207,1216,1
2513,139540,42293,1216,1
2514,195126,59128,1216,1
2515,321252,97304,1216,1
2516,193780,58730,1216,1
2517,97728,29619,1216,1
2518,219168,66419,1216,1
2519,98576,29899,1216,1
2520,294920,89358,1216,1
2521,88374,26785,1216,1
2522,175024,53024,1216,1
2523,170722,51720,1216,1
2524,194660,59003,1216,1
2525,279908,84822,1216,1
2526,297572,90167,1216,1
2527,120250,36478,1216,1
2528,241340,73116,1216,1
2529,112752,34181,1216,1
2530,141730,42990,1216,1
2531,129860,39383,1216,1
2532,296194,89755,1216,1
2533,191710,58111,1216,1
2534,120864,36639,1216,1
2535,149556,45327,1216,1
2536,130550,39587,1216,1
2537,387188,117287,1216,1
2538,119884,36335,1216,1
2539,281888,85426,1216,1
2540,170090,51600,1216,1
2541,167866,50884,1216,1
2542,169584,51425,1216,1
2543,358690,108675,1216,1
2544,239916,72701,1216,1
2545,130834,39666,1216,1
2546,178130,54011,1216,1
2547,192178,58270,1216,1
2548,433970,131469,1216,1
2549,194048,58810,1216,1
2550,797036,241475,1216,1
2551,134742,40864,1216,1
2552,256916,77880,1216,1
2553,152128,46090,1216,1
2554,289908,87825,1216,1
2555,187668,56864,1216,1
2556,150344,45550,1216,1
2557,88406,26802,1216,1
2558,88428,26802,1216,1
2559,256812,77815,1216,1
2560,194938,59076,1216,1
2561,392724,118955,1216,1
2562,115876,35134,1216,1
2563,84216,25526,1216,1
2564,120018,36402,1216,1
2565,374136,113325,1216,1
2566,147536,44723,1216,1
2567,206700,62640,1216,1
2568,110444,33469,1216,1
2569,262630,79575,1216,1
2570,236878,71775,1216,1
2571,148908,45116,1216,1
2572,319812,96866,1216,1
2573,103000,31277,1216,1
2574,359330,108835,1216,1
2575,116508,35314,1216,1
2576,88678,26878,1216,1
2577,200610,60788,1216,1
2578,203444,61638,1216,1
2579,431210,130600,1216,1
2580,89402,27119,1216,1
2581,86090,26093,1216,1
2582,85038,25785,1216,1
2583,114764,34778,1216,1
2584,112130,33990,1216,1
2585,110382,33463,1216,1
2586,310340,94011,1216,1
2587,113380,34357,1216,1
2588,84228,25553,1216,1
2589,150552,45636,1216,1
2590,200724,60805,1216,1
2591,146688,44442,1216,1
2592,114268,34626,1216,1
2593,84048,25484,1216,1
2594,96104,29161,1216,1
2595,266984,80870,1216,1
2596,506148,153304,1216,1
2597,387618,117411,1216,1
2598,171866,52064,1216,1
2599,192326,58273,1216,1
2600,180944,54840,1216,1
2601,167962,50885,1216,1
2602,417162,126358,1216,1
2603,309186,93649,1216,1
2604,424416,128564,1216,1
2605,145874,44195,1216,1
2606,726266,219968,1216,1
2607,173320,52508,1216,1
2608,84616,25645,1216,1
2609,118898,36028,1216,1
2610,112008,33973,1216,1
2611,132458,40152,1216,1
2612,286608,86843,1216,1
2613,98282,29789,1216,1
2614,98952,29991,1216,1
2615,97650,29630,1216,1
2616,196082,59411,1216,1
2617,173642,52604,1216,1
2618,244942,74226,1216,1
2619,264850,80223,1216,1
2620,142996,43324,1216,1
2621,299324,90817,1216,1
2622,275836,83599,1216,1
2623,255600,77444,1216,1
2624,529518,160401,1216,1
2625,193736,58739,1216,1
2626,90202,27338,1216,1
2627,444832,134724,1216,1
2628,88794,26911,1216,1
2629,157690,47807,1216,1
2630,306294,92810,1216,1
2631,302448,91654,1216,1
2632,317200,96118,1216,1
2633,248454,75295,1216,1
2634,118482,35931,1216,1
2635,585288,177405,1216,1
2636,186048,56386,1216,1
2637,502188,152244,1216,1
2638,314258,95213,1216,1
2639,238742,72358,1216,1
2640,357912,108442,1216,1
2641,118808,36025,1216,1
2642,232352,70393,1216,1
2643,138290,41900,1216,1
2644,379066,114811,1216,1
2645,198850,60248,1216,1
2646,109816,33277,1216,1
2647,609974,184753,1216,1
2648,84698,25672,1216,1
2649,84574,25635,1216,1
2650,113202,34312,1216,1
2651,147984,44835,1216,1
2652,103054,31258,1216,1
2653,326132,98800,1216,1
2654,156452,47408,1216,1
2655,129036,39117,1216,1
2656,136206,41288,1216,1
2657,157778,47812,1216,1
2658,154646,46896,1216,1
2659,417510,126451,1216,1
2660,283362,85839,1216,1
2661,84504,25624,1216,1
2662,236274,71594,1216,1
2663,202540,61355,1216,1
2664,251518,76187,1216,1
2665,176024,53349,1216,1
2666,84248,25535,1216,1
2667,140800,42681,1216,1
2668,233692,70811,1216,1
2669,146030,44244,1216,1
2670,111784,33874,1216,1
2671,293582,88948,1216,1
2672,110080,33357,1216,1
2673,233308,70695,1216,1
2674,190820,57807,1216,1
2675,84836,25712,1216,1
2676,171730,52027,1216,1
2677,232662,70477,1216,1
2678,109850,33289,1216,1
2679,241500,73196,1216,1
2680,168824,51146,1216,1
2681,116296,35241,1216,1
2682,124028,37606,1216,1
2683,197870,59941,1216,1
2684,85884,26031,1216,1
2685,195186,59130,1216,1
2686,469050,142057,1216,1
2687,117588,35643,1216,1
2688,253892,76945,1216,1
2689,178186,54002,1216,1
2690,214196,64900,1216,1
2691,156086,47291,1216,1
2692,121042,36678,1216,1
2693,144114,43690,1216,1
2694,176980,53629,1216,1
2695,220308,66764,1216,1
2696,122844,37225,1216,1
2697,387012,117216,1216,1
2698,348022,105423,1216,1
2699,436288,132140,1216,1
2700,119870,36347,1216,1
2701,189656,57500,1216,1
2702,222232,67329,1216,1
2703,167156,50668,1216,1
2704,128226,38854,1216,1
2705,89110,27010,1216,1
2706,339252,102773,1216,1
2707,291016,88154,1216,1
2708,143008,43336,1216,1
2709,279306,84608,1216,1
2710,258236,78257,1216,1
2711,249500,75611,1216,1
2712,220180,66703,1216,1
2713,262822,79638,1216,1
2714,97890,29671,1216,1
2715,128152,38834,1216,1
2716,104898,31820,1216,1
2717,169400,51326,1216,1
2718,302306,91582,1216,1
2719,228858,69328,1216,1
2720,314276,95205,1216,1
2721,160370,48602,1216,1
2722,219246,66468,1216,1
2723,101012,30641,1216,1
2724,133772,40537,1216,1
2725,125728,38101,1216,1
2726,95576,28969,1216,1
2727,95778,29029,1216,1
2728,466898,141485,1216,1
2729,275742,83544,1216,1
2730,194284,58883,1216,1
2731,312226,94570,1216,1
2732,391640,118658,1216,1
2733,95772,29054,1216,1
2734,229238,69459,1216,1
2735,95190,28850,1216,1
2736,164658,49886,1216,1
2737,467206,141529,1216,1
2738,402842,122054,1216,1
2739,248810,75410,1216,1
2740,163744,49638,1216,1
2741,96432,29231,1216,1
2742,324948,98425,1216,1
2743,115002,34891,1216,1
2744,137452,41677,1216,1
2745,193406,58592,1216,1
2746,343218,103995,1216,1
2747,122896,37266,1216,1
2748,125266,37959,1216,1
2749,149442,45278,1216,1
2750,208030,63058,1216,1
2751,190998,57878,1216,1
2752,324288,98223,1216,1
2753,92708,28100,1216,1
2754,150492,45609,1216,1
2755,92894,28157,1216,1
2756,150672,45652,1216,1
2757,375206,113643,1216,1
2758,179890,54502,1216,1
2759,129700,39327,1216,1
2760,123456,37411,1216,1
2761,386542,117075,1216,1
2762,93328,28288,1216,1
2763,358020,108462,1216,1
2764,564400,170972,1216,1
2765,224870,68130,1216,1
2766,253458,76776,1216,1
2767,127718,38701,1216,1
2768,178772,54162,1216,1
2769,92372,28022,1216,1
2770,203398,61642,1216,1
2771,151458,45889,1216,1
2772,189098,57288,1216,1
2773,522208,158191,1216,1
2774,90810,27525,1216,1
2775,90444,27414,1216,1
2776,90218,27347,1216,1
2777,148894,45113,1216,1
2778,193892,58738,1216,1
2779,146664,44462,1216,1
2780,94706,28729,1216,1
2781,421056,127525,1216,1
2782,123610,37455,1216,1
2783,145042,43947,1216,1
2784,146736,44458,1216,1
2785,214704,65063,1216,1
2786,264040,80097,1216,1
2787,491504,148884,1216,1
2788,181864,55124,1216,1
2789,181896,55113,1216,1
2790,263678,79870,1216,1
2791,234662,71096,1216,1
2792,358054,108447,1216,1
2793,167540,50757,1216,1
2794,143656,43545,1216,1
2795,200262,60666,1216,1
2796,148572,45014,1216,1
2797,209388,63451,1216,1
2798,342942,103870,1216,1
2799,83972,25464,1216,1
2800,449236,136088,1216,1
2801,119358,36190,1216,1
2802,172330,52230,1216,1
2803,255726,77471,1216,1
2804,84476,25604,1216,1
2805,121072,36710,1216,1
2806,147666,44738,1216,1
2807,473002,143290,1216,1
2808,111038,33670,1216,1
2809,193462,58607,1216,1
2810,448842,135961,1216,1
2811,275586,83489,1216,1
2812,137692,41733,1216,1
2813,213558,64692,1216,1
2814,113024,34249,1216,1
2815,82256,24931,1216,1
2816,200248,60674,1216,1
2817,173910,52686,1216,1
2818,169020,51228,1216,1
2819,81974,24869,1216,1
2820,112374,34052,1216,1
2821,150372,45580,1216,1
2822,111732,33879,1216,1
2823,239424,72524,1216,1
2824,141778,42958,1216,1
2825,610510,185194,1216,1
2826,185742,56292,1216,1
2827,281224,85225,1216,1
2828,535328,162201,1216,1
2829,305728,92624,1216,1
2830,90468,27422,1216,1
2831,84324,25560,1216,1
2832,136558,41376,1216,1
2833,84504,25627,1216,1
2834,246976,74811,1216,1
2835,181180,54888,1216,1
2836,83852,25438,1216,1
2837,399632,121047,1216,1
2838,136262,41299,1216,1
2839,83942,25465,1216,1
2840,84134,25500,1216,1
2841,179534,54389,1216,1
2842,83968,25450,1216,1
2843,235734,71408,1216,1
2844,89824,27248,1216,1
2845,86204,26128,1216,1
2846,89614,27184,1216,1
2847,141782,42976,1216,1
2848,460286,139401,1216,1
2849,134894,40879,1216,1
2850,282402,85585,1216,1
2851,337758,102301,1216,1
2852,201998,61202,1216,1
2853,190716,57775,1216,1
2854,266040,80594,1216,1
2855,75684,22939,1216,1
2856,241014,73016,1216,1
2857,105124,31855,1216,1
2858,196592,59554,1216,1
2859,109662,33232,1216,1
2860,115216,34914,1216,1
2861,175170,53066,1216,1
2862,100926,30604,1216,1
2863,262844,79614,1216,1
2864,102420,31037,1216,1
2865,255246,77334,1216,1
2866,202710,61414,1216,1
2867,106204,32203,1216,1
2868,161652,48973,1216,1
2869,108384,32839,1216,1
2870,155124,47005,1216,1
2871,88108,26746,1216,1
2872,240860,72956,1216,1
2873,187146,56711,1216,1
2874,77350,23445,1216,1
2875,309510,93765,1216,1
2876,249292,75522,1216,1
2877,317292,96121,1216,1
2878,321532,97452,1216,1
2879,310232,93993,1216,1
2880,300440,91029,1216,1
2881,180636,54800,1216,1
2882,487972,147843,1216,1
2883,637446,193149,1216,1
2884,180782,54796,1216,1
2885,614738,186249,1216,1
2886,201260,61044,1216,1
2887,108180,32813,1216,1
2888,103302,31336,1216,1
2889,103688,31426,1216,1
2890,176114,53360,1216,1
2891,204204,61863,1216,1
2892,178900,54251,1216,1
2893,99666,30211,1216,1
2894,98792,29943,1216,1
2895,267786,81117,1216,1
2896,556956,168730,1216,1
2897,160110,48512,1216,1
2898,169890,51471,1216,1
2899,128178,38841,1216,1
2900,97730,29635,1216,1
2901,97644,29596,1216,1
2902,227466,68906,1216,1
2903,229410,69523,1216,1
2904,166942,50580,1216,1
2905,199922,60566,1216,1
2906,327592,99265,1216,1
2907,104782,31786,1216,1
2908,479482,145656,1216,1
2909,181524,55017,1216,1
2910,257796,78098,1216,1
2911,190708,57772,1216,1
2912,85266,25843,1216,1
2913,239260,72519,1216,1
2914,241270,73084,1216,1
2915,144448,43761,1216,1
2916,119624,36247,1216,1
2917,136556,41374,1216,1
2918,84180,25515,1216,1
2919,83986,25457,1216,1
2920,147284,44627,1216,1
2921,75156,22800,1216,1
2922,237928,72069,1216,1
2923,202720,61406,1216,1
2924,100424,30431,1216,1
2925,214190,64923,1216,1
2926,196586,59566,1216,1
2927,289558,87715,1216,1
2928,116776,35409,1216,1
2929,119522,36241,1216,1
2930,145516,44088,1216,1
2931,85034,25774,1216,1
2932,482596,146180,1216,1
2933,166448,50462,1216,1
2934,96378,29246,1216,1
2935,258004,78153,1216,1
2936,110716,33558,1216,1
2937,110122,33380,1216,1
2938,197246,59765,1216,1
2939,129296,39175,1216,1
2940,107218,32502,1216,1
2941,393740,119272,1216,1
2942,310164,93979,1216,1
2943,206388,62520,1216,1
2944,145572,44127,1216,1
2945,230622,69867,1216,1
2946,105164,31868,1216,1
2947,75258,22810,1216,1
2948,75286,22820,1216,1
2949,192332,58343,1216,1
2950,191264,57963,1216,1
2951,131430,39820,1216,1
2952,136006,41206,1216,1
2953,270230,81851,1216,1
2954,211514,64072,1216,1
2955,409534,124050,1216,1
2956,165124,50056,1216,1
2957,135020,40916,1216,1
2958,100452,30441,1216,1
2959,151732,45967,1216,1
2960,172548,52281,1216,1
2961,153760,46582,1216,1
2962,209644,63505,1216,1
2963,75404,22855,1216,1
2964,219982,66653,1216,1
2965,99370,30134,1216,1
2966,106664,32320,1216,1
2967,123916,37565,1216,1
2968,75010,22735,1216,1
2969,75194,22790,1216,1
2970,205380,62235,1216,1
2971,313162,94932,1216,1
2972,185580,56248,1216,1
2973,194010,58777,1216,1
2974,257408,77968,1216,1
2975,75428,22862,1216,1
2976,106214,32197,1216,1
2977,86220,26161,1216,1
2978,238404,72212,1216,1
2979,115928,35130,1216,1
2980,84724,25679,1216,1
2981,84822,25709,1216,1
2982,86240,26138,1216,1
2983,85410,25898,1216,1
2984,364632,110448,1216,1
2985,207564,62876,1216,1
2986,226290,68564,1216,1
2987,77428,23468,1216,1
2988,132272,40095,1216,1
2989,126702,38389,1216,1
2990,110242,33426,1216,1
2991,76954,23324,1216,1
2992,81110,24606,1216,1
2993,77104,23378,1216,1
2994,381784,115631,1216,1
2995,76130,23074,1216,1
2996,129996,39396,1216,1
2997,155274,47041,1216,1
2998,85850,26049,1216,1
2999,77132,23379,1216,1
3000,171890,52099,1216,1
3001,339280,102795,1216,1
3002,113792,34500,1216,1
3003,258612,78335,1216,1
3004,192522,58355,1216,1
3005,293002,88786,1216,1
3006,138088,41863,1216,1
3007,84004,25483,1216,1
3008,75122,22772,1216,1
3009,100204,30365,1216,1
3010,75114,22767,1216,1
3011,347854,105397,1216,1
3012,155346,47095,1216,1
3013,236238,71591,1216,1
3014,345794,104754,1216,1
3015,75442,22875,1216,1
3016,130498,39574,1216,1
3017,143898,43610,1216,1
3018,340552,103147,1216,1
3019,175236,53109,1216,1
3020,263604,79883,1216,1
3021,113552,34409,1216,1
3022,114272,34627,1216,1
3023,326346,98870,1216,1
3024,349584,105879,1216,1
3025,100564,30475,1216,1
3026,226512,68612,1216,1
3027,98772,29932,1216,1
3028,203676,61696,1216,1
3029,84438,25594,1216,1
3030,84790,25697,1216,1
3031,148190,44896,1216,1
3032,120214,36448,1216,1
3033,115332,34954,1216,1
3034,177034,53631,1216,1
3035,122634,37183,1216,1
3036,176488,53467,1216,1
3037,223664,67759,1216,1
3038,76000,23036,1216,1
3039,196420,59500,1216,1
3040,103288,31300,1216,1
3041,95602,29010,1216,1
3042,127140,38541,1216,1
3043,76284,23122,1216,1
3044,272898,82658,1216,1
3045,76016,23051,1216,1
3046,265652,80473,1216,1
3047,532054,161184,1216,1
3048,195480,59240,1216,1
3049,367182,111236,1216,1
3050,98656,29907,1216,1
3051,122506,37126,1216,1
3052,200486,60758,1216,1
3053,179886,54494,1216,1
3054,84526,25620,1216,1
3055,126482,38322,1216,1
3056,153140,46417,1216,1
3057,126578,38360,1216,1
3058,182228,55202,1216,1
3059,101294,30704,1216,1
3060,239568,72565,1216,1
3061,233476,70722,1216,1
3062,186006,56378,1216,1
3063,286118,86669,1216,1
3064,132094,40021,1216,1
3065,155422,47085,1216,1
3066,251566,76199,1216,1
3067,75390,22868,1216,1
3068,209584,63486,1216,1
3069,487422,147648,1216,1
3070,102394,31029,1216,1
3071,75428,22862,1216,1
3072,105240,31902,1216,1
3073,203928,61794,1216,1
3074,181296,54919,1216,1
3075,75520,22891,1216,1
3076,101676,30824,1216,1
3077,82240,24948,1216,1
3078,290816,88105,1216,1
3079,336570,101939,1216,1
3080,109292,33117,1216,1
3081,105122,31855,1216,1
3082,341234,103351,1216,1
3083,133242,40369,1216,1
3084,124890,37876,1216,1
3085,231830,70222,1216,1
3086,76130,23094,1216,1
3087,99690,30209,1216,1
3088,238214,72156,1216,1
3089,125482,38019,1216,1
3090,176786,53555,1216,1
3091,75192,22791,1216,1
3092,197868,59937,1216,1
3093,186068,56387,1216,1
3094,127250,38554,1216,1
3095,186738,56578,1216,1
3096,575618,174336,1216,1
3097,134466,40748,1216,1
3098,204856,62054,1216,1
3099,130946,39696,1216,1
3100,208284,63092,1216,1
3101,76276,23120,1216,1
3102,180560,54697,1216,1
3103,230708,69908,1216,1
3104,75464,22894,1216,1
3105,243858,73921,1216,1
3106,146812,44499,1216,1
3107,148838,45131,1216,1
3108,212268,64338,1216,1
3109,81088,24587,1216,1
3110,326050,98774,1216,1
3111,218586,66223,1216,1
3112,194012,58792,1216,1
3113,320606,97113,1216,1
3114,350514,106188,1216,1
3115,190934,57841,1216,1
3116,205332,62198,1216,1
3117,156618,47456,1216,1
3118,234510,71033,1216,1
3119,178650,54118,1216,1
3120,445394,134995,1216,1
3121,128900,39103,1216,1
3122,269928,81794,1216,1
3123,135246,40999,1216,1
3124,514622,155885,1216,1
3125,252512,76519,1216,1
3126,212876,64522,1216,1
3127,144978,43925,1216,1
3128,174564,52894,1216,1
3129,119970,36376,1216,1
3130,84490,25619,1216,1
3131,309908,93876,1216,1
3132,202174,61279,1216,1
3133,269628,81710,1216,1
3134,293102,88831,1216,1
3135,166372,50458,1216,1
3136,398478,120734,1216,1
3137,240880,72972,1216,1
3138,241970,73319,1216,1
3139,193754,58701,1216,1
3140,218630,66345,1216,1
3141,179726,54479,1216,1
3142,150646,45654,1216,1
3143,333984,101164,1216,1
3144,272514,82553,1216,1
3145,153552,46542,1216,1
3146,210816,63885,1216,1
3147,265746,80533,1216,1
3148,84980,25780,1216,1
3149,84478,25606,1216,1
3150,309012,93609,1216,1
3151,83486,25317,1216,1
3152,84372,25574,1216,1
3153,118774,36000,1216,1
3154,84268,25552,1216,1
3155,531530,161020,1216,1
3156,247416,74960,1216,1
3157,326212,98847,1216,1
3158,160674,48688,1216,1
3159,115246,34940,1216,1
3160,171818,52074,1216,1
3161,89632,27166,1216,1
3162,152880,46342,1216,1
3163,345252,104571,1216,1
3164,118166,35807,1216,1
3165,277838,84156,1216,1
3166,115388,34965,1216,1
3167,88096,26700,1216,1
3168,115974,35163,1216,1
3169,232810,70578,1216,1
3170,125336,37988,1216,1
3171,130600,39598,1216,1
3172,543138,164499,1216,1
3173,75542,22897,1216,1
3174,83036,25191,1216,1
3175,396420,120085,1216,1
3176,173846,52664,1216,1
3177,256086,77567,1216,1
3178,75390,22871,1216,1
3179,210802,63854,1216,1
3180,77876,23624,1216,1
3181,99886,30277,1216,1
3182,147758,44786,1216,1
3183,87702,26602,1216,1
3184,105780,32062,1216,1
3185,76150,23080,1216,1
3186,228780,69299,1216,1
3187,75834,22985,1216,1
3188,133432,40427,1216,1
3189,147470,44675,1216,1
3190,94994,28828,1216,1
3191,339200,102735,1216,1
3192,128912,39068,1216,1
3193,345438,104625,1216,1
3194,252504,76504,1216,1
3195,130710,39603,1216,1
3196,219776,66593,1216,1
3197,78126,23680,1216,1
3198,107344,32527,1216,1
3199,101332,30707,1216,1
3200,338582,102557,1216,1
3201,103102,31254,1216,1
3202,201966,61179,1216,1
3203,77144,23382,1216,1
3204,262996,79661,1216,1
3205,84458,25619,1216,1
3206,80782,24485,1216,1
3207,212194,64277,1216,1
3208,188090,56989,1216,1
3209,111364,33765,1216,1
3210,214926,65104,1216,1
3211,170028,51545,1216,1
3212,150860,45717,1216,1
3213,148368,44976,1216,1
3214,148464,45004,1216,1
3215,203602,61677,1216,1
3216,89948,27285,1216,1
3217,113022,34274,1216,1
3218,116596,35331,1216,1
3219,243898,73879,1216,1
3220,80502,24399,1216,1
3221,114178,34617,1216,1
3222,108936,33012,1216,1
3223,154834,46934,1216,1
3224,105162,31877,1216,1
3225,113046,34280,1216,1
3226,283280,85825,1216,1
3227,110912,33626,1216,1
3228,78570,23815,1216,1
3229,103356,31318,1216,1
3230,218996,66350,1216,1
3231,346888,105096,1216,1
3232,78760,23883,1216,1
3233,82200,24934,1216,1
3234,157240,47657,1216,1
3235,162152,49145,1216,1
3236,251824,76277,1216,1
3237,131678,39916,1216,1
3238,198590,60158,1216,1
3239,134624,40789,1216,1
3240,120294,36470,1216,1
3241,84122,25507,1216,1
3242,312964,94793,1216,1
3243,145374,44068,1216,1
3244,219854,66598,1216,1
3245,85682,25994,1216,1
3246,518098,156944,1216,1
3247,114562,34739,1216,1
3248,150540,45622,1216,1
3249,85346,25881,1216,1
3250,236162,71549,1216,1
3251,219402,66482,1216,1
3252,203768,61728,1216,1
3253,86122,26113,1216,1
3254,144348,43773,1216,1
3255,382760,115938,1216,1
3256,266626,80762,1216,1
3257,84166,25521,1216,1
3258,277898,84222,1216,1
3259,566784,171667,1216,1
3260,348712,105628,1216,1
3261,383618,116205,1216,1
3262,424858,128677,1216,1
3263,260768,78998,1216,1
3264,227258,68841,1216,1
3265,193436,58612,1216,1
3266,85484,25934,1216,1
3267,139700,42350,1216,1
3268,315208,95498,1216,1
3269,202684,61398,1216,1
3270,142510,43202,1216,1
3271,84608,25643,1216,1
3272,84034,25472,1216,1
3273,136904,41502,1216,1
3274,141330,42820,1216,1
3275,122500,37155,1216,1
3276,86288,26153,1216,1
3277,229056,69385,1216,1
3278,115578,35047,1216,1
3279,230646,69867,1216,1
3280,85192,25842,1216,1
3281,84466,25601,1216,1
3282,110828,33584,1216,1
3283,143760,43557,1216,1
3284,84554,25629,1216,1
3285,84786,25698,1216,1
3286,84316,25558,1216,1
3287,207368,62841,1216,1
3288,163428,49533,1216,1
3289,197298,59768,1216,1
3290,267828,81145,1216,1
3291,212896,64490,1216,1
3292,75600,22923,1216,1
3293,75288,22820,1216,1
3294,123818,37535,1216,1
3295,137698,41734,1216,1
3296,84566,25633,1216,1
3297,148606,45069,1216,1
3298,132776,40234,1216,1
3299,145632,44154,1216,1
3300,256678,77752,1216,1
3301,196236,59447,1216,1
3302,387668,117414,1216,1
3303,232446,70444,1216,1
3304,138254,41901,1216,1
3305,166810,50535,1216,1
3306,325894,98731,1216,1
3307,190516,57714,1216,1
3308,133080,40321,1216,1
3309,118194,35814,1216,1
3310,139136,42156,1216,1
3311,188998,57277,1216,1
3312,119344,36162,1216,1
3313,120564,36531,1216,1
3314,133510,40452,1216,1
3315,175274,53107,1216,1
3316,146850,44524,1216,1
3317,417350,126414,1216,1
3318,240702,72949,1216,1
3319,85394,25893,1216,1
3320,1142695,346377,1216,1
3321,227222,68852,1216,1
3322,93542,28586,1216,1
3323,294638,89268,1216,1
3324,145754,44186,1216,1
3325,322654,97737,1216,1
3326,89750,27203,1216,1
3327,175742,53242,1216,1
3328,350142,106051,1216,1
3329,114088,34572,1216,1
3330,148992,45150,1216,1
3331,147150,44583,1216,1
3332,430184,130323,1216,1
3333,221074,66977,1216,1
3334,84130,25501,1216,1
3335,217596,65914,1216,1
3336,117306,35546,1216,1
3337,136146,41253,1216,1
3338,200864,60848,1216,1
3339,200300,60722,1216,1
3340,153954,46667,1216,1
3341,178860,54186,1216,1
3342,234396,71003,1216,1
3343,202088,61218,1216,1
3344,116672,35354,1216,1
3345,238144,72136,1216,1
3346,148376,44975,1216,1
3347,177566,53815,1216,1
3348,144674,43834,1216,1
3349,114732,34776,1216,1
3350,87616,26557,1216,1
3351,88152,26719,1216,1
3352,153900,46626,1216,1
3353,304648,92275,1216,1
3354,232156,70348,1216,1
3355,359488,108891,1216,1
3356,456470,138248,1216,1
3357,91058,27609,1216,1
3358,238726,72316,1216,1
3359,148604,45024,1216,1
3360,256168,77641,1216,1
3361,128734,39032,1216,1
3362,370886,112333,1216,1
3363,408942,123881,1216,1
3364,175380,53155,1216,1
3365,92364,28004,1216,1
3366,149460,45309,1216,1
3367,130320,39497,1216,1
3368,454412,137625,1216,1
3369,92338,28010,1216,1
3370,277392,84036,1216,1
3371,91984,27882,1216,1
3372,91984,27881,1216,1
3373,601092,182043,1216,1
3374,266976,80905,1216,1
3375,162418,49235,1216,1
3376,120514,36543,1216,1
3377,91314,27692,1216,1
3378,90938,27587,1216,1
3379,91074,27620,1216,1
3380,468344,141870,1216,1
3381,256344,77675,1216,1
3382,133728,40564,1216,1
3383,121468,36819,1216,1
3384,184718,55986,1216,1
3385,307972,93292,1216,1
3386,152378,46193,1216,1
3387,233794,70821,1216,1
3388,182806,55381,1216,1
3389,411668,124685,1216,1
3390,263674,79908,1216,1
3391,311022,94206,1216,1
3392,181008,54838,1216,1
3393,443020,134178,1216,1
3394,120352,36469,1216,1
3395,120080,36390,1216,1
3396,128280,38895,1216,1
3397,389326,117918,1216,1
3398,150772,45681,1216,1
3399,232840,70532,1216,1
3400,91014,27587,1216,1
3401,442384,133996,1216,1
3402,184898,56040,1216,1
3403,293618,88985,1216,1
3404,160720,48695,1216,1
3405,123234,37344,1216,1
3406,122992,37271,1216,1
3407,245442,74372,1216,1
3408,160470,48629,1216,1
3409,387676,117429,1216,1
3410,125626,38066,1216,1
3411,155806,47206,1216,1
3412,94692,28711,1216,1
3413,598674,181323,1216,1
3414,94498,28641,1216,1
3415,184032,55753,1216,1
3416,191830,58114,1216,1
3417,126304,38273,1216,1
3418,105362,31963,1216,1
3419,190882,57839,1216,1
3420,756126,229005,1216,1
3421,324076,98198,1216,1
3422,505354,153089,1216,1
3423,236652,71730,1216,1
3424,339158,102777,1216,1
3425,210836,63895,1216,1
3426,198850,60284,1216,1
3427,243182,73709,1216,1
3428,311748,94467,1216,1
3429,220474,66832,1216,1
3430,195158,59124,1216,1
3431,98452,29839,1216,1
3432,317940,96330,1216,1
3433,192874,58457,1216,1
3434,293404,88899,1216,1
3435,129410,39224,1216,1
3436,296094,89688,1216,1
3437,134228,40699,1216,1
3438,102834,31193,1216,1
3439,126778,38429,1216,1
3440,160238,48549,1216,1
3441,93662,28415,1216,1
3442,185566,56245,1216,1
3443,122178,37039,1216,1
3444,93442,28324,1216,1
3445,242480,73476,1216,1
3446,245854,74498,1216,1
3447,149600,45326,1216,1
3448,187148,56721,1216,1
3449,309204,93680,1216,1
3450,90472,27422,1216,1
3451,250722,75982,1216,1
3452,91348,27712,1216,1
3453,424090,128446,1216,1
3454,127652,38703,1216,1
3455,90724,27499,1216,1
3456,118024,35776,1216,1
3457,173156,52459,1216,1
3458,159678,48379,1216,1
3459,126172,38233,1216,1
3460,246090,74569,1216,1
3461,329160,99700,1216,1
3462,186218,56414,1216,1
3463,283140,85802,1216,1
3464,95752,29022,1216,1
3465,301976,91501,1216,1
3466,351158,106385,1216,1
3467,756050,229040,1216,1
3468,122554,37148,1216,1
3469,313480,94972,1216,1
3470,208288,63097,1216,1
3471,92450,28046,1216,1
3472,92316,28003,1216,1
3473,213870,64797,1216,1
3474,92196,27943,1216,1
3475,92274,27966,1216,1
3476,92206,27946,1216,1
3477,284936,86340,1216,1
3478,90538,27465,1216,1
3479,90432,27510,1216,1
3480,222510,67417,1216,1
3481,95226,28884,1216,1
3482,97788,29644,1216,1
3483,170332,51612,1216,1
3484,155312,47079,1216,1
3485,116648,35357,1216,1
3486,237092,71820,1216,1
3487,283890,85990,1216,1
3488,133448,40479,1216,1
3489,88142,26726,1216,1
3490,117194,35512,1216,1
3491,524316,158827,1216,1
3492,207268,62812,1216,1
3493,209292,63401,1216,1
3494,84026,25480,1216,1
3495,112052,33954,1216,1
3496,297864,90233,1216,1
3497,255294,77343,1216,1
3498,112610,34124,1216,1
3499,83938,25456,1216,1
3500,84544,25627,1216,1
3501,83738,25380,1216,1
3502,90376,27416,1216,1
3503,170148,51570,1216,1
3504,203830,61746,1216,1
3505,127130,38546,1216,1
3506,206930,62685,1216,1
3507,86832,26319,1216,1
3508,85860,26024,1216,1
3509,160096,48551,1216,1
3510,156390,47393,1216,1
3511,86886,26334,1216,1
3512,114948,34845,1216,1
3513,107740,32655,1216,1
3514,234212,70969,1216,1
3515,468584,141917,1216,1
3516,290906,88114,1216,1
3517,291702,88369,1216,1
3518,244940,74194,1216,1
3519,114460,34685,1216,1
3520,148930,45146,1216,1
3521,150422,45598,1216,1
3522,202912,61475,1216,1
3523,193204,58571,1216,1
3524,201046,60939,1216,1
3525,167184,50692,1216,1
3526,418626,126816,1216,1
3527,241022,73023,1216,1
3528,450286,136388,1216,1
3529,90282,27385,1216,1
3530,183070,55461,1216,1
3531,505558,153155,1216,1
3532,139244,42193,1216,1
3533,130802,39664,1216,1
3534,198398,60106,1216,1
3535,198562,60178,1216,1
3536,93082,28240,1216,1
3537,674692,204330,1216,1
3538,279198,84571,1216,1
3539,151970,46044,1216,1
3540,384804,116572,1216,1
3541,91568,27778,1216,1
3542,91362,27701,1216,1
3543,118272,35866,1216,1
3544,359962,109065,1216,1
3545,167018,50628,1216,1
3546,95968,29112,1216,1
3547,153080,46382,1216,1
3548,184532,55906,1216,1
3549,93174,28266,1216,1
3550,153192,46414,1216,1
3551,90728,27499,1216,1
3552,288326,87383,1216,1
3553,91574,27756,1216,1
3554,179982,54527,1216,1
3555,126404,38303,1216,1
3556,217518,65917,1216,1
3557,118388,35875,1216,1
3558,90596,27460,1216,1
3559,196806,59622,1216,1
3560,341968,103577,1216,1
3561,277162,83968,1216,1
3562,119822,36378,1216,1
3563,434470,131611,1216,1
3564,119662,36286,1216,1
3565,185446,56181,1216,1
3566,309004,93621,1216,1
3567,120728,36586,1216,1
3568,246494,74713,1216,1
3569,121992,36966,1216,1
3570,153358,46464,1216,1
3571,257888,78141,1216,1
3572,90758,27508,1216,1
3573,350024,106063,1216,1
3574,92232,27955,1216,1
3575,91262,27673,1216,1
3576,152622,46242,1216,1
3577,91030,27593,1216,1
3578,193802,58725,1216,1
3579,238568,72267,1216,1
3580,177036,53636,1216,1
3581,124052,37590,1216,1
3582,122154,37016,1216,1
3583,90446,27414,1216,1
3584,384228,116373,1216,1
3585,91194,27641,1216,1
3586,190374,57697,1216,1
3587,180288,54644,1216,1
3588,162502,49260,1216,1
3589,93720,28406,1216,1
3590,123796,37512,1216,1
3591,441250,133721,1216,1
3592,97534,29573,1216,1
3593,93530,28346,1216,1
3594,149954,45447,1216,1
3595,317470,96197,1216,1
3596,122642,37162,1216,1
3597,200052,60604,1216,1
3598,155262,47064,1216,1
3599,238376,72230,1216,1
3600,172310,52204,1216,1
3601,204276,61882,1216,1
3602,146092,44287,1216,1
3603,237556,71995,1216,1
3604,452370,137018,1216,1
3605,295098,89385,1216,1
3606,438746,132884,1216,1
3607,285194,86410,1216,1
3608,181690,55043,1216,1
3609,187982,56973,1216,1
3610,89514,27132,1216,1
3611,206106,62434,1216,1
3612,214468,64983,1216,1
3613,88214,26738,1216,1
3614,180796,54770,1216,1
3615,151188,45850,1216,1
3616,427986,129685,1216,1
3617,256616,77772,1216,1
3618,306004,92687,1216,1
3619,311706,94459,1216,1
3620,375910,113865,1216,1
3621,93384,28301,1216,1
3622,438436,132789,1216,1
3623,90802,27546,1216,1
3624,120120,36401,1216,1
3625,302500,91626,1216,1
3626,154344,46763,1216,1
3627,91192,27638,1216,1
3628,158072,47915,1216,1
3629,493278,149425,1216,1
3630,334060,101206,1216,1
3631,87468,26509,1216,1
3632,185906,56320,1216,1
3633,86462,26217,1216,1
3634,173358,52518,1216,1
3635,320700,97142,1216,1
3636,86506,26242,1216,1
3637,208620,63242,1216,1
3638,274282,83082,1216,1
3639,384616,116528,1216,1
3640,616820,186819,1216,1
3641,117174,35530,1216,1
3642,188156,57000,1216,1
3643,117138,35492,1216,1
3644,87916,26645,1216,1
3645,145780,44183,1216,1
3646,330202,100015,1216,1
3647,266442,80707,1216,1
3648,121382,36806,1216,1
3649,89684,27183,1216,1
3650,89088,27003,1216,1
3651,240516,72856,1216,1
3652,285076,86374,1216,1
3653,297760,90189,1216,1
3654,675864,204685,1216,1
3655,116698,35362,1216,1
3656,144888,43909,1216,1
3657,350746,106238,1216,1
3658,280696,85024,1216,1
3659,167380,50755,1216,1
3660,148412,44977,1216,1
3661,185714,56262,1216,1
3662,91774,27820,1216,1
3663,88482,26832,1216,1
3664,148544,45029,1216,1
3665,115072,34869,1216,1
3666,332088,100584,1216,1
3667,88204,26736,1216,1
3668,118452,35896,1216,1
3669,314668,95335,1216,1
3670,205618,62288,1216,1
3671,305352,92525,1216,1
3672,121786,36926,1216,1
3673,390548,118331,1216,1
3674,243080,73653,1216,1
3675,93072,28208,1216,1
3676,150750,45673,1216,1
3677,331148,100323,1216,1
3678,307224,93079,1216,1
3679,92538,28057,1216,1
3680,113548,34455,1216,1
3681,125792,38116,1216,1
3682,89094,27026,1216,1
3683,626296,189728,1216,1
3684,214716,65061,1216,1
3685,146168,44287,1216,1
3686,89974,27271,1216,1
3687,207092,62746,1216,1
3688,183828,55702,1216,1
3689,195820,59361,1216,1
3690,256996,77859,1216,1
3691,88364,26794,1216,1
3692,151248,45827,1216,1
3693,143018,43334,1216,1
3694,471582,142849,1216,1
3695,89418,27113,1216,1
3696,435794,131987,1216,1
3697,209364,63424,1216,1
3698,88466,26814,1216,1
3699,191256,57939,1216,1
3700,115396,34969,1216,1
3701,128716,39042,1216,1
3702,121464,36807,1216,1
3703,173036,52422,1216,1
3704,316474,95856,1216,1
3705,142796,43266,1216,1
3706,85916,26041,1216,1
3707,85986,26073,1216,1
3708,251954,76340,1216,1
3709,115840,35132,1216,1
3710,248164,75279,1216,1
3711,686816,208015,1216,1
3712,128136,38838,1216,1
3713,242760,73546,1216,1
3714,299772,90834,1216,1
3715,158388,48012,1216,1
3716,267234,80946,1216,1
3717,179382,54355,1216,1
3718,90500,27439,1216,1
3719,90390,27406,1216,1
3720,148044,44864,1216,1
3721,88550,26851,1216,1
3722,99132,30082,1216,1
3723,118538,35918,1216,1
3724,145766,44164,1216,1
3725,214942,65122,1216,1
3726,139234,42186,1216,1
3727,194844,59025,1216,1
3728,83964,25450,1216,1
3729,163234,49454,1216,1
3730,197792,59918,1216,1
3731,115730,35093,1216,1
3732,140248,42494,1216,1
3733,112966,34229,1216,1
3734,246392,74672,1216,1
3735,89158,27035,1216,1
3736,224204,67915,1216,1
3737,145564,44127,1216,1
3738,111652,33832,1216,1
3739,160696,48693,1216,1
3740,110022,33340,1216,1
3741,201616,61075,1216,1
3742,135474,41049,1216,1
3743,190108,57591,1216,1
3744,443458,134357,1216,1
3745,85500,25928,1216,1
3746,174282,52798,1216,1
3747,435284,131853,1216,1
3748,332246,100652,1216,1
3749,148708,45078,1216,1
3750,635678,192534,1216,1
3751,85578,25961,1216,1
3752,142492,43171,1216,1
3753,137268,41588,1216,1
3754,267990,81172,1216,1
3755,221224,67022,1216,1
3756,273270,82794,1216,1
3757,251420,76155,1216,1
3758,114618,34753,1216,1
3759,228750,69290,1216,1
3760,266842,80844,1216,1
3761,128590,38961,1216,1
3762,78630,23832,1216,1
3763,77008,23340,1216,1
3764,243548,73773,1216,1
3765,205318,62230,1216,1
3766,139776,42350,1216,1
3767,236802,71740,1216,1
3768,147508,44706,1216,1
3769,144190,43686,1216,1
3770,141936,43003,1216,1
3771,320922,97240,1216,1
3772,473228,143346,1216,1
3773,536856,162589,1216,1
3774,140290,42506,1216,1
3775,568340,172123,1216,1
3776,142018,43051,1216,1
3777,177902,53896,1216,1
3778,361448,109473,1216,1
3779,128674,39015,1216,1
3780,128706,39006,1216,1
3781,78244,23716,1216,1
3782,237682,71994,1216,1
3783,107534,32603,1216,1
3784,166568,50478,1216,1
3785,220488,66790,1216,1
3786,376994,114257,1216,1
3787,86260,26146,1216,1
3788,84712,25687,1216,1
3789,203234,61566,1216,1
3790,131450,39827,1216,1
3791,109684,33236,1216,1
3792,234968,71202,1216,1
3793,144882,43895,1216,1
3794,179028,54235,1216,1
3795,334670,101376,1216,1
3796,84434,25606,1216,1
3797,112672,34143,1216,1
3798,137272,41591,1216,1
3799,110952,33621,1216,1
3800,259292,78580,1216,1
3801,185790,56305,1216,1
3802,116256,35238,1216,1
3803,200836,60885,1216,1
3804,122684,37185,1216,1
3805,175822,53275,1216,1
3806,123942,37577,1216,1
3807,129676,39298,1216,1
3808,96822,29381,1216,1
3809,118302,35848,1216,1
3810,351512,106484,1216,1
3811,168438,51027,1216,1
3812,207124,62762,1216,1
3813,101982,30902,1216,1
3814,75552,22899,1216,1
3815,156080,47284,1216,1
3816,100730,30524,1216,1
3817,75380,22847,1216,1
3818,75408,22856,1216,1
3819,128288,38882,1216,1
3820,75222,22809,1216,1
3821,100886,30572,1216,1
3822,108632,32938,1216,1
3823,114180,34606,1216,1
3824,159656,48381,1216,1
3825,99992,30298,1216,1
3826,172442,52249,1216,1
3827,251326,76134,1216,1
3828,75530,22904,1216,1
3829,274676,83230,1216,1
3830,171236,51873,1216,1
3831,102082,30943,1216,1
3832,100896,30587,1216,1
3833,147284,44679,1216,1
3834,540734,163779,1216,1
3835,236728,71723,1216,1
3836,507790,153803,1216,1
3837,75318,22848,1216,1
3838,75322,22829,1216,1
3839,99624,30188,1216,1
3840,201380,61021,1216,1
3841,499214,151202,1216,1
3842,75126,22771,1216,1
3843,242210,73387,1216,1
3844,76340,23138,1216,1
3845,99136,30052,1216,1
3846,75830,22984,1216,1
3847,388368,117633,1216,1
3848,102058,30935,1216,1
3849,99008,30013,1216,1
3850,327352,99181,1216,1
3851,248020,75160,1216,1
3852,76228,23102,1216,1
3853,124598,37770,1216,1
3854,291046,88174,1216,1
3855,208864,63294,1216,1
3856,164338,49799,1216,1
3857,84370,25573,1216,1
3858,136934,41501,1216,1
3859,332970,100861,1216,1
3860,183112,55470,1216,1
3861,101398,30738,1216,1
3862,206648,62598,1216,1
3863,101212,30671,1216,1
3864,190866,57841,1216,1
3865,207448,62839,1216,1
3866,261430,79186,1216,1
3867,103556,31379,1216,1
3868,157382,47679,1216,1
3869,105488,31973,1216,1
3870,75398,22852,1216,1
3871,572778,173512,1216,1
3872,126582,38353,1216,1
3873,303886,92042,1216,1
3874,89308,27092,1216,1
3875,155120,46995,1216,1
3876,84866,25720,1216,1
3877,177762,53876,1216,1
3878,84282,25545,1216,1
3879,83886,25426,1216,1
3880,115714,35064,1216,1
3881,395252,119734,1216,1
3882,114990,34858,1216,1
3883,85788,26024,1216,1
3884,112898,34221,1216,1
3885,258460,78311,1216,1
3886,145720,44174,1216,1
3887,85734,26007,1216,1
3888,85140,25815,1216,1
3889,149050,45158,1216,1
3890,224634,68044,1216,1
3891,231924,70263,1216,1
3892,110114,33379,1216,1
3893,143516,43535,1216,1
3894,141590,42900,1216,1
3895,213822,64862,1216,1
3896,313402,95019,1216,1
3897,147642,44757,1216,1
3898,110860,33614,1216,1
3899,154502,46816,1216,1
3900,234430,71039,1216,1
3901,762420,230905,1216,1
3902,177948,53918,1216,1
3903,114832,34805,1216,1
3904,113220,34322,1216,1
3905,204978,62208,1216,1
3906,128000,38785,1216,1
3907,95930,29096,1216,1
3908,247792,75058,1216,1
3909,176572,53494,1216,1
3910,88486,26829,1216,1
3911,282018,85455,1216,1
3912,100106,30356,1216,1
3913,349344,105819,1216,1
3914,195106,59148,1216,1
3915,145898,44205,1216,1
3916,79890,24234,1216,1
3917,298970,90564,1216,1
3918,84622,25647,1216,1
3919,115942,35133,1216,1
3920,84136,25501,1216,1
3921,109878,33297,1216,1
3922,309622,93782,1216,1
3923,84106,25493,1216,1
3924,111254,33712,1216,1
3925,84140,25518,1216,1
3926,161336,48880,1216,1
3927,83636,25352,1216,1
3928,80346,24373,1216,1
3929,238064,72119,1216,1
3930,105760,32047,1216,1
3931,136980,41501,1216,1
3932,299654,90761,1216,1
3933,271956,82385,1216,1
3934,125744,38099,1216,1
3935,112394,34089,1216,1
3936,106486,32301,1216,1
3937,143496,43494,1216,1
3938,176674,53545,1216,1
3939,107026,32451,1216,1
3940,113338,34362,1216,1
3941,75754,22961,1216,1
3942,98656,29896,1216,1
3943,202296,61289,1216,1
3944,231506,70124,1216,1
3945,122054,36981,1216,1
3946,74922,22721,1216,1
3947,104956,31815,1216,1
3948,75808,22997,1216,1
3949,133362,40426,1216,1
3950,161586,48953,1216,1
3951,178380,54046,1216,1
3952,408222,123635,1216,1
3953,264034,79973,1216,1
3954,75382,22848,1216,1
3955,99228,30082,1216,1
3956,208718,63223,1216,1
3957,168928,51211,1216,1
3958,102114,30951,1216,1
3959,418086,126623,1216,1
3960,155758,47196,1216,1
3961,133424,40424,1216,1
3962,76044,23058,1216,1
3963,208560,63190,1216,1
3964,134812,40845,1216,1
3965,205646,62314,1216,1
3966,243354,73735,1216,1
3967,379100,114837,1216,1
3968,129542,39249,1216,1
3969,99460,30160,1216,1
3970,75444,22881,1216,1
3971,131648,39906,1216,1
3972,76984,23343,1216,1
3973,175814,53261,1216,1
3974,75946,23031,1216,1
3975,292334,88554,1216,1
3976,181972,55125,1216,1
3977,74822,22676,1216,1
3978,85996,26095,1216,1
3979,152798,46295,1216,1
3980,155844,47219,1216,1
3981,209560,63482,1216,1
3982,112990,34262,1216,1
3983,565246,171233,1216,1
3984,111008,33639,1216,1
3985,111494,33786,1216,1
3986,201410,61038,1216,1
3987,255352,77380,1216,1
3988,169666,51423,1216,1
3989,85004,25777,1216,1
3990,237724,72032,1216,1
3991,240788,72951,1216,1
3992,174270,52832,1216,1
3993,149168,45193,1216,1
3994,168572,51069,1216,1
3995,76242,23109,1216,1
3996,124820,37827,1216,1
3997,122224,37032,1216,1
3998,188310,57065,1216,1
3999,521136,157899,1216,1
4000,213406,64682,1216,1
4001,90618,27490,1216,1
4002,129154,39150,1216,1
4003,117244,35551,1216,1
4004,274890,83285,1216,1
4005,90708,27492,1216,1
4006,234430,71025,1216,1
4007,90524,27447,1216,1
4008,88776,26918,1216,1
4009,296376,89779,1216,1
4010,90136,27319,1216,1
4011,89010,26979,1216,1
4012,368170,111511,1216,1
4013,147110,44595,1216,1
4014,114464,34687,1216,1
4015,141724,42939,1216,1
4016,175554,53195,1216,1
4017,84808,25717,1216,1
4018,84398,25581,1216,1
4019,272174,82466,1216,1
4020,176752,53547,1216,1
4021,95666,29031,1216,1
4022,86304,26158,1216,1
4023,111764,33869,1216,1
4024,116768,35384,1216,1
4025,111442,33767,1216,1
4026,168066,50931,1216,1
4027,111142,33680,1216,1
4028,83828,25431,1216,1
4029,83858,25418,1216,1
4030,83928,25451,1216,1
4031,84220,25547,1216,1
4032,84270,25543,1216,1
4033,163766,49616,1216,1
4034,206398,62537,1216,1
4035,565508,171312,1216,1
4036,124926,37879,1216,1
4037,405506,122854,1216,1
4038,338020,102410,1216,1
4039,165034,50031,1216,1
4040,154528,46841,1216,1
4041,138620,42001,1216,1
4042,130998,39730,1216,1
4043,138830,42064,1216,1
4044,141546,42887,1216,1
4045,144622,43817,1216,1
4046,146404,44357,1216,1
4047,119426,36187,1216,1
4048,404974,122687,1216,1
4049,174388,52834,1216,1
4050,197546,59844,1216,1
4051,166368,50404,1216,1
4052,287592,87133,1216,1
4053,83994,25481,1216,1
4054,113404,34364,1216,1
4055,112076,33983,1216,1
4056,116864,35435,1216,1
4057,199258,60362,1216,1
4058,144554,43796,1216,1
4059,84352,25567,1216,1
4060,258994,78474,1216,1
4061,175354,53134,1216,1
4062,84414,25596,1216,1
4063,267280,81004,1216,1
4064,85296,25854,1216,1
4065,147726,44758,1216,1
4066,321264,97306,1216,1
4067,176482,53472,1216,1
4068,84306,25555,1216,1
4069,288030,87243,1216,1
4070,103356,31347,1216,1
4071,118816,36026,1216,1
4072,125540,38039,1216,1
4073,262142,79427,1216,1
4074,154426,46808,1216,1
4075,211268,63999,1216,1
4076,416158,126055,1216,1
4077,97350,29528,1216,1
4078,86046,26080,1216,1
4079,85880,26039,1216,1
4080,117142,35507,1216,1
4081,144582,43828,1216,1
4082,114900,34816,1216,1
4083,267680,81081,1216,1
4084,137716,41748,1216,1
4085,266234,80686,1216,1
4086,197086,59713,1216,1
4087,168260,50975,1216,1
4088,149326,45242,1216,1
4089,205756,62351,1216,1
4090,393092,119080,1216,1
4091,235048,71250,1216,1
4092,247042,74870,1216,1
4093,112170,34031,1216,1
4094,278798,84487,1216,1
4095,280836,85107,1216,1
4096,231042,70024,1216,1
4097,126436,38340,1216,1
4098,244310,74045,1216,1
4099,146336,44362,1216,1
4100,229936,69676,1216,1
4101,181988,55156,1216,1
4102,988742,299885,1216,1
4103,605126,183769,1216,1
4104,212342,64331,1216,1
4105,283198,85815,1216,1
4106,230252,69787,1216,1
4107,139814,42401,1216,1
4108,443514,134370,1216,1
4109,93838,28476,1216,1
4110,226062,68478,1216,1
4111,146018,44249,1216,1
4112,90400,27420,1216,1
4113,85452,25924,1216,1
4114,164014,49712,1216,1
4115,113678,34447,1216,1
4116,84870,25724,1216,1
4117,198886,60261,1216,1
4118,160052,48503,1216,1
4119,286412,86780,1216,1
4120,216318,65528,1216,1
4121,90664,27480,1216,1
4122,354498,107395,1216,1
4123,410146,124222,1216,1
4124,117672,35667,1216,1
4125,116678,35356,1216,1
4126,85708,25994,1216,1
4127,387474,117420,1216,1
4128,145218,44011,1216,1
4129,89128,27013,1216,1
4130,252260,76445,1216,1
4131,645840,195630,1216,1
4132,290850,88137,1216,1
4133,336358,101926,1216,1
4134,89478,27129,1216,1
4135,326092,98802,1216,1
4136,261988,79390,1216,1
4137,246198,74596,1216,1
4138,258476,78294,1216,1
4139,92670,28086,1216,1
4140,91824,27852,1216,1
4141,137754,41766,1216,1
4142,163754,49640,1216,1
4143,257574,78024,1216,1
4144,306866,92948,1216,1
4145,145176,44012,1216,1
4146,88340,26799,1216,1
4147,528528,160069,1216,1
4148,395800,119949,1216,1
4149,264800,80235,1216,1
4150,163720,49634,1216,1
4151,115246,34950,1216,1
4152,351550,106509,1216,1
4153,371612,112580,1216,1
4154,229584,69593,1216,1
4155,152088,46107,1216,1
4156,351594,106525,1216,1
4157,492374,149157,1216,1
4158,112976,34271,1216,1
4159,868924,263225,1216,1
4160,151550,45948,1216,1
4161,316486,95900,1216,1
4162,246818,74793,1216,1
4163,91800,27835,1216,1
4164,246764,74749,1216,1
4165,237850,72050,1216,1
4166,145854,44192,1216,1
4167,90684,27487,1216,1
4168,119416,36186,1216,1
4169,259104,78524,1216,1
4170,150056,45476,1216,1
4171,123470,37412,1216,1
4172,91046,27596,1216,1
4173,314458,95247,1216,1
4174,90776,27513,1216,1
4175,118862,36019,1216,1
4176,212002,64236,1216,1
4177,119934,36354,1216,1
4178,90234,27350,1216,1
4179,188626,57145,1216,1
4180,367788,111397,1216,1
4181,373262,113067,1216,1
4182,91434,27714,1216,1
4183,361458,109868,1216,1
4184,324334,98285,1216,1
4185,437260,132487,1216,1
4186,358680,108688,1216,1
4187,116906,35463,1216,1
4188,110010,33373,1216,1
4189,141282,42835,1216,1
4190,1080570,327969,1216,1
4191,1067338,323438,1216,1
4192,179334,54360,1216,1
4193,132156,40084,1216,1
4194,185016,56547,1216,1
4195,574250,173956,1216,1
4196,135978,41239,1216,1
4197,140048,42469,1216,1
4198,102358,31046,1216,1
4199,264052,79998,1216,1
4200,226826,68725,1216,1
4201,98738,29934,1216,1
4202,124112,37608,1216,1
4203,130068,39456,1216,1
4204,400436,121305,1216,1
4205,378836,114741,1216,1
4206,117908,35730,1216,1
4207,313488,94954,1216,1
4208,181196,54903,1216,1
4209,88564,26852,1216,1
4210,181284,54932,1216,1
4211,808702,244908,1216,1
4212,326978,99078,1216,1
4213,273870,82956,1216,1
4214,88890,26956,1216,1
4215,214780,65063,1216,1
4216,147224,44606,1216,1
4217,150190,45504,1216,1
4218,88438,26815,1216,1
4219,88108,26707,1216,1
4220,459182,139093,1216,1
4221,186682,56570,1216,1
4222,88516,26830,1216,1
4223,190882,57828,1216,1
4224,156012,47292,1216,1
4225,94860,28776,1216,1
4226,121950,36964,1216,1
4227,150562,45642,1216,1
4228,300136,90910,1216,1
4229,125030,37887,1216,1
4230,176952,53609,1216,1
4231,117520,35611,1216,1
4232,234658,71082,1216,1
4233,135882,41213,1216,1
4234,217930,66018,1216,1
4235,148008,44854,1216,1
4236,88580,26857,1216,1
4237,121042,36678,1216,1
4238,116260,35231,1216,1
4239,88718,26887,1216,1
4240,87930,26651,1216,1
4241,185138,56089,1216,1
4242,178016,53930,1216,1
4243,155826,47210,1216,1
4244,122148,37036,1216,1
4245,356624,108016,1216,1
4246,298054,90304,1216,1
4247,211512,64098,1216,1
4248,347544,105268,1216,1
4249,120102,36395,1216,1
4250,278424,84374,1216,1
4251,93176,28252,1216,1
4252,92680,28090,1216,1
4253,92482,28029,1216,1
4254,140632,42648,1216,1
4255,178364,54036,1216,1
4256,125914,38154,1216,1
4257,202418,61319,1216,1
4258,116668,35368,1216,1
4259,237352,71898,1216,1
4260,271414,82213,1216,1
4261,88194,26738,1216,1
4262,209428,63444,1216,1
4263,319078,96646,1216,1
4264,88582,26850,1216,1
4265,123038,37307,1216,1
4266,122892,37260,1216,1
4267,89300,27065,1216,1
4268,94686,28724,1216,1
4269,206982,62712,1216,1
4270,148618,45028,1216,1
4271,116334,35264,1216,1
4272,179276,54313,1216,1
4273,88102,26705,1216,1
4274,154980,46956,1216,1
4275,347676,105305,1216,1
4276,131192,39791,1216,1
4277,90184,27333,1216,1
4278,152736,46275,1216,1
4279,119288,36161,1216,1
4280,336648,101967,1216,1
4281,88506,26850,1216,1
4282,88782,26910,1216,1
4283,156078,47316,1216,1
4284,393398,119170,1216,1
4285,197450,59837,1216,1
4286,148332,44983,1216,1
4287,93752,28414,1216,1
4288,93270,28290,1216,1
4289,98918,30006,1216,1
4290,125486,38047,1216,1
4291,252710,76559,1216,1
4292,92532,28046,1216,1
4293,210558,63794,1216,1
4294,93022,28194,1216,1
4295,244390,74030,1216,1
4296,150326,45568,1216,1
4297,438904,132982,1216,1
4298,449230,136097,1216,1
4299,92822,28157,1216,1
4300,120176,36416,1216,1
4301,296770,89891,1216,1
4302,148714,45084,1216,1
4303,92048,27900,1216,1
4304,272506,82568,1216,1
4305,182202,55200,1216,1
4306,313002,94832,1216,1
4307,335210,101540,1216,1
4308,121088,36694,1216,1
4309,283644,85917,1216,1
4310,233602,70789,1216,1
4311,121862,36927,1216,1
4312,90614,27464,1216,1
4313,124612,37760,1216,1
4314,279232,84581,1216,1
4315,189422,57402,1216,1
4316,182374,55250,1216,1
4317,91280,27666,1216,1
4318,311506,94393,1216,1
4319,91624,27781,1216,1
4320,310604,94116,1216,1
4321,151466,45893,1216,1
4322,249346,75530,1216,1
4323,576674,174672,1216,1
4324,120916,36656,1216,1
4325,90504,27458,1216,1
4326,183702,55654,1216,1
4327,1047374,317218,1216,1
4328,127054,38512,1216,1
4329,326460,98907,1216,1
4330,118786,35995,1216,1
4331,299404,90712,1216,1
4332,155338,47091,1216,1
4333,233282,70667,1216,1
4334,126266,38285,1216,1
4335,151432,45881,1216,1
4336,90620,27467,1216,1
4337,90288,27380,1216,1
4338,90650,27477,1216,1
4339,90904,27552,1216,1
4340,281036,85176,1216,1
4341,215270,65212,1216,1
4342,91518,27738,1216,1
4343,91456,27720,1216,1
4344,211580,64095,1216,1
4345,221238,67019,1216,1
4346,121958,36956,1216,1
4347,385116,116644,1216,1
4348,364976,110607,1216,1
4349,153704,46621,1216,1
4350,152354,46200,1216,1
4351,139542,42314,1216,1
4352,351290,106551,1216,1
4353,98272,29809,1216,1
4354,98856,29974,1216,1
4355,286562,86801,1216,1
4356,105998,32162,1216,1
4357,209102,63381,1216,1
4358,257248,77925,1216,1
4359,363776,110195,1216,1
4360,214278,64912,1216,1
4361,181016,54878,1216,1
4362,125564,38060,1216,1
4363,93920,28468,1216,1
4364,380054,115110,1216,1
4365,92990,28187,1216,1
4366,132276,40105,1216,1
4367,122168,37020,1216,1
4368,857896,259842,1216,1
4369,212636,64440,1216,1
4370,315866,95675,1216,1
4371,126992,38482,1216,1
4372,259342,78559,1216,1
4373,188296,57046,1216,1
4374,531420,161009,1216,1
4375,125508,38084,1216,1
4376,136050,41256,1216,1
4377,163188,49468,1216,1
4378,388902,117839,1216,1
4379,124364,37726,1216,1
4380,266750,80835,1216,1
4381,1614832,489176,1216,1
4382,206034,62666,1216,1
4383,543370,164623,1216,1
4384,127124,38538,1216,1
4385,243136,73678,1216,1
4386,127802,38746,1216,1
4387,120420,36538,1216,1
4388,335204,101575,1216,1
4389,162942,49368,1216,1
4390,93644,28384,1216,1
4391,227402,68913,1216,1
4392,118896,36064,1216,1
4393,134070,40663,1216,1
4394,212326,64358,1216,1
4395,395214,119813,1216,1
4396,242116,73364,1216,1
4397,145594,44151,1216,1
4398,296094,89713,1216,1
4399,240382,72852,1216,1
4400,209880,63626,1216,1
4401,606268,183640,1216,1
4402,224368,68001,1216,1
4403,162704,49334,1216,1
4404,157890,47838,1216,1
4405,287076,86956,1216,1
4406,93492,28354,1216,1
4407,124226,37658,1216,1
4408,716616,217069,1216,1
4409,377054,114271,1216,1
4410,561220,170003,1216,1
4411,365672,110806,1216,1
4412,238386,72247,1216,1
4413,154010,46697,1216,1
4414,358520,108622,1216,1
4415,864428,262040,1216,1
4416,97044,29437,1216,1
4417,312016,94508,1216,1
4418,220410,66791,1216,1
4419,122342,37072,1216,1
4420,156316,47372,1216,1
4421,153724,46575,1216,1
4422,179360,54338,1216,1
4423,298232,90333,1216,1
4424,108008,32780,1216,1
4425,212190,64277,1216,1
4426,215854,65387,1216,1
4427,319006,96633,1216,1
4428,98292,29814,1216,1
4429,716792,217104,1216,1
4430,922060,279269,1216,1
4431,118312,35852,1216,1
4432,119436,36192,1216,1
4433,116432,35302,1216,1
4434,115724,35068,1216,1
4435,244800,74154,1216,1
4436,88238,26746,1216,1
4437,125084,37954,1216,1
4438,254660,77163,1216,1
4439,321290,97340,1216,1
4440,356614,108016,1216,1
4441,437064,132376,1216,1
4442,167146,50645,1216,1
4443,314344,95216,1216,1
4444,153044,46391,1216,1
4445,103502,31405,1216,1
4446,205424,62230,1216,1
4447,209320,63410,1216,1
4448,322630,97721,1216,1
4449,157416,47718,1216,1
4450,182516,55295,1216,1
4451,325290,98528,1216,1
4452,152800,46296,1216,1
4453,115930,35132,1216,1
4454,153446,46490,1216,1
4455,279144,84565,1216,1
4456,247544,75008,1216,1
4457,185308,56165,1216,1
4458,137046,41578,1216,1
4459,448286,135812,1216,1
4460,625412,189443,1216,1
4461,516140,156356,1216,1
4462,476674,144367,1216,1
4463,360250,109134,1216,1
4464,148850,45122,1216,1
4465,120016,36393,1216,1
4466,464742,140777,1216,1
4467,586500,177701,1216,1
4468,600934,182031,1216,1
4469,164622,49921,1216,1
4470,260224,78866,1216,1
4471,162514,49274,1216,1
4472,160080,48529,1216,1
4473,161718,49033,1216,1
4474,131632,39914,1216,1
4475,183898,55738,1216,1
4476,157132,47638,1216,1
4477,332104,100620,1216,1
4478,308816,93567,1216,1
4479,209514,63518,1216,1
4480,299966,90918,1216,1
4481,971190,294151,1216,1
4482,296430,89826,1216,1
4483,425378,128872,1216,1
4484,267888,81185,1216,1
4485,181090,54906,1216,1
4486,157768,47823,1216,1
4487,153792,46640,1216,1
4488,166408,50419,1216,1
4489,198366,60095,1216,1
4490,207784,62992,1216,1
4491,376920,114201,1216,1
4492,351552,106511,1216,1
4493,151348,45897,1216,1
4494,305776,92622,1216,1
4495,102100,30959,1216,1
4496,310044,93921,1216,1
4497,191176,57924,1216,1
4498,211348,64031,1216,1
4499,135098,40950,1216,1
4500,180732,54810,1216,1
4501,1042658,315818,1216,1
4502,245522,74421,1216,1
4503,350538,106222,1216,1
4504,213368,65127,1216,1
4505,444258,134613,1216,1
4506,708382,214792,1216,1
4507,147456,44724,1216,1
4508,740632,224351,1216,1
4509,140248,42524,1216,1
4510,346814,105075,1216,1
4511,159150,48225,1216,1
4512,140596,42603,1216,1
4513,102460,31055,1216,1
4514,269604,81693,1216,1
4515,268682,81388,1216,1
4516,236314,71588,1216,1
4517,102782,31180,1216,1
4518,194522,58957,1216,1
4519,102090,30942,1216,1
4520,233896,70904,1216,1
4521,683986,207176,1216,1
4522,231798,70225,1216,1
4523,768708,232912,1216,1
4524,180306,54632,1216,1
4525,487058,147575,1216,1
4526,233716,70862,1216,1
4527,176896,53655,1216,1
4528,179118,54319,1216,1
4529,697660,211348,1216,1
4530,365084,110610,1216,1
4531,169718,51431,1216,1
4532,146418,44396,1216,1
4533,670842,203195,1216,1
4534,268108,81225,1216,1
4535,172962,52405,1216,1
4536,117442,35599,1216,1
4537,142424,43193,1216,1
4538,229446,69529,1216,1
4539,330254,100060,1216,1
4540,103288,31334,1216,1
4541,202020,61257,1216,1
4542,220954,66938,1216,1
4543,370374,112184,1216,1
4544,145368,44049,1216,1
4545,172868,52385,1216,1
4546,359264,108826,1216,1
4547,153274,46445,1216,1
4548,161526,48974,1216,1
4549,151520,45914,1216,1
4550,381314,115594,1216,1
4551,173254,52531,1216,1
4552,466540,141362,1216,1
4553,344266,104338,1216,1
4554,291764,88417,1216,1
4555,400894,121438,1216,1
4556,106768,32371,1216,1
4557,477834,144725,1216,1
4558,356942,108145,1216,1
4559,305182,92474,1216,1
4560,141648,42934,1216,1
4561,1105554,335138,1216,1
4562,115902,35159,1216,1
4563,292920,88731,1216,1
4564,475960,144156,1216,1
4565,107366,32544,1216,1
4566,106308,32235,1216,1
4567,106934,32409,1216,1
4568,395330,119742,1216,1
4569,399374,120965,1216,1
4570,140814,42669,1216,1
4571,117384,35622,1216,1
4572,254700,77155,1216,1
4573,233916,70903,1216,1
4574,252916,76617,1216,1
4575,213464,64668,1216,1
4576,248582,75331,1216,1
4577,179132,54272,1216,1
4578,207836,62963,1216,1
4579,420108,127244,1216,1
4580,334426,101310,1216,1
4581,137938,41799,1216,1
4582,141112,42761,1216,1
4583,109502,33188,1216,1
4584,377480,114381,1216,1
4585,366478,111063,1216,1
4586,608070,184224,1216,1
4587,459182,139128,1216,1
4588,216688,65713,1216,1
4589,167408,50782,1216,1
4590,423344,128278,1216,1
4591,381814,115706,1216,1
4592,859102,260311,1216,1
4593,109298,33137,1216,1
4594,210590,63815,1216,1
4595,142630,43247,1216,1
4596,348276,105533,1216,1
4597,338086,102434,1216,1
4598,141552,42905,1216,1
4599,107558,32601,1216,1
4600,278948,84541,1216,1
4601,186532,56550,1216,1
4602,190828,57873,1216,1
4603,275370,83444,1216,1
4604,115902,35157,1216,1
4605,108690,32944,1216,1
4606,188114,56996,1216,1
4607,140826,42692,1216,1
4608,144076,43659,1216,1
4609,146476,44385,1216,1
4610,106618,32344,1216,1
4611,113508,34431,1216,1
4612,695728,210765,1216,1
4613,320100,97034,1216,1
4614,356980,108178,1216,1
4615,145302,44057,1216,1
4616,1197096,362698,1216,1
4617,271814,82363,1216,1
4618,104032,31532,1216,1
4619,276900,83877,1216,1
4620,137166,41593,1216,1
4621,391698,118666,1216,1
4622,245260,74324,1216,1
4623,168904,51200,1216,1
4624,374340,113412,1216,1
4625,205050,62148,1216,1
4626,110992,33671,1216,1
4627,363840,110205,1216,1
4628,585786,177412,1216,1
4629,537652,162850,1216,1
4630,373800,113246,1216,1
4631,246428,74677,1216,1
4632,133872,40567,1216,1
4633,248012,75150,1216,1
4634,373262,113080,1216,1
4635,181456,55019,1216,1
4636,102700,31140,1216,1
4637,134358,40713,1216,1
4638,101744,30839,1216,1
4639,100940,30592,1216,1
4640,167030,50607,1216,1
4641,196028,59389,1216,1
4642,432030,130870,1216,1
4643,133252,40378,1216,1
4644,204508,61954,1216,1
4645,101192,30670,1216,1
4646,101000,30625,1216,1
4647,408174,123657,1216,1
4648,315756,95723,1216,1
4649,268952,81497,1216,1
4650,100562,30481,1216,1
4651,247670,75027,1216,1
4652,470006,142394,1216,1
4653,200846,60864,1216,1
4654,203824,61764,1216,1
4655,138166,41878,1216,1
4656,176934,53656,1216,1
4657,133338,40404,1216,1
4658,327016,99090,1216,1
4659,266598,80769,1216,1
4660,355542,107691,1216,1
4661,97380,29516,1216,1
4662,128380,38913,1216,1
4663,97598,29599,1216,1
4664,127560,38655,1216,1
4665,97626,29591,1216,1
4666,97508,29581,1216,1
4667,262580,79556,1216,1
4668,234014,70915,1216,1
4669,133996,40605,1216,1
4670,229838,69664,1216,1
4671,430990,130562,1216,1
4672,102424,31069,1216,1
4673,128614,38983,1216,1
4674,288158,87285,1216,1
4675,385664,116841,1216,1
4676,256714,77789,1216,1
4677,242924,73612,1216,1
4678,195020,59107,1216,1
4679,188472,57111,1216,1
4680,124680,37808,1216,1
4681,95466,28946,1216,1
4682,95052,28809,1216,1
4683,126570,38355,1216,1
4684,287490,87082,1216,1
4685,164676,49893,1216,1
4686,94582,28667,1216,1
4687,95058,28812,1216,1
4688,284966,86344,1216,1
4689,219040,66355,1216,1
4690,247778,75080,1216,1
4691,92802,28144,1216,1
4692,92794,28138,1216,1
4693,158968,48191,1216,1
4694,124382,37716,1216,1
4695,162782,49344,1216,1
4696,214624,65044,1216,1
4697,129014,39094,1216,1
4698,92662,28085,1216,1
4699,96586,29299,1216,1
4700,121756,36897,1216,1
4701,214766,65061,1216,1
4702,416756,126249,1216,1
4703,370424,112195,1216,1
4704,358176,108487,1216,1
4705,153026,46390,1216,1
4706,220098,66701,1216,1
4707,214610,65013,1216,1
4708,92446,28021,1216,1
4709,480426,145542,1216,1
4710,93580,28374,1216,1
4711,223878,67848,1216,1
4712,196132,59417,1216,1
4713,133274,40407,1216,1
4714,225360,68267,1216,1
4715,356318,107936,1216,1
4716,642778,194691,1216,1
4717,94926,28797,1216,1
4718,356212,107905,1216,1
4719,359912,109036,1216,1
4720,100674,30537,1216,1
4721,122636,37176,1216,1
4722,119784,36297,1216,1
4723,270864,82057,1216,1
4724,319832,96910,1216,1
4725,119918,36362,1216,1
4726,121638,36859,1216,1
4727,274554,83177,1216,1
4728,118964,36049,1216,1
4729,118168,35807,1216,1
4730,155160,47009,1216,1
4731,118756,35987,1216,1
4732,92964,28201,1216,1
4733,219210,66417,1216,1
4734,466596,141341,1216,1
4735,345370,104631,1216,1
4736,189262,57335,1216,1
4737,164274,49770,1216,1
4738,333812,101108,1216,1
4739,231324,70097,1216,1
4740,159644,48382,1216,1
4741,205934,62431,1216,1
4742,130356,39524,1216,1
4743,586038,177500,1216,1
4744,121346,36771,1216,1
4745,90428,27434,1216,1
4746,121868,36953,1216,1
4747,265314,80365,1216,1
4748,151314,45846,1216,1
4749,90774,27529,1216,1
4750,90396,27425,1216,1
4751,90474,27423,1216,1
4752,272734,82613,1216,1
4753,90418,27427,1216,1
4754,310632,94165,1216,1
4755,436866,132392,1216,1
4756,184092,55798,1216,1
4757,90972,27600,1216,1
4758,120422,36492,1216,1
4759,119526,36244,1216,1
4760,118438,35891,1216,1
4761,150772,45779,1216,1
4762,172432,52263,1216,1
4763,124840,37838,1216,1
4764,115750,35097,1216,1
4765,725796,219828,1216,1
4766,88490,26833,1216,1
4767,262178,79416,1216,1
4768,214930,65109,1216,1
4769,205836,62356,1216,1
4770,88292,26759,1216,1
4771,481516,145835,1216,1
4772,88076,26697,1216,1
4773,199104,60316,1216,1
4774,215064,65148,1216,1
4775,90200,27360,1216,1
4776,88312,26792,1216,1
4777,535378,162154,1216,1
4778,145904,44207,1216,1
4779,212636,64414,1216,1
4780,351114,106346,1216,1
4781,179334,54331,1216,1
4782,88104,26703,1216,1
4783,387552,117380,1216,1
4784,351778,106569,1216,1
4785,86776,26310,1216,1
4786,86076,26112,1216,1
4787,238264,72196,1216,1
4788,146470,44403,1216,1
4789,277654,84125,1216,1
4790,172980,52414,1216,1
4791,113218,34309,1216,1
4792,145380,44073,1216,1
4793,324234,98215,1216,1
4794,132054,40029,1216,1
4795,303668,92001,1216,1
4796,117494,35626,1216,1
4797,115266,34952,1216,1
4798,85864,26025,1216,1
4799,350998,106310,1216,1
4800,203654,61693,1216,1
4801,85700,25976,1216,1
4802,213644,64719,1216,1
4803,289512,87715,1216,1
4804,86324,26165,1216,1
4805,321816,97497,1216,1
4806,355298,107635,1216,1
4807,205924,62407,1216,1
4808,243098,73652,1216,1
4809,88052,26702,1216,1
4810,88588,26862,1216,1
4811,212362,64344,1216,1
4812,115924,35127,1216,1
4813,88486,26844,1216,1
4814,958696,290752,1216,1
4815,131952,40005,1216,1
4816,472568,143148,1216,1
4817,211832,64196,1216,1
4818,196234,59471,1216,1
4819,92628,28083,1216,1
4820,149074,45192,1216,1
4821,211322,64030,1216,1
4822,91892,27873,1216,1
4823,92422,28012,1216,1
4824,119228,36129,1216,1
4825,121946,36953,1216,1
4826,324296,98268,1216,1
4827,110550,33509,1216,1
4828,146176,44295,1216,1
4829,249066,75452,1216,1
4830,367742,111417,1216,1
4831,477800,144731,1216,1
4832,87702,26588,1216,1
4833,145070,43979,1216,1
4834,118166,35809,1216,1
4835,116124,35190,1216,1
4836,562016,170232,1216,1
4837,117786,35692,1216,1
4838,694428,210327,1216,1
4839,120284,36471,1216,1
4840,324254,98213,1216,1
4841,86136,26108,1216,1
4842,113212,34330,1216,1
4843,291746,88392,1216,1
4844,85932,26066,1216,1
4845,101636,30804,1216,1
4846,86070,26112,1216,1
4847,86204,26128,1216,1
4848,125164,37950,1216,1
4849,116732,35395,1216,1
4850,365568,110737,1216,1
4851,120102,36398,1216,1
4852,232998,70616,1216,1
4853,285410,86473,1216,1
4854,178140,53990,1216,1
4855,152400,46174,1216,1
4856,435766,132016,1216,1
4857,179130,54313,1216,1
4858,213298,64640,1216,1
4859,297004,89992,1216,1
4860,150930,45751,1216,1
4861,86272,26172,1216,1
4862,168400,51017,1216,1
4863,171052,51821,1216,1
4864,268522,81358,1216,1
4865,197502,59855,1216,1
4866,203918,61783,1216,1
4867,86202,26138,1216,1
4868,206976,62699,1216,1
4869,168110,50953,1216,1
4870,418432,126752,1216,1
4871,170252,51578,1216,1
4872,253628,76825,1216,1
4873,155492,47110,1216,1
4874,292670,88649,1216,1
4875,166522,50459,1216,1
4876,133690,40510,1216,1
4877,116324,35274,1216,1
4878,145430,44076,1216,1
4879,115878,35114,1216,1
4880,368092,111560,1216,1
4881,160180,48552,1216,1
4882,365800,110802,1216,1
4883,171466,51946,1216,1
4884,142546,43190,1216,1
4885,385548,116793,1216,1
4886,114228,34615,1216,1
4887,86134,26118,1216,1
4888,377784,114432,1216,1
4889,258686,78357,1216,1
4890,203978,61814,1216,1
4891,86010,26089,1216,1
4892,86290,26178,1216,1
4893,86048,26082,1216,1
4894,180670,54748,1216,1
4895,167902,50882,1216,1
4896,440744,133489,1216,1
4897,319504,96774,1216,1
4898,208104,63062,1216,1
4899,86286,26176,1216,1
4900,142094,43075,1216,1
4901,259186,78519,1216,1
4902,271306,82205,1216,1
4903,434628,131635,1216,1
4904,395630,119825,1216,1
4905,305590,92584,1216,1
4906,195222,59140,1216,1
4907,422878,128086,1216,1
4908,137792,41748,1216,1
4909,84564,25631,1216,1
4910,117132,35493,1216,1
4911,356606,108022,1216,1
4912,547166,165735,1216,1
4913,86370,26201,1216,1
4914,379116,114847,1216,1
4915,241902,73319,1216,1
4916,94662,28712,1216,1
4917,179556,54419,1216,1
4918,156078,47314,1216,1
4919,207210,62794,1216,1
4920,172810,52373,1216,1
4921,171878,52071,1216,1
4922,317220,96091,1216,1
4923,117766,35685,1216,1
4924,263652,79883,1216,1
4925,111694,33869,1216,1
4926,231028,70005,1216,1
4927,285510,86481,1216,1
4928,313474,94948,1216,1
4929,366708,111068,1216,1
4930,535986,162348,1216,1
4931,173414,52537,1216,1
4932,142386,43139,1216,1
4933,148772,45098,1216,1
4934,267136,80932,1216,1
4935,85876,26030,1216,1
4936,116406,35298,1216,1
4937,141472,42888,1216,1
4938,333394,101001,1216,1
4939,90544,27466,1216,1
4940,196104,59419,1216,1
4941,120510,36530,1216,1
4942,167280,50700,1216,1
4943,145124,43985,1216,1
4944,202116,61248,1216,1
4945,92840,28162,1216,1
4946,559540,169483,1216,1
4947,702776,212855,1216,1
4948,140712,42647,1216,1
4949,324294,98224,1216,1
4950,85990,26073,1216,1
4951,113164,34306,1216,1
4952,429422,130059,1216,1
4953,374856,113535,1216,1
4954,156034,47297,1216,1
4955,86008,26079,1216,1
4956,173468,52553,1216,1
4957,86100,26098,1216,1
4958,232546,70463,1216,1
4959,807710,244656,1216,1
4960,194578,58991,1216,1
4961,301846,91472,1216,1
4962,145046,44001,1216,1
4963,196786,59662,1216,1
4964,225686,68398,1216,1
4965,113336,34385,1216,1
4966,463428,140408,1216,1
4967,282742,85696,1216,1
4968,489928,148419,1216,1
4969,189198,57342,1216,1
4970,395948,119928,1216,1
4971,131430,39826,1216,1
4972,122758,37199,1216,1
4973,205030,62111,1216,1
4974,131104,39727,1216,1
4975,242306,73427,1216,1
4976,92870,28173,1216,1
4977,190188,57633,1216,1
4978,151716,45980,1216,1
4979,428294,129748,1216,1
4980,205042,62118,1216,1
4981,103218,31282,1216,1
4982,313706,95054,1216,1
4983,239160,72474,1216,1
4984,345352,104631,1216,1
4985,206744,62657,1216,1
4986,185064,56069,1216,1
4987,132956,40315,1216,1
4988,166042,50333,1216,1
4989,205136,62171,1216,1
4990,162600,49280,1216,1
4991,97724,29622,1216,1
4992,596378,180618,1216,1
4993,163632,49577,1216,1
4994,130230,39476,1216,1
4995,97686,29609,1216,1
4996,133918,40580,1216,1
4997,494086,149669,1216,1
4998,281840,85414,1216,1
4999,271184,82172,1216,1
5000,233952,70896,1216,1
5001,159468,48345,1216,1
5002,268388,81313,1216,1
5003,165878,50258,1216,1
5004,134448,40741,1216,1
5005,160838,48732,1216,1
5006,425028,128731,1216,1
5007,138442,41951,1216,1
5008,128786,39026,1216,1
5009,194054,58819,1216,1
5010,129418,39246,1216,1
5011,271118,82153,1216,1
5012,403922,122357,1216,1
5013,133394,40451,1216,1
5014,101716,30828,1216,1
5015,180144,54579,1216,1
5016,131276,39809,1216,1
5017,238512,72268,1216,1
5018,605872,183649,1216,1
5019,582858,176566,1216,1
5020,170166,51585,1216,1
5021,100672,30526,1216,1
5022,214926,65126,1216,1
5023,198068,60033,1216,1
5024,100990,30637,1216,1
5025,172858,52383,1216,1
5026,137322,41613,1216,1
5027,555642,168284,1216,1
5028,133188,40357,1216,1
5029,100584,30487,1216,1
5030,131454,39865,1216,1
5031,247002,74822,1216,1
5032,233086,70610,1216,1
5033,274938,83310,1216,1
5034,100640,30534,1216,1
5035,201294,60982,1216,1
5036,128658,39012,1216,1
5037,132206,40062,1216,1
5038,97982,29699,1216,1
5039,142328,43169,1216,1
5040,334788,101406,1216,1
5041,214744,65084,1216,1
5042,330816,100203,1216,1
5043,136592,41414,1216,1
5044,415310,125790,1216,1
5045,450432,136464,1216,1
5046,280380,84956,1216,1
5047,106066,32145,1216,1
5048,523554,158592,1216,1
5049,135268,41013,1216,1
5050,200082,60616,1216,1
5051,305698,92622,1216,1
5052,412348,124929,1216,1
5053,128682,38994,1216,1
5054,230242,69746,1216,1
5055,424906,128717,1216,1
5056,95216,28872,1216,1
5057,286768,86864,1216,1
5058,228220,69133,1216,1
5059,134608,40808,1216,1
5060,297744,90198,1216,1
5061,202684,61427,1216,1
5062,285526,86512,1216,1
5063,121322,36775,1216,1
5064,192004,58166,1216,1
5065,306286,92788,1216,1
5066,287760,87165,1216,1
5067,183692,55652,1216,1
5068,92400,28006,1216,1
5069,124842,37830,1216,1
5070,92392,28006,1216,1
5071,230036,69706,1216,1
5072,130332,39518,1216,1
5073,130790,39643,1216,1
5074,223702,67764,1216,1
5075,119404,36205,1216,1
5076,90446,27421,1216,1
5077,431562,130708,1216,1
5078,413398,125244,1216,1
5079,185436,56202,1216,1
5080,216640,65650,1216,1
5081,233856,85992,1216,1
5082,201070,60959,1216,1
5083,272902,82708,1216,1
5084,132558,40177,1216,1
5085,164976,49993,1216,1
5086,94370,28615,1216,1
5087,125766,38110,1216,1
5088,94636,28694,1216,1
5089,123876,37536,1216,1
5090,469306,142146,1216,1
5091,209404,63436,1216,1
5092,470136,142396,1216,1
5093,175274,53100,1216,1
5094,134662,40828,1216,1
5095,294030,89058,1216,1
5096,118652,35953,1216,1
5097,127404,38604,1216,1
5098,184256,55820,1216,1
5099,344080,104217,1216,1
5100,181442,54968,1216,1
5101,153702,46567,1216,1
5102,91352,27710,1216,1
5103,162350,49223,1216,1
5104,241040,73036,1216,1
5105,342666,103834,1216,1
5106,105126,31894,1216,1
5107,162408,49223,1216,1
5108,191732,58118,1216,1
5109,293382,88901,1216,1
5110,86586,26255,1216,1
5111,392028,118744,1216,1
5112,87468,26511,1216,1
5113,331650,100486,1216,1
5114,163254,49493,1216,1
5115,98638,29920,1216,1
5116,244696,74122,1216,1
5117,175646,53214,1216,1
5118,156520,47432,1216,1
5119,268524,81336,1216,1
5120,328374,99485,1216,1
5121,153180,46411,1216,1
5122,95776,29053,1216,1
5123,242824,73555,1216,1
5124,91224,27674,1216,1
5125,102476,31081,1216,1
5126,438926,132967,1216,1
5127,528616,160147,1216,1
5128,265222,80371,1216,1
5129,620772,188115,1216,1
5130,515252,156461,1216,1
5131,317122,96304,1216,1
5132,218660,66287,1216,1
5133,207272,62820,1216,1
5134,89386,27103,1216,1
5135,166400,50422,1216,1
5136,132208,40083,1216,1
5137,155000,46959,1216,1
5138,140600,42601,1216,1
5139,203444,61647,1216,1
5140,100486,30470,1216,1
5141,371470,112515,1216,1
5142,100590,30502,1216,1
5143,549054,166317,1216,1
5144,175536,53197,1216,1
5145,169966,51498,1216,1
5146,477454,144637,1216,1
5147,165900,50292,1216,1
5148,408350,123708,1216,1
5149,133250,40377,1216,1
5150,282350,85542,1216,1
5151,444162,134523,1216,1
5152,100386,30427,1216,1
5153,169436,51336,1216,1
5154,139734,42369,1216,1
5155,131926,40002,1216,1
5156,242386,73426,1216,1
5157,181730,55087,1216,1
5158,102484,31074,1216,1
5159,210104,63651,1216,1
5160,176010,53342,1216,1
5161,116870,35433,1216,1
5162,372762,112926,1216,1
5163,239352,72605,1216,1
5164,421170,127665,1216,1
5165,523222,158568,1216,1
5166,612354,185529,1216,1
5167,275124,83393,1216,1
5168,430330,130366,1216,1
5169,201942,61188,1216,1
5170,306298,92801,1216,1
5171,129596,39280,1216,1
5172,155106,47014,1216,1
5173,1047038,317088,1216,1
5174,147244,44622,1216,1
5175,175188,53072,1216,1
5176,120176,36415,1216,1
5177,288230,87317,1216,1
5178,126638,38412,1216,1
5179,273742,82925,1216,1
5180,294412,89199,1216,1
5181,366924,111159,1216,1
5182,618486,187343,1216,1
5183,501128,151837,1216,1
5184,302816,91757,1216,1
5185,221308,67092,1216,1
5186,112898,34245,1216,1
5187,211254,64026,1216,1
5188,133770,40570,1216,1
5189,364476,110412,1216,1
5190,179176,54324,1216,1
5191,227768,69021,1216,1
5192,168030,50905,1216,1
5193,343878,104155,1216,1
5194,89776,27208,1216,1
5195,196838,59628,1216,1
5196,115268,34951,1216,1
5197,166834,50542,1216,1
5198,161632,48991,1216,1
5199,90602,27485,1216,1
5200,113540,34406,1216,1
5201,76330,23135,1216,1
5202,152224,46117,1216,1
5203,216032,65448,1216,1
5204,109276,33135,1216,1
5205,78248,23716,1216,1
5206,129922,39364,1216,1
5207,240112,72731,1216,1
5208,184038,55751,1216,1
5209,833584,252552,1216,1
5210,649406,196719,1216,1
5211,239576,72597,1216,1
5212,142298,43136,1216,1
5213,105672,32028,1216,1
5214,211776,64258,1216,1
5215,153724,46574,1216,1
5216,93222,28262,1216,1
5217,247404,74966,1216,1
5218,130146,39458,1216,1
5219,215596,65310,1216,1
5220,283340,85848,1216,1
5221,370410,112216,1216,1
5222,89440,27122,1216,1
5223,88616,26859,1216,1
5224,664384,201255,1216,1
5225,674194,204333,1216,1
5226,130104,39451,1216,1
5227,277406,84147,1216,1
5228,180078,54582,1216,1
5229,194378,58920,1216,1
5230,517394,156825,1216,1
5231,284558,86228,1216,1
5232,291206,88226,1216,1
5233,127322,38606,1216,1
5234,128782,39051,1216,1
5235,198898,60343,1216,1
5236,959210,290549,1216,1
5237,454992,137859,1216,1
5238,191182,57958,1216,1
5239,124926,37889,1216,1
5240,214094,64894,1216,1
5241,474254,143690,1216,1
5242,228872,69352,1216,1
5243,231844,70238,1216,1
5244,614246,186178,1216,1
5245,412390,124958,1216,1
5246,170568,51714,1216,1
5247,135986,41233,1216,1
5248,253644,76870,1216,1
5249,187440,56812,1216,1
5250,290934,88162,1216,1
5251,366934,111215,1216,1
5252,511422,155182,1216,1
5253,119676,36294,1216,1
5254,232602,70497,1216,1
5255,178006,53941,1216,1
5256,239348,72532,1216,1
5257,300252,90984,1216,1
5258,149964,45471,1216,1
5259,276016,83631,1216,1
5260,189922,57578,1216,1
5261,189244,57341,1216,1
5262,279242,84623,1216,1
5263,305940,93090,1216,1
5264,636510,192805,1216,1
5265,154536,46852,1216,1
5266,106992,32444,1216,1
5267,327402,99200,1216,1
5268,903866,273757,1216,1
5269,377620,114398,1216,1
5270,401700,121703,1216,1
5271,440906,133567,1216,1
5272,415344,125869,1216,1
5273,258424,78311,1216,1
5274,131010,39701,1216,1
5275,116536,35348,1216,1
5276,178770,54203,1216,1
5277,187418,56815,1216,1
5278,1126850,341471,1216,1
5279,460560,139529,1216,1
5280,172318,52238,1216,1
5281,401204,121540,1216,1
5282,585538,177385,1216,1
5283,221252,67043,1216,1
5284,117164,35505,1216,1
5285,91574,27776,1216,1
5286,118408,35903,1216,1
5287,142692,43232,1216,1
5288,116328,35260,1216,1
5289,117654,35673,1216,1
5290,115580,35038,1216,1
5291,117250,35539,1216,1
5292,162264,49185,1216,1
5293,173214,52521,1216,1
5294,230836,69980,1216,1
5295,245372,74361,1216,1
5296,448908,135994,1216,1
5297,140906,42733,1216,1
5298,148784,45120,1216,1
5299,205692,62361,1216,1
5300,214752,65101,1216,1
5301,899166,272692,1216,1
5302,216016,65465,1216,1
5303,147096,44601,1216,1
5304,121920,36981,1216,1
5305,164374,49835,1216,1
5306,331208,100356,1216,1
5307,110676,33559,1216,1
5308,218310,66141,1216,1
5309,181162,54917,1216,1
5310,103530,31384,1216,1
5311,137470,41657,1216,1
5312,244254,73992,1216,1
5313,308098,93324,1216,1
5314,293932,89140,1216,1
5315,249602,75638,1216,1
5316,375526,113756,1216,1
5317,139774,42383,1216,1
5318,240700,72915,1216,1
5319,218360,66151,1216,1
5320,103626,31409,1216,1
5321,103774,31454,1216,1
5322,103846,31504,1216,1
5323,103120,31283,1216,1
5324,217894,66035,1216,1
5325,391032,118465,1216,1
5326,217206,65828,1216,1
5327,100966,30629,1216,1
5328,179526,54419,1216,1
5329,269380,81615,1216,1
5330,719316,217862,1216,1
5331,100958,30628,1216,1
5332,103346,31347,1216,1
5333,206340,62537,1216,1
5334,102214,30993,1216,1
5335,203170,61578,1216,1
5336,137728,41763,1216,1
5337,105406,31964,1216,1
5338,381572,115574,1216,1
5339,236604,71675,1216,1
5340,139622,42310,1216,1
5341,185294,56141,1216,1
5342,105032,31833,1216,1
5343,136700,41424,1216,1
5344,104996,31841,1216,1
5345,105144,31868,1216,1
5346,219586,66552,1216,1
5347,133644,40524,1216,1
5348,205760,62361,1216,1
5349,165554,50172,1216,1
5350,164962,49981,1216,1
5351,248736,75361,1216,1
5352,101032,30634,1216,1
5353,131514,39853,1216,1
5354,130260,39498,1216,1
5355,263294,79766,1216,1
5356,207784,63025,1216,1
5357,169296,51320,1216,1
5358,171334,51935,1216,1
5359,341022,103305,1216,1
5360,206100,62466,1216,1
5361,298848,90538,1216,1
5362,322438,97666,1216,1
5363,422592,128018,1216,1
5364,226458,68627,1216,1
5365,98232,29773,1216,1
5366,173118,52478,1216,1
5367,303162,91876,1216,1
5368,139880,42398,1216,1
5369,146554,44406,1216,1
5370,103688,31452,1216,1
5371,137248,41588,1216,1
5372,205850,62381,1216,1
5373,175544,53185,1216,1
5374,103494,31367,1216,1
5375,189798,57573,1216,1
5376,105210,31898,1216,1
5377,269214,81548,1216,1
5378,925036,280234,1216,1
5379,371844,112638,1216,1
5380,389748,118088,1216,1
5381,174980,53058,1216,1
5382,499964,151482,1216,1
5383,165092,50084,1216,1
5384,420976,127575,1216,1
5385,448050,135716,1216,1
5386,658872,199594,1216,1
5387,107308,32551,1216,1
5388,208760,63275,1216,1
5389,344588,104391,1216,1
5390,242210,73402,1216,1
5391,166916,50572,1216,1
5392,213122,64592,1216,1
5393,169874,51470,1216,1
5394,323346,97940,1216,1
5395,423096,128146,1216,1
5396,277158,83980,1216,1
5397,234398,71032,1216,1
5398,97308,29506,1216,1
5399,134872,40894,1216,1
5400,163962,49704,1216,1
5401,128220,38882,1216,1
5402,260090,78783,1216,1
5403,97916,29702,1216,1
5404,135374,41022,1216,1
5405,367000,111171,1216,1
5406,1253618,379637,1216,1
5407,684362,207334,1216,1
5408,447428,135521,1216,1
5409,421060,127555,1216,1
5410,193208,58560,1216,1
5411,97658,29601,1216,1
5412,174542,52905,1216,1
5413,160508,48658,1216,1
5414,190432,57694,1216,1
5415,164446,49835,1216,1
5416,97390,29545,1216,1
5417,346770,105034,1216,1
5418,97220,29480,1216,1
5419,426248,129101,1216,1
5420,251664,76260,1216,1
5421,370910,112357,1216,1
5422,97932,29706,1216,1
5423,175076,53043,1216,1
5424,127746,38712,1216,1
5425,583326,176692,1216,1
5426,352576,106810,1216,1
5427,249656,75654,1216,1
5428,173016,52445,1216,1
5429,233788,70837,1216,1
5430,684440,207311,1216,1
5431,195008,59106,1216,1
5432,98770,29952,1216,1
5433,275586,83483,1216,1
5434,98124,29753,1216,1
5435,232090,70308,1216,1
5436,266796,80844,1216,1
5437,131684,39929,1216,1
5438,301726,91393,1216,1
5439,159254,48252,1216,1
5440,195772,59338,1216,1
5441,248598,75334,1216,1
5442,229260,69477,1216,1
5443,717456,217292,1216,1
5444,128946,39087,1216,1
5445,288418,87391,1216,1
5446,192682,58375,1216,1
5447,262846,79621,1216,1
5448,467944,141755,1216,1
5449,128768,39036,1216,1
5450,339788,102945,1216,1
5451,158304,47965,1216,1
5452,525734,159252,1216,1
5453,297208,90025,1216,1
5454,205440,62256,1216,1
5455,96822,29357,1216,1
5456,445546,134941,1216,1
5457,95320,28891,1216,1
5458,164502,49838,1216,1
5459,95696,29029,1216,1
5460,168178,50953,1216,1
5461,158388,48015,1216,1
5462,95474,28938,1216,1
5463,203136,61565,1216,1
5464,327504,99212,1216,1
5465,265762,80514,1216,1
5466,139522,42304,1216,1
5467,99370,30128,1216,1
5468,126892,38474,1216,1
5469,354670,107452,1216,1
5470,512934,155397,1216,1
5471,218170,66106,1216,1
5472,165030,50017,1216,1
5473,165226,50110,1216,1
5474,503272,152422,1216,1
5475,236670,71705,1216,1
5476,292010,88459,1216,1
5477,458714,138949,1216,1
5478,129128,39140,1216,1
5479,242598,73514,1216,1
5480,132998,40301,1216,1
5481,171108,51947,1216,1
5482,130012,39397,1216,1
5483,298308,90398,1216,1
5484,373432,113220,1216,1
5485,321056,97272,1216,1
5486,160562,48649,1216,1
5487,96398,29233,1216,1
5488,95558,28974,1216,1
5489,246036,74580,1216,1
5490,335230,101540,1216,1
5491,409094,123932,1216,1
5492,131270,39802,1216,1
5493,361340,109471,1216,1
5494,157616,47780,1216,1
5495,95310,28884,1216,1
5496,282810,85665,1216,1
5497,125292,37964,1216,1
5498,123976,37571,1216,1
5499,244416,74055,1216,1
5500,152736,46277,1216,1
5501,94116,28529,1216,1
5502,156138,47332,1216,1
5503,157002,47595,1216,1
5504,161266,48886,1216,1
5505,479224,145191,1216,1
5506,451740,136841,1216,1
5507,124754,37804,1216,1
5508,283614,85908,1216,1
5509,95886,29086,1216,1
5510,92218,27961,1216,1
5511,209418,63439,1216,1
5512,90430,27409,1216,1
5513,90730,27511,1216,1
5514,90780,27527,1216,1
5515,101672,30848,1216,1
5516,96504,29249,1216,1
5517,288472,87379,1216,1
5518,461738,139846,1216,1
5519,94356,28621,1216,1
5520,313486,94976,1216,1
5521,232670,70480,1216,1
5522,270266,81866,1216,1
5523,120698,36574,1216,1
5524,92560,28053,1216,1
5525,146948,44523,1216,1
5526,310670,94145,1216,1
5527,487998,147807,1216,1
5528,116986,35450,1216,1
5529,121312,36774,1216,1
5530,153036,46393,1216,1
5531,166622,50480,1216,1
5532,173098,52442,1216,1
5533,123964,37563,1216,1
5534,381436,115527,1216,1
5535,88666,26874,1216,1
5536,259080,78479,1216,1
5537,92260,27987,1216,1
5538,116798,35393,1216,1
5539,240952,72988,1216,1
5540,86544,26232,1216,1
5541,146620,44434,1216,1
5542,115566,35020,1216,1
5543,201528,61088,1216,1
5544,86488,26215,1216,1
5545,86100,26107,1216,1
5546,449060,136039,1216,1
5547,86398,26209,1216,1
5548,187860,56955,1216,1
5549,87996,26672,1216,1
5550,219494,66515,1216,1
5551,239092,72434,1216,1
5552,138256,41891,1216,1
5553,84738,25684,1216,1
5554,286242,86711,1216,1
5555,109944,33339,1216,1
5556,109870,33303,1216,1
5557,142560,43212,1216,1
5558,153670,46581,1216,1
5559,112022,33947,1216,1
5560,113608,34425,1216,1
5561,245008,74217,1216,1
5562,240066,72741,1216,1
5563,211868,64180,1216,1
5564,123672,37521,1216,1
5565,267644,81114,1216,1
5566,266408,80727,1216,1
5567,122828,37229,1216,1
5568,163244,49462,1216,1
5569,121468,36829,1216,1
5570,138348,41931,1216,1
5571,252144,76399,1216,1
5572,170992,51812,1216,1
5573,144118,43684,1216,1
5574,460280,139424,1216,1
5575,84146,25515,1216,1
5576,236156,71557,1216,1
5577,117180,35517,1216,1
5578,84890,25730,1216,1
5579,226736,68707,1216,1
5580,335304,101579,1216,1
5581,259016,78470,1216,1
5582,208850,63266,1216,1
5583,242222,73444,1216,1
5584,86056,26084,1216,1
5585,87270,26451,1216,1
5586,146958,44524,1216,1
5587,122458,37128,1216,1
5588,113464,34384,1216,1
5589,366792,111094,1216,1
5590,318344,96457,1216,1
5591,89678,27203,1216,1
5592,224880,68119,1216,1
5593,88474,26840,1216,1
5594,110738,33557,1216,1
5595,169428,51329,1216,1
5596,445782,135013,1216,1
5597,146864,44495,1216,1
5598,139246,42189,1216,1
5599,111004,33659,1216,1
5600,115682,35054,1216,1
5601,120194,36444,1216,1
5602,112130,33988,1216,1
5603,85026,25772,1216,1
5604,254426,77065,1216,1
5605,84572,25634,1216,1
5606,484236,146679,1216,1
5607,136874,41495,1216,1
5608,425798,128973,1216,1
5609,111768,33868,1216,1
5610,171630,51994,1216,1
5611,352168,106689,1216,1
5612,103924,31530,1216,1
5613,85556,25930,1216,1
5614,340354,103086,1216,1
5615,139208,42202,1216,1
5616,228190,69145,1216,1
5617,169304,51292,1216,1
5618,138146,41889,1216,1
5619,84108,25492,1216,1
5620,202944,61477,1216,1
5621,84206,25523,1216,1
5622,220686,66871,1216,1
5623,106764,32373,1216,1
5624,245238,74282,1216,1
5625,184228,55830,1216,1
5626,88722,26912,1216,1
5627,140584,42618,1216,1
5628,77494,23499,1216,1
5629,76614,23235,1216,1
5630,76692,23243,1216,1
5631,354458,107356,1216,1
5632,392334,118844,1216,1
5633,190342,57683,1216,1
5634,81050,24576,1216,1
5635,477256,144540,1216,1
5636,129734,39306,1216,1
5637,130426,39528,1216,1
5638,80086,24274,1216,1
5639,111228,33704,1216,1
5640,185044,56068,1216,1
5641,143360,43447,1216,1
5642,177574,53794,1216,1
5643,80786,24506,1216,1
5644,79124,23989,1216,1
5645,104322,31625,1216,1
5646,262676,79573,1216,1
5647,237492,71949,1216,1
5648,131666,39905,1216,1
5649,180460,54669,1216,1
5650,78422,23790,1216,1
5651,194368,58901,1216,1
5652,135728,41123,1216,1
5653,129384,39229,1216,1
5654,181758,55089,1216,1
5655,146978,44559,1216,1
5656,184288,55854,1216,1
5657,512272,155168,1216,1
5658,172688,52330,1216,1
5659,135524,41075,1216,1
5660,168388,51028,1216,1
5661,169346,51305,1216,1
5662,447820,135629,1216,1
5663,107458,32575,1216,1
5664,242450,73439,1216,1
5665,110270,33455,1216,1
5666,155082,47021,1216,1
5667,144814,43899,1216,1
5668,173432,52575,1216,1
5669,123436,37421,1216,1
5670,84862,25720,1216,1
5671,112712,34155,1216,1
5672,144436,43770,1216,1
5673,83922,25438,1216,1
5674,238888,72435,1216,1
5675,132828,40314,1216,1
5676,125244,37977,1216,1
5677,142070,43054,1216,1
5678,84504,25627,1216,1
5679,289436,87690,1216,1
5680,211010,63944,1216,1
5681,84288,25548,1216,1
5682,636100,192651,1216,1
5683,111020,33666,1216,1
5684,199638,60510,1216,1
5685,144716,43861,1216,1
5686,87838,26647,1216,1
5687,84580,25637,1216,1
5688,139770,42357,1216,1
5689,178872,54188,1216,1
5690,128536,38946,1216,1
5691,424508,128581,1216,1
5692,121022,36695,1216,1
5693,445148,134834,1216,1
5694,166798,50555,1216,1
5695,115978,35154,1216,1
5696,171984,52125,1216,1
5697,203504,61671,1216,1
5698,581334,176081,1216,1
5699,110694,33565,1216,1
5700,135736,41126,1216,1
5701,116902,35423,1216,1
5702,82106,24900,1216,1
5703,135064,40923,1216,1
5704,108746,32953,1216,1
5705,256882,77811,1216,1
5706,339546,102855,1216,1
5707,212888,64511,1216,1
5708,83174,25222,1216,1
5709,166894,50561,1216,1
5710,169454,51343,1216,1
5711,82628,25044,1216,1
5712,82666,25065,1216,1
5713,112172,34002,1216,1
5714,110348,33437,1216,1
5715,165844,50264,1216,1
5716,244340,74012,1216,1
5717,132320,40091,1216,1
5718,151668,45989,1216,1
5719,80150,24293,1216,1
5720,205582,62276,1216,1
5721,78662,23852,1216,1
5722,131466,39841,1216,1
5723,103568,31396,1216,1
5724,245236,74282,1216,1
5725,377228,114300,1216,1
5726,241364,73137,1216,1
5727,197470,59820,1216,1
5728,473284,143361,1216,1
5729,224610,68053,1216,1
5730,161504,48944,1216,1
5731,183070,55463,1216,1
5732,153348,46474,1216,1
5733,129662,39290,1216,1
5734,440458,133407,1216,1
5735,166628,50499,1216,1
5736,104258,31593,1216,1
5737,101510,30759,1216,1
5738,185886,56310,1216,1
5739,171350,51948,1216,1
5740,78378,23765,1216,1
5741,312578,94674,1216,1
5742,78710,23857,1216,1
5743,87366,26478,1216,1
5744,110912,33609,1216,1
5745,84288,25570,1216,1
5746,83922,25437,1216,1
5747,754356,228450,1216,1
5748,204222,61864,1216,1
5749,304870,92372,1216,1
5750,522054,158151,1216,1
5751,268572,81399,1216,1
5752,199024,60302,1216,1
5753,157658,47794,1216,1
5754,203492,61656,1216,1
5755,319090,96659,1216,1
5756,718214,217580,1216,1
5757,328412,99471,1216,1
5758,84978,25767,1216,1
5759,323662,98032,1216,1
5760,207680,62935,1216,1
5761,477119,144723,1216,1
5762,149014,45160,1216,1
5763,270380,81932,1216,1
5764,223360,67660,1216,1
5765,372748,112920,1216,1
5766,193546,58633,1216,1
5767,83922,25458,1216,1
5768,104926,31841,1216,1
5769,115282,34934,1216,1
5770,460204,139386,1216,1
5771,285876,86714,1216,1
5772,398096,120694,1216,1
5773,117712,35696,1216,1
5774,336244,101866,1216,1
5775,174996,53013,1216,1
5776,355492,107693,1216,1
5777,85296,25852,1216,1
5778,140278,42502,1216,1
5779,110672,33550,1216,1
5780,137040,41522,1216,1
5781,172744,52332,1216,1
5782,127704,38732,1216,1
5783,87966,26661,1216,1
5784,87446,26502,1216,1
5785,242284,73391,1216,1
5786,87226,26438,1216,1
5787,86630,26279,1216,1
5788,113922,34531,1216,1
5789,289556,87719,1216,1
5790,358286,108540,1216,1
5791,114394,34666,1216,1
5792,269988,81803,1216,1
5793,87320,26478,1216,1
5794,151398,45883,1216,1
5795,360854,109306,1216,1
5796,140282,42520,1216,1
5797,155402,47108,1216,1
5798,205186,62181,1216,1
5799,141594,42935,1216,1
5800,188528,57137,1216,1
5801,173440,52544,1216,1
5802,453436,137344,1216,1
5803,101400,30768,1216,1
5804,149846,45411,1216,1
5805,317930,96304,1216,1
5806,532394,161238,1216,1
5807,332104,100604,1216,1
5808,345364,104604,1216,1
5809,248270,75202,1216,1
5810,571852,173184,1216,1
5811,108772,32960,1216,1
5812,80742,24485,1216,1
5813,259670,78675,1216,1
5814,332146,100634,1216,1
5815,111272,33718,1216,1
5816,105846,32075,1216,1
5817,84996,25784,1216,1
5818,490554,148570,1216,1
5819,80480,24394,1216,1
5820,285200,86394,1216,1
5821,108914,33002,1216,1
5822,80516,24426,1216,1
5823,107406,32546,1216,1
5824,145992,44265,1216,1
5825,110894,33604,1216,1
5826,81734,24774,1216,1
5827,188848,57209,1216,1
5828,479296,145170,1216,1
5829,75496,22882,1216,1
5830,154880,46930,1216,1
5831,131138,39752,1216,1
5832,139124,42153,1216,1
5833,118986,36069,1216,1
5834,421708,127721,1216,1
5835,106232,32212,1216,1
5836,156240,47332,1216,1
5837,232504,70427,1216,1
5838,89254,27074,1216,1
5839,201140,60930,1216,1
5840,307874,93249,1216,1
5841,175168,53073,1216,1
5842,187570,56831,1216,1
5843,196178,59427,1216,1
5844,126754,38404,1216,1
5845,75248,22807,1216,1
5846,247692,75059,1216,1
5847,76414,23161,1216,1
5848,75828,23005,1216,1
5849,75382,22848,1216,1
5850,114920,34823,1216,1
5851,197908,59951,1216,1
5852,148766,45069,1216,1
5853,75136,22774,1216,1
5854,75466,22874,1216,1
5855,153594,46531,1216,1
5856,133356,40426,1216,1
5857,103568,31383,1216,1
5858,119444,36216,1216,1
5859,172940,52402,1216,1
5860,384104,116336,1216,1
5861,257394,77976,1216,1
5862,151094,45797,1216,1
5863,145924,44223,1216,1
5864,126646,38407,1216,1
5865,120522,36529,1216,1
5866,247312,74934,1216,1
5867,302150,91556,1216,1
5868,100112,30336,1216,1
5869,169370,51321,1216,1
5870,427464,129464,1216,1
5871,139834,42381,1216,1
5872,76906,23310,1216,1
5873,77136,23381,1216,1
5874,77140,23403,1216,1
5875,162242,49152,1216,1
5876,123814,37516,1216,1
5877,499958,151448,1216,1
5878,138870,42075,1216,1
5879,178476,54095,1216,1
5880,119294,36163,1216,1
5881,146262,44315,1216,1
5882,88138,26714,1216,1
5883,293484,88894,1216,1
5884,142450,43183,1216,1
5885,338878,102653,1216,1
5886,207902,63011,1216,1
5887,119764,36300,1216,1
5888,418472,126858,1216,1
5889,185138,56138,1216,1
5890,292768,88724,1216,1
5891,181974,55171,1216,1
5892,173080,52461,1216,1
5893,235690,71658,1216,1
5894,1081886,327733,1216,1
5895,76314,23128,1216,1
5896,75912,23009,1216,1
5897,535632,162259,1216,1
5898,180370,54662,1216,1
5899,107116,32479,1216,1
5900,220462,66780,1216,1
5901,104114,31550,1216,1
5902,117766,35684,1216,1
5903,316226,95803,1216,1
5904,430106,130273,1216,1
5905,98790,29946,1216,1
5906,411892,124746,1216,1
5907,122650,37179,1216,1
5908,75112,22765,1216,1
5909,510582,154674,1216,1
5910,154748,46881,1216,1
5911,262972,79652,1216,1
5912,87632,26559,1216,1
5913,152432,46183,1216,1
5914,399682,121049,1216,1
5915,721578,218525,1216,1
5916,524882,158984,1216,1
5917,186180,56424,1216,1
5918,207792,62969,1216,1
5919,181882,55101,1216,1
5920,259282,78564,1216,1
5921,229320,69467,1216,1
5922,171874,52069,1216,1
5923,131512,39863,1216,1
5924,536112,162403,1216,1
5925,163106,49452,1216,1
5926,152956,46350,1216,1
5927,394082,119359,1216,1
5928,122460,37108,1216,1
5929,90032,27311,1216,1
5930,181394,54978,1216,1
5931,137488,41707,1216,1
5932,153206,46442,1216,1
5933,152200,46127,1216,1
5934,149342,45249,1216,1
5935,209352,63433,1216,1
5936,120022,36385,1216,1
5937,118212,35822,1216,1
5938,303326,91876,1216,1
5939,174992,53016,1216,1
5940,96084,29147,1216,1
5941,97182,29479,1216,1
5942,291626,88380,1216,1
5943,91970,27876,1216,1
5944,276892,83872,1216,1
5945,150496,45613,1216,1
5946,118620,35946,1216,1
5947,237178,71846,1216,1
5948,267162,80946,1216,1
5949,226758,68722,1216,1
5950,677656,205271,1216,1
5951,175978,53351,1216,1
5952,307912,93320,1216,1
5953,208242,63094,1216,1
5954,365702,110776,1216,1
5955,226516,68629,1216,1
5956,104568,31687,1216,1
5957,80958,24537,1216,1
5958,102388,31043,1216,1
5959,202558,61365,1216,1
5960,102518,31086,1216,1
5961,239294,72515,1216,1
5962,175018,53054,1216,1
5963,194630,58965,1216,1
5964,233292,70685,1216,1
5965,201432,61021,1216,1
5966,84252,25538,1216,1
5967,353104,106948,1216,1
5968,201562,61089,1216,1
5969,744312,225455,1216,1
5970,139918,42443,1216,1
5971,236696,71737,1216,1
5972,742124,224802,1216,1
5973,129228,39179,1216,1
5974,113324,34362,1216,1
5975,260742,79001,1216,1
5976,116946,35459,1216,1
5977,247440,74952,1216,1
5978,226380,68611,1216,1
5979,85228,25855,1216,1
5980,198766,60236,1216,1
5981,658836,199550,1216,1
5982,232882,70565,1216,1
5983,871534,264013,1216,1
5984,85500,25925,1216,1
5985,131728,39921,1216,1
5986,78388,23760,1216,1
5987,157672,47767,1216,1
5988,79394,24065,1216,1
5989,537220,162698,1216,1
5990,340820,103226,1216,1
5991,138312,41904,1216,1
5992,155354,47078,1216,1
5993,165738,50212,1216,1
5994,227964,69088,1216,1
5995,80278,24342,1216,1
5996,143364,43445,1216,1
5997,380868,115354,1216,1
5998,158476,48016,1216,1
5999,156816,47520,1216,1
6000,473350,143393,1216,1
6001,125388,38017,1216,1
6002,85464,25905,1216,1
6003,420808,127459,1216,1
6004,110682,33540,1216,1
6005,162850,49357,1216,1
6006,160840,48728,1216,1
6007,339820,102924,1216,1
6008,364782,110486,1216,1
6009,138788,42051,1216,1
6010,312782,94737,1216,1
6011,103496,31374,1216,1
6012,79246,24020,1216,1
6013,133388,40414,1216,1
6014,78204,23714,1216,1
6015,296770,89912,1216,1
6016,315854,95708,1216,1
6017,77840,23594,1216,1
6018,235864,71454,1216,1
6019,112646,34146,1216,1
6020,224898,68140,1216,1
6021,86988,26364,1216,1
6022,80052,24284,1216,1
6023,192932,58444,1216,1
6024,190522,57723,1216,1
6025,83150,25200,1216,1
6026,127964,38798,1216,1
6027,265060,80288,1216,1
6028,116322,35249,1216,1
6029,147018,44566,1216,1
6030,177202,53682,1216,1
6031,335144,101511,1216,1
6032,86250,26164,1216,1
6033,184156,55825,1216,1
6034,256528,77740,1216,1
6035,111704,33860,1216,1
6036,216964,65722,1216,1
6037,358536,108677,1216,1
6038,428306,129756,1216,1
6039,241648,73237,1216,1
6040,89282,27082,1216,1
6041,89960,27287,1216,1
6042,650452,197009,1216,1
6043,204218,61905,1216,1
6044,91166,27653,1216,1
6045,297850,90241,1216,1
6046,90456,27437,1216,1
6047,92328,28007,1216,1
6048,206292,62491,1216,1
6049,87400,26491,1216,1
6050,146236,44305,1216,1
6051,80754,24487,1216,1
6052,249208,75486,1216,1
6053,158732,48088,1216,1
6054,724606,219443,1216,1
6055,173060,52429,1216,1
6056,84572,25645,1216,1
6057,132928,40296,1216,1
6058,196566,59587,1216,1
6059,216146,65474,1216,1
6060,106248,32197,1216,1
6061,116128,35213,1216,1
6062,86474,26232,1216,1
6063,117000,35478,1216,1
6064,117576,35651,1216,1
6065,106744,32367,1216,1
6066,123348,37404,1216,1
6067,106544,32315,1216,1
6068,554852,168080,1216,1
6069,148796,45129,1216,1
6070,426994,129375,1216,1
6071,934392,283008,1216,1
6072,228064,69128,1216,1
6073,284236,86126,1216,1
6074,157030,47633,1216,1
6075,355934,107856,1216,1
6076,156884,47571,1216,1
6077,157878,47876,1216,1
6078,140846,42727,1216,1
6079,314442,95409,1216,1
6080,1031932,312570,1216,1
6081,90766,27510,1216,1
6082,177980,53940,1216,1
6083,122240,37062,1216,1
6084,181264,54942,1216,1
6085,527508,159761,1216,1
6086,93004,28197,1216,1
6087,86764,26310,1216,1
6088,282100,85471,1216,1
6089,354628,107433,1216,1
6090,114018,34550,1216,1
6091,85140,25818,1216,1
6092,168146,50940,1216,1
6093,207016,62711,1216,1
6094,145388,44074,1216,1
6095,382822,115959,1216,1
6096,117214,35518,1216,1
6097,81666,24755,1216,1
6098,213228,64591,1216,1
6099,107770,32657,1216,1
6100,93424,28353,1216,1
6101,429270,130051,1216,1
6102,109264,33109,1216,1
6103,137910,41786,1216,1
6104,85110,25818,1216,1
6105,371180,112419,1216,1
6106,114316,34640,1216,1
6107,105586,31997,1216,1
6108,162512,49234,1216,1
6109,133748,40525,1216,1
6110,109042,33063,1216,1
6111,80492,24396,1216,1
6112,758730,229786,1216,1
6113,84382,25587,1216,1
6114,236052,71504,1216,1
6115,430612,130426,1216,1
6116,78588,23818,1216,1
6117,184362,55863,1216,1
6118,580682,175859,1216,1
6119,158780,48104,1216,1
6120,206218,62468,1216,1
6121,234898,71150,1216,1
6122,517679,157002,1216,1
6123,149934,45453,1216,1
6124,540428,163706,1216,1
6125,157124,47627,1216,1
6126,120638,36572,1216,1
6127,856772,259481,1216,1
6128,89366,27085,1216,1
6129,118408,35879,1216,1
6130,143586,43528,1216,1
6131,156260,47363,1216,1
6132,178008,53963,1216,1
6133,297682,90174,1216,1
6134,144392,43748,1216,1
6135,110570,33519,1216,1
6136,245114,74285,1216,1
6137,247698,75064,1216,1
6138,267794,81120,1216,1
6139,115798,35121,1216,1
6140,406894,123270,1216,1
6141,85694,25996,1216,1
6142,85632,25955,1216,1
6143,248680,75365,1216,1
6144,91198,27661,1216,1
6145,92926,28187,1216,1
6146,126110,38221,1216,1
6147,254342,77049,1216,1
6148,88842,26926,1216,1
6149,481910,145956,1216,1
6150,192144,58229,1216,1
6151,121558,36833,1216,1
6152,142662,43224,1216,1
6153,413604,125302,1216,1
6154,142324,43140,1216,1
6155,266596,80763,1216,1
6156,412010,124806,1216,1
6157,750116,227187,1216,1
6158,325452,98580,1216,1
6159,304732,92327,1216,1
6160,156022,47310,1216,1
6161,291048,88217,1216,1
6162,395880,119955,1216,1
6163,590970,179020,1216,1
6164,188792,57259,1216,1
6165,321354,97375,1216,1
6166,211760,64159,1216,1
6167,373438,113142,1216,1
6168,89342,27091,1216,1
6169,273796,82947,1216,1
6170,243144,73674,1216,1
6171,90656,27512,1216,1
6172,114304,34637,1216,1
6173,139800,42359,1216,1
6174,197378,59832,1216,1
6175,209896,63596,1216,1
6176,810624,245526,1216,1
6177,114004,34546,1216,1
6178,87756,26595,1216,1
6179,597388,180942,1216,1
6180,211402,64039,1216,1
6181,411160,124529,1216,1
6182,87494,26519,1216,1
6183,237982,72087,1216,1
6184,87614,26565,1216,1
6185,115942,35133,1216,1
6186,158870,48177,1216,1
6187,115602,35038,1216,1
6188,149500,45294,1216,1
6189,234882,71194,1216,1
6190,141750,42970,1216,1
6191,184650,55974,1216,1
6192,143582,43502,1216,1
6193,109530,33192,1216,1
6194,149102,45173,1216,1
6195,88588,26873,1216,1
6196,84238,25532,1216,1
6197,110368,33445,1216,1
6198,109228,33122,1216,1
6199,82642,25048,1216,1
6200,173828,52673,1216,1
6201,82266,24955,1216,1
6202,230444,69827,1216,1
6203,82562,25025,1216,1
6204,138132,41875,1216,1
6205,162954,49368,1216,1
6206,140966,42733,1216,1
6207,284934,86448,1216,1
6208,335698,101711,1216,1
6209,1737486,526431,1216,1
6210,279380,84658,1216,1
6211,259474,78618,1216,1
6212,146948,44544,1216,1
6213,241056,73052,1216,1
6214,157874,47854,1216,1
6215,114284,34654,1216,1
6216,232500,70428,1216,1
6217,122388,37109,1216,1
6218,175192,53075,1216,1
6219,276952,83888,1216,1
6220,83982,25468,1216,1
6221,306880,92950,1216,1
6222,194114,58806,1216,1
6223,111606,33831,1216,1
6224,171382,51921,1216,1
6225,229834,69632,1216,1
6226,84006,25463,1216,1
6227,299846,90845,1216,1
6228,191734,58127,1216,1
6229,154902,46929,1216,1
6230,585666,177370,1216,1
6231,254154,77000,1216,1
6232,111960,33928,1216,1
6233,117738,35677,1216,1
6234,84148,25506,1216,1
6235,207598,62887,1216,1
6236,84140,25503,1216,1
6237,111860,33897,1216,1
6238,260148,78840,1216,1
6239,233474,70732,1216,1
6240,115056,34874,1216,1
6241,88504,26834,1216,1
6242,122634,37169,1216,1
6243,88524,26831,1216,1
6244,88094,26711,1216,1
6245,114642,34749,1216,1
6246,115784,35085,1216,1
6247,229696,69579,1216,1
6248,130188,39472,1216,1
6249,551662,167377,1216,1
6250,181186,54922,1216,1
6251,211180,63996,1216,1
6252,153358,46485,1216,1
6253,155430,47113,1216,1
6254,222966,67564,1216,1
6255,576842,174729,1216,1
6256,155640,47183,1216,1
6257,183210,55525,1216,1
6258,267102,80940,1216,1
6259,124710,37811,1216,1
6260,364460,110437,1216,1
6261,422302,127901,1216,1
6262,635740,192553,1216,1
6263,112480,34085,1216,1
6264,202014,61291,1216,1
6265,144564,43801,1216,1
6266,189378,57370,1216,1
6267,263936,79947,1216,1
6268,119968,36374,1216,1
6269,167214,50659,1216,1
6270,202530,61354,1216,1
6271,151746,46019,1216,1
6272,456258,138184,1216,1
6273,173246,52500,1216,1
6274,114006,34571,1216,1
6275,84630,25652,1216,1
6276,593460,179730,1216,1
6277,224466,67994,1216,1
6278,222066,67267,1216,1
6279,115448,34996,1216,1
6280,84446,25595,1216,1
6281,408952,123885,1216,1
6282,142708,43238,1216,1
6283,84982,25755,1216,1
6284,143036,43336,1216,1
6285,234980,71178,1216,1
6286,394376,119446,1216,1
6287,112058,33968,1216,1
6288,315876,95699,1216,1
6289,342300,103677,1216,1
6290,183676,55645,1216,1
6291,179632,54436,1216,1
6292,398978,120882,1216,1
6293,197948,59979,1216,1
6294,448368,135798,1216,1
6295,184390,55862,1216,1
6296,180898,54803,1216,1
6297,92876,28150,1216,1
6298,121482,36813,1216,1
6299,220916,66923,1216,1
6300,150570,45621,1216,1
6301,124318,37672,1216,1
6302,131430,39851,1216,1
6303,95026,28803,1216,1
6304,220932,66947,1216,1
6305,217524,65935,1216,1
6306,94850,28773,1216,1
6307,186750,56591,1216,1
6308,350604,106192,1216,1
6309,375742,113838,1216,1
6310,391268,118527,1216,1
6311,142186,43102,1216,1
6312,392390,118882,1216,1
6313,251008,76066,1216,1
6314,115510,35000,1216,1
6315,330986,100275,1216,1
6316,192346,58271,1216,1
6317,123710,37488,1216,1
6318,185222,56139,1216,1
6319,216902,65709,1216,1
6320,184396,55889,1216,1
6321,93134,28229,1216,1
6322,253080,76662,1216,1
6323,171728,52053,1216,1
6324,153646,46562,1216,1
6325,287760,87164,1216,1
6326,243330,73720,1216,1
6327,94546,28656,1216,1
6328,253862,76913,1216,1
6329,374786,113541,1216,1
6330,205422,62241,1216,1
6331,472430,143083,1216,1
6332,146118,44273,1216,1
6333,190112,57609,1216,1
6334,178724,54156,1216,1
6335,102656,31157,1216,1
6336,339648,102875,1216,1
6337,291450,88280,1216,1
6338,175498,53186,1216,1
6339,117154,35538,1216,1
6340,91832,27834,1216,1
6341,385682,116830,1216,1
6342,90868,27553,1216,1
6343,214372,64939,1216,1
6344,398306,120681,1216,1
6345,93052,28202,1216,1
6346,110662,33543,1216,1
6347,84578,25634,1216,1
6348,84336,25576,1216,1
6349,165762,50219,1216,1
6350,124442,37746,1216,1
6351,202454,61330,1216,1
6352,227756,69001,1216,1
6353,200710,60801,1216,1
6354,84250,25546,1216,1
6355,83992,25469,1216,1
6356,222266,67374,1216,1
6357,85664,25963,1216,1
6358,118086,35783,1216,1
6359,138132,41853,1216,1
6360,159380,48301,1216,1
6361,95108,28827,1216,1
6362,165436,50124,1216,1
6363,97874,29662,1216,1
6364,163256,49465,1216,1
6365,186908,56625,1216,1
6366,355534,107715,1216,1
6367,398702,120759,1216,1
6368,99906,30291,1216,1
6369,99604,30190,1216,1
6370,479210,145160,1216,1
6371,118156,35814,1216,1
6372,442046,133915,1216,1
6373,121420,36806,1216,1
6374,181824,55084,1216,1
6375,172248,52184,1216,1
6376,143854,43594,1216,1
6377,130244,39501,1216,1
6378,452770,137129,1216,1
6379,88980,26969,1216,1
6380,145472,44075,1216,1
6381,88580,26861,1216,1
6382,91092,27633,1216,1
6383,203642,61705,1216,1
6384,234996,71209,1216,1
6385,150468,45589,1216,1
6386,88182,26727,1216,1
6387,215342,65261,1216,1
6388,181024,54843,1216,1
6389,316482,95872,1216,1
6390,237990,72090,1216,1
6391,158322,47991,1216,1
6392,237066,71812,1216,1
6393,88666,26885,1216,1
6394,146642,44444,1216,1
6395,88640,26877,1216,1
6396,87900,26642,1216,1
6397,210962,63909,1216,1
6398,207230,62777,1216,1
6399,564756,171211,1216,1
6400,776054,235142,1216,1
6401,406892,123245,1216,1
6402,199838,60561,1216,1
6403,115672,35062,1216,1
6404,115394,34969,1216,1
6405,124264,37674,1216,1
6406,162712,49294,1216,1
6407,215344,65267,1216,1
6408,294948,89361,1216,1
6409,85026,25772,1216,1
6410,84914,25750,1216,1
6411,178736,54183,1216,1
6412,176726,53546,1216,1
6413,141450,42862,1216,1
6414,265758,80521,1216,1
6415,191884,58151,1216,1
6416,268212,81251,1216,1
6417,113556,34422,1216,1
6418,235092,71217,1216,1
6419,401808,121717,1216,1
6420,213930,64852,1216,1
6421,134372,40717,1216,1
6422,101806,30858,1216,1
6423,135954,41197,1216,1
6424,260140,78819,1216,1
6425,167202,50660,1216,1
6426,414994,125706,1216,1
6427,318640,96558,1216,1
6428,303492,91957,1216,1
6429,349810,105983,1216,1
6430,107618,32644,1216,1
6431,102698,31127,1216,1
6432,106994,32457,1216,1
6433,102378,31031,1216,1
6434,102264,30993,1216,1
6435,168834,51154,1216,1
6436,177212,53720,1216,1
6437,305080,92437,1216,1
6438,133318,40399,1216,1
6439,467856,141700,1216,1
6440,196414,59521,1216,1
6441,253966,76985,1216,1
6442,102294,31017,1216,1
6443,101102,30644,1216,1
6444,101776,30847,1216,1
6445,181298,54971,1216,1
6446,432796,131413,1216,1
6447,554104,167818,1216,1
6448,147408,44666,1216,1
6449,249072,75476,1216,1
6450,244176,73994,1216,1
6451,110022,33373,1216,1
6452,398532,120738,1216,1
6453,136382,41354,1216,1
6454,134222,40672,1216,1
6455,201212,61049,1216,1
6456,101476,30757,1216,1
6457,240078,72743,1216,1
6458,540024,163568,1216,1
6459,186438,56486,1216,1
6460,120728,36583,1216,1
6461,126126,38227,1216,1
6462,186564,56566,1216,1
6463,215106,65162,1216,1
6464,159642,48367,1216,1
6465,193448,58615,1216,1
6466,409328,124000,1216,1
6467,122220,37050,1216,1
6468,90150,27326,1216,1
6469,90136,27320,1216,1
6470,89672,27189,1216,1
6471,75214,22796,1216,1
6472,267352,80999,1216,1
6473,79784,24204,1216,1
6474,92466,28039,1216,1
6475,102206,30975,1216,1
6476,383408,116130,1216,1
6477,198462,60126,1216,1
6478,314080,95165,1216,1
6479,170396,51627,1216,1
6480,135650,41108,1216,1
6481,136002,41213,1216,1
6482,234244,71006,1216,1
6483,204464,61961,1216,1
6484,230304,69819,1216,1
6485,372366,112834,1216,1
6486,642486,194626,1216,1
6487,140752,42668,1216,1
6488,103986,31516,1216,1
6489,173458,52588,1216,1
6490,87176,26432,1216,1
6491,295738,89591,1216,1
6492,114238,34629,1216,1
6493,117820,35725,1216,1
6494,137178,41563,1216,1
6495,182072,55164,1216,1
6496,75678,22938,1216,1
6497,75836,22999,1216,1
6498,98336,29800,1216,1
6499,261344,79173,1216,1
6500,114994,34844,1216,1
6501,144176,43683,1216,1
6502,291398,88286,1216,1
6503,86148,26113,1216,1
6504,86320,26173,1216,1
6505,98456,29883,1216,1
6506,117256,35531,1216,1
6507,148416,44965,1216,1
6508,231428,70115,1216,1
6509,153432,46485,1216,1
6510,86178,26144,1216,1
6511,525216,159063,1216,1
6512,197928,59959,1216,1
6513,171066,51825,1216,1
6514,124288,37683,1216,1
6515,122516,37147,1216,1
6516,172092,52136,1216,1
6517,114312,34640,1216,1
6518,304060,92106,1216,1
6519,191678,58089,1216,1
6520,148404,44960,1216,1
6521,111444,33772,1216,1
6522,113442,34388,1216,1
6523,115252,34935,1216,1
6524,624268,189081,1216,1
6525,283392,85838,1216,1
6526,263756,79927,1216,1
6527,85446,25900,1216,1
6528,202884,61460,1216,1
6529,84224,25539,1216,1
6530,84396,25580,1216,1
6531,141324,42832,1216,1
6532,199000,60303,1216,1
6533,398648,120762,1216,1
6534,124012,37620,1216,1
6535,193390,58593,1216,1
6536,280628,85044,1216,1
6537,300516,91079,1216,1
6538,305280,92476,1216,1
6539,117126,35502,1216,1
6540,116588,35367,1216,1
6541,199428,60456,1216,1
6542,116720,35377,1216,1
6543,116088,35204,1216,1
6544,252100,76383,1216,1
6545,109940,33314,1216,1
6546,223158,67622,1216,1
6547,344008,104217,1216,1
6548,160850,48778,1216,1
6549,89840,27250,1216,1
6550,89300,27067,1216,1
6551,147486,44685,1216,1
6552,91748,27809,1216,1
6553,165886,50278,1216,1
6554,148622,45049,1216,1
6555,253918,76935,1216,1
6556,107330,32524,1216,1
6557,117304,35584,1216,1
6558,371088,112401,1216,1
6559,341064,103310,1216,1
6560,225024,68186,1216,1
6561,110172,33393,1216,1
6562,109486,33185,1216,1
6563,681728,206518,1216,1
6564,150018,45510,1216,1
6565,315984,95733,1216,1
6566,145382,44086,1216,1
6567,407188,123346,1216,1
6568,145002,43958,1216,1
6569,1080064,327125,1216,1
6570,170602,51699,1216,1
6571,168686,51108,1216,1
6572,102876,31180,1216,1
6573,473128,143297,1216,1
6574,139794,42385,1216,1
6575,576070,174593,1216,1
6576,233324,70766,1216,1
6577,229374,69576,1216,1
6578,128858,39086,1216,1
6579,332936,100878,1216,1
6580,320536,97110,1216,1
6581,263452,79832,1216,1
6582,141076,42782,1216,1
6583,397656,120474,1216,1
6584,771558,233836,1216,1
6585,144176,43689,1216,1
6586,146338,44369,1216,1
6587,118622,35953,1216,1
6588,207308,62832,1216,1
6589,112430,34106,1216,1
6590,166746,50550,1216,1
6591,111996,33938,1216,1
6592,240798,72939,1216,1
6593,158366,47979,1216,1
6594,157234,47637,1216,1
6595,200436,60740,1216,1
6596,81630,24742,1216,1
6597,217978,66038,1216,1
6598,108216,32791,1216,1
6599,271414,82291,1216,1
6600,317130,96088,1216,1
6601,523052,158463,1216,1
6602,174690,52938,1216,1
6603,227730,68982,1216,1
6604,137606,41712,1216,1
6605,75724,22952,1216,1
6606,85230,25832,1216,1
6607,221018,66974,1216,1
6608,75678,22938,1216,1
6609,336584,101965,1216,1
6610,143332,43427,1216,1
6611,134194,40698,1216,1
6612,86024,26084,1216,1
6613,141406,42844,1216,1
6614,143720,43553,1216,1
6615,98992,29997,1216,1
6616,147112,44595,1216,1
6617,264282,80051,1216,1
6618,299852,90822,1216,1
6619,263204,79725,1216,1
6620,141510,42885,1216,1
6621,116814,35421,1216,1
6622,86070,26088,1216,1
6623,375168,113628,1216,1
6624,168960,51187,1216,1
6625,292132,88485,1216,1
6626,250310,75821,1216,1
6627,198828,60270,1216,1
6628,142876,43300,1216,1
6629,84142,25505,1216,1
6630,600616,181915,1216,1
6631,445802,135022,1216,1
6632,401566,121669,1216,1
6633,347730,105336,1216,1
6634,198272,60066,1216,1
6635,93526,28359,1216,1
6636,164212,49777,1216,1
6637,98308,29806,1216,1
6638,138004,41815,1216,1
6639,285054,86357,1216,1
6640,300156,90954,1216,1
6641,97810,29668,1216,1
6642,212770,64478,1216,1
6643,277510,84068,1216,1
6644,238776,72329,1216,1
6645,394644,119527,1216,1
6646,328180,99401,1216,1
6647,258982,78446,1216,1
6648,142038,43045,1216,1
6649,171406,51928,1216,1
6650,441462,133715,1216,1
6651,122498,37118,1216,1
6652,440252,133351,1216,1
6653,95850,29088,1216,1
6654,231008,70103,1216,1
6655,210538,63815,1216,1
6656,193058,58513,1216,1
6657,112552,34136,1216,1
6658,125840,38147,1216,1
6659,220136,66710,1216,1
6660,93922,28468,1216,1
6661,93630,28378,1216,1
6662,161252,48855,1216,1
6663,460744,139562,1216,1
6664,85120,25812,1216,1
6665,215320,65238,1216,1
6666,271694,82684,1216,1
6667,297134,90031,1216,1
6668,1405526,426457,1216,1
6669,150052,45498,1216,1
6670,176000,53375,1216,1
6671,892038,270650,1216,1
6672,165560,50192,1216,1
6673,150022,45490,1216,1
6674,262336,79487,1216,1
6675,390748,118487,1216,1
6676,270896,82086,1216,1
6677,121718,36905,1216,1
6678,373476,113117,1216,1
6679,201646,61085,1216,1
6680,174084,52739,1216,1
6681,142934,43329,1216,1
6682,226148,68515,1216,1
6683,109924,33310,1216,1
6684,187772,56907,1216,1
6685,191130,57901,1216,1
6686,263414,79789,1216,1
6687,396982,120243,1216,1
6688,147156,44592,1216,1
6689,138016,41831,1216,1
6690,117042,35476,1216,1
6691,117632,35665,1216,1
6692,84772,25696,1216,1
6693,203892,61780,1216,1
6694,192480,58310,1216,1
6695,164806,49942,1216,1
6696,178888,54217,1216,1
6697,84692,25693,1216,1
6698,89300,27089,1216,1
6699,112832,34191,1216,1
6700,223354,67671,1216,1
6701,116070,35172,1216,1
6702,173030,52419,1216,1
6703,84468,25603,1216,1
6704,84504,25628,1216,1
6705,90374,27414,1216,1
6706,475844,144115,1216,1
6707,118052,35771,1216,1
6708,449380,136112,1216,1
6709,84162,25508,1216,1
6710,111148,33681,1216,1
6711,117220,35542,1216,1
6712,223568,67746,1216,1
6713,83900,25452,1216,1
6714,190556,57739,1216,1
6715,366356,110998,1216,1
6716,123008,37270,1216,1
6717,240944,73027,1216,1
6718,145902,44228,1216,1
6719,119740,36304,1216,1
6720,342790,103855,1216,1
6721,252238,76458,1216,1
6722,1239374,375325,1216,1
6723,75672,22956,1216,1
6724,101662,30819,1216,1
6725,140680,42620,1216,1
6726,191888,58151,1216,1
6727,134182,40692,1216,1
6728,568846,172280,1216,1
6729,286686,86838,1216,1
6730,126196,38266,1216,1
6731,155206,47026,1216,1
6732,160596,48659,1216,1
6733,95716,29026,1216,1
6734,125910,38151,1216,1
6735,383752,116248,1216,1
6736,95254,28872,1216,1
6737,125338,37983,1216,1
6738,640692,194130,1216,1
6739,236964,71811,1216,1
6740,511402,154897,1216,1
6741,159282,48259,1216,1
6742,217100,65819,1216,1
6743,368844,111731,1216,1
6744,139910,42407,1216,1
6745,770240,233272,1216,1
6746,449132,136077,1216,1
6747,114200,34615,1216,1
6748,480450,145964,1216,1
6749,412966,125131,1216,1
6750,151106,45854,1216,1
6751,214202,64930,1216,1
6752,669990,203182,1216,1
6753,327030,99173,1216,1
6754,473718,143515,1216,1
6755,258480,78334,1216,1
6756,221366,67098,1216,1
6757,329534,99856,1216,1
6758,389282,118263,1216,1
6759,411120,124621,1216,1
6760,375298,113711,1216,1
6761,172926,52419,1216,1
6762,209036,63379,1216,1
6763,309668,93838,1216,1
6764,213198,64637,1216,1
6765,130684,39646,1216,1
6766,342786,103877,1216,1
6767,254778,77204,1216,1
6768,636296,192914,1216,1
6769,136020,41260,1216,1
6770,135740,41176,1216,1
6771,414586,125617,1216,1
6772,270186,81889,1216,1
6773,131014,39744,1216,1
6774,393464,119223,1216,1
6775,169212,51327,1216,1
6776,231984,70327,1216,1
6777,131750,39967,1216,1
6778,178556,54137,1216,1
6779,126830,38477,1216,1
6780,123054,37329,1216,1
6781,222786,67498,1216,1
6782,84738,25684,1216,1
6783,84544,25635,1216,1
6784,83926,25438,1216,1
6785,84542,25637,1216,1
6786,224874,68129,1216,1
6787,84202,25522,1216,1
6788,152654,46250,1216,1
6789,1495124,452905,1216,1
6790,246350,74644,1216,1
6791,103688,31424,1216,1
6792,137604,41696,1216,1
6793,539662,163442,1216,1
6794,239134,72441,1216,1
6795,102536,31080,1216,1
6796,102976,31211,1216,1
6797,243926,73917,1216,1
6798,136186,41264,1216,1
6799,238398,72243,1216,1
6800,276238,83710,1216,1
6801,142818,43323,1216,1
6802,166534,50459,1216,1
6803,126164,38229,1216,1
6804,111282,33722,1216,1
6805,84208,25523,1216,1
6806,84560,25642,1216,1
6807,176836,53595,1216,1
6808,167788,50845,1216,1
6809,83894,25441,1216,1
6810,327556,99252,1216,1
6811,326770,98998,1216,1
6812,169200,51261,1216,1
6813,179296,54339,1216,1
6814,146424,44363,1216,1
6815,235166,71236,1216,1
6816,234860,71165,1216,1
6817,365476,110696,1216,1
6818,323934,98128,1216,1
6819,202340,61296,1216,1
6820,116258,35252,1216,1
6821,85796,26005,1216,1
6822,200888,60853,1216,1
6823,129922,39403,1216,1
6824,167782,50831,1216,1
6825,265626,80468,1216,1
6826,168204,50970,1216,1
6827,175176,53070,1216,1
6828,145892,44215,1216,1
6829,284560,86191,1216,1
6830,163800,49648,1216,1
6831,191448,58022,1216,1
6832,117642,35671,1216,1
6833,86352,26174,1216,1
6834,165488,50147,1216,1
6835,310812,94162,1216,1
6836,634068,192037,1216,1
6837,855822,259868,1216,1
6838,491268,148816,1216,1
6839,76378,23158,1216,1
6840,112190,34020,1216,1
6841,161530,48973,1216,1
6842,76606,23219,1216,1
6843,101310,30698,1216,1
6844,680930,206256,1216,1
6845,224406,67997,1216,1
6846,190048,57590,1216,1
6847,274512,83154,1216,1
6848,626346,189693,1216,1
6849,128168,38838,1216,1
6850,300642,91065,1216,1
6851,97758,29631,1216,1
6852,520198,157550,1216,1
6853,177568,53825,1216,1
6854,410786,124418,1216,1
6855,200186,60661,1216,1
6856,165174,50056,1216,1
6857,391236,118510,1216,1
6858,102552,31081,1216,1
6859,207634,62901,1216,1
6860,134084,40630,1216,1
6861,267828,81157,1216,1
6862,160550,48656,1216,1
6863,98758,29935,1216,1
6864,298262,90345,1216,1
6865,144234,43748,1216,1
6866,100056,30338,1216,1
6867,164870,49954,1216,1
6868,161894,49052,1216,1
6869,268200,81242,1216,1
6870,206240,62525,1216,1
6871,98030,29729,1216,1
6872,160132,48520,1216,1
6873,318288,96412,1216,1
6874,121274,36789,1216,1
6875,115430,34988,1216,1
6876,154504,46818,1216,1
6877,159268,48260,1216,1
6878,277696,84137,1216,1
6879,113430,34398,1216,1
6880,242166,73378,1216,1
6881,179144,54310,1216,1
6882,105336,31944,1216,1
6883,86022,26072,1216,1
6884,253946,76944,1216,1
6885,275918,83590,1216,1
6886,148842,45119,1216,1
6887,268358,81322,1216,1
6888,179130,54266,1216,1
6889,171710,52020,1216,1
6890,258022,78183,1216,1
6891,141788,42968,1216,1
6892,84364,25570,1216,1
6893,84128,25510,1216,1
6894,77030,23348,1216,1
6895,93210,28268,1216,1
6896,136422,41332,1216,1
6897,188990,57251,1216,1
6898,269578,81687,1216,1
6899,114856,34804,1216,1
6900,176512,53487,1216,1
6901,79036,23955,1216,1
6902,80202,24329,1216,1
6903,270752,82009,1216,1
6904,105704,32030,1216,1
6905,100630,30494,1216,1
6906,172384,52243,1216,1
6907,222636,67464,1216,1
6908,86858,26355,1216,1
6909,132544,40157,1216,1
6910,76168,23087,1216,1
6911,206784,62642,1216,1
6912,206062,62422,1216,1
6913,204766,62029,1216,1
6914,176332,53441,1216,1
6915,181852,55098,1216,1
6916,75374,22865,1216,1
6917,119984,36380,1216,1
6918,113060,34271,1216,1
6919,84900,25731,1216,1
6920,140544,42582,1216,1
6921,171234,51876,1216,1
6922,192778,58400,1216,1
6923,151720,45999,1216,1
6924,248566,75298,1216,1
6925,216832,65689,1216,1
6926,350526,106174,1216,1
6927,173120,52452,1216,1
6928,174348,52851,1216,1
6929,292366,88659,1216,1
6930,363786,110240,1216,1
6931,324888,98444,1216,1
6932,87476,26535,1216,1
6933,107644,32655,1216,1
6934,119906,36356,1216,1
6935,791852,239970,1216,1
6936,93900,28477,1216,1
6937,127296,38590,1216,1
6938,160692,48712,1216,1
6939,511220,154858,1216,1
6940,111900,33930,1216,1
6941,291068,88191,1216,1
6942,187872,56936,1216,1
6943,266884,80878,1216,1
6944,491344,148856,1216,1
6945,206890,62710,1216,1
6946,146918,44537,1216,1
6947,226446,68724,1216,1
6948,265302,80402,1216,1
6949,189208,57357,1216,1
6950,134350,40743,1216,1
6951,114362,34655,1216,1
6952,169490,51345,1216,1
6953,235568,71357,1216,1
6954,141080,42769,1216,1
6955,144100,43659,1216,1
6956,118086,35795,1216,1
6957,493250,149573,1216,1
6958,275826,83553,1216,1
6959,271032,82121,1216,1
6960,253370,76786,1216,1
6961,210540,63789,1216,1
6962,310978,94200,1216,1
6963,89590,27162,1216,1
6964,324966,98464,1216,1
6965,190666,57783,1216,1
6966,455240,137900,1216,1
6967,142272,43121,1216,1
6968,121860,36925,1216,1
6969,88458,26810,1216,1
6970,175432,53148,1216,1
6971,195506,59228,1216,1
6972,105632,32073,1216,1
6973,145878,44209,1216,1
6974,271406,82210,1216,1
6975,446104,135109,1216,1
6976,88940,26955,1216,1
6977,101846,30874,1216,1
6978,234810,71151,1216,1
6979,187018,56655,1216,1
6980,88534,26857,1216,1
6981,156504,47459,1216,1
6982,342850,103874,1216,1
6983,626380,189741,1216,1
6984,1286338,389583,1216,1
6985,187740,56908,1216,1
6986,269242,81586,1216,1
6987,375008,113628,1216,1
6988,211052,63971,1216,1
6989,122456,37124,1216,1
6990,209666,63537,1216,1
6991,164284,49819,1216,1
6992,229558,69571,1216,1
6993,178896,54238,1216,1
6994,343444,104054,1216,1
6995,172566,52312,1216,1
6996,255530,77437,1216,1
6997,849312,257279,1216,1
6998,284310,86147,1216,1
6999,251202,76145,1216,1
7000,194982,59107,1216,1
7001,411064,124623,1216,1
7002,303738,92059,1216,1
7003,289584,87748,1216,1
7004,229414,69497,1216,1
7005,185920,56388,1216,1
7006,154678,46917,1216,1
7007,394116,119513,1216,1
7008,664834,201394,1216,1
7009,695178,210614,1216,1
7010,190172,57668,1216,1
7011,138572,42041,1216,1
7012,265734,80539,1216,1
7013,489412,148712,1216,1
7014,301294,91298,1216,1
7015,239940,72700,1216,1
7016,321831,97766,1216,1
7017,467816,141717,1216,1
7018,184822,55997,1216,1
7019,193336,58574,1216,1
7020,563424,170681,1216,1
7021,141824,43002,1216,1
7022,110976,33663,1216,1
7023,195424,59204,1216,1
7024,272350,82498,1216,1
7025,150170,45549,1216,1
7026,391592,118662,1216,1
7027,284986,86362,1216,1
7028,135170,40969,1216,1
7029,142730,43260,1216,1
7030,102796,31156,1216,1
7031,173146,52483,1216,1
7032,144172,43713,1216,1
7033,103584,31420,1216,1
7034,240908,73003,1216,1
7035,113380,34410,1216,1
7036,100176,30361,1216,1
7037,171512,51964,1216,1
7038,162020,49091,1216,1
7039,291804,88389,1216,1
7040,202142,61249,1216,1
7041,193468,58626,1216,1
7042,167150,50644,1216,1
7043,101576,30814,1216,1
7044,128740,39025,1216,1
7045,138176,41916,1216,1
7046,375554,113775,1216,1
7047,206256,62518,1216,1
7048,518894,157175,1216,1
7049,473962,143570,1216,1
7050,408032,123620,1216,1
7051,100090,30358,1216,1
7052,415430,125823,1216,1
7053,135946,41194,1216,1
7054,97008,29413,1216,1
7055,162866,49345,1216,1
7056,150352,45602,1216,1
7057,95434,28929,1216,1
7058,166662,50497,1216,1
7059,469462,142215,1216,1
7060,135580,41084,1216,1
7061,180528,54710,1216,1
7062,243076,73656,1216,1
7063,221922,67237,1216,1
7064,548122,166045,1216,1
7065,155532,47146,1216,1
7066,127264,38591,1216,1
7067,215068,65151,1216,1
7068,185690,56261,1216,1
7069,91584,27761,1216,1
7070,156522,47422,1216,1
7071,118700,35992,1216,1
7072,291502,88296,1216,1
7073,90024,27297,1216,1
7074,124302,37667,1216,1
7075,146506,44402,1216,1
7076,461938,139905,1216,1
7077,100722,30565,1216,1
7078,367688,111366,1216,1
7079,210550,63793,1216,1
7080,318506,96497,1216,1
7081,213774,64759,1216,1
7082,88386,26815,1216,1
7083,116658,35350,1216,1
7084,88470,26816,1216,1
7085,217550,65928,1216,1
7086,199538,60473,1216,1
7087,89274,27058,1216,1
7088,586786,177731,1216,1
7089,145020,43939,1216,1
7090,86398,26185,1216,1
7091,350710,106245,1216,1
7092,115668,35074,1216,1
7093,86160,26115,1216,1
7094,269086,81520,1216,1
7095,228658,69264,1216,1
7096,184676,55947,1216,1
7097,85820,26011,1216,1
7098,170248,51615,1216,1
7099,1874422,567861,1216,1
7100,237296,72092,1216,1
7101,1341258,406414,1216,1
7102,146326,44381,1216,1
7103,125710,38130,1216,1
7104,121462,36834,1216,1
7105,166410,50452,1216,1
7106,185596,56253,1216,1
7107,312930,94856,1216,1
7108,201780,61155,1216,1
7109,88334,26800,1216,1
7110,87822,26634,1216,1
7111,337010,102084,1216,1
7112,226368,68587,1216,1
7113,180250,54632,1216,1
7114,126202,38265,1216,1
7115,239830,72673,1216,1
7116,89836,27239,1216,1
7117,174780,52949,1216,1
7118,330492,100104,1216,1
7119,404014,122365,1216,1
7120,610364,184917,1216,1
7121,149592,45346,1216,1
7122,151048,45774,1216,1
7123,212376,64345,1216,1
7124,114432,34686,1216,1
7125,229690,69578,1216,1
7126,89012,26979,1216,1
7127,563880,170797,1216,1
7128,152874,46345,1216,1
7129,127720,38701,1216,1
7130,265198,80341,1216,1
7131,275166,83360,1216,1
7132,115542,35022,1216,1
7133,208276,63094,1216,1
7134,318160,96392,1216,1
7135,88730,26892,1216,1
7136,88382,26788,1216,1
7137,418974,126918,1216,1
7138,440926,133576,1216,1
7139,165804,50252,1216,1
7140,254986,77247,1216,1
7141,95716,29046,1216,1
7142,346824,105046,1216,1
7143,311304,94288,1216,1
7144,196890,59657,1216,1
7145,320302,97028,1216,1
7146,140600,42610,1216,1
7147,124430,37728,1216,1
7148,85902,26036,1216,1
7149,425298,128841,1216,1
7150,467582,141636,1216,1
7151,242050,73333,1216,1
7152,142730,43253,1216,1
7153,343372,104001,1216,1
7154,88298,26761,1216,1
7155,181022,54863,1216,1
7156,213470,64666,1216,1
7157,241436,73158,1216,1
7158,90086,27304,1216,1
7159,117476,35612,1216,1
7160,89798,27219,1216,1
7161,126306,38273,1216,1
7162,268154,81347,1216,1
7163,336970,102102,1216,1
7164,201160,60969,1216,1
7165,118236,35851,1216,1
7166,141790,42984,1216,1
7167,197124,59728,1216,1
7168,205422,62251,1216,1
7169,141856,42980,1216,1
7170,92490,28056,1216,1
7171,209876,63578,1216,1
7172,152588,46229,1216,1
7173,140532,42589,1216,1
7174,201012,60908,1216,1
7175,675006,204436,1216,1
7176,211672,64121,1216,1
7177,407092,123319,1216,1
7178,436886,132318,1216,1
7179,84780,25720,1216,1
7180,84406,25605,1216,1
7181,175708,53251,1216,1
7182,144414,43755,1216,1
7183,149276,45248,1216,1
7184,256874,77844,1216,1
7185,153446,46489,1216,1
7186,86544,26232,1216,1
7187,146712,44462,1216,1
7188,208532,63216,1216,1
7189,122438,37141,1216,1
7190,286938,86941,1216,1
7191,100516,30487,1216,1
7192,392236,118797,1216,1
7193,173900,52683,1216,1
7194,125582,38062,1216,1
7195,248114,75190,1216,1
7196,358938,108740,1216,1
7197,118172,35810,1216,1
7198,147312,44633,1216,1
7199,410234,124249,1216,1
7200,226932,68788,1216,1
7201,186464,56489,1216,1
7202,114914,34822,1216,1
7203,188014,56958,1216,1
7204,86262,26167,1216,1
7205,276656,83874,1216,1
7206,125918,38199,1216,1
7207,132556,40193,1216,1
7208,293468,88925,1216,1
7209,210332,63756,1216,1
7210,275338,83405,1216,1
7211,125186,37946,1216,1
7212,146128,44286,1216,1
7213,92894,28179,1216,1
7214,88264,26754,1216,1
7215,538552,163131,1216,1
7216,145528,44099,1216,1
7217,347678,105330,1216,1
7218,383844,116281,1216,1
7219,505948,153343,1216,1
7220,325107,98944,1216,1
7221,258515,78618,1216,1
7222,148938,45151,1216,1
7223,114380,34689,1216,1
7224,274894,83290,1216,1
7225,252176,76406,1216,1
7226,440358,133432,1216,1
7227,235506,71349,1216,1
7228,90506,27432,1216,1
7229,419662,127217,1216,1
7230,147874,44816,1216,1
7231,145600,44114,1216,1
7232,86182,26130,1216,1
7233,86034,26078,1216,1
7234,122176,37053,1216,1
7235,131404,39867,1216,1
7236,270696,82007,1216,1
7237,250682,75957,1216,1
7238,146330,44336,1216,1
7239,494286,149710,1216,1
7240,206348,62518,1216,1
7241,90574,27453,1216,1
7242,148542,45005,1216,1
7243,117732,35677,1216,1
7244,166204,50388,1216,1
7245,155466,47125,1216,1
7246,161452,48938,1216,1
7247,177940,53958,1216,1
7248,359474,108887,1216,1
7249,178224,54016,1216,1
7250,213840,64802,1216,1
7251,178574,54100,1216,1
7252,228692,69277,1216,1
7253,86208,26130,1216,1
7254,115020,34854,1216,1
7255,287256,87033,1216,1
7256,87076,26403,1216,1
7257,232794,70556,1216,1
7258,613614,185867,1216,1
7259,527140,159676,1216,1
7260,118008,35784,1216,1
7261,140968,42735,1216,1
7262,207554,62889,1216,1
7263,181412,54958,1216,1
7264,141162,42770,1216,1
7265,295972,89932,1216,1
7266,112216,34005,1216,1
7267,112044,33953,1216,1
7268,182832,55416,1216,1
7269,87138,26434,1216,1
7270,88896,26962,1216,1
7271,255864,77528,1216,1
7272,176242,53392,1216,1
7273,226594,68649,1216,1
7274,115170,34923,1216,1
7275,170964,51806,1216,1
7276,511938,155082,1216,1
7277,171960,52120,1216,1
7278,86506,26218,1216,1
7279,143608,43534,1216,1
7280,281310,85231,1216,1
7281,87368,26495,1216,1
7282,312126,94539,1216,1
7283,122652,37165,1216,1
7284,352088,106653,1216,1
7285,114698,34770,1216,1
7286,85844,26032,1216,1
7287,182868,55409,1216,1
7288,99530,30166,1216,1
7289,188064,57008,1216,1
7290,295206,89541,1216,1
7291,149170,45219,1216,1
7292,86730,26288,1216,1
7293,85898,26037,1216,1
7294,145218,44025,1216,1
7295,197912,59978,1216,1
7296,146116,44286,1216,1
7297,114828,34797,1216,1
7298,239680,72626,1216,1
7299,491898,149001,1216,1
7300,150236,45619,1216,1
7301,221858,67207,1216,1
7302,237074,71816,1216,1
7303,126730,38401,1216,1
7304,149484,45315,1216,1
7305,143620,43529,1216,1
7306,205204,62164,1216,1
7307,299050,90595,1216,1
7308,242230,73376,1216,1
7309,120252,36439,1216,1
7310,198984,60278,1216,1
7311,150510,45683,1216,1
7312,466742,141421,1216,1
7313,493134,149395,1216,1
7314,450202,136393,1216,1
7315,160880,48790,1216,1
7316,201892,61175,1216,1
7317,1137518,345354,1216,1
7318,390898,118433,1216,1
7319,390954,118438,1216,1
7320,129708,39304,1216,1
7321,91792,27833,1216,1
7322,150316,45557,1216,1
7323,90920,27558,1216,1
7324,334434,101295,1216,1
7325,91926,27864,1216,1
7326,120782,36599,1216,1
7327,153752,46734,1216,1
7328,94112,28547,1216,1
7329,178420,54053,1216,1
7330,264520,80148,1216,1
7331,89852,27248,1216,1
7332,201768,61162,1216,1
7333,416786,126244,1216,1
7334,119982,36368,1216,1
7335,146936,44519,1216,1
7336,89062,26990,1216,1
7337,88748,26922,1216,1
7338,241780,73238,1216,1
7339,88734,26918,1216,1
7340,198278,60148,1216,1
7341,167774,50863,1216,1
7342,144618,43840,1216,1
7343,175664,53243,1216,1
7344,115278,34933,1216,1
7345,88154,26720,1216,1
7346,242516,73464,1216,1
7347,181878,55099,1216,1
7348,219410,66464,1216,1
7349,88108,26705,1216,1
7350,87652,26566,1216,1
7351,331806,100500,1216,1
7352,145982,44255,1216,1
7353,412386,124946,1216,1
7354,156010,47279,1216,1
7355,181934,55127,1216,1
7356,145476,44099,1216,1
7357,322928,97812,1216,1
7358,88214,26751,1216,1
7359,216246,65508,1216,1
7360,88890,26943,1216,1
7361,163636,49600,1216,1
7362,117684,35685,1216,1
7363,517944,156865,1216,1
7364,327592,99233,1216,1
7365,240398,72834,1216,1
7366,121092,36708,1216,1
7367,120640,36557,1216,1
7368,204608,62006,1216,1
7369,397760,120505,1216,1
7370,88998,27000,1216,1
7371,118264,35860,1216,1
7372,120358,36494,1216,1
7373,415580,125892,1216,1
7374,124984,37895,1216,1
7375,306032,92718,1216,1
7376,143616,43524,1216,1
7377,88872,26962,1216,1
7378,88656,26985,1216,1
7379,88360,26783,1216,1
7380,87536,26531,1216,1
7381,159796,48416,1216,1
7382,434702,131737,1216,1
7383,477220,144583,1216,1
7384,181990,55210,1216,1
7385,446274,135241,1216,1
7386,178408,54050,1216,1
7387,203766,61729,1216,1
7388,210908,63914,1216,1
7389,182278,55220,1216,1
7390,173152,52481,1216,1
7391,116958,35442,1216,1
7392,144738,43853,1216,1
7393,240576,72898,1216,1
7394,147688,44758,1216,1
7395,122650,37180,1216,1
7396,122842,37245,1216,1
7397,119164,36109,1216,1
7398,326174,98816,1216,1
7399,313390,94924,1216,1
7400,297610,90142,1216,1
7401,198802,60247,1216,1
7402,311654,94398,1216,1
7403,138798,42056,1216,1
7404,308546,93480,1216,1
7405,273742,82917,1216,1
7406,157890,47836,1216,1
7407,86552,26245,1216,1
7408,180978,54842,1216,1
7409,87022,26377,1216,1
7410,553990,167819,1216,1
7411,113188,34300,1216,1
7412,149362,45254,1216,1
7413,113698,34455,1216,1
7414,272080,82443,1216,1
7415,100534,30504,1216,1
7416,150186,45524,1216,1
7417,110810,33638,1216,1
7418,178786,54164,1216,1
7419,248588,75303,1216,1
7420,112492,34125,1216,1
7421,145958,44291,1216,1
7422,498196,150987,1216,1
7423,132554,40179,1216,1
7424,193768,58711,1216,1
7425,153276,46462,1216,1
7426,122316,37063,1216,1
7427,209648,63510,1216,1
7428,361930,109622,1216,1
7429,182024,55168,1216,1
7430,262830,79623,1216,1
7431,118840,36011,1216,1
7432,141404,42845,1216,1
7433,85808,26033,1216,1
7434,260880,79045,1216,1
7435,85798,26004,1216,1
7436,223100,67602,1216,1
7437,907474,274840,1216,1
7438,256772,77801,1216,1
7439,114296,34657,1216,1
7440,224006,67868,1216,1
7441,85762,25994,1216,1
7442,231784,70235,1216,1
7443,113958,34533,1216,1
7444,210760,63860,1216,1
7445,88348,26778,1216,1
7446,183578,55639,1216,1
7447,236174,71565,1216,1
7448,284086,86059,1216,1
7449,245412,74338,1216,1
7450,208906,63285,1216,1
7451,360680,109254,1216,1
7452,117714,35671,1216,1
7453,88610,26868,1216,1
7454,249152,75471,1216,1
7455,152682,46285,1216,1
7456,221772,67218,1216,1
7457,149870,45433,1216,1
7458,90330,27404,1216,1
7459,90638,27473,1216,1
7460,295682,89586,1216,1
7461,91150,27641,1216,1
7462,205310,62207,1216,1
7463,209172,63377,1216,1
7464,451188,136662,1216,1
7465,145796,44186,1216,1
7466,89806,27221,1216,1
7467,233248,70680,1216,1
7468,91454,27743,1216,1
7469,146398,44357,1216,1
7470,217500,65898,1216,1
7471,494530,149775,1216,1
7472,176204,53406,1216,1
7473,118076,35805,1216,1
7474,246290,74620,1216,1
7475,287246,87031,1216,1
7476,90834,27557,1216,1
7477,1002406,303589,1216,1
7478,423714,128355,1216,1
7479,183034,55464,1216,1
7480,187874,56916,1216,1
7481,459058,139081,1216,1
7482,157842,47821,1216,1
7483,275522,83457,1216,1
7484,132338,40109,1216,1
7485,377770,114420,1216,1
7486,326088,98785,1216,1
7487,169410,51326,1216,1
7488,192998,58470,1216,1
7489,167192,50681,1216,1
7490,247882,75099,1216,1
7491,93666,28389,1216,1
7492,117588,35672,1216,1
7493,251890,76316,1216,1
7494,184838,56009,1216,1
7495,190212,57626,1216,1
7496,165598,50196,1216,1
7497,155262,47065,1216,1
7498,273924,82974,1216,1
7499,92536,28058,1216,1
7500,188272,57038,1216,1
7501,537218,162738,1216,1
7502,196046,59416,1216,1
7503,123130,37326,1216,1
7504,123376,37388,1216,1
7505,230670,69899,1216,1
7506,131000,39695,1216,1
7507,248874,75413,1216,1
7508,335210,101544,1216,1
7509,184828,55995,1216,1
7510,320664,97205,1216,1
7511,242218,73401,1216,1
7512,125316,37975,1216,1
7513,156302,47381,1216,1
7514,122850,37228,1216,1
7515,184348,55850,1216,1
7516,660046,200184,1216,1
7517,328342,99526,1216,1
7518,101270,30690,1216,1
7519,349036,105719,1216,1
7520,236806,71763,1216,1
7521,139790,42383,1216,1
7522,252142,76390,1216,1
7523,259818,78713,1216,1
7524,259694,78691,1216,1
7525,642266,194522,1216,1
7526,444482,134647,1216,1
7527,258484,78313,1216,1
7528,118414,35930,1216,1
7529,158998,48200,1216,1
7530,189462,57414,1216,1
7531,131392,39841,1216,1
7532,218650,66252,1216,1
7533,295370,89470,1216,1
7534,94796,28755,1216,1
7535,337840,102354,1216,1
7536,194126,58836,1216,1
7537,353528,107105,1216,1
7538,95260,28899,1216,1
7539,344532,104367,1216,1
7540,198962,60287,1216,1
7541,155216,47030,1216,1
7542,256156,77607,1216,1
7543,94496,28664,1216,1
7544,95362,28906,1216,1
7545,101558,30806,1216,1
7546,95102,28840,1216,1
7547,96436,29255,1216,1
7548,97120,29462,1216,1
7549,257882,78142,1216,1
7550,288858,87512,1216,1
7551,473064,143302,1216,1
7552,135798,41173,1216,1
7553,163632,49588,1216,1
7554,133226,40394,1216,1
7555,127076,38533,1216,1
7556,170440,51639,1216,1
7557,309866,93885,1216,1
7558,286830,86907,1216,1
7559,198108,60028,1216,1
7560,197140,59723,1216,1
7561,128760,39034,1216,1
7562,164308,49782,1216,1
7563,131250,39783,1216,1
7564,463092,140266,1216,1
7565,260446,78892,1216,1
7566,293614,88962,1216,1
7567,126050,38221,1216,1
7568,188360,57089,1216,1
7569,211228,64014,1216,1
7570,315894,95697,1216,1
7571,177416,53814,1216,1
7572,277324,84047,1216,1
7573,286068,86661,1216,1
7574,227476,68934,1216,1
7575,122862,37233,1216,1
7576,196260,59454,1216,1
7577,285784,86586,1216,1
7578,192206,58263,1216,1
7579,182286,55229,1216,1
7580,191408,57992,1216,1
7581,182222,55210,1216,1
7582,634158,192089,1216,1
7583,239356,72564,1216,1
7584,162534,49262,1216,1
7585,222014,67290,1216,1
7586,484190,146667,1216,1
7587,123578,37493,1216,1
7588,110644,33537,1216,1
7589,939798,284612,1216,1
7590,185820,56300,1216,1
7591,180134,54609,1216,1
7592,109686,33248,1216,1
7593,232264,70365,1216,1
7594,229580,69566,1216,1
7595,115614,35074,1216,1
7596,113092,34298,1216,1
7597,113192,34340,1216,1
7598,238554,72300,1216,1
7599,114352,34676,1216,1
7600,268208,81266,1216,1
7601,354048,107273,1216,1
7602,113126,34287,1216,1
7603,383894,116324,1216,1
7604,153546,46558,1216,1
7605,338302,102492,1216,1
7606,772898,234073,1216,1
7607,147902,44832,1216,1
7608,940868,284985,1216,1
7609,457210,138541,1216,1
7610,192422,58302,1216,1
7611,227798,69026,1216,1
7612,231296,70072,1216,1
7613,575794,174392,1216,1
7614,206290,62502,1216,1
7615,266118,80619,1216,1
7616,532430,161380,1216,1
7617,323150,97974,1216,1
7618,219716,66601,1216,1
7619,375296,113730,1216,1
7620,384536,116512,1216,1
7621,124624,37773,1216,1
7622,666832,202009,1216,1
7623,345358,104648,1216,1
7624,646586,195887,1216,1
7625,126692,38416,1216,1
7626,275802,84207,1216,1
7627,305736,92631,1216,1
7628,473658,143503,1216,1
7629,125732,38125,1216,1
7630,193856,58792,1216,1
7631,127718,38710,1216,1
7632,523104,158438,1216,1
7633,125726,38106,1216,1
7634,216528,65604,1216,1
7635,127730,38747,1216,1
7636,376204,113970,1216,1
7637,388996,117864,1216,1
7638,264148,80058,1216,1
7639,126642,38386,1216,1
7640,251394,76161,1216,1
7641,125846,38145,1216,1
7642,301748,91424,1216,1
7643,171496,51967,1216,1
7644,349036,105729,1216,1
7645,177766,53866,1216,1
7646,410364,124350,1216,1
7647,435492,131940,1216,1
7648,180862,54802,1216,1
7649,2539278,769613,1216,1
7650,637010,193032,1216,1
7651,1130014,342750,1216,1
7652,528494,160138,1216,1
7653,138540,41988,1216,1
7654,273812,82988,1216,1
7655,135762,41184,1216,1
7656,408588,123850,1216,1
7657,139388,42283,1216,1
7658,396814,120232,1216,1
7659,214218,64903,1216,1
7660,320278,97020,1216,1
7661,214312,64934,1216,1
7662,603750,182893,1216,1
7663,283232,85852,1216,1
7664,350950,106344,1216,1
7665,347764,105382,1216,1
7666,427760,129612,1216,1
7667,197190,59776,1216,1
7668,209456,63507,1216,1
7669,162708,49334,1216,1
7670,119856,36329,1216,1
7671,421472,127673,1216,1
7672,811124,245758,1216,1
7673,201688,61103,1216,1
7674,240650,72920,1216,1
7675,459992,139354,1216,1
7676,165816,50268,1216,1
7677,636498,192811,1216,1
7678,289062,87663,1216,1
7679,197360,59823,1216,1
7680,187106,56721,1216,1
7681,150146,45553,1216,1
7682,334218,101263,1216,1
7683,1001886,303613,1216,1
7684,280570,85029,1216,1
7685,105474,31983,1216,1
7686,384116,116369,1216,1
7687,107206,32506,1216,1
7688,221734,67209,1216,1
7689,176050,53460,1216,1
7690,749500,227131,1216,1
7691,124470,37723,1216,1
7692,165786,50263,1216,1
7693,443332,134417,1216,1
7694,161432,48932,1216,1
7695,154930,46964,1216,1
7696,205238,62278,1216,1
7697,352272,106735,1216,1
7698,156970,47567,1216,1
7699,210428,63770,1216,1
7700,258152,78208,1216,1
7701,88498,26824,1216,1
7702,354692,107430,1216,1
7703,93376,28305,1216,1
7704,88668,26874,1216,1
7705,117340,35557,1216,1
7706,150832,45722,1216,1
7707,264356,80076,1216,1
7708,114842,34800,1216,1
7709,88388,26790,1216,1
7710,148884,45111,1216,1
7711,186468,56516,1216,1
7712,235196,71266,1216,1
7713,211230,64012,1216,1
7714,220698,66908,1216,1
7715,125254,37965,1216,1
7716,121142,36709,1216,1
7717,284138,86088,1216,1
7718,444980,134790,1216,1
7719,376598,114193,1216,1
7720,181872,55133,1216,1
7721,462170,140057,1216,1
7722,260244,78828,1216,1
7723,261344,79185,1216,1
7724,115302,34949,1216,1
7725,289946,87822,1216,1
7726,550550,166761,1216,1
7727,183278,55545,1216,1
7728,138862,42098,1216,1
7729,274164,83069,1216,1
7730,120466,36521,1216,1
7731,170508,51858,1216,1
7732,508888,154634,1216,1
7733,1126942,341452,1216,1
7734,123794,37515,1216,1
7735,147168,44675,1216,1
7736,230918,69972,1216,1
7737,118884,36041,1216,1
7738,240462,72839,1216,1
7739,309896,93903,1216,1
7740,90164,27333,1216,1
7741,239412,72561,1216,1
7742,151796,46025,1216,1
7743,146688,44449,1216,1
7744,120368,36474,1216,1
7745,84646,25655,1216,1
7746,256792,77830,1216,1
7747,248982,75457,1216,1
7748,309716,93952,1216,1
7749,246200,74596,1216,1
7750,195214,59157,1216,1
7751,329364,99769,1216,1
7752,131482,39864,1216,1
7753,416156,126088,1216,1
7754,117468,35595,1216,1
7755,143476,43494,1216,1
7756,319042,96655,1216,1
7757,287880,87245,1216,1
7758,89256,27052,1216,1
7759,116028,35158,1216,1
7760,224818,68125,1216,1
7761,368552,111649,1216,1
7762,368742,111717,1216,1
7763,89122,27021,1216,1
7764,282738,85661,1216,1
7765,294394,89171,1216,1
7766,140996,42741,1216,1
7767,262352,79481,1216,1
7768,214964,65164,1216,1
7769,131214,39803,1216,1
7770,130642,39611,1216,1
7771,454912,138491,1216,1
7772,338736,102659,1216,1
7773,275414,83460,1216,1
7774,390268,118345,1216,1
7775,89194,27032,1216,1
7776,121118,36723,1216,1
7777,236576,71683,1216,1
7778,294032,89122,1216,1
7779,118698,35978,1216,1
7780,272588,82604,1216,1
7781,145098,43974,1216,1
7782,434278,131528,1216,1
7783,385248,116722,1216,1
7784,123766,37524,1216,1
7785,198148,60042,1216,1
7786,277596,84120,1216,1
7787,244330,74047,1216,1
7788,316506,95908,1216,1
7789,519372,157344,1216,1
7790,154776,46914,1216,1
7791,88070,26715,1216,1
7792,325472,98605,1216,1
7793,127420,38656,1216,1
7794,335298,101567,1216,1
7795,205512,62277,1216,1
7796,89672,27199,1216,1
7797,114260,34634,1216,1
7798,185812,56310,1216,1
7799,297526,90186,1216,1
7800,89090,27001,1216,1
7801,89492,27147,1216,1
7802,366748,111134,1216,1
7803,242230,73401,1216,1
7804,150332,45568,1216,1
7805,231852,70241,1216,1
7806,376180,113935,1216,1
7807,253762,76865,1216,1
7808,230202,69732,1216,1
7809,112302,34044,1216,1
7810,84552,25629,1216,1
7811,83686,25366,1216,1
7812,311682,94406,1216,1
7813,84328,25582,1216,1
7814,176290,53408,1216,1
7815,112526,34122,1216,1
7816,84538,25625,1216,1
7817,115508,35001,1216,1
7818,110910,33609,1216,1
7819,219694,66549,1216,1
7820,322358,97674,1216,1
7821,116230,35252,1216,1
7822,146284,44343,1216,1
7823,145634,44131,1216,1
7824,111898,33916,1216,1
7825,333898,101158,1216,1
7826,85168,25813,1216,1
7827,119974,36353,1216,1
7828,331028,100262,1216,1
7829,139468,42266,1216,1
7830,113640,34450,1216,1
7831,117072,35496,1216,1
7832,84188,25517,1216,1
7833,203246,61584,1216,1
7834,83720,25376,1216,1
7835,83978,25455,1216,1
7836,308044,93316,1216,1
7837,170526,51662,1216,1
7838,307078,93012,1216,1
7839,142884,43291,1216,1
7840,111228,33705,1216,1
7841,140550,42584,1216,1
7842,103336,31353,1216,1
7843,86080,26090,1216,1
7844,193270,58561,1216,1
7845,323904,98115,1216,1
7846,152042,46087,1216,1
7847,424330,128526,1216,1
7848,318110,96396,1216,1
7849,243160,73665,1216,1
7850,473850,143536,1216,1
7851,153638,46546,1216,1
7852,140772,42652,1216,1
7853,208888,63278,1216,1
7854,177816,53883,1216,1
7855,180446,54698,1216,1
7856,124532,37756,1216,1
7857,117686,35675,1216,1
7858,235516,71342,1216,1
7859,181458,54970,1216,1
7860,121286,36775,1216,1
7861,182150,55191,1216,1
7862,272418,82561,1216,1
7863,415252,125848,1216,1
7864,122914,37271,1216,1
7865,92740,28118,1216,1
7866,93382,28303,1216,1
7867,259182,78543,1216,1
7868,130888,39670,1216,1
7869,326462,98894,1216,1
7870,448844,135975,1216,1
7871,89098,27024,1216,1
7872,176502,53494,1216,1
7873,121634,36857,1216,1
7874,149630,45355,1216,1
7875,257512,78024,1216,1
7876,88006,26683,1216,1
7877,147702,44761,1216,1
7878,202064,61213,1216,1
7879,215524,65287,1216,1
7880,116410,35275,1216,1
7881,195434,59203,1216,1
7882,150794,45716,1216,1
7883,229042,69404,1216,1
7884,129080,39145,1216,1
7885,261226,79136,1216,1
7886,120030,36371,1216,1
7887,248514,75310,1216,1
7888,84516,25618,1216,1
7889,234518,71062,1216,1
7890,85440,25896,1216,1
7891,97240,29485,1216,1
7892,112204,34023,1216,1
7893,496810,150464,1216,1
7894,171196,51864,1216,1
7895,341210,103458,1216,1
7896,115432,34991,1216,1
7897,117238,35548,1216,1
7898,226404,68581,1216,1
7899,84776,25696,1216,1
7900,211494,64068,1216,1
7901,440006,133275,1216,1
7902,115250,34923,1216,1
7903,586566,177693,1216,1
7904,386390,117076,1216,1
7905,160348,48628,1216,1
7906,116574,35337,1216,1
7907,88456,26810,1216,1
7908,486008,147192,1216,1
7909,230332,69771,1216,1
7910,92066,27930,1216,1
7911,146162,44306,1216,1
7912,112956,34231,1216,1
7913,113982,34549,1216,1
7914,84422,25600,1216,1
7915,282484,85583,1216,1
7916,624744,189204,1216,1
7917,554022,167788,1216,1
7918,143574,43534,1216,1
7919,85262,25855,1216,1
7920,110980,33652,1216,1
7921,366042,110887,1216,1
7922,138622,42001,1216,1
7923,84724,25701,1216,1
7924,208056,63050,1216,1
7925,170692,51714,1216,1
7926,181432,54975,1216,1
7927,128348,38927,1216,1
7928,381378,115509,1216,1
7929,128058,38827,1216,1
7930,156012,47309,1216,1
7931,89574,27169,1216,1
7932,644606,195249,1216,1
7933,117598,35681,1216,1
7934,299574,90769,1216,1
7935,184716,55985,1216,1
7936,173534,52572,1216,1
7937,145342,44035,1216,1
7938,391276,118531,1216,1
7939,346406,104920,1216,1
7940,141262,42801,1216,1
7941,322254,97622,1216,1
7942,117890,35731,1216,1
7943,289248,87612,1216,1
7944,113706,34477,1216,1
7945,260290,78865,1216,1
7946,197864,59952,1216,1
7947,84226,25530,1216,1
7948,179184,54309,1216,1
7949,85052,25802,1216,1
7950,115398,34990,1216,1
7951,84206,25545,1216,1
7952,124960,37888,1216,1
7953,168496,51059,1216,1
7954,341644,103515,1216,1
7955,324770,98392,1216,1
7956,315244,95497,1216,1
7957,139236,42201,1216,1
7958,362154,109689,1216,1
7959,115578,35022,1216,1
7960,194070,58792,1216,1
7961,112752,34168,1216,1
7962,111300,33727,1216,1
7963,138378,41928,1216,1
7964,113254,34343,1216,1
7965,409392,124014,1216,1
7966,253080,76683,1216,1
7967,84480,25615,1216,1
7968,83932,25463,1216,1
7969,505612,153153,1216,1
7970,113980,34551,1216,1
7971,118274,35839,1216,1
7972,88404,26807,1216,1
7973,114166,34596,1216,1
7974,129144,39164,1216,1
7975,128956,39108,1216,1
7976,228536,69269,1216,1
7977,160506,48676,1216,1
7978,485562,147103,1216,1
7979,336138,101859,1216,1
7980,258406,78321,1216,1
7981,583224,177102,1216,1
7982,193802,58735,1216,1
7983,444792,134758,1216,1
7984,675524,204754,1216,1
7985,299596,90768,1216,1
7986,414412,125533,1216,1
7987,224634,68057,1216,1
7988,599838,181666,1216,1
7989,430560,130502,1216,1
7990,104074,31578,1216,1
7991,169164,51272,1216,1
7992,170500,51676,1216,1
7993,216454,65590,1216,1
7994,381118,115455,1216,1
7995,294850,89343,1216,1
7996,156956,47576,1216,1
7997,254994,77270,1216,1
7998,202600,61409,1216,1
7999,119134,36135,1216,1
8000,249552,75639,1216,1
8001,2241234,679146,1216,1
8002,576515,174764,1216,1
8003,116280,35270,1216,1
8004,144760,43887,1216,1
8005,269732,81735,1216,1
8006,172662,52332,1216,1
8007,88382,26787,1216,1
8008,194204,58831,1216,1
8009,356068,107862,1216,1
8010,165224,50100,1216,1
8011,286502,86807,1216,1
8012,479801,145660,1216,1
8013,216904,65727,1216,1
8014,253828,76887,1216,1
8015,88530,26831,1216,1
8016,237090,71843,1216,1
8017,175566,53189,1216,1
8018,114780,34782,1216,1
8019,116932,35432,1216,1
8020,87022,26379,1216,1
8021,147542,44726,1216,1
8022,426776,129259,1216,1
8023,292602,88628,1216,1
8024,84030,25492,1216,1
8025,260712,78993,1216,1
8026,123484,37439,1216,1
8027,85186,25820,1216,1
8028,84860,25731,1216,1
8029,111030,33659,1216,1
8030,117782,35714,1216,1
8031,110062,33354,1216,1
8032,171086,51855,1216,1
8033,556750,168650,1216,1
8034,221748,67172,1216,1
8035,110740,33557,1216,1
8036,257504,78011,1216,1
8037,296956,90001,1216,1
8038,115022,34895,1216,1
8039,150084,45479,1216,1
8040,281522,85272,1216,1
8041,84190,25519,1216,1
8042,110874,33598,1216,1
8043,259984,78750,1216,1
8044,83832,25423,1216,1
8045,226170,68510,1216,1
8046,89030,27007,1216,1
8047,316054,95739,1216,1
8048,237234,71858,1216,1
8049,167588,50771,1216,1
8050,142612,43209,1216,1
8051,198116,60015,1216,1
8052,112960,34230,1216,1
8053,232100,70329,1216,1
8054,140286,42539,1216,1
8055,293970,89040,1216,1
8056,85444,25900,1216,1
8057,111310,33731,1216,1
8058,211978,64258,1216,1
8059,151382,45935,1216,1
8060,395724,119906,1216,1
8061,399136,120902,1216,1
8062,111552,33803,1216,1
8063,152934,46357,1216,1
8064,80596,24439,1216,1
8065,304070,92110,1216,1
8066,188066,56972,1216,1
8067,264168,80039,1216,1
8068,172458,52268,1216,1
8069,297458,90117,1216,1
8070,129930,39388,1216,1
8071,80562,24419,1216,1
8072,250410,75865,1216,1
8073,112918,34231,1216,1
8074,257776,78105,1216,1
8075,127466,38662,1216,1
8076,89764,27228,1216,1
8077,198272,60078,1216,1
8078,88858,26932,1216,1
8079,241090,73042,1216,1
8080,99718,30243,1216,1
8081,111160,33694,1216,1
8082,170176,51579,1216,1
8083,84806,25714,1216,1
8084,84094,25497,1216,1
8085,84826,25711,1216,1
8086,168122,50934,1216,1
8087,206994,62704,1216,1
8088,279310,84625,1216,1
8089,229520,69525,1216,1
8090,83940,25464,1216,1
8091,84230,25552,1216,1
8092,264600,80148,1216,1
8093,435622,131969,1216,1
8094,110662,33556,1216,1
8095,203064,61526,1216,1
8096,200924,60956,1216,1
8097,122206,37174,1216,1
8098,178042,53947,1216,1
8099,114788,34797,1216,1
8100,889593,270280,1216,1
8101,205032,62155,1216,1
8102,1365576,413831,1216,1
8103,382236,115810,1216,1
8104,558859,169551,1216,1
8105,194352,58883,1216,1
8106,117202,35521,1216,1
8107,353282,107036,1216,1
8108,161180,48859,1216,1
8109,160070,48497,1216,1
8110,157720,47786,1216,1
8111,94004,28518,1216,1
8112,122870,37233,1216,1
8113,156292,47354,1216,1
8114,212712,64450,1216,1
8115,125030,37887,1216,1
8116,124934,37872,1216,1
8117,215534,65304,1216,1
8118,361628,109617,1216,1
8119,434580,131644,1216,1
8120,477286,144568,1216,1
8121,184770,56029,1216,1
8122,268198,81274,1216,1
8123,88934,26956,1216,1
8124,154200,46739,1216,1
8125,180576,54705,1216,1
8126,115552,35016,1216,1
8127,415572,125877,1216,1
8128,211932,64225,1216,1
8129,89420,27103,1216,1
8130,178590,54105,1216,1
8131,126156,38226,1216,1
8132,209128,63351,1216,1
8133,88092,26723,1216,1
8134,440388,133395,1216,1
8135,87918,26672,1216,1
8136,179236,54300,1216,1
8137,88496,26823,1216,1
8138,152412,46178,1216,1
8139,264916,80271,1216,1
8140,88074,26721,1216,1
8141,148480,45013,1216,1
8142,148786,45091,1216,1
8143,291324,88266,1216,1
8144,330308,100061,1216,1
8145,88494,26822,1216,1
8146,379930,115097,1216,1
8147,116060,35186,1216,1
8148,153168,46408,1216,1
8149,303114,91837,1216,1
8150,88224,26764,1216,1
8151,200538,60750,1216,1
8152,550042,166583,1216,1
8153,451620,136804,1216,1
8154,144154,43676,1216,1
8155,117528,35615,1216,1
8156,209668,63516,1216,1
8157,214870,65091,1216,1
8158,264746,80194,1216,1
8159,122806,37212,1216,1
8160,180220,54599,1216,1
8161,181656,55086,1216,1
8162,189108,57294,1216,1
8163,358174,108485,1216,1
8164,92804,28144,1216,1
8165,130914,39695,1216,1
8166,94664,28691,1216,1
8167,128668,39000,1216,1
8168,126482,38338,1216,1
8169,480894,145670,1216,1
8170,123888,37550,1216,1
8171,148152,44903,1216,1
8172,90132,27335,1216,1
8173,119584,36238,1216,1
8174,117904,35739,1216,1
8175,363742,110171,1216,1
8176,153306,46463,1216,1
8177,150368,45560,1216,1
8178,271756,82317,1216,1
8179,246592,74697,1216,1
8180,90070,27314,1216,1
8181,206742,62646,1216,1
8182,156292,47380,1216,1
8183,148508,45021,1216,1
8184,302152,96521,1216,1
8185,207558,62913,1216,1
8186,404844,122643,1216,1
8187,91518,27750,1216,1
8188,91270,27678,1216,1
8189,148558,45010,1216,1
8190,377358,114332,1216,1
8191,331482,100444,1216,1
8192,207398,62995,1216,1
8193,156586,47496,1216,1
8194,424664,128672,1216,1
8195,259868,78932,1216,1
8196,235494,72193,1216,1
8197,229608,69555,1216,1
8198,529396,163574,1216,1
8199,499634,151355,1216,1
8200,195314,59646,1216,1
8201,132270,40107,1216,1
8202,98478,29847,1216,1
8203,199852,60594,1216,1
8204,94972,28785,1216,1
8205,96470,29266,1216,1
8206,182182,55193,1216,1
8207,99866,30293,1216,1
8208,134540,40768,1216,1
8209,93288,28275,1216,1
8210,167822,50870,1216,1
8211,209522,63518,1216,1
8212,124040,37588,1216,1
8213,250496,75891,1216,1
8214,213922,64805,1216,1
8215,427214,129414,1216,1
8216,321414,97354,1216,1
8217,90808,27524,1216,1
8218,213006,64536,1216,1
8219,285070,86347,1216,1
8220,92080,27934,1216,1
8221,182534,55336,1216,1
8222,245742,74440,1216,1
8223,90548,27445,1216,1
8224,145338,44082,1216,1
8225,92408,28019,1216,1
8226,318324,96463,1216,1
8227,182482,55306,1216,1
8228,128478,38956,1216,1
8229,315346,95516,1216,1
8230,88170,26725,1216,1
8231,460680,139548,1216,1
8232,181712,55049,1216,1
8233,88150,26718,1216,1
8234,181228,54903,1216,1
8235,115696,35084,1216,1
8236,278600,84390,1216,1
8237,172730,52349,1216,1
8238,87902,26643,1216,1
8239,115734,35094,1216,1
8240,88802,26930,1216,1
8241,151862,46011,1216,1
8242,115778,35108,1216,1
8243,85658,25964,1216,1
8244,374262,113356,1216,1
8245,190390,57715,1216,1
8246,206662,62615,1216,1
8247,114444,34691,1216,1
8248,211818,64164,1216,1
8249,121108,36721,1216,1
8250,236808,71734,1216,1
8251,175256,53095,1216,1
8252,177190,53704,1216,1
8253,177958,53914,1216,1
8254,203512,61661,1216,1
8255,319548,96787,1216,1
8256,201694,61122,1216,1
8257,219828,66591,1216,1
8258,138692,42034,1216,1
8259,356610,108010,1216,1
8260,84712,25678,1216,1
8261,110642,33551,1216,1
8262,137664,41711,1216,1
8263,255760,77485,1216,1
8264,254606,77133,1216,1
8265,84068,25482,1216,1
8266,140408,42579,1216,1
8267,390806,118410,1216,1
8268,197096,59708,1216,1
8269,85116,25806,1216,1
8270,171846,52084,1216,1
8271,178470,54093,1216,1
8272,203946,61862,1216,1
8273,441086,133619,1216,1
8274,150294,45562,1216,1
8275,142628,43214,1216,1
8276,116482,35296,1216,1
8277,116270,35232,1216,1
8278,155978,47266,1216,1
8279,113868,34505,1216,1
8280,87866,26628,1216,1
8281,177960,53922,1216,1
8282,206264,62492,1216,1
8283,140228,42487,1216,1
8284,116284,35237,1216,1
8285,191800,58107,1216,1
8286,310988,94240,1216,1
8287,157664,47796,1216,1
8288,144550,43899,1216,1
8289,134914,40918,1216,1
8290,140354,42566,1216,1
8291,270466,81957,1216,1
8292,564832,171100,1216,1
8293,174394,52875,1216,1
8294,654638,198281,1216,1
8295,160252,48572,1216,1
8296,181500,55015,1216,1
8297,176336,53463,1216,1
8298,472052,142993,1216,1
8299,175680,53231,1216,1
8300,135104,40955,1216,1
8301,319564,96792,1216,1
8302,182746,55362,1216,1
8303,114382,34660,1216,1
8304,205426,62251,1216,1
8305,257126,77908,1216,1
8306,88490,26843,1216,1
8307,178180,53994,1216,1
8308,90374,27401,1216,1
8309,214318,65027,1216,1
8310,184444,55906,1216,1
8311,253032,76694,1216,1
8312,335462,101614,1216,1
8313,92346,28014,1216,1
8314,189414,57379,1216,1
8315,185374,56168,1216,1
8316,185108,56077,1216,1
8317,236064,71530,1216,1
8318,112452,34090,1216,1
8319,113428,34394,1216,1
8320,212850,64475,1216,1
8321,238268,72198,1216,1
8322,215784,65367,1216,1
8323,142202,43087,1216,1
8324,119622,36260,1216,1
8325,216500,65616,1216,1
8326,114006,34566,1216,1
8327,136682,41437,1216,1
8328,380058,115123,1216,1
8329,195950,59363,1216,1
8330,104524,31713,1216,1
8331,216684,65639,1216,1
8332,87042,26393,1216,1
8333,143620,43511,1216,1
8334,318294,96437,1216,1
8335,278318,84313,1216,1
8336,113378,34356,1216,1
8337,136832,41480,1216,1
8338,221084,67008,1216,1
8339,230572,69845,1216,1
8340,88496,26825,1216,1
8341,88552,26839,1216,1
8342,117668,35657,1216,1
8343,269626,81670,1216,1
8344,88332,26773,1216,1
8345,118852,36040,1216,1
8346,121078,36698,1216,1
8347,313420,94938,1216,1
8348,88450,26809,1216,1
8349,324102,98169,1216,1
8350,274366,83143,1216,1
8351,116598,35355,1216,1
8352,604802,183209,1216,1
8353,207500,62868,1216,1
8354,209586,63535,1216,1
8355,122310,37089,1216,1
8356,90054,27295,1216,1
8357,89432,27106,1216,1
8358,332060,100601,1216,1
8359,180208,54605,1216,1
8360,154018,46668,1216,1
8361,94210,28555,1216,1
8362,90564,27449,1216,1
8363,226720,68687,1216,1
8364,136216,41285,1216,1
8365,538536,163099,1216,1
8366,91026,27587,1216,1
8367,186618,56546,1216,1
8368,211862,64181,1216,1
8369,179978,54527,1216,1
8370,127182,38540,1216,1
8371,92696,28097,1216,1
8372,383510,116194,1216,1
8373,236606,71731,1216,1
8374,156732,47487,1216,1
8375,622326,188515,1216,1
8376,98166,29753,1216,1
8377,287284,87065,1216,1
8378,163324,49550,1216,1
8379,212932,64542,1216,1
8380,525482,159180,1216,1
8381,217558,65968,1216,1
8382,167066,50658,1216,1
8383,272516,83299,1216,1
8384,211436,64053,1216,1
8385,352240,106714,1216,1
8386,488610,148180,1216,1
8387,212710,64577,1216,1
8388,219386,66503,1216,1
8389,168026,50920,1216,1
8390,213232,64610,1216,1
8391,343552,104080,1216,1
8392,1240498,375803,1216,1
8393,333586,101082,1216,1
8394,458676,138967,1216,1
8395,98516,29882,1216,1
8396,95840,29047,1216,1
8397,205764,62364,1216,1
8398,150088,45501,1216,1
8399,235898,71474,1216,1
8400,94680,28697,1216,1
8401,95666,28996,1216,1
8402,167576,50772,1216,1
8403,127628,38675,1216,1
8404,94994,28793,1216,1
8405,289046,87575,1216,1
8406,94964,28783,1216,1
8407,192816,58438,1216,1
8408,124192,37634,1216,1
8409,126518,38354,1216,1
8410,125736,38101,1216,1
8411,293566,88926,1216,1
8412,158660,48096,1216,1
8413,94950,28779,1216,1
8414,95572,28969,1216,1
8415,377618,114417,1216,1
8416,230680,69935,1216,1
8417,179882,54548,1216,1
8418,153508,46566,1216,1
8419,500736,151697,1216,1
8420,199726,60542,1216,1
8421,237888,72095,1216,1
8422,212652,64459,1216,1
8423,224152,67933,1216,1
8424,229874,69707,1216,1
8425,420330,127332,1216,1
8426,406656,123199,1216,1
8427,484222,146683,1216,1
8428,183372,55580,1216,1
8429,235466,71503,1216,1
8430,269358,81637,1216,1
8431,186554,56535,1216,1
8432,208134,63082,1216,1
8433,251554,76252,1216,1
8434,399790,121231,1216,1
8435,153480,46560,1216,1
8436,186380,56518,1216,1
8437,102368,31052,1216,1
8438,261444,79196,1216,1
8439,311694,94440,1216,1
8440,171608,51994,1216,1
8441,420206,127299,1216,1
8442,346512,104974,1216,1
8443,100688,30519,1216,1
8444,203372,61612,1216,1
8445,130074,39415,1216,1
8446,97346,29534,1216,1
8447,131306,39785,1216,1
8448,97776,29636,1216,1
8449,163020,49393,1216,1
8450,128066,38820,1216,1
8451,98196,29791,1216,1
8452,128096,38818,1216,1
8453,167032,50609,1216,1
8454,97046,29415,1216,1
8455,161456,48918,1216,1
8456,493580,149517,1216,1
8457,541854,164139,1216,1
8458,132192,40086,1216,1
8459,165046,50008,1216,1
8460,441536,133760,1216,1
8461,186468,56543,1216,1
8462,240112,72792,1216,1
8463,162938,49403,1216,1
8464,280620,85060,1216,1
8465,1072152,324730,1216,1
8466,1272887,385746,1216,1
8467,645892,195924,1216,1
8468,113186,34332,1216,1
8469,641526,194301,1216,1
8470,115410,34983,1216,1
8471,106778,32362,1216,1
8472,320088,96955,1216,1
8473,175092,53062,1216,1
8474,427908,129645,1216,1
8475,276184,83662,1216,1
8476,108462,32872,1216,1
8477,112416,34097,1216,1
8478,114524,34751,1216,1
8479,102424,31043,1216,1
8480,101886,30881,1216,1
8481,101916,30889,1216,1
8482,109158,33113,1216,1
8483,102280,31000,1216,1
8484,273224,82789,1216,1
8485,164950,50007,1216,1
8486,213830,64807,1216,1
8487,100486,30483,1216,1
8488,100326,30410,1216,1
8489,133966,40595,1216,1
8490,133864,40566,1216,1
8491,162404,49249,1216,1
8492,176122,53388,1216,1
8493,135852,41193,1216,1
8494,207122,62774,1216,1
8495,271970,82384,1216,1
8496,300194,90930,1216,1
8497,473398,143420,1216,1
8498,100324,30433,1216,1
8499,117896,35773,1216,1
8500,170080,51531,1216,1
8501,168440,51036,1216,1
8502,186550,56522,1216,1
8503,107542,32622,1216,1
8504,206476,62553,1216,1
8505,101278,30698,1216,1
8506,101264,30690,1216,1
8507,132746,40225,1216,1
8508,205570,62279,1216,1
8509,198750,60229,1216,1
8510,100576,30496,1216,1
8511,139864,42381,1216,1
8512,101048,30639,1216,1
8513,240294,72807,1216,1
8514,163606,49596,1216,1
8515,223056,67587,1216,1
8516,197236,59753,1216,1
8517,304668,92286,1216,1
8518,206116,62471,1216,1
8519,137586,41694,1216,1
8520,107712,32650,1216,1
8521,320554,97139,1216,1
8522,132702,40214,1216,1
8523,100892,30579,1216,1
8524,566776,171683,1216,1
8525,270960,82079,1216,1
8526,236460,71631,1216,1
8527,237252,71885,1216,1
8528,131482,39844,1216,1
8529,133470,40459,1216,1
8530,97594,29580,1216,1
8531,98270,29785,1216,1
8532,105816,32079,1216,1
8533,280872,85105,1216,1
8534,237662,71996,1216,1
8535,604148,182997,1216,1
8536,172728,52334,1216,1
8537,227070,68789,1216,1
8538,211128,63986,1216,1
8539,133536,40465,1216,1
8540,129468,39232,1216,1
8541,98058,29721,1216,1
8542,171228,51935,1216,1
8543,165302,50084,1216,1
8544,240544,72869,1216,1
8545,339184,102764,1216,1
8546,99446,30142,1216,1
8547,231612,70178,1216,1
8548,511556,154973,1216,1
8549,162690,49292,1216,1
8550,397126,120308,1216,1
8551,224244,67949,1216,1
8552,300010,90893,1216,1
8553,97524,29569,1216,1
8554,135692,41117,1216,1
8555,225416,68314,1216,1
8556,191612,58051,1216,1
8557,97978,29721,1216,1
8558,128052,38804,1216,1
8559,244690,74151,1216,1
8560,202076,61244,1216,1
8561,554688,168324,1216,1
8562,342449,103879,1216,1
8563,468706,142005,1216,1
8564,268890,81449,1216,1
8565,224942,68179,1216,1
8566,129796,39353,1216,1
8567,245046,74286,1216,1
8568,362256,109821,1216,1
8569,163086,49462,1216,1
8570,368420,111626,1216,1
8571,211174,64009,1216,1
8572,292099,88870,1216,1
8573,416332,126134,1216,1
8574,101116,30657,1216,1
8575,132894,40295,1216,1
8576,312288,94591,1216,1
8577,131290,39794,1216,1
8578,178692,54137,1216,1
8579,326678,98976,1216,1
8580,159214,48240,1216,1
8581,435332,131897,1216,1
8582,96578,29280,1216,1
8583,95146,28854,1216,1
8584,138534,42028,1216,1
8585,169656,51401,1216,1
8586,260106,78809,1216,1
8587,95556,28963,1216,1
8588,271254,82194,1216,1
8589,157684,47803,1216,1
8590,94822,28741,1216,1
8591,245180,74297,1216,1
8592,95712,29010,1216,1
8593,362564,109855,1216,1
8594,282482,85590,1216,1
8595,252000,76335,1216,1
8596,195252,59152,1216,1
8597,291862,88432,1216,1
8598,124990,37876,1216,1
8599,305662,92612,1216,1
8600,126936,38466,1216,1
8601,159160,48234,1216,1
8602,127846,38741,1216,1
8603,95396,28929,1216,1
8604,220014,66650,1216,1
8605,198066,60005,1216,1
8606,502438,152259,1216,1
8607,98954,30018,1216,1
8608,288474,87406,1216,1
8609,352770,106974,1216,1
8610,224312,68015,1216,1
8611,677600,205267,1216,1
8612,263688,79910,1216,1
8613,919190,278412,1216,1
8614,421002,127582,1216,1
8615,161974,49126,1216,1
8616,204600,62018,1216,1
8617,220776,66938,1216,1
8618,524028,158759,1216,1
8619,489704,148356,1216,1
8620,593392,179946,1216,1
8621,246340,74675,1216,1
8622,136856,41504,1216,1
8623,225694,68409,1216,1
8624,265998,80612,1216,1
8625,548850,166402,1216,1
8626,416676,126315,1216,1
8627,622962,188707,1216,1
8628,619062,187533,1216,1
8629,216344,65550,1216,1
8630,287724,87182,1216,1
8631,133554,40469,1216,1
8632,228436,69201,1216,1
8633,134426,40747,1216,1
8634,103264,31325,1216,1
8635,103752,31463,1216,1
8636,838618,254014,1216,1
8637,360874,109307,1216,1
8638,139374,42249,1216,1
8639,104288,31635,1216,1
8640,529350,160358,1216,1
8641,233454,70810,1216,1
8642,277558,84102,1216,1
8643,306892,92968,1216,1
8644,128550,38968,1216,1
8645,691682,209504,1216,1
8646,141068,42772,1216,1
8647,198698,60245,1216,1
8648,209184,63377,1216,1
8649,108118,32794,1216,1
8650,176910,53625,1216,1
8651,474410,143745,1216,1
8652,715600,216767,1216,1
8653,310212,94020,1216,1
8654,821256,248752,1216,1
8655,128288,38916,1216,1
8656,146268,44348,1216,1
8657,216346,65584,1216,1
8658,141096,42801,1216,1
8659,277616,84123,1216,1
8660,272668,82645,1216,1
8661,138084,41856,1216,1
8662,101396,30732,1216,1
8663,192506,58362,1216,1
8664,103468,31390,1216,1
8665,133638,40512,1216,1
8666,138628,42008,1216,1
8667,793736,240380,1216,1
8668,161672,49029,1216,1
8669,274274,83126,1216,1
8670,105724,32053,1216,1
8671,173990,52730,1216,1
8672,171238,51925,1216,1
8673,102548,31098,1216,1
8674,101764,30844,1216,1
8675,534764,161961,1216,1
8676,100798,30549,1216,1
8677,131706,39910,1216,1
8678,301272,91301,1216,1
8679,168624,51118,1216,1
8680,100448,30458,1216,1
8681,615472,186464,1216,1
8682,198264,60067,1216,1
8683,136690,41449,1216,1
8684,101024,30637,1216,1
8685,100126,30360,1216,1
8686,131304,39790,1216,1
8687,310978,94197,1216,1
8688,132856,40259,1216,1
8689,136502,41404,1216,1
8690,374062,113346,1216,1
8691,135722,41138,1216,1
8692,232890,70575,1216,1
8693,271048,82151,1216,1
8694,158062,47943,1216,1
8695,613724,185926,1216,1
8696,222228,67367,1216,1
8697,320662,97179,1216,1
8698,387542,117434,1216,1
8699,165946,50312,1216,1
8700,908830,275269,1216,1
8701,241134,73074,1216,1
8702,130996,39709,1216,1
8703,132502,40168,1216,1
8704,162778,49319,1216,1
8705,131352,39804,1216,1
8706,97988,29700,1216,1
8707,397768,120502,1216,1
8708,98508,29857,1216,1
8709,216642,65657,1216,1
8710,99032,30017,1216,1
8711,147930,44876,1216,1
8712,376518,114065,1216,1
8713,135224,40975,1216,1
8714,105804,32094,1216,1
8715,131878,39962,1216,1
8716,129674,39295,1216,1
8717,160436,48610,1216,1
8718,104232,31603,1216,1
8719,186634,56581,1216,1
8720,658664,199494,1216,1
8721,131256,39801,1216,1
8722,445552,134972,1216,1
8723,97536,29585,1216,1
8724,98142,29747,1216,1
8725,131322,39794,1216,1
8726,131666,39898,1216,1
8727,347822,105352,1216,1
8728,324816,98386,1216,1
8729,194136,58816,1216,1
8730,128854,39046,1216,1
8731,204454,61940,1216,1
8732,345350,104650,1216,1
8733,496644,150469,1216,1
8734,103834,31498,1216,1
8735,142868,43319,1216,1
8736,134058,40648,1216,1
8737,402468,121943,1216,1
8738,133034,40311,1216,1
8739,177140,53669,1216,1
8740,333232,100934,1216,1
8741,195502,59254,1216,1
8742,140914,42726,1216,1
8743,103872,31494,1216,1
8744,142792,43264,1216,1
8745,238800,72353,1216,1
8746,173716,52630,1216,1
8747,136812,41482,1216,1
8748,273394,82815,1216,1
8749,102426,31042,1216,1
8750,235398,71309,1216,1
8751,110828,33633,1216,1
8752,102916,31194,1216,1
8753,143914,43676,1216,1
8754,276346,83748,1216,1
8755,165796,50233,1216,1
8756,265114,80334,1216,1
8757,335104,101518,1216,1
8758,423892,128398,1216,1
8759,134700,40854,1216,1
8760,427976,129666,1216,1
8761,535472,162226,1216,1
8762,242212,73422,1216,1
8763,523354,158549,1216,1
8764,373298,113104,1216,1
8765,137036,41556,1216,1
8766,303558,91984,1216,1
8767,176512,53521,1216,1
8768,629591,191109,1216,1
8769,439794,133207,1216,1
8770,150730,45681,1216,1
8771,131008,39708,1216,1
8772,201702,61118,1216,1
8773,102568,31086,1216,1
8774,343506,104065,1216,1
8775,237250,71924,1216,1
8776,198066,60003,1216,1
8777,687442,208220,1216,1
8778,327402,99193,1216,1
8779,805244,243891,1216,1
8780,229408,69523,1216,1
8781,97932,29695,1216,1
8782,255148,77334,1216,1
8783,103312,31311,1216,1
8784,234944,71174,1216,1
8785,230520,69843,1216,1
8786,195044,59119,1216,1
8787,276556,83774,1216,1
8788,301778,91412,1216,1
8789,332520,100745,1216,1
8790,337994,102377,1216,1
8791,142138,43070,1216,1
8792,425934,129006,1216,1
8793,347848,105385,1216,1
8794,283520,85922,1216,1
8795,166236,50403,1216,1
8796,115270,34983,1216,1
8797,204142,61844,1216,1
8798,230314,69769,1216,1
8799,386326,117058,1216,1
8800,127418,38652,1216,1
8801,194206,58846,1216,1
8802,237146,71866,1216,1
8803,495582,150111,1216,1
8804,158934,48155,1216,1
8805,193970,58782,1216,1
8806,229256,69462,1216,1
8807,325258,98532,1216,1
8808,98216,29796,1216,1
8809,129752,39330,1216,1
8810,98022,29722,1216,1
8811,357530,108306,1216,1
8812,97432,29531,1216,1
8813,195234,59148,1216,1
8814,138266,41912,1216,1
8815,127928,38766,1216,1
8816,640020,193902,1216,1
8817,850144,257548,1216,1
8818,141100,42766,1216,1
8819,140158,42499,1216,1
8820,256754,77819,1216,1
8821,480744,145645,1216,1
8822,270058,81806,1216,1
8823,105218,31916,1216,1
8824,240674,72945,1216,1
8825,763020,231095,1216,1
8826,132186,40069,1216,1
8827,237826,72071,1216,1
8828,127798,38727,1216,1
8829,579454,175531,1216,1
8830,205530,62279,1216,1
8831,286276,86728,1216,1
8832,129212,39166,1216,1
8833,196856,59664,1216,1
8834,374992,113575,1216,1
8835,98310,29822,1216,1
8836,203170,61659,1216,1
8837,207456,62875,1216,1
8838,495652,150144,1216,1
8839,195412,59211,1216,1
8840,161548,48947,1216,1
8841,101656,30839,1216,1
8842,98876,29995,1216,1
8843,315334,95620,1216,1
8844,240692,72927,1216,1
8845,231336,70089,1216,1
8846,99372,30120,1216,1
8847,202432,61416,1216,1
8848,368784,111700,1216,1
8849,131584,39873,1216,1
8850,99174,30059,1216,1
8851,98304,29811,1216,1
8852,260410,78899,1216,1
8853,128786,39026,1216,1
8854,135902,41181,1216,1
8855,134854,40863,1216,1
8856,99534,30166,1216,1
8857,146586,44442,1216,1
8858,198136,60049,1216,1
8859,169114,51278,1216,1
8860,563364,170662,1216,1
8861,99248,30112,1216,1
8862,288846,87520,1216,1
8863,299236,90651,1216,1
8864,337504,102254,1216,1
8865,162138,49150,1216,1
8866,334572,101339,1216,1
8867,230150,69733,1216,1
8868,251004,76050,1216,1
8869,160582,48678,1216,1
8870,131156,39744,1216,1
8871,132038,40018,1216,1
8872,98218,29769,1216,1
8873,98084,29729,1216,1
8874,110260,33415,1216,1
8875,329684,99871,1216,1
8876,161866,49054,1216,1
8877,421426,127786,1216,1
8878,227542,68930,1216,1
8879,203128,61580,1216,1
8880,198306,60103,1216,1
8881,154550,46855,1216,1
8882,210292,63733,1216,1
8883,97832,29653,1216,1
8884,100860,30596,1216,1
8885,293710,88977,1216,1
8886,179558,54428,1216,1
8887,98362,29824,1216,1
8888,171452,51946,1216,1
8889,417986,126599,1216,1
8890,97864,29664,1216,1
8891,164782,49925,1216,1
8892,206542,62598,1216,1
8893,236124,71543,1216,1
8894,207458,62859,1216,1
8895,138908,42091,1216,1
8896,228982,69366,1216,1
8897,128782,39025,1216,1
8898,267996,81178,1216,1
8899,168772,51133,1216,1
8900,100514,30492,1216,1
8901,224934,68166,1216,1
8902,125058,37937,1216,1
8903,99206,30091,1216,1
8904,134890,40900,1216,1
8905,139742,42371,1216,1
8906,169718,51447,1216,1
8907,602236,182417,1216,1
8908,168522,51100,1216,1
8909,167954,50911,1216,1
8910,130674,39598,1216,1
8911,195268,59166,1216,1
8912,96912,29375,1216,1
8913,129150,39148,1216,1
8914,132250,40079,1216,1
8915,617074,186921,1216,1
8916,126028,38291,1216,1
8917,95250,28883,1216,1
8918,250676,75935,1216,1
8919,189416,57396,1216,1
8920,160264,48583,1216,1
8921,96940,29407,1216,1
8922,127658,38698,1216,1
8923,362614,109855,1216,1
8924,298760,90494,1216,1
8925,137668,41764,1216,1
8926,466382,141302,1216,1
8927,294894,89366,1216,1
8928,232452,70464,1216,1
8929,259678,78701,1216,1
8930,552394,167344,1216,1
8931,170362,51659,1216,1
8932,457434,138694,1216,1
8933,131006,39742,1216,1
8934,448398,135832,1216,1
8935,128916,39078,1216,1
8936,275780,83574,1216,1
8937,199112,60345,1216,1
8938,434468,131589,1216,1
8939,127606,38668,1216,1
8940,98072,29725,1216,1
8941,233634,70774,1216,1
8942,568854,172306,1216,1
8943,450636,136483,1216,1
8944,100914,30610,1216,1
8945,492634,149375,1216,1
8946,168026,50960,1216,1
8947,268858,81464,1216,1
8948,185510,56203,1216,1
8949,201126,60929,1216,1
8950,122778,37216,1216,1
8951,192694,58387,1216,1
8952,92746,28111,1216,1
8953,93104,28220,1216,1
8954,92578,28074,1216,1
8955,242848,73564,1216,1
8956,122524,37127,1216,1
8957,122614,37156,1216,1
8958,93444,28345,1216,1
8959,189936,57566,1216,1
8960,123644,37467,1216,1
8961,466922,141455,1216,1
8962,122204,37031,1216,1
8963,122174,37044,1216,1
8964,318216,96423,1216,1
8965,124390,37704,1216,1
8966,170762,51775,1216,1
8967,331426,100412,1216,1
8968,155984,47296,1216,1
8969,131194,39780,1216,1
8970,987449,299281,1216,1
8971,99718,30245,1216,1
8972,281468,85283,1216,1
8973,98446,29835,1216,1
8974,162362,49321,1216,1
8975,146806,44481,1216,1
8976,99038,30045,1216,1
8977,202006,61196,1216,1
8978,358380,108559,1216,1
8979,218520,66198,1216,1
8980,159924,48462,1216,1
8981,138944,42101,1216,1
8982,99520,30183,1216,1
8983,98230,29799,1216,1
8984,100780,30542,1216,1
8985,97874,29674,1216,1
8986,129636,39307,1216,1
8987,185290,56186,1216,1
8988,163224,49453,1216,1
8989,172584,52311,1216,1
8990,126466,38348,1216,1
8991,97318,29521,1216,1
8992,355012,107552,1216,1
8993,204394,61935,1216,1
8994,290052,87858,1216,1
8995,96894,29367,1216,1
8996,126042,38194,1216,1
8997,167678,50801,1216,1
8998,394442,119470,1216,1
8999,97320,29498,1216,1
9000,98260,29805,1216,1
9001,328780,99622,1216,1
9002,240714,73203,1216,1
9003,99398,30148,1216,1
9004,574696,174085,1216,1
9005,128302,38904,1216,1
9006,132780,40245,1216,1
9007,115112,34909,1216,1
9008,139546,42309,1216,1
9009,130178,39472,1216,1
9010,251140,76091,1216,1
9011,99860,30292,1216,1
9012,261502,79214,1216,1
9013,95742,29043,1216,1
9014,155826,47238,1216,1
9015,126334,38282,1216,1
9016,354230,107292,1216,1
9017,226924,68766,1216,1
9018,452702,137121,1216,1
9019,200888,60858,1216,1
9020,520416,157616,1216,1
9021,202942,61505,1216,1
9022,181122,54904,1216,1
9023,410492,124365,1216,1
9024,409508,124072,1216,1
9025,159956,48570,1216,1
9026,145476,44116,1216,1
9027,261116,79146,1216,1
9028,98382,29841,1216,1
9029,128560,38983,1216,1
9030,389092,117888,1216,1
9031,160452,48641,1216,1
9032,167856,50883,1216,1
9033,166772,50554,1216,1
9034,98128,29742,1216,1
9035,284124,86066,1216,1
9036,97922,29680,1216,1
9037,98268,29786,1216,1
9038,169786,51441,1216,1
9039,128084,38829,1216,1
9040,223704,67795,1216,1
9041,324498,98290,1216,1
9042,559860,169571,1216,1
9043,204196,61861,1216,1
9044,99300,30097,1216,1
9045,164412,49815,1216,1
9046,98424,29853,1216,1
9047,224014,67888,1216,1
9048,103102,31277,1216,1
9049,462512,140215,1216,1
9050,99566,30202,1216,1
9051,148262,44951,1216,1
9052,309746,93824,1216,1
9053,557636,168929,1216,1
9054,407860,123559,1216,1
9055,347292,105208,1216,1
9056,171950,52109,1216,1
9057,205796,62348,1216,1
9058,377776,114466,1216,1
9059,101580,30815,1216,1
9060,231126,70027,1216,1
9061,115544,35133,1216,1
9062,101566,30811,1216,1
9063,241282,73118,1216,1
9064,566364,171544,1216,1
9065,251778,76313,1216,1
9066,440512,133449,1216,1
9067,137104,41571,1216,1
9068,100872,30588,1216,1
9069,176276,53435,1216,1
9070,106324,32238,1216,1
9071,391186,118485,1216,1
9072,139044,42174,1216,1
9073,176452,53517,1216,1
9074,328848,99635,1216,1
9075,628530,190353,1216,1
9076,165022,49998,1216,1
9077,181322,54943,1216,1
9078,366366,111006,1216,1
9079,412330,124915,1216,1
9080,200672,60809,1216,1
9081,254198,77002,1216,1
9082,104184,31588,1216,1
9083,104136,31563,1216,1
9084,147206,44765,1216,1
9085,169392,51360,1216,1
9086,150426,45606,1216,1
9087,112258,34048,1216,1
9088,134848,40887,1216,1
9089,169492,51379,1216,1
9090,270154,81863,1216,1
9091,563980,170846,1216,1
9092,267642,81096,1216,1
9093,282656,85654,1216,1
9094,158338,47999,1216,1
9095,100018,30341,1216,1
9096,296656,89884,1216,1
9097,94926,28784,1216,1
9098,270608,81971,1216,1
9099,248784,75400,1216,1
9100,186656,56658,1216,1
9101,95170,28873,1216,1
9102,190904,57846,1216,1
9103,395380,119767,1216,1
9104,257270,77941,1216,1
9105,840670,254591,1216,1
9106,135858,41167,1216,1
9107,160604,48683,1216,1
9108,188712,57196,1216,1
9109,264450,80131,1216,1
9110,184010,55771,1216,1
9111,124954,37875,1216,1
9112,94384,28636,1216,1
9113,152948,46368,1216,1
9114,122904,37268,1216,1
9115,476180,144246,1216,1
9116,123754,37512,1216,1
9117,191682,58095,1216,1
9118,385750,116861,1216,1
9119,152218,46120,1216,1
9120,94356,28601,1216,1
9121,251928,76314,1216,1
9122,92884,28175,1216,1
9123,455568,137978,1216,1
9124,189590,57448,1216,1
9125,217198,65836,1216,1
9126,254000,76984,1216,1
9127,356388,107990,1216,1
9128,504240,152766,1216,1
9129,127572,38698,1216,1
9130,378360,114642,1216,1
9131,171620,52054,1216,1
9132,424120,128840,1216,1
9133,547206,165772,1216,1
9134,377990,114540,1216,1
9135,298406,90443,1216,1
9136,193476,58710,1216,1
9137,292542,88648,1216,1
9138,288364,87383,1216,1
9139,132424,40146,1216,1
9140,273908,83005,1216,1
9141,97406,29533,1216,1
9142,162172,49135,1216,1
9143,410426,124443,1216,1
9144,97952,29688,1216,1
9145,133416,40426,1216,1
9146,428280,129834,1216,1
9147,304284,92183,1216,1
9148,368516,111634,1216,1
9149,191502,58059,1216,1
9150,207610,62918,1216,1
9151,418008,126628,1216,1
9152,651530,197315,1216,1
9153,467060,142002,1216,1
9154,99152,30077,1216,1
9155,102510,31067,1216,1
9156,116754,35406,1216,1
9157,322684,97804,1216,1
9158,222822,67506,1216,1
9159,532836,161630,1216,1
9160,100744,30558,1216,1
9161,162100,49129,1216,1
9162,528834,160199,1216,1
9163,128150,38844,1216,1
9164,132528,40181,1216,1
9165,98590,29881,1216,1
9166,96170,29161,1216,1
9167,581008,175997,1216,1
9168,136420,41360,1216,1
9169,129048,39114,1216,1
9170,631326,191259,1216,1
9171,157678,47807,1216,1
9172,156654,47509,1216,1
9173,464282,140644,1216,1
9174,945790,287242,1216,1
9175,225414,68306,1216,1
9176,534566,161946,1216,1
9177,313212,94894,1216,1
9178,341774,103560,1216,1
9179,127882,38761,1216,1
9180,256990,77882,1216,1
9181,222506,67450,1216,1
9182,218026,66081,1216,1
9183,259154,78532,1216,1
9184,184086,55795,1216,1
9185,176202,53434,1216,1
9186,216136,65529,1216,1
9187,222794,67516,1216,1
9188,118776,36008,1216,1
9189,458166,138774,1216,1
9190,102788,31152,1216,1
9191,159972,48491,1216,1
9192,156946,47552,1216,1
9193,167996,50923,1216,1
9194,177280,53734,1216,1
9195,92978,28206,1216,1
9196,122448,37104,1216,1
9197,335522,101625,1216,1
9198,92526,28045,1216,1
9199,101766,30874,1216,1
9200,253574,76835,1216,1
9201,308190,93386,1216,1
9202,350438,106154,1216,1
9203,253292,76726,1216,1
9204,212498,64375,1216,1
9205,93370,28300,1216,1
9206,151520,45909,1216,1
9207,151018,45755,1216,1
9208,410164,124275,1216,1
9209,235008,71235,1216,1
9210,202280,61318,1216,1
9211,99246,30104,1216,1
9212,304018,92106,1216,1
9213,251696,76253,1216,1
9214,208656,63209,1216,1
9215,90756,27508,1216,1
9216,90426,27431,1216,1
9217,121056,36682,1216,1
9218,118554,35949,1216,1
9219,110340,33446,1216,1
9220,107706,32683,1216,1
9221,120354,36470,1216,1
9222,313110,94864,1216,1
9223,90872,27544,1216,1
9224,261432,79190,1216,1
9225,128260,38891,1216,1
9226,245114,74274,1216,1
9227,124004,37599,1216,1
9228,147714,44762,1216,1
9229,126390,38326,1216,1
9230,90660,27479,1216,1
9231,184386,55860,1216,1
9232,252296,76449,1216,1
9233,90962,27580,1216,1
9234,345092,104549,1216,1
9235,233890,70875,1216,1
9236,286376,86758,1216,1
9237,119410,36186,1216,1
9238,91852,27850,1216,1
9239,181804,55104,1216,1
9240,107052,32477,1216,1
9241,247996,75121,1216,1
9242,100952,30625,1216,1
9243,219788,66605,1216,1
9244,122710,37209,1216,1
9245,129544,39254,1216,1
9246,120978,36682,1216,1
9247,92642,28079,1216,1
9248,267294,80965,1216,1
9249,288528,87396,1216,1
9250,175126,53081,1216,1
9251,186982,56647,1216,1
9252,125146,37947,1216,1
9253,198916,60275,1216,1
9254,219826,66618,1216,1
9255,276896,83897,1216,1
9256,120902,36654,1216,1
9257,221364,67064,1216,1
9258,233656,70793,1216,1
9259,231024,70006,1216,1
9260,223002,67578,1216,1
9261,93502,28340,1216,1
9262,221318,67067,1216,1
9263,162448,49245,1216,1
9264,227622,68978,1216,1
9265,224010,67885,1216,1
9266,153904,46646,1216,1
9267,161812,49024,1216,1
9268,316178,95807,1216,1
9269,397996,120546,1216,1
9270,92786,28122,1216,1
9271,500222,151499,1216,1
9272,158020,47901,1216,1
9273,100498,30484,1216,1
9274,94434,28636,1216,1
9275,93774,28422,1216,1
9276,92986,28184,1216,1
9277,223468,67696,1216,1
9278,540686,163752,1216,1
9279,186740,56597,1216,1
9280,130386,39532,1216,1
9281,194204,58834,1216,1
9282,122996,37271,1216,1
9283,631820,191348,1216,1
9284,288696,87513,1216,1
9285,172640,52345,1216,1
9286,562078,170255,1216,1
9287,294258,89157,1216,1
9288,168554,51092,1216,1
9289,155578,47159,1216,1
9290,194710,59078,1216,1
9291,284982,86346,1216,1
9292,345074,104546,1216,1
9293,183728,55699,1216,1
9294,154186,46755,1216,1
9295,248832,75400,1216,1
9296,432292,130954,1216,1
9297,260392,78878,1216,1
9298,191256,57962,1216,1
9299,123236,37369,1216,1
9300,226084,68506,1216,1
9301,159616,48386,1216,1
9302,167094,50649,1216,1
9303,263672,79885,1216,1
9304,201056,60934,1216,1
9305,95584,28971,1216,1
9306,164502,49865,1216,1
9307,285102,86405,1216,1
9308,220022,66705,1216,1
9309,318916,96656,1216,1
9310,412186,125187,1216,1
9311,292902,88747,1216,1
9312,212460,64405,1216,1
9313,161456,48956,1216,1
9314,102578,31115,1216,1
9315,230300,69765,1216,1
9316,164558,49857,1216,1
9317,124572,37760,1216,1
9318,124186,37657,1216,1
9319,128102,38819,1216,1
9320,94916,28769,1216,1
9321,95158,28842,1216,1
9322,95350,28900,1216,1
9323,94452,28627,1216,1
9324,125670,38106,1216,1
9325,417390,126429,1216,1
9326,259154,78503,1216,1
9327,386692,117162,1216,1
9328,102070,30967,1216,1
9329,198142,60027,1216,1
9330,95660,28995,1216,1
9331,130554,39572,1216,1
9332,126094,38210,1216,1
9333,403642,122254,1216,1
9334,404884,122657,1216,1
9335,201652,61101,1216,1
9336,195376,59189,1216,1
9337,200278,60700,1216,1
9338,297768,90196,1216,1
9339,134232,40701,1216,1
9340,172226,52181,1216,1
9341,270976,82110,1216,1
9342,234348,71016,1216,1
9343,158030,47882,1216,1
9344,134504,40758,1216,1
9345,435446,131914,1216,1
9346,98570,29888,1216,1
9347,97066,29449,1216,1
9348,144820,43937,1216,1
9349,135330,41035,1216,1
9350,130338,39507,1216,1
9351,742226,224782,1216,1
9352,131322,39792,1216,1
9353,227730,68986,1216,1
9354,97556,29569,1216,1
9355,245272,74327,1216,1
9356,174598,52900,1216,1
9357,98246,29779,1216,1
9358,236088,71545,1216,1
9359,98354,29811,1216,1
9360,230074,69698,1216,1
9361,98384,29820,1216,1
9362,524518,158884,1216,1
9363,162450,49220,1216,1
9364,233170,70635,1216,1
9365,259104,78485,1216,1
9366,99830,30280,1216,1
9367,132092,40052,1216,1
9368,201410,61018,1216,1
9369,114496,34740,1216,1
9370,252184,76418,1216,1
9371,98794,29944,1216,1
9372,134800,40846,1216,1
9373,132610,40197,1216,1
9374,547352,165771,1216,1
9375,104112,31582,1216,1
9376,141896,42993,1216,1
9377,182976,55443,1216,1
9378,237926,72099,1216,1
9379,303590,91984,1216,1
9380,527482,159755,1216,1
9381,242326,73422,1216,1
9382,366986,111157,1216,1
9383,281352,85271,1216,1
9384,161884,49049,1216,1
9385,338858,102638,1216,1
9386,134364,40741,1216,1
9387,170972,51800,1216,1
9388,100090,30337,1216,1
9389,163826,49663,1216,1
9390,157904,47866,1216,1
9391,185406,56212,1216,1
9392,227586,69002,1216,1
9393,144490,43809,1216,1
9394,136874,41476,1216,1
9395,354734,107474,1216,1
9396,320002,96956,1216,1
9397,394340,119464,1216,1
9398,98830,29983,1216,1
9399,327684,99254,1216,1
9400,786606,238246,1216,1
9401,215538,65333,1216,1
9402,363638,110156,1216,1
9403,168672,51130,1216,1
9404,101262,30692,1216,1
9405,165544,50182,1216,1
9406,138390,41947,1216,1
9407,227096,68795,1216,1
9408,232024,70327,1216,1
9409,100652,30533,1216,1
9410,132372,40127,1216,1
9411,131790,39948,1216,1
9412,225841,68895,1216,1
9413,592647,179612,1216,1
9414,387914,117515,1216,1
9415,103522,31391,1216,1
9416,219428,66512,1216,1
9417,352730,106866,1216,1
9418,171580,52016,1216,1
9419,168758,51149,1216,1
9420,133360,40440,1216,1
9421,163064,49430,1216,1
9422,253822,76915,1216,1
9423,371156,112449,1216,1
9424,131722,39944,1216,1
9425,261982,79385,1216,1
9426,106258,32215,1216,1
9427,204680,62035,1216,1
9428,170060,51525,1216,1
9429,403546,122265,1216,1
9430,173918,52719,1216,1
9431,134838,40883,1216,1
9432,370876,112333,1216,1
9433,193724,58788,1216,1
9434,101164,30688,1216,1
9435,341192,103356,1216,1
9436,193020,58523,1216,1
9437,106246,32209,1216,1
9438,112910,34258,1216,1
9439,314764,95341,1216,1
9440,130216,39460,1216,1
9441,98454,29842,1216,1
9442,166000,50295,1216,1
9443,160704,48690,1216,1
9444,199732,60510,1216,1
9445,138178,41890,1216,1
9446,97760,29633,1216,1
9447,513768,155602,1216,1
9448,130960,39685,1216,1
9449,242920,73588,1216,1
9450,203312,61594,1216,1
9451,219290,66474,1216,1
9452,170018,51541,1216,1
9453,103402,31341,1216,1
9454,151784,46020,1216,1
9455,103854,31505,1216,1
9456,100848,30566,1216,1
9457,426100,129097,1216,1
9458,207038,62760,1216,1
9459,206142,62461,1216,1
9460,467180,141496,1216,1
9461,358478,108586,1216,1
9462,101288,30701,1216,1
9463,265200,80335,1216,1
9464,199530,60488,1216,1
9465,101300,30731,1216,1
9466,197298,59784,1216,1
9467,215044,65231,1216,1
9468,101528,30769,1216,1
9469,101754,30842,1216,1
9470,133896,40585,1216,1
9471,382636,115935,1216,1
9472,101412,30765,1216,1
9473,102308,31006,1216,1
9474,100768,30559,1216,1
9475,242602,73517,1216,1
9476,144566,43831,1216,1
9477,274036,83061,1216,1
9478,121710,36904,1216,1
9479,211224,64016,1216,1
9480,100952,30599,1216,1
9481,102632,31104,1216,1
9482,265412,80418,1216,1
9483,302898,91775,1216,1
9484,230232,69747,1216,1
9485,269586,81688,1216,1
9486,97924,29681,1216,1
9487,192654,58366,1216,1
9488,144548,43800,1216,1
9489,167230,50679,1216,1
9490,204856,62061,1216,1
9491,262196,79430,1216,1
9492,257466,78032,1216,1
9493,541864,164137,1216,1
9494,133020,40333,1216,1
9495,241594,73186,1216,1
9496,113754,34482,1216,1
9497,188594,57220,1216,1
9498,332870,100865,1216,1
9499,351308,106430,1216,1
9500,143182,43411,1216,1
9501,198012,60015,1216,1
9502,150340,45558,1216,1
9503,102672,31128,1216,1
9504,200556,60878,1216,1
9505,241388,73125,1216,1
9506,397818,120534,1216,1
9507,101610,30807,1216,1
9508,143326,43429,1216,1
9509,106564,32297,1216,1
9510,104076,31554,1216,1
9511,267088,80933,1216,1
9512,252610,76650,1216,1
9513,391232,118540,1216,1
9514,532812,161749,1216,1
9515,143984,43656,1216,1
9516,1239945,376574,1216,1
9517,109080,33086,1216,1
9518,159236,48292,1216,1
9519,179536,54424,1216,1
9520,416336,126130,1216,1
9521,439316,133102,1216,1
9522,174750,52989,1216,1
9523,201794,61166,1216,1
9524,102874,31203,1216,1
9525,103014,31247,1216,1
9526,265794,80516,1216,1
9527,188360,57071,1216,1
9528,141644,42921,1216,1
9529,105406,31947,1216,1
9530,134266,40684,1216,1
9531,280546,84980,1216,1
9532,102136,30956,1216,1
9533,200772,60825,1216,1
9534,427296,129428,1216,1
9535,102174,30995,1216,1
9536,229682,69576,1216,1
9537,148812,45128,1216,1
9538,336690,102009,1216,1
9539,200674,60794,1216,1
9540,110620,33568,1216,1
9541,133056,40321,1216,1
9542,238410,72221,1216,1
9543,98094,29732,1216,1
9544,132508,40180,1216,1
9545,331570,100457,1216,1
9546,202668,61424,1216,1
9547,128332,38913,1216,1
9548,97764,29659,1216,1
9549,215600,65340,1216,1
9550,297678,90167,1216,1
9551,216762,65694,1216,1
9552,98156,29751,1216,1
9553,130982,39716,1216,1
9554,155438,47108,1216,1
9555,131696,39907,1216,1
9556,172944,52399,1216,1
9557,142072,43090,1216,1
9558,295072,89405,1216,1
9559,275684,83534,1216,1
9560,195016,59081,1216,1
9561,371258,112474,1216,1
9562,124482,37745,1216,1
9563,342302,103705,1216,1
9564,318988,96633,1216,1
9565,277828,84162,1216,1
9566,134274,40706,1216,1
9567,165456,50130,1216,1
9568,124456,37715,1216,1
9569,161348,48910,1216,1
9570,163618,49573,1216,1
9571,321870,97494,1216,1
9572,379436,114927,1216,1
9573,95276,28876,1216,1
9574,143862,43595,1216,1
9575,141100,42796,1216,1
9576,191556,58072,1216,1
9577,187118,56703,1216,1
9578,95460,28961,1216,1
9579,221820,67222,1216,1
9580,668550,202496,1216,1
9581,269002,81509,1216,1
9582,637862,193298,1216,1
9583,97768,29659,1216,1
9584,324328,98264,1216,1
9585,126080,38207,1216,1
9586,233434,70714,1216,1
9587,156944,47562,1216,1
9588,160074,48525,1216,1
9589,126918,38484,1216,1
9590,195018,59108,1216,1
9591,144268,43758,1216,1
9592,111110,33712,1216,1
9593,126652,38378,1216,1
9594,156828,47527,1216,1
9595,127084,38532,1216,1
9596,108438,32887,1216,1
9597,193642,58679,1216,1
9598,130726,39638,1216,1
9599,233726,70802,1216,1
9600,548726,166225,1216,1
9601,336820,102069,1216,1
9602,228720,69300,1216,1
9603,139660,42356,1216,1
9604,163674,49616,1216,1
9605,101534,30774,1216,1
9606,95414,28921,1216,1
9607,220702,66869,1216,1
9608,561302,170074,1216,1
9609,191752,58126,1216,1
9610,570138,172710,1216,1
9611,359266,108853,1216,1
9612,144514,43838,1216,1
9613,169326,51318,1216,1
9614,97670,29630,1216,1
9615,692602,209773,1216,1
9616,193328,58595,1216,1
9617,197298,59784,1216,1
9618,95610,28980,1216,1
9619,180364,54678,1216,1
9620,265042,80311,1216,1
9621,128482,38962,1216,1
9622,125534,38040,1216,1
9623,611984,185460,1216,1
9624,342446,103723,1216,1
9625,1018610,308513,1216,1
9626,95892,29079,1216,1
9627,159564,48356,1216,1
9628,367466,111316,1216,1
9629,100868,30599,1216,1
9630,265412,80424,1216,1
9631,196212,59456,1216,1
9632,174890,52999,1216,1
9633,97552,29578,1216,1
9634,97896,29673,1216,1
9635,166360,50403,1216,1
9636,98006,29729,1216,1
9637,147744,44776,1216,1
9638,302456,91641,1216,1
9639,728198,220571,1216,1
9640,105110,31886,1216,1
9641,99768,30240,1216,1
9642,98594,29885,1216,1
9643,178564,54109,1216,1
9644,197928,59990,1216,1
9645,272496,82543,1216,1
9646,178458,54096,1216,1
9647,97814,29673,1216,1
9648,293994,89053,1216,1
9649,97890,29670,1216,1
9650,328548,99528,1216,1
9651,134274,40687,1216,1
9652,129164,39141,1216,1
9653,215342,65262,1216,1
9654,131564,39868,1216,1
9655,97414,29552,1216,1
9656,381746,115625,1216,1
9657,133848,40558,1216,1
9658,272180,82462,1216,1
9659,134448,40751,1216,1
9660,197630,59870,1216,1
9661,130198,39481,1216,1
9662,97918,29689,1216,1
9663,234452,71023,1216,1
9664,499024,151138,1216,1
9665,200526,60773,1216,1
9666,97362,29522,1216,1
9667,101606,30821,1216,1
9668,293694,88988,1216,1
9669,125254,37982,1216,1
9670,315834,95664,1216,1
9671,219326,66443,1216,1
9672,374764,113536,1216,1
9673,94980,28790,1216,1
9674,95260,28872,1216,1
9675,191756,58093,1216,1
9676,169516,51359,1216,1
9677,195752,59304,1216,1
9678,763676,231277,1216,1
9679,129022,39097,1216,1
9680,128282,38872,1216,1
9681,203292,61612,1216,1
9682,123976,37592,1216,1
9683,112932,34254,1216,1
9684,805656,244010,1216,1
9685,122314,37089,1216,1
9686,92582,28073,1216,1
9687,184024,55764,1216,1
9688,155482,47131,1216,1
9689,340052,103037,1216,1
9690,213824,64790,1216,1
9691,210484,63776,1216,1
9692,393264,119123,1216,1
9693,120338,36466,1216,1
9694,92968,28204,1216,1
9695,189676,57461,1216,1
9696,182862,55400,1216,1
9697,92788,28124,1216,1
9698,92386,28000,1216,1
9699,156212,47329,1216,1
9700,472130,142992,1216,1
9701,180658,54747,1216,1
9702,537018,162728,1216,1
9703,366548,111028,1216,1
9704,252546,76500,1216,1
9705,246994,74818,1216,1
9706,161046,48793,1216,1
9707,336852,102028,1216,1
9708,93900,28460,1216,1
9709,156070,47312,1216,1
9710,368040,111522,1216,1
9711,90888,27557,1216,1
9712,90570,27451,1216,1
9713,213830,64792,1216,1
9714,186632,56554,1216,1
9715,121240,36740,1216,1
9716,106680,32365,1216,1
9717,224748,68111,1216,1
9718,131418,39848,1216,1
9719,233348,70742,1216,1
9720,280622,85044,1216,1
9721,245174,74323,1216,1
9722,222446,67425,1216,1
9723,184660,55963,1216,1
9724,456020,138137,1216,1
9725,259608,78672,1216,1
9726,321764,97481,1216,1
9727,235660,71399,1216,1
9728,206818,62668,1216,1
9729,94890,28760,1216,1
9730,155376,47087,1216,1
9731,396748,120214,1216,1
9732,303250,91902,1216,1
9733,151888,46070,1216,1
9734,143734,43582,1216,1
9735,492946,149356,1216,1
9736,249570,75614,1216,1
9737,211462,64094,1216,1
9738,268364,81334,1216,1
9739,421294,127641,1216,1
9740,1094494,331494,1216,1
9741,384708,116553,1216,1
9742,265704,80517,1216,1
9743,188796,57223,1216,1
9744,167780,50845,1216,1
9745,187862,56912,1216,1
9746,93060,28208,1216,1
9747,360420,109168,1216,1
9748,125960,38184,1216,1
9749,95706,29010,1216,1
9750,404980,122685,1216,1
9751,255668,77456,1216,1
9752,131654,39920,1216,1
9753,93026,28197,1216,1
9754,252082,76360,1216,1
9755,188002,56956,1216,1
9756,190082,57606,1216,1
9757,129408,39237,1216,1
9758,93078,28212,1216,1
9759,156632,47456,1216,1
9760,92966,28177,1216,1
9761,123020,37292,1216,1
9762,92382,28001,1216,1
9763,519384,157360,1216,1
9764,178548,54145,1216,1
9765,469318,142263,1216,1
9766,728390,220733,1216,1
9767,131742,39952,1216,1
9768,174784,53001,1216,1
9769,170888,51805,1216,1
9770,212360,64365,1216,1
9771,128660,39019,1216,1
9772,201582,61099,1216,1
9773,138438,41974,1216,1
9774,247906,75104,1216,1
9775,218548,66220,1216,1
9776,160946,48776,1216,1
9777,456604,138302,1216,1
9778,124626,37775,1216,1
9779,95270,28900,1216,1
9780,94762,28724,1216,1
9781,95524,28953,1216,1
9782,124526,37731,1216,1
9783,497416,150650,1216,1
9784,136934,41520,1216,1
9785,376398,114005,1216,1
9786,160168,48529,1216,1
9787,187678,56861,1216,1
9788,97898,29699,1216,1
9789,359916,109014,1216,1
9790,261392,79208,1216,1
9791,127972,38779,1216,1
9792,195598,59283,1216,1
9793,129216,39195,1216,1
9794,276378,83769,1216,1
9795,209508,63470,1216,1
9796,310394,94019,1216,1
9797,128558,38956,1216,1
9798,134738,40841,1216,1
9799,301484,91346,1216,1
9800,163596,49567,1216,1
9801,130730,39614,1216,1
9802,97468,29542,1216,1
9803,97964,29693,1216,1
9804,480082,145450,1216,1
9805,183770,55710,1216,1
9806,478698,145014,1216,1
9807,167374,50741,1216,1
9808,727162,220256,1216,1
9809,592732,179551,1216,1
9810,277350,84061,1216,1
9811,176862,53918,1216,1
9812,174896,53002,1216,1
9813,202570,61496,1216,1
9814,107738,32679,1216,1
9815,215342,65299,1216,1
9816,256592,77750,1216,1
9817,357226,108221,1216,1
9818,203204,61569,1216,1
9819,317708,96233,1216,1
9820,168942,51198,1216,1
9821,332452,100699,1216,1
9822,214124,64874,1216,1
9823,155350,47074,1216,1
9824,117368,35614,1216,1
9825,224286,67952,1216,1
9826,106002,32153,1216,1
9827,239040,72413,1216,1
9828,216128,65476,1216,1
9829,137834,41767,1216,1
9830,143532,43495,1216,1
9831,143844,43586,1216,1
9832,318474,96467,1216,1
9833,105550,31989,1216,1
9834,178844,54186,1216,1
9835,177084,53678,1216,1
9836,228344,69225,1216,1
9837,104762,31777,1216,1
9838,307394,93151,1216,1
9839,348156,105465,1216,1
9840,545480,165217,1216,1
9841,161536,48972,1216,1
9842,547180,165761,1216,1
9843,968224,293247,1216,1
9844,331330,100398,1216,1
9845,601034,182155,1216,1
9846,135620,41140,1216,1
9847,263800,79939,1216,1
9848,265112,80344,1216,1
9849,139492,42297,1216,1
9850,183444,55610,1216,1
9851,191346,57977,1216,1
9852,330722,100183,1216,1
9853,138654,42028,1216,1
9854,250810,75988,1216,1
9855,487506,147677,1216,1
9856,628280,190345,1216,1
9857,226534,68758,1216,1
9858,107054,32458,1216,1
9859,552882,167491,1216,1
9860,223976,67882,1216,1
9861,208650,63238,1216,1
9862,604436,183065,1216,1
9863,190286,57655,1216,1
9864,252782,76605,1216,1
9865,222484,67429,1216,1
9866,135418,41037,1216,1
9867,203616,61715,1216,1
9868,273204,82758,1216,1
9869,145888,44207,1216,1
9870,186472,56495,1216,1
9871,299432,90703,1216,1
9872,108826,32984,1216,1
9873,326706,98960,1216,1
9874,552588,167362,1216,1
9875,121506,36832,1216,1
9876,107236,32504,1216,1
9877,260696,79001,1216,1
9878,600408,181887,1216,1
9879,395788,119921,1216,1
9880,201510,61052,1216,1
9881,288816,87518,1216,1
9882,145420,44094,1216,1
9883,923730,279774,1216,1
9884,292766,88684,1216,1
9885,227298,68889,1216,1
9886,331616,100464,1216,1
9887,145714,44185,1216,1
9888,755448,228881,1216,1
9889,149900,45457,1216,1
9890,390748,118366,1216,1
9891,272982,82736,1216,1
9892,300230,90988,1216,1
9893,156456,47465,1216,1
9894,299408,90756,1216,1
9895,438596,132998,1216,1
9896,305294,92518,1216,1
9897,243306,73743,1216,1
9898,182634,55375,1216,1
9899,323344,98021,1216,1
9900,408234,123685,1216,1
9901,630810,191468,1216,1
9902,526016,159368,1216,1
9903,266092,80648,1216,1
9904,342770,103853,1216,1
9905,614250,186096,1216,1
9906,240634,73024,1216,1
9907,479422,145248,1216,1
9908,241994,73908,1216,1
9909,416266,126147,1216,1
9910,484086,146803,1216,1
9911,452112,136985,1216,1
9912,481288,145780,1216,1
9913,113674,34451,1216,1
9914,391858,118707,1216,1
9915,202058,61226,1216,1
9916,207280,62827,1216,1
9917,332326,100686,1216,1
9918,270070,81866,1216,1
9919,586132,177537,1216,1
9920,173378,52586,1216,1
9921,152928,46355,1216,1
9922,152202,46128,1216,1
9923,282960,85718,1216,1
9924,132192,40072,1216,1
9925,731272,221585,1216,1
9926,565137,171641,1216,1
9927,338664,102639,1216,1
9928,1499870,454753,1216,1
9929,1117668,338828,1216,1
9930,267212,81005,1216,1
9931,179316,54383,1216,1
9932,579244,175467,1216,1
9933,457196,138512,1216,1
9934,299310,90684,1216,1
9935,295928,89717,1216,1
9936,111690,33867,1216,1
9937,187658,56884,1216,1
9938,293624,88943,1216,1
9939,288478,87386,1216,1
9940,112904,34249,1216,1
9941,367784,111446,1216,1
9942,174840,53021,1216,1
9943,550180,166672,1216,1
9944,182376,55303,1216,1
9945,242994,73646,1216,1
9946,156454,47435,1216,1
9947,267318,81006,1216,1
9948,633576,192098,1216,1
9949,177642,53936,1216,1
9950,467490,141617,1216,1
9951,107288,32534,1216,1
9952,218454,66209,1216,1
9953,149556,45317,1216,1
9954,439160,133681,1216,1
9955,168672,51156,1216,1
9956,211042,63978,1216,1
9957,174814,53005,1216,1
9958,163264,49533,1216,1
9959,238316,72242,1216,1
9960,294304,89258,1216,1
9961,135082,40977,1216,1
9962,382130,115791,1216,1
9963,147800,44844,1216,1
9964,137382,41639,1216,1
9965,329816,99905,1216,1
9966,775360,234905,1216,1
9967,260836,79079,1216,1
9968,317916,96340,1216,1
9969,524272,158819,1216,1
9970,448530,135888,1216,1
9971,180976,54868,1216,1
9972,192186,59663,1216,1
9973,211808,64296,1216,1
9974,220952,66937,1216,1
9975,270570,82007,1216,1
9976,280418,84995,1216,1
9977,192946,58499,1216,1
9978,114198,34642,1216,1
9979,109506,33201,1216,1
9980,287290,87053,1216,1
9981,205430,62243,1216,1
9982,204764,62090,1216,1
9983,389284,117940,1216,1
9984,180962,54840,1216,1
9985,288944,87560,1216,1
9986,184760,56119,1216,1
9987,736588,223130,1216,1
9988,148266,44975,1216,1
9989,356330,107959,1216,1
9990,110466,33483,1216,1
9991,369764,111998,1216,1
9992,345048,104558,1216,1
9993,111642,33841,1216,1
9994,188826,57238,1216,1
9995,663868,201057,1216,1
9996,264054,80028,1216,1
9997,155420,47142,1216,1
9998,245506,74382,1216,1
9999,173578,52623,1216,1
