iter,cycles,time_ns,peak_rss_kb,ok
0,1721312,521966,1280,1
1,149900,45449,1408,1
2,229064,69433,1408,1
3,253282,76795,1408,1
4,222630,67494,1408,1
5,222064,67322,1408,1
6,252132,76437,1408,1
7,257128,77947,1408,1
8,205222,62224,1408,1
9,215228,65242,1408,1
10,147872,44836,1408,1
11,147878,44836,1408,1
12,147416,44695,1408,1
13,146986,44564,1408,1
14,186702,56607,1408,1
15,148770,45111,1408,1
16,147296,44660,1408,1
17,146924,44548,1408,1
18,148136,44917,1408,1
19,146676,44472,1408,1
20,147604,44757,1408,1
21,144378,43774,1408,1
22,136554,41405,1408,1
23,134362,40711,1408,1
24,134280,40689,1408,1
25,133534,40465,1408,1
26,133908,40576,1408,1
27,134160,40653,1408,1
28,133690,40513,1408,1
29,133686,40537,1408,1
30,135124,40968,1408,1
31,133462,40439,1408,1
32,148492,45021,1408,1
33,144878,43929,1408,1
34,145122,43999,1408,1
35,180098,54609,1408,1
36,144280,43751,1408,1
37,143982,43656,1408,1
38,144344,43763,1408,1
39,143468,43499,1408,1
40,143596,43540,1408,1
41,143898,43633,1408,1
42,144354,43768,1408,1
43,237932,72155,1408,1
44,136162,41285,1408,1
45,133566,40484,1408,1
46,168636,51142,1408,1
47,134816,40875,1408,1
48,133026,40314,1408,1
49,133766,40560,1408,1
50,132904,40298,1408,1
51,137124,41576,1408,1
52,138822,42092,1408,1
53,132990,40327,1408,1
54,135156,40979,1408,1
55,138814,42090,1408,1
56,136506,41388,1408,1
57,133642,40803,1408,1
58,138766,42097,1408,1
59,133180,40368,1408,1
60,134720,40851,1408,1
61,133556,40471,1408,1
62,180490,54733,1408,1
63,135162,40987,1408,1
64,132650,40199,1408,1
65,178526,54143,1408,1
66,138562,42009,1408,1
67,135698,41134,1408,1
68,134148,40680,1408,1
69,133374,40431,1408,1
70,207638,62918,1408,1
71,219750,66624,1408,1
72,216134,65580,1408,1
73,202182,61300,1408,1
74,131588,39889,1408,1
75,130568,39565,1408,1
76,182332,55287,1408,1
77,131692,39932,1408,1
78,131722,39926,1408,1
79,129518,39261,1408,1
80,139494,42280,1408,1
81,130290,39492,1408,1
82,129290,39331,1408,1
83,130676,39623,1408,1
84,134004,40631,1408,1
85,133004,40313,1408,1
86,139410,42268,1408,1
87,129942,39386,1408,1
88,133274,40414,1408,1
89,127072,38519,1408,1
90,125944,38188,1408,1
91,125964,38183,1408,1
92,127188,38552,1408,1
93,132712,40318,1408,1
94,128034,38808,1408,1
95,130774,39638,1408,1
96,129236,39185,1408,1
97,126688,38496,1408,1
98,122698,37207,1408,1
99,161744,49046,1408,1
100,123494,37448,1408,1
101,124166,37624,1408,1
102,123344,37378,1408,1
103,205232,62224,1408,1
104,132470,40165,1408,1
105,132670,40231,1408,1
106,308208,94371,1408,1
107,160336,48587,1408,1
108,140178,42520,1408,1
109,124314,37694,1408,1
110,134618,40818,1408,1
111,132226,40094,1408,1
112,131422,39850,1408,1
113,131848,39979,1408,1
114,131838,39976,1408,1
115,132034,40032,1408,1
116,130878,39684,1408,1
117,131100,39752,1408,1
118,132814,40266,1408,1
119,131760,39948,1408,1
120,131186,39775,1408,1
121,132858,40280,1408,1
122,134884,40978,1408,1
123,130750,39648,1408,1
124,130378,39532,1408,1
125,133294,40412,1408,1
126,132310,40117,1408,1
127,135342,41035,1408,1
128,136518,41491,1408,1
129,136816,41482,1408,1
130,125456,38016,1408,1
131,126384,38325,1408,1
132,136140,41279,1408,1
133,134126,40665,1408,1
134,135052,40946,1408,1
135,135216,41002,1408,1
136,157178,47663,1408,1
137,135080,40942,1408,1
138,184898,56057,1408,1
139,138250,41916,1408,1
140,199672,60545,1408,1
141,194970,59074,1408,1
142,174106,53563,1408,1
143,219546,66553,1408,1
144,209938,63647,1408,1
145,226946,68948,1408,1
146,179282,54358,1408,1
147,140478,42592,1408,1
148,144336,43762,1408,1
149,138334,41947,1408,1
150,147858,44841,1408,1
151,133666,40503,1408,1
152,132520,40157,1408,1
153,134598,40812,1408,1
154,199668,60542,1408,1
155,210826,63942,1408,1
156,230352,69839,1408,1
157,238372,72272,1408,1
158,239372,72568,1408,1
159,236962,71823,1408,1
160,216614,65718,1408,1
161,238206,72203,1408,1
162,229150,69503,1408,1
163,235422,71370,1408,1
164,237694,72138,1408,1
165,226056,68509,1408,1
166,245314,74358,1408,1
167,236442,71686,1408,1
168,245618,74463,1408,1
169,214302,64958,1408,1
170,145028,43980,1408,1
171,138582,42005,1408,1
172,138464,41969,1408,1
173,139266,42214,1408,1
174,149960,45467,1408,1
175,141944,43030,1408,1
176,142136,43097,1408,1
177,141618,42926,1408,1
178,197154,59788,1408,1
179,274488,83270,1408,1
180,195960,59408,1408,1
181,166418,50458,1408,1
182,192118,58263,1408,1
183,189856,57569,1408,1
184,137902,41800,1408,1
185,137230,41598,1408,1
186,136862,41485,1408,1
187,143528,43522,1408,1
188,178046,53990,1408,1
189,137350,41645,1408,1
190,164754,49958,1408,1
191,250624,76005,1408,1
192,241744,73415,1408,1
193,274584,83216,1408,1
194,244224,74042,1408,1
195,272148,82519,1408,1
196,183476,55642,1408,1
197,137452,41654,1408,1
198,139176,42173,1408,1
199,137910,41793,1408,1
200,137914,41791,1408,1
201,136962,41517,1408,1
202,139022,42155,1408,1
203,137070,41548,1408,1
204,137050,41542,1408,1
205,137476,41662,1408,1
206,139992,42434,1408,1
207,138242,41893,1408,1
208,137754,41742,1408,1
209,142188,43112,1408,1
210,138198,41889,1408,1
211,139342,42250,1408,1
212,179770,54529,1408,1
213,145620,44322,1408,1
214,147204,44619,1408,1
215,142372,43169,1408,1
216,146786,44504,1408,1
217,159906,48494,1408,1
218,134642,40800,1408,1
219,132234,40071,1408,1
220,132104,40034,1408,1
221,133202,40377,1408,1
222,186796,56644,1408,1
223,266154,80762,1408,1
224,181330,54965,1408,1
225,346094,104934,1408,1
226,150358,45589,1408,1
227,152988,46368,1408,1
228,150758,45706,1408,1
229,211252,64044,1408,1
230,150176,45518,1408,1
231,143882,43622,1408,1
232,247124,74911,1408,1
233,194862,59120,1408,1
234,217416,65909,1408,1
235,208244,63317,1408,1
236,226246,68588,1408,1
237,188174,57037,1408,1
238,243146,73713,1408,1
239,238954,72436,1408,1
240,234036,70926,1408,1
241,195302,59180,1408,1
242,240466,72889,1408,1
243,217064,65815,1408,1
244,205900,62420,1408,1
245,218008,66776,1408,1
246,237374,72242,1408,1
247,227892,69114,1408,1
248,216118,65522,1408,1
249,209288,63451,1408,1
250,210812,63926,1408,1
251,224836,68172,1408,1
252,229754,69657,1408,1
253,215004,65185,1408,1
254,237928,72147,1408,1
255,241486,73223,1408,1
256,245388,74403,1408,1
257,219506,66560,1408,1
258,360704,109570,1408,1
259,146252,44335,1408,1
260,140140,42490,1408,1
261,169974,51540,1408,1
262,209542,63521,1408,1
263,218116,66115,1408,1
264,669728,203069,1408,1
265,284438,86231,1408,1
266,225616,68407,1408,1
267,229178,69540,1408,1
268,221186,67058,1408,1
269,214914,65161,1408,1
270,183112,55600,1408,1
271,196596,59614,1408,1
272,198632,60214,1408,1
273,138188,41905,1408,1
274,157372,47736,1408,1
275,144346,43766,1408,1
276,144722,43881,1408,1
277,143898,43626,1408,1
278,145198,44024,1408,1
279,139484,42290,1408,1
280,139512,42302,1408,1
281,130612,39612,1408,1
282,128672,39015,1408,1
283,179046,54283,1408,1
284,218036,66200,1408,1
285,211742,64202,1408,1
286,264122,80073,1408,1
287,212510,64435,1408,1
288,147410,44694,1408,1
289,144312,43758,1408,1
290,143978,43651,1408,1
291,144046,43673,1408,1
292,145000,43960,1408,1
293,180990,54892,1408,1
294,139680,42352,1408,1
295,133096,40359,1408,1
296,132806,40255,1408,1
297,133032,40325,1408,1
298,132890,40282,1408,1
299,136596,41405,1408,1
300,136248,41285,1408,1
301,137172,41595,1408,1
302,137782,41781,1408,1
303,136052,41257,1408,1
304,136770,41456,1408,1
305,155856,47372,1408,1
306,137522,41688,1408,1
307,136604,41409,1408,1
308,137002,41519,1408,1
309,137852,41798,1408,1
310,136958,41532,1408,1
311,135644,41105,1408,1
312,136930,41516,1408,1
313,135464,41048,1408,1
314,138182,41899,1408,1
315,141158,42800,1408,1
316,135678,41137,1408,1
317,135680,41142,1408,1
318,136696,41422,1408,1
319,136400,41344,1408,1
320,135980,41209,1408,1
321,136618,41401,1408,1
322,137996,41838,1408,1
323,138046,41860,1408,1
324,136376,41351,1408,1
325,136602,41395,1408,1
326,137198,41585,1408,1
327,142436,43178,1408,1
328,139804,42377,1408,1
329,142708,43277,1408,1
330,141066,42773,1408,1
331,141234,42799,1408,1
332,141052,42755,1408,1
333,141910,43017,1408,1
334,143068,43386,1408,1
335,187966,57003,1408,1
336,177750,53910,1408,1
337,154324,46796,1408,1
338,142720,43264,1408,1
339,143324,43447,1408,1
340,142726,43263,1408,1
341,142774,43293,1408,1
342,141462,42882,1408,1
343,142030,43067,1408,1
344,142904,43330,1408,1
345,138340,41946,1408,1
346,532670,161384,1408,1
347,136422,41339,1408,1
348,136480,41357,1408,1
349,137944,41826,1408,1
350,137270,41622,1408,1
351,137068,41562,1408,1
352,137448,41679,1408,1
353,136866,41475,1408,1
354,137896,41812,1408,1
355,137706,41741,1408,1
356,134012,40637,1408,1
357,195072,59158,1408,1
358,145568,44134,1408,1
359,144698,43871,1408,1
360,144104,43691,1408,1
361,143472,43501,1408,1
362,190676,57810,1408,1
363,142334,43154,1408,1
364,142116,43088,1408,1
365,142330,43153,1408,1
366,149922,45454,1408,1
367,139846,42402,1408,1
368,140628,42643,1408,1
369,140044,42461,1408,1
370,141340,42841,1408,1
371,141076,42770,1408,1
372,139974,42440,1408,1
373,141910,43026,1408,1
374,141232,42817,1408,1
375,142852,43311,1408,1
376,142958,43341,1408,1
377,143622,43541,1408,1
378,149206,45250,1408,1
379,207034,62782,1408,1
380,137764,41766,1408,1
381,137372,41651,1408,1
382,181822,55134,1408,1
383,188848,57254,1408,1
384,139574,42321,1408,1
385,183460,55631,1408,1
386,156288,47376,1408,1
387,141410,42884,1408,1
388,135782,41177,1408,1
389,127048,38512,1408,1
390,142210,43096,1408,1
391,125916,38157,1408,1
392,126010,38187,1408,1
393,187272,56788,1408,1
394,161640,49011,1408,1
395,161808,49054,1408,1
396,234332,71016,1408,1
397,227218,68869,1408,1
398,123874,37561,1408,1
399,133716,40543,1408,1
400,121042,36701,1408,1
401,122372,37101,1408,1
402,121914,36974,1408,1
403,122740,37204,1408,1
404,122428,37118,1408,1
405,121706,36893,1408,1
406,121620,36880,1408,1
407,121704,36902,1408,1
408,121596,36859,1408,1
409,123402,37420,1408,1
410,119244,36144,1408,1
411,172306,52236,1408,1
412,118112,35791,1408,1
413,118272,35851,1408,1
414,118404,35882,1408,1
415,118598,35950,1408,1
416,168860,51199,1408,1
417,119246,36143,1408,1
418,122526,37154,1408,1
419,120456,36515,1408,1
420,130040,39425,1408,1
421,119674,36287,1408,1
422,120388,36507,1408,1
423,248716,75389,1408,1
424,120730,36607,1408,1
425,119056,36089,1408,1
426,120302,36476,1408,1
427,127662,38702,1408,1
428,125274,37986,1408,1
429,124524,37755,1408,1
430,119492,36230,1408,1
431,117790,35715,1408,1
432,117758,35693,1408,1
433,120214,36437,1408,1
434,121372,36800,1408,1
435,142158,43085,1408,1
436,144410,43774,1408,1
437,119878,36348,1408,1
438,117954,35765,1408,1
439,118184,35836,1408,1
440,114938,34830,1408,1
441,128048,38837,1408,1
442,117706,35677,1408,1
443,116354,35281,1408,1
444,117736,35697,1408,1
445,117072,35488,1408,1
446,117006,35466,1408,1
447,116454,35298,1408,1
448,115516,35027,1408,1
449,118678,35987,1408,1
450,116660,35375,1408,1
451,117352,35582,1408,1
452,115762,35080,1408,1
453,116142,35205,1408,1
454,117826,35727,1408,1
455,120358,36491,1408,1
456,116430,35280,1408,1
457,118690,35978,1408,1
458,116646,35444,1408,1
459,117452,35614,1408,1
460,120486,36532,1408,1
461,117380,35579,1408,1
462,209714,63582,1408,1
463,170574,51723,1408,1
464,200572,60799,1408,1
465,127370,38622,1408,1
466,127932,38786,1408,1
467,125698,38108,1408,1
468,126614,38386,1408,1
469,124928,37879,1408,1
470,134238,40717,1408,1
471,125116,37935,1408,1
472,125794,38137,1408,1
473,118820,36028,1408,1
474,116342,35258,1408,1
475,117740,35679,1408,1
476,117098,35483,1408,1
477,116114,35185,1408,1
478,115792,35089,1408,1
479,116428,35284,1408,1
480,121368,36799,1408,1
481,119358,36191,1408,1
482,118832,36021,1408,1
483,134572,40819,1408,1
484,120662,36588,1408,1
485,120388,36493,1408,1
486,120510,36528,1408,1
487,123580,37457,1408,1
488,122020,37000,1408,1
489,120098,36415,1408,1
490,119438,36205,1408,1
491,122548,37148,1408,1
492,143352,43440,1408,1
493,121246,36740,1408,1
494,121620,36881,1408,1
495,122774,37228,1408,1
496,122846,37225,1408,1
497,122878,37259,1408,1
498,121752,36905,1408,1
499,123394,37413,1408,1
500,122326,37092,1408,1
501,122084,37018,1408,1
502,123854,37556,1408,1
503,122444,37116,1408,1
504,201206,61019,1408,1
505,131204,39783,1408,1
506,131168,39774,1408,1
507,130814,39661,1408,1
508,131178,39775,1408,1
509,134672,40846,1408,1
510,130858,39675,1408,1
511,132030,40030,1408,1
512,131224,39789,1408,1
513,131136,39761,1408,1
514,171344,51941,1408,1
515,131896,39991,1408,1
516,130740,39642,1408,1
517,169682,51435,1408,1
518,137462,41664,1408,1
519,131656,39919,1408,1
520,133492,40477,1408,1
521,135976,41225,1408,1
522,134178,40757,1408,1
523,126438,38342,1408,1
524,122922,37249,1408,1
525,172466,52313,1408,1
526,124578,37760,1408,1
527,123914,37558,1408,1
528,119122,36097,1408,1
529,194458,58950,1408,1
530,176154,53399,1408,1
531,159424,48331,1408,1
532,182816,55421,1408,1
533,167064,50779,1408,1
534,340174,103185,1408,1
535,120424,36502,1408,1
536,188716,57214,1408,1
537,254376,77106,1408,1
538,208138,63069,1408,1
539,167596,50817,1408,1
540,129824,39364,1408,1
541,129764,39343,1408,1
542,170028,51560,1408,1
543,172822,52401,1408,1
544,124128,37641,1408,1
545,120988,36687,1408,1
546,131526,39881,1408,1
547,300850,91546,1408,1
548,199554,60514,1408,1
549,203810,61799,1408,1
550,200226,60709,1408,1
551,213764,64803,1408,1
552,207816,62969,1408,1
553,198270,60092,1408,1
554,208894,63326,1408,1
555,199046,60350,1408,1
556,208534,63183,1408,1
557,161302,48896,1408,1
558,218198,66152,1408,1
559,226324,68621,1408,1
560,224250,67983,1408,1
561,170424,51884,1408,1
562,140120,42483,1408,1
563,140458,42588,1408,1
564,134368,40743,1408,1
565,139936,42454,1408,1
566,236460,71733,1408,1
567,232120,70375,1408,1
568,226658,68712,1408,1
569,212098,64313,1408,1
570,145080,43990,1408,1
571,144776,43896,1408,1
572,190178,57628,1408,1
573,146032,44277,1408,1
574,145888,44234,1408,1
575,195716,59338,1408,1
576,147116,44589,1408,1
577,204418,61985,1408,1
578,218532,66341,1408,1
579,214812,65128,1408,1
580,186992,56691,1408,1
581,217734,65997,1408,1
582,187738,56907,1408,1
583,187756,56927,1408,1
584,186476,56545,1408,1
585,219142,66436,1408,1
586,280134,84997,1408,1
587,154750,46928,1408,1
588,179080,54319,1408,1
589,196520,59583,1408,1
590,205766,62367,1408,1
591,218952,66382,1408,1
592,208768,63294,1408,1
593,135474,41052,1408,1
594,210856,63926,1408,1
595,205920,62432,1408,1
596,219552,66561,1408,1
597,405788,123625,1408,1
598,227058,68810,1408,1
599,219110,66434,1408,1
600,359187,109394,1408,1
601,236456,71688,1408,1
602,226442,68676,1408,1
603,280716,85186,1408,1
604,239378,72654,1408,1
605,232894,70638,1408,1
606,235572,71431,1408,1
607,303076,91895,1408,1
608,233216,70703,1408,1
609,235994,71541,1408,1
610,237284,71941,1408,1
611,338994,103231,1408,1
612,253126,76731,1408,1
613,256936,77897,1408,1
614,235832,71502,1408,1
615,244602,74154,1408,1
616,255962,77607,1408,1
617,195796,59376,1408,1
618,216876,65757,1408,1
619,161954,49108,1408,1
620,195880,59379,1408,1
621,283068,85803,1408,1
622,236790,71783,1408,1
623,252960,76661,1408,1
624,239404,72559,1408,1
625,168688,51143,1408,1
626,149598,45355,1408,1
627,146548,44420,1408,1
628,154562,46866,1408,1
629,147362,44686,1408,1
630,145336,44055,1408,1
631,146616,44442,1408,1
632,146908,44549,1408,1
633,156624,47484,1408,1
634,240168,72806,1408,1
635,238184,72172,1408,1
636,227718,69029,1408,1
637,237560,72024,1408,1
638,446897,136985,1408,1
639,161280,48900,1408,1
640,179498,54442,1408,1
641,157422,47730,1408,1
642,157580,47782,1408,1
643,147674,44780,1408,1
644,147542,44735,1408,1
645,145424,44098,1408,1
646,146492,44401,1408,1
647,159134,48267,1408,1
648,149056,45197,1408,1
649,154232,46774,1408,1
650,146756,44501,1408,1
651,183306,55583,1408,1
652,145836,44209,1408,1
653,145998,44270,1408,1
654,144802,43895,1408,1
655,146344,44377,1408,1
656,146106,44304,1408,1
657,147046,44571,1408,1
658,205432,62273,1408,1
659,148702,45070,1408,1
660,149254,45258,1408,1
661,151422,45915,1408,1
662,149806,45426,1408,1
663,144170,43709,1408,1
664,240086,72794,1408,1
665,214606,65120,1408,1
666,152772,46321,1408,1
667,154892,46966,1408,1
668,153740,46614,1408,1
669,163900,49741,1408,1
670,148072,44897,1408,1
671,146480,44418,1408,1
672,141458,42879,1408,1
673,141432,42858,1408,1
674,141186,42813,1408,1
675,198250,60111,1408,1
676,141786,42978,1408,1
677,142392,43177,1408,1
678,141226,42828,1408,1
679,139644,42346,1408,1
680,137240,41599,1408,1
681,137104,41561,1408,1
682,138088,41859,1408,1
683,137382,41643,1408,1
684,137294,41625,1408,1
685,137220,41583,1408,1
686,138024,41854,1408,1
687,145550,44116,1408,1
688,146496,44438,1408,1
689,143678,43549,1408,1
690,141802,43000,1408,1
691,137588,41722,1408,1
692,137632,41720,1408,1
693,137232,41611,1408,1
694,136778,41459,1408,1
695,139786,42384,1408,1
696,136528,41400,1408,1
697,138868,42106,1408,1
698,135798,41150,1408,1
699,136922,41519,1408,1
700,136796,41479,1408,1
701,137412,41666,1408,1
702,138148,41861,1408,1
703,138030,41826,1408,1
704,138514,41972,1408,1
705,136904,41491,1408,1
706,132158,40047,1408,1
707,206370,62565,1408,1
708,206124,62491,1408,1
709,134714,40848,1408,1
710,134634,40824,1408,1
711,137116,41578,1408,1
712,133176,40370,1408,1
713,135152,40979,1408,1
714,134072,40639,1408,1
715,133200,40363,1408,1
716,132718,40221,1408,1
717,134388,40749,1408,1
718,132822,40274,1408,1
719,133414,40441,1408,1
720,163768,49664,1408,1
721,134108,40651,1408,1
722,133038,40314,1408,1
723,133468,40446,1408,1
724,135106,40967,1408,1
725,135376,41050,1408,1
726,134740,40842,1408,1
727,188426,57136,1408,1
728,140358,42556,1408,1
729,134358,40745,1408,1
730,133880,40579,1408,1
731,133188,40371,1408,1
732,136682,41445,1408,1
733,132748,40252,1408,1
734,132766,40260,1408,1
735,132226,40080,1408,1
736,132118,40066,1408,1
737,132554,40181,1408,1
738,132096,40042,1408,1
739,129428,39220,1408,1
740,128468,38941,1408,1
741,129450,39251,1408,1
742,128758,39031,1408,1
743,129326,39203,1408,1
744,129380,39203,1408,1
745,128684,39007,1408,1
746,129548,39282,1408,1
747,186734,56617,1408,1
748,129710,39319,1408,1
749,129684,39323,1408,1
750,131658,39920,1408,1
751,128372,38900,1408,1
752,812734,246175,1408,1
753,275286,83515,1408,1
754,128546,38963,1408,1
755,128692,39021,1408,1
756,129474,39246,1408,1
757,128914,39064,1408,1
758,128900,39065,1408,1
759,391825,119628,1408,1
760,130404,39544,1408,1
761,129950,39404,1408,1
762,135032,40936,1408,1
763,130118,39454,1408,1
764,131632,39910,1408,1
765,128436,38947,1408,1
766,129622,39292,1408,1
767,129496,39266,1408,1
768,129230,39187,1408,1
769,129520,39268,1408,1
770,128494,38949,1408,1
771,130074,39443,1408,1
772,128724,39018,1408,1
773,129870,39379,1408,1
774,132480,40172,1408,1
775,130328,39517,1408,1
776,127806,38752,1408,1
777,124960,37881,1408,1
778,126590,38370,1408,1
779,127044,38524,1408,1
780,126294,38294,1408,1
781,126750,38419,1408,1
782,126310,38311,1408,1
783,125594,38071,1408,1
784,126142,38250,1408,1
785,125070,37910,1408,1
786,125566,38074,1408,1
787,127896,38770,1408,1
788,127030,38496,1408,1
789,129066,39133,1408,1
790,128422,38937,1408,1
791,128174,38864,1408,1
792,130042,39431,1408,1
793,127572,38657,1408,1
794,126134,38234,1408,1
795,135286,41016,1408,1
796,176100,53397,1408,1
797,126094,38222,1408,1
798,124844,37830,1408,1
799,122100,37023,1408,1
800,121918,36969,1408,1
801,153634,46589,1408,1
802,123832,37537,1408,1
803,122556,37163,1408,1
804,124282,37671,1408,1
805,126030,38212,1408,1
806,165764,50253,1408,1
807,125292,37973,1408,1
808,203366,61655,1408,1
809,125180,37956,1408,1
810,406752,123248,1408,1
811,124944,37886,1408,1
812,122106,37027,1408,1
813,130910,39692,1408,1
814,203400,61710,1408,1
815,205530,62307,1408,1
816,188290,57121,1408,1
817,176688,53576,1408,1
818,125462,38029,1408,1
819,126138,38233,1408,1
820,125612,38062,1408,1
821,127634,38701,1408,1
822,125992,38202,1408,1
823,165822,50283,1408,1
824,127682,38703,1408,1
825,142236,43143,1408,1
826,127754,38725,1408,1
827,167890,50907,1408,1
828,127482,38632,1408,1
829,127092,38528,1408,1
830,128370,38910,1408,1
831,126486,38329,1408,1
832,128660,39013,1408,1
833,129512,39270,1408,1
834,124414,37731,1408,1
835,125998,38207,1408,1
836,123162,37321,1408,1
837,149480,45343,1408,1
838,225500,68348,1408,1
839,125082,37927,1408,1
840,126572,38378,1408,1
841,128874,39073,1408,1
842,163840,49680,1408,1
843,125712,38117,1408,1
844,205932,62427,1408,1
845,127396,38629,1408,1
846,128274,38885,1408,1
847,126084,38230,1408,1
848,128126,38845,1408,1
849,130694,39628,1408,1
850,127440,38643,1408,1
851,125612,38063,1408,1
852,127598,38685,1408,1
853,126444,38327,1408,1
854,126130,38230,1408,1
855,157350,47723,1408,1
856,205228,62224,1408,1
857,162674,49310,1408,1
858,223408,67755,1408,1
859,206682,62665,1408,1
860,142690,43266,1408,1
861,184708,58586,1408,1
862,145590,44142,1408,1
863,142918,43327,1408,1
864,145074,43983,1408,1
865,140970,42714,1408,1
866,140406,42570,1408,1
867,139418,42270,1408,1
868,140626,42638,1408,1
869,220008,66677,1408,1
870,139532,42306,1408,1
871,139914,42421,1408,1
872,139016,42145,1408,1
873,139070,42166,1408,1
874,139408,42267,1408,1
875,131616,39910,1408,1
876,132084,40051,1408,1
877,133632,40505,1408,1
878,205494,62313,1408,1
879,135902,41193,1408,1
880,137092,41567,1408,1
881,136600,41418,1408,1
882,135510,41066,1408,1
883,135530,41096,1408,1
884,137006,41540,1408,1
885,137606,41708,1408,1
886,135552,41076,1408,1
887,134876,40871,1408,1
888,224844,68139,1408,1
889,140836,42701,1408,1
890,135270,41004,1408,1
891,186366,56483,1408,1
892,228196,69182,1408,1
893,336986,102208,1408,1
894,204702,62050,1408,1
895,219400,66518,1408,1
896,215524,65342,1408,1
897,223254,67674,1408,1
898,222012,67309,1408,1
899,140620,42638,1408,1
900,145936,44247,1408,1
901,145050,43978,1408,1
902,143958,43648,1408,1
903,143610,43544,1408,1
904,143796,43596,1408,1
905,147214,44636,1408,1
906,142920,43332,1408,1
907,143732,43581,1408,1
908,212300,64365,1408,1
909,231080,70056,1408,1
910,216564,65640,1408,1
911,213402,64855,1408,1
912,209274,63446,1408,1
913,208700,63321,1408,1
914,222728,67521,1408,1
915,206464,62592,1408,1
916,210208,63862,1408,1
917,228138,69210,1408,1
918,221400,67120,1408,1
919,294742,89533,1408,1
920,243838,73936,1408,1
921,293160,88951,1408,1
922,292556,88672,1408,1
923,294222,89181,1408,1
924,284668,86256,1408,1
925,310946,94239,1408,1
926,305244,92510,1408,1
927,302870,91799,1408,1
928,291666,88500,1408,1
929,290188,87956,1408,1
930,293286,88897,1408,1
931,288364,87409,1408,1
932,224164,67956,1408,1
933,218828,66342,1408,1
934,248408,75309,1408,1
935,290080,87921,1408,1
936,286146,86731,1408,1
937,285060,86402,1408,1
938,287342,87087,1408,1
939,292248,88702,1408,1
940,164338,49864,1408,1
941,142026,43053,1408,1
942,283814,86024,1408,1
943,277356,84047,1408,1
944,274696,83271,1408,1
945,286972,86983,1408,1
946,282226,85544,1408,1
947,344996,104565,1408,1
948,287460,87124,1408,1
949,292380,88625,1408,1
950,291826,88450,1408,1
951,289966,87872,1408,1
952,280386,84994,1408,1
953,525084,159686,1408,1
954,438863,133338,1408,1
955,296002,89723,1408,1
956,296374,89834,1408,1
957,295974,89709,1408,1
958,239868,72772,1408,1
959,288504,87449,1408,1
960,267402,81100,1408,1
961,251292,76185,1408,1
962,231938,70329,1408,1
963,199118,60369,1408,1
964,228172,69158,1408,1
965,204152,61895,1408,1
966,224646,68118,1408,1
967,228836,69455,1408,1
968,201212,61016,1408,1
969,177762,53903,1408,1
970,189116,57343,1408,1
971,158174,47960,1408,1
972,197552,59904,1408,1
973,162072,49124,1408,1
974,244332,74068,1408,1
975,246192,74647,1408,1
976,243388,73768,1408,1
977,232670,70533,1408,1
978,235006,71252,1408,1
979,248286,75274,1408,1
980,231796,70276,1408,1
981,261202,79211,1408,1
982,178888,54294,1408,1
983,230216,69805,1408,1
984,215678,65409,1408,1
985,241686,73272,1408,1
986,236920,71833,1408,1
987,234958,71231,1408,1
988,250046,75793,1408,1
989,227620,69002,1408,1
990,224776,68141,1408,1
991,226180,68545,1408,1
992,229310,69519,1408,1
993,225892,68482,1408,1
994,598308,181511,1408,1
995,434484,131658,1408,1
996,158508,48057,1408,1
997,147870,44838,1408,1
998,233320,70741,1408,1
999,173676,52666,1408,1
1000,178528,54133,1408,1
1001,349954,106283,1408,1
1002,195296,59217,1408,1
1003,209618,63556,1408,1
1004,208190,63108,1408,1
1005,189848,57594,1408,1
1006,212346,64388,1408,1
1007,187986,56990,1408,1
1008,174438,52852,1408,1
1009,200628,60822,1408,1
1010,183066,55500,1408,1
1011,181796,55102,1408,1
1012,174680,53096,1408,1
1013,180924,54844,1408,1
1014,181530,55037,1408,1
1015,180132,54596,1408,1
1016,177650,53870,1408,1
1017,175040,53081,1408,1
1018,223688,67830,1408,1
1019,182730,55423,1408,1
1020,299814,90885,1408,1
1021,155442,47172,1408,1
1022,147334,44675,1408,1
1023,147740,44794,1408,1
1024,144416,43785,1408,1
1025,227696,69042,1408,1
1026,297658,90227,1408,1
1027,219652,66597,1408,1
1028,145054,43978,1408,1
1029,166476,50461,1408,1
1030,146118,44297,1408,1
1031,144130,43697,1408,1
1032,225560,68376,1408,1
1033,206448,62589,1408,1
1034,196356,59535,1408,1
1035,194692,59032,1408,1
1036,181968,55186,1408,1
1037,189588,57484,1408,1
1038,134332,40734,1408,1
1039,132942,40298,1408,1
1040,133240,40407,1408,1
1041,151316,45874,1408,1
1042,143490,43509,1408,1
1043,143114,43395,1408,1
1044,143356,43463,1408,1
1045,143382,43470,1408,1
1046,136988,41535,1408,1
1047,135400,41040,1408,1
1048,133012,40335,1408,1
1049,133082,40341,1408,1
1050,132578,40189,1408,1
1051,132662,40212,1408,1
1052,163938,49715,1408,1
1053,133222,40378,1408,1
1054,132342,40117,1408,1
1055,133784,40554,1408,1
1056,132436,40145,1408,1
1057,132888,40283,1408,1
1058,137850,41803,1408,1
1059,134076,40654,1408,1
1060,134860,40878,1408,1
1061,155378,47128,1408,1
1062,146650,44463,1408,1
1063,308415,93856,1408,1
1064,196536,59592,1408,1
1065,234446,71077,1408,1
1066,232924,70613,1408,1
1067,221922,67279,1408,1
1068,217470,65904,1408,1
1069,219116,66415,1408,1
1070,221394,67117,1408,1
1071,272934,82710,1408,1
1072,222562,67457,1408,1
1073,213678,64770,1408,1
1074,237894,72113,1408,1
1075,221790,67242,1408,1
1076,189576,57497,1408,1
1077,150620,45794,1408,1
1078,138746,42070,1408,1
1079,135116,40956,1408,1
1080,134680,40825,1408,1
1081,137424,41680,1408,1
1082,132904,40302,1408,1
1083,133578,40503,1408,1
1084,133594,40493,1408,1
1085,134416,40731,1408,1
1086,132798,40254,1408,1
1087,133630,40521,1408,1
1088,133112,40350,1408,1
1089,133728,40538,1408,1
1090,133182,40372,1408,1
1091,132870,40277,1408,1
1092,132242,40088,1408,1
1093,163436,49549,1408,1
1094,151706,46015,1408,1
1095,129020,39098,1408,1
1096,129992,39404,1408,1
1097,133012,40317,1408,1
1098,130272,39505,1408,1
1099,127654,38707,1408,1
1100,127398,38630,1408,1
1101,131100,39748,1408,1
1102,126644,38387,1408,1
1103,126204,38254,1408,1
1104,125300,37994,1408,1
1105,125858,38163,1408,1
1106,167448,50774,1408,1
1107,126944,38492,1408,1
1108,126804,38452,1408,1
1109,126498,38356,1408,1
1110,125502,38044,1408,1
1111,124954,37865,1408,1
1112,125268,37973,1408,1
1113,125268,37984,1408,1
1114,126276,38276,1408,1
1115,122490,37131,1408,1
1116,148156,44945,1408,1
1117,122250,37069,1408,1
1118,123324,37401,1408,1
1119,121310,36787,1408,1
1120,136934,41528,1408,1
1121,129280,39194,1408,1
1122,122088,36996,1408,1
1123,121810,36913,1408,1
1124,123378,37413,1408,1
1125,122554,37150,1408,1
1126,149994,45456,1408,1
1127,187144,56712,1408,1
1128,1140396,345727,1408,1
1129,210586,63838,1408,1
1130,228646,69307,1408,1
1131,168698,51154,1408,1
1132,258000,78189,1408,1
1133,166524,50492,1408,1
1134,213972,64865,1408,1
1135,208446,63171,1408,1
1136,188838,57262,1408,1
1137,215086,65259,1408,1
1138,132792,40265,1408,1
1139,136290,41323,1408,1
1140,136580,41410,1408,1
1141,132734,40250,1408,1
1142,118376,35885,1408,1
1143,118278,35866,1408,1
1144,119046,36075,1408,1
1145,168770,51170,1408,1
1146,155214,47068,1408,1
1147,120958,36677,1408,1
1148,120772,36610,1408,1
1149,123040,37306,1408,1
1150,199106,60390,1408,1
1151,128266,38912,1408,1
1152,200876,60905,1408,1
1153,141138,42791,1408,1
1154,236348,71755,1408,1
1155,192732,58423,1408,1
1156,153002,46388,1408,1
1157,166300,50427,1408,1
1158,178160,54024,1408,1
1159,176780,53589,1408,1
1160,174442,52884,1408,1
1161,168912,51238,1408,1
1162,126846,38437,1408,1
1163,131042,39721,1408,1
1164,130560,39587,1408,1
1165,130758,39637,1408,1
1166,130316,39502,1408,1
1167,129908,39396,1408,1
1168,130516,39576,1408,1
1169,126776,38442,1408,1
1170,124318,37699,1408,1
1171,125360,38012,1408,1
1172,125714,38108,1408,1
1173,129208,39175,1408,1
1174,126248,38281,1408,1
1175,1061050,322066,1408,1
1176,175558,53222,1408,1
1177,171720,52065,1408,1
1178,128496,38962,1408,1
1179,125222,37957,1408,1
1180,127432,38628,1408,1
1181,144204,43730,1408,1
1182,127420,38625,1408,1
1183,158126,47935,1408,1
1184,139360,42253,1408,1
1185,195860,59378,1408,1
1186,212986,64556,1408,1
1187,162916,49395,1408,1
1188,173188,52510,1408,1
1189,154078,46724,1408,1
1190,131108,39741,1408,1
1191,126786,38431,1408,1
1192,126376,38303,1408,1
1193,126148,38227,1408,1
1194,127466,38635,1408,1
1195,128010,38817,1408,1
1196,130512,39566,1408,1
1197,123568,37457,1408,1
1198,200548,60796,1408,1
1199,204520,62009,1408,1
1200,199920,60608,1408,1
1201,210528,63847,1408,1
1202,138322,41934,1408,1
1203,136514,41389,1408,1
1204,135618,41124,1408,1
1205,195272,59202,1408,1
1206,215576,65341,1408,1
1207,202878,61512,1408,1
1208,139056,42165,1408,1
1209,139838,42404,1408,1
1210,168606,51132,1408,1
1211,130288,39491,1408,1
1212,130652,39604,1408,1
1213,128604,38982,1408,1
1214,130200,39468,1408,1
1215,195646,59305,1408,1
1216,190188,57668,1408,1
1217,189804,57630,1408,1
1218,200306,60734,1408,1
1219,212070,64308,1408,1
1220,214700,65095,1408,1
1221,153138,46442,1408,1
1222,208928,63343,1408,1
1223,141680,42957,1408,1
1224,140692,42644,1408,1
1225,143396,43475,1408,1
1226,147986,44853,1408,1
1227,142136,43094,1408,1
1228,143622,43546,1408,1
1229,141460,42890,1408,1
1230,133184,40382,1408,1
1231,131098,39727,1408,1
1232,129968,39384,1408,1
1233,130088,39419,1408,1
1234,129038,39103,1408,1
1235,129420,39217,1408,1
1236,128574,38962,1408,1
1237,128668,38994,1408,1
1238,130850,39674,1408,1
1239,128364,38922,1408,1
1240,128822,39063,1408,1
1241,132976,40327,1408,1
1242,128886,39081,1408,1
1243,128130,38839,1408,1
1244,132830,40265,1408,1
1245,145770,44177,1408,1
1246,132534,40164,1408,1
1247,134146,40678,1408,1
1248,148354,44995,1408,1
1249,132386,40145,1408,1
1250,132626,40193,1408,1
1251,134902,40908,1408,1
1252,133606,40518,1408,1
1253,132442,40147,1408,1
1254,135396,41040,1408,1
1255,132022,40007,1408,1
1256,157066,47640,1408,1
1257,134258,40682,1408,1
1258,137344,41646,1408,1
1259,133192,40467,1408,1
1260,135540,41071,1408,1
1261,151220,45871,1408,1
1262,131540,39870,1408,1
1263,189740,57492,1408,1
1264,240934,73185,1408,1
1265,266700,80835,1408,1
1266,136300,41328,1408,1
1267,136308,41315,1408,1
1268,139070,42167,1408,1
1269,164402,49842,1408,1
1270,183392,55595,1408,1
1271,207522,62916,1408,1
1272,205706,62382,1408,1
1273,214762,65115,1408,1
1274,217796,66016,1408,1
1275,210064,63693,1408,1
1276,211130,64054,1408,1
1277,212030,64462,1408,1
1278,182896,55459,1408,1
1279,219694,66601,1408,1
1280,172786,52372,1408,1
1281,227368,68940,1408,1
1282,241420,73189,1408,1
1283,176176,53423,1408,1
1284,190224,57677,1408,1
1285,189296,57388,1408,1
1286,197446,59847,1408,1
1287,198460,60151,1408,1
1288,206930,62743,1408,1
1289,275614,83818,1408,1
1290,194632,59014,1408,1
1291,218506,66231,1408,1
1292,201260,61022,1408,1
1293,188302,57101,1408,1
1294,220368,66811,1408,1
1295,209616,63555,1408,1
1296,225608,68390,1408,1
1297,237168,71990,1408,1
1298,265788,80581,1408,1
1299,251434,76230,1408,1
1300,247348,74993,1408,1
1301,289080,87655,1408,1
1302,228940,69388,1408,1
1303,245494,74497,1408,1
1304,192420,58344,1408,1
1305,185384,56210,1408,1
1306,188504,57156,1408,1
1307,195674,59329,1408,1
1308,200090,60671,1408,1
1309,194808,59067,1408,1
1310,218650,66294,1408,1
1311,251768,76318,1408,1
1312,158224,47974,1408,1
1313,157278,47693,1408,1
1314,280870,85136,1408,1
1315,281606,85359,1408,1
1316,261678,79336,1408,1
1317,157546,47774,1408,1
1318,157556,47773,1408,1
1319,217122,65812,1408,1
1320,195406,59313,1408,1
1321,230798,70008,1408,1
1322,153700,46607,1408,1
1323,152890,46358,1408,1
1324,196150,59486,1408,1
1325,151826,46039,1408,1
1326,153812,46632,1408,1
1327,154874,46954,1408,1
1328,157008,47586,1408,1
1329,153920,46666,1408,1
1330,152900,46356,1408,1
1331,176866,53633,1408,1
1332,301054,91259,1408,1
1333,203214,61626,1408,1
1334,197372,59844,1408,1
1335,237458,72161,1408,1
1336,208660,63307,1408,1
1337,151080,45807,1408,1
1338,142144,43101,1408,1
1339,141996,43030,1408,1
1340,141830,42980,1408,1
1341,153088,46413,1408,1
1342,141474,42896,1408,1
1343,140882,42720,1408,1
1344,141738,42964,1408,1
1345,140376,42537,1408,1
1346,141744,42964,1408,1
1347,143516,43489,1408,1
1348,141932,43036,1408,1
1349,227968,69110,1408,1
1350,139336,42234,1408,1
1351,140636,42630,1408,1
1352,137728,41735,1408,1
1353,141748,42981,1408,1
1354,140694,42659,1408,1
1355,139254,42212,1408,1
1356,236158,71598,1408,1
1357,253540,76872,1408,1
1358,243822,73914,1408,1
1359,240728,72978,1408,1
1360,329640,100216,1408,1
1361,191160,57939,1408,1
1362,135272,41022,1408,1
1363,132876,40293,1408,1
1364,132648,40228,1408,1
1365,132296,40121,1408,1
1366,133820,40576,1408,1
1367,131166,39778,1408,1
1368,135242,41009,1408,1
1369,134060,40634,1408,1
1370,132632,40203,1408,1
1371,132328,40127,1408,1
1372,228940,69402,1408,1
1373,257784,78460,1408,1
1374,136034,41251,1408,1
1375,145888,44230,1408,1
1376,143960,43646,1408,1
1377,137828,41796,1408,1
1378,135748,41147,1408,1
1379,134618,40817,1408,1
1380,133354,40436,1408,1
1381,148194,44944,1408,1
1382,135112,40953,1408,1
1383,133680,40511,1408,1
1384,136010,41235,1408,1
1385,139140,42173,1408,1
1386,173076,52667,1408,1
1387,154310,46770,1408,1
1388,148552,45011,1408,1
1389,163036,49425,1408,1
1390,134882,40896,1408,1
1391,129222,39183,1408,1
1392,130122,39458,1408,1
1393,133468,40468,1408,1
1394,131120,39756,1408,1
1395,162484,49273,1408,1
1396,129180,39156,1408,1
1397,132370,40138,1408,1
1398,129712,39316,1408,1
1399,128912,39074,1408,1
1400,128740,39022,1408,1
1401,244910,74270,1408,1
1402,230182,69746,1408,1
1403,294102,89274,1408,1
1404,153532,46546,1408,1
1405,141126,42791,1408,1
1406,216588,65869,1408,1
1407,142954,43346,1408,1
1408,141802,42993,1408,1
1409,140782,42687,1408,1
1410,139480,42292,1408,1
1411,139852,42405,1408,1
1412,140244,42519,1408,1
1413,139424,42273,1408,1
1414,140590,42623,1408,1
1415,133452,40464,1408,1
1416,130838,39672,1408,1
1417,132796,40265,1408,1
1418,157408,47736,1408,1
1419,129890,39374,1408,1
1420,130202,39475,1408,1
1421,130836,39674,1408,1
1422,125604,38088,1408,1
1423,125820,38150,1408,1
1424,125966,38195,1408,1
1425,125676,38108,1408,1
1426,126760,38437,1408,1
1427,122538,37144,1408,1
1428,123090,37322,1408,1
1429,121566,36863,1408,1
1430,122398,37101,1408,1
1431,121970,36963,1408,1
1432,121906,36941,1408,1
1433,122414,37098,1408,1
1434,123834,37526,1408,1
1435,126344,38307,1408,1
1436,123698,37499,1408,1
1437,177804,53928,1408,1
1438,131004,39717,1408,1
1439,146496,44435,1408,1
1440,119492,36232,1408,1
1441,187458,56829,1408,1
1442,119218,36138,1408,1
1443,118570,35955,1408,1
1444,117792,35721,1408,1
1445,153788,46636,1408,1
1446,179144,54311,1408,1
1447,121588,36866,1408,1
1448,122448,37132,1408,1
1449,121614,36862,1408,1
1450,115480,35003,1408,1
1451,176498,53526,1408,1
1452,198108,60140,1408,1
1453,214166,64925,1408,1
1454,197910,60002,1408,1
1455,233508,70780,1408,1
1456,148878,45152,1408,1
1457,117162,35513,1408,1
1458,117732,35699,1408,1
1459,248033,75444,1408,1
1460,129620,39305,1408,1
1461,124358,37708,1408,1
1462,119638,36277,1408,1
1463,119102,36090,1408,1
1464,119228,36154,1408,1
1465,119882,36330,1408,1
1466,124390,37703,1408,1
1467,118218,35834,1408,1
1468,119740,36307,1408,1
1469,119552,36241,1408,1
1470,147414,44705,1408,1
1471,120688,36600,1408,1
1472,118948,36044,1408,1
1473,123948,37558,1408,1
1474,194822,59386,1408,1
1475,170510,51679,1408,1
1476,123666,37497,1408,1
1477,118784,36018,1408,1
1478,132128,40065,1408,1
1479,129542,39278,1408,1
1480,152920,46372,1408,1
1481,226592,68682,1408,1
1482,119958,36377,1408,1
1483,119968,36356,1408,1
1484,119556,36238,1408,1
1485,118590,35938,1408,1
1486,119072,36092,1408,1
1487,119348,36175,1408,1
1488,162882,49388,1408,1
1489,120246,36463,1408,1
1490,155404,47120,1408,1
1491,123412,37420,1408,1
1492,120310,36469,1408,1
1493,119462,36213,1408,1
1494,120850,36619,1408,1
1495,124558,37880,1408,1
1496,299434,90742,1408,1
1497,185174,56266,1408,1
1498,238120,72189,1408,1
1499,187338,56786,1408,1
1500,191016,57915,1408,1
1501,188900,57270,1408,1
1502,195970,59443,1408,1
1503,120500,36534,1408,1
1504,191480,58041,1408,1
1505,180352,54678,1408,1
1506,199082,60342,1408,1
1507,189012,57301,1408,1
1508,186044,56406,1408,1
1509,185380,56189,1408,1
1510,195316,59206,1408,1
1511,184656,55981,1408,1
1512,176182,53422,1408,1
1513,192462,58357,1408,1
1514,190112,57645,1408,1
1515,183960,55773,1408,1
1516,226428,68782,1408,1
1517,199292,60421,1408,1
1518,131360,39834,1408,1
1519,130980,39702,1408,1
1520,130392,39526,1408,1
1521,130836,39673,1408,1
1522,138136,41887,1408,1
1523,133806,40558,1408,1
1524,130596,39585,1408,1
1525,130092,39433,1408,1
1526,129588,39283,1408,1
1527,129062,39113,1408,1
1528,129686,39322,1408,1
1529,131346,39826,1408,1
1530,152070,46122,1408,1
1531,207912,63034,1408,1
1532,130426,39533,1408,1
1533,132160,40046,1408,1
1534,131226,39789,1408,1
1535,136756,41544,1408,1
1536,133554,40481,1408,1
1537,141328,42823,1408,1
1538,136702,41450,1408,1
1539,130924,39699,1408,1
1540,131156,39769,1408,1
1541,125514,38046,1408,1
1542,130186,39482,1408,1
1543,125482,38024,1408,1
1544,125962,38170,1408,1
1545,126316,38279,1408,1
1546,129448,39226,1408,1
1547,126420,38335,1408,1
1548,144298,43736,1408,1
1549,144786,43896,1408,1
1550,143646,43540,1408,1
1551,126118,38243,1408,1
1552,125286,37964,1408,1
1553,126108,38214,1408,1
1554,126926,38473,1408,1
1555,124736,37817,1408,1
1556,121384,36796,1408,1
1557,122600,37174,1408,1
1558,123804,37544,1408,1
1559,134220,40711,1408,1
1560,122374,37104,1408,1
1561,122544,37158,1408,1
1562,131500,39876,1408,1
1563,122532,37160,1408,1
1564,122750,37221,1408,1
1565,228382,69232,1408,1
1566,242716,73578,1408,1
1567,193600,58694,1408,1
1568,200978,60932,1408,1
1569,131704,39932,1408,1
1570,131138,39765,1408,1
1571,132622,40208,1408,1
1572,132384,40142,1408,1
1573,131426,39847,1408,1
1574,131056,39735,1408,1
1575,133470,40465,1408,1
1576,131866,39979,1408,1
1577,131136,39760,1408,1
1578,126234,38278,1408,1
1579,125408,38025,1408,1
1580,125096,37932,1408,1
1581,124350,37691,1408,1
1582,132692,40232,1408,1
1583,122532,37141,1408,1
1584,123596,37455,1408,1
1585,122028,36990,1408,1
1586,123714,37488,1408,1
1587,122316,37064,1408,1
1588,122124,37007,1408,1
1589,122126,37022,1408,1
1590,123454,37433,1408,1
1591,220746,66924,1408,1
1592,194496,58959,1408,1
1593,208950,63434,1408,1
1594,202450,61358,1408,1
1595,195932,59386,1408,1
1596,125152,38041,1408,1
1597,122212,37058,1408,1
1598,169050,51266,1408,1
1599,194250,58892,1408,1
1600,125330,37987,1408,1
1601,169412,51343,1408,1
1602,228914,69424,1408,1
1603,219086,66417,1408,1
1604,207690,62988,1408,1
1605,145984,44356,1408,1
1606,132392,40138,1408,1
1607,132998,40324,1408,1
1608,132112,40058,1408,1
1609,132152,40071,1408,1
1610,134476,40759,1408,1
1611,138186,41884,1408,1
1612,138996,42140,1408,1
1613,261302,79242,1408,1
1614,227720,69012,1408,1
1615,229234,69484,1408,1
1616,231868,70295,1408,1
1617,221418,67141,1408,1
1618,230648,70063,1408,1
1619,203694,61764,1408,1
1620,182890,55447,1408,1
1621,440744,133581,1408,1
1622,187274,56777,1408,1
1623,216546,65694,1408,1
1624,222568,67477,1408,1
1625,218028,66101,1408,1
1626,218014,66090,1408,1
1627,203484,61702,1408,1
1628,286049,86962,1408,1
1629,216990,65790,1408,1
1630,148872,45141,1408,1
1631,251588,76262,1408,1
1632,199174,60387,1408,1
1633,227516,68960,1408,1
1634,339848,103004,1408,1
1635,207406,62880,1408,1
1636,190638,57804,1408,1
1637,149178,45235,1408,1
1638,146284,44343,1408,1
1639,237648,72052,1408,1
1640,223342,67717,1408,1
1641,238812,72408,1408,1
1642,236432,71670,1408,1
1643,253138,76749,1408,1
1644,231476,70168,1408,1
1645,236608,71720,1408,1
1646,232548,70486,1408,1
1647,305100,92484,1408,1
1648,233476,70781,1408,1
1649,234498,71095,1408,1
1650,160564,48681,1408,1
1651,199686,60560,1408,1
1652,374452,113481,1408,1
1653,208594,63252,1408,1
1654,204022,61864,1408,1
1655,584347,205293,1408,1
1656,243350,73770,1408,1
1657,150860,45745,1408,1
1658,147368,44685,1408,1
1659,146292,44362,1408,1
1660,149154,45225,1408,1
1661,270844,82154,1408,1
1662,246574,74753,1408,1
1663,239258,72528,1408,1
1664,256388,77730,1408,1
1665,237576,72034,1408,1
1666,231976,70314,1408,1
1667,238468,72293,1408,1
1668,236898,71819,1408,1
1669,252996,76702,1408,1
1670,249032,75705,1408,1
1671,159804,48447,1408,1
1672,154184,46747,1408,1
1673,153048,46401,1408,1
1674,153612,46572,1408,1
1675,156902,47573,1408,1
1676,153728,46605,1408,1
1677,140432,42582,1408,1
1678,136958,41504,1408,1
1679,139564,42318,1408,1
1680,137804,41760,1408,1
1681,194072,58850,1408,1
1682,143614,43707,1408,1
1683,133740,40544,1408,1
1684,133800,40561,1408,1
1685,133598,40512,1408,1
1686,177736,53901,1408,1
1687,133070,40350,1408,1
1688,184994,56110,1408,1
1689,185822,56326,1408,1
1690,196224,59457,1408,1
1691,207990,63067,1408,1
1692,191840,58221,1408,1
1693,201380,61037,1408,1
1694,156266,47397,1408,1
1695,230940,70012,1408,1
1696,288858,87563,1408,1
1697,226406,68641,1408,1
1698,226104,68544,1408,1
1699,212490,64414,1408,1
1700,226686,68725,1408,1
1701,146094,44320,1408,1
1702,182100,55206,1408,1
1703,135166,40959,1408,1
1704,134068,40625,1408,1
1705,156654,47538,1408,1
1706,132818,40273,1408,1
1707,164340,49831,1408,1
1708,147272,44654,1408,1
1709,146476,44409,1408,1
1710,143670,43559,1408,1
1711,145922,44246,1408,1
1712,145168,44018,1408,1
1713,143848,43614,1408,1
1714,144266,43744,1408,1
1715,144848,43902,1408,1
1716,146308,44432,1408,1
1717,178490,54113,1408,1
1718,135070,40941,1408,1
1719,135532,41082,1408,1
1720,136530,41398,1408,1
1721,152550,46283,1408,1
1722,134268,40715,1408,1
1723,133196,40362,1408,1
1724,132774,40246,1408,1
1725,130496,39556,1408,1
1726,130126,39443,1408,1
1727,130442,39528,1408,1
1728,132904,40312,1408,1
1729,130586,39585,1408,1
1730,128960,39077,1408,1
1731,131486,39870,1408,1
1732,137756,41756,1408,1
1733,147078,44587,1408,1
1734,204368,62263,1408,1
1735,182266,55268,1408,1
1736,147494,44720,1408,1
1737,166894,50614,1408,1
1738,134004,40638,1408,1
1739,163486,49559,1408,1
1740,132620,40214,1408,1
1741,153632,46604,1408,1
1742,278734,84483,1408,1
1743,134506,40783,1408,1
1744,134770,40867,1408,1
1745,133598,40513,1408,1
1746,133200,40365,1408,1
1747,167856,50903,1408,1
1748,144366,43788,1408,1
1749,134622,40810,1408,1
1750,168032,50954,1408,1
1751,159192,48291,1408,1
1752,135078,40964,1408,1
1753,130918,39697,1408,1
1754,131312,39818,1408,1
1755,130028,39412,1408,1
1756,132212,40090,1408,1
1757,130194,39480,1408,1
1758,127882,38767,1408,1
1759,158780,48167,1408,1
1760,184418,55906,1408,1
1761,151906,46072,1408,1
1762,130688,39630,1408,1
1763,131426,39855,1408,1
1764,130630,39612,1408,1
1765,129972,39410,1408,1
1766,128344,38902,1408,1
1767,131888,39993,1408,1
1768,130594,39599,1408,1
1769,174430,52896,1408,1
1770,180176,54621,1408,1
1771,129822,39339,1408,1
1772,196316,59520,1408,1
1773,133430,40457,1408,1
1774,129074,39114,1408,1
1775,133060,40347,1408,1
1776,133958,40631,1408,1
1777,131430,39853,1408,1
1778,145000,43964,1408,1
1779,140578,42623,1408,1
1780,249712,75797,1408,1
1781,204880,62123,1408,1
1782,209814,63609,1408,1
1783,358779,109158,1408,1
1784,143486,43506,1408,1
1785,160866,48786,1408,1
1786,189396,57429,1408,1
1787,145028,43978,1408,1
1788,153282,46496,1408,1
1789,142264,43131,1408,1
1790,141936,43036,1408,1
1791,140850,42704,1408,1
1792,143808,43599,1408,1
1793,141790,42992,1408,1
1794,144564,43828,1408,1
1795,310148,94539,1408,1
1796,179230,54338,1408,1
1797,228510,69265,1408,1
1798,226650,68714,1408,1
1799,202770,61480,1408,1
1800,187484,56840,1408,1
1801,217542,65942,1408,1
1802,135262,40987,1408,1
1803,135938,41192,1408,1
1804,291652,88476,1408,1
1805,205292,62242,1408,1
1806,238456,72280,1408,1
1807,213780,64817,1408,1
1808,166708,50557,1408,1
1809,288992,87592,1408,1
1810,286150,86732,1408,1
1811,206578,62704,1408,1
1812,181772,55117,1408,1
1813,199270,60422,1408,1
1814,186640,56558,1408,1
1815,191282,58001,1408,1
1816,173542,52626,1408,1
1817,221978,67298,1408,1
1818,225218,68273,1408,1
1819,150206,45541,1408,1
1820,248342,75304,1408,1
1821,209760,63608,1408,1
1822,197268,59899,1408,1
1823,153374,46499,1408,1
1824,141112,42785,1408,1
1825,140130,42495,1408,1
1826,140336,42535,1408,1
1827,181410,55022,1408,1
1828,135770,41167,1408,1
1829,176194,53413,1408,1
1830,137542,41705,1408,1
1831,135688,41132,1408,1
1832,134508,40775,1408,1
1833,136230,41310,1408,1
1834,136126,41276,1408,1
1835,134224,40699,1408,1
1836,240510,72915,1408,1
1837,216898,65763,1408,1
1838,152526,46242,1408,1
1839,144870,43924,1408,1
1840,144850,43892,1408,1
1841,144802,43905,1408,1
1842,173040,52470,1408,1
1843,134536,40792,1408,1
1844,133820,40566,1408,1
1845,133842,40585,1408,1
1846,133228,40383,1408,1
1847,134234,40675,1408,1
1848,133782,40565,1408,1
1849,132058,40047,1408,1
1850,134880,40873,1408,1
1851,135932,41221,1408,1
1852,135004,40935,1408,1
1853,135030,40932,1408,1
1854,133808,40584,1408,1
1855,158084,47925,1408,1
1856,213820,64850,1408,1
1857,148492,45021,1408,1
1858,162852,49390,1408,1
1859,222722,67519,1408,1
1860,320882,97250,1408,1
1861,234422,71081,1408,1
1862,143514,43507,1408,1
1863,156362,47427,1408,1
1864,193124,58564,1408,1
1865,209274,63439,1408,1
1866,181826,55129,1408,1
1867,143830,43605,1408,1
1868,144760,43894,1408,1
1869,367967,111918,1408,1
1870,144072,43681,1408,1
1871,143692,43566,1408,1
1872,157022,47626,1408,1
1873,383370,116489,1408,1
1874,143738,43589,1408,1
1875,229136,69440,1408,1
1876,144020,43666,1408,1
1877,141278,42835,1408,1
1878,141216,42814,1408,1
1879,140702,42662,1408,1
1880,148924,45161,1408,1
1881,131934,39991,1408,1
1882,128812,39050,1408,1
1883,129420,39218,1408,1
1884,130332,39519,1408,1
1885,133890,40598,1408,1
1886,143526,43513,1408,1
1887,129996,39414,1408,1
1888,129558,39287,1408,1
1889,129528,39262,1408,1
1890,146046,44265,1408,1
1891,139586,42323,1408,1
1892,131490,39871,1408,1
1893,129028,39113,1408,1
1894,132442,40157,1408,1
1895,130670,39620,1408,1
1896,134576,40806,1408,1
1897,130932,39687,1408,1
1898,129912,39378,1408,1
1899,129634,39297,1408,1
1900,134014,40621,1408,1
1901,206152,62512,1408,1
1902,197570,59887,1408,1
1903,225896,68479,1408,1
1904,225640,68382,1408,1
1905,220702,66910,1408,1
1906,220920,66978,1408,1
1907,218980,66401,1408,1
1908,147020,44584,1408,1
1909,192768,58604,1408,1
1910,234040,70943,1408,1
1911,195322,59223,1408,1
1912,326806,99237,1408,1
1913,234338,71034,1408,1
1914,232254,70611,1408,1
1915,230158,69776,1408,1
1916,202962,61530,1408,1
1917,225086,68247,1408,1
1918,213774,64805,1408,1
1919,201184,61007,1408,1
1920,238870,72438,1408,1
1921,228144,69176,1408,1
1922,240540,73035,1408,1
1923,233702,70847,1408,1
1924,218674,66339,1408,1
1925,253494,76843,1408,1
1926,237144,71892,1408,1
1927,219752,66621,1408,1
1928,209128,63407,1408,1
1929,443543,134919,1408,1
1930,226894,68789,1408,1
1931,1796138,544329,1408,1
1932,473954,143657,1408,1
1933,230638,69927,1408,1
1934,208104,63099,1408,1
1935,458616,139223,1408,1
1936,253558,76870,1408,1
1937,234012,70950,1408,1
1938,254782,77252,1408,1
1939,299316,91232,1408,1
1940,275364,83485,1408,1
1941,248422,75297,1408,1
1942,231416,70581,1408,1
1943,249888,75742,1408,1
1944,258528,78361,1408,1
1945,261094,79170,1408,1
1946,231710,70254,1408,1
1947,167170,50689,1408,1
1948,254960,77283,1408,1
1949,328860,99924,1408,1
1950,165412,50151,1408,1
1951,163660,49620,1408,1
1952,220884,66971,1408,1
1953,214770,65121,1408,1
1954,224152,67959,1408,1
1955,223334,67712,1408,1
1956,223948,67895,1408,1
1957,221256,67084,1408,1
1958,291986,88510,1408,1
1959,219494,66544,1408,1
1960,227980,69130,1408,1
1961,247088,74931,1408,1
1962,343646,104178,1408,1
1963,250644,76010,1408,1
1964,244336,74090,1408,1
1965,242630,73601,1408,1
1966,165632,50222,1408,1
1967,207114,62807,1408,1
1968,338298,102540,1408,1
1969,241746,73292,1408,1
1970,218370,66185,1408,1
1971,196294,59512,1408,1
1972,376990,114262,1408,1
1973,280994,85235,1408,1
1974,260150,78841,1408,1
1975,159646,48402,1408,1
1976,178658,54158,1408,1
1977,167664,50814,1408,1
1978,159278,48291,1408,1
1979,183656,55721,1408,1
1980,179702,54500,1408,1
1981,157686,47809,1408,1
1982,187896,56982,1408,1
1983,153688,46597,1408,1
1984,153302,46474,1408,1
1985,152182,46140,1408,1
1986,233310,70727,1408,1
1987,153948,46678,1408,1
1988,153864,46788,1408,1
1989,213262,64652,1408,1
1990,197900,59991,1408,1
1991,1440789,438249,1408,1
1992,157972,47897,1408,1
1993,381290,115831,1408,1
1994,230532,69887,1408,1
1995,206918,62700,1408,1
1996,233932,70922,1408,1
1997,229736,69653,1408,1
1998,319196,96764,1408,1
1999,220170,66774,1408,1
2000,217982,66161,1408,1
2001,235598,71426,1408,1
2002,232882,70599,1408,1
2003,290510,88130,1408,1
2004,245630,74461,1408,1
2005,232458,70483,1408,1
2006,224708,68125,1408,1
2007,227404,68937,1408,1
2008,230374,69846,1408,1
2009,227662,69022,1408,1
2010,201834,61200,1408,1
2011,216858,65750,1408,1
2012,230030,70134,1408,1
2013,207158,62814,1408,1
2014,235668,71450,1408,1
2015,229800,69665,1408,1
2016,244420,74091,1408,1
2017,463326,140394,1408,1
2018,233732,70863,1408,1
2019,228438,69277,1408,1
2020,210472,63822,1408,1
2021,270060,81969,1408,1
2022,270366,81953,1408,1
2023,221854,67281,1408,1
2024,274674,83265,1408,1
2025,250148,75839,1408,1
2026,219800,66635,1408,1
2027,449226,136127,1408,1
2028,274570,83236,1408,1
2029,244656,74175,1408,1
2030,239080,72482,1408,1
2031,245018,74290,1408,1
2032,230642,69923,1408,1
2033,243694,73873,1408,1
2034,183260,55573,1408,1
2035,203712,61762,1408,1
2036,189888,57631,1408,1
2037,201802,61167,1408,1
2038,205858,62435,1408,1
2039,139126,42175,1408,1
2040,142088,43084,1408,1
2041,143372,43473,1408,1
2042,142016,43052,1408,1
2043,136966,41516,1408,1
2044,138832,42096,1408,1
2045,140386,42565,1408,1
2046,139162,42169,1408,1
2047,141406,42860,1408,1
2048,195090,59146,1408,1
2049,166418,50480,1408,1
2050,174100,52795,1408,1
2051,194482,58972,1408,1
2052,149334,45275,1408,1
2053,200832,60890,1408,1
2054,289020,87598,1408,1
2055,187094,56735,1408,1
2056,243738,73921,1408,1
2057,1490536,451965,1408,1
2058,246750,74816,1408,1
2059,151580,45956,1408,1
2060,149280,45259,1408,1
2061,150648,45676,1408,1
2062,238214,72226,1408,1
2063,224934,68194,1408,1
2064,211274,64053,1408,1
2065,221882,67274,1408,1
2066,241552,73226,1408,1
2067,234796,71176,1408,1
2068,231428,70220,1408,1
2069,210988,63993,1408,1
2070,151310,45874,1408,1
2071,287894,87246,1408,1
2072,152468,46211,1408,1
2073,152130,46122,1408,1
2074,149016,45199,1408,1
2075,139554,42288,1408,1
2076,182442,55324,1408,1
2077,138876,42096,1408,1
2078,170294,51666,1408,1
2079,148464,45009,1408,1
2080,148966,45161,1408,1
2081,148514,45028,1408,1
2082,148306,44965,1408,1
2083,148998,45173,1408,1
2084,149824,45430,1408,1
2085,147758,44799,1408,1
2086,150800,45722,1408,1
2087,147886,44840,1408,1
2088,147014,44575,1408,1
2089,215308,65266,1408,1
2090,296050,89726,1408,1
2091,135420,41049,1408,1
2092,134760,40839,1408,1
2093,140748,42672,1408,1
2094,137604,41725,1408,1
2095,133038,40329,1408,1
2096,133622,40505,1408,1
2097,132250,40109,1408,1
2098,154510,46849,1408,1
2099,135676,41144,1408,1
2100,134316,40715,1408,1
2101,133850,40589,1408,1
2102,147236,44642,1408,1
2103,143986,43655,1408,1
2104,187540,56862,1408,1
2105,144184,43712,1408,1
2106,147410,44695,1408,1
2107,150026,45484,1408,1
2108,144364,43774,1408,1
2109,144866,43922,1408,1
2110,132950,40315,1408,1
2111,130524,39581,1408,1
2112,132968,40294,1408,1
2113,129300,39203,1408,1
2114,131524,39885,1408,1
2115,129418,39232,1408,1
2116,130140,39458,1408,1
2117,130884,39687,1408,1
2118,239158,72571,1408,1
2119,302330,91645,1408,1
2120,163936,49714,1408,1
2121,142822,43302,1408,1
2122,154528,46870,1408,1
2123,208560,63239,1408,1
2124,218936,66376,1408,1
2125,209458,63498,1408,1
2126,313986,95167,1408,1
2127,141068,42774,1408,1
2128,140098,42477,1408,1
2129,167000,50641,1408,1
2130,140124,42496,1408,1
2131,139980,42443,1408,1
2132,187590,56899,1408,1
2133,142948,43353,1408,1
2134,220570,66873,1408,1
2135,218556,66258,1408,1
2136,273500,82860,1408,1
2137,214350,64965,1408,1
2138,160956,48811,1408,1
2139,200204,60798,1408,1
2140,167770,51085,1408,1
2141,206126,62672,1408,1
2142,300402,91094,1408,1
2143,193796,58993,1408,1
2144,185704,56289,1408,1
2145,200946,60928,1408,1
2146,226410,68627,1408,1
2147,205918,62409,1408,1
2148,205730,62385,1408,1
2149,204610,62019,1408,1
2150,207302,62857,1408,1
2151,137304,41634,1408,1
2152,169482,51412,1408,1
2153,201308,61039,1408,1
2154,177646,53864,1408,1
2155,264322,80127,1408,1
2156,383276,116280,1408,1
2157,731464,222470,1408,1
2158,175948,53352,1408,1
2159,256612,77983,1408,1
2160,147474,44707,1408,1
2161,144200,43722,1408,1
2162,216508,65633,1408,1
2163,215640,65464,1408,1
2164,214540,65124,1408,1
2165,208034,63096,1408,1
2166,195582,59367,1408,1
2167,149258,45249,1408,1
2168,147878,44841,1408,1
2169,220776,66946,1408,1
2170,145622,44148,1408,1
2171,229930,69710,1408,1
2172,210692,63989,1408,1
2173,185364,56216,1408,1
2174,174564,52928,1408,1
2175,175408,53173,1408,1
2176,221970,67279,1408,1
2177,435888,132081,1408,1
2178,232976,70641,1408,1
2179,195250,59200,1408,1
2180,220866,66965,1408,1
2181,204096,61842,1408,1
2182,216650,65690,1408,1
2183,347789,106465,1408,1
2184,313256,94926,1408,1
2185,226252,68606,1408,1
2186,217524,65945,1408,1
2187,219172,66785,1408,1
2188,229506,69583,1408,1
2189,217122,65832,1408,1
2190,290018,89664,1408,1
2191,230236,69835,1408,1
2192,192064,58234,1408,1
2193,227396,68992,1408,1
2194,229244,69507,1408,1
2195,230178,69785,1408,1
2196,200174,60680,1408,1
2197,227264,68881,1408,1
2198,299962,90964,1408,1
2199,325554,98985,1408,1
2200,232372,70454,1408,1
2201,223396,67716,1408,1
2202,229826,69826,1408,1
2203,211500,64113,1408,1
2204,228314,69222,1408,1
2205,237862,72099,1408,1
2206,231986,70356,1408,1
2207,248358,75280,1408,1
2208,156628,47488,1408,1
2209,221004,67014,1408,1
2210,158622,48092,1408,1
2211,158182,47960,1408,1
2212,249512,75659,1408,1
2213,235252,71325,1408,1
2214,259412,78646,1408,1
2215,256010,77610,1408,1
2216,166682,50559,1408,1
2217,178128,54059,1408,1
2218,269892,81820,1408,1
2219,239138,72475,1408,1
2220,264234,80106,1408,1
2221,265976,80638,1408,1
2222,302302,91637,1408,1
2223,209762,63607,1408,1
2224,242498,73526,1408,1
2225,249726,75711,1408,1
2226,234840,71182,1408,1
2227,273446,82975,1408,1
2228,250850,76056,1408,1
2229,219162,66426,1408,1
2230,239228,72534,1408,1
2231,164924,50001,1408,1
2232,253272,76805,1408,1
2233,236088,71578,1408,1
2234,234408,71081,1408,1
2235,235704,71442,1408,1
2236,224396,68041,1408,1
2237,223622,67814,1408,1
2238,194904,59094,1408,1
2239,229856,69703,1408,1
2240,239724,72693,1408,1
2241,152814,46342,1408,1
2242,167810,50876,1408,1
2243,152688,46266,1408,1
2244,278138,84318,1408,1
2245,454446,138464,1408,1
2246,184530,56086,1408,1
2247,170662,51740,1408,1
2248,165670,50212,1408,1
2249,167590,50808,1408,1
2250,169196,51297,1408,1
2251,173360,52581,1408,1
2252,188228,57086,1408,1
2253,261142,79161,1408,1
2254,257278,77974,1408,1
2255,249518,75649,1408,1
2256,247788,75140,1408,1
2257,223088,67643,1408,1
2258,193648,58732,1408,1
2259,221284,67097,1408,1
2260,228978,69425,1408,1
2261,237638,72056,1408,1
2262,236582,71736,1408,1
2263,223928,67904,1408,1
2264,289282,87672,1408,1
2265,209898,63625,1408,1
2266,205932,62434,1408,1
2267,218882,66356,1408,1
2268,255382,77417,1408,1
2269,257700,78126,1408,1
2270,227186,68887,1408,1
2271,246054,74612,1408,1
2272,312054,94675,1408,1
2273,227656,69024,1408,1
2274,195084,59147,1408,1
2275,218328,66190,1408,1
2276,263284,79850,1408,1
2277,244170,74019,1408,1
2278,309368,93816,1408,1
2279,245200,74338,1408,1
2280,222808,67567,1408,1
2281,227474,68972,1408,1
2282,1589266,482176,1408,1
2283,841255,255190,1408,1
2284,578030,175340,1408,1
2285,235470,71386,1408,1
2286,187186,56721,1408,1
2287,199210,60411,1408,1
2288,209560,63559,1408,1
2289,225664,68667,1408,1
2290,396510,120239,1408,1
2291,206506,62618,1408,1
2292,227236,68876,1408,1
2293,226348,68633,1408,1
2294,283064,85811,1408,1
2295,301350,91342,1408,1
2296,152422,46220,1408,1
2297,143300,43453,1408,1
2298,161492,48980,1408,1
2299,138654,42043,1408,1
2300,201734,61173,1408,1
2301,205814,62401,1408,1
2302,211088,63997,1408,1
2303,204360,61964,1408,1
2304,203480,61710,1408,1
2305,221530,67491,1408,1
2306,205396,62240,1408,1
2307,215442,65327,1408,1
2308,448226,135825,1408,1
2309,192192,58292,1408,1
2310,142696,43241,1408,1
2311,143624,43550,1408,1
2312,160560,48657,1408,1
2313,140416,42552,1408,1
2314,152994,46394,1408,1
2315,222774,67545,1408,1
2316,462546,140324,1408,1
2317,226458,68666,1408,1
2318,153768,46626,1408,1
2319,209202,63424,1408,1
2320,207392,62878,1408,1
2321,194842,59064,1408,1
2322,250180,75839,1408,1
2323,163262,49519,1408,1
2324,251406,76234,1408,1
2325,229716,69644,1408,1
2326,240894,73028,1408,1
2327,236364,71671,1408,1
2328,239288,72547,1408,1
2329,294378,89226,1408,1
2330,209792,63609,1408,1
2331,221814,67248,1408,1
2332,218062,66114,1408,1
2333,232892,70622,1408,1
2334,241452,73212,1408,1
2335,265394,80485,1408,1
2336,248168,75404,1408,1
2337,192624,58420,1408,1
2338,370349,112688,1408,1
2339,870765,264086,1408,1
2340,277024,83969,1408,1
2341,155276,47080,1408,1
2342,152924,46368,1408,1
2343,151860,46042,1408,1
2344,153990,46678,1408,1
2345,153668,46593,1408,1
2346,152496,46318,1408,1
2347,152682,46295,1408,1
2348,152336,46188,1408,1
2349,152284,46173,1408,1
2350,144032,43676,1408,1
2351,140438,42558,1408,1
2352,141664,42954,1408,1
2353,141092,42766,1408,1
2354,140886,42692,1408,1
2355,155882,47283,1408,1
2356,142904,43333,1408,1
2357,143726,43577,1408,1
2358,141694,42940,1408,1
2359,140988,42728,1408,1
2360,141506,42898,1408,1
2361,140066,42474,1408,1
2362,136800,41483,1408,1
2363,137160,41594,1408,1
2364,136918,41518,1408,1
2365,137030,41522,1408,1
2366,136692,41436,1408,1
2367,136762,41454,1408,1
2368,136566,41395,1408,1
2369,137960,41833,1408,1
2370,139050,42165,1408,1
2371,135878,41189,1408,1
2372,178974,54280,1408,1
2373,138078,41854,1408,1
2374,137744,41739,1408,1
2375,256854,77910,1408,1
2376,151114,45839,1408,1
2377,139196,42209,1408,1
2378,134650,40828,1408,1
2379,134130,40656,1408,1
2380,134068,40637,1408,1
2381,134006,40637,1408,1
2382,133932,40587,1408,1
2383,132588,40178,1408,1
2384,133768,40563,1408,1
2385,176752,53649,1408,1
2386,163934,49714,1408,1
2387,208848,63301,1408,1
2388,260518,78976,1408,1
2389,214020,64891,1408,1
2390,155004,47011,1408,1
2391,144754,43888,1408,1
2392,202016,61241,1408,1
2393,255284,77380,1408,1
2394,225636,68401,1408,1
2395,247604,75053,1408,1
2396,222174,67358,1408,1
2397,206230,62514,1408,1
2398,226750,68747,1408,1
2399,233010,70647,1408,1
2400,221578,67207,1408,1
2401,226382,68626,1408,1
2402,245664,74471,1408,1
2403,228538,69280,1408,1
2404,213934,64863,1408,1
2405,191200,57968,1408,1
2406,194620,59004,1408,1
2407,207690,62979,1408,1
2408,207278,62840,1408,1
2409,250178,75850,1408,1
2410,129094,39148,1408,1
2411,128486,38962,1408,1
2412,122584,37158,1408,1
2413,122412,37118,1408,1
2414,122652,37166,1408,1
2415,163388,49544,1408,1
2416,229894,69663,1408,1
2417,128506,38964,1408,1
2418,119920,36363,1408,1
2419,119736,36309,1408,1
2420,120660,36586,1408,1
2421,119776,36320,1408,1
2422,120642,36573,1408,1
2423,154568,46874,1408,1
2424,141326,42862,1408,1
2425,119798,36325,1408,1
2426,119954,36375,1408,1
2427,118788,36006,1408,1
2428,136210,41291,1408,1
2429,118702,35984,1408,1
2430,121542,36852,1408,1
2431,119380,36185,1408,1
2432,119430,36213,1408,1
2433,119964,36377,1408,1
2434,119416,36211,1408,1
2435,122594,37176,1408,1
2436,120472,36530,1408,1
2437,121632,36880,1408,1
2438,121832,36937,1408,1
2439,133722,40556,1408,1
2440,120580,36637,1408,1
2441,120066,36411,1408,1
2442,123688,37483,1408,1
2443,175844,53318,1408,1
2444,119674,36276,1408,1
2445,120322,36472,1408,1
2446,119548,36236,1408,1
2447,118948,36046,1408,1
2448,118564,35940,1408,1
2449,120476,36521,1408,1
2450,124282,37697,1408,1
2451,127396,38604,1408,1
2452,152092,46124,1408,1
2453,123578,37458,1408,1
2454,123804,37516,1408,1
2455,145786,44237,1408,1
2456,196998,59723,1408,1
2457,186732,56593,1408,1
2458,141288,42863,1408,1
2459,119054,36104,1408,1
2460,119002,36061,1408,1
2461,119248,36148,1408,1
2462,118918,36060,1408,1
2463,120002,36362,1408,1
2464,181696,55101,1408,1
2465,180704,54785,1408,1
2466,156840,47634,1408,1
2467,236248,71619,1408,1
2468,201444,61069,1408,1
2469,180968,54853,1408,1
2470,122216,37059,1408,1
2471,123080,37307,1408,1
2472,122996,37284,1408,1
2473,122970,37283,1408,1
2474,123068,37317,1408,1
2475,139750,42384,1408,1
2476,187248,56766,1408,1
2477,200222,60675,1408,1
2478,152338,46205,1408,1
2479,123224,37339,1408,1
2480,123926,37551,1408,1
2481,125378,37994,1408,1
2482,126326,38303,1408,1
2483,124414,37724,1408,1
2484,155112,47010,1408,1
2485,175482,53198,1408,1
2486,159658,48395,1408,1
2487,178318,54035,1408,1
2488,176318,53464,1408,1
2489,180946,54855,1408,1
2490,154950,46996,1408,1
2491,206424,62584,1408,1
2492,221004,67003,1408,1
2493,141696,42964,1408,1
2494,141614,42932,1408,1
2495,144976,43963,1408,1
2496,129598,39283,1408,1
2497,210248,63749,1408,1
2498,146442,44485,1408,1
2499,211920,64251,1408,1
2500,212282,64357,1408,1
2501,141750,42972,1408,1
2502,140604,42631,1408,1
2503,145212,44027,1408,1
2504,151388,45897,1408,1
2505,177788,53903,1408,1
2506,178520,54134,1408,1
2507,144784,43892,1408,1
2508,145360,44058,1408,1
2509,207608,63034,1408,1
2510,186262,56500,1408,1
2511,182876,55457,1408,1
2512,200926,60931,1408,1
2513,217568,65972,1408,1
2514,135616,41120,1408,1
2515,156634,47501,1408,1
2516,133674,40534,1408,1
2517,134168,40687,1408,1
2518,133158,40366,1408,1
2519,141368,42870,1408,1
2520,139790,42371,1408,1
2521,138706,42044,1408,1
2522,137792,41769,1408,1
2523,138206,41907,1408,1
2524,137264,41621,1408,1
2525,138596,42011,1408,1
2526,137582,41702,1408,1
2527,139416,42247,1408,1
2528,135538,41083,1408,1
2529,132994,40311,1408,1
2530,138568,42020,1408,1
2531,134992,40935,1408,1
2532,151020,45804,1408,1
2533,130172,39458,1408,1
2534,131800,39964,1408,1
2535,315700,95706,1408,1
2536,170046,51569,1408,1
2537,162970,49418,1408,1
2538,199676,60532,1408,1
2539,372084,112752,1408,1
2540,221398,67137,1408,1
2541,200118,60674,1408,1
2542,209180,63436,1408,1
2543,205286,62242,1408,1
2544,185542,56260,1408,1
2545,209162,63418,1408,1
2546,205786,62388,1408,1
2547,206784,62693,1408,1
2548,204328,61957,1408,1
2549,216464,65627,1408,1
2550,188812,57251,1408,1
2551,207620,62942,1408,1
2552,138530,42005,1408,1
2553,136424,41360,1408,1
2554,146812,44522,1408,1
2555,208972,63384,1408,1
2556,243690,73874,1408,1
2557,212620,64468,1408,1
2558,199722,60561,1408,1
2559,141894,43016,1408,1
2560,141528,42909,1408,1
2561,140756,42681,1408,1
2562,141264,42832,1408,1
2563,140790,42690,1408,1
2564,140608,42635,1408,1
2565,150710,45689,1408,1
2566,142790,43294,1408,1
2567,139634,42325,1408,1
2568,141314,42847,1408,1
2569,141018,42751,1408,1
2570,136498,41387,1408,1
2571,133838,40649,1408,1
2572,132784,40249,1408,1
2573,134004,40620,1408,1
2574,134210,40671,1408,1
2575,151832,46039,1408,1
2576,187468,56855,1408,1
2577,174222,52814,1408,1
2578,194018,58808,1408,1
2579,191066,57935,1408,1
2580,186046,56404,1408,1
2581,235158,71302,1408,1
2582,213024,64655,1408,1
2583,223910,67889,1408,1
2584,223590,67761,1408,1
2585,213212,64630,1408,1
2586,228452,69276,1408,1
2587,208988,63358,1408,1
2588,210952,63970,1408,1
2589,239228,72531,1408,1
2590,354988,107597,1408,1
2591,245926,74541,1408,1
2592,235088,71338,1408,1
2593,204686,62064,1408,1
2594,215562,65350,1408,1
2595,167888,50938,1408,1
2596,147830,44795,1408,1
2597,147412,44669,1408,1
2598,148680,45054,1408,1
2599,146344,44347,1408,1
2600,145786,44192,1408,1
2601,166972,50634,1408,1
2602,158814,48152,1408,1
2603,158270,47989,1408,1
2604,158608,48090,1408,1
2605,158460,48048,1408,1
2606,158284,47995,1408,1
2607,195454,59264,1408,1
2608,217000,65753,1408,1
2609,157766,47832,1408,1
2610,217996,66104,1408,1
2611,204146,61897,1408,1
2612,192174,58274,1408,1
2613,179656,54468,1408,1
2614,160726,48731,1408,1
2615,165266,50112,1408,1
2616,149144,45226,1408,1
2617,147118,44596,1408,1
2618,147150,44620,1408,1
2619,147388,44694,1408,1
2620,149344,45288,1408,1
2621,268628,81435,1408,1
2622,215306,65272,1408,1
2623,258636,78398,1408,1
2624,245888,74544,1408,1
2625,161432,48944,1408,1
2626,237982,72141,1408,1
2627,193106,58544,1408,1
2628,215892,65449,1408,1
2629,157186,47660,1408,1
2630,156848,47559,1408,1
2631,205528,62333,1408,1
2632,248086,75207,1408,1
2633,154168,46744,1408,1
2634,153346,46494,1408,1
2635,161514,48991,1408,1
2636,188602,57147,1408,1
2637,143028,43341,1408,1
2638,137698,41740,1408,1
2639,170148,51597,1408,1
2640,224194,67955,1408,1
2641,139712,42351,1408,1
2642,139270,42228,1408,1
2643,137944,41830,1408,1
2644,137358,41637,1408,1
2645,136620,41426,1408,1
2646,137092,41569,1408,1
2647,136740,41435,1408,1
2648,137248,41601,1408,1
2649,135528,41094,1408,1
2650,145420,44092,1408,1
2651,143058,43381,1408,1
2652,218828,66325,1408,1
2653,221892,67300,1408,1
2654,192556,58401,1408,1
2655,175120,53122,1408,1
2656,150074,45713,1408,1
2657,143162,43380,1408,1
2658,137146,41586,1408,1
2659,143144,43386,1408,1
2660,138306,41911,1408,1
2661,136208,41302,1408,1
2662,147438,44699,1408,1
2663,220338,66808,1408,1
2664,162238,49201,1408,1
2665,207134,62796,1408,1
2666,141342,42856,1408,1
2667,140694,42654,1408,1
2668,139938,42426,1408,1
2669,133766,40563,1408,1
2670,132108,40041,1408,1
2671,131324,39819,1408,1
2672,177186,53723,1408,1
2673,127126,38537,1408,1
2674,126036,38202,1408,1
2675,131646,39924,1408,1
2676,124832,37826,1408,1
2677,125268,37961,1408,1
2678,127080,38511,1408,1
2679,124806,37822,1408,1
2680,126716,38400,1408,1
2681,126584,38358,1408,1
2682,129668,39314,1408,1
2683,359816,109043,1408,1
2684,137958,41826,1408,1
2685,137848,41810,1408,1
2686,133504,40480,1408,1
2687,133070,40346,1408,1
2688,195080,59147,1408,1
2689,130562,39590,1408,1
2690,127284,38570,1408,1
2691,133696,40513,1408,1
2692,195904,59364,1408,1
2693,192514,58362,1408,1
2694,184012,55760,1408,1
2695,136712,41474,1408,1
2696,125698,38111,1408,1
2697,124002,37603,1408,1
2698,124252,37651,1408,1
2699,126150,38226,1408,1
2700,124468,37718,1408,1
2701,173768,52685,1408,1
2702,126054,38197,1408,1
2703,131568,39888,1408,1
2704,132808,40268,1408,1
2705,127468,38647,1408,1
2706,125018,37909,1408,1
2707,122636,37174,1408,1
2708,122242,37055,1408,1
2709,124768,37830,1408,1
2710,121156,36737,1408,1
2711,121618,36854,1408,1
2712,122048,36985,1408,1
2713,122100,36999,1408,1
2714,121826,36916,1408,1
2715,125812,38149,1408,1
2716,122044,36992,1408,1
2717,122510,37122,1408,1
2718,121580,36864,1408,1
2719,123328,37381,1408,1
2720,123034,37306,1408,1
2721,122856,37232,1408,1
2722,123046,37310,1408,1
2723,122246,37054,1408,1
2724,125000,37904,1408,1
2725,123926,37575,1408,1
2726,151254,46019,1408,1
2727,126820,38452,1408,1
2728,126392,38307,1408,1
2729,128758,39041,1408,1
2730,177970,53959,1408,1
2731,179000,54260,1408,1
2732,125296,37994,1408,1
2733,123548,37465,1408,1
2734,288434,87491,1408,1
2735,140342,42561,1408,1
2736,119594,36254,1408,1
2737,119466,36213,1408,1
2738,118176,35825,1408,1
2739,119670,36275,1408,1
2740,118742,36007,1408,1
2741,119128,36097,1408,1
2742,118494,35930,1408,1
2743,256914,77863,1408,1
2744,123508,37455,1408,1
2745,124000,37600,1408,1
2746,122832,37234,1408,1
2747,121988,36967,1408,1
2748,122714,37187,1408,1
2749,124540,37764,1408,1
2750,121398,36814,1408,1
2751,123252,37374,1408,1
2752,122542,37154,1408,1
2753,121124,36718,1408,1
2754,122210,37049,1408,1
2755,397440,120525,1408,1
2756,133604,40508,1408,1
2757,179218,54323,1408,1
2758,163340,49525,1408,1
2759,150988,45789,1408,1
2760,179536,54485,1408,1
2761,134736,40849,1408,1
2762,132776,40256,1408,1
2763,129276,39194,1408,1
2764,128490,38962,1408,1
2765,142342,43162,1408,1
2766,140788,42678,1408,1
2767,140032,42464,1408,1
2768,118088,35798,1408,1
2769,118664,35986,1408,1
2770,129958,39399,1408,1
2771,127796,38746,1408,1
2772,128184,38864,1408,1
2773,128418,38936,1408,1
2774,127480,38651,1408,1
2775,191294,57987,1408,1
2776,140128,42494,1408,1
2777,115834,35114,1408,1
2778,115044,34874,1408,1
2779,116298,35252,1408,1
2780,116068,35182,1408,1
2781,115142,34894,1408,1
2782,116280,35238,1408,1
2783,116162,35199,1408,1
2784,116862,35437,1408,1
2785,116482,35322,1408,1
2786,115622,35046,1408,1
2787,116328,35274,1408,1
2788,114980,34852,1408,1
2789,117688,35672,1408,1
2790,120184,36456,1408,1
2791,152008,46093,1408,1
2792,117626,35652,1408,1
2793,117068,35485,1408,1
2794,163288,49490,1408,1
2795,117142,35509,1408,1
2796,132492,40175,1408,1
2797,140356,42569,1408,1
2798,116640,35369,1408,1
2799,190422,57722,1408,1
2800,121750,36922,1408,1
2801,121788,36932,1408,1
2802,119328,36170,1408,1
2803,122308,37064,1408,1
2804,119620,36249,1408,1
2805,123830,37535,1408,1
2806,130150,39462,1408,1
2807,129744,39339,1408,1
2808,128918,39087,1408,1
2809,129558,39282,1408,1
2810,194276,58896,1408,1
2811,173010,52493,1408,1
2812,169420,51376,1408,1
2813,175888,53324,1408,1
2814,214892,65143,1408,1
2815,221676,67202,1408,1
2816,271926,82454,1408,1
2817,262198,79475,1408,1
2818,249616,75663,1408,1
2819,196216,59494,1408,1
2820,212892,64540,1408,1
2821,217494,65949,1408,1
2822,199660,60548,1408,1
2823,200012,60646,1408,1
2824,188710,57210,1408,1
2825,187026,56777,1408,1
2826,164222,49798,1408,1
2827,127250,38571,1408,1
2828,126900,38486,1408,1
2829,170820,51859,1408,1
2830,127614,38698,1408,1
2831,125666,38090,1408,1
2832,125572,38062,1408,1
2833,125770,38122,1408,1
2834,126332,38293,1408,1
2835,617200,187345,1408,1
2836,147958,44876,1408,1
2837,125560,38075,1408,1
2838,126696,38393,1408,1
2839,126342,38312,1408,1
2840,125762,38121,1408,1
2841,127712,38701,1408,1
2842,137582,41709,1408,1
2843,126564,38351,1408,1
2844,126566,38366,1408,1
2845,172308,52245,1408,1
2846,126408,38328,1408,1
2847,212716,64492,1408,1
2848,216642,65677,1408,1
2849,136614,41421,1408,1
2850,129886,39382,1408,1
2851,126780,38418,1408,1
2852,127366,38619,1408,1
2853,125582,38069,1408,1
2854,126700,38403,1408,1
2855,124978,37884,1408,1
2856,130870,39682,1408,1
2857,125866,38157,1408,1
2858,125712,38094,1408,1
2859,127836,38740,1408,1
2860,126228,38274,1408,1
2861,160588,48696,1408,1
2862,136800,41477,1408,1
2863,218936,66348,1408,1
2864,134384,40743,1408,1
2865,135804,41174,1408,1
2866,136230,41303,1408,1
2867,186678,56612,1408,1
2868,141808,42992,1408,1
2869,137656,41736,1408,1
2870,129508,39271,1408,1
2871,128358,38920,1408,1
2872,127046,38509,1408,1
2873,184356,55894,1408,1
2874,144886,43945,1408,1
2875,126960,38495,1408,1
2876,142070,43085,1408,1
2877,126740,38430,1408,1
2878,126396,38325,1408,1
2879,193496,58676,1408,1
2880,203198,61589,1408,1
2881,205354,62255,1408,1
2882,218406,66179,1408,1
2883,200638,60837,1408,1
2884,202970,61526,1408,1
2885,207060,62782,1408,1
2886,123822,37535,1408,1
2887,122762,37200,1408,1
2888,125508,38061,1408,1
2889,124486,37748,1408,1
2890,125122,37937,1408,1
2891,124146,37642,1408,1
2892,122278,37076,1408,1
2893,121910,36954,1408,1
2894,122360,37079,1408,1
2895,122184,37038,1408,1
2896,245414,74398,1408,1
2897,124392,37696,1408,1
2898,124262,37665,1408,1
2899,122928,37251,1408,1
2900,122846,37236,1408,1
2901,123074,37320,1408,1
2902,122838,37245,1408,1
2903,123596,37473,1408,1
2904,122758,37199,1408,1
2905,122462,37133,1408,1
2906,121678,36884,1408,1
2907,397870,120814,1408,1
2908,125182,37957,1408,1
2909,124754,37829,1408,1
2910,123582,37471,1408,1
2911,121646,36873,1408,1
2912,171128,51901,1408,1
2913,187818,56940,1408,1
2914,164226,49798,1408,1
2915,147448,44699,1408,1
2916,223648,67888,1408,1
2917,269492,81689,1408,1
2918,223150,67652,1408,1
2919,213856,64826,1408,1
2920,380494,115842,1408,1
2921,135444,41064,1408,1
2922,133176,40377,1408,1
2923,132830,40275,1408,1
2924,136602,41417,1408,1
2925,135800,41172,1408,1
2926,137228,41591,1408,1
2927,135438,41064,1408,1
2928,127494,38660,1408,1
2929,127288,38573,1408,1
2930,127448,38645,1408,1
2931,126492,38354,1408,1
2932,125688,38086,1408,1
2933,291157,88634,1408,1
2934,220416,66811,1408,1
2935,205132,62188,1408,1
2936,152442,46246,1408,1
2937,236002,71544,1408,1
2938,199160,60398,1408,1
2939,219266,66486,1408,1
2940,212526,64434,1408,1
2941,214758,65205,1408,1
2942,217416,65940,1408,1
2943,213192,64654,1408,1
2944,215158,65225,1408,1
2945,208160,63119,1408,1
2946,221814,67258,1408,1
2947,219666,66586,1408,1
2948,225900,68627,1408,1
2949,147548,44739,1408,1
2950,224416,68040,1408,1
2951,237776,72086,1408,1
2952,249238,75666,1408,1
2953,237860,72118,1408,1
2954,248658,75373,1408,1
2955,232270,70431,1408,1
2956,282092,85538,1408,1
2957,208610,63475,1408,1
2958,211314,64071,1408,1
2959,165682,50233,1408,1
2960,161724,49034,1408,1
2961,158586,48085,1408,1
2962,168670,51136,1408,1
2963,157456,47745,1408,1
2964,166142,50352,1408,1
2965,156686,47506,1408,1
2966,157702,47817,1408,1
2967,157798,47843,1408,1
2968,156326,47401,1408,1
2969,146036,44287,1408,1
2970,240026,72772,1408,1
2971,232576,70511,1408,1
2972,247104,74909,1408,1
2973,240434,72898,1408,1
2974,256818,77831,1408,1
2975,225664,68413,1408,1
2976,168120,51006,1408,1
2977,165542,50176,1408,1
2978,149322,45275,1408,1
2979,147798,44798,1408,1
2980,181838,55126,1408,1
2981,147526,44703,1408,1
2982,206276,62543,1408,1
2983,149986,45480,1408,1
2984,147116,44594,1408,1
2985,152162,46107,1408,1
2986,148956,45169,1408,1
2987,148708,45093,1408,1
2988,145848,44195,1408,1
2989,147428,44758,1408,1
2990,233968,70943,1408,1
2991,174718,52981,1408,1
2992,223202,67672,1408,1
2993,223658,67812,1408,1
2994,270520,81992,1408,1
2995,167796,50871,1408,1
2996,192422,58336,1408,1
2997,143572,43518,1408,1
2998,143228,43428,1408,1
2999,142946,43330,1408,1
3000,145800,44213,1408,1
3001,145866,44229,1408,1
3002,185372,56207,1408,1
3003,144092,43677,1408,1
3004,139108,42180,1408,1
3005,138260,41908,1408,1
3006,138336,41931,1408,1
3007,140712,42661,1408,1
3008,196914,59703,1408,1
3009,139806,42387,1408,1
3010,139952,42440,1408,1
3011,137902,41791,1408,1
3012,136970,41508,1408,1
3013,185872,56359,1408,1
3014,139598,42330,1408,1
3015,141854,43010,1408,1
3016,142888,43327,1408,1
3017,132150,40046,1408,1
3018,212108,64319,1408,1
3019,133780,40568,1408,1
3020,194524,58974,1408,1
3021,186952,56677,1408,1
3022,366714,111710,1408,1
3023,149816,45439,1408,1
3024,670112,203210,1408,1
3025,143450,43491,1408,1
3026,159818,48474,1408,1
3027,141674,42952,1408,1
3028,140806,42691,1408,1
3029,133714,40545,1408,1
3030,130640,39612,1408,1
3031,181844,55138,1408,1
3032,182600,55422,1408,1
3033,178164,54031,1408,1
3034,189746,57525,1408,1
3035,199354,60450,1408,1
3036,250828,76056,1408,1
3037,229720,69639,1408,1
3038,215662,65370,1408,1
3039,229230,69487,1408,1
3040,228190,69178,1408,1
3041,228210,69171,1408,1
3042,219612,66573,1408,1
3043,215498,65315,1408,1
3044,221836,67330,1408,1
3045,220872,66962,1408,1
3046,223194,67663,1408,1
3047,219256,66472,1408,1
3048,215210,65238,1408,1
3049,119540,36248,1408,1
3050,118162,35827,1408,1
3051,118718,35998,1408,1
3052,119320,36188,1408,1
3053,117224,35544,1408,1
3054,116084,35176,1408,1
3055,116892,35445,1408,1
3056,137382,41669,1408,1
3057,126680,38412,1408,1
3058,125282,37988,1408,1
3059,124744,37823,1408,1
3060,124326,37698,1408,1
3061,124390,37716,1408,1
3062,121922,36963,1408,1
3063,123266,37372,1408,1
3064,122266,37058,1408,1
3065,123168,37345,1408,1
3066,122220,37036,1408,1
3067,156998,47571,1408,1
3068,121814,36935,1408,1
3069,112560,34129,1408,1
3070,111090,33686,1408,1
3071,112880,34220,1408,1
3072,111492,33812,1408,1
3073,110998,33655,1408,1
3074,111174,33690,1408,1
3075,111084,33674,1408,1
3076,118708,35993,1408,1
3077,112216,34027,1408,1
3078,109462,33172,1408,1
3079,111504,33810,1408,1
3080,109738,33255,1408,1
3081,111070,33674,1408,1
3082,114120,34602,1408,1
3083,110516,33539,1408,1
3084,110202,33394,1408,1
3085,127494,38669,1408,1
3086,154796,46912,1408,1
3087,167546,50779,1408,1
3088,155528,47142,1408,1
3089,258804,78427,1408,1
3090,121018,36691,1408,1
3091,117440,35609,1408,1
3092,255008,77540,1408,1
3093,175810,53324,1408,1
3094,120546,36548,1408,1
3095,117182,35530,1408,1
3096,166248,50419,1408,1
3097,176122,53383,1408,1
3098,154956,46990,1408,1
3099,147626,44768,1408,1
3100,166790,50553,1408,1
3101,148814,45118,1408,1
3102,162254,49172,1408,1
3103,156298,47390,1408,1
3104,155522,47163,1408,1
3105,240608,73487,1408,1
3106,188498,57143,1408,1
3107,155874,47256,1408,1
3108,175056,53071,1408,1
3109,192012,58224,1408,1
3110,180048,54589,1408,1
3111,163764,49653,1408,1
3112,118468,35917,1408,1
3113,160038,48528,1408,1
3114,167994,50935,1408,1
3115,122622,37176,1408,1
3116,128300,38909,1408,1
3117,114238,34616,1408,1
3118,114648,34751,1408,1
3119,114656,34752,1408,1
3120,119406,36196,1408,1
3121,116904,35438,1408,1
3122,117892,35752,1408,1
3123,115510,35024,1408,1
3124,119108,36111,1408,1
3125,115632,35066,1408,1
3126,129902,39400,1408,1
3127,116906,35448,1408,1
3128,115098,34887,1408,1
3129,175908,53306,1408,1
3130,287182,87031,1408,1
3131,159650,48413,1408,1
3132,145842,44227,1408,1
3133,196650,59616,1408,1
3134,135108,40966,1408,1
3135,132430,40151,1408,1
3136,136382,41372,1408,1
3137,126002,38189,1408,1
3138,190406,57719,1408,1
3139,140508,42605,1408,1
3140,141852,43019,1408,1
3141,126904,38480,1408,1
3142,126602,38390,1408,1
3143,125776,38123,1408,1
3144,127588,38680,1408,1
3145,125884,38162,1408,1
3146,126118,38228,1408,1
3147,127908,38784,1408,1
3148,127452,38645,1408,1
3149,126282,38290,1408,1
3150,142504,43210,1408,1
3151,138928,42120,1408,1
3152,228890,69409,1408,1
3153,213390,64877,1408,1
3154,154616,46898,1408,1
3155,137674,41719,1408,1
3156,228708,69369,1408,1
3157,200966,60931,1408,1
3158,203960,61803,1408,1
3159,230462,69863,1408,1
3160,222306,67382,1408,1
3161,226708,68811,1408,1
3162,149780,45414,1408,1
3163,151278,45857,1408,1
3164,156792,47555,1408,1
3165,241512,73213,1408,1
3166,240202,72832,1408,1
3167,245944,74558,1408,1
3168,188398,57146,1408,1
3169,238050,72179,1408,1
3170,238382,72261,1408,1
3171,235524,71378,1408,1
3172,157464,47736,1408,1
3173,157044,47616,1408,1
3174,144908,43939,1408,1
3175,143148,43377,1408,1
3176,254620,77218,1408,1
3177,230978,70027,1408,1
3178,248696,75385,1408,1
3179,228416,69225,1408,1
3180,233982,70936,1408,1
3181,312112,94822,1408,1
3182,234202,71004,1408,1
3183,232600,70518,1408,1
3184,246802,74809,1408,1
3185,248896,75461,1408,1
3186,168696,51174,1408,1
3187,159356,48314,1408,1
3188,159276,48290,1408,1
3189,148768,45119,1408,1
3190,145664,44175,1408,1
3191,147554,44741,1408,1
3192,146126,44280,1408,1
3193,145470,44083,1408,1
3194,146120,44282,1408,1
3195,148318,44973,1408,1
3196,153518,46545,1408,1
3197,145612,44137,1408,1
3198,145304,44062,1408,1
3199,145926,44249,1408,1
3200,144894,43924,1408,1
3201,146814,44506,1408,1
3202,145884,44236,1408,1
3203,146750,44481,1408,1
3204,162992,49438,1408,1
3205,146298,44332,1408,1
3206,145212,44015,1408,1
3207,165722,50240,1408,1
3208,147526,44736,1408,1
3209,168340,51062,1408,1
3210,148858,45136,1408,1
3211,147944,44854,1408,1
3212,180754,54824,1408,1
3213,147082,44597,1408,1
3214,147286,44665,1408,1
3215,148386,44996,1408,1
3216,153998,46699,1408,1
3217,188028,56992,1408,1
3218,143598,43530,1408,1
3219,142592,43224,1408,1
3220,145358,44060,1408,1
3221,212868,64552,1408,1
3222,143924,43708,1408,1
3223,142236,43113,1408,1
3224,141162,42777,1408,1
3225,143084,43371,1408,1
3226,141198,42786,1408,1
3227,148244,44921,1408,1
3228,142256,43137,1408,1
3229,244442,74097,1408,1
3230,239098,72487,1408,1
3231,144880,43944,1408,1
3232,140144,42499,1408,1
3233,276748,83854,1408,1
3234,139084,42171,1408,1
3235,165324,50123,1408,1
3236,242122,73432,1408,1
3237,230058,69802,1408,1
3238,317086,96303,1408,1
3239,298566,90625,1408,1
3240,243112,73710,1408,1
3241,215758,65474,1408,1
3242,207196,62819,1408,1
3243,214312,64985,1408,1
3244,243810,73923,1408,1
3245,249096,75516,1408,1
3246,240526,73130,1408,1
3247,240596,73034,1408,1
3248,250194,75843,1408,1
3249,183046,55502,1408,1
3250,234664,71145,1408,1
3251,246506,74713,1408,1
3252,242832,73622,1408,1
3253,232504,70475,1408,1
3254,231844,70293,1408,1
3255,158336,48020,1408,1
3256,140068,42468,1408,1
3257,138798,42071,1408,1
3258,140248,42523,1408,1
3259,139466,42287,1408,1
3260,153690,46600,1408,1
3261,151516,45938,1408,1
3262,212964,64573,1408,1
3263,182418,55298,1408,1
3264,150826,45714,1408,1
3265,149086,45190,1408,1
3266,151264,45864,1408,1
3267,148628,45062,1408,1
3268,149134,45219,1408,1
3269,142772,43294,1408,1
3270,140010,42455,1408,1
3271,139844,42404,1408,1
3272,140610,42622,1408,1
3273,156914,47551,1408,1
3274,140928,42719,1408,1
3275,159056,48249,1408,1
3276,143616,43519,1408,1
3277,144082,43688,1408,1
3278,141750,42965,1408,1
3279,143622,43549,1408,1
3280,226774,68745,1408,1
3281,141508,42894,1408,1
3282,139456,42284,1408,1
3283,207242,62843,1408,1
3284,225982,68517,1408,1
3285,138864,42082,1408,1
3286,138056,41835,1408,1
3287,138006,41820,1408,1
3288,189636,57502,1408,1
3289,139794,42386,1408,1
3290,138380,41949,1408,1
3291,209650,63542,1408,1
3292,137572,41702,1408,1
3293,136516,41382,1408,1
3294,139588,42323,1408,1
3295,164564,49932,1408,1
3296,227296,68915,1408,1
3297,233556,70806,1408,1
3298,210422,63808,1408,1
3299,159542,48384,1408,1
3300,149036,45190,1408,1
3301,148718,45088,1408,1
3302,228602,69308,1408,1
3303,151800,46021,1408,1
3304,152364,46190,1408,1
3305,148660,45079,1408,1
3306,148254,44952,1408,1
3307,214740,65070,1408,1
3308,337880,102390,1408,1
3309,143740,43585,1408,1
3310,201742,61172,1408,1
3311,138762,42075,1408,1
3312,219898,66665,1408,1
3313,137396,41659,1408,1
3314,133106,40337,1408,1
3315,233440,70758,1408,1
3316,237648,72053,1408,1
3317,134880,40900,1408,1
3318,180186,54626,1408,1
3319,133904,40587,1408,1
3320,133262,40409,1408,1
3321,132838,40279,1408,1
3322,136204,41297,1408,1
3323,134016,40637,1408,1
3324,134602,40809,1408,1
3325,133132,40355,1408,1
3326,133896,40602,1408,1
3327,133956,40616,1408,1
3328,131876,39988,1408,1
3329,138432,41977,1408,1
3330,134894,40888,1408,1
3331,133304,40397,1408,1
3332,134868,40869,1408,1
3333,135116,40964,1408,1
3334,198226,60082,1408,1
3335,276402,83838,1408,1
3336,196934,59702,1408,1
3337,169778,51457,1408,1
3338,147628,44763,1408,1
3339,187206,56759,1408,1
3340,185802,56331,1408,1
3341,150800,45704,1408,1
3342,143644,43552,1408,1
3343,147132,44603,1408,1
3344,143972,43652,1408,1
3345,160428,48632,1408,1
3346,139314,42238,1408,1
3347,138484,41988,1408,1
3348,138772,42070,1408,1
3349,133004,40326,1408,1
3350,128470,38943,1408,1
3351,128478,38964,1408,1
3352,129826,39353,1408,1
3353,128162,38851,1408,1
3354,127688,38705,1408,1
3355,170262,51634,1408,1
3356,131724,39943,1408,1
3357,131244,39785,1408,1
3358,130702,39632,1408,1
3359,127966,38791,1408,1
3360,128586,38991,1408,1
3361,127842,38742,1408,1
3362,128512,38945,1408,1
3363,128360,38897,1408,1
3364,128966,39081,1408,1
3365,126826,38576,1408,1
3366,126892,38475,1408,1
3367,125570,38061,1408,1
3368,124952,37888,1408,1
3369,127438,38644,1408,1
3370,129172,39167,1408,1
3371,198176,60063,1408,1
3372,206564,62626,1408,1
3373,211392,64082,1408,1
3374,214448,65018,1408,1
3375,241652,73292,1408,1
3376,202238,61308,1408,1
3377,138256,41918,1408,1
3378,137038,41548,1408,1
3379,128318,38912,1408,1
3380,126264,38261,1408,1
3381,126208,38245,1408,1
3382,168086,50947,1408,1
3383,128052,38803,1408,1
3384,192462,58317,1408,1
3385,174154,52928,1408,1
3386,126970,38501,1408,1
3387,125410,38015,1408,1
3388,125906,38153,1408,1
3389,127424,38639,1408,1
3390,124936,37874,1408,1
3391,125438,38037,1408,1
3392,125902,38175,1408,1
3393,125836,38157,1408,1
3394,128504,38962,1408,1
3395,128358,38917,1408,1
3396,121988,36979,1408,1
3397,122178,37024,1408,1
3398,119246,36161,1408,1
3399,119164,36133,1408,1
3400,118020,35789,1408,1
3401,118382,35895,1408,1
3402,119074,36081,1408,1
3403,119548,36252,1408,1
3404,118846,36016,1408,1
3405,119036,36090,1408,1
3406,117110,35499,1408,1
3407,117414,35587,1408,1
3408,116350,35267,1408,1
3409,120246,36463,1408,1
3410,116262,35252,1408,1
3411,116706,35377,1408,1
3412,116410,35287,1408,1
3413,118038,35792,1408,1
3414,115590,35029,1408,1
3415,158866,48149,1408,1
3416,113254,34330,1408,1
3417,133728,40561,1408,1
3418,113704,34465,1408,1
3419,112698,34151,1408,1
3420,114040,34580,1408,1
3421,112792,34195,1408,1
3422,111324,33755,1408,1
3423,110930,33616,1408,1
3424,110140,33382,1408,1
3425,109586,33217,1408,1
3426,110974,33649,1408,1
3427,110572,33508,1408,1
3428,109814,33298,1408,1
3429,115386,34983,1408,1
3430,107224,32492,1408,1
3431,108464,32880,1408,1
3432,106708,32346,1408,1
3433,111386,33778,1408,1
3434,107154,32491,1408,1
3435,140084,42471,1408,1
3436,119512,36297,1408,1
3437,107162,32483,1408,1
3438,160372,48603,1408,1
3439,107408,32643,1408,1
3440,106958,32434,1408,1
3441,104724,31757,1408,1
3442,107180,32498,1408,1
3443,105234,31907,1408,1
3444,105422,31965,1408,1
3445,105634,32010,1408,1
3446,104664,31725,1408,1
3447,106408,32265,1408,1
3448,123146,37329,1408,1
3449,108952,33039,1408,1
3450,106454,32282,1408,1
3451,106408,32245,1408,1
3452,144158,43709,1408,1
3453,162332,49215,1408,1
3454,109332,33140,1408,1
3455,176378,53431,1408,1
3456,224480,68044,1408,1
3457,114928,34849,1408,1
3458,113418,34390,1408,1
3459,113360,34369,1408,1
3460,116934,35461,1408,1
3461,118666,36066,1408,1
3462,114630,34753,1408,1
3463,115942,35140,1408,1
3464,137592,41721,1408,1
3465,154908,46964,1408,1
3466,192516,58340,1408,1
3467,159132,48249,1408,1
3468,137242,41617,1408,1
3469,172142,52195,1408,1
3470,174702,52968,1408,1
3471,126954,38497,1408,1
3472,141140,42807,1408,1
3473,117010,35478,1408,1
3474,115800,35109,1408,1
3475,116128,35210,1408,1
3476,132356,40159,1408,1
3477,116734,35394,1408,1
3478,116534,35333,1408,1
3479,116722,35387,1408,1
3480,115938,35152,1408,1
3481,579498,175741,1408,1
3482,182526,55330,1408,1
3483,300653,91482,1408,1
3484,149966,45477,1408,1
3485,133020,40346,1408,1
3486,114478,34691,1408,1
3487,115206,34937,1408,1
3488,114490,34716,1408,1
3489,125112,37933,1408,1
3490,137146,41588,1408,1
3491,194804,59069,1408,1
3492,190488,57978,1408,1
3493,133082,40357,1408,1
3494,235848,71490,1408,1
3495,401118,121879,1408,1
3496,133224,40400,1408,1
3497,129752,39363,1408,1
3498,118454,35903,1408,1
3499,118946,36056,1408,1
3500,361142,109423,1408,1
3501,161454,48950,1408,1
3502,181602,55074,1408,1
3503,177186,53716,1408,1
3504,197830,59966,1408,1
3505,182568,55510,1408,1
3506,217828,66036,1408,1
3507,217870,66048,1408,1
3508,152354,46203,1408,1
3509,229076,69444,1408,1
3510,230362,69813,1408,1
3511,135174,41005,1408,1
3512,140786,42679,1408,1
3513,129684,39319,1408,1
3514,128924,39090,1408,1
3515,132190,40082,1408,1
3516,153740,46623,1408,1
3517,174094,52781,1408,1
3518,126698,38393,1408,1
3519,124664,37805,1408,1
3520,123330,37371,1408,1
3521,130982,39716,1408,1
3522,132360,40135,1408,1
3523,139954,42438,1408,1
3524,137840,41768,1408,1
3525,136474,41368,1408,1
3526,137816,41777,1408,1
3527,133540,40466,1408,1
3528,133668,40530,1408,1
3529,389018,117909,1408,1
3530,177026,53696,1408,1
3531,275392,83468,1408,1
3532,280056,84857,1408,1
3533,286900,86965,1408,1
3534,229478,69561,1408,1
3535,222712,68233,1408,1
3536,157738,47836,1408,1
3537,176948,53623,1408,1
3538,186132,56444,1408,1
3539,139248,42198,1408,1
3540,162008,49141,1408,1
3541,136536,41375,1408,1
3542,138106,41875,1408,1
3543,140486,42600,1408,1
3544,138332,41917,1408,1
3545,134214,40682,1408,1
3546,134508,40785,1408,1
3547,288595,87743,1408,1
3548,333707,101469,1408,1
3549,339852,103296,1408,1
3550,215686,65392,1408,1
3551,150112,45517,1408,1
3552,151398,45897,1408,1
3553,148410,44997,1408,1
3554,147906,44842,1408,1
3555,150240,45553,1408,1
3556,150714,45700,1408,1
3557,140174,42477,1408,1
3558,137770,41749,1408,1
3559,136954,41504,1408,1
3560,137778,41765,1408,1
3561,137048,41532,1408,1
3562,136618,41401,1408,1
3563,209094,63396,1408,1
3564,137474,41688,1408,1
3565,177330,53773,1408,1
3566,136416,41364,1408,1
3567,134152,40667,1408,1
3568,147576,44740,1408,1
3569,223318,67712,1408,1
3570,144842,43918,1408,1
3571,144808,43903,1408,1
3572,144516,43821,1408,1
3573,168836,51199,1408,1
3574,151902,46058,1408,1
3575,143818,43606,1408,1
3576,253738,76959,1408,1
3577,213172,64631,1408,1
3578,228270,69181,1408,1
3579,228386,69245,1408,1
3580,228608,69292,1408,1
3581,225316,68314,1408,1
3582,227936,69105,1408,1
3583,223540,67767,1408,1
3584,224712,68130,1408,1
3585,331770,100550,1408,1
3586,234910,71194,1408,1
3587,239610,72645,1408,1
3588,188662,57347,1408,1
3589,212262,64356,1408,1
3590,266152,80899,1408,1
3591,226678,68736,1408,1
3592,226864,68781,1408,1
3593,236024,71607,1408,1
3594,217426,65925,1408,1
3595,225848,68468,1408,1
3596,239604,72674,1408,1
3597,226800,68764,1408,1
3598,217430,65939,1408,1
3599,231292,70126,1408,1
3600,240916,73050,1408,1
3601,236210,71617,1408,1
3602,247530,75038,1408,1
3603,239290,72722,1408,1
3604,317262,96384,1408,1
3605,240406,72883,1408,1
3606,243868,73903,1408,1
3607,243480,73823,1408,1
3608,226362,68633,1408,1
3609,215438,65327,1408,1
3610,201792,61158,1408,1
3611,214972,65184,1408,1
3612,228408,69248,1408,1
3613,224230,67993,1408,1
3614,244744,74196,1408,1
3615,240218,72821,1408,1
3616,210420,63790,1408,1
3617,207326,62854,1408,1
3618,207344,62845,1408,1
3619,201786,61164,1408,1
3620,216164,65540,1408,1
3621,658296,199440,1408,1
3622,241866,73316,1408,1
3623,362624,110032,1408,1
3624,240534,72958,1408,1
3625,193604,58697,1408,1
3626,189180,57355,1408,1
3627,156886,47572,1408,1
3628,242648,73790,1408,1
3629,214476,65024,1408,1
3630,160666,48727,1408,1
3631,214032,64900,1408,1
3632,155050,47005,1408,1
3633,155116,47024,1408,1
3634,160254,48583,1408,1
3635,273684,83004,1408,1
3636,240704,72971,1408,1
3637,160480,48658,1408,1
3638,159980,48507,1408,1
3639,275876,83623,1408,1
3640,158558,48075,1408,1
3641,230380,69850,1408,1
3642,193420,58665,1408,1
3643,238244,72322,1408,1
3644,223602,67785,1408,1
3645,241070,73095,1408,1
3646,233856,70909,1408,1
3647,226480,68668,1408,1
3648,154998,46997,1408,1
3649,154774,46923,1408,1
3650,228878,69406,1408,1
3651,222020,67323,1408,1
3652,156300,47383,1408,1
3653,154892,46964,1408,1
3654,153986,46688,1408,1
3655,276386,83807,1408,1
3656,246896,74961,1408,1
3657,248414,75327,1408,1
3658,238116,72198,1408,1
3659,220236,66778,1408,1
3660,140038,42466,1408,1
3661,139698,42343,1408,1
3662,139430,42281,1408,1
3663,160426,48633,1408,1
3664,140712,42666,1408,1
3665,151738,46003,1408,1
3666,233916,70921,1408,1
3667,173284,52554,1408,1
3668,222840,67555,1408,1
3669,219182,66417,1408,1
3670,224850,68232,1408,1
3671,212460,64439,1408,1
3672,141486,42902,1408,1
3673,140308,42530,1408,1
3674,198260,60118,1408,1
3675,238558,72366,1408,1
3676,218188,66150,1408,1
3677,298364,90433,1408,1
3678,145798,44202,1408,1
3679,145356,44072,1408,1
3680,143864,43622,1408,1
3681,221976,67307,1408,1
3682,144642,43855,1408,1
3683,144344,43764,1408,1
3684,144564,43829,1408,1
3685,143932,43639,1408,1
3686,135322,41031,1408,1
3687,134438,40767,1408,1
3688,132620,40200,1408,1
3689,134414,40742,1408,1
3690,132848,40270,1408,1
3691,176022,53358,1408,1
3692,132900,40303,1408,1
3693,132170,40061,1408,1
3694,132402,40145,1408,1
3695,151026,45814,1408,1
3696,181086,54894,1408,1
3697,133316,40423,1408,1
3698,130114,39438,1408,1
3699,131358,39831,1408,1
3700,130238,39491,1408,1
3701,131062,39716,1408,1
3702,130030,39401,1408,1
3703,129366,39200,1408,1
3704,127526,38668,1408,1
3705,130388,39513,1408,1
3706,130024,39429,1408,1
3707,143350,43466,1408,1
3708,140046,42458,1408,1
3709,139820,42392,1408,1
3710,139080,42172,1408,1
3711,138404,41963,1408,1
3712,139886,42416,1408,1
3713,140548,42614,1408,1
3714,141580,42924,1408,1
3715,143708,43585,1408,1
3716,130542,39559,1408,1
3717,165456,50174,1408,1
3718,152582,46276,1408,1
3719,172522,52293,1408,1
3720,166422,50464,1408,1
3721,162652,49291,1408,1
3722,139158,42205,1408,1
3723,126588,38384,1408,1
3724,126174,38239,1408,1
3725,126652,38390,1408,1
3726,125606,38076,1408,1
3727,129876,39378,1408,1
3728,129148,39161,1408,1
3729,126232,38263,1408,1
3730,126196,38248,1408,1
3731,126674,38411,1408,1
3732,126252,38284,1408,1
3733,126138,38249,1408,1
3734,126292,38293,1408,1
3735,227874,69108,1408,1
3736,208892,63329,1408,1
3737,218968,66386,1408,1
3738,209162,63405,1408,1
3739,207794,62996,1408,1
3740,212552,64440,1408,1
3741,214512,65038,1408,1
3742,217622,65965,1408,1
3743,220138,66829,1408,1
3744,214022,64870,1408,1
3745,200676,60845,1408,1
3746,224812,68157,1408,1
3747,136988,41541,1408,1
3748,134578,40793,1408,1
3749,133822,40554,1408,1
3750,134788,40871,1408,1
3751,134462,40760,1408,1
3752,133564,40475,1408,1
3753,132812,40244,1408,1
3754,134872,40895,1408,1
3755,201284,61028,1408,1
3756,135294,41012,1408,1
3757,133726,40522,1408,1
3758,133920,40606,1408,1
3759,133064,40322,1408,1
3760,131846,39971,1408,1
3761,135294,40999,1408,1
3762,194312,58914,1408,1
3763,134630,40811,1408,1
3764,133788,40539,1408,1
3765,132788,40240,1408,1
3766,132414,40124,1408,1
3767,134736,40852,1408,1
3768,134390,40749,1408,1
3769,134730,40852,1408,1
3770,146690,44481,1408,1
3771,192790,58604,1408,1
3772,134022,40637,1408,1
3773,132340,40130,1408,1
3774,133020,40320,1408,1
3775,153994,46688,1408,1
3776,142400,43176,1408,1
3777,142062,43074,1408,1
3778,143286,43442,1408,1
3779,142670,43257,1408,1
3780,143870,43620,1408,1
3781,142562,43226,1408,1
3782,143096,43383,1408,1
3783,142616,43240,1408,1
3784,142530,43211,1408,1
3785,142974,43346,1408,1
3786,143616,43537,1408,1
3787,138190,41925,1408,1
3788,134472,40778,1408,1
3789,133258,40407,1408,1
3790,133660,40503,1408,1
3791,712751,216354,1408,1
3792,181004,54870,1408,1
3793,146252,44343,1408,1
3794,165104,50052,1408,1
3795,242452,73517,1408,1
3796,143872,43620,1408,1
3797,143314,43449,1408,1
3798,141328,42819,1408,1
3799,144282,43741,1408,1
3800,144742,43880,1408,1
3801,140618,42633,1408,1
3802,141862,43087,1408,1
3803,155504,47155,1408,1
3804,139232,42217,1408,1
3805,139686,42351,1408,1
3806,139982,42526,1408,1
3807,134410,40768,1408,1
3808,176352,53479,1408,1
3809,132468,40166,1408,1
3810,129408,39227,1408,1
3811,205556,62334,1408,1
3812,129510,39272,1408,1
3813,132334,40124,1408,1
3814,127012,38491,1408,1
3815,142624,43261,1408,1
3816,126702,38408,1408,1
3817,128200,38871,1408,1
3818,127548,38660,1408,1
3819,126646,38388,1408,1
3820,169704,51458,1408,1
3821,133490,40476,1408,1
3822,214502,65027,1408,1
3823,130362,39528,1408,1
3824,128060,38830,1408,1
3825,186662,56589,1408,1
3826,128728,39032,1408,1
3827,129758,39343,1408,1
3828,126734,38424,1408,1
3829,208334,63165,1408,1
3830,139710,42353,1408,1
3831,137414,41664,1408,1
3832,138634,42032,1408,1
3833,177892,53959,1408,1
3834,135978,41228,1408,1
3835,390868,118540,1408,1
3836,203062,61565,1408,1
3837,208788,63300,1408,1
3838,198930,60384,1408,1
3839,137130,41575,1408,1
3840,142024,43060,1408,1
3841,164986,49997,1408,1
3842,137812,41783,1408,1
3843,140816,42691,1408,1
3844,139986,42443,1408,1
3845,139248,42218,1408,1
3846,229952,69689,1408,1
3847,145042,43991,1408,1
3848,129490,39265,1408,1
3849,130718,39638,1408,1
3850,160872,48789,1408,1
3851,130510,39551,1408,1
3852,125286,37966,1408,1
3853,124914,37865,1408,1
3854,125098,37911,1408,1
3855,128748,39038,1408,1
3856,173002,52457,1408,1
3857,126548,38346,1408,1
3858,126118,38217,1408,1
3859,125930,38159,1408,1
3860,203436,61679,1408,1
3861,126462,38332,1408,1
3862,125526,38039,1408,1
3863,180192,54633,1408,1
3864,129868,39379,1408,1
3865,130004,39418,1408,1
3866,129310,39184,1408,1
3867,134300,40721,1408,1
3868,130956,39682,1408,1
3869,130426,39521,1408,1
3870,185152,56169,1408,1
3871,140720,42664,1408,1
3872,141380,42865,1408,1
3873,158692,48125,1408,1
3874,139540,42309,1408,1
3875,216080,65523,1408,1
3876,132574,40199,1408,1
3877,131020,39728,1408,1
3878,131584,39898,1408,1
3879,130278,39502,1408,1
3880,130032,39430,1408,1
3881,130462,39558,1408,1
3882,215680,65383,1408,1
3883,132414,40138,1408,1
3884,206520,62600,1408,1
3885,135636,41110,1408,1
3886,195556,59283,1408,1
3887,207118,62791,1408,1
3888,203014,61569,1408,1
3889,518185,157471,1408,1
3890,146134,44321,1408,1
3891,321251,97652,1408,1
3892,219106,66427,1408,1
3893,144562,43833,1408,1
3894,140414,42572,1408,1
3895,153452,46556,1408,1
3896,130670,39609,1408,1
3897,129184,39150,1408,1
3898,149576,45343,1408,1
3899,132732,40234,1408,1
3900,177430,53804,1408,1
3901,135526,41092,1408,1
3902,131356,39939,1408,1
3903,130404,39515,1408,1
3904,162468,49268,1408,1
3905,133838,40580,1408,1
3906,135612,41117,1408,1
3907,184504,55947,1408,1
3908,186494,56550,1408,1
3909,197598,59899,1408,1
3910,179672,54477,1408,1
3911,215366,65344,1408,1
3912,209676,63567,1408,1
3913,206040,62590,1408,1
3914,219062,66443,1408,1
3915,241552,73261,1408,1
3916,223266,67683,1408,1
3917,239842,72715,1408,1
3918,252778,76633,1408,1
3919,250084,75794,1408,1
3920,253418,76821,1408,1
3921,226404,68634,1408,1
3922,183406,55616,1408,1
3923,257714,78083,1408,1
3924,163538,49676,1408,1
3925,152152,46135,1408,1
3926,187672,56908,1408,1
3927,201508,61101,1408,1
3928,201392,61161,1408,1
3929,194918,59101,1408,1
3930,217680,65983,1408,1
3931,141404,42873,1408,1
3932,150372,45591,1408,1
3933,147602,44754,1408,1
3934,147644,44768,1408,1
3935,144436,43806,1408,1
3936,136906,41511,1408,1
3937,137928,41795,1408,1
3938,136694,41434,1408,1
3939,136590,41391,1408,1
3940,135712,41127,1408,1
3941,137966,41819,1408,1
3942,138618,42032,1408,1
3943,137878,41804,1408,1
3944,139910,42409,1408,1
3945,179472,54401,1408,1
3946,190886,57884,1408,1
3947,199684,60523,1408,1
3948,221806,67206,1408,1
3949,216140,65532,1408,1
3950,152220,46135,1408,1
3951,152016,46064,1408,1
3952,140436,42585,1408,1
3953,198432,60153,1408,1
3954,137548,41682,1408,1
3955,186970,56708,1408,1
3956,139746,42372,1408,1
3957,139402,42267,1408,1
3958,139222,42217,1408,1
3959,137792,41784,1408,1
3960,139166,42199,1408,1
3961,137244,41614,1408,1
3962,133020,40323,1408,1
3963,134348,40739,1408,1
3964,133714,40547,1408,1
3965,132650,40224,1408,1
3966,140484,42617,1408,1
3967,820478,248522,1408,1
3968,134530,40791,1408,1
3969,142786,43292,1408,1
3970,149510,45314,1408,1
3971,241484,73203,1408,1
3972,138206,41904,1408,1
3973,134294,40723,1408,1
3974,133478,40461,1408,1
3975,176032,53368,1408,1
3976,147604,44772,1408,1
3977,134484,40764,1408,1
3978,135292,41008,1408,1
3979,134084,40645,1408,1
3980,181980,55142,1408,1
3981,134004,40635,1408,1
3982,133904,40593,1408,1
3983,162686,49326,1408,1
3984,132706,40240,1408,1
3985,209152,63396,1408,1
3986,138658,42046,1408,1
3987,135118,40956,1408,1
3988,133982,40627,1408,1
3989,133866,40577,1408,1
3990,134676,40822,1408,1
3991,136776,41474,1408,1
3992,135352,41029,1408,1
3993,167886,50922,1408,1
3994,221678,67202,1408,1
3995,168158,50995,1408,1
3996,216988,65782,1408,1
3997,150440,45610,1408,1
3998,154106,46718,1408,1
3999,183696,55696,1408,1
4000,184112,55818,1408,1
4001,185004,56078,1408,1
4002,178210,54018,1408,1
4003,176056,53382,1408,1
4004,179746,54491,1408,1
4005,184146,55825,1408,1
4006,193234,58594,1408,1
4007,188414,57127,1408,1
4008,199756,60565,1408,1
4009,147096,44601,1408,1
4010,144030,43670,1408,1
4011,143754,43586,1408,1
4012,142444,43190,1408,1
4013,136692,41449,1408,1
4014,134750,40845,1408,1
4015,146544,44429,1408,1
4016,136366,41337,1408,1
4017,134368,40744,1408,1
4018,136708,41452,1408,1
4019,136998,41538,1408,1
4020,134558,40790,1408,1
4021,135656,41132,1408,1
4022,199410,60456,1408,1
4023,135654,41131,1408,1
4024,135074,40956,1408,1
4025,133990,40628,1408,1
4026,134772,40861,1408,1
4027,157634,47810,1408,1
4028,167970,50934,1408,1
4029,134364,40740,1408,1
4030,320970,97766,1408,1
4031,144728,43879,1408,1
4032,546558,166561,1408,1
4033,185296,56184,1408,1
4034,137132,41582,1408,1
4035,149346,45284,1408,1
4036,134764,40868,1408,1
4037,133350,40422,1408,1
4038,191810,58164,1408,1
4039,294484,89239,1408,1
4040,326979,100522,1408,1
4041,139850,42403,1408,1
4042,138908,42118,1408,1
4043,143200,43418,1408,1
4044,181948,55169,1408,1
4045,147900,44842,1408,1
4046,137240,41617,1408,1
4047,132828,40261,1408,1
4048,169714,51469,1408,1
4049,136204,41287,1408,1
4050,133456,40452,1408,1
4051,136756,41470,1408,1
4052,181200,54953,1408,1
4053,192070,58236,1408,1
4054,204084,61874,1408,1
4055,248946,75498,1408,1
4056,224152,67957,1408,1
4057,440342,133400,1408,1
4058,223014,67618,1408,1
4059,223542,67766,1408,1
4060,221098,67021,1408,1
4061,250104,76202,1408,1
4062,197294,59829,1408,1
4063,219844,66649,1408,1
4064,216592,65679,1408,1
4065,219310,66462,1408,1
4066,219906,66683,1408,1
4067,203180,61603,1408,1
4068,135070,40958,1408,1
4069,134458,40758,1408,1
4070,135212,40995,1408,1
4071,133292,40402,1408,1
4072,133476,40471,1408,1
4073,133492,40478,1408,1
4074,133004,40319,1408,1
4075,139282,42229,1408,1
4076,134682,40838,1408,1
4077,134064,40652,1408,1
4078,191918,58192,1408,1
4079,133922,40594,1408,1
4080,133306,40397,1408,1
4081,134230,40676,1408,1
4082,283745,86483,1408,1
4083,162200,49188,1408,1
4084,143978,43655,1408,1
4085,160048,48538,1408,1
4086,140242,42524,1408,1
4087,134278,40721,1408,1
4088,135938,41218,1408,1
4089,134086,40629,1408,1
4090,133396,40447,1408,1
4091,133904,40603,1408,1
4092,129088,39143,1408,1
4093,130410,39536,1408,1
4094,129932,39394,1408,1
4095,133984,40626,1408,1
4096,129366,39201,1408,1
4097,129870,39380,1408,1
4098,128802,39029,1408,1
4099,128644,38992,1408,1
4100,129064,39109,1408,1
4101,128862,39063,1408,1
4102,129240,39187,1408,1
4103,130466,39546,1408,1
4104,128434,38919,1408,1
4105,129610,39275,1408,1
4106,144580,43839,1408,1
4107,141132,42794,1408,1
4108,140132,42494,1408,1
4109,139720,42365,1408,1
4110,139078,42171,1408,1
4111,138702,42057,1408,1
4112,140046,42465,1408,1
4113,139660,42338,1408,1
4114,139638,42337,1408,1
4115,195458,59294,1408,1
4116,131232,39794,1408,1
4117,129896,39362,1408,1
4118,128476,38932,1408,1
4119,133442,40462,1408,1
4120,133548,40494,1408,1
4121,132828,40280,1408,1
4122,132280,40109,1408,1
4123,133118,40350,1408,1
4124,131618,39898,1408,1
4125,133028,40313,1408,1
4126,136060,41258,1408,1
4127,133556,40496,1408,1
4128,132404,40151,1408,1
4129,132772,40247,1408,1
4130,133390,40434,1408,1
4131,133498,40478,1408,1
4132,133256,40407,1408,1
4133,132768,40236,1408,1
4134,133254,40406,1408,1
4135,147980,44886,1408,1
4136,188566,57181,1408,1
4137,135212,41001,1408,1
4138,139190,42177,1408,1
4139,133252,40381,1408,1
4140,133694,40525,1408,1
4141,132974,40320,1408,1
4142,134886,40896,1408,1
4143,132914,40288,1408,1
4144,140706,42644,1408,1
4145,137978,41841,1408,1
4146,141542,42926,1408,1
4147,138454,41966,1408,1
4148,141890,43005,1408,1
4149,213202,64645,1408,1
4150,196064,59462,1408,1
4151,229572,69598,1408,1
4152,180334,54750,1408,1
4153,134998,40924,1408,1
4154,204052,61868,1408,1
4155,216934,65800,1408,1
4156,137958,41834,1408,1
4157,135168,40970,1408,1
4158,134486,40767,1408,1
4159,193652,58698,1408,1
4160,153790,46662,1408,1
4161,134726,40848,1408,1
4162,161334,48938,1408,1
4163,135568,41110,1408,1
4164,313388,95199,1408,1
4165,223850,67865,1408,1
4166,138394,41969,1408,1
4167,135380,41022,1408,1
4168,134274,40691,1408,1
4169,132972,40296,1408,1
4170,135894,41178,1408,1
4171,150248,45564,1408,1
4172,128976,39096,1408,1
4173,207454,62893,1408,1
4174,129994,39405,1408,1
4175,247736,75132,1408,1
4176,131426,39837,1408,1
4177,133064,40343,1408,1
4178,130104,39454,1408,1
4179,130680,39628,1408,1
4180,129226,39175,1408,1
4181,217578,65956,1408,1
4182,221950,67292,1408,1
4183,214010,64893,1408,1
4184,218076,66112,1408,1
4185,230818,69974,1408,1
4186,211554,64160,1408,1
4187,217808,66042,1408,1
4188,213758,64792,1408,1
4189,159450,48403,1408,1
4190,143710,43573,1408,1
4191,141640,42943,1408,1
4192,140204,42497,1408,1
4193,140786,42687,1408,1
4194,139236,42218,1408,1
4195,173108,52503,1408,1
4196,181786,55112,1408,1
4197,137280,41626,1408,1
4198,138522,42002,1408,1
4199,142488,43210,1408,1
4200,135338,41040,1408,1
4201,136566,41410,1408,1
4202,172232,52194,1408,1
4203,137022,41521,1408,1
4204,137530,41700,1408,1
4205,133790,40565,1408,1
4206,137252,41622,1408,1
4207,172740,52387,1408,1
4208,207854,63000,1408,1
4209,129846,39358,1408,1
4210,129532,39279,1408,1
4211,129024,39110,1408,1
4212,129138,39143,1408,1
4213,129704,39319,1408,1
4214,128128,38851,1408,1
4215,149974,45478,1408,1
4216,130820,39644,1408,1
4217,131374,39837,1408,1
4218,130404,39547,1408,1
4219,129478,39247,1408,1
4220,129118,39126,1408,1
4221,129566,39288,1408,1
4222,189596,57492,1408,1
4223,257640,78107,1408,1
4224,277892,84233,1408,1
4225,218004,66087,1408,1
4226,218496,66241,1408,1
4227,172868,52409,1408,1
4228,163196,49511,1408,1
4229,207872,63027,1408,1
4230,421330,127733,1408,1
4231,283414,85917,1408,1
4232,179842,54535,1408,1
4233,195286,59202,1408,1
4234,277146,84013,1408,1
4235,269488,81744,1408,1
4236,229594,69608,1408,1
4237,144608,43844,1408,1
4238,213266,64650,1408,1
4239,217720,66002,1408,1
4240,198044,60039,1408,1
4241,201494,61097,1408,1
4242,220538,66867,1408,1
4243,207064,62788,1408,1
4244,208540,63249,1408,1
4245,186722,56953,1408,1
4246,220204,66761,1408,1
4247,140574,42623,1408,1
4248,193592,58697,1408,1
4249,212816,64510,1408,1
4250,215842,65444,1408,1
4251,192578,58383,1408,1
4252,222372,67413,1408,1
4253,204740,62078,1408,1
4254,234290,71022,1408,1
4255,248698,75408,1408,1
4256,196686,59637,1408,1
4257,213460,64715,1408,1
4258,197298,59811,1408,1
4259,219020,66408,1408,1
4260,212836,64530,1408,1
4261,725507,220330,1408,1
4262,142188,43115,1408,1
4263,317886,96347,1408,1
4264,151562,45946,1408,1
4265,148790,45111,1408,1
4266,143504,43537,1408,1
4267,204818,62106,1408,1
4268,148258,44963,1408,1
4269,144832,43913,1408,1
4270,144218,43724,1408,1
4271,149062,45191,1408,1
4272,145566,44135,1408,1
4273,231884,70297,1408,1
4274,151048,45794,1408,1
4275,155308,47108,1408,1
4276,139286,42219,1408,1
4277,139140,42190,1408,1
4278,140150,42482,1408,1
4279,246222,74645,1408,1
4280,139272,42217,1408,1
4281,137404,41652,1408,1
4282,180608,54753,1408,1
4283,141516,42897,1408,1
4284,200258,60721,1408,1
4285,136636,41433,1408,1
4286,141854,43014,1408,1
4287,138368,41956,1408,1
4288,138600,42000,1408,1
4289,136598,41423,1408,1
4290,137132,41583,1408,1
4291,137932,41809,1408,1
4292,138166,41867,1408,1
4293,199844,60697,1408,1
4294,202688,61431,1408,1
4295,277146,84037,1408,1
4296,208466,63199,1408,1
4297,207564,62921,1408,1
4298,150706,45687,1408,1
4299,211798,64210,1408,1
4300,186358,56508,1408,1
4301,1016476,308212,1408,1
4302,227336,68928,1408,1
4303,196892,59700,1408,1
4304,256740,77833,1408,1
4305,141942,43042,1408,1
4306,205580,62346,1408,1
4307,210752,63901,1408,1
4308,237214,72011,1408,1
4309,231278,70107,1408,1
4310,339628,102936,1408,1
4311,196862,59694,1408,1
4312,534412,162477,1408,1
4313,253844,76954,1408,1
4314,228234,69193,1408,1
4315,150150,45524,1408,1
4316,191496,58061,1408,1
4317,331176,100366,1408,1
4318,135524,41093,1408,1
4319,142304,43144,1408,1
4320,217576,65976,1408,1
4321,146360,44372,1408,1
4322,144556,43830,1408,1
4323,144374,43774,1408,1
4324,143484,43504,1408,1
4325,162484,49275,1408,1
4326,176328,53476,1408,1
4327,224150,67960,1408,1
4328,136442,41369,1408,1
4329,135480,41050,1408,1
4330,133626,40503,1408,1
4331,136550,41406,1408,1
4332,134626,40821,1408,1
4333,134868,40893,1408,1
4334,134508,40861,1408,1
4335,158666,48103,1408,1
4336,148516,45060,1408,1
4337,238894,72422,1408,1
4338,146528,44424,1408,1
4339,152596,46250,1408,1
4340,146048,44279,1408,1
4341,143808,43602,1408,1
4342,138940,42129,1408,1
4343,137746,41765,1408,1
4344,138164,41882,1408,1
4345,135702,41155,1408,1
4346,133710,40533,1408,1
4347,133316,40411,1408,1
4348,132614,40197,1408,1
4349,149674,45372,1408,1
4350,170618,51740,1408,1
4351,187094,56732,1408,1
4352,201122,60981,1408,1
4353,153676,46619,1408,1
4354,146790,44506,1408,1
4355,151146,45835,1408,1
4356,134022,40626,1408,1
4357,133116,40351,1408,1
4358,136940,41506,1408,1
4359,135066,40955,1408,1
4360,134290,40718,1408,1
4361,133962,40621,1408,1
4362,134426,40748,1408,1
4363,134876,40885,1408,1
4364,150904,45735,1408,1
4365,149522,45333,1408,1
4366,147272,44656,1408,1
4367,208594,63242,1408,1
4368,146668,44465,1408,1
4369,147532,44727,1408,1
4370,143500,43507,1408,1
4371,145530,44122,1408,1
4372,144948,43946,1408,1
4373,144714,43878,1408,1
4374,144180,43713,1408,1
4375,187850,56979,1408,1
4376,145142,44004,1408,1
4377,144808,43910,1408,1
4378,187754,56926,1408,1
4379,148088,44884,1408,1
4380,148710,45072,1408,1
4381,157206,47673,1408,1
4382,204712,62069,1408,1
4383,141328,42845,1408,1
4384,141478,42985,1408,1
4385,194852,59060,1408,1
4386,144288,43748,1408,1
4387,141312,42839,1408,1
4388,148284,44973,1408,1
4389,176126,53402,1408,1
4390,210410,63810,1408,1
4391,212460,64419,1408,1
4392,148116,44989,1408,1
4393,206504,62615,1408,1
4394,218528,66257,1408,1
4395,202232,61318,1408,1
4396,234458,71078,1408,1
4397,209610,63538,1408,1
4398,194344,58921,1408,1
4399,146362,44380,1408,1
4400,144122,43700,1408,1
4401,178594,54141,1408,1
4402,247698,75090,1408,1
4403,228700,69335,1408,1
4404,243240,73738,1408,1
4405,137728,41775,1408,1
4406,134402,40728,1408,1
4407,175408,53201,1408,1
4408,134234,40677,1408,1
4409,132250,40088,1408,1
4410,135344,41034,1408,1
4411,134374,40734,1408,1
4412,133384,40444,1408,1
4413,133508,40474,1408,1
4414,133092,40346,1408,1
4415,145700,44174,1408,1
4416,132988,40325,1408,1
4417,132972,40309,1408,1
4418,132390,40144,1408,1
4419,133170,40353,1408,1
4420,132580,40175,1408,1
4421,223784,67837,1408,1
4422,144372,43769,1408,1
4423,143296,43449,1408,1
4424,143882,43623,1408,1
4425,138530,42009,1408,1
4426,135736,41159,1408,1
4427,134112,40670,1408,1
4428,150818,45728,1408,1
4429,134164,40681,1408,1
4430,136916,41501,1408,1
4431,137332,41648,1408,1
4432,218984,66394,1408,1
4433,176406,53575,1408,1
4434,172520,52315,1408,1
4435,158688,48129,1408,1
4436,134860,40878,1408,1
4437,133738,40527,1408,1
4438,133746,40553,1408,1
4439,132802,40271,1408,1
4440,132644,40208,1408,1
4441,133098,40358,1408,1
4442,132626,40202,1408,1
4443,231094,70064,1408,1
4444,218370,66199,1408,1
4445,250086,75792,1408,1
4446,136756,41468,1408,1
4447,133958,40606,1408,1
4448,133670,40532,1408,1
4449,145684,44173,1408,1
4450,265737,81237,1408,1
4451,137690,41746,1408,1
4452,134586,40818,1408,1
4453,134536,40795,1408,1
4454,284349,86591,1408,1
4455,150620,45680,1408,1
4456,136862,41485,1408,1
4457,135506,41075,1408,1
4458,131096,39738,1408,1
4459,130410,39519,1408,1
4460,129318,39198,1408,1
4461,129308,39279,1408,1
4462,143066,43381,1408,1
4463,200984,60930,1408,1
4464,143318,43455,1408,1
4465,143470,43498,1408,1
4466,141550,42916,1408,1
4467,150502,45614,1408,1
4468,209880,63628,1408,1
4469,144476,43791,1408,1
4470,142900,43313,1408,1
4471,336052,101835,1408,1
4472,206074,62485,1408,1
4473,205004,62140,1408,1
4474,189418,57412,1408,1
4475,171886,52106,1408,1
4476,145316,44056,1408,1
4477,144176,43718,1408,1
4478,184786,56140,1408,1
4479,213592,64768,1408,1
4480,198936,60319,1408,1
4481,221566,67177,1408,1
4482,233926,70890,1408,1
4483,228712,69318,1408,1
4484,167370,50756,1408,1
4485,146932,44555,1408,1
4486,183172,55541,1408,1
4487,249890,75769,1408,1
4488,146012,44271,1408,1
4489,173978,52752,1408,1
4490,706255,214874,1408,1
4491,956564,290071,1408,1
4492,232542,70490,1408,1
4493,239872,72721,1408,1
4494,161006,48824,1408,1
4495,745495,227084,1408,1
4496,189354,57418,1408,1
4497,159328,48314,1408,1
4498,298601,90883,1408,1
4499,221956,67291,1408,1
4500,212946,64682,1408,1
4501,220746,66930,1408,1
4502,228864,69376,1408,1
4503,138320,41942,1408,1
4504,136166,41292,1408,1
4505,139110,42181,1408,1
4506,135716,41138,1408,1
4507,134666,40823,1408,1
4508,134148,40661,1408,1
4509,134302,40699,1408,1
4510,134736,40828,1408,1
4511,136748,41465,1408,1
4512,143000,43351,1408,1
4513,137530,41686,1408,1
4514,135766,41144,1408,1
4515,224236,67978,1408,1
4516,187194,56761,1408,1
4517,171456,51989,1408,1
4518,170362,51771,1408,1
4519,364048,111061,1408,1
4520,179148,54318,1408,1
4521,351146,106418,1408,1
4522,146054,44287,1408,1
4523,225160,68265,1408,1
4524,268052,81246,1408,1
4525,147566,44741,1408,1
4526,144772,43869,1408,1
4527,143904,43619,1408,1
4528,210330,63770,1408,1
4529,204844,62110,1408,1
4530,480381,145956,1408,1
4531,474116,143963,1408,1
4532,218224,66172,1408,1
4533,148094,44902,1408,1
4534,153580,46563,1408,1
4535,241540,73286,1408,1
4536,229544,69610,1408,1
4537,250242,75873,1408,1
4538,238212,72200,1408,1
4539,224542,68078,1408,1
4540,186594,56814,1408,1
4541,183078,55522,1408,1
4542,205234,62249,1408,1
4543,209542,63538,1408,1
4544,224776,68144,1408,1
4545,240814,73001,1408,1
4546,228074,69143,1408,1
4547,237938,72130,1408,1
4548,230846,69985,1408,1
4549,284512,86528,1408,1
4550,224598,68074,1408,1
4551,236820,71782,1408,1
4552,236118,71577,1408,1
4553,232288,70419,1408,1
4554,259140,78589,1408,1
4555,253860,76962,1408,1
4556,201428,61077,1408,1
4557,193370,58632,1408,1
4558,228474,69628,1408,1
4559,154214,46757,1408,1
4560,152862,46346,1408,1
4561,156732,47541,1408,1
4562,334022,101224,1408,1
4563,152692,46270,1408,1
4564,142696,43267,1408,1
4565,145410,44090,1408,1
4566,227612,69009,1408,1
4567,142846,43316,1408,1
4568,173420,52592,1408,1
4569,156140,47335,1408,1
4570,153574,46565,1408,1
4571,153766,46622,1408,1
4572,153638,46583,1408,1
4573,160728,48742,1408,1
4574,159598,48411,1408,1
4575,142874,43304,1408,1
4576,143302,43441,1408,1
4577,142046,43072,1408,1
4578,163744,49660,1408,1
4579,163814,49679,1408,1
4580,153222,46461,1408,1
4581,233956,70954,1408,1
4582,203228,61616,1408,1
4583,178544,54140,1408,1
4584,181364,55014,1408,1
4585,144630,43851,1408,1
4586,2194260,665135,1408,1
4587,193694,58736,1408,1
4588,148978,45172,1408,1
4589,153298,46497,1408,1
4590,250948,76135,1408,1
4591,164962,49991,1408,1
4592,207406,62889,1408,1
4593,153064,46431,1408,1
4594,244834,74241,1408,1
4595,232826,70834,1408,1
4596,225116,68255,1408,1
4597,244426,74508,1408,1
4598,201668,61147,1408,1
4599,203558,61725,1408,1
4600,277206,84001,1408,1
4601,202930,61613,1408,1
4602,252450,76501,1408,1
4603,187902,56976,1408,1
4604,142316,43149,1408,1
4605,139006,42138,1408,1
4606,309414,93779,1408,1
4607,202234,61315,1408,1
4608,201258,61066,1408,1
4609,161376,48946,1408,1
4610,191896,58183,1408,1
4611,172128,52198,1408,1
4612,352148,107041,1408,1
4613,236752,71779,1408,1
4614,210578,63846,1408,1
4615,215988,65476,1408,1
4616,203292,61635,1408,1
4617,202982,61535,1408,1
4618,621086,188186,1408,1
4619,279578,84771,1408,1
4620,221778,67230,1408,1
4621,182422,55300,1408,1
4622,214472,65027,1408,1
4623,203850,61810,1408,1
4624,188392,57117,1408,1
4625,144566,43831,1408,1
4626,144512,43814,1408,1
4627,136556,41407,1408,1
4628,135486,41083,1408,1
4629,222036,67311,1408,1
4630,175970,53346,1408,1
4631,137430,41661,1408,1
4632,205036,62165,1408,1
4633,257216,78016,1408,1
4634,291436,88329,1408,1
4635,295804,89658,1408,1
4636,279312,84785,1408,1
4637,325774,99429,1408,1
4638,224094,67943,1408,1
4639,227894,69091,1408,1
4640,190150,57677,1408,1
4641,223716,67838,1408,1
4642,323927,98690,1408,1
4643,149814,45451,1408,1
4644,138734,42070,1408,1
4645,136806,41467,1408,1
4646,137854,41786,1408,1
4647,433676,131412,1408,1
4648,581890,176722,1408,1
4649,239264,72533,1408,1
4650,230368,69826,1408,1
4651,233752,70838,1408,1
4652,228554,69293,1408,1
4653,264716,80235,1408,1
4654,240764,72991,1408,1
4655,149274,45256,1408,1
4656,148282,44956,1408,1
4657,226696,68728,1408,1
4658,236280,71644,1408,1
4659,238210,72239,1408,1
4660,221156,67051,1408,1
4661,239214,72518,1408,1
4662,226394,68641,1408,1
4663,178438,54134,1408,1
4664,234904,71221,1408,1
4665,232466,70510,1408,1
4666,159212,48275,1408,1
4667,153864,46650,1408,1
4668,275342,83468,1408,1
4669,153276,46476,1408,1
4670,156048,47310,1408,1
4671,173510,52636,1408,1
4672,244472,74115,1408,1
4673,249582,75705,1408,1
4674,248012,75194,1408,1
4675,233290,70731,1408,1
4676,156344,47398,1408,1
4677,153490,46539,1408,1
4678,241514,73232,1408,1
4679,210580,63844,1408,1
4680,247432,75003,1408,1
4681,237668,72062,1408,1
4682,319266,97003,1408,1
4683,239186,72527,1408,1
4684,257954,78201,1408,1
4685,241190,73124,1408,1
4686,242196,73422,1408,1
4687,247006,74862,1408,1
4688,228454,69267,1408,1
4689,160694,48730,1408,1
4690,159592,48372,1408,1
4691,235696,71454,1408,1
4692,251900,76377,1408,1
4693,247216,74949,1408,1
4694,246676,74788,1408,1
4695,233066,70665,1408,1
4696,236922,71828,1408,1
4697,241160,73080,1408,1
4698,244620,74169,1408,1
4699,228458,69278,1408,1
4700,338524,102604,1408,1
4701,242054,73389,1408,1
4702,240190,72794,1408,1
4703,151506,45941,1408,1
4704,1537100,466136,1408,1
4705,248116,75218,1408,1
4706,167064,50666,1408,1
4707,163798,49666,1408,1
4708,152876,46351,1408,1
4709,147266,44621,1408,1
4710,145628,44157,1408,1
4711,147958,44834,1408,1
4712,298960,90688,1408,1
4713,183112,55538,1408,1
4714,160874,48779,1408,1
4715,245908,74547,1408,1
4716,160496,48658,1408,1
4717,157548,47768,1408,1
4718,158176,47957,1408,1
4719,156452,47436,1408,1
4720,158534,48067,1408,1
4721,158262,47972,1408,1
4722,159654,48406,1408,1
4723,230438,69865,1408,1
4724,240108,72800,1408,1
4725,200690,60859,1408,1
4726,710692,215717,1408,1
4727,150924,45764,1408,1
4728,236228,71641,1408,1
4729,239550,72663,1408,1
4730,156704,47496,1408,1
4731,153282,46458,1408,1
4732,219220,66485,1408,1
4733,241142,73108,1408,1
4734,211764,64210,1408,1
4735,152200,46150,1408,1
4736,207952,63028,1408,1
4737,160930,48877,1408,1
4738,302578,91714,1408,1
4739,231066,70106,1408,1
4740,235436,71368,1408,1
4741,245170,74330,1408,1
4742,195778,59369,1408,1
4743,153104,46423,1408,1
4744,153524,46547,1408,1
4745,152184,46141,1408,1
4746,212610,64456,1408,1
4747,174882,53035,1408,1
4748,153688,46597,1408,1
4749,237050,71858,1408,1
4750,234828,71174,1408,1
4751,234620,71089,1408,1
4752,173472,52611,1408,1
4753,199528,60502,1408,1
4754,156518,47457,1408,1
4755,155814,47219,1408,1
4756,199864,60606,1408,1
4757,205726,62352,1408,1
4758,155262,47074,1408,1
4759,153528,46547,1408,1
4760,154252,46763,1408,1
4761,153250,46464,1408,1
4762,146726,44491,1408,1
4763,167328,50755,1408,1
4764,145602,44120,1408,1
4765,243441,73888,1408,1
4766,210216,63746,1408,1
4767,150100,45508,1408,1
4768,148168,44930,1408,1
4769,148724,45094,1408,1
4770,141340,42855,1408,1
4771,138442,41953,1408,1
4772,148012,44894,1408,1
4773,138400,41951,1408,1
4774,137786,41767,1408,1
4775,137720,41746,1408,1
4776,167466,50799,1408,1
4777,224176,67974,1408,1
4778,210878,63943,1408,1
4779,138426,41970,1408,1
4780,213990,64895,1408,1
4781,142612,43244,1408,1
4782,142400,43179,1408,1
4783,167730,50866,1408,1
4784,205314,62251,1408,1
4785,226438,68647,1408,1
4786,239052,72468,1408,1
4787,140282,42531,1408,1
4788,138798,42060,1408,1
4789,227792,69035,1408,1
4790,245028,74298,1408,1
4791,220028,66695,1408,1
4792,256600,77812,1408,1
4793,219090,66440,1408,1
4794,160696,48835,1408,1
4795,198772,60271,1408,1
4796,198662,60238,1408,1
4797,339028,103029,1408,1
4798,185020,56104,1408,1
4799,151798,46019,1408,1
4800,217856,66052,1408,1
4801,174128,52807,1408,1
4802,236014,71551,1408,1
4803,292976,88808,1408,1
4804,236094,71577,1408,1
4805,237010,71871,1408,1
4806,149306,45267,1408,1
4807,154004,46693,1408,1
4808,151966,46046,1408,1
4809,150796,45719,1408,1
4810,206432,62593,1408,1
4811,220102,66725,1408,1
4812,268026,81245,1408,1
4813,215948,65467,1408,1
4814,225424,68342,1408,1
4815,195154,59176,1408,1
4816,221624,67236,1408,1
4817,321154,97884,1408,1
4818,220556,66873,1408,1
4819,197270,59832,1408,1
4820,210912,63958,1408,1
4821,233202,70705,1408,1
4822,239126,72499,1408,1
4823,233788,70887,1408,1
4824,237636,72050,1408,1
4825,190394,57879,1408,1
4826,187800,56940,1408,1
4827,191942,58203,1408,1
4828,202000,61262,1408,1
4829,206292,62545,1408,1
4830,212840,64543,1408,1
4831,227000,68843,1408,1
4832,226832,68778,1408,1
4833,224680,68116,1408,1
4834,153110,46424,1408,1
4835,154532,46857,1408,1
4836,155946,47278,1408,1
4837,196720,59650,1408,1
4838,221714,67239,1408,1
4839,173674,52669,1408,1
4840,210178,63689,1408,1
4841,247716,75091,1408,1
4842,210526,63842,1408,1
4843,145122,43999,1408,1
4844,193584,58699,1408,1
4845,216882,65752,1408,1
4846,298486,90463,1408,1
4847,151756,46015,1408,1
4848,146232,44312,1408,1
4849,146992,44554,1408,1
4850,143944,43633,1408,1
4851,154530,46850,1408,1
4852,223262,67697,1408,1
4853,285333,87630,1408,1
4854,231568,70208,1408,1
4855,206234,62509,1408,1
4856,148950,45162,1408,1
4857,178050,54009,1408,1
4858,150254,45557,1408,1
4859,147846,44828,1408,1
4860,148114,44910,1408,1
4861,147506,44723,1408,1
4862,185312,56190,1408,1
4863,187550,56830,1408,1
4864,278764,84519,1408,1
4865,201772,61156,1408,1
4866,194872,59111,1408,1
4867,167040,50649,1408,1
4868,231204,70196,1408,1
4869,220100,66727,1408,1
4870,292006,88747,1408,1
4871,156462,47455,1408,1
4872,140976,42750,1408,1
4873,207860,63017,1408,1
4874,226360,68625,1408,1
4875,247310,74965,1408,1
4876,150396,45624,1408,1
4877,195680,59336,1408,1
4878,144010,43649,1408,1
4879,377258,114565,1408,1
4880,210244,63735,1408,1
4881,232726,70624,1408,1
4882,219126,66447,1408,1
4883,228088,69144,1408,1
4884,213708,64797,1408,1
4885,231892,70298,1408,1
4886,236302,71644,1408,1
4887,152534,46330,1408,1
4888,150792,45693,1408,1
4889,149994,45478,1408,1
4890,219574,66571,1408,1
4891,257692,78191,1408,1
4892,151304,45883,1408,1
4893,140836,42703,1408,1
4894,138412,41972,1408,1
4895,138080,41858,1408,1
4896,136810,41485,1408,1
4897,132232,40070,1408,1
4898,133170,40379,1408,1
4899,158926,48158,1408,1
4900,184484,55938,1408,1
4901,160052,48522,1408,1
4902,201148,60983,1408,1
4903,658789,200562,1408,1
4904,195770,59362,1408,1
4905,145452,44098,1408,1
4906,146114,44300,1408,1
4907,145758,44193,1408,1
4908,145556,44116,1408,1
4909,144348,43764,1408,1
4910,143252,43432,1408,1
4911,254036,77031,1408,1
4912,205620,62388,1408,1
4913,137094,41574,1408,1
4914,210774,63907,1408,1
4915,135042,40946,1408,1
4916,134138,40677,1408,1
4917,132698,40237,1408,1
4918,129996,39416,1408,1
4919,129562,39264,1408,1
4920,129276,39186,1408,1
4921,129204,39177,1408,1
4922,134918,40909,1408,1
4923,130124,39457,1408,1
4924,187554,56868,1408,1
4925,131546,39870,1408,1
4926,172082,52158,1408,1
4927,220008,66692,1408,1
4928,197166,59776,1408,1
4929,130704,39632,1408,1
4930,133716,40539,1408,1
4931,170882,51845,1408,1
4932,130634,39599,1408,1
4933,182824,55422,1408,1
4934,142004,43051,1408,1
4935,231496,70185,1408,1
4936,141056,42768,1408,1
4937,140826,42698,1408,1
4938,139720,42366,1408,1
4939,143630,43547,1408,1
4940,213252,64649,1408,1
4941,139424,42274,1408,1
4942,198680,60239,1408,1
4943,193794,58771,1408,1
4944,189974,57594,1408,1
4945,190160,57651,1408,1
4946,182794,55410,1408,1
4947,136880,41503,1408,1
4948,140100,42477,1408,1
4949,144788,43881,1408,1
4950,144628,43835,1408,1
4951,234330,71095,1408,1
4952,230904,69980,1408,1
4953,240798,73016,1408,1
4954,146002,44272,1408,1
4955,571333,173399,1408,1
4956,189478,57449,1408,1
4957,235482,71383,1408,1
4958,224224,67966,1408,1
4959,136188,41288,1408,1
4960,889381,269839,1408,1
4961,230422,69866,1408,1
4962,140074,42469,1408,1
4963,136216,41301,1408,1
4964,196976,59731,1408,1
4965,182174,55246,1408,1
4966,382177,116124,1408,1
4967,339982,103105,1408,1
4968,180944,54874,1408,1
4969,217082,65815,1408,1
4970,212576,64452,1408,1
4971,215172,65253,1408,1
4972,141748,42966,1408,1
4973,158990,48215,1408,1
4974,200358,60748,1408,1
4975,203136,61587,1408,1
4976,210208,63715,1408,1
4977,213712,64790,1408,1
4978,207692,62953,1408,1
4979,215332,65285,1408,1
4980,243182,73713,1408,1
4981,203224,61610,1408,1
4982,213422,64712,1408,1
4983,214404,64988,1408,1
4984,228656,69321,1408,1
4985,241560,73202,1408,1
4986,223728,67826,1408,1
4987,232024,70328,1408,1
4988,230426,69865,1408,1
4989,201654,61137,1408,1
4990,220472,66850,1408,1
4991,242170,73411,1408,1
4992,240064,72763,1408,1
4993,226872,68770,1408,1
4994,360940,109853,1408,1
4995,192542,58377,1408,1
4996,154476,46837,1408,1
4997,773738,234695,1408,1
4998,210746,63902,1408,1
4999,227944,69111,1408,1
5000,195496,59278,1408,1
5001,208268,63159,1408,1
5002,250308,75890,1408,1
5003,639490,194075,1408,1
5004,202846,61505,1408,1
5005,192136,58331,1408,1
5006,199412,60553,1408,1
5007,201878,61210,1408,1
5008,198962,60322,1408,1
5009,206260,62537,1408,1
5010,197510,59879,1408,1
5011,275558,83549,1408,1
5012,237470,71991,1408,1
5013,241080,73067,1408,1
5014,250048,75798,1408,1
5015,235370,71360,1408,1
5016,217546,65947,1408,1
5017,183320,55580,1408,1
5018,216402,67216,1408,1
5019,207838,63016,1408,1
5020,367439,111840,1408,1
5021,1359295,411971,1408,1
5022,160758,48737,1408,1
5023,158508,48057,1408,1
5024,157008,47603,1408,1
5025,218274,66152,1408,1
5026,156794,47543,1408,1
5027,159502,48358,1408,1
5028,249468,75642,1408,1
5029,245798,74522,1408,1
5030,376366,114385,1408,1
5031,235460,71393,1408,1
5032,228786,69354,1408,1
5033,207520,62920,1408,1
5034,201496,61104,1408,1
5035,332041,101049,1408,1
5036,235140,71302,1408,1
5037,463914,140755,1408,1
5038,263938,80012,1408,1
5039,219462,66539,1408,1
5040,262700,79808,1408,1
5041,249656,75698,1408,1
5042,247050,74900,1408,1
5043,155912,47276,1408,1
5044,230414,69853,1408,1
5045,240468,72888,1408,1
5046,228830,69369,1408,1
5047,187578,56882,1408,1
5048,230690,69930,1408,1
5049,216552,65645,1408,1
5050,165382,50151,1408,1
5051,160100,48544,1408,1
5052,245516,74434,1408,1
5053,245228,74366,1408,1
5054,242800,73593,1408,1
5055,248660,75390,1408,1
5056,185804,56328,1408,1
5057,236996,71855,1408,1
5058,807882,245326,1408,1
5059,212858,64542,1408,1
5060,220796,67117,1408,1
5061,231506,70178,1408,1
5062,305566,92600,1408,1
5063,232846,70700,1408,1
5064,233518,70798,1408,1
5065,234686,71152,1408,1
5066,234334,71097,1408,1
5067,225168,68272,1408,1
5068,236190,71608,1408,1
5069,287364,87207,1408,1
5070,250124,75863,1408,1
5071,228732,69342,1408,1
5072,227660,69033,1408,1
5073,193000,58522,1408,1
5074,182308,55281,1408,1
5075,181246,54978,1408,1
5076,151154,45827,1408,1
5077,150150,45519,1408,1
5078,170392,51675,1408,1
5079,190094,57642,1408,1
5080,232616,70519,1408,1
5081,206472,62603,1408,1
5082,235922,71522,1408,1
5083,223986,67904,1408,1
5084,239158,72513,1408,1
5085,228782,69365,1408,1
5086,3771960,1142794,1408,1
5087,233938,70942,1408,1
5088,235986,71555,1408,1
5089,167026,50636,1408,1
5090,152394,46202,1408,1
5091,151748,46014,1408,1
5092,230658,69914,1408,1
5093,152844,46338,1408,1
5094,150990,45784,1408,1
5095,245930,74575,1408,1
5096,190942,57897,1408,1
5097,240348,72876,1408,1
5098,241902,73336,1408,1
5099,224960,68200,1408,1
5100,238514,72309,1408,1
5101,235046,71222,1408,1
5102,268494,81371,1408,1
5103,281942,85464,1408,1
5104,239628,72647,1408,1
5105,197730,59963,1408,1
5106,154706,46909,1408,1
5107,159164,67909,1408,1
5108,155094,47025,1408,1
5109,167566,50829,1408,1
5110,142884,43315,1408,1
5111,141878,43007,1408,1
5112,141762,42969,1408,1
5113,142822,43290,1408,1
5114,144322,43746,1408,1
5115,143760,43589,1408,1
5116,144122,43685,1408,1
5117,143994,43665,1408,1
5118,141796,42997,1408,1
5119,143260,43411,1408,1
5120,239220,72538,1408,1
5121,227926,69082,1408,1
5122,307436,93183,1408,1
5123,240324,72850,1408,1
5124,221198,67061,1408,1
5125,219524,66534,1408,1
5126,974886,295309,1408,1
5127,231506,70204,1408,1
5128,227758,69026,1408,1
5129,179704,54470,1408,1
5130,135404,41056,1408,1
5131,133266,40398,1408,1
5132,132932,40298,1408,1
5133,133500,40465,1408,1
5134,133228,40396,1408,1
5135,132598,40211,1408,1
5136,133400,40435,1408,1
5137,132932,40295,1408,1
5138,130716,39637,1408,1
5139,129144,39136,1408,1
5140,131414,39845,1408,1
5141,131216,39782,1408,1
5142,129464,39244,1408,1
5143,131094,39751,1408,1
5144,130554,39585,1408,1
5145,131252,39797,1408,1
5146,128882,39068,1408,1
5147,178558,54139,1408,1
5148,135212,40996,1408,1
5149,212812,64556,1408,1
5150,164526,49870,1408,1
5151,170828,51792,1408,1
5152,192984,58516,1408,1
5153,169888,51508,1408,1
5154,171234,51921,1408,1
5155,186452,56538,1408,1
5156,249704,75673,1408,1
5157,193174,58575,1408,1
5158,154362,46816,1408,1
5159,136922,41511,1408,1
5160,127526,38665,1408,1
5161,124636,37779,1408,1
5162,123054,37289,1408,1
5163,123834,37528,1408,1
5164,123316,37379,1408,1
5165,124684,37795,1408,1
5166,125120,37916,1408,1
5167,124416,37711,1408,1
5168,124534,37748,1408,1
5169,137548,41702,1408,1
5170,123502,37448,1408,1
5171,123474,37442,1408,1
5172,122114,37026,1408,1
5173,122828,37233,1408,1
5174,122728,37201,1408,1
5175,122004,36984,1408,1
5176,121486,36826,1408,1
5177,121944,36977,1408,1
5178,121816,36926,1408,1
5179,125192,37961,1408,1
5180,124542,37764,1408,1
5181,123636,37477,1408,1
5182,121836,36932,1408,1
5183,124290,37674,1408,1
5184,123846,37539,1408,1
5185,120012,36378,1408,1
5186,120664,36574,1408,1
5187,160218,48581,1408,1
5188,119238,36142,1408,1
5189,130170,39463,1408,1
5190,124206,37637,1408,1
5191,121740,36900,1408,1
5192,118572,35934,1408,1
5193,122580,37155,1408,1
5194,119574,36244,1408,1
5195,122348,37098,1408,1
5196,136026,41253,1408,1
5197,121306,36786,1408,1
5198,121082,36719,1408,1
5199,189088,57335,1408,1
5200,120610,36572,1408,1
5201,116250,35252,1408,1
5202,164406,49856,1408,1
5203,168792,51176,1408,1
5204,222782,67502,1408,1
5205,188392,57104,1408,1
5206,119904,36345,1408,1
5207,116982,35461,1408,1
5208,179120,54297,1408,1
5209,245032,74289,1408,1
5210,211060,63997,1408,1
5211,221114,67022,1408,1
5212,282554,86021,1408,1
5213,159988,48520,1408,1
5214,263660,79897,1408,1
5215,179546,54428,1408,1
5216,135552,41093,1408,1
5217,131530,39879,1408,1
5218,196144,59484,1408,1
5219,133136,40352,1408,1
5220,199596,60512,1408,1
5221,209536,63523,1408,1
5222,194376,58932,1408,1
5223,189584,57486,1408,1
5224,202528,61400,1408,1
5225,196292,59507,1408,1
5226,160930,49406,1408,1
5227,142108,43088,1408,1
5228,211370,64089,1408,1
5229,151590,45971,1408,1
5230,183658,55647,1408,1
5231,133734,40525,1408,1
5232,134004,40631,1408,1
5233,133468,40448,1408,1
5234,133476,40448,1408,1
5235,132860,40284,1408,1
5236,135554,41103,1408,1
5237,134774,40838,1408,1
5238,136778,41474,1408,1
5239,196234,59504,1408,1
5240,215750,65413,1408,1
5241,211400,64087,1408,1
5242,183648,55682,1408,1
5243,138988,42140,1408,1
5244,144436,43792,1408,1
5245,141108,42781,1408,1
5246,173786,52677,1408,1
5247,140988,42746,1408,1
5248,139714,42438,1408,1
5249,146374,44411,1408,1
5250,130938,39688,1408,1
5251,130786,39658,1408,1
5252,131212,39784,1408,1
5253,129996,39406,1408,1
5254,130120,39432,1408,1
5255,126918,38484,1408,1
5256,126380,38307,1408,1
5257,125874,38146,1408,1
5258,125284,37988,1408,1
5259,158694,48123,1408,1
5260,127812,38754,1408,1
5261,126766,38440,1408,1
5262,160244,48593,1408,1
5263,191960,58202,1408,1
5264,129050,39117,1408,1
5265,126660,38396,1408,1
5266,146514,44402,1408,1
5267,125750,38129,1408,1
5268,214938,65143,1408,1
5269,142254,43130,1408,1
5270,128552,38980,1408,1
5271,125084,37929,1408,1
5272,126016,38186,1408,1
5273,145098,43990,1408,1
5274,125930,38172,1408,1
5275,125258,37982,1408,1
5276,125564,38072,1408,1
5277,246762,74825,1408,1
5278,210800,63918,1408,1
5279,194682,59027,1408,1
5280,215854,65445,1408,1
5281,185248,56176,1408,1
5282,141406,42873,1408,1
5283,140078,42473,1408,1
5284,140000,42448,1408,1
5285,140160,42495,1408,1
5286,138842,42098,1408,1
5287,141668,42952,1408,1
5288,138864,42103,1408,1
5289,134488,40781,1408,1
5290,181392,54996,1408,1
5291,128154,38853,1408,1
5292,129396,39310,1408,1
5293,127118,38548,1408,1
5294,186494,56535,1408,1
5295,127066,38504,1408,1
5296,126290,38293,1408,1
5297,125542,38054,1408,1
5298,126262,38260,1408,1
5299,125048,37894,1408,1
5300,126494,38357,1408,1
5301,126390,38324,1408,1
5302,125690,38102,1408,1
5303,125000,37889,1408,1
5304,125976,38172,1408,1
5305,125534,38054,1408,1
5306,127760,38740,1408,1
5307,127000,38510,1408,1
5308,126036,38195,1408,1
5309,280272,84976,1408,1
5310,139406,42249,1408,1
5311,127856,38770,1408,1
5312,126496,38342,1408,1
5313,128030,38807,1408,1
5314,127460,38623,1408,1
5315,126160,38242,1408,1
5316,186094,56425,1408,1
5317,127422,38638,1408,1
5318,127120,38534,1408,1
5319,132480,40169,1408,1
5320,127768,38744,1408,1
5321,126118,38228,1408,1
5322,127434,38640,1408,1
5323,152608,46279,1408,1
5324,125816,38125,1408,1
5325,125360,37990,1408,1
5326,180146,54620,1408,1
5327,122858,37242,1408,1
5328,141666,42962,1408,1
5329,123960,37590,1408,1
5330,213576,64749,1408,1
5331,217946,66058,1408,1
5332,227688,69012,1408,1
5333,139720,42362,1408,1
5334,132518,40176,1408,1
5335,131946,40005,1408,1
5336,133260,40402,1408,1
5337,143952,43657,1408,1
5338,132630,40296,1408,1
5339,131754,39944,1408,1
5340,135638,41131,1408,1
5341,137002,41537,1408,1
5342,128504,38966,1408,1
5343,174798,53008,1408,1
5344,127344,38600,1408,1
5345,126234,38264,1408,1
5346,180208,54639,1408,1
5347,204086,61881,1408,1
5348,128914,39089,1408,1
5349,127724,38730,1408,1
5350,235020,71264,1408,1
5351,138354,41950,1408,1
5352,136808,41475,1408,1
5353,136542,41387,1408,1
5354,136368,41346,1408,1
5355,203590,61727,1408,1
5356,139678,42348,1408,1
5357,136464,41375,1408,1
5358,136354,41340,1408,1
5359,135948,41221,1408,1
5360,142728,43271,1408,1
5361,135528,41091,1408,1
5362,135148,40981,1408,1
5363,334162,101278,1408,1
5364,128006,38801,1408,1
5365,126534,38357,1408,1
5366,127776,38718,1408,1
5367,127666,38696,1408,1
5368,126270,38286,1408,1
5369,126998,38507,1408,1
5370,172752,52369,1408,1
5371,146530,44446,1408,1
5372,125758,38118,1408,1
5373,125514,38046,1408,1
5374,121304,36758,1408,1
5375,121016,36672,1408,1
5376,159182,48287,1408,1
5377,136792,41476,1408,1
5378,136542,41403,1408,1
5379,136504,41389,1408,1
5380,129652,39312,1408,1
5381,128470,38953,1408,1
5382,217466,65931,1408,1
5383,333371,101393,1408,1
5384,206016,62456,1408,1
5385,406655,123587,1408,1
5386,138584,42018,1408,1
5387,137680,41746,1408,1
5388,136616,41424,1408,1
5389,135272,41018,1408,1
5390,148686,45110,1408,1
5391,135458,41072,1408,1
5392,181502,55122,1408,1
5393,179150,54318,1408,1
5394,189254,57381,1408,1
5395,190424,58264,1408,1
5396,178708,54190,1408,1
5397,155794,47228,1408,1
5398,171400,51930,1408,1
5399,191692,58799,1408,1
5400,126264,38288,1408,1
5401,124962,37870,1408,1
5402,126406,38306,1408,1
5403,125562,38052,1408,1
5404,225496,68363,1408,1
5405,210666,63857,1408,1
5406,228338,69212,1408,1
5407,214686,65139,1408,1
5408,223974,67885,1408,1
5409,189014,57310,1408,1
5410,163424,49551,1408,1
5411,270528,82004,1408,1
5412,237470,72120,1408,1
5413,208486,63195,1408,1
5414,220552,66848,1408,1
5415,296180,90531,1408,1
5416,200238,60732,1408,1
5417,166218,50399,1408,1
5418,201180,60996,1408,1
5419,221362,67109,1408,1
5420,230750,70118,1408,1
5421,211162,64030,1408,1
5422,222452,67489,1408,1
5423,221822,67275,1408,1
5424,179600,54483,1408,1
5425,214828,65283,1408,1
5426,243074,73704,1408,1
5427,230392,69858,1408,1
5428,146570,44439,1408,1
5429,155880,47288,1408,1
5430,137714,41742,1408,1
5431,136408,41350,1408,1
5432,137644,41737,1408,1
5433,136496,41390,1408,1
5434,136444,41347,1408,1
5435,137490,41666,1408,1
5436,136264,41325,1408,1
5437,139438,42281,1408,1
5438,137742,41767,1408,1
5439,137112,41559,1408,1
5440,139122,42278,1408,1
5441,142488,43190,1408,1
5442,200712,60836,1408,1
5443,229550,69605,1408,1
5444,231772,70265,1408,1
5445,246546,74742,1408,1
5446,240154,72820,1408,1
5447,195524,59284,1408,1
5448,256104,77746,1408,1
5449,150678,45689,1408,1
5450,137454,41652,1408,1
5451,141880,42993,1408,1
5452,141094,42755,1408,1
5453,143484,43511,1408,1
5454,141786,42993,1408,1
5455,142320,43151,1408,1
5456,141686,42962,1408,1
5457,143284,43443,1408,1
5458,142982,43344,1408,1
5459,143222,43431,1408,1
5460,141894,43022,1408,1
5461,141740,42981,1408,1
5462,143708,43573,1408,1
5463,175692,53293,1408,1
5464,180714,54801,1408,1
5465,144744,43892,1408,1
5466,187228,56781,1408,1
5467,142180,43085,1408,1
5468,141800,42997,1408,1
5469,203018,61552,1408,1
5470,144808,43906,1408,1
5471,142364,43155,1408,1
5472,141958,43044,1408,1
5473,142378,43158,1408,1
5474,142694,43267,1408,1
5475,140860,42698,1408,1
5476,141478,42871,1408,1
5477,141508,42892,1408,1
5478,141766,42986,1408,1
5479,144474,43810,1408,1
5480,144584,43829,1408,1
5481,146322,44349,1408,1
5482,145000,43974,1408,1
5483,144904,43926,1408,1
5484,513601,155843,1408,1
5485,153058,46414,1408,1
5486,144440,43800,1408,1
5487,140288,42510,1408,1
5488,140796,42691,1408,1
5489,141110,42773,1408,1
5490,149496,45350,1408,1
5491,141092,42770,1408,1
5492,141514,42910,1408,1
5493,142958,43355,1408,1
5494,141772,42974,1408,1
5495,141184,42782,1408,1
5496,140778,42674,1408,1
5497,142172,43113,1408,1
5498,140846,42694,1408,1
5499,141002,42744,1408,1
5500,143132,43399,1408,1
5501,141668,42941,1408,1
5502,140602,42639,1408,1
5503,143300,43422,1408,1
5504,141778,42990,1408,1
5505,183690,55701,1408,1
5506,144180,43722,1408,1
5507,143864,43606,1408,1
5508,224680,68107,1408,1
5509,142672,43234,1408,1
5510,292528,88683,1408,1
5511,230146,69770,1408,1
5512,232956,70627,1408,1
5513,218052,66112,1408,1
5514,218080,66125,1408,1
5515,159164,48341,1408,1
5516,159564,48379,1408,1
5517,186300,56471,1408,1
5518,153832,46625,1408,1
5519,185446,56233,1408,1
5520,144478,43809,1408,1
5521,141788,42981,1408,1
5522,141320,42825,1408,1
5523,178898,54227,1408,1
5524,141394,42873,1408,1
5525,142032,43040,1408,1
5526,140670,42639,1408,1
5527,153120,46427,1408,1
5528,224322,68017,1408,1
5529,215384,65444,1408,1
5530,224542,68133,1408,1
5531,227074,68847,1408,1
5532,292804,89188,1408,1
5533,228952,69416,1408,1
5534,213622,64750,1408,1
5535,152788,46325,1408,1
5536,153104,46417,1408,1
5537,150164,45526,1408,1
5538,385184,117801,1408,1
5539,142942,43344,1408,1
5540,140986,42748,1408,1
5541,139658,42330,1408,1
5542,134588,40810,1408,1
5543,134206,40669,1408,1
5544,133280,40399,1408,1
5545,132972,40309,1408,1
5546,132504,40180,1408,1
5547,232988,70656,1408,1
5548,134864,40867,1408,1
5549,144238,43731,1408,1
5550,133578,40503,1408,1
5551,165412,50172,1408,1
5552,133608,40513,1408,1
5553,132550,40181,1408,1
5554,132916,40279,1408,1
5555,133456,40465,1408,1
5556,133466,40454,1408,1
5557,184922,56064,1408,1
5558,142774,43275,1408,1
5559,159404,48352,1408,1
5560,182916,55453,1408,1
5561,137526,41686,1408,1
5562,136056,41241,1408,1
5563,138982,42129,1408,1
5564,149598,45357,1408,1
5565,138610,42029,1408,1
5566,136062,41254,1408,1
5567,169496,51387,1408,1
5568,136904,41512,1408,1
5569,137652,41722,1408,1
5570,134222,40703,1408,1
5571,129652,39303,1408,1
5572,131694,39936,1408,1
5573,185170,56146,1408,1
5574,131498,39872,1408,1
5575,131290,39809,1408,1
5576,131414,39845,1408,1
5577,129614,39288,1408,1
5578,129188,39150,1408,1
5579,132034,40037,1408,1
5580,129826,39361,1408,1
5581,129898,39387,1408,1
5582,128868,39076,1408,1
5583,128338,38894,1408,1
5584,132020,40029,1408,1
5585,232468,72944,1408,1
5586,130082,39447,1408,1
5587,130278,39503,1408,1
5588,133826,40575,1408,1
5589,129022,39110,1408,1
5590,239032,72464,1408,1
5591,135192,40996,1408,1
5592,134662,40831,1408,1
5593,135866,41198,1408,1
5594,169574,51410,1408,1
5595,136374,41350,1408,1
5596,224482,68045,1408,1
5597,212722,64514,1408,1
5598,138450,41975,1408,1
5599,175150,53112,1408,1
5600,195716,59334,1408,1
5601,221170,67064,1408,1
5602,311280,94650,1408,1
5603,243368,73780,1408,1
5604,137620,41729,1408,1
5605,136378,41346,1408,1
5606,137624,41724,1408,1
5607,136454,41370,1408,1
5608,188416,57273,1408,1
5609,127628,38699,1408,1
5610,137226,41622,1408,1
5611,127034,38496,1408,1
5612,126644,38406,1408,1
5613,126088,38233,1408,1
5614,125574,38077,1408,1
5615,124980,37898,1408,1
5616,124672,37794,1408,1
5617,128158,38860,1408,1
5618,123538,37461,1408,1
5619,122958,37281,1408,1
5620,122216,37047,1408,1
5621,165106,50067,1408,1
5622,138044,41859,1408,1
5623,212314,64344,1408,1
5624,137410,41662,1408,1
5625,132968,40318,1408,1
5626,133302,40418,1408,1
5627,134254,40705,1408,1
5628,133290,40411,1408,1
5629,123468,37439,1408,1
5630,125612,38088,1408,1
5631,122220,37047,1408,1
5632,122062,36999,1408,1
5633,122344,37087,1408,1
5634,125184,37944,1408,1
5635,118660,35966,1408,1
5636,117532,35627,1408,1
5637,119602,36254,1408,1
5638,119144,36115,1408,1
5639,120092,36413,1408,1
5640,118118,35794,1408,1
5641,118956,36069,1408,1
5642,117938,35762,1408,1
5643,152702,46296,1408,1
5644,121428,36796,1408,1
5645,121738,36915,1408,1
5646,122286,37079,1408,1
5647,125104,37936,1408,1
5648,123442,37416,1408,1
5649,124920,37878,1408,1
5650,159880,48498,1408,1
5651,168242,51015,1408,1
5652,187712,56921,1408,1
5653,186640,56585,1408,1
5654,189068,57317,1408,1
5655,190976,57904,1408,1
5656,133020,40335,1408,1
5657,135194,40991,1408,1
5658,132930,40304,1408,1
5659,127270,38591,1408,1
5660,211082,63978,1408,1
5661,192310,58305,1408,1
5662,199768,60561,1408,1
5663,206522,62611,1408,1
5664,192024,58215,1408,1
5665,132934,40303,1408,1
5666,135998,41233,1408,1
5667,136738,41457,1408,1
5668,138290,41930,1408,1
5669,139304,42233,1408,1
5670,222498,67472,1408,1
5671,210792,63907,1408,1
5672,141276,42808,1408,1
5673,220790,66935,1408,1
5674,199104,60369,1408,1
5675,206338,62540,1408,1
5676,257738,78723,1408,1
5677,338072,102458,1408,1
5678,230104,69846,1408,1
5679,140156,42496,1408,1
5680,142934,43321,1408,1
5681,136120,41268,1408,1
5682,135772,41167,1408,1
5683,136766,41465,1408,1
5684,134766,40862,1408,1
5685,135240,41005,1408,1
5686,136392,41352,1408,1
5687,141894,43006,1408,1
5688,139406,42270,1408,1
5689,139748,42374,1408,1
5690,136856,41500,1408,1
5691,130368,39516,1408,1
5692,130170,39471,1408,1
5693,130466,39547,1408,1
5694,136142,41262,1408,1
5695,128778,39049,1408,1
5696,129106,39125,1408,1
5697,130496,39570,1408,1
5698,130208,39484,1408,1
5699,134402,40754,1408,1
5700,130890,39674,1408,1
5701,129774,39325,1408,1
5702,129122,39129,1408,1
5703,131322,39818,1408,1
5704,125040,37916,1408,1
5705,126230,38273,1408,1
5706,125094,37931,1408,1
5707,126868,38456,1408,1
5708,199196,60394,1408,1
5709,148464,45026,1408,1
5710,201802,61206,1408,1
5711,141428,42881,1408,1
5712,142686,43260,1408,1
5713,149070,45197,1408,1
5714,177806,53912,1408,1
5715,218526,66251,1408,1
5716,138978,42140,1408,1
5717,139526,42304,1408,1
5718,139318,42241,1408,1
5719,131806,39967,1408,1
5720,130506,39652,1408,1
5721,129490,39255,1408,1
5722,129810,39350,1408,1
5723,129386,39222,1408,1
5724,130166,39445,1408,1
5725,128780,39025,1408,1
5726,214160,64923,1408,1
5727,217744,66000,1408,1
5728,215658,65685,1408,1
5729,216858,65751,1408,1
5730,229742,69681,1408,1
5731,142886,43323,1408,1
5732,140638,42638,1408,1
5733,240084,72843,1408,1
5734,223228,67683,1408,1
5735,209508,63523,1408,1
5736,286622,86883,1408,1
5737,302876,91799,1408,1
5738,240100,72784,1408,1
5739,215462,65332,1408,1
5740,219952,66683,1408,1
5741,229894,69840,1408,1
5742,217634,65995,1408,1
5743,211898,64275,1408,1
5744,227272,68868,1408,1
5745,186986,56702,1408,1
5746,448302,136075,1408,1
5747,189992,57675,1408,1
5748,185142,56134,1408,1
5749,198092,60063,1408,1
5750,277408,84092,1408,1
5751,190266,57659,1408,1
5752,172206,52224,1408,1
5753,241652,73267,1408,1
5754,205096,62175,1408,1
5755,206124,62493,1408,1
5756,270674,82053,1408,1
5757,203634,61736,1408,1
5758,368029,112485,1408,1
5759,228832,69372,1408,1
5760,184286,55870,1408,1
5761,193440,58648,1408,1
5762,196408,59540,1408,1
5763,193674,58722,1408,1
5764,200532,60809,1408,1
5765,145058,43980,1408,1
5766,145168,44012,1408,1
5767,143968,43653,1408,1
5768,145260,44041,1408,1
5769,144392,43764,1408,1
5770,152652,46307,1408,1
5771,135776,41164,1408,1
5772,135438,41063,1408,1
5773,135390,41053,1408,1
5774,134314,40712,1408,1
5775,134396,40737,1408,1
5776,139290,42234,1408,1
5777,135590,41098,1408,1
5778,132826,40263,1408,1
5779,178664,54179,1408,1
5780,203294,61641,1408,1
5781,205718,62382,1408,1
5782,133362,40414,1408,1
5783,241916,73328,1408,1
5784,131044,39734,1408,1
5785,128636,38994,1408,1
5786,128206,38865,1408,1
5787,130598,39589,1408,1
5788,130470,39559,1408,1
5789,129198,39177,1408,1
5790,204912,62118,1408,1
5791,129012,39107,1408,1
5792,179860,54535,1408,1
5793,135694,41141,1408,1
5794,129758,39344,1408,1
5795,167486,50798,1408,1
5796,130588,39596,1408,1
5797,134472,40855,1408,1
5798,129838,39366,1408,1
5799,131826,39974,1408,1
5800,129206,39155,1408,1
5801,128820,39051,1408,1
5802,129406,39240,1408,1
5803,128876,39053,1408,1
5804,129746,39318,1408,1
5805,128318,38909,1408,1
5806,130874,39681,1408,1
5807,134222,40685,1408,1
5808,141774,42988,1408,1
5809,140478,42594,1408,1
5810,312246,94704,1408,1
5811,202774,61489,1408,1
5812,209308,63443,1408,1
5813,131512,39876,1408,1
5814,124716,37806,1408,1
5815,168832,51159,1408,1
5816,130992,39719,1408,1
5817,129262,39181,1408,1
5818,168696,51306,1408,1
5819,133358,40437,1408,1
5820,127164,38538,1408,1
5821,125032,37902,1408,1
5822,183676,55689,1408,1
5823,187712,56914,1408,1
5824,130286,39505,1408,1
5825,236968,71854,1408,1
5826,198318,60091,1408,1
5827,215042,65157,1408,1
5828,183914,55768,1408,1
5829,126412,38318,1408,1
5830,145450,44111,1408,1
5831,125948,38171,1408,1
5832,125462,38023,1408,1
5833,125134,37921,1408,1
5834,178528,54136,1408,1
5835,158560,48082,1408,1
5836,136228,41309,1408,1
5837,187622,56889,1408,1
5838,135262,41011,1408,1
5839,128588,38994,1408,1
5840,125902,38163,1408,1
5841,124770,37820,1408,1
5842,143342,43441,1408,1
5843,131768,39939,1408,1
5844,130670,39608,1408,1
5845,162232,49192,1408,1
5846,181816,55134,1408,1
5847,162012,49150,1408,1
5848,177238,53774,1408,1
5849,387048,117275,1408,1
5850,223052,67649,1408,1
5851,211636,64157,1408,1
5852,207434,62898,1408,1
5853,214152,64930,1408,1
5854,204524,62052,1408,1
5855,202272,61325,1408,1
5856,177900,53945,1408,1
5857,208892,63330,1408,1
5858,325420,98668,1408,1
5859,133846,40590,1408,1
5860,133260,40396,1408,1
5861,130332,39521,1408,1
5862,151354,45974,1408,1
5863,134430,40745,1408,1
5864,131436,39851,1408,1
5865,129688,39310,1408,1
5866,129130,39141,1408,1
5867,129438,39237,1408,1
5868,130166,39454,1408,1
5869,128964,39094,1408,1
5870,150932,45780,1408,1
5871,131472,39836,1408,1
5872,130688,39603,1408,1
5873,132086,40052,1408,1
5874,129724,39310,1408,1
5875,132422,40167,1408,1
5876,200238,60708,1408,1
5877,131252,39792,1408,1
5878,131398,39844,1408,1
5879,130102,39450,1408,1
5880,126800,38447,1408,1
5881,141108,42783,1408,1
5882,137320,41630,1408,1
5883,135482,41078,1408,1
5884,185272,56183,1408,1
5885,189612,57557,1408,1
5886,189816,57550,1408,1
5887,160004,48516,1408,1
5888,155174,47039,1408,1
5889,160194,48563,1408,1
5890,231762,70282,1408,1
5891,212504,64406,1408,1
5892,132980,40321,1408,1
5893,132968,40317,1408,1
5894,131944,40009,1408,1
5895,150396,45600,1408,1
5896,123726,37491,1408,1
5897,123318,37371,1408,1
5898,124520,37734,1408,1
5899,127076,38535,1408,1
5900,123246,37371,1408,1
5901,123590,37473,1408,1
5902,122120,37030,1408,1
5903,124150,37644,1408,1
5904,242316,73550,1408,1
5905,194532,58980,1408,1
5906,196114,59443,1408,1
5907,199242,60373,1408,1
5908,203420,61680,1408,1
5909,435401,132308,1408,1
5910,133644,40526,1408,1
5911,200890,60894,1408,1
5912,126040,38220,1408,1
5913,122712,37184,1408,1
5914,122546,37146,1408,1
5915,126174,38258,1408,1
5916,122694,37190,1408,1
5917,122996,37281,1408,1
5918,123520,37439,1408,1
5919,124330,37697,1408,1
5920,122750,37221,1408,1
5921,122112,37026,1408,1
5922,123216,37362,1408,1
5923,122102,37011,1408,1
5924,122738,37217,1408,1
5925,123560,37453,1408,1
5926,127516,38666,1408,1
5927,126136,38236,1408,1
5928,183286,55700,1408,1
5929,142442,43172,1408,1
5930,144336,43757,1408,1
5931,135458,41051,1408,1
5932,136800,41480,1408,1
5933,136906,41511,1408,1
5934,132974,40319,1408,1
5935,130612,39592,1408,1
5936,133654,40525,1408,1
5937,129048,39132,1408,1
5938,128486,38948,1408,1
5939,135752,41166,1408,1
5940,135696,41117,1408,1
5941,134670,40812,1408,1
5942,134414,40755,1408,1
5943,133808,40547,1408,1
5944,135822,41184,1408,1
5945,133264,40393,1408,1
5946,130426,39547,1408,1
5947,129978,39404,1408,1
5948,129280,39202,1408,1
5949,129034,39124,1408,1
5950,170882,51861,1408,1
5951,140752,42678,1408,1
5952,140246,42522,1408,1
5953,140200,42511,1408,1
5954,139684,42349,1408,1
5955,139134,42187,1408,1
5956,129346,39224,1408,1
5957,125124,37929,1408,1
5958,126840,38462,1408,1
5959,127830,38766,1408,1
5960,125448,38025,1408,1
5961,125562,38048,1408,1
5962,124764,37818,1408,1
5963,124328,37700,1408,1
5964,124704,37818,1408,1
5965,127466,38650,1408,1
5966,125354,37986,1408,1
5967,126554,38374,1408,1
5968,194010,58823,1408,1
5969,127840,38738,1408,1
5970,141846,43004,1408,1
5971,167500,50775,1408,1
5972,126086,38232,1408,1
5973,128066,38818,1408,1
5974,124730,37807,1408,1
5975,145492,44129,1408,1
5976,126604,38367,1408,1
5977,129214,39181,1408,1
5978,127116,38531,1408,1
5979,216120,65508,1408,1
5980,204582,62019,1408,1
5981,208748,63297,1408,1
5982,225994,68516,1408,1
5983,219530,66534,1408,1
5984,222176,67339,1408,1
5985,196336,59512,1408,1
5986,166998,50634,1408,1
5987,196394,59743,1408,1
5988,201074,60956,1408,1
5989,297356,90418,1408,1
5990,178252,54040,1408,1
5991,184150,55840,1408,1
5992,210542,63846,1408,1
5993,196610,59590,1408,1
5994,197566,59901,1408,1
5995,284098,86388,1408,1
5996,161612,49006,1408,1
5997,206980,62748,1408,1
5998,137368,41648,1408,1
5999,138082,41869,1408,1
6000,195784,59370,1408,1
6001,192194,58275,1408,1
6002,211078,63998,1408,1
6003,215022,65193,1408,1
6004,202404,61370,1408,1
6005,186722,56765,1408,1
6006,291852,88466,1408,1
6007,219998,66697,1408,1
6008,165180,50075,1408,1
6009,136168,41285,1408,1
6010,146510,44431,1408,1
6011,126888,38449,1408,1
6012,153858,46656,1408,1
6013,126408,38315,1408,1
6014,126380,38322,1408,1
6015,196606,59632,1408,1
6016,128184,38855,1408,1
6017,200658,60834,1408,1
6018,275756,83581,1408,1
6019,221372,67118,1408,1
6020,217716,65990,1408,1
6021,214378,64986,1408,1
6022,205676,62358,1408,1
6023,179454,54419,1408,1
6024,138538,42004,1408,1
6025,140334,42553,1408,1
6026,139818,42389,1408,1
6027,139512,42298,1408,1
6028,154150,46704,1408,1
6029,145298,44050,1408,1
6030,246904,74888,1408,1
6031,212352,64376,1408,1
6032,215046,65194,1408,1
6033,203076,61558,1408,1
6034,210044,63686,1408,1
6035,179340,54386,1408,1
6036,189930,57598,1408,1
6037,334782,101467,1408,1
6038,230910,70019,1408,1
6039,149722,45394,1408,1
6040,145726,44179,1408,1
6041,230570,69884,1408,1
6042,219428,66485,1408,1
6043,357059,108893,1408,1
6044,220602,66906,1408,1
6045,221366,67116,1408,1
6046,213068,64596,1408,1
6047,214436,65022,1408,1
6048,215390,65354,1408,1
6049,222556,67475,1408,1
6050,160680,48717,1408,1
6051,220862,67050,1408,1
6052,144118,43697,1408,1
6053,260408,78934,1408,1
6054,190244,57681,1408,1
6055,287900,87678,1408,1
6056,186174,56429,1408,1
6057,201626,61092,1408,1
6058,169292,51344,1408,1
6059,221656,67212,1408,1
6060,199364,60446,1408,1
6061,217866,66058,1408,1
6062,219558,66572,1408,1
6063,235804,71454,1408,1
6064,239922,72795,1408,1
6065,230094,69765,1408,1
6066,243424,73805,1408,1
6067,217238,65881,1408,1
6068,234924,71270,1408,1
6069,221036,67021,1408,1
6070,191736,58219,1408,1
6071,215984,65462,1408,1
6072,221556,67163,1408,1
6073,467068,141764,1408,1
6074,438687,133904,1408,1
6075,447116,135517,1408,1
6076,227434,68954,1408,1
6077,869808,264150,1408,1
6078,227152,68866,1408,1
6079,232054,70360,1408,1
6080,239848,72711,1408,1
6081,239238,72527,1408,1
6082,214004,64887,1408,1
6083,243482,73817,1408,1
6084,240666,72970,1408,1
6085,245736,74473,1408,1
6086,245292,74347,1408,1
6087,237622,72032,1408,1
6088,216734,65702,1408,1
6089,168608,51110,1408,1
6090,141706,42946,1408,1
6091,196716,59649,1408,1
6092,142358,43150,1408,1
6093,141292,42843,1408,1
6094,158520,48077,1408,1
6095,143538,43506,1408,1
6096,142642,43244,1408,1
6097,141388,42858,1408,1
6098,199708,60557,1408,1
6099,145252,44045,1408,1
6100,244870,74242,1408,1
6101,238398,72275,1408,1
6102,235010,71341,1408,1
6103,279286,84655,1408,1
6104,324246,98277,1408,1
6105,244624,74149,1408,1
6106,241610,73340,1408,1
6107,284984,86390,1408,1
6108,243636,73862,1408,1
6109,261064,79137,1408,1
6110,230568,69891,1408,1
6111,212188,64339,1408,1
6112,232148,70372,1408,1
6113,248396,75308,1408,1
6114,244290,74061,1408,1
6115,236874,71794,1408,1
6116,287370,87109,1408,1
6117,264524,80191,1408,1
6118,250862,76053,1408,1
6119,250966,76089,1408,1
6120,256238,77689,1408,1
6121,247154,74926,1408,1
6122,344466,104401,1408,1
6123,232934,70623,1408,1
6124,238968,72441,1408,1
6125,252278,76491,1408,1
6126,258008,78218,1408,1
6127,255360,77420,1408,1
6128,206024,62499,1408,1
6129,158052,47907,1408,1
6130,156094,47299,1408,1
6131,157460,47747,1408,1
6132,157616,47778,1408,1
6133,151688,45996,1408,1
6134,151756,46018,1408,1
6135,150486,45613,1408,1
6136,150518,45638,1408,1
6137,153596,46572,1408,1
6138,149510,45318,1408,1
6139,214314,64964,1408,1
6140,152722,46315,1408,1
6141,153012,46473,1408,1
6142,154062,46715,1408,1
6143,153528,46539,1408,1
6144,152708,46273,1408,1
6145,153052,46407,1408,1
6146,193998,58785,1408,1
6147,165820,51072,1408,1
6148,390950,118481,1408,1
6149,146812,44501,1408,1
6150,148088,44873,1408,1
6151,144456,43776,1408,1
6152,145542,44102,1408,1
6153,145778,44204,1408,1
6154,147382,44684,1408,1
6155,149050,45197,1408,1
6156,140460,42564,1408,1
6157,143042,43379,1408,1
6158,140168,42489,1408,1
6159,141992,43042,1408,1
6160,140864,42696,1408,1
6161,153832,46643,1408,1
6162,151254,45863,1408,1
6163,204984,62156,1408,1
6164,146982,44560,1408,1
6165,146524,44424,1408,1
6166,232422,70464,1408,1
6167,149484,45323,1408,1
6168,155396,47158,1408,1
6169,139046,42145,1408,1
6170,138060,41846,1408,1
6171,133292,40406,1408,1
6172,132060,40031,1408,1
6173,133522,40473,1408,1
6174,173200,52498,1408,1
6175,179902,54530,1408,1
6176,135830,41183,1408,1
6177,137968,41835,1408,1
6178,164244,49802,1408,1
6179,144670,43864,1408,1
6180,143010,43360,1408,1
6181,131394,39840,1408,1
6182,129328,39200,1408,1
6183,130208,39470,1408,1
6184,129772,39336,1408,1
6185,128766,39033,1408,1
6186,129402,39208,1408,1
6187,130682,39625,1408,1
6188,141962,43067,1408,1
6189,130764,39626,1408,1
6190,131560,39870,1408,1
6191,129598,39273,1408,1
6192,129504,39244,1408,1
6193,131156,39770,1408,1
6194,140460,42586,1408,1
6195,164886,49997,1408,1
6196,187406,57074,1408,1
6197,130364,39529,1408,1
6198,179346,54378,1408,1
6199,127726,38718,1408,1
6200,128120,38834,1408,1
6201,126280,38269,1408,1
6202,128528,38971,1408,1
6203,129494,39348,1408,1
6204,128368,38923,1408,1
6205,129268,39182,1408,1
6206,128414,38926,1408,1
6207,208162,63112,1408,1
6208,208016,63077,1408,1
6209,149152,45252,1408,1
6210,167948,50926,1408,1
6211,161374,48939,1408,1
6212,191130,57943,1408,1
6213,182224,55247,1408,1
6214,132802,40265,1408,1
6215,191432,58134,1408,1
6216,222300,67383,1408,1
6217,125878,38167,1408,1
6218,123024,37290,1408,1
6219,122214,37048,1408,1
6220,123776,37518,1408,1
6221,123420,37412,1408,1
6222,122420,37125,1408,1
6223,121830,36929,1408,1
6224,122170,37022,1408,1
6225,122372,37083,1408,1
6226,121916,36946,1408,1
6227,122816,37218,1408,1
6228,121902,36964,1408,1
6229,126868,38470,1408,1
6230,123474,37439,1408,1
6231,123452,37419,1408,1
6232,122968,37290,1408,1
6233,122178,37034,1408,1
6234,121338,36770,1408,1
6235,121796,36933,1408,1
6236,123184,37354,1408,1
6237,123606,37480,1408,1
6238,121298,36756,1408,1
6239,121852,36942,1408,1
6240,122322,37078,1408,1
6241,122144,37039,1408,1
6242,122118,37018,1408,1
6243,195106,59165,1408,1
6244,196192,59482,1408,1
6245,197862,59972,1408,1
6246,184994,56079,1408,1
6247,188634,57201,1408,1
6248,137374,41650,1408,1
6249,245616,74470,1408,1
6250,142946,43336,1408,1
6251,346170,104856,1408,1
6252,158558,48085,1408,1
6253,161804,49071,1408,1
6254,206168,62503,1408,1
6255,267262,81013,1408,1
6256,198470,60165,1408,1
6257,140378,42560,1408,1
6258,137084,41561,1408,1
6259,136418,41359,1408,1
6260,135740,41154,1408,1
6261,134908,40902,1408,1
6262,135714,41148,1408,1
6263,167482,50791,1408,1
6264,168300,51035,1408,1
6265,127718,38701,1408,1
6266,128170,38841,1408,1
6267,127356,38592,1408,1
6268,126188,38249,1408,1
6269,216920,65748,1408,1
6270,121438,36821,1408,1
6271,160946,48804,1408,1
6272,122000,36994,1408,1
6273,122640,37174,1408,1
6274,121448,36813,1408,1
6275,122384,37110,1408,1
6276,121636,36883,1408,1
6277,124458,37741,1408,1
6278,122428,37110,1408,1
6279,121808,36923,1408,1
6280,121720,36882,1408,1
6281,122338,37086,1408,1
6282,120984,36663,1408,1
6283,123128,37334,1408,1
6284,122040,37010,1408,1
6285,122070,37008,1408,1
6286,121326,36777,1408,1
6287,125862,38163,1408,1
6288,125576,38078,1408,1
6289,131026,39733,1408,1
6290,125794,38144,1408,1
6291,126116,38243,1408,1
6292,125724,38110,1408,1
6293,124528,37746,1408,1
6294,126020,38211,1408,1
6295,125466,38031,1408,1
6296,126674,38406,1408,1
6297,124276,37686,1408,1
6298,126160,38259,1408,1
6299,177184,53735,1408,1
6300,126952,38483,1408,1
6301,126748,38411,1408,1
6302,124898,37874,1408,1
6303,159864,48479,1408,1
6304,126852,38469,1408,1
6305,125484,38039,1408,1
6306,124642,37784,1408,1
6307,129710,39421,1408,1
6308,226098,68715,1408,1
6309,136432,41354,1408,1
6310,144728,43922,1408,1
6311,127286,38581,1408,1
6312,129632,39284,1408,1
6313,130154,39440,1408,1
6314,131676,39929,1408,1
6315,130426,39533,1408,1
6316,130508,39550,1408,1
6317,132214,40089,1408,1
6318,153832,46642,1408,1
6319,135410,41058,1408,1
6320,137618,41725,1408,1
6321,175990,53358,1408,1
6322,203786,61783,1408,1
6323,210346,63768,1408,1
6324,237770,72089,1408,1
6325,244756,74197,1408,1
6326,208886,63542,1408,1
6327,210534,63831,1408,1
6328,206824,62694,1408,1
6329,197806,60063,1408,1
6330,242844,73652,1408,1
6331,243412,73792,1408,1
6332,222730,67520,1408,1
6333,245112,74311,1408,1
6334,211442,64104,1408,1
6335,196070,59671,1408,1
6336,178110,53971,1408,1
6337,225866,68485,1408,1
6338,240902,73038,1408,1
6339,165728,50264,1408,1
6340,237338,71961,1408,1
6341,236836,71784,1408,1
6342,225170,68264,1408,1
6343,235530,71409,1408,1
6344,266068,80663,1408,1
6345,154448,46832,1408,1
6346,143182,43401,1408,1
6347,142276,43130,1408,1
6348,239032,72465,1408,1
6349,165968,50358,1408,1
6350,241686,73298,1408,1
6351,238554,72295,1408,1
6352,267166,80996,1408,1
6353,223104,67655,1408,1
6354,240248,72834,1408,1
6355,252398,76526,1408,1
6356,235164,71361,1408,1
6357,289806,87844,1408,1
6358,242372,73480,1408,1
6359,237734,72080,1408,1
6360,238310,72420,1408,1
6361,302418,91763,1408,1
6362,240176,72796,1408,1
6363,235576,71428,1408,1
6364,232324,70427,1408,1
6365,262182,79485,1408,1
6366,232362,70441,1408,1
6367,232104,70427,1408,1
6368,232416,70482,1408,1
6369,288594,87606,1408,1
6370,222990,67625,1408,1
6371,2310100,700058,1408,1
6372,228150,69299,1408,1
6373,239754,72748,1408,1
6374,232758,70565,1408,1
6375,243788,73968,1408,1
6376,234778,71229,1408,1
6377,278922,84570,1408,1
6378,240582,72943,1408,1
6379,229476,69581,1408,1
6380,467318,141601,1408,1
6381,225128,68239,1408,1
6382,236650,71738,1408,1
6383,242918,73663,1408,1
6384,240292,72847,1408,1
6385,205086,62185,1408,1
6386,196234,59503,1408,1
6387,239412,72578,1408,1
6388,256046,77669,1408,1
6389,204840,62116,1408,1
6390,225706,68413,1408,1
6391,236560,71723,1408,1
6392,245566,74431,1408,1
6393,228384,69237,1408,1
6394,229472,69569,1408,1
6395,238494,72303,1408,1
6396,245106,74501,1408,1
6397,241724,73282,1408,1
6398,247602,75073,1408,1
6399,236118,71578,1408,1
6400,162166,49180,1408,1
6401,192324,58315,1408,1
6402,157704,47817,1408,1
6403,242708,73538,1408,1
6404,268226,81303,1408,1
6405,255790,77518,1408,1
6406,241914,73333,1408,1
6407,299012,91151,1408,1
6408,243726,73899,1408,1
6409,228920,69506,1408,1
6410,234238,71011,1408,1
6411,156218,47359,1408,1
6412,203994,61850,1408,1
6413,193722,58741,1408,1
6414,153890,46629,1408,1
6415,152848,46344,1408,1
6416,144420,43795,1408,1
6417,141826,42988,1408,1
6418,143362,43469,1408,1
6419,140944,42721,1408,1
6420,302858,91805,1408,1
6421,232210,70384,1408,1
6422,223664,67813,1408,1
6423,194392,58940,1408,1
6424,149152,45227,1408,1
6425,144556,43833,1408,1
6426,185602,56242,1408,1
6427,208836,63315,1408,1
6428,188904,57299,1408,1
6429,143454,43495,1408,1
6430,159502,48375,1408,1
6431,174626,52959,1408,1
6432,140868,42716,1408,1
6433,140788,42692,1408,1
6434,141802,42986,1408,1
6435,141982,43053,1408,1
6436,143232,43435,1408,1
6437,140210,42499,1408,1
6438,177000,53676,1408,1
6439,186964,56655,1408,1
6440,157506,47780,1408,1
6441,137954,41831,1408,1
6442,150466,45639,1408,1
6443,137994,41843,1408,1
6444,206378,62551,1408,1
6445,211990,64276,1408,1
6446,228066,69146,1408,1
6447,204020,61870,1408,1
6448,156114,47346,1408,1
6449,142608,43225,1408,1
6450,224066,67940,1408,1
6451,218744,66316,1408,1
6452,248626,75364,1408,1
6453,230200,69788,1408,1
6454,227892,69081,1408,1
6455,197032,59736,1408,1
6456,218818,66359,1408,1
6457,284150,86240,1408,1
6458,301508,91527,1408,1
6459,215340,65285,1408,1
6460,150054,45494,1408,1
6461,180048,54615,1408,1
6462,148406,44994,1408,1
6463,148682,45081,1408,1
6464,148448,45004,1408,1
6465,149064,45197,1408,1
6466,147764,44803,1408,1
6467,147236,44642,1408,1
6468,143546,43531,1408,1
6469,139394,42251,1408,1
6470,138540,42010,1408,1
6471,138346,41950,1408,1
6472,137582,41717,1408,1
6473,137136,41583,1408,1
6474,137572,41716,1408,1
6475,138268,41928,1408,1
6476,139624,42335,1408,1
6477,137890,41812,1408,1
6478,137232,41597,1408,1
6479,137290,41617,1408,1
6480,136442,41371,1408,1
6481,136712,41444,1408,1
6482,137490,41690,1408,1
6483,137838,41769,1408,1
6484,137904,41818,1408,1
6485,137222,41595,1408,1
6486,137170,41580,1408,1
6487,136536,41400,1408,1
6488,141098,42783,1408,1
6489,139246,42223,1408,1
6490,148816,45102,1408,1
6491,136918,41518,1408,1
6492,136448,41374,1408,1
6493,136910,41514,1408,1
6494,138178,41898,1408,1
6495,137130,41566,1408,1
6496,137742,41766,1408,1
6497,136628,41400,1408,1
6498,137538,41704,1408,1
6499,136370,41338,1408,1
6500,137104,41558,1408,1
6501,136856,41484,1408,1
6502,136388,41344,1408,1
6503,137178,41597,1408,1
6504,138098,41863,1408,1
6505,136496,41372,1408,1
6506,153022,46395,1408,1
6507,148816,45123,1408,1
6508,146504,44418,1408,1
6509,140628,42641,1408,1
6510,134648,40893,1408,1
6511,204772,62170,1408,1
6512,137908,41818,1408,1
6513,135732,41153,1408,1
6514,222676,67475,1408,1
6515,176604,53551,1408,1
6516,207878,63031,1408,1
6517,205186,62207,1408,1
6518,207484,62904,1408,1
6519,203298,61635,1408,1
6520,205356,62258,1408,1
6521,260386,79178,1408,1
6522,204322,61951,1408,1
6523,138860,42101,1408,1
6524,174466,52910,1408,1
6525,140128,42487,1408,1
6526,140340,42552,1408,1
6527,141028,42760,1408,1
6528,150710,45713,1408,1
6529,129960,39409,1408,1
6530,128864,39060,1408,1
6531,129676,39316,1408,1
6532,128040,38811,1408,1
6533,129976,39410,1408,1
6534,129228,39173,1408,1
6535,128246,38863,1408,1
6536,131956,40012,1408,1
6537,130596,39601,1408,1
6538,130800,39655,1408,1
6539,129392,39206,1408,1
6540,129186,39150,1408,1
6541,130102,39447,1408,1
6542,153086,46407,1408,1
6543,164862,49960,1408,1
6544,132252,40106,1408,1
6545,155466,47239,1408,1
6546,130256,39486,1408,1
6547,132316,40115,1408,1
6548,151482,45944,1408,1
6549,131076,39719,1408,1
6550,144226,43729,1408,1
6551,136980,41530,1408,1
6552,221340,67092,1408,1
6553,139406,42265,1408,1
6554,340315,103411,1408,1
6555,169154,51305,1408,1
6556,134838,40886,1408,1
6557,148526,45049,1408,1
6558,178164,54022,1408,1
6559,209822,63630,1408,1
6560,132414,40148,1408,1
6561,180492,54728,1408,1
6562,131756,39930,1408,1
6563,136622,41410,1408,1
6564,284656,86277,1408,1
6565,210902,63928,1408,1
6566,211188,64015,1408,1
6567,129296,39211,1408,1
6568,141196,42817,1408,1
6569,126788,38434,1408,1
6570,127326,38609,1408,1
6571,125742,38118,1408,1
6572,129036,39124,1408,1
6573,129114,39154,1408,1
6574,127224,38564,1408,1
6575,202466,61505,1408,1
6576,225450,68350,1408,1
6577,153808,46627,1408,1
6578,138474,41986,1408,1
6579,136080,41258,1408,1
6580,139140,42174,1408,1
6581,139138,42188,1408,1
6582,137518,41692,1408,1
6583,137990,41824,1408,1
6584,136118,41271,1408,1
6585,135742,41155,1408,1
6586,135526,41090,1408,1
6587,134458,40768,1408,1
6588,138534,42006,1408,1
6589,127570,38678,1408,1
6590,123896,37555,1408,1
6591,125322,38000,1408,1
6592,173948,52744,1408,1
6593,136226,41302,1408,1
6594,181554,55011,1408,1
6595,135412,41058,1408,1
6596,130234,39490,1408,1
6597,126510,38337,1408,1
6598,128448,38925,1408,1
6599,127994,38785,1408,1
6600,126788,38444,1408,1
6601,127644,38692,1408,1
6602,128052,38831,1408,1
6603,127510,38639,1408,1
6604,125820,38137,1408,1
6605,127346,38598,1408,1
6606,149610,45350,1408,1
6607,124790,37825,1408,1
6608,143602,43559,1408,1
6609,124948,37886,1408,1
6610,147782,44806,1408,1
6611,197968,60030,1408,1
6612,138478,41987,1408,1
6613,137516,41692,1408,1
6614,136866,41499,1408,1
6615,132836,40276,1408,1
6616,134482,40778,1408,1
6617,158020,47896,1408,1
6618,122284,37067,1408,1
6619,122018,36976,1408,1
6620,123198,37355,1408,1
6621,122848,37238,1408,1
6622,122846,37235,1408,1
6623,121462,36829,1408,1
6624,156116,47341,1408,1
6625,123080,37297,1408,1
6626,121876,36933,1408,1
6627,150778,45724,1408,1
6628,129694,39331,1408,1
6629,126240,38279,1408,1
6630,125254,37983,1408,1
6631,125760,38136,1408,1
6632,131402,39846,1408,1
6633,127784,38735,1408,1
6634,126452,38330,1408,1
6635,126592,38375,1408,1
6636,127704,38723,1408,1
6637,126322,38288,1408,1
6638,157484,47755,1408,1
6639,126798,38434,1408,1
6640,124358,37695,1408,1
6641,125444,38025,1408,1
6642,126878,38473,1408,1
6643,128458,38936,1408,1
6644,126318,38290,1408,1
6645,126576,38366,1408,1
6646,157990,47897,1408,1
6647,205524,62316,1408,1
6648,239266,72572,1408,1
6649,215268,65333,1408,1
6650,203434,61662,1408,1
6651,222212,67362,1408,1
6652,180138,54630,1408,1
6653,136952,41523,1408,1
6654,174306,52859,1408,1
6655,206838,62704,1408,1
6656,188670,57207,1408,1
6657,136478,41380,1408,1
6658,147894,44849,1408,1
6659,137230,41605,1408,1
6660,137428,41667,1408,1
6661,139892,42528,1408,1
6662,140038,42463,1408,1
6663,150528,45650,1408,1
6664,283002,86248,1408,1
6665,232560,70504,1408,1
6666,187504,56849,1408,1
6667,141522,42909,1408,1
6668,260162,79053,1408,1
6669,218694,66310,1408,1
6670,351350,106566,1408,1
6671,220790,66942,1408,1
6672,147710,44785,1408,1
6673,214640,65108,1408,1
6674,219736,66629,1408,1
6675,218242,66167,1408,1
6676,230644,69933,1408,1
6677,177020,53694,1408,1
6678,201674,61152,1408,1
6679,210128,63695,1408,1
6680,210058,63684,1408,1
6681,209612,63555,1408,1
6682,222028,67312,1408,1
6683,217428,65909,1408,1
6684,196342,59509,1408,1
6685,206378,62579,1408,1
6686,228616,69326,1408,1
6687,237768,72088,1408,1
6688,290220,88003,1408,1
6689,202168,61295,1408,1
6690,208168,63106,1408,1
6691,211222,64078,1408,1
6692,296806,89975,1408,1
6693,266326,80747,1408,1
6694,247444,75090,1408,1
6695,221940,67299,1408,1
6696,249530,75625,1408,1
6697,237686,72056,1408,1
6698,310050,93950,1408,1
6699,239738,72687,1408,1
6700,248820,75427,1408,1
6701,208908,63354,1408,1
6702,231916,70309,1408,1
6703,218862,66427,1408,1
6704,223608,67777,1408,1
6705,261032,79127,1408,1
6706,180798,54843,1408,1
6707,217636,65968,1408,1
6708,164054,49739,1408,1
6709,164710,49940,1408,1
6710,163298,49511,1408,1
6711,162656,49317,1408,1
6712,162832,49369,1408,1
6713,162154,49164,1408,1
6714,157134,47650,1408,1
6715,151964,46078,1408,1
6716,260206,78895,1408,1
6717,222016,67321,1408,1
6718,188574,57191,1408,1
6719,164244,49796,1408,1
6720,166712,50543,1408,1
6721,234130,70984,1408,1
6722,197478,59878,1408,1
6723,160042,48511,1408,1
6724,162152,49150,1408,1
6725,161782,49049,1408,1
6726,223540,67771,1408,1
6727,157132,47642,1408,1
6728,146118,44304,1408,1
6729,148532,45037,1408,1
6730,145136,44007,1408,1
6731,148098,44910,1408,1
6732,145592,44129,1408,1
6733,252862,76655,1408,1
6734,153170,46445,1408,1
6735,287486,87542,1408,1
6736,175854,53327,1408,1
6737,159448,48343,1408,1
6738,214026,64898,1408,1
6739,214980,65186,1408,1
6740,150804,45713,1408,1
6741,166614,50534,1408,1
6742,145540,44104,1408,1
6743,143146,43379,1408,1
6744,224906,68184,1408,1
6745,144260,43741,1408,1
6746,145226,44019,1408,1
6747,161702,49026,1408,1
6748,142928,43338,1408,1
6749,362676,109937,1408,1
6750,714803,216866,1408,1
6751,763084,231474,1408,1
6752,243060,73693,1408,1
6753,246640,74778,1408,1
6754,248012,75193,1408,1
6755,156184,47356,1408,1
6756,187234,56775,1408,1
6757,154934,46976,1408,1
6758,179386,54395,1408,1
6759,182540,55330,1408,1
6760,153494,46508,1408,1
6761,150172,45514,1408,1
6762,150982,45777,1408,1
6763,153560,46556,1408,1
6764,149960,45465,1408,1
6765,148598,45052,1408,1
6766,147366,44682,1408,1
6767,190518,57774,1408,1
6768,138214,41914,1408,1
6769,137734,41763,1408,1
6770,136226,41295,1408,1
6771,135886,41192,1408,1
6772,177590,53832,1408,1
6773,243346,73763,1408,1
6774,132840,40266,1408,1
6775,137718,41763,1408,1
6776,135108,40957,1408,1
6777,136910,41514,1408,1
6778,148918,45168,1408,1
6779,137220,41605,1408,1
6780,173918,52723,1408,1
6781,133688,40538,1408,1
6782,135092,40951,1408,1
6783,134646,40830,1408,1
6784,139556,42328,1408,1
6785,134768,40862,1408,1
6786,134428,40759,1408,1
6787,165458,50196,1408,1
6788,145964,44255,1408,1
6789,140096,42477,1408,1
6790,140146,42490,1408,1
6791,140104,42480,1408,1
6792,141794,42984,1408,1
6793,141674,42928,1408,1
6794,141014,42740,1408,1
6795,133050,40342,1408,1
6796,130344,39524,1408,1
6797,130456,39556,1408,1
6798,129216,39171,1408,1
6799,182794,55424,1408,1
6800,142790,43277,1408,1
6801,128516,38943,1408,1
6802,132510,40157,1408,1
6803,167314,50735,1408,1
6804,144966,43968,1408,1
6805,143124,43392,1408,1
6806,182964,55474,1408,1
6807,197676,59945,1408,1
6808,137208,41599,1408,1
6809,136016,41239,1408,1
6810,136324,41332,1408,1
6811,135648,41131,1408,1
6812,145896,44246,1408,1
6813,139310,42238,1408,1
6814,177160,53716,1408,1
6815,142984,43441,1408,1
6816,139436,42274,1408,1
6817,136794,41471,1408,1
6818,219598,66571,1408,1
6819,138360,41949,1408,1
6820,136162,41283,1408,1
6821,136316,41333,1408,1
6822,228543,69549,1408,1
6823,135848,41192,1408,1
6824,136806,41481,1408,1
6825,300970,91739,1408,1
6826,207600,62942,1408,1
6827,151636,45990,1408,1
6828,180268,54662,1408,1
6829,127676,38716,1408,1
6830,126602,38379,1408,1
6831,125524,38069,1408,1
6832,125674,38097,1408,1
6833,158220,48852,1408,1
6834,180570,54970,1408,1
6835,127492,38663,1408,1
6836,122504,37149,1408,1
6837,122500,37122,1408,1
6838,123300,37387,1408,1
6839,121078,36720,1408,1
6840,185278,56184,1408,1
6841,123910,37547,1408,1
6842,125246,37979,1408,1
6843,166568,50509,1408,1
6844,147682,44794,1408,1
6845,178494,54541,1408,1
6846,160736,48753,1408,1
6847,143446,43519,1408,1
6848,205292,62238,1408,1
6849,126276,38289,1408,1
6850,143828,43628,1408,1
6851,125818,38138,1408,1
6852,165352,50142,1408,1
6853,126834,38456,1408,1
6854,199448,60472,1408,1
6855,124676,37805,1408,1
6856,121628,36868,1408,1
6857,135110,40959,1408,1
6858,142736,43288,1408,1
6859,173042,52445,1408,1
6860,178340,54084,1408,1
6861,166364,50447,1408,1
6862,189414,57421,1408,1
6863,231808,70438,1408,1
6864,202548,61399,1408,1
6865,212744,64497,1408,1
6866,208498,63204,1408,1
6867,220926,67006,1408,1
6868,189512,57456,1408,1
6869,221580,67187,1408,1
6870,205870,62413,1408,1
6871,191612,58092,1408,1
6872,245748,74494,1408,1
6873,190782,57852,1408,1
6874,144564,43828,1408,1
6875,221372,67117,1408,1
6876,138336,41944,1408,1
6877,139572,42317,1408,1
6878,136726,41451,1408,1
6879,134416,40758,1408,1
6880,134810,40849,1408,1
6881,392952,119293,1408,1
6882,130652,39614,1408,1
6883,128320,38898,1408,1
6884,126110,38215,1408,1
6885,128970,39104,1408,1
6886,177578,53924,1408,1
6887,142082,43075,1408,1
6888,129528,39271,1408,1
6889,129924,39370,1408,1
6890,132172,40065,1408,1
6891,195652,59320,1408,1
6892,129254,39197,1408,1
6893,130464,39547,1408,1
6894,195412,59300,1408,1
6895,184550,55974,1408,1
6896,189390,57414,1408,1
6897,201690,61156,1408,1
6898,190660,57813,1408,1
6899,189216,57369,1408,1
6900,185530,56245,1408,1
6901,208338,63171,1408,1
6902,203814,61786,1408,1
6903,244580,74130,1408,1
6904,215978,65487,1408,1
6905,195354,59241,1408,1
6906,158800,48145,1408,1
6907,159564,48383,1408,1
6908,140916,42730,1408,1
6909,143588,43538,1408,1
6910,301080,92155,1408,1
6911,449605,137074,1408,1
6912,318728,97181,1408,1
6913,156130,47337,1408,1
6914,229452,69586,1408,1
6915,195452,59272,1408,1
6916,143892,43615,1408,1
6917,186714,56605,1408,1
6918,250154,75847,1408,1
6919,222478,67966,1408,1
6920,233392,70760,1408,1
6921,155646,47194,1408,1
6922,154320,46786,1408,1
6923,156740,47527,1408,1
6924,553632,167984,1408,1
6925,156484,47440,1408,1
6926,152762,46316,1408,1
6927,237702,72094,1408,1
6928,245274,74349,1408,1
6929,229008,69449,1408,1
6930,188068,57033,1408,1
6931,161244,48887,1408,1
6932,186360,56513,1408,1
6933,160416,48717,1408,1
6934,151564,45958,1408,1
6935,149566,45352,1408,1
6936,148548,45042,1408,1
6937,147212,44636,1408,1
6938,149186,45234,1408,1
6939,251996,76405,1408,1
6940,252802,76641,1408,1
6941,199516,60495,1408,1
6942,228236,69193,1408,1
6943,225974,68519,1408,1
6944,212610,64464,1408,1
6945,152690,46297,1408,1
6946,156570,47471,1408,1
6947,161352,48938,1408,1
6948,186738,56628,1408,1
6949,142726,43264,1408,1
6950,227234,68894,1408,1
6951,235012,71259,1408,1
6952,277060,83993,1408,1
6953,209834,63602,1408,1
6954,253174,76789,1408,1
6955,248740,75434,1408,1
6956,220930,66984,1408,1
6957,237870,72095,1408,1
6958,242320,73464,1408,1
6959,365296,110815,1408,1
6960,306666,92962,1408,1
6961,235316,71342,1408,1
6962,230796,69965,1408,1
6963,229098,69463,1408,1
6964,208744,63290,1408,1
6965,191362,58040,1408,1
6966,446986,135648,1408,1
6967,195492,59284,1408,1
6968,235866,71487,1408,1
6969,244920,74254,1408,1
6970,177252,53767,1408,1
6971,220588,66883,1408,1
6972,259992,78902,1408,1
6973,284238,86163,1408,1
6974,231490,70186,1408,1
6975,300464,91079,1408,1
6976,222204,67349,1408,1
6977,236234,71617,1408,1
6978,253298,76800,1408,1
6979,218574,66278,1408,1
6980,233602,70818,1408,1
6981,195922,59404,1408,1
6982,219440,66935,1408,1
6983,237342,71957,1408,1
6984,249444,75618,1408,1
6985,250754,76024,1408,1
6986,240026,72777,1408,1
6987,207014,62766,1408,1
6988,227516,68975,1408,1
6989,237946,72141,1408,1
6990,241082,73095,1408,1
6991,241558,73239,1408,1
6992,603120,182732,1408,1
6993,222576,67496,1408,1
6994,192354,58331,1408,1
6995,208870,63335,1408,1
6996,204278,61937,1408,1
6997,263468,79887,1408,1
6998,237944,72144,1408,1
6999,238978,72455,1408,1
7000,154178,46750,1408,1
7001,201090,60986,1408,1
7002,229824,69686,1408,1
7003,145634,44157,1408,1
7004,141896,43012,1408,1
7005,201194,60985,1408,1
7006,164666,49922,1408,1
7007,142564,43226,1408,1
7008,141886,43009,1408,1
7009,144468,43804,1408,1
7010,195916,59404,1408,1
7011,141982,43037,1408,1
7012,169874,51527,1408,1
7013,250614,75986,1408,1
7014,234072,70958,1408,1
7015,155992,47303,1408,1
7016,185500,56555,1408,1
7017,154830,46948,1408,1
7018,163680,49642,1408,1
7019,158696,48117,1408,1
7020,190244,57700,1408,1
7021,185072,56112,1408,1
7022,181104,54902,1408,1
7023,184666,55973,1408,1
7024,184374,55886,1408,1
7025,196918,59703,1408,1
7026,273258,82863,1408,1
7027,233440,70904,1408,1
7028,234512,71215,1408,1
7029,232630,70528,1408,1
7030,193098,58532,1408,1
7031,219552,66562,1408,1
7032,152226,46154,1408,1
7033,347292,105257,1408,1
7034,220230,66762,1408,1
7035,304618,92330,1408,1
7036,367267,111705,1408,1
7037,158466,48038,1408,1
7038,192198,58282,1408,1
7039,205760,62384,1408,1
7040,148674,45075,1408,1
7041,141686,42959,1408,1
7042,138012,41847,1408,1
7043,138620,42017,1408,1
7044,137178,41569,1408,1
7045,155654,47201,1408,1
7046,184154,55821,1408,1
7047,355524,108209,1408,1
7048,481869,146261,1408,1
7049,724515,219808,1408,1
7050,151880,46053,1408,1
7051,164214,49809,1408,1
7052,184650,55980,1408,1
7053,246824,74834,1408,1
7054,216396,65593,1408,1
7055,236376,71660,1408,1
7056,150148,45526,1408,1
7057,181528,55000,1408,1
7058,154878,46955,1408,1
7059,368766,111762,1408,1
7060,225854,68481,1408,1
7061,150806,45860,1408,1
7062,235654,71480,1408,1
7063,134914,40912,1408,1
7064,192712,58435,1408,1
7065,196660,59653,1408,1
7066,217162,65837,1408,1
7067,138918,42126,1408,1
7068,157598,47770,1408,1
7069,139186,42188,1408,1
7070,196070,59448,1408,1
7071,166224,50407,1408,1
7072,228254,69206,1408,1
7073,149650,45375,1408,1
7074,144072,43683,1408,1
7075,144624,43849,1408,1
7076,145244,44039,1408,1
7077,143298,43447,1408,1
7078,143246,43433,1408,1
7079,190066,57627,1408,1
7080,144524,43818,1408,1
7081,143638,43552,1408,1
7082,144852,43920,1408,1
7083,163870,49698,1408,1
7084,291948,88483,1408,1
7085,144060,43678,1408,1
7086,132796,40255,1408,1
7087,132764,40250,1408,1
7088,133760,40533,1408,1
7089,133114,40365,1408,1
7090,201674,61147,1408,1
7091,134520,40790,1408,1
7092,132674,40231,1408,1
7093,135036,40944,1408,1
7094,141656,42937,1408,1
7095,158688,48126,1408,1
7096,131410,39847,1408,1
7097,131920,39990,1408,1
7098,132630,40191,1408,1
7099,187630,56891,1408,1
7100,135360,41043,1408,1
7101,133498,40465,1408,1
7102,135588,41118,1408,1
7103,172388,52275,1408,1
7104,216318,65589,1408,1
7105,173808,52708,1408,1
7106,134280,40702,1408,1
7107,134426,40736,1408,1
7108,134036,40615,1408,1
7109,128960,39090,1408,1
7110,129704,39328,1408,1
7111,128966,39078,1408,1
7112,172604,52342,1408,1
7113,133416,40467,1408,1
7114,133396,40449,1408,1
7115,147490,44746,1408,1
7116,183622,55686,1408,1
7117,250454,75926,1408,1
7118,132938,40313,1408,1
7119,144186,43742,1408,1
7120,131598,39890,1408,1
7121,131852,39977,1408,1
7122,132686,40232,1408,1
7123,232362,70433,1408,1
7124,216334,65585,1408,1
7125,225044,68249,1408,1
7126,137796,41781,1408,1
7127,135284,41017,1408,1
7128,135336,41034,1408,1
7129,135314,41025,1408,1
7130,135204,40993,1408,1
7131,135226,40998,1408,1
7132,128108,38844,1408,1
7133,125006,37904,1408,1
7134,163362,49536,1408,1
7135,149322,45270,1408,1
7136,203352,61653,1408,1
7137,168480,51098,1408,1
7138,211842,64222,1408,1
7139,131766,39952,1408,1
7140,129014,39109,1408,1
7141,209880,63623,1408,1
7142,140434,42582,1408,1
7143,129604,39297,1408,1
7144,275709,84216,1408,1
7145,138838,42099,1408,1
7146,131064,39741,1408,1
7147,125784,38117,1408,1
7148,126174,38250,1408,1
7149,442822,134425,1408,1
7150,155916,47293,1408,1
7151,374546,113494,1408,1
7152,142758,43283,1408,1
7153,142474,43199,1408,1
7154,140288,42537,1408,1
7155,141106,42782,1408,1
7156,193680,58721,1408,1
7157,141742,42974,1408,1
7158,146032,44276,1408,1
7159,144682,43866,1408,1
7160,213958,64864,1408,1
7161,231894,70393,1408,1
7162,215804,65430,1408,1
7163,193974,58795,1408,1
7164,203652,61737,1408,1
7165,148780,45107,1408,1
7166,139000,42147,1408,1
7167,204850,62105,1408,1
7168,210262,63853,1408,1
7169,213722,64793,1408,1
7170,245470,74499,1408,1
7171,194484,58967,1408,1
7172,242710,73593,1408,1
7173,235464,71392,1408,1
7174,224798,68124,1408,1
7175,189522,57465,1408,1
7176,243894,73896,1408,1
7177,148340,44973,1408,1
7178,144768,43892,1408,1
7179,145538,44127,1408,1
7180,143600,43539,1408,1
7181,174866,53011,1408,1
7182,147870,44838,1408,1
7183,211154,64021,1408,1
7184,137000,41539,1408,1
7185,229922,69731,1408,1
7186,369382,112207,1408,1
7187,206018,62457,1408,1
7188,233374,70751,1408,1
7189,912056,276731,1408,1
7190,181140,54935,1408,1
7191,334994,101576,1408,1
7192,147756,44804,1408,1
7193,186342,56495,1408,1
7194,318158,96597,1408,1
7195,445632,136069,1408,1
7196,689036,208716,1408,1
7197,195450,59248,1408,1
7198,228842,69364,1408,1
7199,153588,46577,1408,1
7200,182204,55250,1408,1
7201,149334,45282,1408,1
7202,148916,45153,1408,1
7203,148096,44905,1408,1
7204,141216,42820,1408,1
7205,145910,44254,1408,1
7206,134596,40800,1408,1
7207,135126,40960,1408,1
7208,132994,40313,1408,1
7209,133166,40364,1408,1
7210,150838,45734,1408,1
7211,133568,40483,1408,1
7212,147864,44832,1408,1
7213,194120,58851,1408,1
7214,188180,57065,1408,1
7215,146388,44370,1408,1
7216,148516,45013,1408,1
7217,146126,44303,1408,1
7218,166870,50602,1408,1
7219,144722,43883,1408,1
7220,157996,47915,1408,1
7221,211462,64113,1408,1
7222,173292,52545,1408,1
7223,208902,63342,1408,1
7224,226168,68563,1408,1
7225,231858,70349,1408,1
7226,147532,44734,1408,1
7227,144906,43935,1408,1
7228,207586,62942,1408,1
7229,230096,69769,1408,1
7230,218384,66182,1408,1
7231,219594,66557,1408,1
7232,230764,69971,1408,1
7233,222464,67437,1408,1
7234,228434,69261,1408,1
7235,231694,70321,1408,1
7236,216928,65786,1408,1
7237,232114,70372,1408,1
7238,231604,70522,1408,1
7239,245648,74475,1408,1
7240,242776,73592,1408,1
7241,237114,71896,1408,1
7242,336295,102168,1408,1
7243,189042,57323,1408,1
7244,269574,81792,1408,1
7245,301656,91607,1408,1
7246,220918,66988,1408,1
7247,218520,66259,1408,1
7248,1581075,479154,1408,1
7249,240976,73060,1408,1
7250,246826,74854,1408,1
7251,227314,68902,1408,1
7252,245844,74525,1408,1
7253,218382,66191,1408,1
7254,239786,72698,1408,1
7255,252160,76449,1408,1
7256,268824,81487,1408,1
7257,254938,77285,1408,1
7258,258192,78264,1408,1
7259,228174,69184,1408,1
7260,240572,73269,1408,1
7261,229386,69550,1408,1
7262,232118,70384,1408,1
7263,238494,72534,1408,1
7264,244196,74069,1408,1
7265,244616,74157,1408,1
7266,266200,80685,1408,1
7267,235600,71432,1408,1
7268,305631,93069,1408,1
7269,287553,87447,1408,1
7270,235896,71513,1408,1
7271,147244,44646,1408,1
7272,143654,43543,1408,1
7273,143504,43486,1408,1
7274,141912,43020,1408,1
7275,141998,43046,1408,1
7276,143114,43367,1408,1
7277,146000,44239,1408,1
7278,143762,43595,1408,1
7279,142312,43153,1408,1
7280,148090,44903,1408,1
7281,181616,55077,1408,1
7282,223436,67755,1408,1
7283,154040,46702,1408,1
7284,177334,53780,1408,1
7285,138838,42096,1408,1
7286,349782,106006,1408,1
7287,141466,42892,1408,1
7288,139240,42219,1408,1
7289,138028,41838,1408,1
7290,140854,42693,1408,1
7291,215928,65472,1408,1
7292,151368,45888,1408,1
7293,228450,69265,1408,1
7294,222640,67517,1408,1
7295,226116,68549,1408,1
7296,225988,68500,1408,1
7297,208164,63129,1408,1
7298,233978,70926,1408,1
7299,220152,66749,1408,1
7300,222612,67485,1408,1
7301,193824,58762,1408,1
7302,210738,63888,1408,1
7303,517090,156816,1408,1
7304,169592,51465,1408,1
7305,201266,61008,1408,1
7306,415832,126210,1408,1
7307,220606,66945,1408,1
7308,146654,44437,1408,1
7309,227386,68945,1408,1
7310,219800,66639,1408,1
7311,215828,65434,1408,1
7312,235626,71592,1408,1
7313,228200,69180,1408,1
7314,231734,70247,1408,1
7315,232176,70657,1408,1
7316,224892,68180,1408,1
7317,175140,53193,1408,1
7318,161956,49114,1408,1
7319,219114,66428,1408,1
7320,216804,65739,1408,1
7321,216998,65790,1408,1
7322,150738,45700,1408,1
7323,233550,70816,1408,1
7324,241530,73218,1408,1
7325,229772,69656,1408,1
7326,236590,71734,1408,1
7327,235376,71358,1408,1
7328,209618,63554,1408,1
7329,148928,45152,1408,1
7330,149142,45221,1408,1
7331,243268,73761,1408,1
7332,242828,73625,1408,1
7333,221840,67282,1408,1
7334,245312,74391,1408,1
7335,215958,65469,1408,1
7336,149540,45342,1408,1
7337,182762,55425,1408,1
7338,246714,74800,1408,1
7339,280524,85027,1408,1
7340,264536,80180,1408,1
7341,218912,66373,1408,1
7342,226266,68598,1408,1
7343,244474,74124,1408,1
7344,154442,46825,1408,1
7345,227306,68928,1408,1
7346,225474,68359,1408,1
7347,162744,49360,1408,1
7348,149268,45256,1408,1
7349,180142,54608,1408,1
7350,237650,72074,1408,1
7351,235946,71520,1408,1
7352,237238,71908,1408,1
7353,208132,63118,1408,1
7354,229226,69692,1408,1
7355,231920,70315,1408,1
7356,233578,70894,1408,1
7357,153060,46403,1408,1
7358,150140,45522,1408,1
7359,169050,51271,1408,1
7360,211234,64053,1408,1
7361,234260,71019,1408,1
7362,205586,62326,1408,1
7363,202690,61504,1408,1
7364,243640,73868,1408,1
7365,165234,50110,1408,1
7366,149534,45338,1408,1
7367,148482,45020,1408,1
7368,208428,63199,1408,1
7369,278950,84658,1408,1
7370,141490,42896,1408,1
7371,138854,42077,1408,1
7372,138472,41961,1408,1
7373,186326,56514,1408,1
7374,160040,48541,1408,1
7375,249268,75568,1408,1
7376,192296,58311,1408,1
7377,224310,72450,1408,1
7378,218430,66222,1408,1
7379,217214,65871,1408,1
7380,229912,69703,1408,1
7381,1427563,432768,1408,1
7382,247018,74893,1408,1
7383,253258,76812,1408,1
7384,237280,71940,1408,1
7385,154224,46759,1408,1
7386,152970,46381,1408,1
7387,282579,85958,1408,1
7388,468455,142441,1408,1
7389,194894,59099,1408,1
7390,241106,73092,1408,1
7391,155310,47059,1408,1
7392,154194,46752,1408,1
7393,153536,46554,1408,1
7394,153218,46452,1408,1
7395,152710,46299,1408,1
7396,153102,46417,1408,1
7397,153490,46542,1408,1
7398,235372,71341,1408,1
7399,298334,90586,1408,1
7400,249414,75618,1408,1
7401,214440,65021,1408,1
7402,248542,75398,1408,1
7403,245894,74528,1408,1
7404,243880,73921,1408,1
7405,240952,73060,1408,1
7406,342446,103903,1408,1
7407,250580,75975,1408,1
7408,249886,75768,1408,1
7409,243028,73688,1408,1
7410,232844,70594,1408,1
7411,256930,77877,1408,1
7412,239270,72543,1408,1
7413,249642,75689,1408,1
7414,452252,137061,1408,1
7415,230816,69993,1408,1
7416,220176,66751,1408,1
7417,216936,65756,1408,1
7418,246628,74764,1408,1
7419,242958,73666,1408,1
7420,197740,59959,1408,1
7421,200566,60807,1408,1
7422,179510,54432,1408,1
7423,162376,49225,1408,1
7424,159338,48307,1408,1
7425,158834,48155,1408,1
7426,286062,86814,1408,1
7427,160750,48737,1408,1
7428,219518,66563,1408,1
7429,217432,65946,1408,1
7430,160012,48513,1408,1
7431,157972,47895,1408,1
7432,204410,61954,1408,1
7433,222688,67518,1408,1
7434,157530,47761,1408,1
7435,157944,47887,1408,1
7436,157552,47768,1408,1
7437,208646,63265,1408,1
7438,157252,47676,1408,1
7439,165732,50245,1408,1
7440,157134,47643,1408,1
7441,164912,49998,1408,1
7442,170360,51674,1408,1
7443,146566,44450,1408,1
7444,146744,44480,1408,1
7445,145902,44211,1408,1
7446,146480,44399,1408,1
7447,146834,44496,1408,1
7448,175526,53233,1408,1
7449,202526,61408,1408,1
7450,143048,43379,1408,1
7451,141274,42826,1408,1
7452,149602,45390,1408,1
7453,141784,42979,1408,1
7454,141176,42805,1408,1
7455,140784,42676,1408,1
7456,140626,42626,1408,1
7457,140464,42593,1408,1
7458,139458,42293,1408,1
7459,142124,43094,1408,1
7460,140854,42695,1408,1
7461,141698,42949,1408,1
7462,154496,46843,1408,1
7463,142932,43326,1408,1
7464,141762,42970,1408,1
7465,187832,56955,1408,1
7466,145578,44129,1408,1
7467,144568,43807,1408,1
7468,148082,44902,1408,1
7469,144574,43837,1408,1
7470,145182,44020,1408,1
7471,179696,54492,1408,1
7472,142882,43298,1408,1
7473,223830,67862,1408,1
7474,144074,43688,1408,1
7475,142310,43122,1408,1
7476,142038,43075,1408,1
7477,200166,60690,1408,1
7478,154780,46926,1408,1
7479,153634,46582,1408,1
7480,155980,47293,1408,1
7481,153994,46685,1408,1
7482,219090,66513,1408,1
7483,154764,46924,1408,1
7484,154534,46853,1408,1
7485,153220,46452,1408,1
7486,155258,47075,1408,1
7487,151736,46002,1408,1
7488,149418,45302,1408,1
7489,140002,42450,1408,1
7490,138014,41824,1408,1
7491,138316,42027,1408,1
7492,138548,41984,1408,1
7493,137836,41795,1408,1
7494,137318,41622,1408,1
7495,197714,59945,1408,1
7496,136048,41237,1408,1
7497,137488,41688,1408,1
7498,138112,41877,1408,1
7499,205764,62366,1408,1
7500,139598,42306,1408,1
7501,137286,41612,1408,1
7502,161996,49111,1408,1
7503,203798,61804,1408,1
7504,206268,62542,1408,1
7505,191800,58161,1408,1
7506,234894,71215,1408,1
7507,229612,69610,1408,1
7508,217778,66031,1408,1
7509,216170,65560,1408,1
7510,255406,77422,1408,1
7511,222628,67739,1408,1
7512,256670,77830,1408,1
7513,255926,77590,1408,1
7514,187012,56700,1408,1
7515,186328,56507,1408,1
7516,210570,63851,1408,1
7517,232310,70417,1408,1
7518,228394,69264,1408,1
7519,220362,66809,1408,1
7520,240418,72896,1408,1
7521,301546,91400,1408,1
7522,272020,82473,1408,1
7523,211690,64178,1408,1
7524,229500,69586,1408,1
7525,278620,84455,1408,1
7526,178810,54193,1408,1
7527,153942,46674,1408,1
7528,227050,68832,1408,1
7529,155812,47242,1408,1
7530,152108,46117,1408,1
7531,178378,54080,1408,1
7532,234490,71340,1408,1
7533,240426,72935,1408,1
7534,213042,64595,1408,1
7535,210898,63947,1408,1
7536,188676,57200,1408,1
7537,220336,66791,1408,1
7538,211926,64248,1408,1
7539,189840,57560,1408,1
7540,186370,56785,1408,1
7541,154182,46747,1408,1
7542,162658,49339,1408,1
7543,223332,67687,1408,1
7544,223796,67867,1408,1
7545,225894,68493,1408,1
7546,225794,68466,1408,1
7547,206986,62783,1408,1
7548,143902,43638,1408,1
7549,142756,43288,1408,1
7550,139468,42291,1408,1
7551,139552,42316,1408,1
7552,149670,45381,1408,1
7553,217938,66090,1408,1
7554,173572,52616,1408,1
7555,150582,45658,1408,1
7556,321236,97367,1408,1
7557,249532,75643,1408,1
7558,237802,72087,1408,1
7559,219980,66717,1408,1
7560,224392,68029,1408,1
7561,507650,153930,1408,1
7562,237174,71928,1408,1
7563,230234,69800,1408,1
7564,199824,60584,1408,1
7565,152596,46241,1408,1
7566,165740,50225,1408,1
7567,160892,48786,1408,1
7568,149418,45306,1408,1
7569,146056,44288,1408,1
7570,139064,42165,1408,1
7571,137606,41729,1408,1
7572,140000,42456,1408,1
7573,137918,41806,1408,1
7574,190674,57819,1408,1
7575,219718,66608,1408,1
7576,300142,90975,1408,1
7577,143146,43407,1408,1
7578,146812,44498,1408,1
7579,140006,42451,1408,1
7580,204806,62083,1408,1
7581,197052,59733,1408,1
7582,245510,74430,1408,1
7583,216848,65748,1408,1
7584,222980,67597,1408,1
7585,148146,44920,1408,1
7586,148378,44989,1408,1
7587,314130,95577,1408,1
7588,225774,68433,1408,1
7589,233978,70924,1408,1
7590,219860,66666,1408,1
7591,149710,45392,1408,1
7592,148586,45051,1408,1
7593,234686,71144,1408,1
7594,178070,53981,1408,1
7595,206770,62680,1408,1
7596,227566,69938,1408,1
7597,217476,65942,1408,1
7598,152038,46094,1408,1
7599,151794,46024,1408,1
7600,151240,45851,1408,1
7601,152864,46344,1408,1
7602,139098,42178,1408,1
7603,137232,41586,1408,1
7604,137650,41714,1408,1
7605,137536,41704,1408,1
7606,137960,41818,1408,1
7607,136100,41258,1408,1
7608,138624,42035,1408,1
7609,141980,43059,1408,1
7610,139242,42222,1408,1
7611,177246,53754,1408,1
7612,149048,45194,1408,1
7613,138322,41945,1408,1
7614,135854,41195,1408,1
7615,135694,41146,1408,1
7616,136712,41456,1408,1
7617,139392,42273,1408,1
7618,155126,47032,1408,1
7619,286918,86971,1408,1
7620,139620,42325,1408,1
7621,203496,61700,1408,1
7622,138110,41862,1408,1
7623,137062,41548,1408,1
7624,136460,41363,1408,1
7625,137270,41621,1408,1
7626,132322,40119,1408,1
7627,133300,40405,1408,1
7628,133546,40492,1408,1
7629,198284,60117,1408,1
7630,134478,40767,1408,1
7631,135200,40983,1408,1
7632,133814,40561,1408,1
7633,133666,40515,1408,1
7634,133942,40611,1408,1
7635,133640,40522,1408,1
7636,129814,39365,1408,1
7637,129546,39254,1408,1
7638,130266,39477,1408,1
7639,132362,40139,1408,1
7640,129956,39405,1408,1
7641,146058,44295,1408,1
7642,126228,38274,1408,1
7643,126162,38241,1408,1
7644,126300,38303,1408,1
7645,125502,38041,1408,1
7646,125072,37901,1408,1
7647,124968,37868,1408,1
7648,127748,38737,1408,1
7649,181940,55167,1408,1
7650,188616,57174,1408,1
7651,189568,57457,1408,1
7652,183976,55750,1408,1
7653,193028,58526,1408,1
7654,209746,63591,1408,1
7655,195930,59378,1408,1
7656,190288,57694,1408,1
7657,140534,42606,1408,1
7658,137056,41561,1408,1
7659,162218,49182,1408,1
7660,138838,42080,1408,1
7661,150360,45596,1408,1
7662,124220,37667,1408,1
7663,123704,37510,1408,1
7664,132532,40184,1408,1
7665,378414,115960,1408,1
7666,176298,53460,1408,1
7667,212754,64514,1408,1
7668,203456,61685,1408,1
7669,208762,63280,1408,1
7670,202902,61507,1408,1
7671,132786,40262,1408,1
7672,193800,58756,1408,1
7673,193238,58583,1408,1
7674,351780,106710,1408,1
7675,191564,58088,1408,1
7676,134338,40734,1408,1
7677,156760,47525,1408,1
7678,135518,41090,1408,1
7679,132048,40034,1408,1
7680,204228,61893,1408,1
7681,245616,74506,1408,1
7682,199902,60609,1408,1
7683,159634,48408,1408,1
7684,136858,41497,1408,1
7685,135918,41205,1408,1
7686,136648,41429,1408,1
7687,138570,42012,1408,1
7688,214668,65085,1408,1
7689,199352,60427,1408,1
7690,205552,62311,1408,1
7691,203742,61769,1408,1
7692,169316,51321,1408,1
7693,228298,69203,1408,1
7694,187580,56854,1408,1
7695,216480,65625,1408,1
7696,197280,59796,1408,1
7697,188766,57235,1408,1
7698,216278,65586,1408,1
7699,296088,89743,1408,1
7700,154304,46784,1408,1
7701,250228,75882,1408,1
7702,149214,45240,1408,1
7703,199552,60526,1408,1
7704,238566,72326,1408,1
7705,176376,53492,1408,1
7706,149930,45458,1408,1
7707,223876,67874,1408,1
7708,235948,71530,1408,1
7709,150798,45721,1408,1
7710,149806,45422,1408,1
7711,151120,45816,1408,1
7712,148882,45144,1408,1
7713,148780,45108,1408,1
7714,148840,45112,1408,1
7715,147544,44735,1408,1
7716,140932,42731,1408,1
7717,139062,42165,1408,1
7718,137388,41634,1408,1
7719,140062,42469,1408,1
7720,137340,41730,1408,1
7721,146396,44393,1408,1
7722,138124,41871,1408,1
7723,140004,42453,1408,1
7724,190640,57798,1408,1
7725,140448,42570,1408,1
7726,140004,42426,1408,1
7727,191964,58223,1408,1
7728,218104,66130,1408,1
7729,238024,72165,1408,1
7730,223874,67853,1408,1
7731,229538,69585,1408,1
7732,259906,78817,1408,1
7733,242492,73502,1408,1
7734,234852,71205,1408,1
7735,234322,71166,1408,1
7736,227198,68899,1408,1
7737,223590,67883,1408,1
7738,201030,60960,1408,1
7739,201092,60997,1408,1
7740,184478,55939,1408,1
7741,239356,72571,1408,1
7742,165146,50089,1408,1
7743,148210,44941,1408,1
7744,148266,44940,1408,1
7745,190284,57681,1408,1
7746,147960,44860,1408,1
7747,147412,44794,1408,1
7748,142592,43241,1408,1
7749,141128,42795,1408,1
7750,138524,41986,1408,1
7751,137398,41647,1408,1
7752,137602,41711,1408,1
7753,134506,40785,1408,1
7754,133326,40414,1408,1
7755,132478,40159,1408,1
7756,132574,40178,1408,1
7757,137050,41556,1408,1
7758,135206,40996,1408,1
7759,133346,40431,1408,1
7760,134616,40819,1408,1
7761,137736,41769,1408,1
7762,134924,40914,1408,1
7763,132550,40177,1408,1
7764,133044,40327,1408,1
7765,131748,39937,1408,1
7766,132128,40049,1408,1
7767,132912,40288,1408,1
7768,134822,40883,1408,1
7769,183166,55536,1408,1
7770,143968,43648,1408,1
7771,142562,43227,1408,1
7772,143854,43614,1408,1
7773,142432,43185,1408,1
7774,144496,43812,1408,1
7775,234284,71018,1408,1
7776,143756,43575,1408,1
7777,133572,40500,1408,1
7778,485013,147268,1408,1
7779,146294,44355,1408,1
7780,208328,63159,1408,1
7781,239872,72740,1408,1
7782,217140,65832,1408,1
7783,217228,65951,1408,1
7784,216970,65791,1408,1
7785,277204,84196,1408,1
7786,221856,67263,1408,1
7787,208564,63221,1408,1
7788,222122,67349,1408,1
7789,238128,72184,1408,1
7790,227112,68848,1408,1
7791,237904,72128,1408,1
7792,230340,69842,1408,1
7793,150792,45723,1408,1
7794,147308,44667,1408,1
7795,173372,52576,1408,1
7796,149118,45210,1408,1
7797,187998,57007,1408,1
7798,149116,45216,1408,1
7799,148382,44992,1408,1
7800,227674,69029,1408,1
7801,207750,63000,1408,1
7802,356048,107904,1408,1
7803,233008,70636,1408,1
7804,214202,64941,1408,1
7805,213974,64860,1408,1
7806,216762,65701,1408,1
7807,237696,72074,1408,1
7808,250520,75946,1408,1
7809,247998,75182,1408,1
7810,249218,75551,1408,1
7811,210052,63686,1408,1
7812,224586,68092,1408,1
7813,214334,64993,1408,1
7814,229820,69669,1408,1
7815,246694,74788,1408,1
7816,255410,77429,1408,1
7817,712363,216279,1408,1
7818,278602,84444,1408,1
7819,258218,78257,1408,1
7820,244380,74100,1408,1
7821,267626,81117,1408,1
7822,202584,61434,1408,1
7823,214378,65006,1408,1
7824,230322,69843,1408,1
7825,252958,76705,1408,1
7826,316588,95976,1408,1
7827,158634,48103,1408,1
7828,152914,46364,1408,1
7829,150814,45712,1408,1
7830,151088,45799,1408,1
7831,150340,45571,1408,1
7832,150628,45671,1408,1
7833,150102,45503,1408,1
7834,152952,46378,1408,1
7835,150538,45646,1408,1
7836,150812,45712,1408,1
7837,150744,45709,1408,1
7838,147392,44697,1408,1
7839,222592,67490,1408,1
7840,151546,45938,1408,1
7841,179864,54560,1408,1
7842,270074,81872,1408,1
7843,283374,85895,1408,1
7844,286476,86835,1408,1
7845,184522,55936,1408,1
7846,175660,53235,1408,1
7847,151778,46019,1408,1
7848,149202,45238,1408,1
7849,146390,44375,1408,1
7850,146746,44481,1408,1
7851,146238,44326,1408,1
7852,147864,44833,1408,1
7853,145996,44270,1408,1
7854,145188,44011,1408,1
7855,146140,44297,1408,1
7856,146326,44355,1408,1
7857,145114,43991,1408,1
7858,145692,44164,1408,1
7859,147098,44603,1408,1
7860,145940,44253,1408,1
7861,151714,46001,1408,1
7862,147126,44596,1408,1
7863,331123,101357,1408,1
7864,251004,76068,1408,1
7865,282386,85670,1408,1
7866,247436,75014,1408,1
7867,148500,45029,1408,1
7868,143256,43441,1408,1
7869,141110,42761,1408,1
7870,143332,43443,1408,1
7871,141000,42730,1408,1
7872,142230,43129,1408,1
7873,141054,42771,1408,1
7874,142012,43063,1408,1
7875,141116,42788,1408,1
7876,141466,42881,1408,1
7877,141868,43005,1408,1
7878,142618,43219,1408,1
7879,226296,68615,1408,1
7880,204964,62159,1408,1
7881,225822,68470,1408,1
7882,212848,64518,1408,1
7883,225018,68204,1408,1
7884,291604,88799,1408,1
7885,145646,44151,1408,1
7886,183662,55679,1408,1
7887,145956,44255,1408,1
7888,145756,44198,1408,1
7889,142496,43194,1408,1
7890,164856,50180,1408,1
7891,144088,43694,1408,1
7892,222932,67574,1408,1
7893,235112,71256,1408,1
7894,223972,67873,1408,1
7895,154984,47008,1408,1
7896,141148,42785,1408,1
7897,144082,43691,1408,1
7898,140936,42718,1408,1
7899,141450,42875,1408,1
7900,358606,108758,1408,1
7901,238092,72179,1408,1
7902,248070,75183,1408,1
7903,238048,72171,1408,1
7904,234138,70985,1408,1
7905,217146,65831,1408,1
7906,156300,47392,1408,1
7907,236684,71755,1408,1
7908,220944,66972,1408,1
7909,153500,46544,1408,1
7910,336002,101933,1408,1
7911,198500,82663,1408,1
7912,154812,46943,1408,1
7913,153468,46529,1408,1
7914,152172,46137,1408,1
7915,149650,45370,1408,1
7916,147498,44717,1408,1
7917,149100,45204,1408,1
7918,219260,66470,1408,1
7919,240384,72881,1408,1
7920,143372,43473,1408,1
7921,137052,41543,1408,1
7922,136668,41439,1408,1
7923,801402,243121,1408,1
7924,205030,62187,1408,1
7925,141248,42802,1408,1
7926,137694,41724,1408,1
7927,142280,43142,1408,1
7928,138914,42109,1408,1
7929,137810,41758,1408,1
7930,140170,42474,1408,1
7931,139780,42359,1408,1
7932,138606,42025,1408,1
7933,195218,59190,1408,1
7934,137706,41740,1408,1
7935,234770,71155,1408,1
7936,230896,70008,1408,1
7937,207198,62884,1408,1
7938,218168,66152,1408,1
7939,254762,77226,1408,1
7940,180038,54616,1408,1
7941,146784,44505,1408,1
7942,143960,43646,1408,1
7943,144082,43690,1408,1
7944,143566,43530,1408,1
7945,144254,43733,1408,1
7946,143492,43505,1408,1
7947,137678,41749,1408,1
7948,134694,40826,1408,1
7949,134416,40730,1408,1
7950,133726,40534,1408,1
7951,129084,39117,1408,1
7952,128720,39005,1408,1
7953,128980,39083,1408,1
7954,129568,39290,1408,1
7955,128938,39082,1408,1
7956,126274,38274,1408,1
7957,178702,54187,1408,1
7958,126092,38235,1408,1
7959,127758,38744,1408,1
7960,157432,47745,1408,1
7961,135768,41162,1408,1
7962,254350,77089,1408,1
7963,141148,42797,1408,1
7964,134050,40642,1408,1
7965,132648,40219,1408,1
7966,132362,40131,1408,1
7967,194420,58944,1408,1
7968,217648,65982,1408,1
7969,192612,58394,1408,1
7970,129674,39321,1408,1
7971,129976,39416,1408,1
7972,130194,39479,1408,1
7973,129324,39209,1408,1
7974,190670,57808,1408,1
7975,322246,98041,1408,1
7976,206648,62652,1408,1
7977,205686,62350,1408,1
7978,129050,39131,1408,1
7979,128434,38943,1408,1
7980,131260,39796,1408,1
7981,120094,36394,1408,1
7982,120908,36663,1408,1
7983,119142,36111,1408,1
7984,119766,36304,1408,1
7985,120476,36529,1408,1
7986,121100,36719,1408,1
7987,149854,45447,1408,1
7988,119700,36275,1408,1
7989,119946,36347,1408,1
7990,118708,35972,1408,1
7991,121044,36702,1408,1
7992,119818,36330,1408,1
7993,119370,36196,1408,1
7994,118524,35926,1408,1
7995,119248,36148,1408,1
7996,119476,36227,1408,1
7997,118718,36002,1408,1
7998,118908,36055,1408,1
7999,120668,36587,1408,1
8000,130790,39656,1408,1
8001,127066,38522,1408,1
8002,126648,38401,1408,1
8003,124476,37727,1408,1
8004,123600,37465,1408,1
8005,124602,37784,1408,1
8006,124164,37625,1408,1
8007,124622,37787,1408,1
8008,128332,38911,1408,1
8009,330152,100219,1408,1
8010,186492,56540,1408,1
8011,150858,45736,1408,1
8012,123682,37480,1408,1
8013,124240,37646,1408,1
8014,124660,37777,1408,1
8015,123508,37439,1408,1
8016,165276,50096,1408,1
8017,122308,37073,1408,1
8018,121920,36957,1408,1
8019,123168,37325,1408,1
8020,175462,53200,1408,1
8021,140200,42508,1408,1
8022,123288,37374,1408,1
8023,123118,37332,1408,1
8024,138080,41883,1408,1
8025,121776,36906,1408,1
8026,122004,36995,1408,1
8027,123778,37531,1408,1
8028,163634,49603,1408,1
8029,201432,61070,1408,1
8030,178282,54056,1408,1
8031,210988,63965,1408,1
8032,209970,63653,1408,1
8033,206392,62560,1408,1
8034,214314,64958,1408,1
8035,180206,54638,1408,1
8036,207178,62905,1408,1
8037,160426,48621,1408,1
8038,141994,43053,1408,1
8039,140384,42566,1408,1
8040,142314,43155,1408,1
8041,160466,48651,1408,1
8042,131150,39766,1408,1
8043,131730,39943,1408,1
8044,167936,50932,1408,1
8045,130102,39438,1408,1
8046,131358,39829,1408,1
8047,144850,43932,1408,1
8048,141400,42875,1408,1
8049,140320,42547,1408,1
8050,140482,42592,1408,1
8051,140104,42482,1408,1
8052,139092,42175,1408,1
8053,141496,42902,1408,1
8054,141490,42896,1408,1
8055,170612,51744,1408,1
8056,140232,42520,1408,1
8057,140224,42516,1408,1
8058,140140,42603,1408,1
8059,141044,42764,1408,1
8060,186202,56469,1408,1
8061,225936,68511,1408,1
8062,192254,58285,1408,1
8063,199508,60491,1408,1
8064,142294,43139,1408,1
8065,140942,42733,1408,1
8066,140278,42533,1408,1
8067,141274,42831,1408,1
8068,154462,46841,1408,1
8069,140216,42498,1408,1
8070,147844,44813,1408,1
8071,139438,42280,1408,1
8072,140594,42626,1408,1
8073,138564,42093,1408,1
8074,143416,43481,1408,1
8075,142566,43225,1408,1
8076,144516,43803,1408,1
8077,158268,47962,1408,1
8078,143912,43634,1408,1
8079,142412,43177,1408,1
8080,142220,43122,1408,1
8081,171074,51859,1408,1
8082,132676,40203,1408,1
8083,132792,40253,1408,1
8084,137018,41547,1408,1
8085,134640,40813,1408,1
8086,135394,41057,1408,1
8087,135984,41234,1408,1
8088,133306,40408,1408,1
8089,133460,40453,1408,1
8090,134838,40859,1408,1
8091,132908,40302,1408,1
8092,134450,40756,1408,1
8093,161448,48962,1408,1
8094,135726,41140,1408,1
8095,132716,40242,1408,1
8096,133642,40494,1408,1
8097,132372,40135,1408,1
8098,134712,40823,1408,1
8099,144792,43896,1408,1
8100,134738,40832,1408,1
8101,151034,45801,1408,1
8102,135508,41073,1408,1
8103,134834,40858,1408,1
8104,241050,73097,1408,1
8105,164332,49836,1408,1
8106,144350,43769,1408,1
8107,137368,41653,1408,1
8108,151258,45847,1408,1
8109,152860,46341,1408,1
8110,185960,56366,1408,1
8111,226580,68676,1408,1
8112,195808,59366,1408,1
8113,134512,40774,1408,1
8114,139594,42315,1408,1
8115,135498,41169,1408,1
8116,135532,41098,1408,1
8117,134176,40659,1408,1
8118,197496,59871,1408,1
8119,207150,62799,1408,1
8120,230558,69882,1408,1
8121,235184,71338,1408,1
8122,223832,67840,1408,1
8123,181568,55103,1408,1
8124,172080,52179,1408,1
8125,215868,65443,1408,1
8126,195804,59358,1408,1
8127,228638,69311,1408,1
8128,228316,69208,1408,1
8129,234174,70981,1408,1
8130,235866,71522,1408,1
8131,234024,71119,1408,1
8132,150876,45744,1408,1
8133,203262,61601,1408,1
8134,307462,93199,1408,1
8135,217420,65922,1408,1
8136,234014,70956,1408,1
8137,215892,65433,1408,1
8138,308734,93583,1408,1
8139,219480,66528,1408,1
8140,251030,76102,1408,1
8141,286802,87590,1408,1
8142,249576,75672,1408,1
8143,241798,73303,1408,1
8144,345624,104758,1408,1
8145,155286,47084,1408,1
8146,153560,46564,1408,1
8147,145926,44246,1408,1
8148,142618,43246,1408,1
8149,140802,42667,1408,1
8150,143012,43337,1408,1
8151,203696,61737,1408,1
8152,143154,43406,1408,1
8153,194998,59124,1408,1
8154,142898,43411,1408,1
8155,140800,42679,1408,1
8156,141300,42831,1408,1
8157,141248,42831,1408,1
8158,141142,42787,1408,1
8159,141056,42742,1408,1
8160,155788,47233,1408,1
8161,140878,42705,1408,1
8162,137332,41632,1408,1
8163,136822,41492,1408,1
8164,138710,42057,1408,1
8165,140352,42626,1408,1
8166,134810,40876,1408,1
8167,137298,41637,1408,1
8168,136698,41449,1408,1
8169,134802,40859,1408,1
8170,134926,40898,1408,1
8171,136188,41298,1408,1
8172,133172,40355,1408,1
8173,133578,40480,1408,1
8174,133646,40512,1408,1
8175,196780,59668,1408,1
8176,134874,40895,1408,1
8177,135950,41222,1408,1
8178,134552,40798,1408,1
8179,143226,43413,1408,1
8180,168580,51134,1408,1
8181,130852,39680,1408,1
8182,129838,39358,1408,1
8183,129584,39283,1408,1
8184,129536,39256,1408,1
8185,130610,39604,1408,1
8186,132728,40244,1408,1
8187,131826,39970,1408,1
8188,129374,39234,1408,1
8189,130098,39449,1408,1
8190,126000,38208,1408,1
8191,125616,38093,1408,1
8192,126368,38317,1408,1
8193,129152,39171,1408,1
8194,130154,39549,1408,1
8195,126888,38466,1408,1
8196,179602,54449,1408,1
8197,128206,38861,1408,1
8198,127886,38766,1408,1
8199,127452,38621,1408,1
8200,146436,44395,1408,1
8201,122012,36983,1408,1
8202,124482,37731,1408,1
8203,122662,37181,1408,1
8204,122196,37053,1408,1
8205,121690,36900,1408,1
8206,121642,36883,1408,1
8207,129610,39300,1408,1
8208,125144,37934,1408,1
8209,125146,37947,1408,1
8210,129090,39140,1408,1
8211,125020,37896,1408,1
8212,125252,37979,1408,1
8213,153226,46460,1408,1
8214,309188,93765,1408,1
8215,133814,40570,1408,1
8216,154034,46687,1408,1
8217,160846,48776,1408,1
8218,134758,40857,1408,1
8219,138130,41879,1408,1
8220,132296,40114,1408,1
8221,144956,43964,1408,1
8222,121316,36762,1408,1
8223,160272,48589,1408,1
8224,121108,36720,1408,1
8225,120536,36546,1408,1
8226,120296,36476,1408,1
8227,133896,40592,1408,1
8228,130022,39424,1408,1
8229,129588,39288,1408,1
8230,130020,39410,1408,1
8231,130524,39572,1408,1
8232,137770,41784,1408,1
8233,134524,40785,1408,1
8234,132606,40206,1408,1
8235,193600,58689,1408,1
8236,134468,40768,1408,1
8237,134214,40691,1408,1
8238,215702,65497,1408,1
8239,152662,46277,1408,1
8240,171944,52132,1408,1
8241,225860,68505,1408,1
8242,185190,56156,1408,1
8243,192586,58397,1408,1
8244,147862,44856,1408,1
8245,124140,37638,1408,1
8246,194546,58986,1408,1
8247,192598,58399,1408,1
8248,198306,60121,1408,1
8249,202558,61408,1408,1
8250,190028,57621,1408,1
8251,185744,56313,1408,1
8252,212458,64395,1408,1
8253,139598,42321,1408,1
8254,133590,40500,1408,1
8255,136842,41488,1408,1
8256,130336,39517,1408,1
8257,129402,39238,1408,1
8258,131624,39907,1408,1
8259,125754,38132,1408,1
8260,127224,38571,1408,1
8261,144474,43804,1408,1
8262,118444,35911,1408,1
8263,117584,35642,1408,1
8264,116310,35248,1408,1
8265,116896,35440,1408,1
8266,116370,35285,1408,1
8267,141340,42867,1408,1
8268,122116,37028,1408,1
8269,119452,36219,1408,1
8270,119534,36223,1408,1
8271,121874,36944,1408,1
8272,120340,36488,1408,1
8273,119572,36258,1408,1
8274,118888,36049,1408,1
8275,121034,36699,1408,1
8276,119640,36281,1408,1
8277,120640,36556,1408,1
8278,119914,36736,1408,1
8279,117376,35569,1408,1
8280,116780,35388,1408,1
8281,133068,40359,1408,1
8282,116928,35433,1408,1
8283,115874,35136,1408,1
8284,116228,35228,1408,1
8285,115830,35109,1408,1
8286,115824,35110,1408,1
8287,128082,38833,1408,1
8288,125292,37991,1408,1
8289,119318,36179,1408,1
8290,131788,39961,1408,1
8291,117584,35632,1408,1
8292,135574,41085,1408,1
8293,126588,38360,1408,1
8294,127366,38595,1408,1
8295,119680,36290,1408,1
8296,116922,35450,1408,1
8297,171210,51904,1408,1
8298,122318,37076,1408,1
8299,120138,36417,1408,1
8300,119948,36360,1408,1
8301,202908,61539,1408,1
8302,121870,36939,1408,1
8303,121056,36692,1408,1
8304,120392,36492,1408,1
8305,123378,37396,1408,1
8306,121128,36728,1408,1
8307,130944,39697,1408,1
8308,193230,58581,1408,1
8309,206368,62568,1408,1
8310,202434,61368,1408,1
8311,130942,39703,1408,1
8312,137942,41846,1408,1
8313,185126,56108,1408,1
8314,204684,62042,1408,1
8315,202128,61289,1408,1
8316,215328,65288,1408,1
8317,201142,60968,1408,1
8318,201622,61117,1408,1
8319,198182,60085,1408,1
8320,172342,52244,1408,1
8321,207822,62999,1408,1
8322,120782,36610,1408,1
8323,120736,36595,1408,1
8324,120274,36459,1408,1
8325,119744,36299,1408,1
8326,119942,36358,1408,1
8327,122458,37136,1408,1
8328,119572,36245,1408,1
8329,193080,58495,1408,1
8330,120650,36585,1408,1
8331,119012,36074,1408,1
8332,119192,36130,1408,1
8333,118066,35791,1408,1
8334,118854,36039,1408,1
8335,121920,36955,1408,1
8336,121830,36939,1408,1
8337,123924,37575,1408,1
8338,122766,37213,1408,1
8339,122120,37017,1408,1
8340,178980,54254,1408,1
8341,136266,41349,1408,1
8342,124542,37750,1408,1
8343,123344,37388,1408,1
8344,122498,37123,1408,1
8345,122482,37117,1408,1
8346,124606,37783,1408,1
8347,124198,37661,1408,1
8348,121464,36818,1408,1
8349,122392,37096,1408,1
8350,275640,83574,1408,1
8351,169794,51448,1408,1
8352,130870,39683,1408,1
8353,131794,39963,1408,1
8354,131628,39908,1408,1
8355,185112,56122,1408,1
8356,132376,40139,1408,1
8357,131694,39929,1408,1
8358,137950,41823,1408,1
8359,163900,49676,1408,1
8360,184766,56023,1408,1
8361,135254,41009,1408,1
8362,142082,43091,1408,1
8363,134172,40700,1408,1
8364,125308,37996,1408,1
8365,125576,38076,1408,1
8366,125856,38160,1408,1
8367,126626,38397,1408,1
8368,123486,37433,1408,1
8369,190212,57667,1408,1
8370,125234,37972,1408,1
8371,211898,64231,1408,1
8372,134538,40793,1408,1
8373,132458,40161,1408,1
8374,132444,40160,1408,1
8375,132266,40104,1408,1
8376,132198,40081,1408,1
8377,132000,40022,1408,1
8378,134518,40783,1408,1
8379,133084,40351,1408,1
8380,134316,40724,1408,1
8381,240996,73093,1408,1
8382,198284,60116,1408,1
8383,134908,40903,1408,1
8384,133146,40366,1408,1
8385,132984,40324,1408,1
8386,131834,39972,1408,1
8387,140852,42720,1408,1
8388,131884,39989,1408,1
8389,134984,40910,1408,1
8390,177118,53802,1408,1
8391,218638,66276,1408,1
8392,202304,61314,1408,1
8393,202000,61329,1408,1
8394,202674,61449,1408,1
8395,184198,55846,1408,1
8396,201626,61146,1408,1
8397,190530,57740,1408,1
8398,221238,67064,1408,1
8399,136848,41491,1408,1
8400,171044,51856,1408,1
8401,141964,43037,1408,1
8402,122412,37105,1408,1
8403,125542,38065,1408,1
8404,125468,38021,1408,1
8405,169190,51307,1408,1
8406,126760,38412,1408,1
8407,127340,38610,1408,1
8408,124754,37830,1408,1
8409,125202,37955,1408,1
8410,134972,40928,1408,1
8411,132562,40196,1408,1
8412,274442,83207,1408,1
8413,200034,60639,1408,1
8414,140916,42733,1408,1
8415,219514,66537,1408,1
8416,140222,42511,1408,1
8417,139202,42207,1408,1
8418,140266,42527,1408,1
8419,140604,42629,1408,1
8420,139678,42348,1408,1
8421,137386,41654,1408,1
8422,129518,39272,1408,1
8423,129260,39194,1408,1
8424,128818,39047,1408,1
8425,129700,39302,1408,1
8426,130658,39592,1408,1
8427,130294,39507,1408,1
8428,206666,62657,1408,1
8429,130304,39509,1408,1
8430,129854,39351,1408,1
8431,129590,39364,1408,1
8432,137204,41603,1408,1
8433,130314,39503,1408,1
8434,174316,52857,1408,1
8435,131874,39972,1408,1
8436,135092,40946,1408,1
8437,177500,53805,1408,1
8438,168254,51001,1408,1
8439,132886,40293,1408,1
8440,126994,38484,1408,1
8441,142506,43210,1408,1
8442,125848,38159,1408,1
8443,124978,37883,1408,1
8444,125742,38130,1408,1
8445,125344,37995,1408,1
8446,126270,38278,1408,1
8447,126962,38495,1408,1
8448,165176,50088,1408,1
8449,186258,56466,1408,1
8450,194922,59088,1408,1
8451,138036,41865,1408,1
8452,253964,76979,1408,1
8453,137456,41677,1408,1
8454,197520,59872,1408,1
8455,220982,66962,1408,1
8456,223332,67708,1408,1
8457,206612,62637,1408,1
8458,209748,63595,1408,1
8459,214150,65075,1408,1
8460,137240,41610,1408,1
8461,179182,54359,1408,1
8462,197634,59920,1408,1
8463,205104,62240,1408,1
8464,207496,62952,1408,1
8465,203308,61635,1408,1
8466,217658,65995,1408,1
8467,221884,67258,1408,1
8468,233020,70639,1408,1
8469,238854,72393,1408,1
8470,259582,78673,1408,1
8471,200358,60747,1408,1
8472,240248,72833,1408,1
8473,218206,66302,1408,1
8474,215858,65447,1408,1
8475,219962,66690,1408,1
8476,146142,44303,1408,1
8477,144870,43922,1408,1
8478,228210,69184,1408,1
8479,195454,59231,1408,1
8480,160412,48651,1408,1
8481,153002,46410,1408,1
8482,136258,41315,1408,1
8483,143282,43451,1408,1
8484,141426,42883,1408,1
8485,141054,42772,1408,1
8486,226440,68654,1408,1
8487,184812,56039,1408,1
8488,151338,45883,1408,1
8489,150862,45740,1408,1
8490,253534,76851,1408,1
8491,285950,86767,1408,1
8492,156218,47363,1408,1
8493,155504,47149,1408,1
8494,144968,43960,1408,1
8495,143058,43377,1408,1
8496,143092,43361,1408,1
8497,143188,43388,1408,1
8498,142196,43116,1408,1
8499,144086,43689,1408,1
8500,143980,43645,1408,1
8501,164480,49880,1408,1
8502,143152,43392,1408,1
8503,142706,43243,1408,1
8504,142988,43345,1408,1
8505,146784,44493,1408,1
8506,162232,49186,1408,1
8507,158992,48208,1408,1
8508,158884,48173,1408,1
8509,158030,47917,1408,1
8510,157958,47896,1408,1
8511,241046,73099,1408,1
8512,158028,47917,1408,1
8513,157754,47830,1408,1
8514,147378,44688,1408,1
8515,144950,43952,1408,1
8516,145734,44193,1408,1
8517,146628,44465,1408,1
8518,147140,44588,1408,1
8519,149794,45390,1408,1
8520,149620,45368,1408,1
8521,168922,51227,1408,1
8522,147720,44775,1408,1
8523,147818,44804,1408,1
8524,147342,44650,1408,1
8525,146476,44386,1408,1
8526,150858,45744,1408,1
8527,148176,44900,1408,1
8528,147100,44576,1408,1
8529,146622,44447,1408,1
8530,246316,74666,1408,1
8531,253848,77005,1408,1
8532,235978,71865,1408,1
8533,181638,55080,1408,1
8534,153462,46529,1408,1
8535,169168,51311,1408,1
8536,153766,46620,1408,1
8537,186964,56655,1408,1
8538,213066,64600,1408,1
8539,155980,47295,1408,1
8540,157328,47698,1408,1
8541,180556,54759,1408,1
8542,153668,46591,1408,1
8543,153760,46618,1408,1
8544,153400,46512,1408,1
8545,153398,46509,1408,1
8546,173764,52701,1408,1
8547,152914,46367,1408,1
8548,152536,46250,1408,1
8549,152228,46155,1408,1
8550,152694,46296,1408,1
8551,312164,94625,1408,1
8552,154386,46809,1408,1
8553,146736,44493,1408,1
8554,147956,44857,1408,1
8555,237532,72049,1408,1
8556,140224,42503,1408,1
8557,190996,57914,1408,1
8558,140368,42565,1408,1
8559,230694,69933,1408,1
8560,290332,88036,1408,1
8561,146944,44550,1408,1
8562,144778,43894,1408,1
8563,144116,43697,1408,1
8564,216318,65641,1408,1
8565,146328,44369,1408,1
8566,219176,66450,1408,1
8567,227716,69037,1408,1
8568,218216,66168,1408,1
8569,200502,60827,1408,1
8570,204616,62042,1408,1
8571,295577,90184,1408,1
8572,233890,70916,1408,1
8573,228762,69357,1408,1
8574,189520,57444,1408,1
8575,146588,44439,1408,1
8576,211952,64247,1408,1
8577,209262,63436,1408,1
8578,209046,63362,1408,1
8579,203512,61700,1408,1
8580,151446,45938,1408,1
8581,127330,38584,1408,1
8582,126182,38237,1408,1
8583,127044,38506,1408,1
8584,126668,38397,1408,1
8585,151480,45929,1408,1
8586,144610,43848,1408,1
8587,135582,41107,1408,1
8588,192150,58264,1408,1
8589,136148,41281,1408,1
8590,136454,41371,1408,1
8591,136414,41358,1408,1
8592,137144,41582,1408,1
8593,135058,40949,1408,1
8594,136944,41521,1408,1
8595,139126,42185,1408,1
8596,131354,39831,1408,1
8597,147334,44668,1408,1
8598,220042,66700,1408,1
8599,184274,55854,1408,1
8600,229034,69427,1408,1
8601,125276,37985,1408,1
8602,125392,38009,1408,1
8603,207636,62947,1408,1
8604,191230,57980,1408,1
8605,126890,38476,1408,1
8606,124766,37829,1408,1
8607,123364,37399,1408,1
8608,123490,37421,1408,1
8609,123144,37329,1408,1
8610,122014,36987,1408,1
8611,163764,49657,1408,1
8612,123296,37386,1408,1
8613,124422,37726,1408,1
8614,124146,37621,1408,1
8615,126646,38397,1408,1
8616,125930,38184,1408,1
8617,123430,37404,1408,1
8618,123642,37491,1408,1
8619,125826,38152,1408,1
8620,145966,44266,1408,1
8621,119368,36198,1408,1
8622,118846,36036,1408,1
8623,119906,36335,1408,1
8624,154176,46743,1408,1
8625,195696,59334,1408,1
8626,178112,54005,1408,1
8627,133540,40503,1408,1
8628,129838,39363,1408,1
8629,189656,57495,1408,1
8630,130290,39504,1408,1
8631,128718,39028,1408,1
8632,128246,38887,1408,1
8633,128346,38913,1408,1
8634,129142,39153,1408,1
8635,128484,38957,1408,1
8636,127192,38565,1408,1
8637,130984,39723,1408,1
8638,139462,42286,1408,1
8639,119886,36350,1408,1
8640,119136,36124,1408,1
8641,225672,68404,1408,1
8642,121192,36737,1408,1
8643,128008,38826,1408,1
8644,149364,45282,1408,1
8645,118452,35896,1408,1
8646,120244,36460,1408,1
8647,118884,36038,1408,1
8648,118606,35939,1408,1
8649,118964,36072,1408,1
8650,118916,36048,1408,1
8651,119576,36235,1408,1
8652,119376,36186,1408,1
8653,119170,36121,1408,1
8654,134068,40629,1408,1
8655,120370,36500,1408,1
8656,118248,35863,1408,1
8657,121786,36926,1408,1
8658,120306,36480,1408,1
8659,119662,36286,1408,1
8660,120660,36585,1408,1
8661,246816,74860,1408,1
8662,317476,96256,1408,1
8663,129104,39149,1408,1
8664,128586,38972,1408,1
8665,127890,38780,1408,1
8666,122042,37008,1408,1
8667,119226,36138,1408,1
8668,119536,36233,1408,1
8669,119012,36074,1408,1
8670,119256,36151,1408,1
8671,121028,36700,1408,1
8672,119474,36224,1408,1
8673,121048,36703,1408,1
8674,118828,36019,1408,1
8675,118634,35959,1408,1
8676,119004,36087,1408,1
8677,119142,36125,1408,1
8678,121780,36926,1408,1
8679,120742,36599,1408,1
8680,120024,36383,1408,1
8681,204446,61994,1408,1
8682,121718,36899,1408,1
8683,121364,36804,1408,1
8684,121556,36846,1408,1
8685,122302,37060,1408,1
8686,125516,38056,1408,1
8687,124696,37814,1408,1
8688,123518,37431,1408,1
8689,122244,37045,1408,1
8690,123530,37456,1408,1
8691,122126,37009,1408,1
8692,184498,55908,1408,1
8693,206834,62707,1408,1
8694,128180,38865,1408,1
8695,123542,37447,1408,1
8696,125364,38013,1408,1
8697,164184,49772,1408,1
8698,132784,40264,1408,1
8699,216052,65490,1408,1
8700,215660,65370,1408,1
8701,214044,64906,1408,1
8702,260326,78892,1408,1
8703,224532,68387,1408,1
8704,211020,63972,1408,1
8705,347294,105437,1408,1
8706,306592,93089,1408,1
8707,218136,66141,1408,1
8708,243934,73944,1408,1
8709,175746,53283,1408,1
8710,201110,60978,1408,1
8711,231828,70284,1408,1
8712,268054,81245,1408,1
8713,220482,66822,1408,1
8714,209404,63482,1408,1
8715,201582,61123,1408,1
8716,219746,66620,1408,1
8717,397754,120662,1408,1
8718,194782,59053,1408,1
8719,233210,70699,1408,1
8720,205026,62171,1408,1
8721,158872,48204,1408,1
8722,172334,52262,1408,1
8723,149546,45341,1408,1
8724,148626,45068,1408,1
8725,150498,45631,1408,1
8726,206876,62738,1408,1
8727,139758,42365,1408,1
8728,139216,42200,1408,1
8729,139432,42278,1408,1
8730,139698,42343,1408,1
8731,275576,83532,1408,1
8732,178416,54083,1408,1
8733,230954,70030,1408,1
8734,229172,69454,1408,1
8735,210020,63656,1408,1
8736,136156,41284,1408,1
8737,134358,40742,1408,1
8738,133502,40483,1408,1
8739,219658,66580,1408,1
8740,221706,67214,1408,1
8741,151234,45862,1408,1
8742,164932,50017,1408,1
8743,136000,41223,1408,1
8744,134584,40810,1408,1
8745,133664,40514,1408,1
8746,213534,64918,1408,1
8747,219052,66418,1408,1
8748,222576,67456,1408,1
8749,223850,67853,1408,1
8750,227400,68917,1408,1
8751,149242,45247,1408,1
8752,148042,44883,1408,1
8753,145538,44125,1408,1
8754,168314,51036,1408,1
8755,144602,43830,1408,1
8756,205988,62449,1408,1
8757,146658,44449,1408,1
8758,211332,64042,1408,1
8759,140788,42696,1408,1
8760,231936,70351,1408,1
8761,181944,55168,1408,1
8762,186528,56572,1408,1
8763,140800,42693,1408,1
8764,225779,68709,1408,1
8765,221676,67204,1408,1
8766,2771007,839397,1408,1
8767,200522,60793,1408,1
8768,212494,64423,1408,1
8769,218850,66351,1408,1
8770,214510,65028,1408,1
8771,206640,62631,1408,1
8772,207096,62795,1408,1
8773,218730,66316,1408,1
8774,220844,66956,1408,1
8775,236956,71826,1408,1
8776,214382,64984,1408,1
8777,214532,65041,1408,1
8778,280326,84975,1408,1
8779,215376,65296,1408,1
8780,177946,53957,1408,1
8781,143060,43384,1408,1
8782,219666,66577,1408,1
8783,181132,54886,1408,1
8784,200116,60636,1408,1
8785,213110,64588,1408,1
8786,212438,64400,1408,1
8787,142400,43170,1408,1
8788,139850,42406,1408,1
8789,139474,42288,1408,1
8790,138932,42126,1408,1
8791,162784,49356,1408,1
8792,138328,41943,1408,1
8793,205560,62307,1408,1
8794,209230,63434,1408,1
8795,208328,63146,1408,1
8796,222118,67565,1408,1
8797,209752,63590,1408,1
8798,217396,65914,1408,1
8799,192552,58380,1408,1
8800,234274,71071,1408,1
8801,237978,72135,1408,1
8802,287624,87541,1408,1
8803,232410,70452,1408,1
8804,233720,70856,1408,1
8805,216530,65655,1408,1
8806,219766,66626,1408,1
8807,188760,57241,1408,1
8808,192464,58337,1408,1
8809,192070,58244,1408,1
8810,221172,67077,1408,1
8811,217030,65800,1408,1
8812,213204,64644,1408,1
8813,204016,61855,1408,1
8814,200280,60704,1408,1
8815,221206,67044,1408,1
8816,219706,66599,1408,1
8817,206062,62464,1408,1
8818,206478,62606,1408,1
8819,441788,133872,1408,1
8820,267818,81212,1408,1
8821,524410,160064,1408,1
8822,204412,61979,1408,1
8823,199420,60452,1408,1
8824,219296,66494,1408,1
8825,226816,68755,1408,1
8826,215770,65418,1408,1
8827,220832,66959,1408,1
8828,200154,60878,1408,1
8829,152104,46118,1408,1
8830,152658,46286,1408,1
8831,156958,47674,1408,1
8832,217134,65825,1408,1
8833,162440,49270,1408,1
8834,154080,46718,1408,1
8835,154504,46844,1408,1
8836,152046,46105,1408,1
8837,195852,59384,1408,1
8838,154342,46799,1408,1
8839,154716,46909,1408,1
8840,157602,47786,1408,1
8841,142360,43139,1408,1
8842,152952,46374,1408,1
8843,152554,46255,1408,1
8844,151226,45851,1408,1
8845,170850,51821,1408,1
8846,142284,43131,1408,1
8847,136054,41255,1408,1
8848,137712,41731,1408,1
8849,136078,41247,1408,1
8850,136154,41271,1408,1
8851,138292,41937,1408,1
8852,208776,63299,1408,1
8853,137988,41844,1408,1
8854,137066,41562,1408,1
8855,133050,40329,1408,1
8856,133544,40466,1408,1
8857,133478,40476,1408,1
8858,133970,40624,1408,1
8859,132558,40184,1408,1
8860,154808,46962,1408,1
8861,134968,40925,1408,1
8862,136624,41428,1408,1
8863,132194,40084,1408,1
8864,129192,39150,1408,1
8865,130352,39524,1408,1
8866,128732,39034,1408,1
8867,128322,38899,1408,1
8868,127954,38775,1408,1
8869,129868,39352,1408,1
8870,130534,39579,1408,1
8871,132430,40153,1408,1
8872,130064,39438,1408,1
8873,131872,39980,1408,1
8874,130460,39547,1408,1
8875,133786,40554,1408,1
8876,129300,39205,1408,1
8877,131358,39831,1408,1
8878,132334,40123,1408,1
8879,130938,39705,1408,1
8880,147212,44634,1408,1
8881,134044,40645,1408,1
8882,135880,41204,1408,1
8883,131132,39741,1408,1
8884,130930,39704,1408,1
8885,142368,43162,1408,1
8886,149782,45431,1408,1
8887,140818,42695,1408,1
8888,139284,42230,1408,1
8889,139718,42363,1408,1
8890,139496,42283,1408,1
8891,139646,42341,1408,1
8892,140314,42545,1408,1
8893,140834,42700,1408,1
8894,140728,42668,1408,1
8895,140174,42474,1408,1
8896,136412,41357,1408,1
8897,136332,41338,1408,1
8898,135082,40956,1408,1
8899,134318,40725,1408,1
8900,245262,74341,1408,1
8901,249728,75965,1408,1
8902,184104,55813,1408,1
8903,144178,43738,1408,1
8904,176454,53511,1408,1
8905,130996,39719,1408,1
8906,129146,39142,1408,1
8907,201408,61076,1408,1
8908,180772,54811,1408,1
8909,129308,39184,1408,1
8910,148504,45026,1408,1
8911,129686,39415,1408,1
8912,173518,52619,1408,1
8913,154898,46983,1408,1
8914,188208,57026,1408,1
8915,131654,39906,1408,1
8916,130060,39439,1408,1
8917,128190,38862,1408,1
8918,199910,60607,1408,1
8919,129760,39335,1408,1
8920,137232,41614,1408,1
8921,129408,39237,1408,1
8922,129774,39350,1408,1
8923,133448,40462,1408,1
8924,133202,40470,1408,1
8925,207734,62985,1408,1
8926,142314,43148,1408,1
8927,141176,42946,1408,1
8928,140604,42627,1408,1
8929,140428,42564,1408,1
8930,140806,42688,1408,1
8931,175836,53320,1408,1
8932,143850,43620,1408,1
8933,139264,42220,1408,1
8934,142516,43211,1408,1
8935,146500,44389,1408,1
8936,145274,44046,1408,1
8937,147680,44771,1408,1
8938,250796,76032,1408,1
8939,146068,44290,1408,1
8940,160408,48647,1408,1
8941,338466,102563,1408,1
8942,136346,41330,1408,1
8943,136576,41386,1408,1
8944,137468,41683,1408,1
8945,156184,47378,1408,1
8946,134956,40907,1408,1
8947,133850,40590,1408,1
8948,132934,40283,1408,1
8949,133552,40489,1408,1
8950,132514,40172,1408,1
8951,131908,39987,1408,1
8952,134274,40699,1408,1
8953,130966,39709,1408,1
8954,130008,39409,1408,1
8955,129170,39156,1408,1
8956,128134,38839,1408,1
8957,128668,39003,1408,1
8958,130108,39441,1408,1
8959,131530,39885,1408,1
8960,130120,39440,1408,1
8961,192586,58426,1408,1
8962,140120,42484,1408,1
8963,212166,64318,1408,1
8964,192490,58363,1408,1
8965,134228,40707,1408,1
8966,131782,39958,1408,1
8967,129914,39368,1408,1
8968,130108,39438,1408,1
8969,131312,39803,1408,1
8970,132444,40131,1408,1
8971,131664,39925,1408,1
8972,129820,39340,1408,1
8973,135670,41123,1408,1
8974,131204,39785,1408,1
8975,129912,39380,1408,1
8976,129520,39259,1408,1
8977,130692,39615,1408,1
8978,130908,39669,1408,1
8979,174170,52812,1408,1
8980,131522,39880,1408,1
8981,175580,53239,1408,1
8982,130704,39637,1408,1
8983,131080,39736,1408,1
8984,131512,39876,1408,1
8985,130562,39587,1408,1
8986,127784,38722,1408,1
8987,129230,39185,1408,1
8988,130286,39604,1408,1
8989,131342,39826,1408,1
8990,129216,39170,1408,1
8991,130418,39545,1408,1
8992,130070,39427,1408,1
8993,130636,39589,1408,1
8994,134002,40605,1408,1
8995,130022,39402,1408,1
8996,129724,39311,1408,1
8997,215570,65350,1408,1
8998,156124,47354,1408,1
8999,154182,46758,1408,1
9000,133886,40602,1408,1
9001,595911,180953,1408,1
9002,179458,54414,1408,1
9003,212114,64304,1408,1
9004,142200,43115,1408,1
9005,135462,41075,1408,1
9006,131060,39716,1408,1
9007,177090,53691,1408,1
9008,164814,49959,1408,1
9009,145424,44073,1408,1
9010,144678,43859,1408,1
9011,149164,45732,1408,1
9012,131286,39782,1408,1
9013,131066,39729,1408,1
9014,131018,39717,1408,1
9015,134154,40676,1408,1
9016,132890,40279,1408,1
9017,134634,40823,1408,1
9018,133104,40346,1408,1
9019,131776,39958,1408,1
9020,129284,39205,1408,1
9021,143826,43611,1408,1
9022,129458,39245,1408,1
9023,128944,39097,1408,1
9024,127772,38749,1408,1
9025,133512,40486,1408,1
9026,134248,40710,1408,1
9027,132694,40235,1408,1
9028,132140,40044,1408,1
9029,133930,40609,1408,1
9030,132450,40148,1408,1
9031,133008,40326,1408,1
9032,132346,40109,1408,1
9033,133480,40472,1408,1
9034,133316,40429,1408,1
9035,136382,41339,1408,1
9036,136620,41400,1408,1
9037,136052,41231,1408,1
9038,136624,41430,1408,1
9039,137300,41609,1408,1
9040,137946,41801,1408,1
9041,143132,43405,1408,1
9042,174638,52925,1408,1
9043,208094,63054,1408,1
9044,155684,47180,1408,1
9045,141536,42919,1408,1
9046,139646,42341,1408,1
9047,138194,41903,1408,1
9048,137936,41823,1408,1
9049,148328,44967,1408,1
9050,138564,42012,1408,1
9051,139110,42168,1408,1
9052,162594,49306,1408,1
9053,143750,43584,1408,1
9054,175616,53415,1408,1
9055,139828,42383,1408,1
9056,136690,41433,1408,1
9057,138584,42024,1408,1
9058,137616,41716,1408,1
9059,138192,41898,1408,1
9060,136022,41240,1408,1
9061,171760,52082,1408,1
9062,189944,57575,1408,1
9063,156780,47535,1408,1
9064,191708,58089,1408,1
9065,205740,62397,1408,1
9066,151558,45949,1408,1
9067,153118,46444,1408,1
9068,147248,44644,1408,1
9069,144932,43931,1408,1
9070,145886,44220,1408,1
9071,144234,43704,1408,1
9072,143104,43373,1408,1
9073,201098,60975,1408,1
9074,146364,44361,1408,1
9075,144172,43710,1408,1
9076,144138,43707,1408,1
9077,186864,56659,1408,1
9078,148928,45156,1408,1
9079,144584,43839,1408,1
9080,223590,67762,1408,1
9081,225592,68460,1408,1
9082,221512,67163,1408,1
9083,146628,44455,1408,1
9084,165286,50122,1408,1
9085,275796,83600,1408,1
9086,220644,66897,1408,1
9087,205692,62363,1408,1
9088,219994,66705,1408,1
9089,223134,67663,1408,1
9090,207870,62991,1408,1
9091,222514,67606,1408,1
9092,227692,68994,1408,1
9093,215850,65444,1408,1
9094,207598,62910,1408,1
9095,221454,67385,1408,1
9096,222280,67384,1408,1
9097,323291,98973,1408,1
9098,137770,41772,1408,1
9099,135574,41093,1408,1
9100,189792,57542,1408,1
9101,259904,78798,1408,1
9102,200370,60747,1408,1
9103,193806,58762,1408,1
9104,147280,44657,1408,1
9105,219996,66718,1408,1
9106,184136,55841,1408,1
9107,165084,50061,1408,1
9108,247678,75089,1408,1
9109,234510,71094,1408,1
9110,249220,75538,1408,1
9111,210254,63742,1408,1
9112,209656,63585,1408,1
9113,372426,112860,1408,1
9114,303630,92026,1408,1
9115,211924,64249,1408,1
9116,194390,58937,1408,1
9117,199254,60418,1408,1
9118,230628,69906,1408,1
9119,230368,69920,1408,1
9120,143684,43561,1408,1
9121,243676,73891,1408,1
9122,172936,52445,1408,1
9123,275976,83658,1408,1
9124,215284,65261,1408,1
9125,222142,67363,1408,1
9126,200266,60861,1408,1
9127,210942,63969,1408,1
9128,151696,45988,1408,1
9129,148804,45119,1408,1
9130,149076,45199,1408,1
9131,164246,49818,1408,1
9132,204864,62157,1408,1
9133,425582,129288,1408,1
9134,233932,70993,1408,1
9135,222590,67471,1408,1
9136,207874,63022,1408,1
9137,209934,63647,1408,1
9138,208704,63275,1408,1
9139,195648,59326,1408,1
9140,227712,69029,1408,1
9141,328686,99633,1408,1
9142,204260,62288,1408,1
9143,214136,64931,1408,1
9144,254110,77051,1408,1
9145,210846,63932,1408,1
9146,19554416,5923104,1408,1
9147,267078,81069,1408,1
9148,232078,70360,1408,1
9149,223008,67628,1408,1
9150,258654,78411,1408,1
9151,339364,102871,1408,1
9152,235944,71529,1408,1
9153,248262,75251,1408,1
9154,257126,77946,1408,1
9155,189714,57545,1408,1
9156,189126,57342,1408,1
9157,211174,64044,1408,1
9158,205142,62214,1408,1
9159,209110,63405,1408,1
9160,225074,68229,1408,1
9161,154156,46738,1408,1
9162,153000,46387,1408,1
9163,152554,46252,1408,1
9164,234074,70990,1408,1
9165,240820,73010,1408,1
9166,237182,71907,1408,1
9167,157576,47775,1408,1
9168,152444,46221,1408,1
9169,238684,72361,1408,1
9170,257298,77994,1408,1
9171,234866,71212,1408,1
9172,233930,70922,1408,1
9173,243358,73776,1408,1
9174,157744,47828,1408,1
9175,154326,46790,1408,1
9176,153312,46566,1408,1
9177,209084,63400,1408,1
9178,153266,46470,1408,1
9179,391484,118868,1408,1
9180,285876,86668,1408,1
9181,406996,123763,1408,1
9182,156064,47316,1408,1
9183,413922,125427,1408,1
9184,243180,73734,1408,1
9185,239496,72617,1408,1
9186,243872,73935,1408,1
9187,242780,73613,1408,1
9188,236546,71703,1408,1
9189,623556,188917,1408,1
9190,223586,67793,1408,1
9191,266988,80958,1408,1
9192,218620,66294,1408,1
9193,180746,54816,1408,1
9194,160294,48628,1408,1
9195,177304,53765,1408,1
9196,153128,46426,1408,1
9197,154852,46934,1408,1
9198,256220,77667,1408,1
9199,166574,50493,1408,1
9200,233090,70659,1408,1
9201,160952,49097,1408,1
9202,155070,47015,1408,1
9203,154028,46703,1408,1
9204,147710,44800,1408,1
9205,144340,43738,1408,1
9206,143076,43386,1408,1
9207,143734,43554,1408,1
9208,142992,43330,1408,1
9209,138184,41887,1408,1
9210,165450,50174,1408,1
9211,228172,69177,1408,1
9212,187136,56750,1408,1
9213,137562,41709,1408,1
9214,138972,42113,1408,1
9215,141698,42962,1408,1
9216,136232,41310,1408,1
9217,139318,42368,1408,1
9218,139318,42227,1408,1
9219,138504,42067,1408,1
9220,170896,51820,1408,1
9221,191776,58155,1408,1
9222,392526,118942,1408,1
9223,161200,48874,1408,1
9224,183018,55499,1408,1
9225,214380,64990,1408,1
9226,322816,97843,1408,1
9227,149426,45307,1408,1
9228,147992,44869,1408,1
9229,148304,44964,1408,1
9230,138638,42039,1408,1
9231,136992,41526,1408,1
9232,136760,41458,1408,1
9233,136966,41505,1408,1
9234,233280,70737,1408,1
9235,221928,67273,1408,1
9236,241094,73085,1408,1
9237,220766,66917,1408,1
9238,141188,42815,1408,1
9239,209452,63503,1408,1
9240,154912,46971,1408,1
9241,138296,41933,1408,1
9242,138070,41851,1408,1
9243,137596,41699,1408,1
9244,186204,56467,1408,1
9245,135562,41080,1408,1
9246,136410,41336,1408,1
9247,135032,40932,1408,1
9248,207026,62764,1408,1
9249,136174,41290,1408,1
9250,137584,41717,1408,1
9251,137050,41556,1408,1
9252,136588,41414,1408,1
9253,217422,65922,1408,1
9254,153822,46632,1408,1
9255,249240,75547,1408,1
9256,137060,41557,1408,1
9257,135702,41151,1408,1
9258,136412,41347,1408,1
9259,134674,40833,1408,1
9260,186426,56522,1408,1
9261,139762,42371,1408,1
9262,138790,42083,1408,1
9263,158598,48097,1408,1
9264,147706,44804,1408,1
9265,180404,54667,1408,1
9266,219134,66421,1408,1
9267,138648,42037,1408,1
9268,181982,55161,1408,1
9269,212840,64518,1408,1
9270,167658,50853,1408,1
9271,160558,48693,1408,1
9272,184584,56034,1408,1
9273,194088,58848,1408,1
9274,143120,43392,1408,1
9275,142802,43298,1408,1
9276,185502,56242,1408,1
9277,174644,52953,1408,1
9278,201656,61138,1408,1
9279,181882,55148,1408,1
9280,157578,47799,1408,1
9281,141162,42799,1408,1
9282,187248,56758,1408,1
9283,141044,42764,1408,1
9284,158254,47998,1408,1
9285,183308,55569,1408,1
9286,172028,52163,1408,1
9287,144208,43722,1408,1
9288,141966,43045,1408,1
9289,166032,50352,1408,1
9290,142480,43200,1408,1
9291,155600,47154,1408,1
9292,133282,40411,1408,1
9293,130732,39628,1408,1
9294,130588,39583,1408,1
9295,200354,60729,1408,1
9296,129822,39340,1408,1
9297,178344,54057,1408,1
9298,132504,40179,1408,1
9299,207644,62953,1408,1
9300,147820,44832,1408,1
9301,129970,39395,1408,1
9302,130084,39430,1408,1
9303,131546,39884,1408,1
9304,143130,43395,1408,1
9305,144428,43795,1408,1
9306,193106,58551,1408,1
9307,145184,44013,1408,1
9308,149738,45404,1408,1
9309,139780,42380,1408,1
9310,141788,42986,1408,1
9311,185284,56164,1408,1
9312,141490,42904,1408,1
9313,205932,62431,1408,1
9314,282032,85482,1408,1
9315,217264,65857,1408,1
9316,222558,67473,1408,1
9317,198682,60278,1408,1
9318,348914,105806,1408,1
9319,144690,43853,1408,1
9320,270472,82017,1408,1
9321,190666,57812,1408,1
9322,142022,43060,1408,1
9323,220416,66820,1408,1
9324,278380,84373,1408,1
9325,220776,66938,1408,1
9326,198346,60146,1408,1
9327,198930,60321,1408,1
9328,224402,68032,1408,1
9329,216732,65710,1408,1
9330,226920,68788,1408,1
9331,239452,72595,1408,1
9332,137094,41568,1408,1
9333,135458,41071,1408,1
9334,138756,42075,1408,1
9335,135954,41212,1408,1
9336,133124,40352,1408,1
9337,184242,55936,1408,1
9338,136028,41237,1408,1
9339,151418,45911,1408,1
9340,136990,41538,1408,1
9341,137292,41731,1408,1
9342,133488,40463,1408,1
9343,165676,50248,1408,1
9344,241782,73297,1408,1
9345,215924,65448,1408,1
9346,214352,64980,1408,1
9347,193348,58613,1408,1
9348,168150,51000,1408,1
9349,146644,44465,1408,1
9350,145366,44076,1408,1
9351,216196,65538,1408,1
9352,216662,65694,1408,1
9353,137046,41554,1408,1
9354,141026,42760,1408,1
9355,222180,67356,1408,1
9356,164438,49882,1408,1
9357,153762,46622,1408,1
9358,221584,67177,1408,1
9359,203260,61657,1408,1
9360,306347,93112,1408,1
9361,275274,83438,1408,1
9362,145216,44027,1408,1
9363,148272,44956,1408,1
9364,148858,45134,1408,1
9365,147838,44822,1408,1
9366,147034,44581,1408,1
9367,147206,44634,1408,1
9368,151528,45940,1408,1
9369,145958,44251,1408,1
9370,148934,45153,1408,1
9371,147902,44846,1408,1
9372,222694,67513,1408,1
9373,136680,41442,1408,1
9374,133578,40508,1408,1
9375,134098,40666,1408,1
9376,132716,40246,1408,1
9377,132476,40157,1408,1
9378,133290,40406,1408,1
9379,143320,43458,1408,1
9380,133046,40345,1408,1
9381,133670,40519,1408,1
9382,133440,40458,1408,1
9383,147508,44725,1408,1
9384,143788,43572,1408,1
9385,144264,43736,1408,1
9386,143286,43444,1408,1
9387,143830,43596,1408,1
9388,143258,43440,1408,1
9389,142166,43103,1408,1
9390,144920,43941,1408,1
9391,145512,44122,1408,1
9392,143720,43574,1408,1
9393,147806,44889,1408,1
9394,210866,63926,1408,1
9395,136318,41332,1408,1
9396,170060,51568,1408,1
9397,172182,52224,1408,1
9398,179506,54432,1408,1
9399,177838,53889,1408,1
9400,188178,57062,1408,1
9401,212636,64464,1408,1
9402,135432,41050,1408,1
9403,221606,67212,1408,1
9404,220116,66731,1408,1
9405,220824,66917,1408,1
9406,210150,63784,1408,1
9407,235870,71503,1408,1
9408,217880,66077,1408,1
9409,224316,68018,1408,1
9410,239206,72515,1408,1
9411,225340,68305,1408,1
9412,242832,73617,1408,1
9413,141702,43048,1408,1
9414,245084,74329,1408,1
9415,242478,73515,1408,1
9416,185440,56233,1408,1
9417,179462,54424,1408,1
9418,205516,62404,1408,1
9419,1505211,456333,1408,1
9420,582920,176783,1408,1
9421,208382,63172,1408,1
9422,216960,65785,1408,1
9423,261212,79197,1408,1
9424,235856,71489,1408,1
9425,237494,71973,1408,1
9426,192746,58461,1408,1
9427,191930,58199,1408,1
9428,193778,58762,1408,1
9429,195662,59329,1408,1
9430,192714,58423,1408,1
9431,188222,57082,1408,1
9432,207520,62926,1408,1
9433,230404,69855,1408,1
9434,181654,55145,1408,1
9435,197576,59916,1408,1
9436,194382,58926,1408,1
9437,202290,61344,1408,1
9438,214958,65993,1408,1
9439,203284,61667,1408,1
9440,182036,55255,1408,1
9441,257746,78340,1408,1
9442,170362,51660,1408,1
9443,238282,72257,1408,1
9444,241316,73145,1408,1
9445,252888,76665,1408,1
9446,307694,93278,1408,1
9447,234414,71053,1408,1
9448,261338,79207,1408,1
9449,171154,51930,1408,1
9450,172266,52214,1408,1
9451,191968,58168,1408,1
9452,287938,87309,1408,1
9453,269588,81729,1408,1
9454,219534,66573,1408,1
9455,184432,55929,1408,1
9456,142626,43252,1408,1
9457,145368,44061,1408,1
9458,144412,43784,1408,1
9459,217466,65955,1408,1
9460,221356,67104,1408,1
9461,240826,73001,1408,1
9462,225510,68369,1408,1
9463,210696,63882,1408,1
9464,172026,52174,1408,1
9465,187038,56695,1408,1
9466,160116,48549,1408,1
9467,153430,46524,1408,1
9468,154416,46816,1408,1
9469,149910,45454,1408,1
9470,163050,49711,1408,1
9471,290600,88075,1408,1
9472,148912,45148,1408,1
9473,199852,60604,1408,1
9474,151994,46081,1408,1
9475,220458,66840,1408,1
9476,356768,108148,1408,1
9477,140492,42586,1408,1
9478,158198,47980,1408,1
9479,139034,42142,1408,1
9480,138046,41845,1408,1
9481,137166,41580,1408,1
9482,139442,42284,1408,1
9483,138138,41888,1408,1
9484,138456,41982,1408,1
9485,166560,50519,1408,1
9486,147060,44665,1408,1
9487,137562,41708,1408,1
9488,153894,46681,1408,1
9489,149780,45413,1408,1
9490,245730,74491,1408,1
9491,216750,65712,1408,1
9492,237300,71933,1408,1
9493,257372,78008,1408,1
9494,201292,61045,1408,1
9495,203456,61686,1408,1
9496,226574,68709,1408,1
9497,210922,63945,1408,1
9498,151960,46090,1408,1
9499,134574,40794,1408,1
9500,142712,43376,1408,1
9501,212378,64369,1408,1
9502,213870,64863,1408,1
9503,216030,65507,1408,1
9504,145652,44156,1408,1
9505,145884,44235,1408,1
9506,194994,59128,1408,1
9507,146194,44327,1408,1
9508,145666,44170,1408,1
9509,147556,44735,1408,1
9510,143944,43641,1408,1
9511,145944,44248,1408,1
9512,144368,43774,1408,1
9513,145738,44187,1408,1
9514,146380,44381,1408,1
9515,146784,44503,1408,1
9516,144294,43748,1408,1
9517,221468,67134,1408,1
9518,147478,44737,1408,1
9519,135400,41058,1408,1
9520,217294,65881,1408,1
9521,135868,41185,1408,1
9522,137802,41786,1408,1
9523,134168,40666,1408,1
9524,134528,40766,1408,1
9525,293948,89298,1408,1
9526,133430,40444,1408,1
9527,132148,40044,1408,1
9528,133514,40460,1408,1
9529,185140,56124,1408,1
9530,134998,40935,1408,1
9531,181736,55094,1408,1
9532,139470,42293,1408,1
9533,133420,40456,1408,1
9534,136500,41392,1408,1
9535,133380,40434,1408,1
9536,134832,40885,1408,1
9537,136776,41471,1408,1
9538,145984,44275,1408,1
9539,138730,42063,1408,1
9540,274644,83571,1408,1
9541,155374,47147,1408,1
9542,143094,43382,1408,1
9543,139882,42405,1408,1
9544,139286,42231,1408,1
9545,144356,43750,1408,1
9546,139346,42250,1408,1
9547,139776,42380,1408,1
9548,138866,42107,1408,1
9549,184794,56033,1408,1
9550,141206,42814,1408,1
9551,139122,42180,1408,1
9552,184858,56038,1408,1
9553,143418,43485,1408,1
9554,141790,42987,1408,1
9555,143646,43554,1408,1
9556,139772,42464,1408,1
9557,141444,42884,1408,1
9558,166802,50588,1408,1
9559,138486,41992,1408,1
9560,137732,41762,1408,1
9561,140078,42471,1408,1
9562,131166,39777,1408,1
9563,129570,39274,1408,1
9564,129414,39242,1408,1
9565,135558,41084,1408,1
9566,130566,39590,1408,1
9567,130838,39674,1408,1
9568,130126,39436,1408,1
9569,165492,50185,1408,1
9570,134772,40862,1408,1
9571,130396,39524,1408,1
9572,131006,39722,1408,1
9573,130292,39496,1408,1
9574,129470,39243,1408,1
9575,209718,63582,1408,1
9576,159830,48475,1408,1
9577,129908,39364,1408,1
9578,209922,63649,1408,1
9579,221944,67285,1408,1
9580,205850,62408,1408,1
9581,204230,61921,1408,1
9582,144882,43930,1408,1
9583,144232,43732,1408,1
9584,155006,47008,1408,1
9585,146740,44489,1408,1
9586,151528,45936,1408,1
9587,146346,44369,1408,1
9588,145378,44084,1408,1
9589,145008,43950,1408,1
9590,146616,44452,1408,1
9591,181120,54920,1408,1
9592,145222,44033,1408,1
9593,144744,43885,1408,1
9594,158934,48197,1408,1
9595,198400,60151,1408,1
9596,148680,45079,1408,1
9597,147626,44757,1408,1
9598,366997,111940,1408,1
9599,231660,70255,1408,1
9600,154696,46915,1408,1
9601,145666,44159,1408,1
9602,218726,66310,1408,1
9603,216542,65659,1408,1
9604,217412,65909,1408,1
9605,212370,64366,1408,1
9606,146816,44511,1408,1
9607,186176,56449,1408,1
9608,150240,45551,1408,1
9609,221772,67235,1408,1
9610,145414,44088,1408,1
9611,206654,62667,1408,1
9612,144666,43863,1408,1
9613,192522,58370,1408,1
9614,234086,70963,1408,1
9615,215286,65273,1408,1
9616,202690,61442,1408,1
9617,232678,70741,1408,1
9618,243522,73854,1408,1
9619,213660,64768,1408,1
9620,159012,48233,1408,1
9621,205294,62232,1408,1
9622,224548,68087,1408,1
9623,222758,67539,1408,1
9624,224590,68073,1408,1
9625,238542,72323,1408,1
9626,231230,70319,1408,1
9627,240690,72956,1408,1
9628,219898,66665,1408,1
9629,148940,45162,1408,1
9630,148166,44920,1408,1
9631,185390,56204,1408,1
9632,224212,67984,1408,1
9633,220324,66781,1408,1
9634,147812,44815,1408,1
9635,185624,56260,1408,1
9636,144356,43765,1408,1
9637,213670,64886,1408,1
9638,161734,49045,1408,1
9639,147914,44850,1408,1
9640,163318,49524,1408,1
9641,195180,59180,1408,1
9642,215988,65505,1408,1
9643,228586,69284,1408,1
9644,136176,41295,1408,1
9645,134786,40855,1408,1
9646,135664,41137,1408,1
9647,301844,91699,1408,1
9648,213494,64694,1408,1
9649,215630,65358,1408,1
9650,220806,66937,1408,1
9651,222750,67489,1408,1
9652,135352,41015,1408,1
9653,135360,41044,1408,1
9654,138496,41996,1408,1
9655,308800,93720,1408,1
9656,139790,42370,1408,1
9657,137032,41525,1408,1
9658,149528,45894,1408,1
9659,137404,41663,1408,1
9660,193528,58684,1408,1
9661,192034,58192,1408,1
9662,151906,46057,1408,1
9663,2292232,694422,1408,1
9664,180992,54887,1408,1
9665,205012,62155,1408,1
9666,182000,55184,1408,1
9667,197752,59956,1408,1
9668,200090,60669,1408,1
9669,218516,66227,1408,1
9670,200550,60809,1408,1
9671,274373,83582,1408,1
9672,1586044,480730,1408,1
9673,149054,45194,1408,1
9674,145642,44158,1408,1
9675,182182,55241,1408,1
9676,145484,44112,1408,1
9677,144810,43904,1408,1
9678,148524,45048,1408,1
9679,130750,39633,1408,1
9680,210086,63690,1408,1
9681,268778,81633,1408,1
9682,183612,55671,1408,1
9683,143252,43429,1408,1
9684,218688,66312,1408,1
9685,214116,64927,1408,1
9686,245272,74444,1408,1
9687,140328,42534,1408,1
9688,139856,42393,1408,1
9689,141184,42792,1408,1
9690,139840,42385,1408,1
9691,156120,47353,1408,1
9692,142100,43087,1408,1
9693,138332,42019,1408,1
9694,142214,43116,1408,1
9695,175676,53277,1408,1
9696,207120,62796,1408,1
9697,235580,71422,1408,1
9698,257554,78089,1408,1
9699,236712,71769,1408,1
9700,237530,71988,1408,1
9701,232328,70432,1408,1
9702,221314,67112,1408,1
9703,213776,64811,1408,1
9704,318759,96961,1408,1
9705,222008,67306,1408,1
9706,205536,62309,1408,1
9707,218098,66117,1408,1
9708,309200,93704,1408,1
9709,192700,58440,1408,1
9710,270980,82283,1408,1
9711,277240,84032,1408,1
9712,223438,67784,1408,1
9713,224658,68111,1408,1
9714,731388,221647,1408,1
9715,302346,91899,1408,1
9716,230324,69843,1408,1
9717,205690,62372,1408,1
9718,371284,112569,1408,1
9719,247408,74992,1408,1
9720,219178,66453,1408,1
9721,153684,46602,1408,1
9722,226726,68731,1408,1
9723,235892,71586,1408,1
9724,252706,76602,1408,1
9725,474930,144577,1408,1
9726,263720,80275,1408,1
9727,233330,70780,1408,1
9728,168096,50982,1408,1
9729,218068,66114,1408,1
9730,223660,67802,1408,1
9731,227198,68885,1408,1
9732,242496,73505,1408,1
9733,240346,72866,1408,1
9734,234774,71172,1408,1
9735,252694,76994,1408,1
9736,232592,70603,1408,1
9737,172232,52227,1408,1
9738,154538,46859,1408,1
9739,153560,46559,1408,1
9740,208030,63075,1408,1
9741,235512,71490,1408,1
9742,217278,65870,1408,1
9743,202916,61490,1408,1
9744,213092,64603,1408,1
9745,224470,68049,1408,1
9746,229902,69716,1408,1
9747,149356,45285,1408,1
9748,148354,44983,1408,1
9749,240322,72863,1408,1
9750,275420,84679,1408,1
9751,245876,74516,1408,1
9752,212614,64437,1408,1
9753,219806,66620,1408,1
9754,371018,112545,1408,1
9755,244632,74169,1408,1
9756,233020,70642,1408,1
9757,265400,80461,1408,1
9758,231284,70118,1408,1
9759,241366,73171,1408,1
9760,238478,72306,1408,1
9761,212718,64491,1408,1
9762,248948,75467,1408,1
9763,155658,47196,1408,1
9764,159776,48448,1408,1
9765,156320,47392,1408,1
9766,154576,46852,1408,1
9767,156214,47338,1408,1
9768,214218,64945,1408,1
9769,155620,47183,1408,1
9770,153576,46629,1408,1
9771,155536,47158,1408,1
9772,173550,52591,1408,1
9773,155106,47014,1408,1
9774,227636,69022,1408,1
9775,153594,46570,1408,1
9776,204912,62123,1408,1
9777,227604,69003,1408,1
9778,209762,63604,1408,1
9779,235788,71492,1408,1
9780,214876,65124,1408,1
9781,231436,70154,1408,1
9782,144438,43800,1408,1
9783,143526,43518,1408,1
9784,142866,43291,1408,1
9785,142630,43250,1408,1
9786,183964,55790,1408,1
9787,148086,44899,1408,1
9788,150622,45668,1408,1
9789,151684,45960,1408,1
9790,151620,45970,1408,1
9791,151148,45833,1408,1
9792,151052,45797,1408,1
9793,150270,45563,1408,1
9794,148640,45066,1408,1
9795,150188,45524,1408,1
9796,152374,46182,1408,1
9797,161578,49042,1408,1
9798,230328,69861,1408,1
9799,153854,46648,1408,1
9800,148724,45096,1408,1
9801,151108,45817,1408,1
9802,227538,68988,1408,1
9803,171502,52021,1408,1
9804,185052,56115,1408,1
9805,140254,42527,1408,1
9806,139352,42241,1408,1
9807,155458,47129,1408,1
9808,267386,81057,1408,1
9809,240508,72915,1408,1
9810,231414,70162,1408,1
9811,180318,54678,1408,1
9812,236638,71693,1408,1
9813,234790,71188,1408,1
9814,147608,44756,1408,1
9815,145896,44236,1408,1
9816,144806,43906,1408,1
9817,147868,44828,1408,1
9818,132308,40094,1408,1
9819,131624,39888,1408,1
9820,133056,40334,1408,1
9821,177854,53947,1408,1
9822,191362,58020,1408,1
9823,137346,41646,1408,1
9824,134896,40890,1408,1
9825,134342,40722,1408,1
9826,133932,40610,1408,1
9827,132978,40311,1408,1
9828,134272,40714,1408,1
9829,141144,42818,1408,1
9830,197474,59883,1408,1
9831,134020,40625,1408,1
9832,133996,40603,1408,1
9833,134492,40782,1408,1
9834,134428,40763,1408,1
9835,132902,40272,1408,1
9836,132062,40030,1408,1
9837,241136,73116,1408,1
9838,228252,69189,1408,1
9839,227236,68894,1408,1
9840,216842,65747,1408,1
9841,231214,70099,1408,1
9842,203170,61608,1408,1
9843,278414,84561,1408,1
9844,138708,42061,1408,1
9845,134002,40618,1408,1
9846,133594,40511,1408,1
9847,247034,74881,1408,1
9848,179134,54573,1408,1
9849,135802,41151,1408,1
9850,135484,41081,1408,1
9851,180356,54696,1408,1
9852,167678,50858,1408,1
9853,145090,43992,1408,1
9854,144468,43800,1408,1
9855,143914,43632,1408,1
9856,144664,43847,1408,1
9857,145926,44246,1408,1
9858,132052,40041,1408,1
9859,132390,40147,1408,1
9860,139064,42177,1408,1
9861,135524,41065,1408,1
9862,146336,44367,1408,1
9863,144000,43667,1408,1
9864,227462,68958,1408,1
9865,141586,42929,1408,1
9866,139712,42362,1408,1
9867,140528,42605,1408,1
9868,139834,42399,1408,1
9869,141626,42940,1408,1
9870,141228,42818,1408,1
9871,140688,42660,1408,1
9872,140430,42580,1408,1
9873,156938,47594,1408,1
9874,189940,57582,1408,1
9875,140498,42593,1408,1
9876,158226,47980,1408,1
9877,148850,45145,1408,1
9878,127628,38687,1408,1
9879,126850,38463,1408,1
9880,126106,38214,1408,1
9881,128326,38910,1408,1
9882,127104,38539,1408,1
9883,126952,38495,1408,1
9884,125334,38006,1408,1
9885,129466,39256,1408,1
9886,128572,38983,1408,1
9887,153416,46510,1408,1
9888,126688,38402,1408,1
9889,126236,38265,1408,1
9890,157460,47716,1408,1
9891,125844,38136,1408,1
9892,211260,64169,1408,1
9893,191204,57985,1408,1
9894,220828,67052,1408,1
9895,211870,64192,1408,1
9896,202294,61323,1408,1
9897,248608,75404,1408,1
9898,202770,61474,1408,1
9899,190780,57848,1408,1
9900,139488,42292,1408,1
9901,197094,59761,1408,1
9902,299020,90725,1408,1
9903,213976,64880,1408,1
9904,192438,58341,1408,1
9905,196428,59569,1408,1
9906,207722,62969,1408,1
9907,190176,57643,1408,1
9908,200460,60779,1408,1
9909,246176,74701,1408,1
9910,143868,43654,1408,1
9911,1324981,401777,1408,1
9912,192700,58417,1408,1
9913,279012,84664,1408,1
9914,193034,58883,1408,1
9915,187836,56945,1408,1
9916,239324,72544,1408,1
9917,145200,44039,1408,1
9918,147324,44676,1408,1
9919,186248,56467,1408,1
9920,139632,42333,1408,1
9921,136578,41410,1408,1
9922,135282,41021,1408,1
9923,135016,40939,1408,1
9924,134944,40917,1408,1
9925,135492,41083,1408,1
9926,127916,38787,1408,1
9927,126398,38313,1408,1
9928,127258,38574,1408,1
9929,125692,38091,1408,1
9930,126298,38296,1408,1
9931,126140,38248,1408,1
9932,125280,37986,1408,1
9933,126132,38234,1408,1
9934,128424,38942,1408,1
9935,126424,38320,1408,1
9936,129416,39215,1408,1
9937,144818,43927,1408,1
9938,123284,37382,1408,1
9939,122962,37273,1408,1
9940,132166,40074,1408,1
9941,122686,37201,1408,1
9942,124128,37640,1408,1
9943,122866,37231,1408,1
9944,121936,36975,1408,1
9945,124500,37753,1408,1
9946,133096,40354,1408,1
9947,204184,61900,1408,1
9948,158116,47953,1408,1
9949,150604,45675,1408,1
9950,131440,39854,1408,1
9951,180002,54581,1408,1
9952,134178,40684,1408,1
9953,130814,39663,1408,1
9954,204216,61908,1408,1
9955,133278,40383,1408,1
9956,131948,40006,1408,1
9957,169404,51383,1408,1
9958,199108,60374,1408,1
9959,196798,59676,1408,1
9960,222500,67467,1408,1
9961,230272,69822,1408,1
9962,127152,38555,1408,1
9963,126274,38276,1408,1
9964,127938,38795,1408,1
9965,128292,38895,1408,1
9966,126552,38372,1408,1
9967,140006,42460,1408,1
9968,128778,39049,1408,1
9969,127300,38589,1408,1
9970,126662,38406,1408,1
9971,126958,38473,1408,1
9972,127696,38706,1408,1
9973,233188,70700,1408,1
9974,199152,60377,1408,1
9975,203362,61652,1408,1
9976,201218,60996,1408,1
9977,214916,65196,1408,1
9978,207168,62821,1408,1
9979,218352,66198,1408,1
9980,205406,62284,1408,1
9981,203916,61803,1408,1
9982,199480,60476,1408,1
9983,131628,39890,1408,1
9984,265220,80385,1408,1
9985,146300,44371,1408,1
9986,129970,39396,1408,1
9987,133036,40339,1408,1
9988,129294,39194,1408,1
9989,129814,39349,1408,1
9990,174260,52826,1408,1
9991,129532,39262,1408,1
9992,129170,39169,1408,1
9993,130172,39472,1408,1
9994,130020,39427,1408,1
9995,129590,39292,1408,1
9996,171398,51953,1408,1
9997,139898,42415,1408,1
9998,128872,39077,1408,1
9999,340277,103516,1408,1
