iter,cycles,time_ns,peak_rss_kb,ok
0,358292,108581,1408,1
1,1432736,434028,1408,1
2,652518,197669,1408,1
3,705944,213845,1408,1
4,357716,108410,1408,1
5,353134,106984,1408,1
6,451908,136927,1408,1
7,495498,150128,1408,1
8,899428,272442,1408,1
9,558704,169266,1408,1
10,524148,158782,1408,1
11,423224,128251,1408,1
12,400280,121272,1408,1
13,450610,136547,1408,1
14,399016,120898,1408,1
15,407934,123604,1408,1
16,604796,183216,1408,1
17,369078,111847,1408,1
18,688706,208646,1408,1
19,344192,104286,1408,1
20,834572,252798,1408,1
21,231818,70257,1408,1
22,689734,208945,1408,1
23,267346,80988,1408,1
24,1666448,505224,1408,1
25,555108,168403,1408,1
26,481058,145878,1408,1
27,4830458,1463142,1408,1
28,1239522,375789,1408,1
29,327298,99190,1408,1
30,391786,118722,1408,1
31,232280,70388,1408,1
32,380364,115212,1408,1
33,1201118,364079,1408,1
34,326330,98890,1408,1
35,330942,100293,1408,1
36,598038,181239,1408,1
37,827758,250893,1408,1
38,342926,103916,1408,1
39,446684,135322,1408,1
40,1219174,369497,1408,1
41,508300,154012,1408,1
42,500962,151774,1408,1
43,383750,116287,1408,1
44,983086,297895,1408,1
45,858928,260167,1408,1
46,365048,110613,1408,1
47,352388,110322,1408,1
48,612834,185643,1408,1
49,1431184,434848,1408,1
50,348174,105484,1408,1
51,699972,212221,1408,1
52,626808,189910,1408,1
53,513752,155657,1408,1
54,722756,218938,1408,1
55,355136,107620,1408,1
56,495476,150114,1408,1
57,375224,113710,1408,1
58,17904373,5422823,1408,1
59,1177558,356664,1408,1
60,685454,207643,1408,1
61,276056,83650,1408,1
62,566190,171574,1408,1
63,451640,136868,1408,1
64,880058,266719,1408,1
65,308040,93362,1408,1
66,666218,201781,1408,1
67,425680,128952,1408,1
68,745336,226147,1408,1
69,466580,141355,1408,1
70,566472,171600,1408,1
71,569032,172381,1408,1
72,341934,103579,1408,1
73,1160634,351537,1408,1
74,427112,129396,1408,1
75,352942,106940,1408,1
76,362744,109917,1408,1
77,800206,242372,1408,1
78,644842,195622,1408,1
79,324054,98182,1408,1
80,377426,114332,1408,1
81,695336,210759,1408,1
82,812624,246183,1408,1
83,349540,105898,1408,1
84,435460,131986,1408,1
85,369302,111916,1408,1
86,787800,238658,1408,1
87,996975,303272,1408,1
88,407068,123358,1408,1
89,543820,164931,1408,1
90,814820,246825,1408,1
91,364608,110492,1408,1
92,912862,276569,1408,1
93,575278,174294,1408,1
94,441816,133878,1408,1
95,376550,114103,1408,1
96,312260,94616,1408,1
97,351484,106517,1408,1
98,342158,103695,1408,1
99,559562,169550,1408,1
100,410228,124300,1408,1
101,426714,129383,1408,1
102,380818,115394,1408,1
103,579614,175577,1408,1
104,933590,282764,1408,1
105,899916,272620,1408,1
106,703912,213468,1408,1
107,565952,171462,1408,1
108,822676,249195,1408,1
109,438772,132940,1408,1
110,630000,190836,1408,1
111,507940,153872,1408,1
112,449584,136210,1408,1
113,624020,189039,1408,1
114,878068,266090,1408,1
115,572252,173378,1408,1
116,827512,250673,1408,1
117,2106030,638610,1408,1
118,1098562,332758,1408,1
119,328754,99630,1408,1
120,1300396,393945,1408,1
121,755772,228946,1408,1
122,1467674,445750,1408,1
123,396388,120094,1408,1
124,358194,108534,1408,1
125,435358,131906,1408,1
126,370386,112243,1408,1
127,436574,132277,1408,1
128,515022,156038,1408,1
129,827002,250503,1408,1
130,396908,120275,1408,1
131,444858,134807,1408,1
132,750398,227315,1408,1
133,378396,114748,1408,1
134,307428,93178,1408,1
135,620654,188036,1408,1
136,453684,137460,1408,1
137,732788,222035,1408,1
138,509200,154547,1408,1
139,349852,106109,1408,1
140,454546,137724,1408,1
141,290002,87883,1408,1
142,378104,114580,1408,1
143,411206,124593,1408,1
144,1312648,397575,1408,1
145,1279528,387530,1408,1
146,461604,139876,1408,1
147,279262,84632,1408,1
148,614058,185979,1408,1
149,266080,80605,1408,1
150,800446,242449,1408,1
151,426386,129190,1408,1
152,280684,85060,1408,1
153,280988,85152,1408,1
154,322774,97811,1408,1
155,278310,84307,1408,1
156,1334554,404326,1408,1
157,283672,85967,1408,1
158,706674,214065,1408,1
159,356740,108085,1408,1
160,231108,70043,1408,1
161,269730,81710,1408,1
162,344492,104346,1408,1
163,384520,116501,1408,1
164,383558,116274,1408,1
165,337926,102387,1408,1
166,335794,101760,1408,1
167,274908,83334,1408,1
168,405416,122849,1408,1
169,636556,192834,1408,1
170,255062,77318,1408,1
171,286656,87024,1408,1
172,407410,123400,1408,1
173,222930,67562,1408,1
174,575608,174424,1408,1
175,906576,274641,1408,1
176,655046,198433,1408,1
177,1351170,409331,1408,1
178,336750,102003,1408,1
179,277274,84011,1408,1
180,316262,95833,1408,1
181,582700,176540,1408,1
182,450670,136629,1408,1
183,253792,76895,1408,1
184,222130,67294,1408,1
185,218870,66317,1408,1
186,256716,77766,1408,1
187,219192,66405,1408,1
188,426162,129136,1408,1
189,294450,89194,1408,1
190,404424,122496,1408,1
191,461976,139955,1408,1
192,491520,148876,1408,1
193,286322,86783,1408,1
194,481578,145900,1408,1
195,579956,175702,1408,1
196,735232,222791,1408,1
197,705736,213781,1408,1
198,539850,163730,1408,1
199,569500,172562,1408,1
200,461438,139774,1408,1
201,310708,94148,1408,1
202,283214,85840,1408,1
203,235590,71400,1408,1
204,352632,106845,1408,1
205,269160,81566,1408,1
206,301616,91371,1408,1
207,460574,139525,1408,1
208,418038,126632,1408,1
209,572508,173445,1408,1
210,217732,65991,1408,1
211,214892,65101,1408,1
212,278982,84513,1408,1
213,536992,162676,1408,1
214,398142,120596,1408,1
215,225632,68383,1408,1
216,222792,67520,1408,1
217,335716,101687,1408,1
218,385016,116715,1408,1
219,482826,146335,1408,1
220,409004,123882,1408,1
221,526016,159504,1408,1
222,410364,124320,1408,1
223,764922,231719,1408,1
224,301130,91228,1408,1
225,590276,178915,1408,1
226,796590,241395,1408,1
227,752484,227932,1408,1
228,565644,171354,1408,1
229,596814,180790,1408,1
230,251058,76082,1408,1
231,751284,227539,1408,1
232,213704,64740,1408,1
233,285734,86625,1408,1
234,254516,77200,1408,1
235,719152,218222,1408,1
236,358004,108487,1408,1
237,557220,168900,1408,1
238,435888,132038,1408,1
239,288918,87520,1408,1
240,394476,119482,1408,1
241,312662,94751,1408,1
242,359600,109031,1408,1
243,684208,207500,1408,1
244,252980,76633,1408,1
245,215744,65388,1408,1
246,361060,109388,1408,1
247,252750,76590,1408,1
248,372424,112928,1408,1
249,276312,83744,1408,1
250,285580,86575,1408,1
251,215352,65265,1408,1
252,205704,62335,1408,1
253,242678,73531,1408,1
254,808644,245030,1408,1
255,245052,74262,1408,1
256,416086,126024,1408,1
257,380726,115319,1408,1
258,476166,144261,1408,1
259,657456,199171,1408,1
260,368070,111529,1408,1
261,2654257,804212,1408,1
262,305780,92647,1408,1
263,328878,99644,1408,1
264,420090,127280,1408,1
265,769252,232977,1408,1
266,251350,76189,1408,1
267,412988,125210,1408,1
268,223328,67685,1408,1
269,556548,168589,1408,1
270,304606,92316,1408,1
271,608552,184400,1408,1
272,626238,189710,1408,1
273,301762,91454,1408,1
274,347404,105252,1408,1
275,337106,102156,1408,1
276,302486,91675,1408,1
277,317638,96273,1408,1
278,489466,148285,1408,1
279,584764,177247,1408,1
280,527876,159932,1408,1
281,866112,262584,1408,1
282,542814,164465,1408,1
283,671146,203599,1408,1
284,294306,89186,1408,1
285,924188,280844,1408,1
286,312498,94700,1408,1
287,703802,213244,1408,1
288,340814,103309,1408,1
289,538364,163093,1408,1
290,662476,200669,1408,1
291,792026,240297,1408,1
292,396064,120025,1408,1
293,242928,73592,1408,1
294,240620,72891,1408,1
295,595281,180714,1408,1
296,963864,292336,1408,1
297,363044,110012,1408,1
298,1237462,375370,1408,1
299,727602,220443,1408,1
300,1610574,488100,1408,1
301,627020,189959,1408,1
302,690922,209289,1408,1
303,602620,182785,1408,1
304,722736,219074,1408,1
305,816656,247666,1408,1
306,1522798,461378,1408,1
307,463180,140332,1408,1
308,574854,174141,1408,1
309,573210,174162,1408,1
310,356172,107940,1408,1
311,597418,180980,1408,1
312,672540,203756,1408,1
313,363922,110282,1408,1
314,407326,123429,1408,1
315,444210,134592,1408,1
316,1048458,317559,1408,1
317,439368,133118,1408,1
318,322948,97865,1408,1
319,439826,133248,1408,1
320,258648,78352,1408,1
321,371488,112574,1408,1
322,414794,125679,1408,1
323,3925376,1189853,1408,1
324,375714,113847,1408,1
325,404222,122451,1408,1
326,669824,202912,1408,1
327,759364,230118,1408,1
328,242256,73419,1408,1
329,273486,82861,1408,1
330,407554,123784,1408,1
331,1640414,497767,1408,1
332,677073,205241,1408,1
333,366726,111128,1408,1
334,471914,142995,1408,1
335,551804,167147,1408,1
336,741554,224722,1408,1
337,273576,82893,1408,1
338,313254,94908,1408,1
339,455526,137983,1408,1
340,580244,175837,1408,1
341,253568,76822,1408,1
342,681472,206482,1408,1
343,222058,67304,1408,1
344,338436,102515,1408,1
345,571162,173014,1408,1
346,564292,170966,1408,1
347,932550,282666,1408,1
348,621234,188178,1408,1
349,366528,111058,1408,1
350,509042,154187,1408,1
351,987014,299546,1408,1
352,681352,206421,1408,1
353,564100,170956,1408,1
354,363184,110052,1408,1
355,555962,168437,1408,1
356,1059378,321542,1408,1
357,5303570,1606517,1408,1
358,404910,283403,1408,1
359,3883203,1176602,1408,1
360,1123522,340308,1408,1
361,651492,197357,1408,1
362,607854,184172,1408,1
363,598886,181439,1408,1
364,1582552,479298,1408,1
365,853592,258562,1408,1
366,589132,178475,1408,1
367,474848,144289,1408,1
368,571522,173396,1408,1
369,432662,131176,1408,1
370,1133214,344209,1408,1
371,859762,260540,1408,1
372,442122,133968,1408,1
373,413412,125256,1408,1
374,545366,165269,1408,1
375,513192,155494,1408,1
376,381350,115531,1408,1
377,714700,216523,1408,1
378,497442,150784,1408,1
379,438198,132795,1408,1
380,446860,135385,1408,1
381,1177012,356943,1408,1
382,541412,164009,1408,1
383,507778,154123,1408,1
384,3863756,1170575,1408,1
385,1790455,542534,1408,1
386,595438,180381,1408,1
387,2384388,722431,1408,1
388,5141803,1557703,1408,1
389,821492,249264,1408,1
390,611250,185175,1408,1
391,514920,156005,1408,1
392,971670,294318,1408,1
393,454556,137843,1408,1
394,584952,177240,1408,1
395,387102,117312,1408,1
396,457416,138609,1408,1
397,620814,188066,1408,1
398,433676,131383,1408,1
399,461994,139997,1408,1
400,1394656,422602,1408,1
401,321224,97347,1408,1
402,2094838,634569,1408,1
403,1499388,454361,1408,1
404,465428,140981,1408,1
405,405074,122710,1408,1
406,820558,248562,1408,1
407,714746,216522,1408,1
408,653124,197876,1408,1
409,246388,74645,1408,1
410,337624,102271,1408,1
411,336384,101894,1408,1
412,296748,89906,1408,1
413,382936,116026,1408,1
414,1495798,453916,1408,1
415,1028272,311472,1408,1
416,722214,218781,1408,1
417,329124,99727,1408,1
418,502618,152266,1408,1
419,341582,103664,1408,1
420,859880,260501,1408,1
421,345472,104643,1408,1
422,428544,129938,1408,1
423,566146,171588,1408,1
424,467466,141724,1408,1
425,512596,155303,1408,1
426,757896,229575,1408,1
427,713498,216145,1408,1
428,396912,120351,1408,1
429,1007576,305170,1408,1
430,400986,121514,1408,1
431,398640,120767,1408,1
432,1419814,430052,1408,1
433,1098404,332700,1408,1
434,766712,232263,1408,1
435,339638,102938,1408,1
436,502646,152285,1408,1
437,399740,121108,1408,1
438,459400,139191,1408,1
439,574576,174021,1408,1
440,690164,209053,1408,1
441,226564,68648,1408,1
442,264378,80100,1408,1
443,548449,166736,1408,1
444,395530,119802,1408,1
445,354272,107342,1408,1
446,425570,128943,1408,1
447,660838,200151,1408,1
448,354458,107411,1408,1
449,580401,175976,1408,1
450,316400,95873,1408,1
451,276862,83869,1408,1
452,238164,72186,1408,1
453,275784,83556,1408,1
454,293996,89098,1408,1
455,359258,108851,1408,1
456,246272,74640,1408,1
457,465416,140973,1408,1
458,304046,92120,1408,1
459,226568,68642,1408,1
460,268120,81247,1408,1
461,252206,76452,1408,1
462,454430,137671,1408,1
463,342510,103773,1408,1
464,347370,105250,1408,1
465,537254,162733,1408,1
466,227280,68867,1408,1
467,269142,81532,1408,1
468,810106,245521,1408,1
469,914618,277244,1408,1
470,690122,209057,1408,1
471,476708,144397,1408,1
472,1808194,548026,1408,1
473,521892,158120,1408,1
474,402340,121923,1408,1
475,484424,146766,1408,1
476,382272,115852,1408,1
477,415920,126206,1408,1
478,793514,240372,1408,1
479,459450,139335,1408,1
480,369352,111941,1408,1
481,710238,215184,1408,1
482,475440,144076,1408,1
483,689862,208979,1408,1
484,557636,168944,1408,1
485,239758,72653,1408,1
486,315676,95642,1408,1
487,237448,71953,1408,1
488,592356,179502,1408,1
489,316766,95953,1408,1
490,738184,223865,1408,1
491,333640,101116,1408,1
492,1301664,394241,1408,1
493,515708,156268,1408,1
494,269824,81769,1408,1
495,286308,86759,1408,1
496,474326,143707,1408,1
497,274028,83041,1408,1
498,464254,140660,1408,1
499,543196,164573,1408,1
500,490610,148640,1408,1
501,429622,130255,1408,1
502,542332,164287,1408,1
503,545658,165315,1408,1
504,308708,93539,1408,1
505,230066,69712,1408,1
506,716828,217127,1408,1
507,847166,256620,1408,1
508,545786,165346,1408,1
509,229454,69546,1408,1
510,717892,217446,1408,1
511,603256,182752,1408,1
512,535978,162381,1408,1
513,482240,146110,1408,1
514,342218,103701,1408,1
515,337446,102241,1408,1
516,467888,141980,1408,1
517,1273290,385813,1408,1
518,305358,92674,1408,1
519,687676,208269,1408,1
520,355832,107907,1408,1
521,780222,236351,1408,1
522,663528,201272,1408,1
523,1085040,328719,1408,1
524,768366,232737,1408,1
525,1045870,316788,1408,1
526,522260,158225,1408,1
527,273002,82712,1408,1
528,272104,82461,1408,1
529,496772,150490,1408,1
530,389370,117964,1408,1
531,464334,140669,1408,1
532,308372,93410,1408,1
533,345314,104696,1408,1
534,364012,110305,1408,1
535,421492,127714,1408,1
536,415038,125796,1408,1
537,234264,70995,1408,1
538,227428,68931,1408,1
539,482488,146161,1408,1
540,256048,77585,1408,1
541,613864,185963,1408,1
542,292708,88690,1408,1
543,291594,88354,1408,1
544,256150,77607,1408,1
545,325372,98647,1408,1
546,248730,75400,1408,1
547,214846,65098,1408,1
548,785174,237816,1408,1
549,321774,97486,1408,1
550,530460,160713,1408,1
551,522394,158267,1408,1
552,478286,144877,1408,1
553,329308,100056,1408,1
554,635288,192437,1408,1
555,762482,230978,1408,1
556,402944,122092,1408,1
557,462114,140014,1408,1
558,353024,106959,1408,1
559,478834,145103,1408,1
560,272256,82498,1408,1
561,268524,81372,1408,1
562,490944,148718,1408,1
563,353290,107146,1408,1
564,1255822,380429,1408,1
565,762702,231031,1408,1
566,506376,153369,1408,1
567,583244,176698,1408,1
568,591460,179230,1408,1
569,393690,119292,1408,1
570,417936,126615,1408,1
571,229696,69613,1408,1
572,272204,82485,1408,1
573,342226,103708,1408,1
574,345192,104571,1408,1
575,644980,195365,1408,1
576,272630,82633,1408,1
577,483836,146577,1408,1
578,368062,111486,1408,1
579,330098,99987,1408,1
580,299100,90635,1408,1
581,218866,66307,1408,1
582,368830,111734,1408,1
583,283868,85991,1408,1
584,246808,74767,1408,1
585,893450,270576,1408,1
586,502230,152140,1408,1
587,546034,165399,1408,1
588,357664,108381,1408,1
589,319898,97002,1408,1
590,247722,75058,1408,1
591,223402,67680,1408,1
592,576234,174565,1408,1
593,283442,85889,1408,1
594,356794,108073,1408,1
595,390354,118234,1408,1
596,1724772,522728,1408,1
597,476092,144240,1408,1
598,1032468,312721,1408,1
599,1083104,328109,1408,1
600,417504,126517,1408,1
601,512626,155324,1408,1
602,971338,294184,1408,1
603,421932,127842,1408,1
604,985052,298571,1408,1
605,517826,157224,1408,1
606,1313508,397791,1408,1
607,574490,174317,1408,1
608,541296,163938,1408,1
609,901592,273082,1408,1
610,409850,124454,1408,1
611,425338,128869,1408,1
612,324068,98177,1408,1
613,324100,98198,1408,1
614,323194,97925,1408,1
615,304590,92305,1408,1
616,664998,201453,1408,1
617,331350,100374,1408,1
618,578398,175231,1408,1
619,583230,176677,1408,1
620,939874,284681,1408,1
621,1859223,563285,1408,1
622,448266,135838,1408,1
623,944442,286071,1408,1
624,1015944,307872,1408,1
625,846936,256503,1408,1
626,409168,123941,1408,1
627,550476,166771,1408,1
628,479270,145212,1408,1
629,598635,181474,1408,1
630,628338,190359,1408,1
631,522070,158153,1408,1
632,341700,103546,1408,1
633,628264,190327,1408,1
634,418028,126749,1408,1
635,462124,140059,1408,1
636,363506,110335,1408,1
637,360908,109830,1408,1
638,286762,86869,1408,1
639,652014,197512,1408,1
640,406534,123193,1408,1
641,905726,274951,1408,1
642,758194,229677,1408,1
643,524914,159028,1408,1
644,498798,151125,1408,1
645,631028,191457,1408,1
646,885584,268384,1408,1
647,753412,228210,1408,1
648,471746,142907,1408,1
649,506802,153519,1408,1
650,841468,254888,1408,1
651,407460,123465,1408,1
652,723684,219555,1408,1
653,2957431,899003,1408,1
654,1550622,470107,1408,1
655,824008,249756,1408,1
656,1010456,306067,1408,1
657,499366,151306,1408,1
658,1041052,315576,1408,1
659,447118,135472,1408,1
660,399442,121025,1408,1
661,963566,292110,1408,1
662,353730,107199,1408,1
663,501642,151987,1408,1
664,570164,172817,1408,1
665,837158,253611,1408,1
666,437018,132521,1408,1
667,500352,151592,1408,1
668,401204,121536,1408,1
669,448060,135758,1408,1
670,504826,152934,1408,1
671,478162,144840,1408,1
672,1314696,398185,1408,1
673,766076,232352,1408,1
674,292142,88507,1408,1
675,741894,224749,1408,1
676,532330,161257,1408,1
677,1025780,310693,1408,1
678,241930,73297,1408,1
679,767694,232549,1408,1
680,627902,190212,1408,1
681,1118362,338753,1408,1
682,507752,153868,1408,1
683,235820,71469,1408,1
684,295436,89542,1408,1
685,246438,74684,1408,1
686,671196,203324,1408,1
687,756010,229053,1408,1
688,802776,243589,1408,1
689,582688,176484,1408,1
690,648714,196943,1408,1
691,298538,90440,1408,1
692,551010,166971,1408,1
693,308500,93460,1408,1
694,767818,232767,1408,1
695,983855,298350,1408,1
696,409298,124019,1408,1
697,344686,104455,1408,1
698,543234,164573,1408,1
699,362746,109927,1408,1
700,597656,181051,1408,1
701,375130,113741,1408,1
702,482142,146071,1408,1
703,573114,173633,1408,1
704,858290,260142,1408,1
705,560550,169839,1408,1
706,639182,193684,1408,1
707,386934,117245,1408,1
708,430478,130426,1408,1
709,1826814,553594,1408,1
710,400226,121262,1408,1
711,679064,205954,1408,1
712,398228,120657,1408,1
713,405774,122963,1408,1
714,420082,127288,1408,1
715,340760,103567,1408,1
716,605350,183370,1408,1
717,345972,104825,1408,1
718,578510,175241,1408,1
719,2372540,718498,1408,1
720,1103660,334282,1408,1
721,903216,273551,1408,1
722,447198,135500,1408,1
723,317484,96221,1408,1
724,234746,71115,1408,1
725,352492,106774,1408,1
726,266158,80679,1408,1
727,438140,133101,1408,1
728,346312,104915,1408,1
729,273650,82899,1408,1
730,1877844,569144,1408,1
731,656772,198920,1408,1
732,614168,186036,1408,1
733,431440,130729,1408,1
734,407620,123478,1408,1
735,328100,99399,1408,1
736,492354,149153,1408,1
737,289368,87690,1408,1
738,5686223,1722900,1408,1
739,1232550,373390,1408,1
740,376414,114083,1408,1
741,501162,151987,1408,1
742,503890,152670,1408,1
743,441002,133670,1408,1
744,696570,211015,1408,1
745,868844,263177,1408,1
746,429960,130284,1408,1
747,714776,216501,1408,1
748,649812,196923,1408,1
749,391978,118763,1408,1
750,676430,204912,1408,1
751,670796,203308,1408,1
752,452732,137158,1408,1
753,1180763,358118,1408,1
754,482572,146184,1408,1
755,470898,142662,1408,1
756,363412,110131,1408,1
757,348676,105663,1408,1
758,569194,172450,1408,1
759,622168,188670,1408,1
760,239602,72585,1408,1
761,241748,73266,1408,1
762,320640,97240,1408,1
763,865936,262720,1408,1
764,400290,121377,1408,1
765,364526,110496,1408,1
766,786092,238324,1408,1
767,598040,181207,1408,1
768,353362,107085,1408,1
769,379970,115107,1408,1
770,264504,80144,1408,1
771,504208,152718,1408,1
772,458576,138908,1408,1
773,602426,182498,1408,1
774,331296,100351,1408,1
775,552326,167294,1408,1
776,480086,145434,1408,1
777,404012,122385,1408,1
778,329894,99943,1408,1
779,440260,133602,1408,1
780,450314,136420,1408,1
781,335520,101692,1408,1
782,504518,152820,1408,1
783,255974,77558,1408,1
784,232274,70367,1408,1
785,284782,86313,1408,1
786,525328,159154,1408,1
787,305306,92512,1408,1
788,266330,80706,1408,1
789,342230,103691,1408,1
790,263506,79850,1408,1
791,860466,260636,1408,1
792,739076,223837,1408,1
793,423348,128274,1408,1
794,600204,181814,1408,1
795,225372,68289,1408,1
796,441462,133978,1408,1
797,789530,239128,1408,1
798,410952,124500,1408,1
799,415718,126014,1408,1
800,218608,66228,1408,1
801,296792,89933,1408,1
802,262438,79542,1408,1
803,426080,129078,1408,1
804,571318,173065,1408,1
805,280532,85036,1408,1
806,258870,78451,1408,1
807,293808,89016,1408,1
808,424540,128632,1408,1
809,256300,77660,1408,1
810,259508,78632,1408,1
811,576932,174762,1408,1
812,564768,171048,1408,1
813,443576,134376,1408,1
814,517184,156640,1408,1
815,746404,226199,1408,1
816,227878,69033,1408,1
817,266396,80695,1408,1
818,378610,114751,1408,1
819,315244,95519,1408,1
820,230432,69808,1408,1
821,365988,110879,1408,1
822,273040,82739,1408,1
823,338146,102442,1408,1
824,225144,68220,1408,1
825,672374,203662,1408,1
826,1068500,323675,1408,1
827,812198,246044,1408,1
828,552370,167406,1408,1
829,401216,121537,1408,1
830,251416,76176,1408,1
831,271604,82334,1408,1
832,632838,191691,1408,1
833,482288,146104,1408,1
834,224990,68194,1408,1
835,261408,79219,1408,1
836,561120,170062,1408,1
837,328554,99672,1408,1
838,704834,213488,1408,1
839,224082,67915,1408,1
840,257426,78030,1408,1
841,260484,78907,1408,1
842,553540,167661,1408,1
843,223198,67618,1408,1
844,261650,79287,1408,1
845,259836,78904,1408,1
846,369872,112033,1408,1
847,363220,110056,1408,1
848,227350,68902,1408,1
849,274538,83209,1408,1
850,222904,67557,1408,1
851,797006,241632,1408,1
852,289352,87676,1408,1
853,325190,98513,1408,1
854,442300,134083,1408,1
855,245150,74426,1408,1
856,1476648,447220,1408,1
857,332132,100647,1408,1
858,309664,93801,1408,1
859,415854,125963,1408,1
860,570398,172818,1408,1
861,399722,121084,1408,1
862,706190,214174,1408,1
863,484066,146681,1408,1
864,853980,258663,1408,1
865,648776,196527,1408,1
866,345916,104803,1408,1
867,327300,99210,1408,1
868,415442,125880,1408,1
869,1219808,369507,1408,1
870,322698,97793,1408,1
871,323062,97877,1408,1
872,387004,117254,1408,1
873,586336,177629,1408,1
874,442470,134238,1408,1
875,342626,103827,1408,1
876,317880,96328,1408,1
877,477342,144618,1408,1
878,211222,64018,1408,1
879,512694,155334,1408,1
880,372538,112885,1408,1
881,282464,85586,1408,1
882,359230,108823,1408,1
883,449794,136272,1408,1
884,570606,172865,1408,1
885,387278,117348,1408,1
886,593716,179879,1408,1
887,239630,72600,1408,1
888,395176,119721,1408,1
889,332846,100889,1408,1
890,377764,114463,1408,1
891,328332,99487,1408,1
892,351166,106388,1408,1
893,536306,162618,1408,1
894,1305984,396131,1408,1
895,790540,239495,1408,1
896,489732,148396,1408,1
897,584766,177137,1408,1
898,1139487,345512,1408,1
899,297326,90090,1408,1
900,430568,130432,1408,1
901,222848,67540,1408,1
902,259470,78624,1408,1
903,484516,146748,1408,1
904,270616,82007,1408,1
905,1515256,459094,1408,1
906,651410,197343,1408,1
907,551024,166930,1408,1
908,618154,187279,1408,1
909,573122,173634,1408,1
910,471314,142813,1408,1
911,802444,243085,1408,1
912,401578,121673,1408,1
913,671876,203744,1408,1
914,378668,114736,1408,1
915,665896,201734,1408,1
916,654588,198264,1408,1
917,503200,152529,1408,1
918,636638,192868,1408,1
919,940002,284726,1408,1
920,489158,148197,1408,1
921,652778,197721,1408,1
922,1511312,458841,1408,1
923,668740,202587,1408,1
924,540660,164760,1408,1
925,707410,214426,1408,1
926,1016974,308085,1408,1
927,777922,235641,1408,1
928,354220,107317,1408,1
929,332002,100593,1408,1
930,335260,101599,1408,1
931,281784,85384,1408,1
932,432252,130973,1408,1
933,313204,94890,1408,1
934,457228,138486,1408,1
935,265576,80484,1408,1
936,311336,94367,1408,1
937,279852,84795,1408,1
938,435748,132016,1408,1
939,307288,93113,1408,1
940,421984,127828,1408,1
941,265476,80437,1408,1
942,224220,67928,1408,1
943,305680,92625,1408,1
944,302820,91756,1408,1
945,1637546,496030,1408,1
946,852128,258089,1408,1
947,403670,122289,1408,1
948,1093892,331323,1408,1
949,313794,95158,1408,1
950,335914,101795,1408,1
951,592454,179477,1408,1
952,362820,109949,1408,1
953,430532,130448,1408,1
954,268258,81296,1408,1
955,389498,118301,1408,1
956,283724,85993,1408,1
957,460026,139331,1408,1
958,722438,218817,1408,1
959,546490,165626,1408,1
960,710118,215117,1408,1
961,909860,276349,1408,1
962,881194,266910,1408,1
963,370456,112239,1408,1
964,774900,234678,1408,1
965,379094,114852,1408,1
966,330882,100253,1408,1
967,864474,261859,1408,1
968,548156,166042,1408,1
969,663934,201104,1408,1
970,324232,98254,1408,1
971,473538,143499,1408,1
972,589694,178594,1408,1
973,293484,88922,1408,1
974,262056,79390,1408,1
975,314750,95366,1408,1
976,277418,84055,1408,1
977,285970,86669,1408,1
978,403072,122121,1408,1
979,422044,127831,1408,1
980,312826,94880,1408,1
981,411842,124968,1408,1
982,339320,102830,1408,1
983,305228,92465,1408,1
984,204678,62035,1408,1
985,270298,81904,1408,1
986,236198,71599,1408,1
987,417634,126534,1408,1
988,426964,129360,1408,1
989,352718,106835,1408,1
990,573628,173756,1408,1
991,285332,86467,1408,1
992,203020,61537,1408,1
993,293220,88817,1408,1
994,327272,99142,1408,1
995,460140,139403,1408,1
996,481367,146179,1408,1
997,291358,88296,1408,1
998,474640,143782,1408,1
999,666712,202323,1408,1
1000,596966,180859,1408,1
1001,415686,125945,1408,1
1002,531516,161004,1408,1
1003,1145478,346949,1408,1
1004,517120,156663,1408,1
1005,795708,241028,1408,1
1006,530346,160668,1408,1
1007,305460,92577,1408,1
1008,471070,142688,1408,1
1009,432620,131028,1408,1
1010,232772,70538,1408,1
1011,265072,80305,1408,1
1012,636608,192850,1408,1
1013,225140,68226,1408,1
1014,286212,86722,1408,1
1015,318078,96344,1408,1
1016,204374,61955,1408,1
1017,433612,131341,1408,1
1018,250380,75871,1408,1
1019,275446,83482,1408,1
1020,222634,67468,1408,1
1021,184322,55843,1408,1
1022,471642,142883,1408,1
1023,315850,95698,1408,1
1024,375290,113668,1408,1
1025,309968,93901,1408,1
1026,493360,149440,1408,1
1027,441822,133813,1408,1
1028,185652,56257,1408,1
1029,315298,95526,1408,1
1030,589220,178489,1408,1
1031,494280,150107,1408,1
1032,582482,176482,1408,1
1033,391318,118577,1408,1
1034,494206,149693,1408,1
1035,298014,90343,1408,1
1036,227194,68851,1408,1
1037,193944,58756,1408,1
1038,325582,98689,1408,1
1039,198490,60158,1408,1
1040,394470,119590,1408,1
1041,293668,88978,1408,1
1042,199990,60585,1408,1
1043,615376,186394,1408,1
1044,471382,142821,1408,1
1045,744100,225429,1408,1
1046,1196558,362656,1408,1
1047,814484,246778,1408,1
1048,302606,91665,1408,1
1049,737702,223480,1408,1
1050,454490,137701,1408,1
1051,481206,145846,1408,1
1052,320284,97039,1408,1
1053,558818,169265,1408,1
1054,224398,68055,1408,1
1055,284384,86267,1408,1
1056,299180,90624,1408,1
1057,254298,77217,1408,1
1058,564232,171069,1408,1
1059,585044,177211,1408,1
1060,224602,68040,1408,1
1061,547264,165745,1408,1
1062,194628,58972,1408,1
1063,192788,58404,1408,1
1064,192642,58386,1408,1
1065,253206,76714,1408,1
1066,316816,95984,1408,1
1067,257150,77897,1408,1
1068,220450,66781,1408,1
1069,443806,134417,1408,1
1070,251752,76260,1408,1
1071,310570,94091,1408,1
1072,368736,111710,1408,1
1073,223708,67795,1408,1
1074,656590,198874,1408,1
1075,189010,57285,1408,1
1076,284192,86083,1408,1
1077,467738,141703,1408,1
1078,418810,126923,1408,1
1079,361570,109626,1408,1
1080,232310,70373,1408,1
1081,426630,129420,1408,1
1082,551238,167079,1408,1
1083,471494,142826,1408,1
1084,218780,66288,1408,1
1085,545730,165306,1408,1
1086,448134,135736,1408,1
1087,286878,86931,1408,1
1088,386534,117095,1408,1
1089,371322,112664,1408,1
1090,254876,77238,1408,1
1091,324808,98423,1408,1
1092,617818,187188,1408,1
1093,434318,131584,1408,1
1094,452146,136991,1408,1
1095,314322,95244,1408,1
1096,630662,191044,1408,1
1097,385326,116749,1408,1
1098,851364,258073,1408,1
1099,356538,108013,1408,1
1100,1055052,319559,1408,1
1101,582354,176413,1408,1
1102,295722,89615,1408,1
1103,615126,187677,1408,1
1104,252846,76609,1408,1
1105,450148,136401,1408,1
1106,692328,209713,1408,1
1107,388190,117617,1408,1
1108,289854,87834,1408,1
1109,394268,119457,1408,1
1110,574783,174474,1408,1
1111,384396,116433,1408,1
1112,282006,85474,1408,1
1113,363958,110282,1408,1
1114,624306,189117,1408,1
1115,440890,133595,1408,1
1116,332520,100745,1408,1
1117,318162,96393,1408,1
1118,611008,185094,1408,1
1119,486418,147357,1408,1
1120,583330,176790,1408,1
1121,532895,161740,1408,1
1122,345270,104617,1408,1
1123,448896,135992,1408,1
1124,371806,112648,1408,1
1125,511664,155033,1408,1
1126,542442,164305,1408,1
1127,396578,120136,1408,1
1128,381014,115442,1408,1
1129,387244,117320,1408,1
1130,1099264,332989,1408,1
1131,552414,167461,1408,1
1132,554642,168068,1408,1
1133,352152,106691,1408,1
1134,383178,116087,1408,1
1135,269656,81697,1408,1
1136,624330,189112,1408,1
1137,291950,88447,1408,1
1138,218256,66119,1408,1
1139,269386,81644,1408,1
1140,651478,197407,1408,1
1141,218570,66244,1408,1
1142,604980,183340,1408,1
1143,745952,226123,1408,1
1144,423878,128427,1408,1
1145,217262,65849,1408,1
1146,539720,163514,1408,1
1147,208922,63296,1408,1
1148,413802,125353,1408,1
1149,585086,177303,1408,1
1150,234266,70968,1408,1
1151,519310,157323,1408,1
1152,223484,67754,1408,1
1153,338472,102544,1408,1
1154,362000,109689,1408,1
1155,234314,70983,1408,1
1156,471610,142837,1408,1
1157,383052,116021,1408,1
1158,200886,60859,1408,1
1159,428806,129917,1408,1
1160,475146,143936,1408,1
1161,203738,61881,1408,1
1162,233286,70687,1408,1
1163,206812,62670,1408,1
1164,470144,142515,1408,1
1165,205486,62281,1408,1
1166,560364,170243,1408,1
1167,654226,198216,1408,1
1168,578324,175397,1408,1
1169,6375160,1931595,1408,1
1170,336414,101938,1408,1
1171,325778,98721,1408,1
1172,742714,225007,1408,1
1173,620342,187927,1408,1
1174,548224,166088,1408,1
1175,913756,276749,1408,1
1176,746346,226083,1408,1
1177,1102806,334031,1408,1
1178,447306,135489,1408,1
1179,406042,123040,1408,1
1180,666838,202021,1408,1
1181,534018,161788,1408,1
1182,704636,213537,1408,1
1183,852594,258266,1408,1
1184,1064198,322315,1408,1
1185,1049414,317850,1408,1
1186,691282,209413,1408,1
1187,284170,86117,1408,1
1188,459982,139360,1408,1
1189,503010,152384,1408,1
1190,1451966,439839,1408,1
1191,790038,239335,1408,1
1192,681386,206570,1408,1
1193,502474,152421,1408,1
1194,248796,75403,1408,1
1195,406972,123317,1408,1
1196,246620,74729,1408,1
1197,552138,167280,1408,1
1198,246734,74779,1408,1
1199,432378,131012,1408,1
1200,479584,145366,1408,1
1201,447418,135550,1408,1
1202,396804,120201,1408,1
1203,319146,96724,1408,1
1204,859720,260586,1408,1
1205,752818,228069,1408,1
1206,684546,207811,1408,1
1207,497036,150593,1408,1
1208,851802,257994,1408,1
1209,488980,148132,1408,1
1210,304174,92187,1408,1
1211,346878,105143,1408,1
1212,481366,145849,1408,1
1213,252582,76525,1408,1
1214,996838,302133,1408,1
1215,284556,86201,1408,1
1216,308088,93378,1408,1
1217,264348,80091,1408,1
1218,660468,200041,1408,1
1219,574890,174135,1408,1
1220,282812,85674,1408,1
1221,284670,86235,1408,1
1222,316168,95779,1408,1
1223,1362082,412631,1408,1
1224,879854,266599,1408,1
1225,571476,173127,1408,1
1226,433652,131417,1408,1
1227,989116,299603,1408,1
1228,398738,120835,1408,1
1229,1117464,338493,1408,1
1230,642660,194736,1408,1
1231,1427770,432443,1408,1
1232,275982,83637,1408,1
1233,233930,70886,1408,1
1234,310154,94028,1408,1
1235,520088,157536,1408,1
1236,394590,119536,1408,1
1237,516088,156339,1408,1
1238,600910,182030,1408,1
1239,363168,110037,1408,1
1240,580556,175887,1408,1
1241,336108,101843,1408,1
1242,434856,131712,1408,1
1243,272596,82578,1408,1
1244,331870,100577,1408,1
1245,350354,106139,1408,1
1246,310088,93964,1408,1
1247,271274,82194,1408,1
1248,784900,237747,1408,1
1249,447676,135644,1408,1
1250,310636,94116,1408,1
1251,239448,72572,1408,1
1252,632370,191551,1408,1
1253,738946,223813,1408,1
1254,301774,91462,1408,1
1255,278070,84264,1408,1
1256,330100,99995,1408,1
1257,859412,260303,1408,1
1258,431272,130625,1408,1
1259,280324,84949,1408,1
1260,669616,203211,1408,1
1261,310660,94152,1408,1
1262,279642,84712,1408,1
1263,523706,158643,1408,1
1264,423202,128214,1408,1
1265,265694,80517,1408,1
1266,278558,84396,1408,1
1267,730596,221316,1408,1
1268,382056,115752,1408,1
1269,477490,144637,1408,1
1270,845828,256209,1408,1
1271,430682,130503,1408,1
1272,258448,78320,1408,1
1273,280700,85076,1408,1
1274,444692,134717,1408,1
1275,441314,133681,1408,1
1276,221258,67046,1408,1
1277,652604,197693,1408,1
1278,633186,191803,1408,1
1279,514690,155931,1408,1
1280,442810,134117,1408,1
1281,556068,168458,1408,1
1282,251828,76302,1408,1
1283,437156,132434,1408,1
1284,391798,118671,1408,1
1285,670160,203083,1408,1
1286,318362,96475,1408,1
1287,325978,98752,1408,1
1288,451206,136675,1408,1
1289,477680,144732,1408,1
1290,847000,256554,1408,1
1291,873118,264489,1408,1
1292,810238,245419,1408,1
1293,334716,101395,1408,1
1294,459618,139340,1408,1
1295,816808,247655,1408,1
1296,276206,83706,1408,1
1297,1300908,394090,1408,1
1298,391324,118578,1408,1
1299,479339,145692,1408,1
1300,382502,115912,1408,1
1301,889916,269563,1408,1
1302,456666,138345,1408,1
1303,564112,170905,1408,1
1304,558246,169111,1408,1
1305,383442,116160,1408,1
1306,319824,96901,1408,1
1307,549426,166454,1408,1
1308,276984,83905,1408,1
1309,604934,183277,1408,1
1310,326630,98976,1408,1
1311,331504,100464,1408,1
1312,636230,192821,1408,1
1313,572660,173489,1408,1
1314,400222,121231,1408,1
1315,415796,126066,1408,1
1316,486798,147470,1408,1
1317,944506,286247,1408,1
1318,962698,291678,1408,1
1319,482188,146079,1408,1
1320,414920,125723,1408,1
1321,370444,112248,1408,1
1322,629024,190552,1408,1
1323,603654,182853,1408,1
1324,514562,155891,1408,1
1325,349892,106027,1408,1
1326,663302,200913,1408,1
1327,296668,89875,1408,1
1328,343396,104066,1408,1
1329,549584,166483,1408,1
1330,787654,238592,1408,1
1331,306420,92850,1408,1
1332,555112,168184,1408,1
1333,873088,264427,1408,1
1334,269040,81528,1408,1
1335,425904,129046,1408,1
1336,499410,151286,1408,1
1337,415452,125886,1408,1
1338,1450480,439699,1408,1
1339,372264,112919,1408,1
1340,383106,116070,1408,1
1341,519832,157488,1408,1
1342,267918,81158,1408,1
1343,495042,149963,1408,1
1344,641942,194464,1408,1
1345,306826,92972,1408,1
1346,550850,166868,1408,1
1347,590276,178803,1408,1
1348,682278,206685,1408,1
1349,589876,178682,1408,1
1350,340352,103170,1408,1
1351,738350,223672,1408,1
1352,568346,172599,1408,1
1353,436370,132189,1408,1
1354,1049182,317936,1408,1
1355,425212,128854,1408,1
1356,675790,204729,1408,1
1357,9514937,2882036,1408,1
1358,361796,109639,1408,1
1359,374436,113434,1408,1
1360,679574,205850,1408,1
1361,401620,121693,1408,1
1362,459102,139052,1408,1
1363,246318,74653,1408,1
1364,231336,70099,1408,1
1365,225814,68422,1408,1
1366,267010,80886,1408,1
1367,247146,74880,1408,1
1368,538630,163157,1408,1
1369,488370,147957,1408,1
1370,518140,156966,1408,1
1371,762522,230963,1408,1
1372,317672,96250,1408,1
1373,416534,126163,1408,1
1374,453332,137321,1408,1
1375,338288,102471,1408,1
1376,342506,103776,1408,1
1377,589762,178628,1408,1
1378,218638,66250,1408,1
1379,459138,139109,1408,1
1380,571864,173244,1408,1
1381,256968,77845,1408,1
1382,628652,190422,1408,1
1383,652094,197527,1408,1
1384,933348,282673,1408,1
1385,219638,66539,1408,1
1386,331868,100537,1408,1
1387,403022,122099,1408,1
1388,290926,88153,1408,1
1389,254324,77045,1408,1
1390,428602,129872,1408,1
1391,485088,146982,1408,1
1392,361286,109446,1408,1
1393,426182,129131,1408,1
1394,816242,247615,1408,1
1395,424264,128560,1408,1
1396,1000038,302905,1408,1
1397,348510,105592,1408,1
1398,401406,121628,1408,1
1399,1236296,374576,1408,1
1400,715068,216853,1408,1
1401,1099106,332913,1408,1
1402,349496,105911,1408,1
1403,676822,205212,1408,1
1404,1242690,376447,1408,1
1405,337020,102099,1408,1
1406,732592,221930,1408,1
1407,994634,301588,1408,1
1408,600202,181826,1408,1
1409,1098306,332661,1408,1
1410,258364,78314,1408,1
1411,521102,157845,1408,1
1412,415160,125858,1408,1
1413,404090,122443,1408,1
1414,528432,160085,1408,1
1415,451852,136986,1408,1
1416,323386,97991,1408,1
1417,325002,98499,1408,1
1418,400396,121331,1408,1
1419,427846,129611,1408,1
1420,276966,83899,1408,1
1421,239816,72775,1408,1
1422,479152,145144,1408,1
1423,342084,103664,1408,1
1424,390776,118408,1408,1
1425,499102,151176,1408,1
1426,436614,132249,1408,1
1427,875272,265097,1408,1
1428,500954,151751,1408,1
1429,273382,82845,1408,1
1430,309344,93733,1408,1
1431,418830,126889,1408,1
1432,298408,90423,1408,1
1433,587246,178342,1408,1
1434,501938,152054,1408,1
1435,230818,69957,1408,1
1436,231846,70236,1408,1
1437,623346,188962,1408,1
1438,387920,117551,1408,1
1439,319606,96856,1408,1
1440,380872,115393,1408,1
1441,348776,105673,1408,1
1442,647854,196206,1408,1
1443,383022,116042,1408,1
1444,334600,101361,1408,1
1445,232274,70398,1408,1
1446,464868,141009,1408,1
1447,298602,90496,1408,1
1448,501874,152033,1408,1
1449,242270,73427,1408,1
1450,408588,123881,1408,1
1451,1076190,325961,1408,1
1452,280818,85073,1408,1
1453,350784,106282,1408,1
1454,229040,69401,1408,1
1455,233002,70615,1408,1
1456,296242,89735,1408,1
1457,259688,78669,1408,1
1458,785512,237898,1408,1
1459,261228,79160,1408,1
1460,331752,100506,1408,1
1461,443056,134235,1408,1
1462,538744,163206,1408,1
1463,832138,252240,1408,1
1464,668480,202866,1408,1
1465,496846,150486,1408,1
1466,624886,189351,1408,1
1467,417656,126902,1408,1
1468,573256,173660,1408,1
1469,697562,211363,1408,1
1470,851552,258209,1408,1
1471,328286,99524,1408,1
1472,540622,163782,1408,1
1473,479648,145473,1408,1
1474,1113954,337412,1408,1
1475,719496,217938,1408,1
1476,539100,163309,1408,1
1477,710582,215318,1408,1
1478,473578,143487,1408,1
1479,490520,148588,1408,1
1480,319050,96656,1408,1
1481,482932,146290,1408,1
1482,2399848,727361,1408,1
1483,357374,108296,1408,1
1484,621362,188255,1408,1
1485,941038,285598,1408,1
1486,867144,262701,1408,1
1487,741524,224642,1408,1
1488,369986,112123,1408,1
1489,445102,134857,1408,1
1490,345278,104613,1408,1
1491,264096,80005,1408,1
1492,492108,149048,1408,1
1493,773080,234252,1408,1
1494,415620,125898,1408,1
1495,1218302,369346,1408,1
1496,535884,162355,1408,1
1497,489660,158199,1408,1
1498,877006,265634,1408,1
1499,366692,111102,1408,1
1500,724300,219385,1408,1
1501,382104,115762,1408,1
1502,285450,86501,1408,1
1503,230402,69815,1408,1
1504,349514,105921,1408,1
1505,383200,116100,1408,1
1506,305610,92586,1408,1
1507,493938,149614,1408,1
1508,630440,190973,1408,1
1509,218022,66067,1408,1
1510,475764,144143,1408,1
1511,332754,100794,1408,1
1512,239588,72627,1408,1
1513,369338,111870,1408,1
1514,266372,80719,1408,1
1515,227466,68911,1408,1
1516,224566,68060,1408,1
1517,333114,100932,1408,1
1518,261644,79289,1408,1
1519,285126,86431,1408,1
1520,579248,175463,1408,1
1521,538302,163061,1408,1
1522,295294,89464,1408,1
1523,477934,144786,1408,1
1524,493468,149482,1408,1
1525,264644,80167,1408,1
1526,223022,67564,1408,1
1527,261140,79279,1408,1
1528,263140,79742,1408,1
1529,270558,81991,1408,1
1530,427206,129420,1408,1
1531,412420,124914,1408,1
1532,446672,135287,1408,1
1533,239608,72585,1408,1
1534,211232,64017,1408,1
1535,241952,73314,1408,1
1536,328136,99449,1408,1
1537,375042,113598,1408,1
1538,238786,72340,1408,1
1539,216526,65596,1408,1
1540,538544,163108,1408,1
1541,326350,98883,1408,1
1542,410326,124329,1408,1
1543,497538,150859,1408,1
1544,328240,99435,1408,1
1545,252060,76382,1408,1
1546,355632,107719,1408,1
1547,353114,106953,1408,1
1548,850516,257617,1408,1
1549,408558,123790,1408,1
1550,525546,159211,1408,1
1551,547142,165768,1408,1
1552,489524,148312,1408,1
1553,364986,110602,1408,1
1554,246920,74799,1408,1
1555,510032,154501,1408,1
1556,236362,71619,1408,1
1557,234402,71034,1408,1
1558,339094,102778,1408,1
1559,328026,99383,1408,1
1560,1013660,306979,1408,1
1561,195254,59163,1408,1
1562,194584,58948,1408,1
1563,293748,88977,1408,1
1564,361276,109436,1408,1
1565,194592,58952,1408,1
1566,261166,79139,1408,1
1567,546820,165658,1408,1
1568,261964,79381,1408,1
1569,313538,94996,1408,1
1570,221960,67262,1408,1
1571,496920,150641,1408,1
1572,280552,84989,1408,1
1573,670632,203101,1408,1
1574,188912,57231,1408,1
1575,217810,66009,1408,1
1576,184190,55828,1408,1
1577,183966,55733,1408,1
1578,277782,84143,1408,1
1579,184118,55778,1408,1
1580,246846,74790,1408,1
1581,434426,131592,1408,1
1582,279928,84817,1408,1
1583,255110,77315,1408,1
1584,250372,75842,1408,1
1585,238200,72157,1408,1
1586,339674,102910,1408,1
1587,302424,91615,1408,1
1588,485978,147193,1408,1
1589,650182,196978,1408,1
1590,315430,95586,1408,1
1591,244106,73985,1408,1
1592,373088,113011,1408,1
1593,344612,104400,1408,1
1594,229414,69518,1408,1
1595,309808,93951,1408,1
1596,342152,103730,1408,1
1597,461674,139831,1408,1
1598,308100,93335,1408,1
1599,822434,249077,1408,1
1600,303566,92608,1408,1
1601,237290,71878,1408,1
1602,234618,71079,1408,1
1603,174422,52840,1408,1
1604,174158,52761,1408,1
1605,491328,148957,1408,1
1606,178800,54167,1408,1
1607,464566,140929,1408,1
1608,757406,229637,1408,1
1609,434284,131586,1408,1
1610,485921,147503,1408,1
1611,224730,68111,1408,1
1612,269602,81687,1408,1
1613,178538,54110,1408,1
1614,463334,140327,1408,1
1615,446889,135822,1408,1
1616,180252,54629,1408,1
1617,531086,160873,1408,1
1618,198752,60242,1408,1
1619,238850,72352,1408,1
1620,360102,109092,1408,1
1621,284174,86189,1408,1
1622,224100,67927,1408,1
1623,337464,102316,1408,1
1624,451098,136663,1408,1
1625,274594,83197,1408,1
1626,214976,65146,1408,1
1627,529922,160527,1408,1
1628,249318,75521,1408,1
1629,518076,157080,1408,1
1630,356812,108103,1408,1
1631,187592,56959,1408,1
1632,184266,55849,1408,1
1633,345006,104530,1408,1
1634,269972,81832,1408,1
1635,287512,87093,1408,1
1636,375018,113625,1408,1
1637,307382,93145,1408,1
1638,507738,153812,1408,1
1639,453312,137333,1408,1
1640,283184,85830,1408,1
1641,552472,167368,1408,1
1642,716412,217147,1408,1
1643,586832,177754,1408,1
1644,1136154,344147,1408,1
1645,409928,124211,1408,1
1646,774240,235094,1408,1
1647,415616,126031,1408,1
1648,423642,128473,1408,1
1649,378868,114796,1408,1
1650,262318,79517,1408,1
1651,195592,59267,1408,1
1652,881768,267143,1408,1
1653,560692,169911,1408,1
1654,253252,76722,1408,1
1655,624884,190192,1408,1
1656,197118,59729,1408,1
1657,206368,62546,1408,1
1658,647588,196229,1408,1
1659,203612,61684,1408,1
1660,239234,72500,1408,1
1661,235470,71360,1408,1
1662,272120,82440,1408,1
1663,271628,82309,1408,1
1664,374146,113354,1408,1
1665,575296,174496,1408,1
1666,502209,152431,1408,1
1667,866140,262456,1408,1
1668,515766,156290,1408,1
1669,380724,115372,1408,1
1670,229356,69509,1408,1
1671,666786,201961,1408,1
1672,615372,186409,1408,1
1673,539964,163689,1408,1
1674,999098,302668,1408,1
1675,635744,192579,1408,1
1676,760128,230352,1408,1
1677,314932,95436,1408,1
1678,830773,251832,1408,1
1679,611276,185190,1408,1
1680,605266,183356,1408,1
1681,420786,127598,1408,1
1682,668580,202668,1408,1
1683,293344,88873,1408,1
1684,387910,117526,1408,1
1685,269248,81564,1408,1
1686,347250,105205,1408,1
1687,685292,207571,1408,1
1688,279900,84791,1408,1
1689,399962,121191,1408,1
1690,534212,161847,1408,1
1691,373498,113136,1408,1
1692,505030,153019,1408,1
1693,420726,127529,1408,1
1694,778466,235820,1408,1
1695,397950,120593,1408,1
1696,650322,197101,1408,1
1697,615198,186385,1408,1
1698,595338,180341,1408,1
1699,477798,144726,1408,1
1700,786966,238407,1408,1
1701,344218,104314,1408,1
1702,316358,95858,1408,1
1703,509784,154426,1408,1
1704,823806,249489,1408,1
1705,392656,118958,1408,1
1706,353402,107047,1408,1
1707,449470,136184,1408,1
1708,354406,107407,1408,1
1709,516710,156546,1408,1
1710,683214,206994,1408,1
1711,667222,202105,1408,1
1712,421452,127692,1408,1
1713,577060,174801,1408,1
1714,416358,126136,1408,1
1715,742918,225036,1408,1
1716,345714,104732,1408,1
1717,387282,117333,1408,1
1718,232332,70410,1408,1
1719,222862,67543,1408,1
1720,423274,128877,1408,1
1721,368610,111699,1408,1
1722,230722,69927,1408,1
1723,343256,104002,1408,1
1724,268326,81313,1408,1
1725,531756,161053,1408,1
1726,521902,158115,1408,1
1727,307004,93027,1408,1
1728,269524,81680,1408,1
1729,257262,77948,1408,1
1730,297986,90295,1408,1
1731,852876,258453,1408,1
1732,393242,119128,1408,1
1733,220822,66927,1408,1
1734,219640,66568,1408,1
1735,340368,103145,1408,1
1736,359366,108874,1408,1
1737,473498,143471,1408,1
1738,280392,84967,1408,1
1739,253680,76899,1408,1
1740,505242,153072,1408,1
1741,256670,77755,1408,1
1742,355704,107772,1408,1
1743,469116,142301,1408,1
1744,915882,277431,1408,1
1745,618644,187769,1408,1
1746,510374,154626,1408,1
1747,546034,165400,1408,1
1748,494406,149831,1408,1
1749,688808,208659,1408,1
1750,362610,109969,1408,1
1751,672336,203668,1408,1
1752,440850,133742,1408,1
1753,852150,258713,1408,1
1754,403880,122376,1408,1
1755,496302,150544,1408,1
1756,663318,200897,1408,1
1757,500524,151647,1408,1
1758,1067996,323496,1408,1
1759,581134,176067,1408,1
1760,326644,98999,1408,1
1761,427368,129485,1408,1
1762,540190,163649,1408,1
1763,1065952,322910,1408,1
1764,469754,142323,1408,1
1765,1781028,539704,1408,1
1766,469256,142156,1408,1
1767,454288,137631,1408,1
1768,480840,145684,1408,1
1769,745214,225790,1408,1
1770,1521453,461321,1408,1
1771,5678018,1720042,1408,1
1772,622796,188684,1408,1
1773,394982,119707,1408,1
1774,1163372,352346,1408,1
1775,564148,170913,1408,1
1776,1192412,363077,1408,1
1777,342510,103777,1408,1
1778,512334,155371,1408,1
1779,696190,210890,1408,1
1780,519506,157392,1408,1
1781,727484,220384,1408,1
1782,609038,184508,1408,1
1783,443062,134248,1408,1
1784,556844,168698,1408,1
1785,592410,179448,1408,1
1786,400770,121431,1408,1
1787,364406,110420,1408,1
1788,630754,191108,1408,1
1789,426088,129123,1408,1
1790,711082,215726,1408,1
1791,1637560,495990,1408,1
1792,473668,143530,1408,1
1793,316920,96050,1408,1
1794,435226,131875,1408,1
1795,327380,99169,1408,1
1796,528628,160107,1408,1
1797,392362,118892,1408,1
1798,378610,114730,1408,1
1799,687720,208347,1408,1
1800,316448,95888,1408,1
1801,233096,70629,1408,1
1802,390316,118226,1408,1
1803,397696,120490,1408,1
1804,5183872,1570944,1408,1
1805,687524,208295,1408,1
1806,336148,101856,1408,1
1807,572258,173464,1408,1
1808,826410,250399,1408,1
1809,421110,127586,1408,1
1810,423152,128230,1408,1
1811,788050,238740,1408,1
1812,383208,116121,1408,1
1813,1030578,312179,1408,1
1814,456866,138437,1408,1
1815,420998,127663,1408,1
1816,1088844,329796,1408,1
1817,338326,102508,1408,1
1818,417242,126428,1408,1
1819,431818,130823,1408,1
1820,427560,129562,1408,1
1821,309780,93873,1408,1
1822,348604,105608,1408,1
1823,589442,178670,1408,1
1824,956822,292330,1408,1
1825,1233300,373621,1408,1
1826,455294,137939,1408,1
1827,395752,119923,1408,1
1828,363400,110125,1408,1
1829,528458,160102,1408,1
1830,644859,195643,1408,1
1831,336272,101874,1408,1
1832,1343182,407075,1408,1
1833,1530944,463677,1408,1
1834,3172101,987659,1408,1
1835,1427092,432599,1408,1
1836,739090,224389,1408,1
1837,478554,144987,1408,1
1838,516588,156713,1408,1
1839,484604,146796,1408,1
1840,674404,204280,1408,1
1841,311128,94275,1408,1
1842,266594,80760,1408,1
1843,484970,146929,1408,1
1844,225672,68367,1408,1
1845,263794,79911,1408,1
1846,267312,81096,1408,1
1847,275064,83385,1408,1
1848,502938,152382,1408,1
1849,369270,111881,1408,1
1850,428780,129891,1408,1
1851,365062,110623,1408,1
1852,422938,128119,1408,1
1853,546224,165481,1408,1
1854,483256,146404,1408,1
1855,420026,127247,1408,1
1856,230792,70033,1408,1
1857,569606,172884,1408,1
1858,393370,119196,1408,1
1859,231326,70100,1408,1
1860,232074,70317,1408,1
1861,576962,174788,1408,1
1862,578766,175340,1408,1
1863,470018,142549,1408,1
1864,380356,115227,1408,1
1865,672582,203748,1408,1
1866,537224,162749,1408,1
1867,697672,211431,1408,1
1868,1984873,601436,1408,1
1869,337638,102312,1408,1
1870,620120,187921,1408,1
1871,768840,233012,1408,1
1872,910600,275957,1408,1
1873,1162565,352357,1408,1
1874,337004,102106,1408,1
1875,262282,79480,1408,1
1876,421390,127682,1408,1
1877,1086476,329172,1408,1
1878,489330,148219,1408,1
1879,586697,178211,1408,1
1880,298274,90366,1408,1
1881,472020,143011,1408,1
1882,938576,284300,1408,1
1883,750756,227691,1408,1
1884,567952,172051,1408,1
1885,432910,131139,1408,1
1886,285858,86621,1408,1
1887,334366,101281,1408,1
1888,368188,111581,1408,1
1889,262760,79596,1408,1
1890,346536,104971,1408,1
1891,460056,139374,1408,1
1892,516696,156569,1408,1
1893,377462,114455,1408,1
1894,886678,268578,1408,1
1895,329458,99837,1408,1
1896,399104,120912,1408,1
1897,221184,67021,1408,1
1898,221820,67212,1408,1
1899,292230,88518,1408,1
1900,217638,65958,1408,1
1901,260518,78961,1408,1
1902,211352,64059,1408,1
1903,1143622,346422,1408,1
1904,313454,94964,1408,1
1905,418766,126837,1408,1
1906,806684,244503,1408,1
1907,584848,177173,1408,1
1908,553582,167713,1408,1
1909,673534,204026,1408,1
1910,484094,146662,1408,1
1911,986756,298954,1408,1
1912,697706,211318,1408,1
1913,973422,294936,1408,1
1914,544022,164808,1408,1
1915,421736,127775,1408,1
1916,386108,116990,1408,1
1917,566720,171688,1408,1
1918,215572,65333,1408,1
1919,385642,116837,1408,1
1920,245292,74336,1408,1
1921,701780,212851,1408,1
1922,759396,230023,1408,1
1923,457476,138602,1408,1
1924,343636,104194,1408,1
1925,202196,61253,1408,1
1926,279992,84905,1408,1
1927,365762,110812,1408,1
1928,326072,98765,1408,1
1929,193548,58653,1408,1
1930,260610,78953,1408,1
1931,214426,64996,1408,1
1932,294142,89110,1408,1
1933,228590,69247,1408,1
1934,453430,137359,1408,1
1935,772734,234087,1408,1
1936,321448,97416,1408,1
1937,325838,98738,1408,1
1938,280926,85123,1408,1
1939,318132,96385,1408,1
1940,411182,124758,1408,1
1941,246998,74838,1408,1
1942,286480,86807,1408,1
1943,401106,121531,1408,1
1944,233582,70904,1408,1
1945,213416,64677,1408,1
1946,441758,133928,1408,1
1947,194492,58939,1408,1
1948,436042,132103,1408,1
1949,288846,87528,1408,1
1950,565806,171401,1408,1
1951,335800,101733,1408,1
1952,1057566,320354,1408,1
1953,445960,135112,1408,1
1954,306504,92874,1408,1
1955,426390,129180,1408,1
1956,500754,151749,1408,1
1957,794160,240553,1408,1
1958,361190,109445,1408,1
1959,312290,94629,1408,1
1960,1161750,351964,1408,1
1961,676972,205077,1408,1
1962,549232,166452,1408,1
1963,389778,118084,1408,1
1964,1038790,314638,1408,1
1965,365594,110747,1408,1
1966,671040,203321,1408,1
1967,405642,122908,1408,1
1968,721810,218626,1408,1
1969,685310,207584,1408,1
1970,423116,128296,1408,1
1971,404596,122555,1408,1
1972,662816,200947,1408,1
1973,1446977,438612,1408,1
1974,485204,146979,1408,1
1975,405448,122872,1408,1
1976,1128126,342003,1408,1
1977,551500,167066,1408,1
1978,657996,199327,1408,1
1979,1527562,462969,1408,1
1980,440650,133518,1408,1
1981,3634946,1101580,1408,1
1982,321022,97290,1408,1
1983,502634,153008,1408,1
1984,619204,188446,1408,1
1985,668660,202560,1408,1
1986,838320,253928,1408,1
1987,1319338,399600,1408,1
1988,1065858,322970,1408,1
1989,342944,103936,1408,1
1990,429098,129999,1408,1
1991,369512,111941,1408,1
1992,817462,247593,1408,1
1993,637424,193588,1408,1
1994,603214,182746,1408,1
1995,367948,111481,1408,1
1996,941662,285196,1408,1
1997,445994,135106,1408,1
1998,1657370,502730,1408,1
1999,8531571,2584736,1408,1
2000,521442,158022,1408,1
2001,743536,225365,1408,1
2002,632694,191659,1408,1
2003,385966,116963,1408,1
2004,525882,159323,1408,1
2005,470250,142531,1408,1
2006,526384,159483,1408,1
2007,2375910,720099,1408,1
2008,853898,258667,1408,1
2009,1170438,354504,1408,1
2010,724632,219487,1408,1
2011,432494,131038,1408,1
2012,323842,98105,1408,1
2013,303036,91917,1408,1
2014,455318,137922,1408,1
2015,707586,215485,1408,1
2016,1037234,314173,1408,1
2017,376222,113979,1408,1
2018,2140104,648579,1408,1
2019,874388,264866,1408,1
2020,802666,243131,1408,1
2021,8769791,2657176,1408,1
2022,1132163,343524,1408,1
2023,636584,192900,1408,1
2024,501504,151947,1408,1
2025,2226524,675538,1408,1
2026,425072,129441,1408,1
2027,521499,158268,1408,1
2028,424482,128623,1408,1
2029,545472,165323,1408,1
2030,557556,168899,1408,1
2031,464164,140757,1408,1
2032,493390,149474,1408,1
2033,426940,129671,1408,1
2034,421934,127836,1408,1
2035,1248186,378034,1408,1
2036,651312,197373,1408,1
2037,866952,262696,1408,1
2038,603448,182803,1408,1
2039,873360,264762,1408,1
2040,742046,224811,1408,1
2041,1135066,344431,1408,1
2042,1266238,384512,1408,1
2043,634004,192071,1408,1
2044,552212,167309,1408,1
2045,524300,159207,1408,1
2046,617158,186943,1408,1
2047,232708,70604,1408,1
2048,510358,154607,1408,1
2049,576866,174728,1408,1
2050,230382,69825,1408,1
2051,418018,126642,1408,1
2052,461926,139939,1408,1
2053,1266346,383775,1408,1
2054,842656,255440,1408,1
2055,287050,86983,1408,1
2056,628870,190912,1408,1
2057,1785570,540950,1408,1
2058,239332,72504,1408,1
2059,722026,219246,1408,1
2060,868984,263210,1408,1
2061,743776,225279,1408,1
2062,1240585,378877,1408,1
2063,463714,140499,1408,1
2064,356480,108035,1408,1
2065,319284,96746,1408,1
2066,231764,70242,1408,1
2067,344702,104443,1408,1
2068,227840,69027,1408,1
2069,265768,80536,1408,1
2070,221216,67030,1408,1
2071,440870,133532,1408,1
2072,255942,77543,1408,1
2073,218554,66223,1408,1
2074,637708,193164,1408,1
2075,481380,145944,1408,1
2076,775324,234929,1408,1
2077,346212,105108,1408,1
2078,450080,136339,1408,1
2079,309472,93797,1408,1
2080,749436,227016,1408,1
2081,221354,67073,1408,1
2082,403788,122303,1408,1
2083,255432,77378,1408,1
2084,350396,106173,1408,1
2085,480600,145592,1408,1
2086,1295202,392379,1408,1
2087,611518,185206,1408,1
2088,476408,144420,1408,1
2089,960326,290863,1408,1
2090,270332,81927,1408,1
2091,308328,93429,1408,1
2092,232770,70544,1408,1
2093,461796,139975,1408,1
2094,232244,70358,1408,1
2095,343332,104067,1408,1
2096,230634,69902,1408,1
2097,235434,71352,1408,1
2098,462484,140106,1408,1
2099,1258874,382274,1408,1
2100,408142,123662,1408,1
2101,660832,200496,1408,1
2102,897066,271982,1408,1
2103,481982,146031,1408,1
2104,393562,119255,1408,1
2105,222658,67483,1408,1
2106,484210,146655,1408,1
2107,234700,71135,1408,1
2108,1383774,419060,1408,1
2109,310756,94244,1408,1
2110,1209880,366944,1408,1
2111,1038240,314481,1408,1
2112,341394,103413,1408,1
2113,389240,118023,1408,1
2114,261048,79111,1408,1
2115,258740,78407,1408,1
2116,269450,81636,1408,1
2117,531426,160965,1408,1
2118,375892,113855,1408,1
2119,260278,78877,1408,1
2120,222950,67573,1408,1
2121,401882,121855,1408,1
2122,418376,126751,1408,1
2123,223150,67621,1408,1
2124,392570,118942,1408,1
2125,364320,110374,1408,1
2126,214116,64865,1408,1
2127,820416,248510,1408,1
2128,445304,134927,1408,1
2129,278458,84391,1408,1
2130,335982,101852,1408,1
2131,692214,209683,1408,1
2132,327120,99100,1408,1
2133,461618,139837,1408,1
2134,253192,76700,1408,1
2135,546656,165591,1408,1
2136,431574,130761,1408,1
2137,416116,126087,1408,1
2138,407138,123333,1408,1
2139,292300,88544,1408,1
2140,216248,65542,1408,1
2141,215370,65271,1408,1
2142,573966,173862,1408,1
2143,836882,254632,1408,1
2144,644614,195775,1408,1
2145,415658,125949,1408,1
2146,792402,240014,1408,1
2147,384750,116573,1408,1
2148,652334,197594,1408,1
2149,423286,128278,1408,1
2150,308194,93384,1408,1
2151,936218,283831,1408,1
2152,1978070,599318,1408,1
2153,494808,150042,1408,1
2154,499218,151249,1408,1
2155,400238,121225,1408,1
2156,409348,124018,1408,1
2157,287614,87164,1408,1
2158,300952,91305,1408,1
2159,391718,118689,1408,1
2160,383032,116158,1408,1
2161,296696,89901,1408,1
2162,610984,185238,1408,1
2163,554976,168100,1408,1
2164,516504,156480,1408,1
2165,743260,225215,1408,1
2166,470536,142557,1408,1
2167,387978,117541,1408,1
2168,247878,75122,1408,1
2169,276408,83756,1408,1
2170,241684,73213,1408,1
2171,242000,73384,1408,1
2172,380744,115337,1408,1
2173,653722,198006,1408,1
2174,207654,62910,1408,1
2175,805378,243950,1408,1
2176,246656,74746,1408,1
2177,1297726,393053,1408,1
2178,428838,129934,1408,1
2179,218860,66333,1408,1
2180,1774951,537931,1408,1
2181,279778,84778,1408,1
2182,275996,83604,1408,1
2183,416058,126018,1408,1
2184,258114,78240,1408,1
2185,243538,73807,1408,1
2186,247040,74839,1408,1
2187,416488,126148,1408,1
2188,243448,73749,1408,1
2189,412130,124871,1408,1
2190,317990,96320,1408,1
2191,217640,65955,1408,1
2192,381368,115541,1408,1
2193,207518,62894,1408,1
2194,460784,139605,1408,1
2195,400632,121388,1408,1
2196,256242,77675,1408,1
2197,442674,134537,1408,1
2198,271410,82266,1408,1
2199,334344,101283,1408,1
2200,390122,118190,1408,1
2201,418928,126931,1408,1
2202,519022,157305,1408,1
2203,545644,165297,1408,1
2204,541808,164152,1408,1
2205,567210,171837,1408,1
2206,339208,102799,1408,1
2207,1575172,477553,1408,1
2208,949220,287891,1408,1
2209,356358,108085,1408,1
2210,413686,125350,1408,1
2211,223822,67837,1408,1
2212,490972,148774,1408,1
2213,559384,169426,1408,1
2214,595768,180460,1408,1
2215,415960,126016,1408,1
2216,207418,62849,1408,1
2217,205300,62210,1408,1
2218,301748,91424,1408,1
2219,328992,99676,1408,1
2220,518344,157494,1408,1
2221,376158,113985,1408,1
2222,420178,127306,1408,1
2223,1036346,313909,1408,1
2224,416306,126134,1408,1
2225,340932,103317,1408,1
2226,486286,147321,1408,1
2227,532334,161278,1408,1
2228,669236,203080,1408,1
2229,405898,122988,1408,1
2230,544063,165139,1408,1
2231,647882,196258,1408,1
2232,543710,164682,1408,1
2233,478828,145046,1408,1
2234,771268,233625,1408,1
2235,428330,129801,1408,1
2236,1210724,366712,1408,1
2237,743324,225345,1408,1
2238,437046,132390,1408,1
2239,524821,159345,1408,1
2240,928838,281334,1408,1
2241,1602425,486097,1408,1
2242,623764,189182,1408,1
2243,415348,125875,1408,1
2244,371480,112567,1408,1
2245,374172,113374,1408,1
2246,453054,137261,1408,1
2247,428590,129859,1408,1
2248,422570,128042,1408,1
2249,691196,209380,1408,1
2250,384838,116629,1408,1
2251,386958,117250,1408,1
2252,578098,175146,1408,1
2253,634224,192108,1408,1
2254,426100,129116,1408,1
2255,442170,133945,1408,1
2256,666990,202047,1408,1
2257,873206,264561,1408,1
2258,474178,144128,1408,1
2259,723494,219145,1408,1
2260,532824,161395,1408,1
2261,1380455,419022,1408,1
2262,360678,109313,1408,1
2263,799872,242325,1408,1
2264,248364,75267,1408,1
2265,490012,148439,1408,1
2266,366082,110898,1408,1
2267,813962,246662,1408,1
2268,660056,200366,1408,1
2269,808340,244964,1408,1
2270,439572,133178,1408,1
2271,454302,137651,1408,1
2272,320916,97259,1408,1
2273,328876,99642,1408,1
2274,412336,124926,1408,1
2275,807710,244674,1408,1
2276,581808,176265,1408,1
2277,628990,190510,1408,1
2278,269210,81567,1408,1
2279,702406,212779,1408,1
2280,262514,79555,1408,1
2281,354878,107503,1408,1
2282,779212,236075,1408,1
2283,456692,138349,1408,1
2284,724650,219511,1408,1
2285,891986,270269,1408,1
2286,569962,172664,1408,1
2287,442610,134248,1408,1
2288,485720,147154,1408,1
2289,459866,139563,1408,1
2290,380838,115399,1408,1
2291,366094,110941,1408,1
2292,450442,136438,1408,1
2293,383962,116334,1408,1
2294,1014408,307249,1408,1
2295,229114,69408,1408,1
2296,293738,89025,1408,1
2297,900069,273529,1408,1
2298,319908,96942,1408,1
2299,232860,70574,1408,1
2300,380080,115166,1408,1
2301,619474,187760,1408,1
2302,635024,192379,1408,1
2303,1068826,324605,1408,1
2304,314614,95346,1408,1
2305,461096,139687,1408,1
2306,272530,82556,1408,1
2307,291042,88164,1408,1
2308,221140,66998,1408,1
2309,396366,120080,1408,1
2310,486956,147516,1408,1
2311,223718,67810,1408,1
2312,256532,77743,1408,1
2313,293394,88900,1408,1
2314,237264,71884,1408,1
2315,666482,202069,1408,1
2316,554562,168016,1408,1
2317,656370,198838,1408,1
2318,360836,109297,1408,1
2319,244892,74200,1408,1
2320,430460,130380,1408,1
2321,295518,89530,1408,1
2322,383224,116143,1408,1
2323,211804,64194,1408,1
2324,487198,147614,1408,1
2325,448070,135758,1408,1
2326,394616,119542,1408,1
2327,391594,118623,1408,1
2328,283992,86044,1408,1
2329,344244,104301,1408,1
2330,248470,75271,1408,1
2331,212198,64301,1408,1
2332,254150,77018,1408,1
2333,213714,64761,1408,1
2334,212884,64504,1408,1
2335,350990,106358,1408,1
2336,393320,119149,1408,1
2337,393948,119322,1408,1
2338,679388,206262,1408,1
2339,218638,66264,1408,1
2340,298098,90341,1408,1
2341,216236,65536,1408,1
2342,231114,70066,1408,1
2343,206796,62668,1408,1
2344,217944,66053,1408,1
2345,251752,76276,1408,1
2346,215980,65433,1408,1
2347,377860,114488,1408,1
2348,304760,92448,1408,1
2349,254938,77259,1408,1
2350,220826,66908,1408,1
2351,1095663,332304,1408,1
2352,332744,100831,1408,1
2353,217138,65806,1408,1
2354,264818,80263,1408,1
2355,252406,76487,1408,1
2356,408588,123853,1408,1
2357,4331393,1312183,1408,1
2358,386160,117103,1408,1
2359,340764,103261,1408,1
2360,896948,271997,1408,1
2361,618364,187399,1408,1
2362,814240,246634,1408,1
2363,288096,87325,1408,1
2364,1101982,333812,1408,1
2365,339880,102982,1408,1
2366,379358,114955,1408,1
2367,336694,102014,1408,1
2368,482842,146368,1408,1
2369,2274036,688687,1408,1
2370,483508,146492,1408,1
2371,351318,106455,1408,1
2372,350608,106247,1408,1
2373,280344,84948,1408,1
2374,466910,141439,1408,1
2375,221756,67224,1408,1
2376,777866,235608,1408,1
2377,836246,253281,1408,1
2378,238236,72182,1408,1
2379,238120,72132,1408,1
2380,503124,152378,1408,1
2381,203850,61766,1408,1
2382,307654,93218,1408,1
2383,230024,69706,1408,1
2384,217368,65891,1408,1
2385,307114,93052,1408,1
2386,297596,90182,1408,1
2387,406256,123064,1408,1
2388,559012,169333,1408,1
2389,244776,74163,1408,1
2390,240058,72826,1408,1
2391,414262,125580,1408,1
2392,309152,93671,1408,1
2393,266530,80766,1408,1
2394,307160,93080,1408,1
2395,229036,69396,1408,1
2396,374698,113532,1408,1
2397,227934,69066,1408,1
2398,226860,68724,1408,1
2399,194400,58893,1408,1
2400,227422,68893,1408,1
2401,194090,58800,1408,1
2402,197964,60083,1408,1
2403,859112,260218,1408,1
2404,308460,93458,1408,1
2405,204710,62046,1408,1
2406,243972,73933,1408,1
2407,206938,62692,1408,1
2408,301896,91475,1408,1
2409,386242,117016,1408,1
2410,597190,181070,1408,1
2411,945293,286619,1408,1
2412,272398,82540,1408,1
2413,624352,189146,1408,1
2414,952706,288797,1408,1
2415,210454,63783,1408,1
2416,2190764,663708,1408,1
2417,611996,185743,1408,1
2418,827945,251066,1408,1
2419,1461652,443080,1408,1
2420,418600,126823,1408,1
2421,304160,92190,1408,1
2422,379908,115116,1408,1
2423,315940,95714,1408,1
2424,822690,249210,1408,1
2425,497566,150738,1408,1
2426,306770,92947,1408,1
2427,933818,283387,1408,1
2428,369248,111895,1408,1
2429,396194,120032,1408,1
2430,615376,186423,1408,1
2431,354044,107268,1408,1
2432,686514,207967,1408,1
2433,395308,119782,1408,1
2434,439518,133171,1408,1
2435,445184,134889,1408,1
2436,1117086,338696,1408,1
2437,283886,86036,1408,1
2438,221368,67090,1408,1
2439,332402,100725,1408,1
2440,526356,159496,1408,1
2441,630352,191028,1408,1
2442,747518,226487,1408,1
2443,322706,97809,1408,1
2444,796390,241223,1408,1
2445,797998,241709,1408,1
2446,401242,122264,1408,1
2447,577868,175065,1408,1
2448,374588,113487,1408,1
2449,387498,117408,1408,1
2450,461328,139784,1408,1
2451,411708,124715,1408,1
2452,836640,253844,1408,1
2453,348298,105549,1408,1
2454,1861009,564149,1408,1
2455,3160448,957849,1408,1
2456,357750,108402,1408,1
2457,889516,269680,1408,1
2458,358974,108743,1408,1
2459,1349234,409045,1408,1
2460,2367866,717434,1408,1
2461,857848,259922,1408,1
2462,283766,86005,1408,1
2463,380464,115270,1408,1
2464,668236,202429,1408,1
2465,269768,81774,1408,1
2466,461958,139920,1408,1
2467,229560,69566,1408,1
2468,392132,118891,1408,1
2469,855640,259284,1408,1
2470,416204,126092,1408,1
2471,719666,218661,1408,1
2472,220954,66972,1408,1
2473,414102,125455,1408,1
2474,594098,180022,1408,1
2475,636174,193056,1408,1
2476,756524,229177,1408,1
2477,368714,111697,1408,1
2478,296832,89944,1408,1
2479,331022,100361,1408,1
2480,222924,67551,1408,1
2481,864298,261905,1408,1
2482,520634,157759,1408,1
2483,539884,163579,1408,1
2484,405816,122974,1408,1
2485,388334,117663,1408,1
2486,1112574,337207,1408,1
2487,934480,283217,1408,1
2488,357814,108443,1408,1
2489,727604,220418,1408,1
2490,556184,168511,1408,1
2491,529230,160458,1408,1
2492,1098532,332831,1408,1
2493,306616,92920,1408,1
2494,479404,145346,1408,1
2495,572210,173367,1408,1
2496,861802,261170,1408,1
2497,837110,253571,1408,1
2498,433080,131236,1408,1
2499,529750,160491,1408,1
2500,483240,146541,1408,1
2501,591948,179347,1408,1
2502,604468,183133,1408,1
2503,541868,164171,1408,1
2504,483892,146610,1408,1
2505,551454,167056,1408,1
2506,580192,176047,1408,1
2507,527236,159723,1408,1
2508,897796,271987,1408,1
2509,455216,137934,1408,1
2510,509254,154413,1408,1
2511,450318,136575,1408,1
2512,422984,128189,1408,1
2513,1495838,453060,1408,1
2514,1435648,435183,1408,1
2515,463144,140732,1408,1
2516,1859526,563526,1408,1
2517,720674,218318,1408,1
2518,634798,192316,1408,1
2519,904102,274125,1408,1
2520,1014690,307529,1408,1
2521,1056184,320075,1408,1
2522,936004,283589,1408,1
2523,391656,118684,1408,1
2524,401168,121566,1408,1
2525,397956,120559,1408,1
2526,1529240,463445,1408,1
2527,466660,141391,1408,1
2528,527576,159803,1408,1
2529,387798,117506,1408,1
2530,753522,228287,1408,1
2531,987144,299256,1408,1
2532,565980,171464,1408,1
2533,488102,147888,1408,1
2534,363988,110308,1408,1
2535,389266,117911,1408,1
2536,292470,88649,1408,1
2537,490258,148513,1408,1
2538,258942,78475,1408,1
2539,389890,118095,1408,1
2540,350636,106222,1408,1
2541,518328,157469,1408,1
2542,846816,256532,1408,1
2543,1246836,378107,1408,1
2544,672552,203805,1408,1
2545,879846,266540,1408,1
2546,530652,160755,1408,1
2547,488624,148024,1408,1
2548,447078,135424,1408,1
2549,408372,123722,1408,1
2550,413532,125335,1408,1
2551,366710,111111,1408,1
2552,446420,135234,1408,1
2553,366616,111048,1408,1
2554,748858,226847,1408,1
2555,464914,140920,1408,1
2556,350396,106164,1408,1
2557,441718,133837,1408,1
2558,294664,89414,1408,1
2559,266904,80873,1408,1
2560,293554,88955,1408,1
2561,491662,148913,1408,1
2562,787720,238612,1408,1
2563,379710,115046,1408,1
2564,378434,114660,1408,1
2565,300862,91136,1408,1
2566,262504,79520,1408,1
2567,961248,291137,1408,1
2568,263974,79986,1408,1
2569,224560,68064,1408,1
2570,225730,68385,1408,1
2571,262924,79665,1408,1
2572,225402,68285,1408,1
2573,761464,230658,1408,1
2574,316340,95869,1408,1
2575,262528,79530,1408,1
2576,300634,91078,1408,1
2577,742608,224933,1408,1
2578,366588,111041,1408,1
2579,258932,78470,1408,1
2580,261316,79190,1408,1
2581,368326,111565,1408,1
2582,518256,156995,1408,1
2583,223158,67634,1408,1
2584,663592,200988,1408,1
2585,741724,224664,1408,1
2586,416318,126123,1408,1
2587,500672,151658,1408,1
2588,212418,64457,1408,1
2589,248442,75278,1408,1
2590,210694,63844,1408,1
2591,248166,75195,1408,1
2592,535192,162109,1408,1
2593,702772,212875,1408,1
2594,743030,225081,1408,1
2595,392218,118829,1408,1
2596,832918,253143,1408,1
2597,316196,95806,1408,1
2598,241458,73160,1408,1
2599,539812,163547,1408,1
2600,516080,156459,1408,1
2601,761710,230734,1408,1
2602,310766,94169,1408,1
2603,691690,209534,1408,1
2604,424810,128713,1408,1
2605,586702,177735,1408,1
2606,548926,166301,1408,1
2607,442746,134136,1408,1
2608,503006,152401,1408,1
2609,612004,185477,1408,1
2610,361758,109619,1408,1
2611,754716,228929,1408,1
2612,1468746,444861,1408,1
2613,498728,151084,1408,1
2614,439330,134501,1408,1
2615,379318,115064,1408,1
2616,1075014,325566,1408,1
2617,686726,208689,1408,1
2618,1760316,533239,1408,1
2619,399654,121079,1408,1
2620,2485605,753891,1408,1
2621,279878,84813,1408,1
2622,497996,150861,1408,1
2623,504872,152972,1408,1
2624,328282,99481,1408,1
2625,312764,94764,1408,1
2626,596226,180610,1408,1
2627,311476,94364,1408,1
2628,412066,124852,1408,1
2629,342018,103641,1408,1
2630,725891,220232,1408,1
2631,1280402,388014,1408,1
2632,383850,116305,1408,1
2633,246004,74554,1408,1
2634,589798,179047,1408,1
2635,509674,154384,1408,1
2636,326792,99029,1408,1
2637,310880,94167,1408,1
2638,340398,103135,1408,1
2639,615838,187082,1408,1
2640,440266,133493,1408,1
2641,310410,94122,1408,1
2642,581506,176181,1408,1
2643,507592,153760,1408,1
2644,369882,112085,1408,1
2645,277374,84050,1408,1
2646,349818,105987,1408,1
2647,276280,83708,1408,1
2648,208702,63225,1408,1
2649,310196,93960,1408,1
2650,312768,94738,1408,1
2651,447970,135743,1408,1
2652,396196,120054,1408,1
2653,1028840,311645,1408,1
2654,1046022,317478,1408,1
2655,564168,170906,1408,1
2656,216026,65444,1408,1
2657,216816,65708,1408,1
2658,359788,108992,1408,1
2659,244922,74224,1408,1
2660,532434,161285,1408,1
2661,315264,95523,1408,1
2662,311798,94463,1408,1
2663,522908,158483,1408,1
2664,319306,96724,1408,1
2665,1031850,312626,1408,1
2666,209906,63687,1408,1
2667,415464,125834,1408,1
2668,269342,81588,1408,1
2669,200448,60752,1408,1
2670,268516,81340,1408,1
2671,415222,125806,1408,1
2672,337956,102365,1408,1
2673,380102,115171,1408,1
2674,205302,62221,1408,1
2675,320766,97217,1408,1
2676,315660,95627,1408,1
2677,204744,62040,1408,1
2678,202086,61233,1408,1
2679,236330,71618,1408,1
2680,626490,189816,1408,1
2681,601912,182330,1408,1
2682,1303248,394967,1408,1
2683,525194,159120,1408,1
2684,541250,163962,1408,1
2685,703322,213044,1408,1
2686,474468,143745,1408,1
2687,387130,117296,1408,1
2688,715798,216835,1408,1
2689,385136,116778,1408,1
2690,321148,97302,1408,1
2691,401484,121626,1408,1
2692,460618,139538,1408,1
2693,941100,285185,1408,1
2694,371854,112689,1408,1
2695,254476,77114,1408,1
2696,430026,130246,1408,1
2697,218182,66097,1408,1
2698,619564,187692,1408,1
2699,503352,152512,1408,1
2700,252980,76666,1408,1
2701,243288,73729,1408,1
2702,239478,72562,1408,1
2703,526284,159397,1408,1
2704,293556,88947,1408,1
2705,390130,118170,1408,1
2706,205642,62299,1408,1
2707,205442,62239,1408,1
2708,691404,209436,1408,1
2709,345952,104804,1408,1
2710,204958,62104,1408,1
2711,275588,83492,1408,1
2712,205550,62272,1408,1
2713,377840,114444,1408,1
2714,834260,252695,1408,1
2715,248624,75341,1408,1
2716,345752,104758,1408,1
2717,207010,62727,1408,1
2718,204234,61890,1408,1
2719,240518,72873,1408,1
2720,332460,100733,1408,1
2721,244728,74165,1408,1
2722,941327,285380,1408,1
2723,439932,133289,1408,1
2724,444364,134617,1408,1
2725,631998,191541,1408,1
2726,361170,109397,1408,1
2727,328042,99395,1408,1
2728,220146,66723,1408,1
2729,229208,69440,1408,1
2730,325926,98738,1408,1
2731,363690,110188,1408,1
2732,326262,98835,1408,1
2733,285986,86683,1408,1
2734,326654,99031,1408,1
2735,288146,87293,1408,1
2736,1052974,318926,1408,1
2737,553984,167799,1408,1
2738,370966,112381,1408,1
2739,297590,90158,1408,1
2740,270960,82117,1408,1
2741,285016,86386,1408,1
2742,458600,138943,1408,1
2743,320072,96980,1408,1
2744,572654,173481,1408,1
2745,285182,86402,1408,1
2746,247976,75147,1408,1
2747,393662,119281,1408,1
2748,283930,86008,1408,1
2749,261908,79383,1408,1
2750,239830,72702,1408,1
2751,337988,102426,1408,1
2752,265548,80493,1408,1
2753,212802,64499,1408,1
2754,640260,193949,1408,1
2755,242152,73404,1408,1
2756,215696,65363,1408,1
2757,287560,87106,1408,1
2758,291592,88326,1408,1
2759,394722,119570,1408,1
2760,293720,89038,1408,1
2761,216498,65614,1408,1
2762,213190,64616,1408,1
2763,246788,74761,1408,1
2764,683160,206929,1408,1
2765,369506,111922,1408,1
2766,611030,185104,1408,1
2767,243924,73910,1408,1
2768,2402658,727743,1408,1
2769,893550,270661,1408,1
2770,402730,121998,1408,1
2771,323856,98145,1408,1
2772,361046,109417,1408,1
2773,535896,162388,1408,1
2774,362428,109954,1408,1
2775,295026,89371,1408,1
2776,368368,111631,1408,1
2777,437496,132543,1408,1
2778,1183464,358533,1408,1
2779,1014374,307244,1408,1
2780,359746,109009,1408,1
2781,318230,96445,1408,1
2782,1145588,347065,1408,1
2783,687226,208181,1408,1
2784,919338,278533,1408,1
2785,455426,137988,1408,1
2786,671346,203383,1408,1
2787,427008,129383,1408,1
2788,536146,162432,1408,1
2789,384720,116569,1408,1
2790,387594,117457,1408,1
2791,779078,236752,1408,1
2792,405196,122755,1408,1
2793,360662,109273,1408,1
2794,742710,224984,1408,1
2795,931786,282231,1408,1
2796,612852,185620,1408,1
2797,334220,101264,1408,1
2798,318306,96427,1408,1
2799,397572,120484,1408,1
2800,387494,117546,1408,1
2801,696860,211106,1408,1
2802,597742,181090,1408,1
2803,458264,138859,1408,1
2804,411800,124781,1408,1
2805,384190,116455,1408,1
2806,643782,195035,1408,1
2807,538794,163235,1408,1
2808,732452,221947,1408,1
2809,425864,129027,1408,1
2810,530728,161088,1408,1
2811,562176,170330,1408,1
2812,1023654,310714,1408,1
2813,629008,190537,1408,1
2814,1004532,304571,1408,1
2815,430356,130411,1408,1
2816,650736,197148,1408,1
2817,1150926,348601,1408,1
2818,363806,110256,1408,1
2819,1024342,310490,1408,1
2820,670418,203072,1408,1
2821,489304,148516,1408,1
2822,324010,98193,1408,1
2823,313554,95034,1408,1
2824,467338,141556,1408,1
2825,432748,131109,1408,1
2826,365076,110630,1408,1
2827,693788,210189,1408,1
2828,369238,111844,1408,1
2829,740944,224464,1408,1
2830,707424,214299,1408,1
2831,498486,151012,1408,1
2832,326732,98987,1408,1
2833,315410,95599,1408,1
2834,354946,107553,1408,1
2835,608304,184274,1408,1
2836,887582,268836,1408,1
2837,368912,111798,1408,1
2838,371324,112510,1408,1
2839,360796,109381,1408,1
2840,330948,100281,1408,1
2841,422214,128034,1408,1
2842,348376,105577,1408,1
2843,1143452,346793,1408,1
2844,393448,119287,1408,1
2845,1345022,407383,1408,1
2846,570202,172793,1408,1
2847,396416,120112,1408,1
2848,816258,247651,1408,1
2849,517712,156893,1408,1
2850,549862,166543,1408,1
2851,650514,197069,1408,1
2852,445782,135093,1408,1
2853,464834,140820,1408,1
2854,478818,145329,1408,1
2855,407550,123614,1408,1
2856,896946,271753,1408,1
2857,1559628,473438,1408,1
2858,1088166,329643,1408,1
2859,659148,199698,1408,1
2860,386222,117032,1408,1
2861,454218,137608,1408,1
2862,489500,148277,1408,1
2863,922130,279393,1408,1
2864,240380,72821,1408,1
2865,274148,83082,1408,1
2866,434548,131622,1408,1
2867,236146,71541,1408,1
2868,610302,184889,1408,1
2869,235824,71475,1408,1
2870,279646,84742,1408,1
2871,356320,107951,1408,1
2872,274502,83155,1408,1
2873,478256,145080,1408,1
2874,272688,82620,1408,1
2875,427816,129590,1408,1
2876,278756,84568,1408,1
2877,285436,86490,1408,1
2878,429450,130126,1408,1
2879,302482,91630,1408,1
2880,350094,106101,1408,1
2881,230576,69885,1408,1
2882,591394,179117,1408,1
2883,312084,94539,1408,1
2884,480478,145660,1408,1
2885,597248,180922,1408,1
2886,418682,126854,1408,1
2887,458564,139017,1408,1
2888,484198,146706,1408,1
2889,294456,89342,1408,1
2890,398940,120884,1408,1
2891,545210,165158,1408,1
2892,363778,110236,1408,1
2893,984342,298167,1408,1
2894,327944,99392,1408,1
2895,385218,116728,1408,1
2896,842384,255217,1408,1
2897,665702,201671,1408,1
2898,253676,76878,1408,1
2899,307608,93205,1408,1
2900,555210,168186,1408,1
2901,738986,223818,1408,1
2902,435174,131806,1408,1
2903,211610,64106,1408,1
2904,218012,66075,1408,1
2905,212910,64504,1408,1
2906,211568,64095,1408,1
2907,609118,184537,1408,1
2908,462456,140065,1408,1
2909,246886,74790,1408,1
2910,247208,74898,1408,1
2911,610850,185030,1408,1
2912,211298,64012,1408,1
2913,247020,74831,1408,1
2914,247422,74965,1408,1
2915,709148,214810,1408,1
2916,318084,96373,1408,1
2917,500098,151480,1408,1
2918,387112,117433,1408,1
2919,408742,123843,1408,1
2920,213936,64843,1408,1
2921,355930,107809,1408,1
2922,413158,125168,1408,1
2923,379122,114832,1408,1
2924,448656,135888,1408,1
2925,277210,84002,1408,1
2926,1257730,380926,1408,1
2927,555452,168226,1408,1
2928,628048,190236,1408,1
2929,343674,104108,1408,1
2930,346726,105267,1408,1
2931,206372,62531,1408,1
2932,765122,231734,1408,1
2933,241452,73156,1408,1
2934,450776,136572,1408,1
2935,558386,169143,1408,1
2936,204708,62032,1408,1
2937,205890,62390,1408,1
2938,438560,132870,1408,1
2939,383018,116025,1408,1
2940,251000,76094,1408,1
2941,347272,105199,1408,1
2942,199114,60427,1408,1
2943,374002,113307,1408,1
2944,1127342,341447,1408,1
2945,274670,83230,1408,1
2946,505446,153159,1408,1
2947,626078,189653,1408,1
2948,447770,135755,1408,1
2949,196806,59640,1408,1
2950,523772,158739,1408,1
2951,296300,89778,1408,1
2952,291792,88436,1408,1
2953,433152,131217,1408,1
2954,670776,203204,1408,1
2955,456170,138297,1408,1
2956,352364,106784,1408,1
2957,365406,110725,1408,1
2958,635266,192425,1408,1
2959,354050,107264,1408,1
2960,353012,106950,1408,1
2961,898860,272641,1408,1
2962,350360,106135,1408,1
2963,477686,144861,1408,1
2964,455370,138082,1408,1
2965,511874,155120,1408,1
2966,359272,108857,1408,1
2967,315376,95557,1408,1
2968,426250,129113,1408,1
2969,429374,130084,1408,1
2970,374752,113706,1408,1
2971,744670,225562,1408,1
2972,886928,269180,1408,1
2973,333746,101142,1408,1
2974,794154,240546,1408,1
2975,383676,116225,1408,1
2976,616632,186991,1408,1
2977,298776,90540,1408,1
2978,860898,260764,1408,1
2979,356832,108126,1408,1
2980,765416,232289,1408,1
2981,396966,120298,1408,1
2982,525066,159056,1408,1
2983,553630,167733,1408,1
2984,420726,127473,1408,1
2985,770376,233462,1408,1
2986,408938,123899,1408,1
2987,413342,125257,1408,1
2988,280196,84875,1408,1
2989,348676,105615,1408,1
2990,245732,74439,1408,1
2991,243890,73906,1408,1
2992,222756,67523,1408,1
2993,230244,69790,1408,1
2994,291520,88344,1408,1
2995,557342,168932,1408,1
2996,394214,119433,1408,1
2997,459546,139232,1408,1
2998,498928,151174,1408,1
2999,306066,92718,1408,1
3000,475134,143991,1408,1
3001,482632,146353,1408,1
3002,374880,113593,1408,1
3003,395350,119773,1408,1
3004,380336,115776,1408,1
3005,325196,99197,1408,1
3006,326422,98883,1408,1
3007,447666,135634,1408,1
3008,206692,62644,1408,1
3009,298648,90482,1408,1
3010,492558,149198,1408,1
3011,356792,108079,1408,1
3012,770536,233396,1408,1
3013,272086,82447,1408,1
3014,267636,81088,1408,1
3015,802466,243033,1408,1
3016,369886,112034,1408,1
3017,269134,81553,1408,1
3018,932843,283221,1408,1
3019,469904,142383,1408,1
3020,564476,171356,1408,1
3021,506796,153549,1408,1
3022,976656,296107,1408,1
3023,623789,189214,1408,1
3024,426616,129221,1408,1
3025,322722,97770,1408,1
3026,842220,255282,1408,1
3027,367670,111405,1408,1
3028,757434,229461,1408,1
3029,1349486,409033,1408,1
3030,599608,181631,1408,1
3031,384990,116653,1408,1
3032,447708,135654,1408,1
3033,1057510,320282,1408,1
3034,543726,164699,1408,1
3035,400342,121293,1408,1
3036,460644,139559,1408,1
3037,486760,147484,1408,1
3038,632278,191555,1408,1
3039,565886,171432,1408,1
3040,533890,161742,1408,1
3041,297784,90221,1408,1
3042,223276,67653,1408,1
3043,260012,78793,1408,1
3044,296318,89786,1408,1
3045,393226,119151,1408,1
3046,369684,112005,1408,1
3047,221672,67181,1408,1
3048,369822,112065,1408,1
3049,320016,96943,1408,1
3050,445304,134903,1408,1
3051,719210,217859,1408,1
3052,1290276,391240,1408,1
3053,697024,211132,1408,1
3054,360124,109090,1408,1
3055,892488,270300,1408,1
3056,474776,143838,1408,1
3057,399250,120979,1408,1
3058,354772,107506,1408,1
3059,595832,180505,1408,1
3060,222664,67483,1408,1
3061,562828,170491,1408,1
3062,342094,103667,1408,1
3063,369282,111866,1408,1
3064,225770,68424,1408,1
3065,606892,183849,1408,1
3066,964704,292365,1408,1
3067,524950,159042,1408,1
3068,464188,140680,1408,1
3069,591438,179370,1408,1
3070,344668,104440,1408,1
3071,452332,137091,1408,1
3072,380042,115152,1408,1
3073,330342,100107,1408,1
3074,756908,229268,1408,1
3075,472038,143335,1408,1
3076,520036,157502,1408,1
3077,333312,100991,1408,1
3078,466722,141404,1408,1
3079,306144,92778,1408,1
3080,332942,100902,1408,1
3081,1151112,348676,1408,1
3082,852918,258361,1408,1
3083,359558,108956,1408,1
3084,472190,143025,1408,1
3085,354850,107513,1408,1
3086,414486,125557,1408,1
3087,3234518,980199,1408,1
3088,1014230,307227,1408,1
3089,656468,198867,1408,1
3090,433020,131223,1408,1
3091,3412355,1033734,1408,1
3092,518800,157154,1408,1
3093,641770,194431,1408,1
3094,782308,237361,1408,1
3095,1309768,396704,1408,1
3096,371352,112637,1408,1
3097,625140,189375,1408,1
3098,643768,195026,1408,1
3099,467828,141760,1408,1
3100,240134,72775,1408,1
3101,514604,155889,1408,1
3102,390988,118472,1408,1
3103,438606,132867,1408,1
3104,595344,180339,1408,1
3105,236698,71735,1408,1
3106,436292,132179,1408,1
3107,356860,108091,1408,1
3108,483644,146589,1408,1
3109,572620,173462,1408,1
3110,287210,87011,1408,1
3111,767754,232515,1408,1
3112,264694,80184,1408,1
3113,302172,91562,1408,1
3114,227510,68952,1408,1
3115,489892,148383,1408,1
3116,263576,79860,1408,1
3117,460372,139497,1408,1
3118,383012,116044,1408,1
3119,226156,68529,1408,1
3120,467270,141558,1408,1
3121,411170,124741,1408,1
3122,352330,106751,1408,1
3123,276172,83708,1408,1
3124,303014,91803,1408,1
3125,228406,69227,1408,1
3126,1124372,341071,1408,1
3127,380062,115132,1408,1
3128,378738,114732,1408,1
3129,227074,68822,1408,1
3130,224996,68191,1408,1
3131,643808,195003,1408,1
3132,339094,102713,1408,1
3133,339926,102967,1408,1
3134,348224,105485,1408,1
3135,459074,139076,1408,1
3136,757548,229888,1408,1
3137,1101172,333525,1408,1
3138,380898,115398,1408,1
3139,302184,91535,1408,1
3140,440234,133351,1408,1
3141,293894,89054,1408,1
3142,365224,110626,1408,1
3143,217674,65944,1408,1
3144,297236,90083,1408,1
3145,220284,66764,1408,1
3146,663602,201022,1408,1
3147,1239166,376066,1408,1
3148,348646,105653,1408,1
3149,383260,116159,1408,1
3150,579844,175663,1408,1
3151,602602,182542,1408,1
3152,304192,92149,1408,1
3153,326702,98960,1408,1
3154,393812,119396,1408,1
3155,435340,131883,1408,1
3156,232648,70497,1408,1
3157,745258,225773,1408,1
3158,371294,112503,1408,1
3159,421882,127823,1408,1
3160,298864,90638,1408,1
3161,223428,67686,1408,1
3162,337446,102237,1408,1
3163,415218,125794,1408,1
3164,370658,112297,1408,1
3165,595134,180608,1408,1
3166,517640,156826,1408,1
3167,300872,91254,1408,1
3168,302134,91520,1408,1
3169,338128,102451,1408,1
3170,254482,77122,1408,1
3171,392736,118978,1408,1
3172,212574,64400,1408,1
3173,319920,96907,1408,1
3174,319608,96825,1408,1
3175,211172,63976,1408,1
3176,247454,74961,1408,1
3177,374018,113332,1408,1
3178,323326,97965,1408,1
3179,556990,168719,1408,1
3180,243324,73756,1408,1
3181,347932,105388,1408,1
3182,207232,62781,1408,1
3183,271162,82147,1408,1
3184,558278,169333,1408,1
3185,278500,84379,1408,1
3186,276490,83772,1408,1
3187,423352,128251,1408,1
3188,408856,123876,1408,1
3189,380928,115461,1408,1
3190,280270,84925,1408,1
3191,211248,64023,1408,1
3192,714234,216360,1408,1
3193,431192,130644,1408,1
3194,405784,123010,1408,1
3195,615856,186546,1408,1
3196,697336,211212,1408,1
3197,769752,233224,1408,1
3198,1032068,312629,1408,1
3199,310058,93960,1408,1
3200,415253,126250,1408,1
3201,406596,123266,1408,1
3202,660886,200275,1408,1
3203,261058,79108,1408,1
3204,636794,192899,1408,1
3205,255470,77430,1408,1
3206,246544,74701,1408,1
3207,208902,63287,1408,1
3208,360998,109370,1408,1
3209,508894,154167,1408,1
3210,712108,215792,1408,1
3211,345420,104663,1408,1
3212,291378,88262,1408,1
3213,362486,109834,1408,1
3214,197502,59847,1408,1
3215,266648,80781,1408,1
3216,518544,157077,1408,1
3217,221848,67306,1408,1
3218,261558,79254,1408,1
3219,260922,79054,1408,1
3220,261834,79341,1408,1
3221,195048,59101,1408,1
3222,720160,218128,1408,1
3223,197614,59894,1408,1
3224,260080,78784,1408,1
3225,294288,89141,1408,1
3226,423568,128289,1408,1
3227,296066,89722,1408,1
3228,227258,68869,1408,1
3229,514544,155880,1408,1
3230,195192,59143,1408,1
3231,410166,124275,1408,1
3232,201492,61069,1408,1
3233,233378,70711,1408,1
3234,198472,60128,1408,1
3235,265778,80533,1408,1
3236,436940,132444,1408,1
3237,275852,83591,1408,1
3238,198974,60290,1408,1
3239,285854,86631,1408,1
3240,1141944,345866,1408,1
3241,407890,123587,1408,1
3242,312066,94542,1408,1
3243,797888,242004,1408,1
3244,273046,82734,1408,1
3245,375888,113878,1408,1
3246,288266,87326,1408,1
3247,543820,164731,1408,1
3248,753720,228334,1408,1
3249,450218,136397,1408,1
3250,980457,298113,1408,1
3251,749617,227403,1408,1
3252,349748,105983,1408,1
3253,945456,286423,1408,1
3254,473044,143471,1408,1
3255,315398,95688,1408,1
3256,572242,173367,1408,1
3257,310874,94195,1408,1
3258,607210,183915,1408,1
3259,493056,149356,1408,1
3260,207068,62732,1408,1
3261,205214,62180,1408,1
3262,240512,72859,1408,1
3263,206046,62423,1408,1
3264,382226,115788,1408,1
3265,206868,62673,1408,1
3266,241230,73158,1408,1
3267,207498,62891,1408,1
3268,501514,152182,1408,1
3269,471760,142927,1408,1
3270,382710,115931,1408,1
3271,216676,65665,1408,1
3272,380748,115337,1408,1
3273,382618,115917,1408,1
3274,309328,93697,1408,1
3275,283274,85819,1408,1
3276,211900,64196,1408,1
3277,469818,142327,1408,1
3278,211348,64029,1408,1
3279,284412,86183,1408,1
3280,532288,161215,1408,1
3281,567510,171879,1408,1
3282,303092,91825,1408,1
3283,393454,119203,1408,1
3284,737276,223330,1408,1
3285,212370,64368,1408,1
3286,693506,210071,1408,1
3287,353504,107101,1408,1
3288,290162,87960,1408,1
3289,650016,196907,1408,1
3290,214446,64998,1408,1
3291,282632,85625,1408,1
3292,467296,141561,1408,1
3293,246382,74667,1408,1
3294,312202,94581,1408,1
3295,240934,72988,1408,1
3296,275092,83332,1408,1
3297,598768,181372,1408,1
3298,259312,78572,1408,1
3299,416486,126169,1408,1
3300,377838,114467,1408,1
3301,309734,93910,1408,1
3302,480904,145690,1408,1
3303,243522,73770,1408,1
3304,205152,62163,1408,1
3305,357510,108314,1408,1
3306,352710,106853,1408,1
3307,484746,146873,1408,1
3308,211004,63949,1408,1
3309,534562,161977,1408,1
3310,253454,76806,1408,1
3311,674106,204199,1408,1
3312,416936,126398,1408,1
3313,552774,167477,1408,1
3314,718696,217719,1408,1
3315,479942,145410,1408,1
3316,388776,117753,1408,1
3317,712750,216399,1408,1
3318,625002,189314,1408,1
3319,1080500,327407,1408,1
3320,329756,99927,1408,1
3321,450362,136439,1408,1
3322,502403,152714,1408,1
3323,1666486,505231,1408,1
3324,290520,88041,1408,1
3325,409654,124116,1408,1
3326,359732,108999,1408,1
3327,341504,103481,1408,1
3328,287260,87056,1408,1
3329,380500,115327,1408,1
3330,302624,91717,1408,1
3331,553541,168264,1408,1
3332,387708,117470,1408,1
3333,406928,123281,1408,1
3334,417708,126558,1408,1
3335,294696,89280,1408,1
3336,300132,90932,1408,1
3337,484742,146899,1408,1
3338,288306,87367,1408,1
3339,571944,173296,1408,1
3340,293862,89117,1408,1
3341,255296,77382,1408,1
3342,285506,86535,1408,1
3343,253458,76808,1408,1
3344,431626,130793,1408,1
3345,366934,111282,1408,1
3346,341606,103495,1408,1
3347,867306,265177,1408,1
3348,271150,82140,1408,1
3349,702528,212795,1408,1
3350,279446,84683,1408,1
3351,514010,155710,1408,1
3352,222772,67488,1408,1
3353,331560,100456,1408,1
3354,280630,85057,1408,1
3355,296174,89768,1408,1
3356,263178,79751,1408,1
3357,277136,83996,1408,1
3358,436786,132327,1408,1
3359,699780,212141,1408,1
3360,708548,214614,1408,1
3361,261790,79304,1408,1
3362,294926,89349,1408,1
3363,423316,128262,1408,1
3364,408436,123758,1408,1
3365,2501554,758135,1408,1
3366,268708,81441,1408,1
3367,466930,141471,1408,1
3368,351758,106588,1408,1
3369,425184,128818,1408,1
3370,940638,285130,1408,1
3371,630570,191033,1408,1
3372,500504,151624,1408,1
3373,384738,116563,1408,1
3374,993708,301001,1408,1
3375,354168,107331,1408,1
3376,1066021,323233,1408,1
3377,597302,180933,1408,1
3378,854062,258904,1408,1
3379,594356,180060,1408,1
3380,411638,124742,1408,1
3381,352936,106992,1408,1
3382,625624,189514,1408,1
3383,3381859,1024756,1408,1
3384,1525248,462186,1408,1
3385,933410,282798,1408,1
3386,728400,220656,1408,1
3387,434768,131735,1408,1
3388,394586,119571,1408,1
3389,1932790,585481,1408,1
3390,1414024,428833,1408,1
3391,516364,156450,1408,1
3392,1117420,338421,1408,1
3393,3648873,1105518,1408,1
3394,367148,111246,1408,1
3395,531490,161032,1408,1
3396,474400,143758,1408,1
3397,498550,151052,1408,1
3398,467100,141529,1408,1
3399,930700,281915,1408,1
3400,398730,120810,1408,1
3401,550328,166739,1408,1
3402,400134,121234,1408,1
3403,397346,120373,1408,1
3404,460992,139682,1408,1
3405,1279656,387670,1408,1
3406,937610,284105,1408,1
3407,452756,137226,1408,1
3408,420888,127610,1408,1
3409,520774,157786,1408,1
3410,1196744,362471,1408,1
3411,512018,155116,1408,1
3412,999212,302822,1408,1
3413,509368,154357,1408,1
3414,401522,121636,1408,1
3415,607684,184132,1408,1
3416,452482,137079,1408,1
3417,458136,138815,1408,1
3418,609676,184652,1408,1
3419,257320,77968,1408,1
3420,370410,112249,1408,1
3421,259978,78775,1408,1
3422,671992,203552,1408,1
3423,352708,106867,1408,1
3424,355844,107789,1408,1
3425,542184,164689,1408,1
3426,475014,143879,1408,1
3427,239190,72462,1408,1
3428,241490,73190,1408,1
3429,379856,115107,1408,1
3430,308472,93475,1408,1
3431,234150,70968,1408,1
3432,382054,115753,1408,1
3433,596918,180919,1408,1
3434,507748,153816,1408,1
3435,581758,176323,1408,1
3436,1032502,313140,1408,1
3437,234968,71222,1408,1
3438,363556,110174,1408,1
3439,354220,107338,1408,1
3440,603278,182963,1408,1
3441,435676,132027,1408,1
3442,583230,176680,1408,1
3443,886912,268640,1408,1
3444,1110822,336601,1408,1
3445,730840,221443,1408,1
3446,235154,71267,1408,1
3447,522626,158303,1408,1
3448,247692,75072,1408,1
3449,1216530,368559,1408,1
3450,408046,123627,1408,1
3451,766410,232125,1408,1
3452,679922,205951,1408,1
3453,260728,78982,1408,1
3454,442240,133972,1408,1
3455,298836,90562,1408,1
3456,325378,98589,1408,1
3457,804374,243629,1408,1
3458,274732,83236,1408,1
3459,204682,62009,1408,1
3460,206528,62568,1408,1
3461,345866,104788,1408,1
3462,418974,126923,1408,1
3463,234918,71164,1408,1
3464,267562,81051,1408,1
3465,609274,184522,1408,1
3466,233162,70660,1408,1
3467,200020,60596,1408,1
3468,300790,91110,1408,1
3469,268002,81183,1408,1
3470,489432,148269,1408,1
3471,193618,58674,1408,1
3472,226574,68650,1408,1
3473,227240,68854,1408,1
3474,228542,69246,1408,1
3475,230592,69878,1408,1
3476,255472,77396,1408,1
3477,381938,115727,1408,1
3478,516264,156397,1408,1
3479,252894,76618,1408,1
3480,318846,96601,1408,1
3481,182908,55412,1408,1
3482,308738,93540,1408,1
3483,245220,74283,1408,1
3484,435772,132006,1408,1
3485,312522,94668,1408,1
3486,678862,205594,1408,1
3487,1517009,459810,1408,1
3488,526324,159401,1408,1
3489,787170,238411,1408,1
3490,306384,92802,1408,1
3491,183432,55580,1408,1
3492,185920,56348,1408,1
3493,346524,104992,1408,1
3494,274932,83303,1408,1
3495,217556,65937,1408,1
3496,233056,70598,1408,1
3497,175810,53285,1408,1
3498,205984,62421,1408,1
3499,441956,133854,1408,1
3500,499050,151179,1408,1
3501,717268,217257,1408,1
3502,394348,119459,1408,1
3503,241346,73109,1408,1
3504,314848,95424,1408,1
3505,263786,79913,1408,1
3506,351044,106364,1408,1
3507,459126,139067,1408,1
3508,367926,111555,1408,1
3509,286982,86948,1408,1
3510,246572,74716,1408,1
3511,343602,104174,1408,1
3512,337834,102882,1408,1
3513,280076,84861,1408,1
3514,219810,66602,1408,1
3515,226782,68739,1408,1
3516,535556,162196,1408,1
3517,174442,52870,1408,1
3518,301764,91526,1408,1
3519,235986,71484,1408,1
3520,175050,53031,1408,1
3521,293628,88939,1408,1
3522,293778,88984,1408,1
3523,296358,89792,1408,1
3524,174844,52969,1408,1
3525,265146,80315,1408,1
3526,175964,53308,1408,1
3527,252668,76579,1408,1
3528,355062,107755,1408,1
3529,452636,137130,1408,1
3530,271004,82135,1408,1
3531,728480,221006,1408,1
3532,334836,101432,1408,1
3533,391314,118561,1408,1
3534,458912,139010,1408,1
3535,843348,255463,1408,1
3536,315450,95680,1408,1
3537,719836,218176,1408,1
3538,260102,78818,1408,1
3539,373774,113259,1408,1
3540,583336,176781,1408,1
3541,193806,58719,1408,1
3542,604108,182970,1408,1
3543,581110,176026,1408,1
3544,443720,134398,1408,1
3545,277578,84104,1408,1
3546,340952,103364,1408,1
3547,843964,255638,1408,1
3548,386590,117105,1408,1
3549,268272,81306,1408,1
3550,564552,171336,1408,1
3551,939790,284623,1408,1
3552,180494,54682,1408,1
3553,298436,90406,1408,1
3554,703040,212947,1408,1
3555,370614,112292,1408,1
3556,200932,60881,1408,1
3557,922010,279759,1408,1
3558,264586,80164,1408,1
3559,241634,73218,1408,1
3560,479258,145169,1408,1
3561,357428,108270,1408,1
3562,441798,134053,1408,1
3563,570520,172806,1408,1
3564,175538,53197,1408,1
3565,265410,80418,1408,1
3566,354024,107228,1408,1
3567,416150,126075,1408,1
3568,358332,108566,1408,1
3569,323894,98124,1408,1
3570,270206,81921,1408,1
3571,181518,55000,1408,1
3572,901208,273561,1408,1
3573,468496,141932,1408,1
3574,403134,122205,1408,1
3575,314588,95353,1408,1
3576,293816,89013,1408,1
3577,431436,130707,1408,1
3578,388944,117839,1408,1
3579,275252,83396,1408,1
3580,271220,82164,1408,1
3581,363420,110095,1408,1
3582,212020,64247,1408,1
3583,526076,159483,1408,1
3584,522056,158141,1408,1
3585,635296,192511,1408,1
3586,197774,59939,1408,1
3587,280458,84977,1408,1
3588,335418,101628,1408,1
3589,971850,294391,1408,1
3590,1377788,417301,1408,1
3591,435352,131903,1408,1
3592,1315634,398831,1408,1
3593,707798,214826,1408,1
3594,318468,96511,1408,1
3595,521464,158007,1408,1
3596,303018,91816,1408,1
3597,604422,183380,1408,1
3598,474326,143715,1408,1
3599,495122,150015,1408,1
3600,259988,78795,1408,1
3601,256618,77751,1408,1
3602,329032,99681,1408,1
3603,255928,77540,1408,1
3604,290528,88007,1408,1
3605,248494,75275,1408,1
3606,210426,63760,1408,1
3607,323636,98060,1408,1
3608,478548,144980,1408,1
3609,249622,75632,1408,1
3610,249388,75562,1408,1
3611,646270,195746,1408,1
3612,428018,129641,1408,1
3613,265854,80584,1408,1
3614,502166,152138,1408,1
3615,1335346,404569,1408,1
3616,415998,126011,1408,1
3617,660978,200203,1408,1
3618,489480,148276,1408,1
3619,415870,125961,1408,1
3620,243968,73937,1408,1
3621,420132,127284,1408,1
3622,241652,73206,1408,1
3623,274836,83267,1408,1
3624,413606,125302,1408,1
3625,347070,105139,1408,1
3626,205206,62168,1408,1
3627,488342,147949,1408,1
3628,244190,73972,1408,1
3629,276904,83889,1408,1
3630,267378,81015,1408,1
3631,706124,213871,1408,1
3632,444172,134555,1408,1
3633,518308,157004,1408,1
3634,686258,208311,1408,1
3635,510956,154810,1408,1
3636,308166,93372,1408,1
3637,459580,139217,1408,1
3638,293990,89077,1408,1
3639,423380,128257,1408,1
3640,194188,58830,1408,1
3641,844032,255652,1408,1
3642,621986,188533,1408,1
3643,243194,73696,1408,1
3644,562742,170491,1408,1
3645,482328,146119,1408,1
3646,309686,93819,1408,1
3647,440854,133541,1408,1
3648,356736,108064,1408,1
3649,872868,264587,1408,1
3650,852516,258603,1408,1
3651,285588,86516,1408,1
3652,545062,165233,1408,1
3653,1827998,554021,1408,1
3654,553408,167651,1408,1
3655,516582,156500,1408,1
3656,420604,127436,1408,1
3657,380914,115412,1408,1
3658,635100,192722,1408,1
3659,981004,297127,1408,1
3660,470538,142554,1408,1
3661,322350,97675,1408,1
3662,446186,135185,1408,1
3663,639354,194066,1408,1
3664,563556,170704,1408,1
3665,626618,189829,1408,1
3666,821952,248999,1408,1
3667,806146,244189,1408,1
3668,379954,115134,1408,1
3669,441608,133813,1408,1
3670,550258,166690,1408,1
3671,462362,140087,1408,1
3672,360492,109224,1408,1
3673,586888,177755,1408,1
3674,345354,104616,1408,1
3675,409224,124009,1408,1
3676,690552,209193,1408,1
3677,688974,208713,1408,1
3678,408016,123638,1408,1
3679,1904482,577437,1408,1
3680,1182964,358609,1408,1
3681,1705808,555491,1408,1
3682,1288770,390469,1408,1
3683,744174,225503,1408,1
3684,511480,154955,1408,1
3685,461046,139945,1408,1
3686,275788,83669,1408,1
3687,461772,139922,1408,1
3688,973866,295015,1408,1
3689,648530,197509,1408,1
3690,716180,216953,1408,1
3691,628310,190350,1408,1
3692,397510,120417,1408,1
3693,239852,72689,1408,1
3694,513598,155586,1408,1
3695,415290,125847,1408,1
3696,364174,110356,1408,1
3697,230900,69985,1408,1
3698,597926,181146,1408,1
3699,458136,138925,1408,1
3700,1230930,374607,1408,1
3701,556460,168564,1408,1
3702,609732,184712,1408,1
3703,437450,132523,1408,1
3704,444790,134751,1408,1
3705,2303536,697990,1408,1
3706,356450,108018,1408,1
3707,351068,106393,1408,1
3708,466586,141602,1408,1
3709,421978,127858,1408,1
3710,726980,220223,1408,1
3711,700340,212264,1408,1
3712,380386,115255,1408,1
3713,448490,135899,1408,1
3714,433372,131388,1408,1
3715,361968,109704,1408,1
3716,366040,110909,1408,1
3717,343684,104165,1408,1
3718,619650,187731,1408,1
3719,356002,107865,1408,1
3720,709370,215324,1408,1
3721,396556,120251,1408,1
3722,307516,93180,1408,1
3723,341332,103408,1408,1
3724,417162,126383,1408,1
3725,264986,80272,1408,1
3726,493766,149548,1408,1
3727,530528,160727,1408,1
3728,265468,80454,1408,1
3729,573072,173619,1408,1
3730,302398,91617,1408,1
3731,263894,79944,1408,1
3732,263864,79944,1408,1
3733,302698,91691,1408,1
3734,353008,107012,1408,1
3735,226344,68603,1408,1
3736,854302,258919,1408,1
3737,246246,74643,1408,1
3738,291494,88319,1408,1
3739,218338,66148,1408,1
3740,218596,66224,1408,1
3741,678532,205889,1408,1
3742,1269986,384785,1408,1
3743,428136,129729,1408,1
3744,494350,149796,1408,1
3745,269098,81536,1408,1
3746,570164,172682,1408,1
3747,786708,238813,1408,1
3748,297168,90046,1408,1
3749,706344,214021,1408,1
3750,410918,124490,1408,1
3751,629962,190844,1408,1
3752,428354,129904,1408,1
3753,483992,146604,1408,1
3754,810632,245640,1408,1
3755,721212,218472,1408,1
3756,489896,148506,1408,1
3757,362466,109838,1408,1
3758,697692,211390,1408,1
3759,327530,99225,1408,1
3760,508124,154147,1408,1
3761,341690,103516,1408,1
3762,378962,114845,1408,1
3763,458102,138809,1408,1
3764,375542,113776,1408,1
3765,286666,87245,1408,1
3766,313564,94993,1408,1
3767,464276,140658,1408,1
3768,256728,77818,1408,1
3769,691190,209411,1408,1
3770,1936779,587102,1408,1
3771,424052,128500,1408,1
3772,1134175,343751,1408,1
3773,1591745,482320,1408,1
3774,793030,240519,1408,1
3775,433216,131212,1408,1
3776,408080,123657,1408,1
3777,489416,148507,1408,1
3778,1328342,402372,1408,1
3779,1225310,371142,1408,1
3780,635597,192859,1408,1
3781,906820,274691,1408,1
3782,289698,87779,1408,1
3783,453746,137485,1408,1
3784,286684,86868,1408,1
3785,284636,86220,1408,1
3786,285228,86400,1408,1
3787,357052,108181,1408,1
3788,427606,129531,1408,1
3789,361506,109608,1408,1
3790,755890,229046,1408,1
3791,213882,64813,1408,1
3792,395710,119874,1408,1
3793,446674,135328,1408,1
3794,742146,224782,1408,1
3795,337022,102114,1408,1
3796,337180,102161,1408,1
3797,372240,112763,1408,1
3798,261280,79150,1408,1
3799,703148,212980,1408,1
3800,833126,252441,1408,1
3801,336288,101879,1408,1
3802,446934,135393,1408,1
3803,225100,68220,1408,1
3804,483996,146638,1408,1
3805,908422,275169,1408,1
3806,362210,109786,1408,1
3807,914884,277300,1408,1
3808,634298,192154,1408,1
3809,585394,177738,1408,1
3810,1735226,526528,1408,1
3811,429510,130117,1408,1
3812,319406,96798,1408,1
3813,810932,245705,1408,1
3814,656600,198886,1408,1
3815,460295,139806,1408,1
3816,754426,228532,1408,1
3817,384196,116412,1408,1
3818,879742,266454,1408,1
3819,344520,104383,1408,1
3820,382020,115712,1408,1
3821,480654,145592,1408,1
3822,824452,249741,1408,1
3823,372144,112732,1408,1
3824,658042,199375,1408,1
3825,867894,263201,1408,1
3826,309114,93667,1408,1
3827,990617,300343,1408,1
3828,747764,226518,1408,1
3829,411264,124613,1408,1
3830,666827,202413,1408,1
3831,703416,213229,1408,1
3832,358682,108833,1408,1
3833,814684,246812,1408,1
3834,344558,104400,1408,1
3835,532930,161441,1408,1
3836,472948,143296,1408,1
3837,1472798,446064,1408,1
3838,860702,260712,1408,1
3839,276212,84078,1408,1
3840,394716,119556,1408,1
3841,681788,206914,1408,1
3842,368194,111565,1408,1
3843,731242,221743,1408,1
3844,1693230,513143,1408,1
3845,524778,158985,1408,1
3846,239884,72685,1408,1
3847,308434,93448,1408,1
3848,776368,235218,1408,1
3849,435192,131914,1408,1
3850,509124,154298,1408,1
3851,786552,238232,1408,1
3852,356830,108130,1408,1
3853,476630,144381,1408,1
3854,426990,129366,1408,1
3855,449744,136278,1408,1
3856,876062,265651,1408,1
3857,242704,73543,1408,1
3858,615224,186380,1408,1
3859,862794,261345,1408,1
3860,395634,119867,1408,1
3861,551970,167199,1408,1
3862,559319,169617,1408,1
3863,337608,102323,1408,1
3864,873018,264619,1408,1
3865,812384,246075,1408,1
3866,450314,136462,1408,1
3867,373432,113162,1408,1
3868,628478,190359,1408,1
3869,315606,95618,1408,1
3870,873798,264877,1408,1
3871,360658,109243,1408,1
3872,525118,159098,1408,1
3873,858420,266235,1408,1
3874,448256,135843,1408,1
3875,706752,214089,1408,1
3876,621386,188245,1408,1
3877,1104264,334493,1408,1
3878,281474,85267,1408,1
3879,596884,180788,1408,1
3880,474814,143929,1408,1
3881,362088,109709,1408,1
3882,284452,86164,1408,1
3883,481852,146029,1408,1
3884,516166,156376,1408,1
3885,443060,134221,1408,1
3886,271222,82195,1408,1
3887,413306,125237,1408,1
3888,409240,123982,1408,1
3889,356972,108163,1408,1
3890,234002,70916,1408,1
3891,764208,231498,1408,1
3892,466654,141422,1408,1
3893,492750,149286,1408,1
3894,562838,170511,1408,1
3895,272800,82669,1408,1
3896,230614,69882,1408,1
3897,560416,169758,1408,1
3898,297186,90276,1408,1
3899,468912,142072,1408,1
3900,1354366,410280,1408,1
3901,1177230,356578,1408,1
3902,1081290,327507,1408,1
3903,620614,188270,1408,1
3904,363830,110247,1408,1
3905,553402,167648,1408,1
3906,469302,142195,1408,1
3907,687563,208954,1408,1
3908,446860,135406,1408,1
3909,625146,189376,1408,1
3910,1336442,405077,1408,1
3911,504336,152791,1408,1
3912,462936,140270,1408,1
3913,395244,119765,1408,1
3914,413692,125341,1408,1
3915,439468,133145,1408,1
3916,312416,94653,1408,1
3917,404614,122677,1408,1
3918,596226,180633,1408,1
3919,767802,232782,1408,1
3920,992254,300540,1408,1
3921,1674700,507210,1408,1
3922,424748,128846,1408,1
3923,830888,251713,1408,1
3924,696064,210819,1408,1
3925,396090,119996,1408,1
3926,449214,136108,1408,1
3927,913196,276610,1408,1
3928,399440,121026,1408,1
3929,844998,255969,1408,1
3930,1350818,409427,1408,1
3931,573620,173788,1408,1
3932,734998,222713,1408,1
3933,1813380,549938,1408,1
3934,556522,168683,1408,1
3935,610017,185026,1408,1
3936,569004,172386,1408,1
3937,1181400,357927,1408,1
3938,995238,301773,1408,1
3939,574300,174090,1408,1
3940,1846512,559241,1408,1
3941,673604,204057,1408,1
3942,566824,171817,1408,1
3943,426262,129154,1408,1
3944,460854,139632,1408,1
3945,399670,121112,1408,1
3946,789754,239236,1408,1
3947,538420,163128,1408,1
3948,258108,78229,1408,1
3949,653264,197997,1408,1
3950,460004,139733,1408,1
3951,2325600,705167,1408,1
3952,1556678,471591,1408,1
3953,798320,241785,1408,1
3954,888106,269019,1408,1
3955,450384,136450,1408,1
3956,367998,111499,1408,1
3957,375066,113656,1408,1
3958,646697,196777,1408,1
3959,576792,174745,1408,1
3960,362052,109718,1408,1
3961,430500,130518,1408,1
3962,1412915,428194,1408,1
3963,2728912,826855,1408,1
3964,1469889,445821,1408,1
3965,904498,274002,1408,1
3966,870336,263636,1408,1
3967,1310012,396777,1408,1
3968,365030,110643,1408,1
3969,374138,113376,1408,1
3970,1392568,423043,1408,1
3971,470738,142596,1408,1
3972,297430,90100,1408,1
3973,380864,115405,1408,1
3974,320512,97093,1408,1
3975,323954,98323,1408,1
3976,240894,72997,1408,1
3977,332772,100800,1408,1
3978,367146,111207,1408,1
3979,352622,106854,1408,1
3980,258812,78416,1408,1
3981,632178,191494,1408,1
3982,394916,119646,1408,1
3983,290990,88169,1408,1
3984,227252,68854,1408,1
3985,398214,120656,1408,1
3986,472232,143092,1408,1
3987,553964,167808,1408,1
3988,224830,68140,1408,1
3989,368938,111751,1408,1
3990,393980,119504,1408,1
3991,1206543,365784,1408,1
3992,2651979,803913,1408,1
3993,1142732,346509,1408,1
3994,468770,142095,1408,1
3995,842774,255843,1408,1
3996,432090,130949,1408,1
3997,369716,112040,1408,1
3998,937731,284594,1408,1
3999,370508,112271,1408,1
4000,322090,97613,1408,1
4001,1191066,361141,1408,1
4002,1041074,315324,1408,1
4003,373096,113055,1408,1
4004,355950,107859,1408,1
4005,467800,141717,1408,1
4006,239562,72602,1408,1
4007,548740,166239,1408,1
4008,285804,86621,1408,1
4009,326750,99027,1408,1
4010,916910,277740,1408,1
4011,638536,193462,1408,1
4012,465168,140902,1408,1
4013,426040,129079,1408,1
4014,230596,69889,1408,1
4015,380580,115288,1408,1
4016,467746,141720,1408,1
4017,780184,236323,1408,1
4018,545820,165366,1408,1
4019,496420,150396,1408,1
4020,550002,166622,1408,1
4021,876186,265402,1408,1
4022,1141042,346817,1408,1
4023,408652,123823,1408,1
4024,333012,100913,1408,1
4025,9879432,2994123,1408,1
4026,1185682,359116,1408,1
4027,451698,136836,1408,1
4028,636632,192842,1408,1
4029,674474,204326,1408,1
4030,444820,134802,1408,1
4031,645302,195492,1408,1
4032,390024,118181,1408,1
4033,373830,113254,1408,1
4034,383120,116087,1408,1
4035,1949740,596271,1408,1
4036,556966,169432,1408,1
4037,398938,120868,1408,1
4038,439294,133075,1408,1
4039,457066,138479,1408,1
4040,387594,117435,1408,1
4041,524832,158990,1408,1
4042,564410,170992,1408,1
4043,788356,238766,1408,1
4044,508446,154044,1408,1
4045,586058,177512,1408,1
4046,687658,208447,1408,1
4047,385206,116710,1408,1
4048,383420,116189,1408,1
4049,360586,109263,1408,1
4050,299738,90825,1408,1
4051,251756,76295,1408,1
4052,337058,102145,1408,1
4053,695734,210746,1408,1
4054,716646,217103,1408,1
4055,233438,70746,1408,1
4056,466577,141682,1408,1
4057,563807,171064,1408,1
4058,533014,161471,1408,1
4059,696236,211178,1408,1
4060,543898,164782,1408,1
4061,362856,109957,1408,1
4062,307982,93326,1408,1
4063,427414,129485,1408,1
4064,265960,80567,1408,1
4065,340606,103198,1408,1
4066,519456,180361,1408,1
4067,280084,84866,1408,1
4068,338132,102447,1408,1
4069,230978,69984,1408,1
4070,965808,292926,1408,1
4071,361714,109606,1408,1
4072,324896,98492,1408,1
4073,422874,128546,1408,1
4074,454885,137987,1408,1
4075,834294,252736,1408,1
4076,517896,156990,1408,1
4077,389084,118371,1408,1
4078,632342,191641,1408,1
4079,526852,159614,1408,1
4080,394642,119728,1408,1
4081,582220,176377,1408,1
4082,300674,91106,1408,1
4083,722830,218962,1408,1
4084,345166,104570,1408,1
4085,875782,265606,1408,1
4086,327758,99327,1408,1
4087,376160,113965,1408,1
4088,412976,125122,1408,1
4089,409260,124004,1408,1
4090,341060,103357,1408,1
4091,520550,157975,1408,1
4092,486694,147476,1408,1
4093,1317160,399343,1408,1
4094,575496,174506,1408,1
4095,224456,68029,1408,1
4096,1098178,332974,1408,1
4097,337264,102174,1408,1
4098,504596,152884,1408,1
4099,1217665,369384,1408,1
4100,485917,147748,1408,1
4101,1116491,338436,1408,1
4102,512726,155357,1408,1
4103,302988,91815,1408,1
4104,584064,176917,1408,1
4105,816596,247351,1408,1
4106,551810,167157,1408,1
4107,784916,238074,1408,1
4108,761546,230775,1408,1
4109,710742,215373,1408,1
4110,643182,194841,1408,1
4111,665984,201773,1408,1
4112,333632,101104,1408,1
4113,510290,154591,1408,1
4114,359752,109000,1408,1
4115,373636,113202,1408,1
4116,654008,198261,1408,1
4117,696878,211150,1408,1
4118,556878,168690,1408,1
4119,316546,95929,1408,1
4120,370630,112269,1408,1
4121,371320,112499,1408,1
4122,370800,112355,1408,1
4123,681708,206745,1408,1
4124,417718,126570,1408,1
4125,347492,105301,1408,1
4126,345934,105316,1408,1
4127,413772,125357,1408,1
4128,6731227,2039396,1408,1
4129,515468,156164,1408,1
4130,719914,218083,1408,1
4131,418908,126925,1408,1
4132,673898,204256,1408,1
4133,820270,248642,1408,1
4134,377070,114285,1408,1
4135,869248,263330,1408,1
4136,605438,183663,1408,1
4137,566452,171585,1408,1
4138,672340,203802,1408,1
4139,433128,131233,1408,1
4140,357478,108333,1408,1
4141,438138,132750,1408,1
4142,372708,112942,1408,1
4143,899790,272554,1408,1
4144,429258,130057,1408,1
4145,367236,111347,1408,1
4146,711932,215818,1408,1
4147,514070,155765,1408,1
4148,808912,245014,1408,1
4149,781972,236907,1408,1
4150,944008,285950,1408,1
4151,400288,121304,1408,1
4152,1780308,539410,1408,1
4153,636020,192658,1408,1
4154,365936,110865,1408,1
4155,768960,232970,1408,1
4156,376572,114122,1408,1
4157,565992,171463,1408,1
4158,457742,138698,1408,1
4159,345542,104728,1408,1
4160,718606,217695,1408,1
4161,735320,222801,1408,1
4162,536680,162614,1408,1
4163,349406,105887,1408,1
4164,509456,154358,1408,1
4165,1290476,390854,1408,1
4166,571652,173174,1408,1
4167,324774,98500,1408,1
4168,400626,121402,1408,1
4169,334092,101231,1408,1
4170,288004,87275,1408,1
4171,492062,149049,1408,1
4172,370660,112306,1408,1
4173,927970,281061,1408,1
4174,716814,217197,1408,1
4175,966368,292960,1408,1
4176,570016,172654,1408,1
4177,428306,129764,1408,1
4178,438122,132736,1408,1
4179,323846,98124,1408,1
4180,749670,227335,1408,1
4181,698254,211522,1408,1
4182,522642,158350,1408,1
4183,406612,123209,1408,1
4184,374394,113450,1408,1
4185,244826,74199,1408,1
4186,475090,143925,1408,1
4187,365572,110740,1408,1
4188,411108,124566,1408,1
4189,790061,240022,1408,1
4190,729734,221362,1408,1
4191,1191372,361063,1408,1
4192,681868,206581,1408,1
4193,362544,109859,1408,1
4194,1105454,334840,1408,1
4195,1840476,557626,1408,1
4196,528718,160170,1408,1
4197,1032178,312612,1408,1
4198,393732,119321,1408,1
4199,362216,109744,1408,1
4200,804334,243648,1408,1
4201,347824,105420,1408,1
4202,515650,156206,1408,1
4203,897840,272014,1408,1
4204,617048,186926,1408,1
4205,430624,130443,1408,1
4206,691776,209570,1408,1
4207,372894,112996,1408,1
4208,528024,159971,1408,1
4209,461074,139667,1408,1
4210,754408,228537,1408,1
4211,395364,119783,1408,1
4212,408196,123694,1408,1
4213,536676,162599,1408,1
4214,609106,184527,1408,1
4215,526842,159697,1408,1
4216,901116,273324,1408,1
4217,432306,130956,1408,1
4218,458822,139178,1408,1
4219,692834,210004,1408,1
4220,430094,130322,1408,1
4221,602898,182627,1408,1
4222,567436,171910,1408,1
4223,822218,249066,1408,1
4224,562978,170556,1408,1
4225,388598,117736,1408,1
4226,494780,149890,1408,1
4227,234546,71089,1408,1
4228,276348,83721,1408,1
4229,294236,89128,1408,1
4230,231878,70276,1408,1
4231,353680,107150,1408,1
4232,346798,105076,1408,1
4233,445306,134879,1408,1
4234,411588,124688,1408,1
4235,218298,66132,1408,1
4236,219490,66495,1408,1
4237,726301,220962,1408,1
4238,802129,243154,1408,1
4239,671200,203332,1408,1
4240,281972,85454,1408,1
4241,347282,105207,1408,1
4242,308822,93819,1408,1
4243,230482,69853,1408,1
4244,812524,246231,1408,1
4245,314188,95203,1408,1
4246,314660,95345,1408,1
4247,271522,82279,1408,1
4248,1201518,363971,1408,1
4249,320578,97119,1408,1
4250,1383126,418926,1408,1
4251,521404,157958,1408,1
4252,726836,220173,1408,1
4253,258886,78441,1408,1
4254,449528,136400,1408,1
4255,541512,164042,1408,1
4256,319298,96771,1408,1
4257,425302,128856,1408,1
4258,715166,216634,1408,1
4259,691858,210233,1408,1
4260,588214,178181,1408,1
4261,700476,212182,1408,1
4262,856230,259349,1408,1
4263,494434,150599,1408,1
4264,317024,96076,1408,1
4265,835758,253150,1408,1
4266,340322,103101,1408,1
4267,479166,145174,1408,1
4268,525878,159311,1408,1
4269,847364,256678,1408,1
4270,336324,101880,1408,1
4271,854153,259123,1408,1
4272,352432,106784,1408,1
4273,304336,92228,1408,1
4274,727304,220397,1408,1
4275,345624,104738,1408,1
4276,591826,179293,1408,1
4277,1088490,329746,1408,1
4278,374234,113403,1408,1
4279,7489489,2268862,1408,1
4280,320150,97006,1408,1
4281,395608,119873,1408,1
4282,501020,151775,1408,1
4283,546620,165812,1408,1
4284,974648,295204,1408,1
4285,504760,153230,1408,1
4286,387286,117352,1408,1
4287,1998306,605695,1408,1
4288,1802824,546650,1408,1
4289,350444,106193,1408,1
4290,645586,195568,1408,1
4291,583786,176846,1408,1
4292,345880,104815,1408,1
4293,1195932,362223,1408,1
4294,677070,205073,1408,1
4295,752502,228532,1408,1
4296,554428,167978,1408,1
4297,927518,281479,1408,1
4298,332450,100743,1408,1
4299,723979,219679,1408,1
4300,636845,193330,1408,1
4301,932364,282809,1408,1
4302,479662,145325,1408,1
4303,424672,128675,1408,1
4304,709743,215401,1408,1
4305,363046,110005,1408,1
4306,853993,259241,1408,1
4307,445234,134950,1408,1
4308,450100,136379,1408,1
4309,285694,86600,1408,1
4310,618424,187576,1408,1
4311,528786,160210,1408,1
4312,772922,234265,1408,1
4313,436016,132113,1408,1
4314,457472,138586,1408,1
4315,811230,245748,1408,1
4316,412700,125049,1408,1
4317,358584,108662,1408,1
4318,369828,112070,1408,1
4319,514622,155924,1408,1
4320,511208,154851,1408,1
4321,728198,220599,1408,1
4322,1117968,338685,1408,1
4323,513422,155545,1408,1
4324,1509762,457756,1408,1
4325,547922,166008,1408,1
4326,839442,254393,1408,1
4327,377932,114543,1408,1
4328,1780952,539402,1408,1
4329,585118,177311,1408,1
4330,699958,212045,1408,1
4331,513332,155526,1408,1
4332,908622,275232,1408,1
4333,443260,134410,1408,1
4334,350238,106136,1408,1
4335,364342,110394,1408,1
4336,427886,129644,1408,1
4337,329522,99865,1408,1
4338,388980,117859,1408,1
4339,479440,145256,1408,1
4340,761880,230898,1408,1
4341,684658,207579,1408,1
4342,567474,172062,1408,1
4343,1197654,362809,1408,1
4344,317384,96152,1408,1
4345,679478,205793,1408,1
4346,565708,171420,1408,1
4347,487288,147635,1408,1
4348,278242,84319,1408,1
4349,433876,131486,1408,1
4350,743588,225241,1408,1
4351,643767,195698,1408,1
4352,700274,212236,1408,1
4353,1087438,329484,1408,1
4354,293604,88947,1408,1
4355,288392,87414,1408,1
4356,632822,191709,1408,1
4357,925107,280342,1408,1
4358,247768,75090,1408,1
4359,383328,116138,1408,1
4360,248520,75322,1408,1
4361,456178,138201,1408,1
4362,333200,100967,1408,1
4363,660832,200224,1408,1
4364,511116,154896,1408,1
4365,909418,275470,1408,1
4366,440128,133717,1408,1
4367,738804,223809,1408,1
4368,314094,95189,1408,1
4369,226466,68611,1408,1
4370,225994,68486,1408,1
4371,445982,135092,1408,1
4372,235588,71369,1408,1
4373,416030,126036,1408,1
4374,536094,163027,1408,1
4375,440310,133552,1408,1
4376,1072400,324824,1408,1
4377,764216,231503,1408,1
4378,725642,219831,1408,1
4379,997186,302253,1408,1
4380,538177,163412,1408,1
4381,808972,245067,1408,1
4382,389224,117945,1408,1
4383,1323984,400993,1408,1
4384,298782,90553,1408,1
4385,707266,214385,1408,1
4386,552228,167654,1408,1
4387,385480,116770,1408,1
4388,458560,138943,1408,1
4389,764401,231858,1408,1
4390,317952,96341,1408,1
4391,793621,240529,1408,1
4392,615656,186525,1408,1
4393,240070,72728,1408,1
4394,326950,99097,1408,1
4395,426408,129183,1408,1
4396,446512,135259,1408,1
4397,1113826,337495,1408,1
4398,280318,84929,1408,1
4399,315102,95478,1408,1
4400,500344,151601,1408,1
4401,307922,93305,1408,1
4402,226922,68745,1408,1
4403,782916,237215,1408,1
4404,629438,190663,1408,1
4405,432476,131063,1408,1
4406,230650,69906,1408,1
4407,230856,69968,1408,1
4408,295422,89528,1408,1
4409,592808,179638,1408,1
4410,496860,150525,1408,1
4411,600690,181942,1408,1
4412,222352,67472,1408,1
4413,257858,78128,1408,1
4414,633328,191820,1408,1
4415,256142,77596,1408,1
4416,487086,147525,1408,1
4417,295080,89417,1408,1
4418,366320,110957,1408,1
4419,290256,87926,1408,1
4420,254764,77204,1408,1
4421,219048,66360,1408,1
4422,369254,111847,1408,1
4423,335716,101703,1408,1
4424,1274406,386079,1408,1
4425,419310,127078,1408,1
4426,284028,86081,1408,1
4427,538348,163064,1408,1
4428,425934,129041,1408,1
4429,345082,104543,1408,1
4430,381140,115476,1408,1
4431,422212,127881,1408,1
4432,232148,70352,1408,1
4433,572274,173368,1408,1
4434,790926,239911,1408,1
4435,446108,135211,1408,1
4436,350684,106256,1408,1
4437,971655,294645,1408,1
4438,596432,180709,1408,1
4439,762342,230933,1408,1
4440,398140,120646,1408,1
4441,311080,94236,1408,1
4442,431414,130860,1408,1
4443,451844,136908,1408,1
4444,716306,217008,1408,1
4445,370882,112393,1408,1
4446,822829,249764,1408,1
4447,223214,67651,1408,1
4448,555576,168291,1408,1
4449,305332,92489,1408,1
4450,1166938,353639,1408,1
4451,379750,115065,1408,1
4452,460864,139651,1408,1
4453,387358,117354,1408,1
4454,544506,164942,1408,1
4455,498496,150983,1408,1
4456,276156,83787,1408,1
4457,444438,134801,1408,1
4458,344978,104561,1408,1
4459,1215318,368514,1408,1
4460,687306,208182,1408,1
4461,414730,125659,1408,1
4462,335306,101625,1408,1
4463,344988,104523,1408,1
4464,680222,206055,1408,1
4465,777096,235412,1408,1
4466,378560,114715,1408,1
4467,896710,271869,1408,1
4468,366680,111124,1408,1
4469,359402,108903,1408,1
4470,716880,217167,1408,1
4471,582084,176816,1408,1
4472,591428,179239,1408,1
4473,684098,207237,1408,1
4474,875337,265448,1408,1
4475,583565,177126,1408,1
4476,531118,160892,1408,1
4477,467490,141878,1408,1
4478,237896,72102,1408,1
4479,705734,213986,1408,1
4480,317286,96247,1408,1
4481,404486,122515,1408,1
4482,238948,72387,1408,1
4483,880566,266721,1408,1
4484,344612,104417,1408,1
4485,1010702,306133,1408,1
4486,219506,66502,1408,1
4487,245802,74503,1408,1
4488,478530,144969,1408,1
4489,398442,120710,1408,1
4490,704138,213279,1408,1
4491,517348,156817,1408,1
4492,275318,83489,1408,1
4493,218974,66340,1408,1
4494,485914,147170,1408,1
4495,772286,233955,1408,1
4496,497844,150816,1408,1
4497,449252,136116,1408,1
4498,267018,80911,1408,1
4499,394984,119666,1408,1
4500,1048568,318146,1408,1
4501,479680,145341,1408,1
4502,598462,181313,1408,1
4503,726998,220220,1408,1
4504,384594,116554,1408,1
4505,377392,114353,1408,1
4506,342410,103748,1408,1
4507,416588,126202,1408,1
4508,205436,62235,1408,1
4509,239728,72623,1408,1
4510,240826,72954,1408,1
4511,521336,157942,1408,1
4512,985282,298431,1408,1
4513,252674,76542,1408,1
4514,547306,166217,1408,1
4515,514057,155883,1408,1
4516,597279,181066,1408,1
4517,326892,99133,1408,1
4518,540280,163718,1408,1
4519,318020,96378,1408,1
4520,337654,102327,1408,1
4521,520916,157821,1408,1
4522,1594228,483430,1408,1
4523,416222,126123,1408,1
4524,456436,138358,1408,1
4525,590594,178933,1408,1
4526,323370,97975,1408,1
4527,252394,76503,1408,1
4528,281198,85207,1408,1
4529,308044,93317,1408,1
4530,525330,159105,1408,1
4531,388366,117658,1408,1
4532,211998,64249,1408,1
4533,215976,65546,1408,1
4534,1004474,304321,1408,1
4535,359326,108898,1408,1
4536,247656,75095,1408,1
4537,354654,107447,1408,1
4538,372858,112979,1408,1
4539,868276,262953,1408,1
4540,337664,102327,1408,1
4541,434862,131734,1408,1
4542,3779912,1145276,1408,1
4543,286890,86948,1408,1
4544,349476,105886,1408,1
4545,234052,70916,1408,1
4546,438038,132683,1408,1
4547,416494,126206,1408,1
4548,579392,175607,1408,1
4549,2057016,623416,1408,1
4550,736452,223155,1408,1
4551,328148,99438,1408,1
4552,608672,184351,1408,1
4553,736656,223141,1408,1
4554,360198,109108,1408,1
4555,504350,152804,1408,1
4556,586892,177802,1408,1
4557,409994,124225,1408,1
4558,653146,197840,1408,1
4559,602150,182512,1408,1
4560,479872,145401,1408,1
4561,973438,294965,1408,1
4562,631792,191376,1408,1
4563,856982,259570,1408,1
4564,409526,124079,1408,1
4565,541100,163934,1408,1
4566,433032,131228,1408,1
4567,575534,174357,1408,1
4568,572542,173534,1408,1
4569,463662,140479,1408,1
4570,405110,122718,1408,1
4571,600088,181925,1408,1
4572,444836,134905,1408,1
4573,418514,126809,1408,1
4574,859876,260466,1408,1
4575,681460,206628,1408,1
4576,435354,131918,1408,1
4577,538400,163133,1408,1
4578,15108447,4576383,1408,1
4579,554183,168540,1408,1
4580,485374,147055,1408,1
4581,531528,161034,1408,1
4582,1044162,316476,1408,1
4583,391776,118721,1408,1
4584,577742,175022,1408,1
4585,418176,126715,1408,1
4586,367090,111250,1408,1
4587,588382,178242,1408,1
4588,414184,125505,1408,1
4589,362344,109934,1408,1
4590,914212,276918,1408,1
4591,587682,178054,1408,1
4592,456694,138464,1408,1
4593,388450,117711,1408,1
4594,780134,236313,1408,1
4595,424584,128612,1408,1
4596,531790,161113,1408,1
4597,618516,187361,1408,1
4598,825148,249951,1408,1
4599,843002,255356,1408,1
4600,540314,163695,1408,1
4601,792008,239955,1408,1
4602,1140050,345745,1408,1
4603,1349356,410608,1408,1
4604,406464,123132,1408,1
4605,564622,172501,1408,1
4606,616282,186684,1408,1
4607,248868,75425,1408,1
4608,690491,209341,1408,1
4609,2153952,652780,1408,1
4610,413009,125261,1408,1
4611,362448,109836,1408,1
4612,507902,153892,1408,1
4613,804232,243625,1408,1
4614,364998,110644,1408,1
4615,1105102,335165,1408,1
4616,744364,225474,1408,1
4617,513910,155700,1408,1
4618,525632,159250,1408,1
4619,610838,185138,1408,1
4620,1115228,338052,1408,1
4621,327094,99141,1408,1
4622,1612468,488486,1408,1
4623,771038,233571,1408,1
4624,510936,154802,1408,1
4625,815876,247141,1408,1
4626,835066,253014,1408,1
4627,281462,85283,1408,1
4628,320376,97076,1408,1
4629,604304,183077,1408,1
4630,646624,195914,1408,1
4631,698268,211506,1408,1
4632,227470,68924,1408,1
4633,384006,116344,1408,1
4634,537084,162698,1408,1
4635,228056,69107,1408,1
4636,466958,141434,1408,1
4637,380828,115367,1408,1
4638,371016,112428,1408,1
4639,367066,111231,1408,1
4640,793864,240497,1408,1
4641,623814,188936,1408,1
4642,500766,151725,1408,1
4643,501452,151940,1408,1
4644,238162,72182,1408,1
4645,327110,99133,1408,1
4646,557266,168848,1408,1
4647,371584,113144,1408,1
4648,572254,173340,1408,1
4649,5028345,1523363,1408,1
4650,693274,210010,1408,1
4651,1195774,362192,1408,1
4652,375136,113686,1408,1
4653,315320,95566,1408,1
4654,471878,142940,1408,1
4655,395810,119939,1408,1
4656,351752,106577,1408,1
4657,314644,95311,1408,1
4658,348404,105531,1408,1
4659,271426,82251,1408,1
4660,578760,175315,1408,1
4661,379974,115118,1408,1
4662,306888,92994,1408,1
4663,255114,77312,1408,1
4664,476234,144257,1408,1
4665,225996,68495,1408,1
4666,218776,66312,1408,1
4667,218116,66079,1408,1
4668,628828,190449,1408,1
4669,662968,200815,1408,1
4670,269776,81769,1408,1
4671,553990,167785,1408,1
4672,291960,88450,1408,1
4673,256854,77830,1408,1
4674,517332,156713,1408,1
4675,478300,144895,1408,1
4676,605650,183456,1408,1
4677,362190,109840,1408,1
4678,534172,161801,1408,1
4679,211102,63969,1408,1
4680,283656,85956,1408,1
4681,898488,272201,1408,1
4682,484792,146877,1408,1
4683,252424,76492,1408,1
4684,274376,83119,1408,1
4685,464706,140795,1408,1
4686,1046440,317086,1408,1
4687,622504,188582,1408,1
4688,411090,124544,1408,1
4689,484228,146692,1408,1
4690,371502,112526,1408,1
4691,855426,259095,1408,1
4692,715740,216808,1408,1
4693,260496,78929,1408,1
4694,407194,123348,1408,1
4695,296812,89907,1408,1
4696,446960,135377,1408,1
4697,333958,101167,1408,1
4698,300736,91127,1408,1
4699,263056,79704,1408,1
4700,237890,72109,1408,1
4701,342710,104183,1408,1
4702,353204,107018,1408,1
4703,292992,88781,1408,1
4704,360144,109114,1408,1
4705,208080,63069,1408,1
4706,336902,102099,1408,1
4707,381482,115547,1408,1
4708,449362,136101,1408,1
4709,516926,156606,1408,1
4710,241234,73089,1408,1
4711,555354,168258,1408,1
4712,431758,130772,1408,1
4713,403932,122388,1408,1
4714,439176,133055,1408,1
4715,760602,230931,1408,1
4716,553030,167551,1408,1
4717,427200,129412,1408,1
4718,361566,109529,1408,1
4719,339892,102962,1408,1
4720,439200,133047,1408,1
4721,252812,76583,1408,1
4722,405052,122715,1408,1
4723,276920,83885,1408,1
4724,208590,63221,1408,1
4725,207210,62803,1408,1
4726,205618,62316,1408,1
4727,587492,177957,1408,1
4728,552732,167433,1408,1
4729,205064,62125,1408,1
4730,485912,147168,1408,1
4731,558930,169306,1408,1
4732,414858,125671,1408,1
4733,551390,166996,1408,1
4734,600116,181761,1408,1
4735,601728,182282,1408,1
4736,379260,114900,1408,1
4737,524226,158788,1408,1
4738,207882,62988,1408,1
4739,204428,61930,1408,1
4740,275998,83604,1408,1
4741,205730,62340,1408,1
4742,353816,107206,1408,1
4743,206762,62666,1408,1
4744,278912,84516,1408,1
4745,311798,94474,1408,1
4746,314802,95379,1408,1
4747,205420,62262,1408,1
4748,274896,83297,1408,1
4749,345724,104729,1408,1
4750,1383738,419083,1408,1
4751,383318,116131,1408,1
4752,451334,136715,1408,1
4753,278884,84478,1408,1
4754,462494,140079,1408,1
4755,462432,140102,1408,1
4756,626500,189783,1408,1
4757,270986,82114,1408,1
4758,543098,164484,1408,1
4759,202644,61419,1408,1
4760,645434,195487,1408,1
4761,474648,143784,1408,1
4762,391542,118632,1408,1
4763,268598,81362,1408,1
4764,474856,143819,1408,1
4765,567132,171884,1408,1
4766,369532,111940,1408,1
4767,416272,126140,1408,1
4768,205294,62207,1408,1
4769,408064,123604,1408,1
4770,561612,170133,1408,1
4771,276292,83720,1408,1
4772,270824,82036,1408,1
4773,229226,69443,1408,1
4774,295954,89645,1408,1
4775,196204,59440,1408,1
4776,532899,161598,1408,1
4777,446146,135188,1408,1
4778,482570,146180,1408,1
4779,296560,89866,1408,1
4780,583380,176802,1408,1
4781,407188,123422,1408,1
4782,891044,270067,1408,1
4783,312418,94856,1408,1
4784,373948,113287,1408,1
4785,250636,75968,1408,1
4786,375914,113866,1408,1
4787,449806,136273,1408,1
4788,1003094,303899,1408,1
4789,201134,60962,1408,1
4790,292846,88728,1408,1
4791,534820,162379,1408,1
4792,332372,100682,1408,1
4793,431440,130785,1408,1
4794,225836,68412,1408,1
4795,484796,146838,1408,1
4796,969068,293496,1408,1
4797,1328414,402425,1408,1
4798,979698,296733,1408,1
4799,624012,189029,1408,1
4800,190402,57682,1408,1
4801,349872,105973,1408,1
4802,473888,143578,1408,1
4803,223394,67675,1408,1
4804,318254,96422,1408,1
4805,188514,57123,1408,1
4806,354572,107423,1408,1
4807,430552,130442,1408,1
4808,222398,67372,1408,1
4809,413108,125122,1408,1
4810,253590,76829,1408,1
4811,276510,83762,1408,1
4812,872510,264258,1408,1
4813,320316,97117,1408,1
4814,389252,117924,1408,1
4815,194692,59066,1408,1
4816,512480,155343,1408,1
4817,302654,91694,1408,1
4818,483762,146633,1408,1
4819,352712,106917,1408,1
4820,209882,63584,1408,1
4821,200428,60732,1408,1
4822,385312,116759,1408,1
4823,373806,113247,1408,1
4824,426518,129301,1408,1
4825,398118,120610,1408,1
4826,293046,88792,1408,1
4827,440236,133411,1408,1
4828,435664,131988,1408,1
4829,886956,269325,1408,1
4830,1276004,386454,1408,1
4831,401660,121660,1408,1
4832,205506,62383,1408,1
4833,440524,133423,1408,1
4834,445126,134841,1408,1
4835,238054,72137,1408,1
4836,239708,72622,1408,1
4837,239696,72703,1408,1
4838,497882,150833,1408,1
4839,275086,83327,1408,1
4840,443640,134369,1408,1
4841,388720,117777,1408,1
4842,923164,279648,1408,1
4843,569146,172383,1408,1
4844,571754,173234,1408,1
4845,403584,122284,1408,1
4846,496792,150478,1408,1
4847,421556,127724,1408,1
4848,301544,91379,1408,1
4849,306124,92738,1408,1
4850,625328,189434,1408,1
4851,434670,131702,1408,1
4852,473708,143513,1408,1
4853,597988,181248,1408,1
4854,324186,98224,1408,1
4855,335002,101501,1408,1
4856,330894,100261,1408,1
4857,960058,290813,1408,1
4858,408224,123686,1408,1
4859,2162886,655043,1408,1
4860,376766,114157,1408,1
4861,740540,224473,1408,1
4862,407372,123429,1408,1
4863,745366,225786,1408,1
4864,1222768,370401,1408,1
4865,412556,124990,1408,1
4866,344946,104504,1408,1
4867,3609526,1094227,1408,1
4868,510362,154625,1408,1
4869,289694,87782,1408,1
4870,694284,210289,1408,1
4871,244748,74162,1408,1
4872,532834,161433,1408,1
4873,343688,104142,1408,1
4874,347492,105275,1408,1
4875,302076,91558,1408,1
4876,274256,83553,1408,1
4877,371876,112641,1408,1
4878,810564,246366,1408,1
4879,245550,74418,1408,1
4880,244090,73946,1408,1
4881,497098,150626,1408,1
4882,235396,71326,1408,1
4883,374872,113598,1408,1
4884,591778,179259,1408,1
4885,309644,93863,1408,1
4886,234572,71064,1408,1
4887,317118,96060,1408,1
4888,304494,92297,1408,1
4889,237148,71872,1408,1
4890,234400,71033,1408,1
4891,273410,82857,1408,1
4892,311492,94354,1408,1
4893,593366,179712,1408,1
4894,273010,82703,1408,1
4895,353342,107143,1408,1
4896,359724,108996,1408,1
4897,275212,83402,1408,1
4898,521572,157997,1408,1
4899,238058,72119,1408,1
4900,709910,215007,1408,1
4901,693702,210142,1408,1
4902,599154,181509,1408,1
4903,579136,175459,1408,1
4904,433738,131405,1408,1
4905,234410,71028,1408,1
4906,315318,95548,1408,1
4907,486472,147504,1408,1
4908,563498,170735,1408,1
4909,432758,131135,1408,1
4910,329286,99769,1408,1
4911,412542,125006,1408,1
4912,342512,103784,1408,1
4913,291144,88616,1408,1
4914,288910,87530,1408,1
4915,333298,100975,1408,1
4916,244720,74166,1408,1
4917,322500,97706,1408,1
4918,583350,176694,1408,1
4919,598632,181333,1408,1
4920,363094,110013,1408,1
4921,578536,175318,1408,1
4922,440844,133577,1408,1
4923,460668,139585,1408,1
4924,267810,81161,1408,1
4925,534454,161870,1408,1
4926,341006,103292,1408,1
4927,437440,132501,1408,1
4928,227756,68998,1408,1
4929,240724,72962,1408,1
4930,315888,95698,1408,1
4931,268042,81227,1408,1
4932,408810,123831,1408,1
4933,384186,116396,1408,1
4934,343710,104139,1408,1
4935,375700,113862,1408,1
4936,410480,124382,1408,1
4937,709428,214915,1408,1
4938,497056,150577,1408,1
4939,341774,103542,1408,1
4940,453078,137281,1408,1
4941,235488,71371,1408,1
4942,297600,90149,1408,1
4943,297524,90124,1408,1
4944,426228,129156,1408,1
4945,706662,214060,1408,1
4946,274544,83181,1408,1
4947,231032,70000,1408,1
4948,929902,281643,1408,1
4949,352038,106673,1408,1
4950,628684,190440,1408,1
4951,262450,79533,1408,1
4952,330448,100138,1408,1
4953,554698,168029,1408,1
4954,438440,132844,1408,1
4955,677005,205381,1408,1
4956,738540,223700,1408,1
4957,296028,89697,1408,1
4958,466868,141402,1408,1
4959,1049120,317755,1408,1
4960,1467250,445849,1408,1
4961,258250,78294,1408,1
4962,668910,202597,1408,1
4963,433776,131408,1408,1
4964,315186,95502,1408,1
4965,206122,62474,1408,1
4966,554138,167828,1408,1
4967,451394,136735,1408,1
4968,607048,183854,1408,1
4969,283278,85839,1408,1
4970,206902,62693,1408,1
4971,279590,84720,1408,1
4972,276204,83685,1408,1
4973,353260,107049,1408,1
4974,242374,73453,1408,1
4975,404626,122555,1408,1
4976,271094,82144,1408,1
4977,627980,190200,1408,1
4978,876664,265496,1408,1
4979,268446,81316,1408,1
4980,201558,61075,1408,1
4981,584238,177001,1408,1
4982,351112,106363,1408,1
4983,487458,147662,1408,1
4984,636102,192674,1408,1
4985,462804,140216,1408,1
4986,217324,65837,1408,1
4987,291674,88351,1408,1
4988,348364,105526,1408,1
4989,433180,131240,1408,1
4990,451624,136829,1408,1
4991,228374,69180,1408,1
4992,422730,128082,1408,1
4993,189568,57442,1408,1
4994,221648,67145,1408,1
4995,252790,76588,1408,1
4996,220680,66851,1408,1
4997,388842,117812,1408,1
4998,191012,57894,1408,1
4999,318416,96457,1408,1
5000,192906,58464,1408,1
5001,525664,159228,1408,1
5002,272484,82567,1408,1
5003,221380,67072,1408,1
5004,401602,121778,1408,1
5005,423794,128739,1408,1
5006,320230,97060,1408,1
5007,326986,99084,1408,1
5008,373884,113257,1408,1
5009,328920,99807,1408,1
5010,312526,94711,1408,1
5011,458754,138975,1408,1
5012,358992,108737,1408,1
5013,358026,108471,1408,1
5014,1433244,434073,1408,1
5015,282992,85755,1408,1
5016,307598,93218,1408,1
5017,1814818,549855,1408,1
5018,1513754,458661,1408,1
5019,322564,97719,1408,1
5020,511420,154938,1408,1
5021,623814,188969,1408,1
5022,656366,198825,1408,1
5023,314874,95405,1408,1
5024,488954,148117,1408,1
5025,210070,63667,1408,1
5026,526270,159417,1408,1
5027,247282,74908,1408,1
5028,301256,91335,1408,1
5029,732494,222268,1408,1
5030,464208,140618,1408,1
5031,304314,92204,1408,1
5032,200088,60647,1408,1
5033,453028,137247,1408,1
5034,267526,81051,1408,1
5035,358022,108484,1408,1
5036,365222,110659,1408,1
5037,1020304,309257,1408,1
5038,312230,94642,1408,1
5039,521580,158054,1408,1
5040,519434,157398,1408,1
5041,268342,81335,1408,1
5042,508314,154010,1408,1
5043,453914,137491,1408,1
5044,1102740,334142,1408,1
5045,444102,134769,1408,1
5046,358438,108696,1408,1
5047,484566,146804,1408,1
5048,401300,121656,1408,1
5049,397734,120498,1408,1
5050,408474,123740,1408,1
5051,711900,215630,1408,1
5052,539384,163358,1408,1
5053,336260,101851,1408,1
5054,233210,70672,1408,1
5055,302900,91751,1408,1
5056,203152,61575,1408,1
5057,485528,147473,1408,1
5058,539590,163422,1408,1
5059,234756,71114,1408,1
5060,300738,91123,1408,1
5061,283272,85848,1408,1
5062,935456,283308,1408,1
5063,620630,187974,1408,1
5064,339352,102837,1408,1
5065,212410,64351,1408,1
5066,648286,196346,1408,1
5067,233142,70635,1408,1
5068,502218,152149,1408,1
5069,503198,152520,1408,1
5070,260440,78944,1408,1
5071,208682,63235,1408,1
5072,665548,201757,1408,1
5073,263524,79850,1408,1
5074,260846,79019,1408,1
5075,584958,177221,1408,1
5076,294742,89290,1408,1
5077,756984,229570,1408,1
5078,1100135,333487,1408,1
5079,436860,132408,1408,1
5080,394300,119456,1408,1
5081,477842,144854,1408,1
5082,1126338,341466,1408,1
5083,346544,105009,1408,1
5084,521244,157945,1408,1
5085,765867,232367,1408,1
5086,560126,169688,1408,1
5087,350696,106325,1408,1
5088,401712,122221,1408,1
5089,922042,279374,1408,1
5090,346660,105051,1408,1
5091,454146,137573,1408,1
5092,615302,186398,1408,1
5093,335448,101664,1408,1
5094,346772,105205,1408,1
5095,226628,68674,1408,1
5096,511378,154905,1408,1
5097,665280,201537,1408,1
5098,662986,200827,1408,1
5099,507178,153664,1408,1
5100,347528,105301,1408,1
5101,679572,205983,1408,1
5102,412520,125249,1408,1
5103,333328,101026,1408,1
5104,286722,86877,1408,1
5105,488444,147990,1408,1
5106,305142,92462,1408,1
5107,866925,262875,1408,1
5108,421633,128168,1408,1
5109,1985544,601761,1408,1
5110,234398,71038,1408,1
5111,524884,159019,1408,1
5112,2156832,654032,1408,1
5113,354012,107304,1408,1
5114,799867,242556,1408,1
5115,527964,159976,1408,1
5116,702670,213142,1408,1
5117,357262,108270,1408,1
5118,6616102,2004148,1408,1
5119,318742,96556,1408,1
5120,961192,291144,1408,1
5121,710440,215242,1408,1
5122,431180,130650,1408,1
5123,752722,228025,1408,1
5124,372516,112857,1408,1
5125,374762,113536,1408,1
5126,340006,103108,1408,1
5127,749952,227184,1408,1
5128,860446,260640,1408,1
5129,653016,197835,1408,1
5130,736936,223768,1408,1
5131,606676,183817,1408,1
5132,666854,202011,1408,1
5133,459070,139095,1408,1
5134,1375656,416649,1408,1
5135,1028795,312277,1408,1
5136,2110416,639717,1408,1
5137,2779279,842002,1408,1
5138,422284,127967,1408,1
5139,3269666,990474,1408,1
5140,508942,154258,1408,1
5141,593954,179949,1408,1
5142,865128,262022,1408,1
5143,596220,180616,1408,1
5144,377754,114469,1408,1
5145,600554,182401,1408,1
5146,409498,124076,1408,1
5147,410108,124274,1408,1
5148,415706,125939,1408,1
5149,717912,217493,1408,1
5150,431610,130765,1408,1
5151,566342,171574,1408,1
5152,507172,153627,1408,1
5153,475528,144093,1408,1
5154,577830,175058,1408,1
5155,1012418,306625,1408,1
5156,589248,178498,1408,1
5157,795588,240995,1408,1
5158,471000,142695,1408,1
5159,756640,229461,1408,1
5160,471380,142816,1408,1
5161,431864,130860,1408,1
5162,416256,126134,1408,1
5163,374214,113388,1408,1
5164,322190,97598,1408,1
5165,280788,85060,1408,1
5166,256874,77858,1408,1
5167,336748,102042,1408,1
5168,575428,174278,1408,1
5169,2258283,684552,1408,1
5170,360070,109116,1408,1
5171,582730,176636,1408,1
5172,612944,185690,1408,1
5173,378538,114708,1408,1
5174,471330,142805,1408,1
5175,393892,119363,1408,1
5176,463378,140395,1408,1
5177,375970,113901,1408,1
5178,393784,119288,1408,1
5179,1450544,439421,1408,1
5180,241090,73070,1408,1
5181,397086,120322,1408,1
5182,417642,126553,1408,1
5183,877974,265952,1408,1
5184,370182,112183,1408,1
5185,2327622,704931,1408,1
5186,446506,135288,1408,1
5187,838084,253878,1408,1
5188,1910896,578722,1408,1
5189,554786,168074,1408,1
5190,444990,134840,1408,1
5191,541890,164563,1408,1
5192,238760,72329,1408,1
5193,479230,145198,1408,1
5194,607892,184177,1408,1
5195,382812,115951,1408,1
5196,642378,194777,1408,1
5197,1331282,403333,1408,1
5198,331982,100607,1408,1
5199,517006,156632,1408,1
5200,787368,238501,1408,1
5201,268676,81421,1408,1
5202,310038,93945,1408,1
5203,268222,81252,1408,1
5204,306396,92841,1408,1
5205,753322,228190,1408,1
5206,305178,92444,1408,1
5207,386252,117019,1408,1
5208,229336,69507,1408,1
5209,344234,104310,1408,1
5210,306986,92991,1408,1
5211,307488,93143,1408,1
5212,306604,92903,1408,1
5213,266732,80830,1408,1
5214,269282,81572,1408,1
5215,537044,162705,1408,1
5216,797006,241426,1408,1
5217,586180,177551,1408,1
5218,723472,219171,1408,1
5219,1231914,373142,1408,1
5220,756596,229407,1408,1
5221,418348,126749,1408,1
5222,430362,130390,1408,1
5223,484498,146792,1408,1
5224,516256,156367,1408,1
5225,724544,219447,1408,1
5226,451086,136740,1408,1
5227,915240,277230,1408,1
5228,386304,117062,1408,1
5229,426232,129126,1408,1
5230,501230,151860,1408,1
5231,876528,265530,1408,1
5232,1207074,365636,1408,1
5233,305268,92486,1408,1
5234,1665990,505632,1408,1
5235,253344,76773,1408,1
5236,360212,109112,1408,1
5237,976846,295883,1408,1
5238,283922,86032,1408,1
5239,418970,127068,1408,1
5240,263352,79778,1408,1
5241,302500,91632,1408,1
5242,375630,113821,1408,1
5243,356914,108138,1408,1
5244,589208,178461,1408,1
5245,475358,144351,1408,1
5246,369988,112213,1408,1
5247,318908,96641,1408,1
5248,1524351,462064,1408,1
5249,359712,108997,1408,1
5250,755764,229063,1408,1
5251,474015,143889,1408,1
5252,380352,115219,1408,1
5253,555438,168273,1408,1
5254,495786,150211,1408,1
5255,257222,77929,1408,1
5256,373532,113175,1408,1
5257,1685554,510866,1408,1
5258,596820,181702,1408,1
5259,882386,267310,1408,1
5260,448192,135826,1408,1
5261,409016,123936,1408,1
5262,219698,66570,1408,1
5263,722047,219086,1408,1
5264,319776,96976,1408,1
5265,632937,191982,1408,1
5266,638086,193526,1408,1
5267,1116680,338183,1408,1
5268,737812,223594,1408,1
5269,491532,148892,1408,1
5270,709142,214910,1408,1
5271,824438,249731,1408,1
5272,405972,123003,1408,1
5273,428466,129799,1408,1
5274,691712,209671,1408,1
5275,294920,89364,1408,1
5276,1020134,309069,1408,1
5277,699972,212207,1408,1
5278,661936,200588,1408,1
5279,1160818,351580,1408,1
5280,330320,100085,1408,1
5281,220164,66725,1408,1
5282,217584,65916,1408,1
5283,719646,217973,1408,1
5284,400694,121377,1408,1
5285,290742,88071,1408,1
5286,512340,157077,1408,1
5287,750220,227231,1408,1
5288,566094,171455,1408,1
5289,346878,105107,1408,1
5290,714772,216634,1408,1
5291,243362,73766,1408,1
5292,219222,66413,1408,1
5293,658766,200909,1408,1
5294,346214,104922,1408,1
5295,288330,87365,1408,1
5296,504384,152817,1408,1
5297,275464,83461,1408,1
5298,1382605,419135,1408,1
5299,219780,66611,1408,1
5300,252912,76643,1408,1
5301,473148,143349,1408,1
5302,907670,274898,1408,1
5303,501010,151755,1408,1
5304,562412,170486,1408,1
5305,1014236,307303,1408,1
5306,319442,96815,1408,1
5307,521564,157974,1408,1
5308,1277454,386901,1408,1
5309,290966,88173,1408,1
5310,496780,150470,1408,1
5311,327008,99081,1408,1
5312,270044,81846,1408,1
5313,299976,90892,1408,1
5314,577968,175070,1408,1
5315,377042,114232,1408,1
5316,430288,130352,1408,1
5317,257078,77918,1408,1
5318,557610,168926,1408,1
5319,411960,124822,1408,1
5320,292250,88542,1408,1
5321,289270,87679,1408,1
5322,240384,72820,1408,1
5323,205260,62183,1408,1
5324,344660,104422,1408,1
5325,277098,83964,1408,1
5326,379744,115019,1408,1
5327,205640,62299,1408,1
5328,479482,145266,1408,1
5329,443056,134236,1408,1
5330,247744,75074,1408,1
5331,875796,265258,1408,1
5332,694990,210493,1408,1
5333,386874,117223,1408,1
5334,209460,63457,1408,1
5335,278718,84429,1408,1
5336,349284,105796,1408,1
5337,480216,145483,1408,1
5338,538034,163042,1408,1
5339,271558,82290,1408,1
5340,314476,95286,1408,1
5341,651544,197369,1408,1
5342,309638,93828,1408,1
5343,374048,113380,1408,1
5344,553082,167549,1408,1
5345,364570,110445,1408,1
5346,522222,158206,1408,1
5347,349852,106010,1408,1
5348,514582,155892,1408,1
5349,760392,230321,1408,1
5350,778102,235686,1408,1
5351,869014,263220,1408,1
5352,1050620,318268,1408,1
5353,495428,150092,1408,1
5354,505440,153114,1408,1
5355,501626,151981,1408,1
5356,490872,148716,1408,1
5357,858968,260183,1408,1
5358,424642,128669,1408,1
5359,1532908,464320,1408,1
5360,1197526,362919,1408,1
5361,572088,173304,1408,1
5362,487010,147542,1408,1
5363,351646,106569,1408,1
5364,492878,149336,1408,1
5365,1193926,361608,1408,1
5366,612580,185569,1408,1
5367,511698,155208,1408,1
5368,447668,135654,1408,1
5369,546632,165701,1408,1
5370,385436,116768,1408,1
5371,634674,192254,1408,1
5372,473258,143379,1408,1
5373,785008,237800,1408,1
5374,627952,190230,1408,1
5375,384382,116474,1408,1
5376,544768,165043,1408,1
5377,326432,98924,1408,1
5378,602146,182469,1408,1
5379,336060,101864,1408,1
5380,999672,303432,1408,1
5381,855988,259296,1408,1
5382,684238,207412,1408,1
5383,564516,171018,1408,1
5384,485086,147057,1408,1
5385,339520,102885,1408,1
5386,490714,148671,1408,1
5387,723002,219014,1408,1
5388,559262,169428,1408,1
5389,421402,127686,1408,1
5390,491402,149055,1408,1
5391,1717792,520979,1408,1
5392,384910,116647,1408,1
5393,440660,133519,1408,1
5394,464312,140666,1408,1
5395,1034526,313365,1408,1
5396,1352902,409739,1408,1
5397,637020,192996,1408,1
5398,930694,282010,1408,1
5399,332346,100702,1408,1
5400,493552,149529,1408,1
5401,553362,167627,1408,1
5402,463866,140540,1408,1
5403,1318586,399367,1408,1
5404,302632,91759,1408,1
5405,576742,174726,1408,1
5406,287636,87132,1408,1
5407,911838,276189,1408,1
5408,387446,117397,1408,1
5409,448192,135750,1408,1
5410,656134,198766,1408,1
5411,419132,126986,1408,1
5412,653364,197911,1408,1
5413,614262,186061,1408,1
5414,1002652,304269,1408,1
5415,1658820,502678,1408,1
5416,757103,229510,1408,1
5417,963566,291899,1408,1
5418,370582,112276,1408,1
5419,396638,120191,1408,1
5420,373466,113167,1408,1
5421,350078,106091,1408,1
5422,884502,267980,1408,1
5423,721666,218620,1408,1
5424,751938,227776,1408,1
5425,587288,177926,1408,1
5426,362158,109751,1408,1
5427,663942,201407,1408,1
5428,447386,135551,1408,1
5429,978626,296413,1408,1
5430,469424,142228,1408,1
5431,547268,165801,1408,1
5432,699544,212110,1408,1
5433,319540,97065,1408,1
5434,453008,137246,1408,1
5435,257172,77932,1408,1
5436,297514,90183,1408,1
5437,1122649,340505,1408,1
5438,667652,202318,1408,1
5439,344334,104358,1408,1
5440,1182397,358565,1408,1
5441,633342,191872,1408,1
5442,513890,155685,1408,1
5443,591844,179386,1408,1
5444,410608,124401,1408,1
5445,403694,122295,1408,1
5446,469546,142259,1408,1
5447,1197994,363142,1408,1
5448,1978405,599452,1408,1
5449,346414,104986,1408,1
5450,465424,141019,1408,1
5451,587570,178010,1408,1
5452,404738,122701,1408,1
5453,403082,122860,1408,1
5454,406626,123208,1408,1
5455,356320,107940,1408,1
5456,1062762,321960,1408,1
5457,439104,133040,1408,1
5458,484518,146856,1408,1
5459,477280,144588,1408,1
5460,624176,189095,1408,1
5461,292844,88749,1408,1
5462,1788566,541687,1408,1
5463,1159454,351173,1408,1
5464,378978,114814,1408,1
5465,1186166,359454,1408,1
5466,563422,175264,1408,1
5467,472922,143365,1408,1
5468,453182,137303,1408,1
5469,354618,107459,1408,1
5470,452382,137083,1408,1
5471,491596,149105,1408,1
5472,807444,244591,1408,1
5473,784976,238020,1408,1
5474,1236342,374751,1408,1
5475,438220,132789,1408,1
5476,638238,193342,1408,1
5477,366486,111068,1408,1
5478,716068,216956,1408,1
5479,439010,133004,1408,1
5480,1023925,310426,1408,1
5481,654397,198537,1408,1
5482,1070642,324287,1408,1
5483,373408,113150,1408,1
5484,782768,237128,1408,1
5485,478026,144784,1408,1
5486,317634,96218,1408,1
5487,434716,131670,1408,1
5488,513138,155436,1408,1
5489,236636,71715,1408,1
5490,354418,107383,1408,1
5491,684042,207211,1408,1
5492,294248,89192,1408,1
5493,518438,157066,1408,1
5494,479058,145155,1408,1
5495,278288,84332,1408,1
5496,503596,152618,1408,1
5497,623614,188941,1408,1
5498,443098,134254,1408,1
5499,725158,219725,1408,1
5500,514936,156115,1408,1
5501,305134,92462,1408,1
5502,702162,212710,1408,1
5503,265500,80429,1408,1
5504,341424,103420,1408,1
5505,392800,119004,1408,1
5506,226286,68557,1408,1
5507,228608,69287,1408,1
5508,1008292,305396,1408,1
5509,226080,68502,1408,1
5510,431682,130800,1408,1
5511,446362,135212,1408,1
5512,580730,176018,1408,1
5513,273610,82911,1408,1
5514,255480,77443,1408,1
5515,327992,99401,1408,1
5516,783900,237461,1408,1
5517,226170,68521,1408,1
5518,278912,84526,1408,1
5519,857906,259863,1408,1
5520,433414,131292,1408,1
5521,619010,187530,1408,1
5522,365952,110858,1408,1
5523,417424,126454,1408,1
5524,366202,110936,1408,1
5525,366674,111237,1408,1
5526,557812,169005,1408,1
5527,487916,147792,1408,1
5528,491492,148896,1408,1
5529,690124,209071,1408,1
5530,387660,117461,1408,1
5531,628624,190457,1408,1
5532,704442,213517,1408,1
5533,510876,154796,1408,1
5534,622778,188665,1408,1
5535,401288,121589,1408,1
5536,571784,173207,1408,1
5537,290228,87930,1408,1
5538,267512,81155,1408,1
5539,492726,149277,1408,1
5540,241914,73315,1408,1
5541,237868,72096,1408,1
5542,370365,112327,1408,1
5543,317710,96249,1408,1
5544,807328,244528,1408,1
5545,384952,116627,1408,1
5546,287626,87233,1408,1
5547,233490,70766,1408,1
5548,274556,83198,1408,1
5549,900040,272619,1408,1
5550,1026276,310813,1408,1
5551,578250,175176,1408,1
5552,1094040,331371,1408,1
5553,457332,138548,1408,1
5554,1218992,369201,1408,1
5555,584088,176952,1408,1
5556,442980,134171,1408,1
5557,319312,96724,1408,1
5558,294482,89234,1408,1
5559,403282,122180,1408,1
5560,476938,144453,1408,1
5561,287458,87123,1408,1
5562,370762,112326,1408,1
5563,220422,66806,1408,1
5564,218774,66292,1408,1
5565,330854,100216,1408,1
5566,368086,111492,1408,1
5567,218958,66333,1408,1
5568,293160,88800,1408,1
5569,484072,146644,1408,1
5570,293604,88967,1408,1
5571,247218,74920,1408,1
5572,256008,77554,1408,1
5573,254426,77073,1408,1
5574,554574,167963,1408,1
5575,417000,126335,1408,1
5576,223150,67639,1408,1
5577,223442,67845,1408,1
5578,261306,79186,1408,1
5579,294092,89104,1408,1
5580,625892,189560,1408,1
5581,255778,77483,1408,1
5582,367268,111244,1408,1
5583,420576,127432,1408,1
5584,247838,75126,1408,1
5585,307404,93148,1408,1
5586,229880,69670,1408,1
5587,266680,80813,1408,1
5588,267958,81170,1408,1
5589,295120,89426,1408,1
5590,222474,67398,1408,1
5591,557228,168795,1408,1
5592,1065854,322829,1408,1
5593,307786,93246,1408,1
5594,315472,95657,1408,1
5595,226144,68510,1408,1
5596,376670,114133,1408,1
5597,366378,110997,1408,1
5598,347062,105171,1408,1
5599,223958,67861,1408,1
5600,222880,67547,1408,1
5601,296876,89956,1408,1
5602,711128,215726,1408,1
5603,253558,76837,1408,1
5604,212548,64421,1408,1
5605,247470,74969,1408,1
5606,407206,123382,1408,1
5607,212558,64396,1408,1
5608,430008,130242,1408,1
5609,637938,193362,1408,1
5610,359650,108964,1408,1
5611,251646,76250,1408,1
5612,364498,110404,1408,1
5613,401012,121492,1408,1
5614,246976,74816,1408,1
5615,209804,63576,1408,1
5616,452994,137250,1408,1
5617,278584,84405,1408,1
5618,277838,84192,1408,1
5619,240286,72807,1408,1
5620,792174,240388,1408,1
5621,283412,85849,1408,1
5622,818200,247950,1408,1
5623,500506,151639,1408,1
5624,282798,85708,1408,1
5625,496678,150440,1408,1
5626,398288,120644,1408,1
5627,270770,82074,1408,1
5628,468948,142051,1408,1
5629,323896,98316,1408,1
5630,214510,65013,1408,1
5631,347146,105156,1408,1
5632,591492,179178,1408,1
5633,429330,130080,1408,1
5634,455728,138097,1408,1
5635,1021918,309646,1408,1
5636,873926,264970,1408,1
5637,643500,195104,1408,1
5638,405598,122990,1408,1
5639,1664634,504219,1408,1
5640,799180,242261,1408,1
5641,341194,103397,1408,1
5642,532644,161380,1408,1
5643,474842,143835,1408,1
5644,533438,161609,1408,1
5645,1107232,335554,1408,1
5646,321690,97473,1408,1
5647,1143880,346827,1408,1
5648,1479057,448409,1408,1
5649,369990,112122,1408,1
5650,548600,166196,1408,1
5651,397428,120406,1408,1
5652,317294,96115,1408,1
5653,358262,108534,1408,1
5654,412776,125068,1408,1
5655,1031020,312462,1408,1
5656,406498,123154,1408,1
5657,529210,160309,1408,1
5658,497348,150694,1408,1
5659,597190,180888,1408,1
5660,500542,151754,1408,1
5661,472600,211647,1408,1
5662,342096,103657,1408,1
5663,510390,154600,1408,1
5664,335652,101726,1408,1
5665,407748,123590,1408,1
5666,435134,131825,1408,1
5667,783822,237445,1408,1
5668,390198,118192,1408,1
5669,600210,181807,1408,1
5670,399116,120911,1408,1
5671,413878,125371,1408,1
5672,578774,175344,1408,1
5673,409954,124218,1408,1
5674,352010,106676,1408,1
5675,1472794,446584,1408,1
5676,362024,109712,1408,1
5677,235690,71432,1408,1
5678,231186,70039,1408,1
5679,386477,117228,1408,1
5680,903552,274218,1408,1
5681,687772,208362,1408,1
5682,617318,187015,1408,1
5683,1271263,385328,1408,1
5684,494426,149795,1408,1
5685,341310,103424,1408,1
5686,332170,100664,1408,1
5687,359226,108860,1408,1
5688,375980,113987,1408,1
5689,392530,118956,1408,1
5690,476954,144503,1408,1
5691,1066776,323119,1408,1
5692,527142,159684,1408,1
5693,240722,72956,1408,1
5694,496824,150531,1408,1
5695,294008,89096,1408,1
5696,303212,91880,1408,1
5697,597968,181399,1408,1
5698,225570,68353,1408,1
5699,266126,80709,1408,1
5700,308106,93331,1408,1
5701,577734,174975,1408,1
5702,362990,109999,1408,1
5703,266442,80746,1408,1
5704,578550,175258,1408,1
5705,421566,127720,1408,1
5706,642308,194530,1408,1
5707,415246,125787,1408,1
5708,569866,172641,1408,1
5709,346556,105003,1408,1
5710,379396,114932,1408,1
5711,269262,81598,1408,1
5712,693724,210100,1408,1
5713,313094,94841,1408,1
5714,348366,105520,1408,1
5715,573442,173744,1408,1
5716,228116,69110,1408,1
5717,295398,89528,1408,1
5718,265486,80423,1408,1
5719,264062,80008,1408,1
5720,293224,88833,1408,1
5721,257254,77931,1408,1
5722,1095652,331852,1408,1
5723,220240,66750,1408,1
5724,307470,93159,1408,1
5725,443224,134258,1408,1
5726,427488,129508,1408,1
5727,230414,69831,1408,1
5728,297030,89975,1408,1
5729,369678,111973,1408,1
5730,332384,100710,1408,1
5731,443718,134420,1408,1
5732,362042,109706,1408,1
5733,522942,158410,1408,1
5734,407472,123482,1408,1
5735,390932,118483,1408,1
5736,420912,127542,1408,1
5737,410344,124338,1408,1
5738,509310,154288,1408,1
5739,552356,167345,1408,1
5740,401348,121675,1408,1
5741,304060,92140,1408,1
5742,426766,129296,1408,1
5743,382892,116016,1408,1
5744,476852,144452,1408,1
5745,327756,99312,1408,1
5746,384428,116482,1408,1
5747,207172,62763,1408,1
5748,235384,71329,1408,1
5749,399848,121112,1408,1
5750,353160,106969,1408,1
5751,410920,124477,1408,1
5752,415660,126039,1408,1
5753,251706,76273,1408,1
5754,272704,82650,1408,1
5755,425846,129058,1408,1
5756,290674,88079,1408,1
5757,582972,176615,1408,1
5758,608944,184470,1408,1
5759,365794,111330,1408,1
5760,313958,95222,1408,1
5761,678950,205671,1408,1
5762,522150,158177,1408,1
5763,374142,113365,1408,1
5764,281444,85279,1408,1
5765,903850,273776,1408,1
5766,257058,77911,1408,1
5767,784854,237782,1408,1
5768,990452,299998,1408,1
5769,537268,162768,1408,1
5770,704950,213542,1408,1
5771,324148,98236,1408,1
5772,203612,61694,1408,1
5773,1087702,330115,1408,1
5774,456552,138303,1408,1
5775,218272,66153,1408,1
5776,351628,106530,1408,1
5777,953848,289185,1408,1
5778,332540,100775,1408,1
5779,235914,71474,1408,1
5780,332044,100630,1408,1
5781,281902,85438,1408,1
5782,973255,295202,1408,1
5783,457992,138836,1408,1
5784,251426,76188,1408,1
5785,300296,90984,1408,1
5786,365422,110708,1408,1
5787,205926,62414,1408,1
5788,335768,101727,1408,1
5789,266868,80838,1408,1
5790,268770,81413,1408,1
5791,265788,80531,1408,1
5792,378380,114662,1408,1
5793,388002,117549,1408,1
5794,246252,74623,1408,1
5795,546074,165424,1408,1
5796,223182,67615,1408,1
5797,336406,101942,1408,1
5798,667030,202043,1408,1
5799,671532,203412,1408,1
5800,1081338,327852,1408,1
5801,675298,204553,1408,1
5802,633854,192007,1408,1
5803,444268,135052,1408,1
5804,514920,155994,1408,1
5805,301962,91480,1408,1
5806,269324,81584,1408,1
5807,354788,107481,1408,1
5808,339398,102835,1408,1
5809,300914,91177,1408,1
5810,329270,99774,1408,1
5811,347786,105347,1408,1
5812,360126,109100,1408,1
5813,281930,85408,1408,1
5814,369390,111946,1408,1
5815,325300,98571,1408,1
5816,378784,114750,1408,1
5817,569044,172397,1408,1
5818,387700,117429,1408,1
5819,388684,117752,1408,1
5820,324886,98431,1408,1
5821,860828,260907,1408,1
5822,289828,88146,1408,1
5823,541886,164145,1408,1
5824,316180,95817,1408,1
5825,340833,103717,1408,1
5826,430824,130527,1408,1
5827,566050,171487,1408,1
5828,301000,91202,1408,1
5829,228144,69114,1408,1
5830,261146,79106,1408,1
5831,226382,68602,1408,1
5832,227456,68903,1408,1
5833,226040,68492,1408,1
5834,373966,113305,1408,1
5835,395250,119726,1408,1
5836,359818,108985,1408,1
5837,925208,280229,1408,1
5838,502676,152291,1408,1
5839,1147900,347787,1408,1
5840,289822,87829,1408,1
5841,413250,125215,1408,1
5842,439498,133148,1408,1
5843,471278,142779,1408,1
5844,1142366,346007,1408,1
5845,468352,141900,1408,1
5846,577404,175081,1408,1
5847,614000,186021,1408,1
5848,546498,165821,1408,1
5849,492074,149066,1408,1
5850,562246,170593,1408,1
5851,540194,163611,1408,1
5852,238218,72169,1408,1
5853,511420,155449,1408,1
5854,639534,193716,1408,1
5855,483134,146357,1408,1
5856,205464,62247,1408,1
5857,277726,84157,1408,1
5858,241358,73145,1408,1
5859,518168,156936,1408,1
5860,204856,62061,1408,1
5861,521322,157917,1408,1
5862,205828,62382,1408,1
5863,273072,82749,1408,1
5864,214756,65075,1408,1
5865,624796,189296,1408,1
5866,356432,107989,1408,1
5867,285740,86566,1408,1
5868,323830,98120,1408,1
5869,579710,175628,1408,1
5870,413544,125293,1408,1
5871,570330,172746,1408,1
5872,1149060,348091,1408,1
5873,421766,127769,1408,1
5874,581750,176318,1408,1
5875,1208980,366173,1408,1
5876,412384,125025,1408,1
5877,279096,84572,1408,1
5878,277906,84199,1408,1
5879,519158,157236,1408,1
5880,205744,62356,1408,1
5881,205776,62341,1408,1
5882,265450,80444,1408,1
5883,282638,85758,1408,1
5884,492808,149303,1408,1
5885,432122,130930,1408,1
5886,394008,119379,1408,1
5887,453902,137580,1408,1
5888,352778,106993,1408,1
5889,277898,84203,1408,1
5890,639094,193577,1408,1
5891,243248,73686,1408,1
5892,297872,90278,1408,1
5893,276656,83804,1408,1
5894,297586,90170,1408,1
5895,552914,167488,1408,1
5896,483676,146593,1408,1
5897,521972,158222,1408,1
5898,1276324,386773,1408,1
5899,569772,172625,1408,1
5900,898850,272308,1408,1
5901,255220,77323,1408,1
5902,386754,117152,1408,1
5903,588940,178415,1408,1
5904,483604,146542,1408,1
5905,257292,78028,1408,1
5906,715070,216954,1408,1
5907,389438,118306,1408,1
5908,918488,278399,1408,1
5909,669730,202870,1408,1
5910,842768,255474,1408,1
5911,265486,80431,1408,1
5912,694364,210346,1408,1
5913,761234,230622,1408,1
5914,592000,179367,1408,1
5915,310484,94086,1408,1
5916,424302,128570,1408,1
5917,382294,115851,1408,1
5918,371830,112675,1408,1
5919,399188,120960,1408,1
5920,943355,286276,1408,1
5921,349640,105907,1408,1
5922,803746,243454,1408,1
5923,414848,125712,1408,1
5924,758032,230006,1408,1
5925,1107970,335972,1408,1
5926,893162,270536,1408,1
5927,464164,140732,1408,1
5928,486056,147264,1408,1
5929,826714,250418,1408,1
5930,418342,126753,1408,1
5931,474044,143619,1408,1
5932,442696,134118,1408,1
5933,373808,113452,1408,1
5934,586804,178128,1408,1
5935,361384,109502,1408,1
5936,740722,224393,1408,1
5937,1000488,303075,1408,1
5938,639304,193680,1408,1
5939,517796,156883,1408,1
5940,355994,107876,1408,1
5941,625718,189597,1408,1
5942,418110,126687,1408,1
5943,617408,187090,1408,1
5944,1169025,354475,1408,1
5945,766176,232105,1408,1
5946,499288,151507,1408,1
5947,794186,240754,1408,1
5948,890674,269933,1408,1
5949,432204,130944,1408,1
5950,605064,183274,1408,1
5951,570978,172984,1408,1
5952,506898,153570,1408,1
5953,405144,122802,1408,1
5954,626092,189685,1408,1
5955,706462,214023,1408,1
5956,807922,244739,1408,1
5957,605570,183453,1408,1
5958,1247798,377931,1408,1
5959,579264,175487,1408,1
5960,395224,119741,1408,1
5961,516456,156462,1408,1
5962,470614,142596,1408,1
5963,1207852,365835,1408,1
5964,1108358,336035,1408,1
5965,593056,179692,1408,1
5966,690260,209106,1408,1
5967,698300,211501,1408,1
5968,569456,172480,1408,1
5969,1057490,320410,1408,1
5970,953487,289120,1408,1
5971,948546,287639,1408,1
5972,1867244,565798,1408,1
5973,2763680,837414,1408,1
5974,510068,154544,1408,1
5975,565252,171521,1408,1
5976,496258,150380,1408,1
5977,365504,110739,1408,1
5978,525890,159482,1408,1
5979,921708,279362,1408,1
5980,756232,229127,1408,1
5981,1134894,343753,1408,1
5982,739084,223887,1408,1
5983,999190,302646,1408,1
5984,281224,85191,1408,1
5985,283610,85942,1408,1
5986,245376,74338,1408,1
5987,329302,99779,1408,1
5988,367606,111361,1408,1
5989,410336,124318,1408,1
5990,740216,224327,1408,1
5991,685934,207749,1408,1
5992,634424,192203,1408,1
5993,1730142,524339,1408,1
5994,898140,272059,1408,1
5995,1243966,376767,1408,1
5996,403066,122176,1408,1
5997,1362862,413020,1408,1
5998,386302,117547,1408,1
5999,281862,85412,1408,1
6000,375756,113865,1408,1
6001,349858,106026,1408,1
6002,441558,133803,1408,1
6003,1876950,568980,1408,1
6004,1246122,378176,1408,1
6005,600322,181960,1408,1
6006,782186,237058,1408,1
6007,1624950,492528,1408,1
6008,1199926,363460,1408,1
6009,350204,106107,1408,1
6010,687156,208163,1408,1
6011,725206,219690,1408,1
6012,702154,212725,1408,1
6013,677522,205399,1408,1
6014,1163736,352495,1408,1
6015,558044,169063,1408,1
6016,327186,99143,1408,1
6017,423626,128353,1408,1
6018,540618,163796,1408,1
6019,679590,205868,1408,1
6020,458860,139008,1408,1
6021,305168,92467,1408,1
6022,273070,82767,1408,1
6023,730970,221425,1408,1
6024,1217398,368717,1408,1
6025,272720,82652,1408,1
6026,449750,136253,1408,1
6027,444662,134724,1408,1
6028,429286,130060,1408,1
6029,1163710,352486,1408,1
6030,325184,98544,1408,1
6031,530806,160802,1408,1
6032,397808,120543,1408,1
6033,242514,73519,1408,1
6034,386016,116951,1408,1
6035,345218,104599,1408,1
6036,272598,82609,1408,1
6037,422050,127831,1408,1
6038,1165050,352943,1408,1
6039,426702,129315,1408,1
6040,631744,191361,1408,1
6041,308862,93607,1408,1
6042,436796,132296,1408,1
6043,315512,95604,1408,1
6044,985162,298419,1408,1
6045,909610,276305,1408,1
6046,241968,73310,1408,1
6047,408180,123739,1408,1
6048,273976,83021,1408,1
6049,576960,174754,1408,1
6050,229226,69472,1408,1
6051,323450,98023,1408,1
6052,463008,140320,1408,1
6053,406936,123281,1408,1
6054,739568,224010,1408,1
6055,258284,78242,1408,1
6056,258134,78230,1408,1
6057,329288,99752,1408,1
6058,365746,110785,1408,1
6059,557180,168791,1408,1
6060,978470,296462,1408,1
6061,280386,85112,1408,1
6062,1212904,367392,1408,1
6063,703402,213062,1408,1
6064,257366,77965,1408,1
6065,256086,77591,1408,1
6066,295954,89648,1408,1
6067,958996,290424,1408,1
6068,295760,89696,1408,1
6069,329032,99683,1408,1
6070,260408,78923,1408,1
6071,299086,90680,1408,1
6072,445516,134994,1408,1
6073,416942,126327,1408,1
6074,1276384,386694,1408,1
6075,1137168,344450,1408,1
6076,369714,111997,1408,1
6077,480942,145680,1408,1
6078,543622,164644,1408,1
6079,537238,162757,1408,1
6080,450194,136399,1408,1
6081,216322,65535,1408,1
6082,315292,95522,1408,1
6083,687769,208539,1408,1
6084,472019,143373,1408,1
6085,593708,179859,1408,1
6086,1037182,314153,1408,1
6087,640022,194046,1408,1
6088,282494,85623,1408,1
6089,297966,90302,1408,1
6090,226302,68570,1408,1
6091,335598,101743,1408,1
6092,335626,101694,1408,1
6093,653886,198357,1408,1
6094,462436,140105,1408,1
6095,407844,123621,1408,1
6096,397256,120369,1408,1
6097,411816,124766,1408,1
6098,356774,108197,1408,1
6099,410914,124603,1408,1
6100,425652,128968,1408,1
6101,1081386,327539,1408,1
6102,406104,123060,1408,1
6103,951462,288854,1408,1
6104,275670,83543,1408,1
6105,588434,178254,1408,1
6106,384334,116466,1408,1
6107,960244,291469,1408,1
6108,481946,146016,1408,1
6109,561854,170214,1408,1
6110,1088156,329585,1408,1
6111,332262,100689,1408,1
6112,511970,155121,1408,1
6113,332032,100617,1408,1
6114,344420,104372,1408,1
6115,739904,224130,1408,1
6116,349276,105804,1408,1
6117,328158,99575,1408,1
6118,854858,259102,1408,1
6119,343470,104073,1408,1
6120,860494,261580,1408,1
6121,455642,138034,1408,1
6122,250104,75815,1408,1
6123,864800,262010,1408,1
6124,346014,104806,1408,1
6125,819969,248812,1408,1
6126,1306408,396075,1408,1
6127,436425,132381,1408,1
6128,402891,122343,1408,1
6129,1016221,308089,1408,1
6130,819851,248589,1408,1
6131,965790,292774,1408,1
6132,275002,83334,1408,1
6133,415010,125749,1408,1
6134,473580,143486,1408,1
6135,655789,199166,1408,1
6136,246934,74833,1408,1
6137,362702,109895,1408,1
6138,499001,151360,1408,1
6139,321954,97571,1408,1
6140,831914,252013,1408,1
6141,337578,102432,1408,1
6142,1094360,331627,1408,1
6143,727376,221118,1408,1
6144,447564,135602,1408,1
6145,402614,122010,1408,1
6146,881624,267282,1408,1
6147,1130966,342703,1408,1
6148,469934,142363,1408,1
6149,546610,165602,1408,1
6150,635550,192605,1408,1
6151,578938,175405,1408,1
6152,611242,185175,1408,1
6153,831632,251907,1408,1
6154,376826,114196,1408,1
6155,383932,116346,1408,1
6156,1116358,338409,1408,1
6157,470732,142613,1408,1
6158,710590,215627,1408,1
6159,345074,104559,1408,1
6160,865440,262164,1408,1
6161,381930,115738,1408,1
6162,722246,218790,1408,1
6163,588600,178834,1408,1
6164,444618,134690,1408,1
6165,734104,222351,1408,1
6166,597030,180839,1408,1
6167,981644,297528,1408,1
6168,1117550,338487,1408,1
6169,409522,124070,1408,1
6170,792948,240205,1408,1
6171,1487378,450853,1408,1
6172,1193388,361615,1408,1
6173,956490,289908,1408,1
6174,761469,230932,1408,1
6175,743264,225145,1408,1
6176,409980,124212,1408,1
6177,328488,99504,1408,1
6178,328696,99663,1408,1
6179,448763,136235,1408,1
6180,482332,146274,1408,1
6181,575328,174416,1408,1
6182,1194684,361853,1408,1
6183,568814,172309,1408,1
6184,743888,225347,1408,1
6185,437214,132469,1408,1
6186,440646,133523,1408,1
6187,905514,274654,1408,1
6188,306114,92779,1408,1
6189,462202,140059,1408,1
6190,266876,80872,1408,1
6191,395350,119776,1408,1
6192,1117746,338628,1408,1
6193,453350,137389,1408,1
6194,630586,191076,1408,1
6195,401162,121509,1408,1
6196,441224,133670,1408,1
6197,454332,137643,1408,1
6198,584156,176970,1408,1
6199,317462,96166,1408,1
6200,317204,96091,1408,1
6201,746394,226392,1408,1
6202,825836,345470,1408,1
6203,836984,253538,1408,1
6204,1266058,383747,1408,1
6205,1071282,324479,1408,1
6206,682972,206901,1408,1
6207,661344,200333,1408,1
6208,1015300,309065,1408,1
6209,643022,194821,1408,1
6210,669280,203065,1408,1
6211,1099148,333548,1408,1
6212,334804,101444,1408,1
6213,587434,178077,1408,1
6214,268774,81432,1408,1
6215,302450,91662,1408,1
6216,409434,124067,1408,1
6217,535728,162286,1408,1
6218,345750,104742,1408,1
6219,836806,253460,1408,1
6220,907206,274786,1408,1
6221,258590,78334,1408,1
6222,332584,100744,1408,1
6223,261722,79281,1408,1
6224,260386,78877,1408,1
6225,297784,90228,1408,1
6226,413260,125320,1408,1
6227,425694,128979,1408,1
6228,397746,120898,1408,1
6229,655890,198960,1408,1
6230,283832,86021,1408,1
6231,281400,85293,1408,1
6232,320610,97161,1408,1
6233,252580,76513,1408,1
6234,469924,142327,1408,1
6235,252462,76478,1408,1
6236,500142,151478,1408,1
6237,1020588,309125,1408,1
6238,411630,124686,1408,1
6239,411496,124787,1408,1
6240,492568,149226,1408,1
6241,611550,185263,1408,1
6242,339388,102811,1408,1
6243,530060,160588,1408,1
6244,337704,102318,1408,1
6245,335442,101620,1408,1
6246,537584,162871,1408,1
6247,503272,152463,1408,1
6248,474410,143700,1408,1
6249,404984,122711,1408,1
6250,463912,140556,1408,1
6251,302222,91562,1408,1
6252,353692,107184,1408,1
6253,548448,166210,1408,1
6254,405864,122974,1408,1
6255,786082,238113,1408,1
6256,819438,248917,1408,1
6257,291276,88274,1408,1
6258,252298,76469,1408,1
6259,347808,105578,1408,1
6260,666232,201818,1408,1
6261,238050,72140,1408,1
6262,240618,72915,1408,1
6263,238662,72322,1408,1
6264,591806,179274,1408,1
6265,207794,62976,1408,1
6266,204708,62041,1408,1
6267,406746,123220,1408,1
6268,203940,61808,1408,1
6269,530802,160857,1408,1
6270,473104,143296,1408,1
6271,466550,141342,1408,1
6272,775198,234814,1408,1
6273,644846,195394,1408,1
6274,4348113,1320247,1408,1
6275,298980,90601,1408,1
6276,514404,155850,1408,1
6277,301358,91328,1408,1
6278,267550,81087,1408,1
6279,198812,60256,1408,1
6280,198284,60070,1408,1
6281,262640,79590,1408,1
6282,525034,159279,1408,1
6283,538770,163233,1408,1
6284,316164,95804,1408,1
6285,417564,126525,1408,1
6286,473346,143387,1408,1
6287,215132,65206,1408,1
6288,1006126,304872,1408,1
6289,342402,103744,1408,1
6290,360212,109104,1408,1
6291,260504,78909,1408,1
6292,202526,61382,1408,1
6293,199776,60524,1408,1
6294,335078,101585,1408,1
6295,336638,102044,1408,1
6296,233628,70772,1408,1
6297,402970,122051,1408,1
6298,292440,88629,1408,1
6299,358854,108713,1408,1
6300,293108,88805,1408,1
6301,1269774,384634,1408,1
6302,615404,186503,1408,1
6303,371134,112454,1408,1
6304,307426,93166,1408,1
6305,613674,185856,1408,1
6306,861918,261164,1408,1
6307,612770,185640,1408,1
6308,720564,218289,1408,1
6309,1078520,326720,1408,1
6310,433612,131333,1408,1
6311,733280,222154,1408,1
6312,365980,110901,1408,1
6313,286154,86857,1408,1
6314,300170,90973,1408,1
6315,742646,224941,1408,1
6316,519950,157484,1408,1
6317,792742,240081,1408,1
6318,211630,64113,1408,1
6319,438430,132863,1408,1
6320,493706,149577,1408,1
6321,509776,154431,1408,1
6322,499810,151390,1408,1
6323,1125193,341251,1408,1
6324,576661,174951,1408,1
6325,834432,252996,1408,1
6326,285628,86577,1408,1
6327,1049620,318436,1408,1
6328,488102,147885,1408,1
6329,242250,73428,1408,1
6330,261014,79082,1408,1
6331,279014,84533,1408,1
6332,223638,67783,1408,1
6333,315098,95494,1408,1
6334,341884,103656,1408,1
6335,1059370,320867,1408,1
6336,707100,214162,1408,1
6337,219650,66554,1408,1
6338,462606,140165,1408,1
6339,741620,224700,1408,1
6340,389178,117928,1408,1
6341,1020108,309617,1408,1
6342,270210,81887,1408,1
6343,497310,150650,1408,1
6344,267120,80946,1408,1
6345,229888,69643,1408,1
6346,459450,139188,1408,1
6347,756620,229191,1408,1
6348,237812,72075,1408,1
6349,258618,78373,1408,1
6350,461164,139728,1408,1
6351,408210,123853,1408,1
6352,307588,93215,1408,1
6353,608714,184394,1408,1
6354,488304,147913,1408,1
6355,303378,91936,1408,1
6356,562562,171648,1408,1
6357,794652,240690,1408,1
6358,340948,103331,1408,1
6359,514830,155974,1408,1
6360,347214,105204,1408,1
6361,384956,116610,1408,1
6362,759790,230167,1408,1
6363,345640,104751,1408,1
6364,537098,162726,1408,1
6365,593062,179661,1408,1
6366,1409552,427132,1408,1
6367,513878,155914,1408,1
6368,506810,153538,1408,1
6369,634938,192387,1408,1
6370,340142,103079,1408,1
6371,360532,109228,1408,1
6372,211822,64172,1408,1
6373,464044,140549,1408,1
6374,680848,206708,1408,1
6375,427854,129590,1408,1
6376,287266,87047,1408,1
6377,283862,86013,1408,1
6378,746750,226932,1408,1
6379,227964,69061,1408,1
6380,506324,153397,1408,1
6381,471913,143075,1408,1
6382,505898,153462,1408,1
6383,615928,186589,1408,1
6384,400038,121196,1408,1
6385,585408,177365,1408,1
6386,989308,300056,1408,1
6387,430216,130309,1408,1
6388,439778,133248,1408,1
6389,1374598,416317,1408,1
6390,560108,169656,1408,1
6391,612664,185608,1408,1
6392,397038,120308,1408,1
6393,314602,95424,1408,1
6394,259428,78613,1408,1
6395,323978,98176,1408,1
6396,236584,71715,1408,1
6397,224890,68160,1408,1
6398,824508,249765,1408,1
6399,362990,110007,1408,1
6400,626798,189881,1408,1
6401,297070,89987,1408,1
6402,606512,183717,1408,1
6403,260718,78978,1408,1
6404,263412,79806,1408,1
6405,557498,168901,1408,1
6406,351110,106394,1408,1
6407,674694,204363,1408,1
6408,423168,128212,1408,1
6409,864816,261943,1408,1
6410,688964,208763,1408,1
6411,423250,128246,1408,1
6412,547390,166089,1408,1
6413,953176,288750,1408,1
6414,554650,168098,1408,1
6415,649144,196954,1408,1
6416,752152,227834,1408,1
6417,4622433,1400187,1408,1
6418,361268,109477,1408,1
6419,1147389,347897,1408,1
6420,776844,235641,1408,1
6421,586828,177784,1408,1
6422,499856,151454,1408,1
6423,756004,228996,1408,1
6424,332652,100819,1408,1
6425,641556,194344,1408,1
6426,1078742,326963,1408,1
6427,827394,250845,1408,1
6428,468778,142019,1408,1
6429,382618,115929,1408,1
6430,812916,246339,1408,1
6431,258672,78392,1408,1
6432,1377934,417648,1408,1
6433,388506,117691,1408,1
6434,654492,198277,1408,1
6435,761682,230732,1408,1
6436,566478,171587,1408,1
6437,386442,117073,1408,1
6438,494942,149974,1408,1
6439,394878,119624,1408,1
6440,670106,203029,1408,1
6441,566006,171761,1408,1
6442,546016,165430,1408,1
6443,481092,145758,1408,1
6444,338304,102478,1408,1
6445,411156,124591,1408,1
6446,532138,161241,1408,1
6447,331400,100440,1408,1
6448,446548,135557,1408,1
6449,288210,87356,1408,1
6450,322128,97611,1408,1
6451,339378,102809,1408,1
6452,320174,96986,1408,1
6453,345008,104547,1408,1
6454,652826,197730,1408,1
6455,283208,85821,1408,1
6456,474332,143683,1408,1
6457,238894,72454,1408,1
6458,724124,219734,1408,1
6459,1106672,335465,1408,1
6460,458962,139060,1408,1
6461,608438,184307,1408,1
6462,894756,271260,1408,1
6463,236684,71738,1408,1
6464,512244,155146,1408,1
6465,236146,71552,1408,1
6466,233618,70776,1408,1
6467,247794,75104,1408,1
6468,442410,134018,1408,1
6469,869708,263441,1408,1
6470,380670,115355,1408,1
6471,347758,105397,1408,1
6472,443648,134425,1408,1
6473,423654,128428,1408,1
6474,570578,172941,1408,1
6475,571940,173264,1408,1
6476,420318,127333,1408,1
6477,360656,109269,1408,1
6478,668850,202592,1408,1
6479,418114,126650,1408,1
6480,753942,228435,1408,1
6481,259172,78539,1408,1
6482,270232,81890,1408,1
6483,726406,220054,1408,1
6484,606142,183629,1408,1
6485,413636,125317,1408,1
6486,579150,175707,1408,1
6487,318966,96650,1408,1
6488,369608,111953,1408,1
6489,330418,100087,1408,1
6490,799104,242053,1408,1
6491,347670,105327,1408,1
6492,547282,165799,1408,1
6493,412696,125051,1408,1
6494,383732,116360,1408,1
6495,530350,160670,1408,1
6496,819188,248103,1408,1
6497,380968,115417,1408,1
6498,226742,68722,1408,1
6499,533600,161671,1408,1
6500,526744,159592,1408,1
6501,464960,140863,1408,1
6502,1133963,344137,1408,1
6503,575968,174690,1408,1
6504,577822,175037,1408,1
6505,857980,259863,1408,1
6506,874404,265206,1408,1
6507,453700,137479,1408,1
6508,359562,108965,1408,1
6509,451718,137152,1408,1
6510,448294,135806,1408,1
6511,261436,79224,1408,1
6512,632958,191727,1408,1
6513,297806,90221,1408,1
6514,334178,101293,1408,1
6515,446316,135206,1408,1
6516,296818,89937,1408,1
6517,372940,112990,1408,1
6518,215634,65353,1408,1
6519,841292,254825,1408,1
6520,224274,67947,1408,1
6521,543854,164759,1408,1
6522,397990,120570,1408,1
6523,210648,63847,1408,1
6524,277052,83938,1408,1
6525,784268,237523,1408,1
6526,267554,81101,1408,1
6527,627060,189977,1408,1
6528,484018,146596,1408,1
6529,247834,75103,1408,1
6530,278678,84442,1408,1
6531,503704,152600,1408,1
6532,306440,92829,1408,1
6533,241658,73233,1408,1
6534,348824,105657,1408,1
6535,396422,120149,1408,1
6536,459954,139335,1408,1
6537,329020,99699,1408,1
6538,422438,127963,1408,1
6539,315952,95702,1408,1
6540,329656,99903,1408,1
6541,208750,63318,1408,1
6542,417792,126585,1408,1
6543,1166672,353372,1408,1
6544,350196,106842,1408,1
6545,429159,130643,1408,1
6546,378706,114735,1408,1
6547,262950,79695,1408,1
6548,240158,72751,1408,1
6549,408786,123904,1408,1
6550,236116,71554,1408,1
6551,199774,60531,1408,1
6552,574490,174488,1408,1
6553,411196,124584,1408,1
6554,562272,170337,1408,1
6555,267834,81210,1408,1
6556,245166,74292,1408,1
6557,213904,64825,1408,1
6558,248718,75370,1408,1
6559,424262,128648,1408,1
6560,246722,74740,1408,1
6561,282946,85708,1408,1
6562,884826,268029,1408,1
6563,435340,131882,1408,1
6564,761623,230945,1408,1
6565,348278,105494,1408,1
6566,487860,147798,1408,1
6567,337760,102306,1408,1
6568,380544,115290,1408,1
6569,304276,92165,1408,1
6570,325152,98527,1408,1
6571,410622,124395,1408,1
6572,372104,112721,1408,1
6573,499060,151172,1408,1
6574,795552,240982,1408,1
6575,541284,164304,1408,1
6576,408544,124344,1408,1
6577,239936,72777,1408,1
6578,538770,163285,1408,1
6579,530014,160567,1408,1
6580,385964,116915,1408,1
6581,343060,104152,1408,1
6582,275944,83626,1408,1
6583,592424,179458,1408,1
6584,844194,255872,1408,1
6585,1122614,340410,1408,1
6586,429252,130073,1408,1
6587,368644,111707,1408,1
6588,591206,179321,1408,1
6589,544544,165133,1408,1
6590,229438,69534,1408,1
6591,262726,79585,1408,1
6592,412050,124976,1408,1
6593,342730,103814,1408,1
6594,300230,90973,1408,1
6595,338112,102458,1408,1
6596,1332578,403694,1408,1
6597,375584,113792,1408,1
6598,254808,77207,1408,1
6599,263776,79904,1408,1
6600,227984,69091,1408,1
6601,400920,121487,1408,1
6602,1024608,310352,1408,1
6603,730953,222708,1408,1
6604,338394,102545,1408,1
6605,370552,112282,1408,1
6606,524314,158960,1408,1
6607,401962,121843,1408,1
6608,446324,135218,1408,1
6609,216218,65534,1408,1
6610,690622,209345,1408,1
6611,407540,123483,1408,1
6612,883270,267708,1408,1
6613,412418,124943,1408,1
6614,266154,80639,1408,1
6615,442414,134083,1408,1
6616,620185,189538,1408,1
6617,315472,95587,1408,1
6618,893786,271012,1408,1
6619,615534,186453,1408,1
6620,497242,150730,1408,1
6621,235338,71326,1408,1
6622,237150,71868,1408,1
6623,664158,201213,1408,1
6624,497368,150689,1408,1
6625,563750,170774,1408,1
6626,935528,283347,1408,1
6627,319546,96818,1408,1
6628,294976,89351,1408,1
6629,492826,149310,1408,1
6630,338680,102600,1408,1
6631,310654,94145,1408,1
6632,1036762,314196,1408,1
6633,377530,114382,1408,1
6634,443428,134349,1408,1
6635,300726,91122,1408,1
6636,353844,107230,1408,1
6637,234426,71051,1408,1
6638,982512,297607,1408,1
6639,368256,111579,1408,1
6640,835490,253752,1408,1
6641,1678520,508392,1408,1
6642,521624,158031,1408,1
6643,507442,153742,1408,1
6644,402016,121816,1408,1
6645,379794,115088,1408,1
6646,295212,89484,1408,1
6647,320598,97155,1408,1
6648,223310,67682,1408,1
6649,345534,104703,1408,1
6650,777530,235541,1408,1
6651,397336,120395,1408,1
6652,367788,111433,1408,1
6653,431332,131066,1408,1
6654,633346,191847,1408,1
6655,352542,106836,1408,1
6656,935822,283481,1408,1
6657,340986,103309,1408,1
6658,374732,113530,1408,1
6659,326086,98777,1408,1
6660,329464,99803,1408,1
6661,469320,142173,1408,1
6662,609266,184522,1408,1
6663,252544,76531,1408,1
6664,406308,123072,1408,1
6665,741346,224607,1408,1
6666,526586,159525,1408,1
6667,522656,158326,1408,1
6668,371194,112473,1408,1
6669,815176,246979,1408,1
6670,553852,167831,1408,1
6671,351116,106393,1408,1
6672,419870,127194,1408,1
6673,476386,144342,1408,1
6674,427198,129434,1408,1
6675,502804,152564,1408,1
6676,582410,176523,1408,1
6677,563490,170803,1408,1
6678,454250,137641,1408,1
6679,452472,137132,1408,1
6680,496686,150485,1408,1
6681,619236,187595,1408,1
6682,369446,111924,1408,1
6683,501576,151966,1408,1
6684,991556,300333,1408,1
6685,332892,100924,1408,1
6686,353180,107016,1408,1
6687,469406,142219,1408,1
6688,858040,259999,1408,1
6689,669938,203287,1408,1
6690,588066,178212,1408,1
6691,764438,231539,1408,1
6692,689068,208741,1408,1
6693,474728,144146,1408,1
6694,809028,245071,1408,1
6695,394964,119675,1408,1
6696,619678,187703,1408,1
6697,681886,207179,1408,1
6698,350788,106300,1408,1
6699,1272572,385608,1408,1
6700,528434,160064,1408,1
6701,1671820,506447,1408,1
6702,324640,98353,1408,1
6703,499144,151198,1408,1
6704,738090,223583,1408,1
6705,590798,179016,1408,1
6706,553956,167859,1408,1
6707,657525,199565,1408,1
6708,377628,114428,1408,1
6709,435812,132032,1408,1
6710,475234,143968,1408,1
6711,355882,107824,1408,1
6712,400432,121289,1408,1
6713,673890,204123,1408,1
6714,473598,143453,1408,1
6715,287428,87081,1408,1
6716,932939,283062,1408,1
6717,373942,113278,1408,1
6718,412248,124867,1408,1
6719,287308,87034,1408,1
6720,412664,125008,1408,1
6721,678094,205420,1408,1
6722,370134,112143,1408,1
6723,332614,100753,1408,1
6724,1221290,369898,1408,1
6725,828198,250853,1408,1
6726,246132,74596,1408,1
6727,461994,139956,1408,1
6728,275350,83448,1408,1
6729,232002,70320,1408,1
6730,704222,213281,1408,1
6731,356550,108005,1408,1
6732,272256,82496,1408,1
6733,390418,118258,1408,1
6734,276512,83793,1408,1
6735,361134,109419,1408,1
6736,271740,82349,1408,1
6737,842332,255539,1408,1
6738,640526,194022,1408,1
6739,453226,137322,1408,1
6740,447322,135518,1408,1
6741,389588,118034,1408,1
6742,319340,96784,1408,1
6743,233148,70652,1408,1
6744,391946,118720,1408,1
6745,537600,162884,1408,1
6746,988568,299381,1408,1
6747,235296,71282,1408,1
6748,863192,261448,1408,1
6749,232404,70407,1408,1
6750,428838,129892,1408,1
6751,271922,82374,1408,1
6752,394934,119629,1408,1
6753,385120,116684,1408,1
6754,224614,68061,1408,1
6755,647240,196038,1408,1
6756,265740,80514,1408,1
6757,385634,116838,1408,1
6758,302122,91550,1408,1
6759,340580,103179,1408,1
6760,344238,104298,1408,1
6761,425698,128959,1408,1
6762,305808,92636,1408,1
6763,1353186,409849,1408,1
6764,926065,280903,1408,1
6765,338908,102711,1408,1
6766,1453296,440704,1408,1
6767,451790,136888,1408,1
6768,339430,102927,1408,1
6769,645462,195529,1408,1
6770,259086,78504,1408,1
6771,370208,112134,1408,1
6772,405710,122910,1408,1
6773,213774,64775,1408,1
6774,248962,75418,1408,1
6775,594222,180437,1408,1
6776,339842,102989,1408,1
6777,317240,96134,1408,1
6778,345558,104711,1408,1
6779,2500756,757438,1408,1
6780,661114,200492,1408,1
6781,798888,242084,1408,1
6782,628682,190448,1408,1
6783,477996,144799,1408,1
6784,316534,95958,1408,1
6785,504782,152915,1408,1
6786,320768,97190,1408,1
6787,309440,93742,1408,1
6788,547030,165740,1408,1
6789,329166,99768,1408,1
6790,974396,295188,1408,1
6791,728432,221487,1408,1
6792,576500,174652,1408,1
6793,341482,103708,1408,1
6794,1097250,332416,1408,1
6795,341838,103551,1408,1
6796,426376,129178,1408,1
6797,340722,103250,1408,1
6798,334828,101470,1408,1
6799,400444,121328,1408,1
6800,303628,92016,1408,1
6801,518334,157024,1408,1
6802,401174,122371,1408,1
6803,558470,169185,1408,1
6804,886126,268392,1408,1
6805,488404,147955,1408,1
6806,378120,114541,1408,1
6807,247360,74937,1408,1
6808,1416658,429404,1408,1
6809,371992,112710,1408,1
6810,493942,149809,1408,1
6811,580536,175996,1408,1
6812,240288,72804,1408,1
6813,803802,243555,1408,1
6814,379056,114819,1408,1
6815,232302,70417,1408,1
6816,436732,132321,1408,1
6817,260310,78854,1408,1
6818,336632,102072,1408,1
6819,547656,165976,1408,1
6820,283154,85823,1408,1
6821,254218,77021,1408,1
6822,350260,106120,1408,1
6823,469136,142131,1408,1
6824,296476,89860,1408,1
6825,1042949,316497,1408,1
6826,332916,100863,1408,1
6827,216492,65611,1408,1
6828,522642,158321,1408,1
6829,370229,112386,1408,1
6830,332146,100637,1408,1
6831,253894,76954,1408,1
6832,288706,87451,1408,1
6833,431248,130616,1408,1
6834,288366,87375,1408,1
6835,324162,98188,1408,1
6836,660208,199991,1408,1
6837,399818,121116,1408,1
6838,323488,98016,1408,1
6839,223170,67723,1408,1
6840,262550,79563,1408,1
6841,431760,131184,1408,1
6842,342824,103866,1408,1
6843,221360,67077,1408,1
6844,589076,178460,1408,1
6845,242342,73431,1408,1
6846,644994,195338,1408,1
6847,234500,71036,1408,1
6848,315234,95526,1408,1
6849,200390,60710,1408,1
6850,299744,90841,1408,1
6851,218416,66194,1408,1
6852,288476,87413,1408,1
6853,488768,148078,1408,1
6854,255298,77337,1408,1
6855,361466,109501,1408,1
6856,810652,245860,1408,1
6857,296810,89934,1408,1
6858,746514,226748,1408,1
6859,344208,104308,1408,1
6860,331446,100450,1408,1
6861,394546,119834,1408,1
6862,316876,96041,1408,1
6863,574478,173987,1408,1
6864,302056,91534,1408,1
6865,288260,87328,1408,1
6866,535640,162277,1408,1
6867,213908,64852,1408,1
6868,489850,148409,1408,1
6869,545988,165457,1408,1
6870,328502,99517,1408,1
6871,339098,102760,1408,1
6872,400323,121597,1408,1
6873,615472,186510,1408,1
6874,671852,203533,1408,1
6875,743112,225093,1408,1
6876,740596,224346,1408,1
6877,415822,126047,1408,1
6878,338352,102529,1408,1
6879,353448,107095,1408,1
6880,356308,107956,1408,1
6881,897828,271958,1408,1
6882,721876,218735,1408,1
6883,1265322,383218,1408,1
6884,332402,100716,1408,1
6885,240044,72746,1408,1
6886,240704,72921,1408,1
6887,204642,61996,1408,1
6888,242030,73348,1408,1
6889,416128,126062,1408,1
6890,239820,72679,1408,1
6891,207842,62989,1408,1
6892,244030,73950,1408,1
6893,413728,125312,1408,1
6894,240198,72764,1408,1
6895,484446,146726,1408,1
6896,205326,62227,1408,1
6897,328136,99436,1408,1
6898,244984,74257,1408,1
6899,241852,73277,1408,1
6900,380338,115214,1408,1
6901,240120,72739,1408,1
6902,532776,161403,1408,1
6903,278204,84300,1408,1
6904,331488,100459,1408,1
6905,337748,102301,1408,1
6906,234518,71072,1408,1
6907,370374,112213,1408,1
6908,375856,113899,1408,1
6909,200932,60873,1408,1
6910,400576,121349,1408,1
6911,261958,79374,1408,1
6912,467322,141582,1408,1
6913,268214,81246,1408,1
6914,382186,115790,1408,1
6915,302204,91551,1408,1
6916,291490,88383,1408,1
6917,201402,61016,1408,1
6918,362600,109849,1408,1
6919,401514,121654,1408,1
6920,475702,144298,1408,1
6921,421436,127933,1408,1
6922,584584,177100,1408,1
6923,333726,101127,1408,1
6924,762370,230933,1408,1
6925,220028,66687,1408,1
6926,251898,76338,1408,1
6927,281120,85169,1408,1
6928,371562,112571,1408,1
6929,236498,71643,1408,1
6930,437502,132509,1408,1
6931,268842,81448,1408,1
6932,269696,81720,1408,1
6933,267108,80940,1408,1
6934,198716,60210,1408,1
6935,338086,102429,1408,1
6936,1471682,446130,1408,1
6937,275254,83421,1408,1
6938,372400,112813,1408,1
6939,379186,115029,1408,1
6940,307604,93195,1408,1
6941,402506,122033,1408,1
6942,652342,197809,1408,1
6943,650510,197058,1408,1
6944,1168704,353955,1408,1
6945,356314,107954,1408,1
6946,428132,129703,1408,1
6947,283488,85904,1408,1
6948,419536,127099,1408,1
6949,242370,73447,1408,1
6950,249996,75733,1408,1
6951,270812,82218,1408,1
6952,313988,95108,1408,1
6953,256870,77847,1408,1
6954,322210,97628,1408,1
6955,290672,88048,1408,1
6956,358710,108651,1408,1
6957,536806,162579,1408,1
6958,442352,134009,1408,1
6959,628302,190317,1408,1
6960,738384,223652,1408,1
6961,240418,72860,1408,1
6962,442946,134189,1408,1
6963,375776,113850,1408,1
6964,1299962,393704,1408,1
6965,546972,165659,1408,1
6966,561902,170215,1408,1
6967,371390,112524,1408,1
6968,391610,118685,1408,1
6969,401290,121554,1408,1
6970,987860,299406,1408,1
6971,402930,122210,1408,1
6972,1398762,423728,1408,1
6973,1270194,384789,1408,1
6974,783072,237679,1408,1
6975,407570,123490,1408,1
6976,508094,153954,1408,1
6977,270560,81998,1408,1
6978,321178,97313,1408,1
6979,427806,129575,1408,1
6980,389690,118062,1408,1
6981,283512,85880,1408,1
6982,268952,81609,1408,1
6983,429604,130147,1408,1
6984,533058,161490,1408,1
6985,700808,212420,1408,1
6986,441910,133880,1408,1
6987,385906,116929,1408,1
6988,501196,151840,1408,1
6989,464282,140661,1408,1
6990,396716,120739,1408,1
6991,1008100,305353,1408,1
6992,390066,118195,1408,1
6993,332318,100693,1408,1
6994,825928,250178,1408,1
6995,427728,129608,1408,1
6996,564500,170983,1408,1
6997,572350,173412,1408,1
6998,422942,128153,1408,1
6999,484050,146742,1408,1
7000,623334,188837,1408,1
7001,852222,258150,1408,1
7002,893616,270686,1408,1
7003,1184710,358868,1408,1
7004,802568,243110,1408,1
7005,388564,117718,1408,1
7006,1007928,305306,1408,1
7007,1332592,404001,1408,1
7008,407036,123323,1408,1
7009,1009507,306179,1408,1
7010,637652,193183,1408,1
7011,565069,171449,1408,1
7012,1197688,362826,1408,1
7013,505198,153056,1408,1
7014,557134,168780,1408,1
7015,506052,153328,1408,1
7016,672992,203925,1408,1
7017,628560,190429,1408,1
7018,419106,126962,1408,1
7019,756876,229296,1408,1
7020,491642,148984,1408,1
7021,490874,148709,1408,1
7022,286992,86967,1408,1
7023,598852,181426,1408,1
7024,406310,123082,1408,1
7025,555072,168170,1408,1
7026,1205500,365204,1408,1
7027,238236,72204,1408,1
7028,253256,76861,1408,1
7029,277078,84078,1408,1
7030,397838,120534,1408,1
7031,381324,115511,1408,1
7032,308996,93614,1408,1
7033,752998,228093,1408,1
7034,849528,257328,1408,1
7035,440744,133519,1408,1
7036,339262,102796,1408,1
7037,424828,129173,1408,1
7038,490308,148534,1408,1
7039,540454,163703,1408,1
7040,270730,82026,1408,1
7041,264178,80056,1408,1
7042,446840,135475,1408,1
7043,275626,83542,1408,1
7044,438348,132797,1408,1
7045,239560,72606,1408,1
7046,315414,95570,1408,1
7047,328412,99514,1408,1
7048,390716,118396,1408,1
7049,396234,120016,1408,1
7050,238216,72196,1408,1
7051,237300,71918,1408,1
7052,236378,71625,1408,1
7053,240208,72797,1408,1
7054,2132936,646462,1408,1
7055,422268,127933,1408,1
7056,225742,68389,1408,1
7057,225482,68341,1408,1
7058,292654,88651,1408,1
7059,292738,88677,1408,1
7060,627920,190202,1408,1
7061,423698,128366,1408,1
7062,262322,79495,1408,1
7063,292564,88654,1408,1
7064,366196,110921,1408,1
7065,330140,100018,1408,1
7066,1252900,379468,1408,1
7067,240022,72745,1408,1
7068,312424,95134,1408,1
7069,234200,70980,1408,1
7070,686176,207834,1408,1
7071,512486,155224,1408,1
7072,584290,177088,1408,1
7073,311020,94244,1408,1
7074,363796,110235,1408,1
7075,242646,73549,1408,1
7076,671868,203527,1408,1
7077,632952,191952,1408,1
7078,522968,158469,1408,1
7079,779812,236258,1408,1
7080,286446,86782,1408,1
7081,321798,97492,1408,1
7082,248564,75309,1408,1
7083,384692,116564,1408,1
7084,283618,85913,1408,1
7085,416482,126188,1408,1
7086,251236,76122,1408,1
7087,217492,65920,1408,1
7088,249180,75486,1408,1
7089,356428,107963,1408,1
7090,211942,64222,1408,1
7091,211364,64051,1408,1
7092,284086,86056,1408,1
7093,320570,97101,1408,1
7094,319088,96663,1408,1
7095,765422,231833,1408,1
7096,800440,242438,1408,1
7097,511060,155006,1408,1
7098,218832,66325,1408,1
7099,547890,165965,1408,1
7100,261396,79188,1408,1
7101,218058,66058,1408,1
7102,326988,99062,1408,1
7103,363754,110252,1408,1
7104,312910,94810,1408,1
7105,414200,125453,1408,1
7106,205872,62370,1408,1
7107,313446,94973,1408,1
7108,205532,62267,1408,1
7109,311236,94274,1408,1
7110,240686,72941,1408,1
7111,210668,63845,1408,1
7112,276596,83799,1408,1
7113,312572,94705,1408,1
7114,417146,126373,1408,1
7115,840062,254432,1408,1
7116,208326,63137,1408,1
7117,518804,157173,1408,1
7118,206598,62589,1408,1
7119,247810,75096,1408,1
7120,318354,96526,1408,1
7121,257426,77985,1408,1
7122,338358,102504,1408,1
7123,322506,97732,1408,1
7124,233100,70615,1408,1
7125,436676,132288,1408,1
7126,450236,136365,1408,1
7127,371564,112566,1408,1
7128,233866,70845,1408,1
7129,233134,70649,1408,1
7130,300868,91133,1408,1
7131,267680,81084,1408,1
7132,341874,103567,1408,1
7133,441674,133821,1408,1
7134,278370,84348,1408,1
7135,371336,112515,1408,1
7136,215168,65270,1408,1
7137,276774,83886,1408,1
7138,326308,98880,1408,1
7139,890248,269629,1408,1
7140,350566,106188,1408,1
7141,232028,70410,1408,1
7142,199034,60299,1408,1
7143,604274,183156,1408,1
7144,550996,167006,1408,1
7145,443166,134237,1408,1
7146,522336,158320,1408,1
7147,330574,100156,1408,1
7148,195062,59122,1408,1
7149,262102,79411,1408,1
7150,356112,107914,1408,1
7151,299038,90580,1408,1
7152,256370,77669,1408,1
7153,200252,60866,1408,1
7154,667514,202271,1408,1
7155,210562,63798,1408,1
7156,289458,87690,1408,1
7157,265730,80519,1408,1
7158,320156,97020,1408,1
7159,493036,149358,1408,1
7160,198550,60179,1408,1
7161,281296,85251,1408,1
7162,746908,226241,1408,1
7163,300462,91041,1408,1
7164,442668,134097,1408,1
7165,306232,92772,1408,1
7166,372408,112824,1408,1
7167,521406,157939,1408,1
7168,432478,131007,1408,1
7169,226766,68724,1408,1
7170,192552,58352,1408,1
7171,193916,58764,1408,1
7172,261412,79199,1408,1
7173,193924,58750,1408,1
7174,428202,129718,1408,1
7175,295478,89609,1408,1
7176,355448,107692,1408,1
7177,339424,102835,1408,1
7178,202708,61437,1408,1
7179,439416,133094,1408,1
7180,200886,60858,1408,1
7181,507292,153658,1408,1
7182,287640,87159,1408,1
7183,324236,98260,1408,1
7184,235770,71439,1408,1
7185,676294,204859,1408,1
7186,235916,71467,1408,1
7187,235916,71548,1408,1
7188,406596,123177,1408,1
7189,441182,133624,1408,1
7190,315906,95691,1408,1
7191,297214,90358,1408,1
7192,805372,244032,1408,1
7193,262470,79533,1408,1
7194,455844,138294,1408,1
7195,212162,64304,1408,1
7196,453768,137796,1408,1
7197,379592,115086,1408,1
7198,1026408,310877,1408,1
7199,304594,92278,1408,1
7200,390576,118303,1408,1
7201,373408,113114,1408,1
7202,271868,82369,1408,1
7203,273450,83025,1408,1
7204,210244,63721,1408,1
7205,243966,73906,1408,1
7206,348406,105558,1408,1
7207,210004,63631,1408,1
7208,310482,94087,1408,1
7209,347332,105250,1408,1
7210,535704,162283,1408,1
7211,440404,133429,1408,1
7212,245278,74327,1408,1
7213,244388,74061,1408,1
7214,351794,106585,1408,1
7215,244546,74090,1408,1
7216,209034,63352,1408,1
7217,417028,126309,1408,1
7218,313364,94918,1408,1
7219,238270,72209,1408,1
7220,233332,70712,1408,1
7221,199166,60348,1408,1
7222,268864,81444,1408,1
7223,313058,94878,1408,1
7224,541010,163851,1408,1
7225,572730,173470,1408,1
7226,268438,81314,1408,1
7227,199766,60547,1408,1
7228,214582,65032,1408,1
7229,805196,243892,1408,1
7230,279330,84616,1408,1
7231,385188,116756,1408,1
7232,799368,242130,1408,1
7233,374516,113486,1408,1
7234,784126,238121,1408,1
7235,338155,102576,1408,1
7236,322164,97629,1408,1
7237,415590,125919,1408,1
7238,568478,172213,1408,1
7239,277614,84128,1408,1
7240,277738,84169,1408,1
7241,307604,93197,1408,1
7242,606210,183651,1408,1
7243,638642,193444,1408,1
7244,263794,79938,1408,1
7245,201148,60941,1408,1
7246,478864,145062,1408,1
7247,200732,60839,1408,1
7248,236674,71721,1408,1
7249,300614,91085,1408,1
7250,232772,70515,1408,1
7251,265792,80513,1408,1
7252,233280,70670,1408,1
7253,434932,131756,1408,1
7254,198608,60170,1408,1
7255,452916,137218,1408,1
7256,200364,60727,1408,1
7257,656732,198936,1408,1
7258,268348,81314,1408,1
7259,542896,164453,1408,1
7260,304100,92145,1408,1
7261,266254,80664,1408,1
7262,232960,70588,1408,1
7263,283696,85963,1408,1
7264,266952,80864,1408,1
7265,300020,90879,1408,1
7266,401342,121576,1408,1
7267,374902,113594,1408,1
7268,371238,112471,1408,1
7269,198818,60233,1408,1
7270,276806,83861,1408,1
7271,274380,83114,1408,1
7272,308824,93545,1408,1
7273,384756,116567,1408,1
7274,660720,200129,1408,1
7275,277438,84055,1408,1
7276,414128,125431,1408,1
7277,448782,135925,1408,1
7278,760362,230295,1408,1
7279,541808,164146,1408,1
7280,309966,93919,1408,1
7281,493770,149576,1408,1
7282,205694,62329,1408,1
7283,807754,244659,1408,1
7284,256260,77671,1408,1
7285,288150,87299,1408,1
7286,287910,87238,1408,1
7287,464422,140661,1408,1
7288,208752,63272,1408,1
7289,381502,115552,1408,1
7290,276268,83713,1408,1
7291,553722,167942,1408,1
7292,555488,168268,1408,1
7293,945248,286481,1408,1
7294,567674,171944,1408,1
7295,332140,100619,1408,1
7296,598552,181330,1408,1
7297,639032,193574,1408,1
7298,384426,116776,1408,1
7299,375466,113773,1408,1
7300,388364,117658,1408,1
7301,522676,158360,1408,1
7302,4248994,1287608,1408,1
7303,358938,108775,1408,1
7304,1625180,492451,1408,1
7305,911344,276049,1408,1
7306,463308,140355,1408,1
7307,1790662,542539,1408,1
7308,1087790,329538,1408,1
7309,450146,136366,1408,1
7310,1422136,430762,1408,1
7311,535718,162298,1408,1
7312,361408,109516,1408,1
7313,468314,141899,1408,1
7314,674846,204437,1408,1
7315,402212,121847,1408,1
7316,321978,97694,1408,1
7317,370020,112109,1408,1
7318,917490,277911,1408,1
7319,681508,206439,1408,1
7320,338854,102665,1408,1
7321,295866,89672,1408,1
7322,2351934,712810,1408,1
7323,468488,141957,1408,1
7324,1541488,467333,1408,1
7325,308638,93528,1408,1
7326,1427934,432722,1408,1
7327,1153565,349757,1408,1
7328,563478,170725,1408,1
7329,340982,103332,1408,1
7330,345134,104582,1408,1
7331,413382,125218,1408,1
7332,1176206,356587,1408,1
7333,789336,239108,1408,1
7334,752476,228006,1408,1
7335,1092566,331067,1408,1
7336,775978,235140,1408,1
7337,755854,228969,1408,1
7338,627522,190104,1408,1
7339,481134,145768,1408,1
7340,607148,183947,1408,1
7341,1383360,419006,1408,1
7342,684582,207366,1408,1
7343,395398,119814,1408,1
7344,431598,130724,1408,1
7345,391766,118666,1408,1
7346,329748,99938,1408,1
7347,235800,71461,1408,1
7348,352988,106922,1408,1
7349,233474,70732,1408,1
7350,357434,108298,1408,1
7351,453712,137439,1408,1
7352,491924,149046,1408,1
7353,517882,156898,1408,1
7354,835040,252927,1408,1
7355,313430,94960,1408,1
7356,233822,70837,1408,1
7357,474026,143606,1408,1
7358,796742,241349,1408,1
7359,476882,144467,1408,1
7360,526434,159468,1408,1
7361,351784,106588,1408,1
7362,685282,207585,1408,1
7363,321830,97529,1408,1
7364,479122,145320,1408,1
7365,576630,174684,1408,1
7366,568216,172172,1408,1
7367,428818,129935,1408,1
7368,627170,189975,1408,1
7369,711928,215674,1408,1
7370,708880,214741,1408,1
7371,346502,105109,1408,1
7372,385384,117090,1408,1
7373,1244500,376934,1408,1
7374,397352,120402,1408,1
7375,371438,112525,1408,1
7376,2056604,622879,1408,1
7377,675090,204753,1408,1
7378,413166,125157,1408,1
7379,759052,229903,1408,1
7380,500984,151827,1408,1
7381,685048,207517,1408,1
7382,804928,243823,1408,1
7383,570084,172713,1408,1
7384,365408,110699,1408,1
7385,1627006,492840,1408,1
7386,542476,164348,1408,1
7387,231866,70276,1408,1
7388,430344,130402,1408,1
7389,226582,68656,1408,1
7390,266692,80819,1408,1
7391,304120,92134,1408,1
7392,329122,99708,1408,1
7393,292346,88578,1408,1
7394,218732,66265,1408,1
7395,217978,66037,1408,1
7396,217386,65858,1408,1
7397,432140,130933,1408,1
7398,554266,167914,1408,1
7399,329636,99865,1408,1
7400,218100,66092,1408,1
7401,1170560,354647,1408,1
7402,386374,117113,1408,1
7403,445168,134865,1408,1
7404,476086,144220,1408,1
7405,434508,131651,1408,1
7406,329438,99816,1408,1
7407,520126,157562,1408,1
7408,919816,278562,1408,1
7409,440728,133521,1408,1
7410,377306,114330,1408,1
7411,332420,100692,1408,1
7412,367510,111329,1408,1
7413,332224,100634,1408,1
7414,629808,190756,1408,1
7415,720344,218205,1408,1
7416,223274,67641,1408,1
7417,888978,269249,1408,1
7418,213532,64720,1408,1
7419,244846,74190,1408,1
7420,398256,120653,1408,1
7421,429278,130036,1408,1
7422,250168,75836,1408,1
7423,251672,76267,1408,1
7424,283588,85907,1408,1
7425,535170,162084,1408,1
7426,212728,64446,1408,1
7427,431424,130697,1408,1
7428,210550,63814,1408,1
7429,339926,102993,1408,1
7430,247986,75139,1408,1
7431,211474,64066,1408,1
7432,212990,64536,1408,1
7433,355960,107950,1408,1
7434,541494,164025,1408,1
7435,521248,157941,1408,1
7436,403432,122394,1408,1
7437,251388,76181,1408,1
7438,283724,85962,1408,1
7439,278946,84504,1408,1
7440,287910,87213,1408,1
7441,333172,100963,1408,1
7442,382588,115936,1408,1
7443,360040,109086,1408,1
7444,214702,65072,1408,1
7445,344410,104320,1408,1
7446,239450,72552,1408,1
7447,347964,105425,1408,1
7448,276388,83752,1408,1
7449,590802,178974,1408,1
7450,347802,105376,1408,1
7451,205586,62294,1408,1
7452,314220,95193,1408,1
7453,251488,76226,1408,1
7454,281898,85393,1408,1
7455,315766,95735,1408,1
7456,351878,106646,1408,1
7457,279776,84813,1408,1
7458,208664,63215,1408,1
7459,423422,128304,1408,1
7460,363898,110394,1408,1
7461,386034,116943,1408,1
7462,359476,108913,1408,1
7463,344950,104512,1408,1
7464,521744,158043,1408,1
7465,378630,114713,1408,1
7466,238194,72184,1408,1
7467,212278,64338,1408,1
7468,444094,134551,1408,1
7469,520658,157692,1408,1
7470,589582,178561,1408,1
7471,318954,96639,1408,1
7472,353496,107101,1408,1
7473,242840,73575,1408,1
7474,364892,110536,1408,1
7475,251480,76370,1408,1
7476,281176,85183,1408,1
7477,382018,115719,1408,1
7478,273652,82908,1408,1
7479,239152,72447,1408,1
7480,240508,72855,1408,1
7481,206048,62450,1408,1
7482,517690,156850,1408,1
7483,565386,171265,1408,1
7484,248732,75363,1408,1
7485,299952,90892,1408,1
7486,295862,89631,1408,1
7487,531678,161074,1408,1
7488,214414,64959,1408,1
7489,249614,75630,1408,1
7490,606212,183607,1408,1
7491,479188,145176,1408,1
7492,284272,86124,1408,1
7493,241170,73072,1408,1
7494,276352,83714,1408,1
7495,419850,127190,1408,1
7496,417654,126513,1408,1
7497,277428,84047,1408,1
7498,493224,149411,1408,1
7499,275270,83384,1408,1
7500,274994,83299,1408,1
7501,239906,72676,1408,1
7502,924952,280152,1408,1
7503,797182,241478,1408,1
7504,339510,102856,1408,1
7505,371992,112741,1408,1
7506,364662,111102,1408,1
7507,506440,153425,1408,1
7508,282252,85497,1408,1
7509,315716,95631,1408,1
7510,283778,85957,1408,1
7511,321294,97317,1408,1
7512,321498,97410,1408,1
7513,544462,165004,1408,1
7514,1013328,307038,1408,1
7515,455666,138051,1408,1
7516,459236,139140,1408,1
7517,424192,128524,1408,1
7518,459172,139240,1408,1
7519,944708,286217,1408,1
7520,540708,164563,1408,1
7521,527758,159883,1408,1
7522,349098,105844,1408,1
7523,515806,156227,1408,1
7524,421714,127768,1408,1
7525,434516,131767,1408,1
7526,519688,157451,1408,1
7527,356776,108104,1408,1
7528,415974,126562,1408,1
7529,624204,189078,1408,1
7530,291546,88353,1408,1
7531,394192,119460,1408,1
7532,328176,99439,1408,1
7533,436082,132156,1408,1
7534,730032,221132,1408,1
7535,390126,118206,1408,1
7536,340222,103094,1408,1
7537,274302,83143,1408,1
7538,765746,231945,1408,1
7539,327554,99225,1408,1
7540,312060,94561,1408,1
7541,786176,238107,1408,1
7542,390714,118368,1408,1
7543,336342,101902,1408,1
7544,594388,180057,1408,1
7545,475130,143948,1408,1
7546,354562,107431,1408,1
7547,934114,282940,1408,1
7548,780448,236379,1408,1
7549,805386,243963,1408,1
7550,538458,163091,1408,1
7551,473094,143322,1408,1
7552,455774,138089,1408,1
7553,936384,283602,1408,1
7554,596822,180837,1408,1
7555,795495,241261,1408,1
7556,565558,171677,1408,1
7557,291082,88201,1408,1
7558,296636,89857,1408,1
7559,354034,107288,1408,1
7560,386033,117117,1408,1
7561,778704,236078,1408,1
7562,686411,208219,1408,1
7563,326148,98830,1408,1
7564,384498,116502,1408,1
7565,3351327,1015917,1408,1
7566,457244,138539,1408,1
7567,335424,101646,1408,1
7568,284078,86051,1408,1
7569,354480,107371,1408,1
7570,884706,268354,1408,1
7571,565094,171190,1408,1
7572,456970,138436,1408,1
7573,294438,89204,1408,1
7574,317314,96124,1408,1
7575,357626,108323,1408,1
7576,540670,163780,1408,1
7577,255302,77357,1408,1
7578,435730,132126,1408,1
7579,407428,123447,1408,1
7580,799140,242244,1408,1
7581,871052,263844,1408,1
7582,481690,146037,1408,1
7583,328450,99537,1408,1
7584,408990,123892,1408,1
7585,450194,136401,1408,1
7586,619928,187796,1408,1
7587,476648,144422,1408,1
7588,655702,198639,1408,1
7589,518588,157115,1408,1
7590,481532,145904,1408,1
7591,578160,175157,1408,1
7592,648644,196486,1408,1
7593,724366,219537,1408,1
7594,522900,158490,1408,1
7595,798104,241847,1408,1
7596,1145820,347046,1408,1
7597,2963298,898154,1408,1
7598,2447723,741717,1408,1
7599,558818,169300,1408,1
7600,16169190,4897686,1408,1
7601,504012,152762,1408,1
7602,255584,77456,1408,1
7603,374878,113602,1408,1
7604,680216,206034,1408,1
7605,755604,229035,1408,1
7606,427302,129587,1408,1
7607,464434,140732,1408,1
7608,418508,126794,1408,1
7609,681264,206378,1408,1
7610,449702,136268,1408,1
7611,1216536,368516,1408,1
7612,257568,78062,1408,1
7613,255022,77260,1408,1
7614,429008,129976,1408,1
7615,256084,77612,1408,1
7616,302242,91556,1408,1
7617,302148,91558,1408,1
7618,508348,153972,1408,1
7619,264844,80235,1408,1
7620,381188,115480,1408,1
7621,385144,116699,1408,1
7622,284154,86093,1408,1
7623,406520,123148,1408,1
7624,528846,160175,1408,1
7625,241136,73053,1408,1
7626,326314,98877,1408,1
7627,362450,109801,1408,1
7628,328076,99412,1408,1
7629,241504,73164,1408,1
7630,241224,73094,1408,1
7631,504394,152807,1408,1
7632,487820,147753,1408,1
7633,489114,148145,1408,1
7634,637084,193009,1408,1
7635,710138,215514,1408,1
7636,2924272,886122,1408,1
7637,523778,158711,1408,1
7638,673778,204108,1408,1
7639,423230,128245,1408,1
7640,1220006,369698,1408,1
7641,620140,187945,1408,1
7642,528232,160067,1408,1
7643,394050,119475,1408,1
7644,604552,183160,1408,1
7645,362610,109885,1408,1
7646,440126,133356,1408,1
7647,390938,118466,1408,1
7648,570678,172896,1408,1
7649,899024,272399,1408,1
7650,246304,74630,1408,1
7651,328792,99609,1408,1
7652,314942,95430,1408,1
7653,995452,301481,1408,1
7654,592188,179353,1408,1
7655,232638,70496,1408,1
7656,322750,97773,1408,1
7657,709848,215024,1408,1
7658,232720,70516,1408,1
7659,233102,70618,1408,1
7660,499742,151424,1408,1
7661,812048,246020,1408,1
7662,350660,106227,1408,1
7663,593954,179927,1408,1
7664,421558,127749,1408,1
7665,547764,166024,1408,1
7666,927262,280923,1408,1
7667,550362,166753,1408,1
7668,689276,208791,1408,1
7669,391760,118719,1408,1
7670,529934,160517,1408,1
7671,619564,187696,1408,1
7672,429194,130044,1408,1
7673,532472,161528,1408,1
7674,469664,142301,1408,1
7675,382710,115945,1408,1
7676,267700,81127,1408,1
7677,344274,104312,1408,1
7678,457800,138687,1408,1
7679,786264,238599,1408,1
7680,639150,193604,1408,1
7681,628316,190320,1408,1
7682,292940,88767,1408,1
7683,292468,88609,1408,1
7684,327714,99280,1408,1
7685,470156,142447,1408,1
7686,257790,78107,1408,1
7687,293078,88778,1408,1
7688,579816,175650,1408,1
7689,428832,129914,1408,1
7690,249478,75605,1408,1
7691,503582,152549,1408,1
7692,357910,108505,1408,1
7693,283612,85930,1408,1
7694,320634,97139,1408,1
7695,679020,205672,1408,1
7696,317802,96293,1408,1
7697,679572,205840,1408,1
7698,283324,85825,1408,1
7699,356038,107860,1408,1
7700,364026,110291,1408,1
7701,246982,74821,1408,1
7702,318264,96404,1408,1
7703,587924,178104,1408,1
7704,215520,65318,1408,1
7705,251992,76363,1408,1
7706,211472,64066,1408,1
7707,318882,96635,1408,1
7708,498226,150918,1408,1
7709,463986,140532,1408,1
7710,402138,121832,1408,1
7711,399670,121063,1408,1
7712,464240,140635,1408,1
7713,248150,75173,1408,1
7714,282894,85694,1408,1
7715,211644,64131,1408,1
7716,613664,185882,1408,1
7717,654910,198373,1408,1
7718,290588,88038,1408,1
7719,257200,78038,1408,1
7720,292564,88652,1408,1
7721,336820,102024,1408,1
7722,396995,120647,1408,1
7723,373086,113019,1408,1
7724,384070,116379,1408,1
7725,654232,198330,1408,1
7726,363002,110046,1408,1
7727,851590,257945,1408,1
7728,344206,104341,1408,1
7729,217404,65887,1408,1
7730,240226,72817,1408,1
7731,614530,186115,1408,1
7732,403628,122252,1408,1
7733,267600,81061,1408,1
7734,861738,261014,1408,1
7735,731018,221435,1408,1
7736,303904,92066,1408,1
7737,700514,212246,1408,1
7738,200994,60917,1408,1
7739,269474,81638,1408,1
7740,250984,76058,1408,1
7741,204672,62006,1408,1
7742,201470,61050,1408,1
7743,277096,83945,1408,1
7744,417178,126369,1408,1
7745,421502,127690,1408,1
7746,349722,105957,1408,1
7747,210440,63751,1408,1
7748,327988,99363,1408,1
7749,422716,128053,1408,1
7750,698962,211768,1408,1
7751,246040,74572,1408,1
7752,274076,83035,1408,1
7753,810664,245506,1408,1
7754,260114,78801,1408,1
7755,218274,66134,1408,1
7756,306124,92756,1408,1
7757,592502,179480,1408,1
7758,370562,112237,1408,1
7759,205238,62200,1408,1
7760,385820,116916,1408,1
7761,387364,117330,1408,1
7762,376494,114072,1408,1
7763,488238,147966,1408,1
7764,321402,97374,1408,1
7765,369000,111802,1408,1
7766,1043750,316465,1408,1
7767,471100,142756,1408,1
7768,535682,162302,1408,1
7769,700394,212173,1408,1
7770,501578,151951,1408,1
7771,509292,154315,1408,1
7772,256174,77631,1408,1
7773,539600,163466,1408,1
7774,516936,156598,1408,1
7775,308512,93465,1408,1
7776,306510,92854,1408,1
7777,281722,85362,1408,1
7778,233822,70855,1408,1
7779,206474,62576,1408,1
7780,230710,69934,1408,1
7781,315992,95731,1408,1
7782,450446,136428,1408,1
7783,352496,106782,1408,1
7784,284400,86430,1408,1
7785,224474,68002,1408,1
7786,262406,79510,1408,1
7787,911786,276167,1408,1
7788,529806,160483,1408,1
7789,229530,69546,1408,1
7790,227194,68839,1408,1
7791,228816,69340,1408,1
7792,262424,79523,1408,1
7793,226086,68490,1408,1
7794,460470,139490,1408,1
7795,372322,112814,1408,1
7796,577580,175072,1408,1
7797,423576,128318,1408,1
7798,354884,107515,1408,1
7799,189728,57477,1408,1
7800,348958,105734,1408,1
7801,373114,113054,1408,1
7802,417304,126436,1408,1
7803,479082,145144,1408,1
7804,339630,102890,1408,1
7805,321172,97303,1408,1
7806,188472,57122,1408,1
7807,432414,131005,1408,1
7808,335998,101793,1408,1
7809,373280,113090,1408,1
7810,291002,88189,1408,1
7811,374604,113502,1408,1
7812,489444,148300,1408,1
7813,497142,150622,1408,1
7814,1061268,321530,1408,1
7815,364752,110524,1408,1
7816,401972,121794,1408,1
7817,410492,124341,1408,1
7818,567856,172019,1408,1
7819,366172,110927,1408,1
7820,370198,112176,1408,1
7821,190154,57620,1408,1
7822,349316,105827,1408,1
7823,285500,86479,1408,1
7824,188198,57024,1408,1
7825,222402,67401,1408,1
7826,222138,67294,1408,1
7827,253416,76764,1408,1
7828,393030,119046,1408,1
7829,284806,86271,1408,1
7830,317120,96056,1408,1
7831,445738,135002,1408,1
7832,608678,184367,1408,1
7833,227276,68875,1408,1
7834,189974,57578,1408,1
7835,376736,114146,1408,1
7836,253854,76897,1408,1
7837,446188,135138,1408,1
7838,890060,269589,1408,1
7839,195810,59349,1408,1
7840,216160,65513,1408,1
7841,540936,163855,1408,1
7842,338512,102556,1408,1
7843,371694,112609,1408,1
7844,337236,102171,1408,1
7845,415280,125836,1408,1
7846,193432,58618,1408,1
7847,390700,121459,1408,1
7848,324094,98167,1408,1
7849,226480,68607,1408,1
7850,226120,68500,1408,1
7851,258592,78331,1408,1
7852,287132,86977,1408,1
7853,196984,59701,1408,1
7854,363718,110183,1408,1
7855,306660,92904,1408,1
7856,360398,109173,1408,1
7857,197546,59860,1408,1
7858,394278,119430,1408,1
7859,359990,109063,1408,1
7860,257096,77923,1408,1
7861,204724,62045,1408,1
7862,237482,71941,1408,1
7863,270640,82010,1408,1
7864,239216,72466,1408,1
7865,224798,68198,1408,1
7866,304544,92291,1408,1
7867,440588,133481,1408,1
7868,288944,87544,1408,1
7869,427338,129485,1408,1
7870,270778,82068,1408,1
7871,447110,135445,1408,1
7872,549958,166680,1408,1
7873,504524,152842,1408,1
7874,564166,170923,1408,1
7875,604268,183089,1408,1
7876,274710,83239,1408,1
7877,309664,93819,1408,1
7878,242470,73463,1408,1
7879,748302,226767,1408,1
7880,213776,64823,1408,1
7881,193804,58738,1408,1
7882,259408,78580,1408,1
7883,192828,58419,1408,1
7884,324908,98415,1408,1
7885,400570,121364,1408,1
7886,317698,96268,1408,1
7887,359460,108900,1408,1
7888,427086,129388,1408,1
7889,280964,85146,1408,1
7890,314278,95238,1408,1
7891,507344,153764,1408,1
7892,992362,300581,1408,1
7893,478304,144885,1408,1
7894,485770,147177,1408,1
7895,386322,117057,1408,1
7896,319134,96725,1408,1
7897,455014,137838,1408,1
7898,1167411,354015,1408,1
7899,376672,114131,1408,1
7900,1142186,346102,1408,1
7901,537194,162741,1408,1
7902,834414,252772,1408,1
7903,628296,190463,1408,1
7904,386862,117272,1408,1
7905,770115,233566,1408,1
7906,954236,289196,1408,1
7907,328424,99522,1408,1
7908,308320,93447,1408,1
7909,353928,107249,1408,1
7910,589542,178599,1408,1
7911,400956,121502,1408,1
7912,336476,101952,1408,1
7913,365748,110818,1408,1
7914,371734,112652,1408,1
7915,1377508,417937,1408,1
7916,305322,92543,1408,1
7917,323220,97929,1408,1
7918,518578,157373,1408,1
7919,490822,148706,1408,1
7920,339162,102789,1408,1
7921,859124,260227,1408,1
7922,861880,261066,1408,1
7923,335222,101586,1408,1
7924,342894,103913,1408,1
7925,1102022,333793,1408,1
7926,297824,90232,1408,1
7927,1155268,350217,1408,1
7928,1128438,341874,1408,1
7929,636412,192799,1408,1
7930,358614,108650,1408,1
7931,488850,148532,1408,1
7932,470138,142438,1408,1
7933,1007574,305222,1408,1
7934,1008168,305350,1408,1
7935,731601,222116,1408,1
7936,573330,173687,1408,1
7937,567584,171965,1408,1
7938,670324,203048,1408,1
7939,526472,159619,1408,1
7940,846732,256478,1408,1
7941,423554,128328,1408,1
7942,1152458,349080,1408,1
7943,392128,118822,1408,1
7944,406194,123056,1408,1
7945,486278,147854,1408,1
7946,571084,173020,1408,1
7947,376070,113965,1408,1
7948,685388,207653,1408,1
7949,1524918,462038,1408,1
7950,355920,107828,1408,1
7951,675456,204624,1408,1
7952,903152,273592,1408,1
7953,705274,213634,1408,1
7954,606504,183721,1408,1
7955,479066,145178,1408,1
7956,2103418,636999,1408,1
7957,512914,155525,1408,1
7958,709568,214947,1408,1
7959,308164,93408,1408,1
7960,453120,137250,1408,1
7961,710264,215159,1408,1
7962,283624,85918,1408,1
7963,489240,148259,1408,1
7964,683710,207133,1408,1
7965,880466,266707,1408,1
7966,788336,238786,1408,1
7967,379950,115125,1408,1
7968,6948254,2105729,1408,1
7969,450748,136586,1408,1
7970,673204,203947,1408,1
7971,643026,194774,1408,1
7972,304854,92375,1408,1
7973,751508,227656,1408,1
7974,872758,264363,1408,1
7975,726938,220395,1408,1
7976,596116,180592,1408,1
7977,571832,173236,1408,1
7978,510272,154601,1408,1
7979,372604,112909,1408,1
7980,276156,83654,1408,1
7981,313568,94997,1408,1
7982,290494,88048,1408,1
7983,1040504,315171,1408,1
7984,239432,72564,1408,1
7985,433622,131355,1408,1
7986,906562,274566,1408,1
7987,381218,115579,1408,1
7988,359494,108944,1408,1
7989,382212,115786,1408,1
7990,363482,110128,1408,1
7991,442858,134468,1408,1
7992,517286,156727,1408,1
7993,357654,108381,1408,1
7994,373666,113235,1408,1
7995,753746,228405,1408,1
7996,692652,210342,1408,1
7997,295512,89521,1408,1
7998,1127848,341873,1408,1
7999,636710,193059,1408,1
8000,1132531,343274,1408,1
8001,740410,224590,1408,1
8002,621166,188175,1408,1
8003,231710,70228,1408,1
8004,516640,156534,1408,1
8005,292230,88564,1408,1
8006,286536,86836,1408,1
8007,449588,136219,1408,1
8008,905406,274254,1408,1
8009,951654,288255,1408,1
8010,530202,160596,1408,1
8011,381376,115525,1408,1
8012,908486,275187,1408,1
8013,1229168,372378,1408,1
8014,1209360,366300,1408,1
8015,374918,113570,1408,1
8016,560258,169746,1408,1
8017,418450,126806,1408,1
8018,513402,155565,1408,1
8019,475056,143994,1408,1
8020,338144,102474,1408,1
8021,429980,130270,1408,1
8022,423510,128299,1408,1
8023,392740,119014,1408,1
8024,405900,123001,1408,1
8025,512006,155129,1408,1
8026,588862,178387,1408,1
8027,945034,286253,1408,1
8028,408956,123874,1408,1
8029,462794,140217,1408,1
8030,307428,93155,1408,1
8031,539834,163609,1408,1
8032,457524,138593,1408,1
8033,763160,231156,1408,1
8034,382290,115806,1408,1
8035,269930,81796,1408,1
8036,417930,126616,1408,1
8037,274360,83148,1408,1
8038,229424,69538,1408,1
8039,508898,154166,1408,1
8040,359588,108936,1408,1
8041,558534,169220,1408,1
8042,382202,115797,1408,1
8043,853410,258610,1408,1
8044,468510,141926,1408,1
8045,856538,259532,1408,1
8046,220856,66935,1408,1
8047,335606,101695,1408,1
8048,595404,180369,1408,1
8049,254392,77093,1408,1
8050,751046,227484,1408,1
8051,402986,122060,1408,1
8052,608938,184476,1408,1
8053,961014,291553,1408,1
8054,486232,147309,1408,1
8055,435174,131820,1408,1
8056,804622,243727,1408,1
8057,796184,241256,1408,1
8058,342994,103937,1408,1
8059,687771,208644,1408,1
8060,868512,263036,1408,1
8061,304340,92224,1408,1
8062,723548,219293,1408,1
8063,589296,178560,1408,1
8064,384910,116635,1408,1
8065,742218,224923,1408,1
8066,339548,102865,1408,1
8067,650002,196982,1408,1
8068,804152,244555,1408,1
8069,452450,137073,1408,1
8070,310534,94082,1408,1
8071,400022,121167,1408,1
8072,683382,207411,1408,1
8073,213336,64658,1408,1
8074,591872,179304,1408,1
8075,407522,123472,1408,1
8076,480478,145573,1408,1
8077,367876,111561,1408,1
8078,256852,77835,1408,1
8079,577292,174865,1408,1
8080,323968,98131,1408,1
8081,287198,87007,1408,1
8082,264060,80033,1408,1
8083,528384,160134,1408,1
8084,475748,144139,1408,1
8085,716530,217236,1408,1
8086,460500,139603,1408,1
8087,479602,145631,1408,1
8088,537678,162877,1408,1
8089,479516,145354,1408,1
8090,385116,116681,1408,1
8091,584138,176945,1408,1
8092,823358,249415,1408,1
8093,742270,224859,1408,1
8094,339772,102940,1408,1
8095,822806,249304,1408,1
8096,698050,211886,1408,1
8097,606098,183671,1408,1
8098,287828,87213,1408,1
8099,350648,106235,1408,1
8100,458108,138772,1408,1
8101,206084,62433,1408,1
8102,3337269,1011304,1408,1
8103,366552,111529,1408,1
8104,942983,285913,1408,1
8105,730996,221426,1408,1
8106,210994,63986,1408,1
8107,388646,117811,1408,1
8108,435328,131881,1408,1
8109,1412006,427734,1408,1
8110,734730,222637,1408,1
8111,369090,111799,1408,1
8112,218746,66297,1408,1
8113,256896,77850,1408,1
8114,438208,132737,1408,1
8115,705284,213682,1408,1
8116,322154,97623,1408,1
8117,338082,102569,1408,1
8118,564426,170991,1408,1
8119,217004,65767,1408,1
8120,489112,148137,1408,1
8121,499130,151208,1408,1
8122,273974,83012,1408,1
8123,376212,113977,1408,1
8124,444824,134738,1408,1
8125,202822,61447,1408,1
8126,270090,81827,1408,1
8127,269260,81562,1408,1
8128,510356,154572,1408,1
8129,254616,77173,1408,1
8130,255366,77395,1408,1
8131,395582,119982,1408,1
8132,266798,80823,1408,1
8133,201688,61104,1408,1
8134,234162,71020,1408,1
8135,568900,172299,1408,1
8136,848190,257224,1408,1
8137,211704,64181,1408,1
8138,385092,116722,1408,1
8139,232986,70628,1408,1
8140,239676,72631,1408,1
8141,238780,72348,1408,1
8142,237396,72041,1408,1
8143,414466,125583,1408,1
8144,306944,92984,1408,1
8145,433350,131388,1408,1
8146,249616,75651,1408,1
8147,278810,84492,1408,1
8148,980779,297408,1408,1
8149,499898,151586,1408,1
8150,279124,84585,1408,1
8151,369092,111830,1408,1
8152,1021944,309549,1408,1
8153,365196,110664,1408,1
8154,381596,115636,1408,1
8155,534682,162077,1408,1
8156,321028,97273,1408,1
8157,337418,102244,1408,1
8158,518106,156958,1408,1
8159,301022,91223,1408,1
8160,377648,114423,1408,1
8161,389808,118116,1408,1
8162,446484,135264,1408,1
8163,714210,216356,1408,1
8164,311066,94269,1408,1
8165,255386,77391,1408,1
8166,351516,106510,1408,1
8167,745834,226044,1408,1
8168,1024926,310650,1408,1
8169,412108,124846,1408,1
8170,804484,243698,1408,1
8171,288380,87398,1408,1
8172,690250,209095,1408,1
8173,295092,89435,1408,1
8174,417864,126599,1408,1
8175,885060,268088,1408,1
8176,791230,239718,1408,1
8177,584748,177181,1408,1
8178,292958,88786,1408,1
8179,1082196,328256,1408,1
8180,297716,90231,1408,1
8181,779258,236338,1408,1
8182,523468,158594,1408,1
8183,827904,251084,1408,1
8184,654960,198501,1408,1
8185,441798,133855,1408,1
8186,1589328,481349,1408,1
8187,1157804,350834,1408,1
8188,574638,174096,1408,1
8189,566196,171562,1408,1
8190,640592,194070,1408,1
8191,691860,209536,1408,1
8192,816850,247436,1408,1
8193,593885,180925,1408,1
8194,519034,157259,1408,1
8195,366642,111064,1408,1
8196,535960,162379,1408,1
8197,538042,163012,1408,1
8198,432586,131088,1408,1
8199,549594,166512,1408,1
8200,332958,100889,1408,1
8201,534148,161879,1408,1
8202,353994,107253,1408,1
8203,306108,92731,1408,1
8204,510056,154517,1408,1
8205,273458,82859,1408,1
8206,661373,200740,1408,1
8207,772982,234190,1408,1
8208,307140,93080,1408,1
8209,1318778,400163,1408,1
8210,908642,275873,1408,1
8211,393556,119229,1408,1
8212,264700,80197,1408,1
8213,346486,104977,1408,1
8214,1040232,315597,1408,1
8215,451766,136860,1408,1
8216,356292,107983,1408,1
8217,447980,135753,1408,1
8218,302938,91959,1408,1
8219,326876,99069,1408,1
8220,544330,164940,1408,1
8221,529890,160558,1408,1
8222,758788,229860,1408,1
8223,296580,89851,1408,1
8224,625606,189492,1408,1
8225,418872,126908,1408,1
8226,512598,155345,1408,1
8227,560116,169683,1408,1
8228,289378,87699,1408,1
8229,294040,89088,1408,1
8230,504248,152732,1408,1
8231,1035186,314036,1408,1
8232,363222,110056,1408,1
8233,315864,95710,1408,1
8234,1027486,312128,1408,1
8235,415352,125860,1408,1
8236,655238,198564,1408,1
8237,554090,167828,1408,1
8238,343690,104321,1408,1
8239,488816,148407,1408,1
8240,392062,118788,1408,1
8241,1115294,338041,1408,1
8242,385710,116857,1408,1
8243,431808,130834,1408,1
8244,402643,122573,1408,1
8245,499883,151594,1408,1
8246,293890,89088,1408,1
8247,769212,233006,1408,1
8248,468638,141987,1408,1
8249,272420,82552,1408,1
8250,415966,126300,1408,1
8251,460182,139404,1408,1
8252,273236,82810,1408,1
8253,978766,296728,1408,1
8254,605738,183727,1408,1
8255,1202644,364406,1408,1
8256,638022,193363,1408,1
8257,1476257,447478,1408,1
8258,892817,270712,1408,1
8259,228702,69312,1408,1
8260,307642,93197,1408,1
8261,307180,93094,1408,1
8262,337570,102303,1408,1
8263,219364,66471,1408,1
8264,256562,77722,1408,1
8265,217470,65884,1408,1
8266,554962,168081,1408,1
8267,305358,92495,1408,1
8268,566344,171570,1408,1
8269,395746,120381,1408,1
8270,450108,136383,1408,1
8271,598992,181463,1408,1
8272,1733870,525674,1408,1
8273,607892,184176,1408,1
8274,440532,133901,1408,1
8275,426836,129307,1408,1
8276,718650,217690,1408,1
8277,411446,124650,1408,1
8278,667080,202227,1408,1
8279,581894,176271,1408,1
8280,892458,270345,1408,1
8281,348052,105462,1408,1
8282,261792,79338,1408,1
8283,872250,264222,1408,1
8284,618378,187335,1408,1
8285,521310,157942,1408,1
8286,661494,200387,1408,1
8287,704310,213575,1408,1
8288,319310,96748,1408,1
8289,256472,77738,1408,1
8290,555808,168374,1408,1
8291,771254,233643,1408,1
8292,354306,107365,1408,1
8293,1520283,461007,1408,1
8294,362546,109856,1408,1
8295,284128,86124,1408,1
8296,305560,92594,1408,1
8297,433108,131253,1408,1
8298,584269,177252,1408,1
8299,517786,156898,1408,1
8300,593530,179900,1408,1
8301,332556,100745,1408,1
8302,235042,71236,1408,1
8303,395680,119893,1408,1
8304,287284,87115,1408,1
8305,1456610,441154,1408,1
8306,593562,179818,1408,1
8307,407888,123590,1408,1
8308,346458,104976,1408,1
8309,533496,161902,1408,1
8310,349354,105856,1408,1
8311,347416,105289,1408,1
8312,407974,123642,1408,1
8313,553056,167531,1408,1
8314,400860,121456,1408,1
8315,963686,291892,1408,1
8316,592312,179608,1408,1
8317,393358,119437,1408,1
8318,373282,113162,1408,1
8319,1008468,305444,1408,1
8320,328724,99691,1408,1
8321,782276,236984,1408,1
8322,235416,71346,1408,1
8323,488414,147976,1408,1
8324,505040,153121,1408,1
8325,316926,96024,1408,1
8326,561144,170010,1408,1
8327,389886,118193,1408,1
8328,272328,82522,1408,1
8329,405432,122808,1408,1
8330,431948,130859,1408,1
8331,230802,69935,1408,1
8332,328724,99717,1408,1
8333,309032,93622,1408,1
8334,388898,117806,1408,1
8335,700198,212105,1408,1
8336,373568,113203,1408,1
8337,506128,153315,1408,1
8338,1446124,438177,1408,1
8339,564604,171068,1408,1
8340,342640,103828,1408,1
8341,632410,191581,1408,1
8342,1078947,327613,1408,1
8343,888224,269249,1408,1
8344,579166,175474,1408,1
8345,271048,82128,1408,1
8346,419552,127092,1408,1
8347,734500,222579,1408,1
8348,811139,246183,1408,1
8349,346976,105125,1408,1
8350,677692,205583,1408,1
8351,569698,172702,1408,1
8352,359979,109218,1408,1
8353,1793050,543530,1408,1
8354,896467,271883,1408,1
8355,696972,211141,1408,1
8356,300488,91069,1408,1
8357,1513400,458434,1408,1
8358,354940,107529,1408,1
8359,358048,108469,1408,1
8360,413734,125331,1408,1
8361,546290,165496,1408,1
8362,472080,143031,1408,1
8363,606410,183706,1408,1
8364,627996,190431,1408,1
8365,808396,244877,1408,1
8366,341978,103641,1408,1
8367,416686,126220,1408,1
8368,384018,116357,1408,1
8369,392864,119040,1408,1
8370,580888,176701,1408,1
8371,367234,111260,1408,1
8372,962720,292066,1408,1
8373,410190,124312,1408,1
8374,335562,101698,1408,1
8375,1447734,438768,1408,1
8376,1263413,383121,1408,1
8377,379872,115103,1408,1
8378,556876,168715,1408,1
8379,503950,152670,1408,1
8380,4138986,1254286,1408,1
8381,617732,187147,1408,1
8382,636784,192914,1408,1
8383,386080,117000,1408,1
8384,770150,233970,1408,1
8385,817470,247650,1408,1
8386,358872,108739,1408,1
8387,673960,204164,1408,1
8388,741494,224624,1408,1
8389,420140,127306,1408,1
8390,443862,134490,1408,1
8391,361730,109597,1408,1
8392,536764,162632,1408,1
8393,672676,203787,1408,1
8394,355832,107833,1408,1
8395,700430,212208,1408,1
8396,443962,134536,1408,1
8397,426826,129332,1408,1
8398,1373043,417012,1408,1
8399,444680,134733,1408,1
8400,885706,268317,1408,1
8401,466752,141425,1408,1
8402,760250,230624,1408,1
8403,551046,166969,1408,1
8404,492866,149312,1408,1
8405,455786,138111,1408,1
8406,455790,138095,1408,1
8407,662754,200762,1408,1
8408,1032118,312632,1408,1
8409,627806,190161,1408,1
8410,1547614,468971,1408,1
8411,1032336,312698,1408,1
8412,812988,246269,1408,1
8413,831570,252280,1408,1
8414,430314,130386,1408,1
8415,474356,143726,1408,1
8416,383630,116218,1408,1
8417,562858,170528,1408,1
8418,570308,173945,1408,1
8419,618862,187481,1408,1
8420,574058,175218,1408,1
8421,447574,135600,1408,1
8422,1054580,319465,1408,1
8423,1310782,397419,1408,1
8424,605552,183447,1408,1
8425,1752748,531108,1408,1
8426,395940,119993,1408,1
8427,433892,131471,1408,1
8428,367318,111353,1408,1
8429,395078,119728,1408,1
8430,632196,191619,1408,1
8431,436586,132371,1408,1
8432,513420,155539,1408,1
8433,635518,192492,1408,1
8434,604324,183086,1408,1
8435,614422,186141,1408,1
8436,445710,135056,1408,1
8437,873922,264721,1408,1
8438,709926,215064,1408,1
8439,894600,270979,1408,1
8440,331904,100562,1408,1
8441,490688,148647,1408,1
8442,323956,98396,1408,1
8443,394916,119741,1408,1
8444,335214,101680,1408,1
8445,282022,85446,1408,1
8446,492406,149197,1408,1
8447,410188,124282,1408,1
8448,783256,237501,1408,1
8449,356094,107861,1408,1
8450,792494,240427,1408,1
8451,570566,172835,1408,1
8452,226582,68672,1408,1
8453,281290,85245,1408,1
8454,455358,138044,1408,1
8455,327712,99276,1408,1
8456,439582,133140,1408,1
8457,426134,129103,1408,1
8458,1338882,405558,1408,1
8459,517916,156924,1408,1
8460,559258,169439,1408,1
8461,958360,290292,1408,1
8462,231460,70151,1408,1
8463,406172,123070,1408,1
8464,344294,104396,1408,1
8465,267974,81175,1408,1
8466,472360,143134,1408,1
8467,362268,109763,1408,1
8468,732888,222162,1408,1
8469,387286,117337,1408,1
8470,903028,273845,1408,1
8471,495148,150074,1408,1
8472,458730,139071,1408,1
8473,358418,108620,1408,1
8474,576534,174631,1408,1
8475,1731914,525027,1408,1
8476,293660,88981,1408,1
8477,326476,98892,1408,1
8478,624988,189283,1408,1
8479,330336,100132,1408,1
8480,330646,100166,1408,1
8481,836768,253679,1408,1
8482,371396,112649,1408,1
8483,728554,220841,1408,1
8484,355220,107802,1408,1
8485,995358,301520,1408,1
8486,584814,177230,1408,1
8487,215344,65266,1408,1
8488,972204,294451,1408,1
8489,212556,64423,1408,1
8490,357140,108432,1408,1
8491,314674,95341,1408,1
8492,564680,171087,1408,1
8493,529044,160425,1408,1
8494,449892,136317,1408,1
8495,661080,200212,1408,1
8496,223336,67674,1408,1
8497,260782,79213,1408,1
8498,229894,69644,1408,1
8499,274458,83166,1408,1
8500,371104,112437,1408,1
8501,1149222,348644,1408,1
8502,491394,148863,1408,1
8503,718596,217656,1408,1
8504,1199008,363405,1408,1
8505,400222,121267,1408,1
8506,953010,288639,1408,1
8507,430634,130461,1408,1
8508,259066,78501,1408,1
8509,500600,151728,1408,1
8510,580506,175889,1408,1
8511,1175722,356442,1408,1
8512,349564,105928,1408,1
8513,384966,116671,1408,1
8514,624710,189777,1408,1
8515,352568,106862,1408,1
8516,685102,207539,1408,1
8517,488838,148113,1408,1
8518,941668,285252,1408,1
8519,1152070,348915,1408,1
8520,843948,255636,1408,1
8521,481026,145702,1408,1
8522,611582,185272,1408,1
8523,415634,125908,1408,1
8524,416556,126235,1408,1
8525,264178,80053,1408,1
8526,1068220,323586,1408,1
8527,1344532,407813,1408,1
8528,724492,219724,1408,1
8529,421412,127701,1408,1
8530,240326,72837,1408,1
8531,237610,72015,1408,1
8532,1184752,358862,1408,1
8533,392914,119042,1408,1
8534,849790,257862,1408,1
8535,766960,232347,1408,1
8536,656100,198994,1408,1
8537,477590,144702,1408,1
8538,630124,191164,1408,1
8539,682174,206667,1408,1
8540,436982,132402,1408,1
8541,237666,72002,1408,1
8542,711058,215375,1408,1
8543,531020,160876,1408,1
8544,389680,118075,1408,1
8545,472700,143702,1408,1
8546,463826,140489,1408,1
8547,1236026,374586,1408,1
8548,394912,119650,1408,1
8549,1179868,357353,1408,1
8550,425312,128993,1408,1
8551,336498,102036,1408,1
8552,609446,184704,1408,1
8553,558384,169149,1408,1
8554,459116,139263,1408,1
8555,984638,298238,1408,1
8556,772868,234090,1408,1
8557,426420,129182,1408,1
8558,404228,122558,1408,1
8559,622004,188411,1408,1
8560,1752760,531169,1408,1
8561,1071720,324656,1408,1
8562,315000,95471,1408,1
8563,389420,117985,1408,1
8564,577976,175369,1408,1
8565,510418,154651,1408,1
8566,674062,204168,1408,1
8567,399192,120958,1408,1
8568,227872,69065,1408,1
8569,599394,181575,1408,1
8570,416804,126310,1408,1
8571,639722,194316,1408,1
8572,1421262,430836,1408,1
8573,3337660,1013897,1408,1
8574,1362450,413145,1408,1
8575,764298,231533,1408,1
8576,518106,156958,1408,1
8577,374562,113501,1408,1
8578,638376,193400,1408,1
8579,517938,156897,1408,1
8580,334992,101551,1408,1
8581,298406,90682,1408,1
8582,612218,185459,1408,1
8583,986160,299152,1408,1
8584,994874,301587,1408,1
8585,427470,129515,1408,1
8586,351392,106452,1408,1
8587,307362,93132,1408,1
8588,336048,101823,1408,1
8589,1392972,422077,1408,1
8590,816214,247246,1408,1
8591,583244,176816,1408,1
8592,320938,97258,1408,1
8593,622964,188701,1408,1
8594,806630,244792,1408,1
8595,585622,177403,1408,1
8596,577472,174961,1408,1
8597,515656,156223,1408,1
8598,857892,260045,1408,1
8599,606196,183653,1408,1
8600,347994,105465,1408,1
8601,452358,137067,1408,1
8602,504584,152868,1408,1
8603,649826,196820,1408,1
8604,694522,210463,1408,1
8605,380760,115474,1408,1
8606,415468,125864,1408,1
8607,372572,112911,1408,1
8608,708634,214662,1408,1
8609,480194,145488,1408,1
8610,347254,105238,1408,1
8611,990788,300238,1408,1
8612,491224,148829,1408,1
8613,412848,125080,1408,1
8614,2257148,684441,1408,1
8615,607196,183954,1408,1
8616,1036134,313888,1408,1
8617,699132,211798,1408,1
8618,728332,221080,1408,1
8619,317942,96344,1408,1
8620,391068,118474,1408,1
8621,402038,121834,1408,1
8622,527056,159670,1408,1
8623,439770,133218,1408,1
8624,852034,258086,1408,1
8625,465500,141042,1408,1
8626,384996,116646,1408,1
8627,424378,128592,1408,1
8628,557352,168863,1408,1
8629,444586,135526,1408,1
8630,377932,114515,1408,1
8631,352430,106808,1408,1
8632,612498,185547,1408,1
8633,686716,208351,1408,1
8634,352778,106887,1408,1
8635,434686,131719,1408,1
8636,381686,115658,1408,1
8637,759074,229933,1408,1
8638,1280500,388842,1408,1
8639,1358910,411634,1408,1
8640,693128,209984,1408,1
8641,801596,243761,1408,1
8642,876858,266048,1408,1
8643,280232,84953,1408,1
8644,290152,87927,1408,1
8645,1013656,307034,1408,1
8646,568778,172298,1408,1
8647,410176,124238,1408,1
8648,500378,151588,1408,1
8649,246144,74689,1408,1
8650,567816,172081,1408,1
8651,1531093,464577,1408,1
8652,425400,128964,1408,1
8653,382634,115936,1408,1
8654,598130,181201,1408,1
8655,325586,98732,1408,1
8656,336728,102101,1408,1
8657,684858,207586,1408,1
8658,331082,100345,1408,1
8659,436422,132188,1408,1
8660,299728,90840,1408,1
8661,437306,132604,1408,1
8662,286148,86702,1408,1
8663,474434,143727,1408,1
8664,439676,133172,1408,1
8665,397858,120527,1408,1
8666,242542,73505,1408,1
8667,544492,165040,1408,1
8668,515620,156260,1408,1
8669,604258,183084,1408,1
8670,393908,119377,1408,1
8671,395622,119949,1408,1
8672,613690,185913,1408,1
8673,375014,113660,1408,1
8674,810872,245989,1408,1
8675,701710,212633,1408,1
8676,470674,142672,1408,1
8677,589786,178659,1408,1
8678,546278,165516,1408,1
8679,477388,144776,1408,1
8680,437710,132644,1408,1
8681,416858,126326,1408,1
8682,309260,93802,1408,1
8683,495546,150108,1408,1
8684,766424,232262,1408,1
8685,882418,267393,1408,1
8686,773434,234306,1408,1
8687,352090,106713,1408,1
8688,546122,165452,1408,1
8689,615756,187033,1408,1
8690,651838,197837,1408,1
8691,318158,96417,1408,1
8692,259776,78721,1408,1
8693,258706,78369,1408,1
8694,697802,211377,1408,1
8695,394454,119501,1408,1
8696,405860,122977,1408,1
8697,467700,141704,1408,1
8698,410192,124286,1408,1
8699,1186606,359501,1408,1
8700,427496,129577,1408,1
8701,335084,101674,1408,1
8702,356318,107959,1408,1
8703,462114,139989,1408,1
8704,502108,152206,1408,1
8705,356116,107916,1408,1
8706,373536,113195,1408,1
8707,612772,185635,1408,1
8708,226522,68655,1408,1
8709,300600,91055,1408,1
8710,327590,99293,1408,1
8711,384674,116581,1408,1
8712,286226,86703,1408,1
8713,214142,64904,1408,1
8714,212076,64276,1408,1
8715,283930,86007,1408,1
8716,213654,64757,1408,1
8717,537662,162866,1408,1
8718,287226,87035,1408,1
8719,223530,67866,1408,1
8720,506690,153589,1408,1
8721,285070,86440,1408,1
8722,213778,64792,1408,1
8723,219088,66398,1408,1
8724,578414,175225,1408,1
8725,716486,217018,1408,1
8726,291072,88244,1408,1
8727,504272,152781,1408,1
8728,214138,64872,1408,1
8729,346698,105060,1408,1
8730,863236,261836,1408,1
8731,290470,88041,1408,1
8732,458892,139041,1408,1
8733,224642,68086,1408,1
8734,297204,90055,1408,1
8735,409422,124038,1408,1
8736,216740,65688,1408,1
8737,249192,75489,1408,1
8738,283396,85844,1408,1
8739,283450,85889,1408,1
8740,433898,131496,1408,1
8741,319206,96704,1408,1
8742,215310,65226,1408,1
8743,383048,116066,1408,1
8744,265192,80582,1408,1
8745,273200,82889,1408,1
8746,598300,181262,1408,1
8747,538320,163056,1408,1
8748,678228,205497,1408,1
8749,426428,129158,1408,1
8750,485718,147143,1408,1
8751,484362,146729,1408,1
8752,359466,108913,1408,1
8753,392706,118972,1408,1
8754,355654,107727,1408,1
8755,231980,70300,1408,1
8756,405114,122751,1408,1
8757,1301938,394315,1408,1
8758,363128,110025,1408,1
8759,386224,117013,1408,1
8760,949764,287673,1408,1
8761,498152,150955,1408,1
8762,333976,101373,1408,1
8763,593244,179699,1408,1
8764,487484,147690,1408,1
8765,307110,93050,1408,1
8766,465118,140879,1408,1
8767,580448,175797,1408,1
8768,270502,81941,1408,1
8769,270874,82081,1408,1
8770,381574,115617,1408,1
8771,269370,81625,1408,1
8772,267398,81033,1408,1
8773,387100,117309,1408,1
8774,490672,148663,1408,1
8775,581790,176576,1408,1
8776,1164756,352798,1408,1
8777,271792,82334,1408,1
8778,499980,151471,1408,1
8779,622254,188504,1408,1
8780,977426,296066,1408,1
8781,1201980,364159,1408,1
8782,263528,79859,1408,1
8783,260380,78907,1408,1
8784,332948,100881,1408,1
8785,693420,210043,1408,1
8786,430102,130312,1408,1
8787,343472,104093,1408,1
8788,685660,207716,1408,1
8789,729344,220919,1408,1
8790,273958,83040,1408,1
8791,235224,71272,1408,1
8792,364410,110404,1408,1
8793,385518,116821,1408,1
8794,576476,175545,1408,1
8795,700810,212516,1408,1
8796,625494,189487,1408,1
8797,535772,162312,1408,1
8798,530474,160687,1408,1
8799,213030,64539,1408,1
8800,1465068,443718,1408,1
8801,249888,75727,1408,1
8802,211872,64186,1408,1
8803,320890,97199,1408,1
8804,1416922,429980,1408,1
8805,416801,126688,1408,1
8806,424730,128669,1408,1
8807,489696,148371,1408,1
8808,384122,116372,1408,1
8809,576596,174686,1408,1
8810,275192,83391,1408,1
8811,1198429,363189,1408,1
8812,396568,120163,1408,1
8813,362096,109707,1408,1
8814,479968,145420,1408,1
8815,265328,80415,1408,1
8816,231580,70160,1408,1
8817,422692,128067,1408,1
8818,541470,164061,1408,1
8819,529712,160443,1408,1
8820,782492,237167,1408,1
8821,394266,119447,1408,1
8822,248492,75276,1408,1
8823,297542,90237,1408,1
8824,252354,76448,1408,1
8825,286688,86869,1408,1
8826,465364,140960,1408,1
8827,218882,66338,1408,1
8828,633220,191842,1408,1
8829,474514,143751,1408,1
8830,333888,101171,1408,1
8831,278016,84230,1408,1
8832,556650,168765,1408,1
8833,243910,73888,1408,1
8834,351086,106386,1408,1
8835,376288,114033,1408,1
8836,241680,73230,1408,1
8837,415270,125788,1408,1
8838,611306,185189,1408,1
8839,245124,74286,1408,1
8840,243950,73899,1408,1
8841,315968,95720,1408,1
8842,498438,150991,1408,1
8843,246394,74736,1408,1
8844,349836,106143,1408,1
8845,332108,100639,1408,1
8846,484552,146775,1408,1
8847,240328,72816,1408,1
8848,312096,94535,1408,1
8849,442178,133968,1408,1
8850,270592,82004,1408,1
8851,643612,194972,1408,1
8852,328954,99669,1408,1
8853,536194,162429,1408,1
8854,464724,140813,1408,1
8855,374080,113498,1408,1
8856,445618,135036,1408,1
8857,662106,200823,1408,1
8858,830046,251406,1408,1
8859,520962,157841,1408,1
8860,833082,252650,1408,1
8861,330668,100249,1408,1
8862,1619942,490712,1408,1
8863,395692,119885,1408,1
8864,333980,101221,1408,1
8865,396300,120068,1408,1
8866,1026800,311261,1408,1
8867,672306,204056,1408,1
8868,621244,188215,1408,1
8869,514874,156057,1408,1
8870,419250,127045,1408,1
8871,648666,196529,1408,1
8872,561380,170144,1408,1
8873,438300,132924,1408,1
8874,1100094,333256,1408,1
8875,377810,114481,1408,1
8876,430296,130385,1408,1
8877,359236,108848,1408,1
8878,594130,180185,1408,1
8879,589856,178688,1408,1
8880,425584,128953,1408,1
8881,562696,170453,1408,1
8882,494130,149702,1408,1
8883,394920,119641,1408,1
8884,594738,180133,1408,1
8885,1106031,335584,1408,1
8886,1273314,385658,1408,1
8887,360138,109097,1408,1
8888,1488177,451053,1408,1
8889,1033028,312924,1408,1
8890,807216,244518,1408,1
8891,655392,198641,1408,1
8892,649156,196713,1408,1
8893,495546,150156,1408,1
8894,1157116,350480,1408,1
8895,609766,184736,1408,1
8896,531048,161107,1408,1
8897,559434,169481,1408,1
8898,407094,123364,1408,1
8899,858980,260282,1408,1
8900,726010,219934,1408,1
8901,897868,272150,1408,1
8902,516610,156644,1408,1
8903,754458,229648,1408,1
8904,429070,130009,1408,1
8905,601598,182219,1408,1
8906,430852,130555,1408,1
8907,483204,146399,1408,1
8908,906424,274569,1408,1
8909,919016,278733,1408,1
8910,529534,160437,1408,1
8911,1934046,586339,1408,1
8912,478664,145298,1408,1
8913,571258,173048,1408,1
8914,448684,136499,1408,1
8915,1050460,318177,1408,1
8916,371514,112650,1408,1
8917,822040,249190,1408,1
8918,952172,288412,1408,1
8919,282220,85494,1408,1
8920,366090,110924,1408,1
8921,248010,75132,1408,1
8922,464514,140720,1408,1
8923,290146,87925,1408,1
8924,634260,192505,1408,1
8925,562628,170591,1408,1
8926,297326,90086,1408,1
8927,817000,247471,1408,1
8928,787792,238606,1408,1
8929,871948,264247,1408,1
8930,1770176,536203,1408,1
8931,367822,111464,1408,1
8932,1305615,396787,1408,1
8933,647100,196033,1408,1
8934,1198072,362885,1408,1
8935,851288,258180,1408,1
8936,531248,161082,1408,1
8937,622474,188604,1408,1
8938,353366,107084,1408,1
8939,643570,194965,1408,1
8940,486694,147455,1408,1
8941,305026,92410,1408,1
8942,265294,80368,1408,1
8943,347198,105201,1408,1
8944,388146,117698,1408,1
8945,385334,116770,1408,1
8946,682490,206791,1408,1
8947,280378,84936,1408,1
8948,693352,210035,1408,1
8949,219828,66611,1408,1
8950,335886,101764,1408,1
8951,323500,98039,1408,1
8952,322840,97894,1408,1
8953,221106,66999,1408,1
8954,700216,212117,1408,1
8955,770146,233283,1408,1
8956,660148,199999,1408,1
8957,275514,83493,1408,1
8958,452876,137196,1408,1
8959,260602,78974,1408,1
8960,671384,203364,1408,1
8961,701576,212612,1408,1
8962,401852,121741,1408,1
8963,1111635,337117,1408,1
8964,261044,79076,1408,1
8965,516870,156573,1408,1
8966,930276,282076,1408,1
8967,227576,68971,1408,1
8968,367838,111447,1408,1
8969,213610,64741,1408,1
8970,1347701,408801,1408,1
8971,999270,302650,1408,1
8972,300844,91162,1408,1
8973,435986,132092,1408,1
8974,429368,130075,1408,1
8975,320320,97027,1408,1
8976,426118,129062,1408,1
8977,798185,242167,1408,1
8978,606044,183592,1408,1
8979,572936,173588,1408,1
8980,739448,224071,1408,1
8981,312290,94747,1408,1
8982,246680,74850,1408,1
8983,371298,112499,1408,1
8984,289638,87763,1408,1
8985,325180,98499,1408,1
8986,433750,131375,1408,1
8987,217392,65857,1408,1
8988,506326,153380,1408,1
8989,634072,192032,1408,1
8990,210738,63842,1408,1
8991,207546,62876,1408,1
8992,813526,246388,1408,1
8993,326086,98816,1408,1
8994,280242,84920,1408,1
8995,675482,204585,1408,1
8996,199634,60493,1408,1
8997,369028,111775,1408,1
8998,302810,91750,1408,1
8999,199248,60375,1408,1
9000,270084,81838,1408,1
9001,319784,96903,1408,1
9002,271974,82386,1408,1
9003,305014,92401,1408,1
9004,203238,61581,1408,1
9005,236904,71764,1408,1
9006,818308,247943,1408,1
9007,1371529,415752,1408,1
9008,291876,88441,1408,1
9009,268010,81202,1408,1
9010,232176,70375,1408,1
9011,504486,152790,1408,1
9012,574180,173897,1408,1
9013,255844,77541,1408,1
9014,267602,81088,1408,1
9015,231890,70273,1408,1
9016,554222,167893,1408,1
9017,525508,159182,1408,1
9018,262574,79564,1408,1
9019,294362,89177,1408,1
9020,257652,78073,1408,1
9021,206814,62676,1408,1
9022,227468,68908,1408,1
9023,362142,109781,1408,1
9024,263302,79783,1408,1
9025,266548,80782,1408,1
9026,529398,160361,1408,1
9027,710314,215133,1408,1
9028,228672,69334,1408,1
9029,261950,79363,1408,1
9030,227678,68971,1408,1
9031,192956,58456,1408,1
9032,228144,69197,1408,1
9033,485750,147130,1408,1
9034,299498,90766,1408,1
9035,206596,62604,1408,1
9036,228062,69093,1408,1
9037,238444,72262,1408,1
9038,476856,144454,1408,1
9039,265466,80440,1408,1
9040,193900,58744,1408,1
9041,619364,187577,1408,1
9042,325750,98682,1408,1
9043,324772,98385,1408,1
9044,259700,78667,1408,1
9045,193082,58507,1408,1
9046,293842,89031,1408,1
9047,193174,58523,1408,1
9048,271666,82319,1408,1
9049,362134,109686,1408,1
9050,448832,135979,1408,1
9051,195652,59285,1408,1
9052,195130,59115,1408,1
9053,775748,235046,1408,1
9054,263242,79770,1408,1
9055,261492,79236,1408,1
9056,226940,68761,1408,1
9057,266762,80818,1408,1
9058,440260,133574,1408,1
9059,2142688,648903,1408,1
9060,338088,102429,1408,1
9061,224106,67955,1408,1
9062,288748,87567,1408,1
9063,441322,133686,1408,1
9064,368350,111617,1408,1
9065,261608,79355,1408,1
9066,382088,115754,1408,1
9067,1605760,486284,1408,1
9068,609954,184838,1408,1
9069,340852,103266,1408,1
9070,272818,82653,1408,1
9071,408890,123872,1408,1
9072,340900,103282,1408,1
9073,367934,111467,1408,1
9074,509176,154400,1408,1
9075,399040,120878,1408,1
9076,388195,117846,1408,1
9077,216732,65763,1408,1
9078,245222,74381,1408,1
9079,625300,189417,1408,1
9080,2411578,730507,1408,1
9081,1055690,319743,1408,1
9082,387588,117431,1408,1
9083,547380,165904,1408,1
9084,499116,151210,1408,1
9085,306082,92743,1408,1
9086,336400,101914,1408,1
9087,435334,132099,1408,1
9088,283824,86026,1408,1
9089,323010,97883,1408,1
9090,444922,134799,1408,1
9091,265478,80524,1408,1
9092,511422,154983,1408,1
9093,862662,261403,1408,1
9094,476008,144212,1408,1
9095,329602,99843,1408,1
9096,582774,176533,1408,1
9097,1345830,409003,1408,1
9098,304984,92425,1408,1
9099,564676,171069,1408,1
9100,307802,93388,1408,1
9101,316730,95981,1408,1
9102,304970,92418,1408,1
9103,318718,96548,1408,1
9104,909440,275458,1408,1
9105,251044,76049,1408,1
9106,278620,84439,1408,1
9107,740930,224406,1408,1
9108,457758,138727,1408,1
9109,1818363,551269,1408,1
9110,366032,110918,1408,1
9111,434132,131517,1408,1
9112,218348,66174,1408,1
9113,405986,122998,1408,1
9114,217210,65834,1408,1
9115,392912,119020,1408,1
9116,283458,85879,1408,1
9117,252572,76540,1408,1
9118,215090,65188,1408,1
9119,758130,229652,1408,1
9120,336424,101928,1408,1
9121,1059668,320938,1408,1
9122,415634,125889,1408,1
9123,276206,83682,1408,1
9124,379654,115019,1408,1
9125,240114,72750,1408,1
9126,726052,219898,1408,1
9127,277520,84094,1408,1
9128,477086,144582,1408,1
9129,219412,66470,1408,1
9130,253370,76783,1408,1
9131,324028,98180,1408,1
9132,905234,274194,1408,1
9133,373796,113339,1408,1
9134,327620,99276,1408,1
9135,1593040,482616,1408,1
9136,500428,151627,1408,1
9137,350948,106330,1408,1
9138,701688,212539,1408,1
9139,334544,101383,1408,1
9140,334116,101233,1408,1
9141,589262,179073,1408,1
9142,338166,102476,1408,1
9143,335678,101717,1408,1
9144,2202916,667541,1408,1
9145,489294,148239,1408,1
9146,412002,124825,1408,1
9147,699722,211967,1408,1
9148,707606,214381,1408,1
9149,654218,198196,1408,1
9150,432776,131096,1408,1
9151,976376,295897,1408,1
9152,444190,134583,1408,1
9153,634928,192316,1408,1
9154,426964,129378,1408,1
9155,377718,114460,1408,1
9156,917116,277848,1408,1
9157,517630,156815,1408,1
9158,2052413,622302,1408,1
9159,1524419,462113,1408,1
9160,667724,202299,1408,1
9161,386758,117205,1408,1
9162,680066,206043,1408,1
9163,610468,185104,1408,1
9164,491500,148913,1408,1
9165,750258,227435,1408,1
9166,742582,225072,1408,1
9167,655850,198692,1408,1
9168,558890,169334,1408,1
9169,1270296,384756,1408,1
9170,879764,266496,1408,1
9171,644804,195306,1408,1
9172,948110,287386,1408,1
9173,749298,227008,1408,1
9174,528462,160114,1408,1
9175,959164,290568,1408,1
9176,464124,140762,1408,1
9177,719292,217924,1408,1
9178,1158238,350935,1408,1
9179,446762,135386,1408,1
9180,849644,257377,1408,1
9181,539050,163310,1408,1
9182,784091,237991,1408,1
9183,738578,223749,1408,1
9184,687015,208424,1408,1
9185,299404,90736,1408,1
9186,682418,206787,1408,1
9187,973961,295417,1408,1
9188,532058,161220,1408,1
9189,861076,261018,1408,1
9190,737302,223782,1408,1
9191,332400,100721,1408,1
9192,904278,273875,1408,1
9193,1169950,354638,1408,1
9194,510928,154799,1408,1
9195,392304,118878,1408,1
9196,452494,137083,1408,1
9197,691246,209367,1408,1
9198,567248,171849,1408,1
9199,388888,117840,1408,1
9200,508580,154090,1408,1
9201,339266,102820,1408,1
9202,941246,285103,1408,1
9203,353888,107216,1408,1
9204,471712,142872,1408,1
9205,352598,106803,1408,1
9206,317696,96282,1408,1
9207,843824,255601,1408,1
9208,1441628,436620,1408,1
9209,320112,97072,1408,1
9210,302786,91768,1408,1
9211,432428,131105,1408,1
9212,243456,73754,1408,1
9213,307940,93312,1408,1
9214,431210,130654,1408,1
9215,284144,86963,1408,1
9216,317330,96135,1408,1
9217,499966,151426,1408,1
9218,424986,128755,1408,1
9219,574566,174029,1408,1
9220,264010,79978,1408,1
9221,494608,149835,1408,1
9222,227568,68958,1408,1
9223,375826,113869,1408,1
9224,219106,66411,1408,1
9225,217864,66006,1408,1
9226,364908,110530,1408,1
9227,488000,147836,1408,1
9228,218378,66190,1408,1
9229,530960,160858,1408,1
9230,256168,77601,1408,1
9231,658984,199577,1408,1
9232,211116,63958,1408,1
9233,321480,97406,1408,1
9234,392498,118925,1408,1
9235,318062,96343,1408,1
9236,355532,107689,1408,1
9237,425676,128929,1408,1
9238,1041592,315673,1408,1
9239,299212,90668,1408,1
9240,338032,102406,1408,1
9241,263520,79834,1408,1
9242,285950,86754,1408,1
9243,210398,63773,1408,1
9244,272632,82626,1408,1
9245,498384,150947,1408,1
9246,322256,97626,1408,1
9247,347340,105245,1408,1
9248,297896,90275,1408,1
9249,308998,93633,1408,1
9250,452098,136959,1408,1
9251,836618,253419,1408,1
9252,273080,82764,1408,1
9253,468616,141964,1408,1
9254,743612,225244,1408,1
9255,497690,150763,1408,1
9256,1066984,323182,1408,1
9257,629690,190747,1408,1
9258,312984,94834,1408,1
9259,348546,105583,1408,1
9260,385734,116841,1408,1
9261,418530,126775,1408,1
9262,471266,143355,1408,1
9263,244036,73925,1408,1
9264,295384,89500,1408,1
9265,354642,107417,1408,1
9266,317502,96169,1408,1
9267,418952,126969,1408,1
9268,232090,70332,1408,1
9269,231344,70080,1408,1
9270,234466,71051,1408,1
9271,264648,80165,1408,1
9272,641952,194438,1408,1
9273,550608,166809,1408,1
9274,337530,102331,1408,1
9275,287724,87193,1408,1
9276,199964,60590,1408,1
9277,406396,123090,1408,1
9278,825888,250756,1408,1
9279,281236,85234,1408,1
9280,681460,206427,1408,1
9281,363550,110148,1408,1
9282,741758,224684,1408,1
9283,554600,167987,1408,1
9284,461653,139976,1408,1
9285,447125,135561,1408,1
9286,394022,119428,1408,1
9287,1987238,602185,1408,1
9288,372756,112951,1408,1
9289,269558,81689,1408,1
9290,656356,198879,1408,1
9291,373814,113275,1408,1
9292,274458,83186,1408,1
9293,277928,84225,1408,1
9294,256592,77734,1408,1
9295,533486,161707,1408,1
9296,303306,91903,1408,1
9297,497104,150604,1408,1
9298,299596,91272,1408,1
9299,774652,234623,1408,1
9300,286964,86966,1408,1
9301,1408160,426550,1408,1
9302,641930,195885,1408,1
9303,375900,113900,1408,1
9304,344078,104265,1408,1
9305,1173750,355842,1408,1
9306,333508,101083,1408,1
9307,687072,208134,1408,1
9308,543400,164617,1408,1
9309,309612,93798,1408,1
9310,424106,128506,1408,1
9311,294214,89164,1408,1
9312,510166,154571,1408,1
9313,315050,95475,1408,1
9314,540999,164170,1408,1
9315,334408,101372,1408,1
9316,816144,247298,1408,1
9317,352366,106754,1408,1
9318,472426,143140,1408,1
9319,320566,97152,1408,1
9320,757148,229480,1408,1
9321,416800,126291,1408,1
9322,5381023,1630583,1408,1
9323,464948,140880,1408,1
9324,356982,108167,1408,1
9325,553252,167613,1408,1
9326,238518,72291,1408,1
9327,333588,101077,1408,1
9328,260664,78963,1408,1
9329,444050,134496,1408,1
9330,257034,77877,1408,1
9331,256680,77840,1408,1
9332,395306,119781,1408,1
9333,486010,147231,1408,1
9334,445354,134906,1408,1
9335,328450,99501,1408,1
9336,1353092,409810,1408,1
9337,699256,211860,1408,1
9338,447170,135478,1408,1
9339,479084,145286,1408,1
9340,652570,197688,1408,1
9341,462416,140316,1408,1
9342,555986,168427,1408,1
9343,308334,93440,1408,1
9344,536248,162489,1408,1
9345,1186874,359478,1408,1
9346,748000,226594,1408,1
9347,363348,110112,1408,1
9348,603232,182749,1408,1
9349,1333462,403878,1408,1
9350,1431490,434005,1408,1
9351,1278778,387718,1408,1
9352,461882,139947,1408,1
9353,976725,296281,1408,1
9354,489290,148250,1408,1
9355,687993,208844,1408,1
9356,439750,133237,1408,1
9357,751128,227541,1408,1
9358,509280,154294,1408,1
9359,386590,117150,1408,1
9360,495940,150263,1408,1
9361,376702,114156,1408,1
9362,773214,234220,1408,1
9363,382302,115854,1408,1
9364,437530,132583,1408,1
9365,570426,172896,1408,1
9366,445168,134897,1408,1
9367,355562,107757,1408,1
9368,725708,220013,1408,1
9369,543274,164599,1408,1
9370,448688,135933,1408,1
9371,1516648,459340,1408,1
9372,579396,175537,1408,1
9373,502284,152145,1408,1
9374,456522,138328,1408,1
9375,375700,113854,1408,1
9376,335196,101566,1408,1
9377,475032,144002,1408,1
9378,623238,188790,1408,1
9379,809150,245852,1408,1
9380,900142,272659,1408,1
9381,942010,285748,1408,1
9382,823222,249672,1408,1
9383,581979,176650,1408,1
9384,612114,185432,1408,1
9385,782642,237122,1408,1
9386,984720,298635,1408,1
9387,1125942,341323,1408,1
9388,700160,212093,1408,1
9389,511964,155086,1408,1
9390,425990,129082,1408,1
9391,1021360,309404,1408,1
9392,1313794,397920,1408,1
9393,444096,134523,1408,1
9394,1103568,334374,1408,1
9395,379812,115090,1408,1
9396,576902,174757,1408,1
9397,753704,228634,1408,1
9398,831604,251903,1408,1
9399,359292,108866,1408,1
9400,911220,276019,1408,1
9401,878118,265997,1408,1
9402,394374,119503,1408,1
9403,592474,179489,1408,1
9404,811016,245670,1408,1
9405,1406880,426238,1408,1
9406,1027308,311835,1408,1
9407,1058060,320832,1408,1
9408,546886,165676,1408,1
9409,842240,255150,1408,1
9410,442962,134212,1408,1
9411,409242,124048,1408,1
9412,1057714,320391,1408,1
9413,445592,135007,1408,1
9414,774956,234764,1408,1
9415,850452,257616,1408,1
9416,547446,165857,1408,1
9417,598636,181338,1408,1
9418,480556,145573,1408,1
9419,775802,235015,1408,1
9420,728238,220597,1408,1
9421,330138,100035,1408,1
9422,617940,187189,1408,1
9423,408450,124392,1408,1
9424,753386,228351,1408,1
9425,452524,137163,1408,1
9426,765302,231774,1408,1
9427,1559780,472818,1408,1
9428,501100,151848,1408,1
9429,618716,187469,1408,1
9430,475478,144057,1408,1
9431,978636,296629,1408,1
9432,734336,222720,1408,1
9433,1688766,511726,1408,1
9434,238042,72145,1408,1
9435,355966,107820,1408,1
9436,966526,292762,1408,1
9437,307128,93064,1408,1
9438,229804,69649,1408,1
9439,309608,93784,1408,1
9440,230806,69949,1408,1
9441,230734,69899,1408,1
9442,268198,81245,1408,1
9443,451084,136670,1408,1
9444,313912,95119,1408,1
9445,376910,114213,1408,1
9446,802980,243214,1408,1
9447,308094,93360,1408,1
9448,457844,138719,1408,1
9449,294496,89220,1408,1
9450,222676,67491,1408,1
9451,221886,67509,1408,1
9452,232140,70326,1408,1
9453,273250,82897,1408,1
9454,407284,123391,1408,1
9455,222790,67498,1408,1
9456,487126,147584,1408,1
9457,365958,110891,1408,1
9458,409988,124228,1408,1
9459,463490,140401,1408,1
9460,252968,76655,1408,1
9461,292382,88579,1408,1
9462,259074,78494,1408,1
9463,372476,112821,1408,1
9464,311244,94323,1408,1
9465,536402,162491,1408,1
9466,310342,94034,1408,1
9467,542636,164350,1408,1
9468,332232,100678,1408,1
9469,1171600,354870,1408,1
9470,476502,144375,1408,1
9471,423060,128163,1408,1
9472,708004,215876,1408,1
9473,1725568,522857,1408,1
9474,808552,245085,1408,1
9475,572610,173889,1408,1
9476,486684,147458,1408,1
9477,578612,175300,1408,1
9478,548724,166226,1408,1
9479,1403374,425208,1408,1
9480,1419036,429931,1408,1
9481,313248,94939,1408,1
9482,721751,219237,1408,1
9483,435180,131914,1408,1
9484,368846,111803,1408,1
9485,333884,101179,1408,1
9486,1006131,304966,1408,1
9487,326700,98959,1408,1
9488,332138,100643,1408,1
9489,541302,163986,1408,1
9490,384696,116562,1408,1
9491,288186,87308,1408,1
9492,685806,208176,1408,1
9493,441906,133903,1408,1
9494,947896,287108,1408,1
9495,578884,175350,1408,1
9496,499722,151380,1408,1
9497,365244,110662,1408,1
9498,409976,124207,1408,1
9499,403002,122117,1408,1
9500,421256,128100,1408,1
9501,251412,76177,1408,1
9502,214920,65138,1408,1
9503,433176,131206,1408,1
9504,512254,155350,1408,1
9505,512456,155333,1408,1
9506,552172,167268,1408,1
9507,486816,147491,1408,1
9508,828320,251661,1408,1
9509,485828,147190,1408,1
9510,439356,133135,1408,1
9511,285348,86473,1408,1
9512,849895,257936,1408,1
9513,370930,112394,1408,1
9514,379450,115167,1408,1
9515,517838,156884,1408,1
9516,364142,110298,1408,1
9517,398346,120671,1408,1
9518,821936,248952,1408,1
9519,259082,78510,1408,1
9520,218198,66117,1408,1
9521,330922,100235,1408,1
9522,225368,68300,1408,1
9523,417544,126511,1408,1
9524,451938,137086,1408,1
9525,422236,128021,1408,1
9526,875626,265205,1408,1
9527,802796,243150,1408,1
9528,442750,134143,1408,1
9529,208664,63241,1408,1
9530,1123336,340233,1408,1
9531,350002,106015,1408,1
9532,347116,105163,1408,1
9533,555562,168270,1408,1
9534,276428,83734,1408,1
9535,349976,106049,1408,1
9536,298938,90556,1408,1
9537,331726,100490,1408,1
9538,1006546,304867,1408,1
9539,532120,162758,1408,1
9540,264016,80005,1408,1
9541,335312,101617,1408,1
9542,788700,238912,1408,1
9543,206626,62609,1408,1
9544,665976,201789,1408,1
9545,530592,160741,1408,1
9546,2434170,737333,1408,1
9547,339844,102993,1408,1
9548,1024562,310315,1408,1
9549,280600,85027,1408,1
9550,211866,64211,1408,1
9551,485982,147280,1408,1
9552,539874,163642,1408,1
9553,422956,128134,1408,1
9554,244748,74159,1408,1
9555,327086,99118,1408,1
9556,207502,62887,1408,1
9557,207382,62841,1408,1
9558,381212,115490,1408,1
9559,276184,83671,1408,1
9560,251232,76149,1408,1
9561,278594,84420,1408,1
9562,413076,125114,1408,1
9563,344620,104396,1408,1
9564,291684,88385,1408,1
9565,318120,96385,1408,1
9566,550624,166810,1408,1
9567,248970,75439,1408,1
9568,393652,119233,1408,1
9569,210816,63867,1408,1
9570,321544,97424,1408,1
9571,210792,63887,1408,1
9572,389180,117902,1408,1
9573,609950,184757,1408,1
9574,500396,151582,1408,1
9575,460346,139433,1408,1
9576,536386,162481,1408,1
9577,410068,124209,1408,1
9578,211174,63978,1408,1
9579,358168,108516,1408,1
9580,493260,149445,1408,1
9581,381112,115484,1408,1
9582,610412,184900,1408,1
9583,214618,65019,1408,1
9584,417160,126380,1408,1
9585,212234,64298,1408,1
9586,248748,75354,1408,1
9587,211548,64089,1408,1
9588,325064,98559,1408,1
9589,449450,136168,1408,1
9590,262630,79603,1408,1
9591,214262,64940,1408,1
9592,292940,88786,1408,1
9593,502150,152114,1408,1
9594,211416,64077,1408,1
9595,246546,74689,1408,1
9596,538750,163212,1408,1
9597,287448,87100,1408,1
9598,814744,246870,1408,1
9599,480700,145619,1408,1
9600,214194,64905,1408,1
9601,320018,96942,1408,1
9602,214786,65068,1408,1
9603,730614,221753,1408,1
9604,562728,170461,1408,1
9605,283658,85941,1408,1
9606,283146,85769,1408,1
9607,354272,107326,1408,1
9608,275142,83432,1408,1
9609,269522,81749,1408,1
9610,295590,89567,1408,1
9611,326786,99009,1408,1
9612,284594,86219,1408,1
9613,208084,63069,1408,1
9614,449456,136180,1408,1
9615,268638,81421,1408,1
9616,207330,62811,1408,1
9617,206224,62474,1408,1
9618,205508,62258,1408,1
9619,664602,201305,1408,1
9620,206772,62665,1408,1
9621,205372,62232,1408,1
9622,381754,115686,1408,1
9623,511876,155074,1408,1
9624,368866,111800,1408,1
9625,407990,123629,1408,1
9626,612752,185639,1408,1
9627,394724,119604,1408,1
9628,403974,122488,1408,1
9629,538098,163102,1408,1
9630,456928,138428,1408,1
9631,916424,277574,1408,1
9632,318114,96404,1408,1
9633,1036106,313821,1408,1
9634,308766,93573,1408,1
9635,374604,113500,1408,1
9636,1051826,319154,1408,1
9637,333356,101007,1408,1
9638,514556,155885,1408,1
9639,312492,94684,1408,1
9640,721908,219555,1408,1
9641,741197,225602,1408,1
9642,468396,141914,1408,1
9643,1383783,419438,1408,1
9644,297232,90074,1408,1
9645,656216,198983,1408,1
9646,366646,111069,1408,1
9647,629684,190808,1408,1
9648,781749,237461,1408,1
9649,416718,126293,1408,1
9650,308606,93520,1408,1
9651,295438,89520,1408,1
9652,406090,123158,1408,1
9653,377626,114384,1408,1
9654,200392,60736,1408,1
9655,418496,126783,1408,1
9656,324954,98457,1408,1
9657,597440,180984,1408,1
9658,311100,94270,1408,1
9659,304664,92331,1408,1
9660,202278,61280,1408,1
9661,850538,257608,1408,1
9662,201770,61156,1408,1
9663,738328,223683,1408,1
9664,375242,113684,1408,1
9665,562118,170731,1408,1
9666,461872,139916,1408,1
9667,391482,118604,1408,1
9668,718256,217560,1408,1
9669,286420,86766,1408,1
9670,320368,97066,1408,1
9671,422310,127924,1408,1
9672,281906,85392,1408,1
9673,289052,87609,1408,1
9674,339038,102748,1408,1
9675,379348,114921,1408,1
9676,422102,127895,1408,1
9677,314790,95351,1408,1
9678,349062,105726,1408,1
9679,1081804,328018,1408,1
9680,569744,172589,1408,1
9681,729794,221131,1408,1
9682,374866,113577,1408,1
9683,548060,166051,1408,1
9684,364404,110417,1408,1
9685,310526,94096,1408,1
9686,390096,118188,1408,1
9687,410344,124329,1408,1
9688,601176,182122,1408,1
9689,447304,135504,1408,1
9690,682990,206904,1408,1
9691,948182,287591,1408,1
9692,405010,122734,1408,1
9693,335866,101786,1408,1
9694,1259187,381503,1408,1
9695,387666,117472,1408,1
9696,1417708,429525,1408,1
9697,397404,120425,1408,1
9698,420760,127495,1408,1
9699,470706,142626,1408,1
9700,346542,105004,1408,1
9701,332774,100849,1408,1
9702,579880,175658,1408,1
9703,358614,108696,1408,1
9704,643056,194803,1408,1
9705,408294,123712,1408,1
9706,418716,126880,1408,1
9707,940772,284987,1408,1
9708,360922,109352,1408,1
9709,364284,110378,1408,1
9710,352756,106902,1408,1
9711,962584,292720,1408,1
9712,645726,195603,1408,1
9713,424312,128570,1408,1
9714,464960,140885,1408,1
9715,1070796,324323,1408,1
9716,702004,212658,1408,1
9717,599472,181636,1408,1
9718,465680,141208,1408,1
9719,1779320,538913,1408,1
9720,980280,296926,1408,1
9721,439196,133083,1408,1
9722,779524,236128,1408,1
9723,418514,126843,1408,1
9724,371886,112695,1408,1
9725,574580,174075,1408,1
9726,745552,225832,1408,1
9727,462236,140048,1408,1
9728,634598,192259,1408,1
9729,633970,192474,1408,1
9730,1073366,325072,1408,1
9731,975074,295636,1408,1
9732,578660,175319,1408,1
9733,561628,170507,1408,1
9734,416458,126176,1408,1
9735,613416,185797,1408,1
9736,317468,96201,1408,1
9737,1545248,468238,1408,1
9738,973348,294831,1408,1
9739,505744,153231,1408,1
9740,450232,136437,1408,1
9741,1010198,305997,1408,1
9742,801784,242872,1408,1
9743,522228,158223,1408,1
9744,432564,131066,1408,1
9745,1707334,517489,1408,1
9746,503518,152522,1408,1
9747,1000052,302875,1408,1
9748,278412,84392,1408,1
9749,503404,152479,1408,1
9750,233892,70888,1408,1
9751,463368,140399,1408,1
9752,596546,180703,1408,1
9753,400652,121368,1408,1
9754,703644,213148,1408,1
9755,355126,107966,1408,1
9756,382432,115888,1408,1
9757,376834,114162,1408,1
9758,587405,178503,1408,1
9759,288598,87441,1408,1
9760,298862,90558,1408,1
9761,540000,163631,1408,1
9762,400398,121342,1408,1
9763,266458,80752,1408,1
9764,224634,68055,1408,1
9765,383390,116159,1408,1
9766,585810,177494,1408,1
9767,293940,89086,1408,1
9768,400904,121482,1408,1
9769,315918,95694,1408,1
9770,393852,119327,1408,1
9771,237130,71867,1408,1
9772,859368,260290,1408,1
9773,708814,214700,1408,1
9774,381662,115630,1408,1
9775,540474,163742,1408,1
9776,256452,77689,1408,1
9777,217760,65973,1408,1
9778,849560,257333,1408,1
9779,329962,99978,1408,1
9780,365492,110737,1408,1
9781,372810,113022,1408,1
9782,457408,138572,1408,1
9783,400778,121443,1408,1
9784,311906,94608,1408,1
9785,854620,259565,1408,1
9786,587946,178111,1408,1
9787,412486,124975,1408,1
9788,442850,134175,1408,1
9789,563438,170665,1408,1
9790,463238,140303,1408,1
9791,212052,64256,1408,1
9792,537342,162771,1408,1
9793,478170,144856,1408,1
9794,407386,123415,1408,1
9795,399084,120909,1408,1
9796,392452,118901,1408,1
9797,212368,64336,1408,1
9798,319242,96699,1408,1
9799,247768,75056,1408,1
9800,530942,160826,1408,1
9801,274128,83083,1408,1
9802,372722,112937,1408,1
9803,363438,110178,1408,1
9804,457372,138556,1408,1
9805,205304,62210,1408,1
9806,315754,95654,1408,1
9807,277228,83991,1408,1
9808,246124,74587,1408,1
9809,346322,104910,1408,1
9810,309602,93795,1408,1
9811,414446,125547,1408,1
9812,205108,62148,1408,1
9813,415074,125717,1408,1
9814,375242,113702,1408,1
9815,224902,68277,1408,1
9816,210260,63724,1408,1
9817,239724,72623,1408,1
9818,730700,221294,1408,1
9819,212836,64479,1408,1
9820,356076,107852,1408,1
9821,244428,74047,1408,1
9822,511348,154909,1408,1
9823,275930,83599,1408,1
9824,738932,223829,1408,1
9825,309394,93731,1408,1
9826,240388,72822,1408,1
9827,203612,61684,1408,1
9828,302428,91631,1408,1
9829,198776,60218,1408,1
9830,367172,111213,1408,1
9831,332870,100827,1408,1
9832,612050,185509,1408,1
9833,621112,188687,1408,1
9834,285966,86674,1408,1
9835,1097448,332399,1408,1
9836,432594,131063,1408,1
9837,322820,97827,1408,1
9838,348152,105461,1408,1
9839,412400,124939,1408,1
9840,416898,126279,1408,1
9841,257568,78065,1408,1
9842,215368,65392,1408,1
9843,252566,76546,1408,1
9844,326286,98844,1408,1
9845,365058,110571,1408,1
9846,195616,59263,1408,1
9847,227910,69040,1408,1
9848,663678,201039,1408,1
9849,1013820,307069,1408,1
9850,373540,113174,1408,1
9851,1475944,447189,1408,1
9852,1001984,303437,1408,1
9853,202432,61325,1408,1
9854,428122,130390,1408,1
9855,357762,108518,1408,1
9856,317336,96131,1408,1
9857,375390,113737,1408,1
9858,204678,62135,1408,1
9859,264058,80014,1408,1
9860,238894,72393,1408,1
9861,354462,107400,1408,1
9862,459148,139088,1408,1
9863,415018,125725,1408,1
9864,282172,85473,1408,1
9865,183258,55518,1408,1
9866,462388,140043,1408,1
9867,184272,55838,1408,1
9868,416586,126214,1408,1
9869,443938,134481,1408,1
9870,409328,124019,1408,1
9871,290132,87912,1408,1
9872,226950,68766,1408,1
9873,222506,67445,1408,1
9874,459206,139128,1408,1
9875,292108,88506,1408,1
9876,261164,79134,1408,1
9877,620432,187932,1408,1
9878,259240,78556,1408,1
9879,333996,101170,1408,1
9880,327584,99861,1408,1
9881,263716,79910,1408,1
9882,238086,72176,1408,1
9883,248766,75370,1408,1
9884,276714,83818,1408,1
9885,277850,84162,1408,1
9886,787614,238579,1408,1
9887,248570,75321,1408,1
9888,281514,85295,1408,1
9889,185638,56266,1408,1
9890,247404,74941,1408,1
9891,466858,141395,1408,1
9892,570344,173082,1408,1
9893,185148,56092,1408,1
9894,1108104,335846,1408,1
9895,343962,104192,1408,1
9896,215472,65283,1408,1
9897,249146,75470,1408,1
9898,293698,89004,1408,1
9899,338610,102605,1408,1
9900,579722,175877,1408,1
9901,315446,95662,1408,1
9902,328146,99440,1408,1
9903,389734,119155,1408,1
9904,340150,103043,1408,1
9905,413516,125304,1408,1
9906,377294,114299,1408,1
9907,187358,56769,1408,1
9908,526754,159572,1408,1
9909,185146,56105,1408,1
9910,246672,74722,1408,1
9911,186144,56420,1408,1
9912,246082,74558,1408,1
9913,183718,55682,1408,1
9914,403296,122150,1408,1
9915,503838,152619,1408,1
9916,184090,55794,1408,1
9917,710966,215354,1408,1
9918,361940,109659,1408,1
9919,426338,129144,1408,1
9920,268306,81278,1408,1
9921,1335344,404605,1408,1
9922,334834,101444,1408,1
9923,355410,107668,1408,1
9924,437872,132970,1408,1
9925,405724,123020,1408,1
9926,700714,212452,1408,1
9927,454902,138037,1408,1
9928,306500,92877,1408,1
9929,646896,195950,1408,1
9930,432970,131167,1408,1
9931,686668,208103,1408,1
9932,1307520,396265,1408,1
9933,667170,202178,1408,1
9934,435054,131814,1408,1
9935,391896,118743,1408,1
9936,438222,132765,1408,1
9937,399710,121419,1408,1
9938,490214,148536,1408,1
9939,364940,110542,1408,1
9940,304958,92403,1408,1
9941,406262,123063,1408,1
9942,281104,85180,1408,1
9943,339630,102900,1408,1
9944,371446,112519,1408,1
9945,434816,131695,1408,1
9946,222278,67409,1408,1
9947,303048,91886,1408,1
9948,203746,61752,1408,1
9949,269428,81614,1408,1
9950,470080,142375,1408,1
9951,245698,74471,1408,1
9952,235364,71299,1408,1
9953,267026,80888,1408,1
9954,301270,91256,1408,1
9955,267374,80992,1408,1
9956,312056,94550,1408,1
9957,234336,71095,1408,1
9958,336574,101975,1408,1
9959,397706,120506,1408,1
9960,201662,61096,1408,1
9961,302400,91613,1408,1
9962,204094,61860,1408,1
9963,335216,101533,1408,1
9964,276650,83841,1408,1
9965,439754,133218,1408,1
9966,303928,92063,1408,1
9967,427768,129649,1408,1
9968,215812,65403,1408,1
9969,349902,106000,1408,1
9970,248228,75222,1408,1
9971,244916,74221,1408,1
9972,278682,84447,1408,1
9973,243152,73664,1408,1
9974,748502,226724,1408,1
9975,493200,149505,1408,1
9976,578016,175103,1408,1
9977,359688,109442,1408,1
9978,1637686,495981,1408,1
9979,240770,72995,1408,1
9980,573532,173728,1408,1
9981,202344,61328,1408,1
9982,278882,84506,1408,1
9983,199250,60364,1408,1
9984,367934,111443,1408,1
9985,267248,80979,1408,1
9986,1041180,315310,1408,1
9987,286062,86695,1408,1
9988,316106,95779,1408,1
9989,342032,103647,1408,1
9990,368774,111741,1408,1
9991,618282,187307,1408,1
9992,712590,215855,1408,1
9993,620994,188190,1408,1
9994,674884,204634,1408,1
9995,361004,109457,1408,1
9996,383512,116176,1408,1
9997,667298,202102,1408,1
9998,301818,91468,1408,1
9999,530394,160676,1408,1
