iter,cycles,time_ns,peak_rss_kb,ok
0,280202,84904,1212,1
1,236608,71678,1212,1
2,232520,70435,1212,1
3,238208,72161,1212,1
4,235838,71439,1212,1
5,233754,70805,1212,1
6,239102,72441,1212,1
7,236636,71695,1212,1
8,235018,71203,1212,1
9,234376,71003,1212,1
10,237174,71859,1212,1
11,235554,71365,1212,1
12,238354,72209,1212,1
13,236096,71515,1212,1
14,341738,103511,1212,1
15,240344,72822,1212,1
16,240052,72729,1212,1
17,236206,71549,1212,1
18,239222,72477,1212,1
19,238234,72177,1212,1
20,239502,72561,1212,1
21,257942,78155,1212,1
22,250618,75952,1212,1
23,242944,73606,1212,1
24,242390,73439,1212,1
25,242342,73427,1212,1
26,241206,73076,1212,1
27,240162,72767,1212,1
28,242200,73379,1212,1
29,249412,75567,1212,1
30,263214,79767,1212,1
31,246874,74795,1212,1
32,249376,75553,1212,1
33,246624,74719,1212,1
34,249582,75618,1212,1
35,247448,74967,1212,1
36,252554,76516,1212,1
37,269942,81785,1212,1
38,267312,80991,1212,1
39,283990,86041,1212,1
40,432728,131103,1212,1
41,483820,146617,1212,1
42,480948,145716,1212,1
43,451682,137139,1212,1
44,293196,88877,1212,1
45,272312,82486,1212,1
46,273770,82925,1212,1
47,266454,80734,1212,1
48,271722,82332,1212,1
49,302534,91679,1212,1
50,276338,83722,1212,1
51,268754,81423,1212,1
52,269708,81697,1212,1
53,285998,86641,1212,1
54,274612,83182,1212,1
55,279008,84534,1212,1
56,283450,85880,1212,1
57,313310,94908,1212,1
58,301120,91254,1212,1
59,274412,83147,1212,1
60,290474,88030,1212,1
61,278308,84322,1212,1
62,293544,88940,1212,1
63,288686,87463,1212,1
64,341968,103585,1212,1
65,422700,128071,1212,1
66,302370,91658,1212,1
67,286372,86764,1212,1
68,280232,84898,1212,1
69,396336,120091,1212,1
70,294534,89268,1212,1
71,283384,85860,1212,1
72,280086,84860,1212,1
73,279860,84786,1212,1
74,284420,86170,1212,1
75,281918,85418,1212,1
76,283520,85901,1212,1
77,280442,84963,1212,1
78,283272,85826,1212,1
79,283452,85875,1212,1
80,284742,86266,1212,1
81,283042,85755,1212,1
82,322596,97758,1212,1
83,279714,84755,1212,1
84,272476,82537,1212,1
85,379818,115084,1212,1
86,275934,83614,1212,1
87,271166,82164,1212,1
88,274490,83184,1212,1
89,267988,81186,1212,1
90,269028,81501,1212,1
91,271326,82207,1212,1
92,274608,83189,1212,1
93,271086,82125,1212,1
94,295576,89577,1212,1
95,271078,82112,1212,1
96,273046,82723,1212,1
97,281754,85350,1212,1
98,271518,82257,1212,1
99,267686,81104,1212,1
100,392026,118790,1212,1
101,267080,80901,1212,1
102,270020,81803,1212,1
103,280148,84878,1212,1
104,314664,95360,1212,1
105,510807,155274,1212,1
106,277296,84015,1212,1
107,287150,86996,1212,1
108,279672,84734,1212,1
109,288832,87527,1212,1
110,459664,139286,1212,1
111,281378,85251,1212,1
112,293858,89507,1212,1
113,284664,86244,1212,1
114,287342,87061,1212,1
115,274754,83226,1212,1
116,284062,86059,1212,1
117,325086,98514,1212,1
118,288920,87534,1212,1
119,289020,87560,1212,1
120,289760,87770,1212,1
121,292288,88553,1212,1
122,290502,88012,1212,1
123,291598,88353,1212,1
124,287166,87006,1212,1
125,290428,87995,1212,1
126,292416,88600,1212,1
127,278242,84300,1212,1
128,283370,85853,1212,1
129,286716,86864,1212,1
130,273598,82891,1212,1
131,293470,88957,1212,1
132,269168,81552,1212,1
133,268740,81422,1212,1
134,267390,81011,1212,1
135,264526,80142,1212,1
136,264062,80004,1212,1
137,261768,79303,1212,1
138,268806,81491,1212,1
139,255990,77546,1212,1
140,249922,75725,1212,1
141,254508,77107,1212,1
142,260152,78840,1212,1
143,240900,72986,1212,1
144,234178,70957,1212,1
145,228242,69154,1212,1
146,229110,69420,1212,1
147,227018,68777,1212,1
148,254048,76985,1212,1
149,226940,68742,1212,1
150,218330,66151,1212,1
151,222960,67555,1212,1
152,223166,67636,1212,1
153,337078,102143,1212,1
154,218084,66075,1212,1
155,218922,66330,1212,1
156,215212,65204,1212,1
157,264334,80099,1212,1
158,219572,66528,1212,1
159,228172,69130,1212,1
160,221266,67037,1212,1
161,219654,66553,1212,1
162,218564,66218,1212,1
163,227370,68894,1212,1
164,246840,74792,1212,1
165,250124,75770,1212,1
166,215976,65436,1212,1
167,232664,70475,1212,1
168,217516,65899,1212,1
169,235676,71398,1212,1
170,215220,65209,1212,1
171,215936,65422,1212,1
172,219048,66356,1212,1
173,258436,78319,1212,1
174,213886,64803,1212,1
175,215732,65346,1212,1
176,212974,64529,1212,1
177,215960,65436,1212,1
178,211532,64082,1212,1
179,214384,64947,1212,1
180,241572,73201,1212,1
181,242804,73642,1212,1
182,238742,72316,1212,1
183,237014,71795,1212,1
184,236410,71630,1212,1
185,239362,72518,1212,1
186,237034,71800,1212,1
187,239488,72562,1212,1
188,237828,72055,1212,1
189,237886,72058,1212,1
190,240192,72754,1212,1
191,377584,114399,1212,1
192,436814,132333,1212,1
193,359158,108840,1212,1
194,274130,83084,1212,1
195,238470,72250,1212,1
196,238096,72122,1212,1
197,239690,72603,1212,1
198,233332,70687,1212,1
199,243022,73634,1212,1
200,233734,70800,1212,1
201,238882,72358,1212,1
202,237200,71871,1212,1
203,283760,85987,1212,1
204,240176,72767,1212,1
205,239054,72429,1212,1
206,240192,72779,1212,1
207,239346,72501,1212,1
208,245928,74513,1212,1
209,245652,74458,1212,1
210,244016,73934,1212,1
211,244732,74148,1212,1
212,252726,76567,1212,1
213,218420,66173,1212,1
214,238232,72183,1212,1
215,239606,72581,1212,1
216,228612,69290,1212,1
217,223062,67575,1212,1
218,228170,69150,1212,1
219,238348,72217,1212,1
220,240558,73056,1212,1
221,236732,71711,1212,1
222,291432,88286,1212,1
223,264716,80200,1212,1
224,213462,64679,1212,1
225,238314,72201,1212,1
226,211488,64062,1212,1
227,235654,71396,1212,1
228,264468,80153,1212,1
229,215646,65321,1212,1
230,232594,70460,1212,1
231,216280,65521,1212,1
232,237814,72050,1212,1
233,613876,185956,1212,1
234,637320,193125,1212,1
235,636210,192754,1212,1
236,475156,143980,1212,1
237,299104,90649,1212,1
238,286056,86664,1212,1
239,286050,86670,1212,1
240,287354,87063,1212,1
241,286454,86783,1212,1
242,282100,85470,1212,1
243,279832,84782,1212,1
244,285542,86518,1212,1
245,284140,86081,1212,1
246,310880,94206,1212,1
247,315138,95508,1212,1
248,282972,85721,1212,1
249,282470,85581,1212,1
250,278820,84479,1212,1
251,285016,86350,1212,1
252,281054,85153,1212,1
253,309742,93864,1212,1
254,309928,94034,1212,1
255,287608,87136,1212,1
256,278564,84405,1212,1
257,278764,84454,1212,1
258,341882,103621,1212,1
259,287036,86962,1212,1
260,291996,88465,1212,1
261,279192,84592,1212,1
262,272676,82609,1212,1
263,273052,82732,1212,1
264,263656,79885,1212,1
265,262772,79613,1212,1
266,259294,78542,1212,1
267,249880,75704,1212,1
268,252836,76610,1212,1
269,252876,76598,1212,1
270,254974,77253,1212,1
271,249174,75495,1212,1
272,249410,75568,1212,1
273,247162,74867,1212,1
274,316514,95908,1212,1
275,252626,76538,1212,1
276,249568,75595,1212,1
277,251744,76256,1212,1
278,256506,77718,1212,1
279,393242,119159,1212,1
280,253536,76817,1212,1
281,257786,78231,1212,1
282,273780,82965,1212,1
283,254462,77099,1212,1
284,246902,74809,1212,1
285,248202,75201,1212,1
286,284258,86138,1212,1
287,251018,76049,1212,1
288,245322,74326,1212,1
289,249406,75570,1212,1
290,248954,75426,1212,1
291,246044,74543,1212,1
292,256196,77619,1212,1
293,259040,78478,1212,1
294,258096,78195,1212,1
295,259054,78484,1212,1
296,307964,93332,1212,1
297,262412,79505,1212,1
298,255672,77469,1212,1
299,260002,78771,1212,1
300,261234,79150,1212,1
301,274132,83074,1212,1
302,370598,112282,1212,1
303,287178,87029,1212,1
304,479150,145174,1212,1
305,267688,81105,1212,1
306,267542,81063,1212,1
307,341608,103509,1212,1
308,269356,81604,1212,1
309,254556,77128,1212,1
310,256454,77699,1212,1
311,259106,78505,1212,1
312,253262,76732,1212,1
313,257604,78052,1212,1
314,252478,76494,1212,1
315,250746,75968,1212,1
316,257904,78135,1212,1
317,249124,75478,1212,1
318,251210,76110,1212,1
319,256552,77726,1212,1
320,253448,76786,1212,1
321,255608,77445,1212,1
322,260764,79020,1212,1
323,247930,75118,1212,1
324,253576,76832,1212,1
325,502914,153000,1212,1
326,255726,77482,1212,1
327,300240,91464,1212,1
328,253308,76742,1212,1
329,257120,77901,1212,1
330,251314,76142,1212,1
331,256894,77962,1212,1
332,259586,78650,1212,1
333,251574,76221,1212,1
334,248834,75391,1212,1
335,250878,76008,1212,1
336,240750,72943,1212,1
337,243596,73805,1212,1
338,309188,93680,1212,1
339,234706,71109,1212,1
340,236808,71752,1212,1
341,237272,71885,1212,1
342,243242,73707,1212,1
343,233838,70870,1212,1
344,223732,67792,1212,1
345,246818,74772,1212,1
346,217842,65986,1212,1
347,214130,64861,1212,1
348,228284,69171,1212,1
349,238212,72157,1212,1
350,238332,72210,1212,1
351,241812,73260,1212,1
352,238316,72188,1212,1
353,238998,72395,1212,1
354,313900,95106,1212,1
355,314122,95179,1212,1
356,261488,79239,1212,1
357,239418,72539,1212,1
358,290552,88047,1212,1
359,238198,72158,1212,1
360,260460,78915,1212,1
361,295100,89420,1212,1
362,238604,72293,1212,1
363,254352,77083,1212,1
364,250966,76061,1212,1
365,236136,71544,1212,1
366,238012,72096,1212,1
367,284264,86139,1212,1
368,240992,72998,1212,1
369,237830,72058,1212,1
370,238578,72268,1212,1
371,285088,86397,1212,1
372,237252,71884,1212,1
373,235930,71470,1212,1
374,236388,71620,1212,1
375,239308,72488,1212,1
376,249640,75639,1212,1
377,238328,72313,1212,1
378,241986,73313,1212,1
379,243882,73892,1212,1
380,240202,72774,1212,1
381,241790,73256,1212,1
382,260056,78805,1212,1
383,247120,74872,1212,1
384,305744,92638,1212,1
385,290918,88177,1212,1
386,248490,75287,1212,1
387,247678,75049,1212,1
388,243190,73680,1212,1
389,281362,85240,1212,1
390,241618,73202,1212,1
391,241632,73205,1212,1
392,242706,73534,1212,1
393,237578,71976,1212,1
394,250706,75957,1212,1
395,241224,73083,1212,1
396,245702,74442,1212,1
397,240652,72907,1212,1
398,242636,73514,1212,1
399,240422,72843,1212,1
400,242758,73551,1212,1
401,246602,74712,1212,1
402,246236,74604,1212,1
403,242866,73587,1212,1
404,269876,81783,1212,1
405,235796,71448,1212,1
406,270672,81989,1212,1
407,2480708,751922,1212,1
408,409202,123988,1212,1
409,313396,94960,1212,1
410,344740,104453,1212,1
411,245982,74525,1212,1
412,243006,73622,1212,1
413,245082,74251,1212,1
414,244670,74129,1212,1
415,242340,73501,1212,1
416,272054,82442,1212,1
417,245362,74333,1212,1
418,241746,73320,1212,1
419,245108,74259,1212,1
420,248388,75252,1212,1
421,245448,74363,1212,1
422,239686,72622,1212,1
423,239000,72411,1212,1
424,243396,73745,1212,1
425,238096,72142,1212,1
426,237982,72098,1212,1
427,236364,71597,1212,1
428,250150,75793,1212,1
429,243218,73688,1212,1
430,239970,72710,1212,1
431,239410,72534,1212,1
432,240566,72881,1212,1
433,240116,72750,1212,1
434,301072,91228,1212,1
435,241944,73309,1212,1
436,351928,106699,1212,1
437,247118,74874,1212,1
438,244546,74092,1212,1
439,388336,118101,1212,1
440,367924,111477,1212,1
441,279086,84571,1212,1
442,241486,73163,1212,1
443,241762,73247,1212,1
444,244562,74097,1212,1
445,252666,76567,1212,1
446,244140,73966,1212,1
447,245866,74490,1212,1
448,244332,74031,1212,1
449,270436,81941,1212,1
450,237380,71922,1212,1
451,234628,71079,1212,1
452,238550,72274,1212,1
453,235046,71217,1212,1
454,237186,71845,1212,1
455,238310,72197,1212,1
456,240442,72851,1212,1
457,236372,71599,1212,1
458,233726,70821,1212,1
459,236820,71734,1212,1
460,335200,101559,1212,1
461,374148,113502,1212,1
462,389908,118140,1212,1
463,567066,173174,1212,1
464,347652,105348,1212,1
465,331590,100484,1212,1
466,241390,73133,1212,1
467,243252,73701,1212,1
468,318422,96483,1212,1
469,300036,90920,1212,1
470,246998,74850,1212,1
471,247242,74907,1212,1
472,241840,73272,1212,1
473,317768,96281,1212,1
474,241038,73025,1212,1
475,243208,73684,1212,1
476,239566,72584,1212,1
477,241192,73078,1212,1
478,243628,73899,1212,1
479,238406,72228,1212,1
480,262664,79597,1212,1
481,239868,72676,1212,1
482,242018,73327,1212,1
483,245314,74323,1212,1
484,245102,74256,1212,1
485,241490,73170,1212,1
486,240474,72858,1212,1
487,243308,73714,1212,1
488,244720,74145,1212,1
489,247144,74876,1212,1
490,240000,72717,1212,1
491,251880,76383,1212,1
492,273338,82831,1212,1
493,240674,72920,1212,1
494,236272,71569,1212,1
495,232188,70332,1212,1
496,289132,87614,1212,1
497,371064,112426,1212,1
498,324216,98240,1212,1
499,251474,76193,1212,1
500,432500,131004,1212,1
501,423452,128292,1212,1
502,279076,84553,1212,1
503,278114,84261,1212,1
504,277572,84078,1212,1
505,295256,89465,1212,1
506,289960,87857,1212,1
507,281672,85332,1212,1
508,274534,83161,1212,1
509,273698,82928,1212,1
510,308238,93409,1212,1
511,275630,83491,1212,1
512,271326,82214,1212,1
513,324002,98208,1212,1
514,264416,80113,1212,1
515,266128,80631,1212,1
516,270310,81897,1212,1
517,269132,81537,1212,1
518,266032,80595,1212,1
519,264978,80276,1212,1
520,307976,93306,1212,1
521,262712,79601,1212,1
522,296202,89739,1212,1
523,255170,77313,1212,1
524,329126,99726,1212,1
525,245562,74413,1212,1
526,248902,75414,1212,1
527,250424,75855,1212,1
528,248180,75195,1212,1
529,250616,75931,1212,1
530,280286,84902,1212,1
531,250172,75799,1212,1
532,249808,75678,1212,1
533,248508,75292,1212,1
534,259456,78640,1212,1
535,248568,75318,1212,1
536,397972,120579,1212,1
537,480388,145550,1212,1
538,253054,76672,1212,1
539,296532,89859,1212,1
540,259920,78748,1212,1
541,255258,77339,1212,1
542,252966,76640,1212,1
543,249586,75617,1212,1
544,250190,75790,1212,1
545,420466,127389,1212,1
546,253534,76814,1212,1
547,255310,77361,1212,1
548,339580,102892,1212,1
549,254350,77061,1212,1
550,260688,78979,1212,1
551,242992,73622,1212,1
552,242790,73555,1212,1
553,244238,73995,1212,1
554,405098,122735,1212,1
555,247058,74876,1212,1
556,258788,78428,1212,1
557,239822,72653,1212,1
558,258478,78330,1212,1
559,292368,88598,1212,1
560,237794,72050,1212,1
561,236838,71750,1212,1
562,236164,71541,1212,1
563,267540,81045,1212,1
564,267276,80963,1212,1
565,257134,77905,1212,1
566,316580,95913,1212,1
567,261420,79201,1212,1
568,258836,78421,1212,1
569,258500,78323,1212,1
570,255616,77449,1212,1
571,258542,78357,1212,1
572,248624,75328,1212,1
573,252490,76500,1212,1
574,247708,75046,1212,1
575,252552,76523,1212,1
576,254404,77101,1212,1
577,246256,74599,1212,1
578,246210,74602,1212,1
579,247358,74924,1212,1
580,244672,74133,1212,1
581,241938,73309,1212,1
582,240932,72999,1212,1
583,239784,72633,1212,1
584,242888,73587,1212,1
585,244844,74188,1212,1
586,239484,72542,1212,1
587,345096,104533,1212,1
588,328576,99560,1212,1
589,388822,117949,1212,1
590,244342,74030,1212,1
591,245048,74228,1212,1
592,292458,88622,1212,1
593,364554,110439,1212,1
594,374064,113337,1212,1
595,257306,77948,1212,1
596,292278,88573,1212,1
597,443328,134350,1212,1
598,345452,104669,1212,1
599,482467,148116,1212,1
600,254170,77010,1212,1
601,248994,75537,1212,1
602,248278,75221,1212,1
603,252464,76493,1212,1
604,244176,73975,1212,1
605,240212,72783,1212,1
606,235078,71226,1212,1
607,235098,71215,1212,1
608,234594,71077,1212,1
609,236646,71698,1212,1
610,244438,74050,1212,1
611,241038,73019,1212,1
612,1323516,402014,1212,1
613,581092,176032,1212,1
614,341076,103343,1212,1
615,251146,76093,1212,1
616,257354,77971,1212,1
617,259034,78486,1212,1
618,253244,76751,1212,1
619,242400,73428,1212,1
620,340924,103289,1212,1
621,405062,122715,1212,1
622,373174,113064,1212,1
623,574208,174029,1212,1
624,378796,114775,1212,1
625,363054,110001,1212,1
626,334846,101452,1212,1
627,379730,115053,1212,1
628,242304,73413,1212,1
629,240086,72725,1212,1
630,257338,77968,1212,1
631,236576,71679,1212,1
632,1810813,549086,1212,1
633,385558,116815,1212,1
634,375976,113912,1212,1
635,386288,117037,1212,1
636,346018,104854,1212,1
637,323422,97998,1212,1
638,239102,72426,1212,1
639,244352,74040,1212,1
640,234722,71110,1212,1
641,238292,72197,1212,1
642,238026,72129,1212,1
643,237182,71865,1212,1
644,262528,79540,1212,1
645,494010,149811,1212,1
646,442570,134195,1212,1
647,401352,121601,1212,1
648,343930,104207,1212,1
649,349956,106041,1212,1
650,582098,221429,1212,1
651,247710,75051,1212,1
652,239902,72684,1212,1
653,243356,73731,1212,1
654,242678,73529,1212,1
655,241434,73151,1212,1
656,240496,72868,1212,1
657,431160,130617,1212,1
658,323138,97915,1212,1
659,449050,136053,1212,1
660,417802,126611,1212,1
661,284772,86282,1212,1
662,320698,97227,1212,1
663,399792,121133,1212,1
664,421648,127746,1212,1
665,396634,120171,1212,1
666,385790,116896,1212,1
667,432820,131208,1212,1
668,669566,203161,1212,1
669,463616,140464,1212,1
670,647428,196244,1212,1
671,295560,89543,1212,1
672,305792,92648,1212,1
673,368840,111763,1212,1
674,444544,134690,1212,1
675,440078,133353,1212,1
676,427180,129438,1212,1
677,426360,129164,1212,1
678,435636,131990,1212,1
679,416846,126320,1212,1
680,448974,136029,1212,1
681,693716,210219,1212,1
682,563426,170701,1212,1
683,630504,191015,1212,1
684,324152,98223,1212,1
685,410750,124466,1212,1
686,365468,110750,1212,1
687,431082,130616,1212,1
688,375670,113819,1212,1
689,540814,163852,1212,1
690,494356,149771,1212,1
691,451824,136900,1212,1
692,487708,147727,1212,1
693,558008,169067,1212,1
694,474326,143713,1212,1
695,505786,153233,1212,1
696,522404,158274,1212,1
697,485036,146949,1212,1
698,470224,142469,1212,1
699,435458,131935,1212,1
700,528242,160050,1212,1
701,331150,100373,1212,1
702,454720,137792,1212,1
703,324590,98341,1212,1
704,305768,92643,1212,1
705,300968,91193,1212,1
706,299788,90810,1212,1
707,305922,92667,1212,1
708,293094,88803,1212,1
709,290744,88097,1212,1
710,286670,86852,1212,1
711,281554,85310,1212,1
712,286992,86933,1212,1
713,284078,86057,1212,1
714,271310,82208,1212,1
715,273394,82814,1212,1
716,276202,83677,1212,1
717,306486,92879,1212,1
718,277556,84074,1212,1
719,266540,80758,1212,1
720,268448,81314,1212,1
721,264918,80262,1212,1
722,269944,81797,1212,1
723,267874,81153,1212,1
724,274728,83245,1212,1
725,264382,80105,1212,1
726,309684,93805,1212,1
727,271402,82238,1212,1
728,266356,80704,1212,1
729,318976,96660,1212,1
730,272758,82640,1212,1
731,269056,81518,1212,1
732,268212,81267,1212,1
733,271356,82219,1212,1
734,265070,80307,1212,1
735,264930,80267,1212,1
736,263506,79836,1212,1
737,262398,79501,1212,1
738,291754,88411,1212,1
739,261994,79380,1212,1
740,262866,79639,1212,1
741,419792,127186,1212,1
742,258980,78468,1212,1
743,266866,80869,1212,1
744,256598,77750,1212,1
745,258060,78196,1212,1
746,251216,76104,1212,1
747,363328,110195,1212,1
748,303362,91932,1212,1
749,263304,79768,1212,1
750,320092,97100,1212,1
751,263104,79709,1212,1
752,258758,78386,1212,1
753,256634,77756,1212,1
754,269154,81566,1212,1
755,336388,101934,1212,1
756,272434,82561,1212,1
757,246290,74607,1212,1
758,250888,76006,1212,1
759,252366,76458,1212,1
760,244410,74034,1212,1
761,244832,74181,1212,1
762,238892,72371,1212,1
763,241624,73192,1212,1
764,244730,74147,1212,1
765,243678,73845,1212,1
766,247502,74989,1212,1
767,244878,74191,1212,1
768,246560,74705,1212,1
769,242750,73545,1212,1
770,241484,73168,1212,1
771,290370,87989,1212,1
772,250874,76005,1212,1
773,295680,89607,1212,1
774,367036,111209,1212,1
775,1289618,391159,1212,1
776,280292,84929,1212,1
777,299154,90659,1212,1
778,276254,83685,1212,1
779,278426,84357,1212,1
780,271804,82341,1212,1
781,277634,84106,1212,1
782,321466,97404,1212,1
783,282834,85692,1212,1
784,406974,123313,1212,1
785,305918,92682,1212,1
786,499618,151424,1212,1
787,508974,154205,1212,1
788,486188,147305,1212,1
789,489270,148237,1212,1
790,410268,124307,1212,1
791,457214,138533,1212,1
792,495958,150291,1212,1
793,500198,152534,1212,1
794,348088,105463,1212,1
795,328958,99692,1212,1
796,312670,94733,1212,1
797,356158,107904,1212,1
798,306286,92794,1212,1
799,311790,94465,1212,1
800,361264,109447,1212,1
801,298904,90562,1212,1
802,340074,103053,1212,1
803,335060,101536,1212,1
804,412934,125116,1212,1
805,462514,140131,1212,1
806,484492,146798,1212,1
807,443008,134221,1212,1
808,345004,104545,1212,1
809,275358,83428,1212,1
810,278022,84232,1212,1
811,276742,83844,1212,1
812,419096,127008,1212,1
813,478530,144971,1212,1
814,337512,102277,1212,1
815,317748,96293,1212,1
816,274726,83219,1212,1
817,271980,82408,1212,1
818,278066,84236,1212,1
819,471622,142885,1212,1
820,346484,104992,1212,1
821,271520,82266,1212,1
822,273200,82763,1212,1
823,276968,83909,1212,1
824,287938,87241,1212,1
825,287312,87051,1212,1
826,285396,86461,1212,1
827,302578,91701,1212,1
828,289348,87654,1212,1
829,286978,86946,1212,1
830,533232,162330,1212,1
831,279900,84806,1212,1
832,425418,128912,1212,1
833,284534,86211,1212,1
834,305354,92536,1212,1
835,292752,88701,1212,1
836,480050,145909,1212,1
837,421824,127809,1212,1
838,372680,112946,1212,1
839,373626,113229,1212,1
840,376362,114175,1212,1
841,397514,120440,1212,1
842,287350,87059,1212,1
843,289100,87588,1212,1
844,363384,110117,1212,1
845,300600,91077,1212,1
846,294008,89077,1212,1
847,513958,155711,1212,1
848,375752,113885,1212,1
849,287128,86992,1212,1
850,285564,86528,1212,1
851,281682,85407,1212,1
852,287816,87298,1212,1
853,288880,87526,1212,1
854,279518,84676,1212,1
855,329464,99821,1212,1
856,282714,85636,1212,1
857,1750426,531045,1212,1
858,287756,87184,1212,1
859,452114,136976,1212,1
860,297066,90002,1212,1
861,294286,89162,1212,1
862,299698,90800,1212,1
863,569089,173775,1212,1
864,437632,132606,1212,1
865,469908,142359,1212,1
866,472340,143106,1212,1
867,459834,139324,1212,1
868,304126,92154,1212,1
869,291714,88362,1212,1
870,291022,88167,1212,1
871,417572,126607,1212,1
872,496970,150573,1212,1
873,300734,91114,1212,1
874,296782,89918,1212,1
875,318534,96504,1212,1
876,300988,91191,1212,1
877,304876,92364,1212,1
878,302704,91708,1212,1
879,313198,94884,1212,1
880,371100,112451,1212,1
881,311718,94436,1212,1
882,311830,94476,1212,1
883,300920,91172,1212,1
884,478312,144916,1212,1
885,302118,91544,1212,1
886,334552,101384,1212,1
887,364762,110535,1212,1
888,372144,112766,1212,1
889,298236,90370,1212,1
890,290490,88011,1212,1
891,290826,88114,1212,1
892,289442,87694,1212,1
893,1609846,487864,1212,1
894,500338,151582,1212,1
895,486560,147399,1212,1
896,486886,147505,1212,1
897,285688,86562,1212,1
898,284020,86034,1212,1
899,303260,91885,1212,1
900,290534,88027,1212,1
901,305128,92467,1212,1
902,273166,82741,1212,1
903,277812,84169,1212,1
904,274848,83278,1212,1
905,276830,83856,1212,1
906,268526,81340,1212,1
907,268750,81428,1212,1
908,269132,81540,1212,1
909,431974,130887,1212,1
910,282540,85617,1212,1
911,325754,98711,1212,1
912,262102,79417,1212,1
913,255510,77413,1212,1
914,292302,88578,1212,1
915,527768,159933,1212,1
916,266542,80756,1212,1
917,258914,78444,1212,1
918,260412,78902,1212,1
919,256118,77593,1212,1
920,260612,78955,1212,1
921,286304,86761,1212,1
922,256882,77827,1212,1
923,255046,77273,1212,1
924,251886,76318,1212,1
925,245108,74262,1212,1
926,242270,73394,1212,1
927,239728,72633,1212,1
928,236754,71713,1212,1
929,256562,77716,1212,1
930,236968,71779,1212,1
931,244048,73955,1212,1
932,237206,71853,1212,1
933,241400,73121,1212,1
934,243268,73706,1212,1
935,239816,72659,1212,1
936,238948,72391,1212,1
937,238164,72156,1212,1
938,239036,72418,1212,1
939,237474,71934,1212,1
940,269268,81561,1212,1
941,247734,75042,1212,1
942,248456,75278,1212,1
943,243660,73824,1212,1
944,278658,84544,1212,1
945,259720,78690,1212,1
946,259366,78581,1212,1
947,262784,79599,1212,1
948,260494,78932,1212,1
949,259914,78753,1212,1
950,297426,90131,1212,1
951,265126,80308,1212,1
952,297452,90099,1212,1
953,294238,89156,1212,1
954,279360,84618,1212,1
955,281018,85123,1212,1
956,275410,83448,1212,1
957,282024,85436,1212,1
958,279362,84633,1212,1
959,282060,85462,1212,1
960,284736,86247,1212,1
961,286000,86648,1212,1
962,279950,84809,1212,1
963,286354,86764,1212,1
964,284218,86120,1212,1
965,280948,85123,1212,1
966,283312,85843,1212,1
967,280602,85014,1212,1
968,295264,89438,1212,1
969,450300,136444,1212,1
970,292702,88684,1212,1
971,289444,87672,1212,1
972,288494,87410,1212,1
973,291804,88390,1212,1
974,296250,89770,1212,1
975,289682,87745,1212,1
976,289102,87593,1212,1
977,299618,90779,1212,1
978,297784,90225,1212,1
979,298454,90432,1212,1
980,298182,90347,1212,1
981,332104,100642,1212,1
982,301560,91347,1212,1
983,297674,90185,1212,1
984,380134,115191,1212,1
985,436092,132152,1212,1
986,311454,94360,1212,1
987,303080,91827,1212,1
988,360170,109138,1212,1
989,292056,88492,1212,1
990,290442,87986,1212,1
991,284042,86056,1212,1
992,410352,124330,1212,1
993,278702,84438,1212,1
994,281364,85243,1212,1
995,273662,82933,1212,1
996,266478,80720,1212,1
997,261818,79315,1212,1
998,254836,77210,1212,1
999,255986,77552,1212,1
1000,246490,74687,1212,1
1001,249972,75726,1212,1
1002,247890,75105,1212,1
1003,265196,80349,1212,1
1004,246132,74569,1212,1
1005,272820,82658,1212,1
1006,336088,101852,1212,1
1007,309772,93850,1212,1
1008,279304,84704,1212,1
1009,276036,83633,1212,1
1010,274360,83119,1212,1
1011,276222,83687,1212,1
1012,274360,83121,1212,1
1013,248908,75419,1212,1
1014,623802,189031,1212,1
1015,415692,125993,1212,1
1016,243022,73633,1212,1
1017,242456,73455,1212,1
1018,249802,75680,1212,1
1019,452570,137126,1212,1
1020,283172,85782,1212,1
1021,236750,71738,1212,1
1022,237652,72006,1212,1
1023,228198,69158,1212,1
1024,213568,64691,1212,1
1025,213712,64744,1212,1
1026,219958,66641,1212,1
1027,212764,64455,1212,1
1028,213776,64764,1212,1
1029,210886,63899,1212,1
1030,231182,70036,1212,1
1031,254736,77163,1212,1
1032,239690,72624,1212,1
1033,236832,71745,1212,1
1034,239998,72716,1212,1
1035,236040,71508,1212,1
1036,251774,76283,1212,1
1037,216150,65486,1212,1
1038,261412,79204,1212,1
1039,247292,74918,1212,1
1040,240930,72999,1212,1
1041,243874,73879,1212,1
1042,244332,74023,1212,1
1043,244210,73996,1212,1
1044,244300,74017,1212,1
1045,243818,73871,1212,1
1046,240682,72920,1212,1
1047,410218,124290,1212,1
1048,244324,74032,1212,1
1049,244260,74003,1212,1
1050,425466,128897,1212,1
1051,240128,72755,1212,1
1052,244840,74180,1212,1
1053,244872,74185,1212,1
1054,241478,73164,1212,1
1055,240436,72842,1212,1
1056,270784,82072,1212,1
1057,260374,78871,1212,1
1058,260544,78929,1212,1
1059,263982,79987,1212,1
1060,417416,126453,1212,1
1061,264688,80188,1212,1
1062,260416,78902,1212,1
1063,292386,88589,1212,1
1064,289922,87829,1212,1
1065,293320,88849,1212,1
1066,292974,88765,1212,1
1067,287830,87201,1212,1
1068,335676,101687,1212,1
1069,289742,87762,1212,1
1070,296480,89832,1212,1
1071,375530,113794,1212,1
1072,416136,126092,1212,1
1073,244886,74201,1212,1
1074,329752,99909,1212,1
1075,332974,100889,1212,1
1076,389956,118158,1212,1
1077,401810,121745,1212,1
1078,360552,109254,1212,1
1079,435202,131859,1212,1
1080,438960,133005,1212,1
1081,383006,116066,1212,1
1082,235186,71257,1212,1
1083,238022,72118,1212,1
1084,233694,70800,1212,1
1085,237468,71947,1212,1
1086,236910,71783,1212,1
1087,237452,71927,1212,1
1088,259528,78648,1212,1
1089,239990,72708,1212,1
1090,243386,73738,1212,1
1091,242292,73404,1212,1
1092,239776,72628,1212,1
1093,234754,71110,1212,1
1094,294692,89283,1212,1
1095,237624,71986,1212,1
1096,349420,106930,1212,1
1097,244998,74247,1212,1
1098,234214,70951,1212,1
1099,234602,71069,1212,1
1100,238392,72227,1212,1
1101,246322,74632,1212,1
1102,240228,72780,1212,1
1103,246662,74737,1212,1
1104,240928,72996,1212,1
1105,241952,73310,1212,1
1106,243896,73896,1212,1
1107,244082,73948,1212,1
1108,243210,73686,1212,1
1109,245846,74480,1212,1
1110,245978,74599,1212,1
1111,244138,73969,1212,1
1112,243750,73853,1212,1
1113,243262,73704,1212,1
1114,238760,72337,1212,1
1115,242830,73569,1212,1
1116,242322,73415,1212,1
1117,313054,94867,1212,1
1118,298322,90383,1212,1
1119,300340,90995,1212,1
1120,300298,90987,1212,1
1121,301570,91370,1212,1
1122,323700,98048,1212,1
1123,315070,95452,1212,1
1124,2402348,728652,1212,1
1125,450050,136357,1212,1
1126,537274,162899,1212,1
1127,446320,135221,1212,1
1128,497774,150821,1212,1
1129,247572,75009,1212,1
1130,225882,68437,1212,1
1131,233704,70806,1212,1
1132,229234,69448,1212,1
1133,225908,68446,1212,1
1134,225862,68429,1212,1
1135,224952,68156,1212,1
1136,226614,68655,1212,1
1137,235592,71382,1212,1
1138,218166,66083,1212,1
1139,289068,87595,1212,1
1140,220250,66731,1212,1
1141,218826,66301,1212,1
1142,215968,65419,1212,1
1143,216454,65579,1212,1
1144,270158,81862,1212,1
1145,222050,67261,1212,1
1146,216414,65560,1212,1
1147,217176,65785,1212,1
1148,277282,86170,1212,1
1149,244768,74163,1212,1
1150,241364,73128,1212,1
1151,606460,183773,1212,1
1152,246658,74728,1212,1
1153,231856,70237,1212,1
1154,246666,74736,1212,1
1155,218964,66339,1212,1
1156,217122,65785,1212,1
1157,220662,66878,1212,1
1158,446472,135236,1212,1
1159,218024,66060,1212,1
1160,463428,140379,1212,1
1161,369492,111949,1212,1
1162,362608,109839,1212,1
1163,364858,110542,1212,1
1164,365302,110684,1212,1
1165,359842,109010,1212,1
1166,368690,111681,1212,1
1167,405066,122752,1212,1
1168,252454,76492,1212,1
1169,254060,76976,1212,1
1170,258284,78237,1212,1
1171,250774,75962,1212,1
1172,257432,78001,1212,1
1173,254940,77241,1212,1
1174,1072070,324949,1212,1
1175,400534,121357,1212,1
1176,396338,120084,1212,1
1177,252994,76675,1212,1
1178,267924,81191,1212,1
1179,219018,66344,1212,1
1180,221604,67123,1212,1
1181,217876,66012,1212,1
1182,215596,65311,1212,1
1183,216636,65621,1212,1
1184,344042,104237,1212,1
1185,291614,88331,1212,1
1186,275298,83413,1212,1
1187,261456,79213,1212,1
1188,264614,80156,1212,1
1189,261686,79283,1212,1
1190,259790,78691,1212,1
1191,261414,79184,1212,1
1192,259502,78632,1212,1
1193,269424,81623,1212,1
1194,271564,82258,1212,1
1195,265704,80503,1212,1
1196,266690,80802,1212,1
1197,977174,296385,1212,1
1198,295366,89539,1212,1
1199,274774,83251,1212,1
1200,306536,92892,1212,1
1201,272392,82525,1212,1
1202,267430,81035,1212,1
1203,292676,88657,1212,1
1204,259232,78530,1212,1
1205,263230,79759,1212,1
1206,266002,80575,1212,1
1207,269516,81661,1212,1
1208,268362,81292,1212,1
1209,268816,81426,1212,1
1210,271740,82311,1212,1
1211,272678,82616,1212,1
1212,279222,84682,1212,1
1213,266548,80747,1212,1
1214,269342,81608,1212,1
1215,264236,80056,1212,1
1216,272464,82530,1212,1
1217,268988,81509,1212,1
1218,276404,83776,1212,1
1219,370302,112198,1212,1
1220,263108,79718,1212,1
1221,261564,79250,1212,1
1222,322862,97863,1212,1
1223,254054,76960,1212,1
1224,255588,77421,1212,1
1225,254836,77194,1212,1
1226,249944,75714,1212,1
1227,244850,74187,1212,1
1228,249134,75466,1212,1
1229,247204,74882,1212,1
1230,277136,83947,1212,1
1231,333850,101157,1212,1
1232,244080,73954,1212,1
1233,241372,73133,1212,1
1234,279534,84706,1212,1
1235,230704,69895,1212,1
1236,232630,70489,1212,1
1237,239946,72701,1212,1
1238,218360,66155,1212,1
1239,233738,70841,1212,1
1240,220912,66918,1212,1
1241,218234,66105,1212,1
1242,221618,67131,1212,1
1243,215416,65272,1212,1
1244,219796,66593,1212,1
1245,217086,65777,1212,1
1246,218286,66128,1212,1
1247,218160,66103,1212,1
1248,217476,65875,1212,1
1249,217190,65804,1212,1
1250,390374,118272,1212,1
1251,389800,118095,1212,1
1252,305610,92589,1212,1
1253,406146,123358,1212,1
1254,318340,96452,1212,1
1255,414610,125646,1212,1
1256,511694,155035,1212,1
1257,236524,71644,1212,1
1258,279424,84666,1212,1
1259,562922,170603,1212,1
1260,221580,67118,1212,1
1261,229612,69551,1212,1
1262,213082,64547,1212,1
1263,215802,65390,1212,1
1264,215474,65269,1212,1
1265,271178,82170,1212,1
1266,277274,84024,1212,1
1267,239364,72505,1212,1
1268,224242,67926,1212,1
1269,228084,69109,1212,1
1270,235562,71368,1212,1
1271,239440,72527,1212,1
1272,251656,76248,1212,1
1273,248578,75313,1212,1
1274,264444,80105,1212,1
1275,231246,70066,1212,1
1276,227802,69020,1212,1
1277,228942,69361,1212,1
1278,221060,66981,1212,1
1279,241078,73058,1212,1
1280,218112,66089,1212,1
1281,215278,65209,1212,1
1282,228946,69370,1212,1
1283,217672,65953,1212,1
1284,221316,67047,1212,1
1285,232066,70387,1212,1
1286,217814,65996,1212,1
1287,263410,79822,1212,1
1288,222450,67399,1212,1
1289,216542,65592,1212,1
1290,223578,67742,1212,1
1291,218152,66096,1212,1
1292,216194,65500,1212,1
1293,215462,65272,1212,1
1294,212824,64489,1212,1
1295,210706,63831,1212,1
1296,235426,71309,1212,1
1297,213498,64685,1212,1
1298,217094,65759,1212,1
1299,216458,65584,1212,1
1300,327046,99124,1212,1
1301,247914,75114,1212,1
1302,257058,77909,1212,1
1303,243672,73827,1212,1
1304,239820,72663,1212,1
1305,244236,74005,1212,1
1306,238588,72295,1212,1
1307,288650,87466,1212,1
1308,241036,73029,1212,1
1309,240720,72934,1212,1
1310,236934,71785,1212,1
1311,238366,72220,1212,1
1312,242128,73369,1212,1
1313,264106,80035,1212,1
1314,304016,92116,1212,1
1315,300706,91113,1212,1
1316,238700,72327,1212,1
1317,314396,95265,1212,1
1318,236308,71599,1212,1
1319,238348,72202,1212,1
1320,292330,88621,1212,1
1321,237484,71937,1212,1
1322,238686,72314,1212,1
1323,235818,71432,1212,1
1324,238710,72330,1212,1
1325,392332,118872,1212,1
1326,294538,89254,1212,1
1327,344126,104266,1212,1
1328,237430,71929,1212,1
1329,236580,71683,1212,1
1330,237040,71819,1212,1
1331,240672,72922,1212,1
1332,240530,72859,1212,1
1333,315882,95723,1212,1
1334,290620,88033,1212,1
1335,278386,84363,1212,1
1336,245450,74368,1212,1
1337,240438,72843,1212,1
1338,243270,73707,1212,1
1339,292718,88698,1212,1
1340,244682,74131,1212,1
1341,375960,113935,1212,1
1342,337978,102405,1212,1
1343,247308,74923,1212,1
1344,243228,73691,1212,1
1345,240598,72901,1212,1
1346,236880,71751,1212,1
1347,253542,76839,1212,1
1348,236280,71585,1212,1
1349,1250380,379146,1212,1
1350,444462,134732,1212,1
1351,369750,112028,1212,1
1352,240182,72777,1212,1
1353,238472,72257,1212,1
1354,237094,71818,1212,1
1355,259796,78730,1212,1
1356,237710,72005,1212,1
1357,237056,71825,1212,1
1358,235524,71360,1212,1
1359,278124,84286,1212,1
1360,318434,96594,1212,1
1361,253878,76940,1212,1
1362,240216,72766,1212,1
1363,239170,72446,1212,1
1364,238020,72114,1212,1
1365,326926,99083,1212,1
1366,239562,72585,1212,1
1367,239132,72440,1212,1
1368,325946,98733,1212,1
1369,289422,87700,1212,1
1370,237830,72043,1212,1
1371,234954,71169,1212,1
1372,248296,75235,1212,1
1373,244362,74020,1212,1
1374,246580,74711,1212,1
1375,242830,73565,1212,1
1376,245802,74478,1212,1
1377,354992,107542,1212,1
1378,326522,98943,1212,1
1379,277438,84063,1212,1
1380,272526,82571,1212,1
1381,338470,102604,1212,1
1382,278416,84331,1212,1
1383,276590,83789,1212,1
1384,312738,94770,1212,1
1385,273854,82973,1212,1
1386,270770,82033,1212,1
1387,265262,80351,1212,1
1388,609678,184703,1212,1
1389,263100,79715,1212,1
1390,293204,88857,1212,1
1391,308492,93470,1212,1
1392,256034,77555,1212,1
1393,257392,77967,1212,1
1394,293642,88983,1212,1
1395,252438,76488,1212,1
1396,246050,74531,1212,1
1397,316972,96046,1212,1
1398,241844,73274,1212,1
1399,331078,100318,1212,1
1400,239180,72465,1212,1
1401,251556,76212,1212,1
1402,250854,76028,1212,1
1403,230872,69933,1212,1
1404,245794,74478,1212,1
1405,223924,67826,1212,1
1406,217464,65894,1212,1
1407,215562,65297,1212,1
1408,216362,65547,1212,1
1409,222890,67532,1212,1
1410,272850,82703,1212,1
1411,218158,66084,1212,1
1412,216030,65438,1212,1
1413,214872,65104,1212,1
1414,236834,71760,1212,1
1415,213442,64660,1212,1
1416,216170,65496,1212,1
1417,220470,66802,1212,1
1418,221776,67193,1212,1
1419,219544,66503,1212,1
1420,214770,65056,1212,1
1421,215832,65378,1212,1
1422,230960,70002,1212,1
1423,224068,67870,1212,1
1424,217220,65816,1212,1
1425,247204,74897,1212,1
1426,238014,72115,1212,1
1427,233694,70797,1212,1
1428,1075069,326091,1212,1
1429,236778,71742,1212,1
1430,239432,72548,1212,1
1431,215438,65258,1212,1
1432,223428,67692,1212,1
1433,212890,64486,1212,1
1434,322480,97726,1212,1
1435,467518,141627,1212,1
1436,411658,124722,1212,1
1437,409552,124086,1212,1
1438,211922,64200,1212,1
1439,212370,64338,1212,1
1440,214640,65029,1212,1
1441,210242,63689,1212,1
1442,213328,64619,1212,1
1443,218622,66260,1212,1
1444,228508,69222,1212,1
1445,211430,64051,1212,1
1446,211800,64157,1212,1
1447,239978,72736,1212,1
1448,239094,72438,1212,1
1449,248130,75177,1212,1
1450,217390,65856,1212,1
1451,223572,67725,1212,1
1452,292338,88580,1212,1
1453,239374,72522,1212,1
1454,236570,71676,1212,1
1455,231638,70168,1212,1
1456,238668,72296,1212,1
1457,231884,70259,1212,1
1458,326564,98951,1212,1
1459,240450,72854,1212,1
1460,267482,81059,1212,1
1461,227462,68916,1212,1
1462,240248,72795,1212,1
1463,244502,74105,1212,1
1464,219194,66411,1212,1
1465,214992,65139,1212,1
1466,214722,65050,1212,1
1467,230944,69972,1212,1
1468,212992,64538,1212,1
1469,216040,65439,1212,1
1470,217646,65941,1212,1
1471,215972,65433,1212,1
1472,219348,66441,1212,1
1473,216706,65658,1212,1
1474,237340,71909,1212,1
1475,216290,65517,1212,1
1476,215186,65180,1212,1
1477,218620,66223,1212,1
1478,215760,65369,1212,1
1479,220622,66840,1212,1
1480,212832,64483,1212,1
1481,238050,72125,1212,1
1482,218856,66304,1212,1
1483,220018,66642,1212,1
1484,226204,68560,1212,1
1485,257714,78064,1212,1
1486,216704,65663,1212,1
1487,238896,72382,1212,1
1488,263496,79859,1212,1
1489,233502,70734,1212,1
1490,413222,125185,1212,1
1491,240352,72823,1212,1
1492,235322,71302,1212,1
1493,244184,73970,1212,1
1494,238262,72188,1212,1
1495,218892,66312,1212,1
1496,277338,84040,1212,1
1497,220404,66772,1212,1
1498,242242,73375,1212,1
1499,266254,80677,1212,1
1500,239252,72490,1212,1
1501,242398,73443,1212,1
1502,218464,66190,1212,1
1503,216344,65544,1212,1
1504,288356,87381,1212,1
1505,219620,66543,1212,1
1506,214984,65120,1212,1
1507,210666,63831,1212,1
1508,239156,72464,1212,1
1509,220164,66703,1212,1
1510,219626,66543,1212,1
1511,216760,65675,1212,1
1512,216186,65503,1212,1
1513,237452,71935,1212,1
1514,237536,71969,1212,1
1515,320822,97212,1212,1
1516,235546,71375,1212,1
1517,236008,71495,1212,1
1518,245544,74375,1212,1
1519,244894,74212,1212,1
1520,236354,71612,1212,1
1521,240692,72933,1212,1
1522,236952,71794,1212,1
1523,235266,71279,1212,1
1524,230590,69873,1212,1
1525,217850,65987,1212,1
1526,256794,77808,1212,1
1527,234708,71111,1212,1
1528,222370,67375,1212,1
1529,218834,66287,1212,1
1530,218698,66261,1212,1
1531,218818,66304,1212,1
1532,236032,71494,1212,1
1533,236792,71743,1212,1
1534,217414,65871,1212,1
1535,217260,65830,1212,1
1536,221012,66967,1212,1
1537,223110,67598,1212,1
1538,219830,66606,1212,1
1539,239056,72429,1212,1
1540,227620,68967,1212,1
1541,216110,65463,1212,1
1542,216044,65447,1212,1
1543,215728,65346,1212,1
1544,277300,84033,1212,1
1545,251628,76254,1212,1
1546,230716,69905,1212,1
1547,244000,73928,1212,1
1548,241620,73211,1212,1
1549,236412,71634,1212,1
1550,261128,79128,1212,1
1551,222182,67310,1212,1
1552,219878,66618,1212,1
1553,220088,66688,1212,1
1554,216064,65448,1212,1
1555,218048,66048,1212,1
1556,219936,66635,1212,1
1557,223854,67820,1212,1
1558,216752,65672,1212,1
1559,240452,72858,1212,1
1560,250684,75966,1212,1
1561,219004,66359,1212,1
1562,216030,65437,1212,1
1563,218382,66164,1212,1
1564,217926,66031,1212,1
1565,219952,66655,1212,1
1566,266968,80866,1212,1
1567,267340,80978,1212,1
1568,270052,81798,1212,1
1569,221826,67209,1212,1
1570,248564,75304,1212,1
1571,224218,67934,1212,1
1572,238698,72319,1212,1
1573,243304,73715,1212,1
1574,243172,73671,1212,1
1575,242906,73592,1212,1
1576,300416,91032,1212,1
1577,219066,66372,1212,1
1578,243860,73867,1212,1
1579,242196,73376,1212,1
1580,226826,68720,1212,1
1581,248804,75393,1212,1
1582,216438,65573,1212,1
1583,239988,72707,1212,1
1584,221522,67126,1212,1
1585,216208,65493,1212,1
1586,521104,157932,1212,1
1587,222092,67273,1212,1
1588,215948,65435,1212,1
1589,221384,67078,1212,1
1590,210214,63694,1212,1
1591,210528,63771,1212,1
1592,210782,63865,1212,1
1593,211804,64163,1212,1
1594,332940,100877,1212,1
1595,464918,141400,1212,1
1596,239802,72636,1212,1
1597,238594,72283,1212,1
1598,237086,71815,1212,1
1599,285364,86475,1212,1
1600,222724,67484,1212,1
1601,221036,66953,1212,1
1602,240108,72751,1212,1
1603,237732,72032,1212,1
1604,239796,72656,1212,1
1605,223558,67735,1212,1
1606,224490,68038,1212,1
1607,216318,65532,1212,1
1608,220390,66756,1212,1
1609,216348,65538,1212,1
1610,239400,72535,1212,1
1611,217132,65772,1212,1
1612,216298,65529,1212,1
1613,219516,66500,1212,1
1614,216458,65584,1212,1
1615,237288,71894,1212,1
1616,241676,73208,1212,1
1617,224258,67944,1212,1
1618,215222,65193,1212,1
1619,216910,65719,1212,1
1620,234604,71082,1212,1
1621,237856,72066,1212,1
1622,217706,65961,1212,1
1623,330280,100160,1212,1
1624,254048,76968,1212,1
1625,245008,74234,1212,1
1626,241566,73185,1212,1
1627,217854,66022,1212,1
1628,210828,63863,1212,1
1629,213982,64824,1212,1
1630,211810,64159,1212,1
1631,247748,75058,1212,1
1632,244158,73972,1212,1
1633,252004,76347,1212,1
1634,239556,72582,1212,1
1635,475464,144041,1212,1
1636,220280,66739,1212,1
1637,239926,72689,1212,1
1638,219394,66474,1212,1
1639,224248,67943,1212,1
1640,259280,78573,1212,1
1641,229036,69394,1212,1
1642,224494,68015,1212,1
1643,238702,72324,1212,1
1644,215192,65184,1212,1
1645,219162,66386,1212,1
1646,219736,66560,1212,1
1647,220404,66798,1212,1
1648,486812,147481,1212,1
1649,479642,145285,1212,1
1650,518370,157059,1212,1
1651,256856,77841,1212,1
1652,238522,72250,1212,1
1653,237042,71801,1212,1
1654,213174,64586,1212,1
1655,238446,72229,1212,1
1656,238892,72361,1212,1
1657,234858,71155,1212,1
1658,216976,65741,1212,1
1659,236776,71732,1212,1
1660,214450,64958,1212,1
1661,212248,64291,1212,1
1662,235214,71267,1212,1
1663,240452,72834,1212,1
1664,236982,71784,1212,1
1665,238922,72391,1212,1
1666,215032,65152,1212,1
1667,223800,67828,1212,1
1668,212920,64503,1212,1
1669,208240,63079,1212,1
1670,211160,63964,1212,1
1671,212224,64301,1212,1
1672,210704,63823,1212,1
1673,212114,64266,1212,1
1674,238756,72342,1212,1
1675,244512,74062,1212,1
1676,262226,79464,1212,1
1677,237608,71992,1212,1
1678,236772,71721,1212,1
1679,236606,71686,1212,1
1680,237332,71894,1212,1
1681,240492,72873,1212,1
1682,238206,72175,1212,1
1683,235936,71466,1212,1
1684,238392,72212,1212,1
1685,238716,72326,1212,1
1686,217620,65939,1212,1
1687,236454,71636,1212,1
1688,326382,98944,1212,1
1689,240696,72926,1212,1
1690,241032,73011,1212,1
1691,324592,98350,1212,1
1692,243336,73726,1212,1
1693,216980,65743,1212,1
1694,220020,66646,1212,1
1695,215944,65412,1212,1
1696,214882,65108,1212,1
1697,218154,66088,1212,1
1698,217722,65973,1212,1
1699,216240,65516,1212,1
1700,218734,66276,1212,1
1701,231322,70091,1212,1
1702,224826,68117,1212,1
1703,427714,129601,1212,1
1704,215734,65355,1212,1
1705,238988,72413,1212,1
1706,217280,65822,1212,1
1707,218860,66292,1212,1
1708,229084,69424,1212,1
1709,219756,66566,1212,1
1710,215218,65210,1212,1
1711,260848,79013,1212,1
1712,216094,65469,1212,1
1713,214670,65044,1212,1
1714,246468,74676,1212,1
1715,246032,74541,1212,1
1716,233350,70693,1212,1
1717,241274,73085,1212,1
1718,264804,80230,1212,1
1719,236050,71503,1212,1
1720,237094,71833,1212,1
1721,236406,71608,1212,1
1722,241088,73046,1212,1
1723,235456,71345,1212,1
1724,240720,72931,1212,1
1725,235750,71421,1212,1
1726,240046,72730,1212,1
1727,306494,92853,1212,1
1728,213344,64622,1212,1
1729,254452,77107,1212,1
1730,222998,67546,1212,1
1731,217252,65812,1212,1
1732,246788,74776,1212,1
1733,220754,66882,1212,1
1734,218644,66230,1212,1
1735,235612,71382,1212,1
1736,211604,64114,1212,1
1737,215396,65262,1212,1
1738,210754,63839,1212,1
1739,214878,65102,1212,1
1740,208978,63306,1212,1
1741,213726,64739,1212,1
1742,216094,65464,1212,1
1743,232996,70576,1212,1
1744,239596,72590,1212,1
1745,220620,66847,1212,1
1746,242902,73593,1212,1
1747,234682,71086,1212,1
1748,239090,72438,1212,1
1749,500192,151599,1212,1
1750,246004,74524,1212,1
1751,238350,72197,1212,1
1752,231038,69990,1212,1
1753,235568,71370,1212,1
1754,226144,68503,1212,1
1755,226830,68710,1212,1
1756,232254,70361,1212,1
1757,229434,69515,1212,1
1758,232602,70472,1212,1
1759,234454,71042,1212,1
1760,250214,75811,1212,1
1761,249444,75573,1212,1
1762,243664,73829,1212,1
1763,243392,73744,1212,1
1764,243666,73824,1212,1
1765,239634,72600,1212,1
1766,250826,75990,1212,1
1767,234896,71167,1212,1
1768,244564,74094,1212,1
1769,245008,74233,1212,1
1770,251080,76096,1212,1
1771,232300,70367,1212,1
1772,237934,72080,1212,1
1773,237310,71900,1212,1
1774,235302,71294,1212,1
1775,239636,72588,1212,1
1776,232112,70322,1212,1
1777,237216,71875,1212,1
1778,239220,72487,1212,1
1779,238168,72150,1212,1
1780,240126,72735,1212,1
1781,234842,71138,1212,1
1782,236528,71646,1212,1
1783,239486,72562,1212,1
1784,282326,85518,1212,1
1785,233476,70723,1212,1
1786,238530,72253,1212,1
1787,240450,72861,1212,1
1788,240924,72989,1212,1
1789,233442,70721,1212,1
1790,341392,103494,1212,1
1791,245666,74435,1212,1
1792,239728,72637,1212,1
1793,245952,74521,1212,1
1794,378882,114800,1212,1
1795,246614,74718,1212,1
1796,246512,74692,1212,1
1797,249034,75451,1212,1
1798,400536,121342,1212,1
1799,354212,107321,1212,1
1800,247268,74916,1212,1
1801,270968,82113,1212,1
1802,238418,72234,1212,1
1803,280546,85078,1212,1
1804,293654,88993,1212,1
1805,275340,83424,1212,1
1806,290752,88082,1212,1
1807,242664,73521,1212,1
1808,217212,65806,1212,1
1809,224592,68038,1212,1
1810,239010,72438,1212,1
1811,282654,85617,1212,1
1812,310198,93963,1212,1
1813,309200,93667,1212,1
1814,309112,93653,1212,1
1815,238492,72263,1212,1
1816,229794,69607,1212,1
1817,326808,99023,1212,1
1818,215536,65304,1212,1
1819,219188,66412,1212,1
1820,219124,66388,1212,1
1821,219536,66511,1212,1
1822,226292,68556,1212,1
1823,261258,79149,1212,1
1824,260860,79050,1212,1
1825,236054,71514,1212,1
1826,246712,74742,1212,1
1827,249798,75682,1212,1
1828,245688,74433,1212,1
1829,249116,75476,1212,1
1830,243390,73738,1212,1
1831,251860,76329,1212,1
1832,241926,73287,1212,1
1833,240294,72805,1212,1
1834,237466,71928,1212,1
1835,253338,76760,1212,1
1836,248394,75261,1212,1
1837,243742,73833,1212,1
1838,245800,74455,1212,1
1839,245576,74386,1212,1
1840,243458,73765,1212,1
1841,244394,74028,1212,1
1842,256438,77676,1212,1
1843,259524,78611,1212,1
1844,265988,80594,1212,1
1845,433560,131355,1212,1
1846,284444,86199,1212,1
1847,272848,82669,1212,1
1848,264372,80100,1212,1
1849,270424,81915,1212,1
1850,304668,92326,1212,1
1851,281542,85379,1212,1
1852,267758,81122,1212,1
1853,361558,109567,1212,1
1854,261212,79149,1212,1
1855,260404,78895,1212,1
1856,260308,78873,1212,1
1857,254446,77074,1212,1
1858,252604,76515,1212,1
1859,259686,78685,1212,1
1860,257060,77875,1212,1
1861,255344,77345,1212,1
1862,252138,76377,1212,1
1863,257894,78138,1212,1
1864,255810,77488,1212,1
1865,254864,77203,1212,1
1866,261262,79138,1212,1
1867,303886,92088,1212,1
1868,259102,78490,1212,1
1869,261716,79278,1212,1
1870,263206,79745,1212,1
1871,263934,79970,1212,1
1872,282234,85543,1212,1
1873,265324,80389,1212,1
1874,270146,81849,1212,1
1875,511906,155109,1212,1
1876,262140,79423,1212,1
1877,278332,84349,1212,1
1878,292838,88720,1212,1
1879,247818,75068,1212,1
1880,268996,81483,1212,1
1881,248228,75196,1212,1
1882,279630,84730,1212,1
1883,243794,73858,1212,1
1884,238362,72212,1212,1
1885,262724,79618,1212,1
1886,239076,72434,1212,1
1887,229666,69576,1212,1
1888,233662,70794,1212,1
1889,231400,70108,1212,1
1890,227722,68976,1212,1
1891,223946,67836,1212,1
1892,253488,76823,1212,1
1893,237276,71894,1212,1
1894,240884,72982,1212,1
1895,305472,92543,1212,1
1896,280342,84955,1212,1
1897,346944,105123,1212,1
1898,240000,72715,1212,1
1899,235014,71205,1212,1
1900,230412,69810,1212,1
1901,230620,69866,1212,1
1902,258106,78216,1212,1
1903,228920,69354,1212,1
1904,252488,76498,1212,1
1905,277938,84205,1212,1
1906,257562,78033,1212,1
1907,260652,78968,1212,1
1908,253410,76775,1212,1
1909,252252,76422,1212,1
1910,254834,77206,1212,1
1911,261746,79305,1212,1
1912,270250,81897,1212,1
1913,264340,80066,1212,1
1914,254750,77184,1212,1
1915,255790,77480,1212,1
1916,252940,76627,1212,1
1917,293312,88889,1212,1
1918,275356,83447,1212,1
1919,258904,78434,1212,1
1920,255100,77290,1212,1
1921,250364,75837,1212,1
1922,262770,79614,1212,1
1923,250816,75994,1212,1
1924,249620,75637,1212,1
1925,247592,75013,1212,1
1926,243190,73666,1212,1
1927,243770,73863,1212,1
1928,239298,72506,1212,1
1929,244174,73963,1212,1
1930,302386,91628,1212,1
1931,242852,73588,1212,1
1932,244472,74054,1212,1
1933,255692,77485,1212,1
1934,247674,75022,1212,1
1935,234110,70915,1212,1
1936,236958,71795,1212,1
1937,239270,72494,1212,1
1938,237862,72058,1212,1
1939,239098,72432,1212,1
1940,241686,73208,1212,1
1941,235620,71392,1212,1
1942,236304,71601,1212,1
1943,236910,71762,1212,1
1944,242110,73339,1212,1
1945,271882,82391,1212,1
1946,246488,74665,1212,1
1947,287590,87162,1212,1
1948,250718,76083,1212,1
1949,270738,82051,1212,1
1950,249780,75771,1212,1
1951,335616,101696,1212,1
1952,537710,162942,1212,1
1953,401712,121743,1212,1
1954,426636,129261,1212,1
1955,470968,142771,1212,1
1956,416304,126276,1212,1
1957,410444,124365,1212,1
1958,249260,75523,1212,1
1959,244802,74154,1212,1
1960,246376,74638,1212,1
1961,252156,76383,1212,1
1962,250286,75835,1212,1
1963,248554,75296,1212,1
1964,250170,75777,1212,1
1965,246152,74563,1212,1
1966,289856,87794,1212,1
1967,277558,84111,1212,1
1968,249522,75598,1212,1
1969,253236,76707,1212,1
1970,324458,98278,1212,1
1971,255386,77367,1212,1
1972,253590,76838,1212,1
1973,255662,77463,1212,1
1974,261784,79343,1212,1
1975,255852,77501,1212,1
1976,255624,77440,1212,1
1977,255646,77438,1212,1
1978,269068,81522,1212,1
1979,251702,76244,1212,1
1980,249210,75497,1212,1
1981,247990,75143,1212,1
1982,248430,75268,1212,1
1983,247580,75017,1212,1
1984,253764,76903,1212,1
1985,249764,75672,1212,1
1986,246982,74813,1212,1
1987,255624,77440,1212,1
1988,252808,76576,1212,1
1989,257688,78076,1212,1
1990,259238,78539,1212,1
1991,265772,80520,1212,1
1992,308090,93360,1212,1
1993,261506,79211,1212,1
1994,271228,82205,1212,1
1995,259798,78718,1212,1
1996,261160,79129,1212,1
1997,252540,76499,1212,1
1998,255462,77399,1212,1
1999,246704,74751,1212,1
2000,252200,76417,1212,1
2001,249654,75625,1212,1
2002,251082,76053,1212,1
2003,241752,73235,1212,1
2004,246578,74705,1212,1
2005,240112,72750,1212,1
2006,240044,72719,1212,1
2007,229934,69668,1212,1
2008,233556,70751,1212,1
2009,232258,70354,1212,1
2010,227874,69049,1212,1
2011,224078,67876,1212,1
2012,237728,72027,1212,1
2013,223172,67605,1212,1
2014,221648,67176,1212,1
2015,217726,65960,1212,1
2016,217764,65962,1212,1
2017,226930,68746,1212,1
2018,233360,70687,1212,1
2019,222642,67458,1212,1
2020,215932,65408,1212,1
2021,217304,65823,1212,1
2022,215028,65135,1212,1
2023,217912,66026,1212,1
2024,216134,65470,1212,1
2025,317802,96278,1212,1
2026,372486,112978,1212,1
2027,239824,72666,1212,1
2028,235590,71364,1212,1
2029,236416,71613,1212,1
2030,240606,72900,1212,1
2031,406094,123032,1212,1
2032,388972,117847,1212,1
2033,346322,104936,1212,1
2034,243730,73838,1212,1
2035,344016,104256,1212,1
2036,244978,74231,1212,1
2037,243552,73781,1212,1
2038,246428,74660,1212,1
2039,212120,64269,1212,1
2040,220504,66812,1212,1
2041,209294,63398,1212,1
2042,209564,63495,1212,1
2043,212220,64301,1212,1
2044,216020,65451,1212,1
2045,223688,67773,1212,1
2046,237404,71923,1212,1
2047,240150,72744,1212,1
2048,245036,74241,1212,1
2049,319406,96794,1212,1
2050,252828,76598,1212,1
2051,246788,74778,1212,1
2052,244596,74106,1212,1
2053,242760,73551,1212,1
2054,242824,73558,1212,1
2055,245682,74454,1212,1
2056,239266,72475,1212,1
2057,237442,71924,1212,1
2058,236232,71557,1212,1
2059,237750,72036,1212,1
2060,235962,71494,1212,1
2061,288564,87723,1212,1
2062,243340,73727,1212,1
2063,353146,107003,1212,1
2064,290814,88237,1212,1
2065,295822,89624,1212,1
2066,292776,88716,1212,1
2067,225242,68245,1212,1
2068,243940,73917,1212,1
2069,371608,112586,1212,1
2070,288870,87532,1212,1
2071,470786,142706,1212,1
2072,318570,96565,1212,1
2073,266756,80806,1212,1
2074,258938,78439,1212,1
2075,292778,88782,1212,1
2076,236810,71736,1212,1
2077,423008,128153,1212,1
2078,246930,74817,1212,1
2079,241310,73111,1212,1
2080,240452,72849,1212,1
2081,240890,72987,1212,1
2082,243746,73846,1212,1
2083,247274,74919,1212,1
2084,256186,77631,1212,1
2085,244784,74162,1212,1
2086,242100,73342,1212,1
2087,246508,74680,1212,1
2088,273078,82755,1212,1
2089,245892,74499,1212,1
2090,240972,73009,1212,1
2091,242750,73546,1212,1
2092,292644,88677,1212,1
2093,245806,74469,1212,1
2094,251424,76173,1212,1
2095,223088,67587,1212,1
2096,245676,74458,1212,1
2097,237546,71970,1212,1
2098,239756,72639,1212,1
2099,233876,70850,1212,1
2100,232750,70503,1212,1
2101,662961,201175,1212,1
2102,243082,73647,1212,1
2103,322638,97753,1212,1
2104,326570,99017,1212,1
2105,243504,73777,1212,1
2106,247044,74854,1212,1
2107,244038,73938,1212,1
2108,239644,72608,1212,1
2109,241118,73056,1212,1
2110,244166,73979,1212,1
2111,344924,104625,1212,1
2112,246326,74628,1212,1
2113,245530,74388,1212,1
2114,244680,74132,1212,1
2115,257694,78078,1212,1
2116,321148,97362,1212,1
2117,266450,80708,1212,1
2118,244572,74082,1212,1
2119,248058,75147,1212,1
2120,244822,74182,1212,1
2121,270292,81891,1212,1
2122,234604,71061,1212,1
2123,239154,72447,1212,1
2124,274292,83127,1212,1
2125,379582,114995,1212,1
2126,241540,73183,1212,1
2127,239904,72673,1212,1
2128,236094,71515,1212,1
2129,236140,71529,1212,1
2130,226760,68707,1212,1
2131,228170,69132,1212,1
2132,225144,68197,1212,1
2133,236972,71782,1212,1
2134,219442,66489,1212,1
2135,217894,66001,1212,1
2136,239254,72480,1212,1
2137,357294,108307,1212,1
2138,247096,74864,1212,1
2139,238112,72141,1212,1
2140,242428,73441,1212,1
2141,266112,80646,1212,1
2142,237202,71853,1212,1
2143,234456,71017,1212,1
2144,235170,71234,1212,1
2145,215254,65219,1212,1
2146,247350,74947,1212,1
2147,249862,75703,1212,1
2148,249202,75502,1212,1
2149,247080,74865,1212,1
2150,243538,73787,1212,1
2151,275594,83516,1212,1
2152,420600,127427,1212,1
2153,572054,174284,1212,1
2154,323716,98084,1212,1
2155,645434,195989,1212,1
2156,379880,115098,1212,1
2157,400738,121442,1212,1
2158,376444,114053,1212,1
2159,436596,132469,1212,1
2160,390294,118373,1212,1
2161,381164,115496,1212,1
2162,344496,104385,1212,1
2163,429682,130183,1212,1
2164,402256,121892,1212,1
2165,430868,130548,1212,1
2166,431088,130647,1212,1
2167,463622,140471,1212,1
2168,374812,113582,1212,1
2169,297906,90254,1212,1
2170,343160,103967,1212,1
2171,335822,101749,1212,1
2172,311840,94481,1212,1
2173,324584,98343,1212,1
2174,326968,99058,1212,1
2175,318692,96552,1212,1
2176,488162,148009,1212,1
2177,381918,115739,1212,1
2178,328118,99418,1212,1
2179,321652,97454,1212,1
2180,356888,108110,1212,1
2181,319478,96797,1212,1
2182,325068,98476,1212,1
2183,543188,164525,1212,1
2184,545638,165332,1212,1
2185,326806,99022,1212,1
2186,317718,96257,1212,1
2187,312176,94587,1212,1
2188,380850,115416,1212,1
2189,470782,142626,1212,1
2190,380730,115371,1212,1
2191,343176,104015,1212,1
2192,300334,91000,1212,1
2193,355850,107830,1212,1
2194,300534,91054,1212,1
2195,287786,87194,1212,1
2196,295764,89632,1212,1
2197,447446,135579,1212,1
2198,284410,86171,1212,1
2199,283332,85827,1212,1
2200,277612,84118,1212,1
2201,277818,84174,1212,1
2202,328004,99400,1212,1
2203,283006,85750,1212,1
2204,288656,87457,1212,1
2205,287040,86954,1212,1
2206,285282,86437,1212,1
2207,283264,85825,1212,1
2208,271326,82206,1212,1
2209,273268,82792,1212,1
2210,547676,166229,1212,1
2211,326156,98987,1212,1
2212,270030,81804,1212,1
2213,414522,125784,1212,1
2214,269490,81654,1212,1
2215,270788,82020,1212,1
2216,272542,82595,1212,1
2217,262772,79618,1212,1
2218,261894,79347,1212,1
2219,260460,78894,1212,1
2220,261330,79180,1212,1
2221,258748,78385,1212,1
2222,264750,80221,1212,1
2223,260992,79056,1212,1
2224,290012,87886,1212,1
2225,397066,120733,1212,1
2226,259962,78763,1212,1
2227,270872,82055,1212,1
2228,260840,79024,1212,1
2229,259940,78740,1212,1
2230,265334,80371,1212,1
2231,263010,79692,1212,1
2232,263998,79987,1212,1
2233,261608,79250,1212,1
2234,260542,78928,1212,1
2235,323022,97882,1212,1
2236,262796,79614,1212,1
2237,392144,118880,1212,1
2238,271800,82329,1212,1
2239,276616,83812,1212,1
2240,475716,144127,1212,1
2241,292208,88552,1212,1
2242,488100,147877,1212,1
2243,409134,123956,1212,1
2244,266770,80826,1212,1
2245,303860,92078,1212,1
2246,266698,80809,1212,1
2247,276158,83691,1212,1
2248,273064,82733,1212,1
2249,277190,83981,1212,1
2250,275790,83559,1212,1
2251,270848,82061,1212,1
2252,276028,83629,1212,1
2253,274950,83308,1212,1
2254,273384,82829,1212,1
2255,283282,85823,1212,1
2256,464628,140769,1212,1
2257,741780,224861,1212,1
2258,282580,85613,1212,1
2259,314346,95241,1212,1
2260,364544,110495,1212,1
2261,452604,137145,1212,1
2262,447302,135547,1212,1
2263,520268,157634,1212,1
2264,283582,85920,1212,1
2265,274212,83080,1212,1
2266,279012,84533,1212,1
2267,296622,89894,1212,1
2268,289658,87759,1212,1
2269,282822,85691,1212,1
2270,454226,137606,1212,1
2271,403666,122307,1212,1
2272,388122,117598,1212,1
2273,283472,85887,1212,1
2274,295428,89532,1212,1
2275,479376,145231,1212,1
2276,421608,127753,1212,1
2277,811122,245866,1212,1
2278,444158,134567,1212,1
2279,503738,152737,1212,1
2280,415430,125864,1212,1
2281,583270,177556,1212,1
2282,286852,86921,1212,1
2283,483778,146572,1212,1
2284,495812,150223,1212,1
2285,481798,145975,1212,1
2286,434002,131496,1212,1
2287,419430,127080,1212,1
2288,418540,126815,1212,1
2289,272384,82527,1212,1
2290,266942,80878,1212,1
2291,267374,81006,1212,1
2292,265936,80574,1212,1
2293,268058,81196,1212,1
2294,262378,79491,1212,1
2295,374012,113321,1212,1
2296,401078,121519,1212,1
2297,483904,147195,1212,1
2298,358942,108751,1212,1
2299,337996,102422,1212,1
2300,391050,118567,1212,1
2301,329696,99900,1212,1
2302,246426,74660,1212,1
2303,345004,104544,1212,1
2304,271830,82376,1212,1
2305,281808,85362,1212,1
2306,324108,98207,1212,1
2307,309946,93910,1212,1
2308,242506,73473,1212,1
2309,311484,94390,1212,1
2310,244194,73985,1212,1
2311,243094,73649,1212,1
2312,240714,72931,1212,1
2313,272344,82530,1212,1
2314,245122,74265,1212,1
2315,243198,73684,1212,1
2316,244296,74029,1212,1
2317,246888,74826,1212,1
2318,289536,87734,1212,1
2319,242674,73527,1212,1
2320,233242,70652,1212,1
2321,1861752,564100,1212,1
2322,320986,97274,1212,1
2323,1698826,514776,1212,1
2324,315676,95644,1212,1
2325,597780,181182,1212,1
2326,399412,121012,1212,1
2327,412476,125068,1212,1
2328,416902,126306,1212,1
2329,413070,125145,1212,1
2330,245082,74254,1212,1
2331,352534,106820,1212,1
2332,288550,87425,1212,1
2333,290358,87968,1212,1
2334,273596,82890,1212,1
2335,274334,83114,1212,1
2336,482104,146058,1212,1
2337,297042,90027,1212,1
2338,357116,108219,1212,1
2339,326536,99024,1212,1
2340,364870,110656,1212,1
2341,405994,123004,1212,1
2342,401982,121794,1212,1
2343,346914,105116,1212,1
2344,365182,110662,1212,1
2345,354990,107557,1212,1
2346,354340,107372,1212,1
2347,625572,190477,1212,1
2348,352676,106858,1212,1
2349,346754,105060,1212,1
2350,459390,139177,1212,1
2351,456162,138204,1212,1
2352,461538,139834,1212,1
2353,460544,139538,1212,1
2354,515176,156208,1212,1
2355,480910,145668,1212,1
2356,358880,108754,1212,1
2357,504000,152722,1212,1
2358,384180,116412,1212,1
2359,394022,119397,1212,1
2360,446186,135194,1212,1
2361,412420,124960,1212,1
2362,422992,128237,1212,1
2363,294560,89248,1212,1
2364,289010,87569,1212,1
2365,310932,94227,1212,1
2366,287744,87172,1212,1
2367,288450,87385,1212,1
2368,284056,86061,1212,1
2369,328370,99505,1212,1
2370,321594,97455,1212,1
2371,286194,86705,1212,1
2372,313756,95079,1212,1
2373,276188,83679,1212,1
2374,283484,85886,1212,1
2375,277984,84214,1212,1
2376,432986,131187,1212,1
2377,441666,133829,1212,1
2378,277038,83938,1212,1
2379,364466,110439,1212,1
2380,388820,117798,1212,1
2381,383192,116094,1212,1
2382,593128,179696,1212,1
2383,362650,109889,1212,1
2384,347138,105193,1212,1
2385,862560,261279,1212,1
2386,282462,85579,1212,1
2387,280118,84865,1212,1
2388,275590,83497,1212,1
2389,272528,82571,1212,1
2390,296006,89702,1212,1
2391,266688,80801,1212,1
2392,269374,81612,1212,1
2393,267096,80921,1212,1
2394,270712,82017,1212,1
2395,262146,79427,1212,1
2396,250414,75871,1212,1
2397,260872,79047,1212,1
2398,254000,76935,1212,1
2399,318466,96627,1212,1
2400,388042,117711,1212,1
2401,341884,103596,1212,1
2402,323058,97890,1212,1
2403,892038,271046,1212,1
2404,329754,99912,1212,1
2405,370148,112148,1212,1
2406,349914,106024,1212,1
2407,369342,111902,1212,1
2408,426751,129999,1212,1
2409,339606,102894,1212,1
2410,376666,114175,1212,1
2411,555120,168443,1212,1
2412,463692,140483,1212,1
2413,395192,119739,1212,1
2414,421244,127629,1212,1
2415,438600,132888,1212,1
2416,304516,92263,1212,1
2417,366514,111093,1212,1
2418,249908,75720,1212,1
2419,253904,76928,1212,1
2420,251600,76228,1212,1
2421,294986,89373,1212,1
2422,247478,74976,1212,1
2423,248074,75159,1212,1
2424,251552,76212,1212,1
2425,366144,110935,1212,1
2426,247002,74835,1212,1
2427,240956,73006,1212,1
2428,244708,74142,1212,1
2429,245056,74243,1212,1
2430,240972,73004,1212,1
2431,256266,77633,1212,1
2432,326952,99066,1212,1
2433,248006,75139,1212,1
2434,235628,71397,1212,1
2435,240218,72781,1212,1
2436,237984,72095,1212,1
2437,237580,71994,1212,1
2438,241260,73093,1212,1
2439,240320,72795,1212,1
2440,249190,75497,1212,1
2441,250884,76017,1212,1
2442,251564,76200,1212,1
2443,248584,75314,1212,1
2444,364398,110406,1212,1
2445,259596,78634,1212,1
2446,256946,77845,1212,1
2447,257190,77920,1212,1
2448,255278,77342,1212,1
2449,261910,79356,1212,1
2450,264612,80175,1212,1
2451,313628,95042,1212,1
2452,277242,83988,1212,1
2453,316870,96011,1212,1
2454,282348,85524,1212,1
2455,294058,89081,1212,1
2456,344162,104385,1212,1
2457,279538,84674,1212,1
2458,299562,90886,1212,1
2459,285126,86393,1212,1
2460,495336,150063,1212,1
2461,280534,84996,1212,1
2462,274858,83273,1212,1
2463,273532,82876,1212,1
2464,269196,81568,1212,1
2465,269850,81748,1212,1
2466,265084,80297,1212,1
2467,270274,81888,1212,1
2468,270298,81889,1212,1
2469,267660,81077,1212,1
2470,272384,82524,1212,1
2471,344302,104341,1212,1
2472,274096,83052,1212,1
2473,276864,83890,1212,1
2474,274382,83113,1212,1
2475,340550,103155,1212,1
2476,277832,84157,1212,1
2477,273230,82782,1212,1
2478,279046,84552,1212,1
2479,276148,83664,1212,1
2480,274534,83164,1212,1
2481,299176,90665,1212,1
2482,276446,83738,1212,1
2483,277816,84159,1212,1
2484,285080,86370,1212,1
2485,278790,84467,1212,1
2486,284250,86127,1212,1
2487,483622,146524,1212,1
2488,279220,84603,1212,1
2489,280786,85066,1212,1
2490,274144,83065,1212,1
2491,275346,83405,1212,1
2492,271272,82192,1212,1
2493,271826,82357,1212,1
2494,263268,79767,1212,1
2495,258004,78171,1212,1
2496,254232,77007,1212,1
2497,255492,77411,1212,1
2498,249474,75597,1212,1
2499,248180,75191,1212,1
2500,248334,75240,1212,1
2501,242200,73382,1212,1
2502,277728,84161,1212,1
2503,245650,74416,1212,1
2504,244964,74200,1212,1
2505,244804,74176,1212,1
2506,241054,73036,1212,1
2507,278428,84372,1212,1
2508,236642,71697,1212,1
2509,240462,72857,1212,1
2510,242546,73482,1212,1
2511,241436,73156,1212,1
2512,243578,73798,1212,1
2513,247574,75010,1212,1
2514,241022,73023,1212,1
2515,241354,73125,1212,1
2516,242000,73320,1212,1
2517,244024,73933,1212,1
2518,246268,74610,1212,1
2519,241878,73290,1212,1
2520,240150,72744,1212,1
2521,236334,71595,1212,1
2522,236076,71511,1212,1
2523,366324,111171,1212,1
2524,240382,72823,1212,1
2525,237132,71849,1212,1
2526,236320,71592,1212,1
2527,238194,72166,1212,1
2528,236122,71546,1212,1
2529,236468,71637,1212,1
2530,233854,70857,1212,1
2531,241236,73074,1212,1
2532,237912,72067,1212,1
2533,234048,70896,1212,1
2534,236920,71787,1212,1
2535,236104,71516,1212,1
2536,233132,70619,1212,1
2537,238386,72223,1212,1
2538,240114,72739,1212,1
2539,239656,72623,1212,1
2540,238372,72205,1212,1
2541,239110,72432,1212,1
2542,341916,104404,1212,1
2543,242228,73386,1212,1
2544,242142,73362,1212,1
2545,247156,74879,1212,1
2546,260588,78973,1212,1
2547,241512,73175,1212,1
2548,245140,74270,1212,1
2549,242050,73333,1212,1
2550,242866,73583,1212,1
2551,239466,72557,1212,1
2552,236848,71751,1212,1
2553,404780,122679,1212,1
2554,396636,120164,1212,1
2555,403802,122338,1212,1
2556,379554,114994,1212,1
2557,404774,122851,1212,1
2558,261888,79398,1212,1
2559,241564,73189,1212,1
2560,258192,78243,1212,1
2561,243090,73649,1212,1
2562,240664,72916,1212,1
2563,245124,74263,1212,1
2564,242642,73514,1212,1
2565,244800,74167,1212,1
2566,238148,72150,1212,1
2567,239268,72483,1212,1
2568,238362,72201,1212,1
2569,240608,72898,1212,1
2570,234302,70989,1212,1
2571,371674,112777,1212,1
2572,378738,114749,1212,1
2573,307702,93429,1212,1
2574,246902,74813,1212,1
2575,318978,96647,1212,1
2576,240452,72852,1212,1
2577,245230,74297,1212,1
2578,239488,72554,1212,1
2579,241230,73084,1212,1
2580,243362,73751,1212,1
2581,236278,71575,1212,1
2582,238880,72359,1212,1
2583,235876,71464,1212,1
2584,234898,71151,1212,1
2585,236668,71705,1212,1
2586,235988,71503,1212,1
2587,236490,71654,1212,1
2588,236280,71571,1212,1
2589,507258,153694,1212,1
2590,238722,72328,1212,1
2591,235932,71467,1212,1
2592,248098,75169,1212,1
2593,280324,84946,1212,1
2594,300058,90902,1212,1
2595,237784,72038,1212,1
2596,242800,73562,1212,1
2597,239538,72566,1212,1
2598,241422,73147,1212,1
2599,240844,72975,1212,1
2600,240356,72938,1212,1
2601,285814,86611,1212,1
2602,241438,73153,1212,1
2603,233372,70708,1212,1
2604,235220,71261,1212,1
2605,234818,71151,1212,1
2606,267338,81021,1212,1
2607,279346,84655,1212,1
2608,241604,73204,1212,1
2609,241378,73133,1212,1
2610,244074,73949,1212,1
2611,242380,73437,1212,1
2612,244548,74093,1212,1
2613,245488,74379,1212,1
2614,243528,73787,1212,1
2615,259370,78644,1212,1
2616,240858,72977,1212,1
2617,243576,73799,1212,1
2618,244808,74174,1212,1
2619,277882,84187,1212,1
2620,239420,72539,1212,1
2621,439104,133057,1212,1
2622,243244,73699,1212,1
2623,244104,73957,1212,1
2624,245484,74375,1212,1
2625,244160,73973,1212,1
2626,246256,74609,1212,1
2627,247808,75085,1212,1
2628,263472,79843,1212,1
2629,262582,79572,1212,1
2630,248828,75386,1212,1
2631,242430,73453,1212,1
2632,244220,73991,1212,1
2633,330892,100261,1212,1
2634,384592,116507,1212,1
2635,247348,74942,1212,1
2636,293612,88981,1212,1
2637,329234,99755,1212,1
2638,238888,72375,1212,1
2639,241970,73313,1212,1
2640,266032,80619,1212,1
2641,376764,114205,1212,1
2642,244852,74182,1212,1
2643,258528,78348,1212,1
2644,281658,85348,1212,1
2645,309550,93911,1212,1
2646,244462,74069,1212,1
2647,415614,125919,1212,1
2648,241844,73272,1212,1
2649,233516,70736,1212,1
2650,274526,83183,1212,1
2651,239318,72512,1212,1
2652,237226,71865,1212,1
2653,237588,71968,1212,1
2654,245032,74243,1212,1
2655,242286,73404,1212,1
2656,244428,74052,1212,1
2657,245706,74439,1212,1
2658,244724,74151,1212,1
2659,246402,74654,1212,1
2660,240026,72721,1212,1
2661,426684,129301,1212,1
2662,406548,123208,1212,1
2663,243800,73863,1212,1
2664,246638,74730,1212,1
2665,241054,73034,1212,1
2666,236668,71712,1212,1
2667,236474,71636,1212,1
2668,249958,75732,1212,1
2669,237842,72062,1212,1
2670,272170,82477,1212,1
2671,236726,71722,1212,1
2672,237292,71902,1212,1
2673,237100,71837,1212,1
2674,238056,72125,1212,1
2675,238102,72139,1212,1
2676,237806,72037,1212,1
2677,237366,71912,1212,1
2678,235098,71221,1212,1
2679,239282,72500,1212,1
2680,238784,72418,1212,1
2681,240366,72830,1212,1
2682,246622,74730,1212,1
2683,233672,70796,1212,1
2684,235194,71260,1212,1
2685,236900,71777,1212,1
2686,239076,72425,1212,1
2687,232202,70339,1212,1
2688,427420,129522,1212,1
2689,242012,73330,1212,1
2690,240892,72968,1212,1
2691,233988,70897,1212,1
2692,238506,72245,1212,1
2693,237350,71917,1212,1
2694,239338,72519,1212,1
2695,253388,76797,1212,1
2696,237664,72012,1212,1
2697,236162,71537,1212,1
2698,239198,72455,1212,1
2699,237834,72041,1212,1
2700,262240,79470,1212,1
2701,236350,71608,1212,1
2702,249552,75631,1212,1
2703,241014,73005,1212,1
2704,270674,82015,1212,1
2705,268550,81353,1212,1
2706,264044,79982,1212,1
2707,292510,88622,1212,1
2708,288126,87299,1212,1
2709,294054,89087,1212,1
2710,296448,89796,1212,1
2711,237360,71915,1212,1
2712,238308,72203,1212,1
2713,238656,72291,1212,1
2714,305268,92543,1212,1
2715,400990,121489,1212,1
2716,239666,72603,1212,1
2717,235136,71232,1212,1
2718,247326,74937,1212,1
2719,244794,74150,1212,1
2720,248396,75260,1212,1
2721,247006,74834,1212,1
2722,270168,81856,1212,1
2723,611706,185404,1212,1
2724,268840,81458,1212,1
2725,265146,80315,1212,1
2726,281028,85145,1212,1
2727,255190,77298,1212,1
2728,304148,92167,1212,1
2729,261066,79097,1212,1
2730,258648,78360,1212,1
2731,257632,78054,1212,1
2732,260478,78923,1212,1
2733,262310,79457,1212,1
2734,257694,78058,1212,1
2735,287732,87291,1212,1
2736,261938,79354,1212,1
2737,258802,78404,1212,1
2738,257646,78054,1212,1
2739,257986,78161,1212,1
2740,255302,77354,1212,1
2741,354122,107301,1212,1
2742,387718,117468,1212,1
2743,371236,112506,1212,1
2744,580986,176031,1212,1
2745,318558,96526,1212,1
2746,596990,181362,1212,1
2747,250954,76038,1212,1
2748,325326,98725,1212,1
2749,258074,78209,1212,1
2750,257986,78151,1212,1
2751,252946,76619,1212,1
2752,339894,103005,1212,1
2753,282524,85617,1212,1
2754,374706,113535,1212,1
2755,415474,125884,1212,1
2756,382073,115850,1212,1
2757,261230,79148,1212,1
2758,292280,88551,1212,1
2759,379282,114930,1212,1
2760,292730,88687,1212,1
2761,389148,117932,1212,1
2762,290568,88038,1212,1
2763,337396,102331,1212,1
2764,284170,86075,1212,1
2765,283774,85978,1212,1
2766,283620,85908,1212,1
2767,449354,136144,1212,1
2768,403370,122221,1212,1
2769,282906,85723,1212,1
2770,286280,86738,1212,1
2771,287556,87118,1212,1
2772,281508,85292,1212,1
2773,281126,85171,1212,1
2774,282420,85557,1212,1
2775,534184,161840,1212,1
2776,275950,83609,1212,1
2777,279672,84714,1212,1
2778,276002,83613,1212,1
2779,276260,83706,1212,1
2780,271546,82256,1212,1
2781,278062,84253,1212,1
2782,270542,81951,1212,1
2783,277624,84125,1212,1
2784,273506,82867,1212,1
2785,276182,83664,1212,1
2786,324650,98381,1212,1
2787,276344,83721,1212,1
2788,277960,84224,1212,1
2789,269234,81567,1212,1
2790,271112,82141,1212,1
2791,269378,81624,1212,1
2792,259750,78700,1212,1
2793,262334,79472,1212,1
2794,260778,79018,1212,1
2795,256158,77590,1212,1
2796,253094,76680,1212,1
2797,253044,76647,1212,1
2798,246856,74791,1212,1
2799,246896,74799,1212,1
2800,249272,75529,1212,1
2801,244740,74151,1212,1
2802,243552,73795,1212,1
2803,242880,73573,1212,1
2804,237726,72032,1212,1
2805,238476,72256,1212,1
2806,238276,72177,1212,1
2807,234820,71126,1212,1
2808,258112,78221,1212,1
2809,344580,104406,1212,1
2810,368674,111701,1212,1
2811,246848,74773,1212,1
2812,246918,74794,1212,1
2813,241800,73245,1212,1
2814,244338,74035,1212,1
2815,244178,73982,1212,1
2816,240788,72943,1212,1
2817,255724,77470,1212,1
2818,255486,77412,1212,1
2819,250686,75951,1212,1
2820,258440,78308,1212,1
2821,253054,76671,1212,1
2822,256378,77680,1212,1
2823,253894,76927,1212,1
2824,284544,86219,1212,1
2825,265542,80436,1212,1
2826,265652,80471,1212,1
2827,272014,82395,1212,1
2828,306400,92809,1212,1
2829,263212,79749,1212,1
2830,259506,78615,1212,1
2831,255644,77456,1212,1
2832,258194,78209,1212,1
2833,253052,76754,1212,1
2834,257472,78014,1212,1
2835,260070,78797,1212,1
2836,249072,75444,1212,1
2837,415968,126515,1212,1
2838,290500,88033,1212,1
2839,249868,75708,1212,1
2840,243160,73658,1212,1
2841,289204,87698,1212,1
2842,254562,77120,1212,1
2843,244368,74043,1212,1
2844,239888,72671,1212,1
2845,248464,75284,1212,1
2846,245280,74306,1212,1
2847,277328,84024,1212,1
2848,249594,75618,1212,1
2849,258382,78285,1212,1
2850,256464,77696,1212,1
2851,259232,78546,1212,1
2852,257244,77925,1212,1
2853,256848,77819,1212,1
2854,252458,76485,1212,1
2855,255340,77359,1212,1
2856,251096,76074,1212,1
2857,245944,74514,1212,1
2858,244292,74019,1212,1
2859,246070,74547,1212,1
2860,243432,73748,1212,1
2861,254776,77173,1212,1
2862,1144926,347729,1212,1
2863,272232,82491,1212,1
2864,243780,73849,1212,1
2865,285336,86462,1212,1
2866,276098,83658,1212,1
2867,273500,82846,1212,1
2868,279736,84733,1212,1
2869,277678,84108,1212,1
2870,244090,73959,1212,1
2871,240864,72982,1212,1
2872,245892,74498,1212,1
2873,244424,74035,1212,1
2874,246250,74602,1212,1
2875,287992,87272,1212,1
2876,255580,77425,1212,1
2877,263410,79800,1212,1
2878,262364,79496,1212,1
2879,260120,78798,1212,1
2880,284586,86201,1212,1
2881,262984,79679,1212,1
2882,261582,79255,1212,1
2883,263226,79751,1212,1
2884,252892,76622,1212,1
2885,264182,80049,1212,1
2886,250624,75928,1212,1
2887,260110,78788,1212,1
2888,258716,78368,1212,1
2889,259756,78698,1212,1
2890,258878,78428,1212,1
2891,265402,80414,1212,1
2892,264638,80187,1212,1
2893,259540,78635,1212,1
2894,253838,76912,1212,1
2895,253750,76862,1212,1
2896,253184,76696,1212,1
2897,252008,76352,1212,1
2898,249482,75572,1212,1
2899,247238,74909,1212,1
2900,244674,74129,1212,1
2901,242416,73446,1212,1
2902,345182,104568,1212,1
2903,360994,109385,1212,1
2904,352276,106704,1212,1
2905,358726,108686,1212,1
2906,367950,111495,1212,1
2907,354566,107422,1212,1
2908,358718,108687,1212,1
2909,348630,105616,1212,1
2910,346746,105043,1212,1
2911,357106,108173,1212,1
2912,264764,80219,1212,1
2913,242600,73498,1212,1
2914,244616,74117,1212,1
2915,244912,74197,1212,1
2916,240262,72803,1212,1
2917,531278,160992,1212,1
2918,515608,156246,1212,1
2919,355654,107730,1212,1
2920,449786,136248,1212,1
2921,235970,71502,1212,1
2922,239428,72540,1212,1
2923,238814,72337,1212,1
2924,237156,71837,1212,1
2925,238578,72285,1212,1
2926,249114,75499,1212,1
2927,236800,71728,1212,1
2928,234952,71170,1212,1
2929,233222,70644,1212,1
2930,237496,71957,1212,1
2931,264966,80262,1212,1
2932,234824,71129,1212,1
2933,349872,106003,1212,1
2934,285974,86647,1212,1
2935,280118,84853,1212,1
2936,586758,177795,1212,1
2937,262688,79583,1212,1
2938,262674,79585,1212,1
2939,260492,78927,1212,1
2940,261820,79320,1212,1
2941,264462,80125,1212,1
2942,259288,78559,1212,1
2943,256234,77629,1212,1
2944,258746,78389,1212,1
2945,261418,79203,1212,1
2946,244444,74086,1212,1
2947,237916,72068,1212,1
2948,237292,71896,1212,1
2949,236294,71583,1212,1
2950,233980,70895,1212,1
2951,232314,70370,1212,1
2952,236884,71771,1212,1
2953,241676,73226,1212,1
2954,237536,71953,1212,1
2955,239476,72556,1212,1
2956,238200,72157,1212,1
2957,235504,71352,1212,1
2958,239152,72454,1212,1
2959,238058,72131,1212,1
2960,239066,72415,1212,1
2961,236232,71573,1212,1
2962,237188,71844,1212,1
2963,703538,213306,1212,1
2964,279052,84565,1212,1
2965,253080,76684,1212,1
2966,263048,79695,1212,1
2967,282830,85720,1212,1
2968,276144,83655,1212,1
2969,279734,84733,1212,1
2970,278592,84388,1212,1
2971,247878,75109,1212,1
2972,243530,73770,1212,1
2973,271288,82191,1212,1
2974,410384,124339,1212,1
2975,239114,72446,1212,1
2976,239088,72438,1212,1
2977,234722,71114,1212,1
2978,247784,75057,1212,1
2979,245538,74384,1212,1
2980,243876,73882,1212,1
2981,242068,73342,1212,1
2982,241842,73257,1212,1
2983,244974,74206,1212,1
2984,242314,73422,1212,1
2985,256960,77855,1212,1
2986,262584,79639,1212,1
2987,433697,131982,1212,1
2988,261102,79106,1212,1
2989,269064,81542,1212,1
2990,252190,76411,1212,1
2991,435858,132057,1212,1
2992,426794,129312,1212,1
2993,465656,141116,1212,1
2994,255098,77291,1212,1
2995,255374,77372,1212,1
2996,249266,75505,1212,1
2997,251548,76195,1212,1
2998,260366,78890,1212,1
2999,253558,76815,1212,1
3000,256126,77606,1212,1
3001,257516,78024,1212,1
3002,256668,77763,1212,1
3003,263514,79831,1212,1
3004,292554,88655,1212,1
3005,260882,79028,1212,1
3006,334242,101286,1212,1
3007,369774,112049,1212,1
3008,278832,84476,1212,1
3009,285888,86617,1212,1
3010,355988,107865,1212,1
3011,418648,126856,1212,1
3012,296744,89910,1212,1
3013,280768,85074,1212,1
3014,276708,83836,1212,1
3015,278360,84319,1212,1
3016,436490,132251,1212,1
3017,311422,94370,1212,1
3018,280586,85009,1212,1
3019,281148,85187,1212,1
3020,282738,85650,1212,1
3021,284876,86292,1212,1
3022,289404,87664,1212,1
3023,294498,89228,1212,1
3024,291014,88159,1212,1
3025,321044,97291,1212,1
3026,295274,89449,1212,1
3027,286702,86851,1212,1
3028,342504,103827,1212,1
3029,297244,90054,1212,1
3030,346552,105016,1212,1
3031,456786,138425,1212,1
3032,480294,145519,1212,1
3033,421728,127783,1212,1
3034,309598,93803,1212,1
3035,305578,92560,1212,1
3036,339124,102744,1212,1
3037,339308,102795,1212,1
3038,339072,102729,1212,1
3039,330356,100093,1212,1
3040,344402,104349,1212,1
3041,341408,103439,1212,1
3042,338668,102609,1212,1
3043,410698,124450,1212,1
3044,338814,102649,1212,1
3045,345212,104585,1212,1
3046,374576,113510,1212,1
3047,337252,102212,1212,1
3048,328308,99460,1212,1
3049,254218,77006,1212,1
3050,426436,129172,1212,1
3051,249984,75747,1212,1
3052,567834,172078,1212,1
3053,419976,127280,1212,1
3054,238878,72376,1212,1
3055,236778,71731,1212,1
3056,319126,96680,1212,1
3057,440434,133422,1212,1
3058,447468,135542,1212,1
3059,247478,74973,1212,1
3060,246850,74794,1212,1
3061,244636,74107,1212,1
3062,242024,73313,1212,1
3063,246582,74691,1212,1
3064,244800,74151,1212,1
3065,249798,75679,1212,1
3066,254140,77000,1212,1
3067,251832,76293,1212,1
3068,561422,170179,1212,1
3069,261864,79332,1212,1
3070,260560,78944,1212,1
3071,259346,78581,1212,1
3072,255154,77291,1212,1
3073,251642,76223,1212,1
3074,246992,74822,1212,1
3075,257914,78151,1212,1
3076,254620,77137,1212,1
3077,253474,76803,1212,1
3078,443434,134359,1212,1
3079,447152,135488,1212,1
3080,269298,81593,1212,1
3081,435168,131983,1212,1
3082,275016,83324,1212,1
3083,268294,81286,1212,1
3084,258332,78272,1212,1
3085,314860,95486,1212,1
3086,265110,80321,1212,1
3087,269392,81617,1212,1
3088,442284,134024,1212,1
3089,267374,80991,1212,1
3090,264462,80135,1212,1
3091,260050,78771,1212,1
3092,340216,103080,1212,1
3093,340540,103178,1212,1
3094,337740,102305,1212,1
3095,258604,78349,1212,1
3096,269788,81735,1212,1
3097,308300,93412,1212,1
3098,366300,111000,1212,1
3099,359682,108983,1212,1
3100,278964,84545,1212,1
3101,265362,80480,1212,1
3102,270858,82065,1212,1
3103,271258,82188,1212,1
3104,267568,81079,1212,1
3105,424018,128461,1212,1
3106,244016,73932,1212,1
3107,239484,72636,1212,1
3108,292798,88739,1212,1
3109,284832,86320,1212,1
3110,246590,74696,1212,1
3111,599636,181665,1212,1
3112,247110,74878,1212,1
3113,286648,86865,1212,1
3114,244652,74122,1212,1
3115,686878,208118,1212,1
3116,261416,79229,1212,1
3117,244376,74051,1212,1
3118,240492,72866,1212,1
3119,268458,81320,1212,1
3120,220236,66727,1212,1
3121,240716,72929,1212,1
3122,290148,87926,1212,1
3123,310996,94201,1212,1
3124,247776,75072,1212,1
3125,328926,99667,1212,1
3126,265660,80505,1212,1
3127,246460,74670,1212,1
3128,245038,74320,1212,1
3129,241004,73025,1212,1
3130,236578,71660,1212,1
3131,242310,73423,1212,1
3132,228492,69213,1212,1
3133,238280,72192,1212,1
3134,237664,71992,1212,1
3135,235300,71369,1212,1
3136,237096,71836,1212,1
3137,223582,67731,1212,1
3138,219350,66443,1212,1
3139,217320,65835,1212,1
3140,248724,75370,1212,1
3141,240412,72823,1212,1
3142,213786,64757,1212,1
3143,212284,64319,1212,1
3144,211830,64166,1212,1
3145,234604,71097,1212,1
3146,236408,71631,1212,1
3147,217284,65833,1212,1
3148,214060,64859,1212,1
3149,219218,66440,1212,1
3150,248462,75271,1212,1
3151,211040,63926,1212,1
3152,213166,64588,1212,1
3153,212276,64299,1212,1
3154,220212,66792,1212,1
3155,280916,85125,1212,1
3156,228354,69183,1212,1
3157,236696,71714,1212,1
3158,221938,67226,1212,1
3159,226936,68756,1212,1
3160,235474,71343,1212,1
3161,219982,66635,1212,1
3162,239170,72447,1212,1
3163,237838,72059,1212,1
3164,219102,66371,1212,1
3165,232654,70472,1212,1
3166,219976,66651,1212,1
3167,219800,66602,1212,1
3168,218966,66332,1212,1
3169,239978,72730,1212,1
3170,232848,70552,1212,1
3171,218952,66323,1212,1
3172,215352,65230,1212,1
3173,255720,77493,1212,1
3174,220004,66642,1212,1
3175,218128,66072,1212,1
3176,246460,74673,1212,1
3177,243758,73849,1212,1
3178,239140,72456,1212,1
3179,240956,73003,1212,1
3180,422552,128048,1212,1
3181,373180,113064,1212,1
3182,371546,112566,1212,1
3183,373874,113277,1212,1
3184,420960,127566,1212,1
3185,553262,167653,1212,1
3186,481600,145896,1212,1
3187,533178,161585,1212,1
3188,481836,145984,1212,1
3189,489312,148285,1212,1
3190,477442,144619,1212,1
3191,466570,141389,1212,1
3192,411910,124798,1212,1
3193,411384,124610,1212,1
3194,439794,133219,1212,1
3195,404338,122509,1212,1
3196,241330,73121,1212,1
3197,215318,65236,1212,1
3198,235926,71479,1212,1
3199,241400,73143,1212,1
3200,214690,65043,1212,1
3201,243936,73907,1212,1
3202,239996,72715,1212,1
3203,218144,66093,1212,1
3204,218626,66236,1212,1
3205,222026,67267,1212,1
3206,230572,69861,1212,1
3207,221320,67052,1212,1
3208,218922,66329,1212,1
3209,243866,73881,1212,1
3210,274890,83304,1212,1
3211,267732,81100,1212,1
3212,238570,72271,1212,1
3213,355562,107713,1212,1
3214,274412,83129,1212,1
3215,239238,72483,1212,1
3216,263306,79792,1212,1
3217,217988,66045,1212,1
3218,220406,66776,1212,1
3219,215660,65336,1212,1
3220,215958,65432,1212,1
3221,358632,108654,1212,1
3222,247572,75011,1212,1
3223,242464,73463,1212,1
3224,669472,202863,1212,1
3225,514328,155833,1212,1
3226,237194,71870,1212,1
3227,233622,70767,1212,1
3228,213760,64760,1212,1
3229,212734,64441,1212,1
3230,223716,67797,1212,1
3231,214090,64850,1212,1
3232,214268,64903,1212,1
3233,212532,64375,1212,1
3234,213188,64578,1212,1
3235,209444,63460,1212,1
3236,240232,72783,1212,1
3237,390526,118325,1212,1
3238,244086,73950,1212,1
3239,216560,65616,1212,1
3240,245092,74272,1212,1
3241,214770,65060,1212,1
3242,236574,71660,1212,1
3243,221420,67074,1212,1
3244,215854,65382,1212,1
3245,415368,125846,1212,1
3246,699698,212006,1212,1
3247,279212,84602,1212,1
3248,277858,84194,1212,1
3249,280184,84917,1212,1
3250,458964,139078,1212,1
3251,267368,80995,1212,1
3252,268306,81296,1212,1
3253,269450,81635,1212,1
3254,268478,81338,1212,1
3255,265416,80417,1212,1
3256,264532,80129,1212,1
3257,272252,82489,1212,1
3258,270852,82044,1212,1
3259,268394,81317,1212,1
3260,362142,109698,1212,1
3261,411740,124758,1212,1
3262,413482,125275,1212,1
3263,415096,125766,1212,1
3264,558550,169241,1212,1
3265,323366,97976,1212,1
3266,325050,98497,1212,1
3267,249690,75649,1212,1
3268,242450,73462,1212,1
3269,287360,87078,1212,1
3270,248056,75152,1212,1
3271,258266,78266,1212,1
3272,241512,73173,1212,1
3273,240722,72935,1212,1
3274,243392,73739,1212,1
3275,242952,73613,1212,1
3276,244534,74087,1212,1
3277,237932,72088,1212,1
3278,236730,71725,1212,1
3279,237442,71949,1212,1
3280,234904,71164,1212,1
3281,240308,72808,1212,1
3282,237720,72018,1212,1
3283,237824,72061,1212,1
3284,233488,70735,1212,1
3285,236236,71577,1212,1
3286,257906,78152,1212,1
3287,211684,64129,1212,1
3288,221830,67199,1212,1
3289,232198,70336,1212,1
3290,236680,71693,1212,1
3291,245504,74408,1212,1
3292,318424,96484,1212,1
3293,241234,73079,1212,1
3294,243108,73637,1212,1
3295,237212,71872,1212,1
3296,236300,71591,1212,1
3297,216166,65477,1212,1
3298,214404,64966,1212,1
3299,212426,64346,1212,1
3300,217510,65893,1212,1
3301,214754,65052,1212,1
3302,240354,72826,1212,1
3303,214130,64863,1212,1
3304,217580,65914,1212,1
3305,237038,71823,1212,1
3306,224134,67890,1212,1
3307,236516,71663,1212,1
3308,224758,68100,1212,1
3309,216642,65625,1212,1
3310,215448,65261,1212,1
3311,254634,77168,1212,1
3312,218376,66162,1212,1
3313,223018,67567,1212,1
3314,220826,66895,1212,1
3315,221828,67209,1212,1
3316,225516,68324,1212,1
3317,248536,75298,1212,1
3318,239840,72666,1212,1
3319,259926,78772,1212,1
3320,234908,71154,1212,1
3321,229282,69474,1212,1
3322,237582,71990,1212,1
3323,244184,73976,1212,1
3324,297580,90137,1212,1
3325,223606,67734,1212,1
3326,217374,65863,1212,1
3327,271642,82283,1212,1
3328,217156,65780,1212,1
3329,224986,68166,1212,1
3330,215746,65375,1212,1
3331,219694,66562,1212,1
3332,250716,75985,1212,1
3333,214044,64834,1212,1
3334,217436,65863,1212,1
3335,218820,66283,1212,1
3336,217394,65851,1212,1
3337,215066,65163,1212,1
3338,217154,65779,1212,1
3339,211224,63997,1212,1
3340,212798,64465,1212,1
3341,245398,74357,1212,1
3342,213342,64621,1212,1
3343,213906,64793,1212,1
3344,258482,78338,1212,1
3345,237846,72065,1212,1
3346,222266,67339,1212,1
3347,224038,67869,1212,1
3348,366604,111095,1212,1
3349,588300,178243,1212,1
3350,247864,75092,1212,1
3351,246602,74708,1212,1
3352,262854,79870,1212,1
3353,214460,64968,1212,1
3354,212926,64498,1212,1
3355,239540,72580,1212,1
3356,212014,64220,1212,1
3357,216302,65521,1212,1
3358,236220,71557,1212,1
3359,222354,67357,1212,1
3360,240926,72996,1212,1
3361,235882,71451,1212,1
3362,237260,71892,1212,1
3363,214760,65066,1212,1
3364,211274,64014,1212,1
3365,236418,71631,1212,1
3366,230680,69881,1212,1
3367,209980,63689,1212,1
3368,212550,64388,1212,1
3369,210230,63681,1212,1
3370,209958,63613,1212,1
3371,211908,64202,1212,1
3372,210522,63783,1212,1
3373,590472,178925,1212,1
3374,710104,215095,1212,1
3375,236978,71791,1212,1
3376,1047546,317363,1212,1
3377,346948,105130,1212,1
3378,257974,78157,1212,1
3379,243454,73764,1212,1
3380,242288,73409,1212,1
3381,280532,85008,1212,1
3382,237582,71963,1212,1
3383,237826,72040,1212,1
3384,272292,82519,1212,1
3385,239052,72431,1212,1
3386,235074,71226,1212,1
3387,237788,72041,1212,1
3388,238670,72315,1212,1
3389,235382,71319,1212,1
3390,236184,71616,1212,1
3391,253590,76830,1212,1
3392,237498,71940,1212,1
3393,307396,93222,1212,1
3394,241356,73132,1212,1
3395,240884,72980,1212,1
3396,244798,74162,1212,1
3397,264824,80235,1212,1
3398,265574,80462,1212,1
3399,356830,108681,1212,1
3400,323790,98146,1212,1
3401,469036,142119,1212,1
3402,418556,126811,1212,1
3403,442618,134099,1212,1
3404,539152,163719,1212,1
3405,412940,125197,1212,1
3406,274848,83274,1212,1
3407,276782,83853,1212,1
3408,271276,82193,1212,1
3409,275580,83494,1212,1
3410,276056,83639,1212,1
3411,276502,83769,1212,1
3412,310996,94215,1212,1
3413,249954,75754,1212,1
3414,236208,71566,1212,1
3415,234222,70955,1212,1
3416,239914,72679,1212,1
3417,234932,71178,1212,1
3418,574970,174210,1212,1
3419,238504,72253,1212,1
3420,329254,99758,1212,1
3421,306648,92919,1212,1
3422,242552,73488,1212,1
3423,241736,73242,1212,1
3424,245828,74482,1212,1
3425,246556,74691,1212,1
3426,349722,105960,1212,1
3427,247374,74945,1212,1
3428,243944,74019,1212,1
3429,501320,151873,1212,1
3430,317742,96295,1212,1
3431,259874,78743,1212,1
3432,268116,81343,1212,1
3433,259856,78729,1212,1
3434,271422,82253,1212,1
3435,238618,72301,1212,1
3436,244332,74027,1212,1
3437,247246,74911,1212,1
3438,239610,72600,1212,1
3439,386084,116961,1212,1
3440,235830,71458,1212,1
3441,411470,127189,1212,1
3442,910504,275781,1212,1
3443,240652,72915,1212,1
3444,242638,73515,1212,1
3445,242614,73502,1212,1
3446,244216,73994,1212,1
3447,243260,73705,1212,1
3448,242246,73394,1212,1
3449,296310,89763,1212,1
3450,246058,74549,1212,1
3451,321740,97471,1212,1
3452,240544,72883,1212,1
3453,242534,73480,1212,1
3454,249982,75763,1212,1
3455,254892,77211,1212,1
3456,379930,115081,1212,1
3457,245074,74257,1212,1
3458,244182,73979,1212,1
3459,236878,71767,1212,1
3460,242752,73549,1212,1
3461,401980,121784,1212,1
3462,525910,159332,1212,1
3463,405816,122955,1212,1
3464,427980,129657,1212,1
3465,429226,130082,1212,1
3466,446042,135148,1212,1
3467,404412,122519,1212,1
3468,334136,101249,1212,1
3469,245354,74338,1212,1
3470,242408,73442,1212,1
3471,395804,119922,1212,1
3472,238970,72409,1212,1
3473,238872,72377,1212,1
3474,245496,74406,1212,1
3475,236198,71557,1212,1
3476,285596,86564,1212,1
3477,234900,71162,1212,1
3478,239470,72537,1212,1
3479,235852,71441,1212,1
3480,281624,85342,1212,1
3481,236564,71672,1212,1
3482,403610,122292,1212,1
3483,263798,79948,1212,1
3484,245008,74236,1212,1
3485,247424,74955,1212,1
3486,242054,73336,1212,1
3487,285632,86532,1212,1
3488,239390,72661,1212,1
3489,243268,73701,1212,1
3490,246246,74597,1212,1
3491,242692,73528,1212,1
3492,370254,112185,1212,1
3493,241754,73248,1212,1
3494,255748,77578,1212,1
3495,364582,110461,1212,1
3496,258260,78254,1212,1
3497,240776,72948,1212,1
3498,245812,74470,1212,1
3499,240954,73003,1212,1
3500,242656,73518,1212,1
3501,241844,73271,1212,1
3502,239672,72630,1212,1
3503,237264,71881,1212,1
3504,234648,71077,1212,1
3505,279952,84834,1212,1
3506,240256,72784,1212,1
3507,234744,71114,1212,1
3508,348188,105478,1212,1
3509,356386,107983,1212,1
3510,325338,98543,1212,1
3511,239016,72421,1212,1
3512,288610,87434,1212,1
3513,266724,80796,1212,1
3514,255550,77446,1212,1
3515,244278,74038,1212,1
3516,235106,71216,1212,1
3517,236196,71553,1212,1
3518,239452,72551,1212,1
3519,237416,71937,1212,1
3520,234356,70996,1212,1
3521,238826,72344,1212,1
3522,413412,125247,1212,1
3523,416242,126108,1212,1
3524,621886,188388,1212,1
3525,320540,97132,1212,1
3526,241812,73269,1212,1
3527,242930,73599,1212,1
3528,242444,73464,1212,1
3529,241502,73169,1212,1
3530,231452,70120,1212,1
3531,224082,67888,1212,1
3532,241034,73023,1212,1
3533,223308,67657,1212,1
3534,334170,101251,1212,1
3535,251864,76324,1212,1
3536,236080,71530,1212,1
3537,237524,71964,1212,1
3538,237606,71979,1212,1
3539,236918,71774,1212,1
3540,238618,72373,1212,1
3541,237928,72090,1212,1
3542,272166,82475,1212,1
3543,237876,72062,1212,1
3544,237540,71952,1212,1
3545,237080,71814,1212,1
3546,240628,72909,1212,1
3547,294764,89310,1212,1
3548,239516,72555,1212,1
3549,238246,72173,1212,1
3550,240188,72775,1212,1
3551,239624,72599,1212,1
3552,234964,71188,1212,1
3553,234344,71004,1212,1
3554,239324,72510,1212,1
3555,236792,71748,1212,1
3556,238540,72279,1212,1
3557,216334,65530,1212,1
3558,257418,77976,1212,1
3559,239040,72415,1212,1
3560,245298,74324,1212,1
3561,240748,72939,1212,1
3562,241748,73227,1212,1
3563,239858,72673,1212,1
3564,237418,71924,1212,1
3565,2315388,702109,1212,1
3566,308140,93370,1212,1
3567,244366,74036,1212,1
3568,240616,72901,1212,1
3569,242312,73415,1212,1
3570,246028,74537,1212,1
3571,246068,74551,1212,1
3572,254862,77219,1212,1
3573,242628,73517,1212,1
3574,236754,71722,1212,1
3575,239564,72567,1212,1
3576,247866,75125,1212,1
3577,239308,72487,1212,1
3578,238876,72364,1212,1
3579,233378,70692,1212,1
3580,278242,84316,1212,1
3581,235050,71197,1212,1
3582,240380,72897,1212,1
3583,238804,72354,1212,1
3584,236648,71683,1212,1
3585,236334,71587,1212,1
3586,236520,71664,1212,1
3587,240774,72953,1212,1
3588,281118,85172,1212,1
3589,238436,72243,1212,1
3590,240780,72953,1212,1
3591,240936,73003,1212,1
3592,239822,72674,1212,1
3593,231058,70005,1212,1
3594,239742,72633,1212,1
3595,238162,72157,1212,1
3596,362386,109825,1212,1
3597,244934,74210,1212,1
3598,243708,73837,1212,1
3599,384902,116613,1212,1
3600,321110,97306,1212,1
3601,239408,72545,1212,1
3602,259726,78713,1212,1
3603,234880,71165,1212,1
3604,527688,159872,1212,1
3605,331810,100631,1212,1
3606,246636,74728,1212,1
3607,243290,73721,1212,1
3608,241490,73167,1212,1
3609,245894,74501,1212,1
3610,335190,101560,1212,1
3611,241410,73141,1212,1
3612,239204,72476,1212,1
3613,394826,119589,1212,1
3614,412242,124937,1212,1
3615,396800,120218,1212,1
3616,291122,88201,1212,1
3617,253062,76697,1212,1
3618,240676,72917,1212,1
3619,242502,73473,1212,1
3620,281624,85339,1212,1
3621,247224,74901,1212,1
3622,311722,94449,1212,1
3623,317214,96128,1212,1
3624,242734,73542,1212,1
3625,245218,74303,1212,1
3626,242442,73451,1212,1
3627,243600,73809,1212,1
3628,243420,73752,1212,1
3629,720008,218950,1212,1
3630,369916,112086,1212,1
3631,239990,72715,1212,1
3632,244104,73953,1212,1
3633,242268,73408,1212,1
3634,388112,117582,1212,1
3635,355228,107645,1212,1
3636,410014,124223,1212,1
3637,386524,117185,1212,1
3638,421660,127827,1212,1
3639,243018,73633,1212,1
3640,515024,156014,1212,1
3641,571262,173019,1212,1
3642,572706,173489,1212,1
3643,616844,186995,1212,1
3644,405646,122891,1212,1
3645,416632,126233,1212,1
3646,960276,291157,1212,1
3647,312154,94589,1212,1
3648,259756,78697,1212,1
3649,268306,81291,1212,1
3650,495686,150196,1212,1
3651,281932,85419,1212,1
3652,277306,84015,1212,1
3653,274396,83137,1212,1
3654,292094,88520,1212,1
3655,496772,150497,1212,1
3656,400888,121475,1212,1
3657,273922,83046,1212,1
3658,267972,81189,1212,1
3659,369704,112053,1212,1
3660,372226,112779,1212,1
3661,403088,122204,1212,1
3662,403538,122270,1212,1
3663,271560,82279,1212,1
3664,279528,84691,1212,1
3665,273614,82898,1212,1
3666,347216,105175,1212,1
3667,275324,83422,1212,1
3668,276832,83873,1212,1
3669,265144,80340,1212,1
3670,261844,79324,1212,1
3671,264074,79990,1212,1
3672,265524,80428,1212,1
3673,295176,89450,1212,1
3674,258558,78336,1212,1
3675,257796,78094,1212,1
3676,261040,79094,1212,1
3677,301882,91490,1212,1
3678,260246,78831,1212,1
3679,262650,79560,1212,1
3680,261330,79167,1212,1
3681,265790,80538,1212,1
3682,258484,78313,1212,1
3683,258792,78398,1212,1
3684,303864,92062,1212,1
3685,450432,136467,1212,1
3686,272698,82623,1212,1
3687,269918,81780,1212,1
3688,270738,82034,1212,1
3689,265338,80399,1212,1
3690,264258,80068,1212,1
3691,266672,80795,1212,1
3692,269126,81544,1212,1
3693,274072,83031,1212,1
3694,273838,82962,1212,1
3695,269618,81686,1212,1
3696,271984,82406,1212,1
3697,271028,82130,1212,1
3698,268238,81262,1212,1
3699,268496,81329,1212,1
3700,269004,81504,1212,1
3701,269262,81592,1212,1
3702,300328,91011,1212,1
3703,266046,80587,1212,1
3704,267334,80979,1212,1
3705,267644,81088,1212,1
3706,254418,77084,1212,1
3707,257306,77956,1212,1
3708,259838,78729,1212,1
3709,255944,77526,1212,1
3710,257586,78026,1212,1
3711,252250,76409,1212,1
3712,285230,86436,1212,1
3713,442726,134134,1212,1
3714,441094,133601,1212,1
3715,444050,134533,1212,1
3716,418666,126815,1212,1
3717,424232,128499,1212,1
3718,246634,74763,1212,1
3719,238040,72122,1212,1
3720,239282,72487,1212,1
3721,238038,72120,1212,1
3722,237478,71957,1212,1
3723,282552,85587,1212,1
3724,246934,74799,1212,1
3725,238626,72300,1212,1
3726,239578,72570,1212,1
3727,240034,72728,1212,1
3728,236172,71547,1212,1
3729,234434,71035,1212,1
3730,236252,71572,1212,1
3731,236580,71676,1212,1
3732,236802,71735,1212,1
3733,238122,72137,1212,1
3734,243264,73708,1212,1
3735,237612,71994,1212,1
3736,240278,72784,1212,1
3737,232786,70530,1212,1
3738,303864,92091,1212,1
3739,280996,85153,1212,1
3740,270098,81856,1212,1
3741,254726,77159,1212,1
3742,246062,74551,1212,1
3743,240930,72987,1212,1
3744,242822,73571,1212,1
3745,243968,73905,1212,1
3746,234890,71168,1212,1
3747,238700,72328,1212,1
3748,238292,72188,1212,1
3749,278524,84401,1212,1
3750,238274,72181,1212,1
3751,272054,82441,1212,1
3752,238944,72384,1212,1
3753,234626,71078,1212,1
3754,235284,71287,1212,1
3755,256830,77796,1212,1
3756,260112,78811,1212,1
3757,275630,83508,1212,1
3758,277194,83973,1212,1
3759,321454,97422,1212,1
3760,282218,85499,1212,1
3761,284032,86043,1212,1
3762,282588,85623,1212,1
3763,283514,85899,1212,1
3764,285992,86646,1212,1
3765,323950,98171,1212,1
3766,289922,87848,1212,1
3767,292576,88626,1212,1
3768,293568,88926,1212,1
3769,287046,86950,1212,1
3770,331000,100307,1212,1
3771,384924,116637,1212,1
3772,412138,124875,1212,1
3773,295240,89455,1212,1
3774,401176,121553,1212,1
3775,510812,155470,1212,1
3776,298550,90457,1212,1
3777,362992,109974,1212,1
3778,302198,91549,1212,1
3779,317548,96241,1212,1
3780,301890,91445,1212,1
3781,292298,88561,1212,1
3782,288882,87505,1212,1
3783,331404,100427,1212,1
3784,292248,88542,1212,1
3785,285356,86462,1212,1
3786,282668,85643,1212,1
3787,361766,109611,1212,1
3788,365154,110628,1212,1
3789,367194,111259,1212,1
3790,363116,110018,1212,1
3791,362938,109946,1212,1
3792,269156,81554,1212,1
3793,270124,81847,1212,1
3794,547678,165961,1212,1
3795,368062,111499,1212,1
3796,264580,80168,1212,1
3797,262858,79632,1212,1
3798,264614,80167,1212,1
3799,258368,78306,1212,1
3800,246084,74542,1212,1
3801,250610,75911,1212,1
3802,245062,74229,1212,1
3803,281180,85207,1212,1
3804,240996,73019,1212,1
3805,234436,71026,1212,1
3806,234504,71042,1212,1
3807,237742,72029,1212,1
3808,237768,72029,1212,1
3809,239188,72459,1212,1
3810,235376,71320,1212,1
3811,237118,71833,1212,1
3812,237704,72025,1212,1
3813,239192,72466,1212,1
3814,233710,70801,1212,1
3815,242672,73529,1212,1
3816,239916,72698,1212,1
3817,236452,71642,1212,1
3818,234074,70905,1212,1
3819,245502,74413,1212,1
3820,236964,71785,1212,1
3821,240080,72727,1212,1
3822,386922,117254,1212,1
3823,395730,119874,1212,1
3824,238014,72113,1212,1
3825,236944,71775,1212,1
3826,238454,72231,1212,1
3827,238834,72362,1212,1
3828,237342,71901,1212,1
3829,240118,72733,1212,1
3830,240464,72859,1212,1
3831,235992,71499,1212,1
3832,237278,71887,1212,1
3833,236962,71794,1212,1
3834,239680,72601,1212,1
3835,237674,71993,1212,1
3836,236824,71743,1212,1
3837,236870,71770,1212,1
3838,238560,72274,1212,1
3839,234054,70905,1212,1
3840,235744,71436,1212,1
3841,325388,98616,1212,1
3842,239166,72466,1212,1
3843,241190,73077,1212,1
3844,238902,72382,1212,1
3845,238552,72283,1212,1
3846,240454,72836,1212,1
3847,428176,129724,1212,1
3848,235088,71228,1212,1
3849,236330,71605,1212,1
3850,259242,78635,1212,1
3851,426386,129185,1212,1
3852,239094,72441,1212,1
3853,235018,71200,1212,1
3854,239432,72533,1212,1
3855,240132,72756,1212,1
3856,236654,71698,1212,1
3857,235570,71358,1212,1
3858,238080,72136,1212,1
3859,233178,70648,1212,1
3860,251252,76251,1212,1
3861,243998,73908,1212,1
3862,242728,73547,1212,1
3863,244554,74078,1212,1
3864,242658,73523,1212,1
3865,246596,74711,1212,1
3866,244512,74085,1212,1
3867,244872,74191,1212,1
3868,278774,84481,1212,1
3869,349408,105874,1212,1
3870,242884,73597,1212,1
3871,287918,87213,1212,1
3872,293060,88793,1212,1
3873,290046,87867,1212,1
3874,291106,88200,1212,1
3875,288194,87298,1212,1
3876,320492,97136,1212,1
3877,289422,87681,1212,1
3878,240774,72954,1212,1
3879,239036,72421,1212,1
3880,237264,71869,1212,1
3881,253322,76755,1212,1
3882,244700,74122,1212,1
3883,245330,74337,1212,1
3884,261070,79101,1212,1
3885,261480,79211,1212,1
3886,259208,78521,1212,1
3887,265692,80501,1212,1
3888,284596,86226,1212,1
3889,285024,86349,1212,1
3890,280398,84954,1212,1
3891,280534,85003,1212,1
3892,273102,82726,1212,1
3893,273104,82742,1212,1
3894,266108,80624,1212,1
3895,268604,81379,1212,1
3896,263642,79860,1212,1
3897,291516,88332,1212,1
3898,271870,82359,1212,1
3899,263764,79895,1212,1
3900,260076,78779,1212,1
3901,268686,81435,1212,1
3902,256956,77833,1212,1
3903,259178,78506,1212,1
3904,292230,88556,1212,1
3905,259096,78481,1212,1
3906,250462,75864,1212,1
3907,247858,75080,1212,1
3908,244332,74010,1212,1
3909,248172,75200,1212,1
3910,233088,70611,1212,1
3911,239796,72653,1212,1
3912,239480,72540,1212,1
3913,238708,72307,1212,1
3914,234536,71062,1212,1
3915,294872,89353,1212,1
3916,239590,72573,1212,1
3917,278406,84715,1212,1
3918,234888,71162,1212,1
3919,384098,116385,1212,1
3920,235646,71398,1212,1
3921,242280,73412,1212,1
3922,237094,71818,1212,1
3923,238054,72126,1212,1
3924,238054,72125,1212,1
3925,234860,71161,1212,1
3926,237818,72053,1212,1
3927,236180,71555,1212,1
3928,231924,70268,1212,1
3929,279262,84628,1212,1
3930,239670,72597,1212,1
3931,242676,73529,1212,1
3932,270270,81902,1212,1
3933,239264,72474,1212,1
3934,278956,84496,1212,1
3935,236630,71678,1212,1
3936,236614,71690,1212,1
3937,238298,72195,1212,1
3938,249574,75694,1212,1
3939,617046,186998,1212,1
3940,257586,78048,1212,1
3941,259466,78610,1212,1
3942,262620,79606,1212,1
3943,296472,89840,1212,1
3944,253904,76908,1212,1
3945,385474,116804,1212,1
3946,319464,96791,1212,1
3947,323500,98014,1212,1
3948,318452,96472,1212,1
3949,319242,96711,1212,1
3950,413826,125406,1212,1
3951,356546,108000,1212,1
3952,275310,83423,1212,1
3953,277064,83925,1212,1
3954,280674,85035,1212,1
3955,272686,82600,1212,1
3956,277870,84168,1212,1
3957,277776,84161,1212,1
3958,330446,100123,1212,1
3959,246846,74787,1212,1
3960,222880,67523,1212,1
3961,223800,67806,1212,1
3962,233674,70803,1212,1
3963,216474,65585,1212,1
3964,251722,76266,1212,1
3965,254408,77065,1212,1
3966,231326,70088,1212,1
3967,238558,72276,1212,1
3968,239546,72577,1212,1
3969,231104,70012,1212,1
3970,266844,80840,1212,1
3971,231652,70183,1212,1
3972,230212,69737,1212,1
3973,235690,71408,1212,1
3974,259932,78744,1212,1
3975,263410,79808,1212,1
3976,264872,80250,1212,1
3977,263578,79856,1212,1
3978,248100,75175,1212,1
3979,250640,75922,1212,1
3980,277012,83947,1212,1
3981,254306,77051,1212,1
3982,261778,79341,1212,1
3983,253000,76634,1212,1
3984,267680,81086,1212,1
3985,248642,75333,1212,1
3986,269352,81625,1212,1
3987,248770,75369,1212,1
3988,276730,83862,1212,1
3989,246142,74575,1212,1
3990,311934,94529,1212,1
3991,257162,77911,1212,1
3992,406800,123258,1212,1
3993,398466,120702,1212,1
3994,284284,86152,1212,1
3995,253788,76880,1212,1
3996,477688,144751,1212,1
3997,401516,121653,1212,1
3998,389370,117975,1212,1
3999,395464,119819,1212,1
4000,396190,120042,1212,1
4001,391478,118613,1212,1
4002,404668,122634,1212,1
4003,534952,162122,1212,1
4004,481268,145835,1212,1
4005,476784,144435,1212,1
4006,385560,116818,1212,1
4007,380540,115290,1212,1
4008,424310,128590,1212,1
4009,410934,124493,1212,1
4010,242798,73561,1212,1
4011,243106,73657,1212,1
4012,245596,74413,1212,1
4013,243630,73818,1212,1
4014,241590,73185,1212,1
4015,248574,75308,1212,1
4016,245562,74405,1212,1
4017,247532,74996,1212,1
4018,244802,74172,1212,1
4019,436856,132331,1212,1
4020,246912,74812,1212,1
4021,321320,97328,1212,1
4022,261110,79112,1212,1
4023,314492,95304,1212,1
4024,274292,83105,1212,1
4025,273624,82901,1212,1
4026,280074,84854,1212,1
4027,288020,87261,1212,1
4028,306444,92858,1212,1
4029,351058,106379,1212,1
4030,287308,87053,1212,1
4031,288608,87439,1212,1
4032,284784,86283,1212,1
4033,280984,85128,1212,1
4034,281208,85198,1212,1
4035,277266,83999,1212,1
4036,270982,82110,1212,1
4037,265780,80509,1212,1
4038,309900,93907,1212,1
4039,261972,79354,1212,1
4040,260616,78955,1212,1
4041,261714,79295,1212,1
4042,252726,76577,1212,1
4043,265454,80454,1212,1
4044,259494,78605,1212,1
4045,244728,74132,1212,1
4046,247340,74926,1212,1
4047,301776,91444,1212,1
4048,238558,72268,1212,1
4049,244118,73970,1212,1
4050,240508,72853,1212,1
4051,236982,71801,1212,1
4052,237480,71948,1212,1
4053,240392,72817,1212,1
4054,238174,72165,1212,1
4055,285038,86425,1212,1
4056,235092,71219,1212,1
4057,236000,71493,1212,1
4058,298122,90301,1212,1
4059,237934,72090,1212,1
4060,241530,73185,1212,1
4061,236664,71688,1212,1
4062,239284,72494,1212,1
4063,236932,71769,1212,1
4064,248442,75305,1212,1
4065,215162,65189,1212,1
4066,208536,63181,1212,1
4067,210520,63781,1212,1
4068,219264,66435,1212,1
4069,222228,67330,1212,1
4070,238228,72182,1212,1
4071,222234,67338,1212,1
4072,238530,72274,1212,1
4073,233806,70822,1212,1
4074,237402,71935,1212,1
4075,238976,72409,1212,1
4076,236650,71704,1212,1
4077,239544,72579,1212,1
4078,234040,70895,1212,1
4079,233022,70587,1212,1
4080,236876,71753,1212,1
4081,237062,71808,1212,1
4082,234090,70926,1212,1
4083,238412,72224,1212,1
4084,525728,159346,1212,1
4085,236972,71781,1212,1
4086,236100,71518,1212,1
4087,237064,71805,1212,1
4088,238488,72261,1212,1
4089,241242,73088,1212,1
4090,238372,72205,1212,1
4091,232630,70467,1212,1
4092,244188,73984,1212,1
4093,242400,73432,1212,1
4094,245764,74464,1212,1
4095,239376,72508,1212,1
4096,239250,72483,1212,1
4097,294802,89329,1212,1
4098,238724,72311,1212,1
4099,236124,71543,1212,1
4100,237434,71940,1212,1
4101,236414,71627,1212,1
4102,242250,73395,1212,1
4103,237400,71924,1212,1
4104,247818,75111,1212,1
4105,235886,71454,1212,1
4106,239322,72493,1212,1
4107,236280,71579,1212,1
4108,239580,72590,1212,1
4109,238290,72180,1212,1
4110,235878,71452,1212,1
4111,234146,70925,1212,1
4112,261726,79315,1212,1
4113,238018,72123,1212,1
4114,261042,79078,1212,1
4115,242680,73535,1212,1
4116,239242,72468,1212,1
4117,392272,118946,1212,1
4118,265544,80452,1212,1
4119,237550,71962,1212,1
4120,238874,72356,1212,1
4121,234990,71191,1212,1
4122,271816,82377,1212,1
4123,245138,74279,1212,1
4124,243942,73912,1212,1
4125,519008,157269,1212,1
4126,695912,210956,1212,1
4127,240858,72981,1212,1
4128,235300,71275,1212,1
4129,239664,72595,1212,1
4130,239948,72698,1212,1
4131,234976,71190,1212,1
4132,238912,72377,1212,1
4133,242850,73581,1212,1
4134,461760,139934,1212,1
4135,395422,119779,1212,1
4136,390792,118373,1212,1
4137,388674,117733,1212,1
4138,446444,135293,1212,1
4139,476540,144358,1212,1
4140,393398,119193,1212,1
4141,238646,72304,1212,1
4142,236884,71778,1212,1
4143,247006,74979,1212,1
4144,446570,135294,1212,1
4145,373856,113283,1212,1
4146,638882,193639,1212,1
4147,402004,121801,1212,1
4148,242946,73608,1212,1
4149,246374,74648,1212,1
4150,269886,81789,1212,1
4151,244928,74207,1212,1
4152,241692,73234,1212,1
4153,238478,72254,1212,1
4154,236290,71592,1212,1
4155,236918,71783,1212,1
4156,234290,70983,1212,1
4157,247948,75122,1212,1
4158,248558,75300,1212,1
4159,331304,100393,1212,1
4160,274952,83294,1212,1
4161,277150,83972,1212,1
4162,277524,84071,1212,1
4163,272442,82548,1212,1
4164,269846,81746,1212,1
4165,287676,87183,1212,1
4166,276212,83689,1212,1
4167,268344,81285,1212,1
4168,263982,79988,1212,1
4169,485480,147176,1212,1
4170,506972,153587,1212,1
4171,289062,87580,1212,1
4172,289854,87818,1212,1
4173,327942,99382,1212,1
4174,286444,86767,1212,1
4175,282528,85578,1212,1
4176,273322,82815,1212,1
4177,275682,83516,1212,1
4178,279318,84619,1212,1
4179,263296,79774,1212,1
4180,270124,81824,1212,1
4181,269162,81548,1212,1
4182,270848,82061,1212,1
4183,270630,81994,1212,1
4184,266086,80600,1212,1
4185,267162,80934,1212,1
4186,271378,82231,1212,1
4187,268162,81231,1212,1
4188,273090,82732,1212,1
4189,266880,80837,1212,1
4190,267914,81174,1212,1
4191,267986,81196,1212,1
4192,267298,80965,1212,1
4193,293636,88950,1212,1
4194,267822,81146,1212,1
4195,267418,81020,1212,1
4196,274334,83126,1212,1
4197,277962,84215,1212,1
4198,275200,83380,1212,1
4199,270938,82089,1212,1
4200,276652,83817,1212,1
4201,272626,82595,1212,1
4202,272702,82621,1212,1
4203,268186,81257,1212,1
4204,270304,81893,1212,1
4205,260932,79056,1212,1
4206,295214,89486,1212,1
4207,269068,81540,1212,1
4208,253592,76834,1212,1
4209,248234,75215,1212,1
4210,247724,75059,1212,1
4211,247346,74940,1212,1
4212,247186,74891,1212,1
4213,244090,73950,1212,1
4214,249946,75732,1212,1
4215,345242,104611,1212,1
4216,250936,76033,1212,1
4217,250884,76014,1212,1
4218,383928,116323,1212,1
4219,407878,123576,1212,1
4220,233384,70694,1212,1
4221,238112,72126,1212,1
4222,238936,72394,1212,1
4223,292946,88796,1212,1
4224,432686,131112,1212,1
4225,348162,105462,1212,1
4226,355814,107819,1212,1
4227,272646,82589,1212,1
4228,276686,83835,1212,1
4229,275772,83560,1212,1
4230,272752,82620,1212,1
4231,276148,83647,1212,1
4232,274698,83209,1212,1
4233,278156,84276,1212,1
4234,278326,84308,1212,1
4235,239298,72504,1212,1
4236,236658,71703,1212,1
4237,264824,80253,1212,1
4238,237010,71813,1212,1
4239,235060,71203,1212,1
4240,234920,71159,1212,1
4241,241480,73161,1212,1
4242,300748,91131,1212,1
4243,240880,72971,1212,1
4244,236602,71687,1212,1
4245,239046,72415,1212,1
4246,331118,100333,1212,1
4247,246470,74699,1212,1
4248,236990,71804,1212,1
4249,274572,83188,1212,1
4250,279572,84771,1212,1
4251,234068,70920,1212,1
4252,239268,72486,1212,1
4253,239124,72447,1212,1
4254,237706,72018,1212,1
4255,276402,83762,1212,1
4256,235608,71374,1212,1
4257,234740,71106,1212,1
4258,266044,80622,1212,1
4259,241374,73136,1212,1
4260,240726,72934,1212,1
4261,239750,72621,1212,1
4262,268274,81298,1212,1
4263,235494,71346,1212,1
4264,235604,71374,1212,1
4265,234472,71024,1212,1
4266,238904,72367,1212,1
4267,245654,74439,1212,1
4268,234866,71159,1212,1
4269,241472,73162,1212,1
4270,238902,72370,1212,1
4271,230774,69916,1212,1
4272,267422,81040,1212,1
4273,236304,71588,1212,1
4274,237846,72043,1212,1
4275,236184,71565,1212,1
4276,237266,71886,1212,1
4277,233526,70751,1212,1
4278,237042,71820,1212,1
4279,286988,86984,1212,1
4280,240010,72717,1212,1
4281,244592,74108,1212,1
4282,235934,71468,1212,1
4283,238968,72401,1212,1
4284,240568,72888,1212,1
4285,237426,71937,1212,1
4286,241558,73278,1212,1
4287,243596,73811,1212,1
4288,397246,120341,1212,1
4289,394108,119414,1212,1
4290,445714,135068,1212,1
4291,398382,120706,1212,1
4292,388306,117648,1212,1
4293,438448,132868,1212,1
4294,237318,71898,1212,1
4295,238676,72308,1212,1
4296,344946,104511,1212,1
4297,348942,105705,1212,1
4298,237226,71879,1212,1
4299,237406,71919,1212,1
4300,237984,72102,1212,1
4301,233272,70677,1212,1
4302,239688,72625,1212,1
4303,282436,85586,1212,1
4304,231538,70140,1212,1
4305,238066,72132,1212,1
4306,237052,71816,1212,1
4307,483206,146398,1212,1
4308,350614,106266,1212,1
4309,547686,165907,1212,1
4310,328398,99512,1212,1
4311,338854,102734,1212,1
4312,338368,102520,1212,1
4313,340522,103176,1212,1
4314,341000,103345,1212,1
4315,329528,100151,1212,1
4316,273784,82972,1212,1
4317,252966,76650,1212,1
4318,282418,85566,1212,1
4319,319962,97048,1212,1
4320,236072,71514,1212,1
4321,236070,71579,1212,1
4322,366406,111010,1212,1
4323,434756,131787,1212,1
4324,236826,71758,1212,1
4325,284336,86153,1212,1
4326,237020,71816,1212,1
4327,235560,71361,1212,1
4328,263616,79888,1212,1
4329,245802,74470,1212,1
4330,294410,89223,1212,1
4331,257636,78058,1212,1
4332,256952,77872,1212,1
4333,241314,73112,1212,1
4334,426964,129368,1212,1
4335,504082,152991,1212,1
4336,237480,71961,1212,1
4337,237896,72081,1212,1
4338,234296,70989,1212,1
4339,238966,72483,1212,1
4340,238620,72288,1212,1
4341,289632,87733,1212,1
4342,238998,72396,1212,1
4343,269124,81554,1212,1
4344,234226,70967,1212,1
4345,240250,72794,1212,1
4346,234406,71027,1212,1
4347,237104,71822,1212,1
4348,248134,75202,1212,1
4349,237072,71829,1212,1
4350,236384,71602,1212,1
4351,235790,71420,1212,1
4352,274682,83238,1212,1
4353,236662,71687,1212,1
4354,239222,72480,1212,1
4355,233848,70841,1212,1
4356,238926,72372,1212,1
4357,411086,124545,1212,1
4358,308690,93538,1212,1
4359,329420,99819,1212,1
4360,237774,72023,1212,1
4361,243610,73790,1212,1
4362,308868,93561,1212,1
4363,235320,71296,1212,1
4364,238092,72140,1212,1
4365,245216,74295,1212,1
4366,267828,81243,1212,1
4367,275454,83472,1212,1
4368,493282,149509,1212,1
4369,248686,75413,1212,1
4370,247566,74995,1212,1
4371,333418,101028,1212,1
4372,374748,113543,1212,1
4373,468130,141826,1212,1
4374,242360,73412,1212,1
4375,242976,73614,1212,1
4376,275656,83530,1212,1
4377,280856,85112,1212,1
4378,243460,73761,1212,1
4379,243838,73876,1212,1
4380,281294,85240,1212,1
4381,239570,72580,1212,1
4382,238634,72300,1212,1
4383,244038,73925,1212,1
4384,662732,200995,1212,1
4385,259026,78495,1212,1
4386,282450,85584,1212,1
4387,440860,133550,1212,1
4388,411534,124713,1212,1
4389,360854,109636,1212,1
4390,365410,110710,1212,1
4391,439420,133122,1212,1
4392,262232,79445,1212,1
4393,279190,84604,1212,1
4394,404578,122575,1212,1
4395,498804,151136,1212,1
4396,397914,120566,1212,1
4397,356436,108000,1212,1
4398,346650,105045,1212,1
4399,361088,109412,1212,1
4400,283572,85912,1212,1
4401,286654,86848,1212,1
4402,342544,103934,1212,1
4403,459888,139339,1212,1
4404,464618,140767,1212,1
4405,449282,136126,1212,1
4406,439364,133119,1212,1
4407,448774,135980,1212,1
4408,492944,149381,1212,1
4409,415380,125863,1212,1
4410,485844,147197,1212,1
4411,295292,89470,1212,1
4412,286874,86913,1212,1
4413,286340,86771,1212,1
4414,283588,85919,1212,1
4415,284704,86255,1212,1
4416,282248,85514,1212,1
4417,283360,85857,1212,1
4418,389784,118226,1212,1
4419,437938,132683,1212,1
4420,480298,145522,1212,1
4421,680368,206600,1212,1
4422,293824,89038,1212,1
4423,327398,99212,1212,1
4424,293494,88926,1212,1
4425,298110,90314,1212,1
4426,300170,90942,1212,1
4427,298170,90343,1212,1
4428,334724,101461,1212,1
4429,298548,90459,1212,1
4430,298366,90395,1212,1
4431,326886,99051,1212,1
4432,305160,92458,1212,1
4433,365274,110685,1212,1
4434,295712,89598,1212,1
4435,330894,100282,1212,1
4436,412398,124952,1212,1
4437,465152,140974,1212,1
4438,495036,149977,1212,1
4439,309136,93659,1212,1
4440,375412,113756,1212,1
4441,301294,91292,1212,1
4442,302054,91495,1212,1
4443,302072,91524,1212,1
4444,305320,92501,1212,1
4445,359282,108875,1212,1
4446,335010,101520,1212,1
4447,520436,157672,1212,1
4448,534354,161912,1212,1
4449,522404,158267,1212,1
4450,468332,141907,1212,1
4451,306464,92853,1212,1
4452,308234,93392,1212,1
4453,320506,97206,1212,1
4454,440568,133702,1212,1
4455,437584,133126,1212,1
4456,389746,118072,1212,1
4457,302230,91572,1212,1
4458,297074,90009,1212,1
4459,298038,90396,1212,1
4460,388006,117581,1212,1
4461,299670,90873,1212,1
4462,291546,88334,1212,1
4463,328952,99683,1212,1
4464,294686,89276,1212,1
4465,290334,88103,1212,1
4466,289396,87683,1212,1
4467,345766,104737,1212,1
4468,291962,88549,1212,1
4469,280434,84964,1212,1
4470,291040,88160,1212,1
4471,273340,82816,1212,1
4472,396650,120188,1212,1
4473,499824,151427,1212,1
4474,298520,90466,1212,1
4475,520860,157798,1212,1
4476,567612,171950,1212,1
4477,444632,134731,1212,1
4478,444734,134706,1212,1
4479,273000,82712,1212,1
4480,352768,106897,1212,1
4481,262656,79578,1212,1
4482,261208,79140,1212,1
4483,264002,79988,1212,1
4484,296406,89821,1212,1
4485,260780,79002,1212,1
4486,258034,78172,1212,1
4487,264256,80060,1212,1
4488,265464,80445,1212,1
4489,256992,77865,1212,1
4490,251308,76122,1212,1
4491,262732,79699,1212,1
4492,254424,77074,1212,1
4493,251670,76230,1212,1
4494,247190,74883,1212,1
4495,240884,72983,1212,1
4496,243368,73735,1212,1
4497,243164,73801,1212,1
4498,247618,75022,1212,1
4499,239086,72436,1212,1
4500,235440,71319,1212,1
4501,241570,73195,1212,1
4502,253468,76786,1212,1
4503,246416,74657,1212,1
4504,345690,104745,1212,1
4505,251872,76316,1212,1
4506,250948,76032,1212,1
4507,253678,76859,1212,1
4508,428215,130211,1212,1
4509,245522,74388,1212,1
4510,243326,73715,1212,1
4511,238750,72337,1212,1
4512,235240,71264,1212,1
4513,235988,71484,1212,1
4514,240572,72881,1212,1
4515,234268,70977,1212,1
4516,288100,87303,1212,1
4517,237204,71848,1212,1
4518,246096,74559,1212,1
4519,242162,73363,1212,1
4520,243826,73879,1212,1
4521,243880,73969,1212,1
4522,584618,177092,1212,1
4523,241156,73070,1212,1
4524,252668,76631,1212,1
4525,246098,74566,1212,1
4526,282668,85656,1212,1
4527,313894,95112,1212,1
4528,245408,74348,1212,1
4529,255368,77374,1212,1
4530,313348,94951,1212,1
4531,242726,73546,1212,1
4532,241000,73019,1212,1
4533,248744,75360,1212,1
4534,243194,73678,1212,1
4535,244364,74035,1212,1
4536,269448,81652,1212,1
4537,244422,74057,1212,1
4538,236582,71682,1212,1
4539,236612,71685,1212,1
4540,237688,71998,1212,1
4541,238098,72123,1212,1
4542,237674,72010,1212,1
4543,266800,80850,1212,1
4544,240506,72870,1212,1
4545,237302,71896,1212,1
4546,244406,74047,1212,1
4547,290798,88119,1212,1
4548,239258,72487,1212,1
4549,243562,73798,1212,1
4550,238534,72278,1212,1
4551,238218,72157,1212,1
4552,240584,72876,1212,1
4553,275378,83450,1212,1
4554,236368,71617,1212,1
4555,236050,71507,1212,1
4556,237284,71874,1212,1
4557,243462,73767,1212,1
4558,274654,83240,1212,1
4559,237980,72106,1212,1
4560,238248,72173,1212,1
4561,337014,102110,1212,1
4562,300038,90927,1212,1
4563,237526,71964,1212,1
4564,238714,72309,1212,1
4565,235074,71222,1212,1
4566,240606,72904,1212,1
4567,236922,71786,1212,1
4568,237276,71880,1212,1
4569,233108,70618,1212,1
4570,251908,76351,1212,1
4571,513890,155661,1212,1
4572,240672,72902,1212,1
4573,232236,70356,1212,1
4574,239922,72694,1212,1
4575,233056,70615,1212,1
4576,238408,72232,1212,1
4577,288994,87572,1212,1
4578,240586,72881,1212,1
4579,236410,71625,1212,1
4580,234352,70995,1212,1
4581,238602,72275,1212,1
4582,237494,71952,1212,1
4583,239692,72631,1212,1
4584,418562,126806,1212,1
4585,237366,71918,1212,1
4586,238024,72104,1212,1
4587,265922,80586,1212,1
4588,240580,72874,1212,1
4589,240240,72785,1212,1
4590,242032,73427,1212,1
4591,259496,78608,1212,1
4592,233340,70699,1212,1
4593,243976,73920,1212,1
4594,242018,73326,1212,1
4595,1341198,408065,1212,1
4596,271676,82332,1212,1
4597,245046,74244,1212,1
4598,244776,74159,1212,1
4599,244324,74021,1212,1
4600,238412,72229,1212,1
4601,237590,71977,1212,1
4602,238562,72274,1212,1
4603,239874,72678,1212,1
4604,288760,87501,1212,1
4605,240168,72765,1212,1
4606,239590,72592,1212,1
4607,232362,70401,1212,1
4608,242502,73452,1212,1
4609,238728,72314,1212,1
4610,238848,72349,1212,1
4611,246766,74787,1212,1
4612,235342,71294,1212,1
4613,235790,71424,1212,1
4614,238206,72171,1212,1
4615,467586,141668,1212,1
4616,408434,123739,1212,1
4617,246814,74779,1212,1
4618,241510,73176,1212,1
4619,372872,112989,1212,1
4620,447520,135583,1212,1
4621,375886,113886,1212,1
4622,410370,124331,1212,1
4623,409996,124224,1212,1
4624,391352,118565,1212,1
4625,322364,97691,1212,1
4626,242130,73360,1212,1
4627,248392,75260,1212,1
4628,248044,75148,1212,1
4629,239578,72584,1212,1
4630,245218,74293,1212,1
4631,248178,75205,1212,1
4632,246874,74781,1212,1
4633,247908,75090,1212,1
4634,391228,118548,1212,1
4635,371936,112691,1212,1
4636,242680,73520,1212,1
4637,243750,73849,1212,1
4638,243208,73684,1212,1
4639,246326,74630,1212,1
4640,267310,81012,1212,1
4641,236708,71711,1212,1
4642,239564,72567,1212,1
4643,235376,71299,1212,1
4644,318508,96491,1212,1
4645,238042,72215,1212,1
4646,236384,71611,1212,1
4647,249666,75645,1212,1
4648,260586,78945,1212,1
4649,267886,81168,1212,1
4650,284834,86322,1212,1
4651,300104,90962,1212,1
4652,284510,86182,1212,1
4653,320580,97130,1212,1
4654,644422,195424,1212,1
4655,362050,109705,1212,1
4656,284554,86194,1212,1
4657,313088,94876,1212,1
4658,281146,85181,1212,1
4659,375035,114303,1212,1
4660,278288,84311,1212,1
4661,270588,81981,1212,1
4662,268702,81406,1212,1
4663,296496,89851,1212,1
4664,268390,81315,1212,1
4665,267368,81003,1212,1
4666,272042,82423,1212,1
4667,271328,82212,1212,1
4668,269984,81796,1212,1
4669,268142,81243,1212,1
4670,267266,80975,1212,1
4671,259548,78646,1212,1
4672,259162,78508,1212,1
4673,284422,86198,1212,1
4674,297138,90033,1212,1
4675,252420,76471,1212,1
4676,274254,83105,1212,1
4677,241104,73050,1212,1
4678,241728,73240,1212,1
4679,242022,73309,1212,1
4680,290800,88113,1212,1
4681,238040,72123,1212,1
4682,494368,150248,1212,1
4683,292804,88725,1212,1
4684,235918,71478,1212,1
4685,238174,72151,1212,1
4686,240844,72950,1212,1
4687,236268,71585,1212,1
4688,237528,71961,1212,1
4689,235146,71245,1212,1
4690,238236,72188,1212,1
4691,235630,71390,1212,1
4692,238692,72330,1212,1
4693,238958,72387,1212,1
4694,234958,71169,1212,1
4695,238172,72152,1212,1
4696,237510,71944,1212,1
4697,238102,72136,1212,1
4698,238298,72197,1212,1
4699,238716,72320,1212,1
4700,237558,71958,1212,1
4701,235676,71388,1212,1
4702,518834,157218,1212,1
4703,246492,74686,1212,1
4704,242838,73576,1212,1
4705,254752,77182,1212,1
4706,250042,75749,1212,1
4707,245554,74393,1212,1
4708,247012,74839,1212,1
4709,242876,73586,1212,1
4710,245452,74362,1212,1
4711,242252,73396,1212,1
4712,234832,71151,1212,1
4713,240594,72879,1212,1
4714,235414,71309,1212,1
4715,239476,72559,1212,1
4716,267538,81057,1212,1
4717,240028,72709,1212,1
4718,234964,71173,1212,1
4719,278754,84471,1212,1
4720,271906,82377,1212,1
4721,268272,81282,1212,1
4722,284456,86183,1212,1
4723,278668,84432,1212,1
4724,272456,82549,1212,1
4725,272954,82701,1212,1
4726,274534,83178,1212,1
4727,265762,80515,1212,1
4728,310116,93973,1212,1
4729,261960,79363,1212,1
4730,261740,79297,1212,1
4731,281660,85359,1212,1
4732,257876,78112,1212,1
4733,258510,78333,1212,1
4734,244828,74165,1212,1
4735,244432,74047,1212,1
4736,241018,73032,1212,1
4737,240472,72848,1212,1
4738,245078,74238,1212,1
4739,237338,71910,1212,1
4740,238328,72189,1212,1
4741,234376,71013,1212,1
4742,240180,72771,1212,1
4743,240254,72790,1212,1
4744,238230,72180,1212,1
4745,237102,71821,1212,1
4746,232956,70584,1212,1
4747,240048,72727,1212,1
4748,234536,71046,1212,1
4749,234962,71172,1212,1
4750,244838,74180,1212,1
4751,245868,74490,1212,1
4752,246032,74539,1212,1
4753,241040,73050,1212,1
4754,235730,71421,1212,1
4755,242500,73473,1212,1
4756,239556,72574,1212,1
4757,238646,72300,1212,1
4758,240580,72886,1212,1
4759,238340,72212,1212,1
4760,237228,71864,1212,1
4761,233518,70735,1212,1
4762,234108,70914,1212,1
4763,253532,76810,1212,1
4764,251354,76153,1212,1
4765,377596,114401,1212,1
4766,244282,74008,1212,1
4767,243848,73882,1212,1
4768,245892,74499,1212,1
4769,237610,71986,1212,1
4770,238834,72363,1212,1
4771,236068,71616,1212,1
4772,239798,72644,1212,1
4773,237230,71857,1212,1
4774,533172,161564,1212,1
4775,240720,72935,1212,1
4776,276302,83723,1212,1
4777,236198,71548,1212,1
4778,233962,70887,1212,1
4779,267686,81118,1212,1
4780,298022,90305,1212,1
4781,242468,73462,1212,1
4782,316974,96045,1212,1
4783,237094,71838,1212,1
4784,239344,72524,1212,1
4785,237662,71988,1212,1
4786,234956,71190,1212,1
4787,238934,72381,1212,1
4788,237360,71910,1212,1
4789,239644,72616,1212,1
4790,236266,71569,1212,1
4791,235328,71282,1212,1
4792,237166,71838,1212,1
4793,241004,73015,1212,1
4794,246198,74619,1212,1
4795,238340,72219,1212,1
4796,279062,84529,1212,1
4797,238844,72349,1212,1
4798,238356,72221,1212,1
4799,265590,80468,1212,1
4800,239096,72434,1212,1
4801,239778,72649,1212,1
4802,238524,72272,1212,1
4803,236028,71497,1212,1
4804,241260,73096,1212,1
4805,237126,71848,1212,1
4806,235168,71251,1212,1
4807,237644,71997,1212,1
4808,314092,95169,1212,1
4809,342534,103787,1212,1
4810,243066,73649,1212,1
4811,242444,73452,1212,1
4812,244654,74127,1212,1
4813,259744,78715,1212,1
4814,266998,80918,1212,1
4815,273034,82760,1212,1
4816,239792,72647,1212,1
4817,240102,72742,1212,1
4818,243414,73750,1212,1
4819,242550,73491,1212,1
4820,244244,73998,1212,1
4821,244544,74118,1212,1
4822,247172,74889,1212,1
4823,260388,78910,1212,1
4824,248900,75414,1212,1
4825,241770,73247,1212,1
4826,242134,73364,1212,1
4827,245472,74372,1212,1
4828,249496,75619,1212,1
4829,235628,71391,1212,1
4830,234850,71145,1212,1
4831,235658,71388,1212,1
4832,236028,71494,1212,1
4833,253246,76747,1212,1
4834,240434,72840,1212,1
4835,251484,76232,1212,1
4836,282506,85608,1212,1
4837,1258448,381645,1212,1
4838,250270,75828,1212,1
4839,244108,73955,1212,1
4840,244734,74151,1212,1
4841,261680,79303,1212,1
4842,242654,73517,1212,1
4843,237852,72065,1212,1
4844,244198,73987,1212,1
4845,236008,71503,1212,1
4846,234160,70929,1212,1
4847,237808,72049,1212,1
4848,235086,71224,1212,1
4849,269496,81669,1212,1
4850,242450,73449,1212,1
4851,400746,121396,1212,1
4852,443032,135536,1212,1
4853,266880,80862,1212,1
4854,263712,79880,1212,1
4855,269094,81549,1212,1
4856,270440,81970,1212,1
4857,267772,81132,1212,1
4858,266498,80742,1212,1
4859,274632,83209,1212,1
4860,338682,102636,1212,1
4861,274000,83020,1212,1
4862,429778,130211,1212,1
4863,287034,86966,1212,1
4864,279932,84816,1212,1
4865,322478,97705,1212,1
4866,419602,127133,1212,1
4867,283744,85976,1212,1
4868,420466,127401,1212,1
4869,423540,128320,1212,1
4870,330650,100203,1212,1
4871,279020,84535,1212,1
4872,273032,82718,1212,1
4873,280404,84960,1212,1
4874,280156,84885,1212,1
4875,276024,83658,1212,1
4876,264266,80053,1212,1
4877,263974,79963,1212,1
4878,263032,79696,1212,1
4879,321986,97570,1212,1
4880,265036,80307,1212,1
4881,291902,88458,1212,1
4882,288378,87355,1212,1
4883,295410,89490,1212,1
4884,254362,77059,1212,1
4885,251802,76287,1212,1
4886,250348,75863,1212,1
4887,248640,75312,1212,1
4888,410294,124282,1212,1
4889,246408,74637,1212,1
4890,255642,77457,1212,1
4891,248580,75320,1212,1
4892,270642,81998,1212,1
4893,243650,73802,1212,1
4894,246510,74687,1212,1
4895,306262,92804,1212,1
4896,258746,78398,1212,1
4897,242704,73526,1212,1
4898,240582,72872,1212,1
4899,246838,74779,1212,1
4900,245920,74505,1212,1
4901,242878,73574,1212,1
4902,242558,73482,1212,1
4903,248934,75403,1212,1
4904,242050,73337,1212,1
4905,249016,75447,1212,1
4906,253232,76721,1212,1
4907,246416,74752,1212,1
4908,252064,76372,1212,1
4909,250778,75981,1212,1
4910,248528,75294,1212,1
4911,278114,84278,1212,1
4912,250090,75772,1212,1
4913,243220,73693,1212,1
4914,243352,73725,1212,1
4915,239610,72601,1212,1
4916,246310,74650,1212,1
4917,237094,71835,1212,1
4918,238414,72234,1212,1
4919,233740,70817,1212,1
4920,238222,72178,1212,1
4921,235966,71486,1212,1
4922,237714,72012,1212,1
4923,236224,71561,1212,1
4924,238742,72334,1212,1
4925,232258,70371,1212,1
4926,233842,70851,1212,1
4927,236228,71555,1212,1
4928,236180,71547,1212,1
4929,239442,72549,1212,1
4930,238368,72219,1212,1
4931,241558,73186,1212,1
4932,239130,72447,1212,1
4933,240840,72971,1212,1
4934,237722,72016,1212,1
4935,236602,71691,1212,1
4936,239500,72563,1212,1
4937,247474,74986,1212,1
4938,236580,71665,1212,1
4939,236728,71716,1212,1
4940,235008,71187,1212,1
4941,237482,71957,1212,1
4942,237040,71801,1212,1
4943,238614,72300,1212,1
4944,237008,71811,1212,1
4945,260726,79000,1212,1
4946,239172,72477,1212,1
4947,236314,71597,1212,1
4948,237490,71939,1212,1
4949,237220,71856,1212,1
4950,319314,96753,1212,1
4951,236360,71604,1212,1
4952,239874,72661,1212,1
4953,239026,72425,1212,1
4954,237494,71941,1212,1
4955,235218,71268,1212,1
4956,235104,71230,1212,1
4957,251082,76105,1212,1
4958,238552,72267,1212,1
4959,237336,71891,1212,1
4960,237180,71865,1212,1
4961,234506,71039,1212,1
4962,235372,71301,1212,1
4963,237682,72015,1212,1
4964,310568,94106,1212,1
4965,318392,96482,1212,1
4966,387368,117359,1212,1
4967,288894,87547,1212,1
4968,236062,71514,1212,1
4969,243044,73642,1212,1
4970,233704,70865,1212,1
4971,239334,72497,1212,1
4972,237278,71875,1212,1
4973,237338,71907,1212,1
4974,280302,84901,1212,1
4975,255578,77423,1212,1
4976,237032,71813,1212,1
4977,249080,75490,1212,1
4978,236970,71782,1212,1
4979,237174,71844,1212,1
4980,239942,72679,1212,1
4981,240458,72857,1212,1
4982,233940,70883,1212,1
4983,239622,72589,1212,1
4984,236802,71729,1212,1
4985,236578,71668,1212,1
4986,293682,88991,1212,1
4987,243468,73762,1212,1
4988,241222,73091,1212,1
4989,240846,72966,1212,1
4990,241152,73068,1212,1
4991,245004,74230,1212,1
4992,407852,123593,1212,1
4993,237022,71819,1212,1
4994,238740,72325,1212,1
4995,264108,80019,1212,1
4996,255076,77268,1212,1
4997,262268,79441,1212,1
4998,276316,83725,1212,1
4999,282814,85706,1212,1
5000,294630,89285,1212,1
5001,262998,79667,1212,1
5002,260622,78968,1212,1
5003,258690,78371,1212,1
5004,262832,79629,1212,1
5005,268922,81475,1212,1
5006,268804,81425,1212,1
5007,266936,80864,1212,1
5008,284218,86110,1212,1
5009,283040,85753,1212,1
5010,289348,87667,1212,1
5011,282826,85678,1212,1
5012,287560,87113,1212,1
5013,289546,87715,1212,1
5014,292776,88709,1212,1
5015,1025404,311843,1212,1
5016,390040,118172,1212,1
5017,302662,91699,1212,1
5018,503056,152435,1212,1
5019,456824,139030,1212,1
5020,397366,120409,1212,1
5021,300292,90981,1212,1
5022,301802,91511,1212,1
5023,359770,109021,1212,1
5024,437720,132625,1212,1
5025,300776,91133,1212,1
5026,347398,105267,1212,1
5027,293958,89060,1212,1
5028,286506,86804,1212,1
5029,280688,85023,1212,1
5030,272234,82486,1212,1
5031,315218,95523,1212,1
5032,276608,83796,1212,1
5033,275900,83572,1212,1
5034,274456,83156,1212,1
5035,266350,80697,1212,1
5036,276394,83728,1212,1
5037,260534,78919,1212,1
5038,347860,105428,1212,1
5039,262724,79601,1212,1
5040,257370,77987,1212,1
5041,254540,77121,1212,1
5042,257872,78134,1212,1
5043,292920,88746,1212,1
5044,258504,78325,1212,1
5045,251448,76186,1212,1
5046,257794,78094,1212,1
5047,435404,132322,1212,1
5048,298856,90759,1212,1
5049,253128,76696,1212,1
5050,256822,77854,1212,1
5051,256102,77595,1212,1
5052,396406,120096,1212,1
5053,393888,119332,1212,1
5054,247356,74932,1212,1
5055,279264,84627,1212,1
5056,262726,79583,1212,1
5057,244216,73984,1212,1
5058,254364,77071,1212,1
5059,250390,75865,1212,1
5060,267566,81061,1212,1
5061,420938,127525,1212,1
5062,487900,147801,1212,1
5063,421358,127650,1212,1
5064,349336,105839,1212,1
5065,245432,74359,1212,1
5066,231252,70058,1212,1
5067,240196,72772,1212,1
5068,241042,73034,1212,1
5069,238734,72336,1212,1
5070,236958,71776,1212,1
5071,235646,71379,1212,1
5072,276864,83897,1212,1
5073,221706,67157,1212,1
5074,240188,72755,1212,1
5075,217704,65959,1212,1
5076,256464,77716,1212,1
5077,221340,67046,1212,1
5078,222624,67435,1212,1
5079,270402,81955,1212,1
5080,242328,73404,1212,1
5081,267202,80936,1212,1
5082,308390,93442,1212,1
5083,294350,89160,1212,1
5084,295344,89488,1212,1
5085,301376,91313,1212,1
5086,330380,100115,1212,1
5087,243806,73870,1212,1
5088,304770,92338,1212,1
5089,282414,85560,1212,1
5090,330932,100280,1212,1
5091,243972,73913,1212,1
5092,287816,87193,1212,1
5093,284290,86220,1212,1
5094,287112,86991,1212,1
5095,277498,84077,1212,1
5096,278282,84312,1212,1
5097,286598,86832,1212,1
5098,241766,73259,1212,1
5099,243370,73763,1212,1
5100,231176,70034,1212,1
5101,237554,71959,1212,1
5102,234674,71103,1212,1
5103,239366,72517,1212,1
5104,237720,72015,1212,1
5105,233320,70693,1212,1
5106,240560,72871,1212,1
5107,232906,70548,1212,1
5108,238466,72240,1212,1
5109,236700,71715,1212,1
5110,238758,72342,1212,1
5111,237884,72066,1212,1
5112,239164,72455,1212,1
5113,239944,72687,1212,1
5114,411618,124713,1212,1
5115,260182,78849,1212,1
5116,251788,76273,1212,1
5117,298852,90533,1212,1
5118,517970,156941,1212,1
5119,353874,107221,1212,1
5120,238498,72244,1212,1
5121,360798,109287,1212,1
5122,363916,110269,1212,1
5123,296486,89829,1212,1
5124,294230,89142,1212,1
5125,292142,88505,1212,1
5126,292814,88720,1212,1
5127,291462,88298,1212,1
5128,293612,88939,1212,1
5129,347602,105333,1212,1
5130,241812,73262,1212,1
5131,241148,73065,1212,1
5132,235502,71355,1212,1
5133,237638,71980,1212,1
5134,411690,124773,1212,1
5135,359354,108889,1212,1
5136,245096,74258,1212,1
5137,237674,72016,1212,1
5138,236246,71569,1212,1
5139,240302,72790,1212,1
5140,233380,70730,1212,1
5141,210494,63784,1212,1
5142,209464,63456,1212,1
5143,212694,64429,1212,1
5144,219218,66403,1212,1
5145,243686,73812,1212,1
5146,307102,93062,1212,1
5147,222196,67303,1212,1
5148,215634,65317,1212,1
5149,288418,87389,1212,1
5150,285642,86544,1212,1
5151,289608,87724,1212,1
5152,240086,72745,1212,1
5153,240914,72981,1212,1
5154,237286,71876,1212,1
5155,295510,89537,1212,1
5156,238082,72138,1212,1
5157,240504,72859,1212,1
5158,236810,71729,1212,1
5159,237162,71840,1212,1
5160,388922,117896,1212,1
5161,245030,74239,1212,1
5162,244862,74184,1212,1
5163,241034,73027,1212,1
5164,237712,72020,1212,1
5165,241278,73105,1212,1
5166,239730,72632,1212,1
5167,242334,73423,1212,1
5168,274234,83101,1212,1
5169,244440,74047,1212,1
5170,246658,74733,1212,1
5171,241002,73025,1212,1
5172,241932,73300,1212,1
5173,242060,73338,1212,1
5174,264666,80207,1212,1
5175,239338,72516,1212,1
5176,237274,71873,1212,1
5177,273546,82893,1212,1
5178,236508,71640,1212,1
5179,242730,73546,1212,1
5180,535034,162146,1212,1
5181,390100,118194,1212,1
5182,442802,134134,1212,1
5183,242660,73526,1212,1
5184,242488,73469,1212,1
5185,244174,73979,1212,1
5186,242376,73434,1212,1
5187,241170,73070,1212,1
5188,269602,81700,1212,1
5189,242598,73501,1212,1
5190,242964,73610,1212,1
5191,239938,72698,1212,1
5192,236138,71530,1212,1
5193,238048,72126,1212,1
5194,232196,70354,1212,1
5195,239658,72617,1212,1
5196,238800,72334,1212,1
5197,234418,71016,1212,1
5198,236258,71565,1212,1
5199,236354,71616,1212,1
5200,237104,71823,1212,1
5201,241660,73241,1212,1
5202,238904,72388,1212,1
5203,237624,71979,1212,1
5204,233110,70612,1212,1
5205,238402,72222,1212,1
5206,280520,85010,1212,1
5207,237652,72001,1212,1
5208,237100,71833,1212,1
5209,236772,71722,1212,1
5210,300978,91202,1212,1
5211,237142,71840,1212,1
5212,239604,72596,1212,1
5213,239120,72448,1212,1
5214,227948,69068,1212,1
5215,213146,64564,1212,1
5216,211340,64017,1212,1
5217,211472,64058,1212,1
5218,211074,63942,1212,1
5219,214532,65000,1212,1
5220,222298,67352,1212,1
5221,250386,75888,1212,1
5222,224536,68027,1212,1
5223,215670,65326,1212,1
5224,236214,71553,1212,1
5225,283202,85818,1212,1
5226,215380,65241,1212,1
5227,229600,69552,1212,1
5228,219340,66447,1212,1
5229,215804,65368,1212,1
5230,238306,72208,1212,1
5231,236250,71565,1212,1
5232,213854,64794,1212,1
5233,218056,66070,1212,1
5234,216586,65607,1212,1
5235,242342,73441,1212,1
5236,235082,71209,1212,1
5237,244166,73979,1212,1
5238,265616,80491,1212,1
5239,237720,72015,1212,1
5240,258688,78374,1212,1
5241,262706,79585,1212,1
5242,246138,74598,1212,1
5243,237230,71867,1212,1
5244,237776,72022,1212,1
5245,236020,71511,1212,1
5246,236806,71751,1212,1
5247,239196,72453,1212,1
5248,236558,71674,1212,1
5249,233922,70859,1212,1
5250,235318,71298,1212,1
5251,237136,71830,1212,1
5252,242060,73338,1212,1
5253,239342,72515,1212,1
5254,235742,71414,1212,1
5255,238800,72353,1212,1
5256,234454,71039,1212,1
5257,240330,72797,1212,1
5258,260590,78968,1212,1
5259,235398,71302,1212,1
5260,266994,80910,1212,1
5261,238880,72365,1212,1
5262,292268,88604,1212,1
5263,240642,72908,1212,1
5264,246220,74598,1212,1
5265,259652,78683,1212,1
5266,241782,73253,1212,1
5267,309516,93782,1212,1
5268,348720,105631,1212,1
5269,228808,69323,1212,1
5270,221384,67072,1212,1
5271,218266,66128,1212,1
5272,216872,65710,1212,1
5273,211392,64048,1212,1
5274,214038,64834,1212,1
5275,215312,65219,1212,1
5276,211374,64041,1212,1
5277,218422,66163,1212,1
5278,211620,64101,1212,1
5279,217036,65742,1212,1
5280,229490,69526,1212,1
5281,230490,69838,1212,1
5282,229442,69501,1212,1
5283,225348,68301,1212,1
5284,234882,71148,1212,1
5285,224796,68111,1212,1
5286,253358,76777,1212,1
5287,220048,66669,1212,1
5288,217156,65780,1212,1
5289,212528,64377,1212,1
5290,220026,66648,1212,1
5291,220116,66695,1212,1
5292,238078,72122,1212,1
5293,221626,67150,1212,1
5294,237790,72045,1212,1
5295,279860,84815,1212,1
5296,229404,69508,1212,1
5297,215848,65399,1212,1
5298,224494,68014,1212,1
5299,289522,87726,1212,1
5300,222838,67513,1212,1
5301,225116,68204,1212,1
5302,222652,67455,1212,1
5303,255016,77292,1212,1
5304,216526,65594,1212,1
5305,240292,72803,1212,1
5306,216720,65665,1212,1
5307,220154,66705,1212,1
5308,217328,65832,1212,1
5309,238874,72390,1212,1
5310,218108,66068,1212,1
5311,241542,73177,1212,1
5312,211928,64202,1212,1
5313,212644,64416,1212,1
5314,239684,72621,1212,1
5315,248946,75439,1212,1
5316,219926,66616,1212,1
5317,218678,66239,1212,1
5318,214154,64888,1212,1
5319,214962,65126,1212,1
5320,216408,65551,1212,1
5321,239968,72705,1212,1
5322,216126,65466,1212,1
5323,217964,66041,1212,1
5324,224598,68074,1212,1
5325,216286,65516,1212,1
5326,215812,65371,1212,1
5327,262762,79636,1212,1
5328,254770,77284,1212,1
5329,232546,70453,1212,1
5330,217812,65997,1212,1
5331,234544,71045,1212,1
5332,237116,71847,1212,1
5333,211290,64024,1212,1
5334,212566,64403,1212,1
5335,229630,69572,1212,1
5336,212342,64327,1212,1
5337,214108,64856,1212,1
5338,212898,64505,1212,1
5339,212738,64441,1212,1
5340,217042,65743,1212,1
5341,261844,79344,1212,1
5342,218396,66154,1212,1
5343,235416,71321,1212,1
5344,249268,75552,1212,1
5345,216836,65686,1212,1
5346,214798,65066,1212,1
5347,252192,76422,1212,1
5348,218432,66171,1212,1
5349,217696,65959,1212,1
5350,282010,85466,1212,1
5351,234402,71022,1212,1
5352,216262,65507,1212,1
5353,257354,77988,1212,1
5354,215612,65317,1212,1
5355,221292,67047,1212,1
5356,378964,114830,1212,1
5357,250168,75818,1212,1
5358,238642,72298,1212,1
5359,261178,79151,1212,1
5360,267512,81069,1212,1
5361,237508,71952,1212,1
5362,241566,73192,1212,1
5363,235150,71245,1212,1
5364,273992,83025,1212,1
5365,213966,64817,1212,1
5366,235806,71424,1212,1
5367,210666,63813,1212,1
5368,272932,82702,1212,1
5369,213470,64677,1212,1
5370,239676,72600,1212,1
5371,215914,65421,1212,1
5372,237748,72035,1212,1
5373,226752,68686,1212,1
5374,222518,67401,1212,1
5375,234464,71034,1212,1
5376,237474,71953,1212,1
5377,241882,73266,1212,1
5378,233044,70605,1212,1
5379,231144,70015,1212,1
5380,242070,73341,1212,1
5381,243690,73817,1212,1
5382,239172,72462,1212,1
5383,242742,73529,1212,1
5384,240366,72825,1212,1
5385,247654,75062,1212,1
5386,249594,75606,1212,1
5387,248950,75416,1212,1
5388,247808,75063,1212,1
5389,254076,76981,1212,1
5390,255992,77556,1212,1
5391,255762,77490,1212,1
5392,254992,77259,1212,1
5393,258444,78303,1212,1
5394,257314,77952,1212,1
5395,250388,75845,1212,1
5396,257370,77975,1212,1
5397,255204,77303,1212,1
5398,256352,77671,1212,1
5399,256208,77606,1212,1
5400,293218,88855,1212,1
5401,256248,77620,1212,1
5402,254728,77161,1212,1
5403,263452,79809,1212,1
5404,259492,78604,1212,1
5405,275958,83629,1212,1
5406,262962,79653,1212,1
5407,258846,78415,1212,1
5408,262826,79638,1212,1
5409,262380,79474,1212,1
5410,261088,79088,1212,1
5411,263360,79782,1212,1
5412,264358,80094,1212,1
5413,264566,80160,1212,1
5414,258746,78402,1212,1
5415,267746,81119,1212,1
5416,267616,81079,1212,1
5417,268258,81267,1212,1
5418,267496,81026,1212,1
5419,262420,79507,1212,1
5420,261676,79286,1212,1
5421,261900,79342,1212,1
5422,263736,79896,1212,1
5423,272454,82571,1212,1
5424,255526,77399,1212,1
5425,256826,77792,1212,1
5426,263000,79706,1212,1
5427,260942,79057,1212,1
5428,245134,74270,1212,1
5429,249530,75604,1212,1
5430,239542,72577,1212,1
5431,240840,72970,1212,1
5432,248492,75288,1212,1
5433,235314,71295,1212,1
5434,237956,72097,1212,1
5435,232794,70529,1212,1
5436,224004,67867,1212,1
5437,246632,74747,1212,1
5438,221134,67004,1212,1
5439,451170,136687,1212,1
5440,458236,138823,1212,1
5441,241638,73213,1212,1
5442,288170,87330,1212,1
5443,390896,118535,1212,1
5444,246676,74739,1212,1
5445,226786,68707,1212,1
5446,243892,73910,1212,1
5447,250634,75938,1212,1
5448,232280,70375,1212,1
5449,238838,72348,1212,1
5450,226726,68696,1212,1
5451,225450,68311,1212,1
5452,226642,68650,1212,1
5453,226134,68516,1212,1
5454,258006,78184,1212,1
5455,224756,68081,1212,1
5456,221724,67176,1212,1
5457,213778,64769,1212,1
5458,215094,65169,1212,1
5459,216530,65603,1212,1
5460,216272,65528,1212,1
5461,219546,66519,1212,1
5462,225686,68363,1212,1
5463,227550,68925,1212,1
5464,215176,65177,1212,1
5465,218802,66297,1212,1
5466,239570,72590,1212,1
5467,343138,104009,1212,1
5468,265436,80438,1212,1
5469,244498,74074,1212,1
5470,243154,73659,1212,1
5471,241694,73216,1212,1
5472,250444,75876,1212,1
5473,297602,90177,1212,1
5474,235682,71404,1212,1
5475,223716,67782,1212,1
5476,276478,83785,1212,1
5477,239948,72699,1212,1
5478,237634,72001,1212,1
5479,275086,83327,1212,1
5480,353164,107007,1212,1
5481,217586,65926,1212,1
5482,218502,66187,1212,1
5483,239670,72603,1212,1
5484,236572,71674,1212,1
5485,237522,71959,1212,1
5486,216938,65731,1212,1
5487,225536,68361,1212,1
5488,211580,64089,1212,1
5489,238128,72133,1212,1
5490,212880,64483,1212,1
5491,237432,71939,1212,1
5492,219098,66382,1212,1
5493,222968,67547,1212,1
5494,244738,74133,1212,1
5495,245306,74323,1212,1
5496,241784,73251,1212,1
5497,317260,96135,1212,1
5498,304168,92172,1212,1
5499,255350,77358,1212,1
5500,243910,73901,1212,1
5501,243452,73760,1212,1
5502,242066,73332,1212,1
5503,245152,74274,1212,1
5504,264724,80224,1212,1
5505,250628,75939,1212,1
5506,254434,77086,1212,1
5507,414152,125514,1212,1
5508,507564,153801,1212,1
5509,242460,73449,1212,1
5510,240198,72776,1212,1
5511,244054,73943,1212,1
5512,240176,72752,1212,1
5513,242890,73584,1212,1
5514,268708,81430,1212,1
5515,233492,70749,1212,1
5516,229916,69662,1212,1
5517,241894,73270,1212,1
5518,226734,68693,1212,1
5519,304092,92130,1212,1
5520,250158,75812,1212,1
5521,235264,71277,1212,1
5522,219606,66535,1212,1
5523,218786,66287,1212,1
5524,217968,66043,1212,1
5525,217932,66018,1212,1
5526,218270,66131,1212,1
5527,239424,72546,1212,1
5528,229866,69670,1212,1
5529,224346,67954,1212,1
5530,233050,70593,1212,1
5531,320684,97190,1212,1
5532,216352,65554,1212,1
5533,219962,66628,1212,1
5534,241006,73002,1212,1
5535,215498,65276,1212,1
5536,233842,70832,1212,1
5537,240006,72698,1212,1
5538,241954,73312,1212,1
5539,239450,72550,1212,1
5540,311738,94463,1212,1
5541,363912,110257,1212,1
5542,213718,64743,1212,1
5543,213922,64813,1212,1
5544,214420,64968,1212,1
5545,208968,63298,1212,1
5546,216006,65432,1212,1
5547,210814,63862,1212,1
5548,253592,76857,1212,1
5549,238584,72289,1212,1
5550,239308,72496,1212,1
5551,233142,70636,1212,1
5552,215606,65307,1212,1
5553,217356,65845,1212,1
5554,232294,70365,1212,1
5555,228402,69197,1212,1
5556,238006,72117,1212,1
5557,225764,68401,1212,1
5558,225178,68223,1212,1
5559,225380,68285,1212,1
5560,237948,72098,1212,1
5561,246394,74655,1212,1
5562,241610,73186,1212,1
5563,249180,75498,1212,1
5564,246416,74661,1212,1
5565,240524,72877,1212,1
5566,247900,75102,1212,1
5567,248800,75381,1212,1
5568,246614,74713,1212,1
5569,258554,78362,1212,1
5570,302598,91698,1212,1
5571,248894,75410,1212,1
5572,251566,76210,1212,1
5573,266324,80713,1212,1
5574,246800,74771,1212,1
5575,243746,73852,1212,1
5576,235294,71292,1212,1
5577,234340,70997,1212,1
5578,233928,70877,1212,1
5579,228100,69112,1212,1
5580,231534,70149,1212,1
5581,331696,100522,1212,1
5582,275052,83350,1212,1
5583,410654,124420,1212,1
5584,372214,112830,1212,1
5585,390214,118224,1212,1
5586,304382,92233,1212,1
5587,246308,74623,1212,1
5588,233546,70763,1212,1
5589,282566,85652,1212,1
5590,224128,67898,1212,1
5591,305398,92539,1212,1
5592,301204,91268,1212,1
5593,290188,87934,1212,1
5594,241172,73078,1212,1
5595,240262,72795,1212,1
5596,288520,87428,1212,1
5597,226508,68628,1212,1
5598,226194,68534,1212,1
5599,226378,68592,1212,1
5600,254470,77101,1212,1
5601,252674,76557,1212,1
5602,330276,100086,1212,1
5603,291438,88314,1212,1
5604,244354,74017,1212,1
5605,235188,71239,1212,1
5606,303730,92034,1212,1
5607,251948,76334,1212,1
5608,280720,85070,1212,1
5609,272470,82578,1212,1
5610,252352,76464,1212,1
5611,247478,74972,1212,1
5612,252560,76521,1212,1
5613,254670,77151,1212,1
5614,259630,78645,1212,1
5615,254086,76965,1212,1
5616,253988,76952,1212,1
5617,255636,77436,1212,1
5618,254144,77005,1212,1
5619,256562,77736,1212,1
5620,248824,75377,1212,1
5621,257316,77966,1212,1
5622,254956,77244,1212,1
5623,340236,103097,1212,1
5624,276268,83685,1212,1
5625,428628,129867,1212,1
5626,295950,89691,1212,1
5627,419278,127030,1212,1
5628,355788,107821,1212,1
5629,374086,113346,1212,1
5630,599164,181989,1212,1
5631,249742,75683,1212,1
5632,287996,87265,1212,1
5633,246458,74674,1212,1
5634,251896,76308,1212,1
5635,246228,74601,1212,1
5636,249718,75658,1212,1
5637,244168,73977,1212,1
5638,251480,76191,1212,1
5639,247230,74895,1212,1
5640,246502,74690,1212,1
5641,245830,74483,1212,1
5642,240458,72855,1212,1
5643,237312,71885,1212,1
5644,237688,72021,1212,1
5645,235118,71239,1212,1
5646,324712,98384,1212,1
5647,241018,73015,1212,1
5648,241056,73038,1212,1
5649,266684,80816,1212,1
5650,255174,77335,1212,1
5651,248894,75413,1212,1
5652,241074,73043,1212,1
5653,339078,102721,1212,1
5654,407402,123427,1212,1
5655,243268,73704,1212,1
5656,245466,74367,1212,1
5657,234178,70946,1212,1
5658,227098,68804,1212,1
5659,420324,127779,1212,1
5660,238942,72397,1212,1
5661,236410,71635,1212,1
5662,252150,76396,1212,1
5663,242446,73437,1212,1
5664,238654,72307,1212,1
5665,237154,71837,1212,1
5666,241310,73117,1212,1
5667,237060,71818,1212,1
5668,239582,72569,1212,1
5669,240220,72781,1212,1
5670,298300,90410,1212,1
5671,259718,78669,1212,1
5672,256158,77599,1212,1
5673,255326,77339,1212,1
5674,242806,73566,1212,1
5675,238964,72382,1212,1
5676,241672,73220,1212,1
5677,241744,73245,1212,1
5678,237116,71823,1212,1
5679,239200,72477,1212,1
5680,237336,71890,1212,1
5681,242690,73511,1212,1
5682,265880,80573,1212,1
5683,224896,68121,1212,1
5684,224620,68038,1212,1
5685,238882,72359,1212,1
5686,302836,91763,1212,1
5687,236884,71777,1212,1
5688,234696,71092,1212,1
5689,563038,171743,1212,1
5690,244226,74001,1212,1
5691,268850,81477,1212,1
5692,453792,137491,1212,1
5693,418608,126828,1212,1
5694,425482,128893,1212,1
5695,254760,77194,1212,1
5696,257958,78162,1212,1
5697,253872,76924,1212,1
5698,267150,80943,1212,1
5699,314714,95368,1212,1
5700,270868,82064,1212,1
5701,271868,82352,1212,1
5702,273848,82971,1212,1
5703,266770,80807,1212,1
5704,271534,82270,1212,1
5705,271532,82266,1212,1
5706,269276,81572,1212,1
5707,280450,84968,1212,1
5708,275522,83464,1212,1
5709,275740,83545,1212,1
5710,279594,84713,1212,1
5711,379380,114983,1212,1
5712,296072,89685,1212,1
5713,279476,84673,1212,1
5714,413118,125174,1212,1
5715,356818,108083,1212,1
5716,369420,111957,1212,1
5717,355026,107579,1212,1
5718,267478,81044,1212,1
5719,291166,88206,1212,1
5720,268208,81241,1212,1
5721,260574,78954,1212,1
5722,258736,78392,1212,1
5723,259282,78561,1212,1
5724,253414,76762,1212,1
5725,240134,72740,1212,1
5726,244092,73950,1212,1
5727,242358,73431,1212,1
5728,236798,71743,1212,1
5729,241436,73154,1212,1
5730,240232,72788,1212,1
5731,238834,72358,1212,1
5732,244592,74126,1212,1
5733,236656,71702,1212,1
5734,238798,72341,1212,1
5735,240536,72860,1212,1
5736,317864,96314,1212,1
5737,342360,103736,1212,1
5738,243328,73729,1212,1
5739,240154,72761,1212,1
5740,243084,73650,1212,1
5741,242614,73503,1212,1
5742,244060,73943,1212,1
5743,237866,72068,1212,1
5744,239546,72569,1212,1
5745,282426,85585,1212,1
5746,234866,71144,1212,1
5747,238026,72101,1212,1
5748,239778,72647,1212,1
5749,235508,71355,1212,1
5750,238650,72298,1212,1
5751,237210,71854,1212,1
5752,247760,75083,1212,1
5753,237026,71812,1212,1
5754,241232,73093,1212,1
5755,238366,72225,1212,1
5756,236294,71576,1212,1
5757,235576,71382,1212,1
5758,239208,72465,1212,1
5759,308564,93498,1212,1
5760,320130,97002,1212,1
5761,244162,73960,1212,1
5762,259792,78710,1212,1
5763,316880,96023,1212,1
5764,275914,83601,1212,1
5765,275478,83466,1212,1
5766,270438,81932,1212,1
5767,279328,84631,1212,1
5768,271230,82175,1212,1
5769,344008,104234,1212,1
5770,280594,85011,1212,1
5771,283672,85946,1212,1
5772,538290,163159,1212,1
5773,279972,84829,1212,1
5774,280734,85038,1212,1
5775,283898,85995,1212,1
5776,283304,85838,1212,1
5777,269436,81635,1212,1
5778,293160,88803,1212,1
5779,290954,88153,1212,1
5780,270460,81944,1212,1
5781,278618,84421,1212,1
5782,276154,83671,1212,1
5783,276544,83782,1212,1
5784,284248,86148,1212,1
5785,278896,84481,1212,1
5786,275368,83431,1212,1
5787,270748,82033,1212,1
5788,265990,80587,1212,1
5789,311716,94421,1212,1
5790,270372,81903,1212,1
5791,269942,81766,1212,1
5792,633170,191802,1212,1
5793,275724,83568,1212,1
5794,266498,80748,1212,1
5795,257708,78089,1212,1
5796,253788,76875,1212,1
5797,249458,75568,1212,1
5798,249784,75663,1212,1
5799,288074,87296,1212,1
5800,244166,73975,1212,1
5801,281542,85279,1212,1
5802,239766,72626,1212,1
5803,239132,72452,1212,1
5804,234628,71090,1212,1
5805,257456,78022,1212,1
5806,238514,72268,1212,1
5807,238956,72382,1212,1
5808,234382,71016,1212,1
5809,240976,73019,1212,1
5810,235282,71289,1212,1
5811,445232,135340,1212,1
5812,246448,74686,1212,1
5813,248600,75346,1212,1
5814,263916,79966,1212,1
5815,263778,79899,1212,1
5816,262962,79661,1212,1
5817,245286,74316,1212,1
5818,243890,73891,1212,1
5819,243466,73765,1212,1
5820,240000,72698,1212,1
5821,246772,74751,1212,1
5822,242654,73519,1212,1
5823,242020,73324,1212,1
5824,236188,71555,1212,1
5825,323220,97931,1212,1
5826,245598,74407,1212,1
5827,247312,74927,1212,1
5828,319724,96867,1212,1
5829,320806,97198,1212,1
5830,241590,73191,1212,1
5831,835010,252913,1212,1
5832,245090,74252,1212,1
5833,244506,74105,1212,1
5834,243192,73705,1212,1
5835,237594,71987,1212,1
5836,328798,99624,1212,1
5837,248820,75384,1212,1
5838,243494,73771,1212,1
5839,242700,73528,1212,1
5840,244360,74038,1212,1
5841,360038,109085,1212,1
5842,237188,71867,1212,1
5843,279964,84837,1212,1
5844,252672,76534,1212,1
5845,239856,72675,1212,1
5846,237574,71970,1212,1
5847,237062,71829,1212,1
5848,249720,75789,1212,1
5849,240026,72705,1212,1
5850,237184,71865,1212,1
5851,239636,72588,1212,1
5852,241658,73220,1212,1
5853,245406,74358,1212,1
5854,246754,74786,1212,1
5855,246196,74575,1212,1
5856,215490,65294,1212,1
5857,294206,89154,1212,1
5858,249918,75717,1212,1
5859,246900,74789,1212,1
5860,247968,75131,1212,1
5861,246242,74599,1212,1
5862,215572,65300,1212,1
5863,234158,70941,1212,1
5864,314714,95355,1212,1
5865,333598,101084,1212,1
5866,241564,73189,1212,1
5867,297702,90208,1212,1
5868,238750,72319,1212,1
5869,275242,83411,1212,1
5870,235406,71323,1212,1
5871,236076,71525,1212,1
5872,237048,71824,1212,1
5873,234240,70962,1212,1
5874,333500,101072,1212,1
5875,240316,72817,1212,1
5876,267228,80985,1212,1
5877,246114,74568,1212,1
5878,352230,106720,1212,1
5879,250548,75928,1212,1
5880,240960,73007,1212,1
5881,239536,72576,1212,1
5882,239750,72639,1212,1
5883,243634,73818,1212,1
5884,238692,72310,1212,1
5885,239506,72561,1212,1
5886,238610,72295,1212,1
5887,237516,71945,1212,1
5888,237716,72004,1212,1
5889,239468,72555,1212,1
5890,234018,70902,1212,1
5891,236784,71732,1212,1
5892,322228,97639,1212,1
5893,275290,83430,1212,1
5894,237754,72031,1212,1
5895,237864,72111,1212,1
5896,212174,64271,1212,1
5897,212272,64300,1212,1
5898,214386,64945,1212,1
5899,214160,64888,1212,1
5900,217926,66018,1212,1
5901,240420,72845,1212,1
5902,239650,72611,1212,1
5903,237920,72069,1212,1
5904,240440,72850,1212,1
5905,234154,70942,1212,1
5906,246940,74814,1212,1
5907,241196,73075,1212,1
5908,240586,72895,1212,1
5909,287110,87018,1212,1
5910,247078,74860,1212,1
5911,236700,71719,1212,1
5912,237580,71985,1212,1
5913,241398,73127,1212,1
5914,236228,71556,1212,1
5915,335312,101635,1212,1
5916,244168,73979,1212,1
5917,241924,73303,1212,1
5918,247930,75116,1212,1
5919,241396,73138,1212,1
5920,241978,73312,1212,1
5921,246188,74594,1212,1
5922,244450,74060,1212,1
5923,248340,75239,1212,1
5924,286702,86879,1212,1
5925,243138,73665,1212,1
5926,270182,81850,1212,1
5927,237324,71905,1212,1
5928,235768,71425,1212,1
5929,237382,71905,1212,1
5930,291384,88299,1212,1
5931,236820,71748,1212,1
5932,237338,71914,1212,1
5933,237764,72043,1212,1
5934,238578,72275,1212,1
5935,242240,73456,1212,1
5936,248532,75307,1212,1
5937,240200,72776,1212,1
5938,278264,84316,1212,1
5939,240694,72909,1212,1
5940,237738,72030,1212,1
5941,268174,81237,1212,1
5942,238606,72293,1212,1
5943,279206,84573,1212,1
5944,234078,70919,1212,1
5945,238948,72399,1212,1
5946,239932,72696,1212,1
5947,234782,71136,1212,1
5948,237994,72102,1212,1
5949,239058,72420,1212,1
5950,247300,74948,1212,1
5951,238328,72208,1212,1
5952,241354,73123,1212,1
5953,239330,72501,1212,1
5954,281626,85343,1212,1
5955,242552,73485,1212,1
5956,306946,93052,1212,1
5957,238760,72338,1212,1
5958,236998,71789,1212,1
5959,235330,71302,1212,1
5960,239252,72480,1212,1
5961,238314,72193,1212,1
5962,233306,70679,1212,1
5963,234642,71082,1212,1
5964,240476,72860,1212,1
5965,260950,79080,1212,1
5966,237294,71879,1212,1
5967,241432,73131,1212,1
5968,236718,71728,1212,1
5969,214634,65033,1212,1
5970,212774,64451,1212,1
5971,212572,64391,1212,1
5972,250116,75769,1212,1
5973,228920,69343,1212,1
5974,253924,76946,1212,1
5975,217426,65873,1212,1
5976,282922,85773,1212,1
5977,241052,73035,1212,1
5978,238938,72391,1212,1
5979,296338,89804,1212,1
5980,240572,72889,1212,1
5981,242162,73369,1212,1
5982,240066,72732,1212,1
5983,242880,73589,1212,1
5984,243528,73785,1212,1
5985,245834,74481,1212,1
5986,270204,81882,1212,1
5987,241388,73133,1212,1
5988,215166,65191,1212,1
5989,283554,85925,1212,1
5990,238516,72271,1212,1
5991,237636,71988,1212,1
5992,234794,71138,1212,1
5993,259558,78649,1212,1
5994,258626,78431,1212,1
5995,236762,71716,1212,1
5996,235674,71387,1212,1
5997,552888,167546,1212,1
5998,245012,74232,1212,1
5999,243678,73826,1212,1
6000,247806,75085,1212,1
6001,243090,73646,1212,1
6002,245430,74355,1212,1
6003,250410,75864,1212,1
6004,243470,73761,1212,1
6005,323578,98044,1212,1
6006,287448,87077,1212,1
6007,241564,73185,1212,1
6008,244426,74061,1212,1
6009,236036,71514,1212,1
6010,305630,92599,1212,1
6011,298926,90547,1212,1
6012,305708,92620,1212,1
6013,300364,91002,1212,1
6014,303544,91967,1212,1
6015,280314,84911,1212,1
6016,279342,84631,1212,1
6017,298412,90460,1212,1
6018,288108,87292,1212,1
6019,287412,87073,1212,1
6020,292244,88542,1212,1
6021,322636,97770,1212,1
6022,294292,89144,1212,1
6023,292200,88531,1212,1
6024,348508,105592,1212,1
6025,318868,96611,1212,1
6026,349916,106036,1212,1
6027,314494,95291,1212,1
6028,309698,93834,1212,1
6029,318870,96610,1212,1
6030,322168,97607,1212,1
6031,317420,96167,1212,1
6032,300460,91029,1212,1
6033,300142,90922,1212,1
6034,299942,90856,1212,1
6035,384120,116395,1212,1
6036,298982,90583,1212,1
6037,309560,93811,1212,1
6038,400382,121329,1212,1
6039,356572,108022,1212,1
6040,351056,106371,1212,1
6041,350184,106110,1212,1
6042,347026,105163,1212,1
6043,315764,95664,1212,1
6044,311812,94448,1212,1
6045,372544,112889,1212,1
6046,309674,93826,1212,1
6047,311878,94497,1212,1
6048,310534,94091,1212,1
6049,285146,86391,1212,1
6050,258594,78331,1212,1
6051,258116,78202,1212,1
6052,257020,77872,1212,1
6053,1720268,522488,1212,1
6054,255616,77445,1212,1
6055,268290,81287,1212,1
6056,332222,100669,1212,1
6057,223360,67686,1212,1
6058,265176,80353,1212,1
6059,215516,65281,1212,1
6060,235910,71490,1212,1
6061,213236,64600,1212,1
6062,231934,70274,1212,1
6063,224008,67873,1212,1
6064,284240,86100,1212,1
6065,351464,106491,1212,1
6066,306520,92869,1212,1
6067,300522,91057,1212,1
6068,263300,79778,1212,1
6069,261564,79238,1212,1
6070,262106,79412,1212,1
6071,270026,81804,1212,1
6072,254910,77233,1212,1
6073,250724,75946,1212,1
6074,247028,74825,1212,1
6075,248428,75267,1212,1
6076,251872,76319,1212,1
6077,388860,117892,1212,1
6078,251832,76302,1212,1
6079,248962,75430,1212,1
6080,272806,82672,1212,1
6081,247496,74983,1212,1
6082,238738,72331,1212,1
6083,244008,73925,1212,1
6084,242610,73500,1212,1
6085,244672,74135,1212,1
6086,239488,72559,1212,1
6087,243826,73868,1212,1
6088,244836,74182,1212,1
6089,332802,100836,1212,1
6090,317782,96283,1212,1
6091,224758,68085,1212,1
6092,214428,64951,1212,1
6093,253076,76691,1212,1
6094,212528,64391,1212,1
6095,238884,72380,1212,1
6096,214294,64910,1212,1
6097,214130,64865,1212,1
6098,247224,74929,1212,1
6099,233736,70803,1212,1
6100,238500,72250,1212,1
6101,279498,84789,1212,1
6102,243396,73746,1212,1
6103,226744,68681,1212,1
6104,213108,64570,1212,1
6105,212754,64452,1212,1
6106,296034,89697,1212,1
6107,234172,70955,1212,1
6108,307548,93177,1212,1
6109,238986,72400,1212,1
6110,213388,64654,1212,1
6111,268152,81231,1212,1
6112,267992,81176,1212,1
6113,268964,81489,1212,1
6114,269432,81630,1212,1
6115,212860,64474,1212,1
6116,215378,65240,1212,1
6117,210434,63742,1212,1
6118,223086,67594,1212,1
6119,262390,79480,1212,1
6120,262980,79676,1212,1
6121,262438,79518,1212,1
6122,272900,82701,1212,1
6123,259470,78609,1212,1
6124,237754,72039,1212,1
6125,228462,69218,1212,1
6126,216116,65474,1212,1
6127,268346,81310,1212,1
6128,238024,72101,1212,1
6129,238518,72268,1212,1
6130,284064,86039,1212,1
6131,238932,72396,1212,1
6132,235770,71427,1212,1
6133,390902,118514,1212,1
6134,426104,129107,1212,1
6135,463958,140576,1212,1
6136,257706,78080,1212,1
6137,257464,78000,1212,1
6138,261242,79167,1212,1
6139,240596,72877,1212,1
6140,244424,74061,1212,1
6141,243782,73843,1212,1
6142,246134,74556,1212,1
6143,251456,76189,1212,1
6144,248294,75225,1212,1
6145,307676,93231,1212,1
6146,261516,79212,1212,1
6147,253290,76747,1212,1
6148,260824,79024,1212,1
6149,262078,79390,1212,1
6150,260614,78961,1212,1
6151,290352,87974,1212,1
6152,260248,78831,1212,1
6153,260990,79072,1212,1
6154,263140,79730,1212,1
6155,264924,80354,1212,1
6156,262348,79488,1212,1
6157,263014,79695,1212,1
6158,391746,118666,1212,1
6159,376796,114174,1212,1
6160,253124,76700,1212,1
6161,256506,77725,1212,1
6162,256656,77766,1212,1
6163,255964,77553,1212,1
6164,297910,90276,1212,1
6165,256882,77830,1212,1
6166,256462,77698,1212,1
6167,258416,78292,1212,1
6168,302890,91784,1212,1
6169,261300,79148,1212,1
6170,303442,91956,1212,1
6171,265748,80517,1212,1
6172,269870,81766,1212,1
6173,278080,84232,1212,1
6174,274212,83073,1212,1
6175,287586,87157,1212,1
6176,278086,84257,1212,1
6177,276920,83901,1212,1
6178,274856,83258,1212,1
6179,328850,99656,1212,1
6180,295292,89475,1212,1
6181,287784,87198,1212,1
6182,287520,87089,1212,1
6183,284878,86322,1212,1
6184,277612,84114,1212,1
6185,274354,83103,1212,1
6186,276206,83665,1212,1
6187,273852,82950,1212,1
6188,279672,84737,1212,1
6189,277364,84040,1212,1
6190,271036,82109,1212,1
6191,270970,82081,1212,1
6192,256846,77820,1212,1
6193,258476,78310,1212,1
6194,263764,79917,1212,1
6195,315764,95684,1212,1
6196,261724,79301,1212,1
6197,258152,78196,1212,1
6198,264576,80168,1212,1
6199,261124,79104,1212,1
6200,277882,84222,1212,1
6201,267614,81082,1212,1
6202,256992,77868,1212,1
6203,263354,79790,1212,1
6204,259612,78649,1212,1
6205,297164,90057,1212,1
6206,256534,77708,1212,1
6207,256220,77611,1212,1
6208,369026,111824,1212,1
6209,254176,77001,1212,1
6210,254982,77238,1212,1
6211,250096,75757,1212,1
6212,247136,74881,1212,1
6213,251932,76336,1212,1
6214,251756,76278,1212,1
6215,276946,83930,1212,1
6216,292824,88735,1212,1
6217,248952,75423,1212,1
6218,254816,77210,1212,1
6219,251700,76266,1212,1
6220,261036,79111,1212,1
6221,249620,75612,1212,1
6222,246268,74601,1212,1
6223,249142,75475,1212,1
6224,249126,75463,1212,1
6225,249810,75694,1212,1
6226,285528,86511,1212,1
6227,287102,86964,1212,1
6228,283110,85756,1212,1
6229,284668,86251,1212,1
6230,283938,86028,1212,1
6231,459672,139286,1212,1
6232,240082,72745,1212,1
6233,285320,86444,1212,1
6234,275474,83443,1212,1
6235,235506,71337,1212,1
6236,227348,68883,1212,1
6237,235416,71342,1212,1
6238,219542,66502,1212,1
6239,238902,72379,1212,1
6240,242528,73497,1212,1
6241,212294,64308,1212,1
6242,211394,64033,1212,1
6243,215344,65243,1212,1
6244,211574,64088,1212,1
6245,238776,72347,1212,1
6246,213774,64754,1212,1
6247,216972,65722,1212,1
6248,218210,66098,1212,1
6249,213702,64752,1212,1
6250,232244,70347,1212,1
6251,223430,67677,1212,1
6252,238022,72121,1212,1
6253,241696,73213,1212,1
6254,225978,68467,1212,1
6255,215898,65412,1212,1
6256,218038,66064,1212,1
6257,238306,72185,1212,1
6258,222452,67390,1212,1
6259,211528,64092,1212,1
6260,249298,75528,1212,1
6261,230606,69886,1212,1
6262,299012,90617,1212,1
6263,215212,65187,1212,1
6264,320722,97186,1212,1
6265,209802,63556,1212,1
6266,440766,133511,1212,1
6267,461938,140052,1212,1
6268,254928,77258,1212,1
6269,257544,78041,1212,1
6270,239020,72413,1212,1
6271,215412,65345,1212,1
6272,209876,63571,1212,1
6273,223600,67747,1212,1
6274,381562,115608,1212,1
6275,234970,71177,1212,1
6276,220492,66790,1212,1
6277,258430,78311,1212,1
6278,221724,67183,1212,1
6279,214888,65104,1212,1
6280,215638,65319,1212,1
6281,222102,67300,1212,1
6282,222342,67367,1212,1
6283,235044,71216,1212,1
6284,245116,74251,1212,1
6285,251928,76319,1212,1
6286,320418,97093,1212,1
6287,237346,71913,1212,1
6288,248662,75329,1212,1
6289,304064,92143,1212,1
6290,267490,81024,1212,1
6291,310278,94024,1212,1
6292,262292,79461,1212,1
6293,269924,81787,1212,1
6294,266486,80741,1212,1
6295,264622,80155,1212,1
6296,265126,80326,1212,1
6297,269234,81570,1212,1
6298,280286,84926,1212,1
6299,276192,83670,1212,1
6300,272634,82602,1212,1
6301,262534,79541,1212,1
6302,264598,80172,1212,1
6303,258596,78332,1212,1
6304,254162,76995,1212,1
6305,253362,76747,1212,1
6306,256006,77568,1212,1
6307,257698,78080,1212,1
6308,256590,77742,1212,1
6309,253864,76900,1212,1
6310,250364,75837,1212,1
6311,267436,81025,1212,1
6312,365564,110846,1212,1
6313,313018,94834,1212,1
6314,263428,79813,1212,1
6315,381680,115670,1212,1
6316,262316,79481,1212,1
6317,327496,99225,1212,1
6318,265490,80437,1212,1
6319,256656,77741,1212,1
6320,251812,76276,1212,1
6321,298892,90574,1212,1
6322,309284,93702,1212,1
6323,244130,73949,1212,1
6324,243234,73677,1212,1
6325,242506,73458,1212,1
6326,243284,73710,1212,1
6327,241064,73028,1212,1
6328,242392,73434,1212,1
6329,244074,73945,1212,1
6330,249276,75512,1212,1
6331,248910,75404,1212,1
6332,278082,84273,1212,1
6333,243968,73918,1212,1
6334,256138,77601,1212,1
6335,268608,81387,1212,1
6336,259184,78531,1212,1
6337,249386,75542,1212,1
6338,309980,93931,1212,1
6339,253980,77043,1212,1
6340,256140,77589,1212,1
6341,291882,88452,1212,1
6342,265180,80373,1212,1
6343,249508,75580,1212,1
6344,246796,74772,1212,1
6345,251256,76113,1212,1
6346,244168,73983,1212,1
6347,251638,76229,1212,1
6348,255544,77406,1212,1
6349,257226,77931,1212,1
6350,252782,76645,1212,1
6351,256910,77841,1212,1
6352,257144,77910,1212,1
6353,257322,77956,1212,1
6354,255120,77277,1212,1
6355,274842,83288,1212,1
6356,343452,104076,1212,1
6357,272852,82652,1212,1
6358,259682,78659,1212,1
6359,260666,78983,1212,1
6360,266904,80863,1212,1
6361,262836,79624,1212,1
6362,251794,76272,1212,1
6363,651464,197413,1212,1
6364,256012,77584,1212,1
6365,257090,77895,1212,1
6366,249858,75701,1212,1
6367,242794,73560,1212,1
6368,253326,76752,1212,1
6369,247064,74844,1212,1
6370,483938,146788,1212,1
6371,244094,73956,1212,1
6372,239576,72589,1212,1
6373,259802,78700,1212,1
6374,248530,75298,1212,1
6375,233872,70859,1212,1
6376,241426,73146,1212,1
6377,234028,70905,1212,1
6378,238286,72202,1212,1
6379,236270,71585,1212,1
6380,238046,72130,1212,1
6381,240536,72859,1212,1
6382,234692,71101,1212,1
6383,245704,74451,1212,1
6384,246578,74707,1212,1
6385,240332,72808,1212,1
6386,261984,79393,1212,1
6387,243680,73838,1212,1
6388,332376,100706,1212,1
6389,252532,76496,1212,1
6390,256052,77581,1212,1
6391,410690,124419,1212,1
6392,399136,120931,1212,1
6393,287872,87222,1212,1
6394,397056,120305,1212,1
6395,283886,86010,1212,1
6396,281700,85351,1212,1
6397,324508,98335,1212,1
6398,284302,86120,1212,1
6399,320160,97024,1212,1
6400,284332,86146,1212,1
6401,287116,86988,1212,1
6402,284094,86066,1212,1
6403,319490,96849,1212,1
6404,296546,89848,1212,1
6405,296708,89900,1212,1
6406,297570,90158,1212,1
6407,332278,100692,1212,1
6408,299558,90761,1212,1
6409,293866,89038,1212,1
6410,301588,91372,1212,1
6411,342548,103794,1212,1
6412,409640,124190,1212,1
6413,349548,105946,1212,1
6414,292364,88586,1212,1
6415,346504,105001,1212,1
6416,382270,115841,1212,1
6417,284328,86147,1212,1
6418,282566,85615,1212,1
6419,271748,82313,1212,1
6420,274866,83259,1212,1
6421,270654,82006,1212,1
6422,319850,96925,1212,1
6423,276062,83739,1212,1
6424,277016,83949,1212,1
6425,259766,78685,1212,1
6426,263824,79912,1212,1
6427,262906,79659,1212,1
6428,264812,80214,1212,1
6429,258712,78366,1212,1
6430,300304,91008,1212,1
6431,262056,79394,1212,1
6432,260084,78796,1212,1
6433,304736,92354,1212,1
6434,267378,81012,1212,1
6435,258840,78423,1212,1
6436,261208,79137,1212,1
6437,248676,75346,1212,1
6438,238308,72205,1212,1
6439,269780,81755,1212,1
6440,281324,85251,1212,1
6441,262874,79663,1212,1
6442,236358,71596,1212,1
6443,233202,70656,1212,1
6444,248142,75202,1212,1
6445,227500,68909,1212,1
6446,229780,69601,1212,1
6447,226888,68732,1212,1
6448,229064,69385,1212,1
6449,270860,82082,1212,1
6450,235672,71398,1212,1
6451,239340,72520,1212,1
6452,238278,72200,1212,1
6453,238250,72190,1212,1
6454,247182,74903,1212,1
6455,224152,67910,1212,1
6456,261828,79346,1212,1
6457,219154,66400,1212,1
6458,217732,65973,1212,1
6459,243124,73668,1212,1
6460,231238,70042,1212,1
6461,217738,65955,1212,1
6462,716535,217461,1212,1
6463,246220,74604,1212,1
6464,253558,76845,1212,1
6465,222320,67364,1212,1
6466,228176,69126,1212,1
6467,227884,69036,1212,1
6468,235898,71465,1212,1
6469,237936,72087,1212,1
6470,227974,69064,1212,1
6471,235000,71197,1212,1
6472,286848,86914,1212,1
6473,284918,86323,1212,1
6474,260308,78849,1212,1
6475,298442,90440,1212,1
6476,262588,79556,1212,1
6477,326672,98986,1212,1
6478,247330,74940,1212,1
6479,256742,77790,1212,1
6480,242684,73743,1212,1
6481,243834,73880,1212,1
6482,245158,74445,1212,1
6483,246788,74776,1212,1
6484,236806,71739,1212,1
6485,386682,117326,1212,1
6486,239182,72463,1212,1
6487,262332,79503,1212,1
6488,240676,72920,1212,1
6489,238746,72334,1212,1
6490,238540,72272,1212,1
6491,540722,163829,1212,1
6492,215154,65172,1212,1
6493,212666,64423,1212,1
6494,226152,68513,1212,1
6495,215928,65426,1212,1
6496,224358,67981,1212,1
6497,233906,70862,1212,1
6498,221268,67042,1212,1
6499,246114,74573,1212,1
6500,281624,85341,1212,1
6501,218706,66260,1212,1
6502,214492,64989,1212,1
6503,213612,64720,1212,1
6504,212712,64432,1212,1
6505,278760,84523,1212,1
6506,246558,74704,1212,1
6507,216956,65731,1212,1
6508,215700,65349,1212,1
6509,237346,71911,1212,1
6510,240732,72957,1212,1
6511,245922,74503,1212,1
6512,238396,72228,1212,1
6513,247068,74851,1212,1
6514,218426,66180,1212,1
6515,242940,73610,1212,1
6516,244008,73924,1212,1
6517,339226,102780,1212,1
6518,250712,75957,1212,1
6519,218372,66164,1212,1
6520,214990,65137,1212,1
6521,219616,66541,1212,1
6522,246070,74551,1212,1
6523,215422,65268,1212,1
6524,218030,66055,1212,1
6525,219786,66587,1212,1
6526,234792,71151,1212,1
6527,211848,64171,1212,1
6528,213370,64648,1212,1
6529,210432,63747,1212,1
6530,213830,64791,1212,1
6531,215426,65256,1212,1
6532,215120,65163,1212,1
6533,215282,65211,1212,1
6534,236694,71717,1212,1
6535,217032,65753,1212,1
6536,291858,88404,1212,1
6537,214062,64859,1212,1
6538,218064,66070,1212,1
6539,298502,90473,1212,1
6540,247800,75094,1212,1
6541,223282,67645,1212,1
6542,227920,69052,1212,1
6543,223718,67770,1212,1
6544,235942,71489,1212,1
6545,252834,76603,1212,1
6546,257804,78131,1212,1
6547,220418,66767,1212,1
6548,364618,110478,1212,1
6549,238112,72148,1212,1
6550,239282,72480,1212,1
6551,237336,71914,1212,1
6552,238994,72411,1212,1
6553,235802,71428,1212,1
6554,238982,72409,1212,1
6555,239652,72600,1212,1
6556,213536,64679,1212,1
6557,283144,85792,1212,1
6558,215688,65334,1212,1
6559,282756,85659,1212,1
6560,229538,69542,1212,1
6561,215312,65221,1212,1
6562,213186,64592,1212,1
6563,210508,63782,1212,1
6564,211216,63980,1212,1
6565,237354,71910,1212,1
6566,227446,68894,1212,1
6567,236318,71624,1212,1
6568,243570,73786,1212,1
6569,223356,67673,1212,1
6570,220464,66798,1212,1
6571,235500,71335,1212,1
6572,231784,70209,1212,1
6573,237130,71830,1212,1
6574,239294,72503,1212,1
6575,236364,71596,1212,1
6576,238516,72249,1212,1
6577,242662,73502,1212,1
6578,243658,73807,1212,1
6579,243186,73683,1212,1
6580,314444,95294,1212,1
6581,243720,73826,1212,1
6582,236048,71500,1212,1
6583,234588,71065,1212,1
6584,231392,70108,1212,1
6585,237674,71993,1212,1
6586,231006,69975,1212,1
6587,240900,73011,1212,1
6588,237356,71920,1212,1
6589,234548,71049,1212,1
6590,236528,71666,1212,1
6591,226330,68570,1212,1
6592,235234,71256,1212,1
6593,234554,71066,1212,1
6594,236854,71760,1212,1
6595,242156,73352,1212,1
6596,240126,72754,1212,1
6597,242718,73541,1212,1
6598,241898,73292,1212,1
6599,241620,73191,1212,1
6600,249730,75672,1212,1
6601,274056,83035,1212,1
6602,261414,79185,1212,1
6603,264126,80004,1212,1
6604,270382,81900,1212,1
6605,267066,80917,1212,1
6606,369272,111904,1212,1
6607,515332,156117,1212,1
6608,267706,81130,1212,1
6609,253742,76862,1212,1
6610,254350,77066,1212,1
6611,257314,77947,1212,1
6612,260808,79025,1212,1
6613,258230,78238,1212,1
6614,256796,77788,1212,1
6615,253874,76919,1212,1
6616,268266,81279,1212,1
6617,268726,81418,1212,1
6618,267192,80956,1212,1
6619,271910,82361,1212,1
6620,262838,79635,1212,1
6621,275234,83390,1212,1
6622,271240,82162,1212,1
6623,268656,81391,1212,1
6624,275230,83386,1212,1
6625,277902,84198,1212,1
6626,311486,94391,1212,1
6627,328430,99534,1212,1
6628,352472,106857,1212,1
6629,279932,84805,1212,1
6630,278282,84318,1212,1
6631,517700,156816,1212,1
6632,519068,157311,1212,1
6633,283432,85878,1212,1
6634,270984,82101,1212,1
6635,303774,92061,1212,1
6636,268708,81408,1212,1
6637,263894,79942,1212,1
6638,258900,78437,1212,1
6639,262208,79441,1212,1
6640,258048,78182,1212,1
6641,252604,76532,1212,1
6642,240512,72877,1212,1
6643,237390,71909,1212,1
6644,235106,71217,1212,1
6645,242896,73594,1212,1
6646,245468,74369,1212,1
6647,241748,73228,1212,1
6648,257186,77948,1212,1
6649,249712,75656,1212,1
6650,243256,73700,1212,1
6651,241928,73296,1212,1
6652,246144,74573,1212,1
6653,249794,75680,1212,1
6654,245462,74370,1212,1
6655,248656,75336,1212,1
6656,253188,76712,1212,1
6657,249290,75525,1212,1
6658,378442,114674,1212,1
6659,259950,78775,1212,1
6660,256808,77803,1212,1
6661,245774,74465,1212,1
6662,286136,86714,1212,1
6663,249434,75575,1212,1
6664,245236,74303,1212,1
6665,240840,72975,1212,1
6666,236180,71544,1212,1
6667,238324,72190,1212,1
6668,240744,72945,1212,1
6669,260480,78960,1212,1
6670,261752,79326,1212,1
6671,357438,108290,1212,1
6672,244740,74152,1212,1
6673,243434,73757,1212,1
6674,242902,73591,1212,1
6675,239804,72655,1212,1
6676,243586,73806,1212,1
6677,237292,71896,1212,1
6678,241564,73192,1212,1
6679,292852,88755,1212,1
6680,286376,86763,1212,1
6681,267092,80922,1212,1
6682,343626,104130,1212,1
6683,258804,78406,1212,1
6684,272768,82638,1212,1
6685,315050,95460,1212,1
6686,400686,121464,1212,1
6687,315738,95753,1212,1
6688,318150,96378,1212,1
6689,329534,99880,1212,1
6690,334366,101329,1212,1
6691,321846,97515,1212,1
6692,317784,96275,1212,1
6693,263692,79893,1212,1
6694,258100,78195,1212,1
6695,264534,80142,1212,1
6696,263350,79789,1212,1
6697,259582,78646,1212,1
6698,274308,83142,1212,1
6699,263356,79791,1212,1
6700,257894,78136,1212,1
6701,220502,66804,1212,1
6702,218154,66091,1212,1
6703,211332,64030,1212,1
6704,236052,71520,1212,1
6705,236618,71682,1212,1
6706,240352,72805,1212,1
6707,247330,74941,1212,1
6708,342160,103668,1212,1
6709,318938,96651,1212,1
6710,312524,94690,1212,1
6711,245530,74391,1212,1
6712,244182,73982,1212,1
6713,242432,73455,1212,1
6714,285326,86516,1212,1
6715,247502,74987,1212,1
6716,242810,73564,1212,1
6717,241010,73022,1212,1
6718,244888,74193,1212,1
6719,237994,72105,1212,1
6720,238570,72287,1212,1
6721,246486,74682,1212,1
6722,241444,73152,1212,1
6723,750982,227549,1212,1
6724,350946,106465,1212,1
6725,221240,67014,1212,1
6726,253488,76814,1212,1
6727,235092,71221,1212,1
6728,218888,66321,1212,1
6729,243570,73821,1212,1
6730,239796,72656,1212,1
6731,237394,71909,1212,1
6732,239086,72430,1212,1
6733,472194,146042,1212,1
6734,241926,73296,1212,1
6735,241284,73096,1212,1
6736,246908,74806,1212,1
6737,239898,72686,1212,1
6738,244586,74106,1212,1
6739,243702,73833,1212,1
6740,245558,74398,1212,1
6741,248334,75234,1212,1
6742,248210,75329,1212,1
6743,426076,129103,1212,1
6744,250034,75766,1212,1
6745,249368,75545,1212,1
6746,302760,91968,1212,1
6747,248840,75375,1212,1
6748,253290,76724,1212,1
6749,266620,80944,1212,1
6750,476216,144334,1212,1
6751,280288,84916,1212,1
6752,237676,72005,1212,1
6753,239202,72478,1212,1
6754,235400,71324,1212,1
6755,217880,66011,1212,1
6756,217662,65932,1212,1
6757,264372,80111,1212,1
6758,243082,73648,1212,1
6759,245438,74345,1212,1
6760,236860,71762,1212,1
6761,246692,74733,1212,1
6762,240918,73001,1212,1
6763,296772,89926,1212,1
6764,350102,106073,1212,1
6765,241540,73164,1212,1
6766,235488,71351,1212,1
6767,270840,82074,1212,1
6768,262984,79692,1212,1
6769,238898,72382,1212,1
6770,244600,74135,1212,1
6771,285692,86576,1212,1
6772,237552,71957,1212,1
6773,241288,73109,1212,1
6774,234094,70926,1212,1
6775,236840,71763,1212,1
6776,235150,71249,1212,1
6777,236452,71629,1212,1
6778,236534,71671,1212,1
6779,236540,71668,1212,1
6780,239708,72628,1212,1
6781,241048,73035,1212,1
6782,234192,70939,1212,1
6783,381816,115660,1212,1
6784,273958,83005,1212,1
6785,272794,82650,1212,1
6786,248534,75301,1212,1
6787,245414,74359,1212,1
6788,248370,75248,1212,1
6789,305914,92690,1212,1
6790,251686,76251,1212,1
6791,253268,76760,1212,1
6792,511296,154878,1212,1
6793,410252,124268,1212,1
6794,238658,72313,1212,1
6795,235938,71475,1212,1
6796,235938,71484,1212,1
6797,235676,71390,1212,1
6798,235978,71482,1212,1
6799,235470,71344,1212,1
6800,234796,71136,1212,1
6801,245816,74478,1212,1
6802,275128,83339,1212,1
6803,276792,83843,1212,1
6804,271870,82375,1212,1
6805,278720,84448,1212,1
6806,274340,83097,1212,1
6807,273468,82838,1212,1
6808,277812,84179,1212,1
6809,291568,88363,1212,1
6810,244564,74098,1212,1
6811,255336,77400,1212,1
6812,242710,73538,1212,1
6813,241630,73211,1212,1
6814,258580,78366,1212,1
6815,241706,73231,1212,1
6816,243024,73630,1212,1
6817,219904,66627,1212,1
6818,243208,73691,1212,1
6819,242838,73575,1212,1
6820,240002,72723,1212,1
6821,239476,72540,1212,1
6822,237980,72091,1212,1
6823,398578,120768,1212,1
6824,364524,110446,1212,1
6825,214924,65123,1212,1
6826,250680,75932,1212,1
6827,249428,75553,1212,1
6828,246074,74554,1212,1
6829,247796,75060,1212,1
6830,252046,76345,1212,1
6831,561910,170294,1212,1
6832,246414,74653,1212,1
6833,219232,66423,1212,1
6834,215660,65341,1212,1
6835,254762,77201,1212,1
6836,366516,111032,1212,1
6837,244474,74072,1212,1
6838,457492,139091,1212,1
6839,242888,73594,1212,1
6840,243204,73673,1212,1
6841,245450,74370,1212,1
6842,241884,73282,1212,1
6843,217450,65884,1212,1
6844,217970,66039,1212,1
6845,236902,71772,1212,1
6846,218000,66049,1212,1
6847,237340,71892,1212,1
6848,237820,72038,1212,1
6849,238330,72207,1212,1
6850,236674,71712,1212,1
6851,238774,72340,1212,1
6852,250262,75849,1212,1
6853,235632,71374,1212,1
6854,236262,71583,1212,1
6855,240454,72907,1212,1
6856,236516,71640,1212,1
6857,235422,71330,1212,1
6858,236610,71686,1212,1
6859,264696,80193,1212,1
6860,254312,77049,1212,1
6861,250132,75784,1212,1
6862,244058,73942,1212,1
6863,246304,74627,1212,1
6864,245052,74243,1212,1
6865,357468,108315,1212,1
6866,242382,73439,1212,1
6867,241012,73025,1212,1
6868,386396,117068,1212,1
6869,241968,73310,1212,1
6870,242114,73357,1212,1
6871,241400,73142,1212,1
6872,245526,74415,1212,1
6873,240076,72722,1212,1
6874,240836,72951,1212,1
6875,232632,70474,1212,1
6876,238492,72263,1212,1
6877,218936,66338,1212,1
6878,269202,81586,1212,1
6879,241438,73150,1212,1
6880,235744,71428,1212,1
6881,238510,72266,1212,1
6882,237894,72079,1212,1
6883,239720,72611,1212,1
6884,409216,124396,1212,1
6885,242376,73434,1212,1
6886,235480,71343,1212,1
6887,240730,72920,1212,1
6888,234492,71032,1212,1
6889,239886,72686,1212,1
6890,234172,70932,1212,1
6891,208794,63251,1212,1
6892,214576,64995,1212,1
6893,669137,203039,1212,1
6894,250042,75755,1212,1
6895,254074,76975,1212,1
6896,222760,67474,1212,1
6897,229790,69623,1212,1
6898,215540,65305,1212,1
6899,212760,64447,1212,1
6900,212810,64461,1212,1
6901,210938,63915,1212,1
6902,215474,65284,1212,1
6903,217278,65818,1212,1
6904,217530,65910,1212,1
6905,216342,65549,1212,1
6906,240904,73004,1212,1
6907,214486,64986,1212,1
6908,215626,65337,1212,1
6909,217880,65999,1212,1
6910,219008,66340,1212,1
6911,238826,72359,1212,1
6912,216650,65642,1212,1
6913,328294,99533,1212,1
6914,246774,74769,1212,1
6915,234198,70967,1212,1
6916,229914,69646,1212,1
6917,241388,73136,1212,1
6918,250238,75817,1212,1
6919,216310,65527,1212,1
6920,216352,65536,1212,1
6921,217456,65889,1212,1
6922,1243184,376950,1212,1
6923,250102,75779,1212,1
6924,242552,73488,1212,1
6925,751710,228601,1212,1
6926,241208,73081,1212,1
6927,240300,72805,1212,1
6928,302206,91550,1212,1
6929,238442,72247,1212,1
6930,239476,72555,1212,1
6931,235066,71202,1212,1
6932,297772,90230,1212,1
6933,286100,86695,1212,1
6934,271866,82407,1212,1
6935,235020,71189,1212,1
6936,236222,71574,1212,1
6937,233800,70834,1212,1
6938,237562,71966,1212,1
6939,282164,85494,1212,1
6940,238130,72147,1212,1
6941,235808,71436,1212,1
6942,240312,72791,1212,1
6943,237766,72021,1212,1
6944,237858,72120,1212,1
6945,440258,133397,1212,1
6946,387122,117298,1212,1
6947,313928,95131,1212,1
6948,243668,73827,1212,1
6949,246646,74709,1212,1
6950,243996,73925,1212,1
6951,240848,72973,1212,1
6952,289348,87679,1212,1
6953,247704,75049,1212,1
6954,250256,75863,1212,1
6955,240842,72971,1212,1
6956,239252,72471,1212,1
6957,237102,71820,1212,1
6958,237626,71999,1212,1
6959,238714,72331,1212,1
6960,238422,72222,1212,1
6961,237220,71855,1212,1
6962,237438,71921,1212,1
6963,238154,72153,1212,1
6964,239252,72472,1212,1
6965,235948,71493,1212,1
6966,239040,72424,1212,1
6967,240214,72777,1212,1
6968,251494,76206,1212,1
6969,239316,72509,1212,1
6970,307096,93067,1212,1
6971,290714,88099,1212,1
6972,346154,104892,1212,1
6973,240996,73019,1212,1
6974,448424,135879,1212,1
6975,428996,130003,1212,1
6976,369184,111852,1212,1
6977,366060,110905,1212,1
6978,438610,132874,1212,1
6979,288376,87387,1212,1
6980,254334,77061,1212,1
6981,261196,79132,1212,1
6982,267510,81051,1212,1
6983,266230,80659,1212,1
6984,264490,80132,1212,1
6985,261026,79083,1212,1
6986,280498,85066,1212,1
6987,281356,85243,1212,1
6988,279202,84591,1212,1
6989,286774,86889,1212,1
6990,271678,82308,1212,1
6991,276892,83890,1212,1
6992,278062,84235,1212,1
6993,285706,86563,1212,1
6994,333248,100995,1212,1
6995,414818,125688,1212,1
6996,441702,133826,1212,1
6997,421354,127668,1212,1
6998,414014,125437,1212,1
6999,431578,130759,1212,1
7000,279480,84682,1212,1
7001,416856,126569,1212,1
7002,469054,142110,1212,1
7003,549558,166505,1212,1
7004,261020,79090,1212,1
7005,395122,119717,1212,1
7006,260230,78843,1212,1
7007,258094,78197,1212,1
7008,249800,75687,1212,1
7009,239928,72682,1212,1
7010,238802,72336,1212,1
7011,236206,71570,1212,1
7012,242392,73443,1212,1
7013,241982,73316,1212,1
7014,253766,76911,1212,1
7015,246784,74752,1212,1
7016,616598,186820,1212,1
7017,382348,115852,1212,1
7018,323976,98169,1212,1
7019,384822,116591,1212,1
7020,363038,109992,1212,1
7021,349684,105925,1212,1
7022,346578,105125,1212,1
7023,323340,97991,1212,1
7024,315732,95671,1212,1
7025,279388,84664,1212,1
7026,260520,78949,1212,1
7027,236068,71513,1212,1
7028,403773,122685,1212,1
7029,408936,123909,1212,1
7030,365324,110688,1212,1
7031,387118,117287,1212,1
7032,367576,111403,1212,1
7033,362594,109861,1212,1
7034,404106,122463,1212,1
7035,410124,124462,1212,1
7036,359174,108840,1212,1
7037,420620,127551,1212,1
7038,253320,76774,1212,1
7039,284104,86091,1212,1
7040,285180,86386,1212,1
7041,243528,73781,1212,1
7042,242704,73531,1212,1
7043,259532,78632,1212,1
7044,283938,86041,1212,1
7045,243020,73629,1212,1
7046,258386,78312,1212,1
7047,243300,73706,1212,1
7048,243228,73691,1212,1
7049,395140,119734,1212,1
7050,434554,131689,1212,1
7051,251226,76115,1212,1
7052,253762,76883,1212,1
7053,250866,76007,1212,1
7054,244018,73933,1212,1
7055,306476,92905,1212,1
7056,244788,74148,1212,1
7057,243524,73767,1212,1
7058,242162,73353,1212,1
7059,242050,73325,1212,1
7060,236808,71753,1212,1
7061,240350,72806,1212,1
7062,492166,149128,1212,1
7063,334694,101408,1212,1
7064,244066,73953,1212,1
7065,247494,74982,1212,1
7066,247864,75098,1212,1
7067,244986,74222,1212,1
7068,247052,74853,1212,1
7069,237330,71903,1212,1
7070,251340,76147,1212,1
7071,256502,77714,1212,1
7072,256792,77801,1212,1
7073,256090,77589,1212,1
7074,248008,75144,1212,1
7075,253424,76790,1212,1
7076,242704,73537,1212,1
7077,246172,74566,1212,1
7078,266910,80888,1212,1
7079,250634,75940,1212,1
7080,249838,75678,1212,1
7081,265874,80579,1212,1
7082,286514,86804,1212,1
7083,289722,87757,1212,1
7084,322430,97705,1212,1
7085,284386,86167,1212,1
7086,474612,143822,1212,1
7087,554032,168300,1212,1
7088,282826,85689,1212,1
7089,334202,101280,1212,1
7090,278166,84280,1212,1
7091,407614,123499,1212,1
7092,444778,134752,1212,1
7093,281682,85365,1212,1
7094,266798,80834,1212,1
7095,262558,79560,1212,1
7096,263380,79801,1212,1
7097,267484,81044,1212,1
7098,265350,80393,1212,1
7099,311370,94354,1212,1
7100,261300,79170,1212,1
7101,253964,76927,1212,1
7102,256556,77714,1212,1
7103,255010,77265,1212,1
7104,377738,114457,1212,1
7105,480856,146459,1212,1
7106,256088,77592,1212,1
7107,255830,77511,1212,1
7108,292354,88596,1212,1
7109,248678,75352,1212,1
7110,258486,78311,1212,1
7111,255436,77396,1212,1
7112,256720,77775,1212,1
7113,255798,77498,1212,1
7114,267864,81186,1212,1
7115,253610,76847,1212,1
7116,243948,73916,1212,1
7117,242432,73434,1212,1
7118,243364,73734,1212,1
7119,245234,74299,1212,1
7120,245380,74348,1212,1
7121,238738,72334,1212,1
7122,364266,110366,1212,1
7123,238598,72283,1212,1
7124,236432,71640,1212,1
7125,237982,72104,1212,1
7126,235580,71382,1212,1
7127,312714,94839,1212,1
7128,238624,72288,1212,1
7129,258318,78286,1212,1
7130,236936,71792,1212,1
7131,270740,82041,1212,1
7132,309718,93858,1212,1
7133,397180,121119,1212,1
7134,520314,158105,1212,1
7135,240138,72742,1212,1
7136,253026,76700,1212,1
7137,243808,73868,1212,1
7138,248978,75440,1212,1
7139,243086,73649,1212,1
7140,298742,90525,1212,1
7141,245196,74290,1212,1
7142,317676,96224,1212,1
7143,243960,73916,1212,1
7144,244712,74143,1212,1
7145,239524,72571,1212,1
7146,244702,74142,1212,1
7147,243220,73692,1212,1
7148,240000,72716,1212,1
7149,238352,72209,1212,1
7150,236756,71730,1212,1
7151,236106,71533,1212,1
7152,241046,73028,1212,1
7153,240874,72983,1212,1
7154,237270,71872,1212,1
7155,273302,82819,1212,1
7156,304024,92126,1212,1
7157,231576,70148,1212,1
7158,250440,75863,1212,1
7159,235882,71451,1212,1
7160,381184,115503,1212,1
7161,242228,73393,1212,1
7162,241942,73308,1212,1
7163,275770,83567,1212,1
7164,239296,72486,1212,1
7165,239820,72662,1212,1
7166,237944,72085,1212,1
7167,239732,72618,1212,1
7168,241602,73206,1212,1
7169,235326,71283,1212,1
7170,276912,83914,1212,1
7171,237780,72123,1212,1
7172,235232,71272,1212,1
7173,235922,71462,1212,1
7174,236452,71629,1212,1
7175,274544,83196,1212,1
7176,236250,71569,1212,1
7177,247624,75042,1212,1
7178,239626,72602,1212,1
7179,238712,72334,1212,1
7180,237656,71999,1212,1
7181,235120,71236,1212,1
7182,235998,71507,1212,1
7183,235810,71426,1212,1
7184,239348,72501,1212,1
7185,237640,72000,1212,1
7186,240666,72914,1212,1
7187,239370,72532,1212,1
7188,238460,72232,1212,1
7189,292046,88499,1212,1
7190,235280,71269,1212,1
7191,233026,70603,1212,1
7192,254546,77140,1212,1
7193,234014,70895,1212,1
7194,237050,71811,1212,1
7195,236040,71514,1212,1
7196,233978,70890,1212,1
7197,239418,72546,1212,1
7198,236562,71671,1212,1
7199,269296,81581,1212,1
7200,268782,81433,1212,1
7201,268298,81269,1212,1
7202,252120,76385,1212,1
7203,248634,75315,1212,1
7204,283328,86158,1212,1
7205,334766,101445,1212,1
7206,283712,85951,1212,1
7207,294134,89118,1212,1
7208,297706,90201,1212,1
7209,298128,90324,1212,1
7210,276312,83718,1212,1
7211,286360,86741,1212,1
7212,389264,117950,1212,1
7213,280054,84830,1212,1
7214,285400,86451,1212,1
7215,278480,84375,1212,1
7216,273886,82961,1212,1
7217,282540,85608,1212,1
7218,274404,83135,1212,1
7219,286978,86966,1212,1
7220,273680,82921,1212,1
7221,277362,84034,1212,1
7222,271670,82309,1212,1
7223,269586,81679,1212,1
7224,266198,80655,1212,1
7225,263558,79850,1212,1
7226,254068,76981,1212,1
7227,258004,78152,1212,1
7228,248102,75150,1212,1
7229,251164,76080,1212,1
7230,284540,86225,1212,1
7231,247800,75081,1212,1
7232,247296,74923,1212,1
7233,247598,75006,1212,1
7234,245884,74481,1212,1
7235,252070,76373,1212,1
7236,250478,75886,1212,1
7237,255666,77459,1212,1
7238,353212,107027,1212,1
7239,307194,93049,1212,1
7240,2250477,681802,1212,1
7241,245796,74470,1212,1
7242,297382,90099,1212,1
7243,302020,91504,1212,1
7244,245810,74475,1212,1
7245,242162,73373,1212,1
7246,237862,72068,1212,1
7247,242744,73553,1212,1
7248,236312,71581,1212,1
7249,235554,71371,1212,1
7250,236134,71533,1212,1
7251,234086,70923,1212,1
7252,240106,72750,1212,1
7253,240690,72925,1212,1
7254,241070,73036,1212,1
7255,239804,72653,1212,1
7256,243110,73659,1212,1
7257,246528,74689,1212,1
7258,245408,74360,1212,1
7259,231330,70069,1212,1
7260,238252,72186,1212,1
7261,235650,71396,1212,1
7262,239620,72605,1212,1
7263,237410,71915,1212,1
7264,238220,72179,1212,1
7265,270918,82106,1212,1
7266,250344,75869,1212,1
7267,237626,71986,1212,1
7268,318288,96451,1212,1
7269,274986,83315,1212,1
7270,234472,71042,1212,1
7271,238560,72263,1212,1
7272,236864,71757,1212,1
7273,238530,72272,1212,1
7274,240362,72822,1212,1
7275,238138,72140,1212,1
7276,237662,72004,1212,1
7277,238368,72203,1212,1
7278,235956,71473,1212,1
7279,239214,72488,1212,1
7280,237140,71833,1212,1
7281,238750,72335,1212,1
7282,236558,71663,1212,1
7283,238956,72387,1212,1
7284,240866,72981,1212,1
7285,240296,72807,1212,1
7286,234966,71194,1212,1
7287,240136,72764,1212,1
7288,237476,71939,1212,1
7289,239372,72528,1212,1
7290,242194,73362,1212,1
7291,238492,72261,1212,1
7292,239262,72488,1212,1
7293,252490,76497,1212,1
7294,238860,72367,1212,1
7295,237036,71817,1212,1
7296,237490,71938,1212,1
7297,266544,80773,1212,1
7298,237402,71933,1212,1
7299,242310,73419,1212,1
7300,245348,74358,1212,1
7301,242210,73390,1212,1
7302,241376,73115,1212,1
7303,239194,72474,1212,1
7304,456622,138332,1212,1
7305,373776,113232,1212,1
7306,241968,73307,1212,1
7307,239416,72522,1212,1
7308,236422,71620,1212,1
7309,351774,106550,1212,1
7310,259662,78691,1212,1
7311,234010,70897,1212,1
7312,238246,72184,1212,1
7313,236518,71656,1212,1
7314,237432,71938,1212,1
7315,236286,71585,1212,1
7316,238484,72258,1212,1
7317,237720,72016,1212,1
7318,235446,71340,1212,1
7319,238726,72338,1212,1
7320,235542,71348,1212,1
7321,244900,74203,1212,1
7322,285620,86550,1212,1
7323,241208,73085,1212,1
7324,238222,72160,1212,1
7325,237264,71880,1212,1
7326,235454,71344,1212,1
7327,238232,72180,1212,1
7328,305782,92642,1212,1
7329,239000,72394,1212,1
7330,273998,83035,1212,1
7331,235904,71463,1212,1
7332,235052,71199,1212,1
7333,237532,71950,1212,1
7334,233468,70725,1212,1
7335,236648,71697,1212,1
7336,239420,72523,1212,1
7337,243354,73723,1212,1
7338,238160,72154,1212,1
7339,259386,78595,1212,1
7340,247454,74979,1212,1
7341,236148,71533,1212,1
7342,270928,82096,1212,1
7343,237616,71984,1212,1
7344,237792,72027,1212,1
7345,240418,72825,1212,1
7346,234436,71020,1212,1
7347,237734,72027,1212,1
7348,237526,71950,1212,1
7349,236428,71622,1212,1
7350,238330,72192,1212,1
7351,241112,73064,1212,1
7352,238914,72369,1212,1
7353,240404,72895,1212,1
7354,239010,72398,1212,1
7355,274378,83131,1212,1
7356,272006,82416,1212,1
7357,264318,80087,1212,1
7358,312138,94550,1212,1
7359,400584,121374,1212,1
7360,278220,84332,1212,1
7361,257688,78078,1212,1
7362,253078,76675,1212,1
7363,260814,79003,1212,1
7364,260166,78815,1212,1
7365,258604,78354,1212,1
7366,259540,78639,1212,1
7367,291388,88301,1212,1
7368,260870,79032,1212,1
7369,256170,77605,1212,1
7370,304064,92141,1212,1
7371,265588,80470,1212,1
7372,275836,83574,1212,1
7373,308752,93535,1212,1
7374,476742,144519,1212,1
7375,277550,84100,1212,1
7376,277276,83999,1212,1
7377,277724,84152,1212,1
7378,274328,83116,1212,1
7379,277412,84041,1212,1
7380,312432,94683,1212,1
7381,299648,90813,1212,1
7382,286286,86738,1212,1
7383,282458,85561,1212,1
7384,283078,85771,1212,1
7385,290172,87895,1212,1
7386,289300,87656,1212,1
7387,294132,89118,1212,1
7388,292614,88655,1212,1
7389,323124,97920,1212,1
7390,288482,87401,1212,1
7391,294166,89112,1212,1
7392,329426,99830,1212,1
7393,290534,88007,1212,1
7394,297270,90057,1212,1
7395,288796,87487,1212,1
7396,341748,103561,1212,1
7397,294616,89253,1212,1
7398,328742,99622,1212,1
7399,324922,98469,1212,1
7400,303158,91849,1212,1
7401,334532,101409,1212,1
7402,300438,91024,1212,1
7403,300496,91045,1212,1
7404,295998,89680,1212,1
7405,294562,89246,1212,1
7406,293850,89028,1212,1
7407,288410,87378,1212,1
7408,289314,87654,1212,1
7409,453734,137500,1212,1
7410,409124,123955,1212,1
7411,275824,83569,1212,1
7412,292958,88787,1212,1
7413,268968,81486,1212,1
7414,263950,79968,1212,1
7415,271248,82187,1212,1
7416,505896,153302,1212,1
7417,276020,83634,1212,1
7418,302824,91771,1212,1
7419,283070,85766,1212,1
7420,281712,85367,1212,1
7421,289000,87593,1212,1
7422,278878,84500,1212,1
7423,277094,83946,1212,1
7424,243300,73712,1212,1
7425,239808,72653,1212,1
7426,241658,73199,1212,1
7427,223216,67620,1212,1
7428,220518,66813,1212,1
7429,229798,69621,1212,1
7430,360070,109093,1212,1
7431,218848,66288,1212,1
7432,218538,66198,1212,1
7433,235652,71400,1212,1
7434,222282,67330,1212,1
7435,241184,73069,1212,1
7436,264528,80163,1212,1
7437,244036,73941,1212,1
7438,213294,64624,1212,1
7439,209948,63612,1212,1
7440,212476,64360,1212,1
7441,232608,70501,1212,1
7442,216294,65518,1212,1
7443,238206,72155,1212,1
7444,223780,67786,1212,1
7445,223352,67652,1212,1
7446,219062,66374,1212,1
7447,223292,67659,1212,1
7448,239598,72592,1212,1
7449,224168,67919,1212,1
7450,237948,72075,1212,1
7451,238016,72106,1212,1
7452,232870,70540,1212,1
7453,233656,70796,1212,1
7454,235378,71318,1212,1
7455,245252,74327,1212,1
7456,242346,73426,1212,1
7457,249872,75715,1212,1
7458,276954,83915,1212,1
7459,394542,119511,1212,1
7460,302332,91579,1212,1
7461,300202,90935,1212,1
7462,308778,93578,1212,1
7463,306774,92925,1212,1
7464,297040,89977,1212,1
7465,295972,89677,1212,1
7466,212470,64376,1212,1
7467,223414,67693,1212,1
7468,212552,64384,1212,1
7469,242416,73462,1212,1
7470,215764,65367,1212,1
7471,228836,69325,1212,1
7472,232078,70298,1212,1
7473,240976,72992,1212,1
7474,236950,71790,1212,1
7475,240298,72805,1212,1
7476,231276,70076,1212,1
7477,251686,76258,1212,1
7478,260398,78895,1212,1
7479,247418,74942,1212,1
7480,244602,74097,1212,1
7481,243694,73836,1212,1
7482,612512,185675,1212,1
7483,246212,74598,1212,1
7484,299188,90660,1212,1
7485,249040,75449,1212,1
7486,252980,76653,1212,1
7487,245344,74333,1212,1
7488,238110,72140,1212,1
7489,242084,73344,1212,1
7490,240782,72948,1212,1
7491,235990,71497,1212,1
7492,239522,72564,1212,1
7493,242336,73420,1212,1
7494,232682,70496,1212,1
7495,231178,70041,1212,1
7496,226704,68689,1212,1
7497,217310,65825,1212,1
7498,245132,74270,1212,1
7499,214840,65079,1212,1
7500,227076,68781,1212,1
7501,225662,68374,1212,1
7502,239556,72569,1212,1
7503,233512,70773,1212,1
7504,226988,68758,1212,1
7505,225252,68237,1212,1
7506,227104,68799,1212,1
7507,221596,67142,1212,1
7508,235844,71443,1212,1
7509,227508,68919,1212,1
7510,226926,68746,1212,1
7511,336506,101960,1212,1
7512,296858,89951,1212,1
7513,233600,70766,1212,1
7514,223308,67640,1212,1
7515,215870,65406,1212,1
7516,215518,65300,1212,1
7517,222270,67328,1212,1
7518,228456,69220,1212,1
7519,216572,65603,1212,1
7520,262156,79442,1212,1
7521,216086,65456,1212,1
7522,215134,65178,1212,1
7523,219016,66383,1212,1
7524,218914,66310,1212,1
7525,230980,69968,1212,1
7526,214736,65046,1212,1
7527,218022,66056,1212,1
7528,218144,66091,1212,1
7529,217020,65739,1212,1
7530,216816,65694,1212,1
7531,214160,64878,1212,1
7532,215998,65429,1212,1
7533,213938,64805,1212,1
7534,216440,65573,1212,1
7535,521544,158012,1212,1
7536,212806,64477,1212,1
7537,214394,64950,1212,1
7538,244086,73953,1212,1
7539,216236,65516,1212,1
7540,214086,64848,1212,1
7541,279954,84799,1212,1
7542,241232,73092,1212,1
7543,229706,69621,1212,1
7544,216592,65609,1212,1
7545,248192,75202,1212,1
7546,218596,66231,1212,1
7547,239012,72397,1212,1
7548,223310,67657,1212,1
7549,238482,72255,1212,1
7550,217610,65934,1212,1
7551,215158,65188,1212,1
7552,253936,76961,1212,1
7553,217784,65968,1212,1
7554,236286,71591,1212,1
7555,213926,64820,1212,1
7556,214342,64943,1212,1
7557,213126,64556,1212,1
7558,211352,64021,1212,1
7559,237414,71935,1212,1
7560,225176,68215,1212,1
7561,213568,64705,1212,1
7562,212848,64480,1212,1
7563,253392,76788,1212,1
7564,754398,228776,1212,1
7565,236414,71632,1212,1
7566,238018,72105,1212,1
7567,236160,71536,1212,1
7568,219638,66531,1212,1
7569,224134,67910,1212,1
7570,221590,67120,1212,1
7571,234818,71146,1212,1
7572,236156,71534,1212,1
7573,442230,133997,1212,1
7574,361394,109527,1212,1
7575,237836,72042,1212,1
7576,240534,72860,1212,1
7577,232708,70496,1212,1
7578,239028,72425,1212,1
7579,304630,92306,1212,1
7580,260360,78886,1212,1
7581,224258,67951,1212,1
7582,220188,66699,1212,1
7583,213724,64738,1212,1
7584,225508,68340,1212,1
7585,218020,66040,1212,1
7586,266004,80606,1212,1
7587,217126,65769,1212,1
7588,344764,104434,1212,1
7589,284824,86300,1212,1
7590,287874,87225,1212,1
7591,264182,80040,1212,1
7592,266236,80660,1212,1
7593,262594,79564,1212,1
7594,295080,89423,1212,1
7595,264028,79976,1212,1
7596,358646,108688,1212,1
7597,264280,80073,1212,1
7598,262902,79657,1212,1
7599,306216,92793,1212,1
7600,266122,80634,1212,1
7601,258954,78441,1212,1
7602,262658,79581,1212,1
7603,264638,80179,1212,1
7604,264948,80280,1212,1
7605,277800,84191,1212,1
7606,328072,99413,1212,1
7607,270400,81926,1212,1
7608,278098,84262,1212,1
7609,271104,82119,1212,1
7610,270804,82037,1212,1
7611,271128,82147,1212,1
7612,286808,86918,1212,1
7613,272152,82462,1212,1
7614,268506,81349,1212,1
7615,309952,93890,1212,1
7616,271684,82304,1212,1
7617,271214,82175,1212,1
7618,260370,78879,1212,1
7619,261860,79332,1212,1
7620,257512,78003,1212,1
7621,258890,78437,1212,1
7622,372998,113021,1212,1
7623,250746,75972,1212,1
7624,256896,77815,1212,1
7625,263884,79973,1212,1
7626,257166,77921,1212,1
7627,258976,78470,1212,1
7628,261618,79246,1212,1
7629,252304,76446,1212,1
7630,247412,74961,1212,1
7631,250092,75755,1212,1
7632,252038,76364,1212,1
7633,246210,74580,1212,1
7634,239264,72481,1212,1
7635,234724,71099,1212,1
7636,236108,71527,1212,1
7637,235502,71351,1212,1
7638,232746,70524,1212,1
7639,232232,70359,1212,1
7640,237820,72036,1212,1
7641,240046,72724,1212,1
7642,227520,68919,1212,1
7643,219568,66507,1212,1
7644,222166,67311,1212,1
7645,224502,68041,1212,1
7646,218262,66115,1212,1
7647,213166,64568,1212,1
7648,236664,71688,1212,1
7649,212320,64316,1212,1
7650,252672,76567,1212,1
7651,217628,65939,1212,1
7652,220592,66835,1212,1
7653,221646,67139,1212,1
7654,218516,66189,1212,1
7655,220042,66652,1212,1
7656,216496,65596,1212,1
7657,213788,64772,1212,1
7658,217980,66047,1212,1
7659,245638,74422,1212,1
7660,228176,69121,1212,1
7661,224748,68099,1212,1
7662,217938,66014,1212,1
7663,257766,78112,1212,1
7664,221198,67003,1212,1
7665,273482,82867,1212,1
7666,270842,82086,1212,1
7667,279228,84615,1212,1
7668,246322,74618,1212,1
7669,244234,73999,1212,1
7670,377212,114287,1212,1
7671,245650,74430,1212,1
7672,245010,74233,1212,1
7673,245764,74465,1212,1
7674,246056,74531,1212,1
7675,244644,74106,1212,1
7676,252494,76507,1212,1
7677,246952,74804,1212,1
7678,256658,77765,1212,1
7679,261242,79158,1212,1
7680,396598,120180,1212,1
7681,273570,82886,1212,1
7682,270814,82047,1212,1
7683,261498,79228,1212,1
7684,283456,85880,1212,1
7685,277474,84088,1212,1
7686,268614,81410,1212,1
7687,257944,78155,1212,1
7688,255846,77497,1212,1
7689,354864,107538,1212,1
7690,254278,77043,1212,1
7691,257118,77884,1212,1
7692,256190,77621,1212,1
7693,259418,78603,1212,1
7694,275250,83399,1212,1
7695,259318,78550,1212,1
7696,311432,94377,1212,1
7697,284326,86163,1212,1
7698,288008,87279,1212,1
7699,274176,83065,1212,1
7700,273978,82992,1212,1
7701,275988,83624,1212,1
7702,310478,94099,1212,1
7703,282130,85480,1212,1
7704,285834,86604,1212,1
7705,287574,87129,1212,1
7706,362330,109790,1212,1
7707,294556,89260,1212,1
7708,289868,87828,1212,1
7709,283536,85888,1212,1
7710,275232,83390,1212,1
7711,274608,83181,1212,1
7712,275936,83593,1212,1
7713,321176,97327,1212,1
7714,267204,80940,1212,1
7715,262504,79536,1212,1
7716,287140,87020,1212,1
7717,261434,79206,1212,1
7718,265544,80456,1212,1
7719,256046,77559,1212,1
7720,255816,77508,1212,1
7721,294192,89155,1212,1
7722,251148,76083,1212,1
7723,245774,74464,1212,1
7724,295022,89401,1212,1
7725,246002,74518,1212,1
7726,237324,71896,1212,1
7727,239312,72530,1212,1
7728,601540,182261,1212,1
7729,231380,70109,1212,1
7730,277868,84204,1212,1
7731,231872,70238,1212,1
7732,231948,70260,1212,1
7733,402454,121928,1212,1
7734,239502,72563,1212,1
7735,221310,67035,1212,1
7736,224640,68139,1212,1
7737,220548,66812,1212,1
7738,223128,67600,1212,1
7739,215778,65361,1212,1
7740,277834,84153,1212,1
7741,227450,68901,1212,1
7742,215264,65226,1212,1
7743,220136,66696,1212,1
7744,217882,66000,1212,1
7745,267074,80948,1212,1
7746,216194,65509,1212,1
7747,217038,65760,1212,1
7748,242068,73358,1212,1
7749,314286,95234,1212,1
7750,240542,72861,1212,1
7751,220808,66888,1212,1
7752,209944,63597,1212,1
7753,245402,74366,1212,1
7754,221164,67012,1212,1
7755,238444,72243,1212,1
7756,266182,80664,1212,1
7757,239390,72532,1212,1
7758,212104,64249,1212,1
7759,214046,64851,1212,1
7760,215106,65159,1212,1
7761,236304,71595,1212,1
7762,209324,63407,1212,1
7763,236658,71693,1212,1
7764,212870,64498,1212,1
7765,211828,64166,1212,1
7766,211478,64057,1212,1
7767,237692,72020,1212,1
7768,248142,75208,1212,1
7769,215942,65425,1212,1
7770,212082,64242,1212,1
7771,239064,72433,1212,1
7772,216362,65544,1212,1
7773,218362,66158,1212,1
7774,235322,71300,1212,1
7775,236384,71626,1212,1
7776,236718,71724,1212,1
7777,242682,73530,1212,1
7778,264136,80048,1212,1
7779,234586,71060,1212,1
7780,344832,104479,1212,1
7781,237064,71820,1212,1
7782,239690,72611,1212,1
7783,253688,76881,1212,1
7784,260478,78919,1212,1
7785,356762,108103,1212,1
7786,280990,85115,1212,1
7787,239290,72504,1212,1
7788,241638,73233,1212,1
7789,238412,72219,1212,1
7790,231230,70050,1212,1
7791,228326,69181,1212,1
7792,231456,70109,1212,1
7793,234114,70936,1212,1
7794,227724,68995,1212,1
7795,239930,72674,1212,1
7796,274610,83215,1212,1
7797,227252,68853,1212,1
7798,230244,69753,1212,1
7799,219300,66427,1212,1
7800,262988,79696,1212,1
7801,225200,68236,1212,1
7802,218284,66121,1212,1
7803,244894,74193,1212,1
7804,236754,71716,1212,1
7805,239734,72635,1212,1
7806,317508,96216,1212,1
7807,246870,74785,1212,1
7808,242826,73568,1212,1
7809,231100,70039,1212,1
7810,214350,64942,1212,1
7811,339176,102747,1212,1
7812,242222,73396,1212,1
7813,241694,73230,1212,1
7814,245456,74367,1212,1
7815,241420,73135,1212,1
7816,243038,73636,1212,1
7817,253048,76671,1212,1
7818,244202,73988,1212,1
7819,240472,72856,1212,1
7820,248076,75160,1212,1
7821,242162,73568,1212,1
7822,244016,73930,1212,1
7823,245368,74339,1212,1
7824,240564,72883,1212,1
7825,240444,72852,1212,1
7826,222746,67495,1212,1
7827,237878,72054,1212,1
7828,212922,64496,1212,1
7829,218888,66338,1212,1
7830,210936,63894,1212,1
7831,212996,64533,1212,1
7832,223994,67850,1212,1
7833,221976,67246,1212,1
7834,232612,70475,1212,1
7835,239692,72625,1212,1
7836,237328,71902,1212,1
7837,242282,73407,1212,1
7838,241908,73277,1212,1
7839,553290,167623,1212,1
7840,363070,110003,1212,1
7841,340164,103064,1212,1
7842,384456,116489,1212,1
7843,413238,125207,1212,1
7844,272438,82547,1212,1
7845,264054,80013,1212,1
7846,270182,81856,1212,1
7847,299172,90625,1212,1
7848,319786,96879,1212,1
7849,263292,79777,1212,1
7850,278190,84312,1212,1
7851,260698,78968,1212,1
7852,265174,80324,1212,1
7853,260624,78964,1212,1
7854,302012,91519,1212,1
7855,256336,77663,1212,1
7856,259024,78480,1212,1
7857,265838,80543,1212,1
7858,346208,104867,1212,1
7859,281918,85415,1212,1
7860,284716,86279,1212,1
7861,398380,120700,1212,1
7862,255442,77396,1212,1
7863,355814,108503,1212,1
7864,518682,157145,1212,1
7865,439332,133102,1212,1
7866,399418,121022,1212,1
7867,478302,144906,1212,1
7868,555110,168177,1212,1
7869,476122,144252,1212,1
7870,356222,107941,1212,1
7871,328646,99572,1212,1
7872,282198,85496,1212,1
7873,294620,89262,1212,1
7874,291024,88169,1212,1
7875,294364,89187,1212,1
7876,293120,88804,1212,1
7877,290154,87909,1212,1
7878,286670,86858,1212,1
7879,287778,87192,1212,1
7880,289344,87662,1212,1
7881,292872,88736,1212,1
7882,415904,126058,1212,1
7883,488408,147981,1212,1
7884,482380,146146,1212,1
7885,473688,143511,1212,1
7886,290136,87906,1212,1
7887,286748,86865,1212,1
7888,289036,87754,1212,1
7889,286064,86668,1212,1
7890,285752,86599,1212,1
7891,276440,83737,1212,1
7892,279918,84810,1212,1
7893,276834,83854,1212,1
7894,381524,115602,1212,1
7895,276248,83705,1212,1
7896,268692,81406,1212,1
7897,266900,80844,1212,1
7898,267864,81157,1212,1
7899,473600,143490,1212,1
7900,439046,133031,1212,1
7901,444462,134661,1212,1
7902,268226,81270,1212,1
7903,269056,81517,1212,1
7904,268796,81438,1212,1
7905,285944,86656,1212,1
7906,261832,79326,1212,1
7907,259760,78707,1212,1
7908,283102,85797,1212,1
7909,259400,78593,1212,1
7910,309040,93714,1212,1
7911,254014,76960,1212,1
7912,256060,77583,1212,1
7913,254020,76962,1212,1
7914,253540,76816,1212,1
7915,262664,79581,1212,1
7916,258448,78302,1212,1
7917,267574,81068,1212,1
7918,259516,78628,1212,1
7919,262086,79409,1212,1
7920,260960,79062,1212,1
7921,285620,86555,1212,1
7922,264384,80106,1212,1
7923,257898,78136,1212,1
7924,265948,80582,1212,1
7925,265380,80394,1212,1
7926,263080,79713,1212,1
7927,329974,99986,1212,1
7928,263850,79939,1212,1
7929,262206,79424,1212,1
7930,255840,77498,1212,1
7931,475514,144121,1212,1
7932,280162,84894,1212,1
7933,259570,78645,1212,1
7934,251612,76233,1212,1
7935,256664,77767,1212,1
7936,254092,76984,1212,1
7937,255442,77391,1212,1
7938,253654,76855,1212,1
7939,257750,78087,1212,1
7940,292770,88706,1212,1
7941,242410,73443,1212,1
7942,236172,71539,1212,1
7943,241830,73250,1212,1
7944,252190,76418,1212,1
7945,241410,73145,1212,1
7946,272440,82557,1212,1
7947,231220,70057,1212,1
7948,240324,72795,1212,1
7949,226974,68765,1212,1
7950,225566,68335,1212,1
7951,245424,74386,1212,1
7952,227428,68890,1212,1
7953,269016,81495,1212,1
7954,252338,76452,1212,1
7955,241338,73117,1212,1
7956,242810,73564,1212,1
7957,241974,73311,1212,1
7958,263476,79825,1212,1
7959,245146,74253,1212,1
7960,236374,71622,1212,1
7961,238464,72252,1212,1
7962,237796,72038,1212,1
7963,235628,71378,1212,1
7964,237108,71844,1212,1
7965,239684,72602,1212,1
7966,236100,71534,1212,1
7967,217770,65981,1212,1
7968,248302,75226,1212,1
7969,220952,66938,1212,1
7970,248202,75213,1212,1
7971,218578,66221,1212,1
7972,220724,66896,1212,1
7973,240532,72867,1212,1
7974,214050,64853,1212,1
7975,213008,64522,1212,1
7976,211938,64220,1212,1
7977,239188,72467,1212,1
7978,237800,72049,1212,1
7979,237440,71924,1212,1
7980,213318,64637,1212,1
7981,241794,73241,1212,1
7982,211910,64196,1212,1
7983,212908,64502,1212,1
7984,332336,100681,1212,1
7985,236908,71780,1212,1
7986,236216,71554,1212,1
7987,237192,71848,1212,1
7988,222856,67528,1212,1
7989,240204,72767,1212,1
7990,234804,71143,1212,1
7991,393820,119319,1212,1
7992,617936,187224,1212,1
7993,245724,74449,1212,1
7994,335954,101789,1212,1
7995,246232,74611,1212,1
7996,245806,74470,1212,1
7997,241828,73267,1212,1
7998,243068,73638,1212,1
7999,525668,159287,1212,1
8000,247550,75008,1212,1
8001,245096,74260,1212,1
8002,241468,73157,1212,1
8003,241936,73298,1212,1
8004,243292,73709,1212,1
8005,240978,73008,1212,1
8006,245708,74439,1212,1
8007,245162,74273,1212,1
8008,235800,71443,1212,1
8009,236416,71611,1212,1
8010,392320,118865,1212,1
8011,245484,74365,1212,1
8012,255252,77351,1212,1
8013,261856,79326,1212,1
8014,236154,71539,1212,1
8015,236368,71619,1212,1
8016,240926,72998,1212,1
8017,262022,79405,1212,1
8018,240214,72761,1212,1
8019,764684,231633,1212,1
8020,463500,140531,1212,1
8021,270962,82091,1212,1
8022,238022,72115,1212,1
8023,240704,72925,1212,1
8024,242134,73356,1212,1
8025,240922,72991,1212,1
8026,242904,73595,1212,1
8027,237860,72066,1212,1
8028,210588,63803,1212,1
8029,234398,71017,1212,1
8030,238938,72389,1212,1
8031,233736,70817,1212,1
8032,242452,73465,1212,1
8033,236326,71602,1212,1
8034,442692,134186,1212,1
8035,252810,76622,1212,1
8036,240706,72924,1212,1
8037,243334,73723,1212,1
8038,238944,72397,1212,1
8039,271206,82186,1212,1
8040,492264,149137,1212,1
8041,244218,74117,1212,1
8042,284478,86205,1212,1
8043,237632,71999,1212,1
8044,237566,71962,1212,1
8045,236682,71713,1212,1
8046,235094,71232,1212,1
8047,237914,72075,1212,1
8048,236772,71726,1212,1
8049,247422,74963,1212,1
8050,258088,78211,1212,1
8051,241724,73240,1212,1
8052,269474,81662,1212,1
8053,252286,76455,1212,1
8054,238068,72115,1212,1
8055,238062,72109,1212,1
8056,237672,72009,1212,1
8057,318894,96634,1212,1
8058,280668,85043,1212,1
8059,285092,86377,1212,1
8060,281072,85157,1212,1
8061,243660,73824,1212,1
8062,246344,74635,1212,1
8063,1049639,318194,1212,1
8064,345608,104715,1212,1
8065,383256,116117,1212,1
8066,246192,74590,1212,1
8067,266214,80673,1212,1
8068,239778,72651,1212,1
8069,236254,71586,1212,1
8070,235630,71375,1212,1
8071,236244,71563,1212,1
8072,240828,72968,1212,1
8073,302660,91741,1212,1
8074,275062,83337,1212,1
8075,239140,72472,1212,1
8076,313374,94959,1212,1
8077,239430,72547,1212,1
8078,351688,106556,1212,1
8079,281454,85292,1212,1
8080,252228,76421,1212,1
8081,235364,71315,1212,1
8082,249082,75757,1212,1
8083,255682,77487,1212,1
8084,235550,71369,1212,1
8085,269106,81550,1212,1
8086,237142,71841,1212,1
8087,280574,85011,1212,1
8088,452420,137092,1212,1
8089,401024,121506,1212,1
8090,268852,81454,1212,1
8091,263652,79882,1212,1
8092,261390,79193,1212,1
8093,273696,82935,1212,1
8094,251852,76309,1212,1
8095,272448,82549,1212,1
8096,240288,72807,1212,1
8097,244950,74206,1212,1
8098,308228,93397,1212,1
8099,243638,73800,1212,1
8100,345012,104542,1212,1
8101,260178,78808,1212,1
8102,288778,87520,1212,1
8103,305118,92480,1212,1
8104,291800,88415,1212,1
8105,304790,92335,1212,1
8106,363738,110225,1212,1
8107,294536,89217,1212,1
8108,399560,121071,1212,1
8109,286410,86780,1212,1
8110,304034,92126,1212,1
8111,289578,87745,1212,1
8112,324902,98468,1212,1
8113,478216,144892,1212,1
8114,288930,87551,1212,1
8115,285350,86453,1212,1
8116,316014,95764,1212,1
8117,275414,83435,1212,1
8118,302478,91749,1212,1
8119,283024,85756,1212,1
8120,285872,86615,1212,1
8121,279594,84713,1212,1
8122,340310,103083,1212,1
8123,286652,86831,1212,1
8124,415280,125825,1212,1
8125,440018,133321,1212,1
8126,318014,96387,1212,1
8127,333900,101231,1212,1
8128,410666,124589,1212,1
8129,409592,124101,1212,1
8130,299606,90778,1212,1
8131,296854,89944,1212,1
8132,296028,89694,1212,1
8133,326164,98799,1212,1
8134,314078,95190,1212,1
8135,297734,90195,1212,1
8136,294726,89276,1212,1
8137,293396,88880,1212,1
8138,294368,89190,1212,1
8139,298020,90293,1212,1
8140,292254,88546,1212,1
8141,288950,87542,1212,1
8142,295674,89585,1212,1
8143,291364,88333,1212,1
8144,286806,87010,1212,1
8145,301472,91360,1212,1
8146,330756,100209,1212,1
8147,281136,85160,1212,1
8148,389654,118068,1212,1
8149,310520,94104,1212,1
8150,1348458,409919,1212,1
8151,421030,127636,1212,1
8152,426510,129278,1212,1
8153,283376,85858,1212,1
8154,282152,85498,1212,1
8155,277870,84196,1212,1
8156,271832,82359,1212,1
8157,298258,90385,1212,1
8158,267770,81116,1212,1
8159,267608,81083,1212,1
8160,267946,81163,1212,1
8161,269056,81519,1212,1
8162,270554,81974,1212,1
8163,270524,81957,1212,1
8164,279448,84661,1212,1
8165,439286,133090,1212,1
8166,275396,83444,1212,1
8167,274436,83148,1212,1
8168,274642,83213,1212,1
8169,281528,85297,1212,1
8170,284386,86164,1212,1
8171,498576,151536,1212,1
8172,457124,138500,1212,1
8173,281494,85724,1212,1
8174,289782,87837,1212,1
8175,322666,97768,1212,1
8176,279458,84671,1212,1
8177,280536,84993,1212,1
8178,439744,133507,1212,1
8179,270644,82005,1212,1
8180,275572,83490,1212,1
8181,279564,84700,1212,1
8182,278306,84308,1212,1
8183,272164,82461,1212,1
8184,275120,83353,1212,1
8185,297778,90220,1212,1
8186,275990,83613,1212,1
8187,268192,81253,1212,1
8188,269154,81553,1212,1
8189,270340,81909,1212,1
8190,270928,82088,1212,1
8191,265660,80493,1212,1
8192,259226,78550,1212,1
8193,258948,78437,1212,1
8194,265078,80324,1212,1
8195,260492,78913,1212,1
8196,298244,90364,1212,1
8197,262708,79599,1212,1
8198,275132,83368,1212,1
8199,428014,129677,1212,1
8200,266124,80614,1212,1
8201,267680,81103,1212,1
8202,268200,81264,1212,1
8203,270678,82010,1212,1
8204,276404,83746,1212,1
8205,304572,92299,1212,1
8206,277786,84143,1212,1
8207,281922,85395,1212,1
8208,283244,85797,1212,1
8209,285262,86428,1212,1
8210,283898,86013,1212,1
8211,296204,89745,1212,1
8212,284182,86101,1212,1
8213,283390,85840,1212,1
8214,281962,85410,1212,1
8215,294626,89298,1212,1
8216,576941,175247,1212,1
8217,328482,99541,1212,1
8218,290842,88117,1212,1
8219,289086,87586,1212,1
8220,287316,87049,1212,1
8221,294098,89107,1212,1
8222,288742,87958,1212,1
8223,297902,90823,1212,1
8224,295816,89626,1212,1
8225,319280,96755,1212,1
8226,291116,88198,1212,1
8227,292318,88558,1212,1
8228,292756,88692,1212,1
8229,287152,87004,1212,1
8230,531770,161124,1212,1
8231,297556,90158,1212,1
8232,283694,85953,1212,1
8233,281948,85411,1212,1
8234,317054,96079,1212,1
8235,332468,100786,1212,1
8236,282212,85504,1212,1
8237,288234,87324,1212,1
8238,273650,82905,1212,1
8239,322180,97636,1212,1
8240,273892,82991,1212,1
8241,273550,82883,1212,1
8242,303768,92050,1212,1
8243,261422,79204,1212,1
8244,257390,77982,1212,1
8245,255550,77422,1212,1
8246,253594,76827,1212,1
8247,253080,76673,1212,1
8248,256016,77566,1212,1
8249,252518,76508,1212,1
8250,245226,74303,1212,1
8251,242868,73572,1212,1
8252,280170,85333,1212,1
8253,240712,72925,1212,1
8254,237512,71957,1212,1
8255,239642,72605,1212,1
8256,247206,74916,1212,1
8257,240442,72853,1212,1
8258,236832,71755,1212,1
8259,235734,71425,1212,1
8260,237062,71826,1212,1
8261,236434,71618,1212,1
8262,236596,71668,1212,1
8263,235612,71389,1212,1
8264,240508,72867,1212,1
8265,362000,109694,1212,1
8266,299186,90650,1212,1
8267,338326,102526,1212,1
8268,300858,91142,1212,1
8269,301756,91428,1212,1
8270,295268,89460,1212,1
8271,293684,88975,1212,1
8272,297612,90171,1212,1
8273,389412,118001,1212,1
8274,360822,109300,1212,1
8275,365974,110884,1212,1
8276,375946,113938,1212,1
8277,368842,111734,1212,1
8278,359608,108954,1212,1
8279,309250,93690,1212,1
8280,309392,93727,1212,1
8281,309678,93804,1212,1
8282,308922,93596,1212,1
8283,313446,95124,1212,1
8284,310270,94003,1212,1
8285,225558,68336,1212,1
8286,227388,68884,1212,1
8287,263440,79800,1212,1
8288,345330,104639,1212,1
8289,244492,74074,1212,1
8290,236964,71796,1212,1
8291,352076,106673,1212,1
8292,346340,104935,1212,1
8293,344868,104484,1212,1
8294,288354,87345,1212,1
8295,292574,88644,1212,1
8296,305478,92587,1212,1
8297,294572,89244,1212,1
8298,291010,88149,1212,1
8299,292622,88635,1212,1
8300,290426,87992,1212,1
8301,294432,89184,1212,1
8302,293582,88925,1212,1
8303,427730,129600,1212,1
8304,222016,67270,1212,1
8305,219804,66597,1212,1
8306,222694,67469,1212,1
8307,220670,66858,1212,1
8308,223120,67610,1212,1
8309,221916,67222,1212,1
8310,239600,72575,1212,1
8311,223980,67846,1212,1
8312,210676,63829,1212,1
8313,545920,165379,1212,1
8314,238054,72133,1212,1
8315,237450,71925,1212,1
8316,234514,71077,1212,1
8317,221020,66950,1212,1
8318,239584,72572,1212,1
8319,233780,70814,1212,1
8320,274536,83193,1212,1
8321,237296,71894,1212,1
8322,212932,64500,1212,1
8323,214994,65120,1212,1
8324,237158,71849,1212,1
8325,235132,71238,1212,1
8326,237088,71814,1212,1
8327,262814,79643,1212,1
8328,237082,71815,1212,1
8329,219546,66520,1212,1
8330,235558,71362,1212,1
8331,225224,68239,1212,1
8332,234424,71015,1212,1
8333,226966,68749,1212,1
8334,238146,72153,1212,1
8335,218482,66185,1212,1
8336,260352,78882,1212,1
8337,218604,66228,1212,1
8338,217006,65747,1212,1
8339,226168,68523,1212,1
8340,343262,104008,1212,1
8341,240462,72855,1212,1
8342,246278,74609,1212,1
8343,244748,74152,1212,1
8344,242292,73416,1212,1
8345,244920,74202,1212,1
8346,242566,73504,1212,1
8347,238100,72137,1212,1
8348,238692,72309,1212,1
8349,238428,72220,1212,1
8350,238986,72404,1212,1
8351,235404,71325,1212,1
8352,236746,71733,1212,1
8353,238534,72273,1212,1
8354,243112,73661,1212,1
8355,240272,72778,1212,1
8356,236340,71587,1212,1
8357,364898,110583,1212,1
8358,236122,71537,1212,1
8359,234604,71066,1212,1
8360,237046,71803,1212,1
8361,243774,73857,1212,1
8362,236820,71740,1212,1
8363,234242,70959,1212,1
8364,236294,71587,1212,1
8365,263412,79810,1212,1
8366,213744,64764,1212,1
8367,214252,64906,1212,1
8368,237694,72004,1212,1
8369,224564,68038,1212,1
8370,230106,69725,1212,1
8371,310592,94113,1212,1
8372,217340,65853,1212,1
8373,213978,64829,1212,1
8374,225366,68271,1212,1
8375,222104,67297,1212,1
8376,216424,65557,1212,1
8377,234376,71023,1212,1
8378,216942,65714,1212,1
8379,230626,69879,1212,1
8380,219160,66386,1212,1
8381,216360,65536,1212,1
8382,271996,82423,1212,1
8383,218680,66254,1212,1
8384,346046,104844,1212,1
8385,305358,92713,1212,1
8386,245800,74475,1212,1
8387,246198,74593,1212,1
8388,243436,73754,1212,1
8389,246462,74677,1212,1
8390,242798,73564,1212,1
8391,243378,73735,1212,1
8392,237738,72027,1212,1
8393,242702,73533,1212,1
8394,220668,66858,1212,1
8395,233578,70767,1212,1
8396,216242,65518,1212,1
8397,216888,65717,1212,1
8398,244882,74205,1212,1
8399,233990,70878,1212,1
8400,235222,71250,1212,1
8401,239724,72615,1212,1
8402,233006,70590,1212,1
8403,346824,105095,1212,1
8404,235606,71369,1212,1
8405,235226,71275,1212,1
8406,262664,79598,1212,1
8407,211104,63962,1212,1
8408,214014,64826,1212,1
8409,218412,66165,1212,1
8410,219064,66373,1212,1
8411,221522,67114,1212,1
8412,221964,67243,1212,1
8413,271002,82102,1212,1
8414,276670,83822,1212,1
8415,275696,83521,1212,1
8416,237106,71843,1212,1
8417,239514,72568,1212,1
8418,234906,71179,1212,1
8419,238126,72150,1212,1
8420,223962,67847,1212,1
8421,233950,70866,1212,1
8422,221182,67014,1212,1
8423,214846,65094,1212,1
8424,237736,72035,1212,1
8425,219720,66562,1212,1
8426,229506,69633,1212,1
8427,239158,72444,1212,1
8428,228928,69352,1212,1
8429,236350,71605,1212,1
8430,235224,71256,1212,1
8431,238280,72199,1212,1
8432,243596,73801,1212,1
8433,213472,64680,1212,1
8434,217382,65860,1212,1
8435,218054,66069,1212,1
8436,210960,63920,1212,1
8437,210222,63685,1212,1
8438,223758,67783,1212,1
8439,213422,64671,1212,1
8440,212412,64355,1212,1
8441,211388,64046,1212,1
8442,214520,64984,1212,1
8443,222304,67354,1212,1
8444,216606,65630,1212,1
8445,216066,65457,1212,1
8446,216362,65545,1212,1
8447,234508,71040,1212,1
8448,219774,66587,1212,1
8449,217424,65881,1212,1
8450,217722,65956,1212,1
8451,215952,65420,1212,1
8452,215550,65299,1212,1
8453,234278,70980,1212,1
8454,217378,65852,1212,1
8455,217140,65781,1212,1
8456,218588,66225,1212,1
8457,242552,73487,1212,1
8458,237534,71958,1212,1
8459,288550,87433,1212,1
8460,212792,64457,1212,1
8461,275290,83406,1212,1
8462,214000,64840,1212,1
8463,214644,65035,1212,1
8464,210562,63782,1212,1
8465,236444,71619,1212,1
8466,212324,64321,1212,1
8467,237586,71980,1212,1
8468,236540,71670,1212,1
8469,225536,68315,1212,1
8470,217582,65923,1212,1
8471,216314,65524,1212,1
8472,242160,73374,1212,1
8473,237772,72040,1212,1
8474,228286,69150,1212,1
8475,243784,73859,1212,1
8476,222332,67365,1212,1
8477,253568,76830,1212,1
8478,295936,89676,1212,1
8479,258544,78350,1212,1
8480,249244,75498,1212,1
8481,243314,73713,1212,1
8482,325922,98773,1212,1
8483,250142,75770,1212,1
8484,251398,76174,1212,1
8485,250332,75835,1212,1
8486,255490,77411,1212,1
8487,256004,77555,1212,1
8488,348340,105545,1212,1
8489,340218,103087,1212,1
8490,253602,76837,1212,1
8491,263858,79940,1212,1
8492,267810,81122,1212,1
8493,265814,80538,1212,1
8494,258176,78217,1212,1
8495,351514,106509,1212,1
8496,260062,78791,1212,1
8497,260198,78837,1212,1
8498,262600,79564,1212,1
8499,258244,78225,1212,1
8500,503390,152546,1212,1
8501,259382,78592,1212,1
8502,264082,80015,1212,1
8503,260764,78993,1212,1
8504,264580,80162,1212,1
8505,258290,78266,1212,1
8506,262888,79651,1212,1
8507,263222,79752,1212,1
8508,263334,79783,1212,1
8509,262698,79591,1212,1
8510,270560,81976,1212,1
8511,296566,89875,1212,1
8512,272338,82505,1212,1
8513,450608,136521,1212,1
8514,350372,106167,1212,1
8515,286590,86822,1212,1
8516,279256,84598,1212,1
8517,278074,84248,1212,1
8518,285684,86553,1212,1
8519,271422,82235,1212,1
8520,276094,83681,1212,1
8521,263616,79874,1212,1
8522,258762,78392,1212,1
8523,255618,77434,1212,1
8524,251156,76095,1212,1
8525,247176,74888,1212,1
8526,244268,73999,1212,1
8527,241802,73244,1212,1
8528,243170,73659,1212,1
8529,241698,73214,1212,1
8530,272508,82583,1212,1
8531,245422,74347,1212,1
8532,231912,70248,1212,1
8533,228470,69206,1212,1
8534,233728,70798,1212,1
8535,230650,69866,1212,1
8536,231878,70256,1212,1
8537,223402,67668,1212,1
8538,223088,67591,1212,1
8539,261418,79192,1212,1
8540,422046,127883,1212,1
8541,241868,73310,1212,1
8542,212298,64306,1212,1
8543,239912,72671,1212,1
8544,210124,63649,1212,1
8545,212794,64464,1212,1
8546,211760,64154,1212,1
8547,214460,64968,1212,1
8548,213514,64675,1212,1
8549,213746,64759,1212,1
8550,216936,65713,1212,1
8551,242036,73348,1212,1
8552,216618,65632,1212,1
8553,219426,66467,1212,1
8554,234186,70935,1212,1
8555,261198,79151,1212,1
8556,218516,66206,1212,1
8557,213328,64619,1212,1
8558,217584,65907,1212,1
8559,226934,68761,1212,1
8560,249140,75493,1212,1
8561,288940,87577,1212,1
8562,228384,69180,1212,1
8563,217494,65881,1212,1
8564,218086,66062,1212,1
8565,217464,65884,1212,1
8566,218106,66086,1212,1
8567,218664,66236,1212,1
8568,265588,80479,1212,1
8569,217082,65773,1212,1
8570,215806,65378,1212,1
8571,215380,65248,1212,1
8572,319656,96851,1212,1
8573,312756,94767,1212,1
8574,292928,88771,1212,1
8575,299242,90677,1212,1
8576,406658,123210,1212,1
8577,360304,109164,1212,1
8578,216788,65692,1212,1
8579,215104,65176,1212,1
8580,213726,64759,1212,1
8581,245620,74442,1212,1
8582,293986,89088,1212,1
8583,281886,85418,1212,1
8584,219038,66365,1212,1
8585,220424,66783,1212,1
8586,214032,64848,1212,1
8587,213998,64836,1212,1
8588,270076,81841,1212,1
8589,217702,65954,1212,1
8590,217920,66026,1212,1
8591,240528,72877,1212,1
8592,221164,67010,1212,1
8593,215154,65180,1212,1
8594,332418,100728,1212,1
8595,238558,72285,1212,1
8596,236564,71675,1212,1
8597,238166,72149,1212,1
8598,237942,72098,1212,1
8599,238110,72145,1212,1
8600,235910,71470,1212,1
8601,237490,71943,1212,1
8602,317830,96307,1212,1
8603,246900,74804,1212,1
8604,311610,94399,1212,1
8605,390242,118232,1212,1
8606,336734,102030,1212,1
8607,242614,73514,1212,1
8608,245162,74284,1212,1
8609,243048,73639,1212,1
8610,269636,81711,1212,1
8611,241438,73148,1212,1
8612,240012,72722,1212,1
8613,246082,74556,1212,1
8614,244142,73970,1212,1
8615,244626,74117,1212,1
8616,240896,72989,1212,1
8617,272822,82677,1212,1
8618,244300,74018,1212,1
8619,289374,87690,1212,1
8620,279642,84745,1212,1
8621,273032,82739,1212,1
8622,252036,76407,1212,1
8623,240264,72793,1212,1
8624,259466,78605,1212,1
8625,238868,72359,1212,1
8626,243938,73909,1212,1
8627,279120,84580,1212,1
8628,244538,74085,1212,1
8629,241346,73117,1212,1
8630,246920,74793,1212,1
8631,246444,74665,1212,1
8632,240670,72919,1212,1
8633,249960,75725,1212,1
8634,244592,74101,1212,1
8635,242100,73346,1212,1
8636,283368,85868,1212,1
8637,574110,173972,1212,1
8638,327050,99093,1212,1
8639,324130,98226,1212,1
8640,244630,74118,1212,1
8641,246200,74591,1212,1
8642,294696,89300,1212,1
8643,249028,75468,1212,1
8644,241116,73037,1212,1
8645,241868,73273,1212,1
8646,870354,263727,1212,1
8647,408576,123792,1212,1
8648,360396,109185,1212,1
8649,378328,114610,1212,1
8650,249136,75487,1212,1
8651,302594,91695,1212,1
8652,355426,107772,1212,1
8653,349668,105947,1212,1
8654,390480,118427,1212,1
8655,239460,72553,1212,1
8656,288122,87313,1212,1
8657,245510,74375,1212,1
8658,246140,74573,1212,1
8659,240034,72724,1212,1
8660,292072,88504,1212,1
8661,242792,73563,1212,1
8662,244872,74191,1212,1
8663,539282,163401,1212,1
8664,241920,73297,1212,1
8665,245010,74233,1212,1
8666,242838,73573,1212,1
8667,218028,66058,1212,1
8668,241370,73127,1212,1
8669,233872,70853,1212,1
8670,216036,65450,1212,1
8671,219026,66354,1212,1
8672,1727026,524025,1212,1
8673,335374,101628,1212,1
8674,218082,66071,1212,1
8675,216302,65533,1212,1
8676,216288,65515,1212,1
8677,215472,65267,1212,1
8678,242430,73439,1212,1
8679,250234,75839,1212,1
8680,261684,79303,1212,1
8681,239474,72558,1212,1
8682,242028,73310,1212,1
8683,233328,70782,1212,1
8684,238130,72133,1212,1
8685,238280,72176,1212,1
8686,321356,97371,1212,1
8687,229236,69446,1212,1
8688,219254,66426,1212,1
8689,237512,71949,1212,1
8690,277470,84072,1212,1
8691,238452,72248,1212,1
8692,222126,67285,1212,1
8693,282474,85587,1212,1
8694,325120,98523,1212,1
8695,255196,77323,1212,1
8696,257948,78150,1212,1
8697,244558,74078,1212,1
8698,242194,73369,1212,1
8699,400785,122048,1212,1
8700,251820,76298,1212,1
8701,447586,135598,1212,1
8702,250892,76020,1212,1
8703,289718,87822,1212,1
8704,295780,89600,1212,1
8705,283508,85885,1212,1
8706,298356,90419,1212,1
8707,307714,93247,1212,1
8708,262292,79451,1212,1
8709,256520,77724,1212,1
8710,248390,75259,1212,1
8711,246472,74674,1212,1
8712,245072,74253,1212,1
8713,252120,76384,1212,1
8714,243464,73771,1212,1
8715,236890,71755,1212,1
8716,234166,70931,1212,1
8717,237362,71915,1212,1
8718,232152,70341,1212,1
8719,239774,72647,1212,1
8720,240202,72759,1212,1
8721,223656,67762,1212,1
8722,229242,69454,1212,1
8723,221086,66985,1212,1
8724,242400,73461,1212,1
8725,236832,71739,1212,1
8726,237912,72079,1212,1
8727,239070,72435,1212,1
8728,236586,71665,1212,1
8729,233434,70715,1212,1
8730,236834,71738,1212,1
8731,235520,71344,1212,1
8732,237772,72041,1212,1
8733,243830,73874,1212,1
8734,224298,67940,1212,1
8735,237430,71921,1212,1
8736,236474,71646,1212,1
8737,238676,72312,1212,1
8738,237002,71810,1212,1
8739,237872,72070,1212,1
8740,237556,71974,1212,1
8741,233118,70628,1212,1
8742,217638,65944,1212,1
8743,234312,70990,1212,1
8744,229384,69504,1212,1
8745,216564,65606,1212,1
8746,217534,65892,1212,1
8747,214380,64943,1212,1
8748,235318,71293,1212,1
8749,218048,66064,1212,1
8750,218402,66157,1212,1
8751,218984,66350,1212,1
8752,251478,76211,1212,1
8753,257388,78001,1212,1
8754,297458,90114,1212,1
8755,360180,109133,1212,1
8756,239222,72462,1212,1
8757,238012,72116,1212,1
8758,237318,71893,1212,1
8759,238642,72285,1212,1
8760,235640,71388,1212,1
8761,236682,71708,1212,1
8762,240376,72827,1212,1
8763,238854,72371,1212,1
8764,238918,72378,1212,1
8765,250852,76009,1212,1
8766,235982,71502,1212,1
8767,238712,72308,1212,1
8768,235116,71221,1212,1
8769,261638,79287,1212,1
8770,241292,73089,1212,1
8771,246202,74596,1212,1
8772,241644,73216,1212,1
8773,235860,71449,1212,1
8774,263378,79790,1212,1
8775,237672,71992,1212,1
8776,242398,73445,1212,1
8777,236282,71677,1212,1
8778,320666,97165,1212,1
8779,282682,85663,1212,1
8780,238308,72187,1212,1
8781,236692,71708,1212,1
8782,237832,72041,1212,1
8783,281676,85367,1212,1
8784,235638,71376,1212,1
8785,247844,75116,1212,1
8786,233754,70808,1212,1
8787,237946,72077,1212,1
8788,239762,72643,1212,1
8789,235664,71400,1212,1
8790,235492,71334,1212,1
8791,239594,72589,1212,1
8792,240710,72930,1212,1
8793,238964,72405,1212,1
8794,240098,72744,1212,1
8795,238722,72312,1212,1
8796,249918,75736,1212,1
8797,246820,74765,1212,1
8798,251216,76093,1212,1
8799,249346,75528,1212,1
8800,251716,76261,1212,1
8801,248724,75360,1212,1
8802,247266,74915,1212,1
8803,249944,75722,1212,1
8804,249042,75456,1212,1
8805,291206,88246,1212,1
8806,365068,110643,1212,1
8807,311592,94420,1212,1
8808,268376,81316,1212,1
8809,263086,79708,1212,1
8810,270082,81824,1212,1
8811,269570,81677,1212,1
8812,272408,82517,1212,1
8813,264042,79981,1212,1
8814,305138,92473,1212,1
8815,262586,79556,1212,1
8816,269174,81535,1212,1
8817,270810,82048,1212,1
8818,266078,80605,1212,1
8819,320656,97168,1212,1
8820,265034,80282,1212,1
8821,284358,86160,1212,1
8822,283710,85939,1212,1
8823,281810,85361,1212,1
8824,292212,88531,1212,1
8825,294090,89102,1212,1
8826,290880,88151,1212,1
8827,285242,86403,1212,1
8828,315564,95630,1212,1
8829,1000822,303458,1212,1
8830,310618,94134,1212,1
8831,285340,86453,1212,1
8832,362480,109828,1212,1
8833,377922,114518,1212,1
8834,392278,118858,1212,1
8835,341772,103565,1212,1
8836,281800,85361,1212,1
8837,279050,84547,1212,1
8838,285310,86442,1212,1
8839,284586,86221,1212,1
8840,314018,95159,1212,1
8841,284918,86320,1212,1
8842,285432,86483,1212,1
8843,285184,86403,1212,1
8844,276894,83895,1212,1
8845,275520,83483,1212,1
8846,425912,129075,1212,1
8847,423562,128350,1212,1
8848,431738,130806,1212,1
8849,280630,85030,1212,1
8850,269148,81547,1212,1
8851,1999040,605823,1212,1
8852,270202,81867,1212,1
8853,309724,93859,1212,1
8854,267984,81191,1212,1
8855,272464,82548,1212,1
8856,268340,81297,1212,1
8857,271836,82360,1212,1
8858,278100,84237,1212,1
8859,280394,84954,1212,1
8860,276558,83787,1212,1
8861,275628,83506,1212,1
8862,274132,83052,1212,1
8863,271640,82299,1212,1
8864,270362,81912,1212,1
8865,264386,80106,1212,1
8866,281064,85178,1212,1
8867,363342,110082,1212,1
8868,269994,81783,1212,1
8869,272246,82487,1212,1
8870,264786,80232,1212,1
8871,259882,78721,1212,1
8872,263322,79762,1212,1
8873,263264,79769,1212,1
8874,257714,78079,1212,1
8875,265646,80464,1212,1
8876,257784,78084,1212,1
8877,431658,130778,1212,1
8878,411640,124719,1212,1
8879,399174,120950,1212,1
8880,253190,76692,1212,1
8881,251146,76093,1212,1
8882,247968,75122,1212,1
8883,247440,74953,1212,1
8884,246690,74727,1212,1
8885,251968,76342,1212,1
8886,243210,73684,1212,1
8887,250834,76016,1212,1
8888,239466,72559,1212,1
8889,238428,72223,1212,1
8890,236258,71563,1212,1
8891,238398,72231,1212,1
8892,234762,71119,1212,1
8893,236706,71716,1212,1
8894,235138,71225,1212,1
8895,236754,71731,1212,1
8896,237602,71988,1212,1
8897,241814,73256,1212,1
8898,245790,74459,1212,1
8899,244636,74117,1212,1
8900,245058,74247,1212,1
8901,241336,73115,1212,1
8902,252342,76435,1212,1
8903,256156,77614,1212,1
8904,440026,133335,1212,1
8905,270470,81951,1212,1
8906,264720,80206,1212,1
8907,267960,81210,1212,1
8908,253854,76922,1212,1
8909,253386,76763,1212,1
8910,260058,78782,1212,1
8911,256242,77623,1212,1
8912,252828,76600,1212,1
8913,286708,86959,1212,1
8914,433960,131480,1212,1
8915,237588,71987,1212,1
8916,237892,72077,1212,1
8917,314004,95142,1212,1
8918,291824,88390,1212,1
8919,235730,71408,1212,1
8920,238146,72152,1212,1
8921,238108,72137,1212,1
8922,374240,113394,1212,1
8923,242798,73560,1212,1
8924,294548,89251,1212,1
8925,240490,72861,1212,1
8926,240138,72760,1212,1
8927,253822,76917,1212,1
8928,372604,112892,1212,1
8929,238658,72290,1212,1
8930,289178,87627,1212,1
8931,236030,71513,1212,1
8932,236914,71771,1212,1
8933,239452,72556,1212,1
8934,240560,72876,1212,1
8935,235184,71259,1212,1
8936,238552,72267,1212,1
8937,261894,79366,1212,1
8938,236272,71576,1212,1
8939,239216,72477,1212,1
8940,238636,72302,1212,1
8941,237000,71807,1212,1
8942,237608,71994,1212,1
8943,237426,71937,1212,1
8944,235652,71397,1212,1
8945,237892,72079,1212,1
8946,265528,80456,1212,1
8947,241976,73317,1212,1
8948,247142,74895,1212,1
8949,235976,71488,1212,1
8950,237862,72051,1212,1
8951,234910,71180,1212,1
8952,240604,72960,1212,1
8953,238788,72348,1212,1
8954,237198,71857,1212,1
8955,237468,71951,1212,1
8956,237534,71957,1212,1
8957,236760,71717,1212,1
8958,239668,72616,1212,1
8959,239630,72610,1212,1
8960,234118,70933,1212,1
8961,237320,71893,1212,1
8962,241184,73079,1212,1
8963,235818,71446,1212,1
8964,238040,72196,1212,1
8965,240652,72915,1212,1
8966,232994,70596,1212,1
8967,239266,72495,1212,1
8968,280496,85018,1212,1
8969,263902,79961,1212,1
8970,248438,75271,1212,1
8971,237188,71863,1212,1
8972,277094,83976,1212,1
8973,239516,72558,1212,1
8974,234948,71168,1212,1
8975,240060,72723,1212,1
8976,245384,74346,1212,1
8977,237616,71977,1212,1
8978,233114,70629,1212,1
8979,281814,85388,1212,1
8980,237832,72049,1212,1
8981,240344,72822,1212,1
8982,239194,72455,1212,1
8983,238642,72309,1212,1
8984,241520,73172,1212,1
8985,240358,72831,1212,1
8986,236308,71589,1212,1
8987,236272,71584,1212,1
8988,240008,72699,1212,1
8989,538318,163441,1212,1
8990,527070,159684,1212,1
8991,242330,73423,1212,1
8992,241206,73078,1212,1
8993,242110,73356,1212,1
8994,238384,72221,1212,1
8995,242488,73464,1212,1
8996,241048,73028,1212,1
8997,242360,73428,1212,1
8998,245556,74395,1212,1
8999,288974,87574,1212,1
9000,329778,99927,1212,1
9001,242076,73345,1212,1
9002,243750,73849,1212,1
9003,271064,82142,1212,1
9004,269324,81603,1212,1
9005,322010,97564,1212,1
9006,320758,97182,1212,1
9007,315036,95448,1212,1
9008,321806,97510,1212,1
9009,291594,88367,1212,1
9010,242034,73328,1212,1
9011,263692,79911,1212,1
9012,242374,73428,1212,1
9013,257068,77877,1212,1
9014,244616,74111,1212,1
9015,307284,93102,1212,1
9016,308106,93350,1212,1
9017,309620,93806,1212,1
9018,308714,93531,1212,1
9019,308790,93556,1212,1
9020,310030,93935,1212,1
9021,311434,94355,1212,1
9022,307454,93147,1212,1
9023,296202,89742,1212,1
9024,237872,72065,1212,1
9025,237372,71903,1212,1
9026,236120,71545,1212,1
9027,235870,71455,1212,1
9028,456432,138280,1212,1
9029,316712,95977,1212,1
9030,427850,129625,1212,1
9031,306410,92832,1212,1
9032,306580,92903,1212,1
9033,312218,94700,1212,1
9034,472532,143298,1212,1
9035,431086,130602,1212,1
9036,238006,72113,1212,1
9037,236520,71664,1212,1
9038,239604,72596,1212,1
9039,232494,70438,1212,1
9040,209242,63400,1212,1
9041,223660,67755,1212,1
9042,222286,67355,1212,1
9043,215454,65289,1212,1
9044,217900,66019,1212,1
9045,211524,64081,1212,1
9046,211980,64225,1212,1
9047,277028,83953,1212,1
9048,235630,71394,1212,1
9049,241200,73083,1212,1
9050,238062,72111,1212,1
9051,246278,74624,1212,1
9052,243688,73833,1212,1
9053,245096,74263,1212,1
9054,384496,116498,1212,1
9055,391006,118447,1212,1
9056,282192,85677,1212,1
9057,239850,72669,1212,1
9058,239688,72619,1212,1
9059,244476,74072,1212,1
9060,249984,75741,1212,1
9061,246792,74769,1212,1
9062,839292,254225,1212,1
9063,244038,73940,1212,1
9064,243964,73919,1212,1
9065,256488,77730,1212,1
9066,244088,73947,1212,1
9067,241384,73130,1212,1
9068,242566,73492,1212,1
9069,242494,73469,1212,1
9070,385396,116798,1212,1
9071,245182,74282,1212,1
9072,241536,73178,1212,1
9073,239444,72545,1212,1
9074,240102,72745,1212,1
9075,345084,104585,1212,1
9076,391198,118526,1212,1
9077,246076,74558,1212,1
9078,241870,73284,1212,1
9079,247610,75017,1212,1
9080,290928,88161,1212,1
9081,242852,73658,1212,1
9082,293558,88953,1212,1
9083,235974,71482,1212,1
9084,234758,71131,1212,1
9085,237264,71884,1212,1
9086,257266,77967,1212,1
9087,237606,71989,1212,1
9088,274220,83099,1212,1
9089,284414,86189,1212,1
9090,326150,98830,1212,1
9091,240390,72838,1212,1
9092,245144,74285,1212,1
9093,239196,72466,1212,1
9094,236492,71653,1212,1
9095,237358,71903,1212,1
9096,235348,71304,1212,1
9097,270328,81920,1212,1
9098,258562,78357,1212,1
9099,237452,71940,1212,1
9100,237582,71965,1212,1
9101,239254,72493,1212,1
9102,364808,110514,1212,1
9103,401678,121707,1212,1
9104,237748,72021,1212,1
9105,231406,70119,1212,1
9106,238530,72260,1212,1
9107,236408,71617,1212,1
9108,235692,71410,1212,1
9109,257600,78046,1212,1
9110,254620,77154,1212,1
9111,248904,75411,1212,1
9112,245648,74426,1212,1
9113,251304,76196,1212,1
9114,236720,71704,1212,1
9115,238046,72122,1212,1
9116,238494,72258,1212,1
9117,237476,71944,1212,1
9118,235648,71394,1212,1
9119,239170,72466,1212,1
9120,238372,72225,1212,1
9121,238124,72130,1212,1
9122,238678,72297,1212,1
9123,240296,72807,1212,1
9124,237978,72086,1212,1
9125,235718,71418,1212,1
9126,245354,74326,1212,1
9127,248656,75325,1212,1
9128,311548,94407,1212,1
9129,261730,79294,1212,1
9130,257132,77907,1212,1
9131,257828,78126,1212,1
9132,255844,77521,1212,1
9133,254006,76951,1212,1
9134,405070,122748,1212,1
9135,357974,108470,1212,1
9136,271858,82362,1212,1
9137,284030,86053,1212,1
9138,287776,87195,1212,1
9139,291326,88275,1212,1
9140,287368,87047,1212,1
9141,276190,83672,1212,1
9142,274068,83039,1212,1
9143,276790,83842,1212,1
9144,285202,86391,1212,1
9145,284088,86062,1212,1
9146,280442,84949,1212,1
9147,279806,84778,1212,1
9148,283328,85840,1212,1
9149,331096,100336,1212,1
9150,283110,85774,1212,1
9151,284296,86149,1212,1
9152,284080,86072,1212,1
9153,324280,98309,1212,1
9154,285206,86396,1212,1
9155,292490,88694,1212,1
9156,286046,86663,1212,1
9157,282408,85543,1212,1
9158,281442,85274,1212,1
9159,289238,87640,1212,1
9160,519592,158055,1212,1
9161,286030,86652,1212,1
9162,320922,97231,1212,1
9163,318212,96416,1212,1
9164,367042,111191,1212,1
9165,417334,126471,1212,1
9166,277636,84107,1212,1
9167,279470,84652,1212,1
9168,274246,83097,1212,1
9169,269038,81513,1212,1
9170,265938,80574,1212,1
9171,268816,81483,1212,1
9172,255672,77462,1212,1
9173,275364,83459,1212,1
9174,256276,77626,1212,1
9175,408688,123794,1212,1
9176,395044,120671,1212,1
9177,362392,109805,1212,1
9178,247140,74881,1212,1
9179,243694,73832,1212,1
9180,368884,111769,1212,1
9181,243056,73643,1212,1
9182,242112,73354,1212,1
9183,280180,84901,1212,1
9184,239802,72652,1212,1
9185,238614,72296,1212,1
9186,242472,73465,1212,1
9187,244218,73989,1212,1
9188,242208,73380,1212,1
9189,241912,73290,1212,1
9190,246942,74820,1212,1
9191,239778,72652,1212,1
9192,245194,74288,1212,1
9193,240992,73005,1212,1
9194,237122,71845,1212,1
9195,239904,72683,1212,1
9196,238708,72305,1212,1
9197,237718,72020,1212,1
9198,252920,76624,1212,1
9199,256730,77768,1212,1
9200,251174,76106,1212,1
9201,276284,83728,1212,1
9202,270342,81888,1212,1
9203,268764,81408,1212,1
9204,263016,79677,1212,1
9205,261374,79194,1212,1
9206,260720,78974,1212,1
9207,306618,93371,1212,1
9208,264288,80066,1212,1
9209,425352,128898,1212,1
9210,274990,83314,1212,1
9211,275258,83401,1212,1
9212,275242,83403,1212,1
9213,260532,78936,1212,1
9214,259994,78753,1212,1
9215,291870,88447,1212,1
9216,256084,77592,1212,1
9217,258614,78350,1212,1
9218,255962,77609,1212,1
9219,282324,85556,1212,1
9220,255344,77355,1212,1
9221,252220,76416,1212,1
9222,250912,76023,1212,1
9223,250122,75777,1212,1
9224,241174,73073,1212,1
9225,242744,73546,1212,1
9226,242812,73563,1212,1
9227,238660,72303,1212,1
9228,237264,71891,1212,1
9229,237396,71911,1212,1
9230,235102,71235,1212,1
9231,236480,71649,1212,1
9232,239928,72710,1212,1
9233,239842,72665,1212,1
9234,240692,72923,1212,1
9235,235240,71254,1212,1
9236,239136,72454,1212,1
9237,236728,71725,1212,1
9238,239368,72522,1212,1
9239,239384,72525,1212,1
9240,239542,72579,1212,1
9241,249190,75498,1212,1
9242,239416,72532,1212,1
9243,238270,72191,1212,1
9244,237524,71946,1212,1
9245,240506,72870,1212,1
9246,240272,72800,1212,1
9247,240042,72727,1212,1
9248,238152,72158,1212,1
9249,239112,72445,1212,1
9250,237404,71930,1212,1
9251,235524,71347,1212,1
9252,238184,72169,1212,1
9253,289924,87860,1212,1
9254,239566,72583,1212,1
9255,236410,71632,1212,1
9256,236162,71552,1212,1
9257,316710,95968,1212,1
9258,239264,72490,1212,1
9259,237140,71853,1212,1
9260,236378,71619,1212,1
9261,235654,71381,1212,1
9262,235862,71446,1212,1
9263,237430,71921,1212,1
9264,235256,71284,1212,1
9265,280110,84881,1212,1
9266,238890,72384,1212,1
9267,235078,71207,1212,1
9268,238320,72212,1212,1
9269,236912,71786,1212,1
9270,236294,71577,1212,1
9271,237026,71812,1212,1
9272,234074,70922,1212,1
9273,242986,73638,1212,1
9274,240064,72717,1212,1
9275,240376,72831,1212,1
9276,237934,72074,1212,1
9277,237814,72035,1212,1
9278,236070,71528,1212,1
9279,238344,72196,1212,1
9280,237022,71810,1212,1
9281,232340,70390,1212,1
9282,235196,71316,1212,1
9283,267444,81046,1212,1
9284,267992,81174,1212,1
9285,235958,71494,1212,1
9286,264220,80071,1212,1
9287,1059460,321456,1212,1
9288,277100,83971,1212,1
9289,245360,74334,1212,1
9290,241756,73248,1212,1
9291,243948,73907,1212,1
9292,241982,73311,1212,1
9293,237470,71946,1212,1
9294,245022,74263,1212,1
9295,270902,82078,1212,1
9296,244252,73996,1212,1
9297,268368,81290,1212,1
9298,249984,75748,1212,1
9299,295718,89611,1212,1
9300,246250,74608,1212,1
9301,251264,76136,1212,1
9302,250250,75804,1212,1
9303,251224,76120,1212,1
9304,246772,74774,1212,1
9305,272992,82691,1212,1
9306,271886,82460,1212,1
9307,268300,81290,1212,1
9308,269526,81663,1212,1
9309,257166,77908,1212,1
9310,241858,73259,1212,1
9311,238942,72374,1212,1
9312,266794,80849,1212,1
9313,242186,73397,1212,1
9314,235522,71365,1212,1
9315,223382,67681,1212,1
9316,217552,65898,1212,1
9317,215242,65212,1212,1
9318,240700,72923,1212,1
9319,214232,64907,1212,1
9320,219482,66483,1212,1
9321,281176,85213,1212,1
9322,300662,91091,1212,1
9323,254776,77180,1212,1
9324,293992,89080,1212,1
9325,275428,83447,1212,1
9326,269404,81618,1212,1
9327,341042,103321,1212,1
9328,324382,98267,1212,1
9329,257470,78005,1212,1
9330,249864,75699,1212,1
9331,338524,102571,1212,1
9332,238854,72366,1212,1
9333,239256,72493,1212,1
9334,236276,71591,1212,1
9335,244794,74186,1212,1
9336,239236,72467,1212,1
9337,232460,70414,1212,1
9338,239286,72486,1212,1
9339,302948,91809,1212,1
9340,240100,72736,1212,1
9341,233120,70615,1212,1
9342,236886,71769,1212,1
9343,272802,82669,1212,1
9344,239094,72425,1212,1
9345,237554,71955,1212,1
9346,238206,72155,1212,1
9347,232360,70405,1212,1
9348,318486,96508,1212,1
9349,247766,75055,1212,1
9350,234290,70969,1212,1
9351,294120,89127,1212,1
9352,253478,76799,1212,1
9353,251604,76215,1212,1
9354,252830,76593,1212,1
9355,291496,88371,1212,1
9356,268956,81482,1212,1
9357,262802,79627,1212,1
9358,271520,82268,1212,1
9359,263992,79980,1212,1
9360,257320,77962,1212,1
9361,262692,79572,1212,1
9362,260646,78964,1212,1
9363,260524,78930,1212,1
9364,252142,76392,1212,1
9365,255388,77374,1212,1
9366,257572,78035,1212,1
9367,256892,77829,1212,1
9368,249928,75709,1212,1
9369,274894,83382,1212,1
9370,248218,75204,1212,1
9371,237162,71857,1212,1
9372,236932,71774,1212,1
9373,239356,72505,1212,1
9374,237990,72097,1212,1
9375,349692,105944,1212,1
9376,356078,107885,1212,1
9377,353568,107127,1212,1
9378,344448,104389,1212,1
9379,324856,98424,1212,1
9380,331620,100499,1212,1
9381,323520,98019,1212,1
9382,419868,127236,1212,1
9383,312186,94602,1212,1
9384,377740,114457,1212,1
9385,367596,111484,1212,1
9386,263614,79872,1212,1
9387,254670,77161,1212,1
9388,257306,77957,1212,1
9389,253070,76655,1212,1
9390,266764,80825,1212,1
9391,266700,80809,1212,1
9392,268934,81484,1212,1
9393,266138,80628,1212,1
9394,266936,80877,1212,1
9395,647140,196234,1212,1
9396,430198,130366,1212,1
9397,263980,79989,1212,1
9398,555540,168300,1212,1
9399,407394,123448,1212,1
9400,556200,168607,1212,1
9401,400928,121477,1212,1
9402,488996,148186,1212,1
9403,532632,161360,1212,1
9404,261086,79108,1212,1
9405,261336,79182,1212,1
9406,265122,80326,1212,1
9407,260910,79051,1212,1
9408,282436,85591,1212,1
9409,261640,79255,1212,1
9410,265912,80577,1212,1
9411,288380,87390,1212,1
9412,260676,78979,1212,1
9413,260296,78871,1212,1
9414,256662,77765,1212,1
9415,286794,86919,1212,1
9416,246386,74632,1212,1
9417,482684,146231,1212,1
9418,484330,146731,1212,1
9419,247516,74994,1212,1
9420,249198,75502,1212,1
9421,246336,74638,1212,1
9422,246494,74682,1212,1
9423,249588,75617,1212,1
9424,248324,75239,1212,1
9425,248958,75429,1212,1
9426,253018,76658,1212,1
9427,251018,76052,1212,1
9428,258674,78370,1212,1
9429,259760,78707,1212,1
9430,253040,76670,1212,1
9431,258352,78440,1212,1
9432,255292,77428,1212,1
9433,257896,78134,1212,1
9434,248434,75267,1212,1
9435,249046,75442,1212,1
9436,251860,105654,1212,1
9437,245370,74342,1212,1
9438,241878,73268,1212,1
9439,244000,73929,1212,1
9440,243518,73762,1212,1
9441,244468,74053,1212,1
9442,242526,73482,1212,1
9443,238738,72334,1212,1
9444,243062,73628,1212,1
9445,311276,94323,1212,1
9446,252356,76460,1212,1
9447,249732,75656,1212,1
9448,270918,82063,1212,1
9449,267444,81033,1212,1
9450,270108,81847,1212,1
9451,268122,81221,1212,1
9452,281308,85228,1212,1
9453,277316,84007,1212,1
9454,279206,84569,1212,1
9455,275654,83519,1212,1
9456,289896,87867,1212,1
9457,280706,85037,1212,1
9458,281690,85332,1212,1
9459,372046,112817,1212,1
9460,287150,87001,1212,1
9461,299868,90875,1212,1
9462,351034,106369,1212,1
9463,280330,84939,1212,1
9464,286930,86924,1212,1
9465,282672,85633,1212,1
9466,278190,84274,1212,1
9467,295538,89540,1212,1
9468,293924,89058,1212,1
9469,365514,110761,1212,1
9470,285384,86464,1212,1
9471,465568,141072,1212,1
9472,291798,88435,1212,1
9473,283846,85981,1212,1
9474,283746,85975,1212,1
9475,291542,88308,1212,1
9476,304386,92241,1212,1
9477,294404,89199,1212,1
9478,293356,88857,1212,1
9479,292890,88718,1212,1
9480,345684,104752,1212,1
9481,294300,89146,1212,1
9482,294550,89246,1212,1
9483,291980,88442,1212,1
9484,289320,87635,1212,1
9485,292410,88584,1212,1
9486,326634,98984,1212,1
9487,324838,98436,1212,1
9488,292354,88558,1212,1
9489,302782,91717,1212,1
9490,287990,87263,1212,1
9491,290390,87971,1212,1
9492,284058,86065,1212,1
9493,285180,86403,1212,1
9494,285962,86638,1212,1
9495,589299,179174,1212,1
9496,280174,84889,1212,1
9497,284004,86068,1212,1
9498,483232,146445,1212,1
9499,268526,81347,1212,1
9500,322018,97580,1212,1
9501,270732,82015,1212,1
9502,260970,79071,1212,1
9503,262404,79503,1212,1
9504,263654,79882,1212,1
9505,260614,78962,1212,1
9506,496666,150506,1212,1
9507,248692,75351,1212,1
9508,255098,77277,1212,1
9509,246558,74701,1212,1
9510,240312,72793,1212,1
9511,247786,75075,1212,1
9512,271966,82389,1212,1
9513,249732,75663,1212,1
9514,244672,74131,1212,1
9515,252150,76379,1212,1
9516,249062,75448,1212,1
9517,256830,77820,1212,1
9518,284336,86157,1212,1
9519,250054,75744,1212,1
9520,263368,79792,1212,1
9521,256696,77772,1212,1
9522,254448,77095,1212,1
9523,251488,76198,1212,1
9524,262206,79438,1212,1
9525,265174,80338,1212,1
9526,255420,77390,1212,1
9527,281306,85248,1212,1
9528,261842,79324,1212,1
9529,254720,77176,1212,1
9530,252078,76357,1212,1
9531,263004,79666,1212,1
9532,311222,94308,1212,1
9533,272182,82458,1212,1
9534,267602,81079,1212,1
9535,273842,82972,1212,1
9536,270578,81963,1212,1
9537,272376,82506,1212,1
9538,286770,86896,1212,1
9539,302006,91524,1212,1
9540,273824,82953,1212,1
9541,343940,104483,1212,1
9542,274400,83137,1212,1
9543,277514,84061,1212,1
9544,331360,100413,1212,1
9545,430870,130544,1212,1
9546,283788,85982,1212,1
9547,307728,93256,1212,1
9548,367358,111315,1212,1
9549,301550,91386,1212,1
9550,276504,83775,1212,1
9551,372474,112869,1212,1
9552,279158,84582,1212,1
9553,294764,89326,1212,1
9554,276944,83913,1212,1
9555,274098,83048,1212,1
9556,278684,84437,1212,1
9557,359858,109041,1212,1
9558,274264,83111,1212,1
9559,275618,83487,1212,1
9560,267836,81131,1212,1
9561,275958,83609,1212,1
9562,277288,83994,1212,1
9563,329776,99931,1212,1
9564,273760,82949,1212,1
9565,277672,84134,1212,1
9566,276140,83651,1212,1
9567,277798,84159,1212,1
9568,275302,83412,1212,1
9569,280472,84973,1212,1
9570,270252,81862,1212,1
9571,267830,81149,1212,1
9572,268798,81451,1212,1
9573,268992,81477,1212,1
9574,268774,81414,1212,1
9575,251516,76204,1212,1
9576,256764,77792,1212,1
9577,395540,119821,1212,1
9578,396538,120147,1212,1
9579,237428,71934,1212,1
9580,245424,74339,1212,1
9581,236054,71513,1212,1
9582,269506,81669,1212,1
9583,235548,71356,1212,1
9584,246284,74622,1212,1
9585,237438,71921,1212,1
9586,394436,119481,1212,1
9587,244830,74167,1212,1
9588,298576,90476,1212,1
9589,246882,74783,1212,1
9590,250164,75776,1212,1
9591,237764,72045,1212,1
9592,238134,72132,1212,1
9593,239508,72566,1212,1
9594,237064,71826,1212,1
9595,234078,70921,1212,1
9596,220910,66941,1212,1
9597,213088,64563,1212,1
9598,215170,65195,1212,1
9599,228808,69341,1212,1
9600,241798,73244,1212,1
9601,250314,75820,1212,1
9602,251570,76212,1212,1
9603,240466,72857,1212,1
9604,240492,72861,1212,1
9605,244740,74133,1212,1
9606,241290,73091,1212,1
9607,245342,74332,1212,1
9608,244846,74182,1212,1
9609,240894,72981,1212,1
9610,236904,71787,1212,1
9611,238646,72288,1212,1
9612,238096,72137,1212,1
9613,235206,71247,1212,1
9614,265542,80470,1212,1
9615,332164,100665,1212,1
9616,273256,82810,1212,1
9617,241352,73127,1212,1
9618,243270,73702,1212,1
9619,246098,74588,1212,1
9620,304294,92197,1212,1
9621,274348,83103,1212,1
9622,246016,74540,1212,1
9623,243232,73676,1212,1
9624,240388,72816,1212,1
9625,238268,72197,1212,1
9626,232850,70533,1212,1
9627,235560,71360,1212,1
9628,238050,72112,1212,1
9629,238228,72182,1212,1
9630,236072,71510,1212,1
9631,237740,72012,1212,1
9632,235890,71453,1212,1
9633,239636,72594,1212,1
9634,239644,72607,1212,1
9635,240316,72802,1212,1
9636,234416,71009,1212,1
9637,236548,71684,1212,1
9638,239978,72703,1212,1
9639,261322,79206,1212,1
9640,242454,73459,1212,1
9641,241972,73314,1212,1
9642,516814,156584,1212,1
9643,209814,63560,1212,1
9644,212602,64418,1212,1
9645,246902,74819,1212,1
9646,212508,64370,1212,1
9647,209554,63493,1212,1
9648,210158,63676,1212,1
9649,214318,64935,1212,1
9650,237512,71954,1212,1
9651,213740,64750,1212,1
9652,212020,64220,1212,1
9653,208908,63281,1212,1
9654,210842,63879,1212,1
9655,214106,64869,1212,1
9656,213418,64658,1212,1
9657,220226,66708,1212,1
9658,235842,71956,1212,1
9659,218554,66216,1212,1
9660,244100,73977,1212,1
9661,213278,64620,1212,1
9662,214038,64832,1212,1
9663,210282,63695,1212,1
9664,240512,72871,1212,1
9665,240744,72932,1212,1
9666,239000,72392,1212,1
9667,288348,87375,1212,1
9668,235224,71252,1212,1
9669,232876,70540,1212,1
9670,239066,72423,1212,1
9671,223948,67848,1212,1
9672,345860,104807,1212,1
9673,256522,77711,1212,1
9674,255842,77493,1212,1
9675,250302,75918,1212,1
9676,247992,75139,1212,1
9677,253452,76784,1212,1
9678,255228,77320,1212,1
9679,255524,77409,1212,1
9680,267534,81076,1212,1
9681,255478,77406,1212,1
9682,245208,74277,1212,1
9683,249580,75606,1212,1
9684,259124,78513,1212,1
9685,253726,76863,1212,1
9686,284844,86320,1212,1
9687,257280,77930,1212,1
9688,255394,77378,1212,1
9689,259732,78674,1212,1
9690,261680,79264,1212,1
9691,264550,80155,1212,1
9692,271822,82335,1212,1
9693,1129572,342546,1212,1
9694,272478,82556,1212,1
9695,273414,82837,1212,1
9696,273922,82989,1212,1
9697,275748,83545,1212,1
9698,271548,82270,1212,1
9699,268286,81285,1212,1
9700,259390,78596,1212,1
9701,256262,77661,1212,1
9702,241320,73099,1212,1
9703,246730,74747,1212,1
9704,263720,79886,1212,1
9705,234888,71171,1212,1
9706,240422,72840,1212,1
9707,233850,70836,1212,1
9708,231586,70170,1212,1
9709,229608,69552,1212,1
9710,222482,67393,1212,1
9711,227972,69067,1212,1
9712,220620,66849,1212,1
9713,226588,68648,1212,1
9714,217228,65801,1212,1
9715,214322,64920,1212,1
9716,213474,64665,1212,1
9717,238876,72390,1212,1
9718,218336,66150,1212,1
9719,257518,78051,1212,1
9720,239790,72653,1212,1
9721,227200,68860,1212,1
9722,217080,65773,1212,1
9723,215158,65174,1212,1
9724,235916,71463,1212,1
9725,247200,74914,1212,1
9726,219756,66566,1212,1
9727,221864,67218,1212,1
9728,226512,68621,1212,1
9729,247502,74987,1212,1
9730,233306,70684,1212,1
9731,215862,65391,1212,1
9732,213176,64590,1212,1
9733,219828,66604,1212,1
9734,217190,65804,1212,1
9735,215108,65157,1212,1
9736,241752,73260,1212,1
9737,221106,66986,1212,1
9738,251562,76222,1212,1
9739,281652,85342,1212,1
9740,216922,65709,1212,1
9741,217604,65917,1212,1
9742,225186,68245,1212,1
9743,216470,65572,1212,1
9744,550360,166745,1212,1
9745,560712,169883,1212,1
9746,218168,66102,1212,1
9747,217440,65874,1212,1
9748,244654,74122,1212,1
9749,225816,68415,1212,1
9750,234114,70947,1212,1
9751,242648,73515,1212,1
9752,215042,65152,1212,1
9753,220308,66745,1212,1
9754,219386,66464,1212,1
9755,261254,79171,1212,1
9756,219486,66502,1212,1
9757,247534,74976,1212,1
9758,215638,65338,1212,1
9759,214610,65008,1212,1
9760,211668,64117,1212,1
9761,235016,71189,1212,1
9762,222964,67568,1212,1
9763,297776,90231,1212,1
9764,217220,65812,1212,1
9765,242930,73617,1212,1
9766,219292,66441,1212,1
9767,223238,67635,1212,1
9768,218028,66058,1212,1
9769,221804,67199,1212,1
9770,331924,100579,1212,1
9771,228548,69243,1212,1
9772,222028,67268,1212,1
9773,224810,68111,1212,1
9774,224938,68152,1212,1
9775,222972,67551,1212,1
9776,224524,68030,1212,1
9777,217116,65783,1212,1
9778,276644,83845,1212,1
9779,223962,67856,1212,1
9780,217124,65768,1212,1
9781,275684,83540,1212,1
9782,255256,77364,1212,1
9783,269458,81660,1212,1
9784,220606,66832,1212,1
9785,217452,65886,1212,1
9786,213320,64618,1212,1
9787,217232,65801,1212,1
9788,214678,65041,1212,1
9789,220124,66692,1212,1
9790,243508,73793,1212,1
9791,217510,65892,1212,1
9792,237784,72042,1212,1
9793,241294,73121,1212,1
9794,219446,66490,1212,1
9795,214924,65120,1212,1
9796,218928,66335,1212,1
9797,214682,65033,1212,1
9798,347136,105181,1212,1
9799,236462,71647,1212,1
9800,235688,71391,1212,1
9801,239344,72516,1212,1
9802,237754,72023,1212,1
9803,402198,121919,1212,1
9804,211766,64146,1212,1
9805,210164,63680,1212,1
9806,261582,79255,1212,1
9807,235056,71223,1212,1
9808,238534,72272,1212,1
9809,239454,72546,1212,1
9810,238408,72237,1212,1
9811,269994,81819,1212,1
9812,230982,69968,1212,1
9813,217136,65785,1212,1
9814,236588,71691,1212,1
9815,300232,90975,1212,1
9816,217062,65767,1212,1
9817,210492,63757,1212,1
9818,212208,64281,1212,1
9819,224690,68063,1212,1
9820,245764,74474,1212,1
9821,213782,64755,1212,1
9822,237884,72058,1212,1
9823,534010,161823,1212,1
9824,256348,77671,1212,1
9825,340614,103220,1212,1
9826,349602,106000,1212,1
9827,231932,70261,1212,1
9828,258666,78356,1212,1
9829,266672,80806,1212,1
9830,223740,67788,1212,1
9831,316874,96016,1212,1
9832,251564,76233,1212,1
9833,239528,72568,1212,1
9834,237340,71891,1212,1
9835,237714,72026,1212,1
9836,226112,68492,1212,1
9837,246042,74548,1212,1
9838,235444,71339,1212,1
9839,238898,72381,1212,1
9840,239780,72653,1212,1
9841,282930,85713,1212,1
9842,233890,70870,1212,1
9843,260720,78991,1212,1
9844,488502,148032,1212,1
9845,240044,72708,1212,1
9846,242786,73561,1212,1
9847,240900,72991,1212,1
9848,238308,72187,1212,1
9849,239134,72434,1212,1
9850,230564,69859,1212,1
9851,571314,173064,1212,1
9852,310000,93951,1212,1
9853,237314,71902,1212,1
9854,221398,67081,1212,1
9855,216998,65735,1212,1
9856,218960,66343,1212,1
9857,213252,64607,1212,1
9858,235062,71210,1212,1
9859,221718,67175,1212,1
9860,212788,64463,1212,1
9861,210622,63801,1212,1
9862,218670,66252,1212,1
9863,217024,65738,1212,1
9864,248616,75348,1212,1
9865,246312,74627,1212,1
9866,265278,80371,1212,1
9867,229926,69650,1212,1
9868,239144,72471,1212,1
9869,219424,66480,1212,1
9870,226712,68687,1212,1
9871,226788,68716,1212,1
9872,268816,81461,1212,1
9873,258456,78329,1212,1
9874,214330,64921,1212,1
9875,245688,74440,1212,1
9876,221674,67164,1212,1
9877,223602,67748,1212,1
9878,281242,85204,1212,1
9879,222894,67531,1212,1
9880,220516,66806,1212,1
9881,248402,75275,1212,1
9882,222864,67518,1212,1
9883,222400,67381,1212,1
9884,223760,67816,1212,1
9885,211386,64047,1212,1
9886,215348,65230,1212,1
9887,210344,63722,1212,1
9888,212340,64326,1212,1
9889,213870,64781,1212,1
9890,227540,68942,1212,1
9891,236762,71736,1212,1
9892,240264,72795,1212,1
9893,211810,64180,1212,1
9894,244146,73971,1212,1
9895,239574,72567,1212,1
9896,218854,66305,1212,1
9897,214594,65010,1212,1
9898,215518,65297,1212,1
9899,212610,64407,1212,1
9900,215498,65276,1212,1
9901,231330,70105,1212,1
9902,219308,66451,1212,1
9903,575972,174500,1212,1
9904,238736,72314,1212,1
9905,250228,75828,1212,1
9906,211056,63931,1212,1
9907,210340,63727,1212,1
9908,214444,64958,1212,1
9909,218990,66350,1212,1
9910,216098,65458,1212,1
9911,237288,71894,1212,1
9912,238970,72409,1212,1
9913,282620,85617,1212,1
9914,245456,74360,1212,1
9915,243046,73640,1212,1
9916,241214,73082,1212,1
9917,238804,72343,1212,1
9918,271770,82361,1212,1
9919,247484,74972,1212,1
9920,254804,77182,1212,1
9921,256052,77566,1212,1
9922,254352,77073,1212,1
9923,252306,76436,1212,1
9924,254022,76947,1212,1
9925,421422,127702,1212,1
9926,254170,77009,1212,1
9927,253420,76765,1212,1
9928,354712,107462,1212,1
9929,323090,97918,1212,1
9930,256952,77862,1212,1
9931,313568,95001,1212,1
9932,265484,80431,1212,1
9933,261522,79233,1212,1
9934,264164,80031,1212,1
9935,260018,78782,1212,1
9936,254984,77254,1212,1
9937,249962,75732,1212,1
9938,244978,74219,1212,1
9939,238082,72133,1212,1
9940,244692,74132,1212,1
9941,249742,75665,1212,1
9942,240688,72921,1212,1
9943,238906,72378,1212,1
9944,236118,71534,1212,1
9945,281234,85223,1212,1
9946,246274,74637,1212,1
9947,241952,73313,1212,1
9948,236274,71567,1212,1
9949,239246,72489,1212,1
9950,445812,135059,1212,1
9951,215044,65160,1212,1
9952,211562,64086,1212,1
9953,238534,72278,1212,1
9954,228184,69138,1212,1
9955,216276,65521,1212,1
9956,270858,82081,1212,1
9957,239830,72652,1212,1
9958,229188,69422,1212,1
9959,216258,65520,1212,1
9960,219136,66392,1212,1
9961,238010,72116,1212,1
9962,220966,66939,1212,1
9963,218572,66225,1212,1
9964,218576,66209,1212,1
9965,216944,65728,1212,1
9966,224318,67985,1212,1
9967,219528,66514,1212,1
9968,213064,64540,1212,1
9969,221102,66990,1212,1
9970,213976,64836,1212,1
9971,239006,72419,1212,1
9972,233174,70653,1212,1
9973,236654,71686,1212,1
9974,237614,71995,1212,1
9975,236558,71679,1212,1
9976,237096,71838,1212,1
9977,239650,72591,1212,1
9978,213728,64757,1212,1
9979,300284,90985,1212,1
9980,222016,67259,1212,1
9981,288996,87562,1212,1
9982,282062,85485,1212,1
9983,250546,75913,1212,1
9984,241014,73020,1212,1
9985,256312,77676,1212,1
9986,471102,142768,1212,1
9987,234636,71092,1212,1
9988,217644,65925,1212,1
9989,288314,87362,1212,1
9990,233670,70781,1212,1
9991,275902,83602,1212,1
9992,212342,64334,1212,1
9993,293446,88912,1212,1
9994,266802,80851,1212,1
9995,248014,75127,1212,1
9996,240150,72764,1212,1
9997,280182,84882,1212,1
9998,241326,73120,1212,1
9999,237482,71954,1212,1
