iter,cycles,time_ns,peak_rss_kb,ok
0,2134948,646565,1536,1
1,613658,185892,1536,1
2,1050078,318045,1536,1
3,2203522,667319,1536,1
4,511212,154851,1536,1
5,4118468,1248395,1536,1
6,1228706,372147,1536,1
7,1555320,471044,1536,1
8,1017188,308093,1536,1
9,5113610,1549950,1536,1
10,1869324,566388,1536,1
11,742578,224913,1536,1
12,747096,226364,1536,1
13,2145914,650145,1536,1
14,5067298,1534992,1536,1
15,1225394,371141,1536,1
16,2046924,620197,1536,1
17,1625246,492479,1536,1
18,2217348,671517,1536,1
19,1169110,354101,1536,1
20,814058,246622,1536,1
21,2925338,886171,1536,1
22,2391676,724845,1536,1
23,2092994,633943,1536,1
24,553220,167555,1536,1
25,552540,167361,1536,1
26,864078,261747,1536,1
27,796254,241169,1536,1
28,643320,194876,1536,1
29,556548,168569,1536,1
30,747748,226477,1536,1
31,611742,185313,1536,1
32,1203506,364616,1536,1
33,2901032,878644,1536,1
34,1677752,508211,1536,1
35,1118630,338805,1536,1
36,1217844,368831,1536,1
37,1407552,426320,1536,1
38,3600780,1092486,1536,1
39,1221214,369947,1536,1
40,3109071,942380,1536,1
41,770216,233290,1536,1
42,1270272,384733,1536,1
43,818714,247987,1536,1
44,1434692,434480,1536,1
45,1271100,384952,1536,1
46,1424778,431495,1536,1
47,2137144,647196,1536,1
48,5016121,1519756,1536,1
49,3333776,1009888,1536,1
50,1663020,503659,1536,1
51,819782,248317,1536,1
52,2282278,691174,1536,1
53,1865026,564780,1536,1
54,1027234,311091,1536,1
55,1622988,491533,1536,1
56,820572,248558,1536,1
57,1540626,466759,1536,1
58,1132840,343111,1536,1
59,938986,284411,1536,1
60,1375144,416437,1536,1
61,589906,178708,1536,1
62,961900,291334,1536,1
63,1246266,377457,1536,1
64,1027100,311093,1536,1
65,1014790,307496,1536,1
66,537144,162770,1536,1
67,568970,172364,1536,1
68,2130770,645293,1536,1
69,536134,162577,1536,1
70,3931828,1191820,1536,1
71,1252922,379542,1536,1
72,1630598,493836,1536,1
73,1488662,450816,1536,1
74,1255650,380298,1536,1
75,923438,279656,1536,1
76,715846,216819,1536,1
77,954902,289209,1536,1
78,738788,223784,1536,1
79,519798,157442,1536,1
80,519434,157340,1536,1
81,1614914,489083,1536,1
82,510608,154672,1536,1
83,1651100,500025,1536,1
84,510912,154738,1536,1
85,510150,154507,1536,1
86,1399636,423892,1536,1
87,720268,218138,1536,1
88,1303196,394767,1536,1
89,2133500,646116,1536,1
90,506486,153399,1536,1
91,484824,146835,1536,1
92,885638,268206,1536,1
93,1295842,392542,1536,1
94,1602578,485323,1536,1
95,702252,212698,1536,1
96,819134,248082,1536,1
97,671836,203467,1536,1
98,844242,255689,1536,1
99,460028,139336,1536,1
100,459844,139370,1536,1
101,1384662,419351,1536,1
102,512834,155340,1536,1
103,4708288,1425859,1536,1
104,524142,158866,1536,1
105,1407862,426441,1536,1
106,1064490,322404,1536,1
107,1689176,511550,1536,1
108,3353382,1015645,1536,1
109,739224,223912,1536,1
110,1649880,499663,1536,1
111,660310,199985,1536,1
112,537350,162779,1536,1
113,784004,237549,1536,1
114,1520340,460784,1536,1
115,1595826,483302,1536,1
116,1573210,476902,1536,1
117,788320,239463,1536,1
118,2585700,783728,1536,1
119,1032720,312745,1536,1
120,2120284,643148,1536,1
121,1658674,502439,1536,1
122,745512,226255,1536,1
123,702180,212691,1536,1
124,1431006,433759,1536,1
125,1878926,569469,1536,1
126,2377388,719997,1536,1
127,1253836,379924,1536,1
128,871404,265147,1536,1
129,2641422,800416,1536,1
130,589552,178569,1536,1
131,706160,213871,1536,1
132,1531926,465335,1536,1
133,1380312,418117,1536,1
134,556826,168739,1536,1
135,1327420,402116,1536,1
136,1323206,400742,1536,1
137,1503290,455527,1536,1
138,3408784,1033687,1536,1
139,2035796,616536,1536,1
140,3047858,923061,1536,1
141,1235228,374137,1536,1
142,2005825,608668,1536,1
143,4982291,1509294,1536,1
144,1100465,333694,1536,1
145,2915520,883529,1536,1
146,867312,262701,1536,1
147,2979714,902506,1536,1
148,1049054,317853,1536,1
149,690016,209139,1536,1
150,1356434,410855,1536,1
151,1188382,359939,1536,1
152,1001764,303484,1536,1
153,1479434,448160,1536,1
154,1308468,396703,1536,1
155,5331958,1636281,1536,1
156,857538,259782,1536,1
157,2124840,644249,1536,1
158,917902,278358,1536,1
159,631016,191169,1536,1
160,1438092,435551,1536,1
161,1779448,538898,1536,1
162,604298,183054,1536,1
163,2131008,645416,1536,1
164,1852640,561081,1536,1
165,2908886,881021,1536,1
166,2046926,620095,1536,1
167,585074,177225,1536,1
168,803700,243608,1536,1
169,583622,176784,1536,1
170,1039960,314975,1536,1
171,602524,182534,1536,1
172,584974,177197,1536,1
173,582312,176390,1536,1
174,1074634,325469,1536,1
175,643124,194906,1536,1
176,1567220,474740,1536,1
177,1996854,604714,1536,1
178,618932,187499,1536,1
179,1076954,326160,1536,1
180,857842,259795,1536,1
181,1126418,341137,1536,1
182,1190298,360514,1536,1
183,2437004,738098,1536,1
184,2707458,821110,1536,1
185,593808,179843,1536,1
186,3426088,1038078,1536,1
187,568744,172276,1536,1
188,1514816,458748,1536,1
189,1475410,446849,1536,1
190,2066840,626033,1536,1
191,571300,173052,1536,1
192,816170,247220,1536,1
193,1566346,474365,1536,1
194,2462502,745826,1536,1
195,578268,175151,1536,1
196,571384,173083,1536,1
197,836592,253460,1536,1
198,1574464,476840,1536,1
199,684714,207687,1536,1
200,571514,173105,1536,1
201,778972,235913,1536,1
202,2930474,887888,1536,1
203,784388,237573,1536,1
204,678996,205643,1536,1
205,1628252,493094,1536,1
206,806826,244465,1536,1
207,568710,172269,1536,1
208,5017074,1519754,1536,1
209,1012000,306508,1536,1
210,1942576,588346,1536,1
211,855838,259409,1536,1
212,2340134,708804,1536,1
213,804582,243735,1536,1
214,1395622,422682,1536,1
215,1040376,315244,1536,1
216,2192516,663989,1536,1
217,1659608,502586,1536,1
218,948972,287414,1536,1
219,796052,241124,1536,1
220,996008,301653,1536,1
221,540892,163837,1536,1
222,2266094,686263,1536,1
223,594404,180064,1536,1
224,522794,158358,1536,1
225,6398596,1937632,1536,1
226,958488,290291,1536,1
227,1424014,431278,1536,1
228,1613282,488573,1536,1
229,1473856,446344,1536,1
230,1364455,413699,1536,1
231,553050,167527,1536,1
232,2770810,840619,1536,1
233,3628166,1099271,1536,1
234,657348,199177,1536,1
235,2437628,738168,1536,1
236,980382,296937,1536,1
237,3171774,960551,1536,1
238,5275208,1598061,1536,1
239,575176,174227,1536,1
240,3599790,1090129,1536,1
241,838876,254078,1536,1
242,573176,173615,1536,1
243,552008,167208,1536,1
244,2248936,681057,1536,1
245,1009746,305818,1536,1
246,3992888,1209163,1536,1
247,1758768,532649,1536,1
248,1252732,379417,1536,1
249,1645854,498543,1536,1
250,1408306,426538,1536,1
251,1217756,368894,1536,1
252,2014674,610284,1536,1
253,1256626,380577,1536,1
254,569856,172621,1536,1
255,2143654,649259,1536,1
256,912374,276355,1536,1
257,586258,177582,1536,1
258,1986224,601526,1536,1
259,1608588,487175,1536,1
260,3210036,972109,1536,1
261,879632,266479,1536,1
262,1515652,459087,1536,1
263,740680,224348,1536,1
264,1137104,344462,1536,1
265,535638,162254,1536,1
266,2237418,678064,1536,1
267,1986582,601632,1536,1
268,2706804,819724,1536,1
269,1250540,378752,1536,1
270,522028,158129,1536,1
271,2300622,696723,1536,1
272,934314,282973,1536,1
273,1692800,513724,1536,1
274,1212232,367159,1536,1
275,1280780,388099,1536,1
276,835966,253263,1536,1
277,778750,235870,1536,1
278,531564,161013,1536,1
279,1021814,309550,1536,1
280,1279962,388067,1536,1
281,1902176,576152,1536,1
282,757720,229580,1536,1
283,1293550,392084,1536,1
284,939524,284565,1536,1
285,568488,172213,1536,1
286,493442,149467,1536,1
287,6973240,2112225,1536,1
288,722534,218869,1536,1
289,866798,262546,1536,1
290,482420,146119,1536,1
291,1066702,323058,1536,1
292,1480232,448295,1536,1
293,2693036,816086,1536,1
294,1483314,449289,1536,1
295,1592320,482442,1536,1
296,6461666,1957406,1536,1
297,3471924,1052273,1536,1
298,1000928,303345,1536,1
299,1580194,478636,1536,1
300,725102,219644,1536,1
301,746938,226278,1536,1
302,1927354,583991,1536,1
303,1456620,441155,1536,1
304,1204726,365237,1536,1
305,815496,247080,1536,1
306,1177574,357231,1536,1
307,1140662,345722,1536,1
308,1232036,373166,1536,1
309,850226,257542,1536,1
310,1336006,404738,1536,1
311,902364,273700,1536,1
312,1362728,413027,1536,1
313,2559306,776052,1536,1
314,2148472,650660,1536,1
315,9693039,2936420,1536,1
316,1739638,527424,1536,1
317,3798336,1150490,1536,1
318,4060111,1230386,1536,1
319,1696058,513649,1536,1
320,1148780,347900,1536,1
321,912040,276259,1536,1
322,1783064,539991,1536,1
323,919216,278437,1536,1
324,1497374,453504,1536,1
325,702116,212766,1536,1
326,1034036,313208,1536,1
327,1102582,333905,1536,1
328,829464,251231,1536,1
329,1308092,396161,1536,1
330,601092,182051,1536,1
331,1425894,431862,1536,1
332,746654,226183,1536,1
333,802640,243138,1536,1
334,1175742,356248,1536,1
335,897398,271823,1536,1
336,901728,273306,1536,1
337,2963280,900947,1536,1
338,1119694,339119,1536,1
339,1712374,519033,1536,1
340,1085594,328893,1536,1
341,4706702,1425986,1536,1
342,1404821,425975,1536,1
343,4097986,1241471,1536,1
344,2466146,747429,1536,1
345,1858314,563638,1536,1
346,950946,288040,1536,1
347,920934,279105,1536,1
348,927170,280866,1536,1
349,775830,235001,1536,1
350,699848,211999,1536,1
351,1612694,488652,1536,1
352,1794636,543487,1536,1
353,3544512,1074860,1536,1
354,4781448,1449520,1536,1
355,2060196,623959,1536,1
356,2744196,831676,1536,1
357,1870908,567395,1536,1
358,2930128,887714,1536,1
359,1298274,393746,1536,1
360,866656,262588,1536,1
361,1090258,330855,1536,1
362,2081212,630685,1536,1
363,1426494,432051,1536,1
364,1649779,499982,1536,1
365,635932,192643,1536,1
366,1747932,529667,1536,1
367,2247690,681121,1536,1
368,3202598,970234,1536,1
369,962316,291446,1536,1
370,6243448,1892449,1536,1
371,772914,234256,1536,1
372,823382,249416,1536,1
373,890246,269655,1536,1
374,862434,262192,1536,1
375,821956,248961,1536,1
376,6117242,1854093,1536,1
377,3100998,939949,1536,1
378,3031860,918479,1536,1
379,3117545,944409,1536,1
380,3266662,989720,1536,1
381,2221076,672642,1536,1
382,1368306,414441,1536,1
383,3123618,946522,1536,1
384,1254730,380268,1536,1
385,7973056,2415272,1536,1
386,1411850,427967,1536,1
387,2042590,618751,1536,1
388,2116808,641603,1536,1
389,1205028,364973,1536,1
390,1122912,340070,1536,1
391,622922,188706,1536,1
392,614354,186107,1536,1
393,1642318,497968,1536,1
394,6448592,1958791,1536,1
395,1442338,437424,1536,1
396,827308,251295,1536,1
397,1247942,377942,1536,1
398,1030562,312263,1536,1
399,851891,258533,1536,1
400,942712,285741,1536,1
401,787662,238571,1536,1
402,3298977,999545,1536,1
403,850658,257838,1536,1
404,2490134,754963,1536,1
405,964000,292013,1536,1
406,1126461,341526,1536,1
407,1937016,586657,1536,1
408,570398,172787,1536,1
409,591470,179159,1536,1
410,2114460,640906,1536,1
411,1475264,447185,1536,1
412,1555696,471240,1536,1
413,1114866,337833,1536,1
414,2071324,627968,1536,1
415,3090656,936350,1536,1
416,1210392,366598,1536,1
417,839974,254386,1536,1
418,1745296,528573,1536,1
419,758116,229621,1536,1
420,3194841,971984,1536,1
421,890626,269767,1536,1
422,657182,199077,1536,1
423,550270,166659,1536,1
424,2279808,691171,1536,1
425,2453423,743386,1536,1
426,752800,228064,1536,1
427,853790,258665,1536,1
428,822958,249243,1536,1
429,1558852,472111,1536,1
430,1812806,549055,1536,1
431,1240174,375693,1536,1
432,1798728,544773,1536,1
433,2196246,666164,1536,1
434,5582592,1692218,1536,1
435,815414,246995,1536,1
436,1629308,493486,1536,1
437,1029518,311830,1536,1
438,818788,249050,1536,1
439,920344,278871,1536,1
440,862084,261111,1536,1
441,2407872,729634,1536,1
442,1775642,537886,1536,1
443,865040,262156,1536,1
444,2324530,704240,1536,1
445,2226350,675255,1536,1
446,4466036,1353458,1536,1
447,24589759,7448120,1536,1
448,4806720,1457255,1536,1
449,1188680,360402,1536,1
450,1135640,344832,1536,1
451,817082,247504,1536,1
452,1165638,353648,1536,1
453,861866,261029,1536,1
454,875586,265191,1536,1
455,5180030,1569092,1536,1
456,2405578,728536,1536,1
457,915122,277185,1536,1
458,2432034,737448,1536,1
459,726054,220018,1536,1
460,2641488,800816,1536,1
461,1813081,549577,1536,1
462,1925078,583025,1536,1
463,2054606,622603,1536,1
464,2416226,732237,1536,1
465,947884,287106,1536,1
466,567926,172026,1536,1
467,3059502,927876,1536,1
468,810094,245478,1536,1
469,553070,167504,1536,1
470,2279652,690601,1536,1
471,945960,286529,1536,1
472,1242424,376300,1536,1
473,689406,208901,1536,1
474,2490786,754320,1536,1
475,2059958,624607,1536,1
476,973350,294924,1536,1
477,1123576,341784,1536,1
478,1403396,425690,1536,1
479,837108,253555,1536,1
480,2134718,646744,1536,1
481,836048,253234,1536,1
482,2684310,814029,1536,1
483,1098510,333037,1536,1
484,1923032,582881,1536,1
485,2094698,635314,1536,1
486,1805354,548097,1536,1
487,2096664,635699,1536,1
488,588082,178134,1536,1
489,647948,196284,1536,1
490,1168888,354108,1536,1
491,591726,179239,1536,1
492,665118,201472,1536,1
493,2340302,708878,1536,1
494,3018180,914640,1536,1
495,1339934,405841,1536,1
496,612396,185506,1536,1
497,3780406,1145561,1536,1
498,1929902,584924,1536,1
499,1232624,373338,1536,1
500,609412,184601,1536,1
501,602714,182569,1536,1
502,599810,181676,1536,1
503,1241716,376071,1536,1
504,741572,224656,1536,1
505,2401528,727543,1536,1
506,984418,298385,1536,1
507,1599824,484612,1536,1
508,865070,262018,1536,1
509,612580,185560,1536,1
510,1287898,390575,1536,1
511,2248573,681458,1536,1
512,2548188,772187,1536,1
513,2550654,772934,1536,1
514,2228403,675177,1536,1
515,1010939,306767,1536,1
516,2839612,860397,1536,1
517,1235292,374138,1536,1
518,1089516,330072,1536,1
519,601182,182121,1536,1
520,812688,246147,1536,1
521,1226640,371567,1536,1
522,622320,188526,1536,1
523,567894,172012,1536,1
524,1117974,338614,1536,1
525,2855070,864634,1536,1
526,1404796,425467,1536,1
527,1364940,413393,1536,1
528,962496,291511,1536,1
529,760460,230354,1536,1
530,2436406,737844,1536,1
531,550136,166618,1536,1
532,1725546,522693,1536,1
533,1159712,351827,1536,1
534,1270560,384911,1536,1
535,571758,173182,1536,1
536,2249844,681339,1536,1
537,634058,192081,1536,1
538,1302412,394776,1536,1
539,1871146,566868,1536,1
540,2905969,881240,1536,1
541,1662690,503623,1536,1
542,4845422,1467862,1536,1
543,1568998,475665,1536,1
544,1113084,337111,1536,1
545,1058006,320433,1536,1
546,5122614,1552142,1536,1
547,1113794,337366,1536,1
548,1754386,531373,1536,1
549,6460984,1957982,1536,1
550,4247684,1287645,1536,1
551,1875238,568069,1536,1
552,2198586,665833,1536,1
553,3278764,993006,1536,1
554,1735664,525962,1536,1
555,6325300,1919005,1536,1
556,1781052,539413,1536,1
557,1273308,385975,1536,1
558,783604,237377,1536,1
559,3576456,1084637,1536,1
560,779078,236468,1536,1
561,3081890,933725,1536,1
562,3456189,1047332,1536,1
563,615242,186379,1536,1
564,1205886,365761,1536,1
565,1032067,313219,1536,1
566,797224,241490,1536,1
567,1073634,325189,1536,1
568,1140230,345347,1536,1
569,1199278,363405,1536,1
570,1826216,553087,1536,1
571,3914114,1186738,1536,1
572,1091684,331094,1536,1
573,815258,246940,1536,1
574,519920,157477,1536,1
575,2966668,899348,1536,1
576,2805788,852347,1536,1
577,1134892,343745,1536,1
578,1426146,432403,1536,1
579,1850268,560851,1536,1
580,880338,266637,1536,1
581,718022,217479,1536,1
582,719022,217757,1536,1
583,1390933,421799,1536,1
584,6940155,2102331,1536,1
585,5617884,1701913,1536,1
586,10619109,3217441,1536,1
587,5000776,1514957,1536,1
588,2035392,616916,1536,1
589,3207234,971933,1536,1
590,1541512,467405,1536,1
591,876198,265633,1536,1
592,5224266,1582212,1536,1
593,644742,195318,1536,1
594,1751602,531077,1536,1
595,1265318,383202,1536,1
596,592838,179574,1536,1
597,1039308,314758,1536,1
598,841268,254800,1536,1
599,1996676,604694,1536,1
600,4656966,1410257,1536,1
601,4401932,1333910,1536,1
602,1999128,605476,1536,1
603,573972,173861,1536,1
604,1826598,553340,1536,1
605,1227796,372263,1536,1
606,805848,244106,1536,1
607,4695265,1424880,1536,1
608,1762780,533826,1536,1
609,787472,238523,1536,1
610,1323992,401005,1536,1
611,1608726,487246,1536,1
612,2098688,635833,1536,1
613,3721852,1128568,1536,1
614,1535824,465142,1536,1
615,1253314,379572,1536,1
616,5217166,1581155,1536,1
617,960550,291597,1536,1
618,984462,298462,1536,1
619,2618466,793150,1536,1
620,6323707,1915563,1536,1
621,2992984,907042,1536,1
622,872596,265208,1536,1
623,3190028,967336,1536,1
624,1048006,317520,1536,1
625,3472434,1051627,1536,1
626,946224,286613,1536,1
627,1444934,437635,1536,1
628,2579630,781934,1536,1
629,1300644,394163,1536,1
630,1739830,527163,1536,1
631,2732644,828727,1536,1
632,2161828,655265,1536,1
633,3786520,1147373,1536,1
634,5661564,1715228,1536,1
635,3796852,1150501,1536,1
636,1906662,578003,1536,1
637,7495496,2271134,1536,1
638,1412056,428294,1536,1
639,2646232,801909,1536,1
640,866520,262469,1536,1
641,1099962,333459,1536,1
642,1573054,476819,1536,1
643,885090,268191,1536,1
644,790570,239573,1536,1
645,6877300,2083268,1536,1
646,3039584,920561,1536,1
647,2072128,627947,1536,1
648,8496862,2573659,1536,1
649,3481318,1054428,1536,1
650,888902,269293,1536,1
651,1282912,388566,1536,1
652,1613018,489076,1536,1
653,944186,286014,1536,1
654,930778,281900,1536,1
655,1251030,378924,1536,1
656,3094758,937484,1536,1
657,852334,258199,1536,1
658,1216958,368593,1536,1
659,3703312,1122151,1536,1
660,3459758,1047736,1536,1
661,610094,184789,1536,1
662,2446326,741585,1536,1
663,1757644,532291,1536,1
664,1806928,547282,1536,1
665,8569753,2597742,1536,1
666,1764128,534776,1536,1
667,1821972,552305,1536,1
668,4551086,1378810,1536,1
669,1177758,356685,1536,1
670,1924526,582829,1536,1
671,1299250,393984,1536,1
672,3016306,914687,1536,1
673,3071532,930182,1536,1
674,1615788,489586,1536,1
675,663482,200997,1536,1
676,887892,269044,1536,1
677,3345830,1013234,1536,1
678,604300,183054,1536,1
679,1179890,357358,1536,1
680,1946494,589463,1536,1
681,843182,255405,1536,1
682,1783222,540036,1536,1
683,1121330,339592,1536,1
684,800776,242526,1536,1
685,2243372,679491,1536,1
686,632130,191478,1536,1
687,635394,193256,1536,1
688,1574966,477118,1536,1
689,586606,177675,1536,1
690,911350,276047,1536,1
691,2059270,623706,1536,1
692,575028,174184,1536,1
693,1255212,380234,1536,1
694,1024450,310308,1536,1
695,924118,279913,1536,1
696,1731204,524309,1536,1
697,2325842,706083,1536,1
698,2199558,666569,1536,1
699,797124,241466,1536,1
700,3335202,1011800,1536,1
701,2877438,871422,1536,1
702,1015774,307641,1536,1
703,575976,174469,1536,1
704,590328,178837,1536,1
705,2677498,810853,1536,1
706,2554932,774335,1536,1
707,646986,195986,1536,1
708,1322948,400677,1536,1
709,2259569,693966,1536,1
710,1445134,438412,1536,1
711,9142788,2770234,1536,1
712,2095310,635246,1536,1
713,952234,288733,1536,1
714,2115862,640870,1536,1
715,4125548,1250206,1536,1
716,1794798,543579,1536,1
717,2320830,703141,1536,1
718,1325802,401685,1536,1
719,1354858,410337,1536,1
720,1635672,495543,1536,1
721,3177342,962217,1536,1
722,2189906,664785,1536,1
723,967708,294621,1536,1
724,3955843,1199125,1536,1
725,2634224,798271,1536,1
726,1660766,502976,1536,1
727,2291470,693958,1536,1
728,564348,170946,1536,1
729,567948,172113,1536,1
730,2263630,685656,1536,1
731,571712,173161,1536,1
732,1524714,461761,1536,1
733,1305400,395965,1536,1
734,3167480,959762,1536,1
735,3003414,909579,1536,1
736,3885464,1178183,1536,1
737,2113078,639994,1536,1
738,1066160,323062,1536,1
739,1145398,346955,1536,1
740,1704698,516417,1536,1
741,919310,278565,1536,1
742,5030610,1524180,1536,1
743,1954666,591957,1536,1
744,2359326,714513,1536,1
745,1627580,492909,1536,1
746,1835404,555855,1536,1
747,1529960,463379,1536,1
748,1287772,390007,1536,1
749,2125438,643680,1536,1
750,559476,169447,1536,1
751,804642,243684,1536,1
752,1757040,532110,1536,1
753,2141920,648673,1536,1
754,1390812,421219,1536,1
755,1424872,431524,1536,1
756,3281810,993989,1536,1
757,3305276,1001119,1536,1
758,1928092,583924,1536,1
759,969570,293734,1536,1
760,556560,168586,1536,1
761,5459850,1656241,1536,1
762,1932700,585318,1536,1
763,3109136,941727,1536,1
764,2360212,714781,1536,1
765,2184184,661489,1536,1
766,2364442,716056,1536,1
767,550362,166686,1536,1
768,1218914,369162,1536,1
769,2887760,874480,1536,1
770,2715086,822233,1536,1
771,807016,244422,1536,1
772,548834,166224,1536,1
773,1062868,321922,1536,1
774,1675382,507377,1536,1
775,2723570,824841,1536,1
776,777642,235521,1536,1
777,584864,177202,1536,1
778,1759494,532847,1536,1
779,1273922,385832,1536,1
780,1417732,429382,1536,1
781,1751294,530525,1536,1
782,2170242,658503,1536,1
783,571290,173024,1536,1
784,569750,172580,1536,1
785,572286,173350,1536,1
786,2157212,653302,1536,1
787,619450,187634,1536,1
788,574672,174094,1536,1
789,1387382,420169,1536,1
790,781780,236784,1536,1
791,963364,291808,1536,1
792,586572,177707,1536,1
793,746252,226029,1536,1
794,1090160,330154,1536,1
795,836264,253262,1536,1
796,552500,167381,1536,1
797,534294,161820,1536,1
798,767606,232493,1536,1
799,1652756,500524,1536,1
800,846898,256499,1536,1
801,546152,165432,1536,1
802,662464,200676,1536,1
803,1308638,396407,1536,1
804,1584216,479752,1536,1
805,1203504,364487,1536,1
806,1477690,447514,1536,1
807,555504,168265,1536,1
808,3727297,1129695,1536,1
809,579980,175683,1536,1
810,740582,224311,1536,1
811,1135326,343819,1536,1
812,2483696,752162,1536,1
813,536728,162582,1536,1
814,536464,162612,1536,1
815,1281146,387974,1536,1
816,772946,234108,1536,1
817,916240,277499,1536,1
818,2211038,669634,1536,1
819,551836,167173,1536,1
820,795226,240835,1536,1
821,521126,157832,1536,1
822,4898948,1483955,1536,1
823,718830,217701,1536,1
824,2592736,785177,1536,1
825,1909354,578225,1536,1
826,2695506,816299,1536,1
827,953764,288848,1536,1
828,761984,230791,1536,1
829,1003214,303837,1536,1
830,976382,295761,1536,1
831,1952470,591304,1536,1
832,713070,215979,1536,1
833,955926,289493,1536,1
834,719402,217896,1536,1
835,1149808,348216,1536,1
836,761742,230717,1536,1
837,2537346,768405,1536,1
838,536248,162437,1536,1
839,1389168,420709,1536,1
840,936998,283787,1536,1
841,2508260,759602,1536,1
842,735094,222622,1536,1
843,1183534,358428,1536,1
844,735142,222663,1536,1
845,781462,236664,1536,1
846,986116,298663,1536,1
847,1263360,382686,1536,1
848,3019116,914295,1536,1
849,1313730,397843,1536,1
850,571162,173030,1536,1
851,1450440,439283,1536,1
852,1020610,309188,1536,1
853,1220288,369571,1536,1
854,547600,165861,1536,1
855,1187058,359589,1536,1
856,1305974,395535,1536,1
857,2260340,684754,1536,1
858,3038620,921652,1536,1
859,1938334,587425,1536,1
860,2413000,731225,1536,1
861,2406496,728870,1536,1
862,1090002,330126,1536,1
863,3169540,960149,1536,1
864,608128,184181,1536,1
865,2003976,606904,1536,1
866,5703967,1728663,1536,1
867,2954280,894888,1536,1
868,1882802,570168,1536,1
869,3697316,1119666,1536,1
870,2063486,625476,1536,1
871,2543086,771657,1536,1
872,3194502,968513,1536,1
873,3980264,1206540,1536,1
874,1024394,310568,1536,1
875,2261886,686090,1536,1
876,2129660,645343,1536,1
877,2040412,618645,1536,1
878,1120652,339429,1536,1
879,2161037,655056,1536,1
880,1363352,412926,1536,1
881,866940,262600,1536,1
882,2186422,662597,1536,1
883,3166490,960511,1536,1
884,1300458,394070,1536,1
885,1681118,509595,1536,1
886,1539316,466205,1536,1
887,1968162,596059,1536,1
888,2945198,891918,1536,1
889,3787872,1147244,1536,1
890,3213036,975089,1536,1
891,1898382,581725,1536,1
892,1803062,551348,1536,1
893,552694,167414,1536,1
894,1238394,375083,1536,1
895,2765146,837526,1536,1
896,1427292,432243,1536,1
897,564054,170837,1536,1
898,579296,175497,1536,1
899,536792,162574,1536,1
900,2735900,828532,1536,1
901,1487778,450650,1536,1
902,587448,177980,1536,1
903,817282,247536,1536,1
904,2052214,622060,1536,1
905,655938,198699,1536,1
906,665888,201691,1536,1
907,1272868,385492,1536,1
908,1201194,363784,1536,1
909,1038214,314453,1536,1
910,1200404,363628,1536,1
911,2568846,777945,1536,1
912,1329732,402729,1536,1
913,1957218,592719,1536,1
914,549208,166378,1536,1
915,523526,158558,1536,1
916,1065044,322767,1536,1
917,544948,165070,1536,1
918,521408,157934,1536,1
919,1119770,339144,1536,1
920,698680,211619,1536,1
921,1158948,351012,1536,1
922,950452,287838,1536,1
923,3447108,1043956,1536,1
924,506502,153414,1536,1
925,1966188,595450,1536,1
926,1195574,362185,1536,1
927,772480,234344,1536,1
928,5252168,1591059,1536,1
929,802770,243152,1536,1
930,1256172,380479,1536,1
931,494948,149931,1536,1
932,2714756,822124,1536,1
933,2348516,711222,1536,1
934,492882,149299,1536,1
935,2233284,676329,1536,1
936,1062074,321633,1536,1
937,3479144,1053589,1536,1
938,498048,150865,1536,1
939,1297250,392925,1536,1
940,2034548,616174,1536,1
941,2117100,641311,1536,1
942,778192,235731,1536,1
943,1116426,338132,1536,1
944,761990,230838,1536,1
945,888322,269046,1536,1
946,481306,145771,1536,1
947,1210366,370179,1536,1
948,1325572,401442,1536,1
949,1183468,358436,1536,1
950,1673570,506840,1536,1
951,881978,267195,1536,1
952,2505988,758914,1536,1
953,2292422,694605,1536,1
954,1930206,584886,1536,1
955,1082092,328008,1536,1
956,2089542,632819,1536,1
957,704580,213380,1536,1
958,749164,227056,1536,1
959,1382606,418734,1536,1
960,1539600,466290,1536,1
961,1343636,407154,1536,1
962,1050118,318060,1536,1
963,803824,243480,1536,1
964,1124854,340721,1536,1
965,1179428,357314,1536,1
966,1434554,434472,1536,1
967,792056,239932,1536,1
968,811368,245757,1536,1
969,877464,265772,1536,1
970,1142114,345922,1536,1
971,1064444,322593,1536,1
972,2434494,737277,1536,1
973,1799316,544963,1536,1
974,2373116,718673,1536,1
975,1886132,571221,1536,1
976,601794,182278,1536,1
977,1113616,337272,1536,1
978,603118,182693,1536,1
979,826066,250175,1536,1
980,812138,245955,1536,1
981,2805656,849663,1536,1
982,588202,178174,1536,1
983,1116938,338253,1536,1
984,582172,176320,1536,1
985,1809304,547952,1536,1
986,1411880,427704,1536,1
987,3512830,1063781,1536,1
988,597766,181086,1536,1
989,1345320,407413,1536,1
990,2529862,766148,1536,1
991,2777336,841085,1536,1
992,577446,174933,1536,1
993,783792,237403,1536,1
994,5019622,1520373,1536,1
995,631744,191380,1536,1
996,634314,192157,1536,1
997,1511602,457786,1536,1
998,1303506,395162,1536,1
999,3432714,1039604,1536,1
1000,3687672,1117646,1536,1
1001,2275520,689735,1536,1
1002,808154,244752,1536,1
1003,553084,167627,1536,1
1004,1010326,305969,1536,1
1005,550286,166661,1536,1
1006,1286422,389603,1536,1
1007,1083750,328379,1536,1
1008,3722150,1128259,1536,1
1009,3945346,1195651,1536,1
1010,3801756,1151892,1536,1
1011,2015046,610542,1536,1
1012,1201646,364247,1536,1
1013,5256742,1592978,1536,1
1014,851326,257873,1536,1
1015,1633006,495081,1536,1
1016,595614,180388,1536,1
1017,857524,260221,1536,1
1018,897242,271781,1536,1
1019,2920762,885290,1536,1
1020,883352,267637,1536,1
1021,2891451,876063,1536,1
1022,3958474,1199224,1536,1
1023,845838,256478,1536,1
1024,861754,261754,1536,1
1025,997284,302057,1536,1
1026,1376426,417002,1536,1
1027,1917552,581071,1536,1
1028,932512,283223,1536,1
1029,885200,268130,1536,1
1030,1026344,311306,1536,1
1031,3165860,959306,1536,1
1032,1121558,339952,1536,1
1033,1131716,342791,1536,1
1034,2714606,822795,1536,1
1035,1509188,457368,1536,1
1036,1456532,441106,1536,1
1037,1279108,387438,1536,1
1038,1701954,538334,1536,1
1039,2092908,633845,1536,1
1040,1269736,384577,1536,1
1041,4418210,1337935,1536,1
1042,555352,168196,1536,1
1043,770406,233419,1536,1
1044,2316736,701591,1536,1
1045,560282,169713,1536,1
1046,557886,169022,1536,1
1047,783762,237389,1536,1
1048,934946,283167,1536,1
1049,734146,222350,1536,1
1050,3189852,966427,1536,1
1051,1773236,537013,1536,1
1052,1236890,374599,1536,1
1053,1645520,498356,1536,1
1054,967404,293272,1536,1
1055,527890,159911,1536,1
1056,4383150,1328701,1536,1
1057,540050,163612,1536,1
1058,520608,157687,1536,1
1059,746134,226008,1536,1
1060,1065884,322834,1536,1
1061,758108,229773,1536,1
1062,2376194,719575,1536,1
1063,737006,223227,1536,1
1064,507378,153667,1536,1
1065,933558,282822,1536,1
1066,1447580,438520,1536,1
1067,1435964,434884,1536,1
1068,789958,239240,1536,1
1069,1006048,304706,1536,1
1070,1330262,426958,1536,1
1071,1232942,379482,1536,1
1072,803688,243436,1536,1
1073,684024,207169,1536,1
1074,1137868,344597,1536,1
1075,954691,289799,1536,1
1076,4819241,1459856,1536,1
1077,1945027,589326,1536,1
1078,3847822,1165320,1536,1
1079,1392304,421680,1536,1
1080,1807767,547876,1536,1
1081,3027096,916770,1536,1
1082,5786126,1752259,1536,1
1083,2853586,865052,1536,1
1084,1353162,409917,1536,1
1085,5274392,1597359,1536,1
1086,1368852,414908,1536,1
1087,2002384,606496,1536,1
1088,2082414,630962,1536,1
1089,621132,188168,1536,1
1090,693592,210108,1536,1
1091,1611808,488852,1536,1
1092,634920,192299,1536,1
1093,1111688,336667,1536,1
1094,649816,196854,1536,1
1095,1460906,442425,1536,1
1096,1072832,324910,1536,1
1097,1352676,409683,1536,1
1098,1629164,493386,1536,1
1099,968186,293259,1536,1
1100,662052,200559,1536,1
1101,1472326,446393,1536,1
1102,1304072,395064,1536,1
1103,2862602,867630,1536,1
1104,1690952,512146,1536,1
1105,1215710,368676,1536,1
1106,1424362,431477,1536,1
1107,2073630,628184,1536,1
1108,1384600,419643,1536,1
1109,5461210,1654730,1536,1
1110,1963088,595415,1536,1
1111,1333182,403786,1536,1
1112,1056170,319899,1536,1
1113,963574,292014,1536,1
1114,2599096,787113,1536,1
1115,888600,269138,1536,1
1116,832904,252271,1536,1
1117,805156,243867,1536,1
1118,801562,242781,1536,1
1119,1124616,340602,1536,1
1120,1107332,335392,1536,1
1121,1562444,473183,1536,1
1122,2434736,737345,1536,1
1123,835286,253099,1536,1
1124,585488,177340,1536,1
1125,803270,243285,1536,1
1126,584158,176949,1536,1
1127,1599560,484459,1536,1
1128,4541769,1376287,1536,1
1129,1347548,408177,1536,1
1130,1327956,402311,1536,1
1131,608512,184323,1536,1
1132,899692,272591,1536,1
1133,2162124,654903,1536,1
1134,4126502,1249748,1536,1
1135,1311938,398062,1536,1
1136,804122,243587,1536,1
1137,1573762,476737,1536,1
1138,796830,241372,1536,1
1139,1918568,581017,1536,1
1140,1527788,462690,1536,1
1141,595080,180250,1536,1
1142,3028068,917010,1536,1
1143,589764,178641,1536,1
1144,1163302,352339,1536,1
1145,2572434,779015,1536,1
1146,588856,178367,1536,1
1147,2780480,842082,1536,1
1148,721258,218492,1536,1
1149,778700,235846,1536,1
1150,1038578,314545,1536,1
1151,567540,171912,1536,1
1152,1263388,382612,1536,1
1153,1303624,394924,1536,1
1154,2173580,658513,1536,1
1155,582368,176406,1536,1
1156,1855558,561964,1536,1
1157,580174,175744,1536,1
1158,853008,258348,1536,1
1159,2855231,865709,1536,1
1160,2059466,624325,1536,1
1161,907928,275011,1536,1
1162,4113980,1246037,1536,1
1163,628184,190298,1536,1
1164,1346338,407744,1536,1
1165,1345982,407657,1536,1
1166,867512,262735,1536,1
1167,717674,217487,1536,1
1168,1883238,570321,1536,1
1169,572820,173504,1536,1
1170,591444,179151,1536,1
1171,1998014,605236,1536,1
1172,1774208,537643,1536,1
1173,2276846,689540,1536,1
1174,921606,279155,1536,1
1175,1645128,498372,1536,1
1176,1369044,414961,1536,1
1177,3176550,963091,1536,1
1178,1311596,397836,1536,1
1179,2578206,781090,1536,1
1180,11067332,3352854,1536,1
1181,12395547,3756271,1536,1
1182,683070,206921,1536,1
1183,1368660,414528,1536,1
1184,1029958,311985,1536,1
1185,1142084,345894,1536,1
1186,6093132,1846900,1536,1
1187,2904500,880059,1536,1
1188,2143734,649246,1536,1
1189,1127352,341444,1536,1
1190,677382,205197,1536,1
1191,1044374,316279,1536,1
1192,863894,261855,1536,1
1193,1310278,396914,1536,1
1194,2281732,691209,1536,1
1195,1527950,462903,1536,1
1196,567026,171744,1536,1
1197,3171774,960677,1536,1
1198,1000002,302892,1536,1
1199,1290264,390783,1536,1
1200,1816576,550167,1536,1
1201,886650,268562,1536,1
1202,1252896,379468,1536,1
1203,1031642,312448,1536,1
1204,1077418,326324,1536,1
1205,1758554,532605,1536,1
1206,1281118,388043,1536,1
1207,631648,191391,1536,1
1208,966272,292652,1536,1
1209,551884,167173,1536,1
1210,1015138,307450,1536,1
1211,1521344,460833,1536,1
1212,762400,230908,1536,1
1213,802262,242963,1536,1
1214,1394206,422222,1536,1
1215,739210,223894,1536,1
1216,735506,222773,1536,1
1217,1522522,461107,1536,1
1218,2653330,803528,1536,1
1219,518900,157157,1536,1
1220,763516,231230,1536,1
1221,1148554,347848,1536,1
1222,763002,231099,1536,1
1223,1648658,499428,1536,1
1224,533816,161675,1536,1
1225,686304,208002,1536,1
1226,1321214,400251,1536,1
1227,787274,238461,1536,1
1228,1885828,571146,1536,1
1229,1012617,307484,1536,1
1230,1682680,509618,1536,1
1231,630154,190886,1536,1
1232,1136634,344368,1536,1
1233,1446952,438192,1536,1
1234,1827756,555128,1536,1
1235,939326,284491,1536,1
1236,537960,162930,1536,1
1237,1516099,459823,1536,1
1238,774046,234595,1536,1
1239,1654321,501633,1536,1
1240,2322960,703826,1536,1
1241,2971832,900283,1536,1
1242,809848,245305,1536,1
1243,1293132,391625,1536,1
1244,1688648,511413,1536,1
1245,3403462,1030756,1536,1
1246,2589662,784540,1536,1
1247,1519300,460309,1536,1
1248,1204864,364946,1536,1
1249,1176526,356662,1536,1
1250,3614784,1095775,1536,1
1251,4251176,1288039,1536,1
1252,1469458,445140,1536,1
1253,2855056,865101,1536,1
1254,3924176,1189300,1536,1
1255,1053028,319539,1536,1
1256,2039618,617890,1536,1
1257,1189578,360310,1536,1
1258,1636668,496053,1536,1
1259,1167120,353502,1536,1
1260,966814,292909,1536,1
1261,693308,210046,1536,1
1262,2829976,857815,1536,1
1263,1284686,389096,1536,1
1264,1217624,368753,1536,1
1265,2399836,726755,1536,1
1266,1119880,339192,1536,1
1267,1368980,414825,1536,1
1268,888966,269253,1536,1
1269,1776524,538581,1536,1
1270,1032100,312590,1536,1
1271,588082,178122,1536,1
1272,1415264,428595,1536,1
1273,629804,190791,1536,1
1274,589168,178464,1536,1
1275,571210,173034,1536,1
1276,828842,251027,1536,1
1277,725542,220091,1536,1
1278,944972,286228,1536,1
1279,831466,251836,1536,1
1280,1847374,559479,1536,1
1281,665946,201805,1536,1
1282,2239716,679019,1536,1
1283,1774398,538274,1536,1
1284,5621758,1703010,1536,1
1285,1690878,512334,1536,1
1286,5531558,1675739,1536,1
1287,2063620,624944,1536,1
1288,868450,263091,1536,1
1289,2132572,645806,1536,1
1290,571846,173212,1536,1
1291,5824430,1763772,1536,1
1292,1139282,345062,1536,1
1293,1534258,464634,1536,1
1294,1267948,384001,1536,1
1295,1032618,312776,1536,1
1296,1943028,588433,1536,1
1297,760840,230449,1536,1
1298,1171276,354706,1536,1
1299,1983242,600603,1536,1
1300,1872288,567027,1536,1
1301,805752,244019,1536,1
1302,1376114,416758,1536,1
1303,3452810,1045625,1536,1
1304,890198,269645,1536,1
1305,587348,177913,1536,1
1306,638312,193327,1536,1
1307,4792212,1451294,1536,1
1308,1229348,372397,1536,1
1309,3130968,948291,1536,1
1310,899234,272399,1536,1
1311,2448446,741813,1536,1
1312,679202,205750,1536,1
1313,1669830,505700,1536,1
1314,1071170,324393,1536,1
1315,554742,168042,1536,1
1316,2456048,743853,1536,1
1317,2102816,637352,1536,1
1318,713570,216157,1536,1
1319,1238710,375242,1536,1
1320,552758,167424,1536,1
1321,682076,206620,1536,1
1322,614276,186141,1536,1
1323,757650,229487,1536,1
1324,2434846,737341,1536,1
1325,1251106,378923,1536,1
1326,1345906,407630,1536,1
1327,1353886,410038,1536,1
1328,774972,234745,1536,1
1329,1566888,474518,1536,1
1330,797594,241565,1536,1
1331,1094120,331384,1536,1
1332,1145872,347172,1536,1
1333,1038974,314758,1536,1
1334,970488,294025,1536,1
1335,4785594,1449517,1536,1
1336,1221754,370082,1536,1
1337,1543126,467352,1536,1
1338,4572316,1386168,1536,1
1339,4169729,1264010,1536,1
1340,2910498,881677,1536,1
1341,802068,242966,1536,1
1342,1222594,370436,1536,1
1343,1699474,514751,1536,1
1344,1404756,425442,1536,1
1345,1645818,498443,1536,1
1346,1571232,476059,1536,1
1347,869736,263419,1536,1
1348,1693248,512825,1536,1
1349,1529458,463180,1536,1
1350,769464,233053,1536,1
1351,2939592,890212,1536,1
1352,832490,252172,1536,1
1353,2289442,693944,1536,1
1354,1863620,564657,1536,1
1355,941410,285124,1536,1
1356,1254928,380079,1536,1
1357,1303232,394870,1536,1
1358,957108,289900,1536,1
1359,1216328,368466,1536,1
1360,1727734,523210,1536,1
1361,937284,283943,1536,1
1362,553094,167537,1536,1
1363,2809794,851079,1536,1
1364,1290474,391167,1536,1
1365,3426800,1038368,1536,1
1366,1376266,417278,1536,1
1367,1966204,595766,1536,1
1368,2726802,825809,1536,1
1369,1056054,319821,1536,1
1370,551794,167147,1536,1
1371,1423408,431541,1536,1
1372,6565812,1988484,1536,1
1373,933480,282708,1536,1
1374,1709294,517665,1536,1
1375,633166,191810,1536,1
1376,535202,162138,1536,1
1377,1634610,495048,1536,1
1378,1012768,306709,1536,1
1379,1131318,342647,1536,1
1380,1790814,542464,1536,1
1381,809088,245076,1536,1
1382,1478968,448152,1536,1
1383,2116272,642389,1536,1
1384,559728,169548,1536,1
1385,1372740,415728,1536,1
1386,1026680,310960,1536,1
1387,520518,157672,1536,1
1388,961852,291313,1536,1
1389,1736582,525906,1536,1
1390,775980,235045,1536,1
1391,504932,152953,1536,1
1392,2597932,786752,1536,1
1393,509056,154189,1536,1
1394,934142,282937,1536,1
1395,2231208,675701,1536,1
1396,492860,149294,1536,1
1397,492126,149056,1536,1
1398,663126,200853,1536,1
1399,1284486,389005,1536,1
1400,1159486,351158,1536,1
1401,954020,288953,1536,1
1402,490186,148480,1536,1
1403,558416,169159,1536,1
1404,1462870,443023,1536,1
1405,474152,143614,1536,1
1406,1791372,542546,1536,1
1407,2215972,671167,1536,1
1408,679156,205704,1536,1
1409,704588,213433,1536,1
1410,1255174,380105,1536,1
1411,673744,204081,1536,1
1412,1216132,368567,1536,1
1413,848030,256857,1536,1
1414,2664760,807457,1536,1
1415,3634778,1100716,1536,1
1416,1061706,321520,1536,1
1417,2275610,689123,1536,1
1418,716308,217108,1536,1
1419,861310,260860,1536,1
1420,906918,274683,1536,1
1421,459828,139621,1536,1
1422,3361282,1017894,1536,1
1423,2211594,669953,1536,1
1424,3356694,1016825,1536,1
1425,874102,264749,1536,1
1426,1167986,353744,1536,1
1427,1225436,371122,1536,1
1428,1431808,433629,1536,1
1429,884598,267939,1536,1
1430,662592,200703,1536,1
1431,672934,203821,1536,1
1432,1949188,590297,1536,1
1433,1061744,321533,1536,1
1434,804696,243696,1536,1
1435,973936,294965,1536,1
1436,2522296,764379,1536,1
1437,1354908,410792,1536,1
1438,908544,275183,1536,1
1439,1413734,428137,1536,1
1440,1095662,331842,1536,1
1441,1189782,360322,1536,1
1442,888330,269044,1536,1
1443,466496,141311,1536,1
1444,929488,281509,1536,1
1445,3550634,1075577,1536,1
1446,1383892,419228,1536,1
1447,768618,232810,1536,1
1448,1881064,569698,1536,1
1449,1114422,337537,1536,1
1450,612896,185628,1536,1
1451,935942,283444,1536,1
1452,874842,264974,1536,1
1453,1247670,377881,1536,1
1454,1455746,441967,1536,1
1455,1486311,451082,1536,1
1456,2264712,686174,1536,1
1457,787324,238503,1536,1
1458,737344,223340,1536,1
1459,739120,223874,1536,1
1460,1404976,426350,1536,1
1461,3439482,1046475,1536,1
1462,792434,240013,1536,1
1463,2909916,881226,1536,1
1464,2136256,646940,1536,1
1465,2130098,645050,1536,1
1466,778088,235663,1536,1
1467,776990,235338,1536,1
1468,1250830,378822,1536,1
1469,2589726,784259,1536,1
1470,2361972,715310,1536,1
1471,571536,173128,1536,1
1472,1251114,378910,1536,1
1473,2695878,816502,1536,1
1474,1352694,409755,1536,1
1475,827834,250722,1536,1
1476,2563434,776322,1536,1
1477,1730220,523991,1536,1
1478,1881102,569837,1536,1
1479,1042814,315854,1536,1
1480,567510,171892,1536,1
1481,1730026,523901,1536,1
1482,2840624,861423,1536,1
1483,3370962,1020848,1536,1
1484,622934,188711,1536,1
1485,1344068,407033,1536,1
1486,1243744,376695,1536,1
1487,2970783,901081,1536,1
1488,2517128,762329,1536,1
1489,3916708,1186667,1536,1
1490,1412479,428097,1536,1
1491,1226662,371610,1536,1
1492,1077116,326782,1536,1
1493,3083026,933756,1536,1
1494,647274,196080,1536,1
1495,5546710,1680508,1536,1
1496,2867820,868849,1536,1
1497,1876354,569351,1536,1
1498,1956188,593533,1536,1
1499,1866538,566679,1536,1
1500,2741312,831080,1536,1
1501,2598318,786897,1536,1
1502,904878,274100,1536,1
1503,1195546,362504,1536,1
1504,3682228,1115884,1536,1
1505,5492088,1665936,1536,1
1506,1675160,508276,1536,1
1507,945326,286454,1536,1
1508,2138002,648037,1536,1
1509,3679071,1114565,1536,1
1510,916435,277975,1536,1
1511,4190283,1269550,1536,1
1512,1135756,344014,1536,1
1513,3058414,927254,1536,1
1514,2746270,831744,1536,1
1515,653466,197955,1536,1
1516,1500100,454331,1536,1
1517,1446604,438446,1536,1
1518,637792,193209,1536,1
1519,1055832,319770,1536,1
1520,1829290,554099,1536,1
1521,1450602,439337,1536,1
1522,892820,270558,1536,1
1523,2229849,675784,1536,1
1524,2533432,767331,1536,1
1525,1195344,362149,1536,1
1526,6391126,1937030,1536,1
1527,817664,247691,1536,1
1528,3215862,974451,1536,1
1529,660296,200054,1536,1
1530,1156552,350295,1536,1
1531,1509128,457984,1536,1
1532,2269214,688218,1536,1
1533,2317894,702430,1536,1
1534,1019282,308705,1536,1
1535,760844,230448,1536,1
1536,554074,167837,1536,1
1537,548864,166258,1536,1
1538,840048,254450,1536,1
1539,2430822,736491,1536,1
1540,868554,263085,1536,1
1541,760112,230278,1536,1
1542,757658,229483,1536,1
1543,1058290,320521,1536,1
1544,548908,166268,1536,1
1545,1063232,322521,1536,1
1546,3810855,1154435,1536,1
1547,571914,173243,1536,1
1548,840766,254646,1536,1
1549,2440558,739184,1536,1
1550,547578,165869,1536,1
1551,819148,248121,1536,1
1552,2256620,683507,1536,1
1553,1032822,312804,1536,1
1554,968192,293255,1536,1
1555,539186,163327,1536,1
1556,2928191,887502,1536,1
1557,1424948,431570,1536,1
1558,1642906,499181,1536,1
1559,1796204,544886,1536,1
1560,1140690,345621,1536,1
1561,1113526,337994,1536,1
1562,1547144,468986,1536,1
1563,1465154,443743,1536,1
1564,2691068,815062,1536,1
1565,1637194,495813,1536,1
1566,1229650,372433,1536,1
1567,1518508,460412,1536,1
1568,2267758,688186,1536,1
1569,824458,249730,1536,1
1570,956698,289804,1536,1
1571,916944,277746,1536,1
1572,1865340,564936,1536,1
1573,4402886,1334048,1536,1
1574,689822,208947,1536,1
1575,831368,251801,1536,1
1576,2419080,732583,1536,1
1577,2763027,837050,1536,1
1578,4176604,1265319,1536,1
1579,2049636,620863,1536,1
1580,991604,301085,1536,1
1581,1949104,590597,1536,1
1582,5482228,1669205,1536,1
1583,962088,291409,1536,1
1584,815308,246984,1536,1
1585,4152184,1259425,1536,1
1586,5763266,1746770,1536,1
1587,3128228,947908,1536,1
1588,1122474,339977,1536,1
1589,886424,268708,1536,1
1590,2220514,672680,1536,1
1591,1419904,430498,1536,1
1592,1065600,322977,1536,1
1593,961690,291292,1536,1
1594,675876,204733,1536,1
1595,1055410,319677,1536,1
1596,8516754,2579972,1536,1
1597,1695738,513647,1536,1
1598,2893998,876902,1536,1
1599,1946501,589992,1536,1
1600,1172156,355020,1536,1
1601,591914,179294,1536,1
1602,1420794,430308,1536,1
1603,1087854,329457,1536,1
1604,2412704,730674,1536,1
1605,2783354,843250,1536,1
1606,4526666,1370877,1536,1
1607,2009646,608885,1536,1
1608,1059208,320848,1536,1
1609,2852414,863939,1536,1
1610,3458682,1047582,1536,1
1611,1080214,327192,1536,1
1612,781354,236660,1536,1
1613,1664710,504489,1536,1
1614,4286976,1298922,1536,1
1615,1014358,307559,1536,1
1616,1205484,365208,1536,1
1617,2856922,865467,1536,1
1618,573762,173799,1536,1
1619,573100,173662,1536,1
1620,574398,173964,1536,1
1621,1271146,384951,1536,1
1622,1527822,462769,1536,1
1623,897012,272179,1536,1
1624,2985182,904274,1536,1
1625,1913216,579438,1536,1
1626,894122,270825,1536,1
1627,1555682,471152,1536,1
1628,3063495,928647,1536,1
1629,1836858,556297,1536,1
1630,1907596,577811,1536,1
1631,1503464,456639,1536,1
1632,2372612,718872,1536,1
1633,1788164,541554,1536,1
1634,3318424,1004941,1536,1
1635,5870066,1779827,1536,1
1636,2117240,641790,1536,1
1637,682634,206942,1536,1
1638,3329192,1008342,1536,1
1639,3934717,1192337,1536,1
1640,1516767,459806,1536,1
1641,2341686,709558,1536,1
1642,960854,291034,1536,1
1643,1935744,586314,1536,1
1644,2715098,823146,1536,1
1645,2685267,814451,1536,1
1646,3019515,914918,1536,1
1647,713106,216012,1536,1
1648,2764362,837313,1536,1
1649,608216,184249,1536,1
1650,1675964,507660,1536,1
1651,4075698,1235559,1536,1
1652,741800,224708,1536,1
1653,1491616,451995,1536,1
1654,1089274,329954,1536,1
1655,887466,268809,1536,1
1656,1547932,469168,1536,1
1657,1499744,454170,1536,1
1658,4218746,1277631,1536,1
1659,553974,167888,1536,1
1660,2638142,800747,1536,1
1661,878538,266106,1536,1
1662,1712542,518633,1536,1
1663,1131568,342726,1536,1
1664,2860750,866374,1536,1
1665,3455736,1047613,1536,1
1666,5509492,1669560,1536,1
1667,3515891,1065874,1536,1
1668,891261,270266,1536,1
1669,1461120,442569,1536,1
1670,3431466,1040414,1536,1
1671,709572,214955,1536,1
1672,836460,253405,1536,1
1673,886910,268829,1536,1
1674,2237620,677938,1536,1
1675,2043068,619419,1536,1
1676,1234640,373918,1536,1
1677,800198,242365,1536,1
1678,2389176,723521,1536,1
1679,1058986,320732,1536,1
1680,808914,245026,1536,1
1681,1609694,487517,1536,1
1682,2567660,777593,1536,1
1683,2593878,785531,1536,1
1684,1963770,596355,1536,1
1685,5068000,1542628,1536,1
1686,2034674,616165,1536,1
1687,1767760,535376,1536,1
1688,565914,171410,1536,1
1689,1021632,309397,1536,1
1690,880558,266734,1536,1
1691,1994250,604314,1536,1
1692,2791946,846209,1536,1
1693,987780,299191,1536,1
1694,2409886,730085,1536,1
1695,766506,232200,1536,1
1696,1631824,494248,1536,1
1697,1917040,580645,1536,1
1698,1201148,363797,1536,1
1699,1860368,563519,1536,1
1700,3982652,1206931,1536,1
1701,1200496,363615,1536,1
1702,1329860,403269,1536,1
1703,782298,236966,1536,1
1704,3431290,1040260,1536,1
1705,2374252,719653,1536,1
1706,1703406,516512,1536,1
1707,2067866,626515,1536,1
1708,2384562,722197,1536,1
1709,2350545,712517,1536,1
1710,3791498,1148590,1536,1
1711,2404682,728682,1536,1
1712,2171099,657854,1536,1
1713,1810640,548367,1536,1
1714,6640191,2011679,1536,1
1715,643574,194928,1536,1
1716,1559098,472154,1536,1
1717,841472,254982,1536,1
1718,1620532,491343,1536,1
1719,1542364,467161,1536,1
1720,4895122,1484274,1536,1
1721,3545916,1075309,1536,1
1722,2080266,630333,1536,1
1723,792512,240017,1536,1
1724,1012090,306507,1536,1
1725,1610252,487713,1536,1
1726,1152334,349930,1536,1
1727,1472296,446518,1536,1
1728,1211682,367167,1536,1
1729,1938308,587499,1536,1
1730,1660462,503393,1536,1
1731,3165966,959344,1536,1
1732,3127389,947843,1536,1
1733,1200706,364118,1536,1
1734,2627382,796209,1536,1
1735,960718,290949,1536,1
1736,2717746,823018,1536,1
1737,2621750,793971,1536,1
1738,1069772,324019,1536,1
1739,1131108,342590,1536,1
1740,919914,279088,1536,1
1741,1170384,354467,1536,1
1742,963704,292040,1536,1
1743,2502592,757971,1536,1
1744,3653466,1107192,1536,1
1745,654928,198399,1536,1
1746,1061400,321485,1536,1
1747,6322878,1915177,1536,1
1748,2198596,666362,1536,1
1749,2013214,609702,1536,1
1750,3425104,1037641,1536,1
1751,2395274,725758,1536,1
1752,943852,285892,1536,1
1753,903296,273643,1536,1
1754,2054113,622464,1536,1
1755,2139010,647798,1536,1
1756,567778,171959,1536,1
1757,1423048,430968,1536,1
1758,1028808,311610,1536,1
1759,571544,173120,1536,1
1760,568774,172285,1536,1
1761,566996,171829,1536,1
1762,1366180,413903,1536,1
1763,853268,258437,1536,1
1764,1560054,472456,1536,1
1765,2070268,626976,1536,1
1766,2427916,735873,1536,1
1767,1250732,379072,1536,1
1768,2063240,624970,1536,1
1769,778268,235840,1536,1
1770,2195728,665458,1536,1
1771,4120720,1248458,1536,1
1772,1142700,346113,1536,1
1773,588574,178286,1536,1
1774,1234824,374305,1536,1
1775,3124440,946587,1536,1
1776,2072432,628357,1536,1
1777,1884580,570810,1536,1
1778,2890640,875556,1536,1
1779,3054236,926714,1536,1
1780,2026346,613945,1536,1
1781,7034242,2132115,1536,1
1782,1296660,392720,1536,1
1783,1466390,444130,1536,1
1784,1737122,526197,1536,1
1785,7092536,2150681,1536,1
1786,1296420,393479,1536,1
1787,2055476,623163,1536,1
1788,2497728,757433,1536,1
1789,3107986,942060,1536,1
1790,1745666,528699,1536,1
1791,876224,265414,1536,1
1792,1285358,389311,1536,1
1793,2394002,725006,1536,1
1794,2285784,692824,1536,1
1795,2777441,843060,1536,1
1796,1258234,381090,1536,1
1797,4146306,1256739,1536,1
1798,7414694,2246239,1536,1
1799,1919274,581259,1536,1
1800,1488918,450973,1536,1
1801,1091032,330432,1536,1
1802,1490270,452635,1536,1
1803,1600050,489889,1536,1
1804,966560,292766,1536,1
1805,3323098,1007041,1536,1
1806,2382602,721512,1536,1
1807,808966,245019,1536,1
1808,1434198,434376,1536,1
1809,4061306,1230723,1536,1
1810,1583096,479458,1536,1
1811,3364040,1019649,1536,1
1812,3376585,1022843,1536,1
1813,886514,268538,1536,1
1814,2002151,606612,1536,1
1815,950522,287910,1536,1
1816,2760864,836053,1536,1
1817,892508,270341,1536,1
1818,1122706,340041,1536,1
1819,1011168,306328,1536,1
1820,540936,163860,1536,1
1821,744280,225405,1536,1
1822,1948706,590295,1536,1
1823,540256,163646,1536,1
1824,656888,198995,1536,1
1825,538314,163047,1536,1
1826,557594,168900,1536,1
1827,1327730,402293,1536,1
1828,538980,163253,1536,1
1829,939088,284403,1536,1
1830,1773160,537028,1536,1
1831,1222660,370335,1536,1
1832,1034458,313409,1536,1
1833,772794,234084,1536,1
1834,2800522,848142,1536,1
1835,966984,292847,1536,1
1836,1125958,341081,1536,1
1837,1530768,463683,1536,1
1838,645228,195548,1536,1
1839,2150328,651491,1536,1
1840,867714,262849,1536,1
1841,574326,174062,1536,1
1842,1991102,603024,1536,1
1843,2666138,808336,1536,1
1844,2396508,726790,1536,1
1845,3777178,1147585,1536,1
1846,1417936,429966,1536,1
1847,1174926,356118,1536,1
1848,2570411,778826,1536,1
1849,1060036,321050,1536,1
1850,3027010,916711,1536,1
1851,1066315,323265,1536,1
1852,902172,273273,1536,1
1853,2768072,838291,1536,1
1854,938150,284165,1536,1
1855,1173178,355550,1536,1
1856,1476970,447299,1536,1
1857,2669122,810071,1536,1
1858,959290,290571,1536,1
1859,1375680,416647,1536,1
1860,1327980,402368,1536,1
1861,931978,282838,1536,1
1862,2400016,727594,1536,1
1863,1260642,381937,1536,1
1864,2649074,802303,1536,1
1865,1583280,480248,1536,1
1866,7554370,2288569,1536,1
1867,2079547,630600,1536,1
1868,1728566,523821,1536,1
1869,3076397,932157,1536,1
1870,1690406,511915,1536,1
1871,1992837,603702,1536,1
1872,2724555,826719,1536,1
1873,3694486,1119443,1536,1
1874,1745278,528535,1536,1
1875,2710724,820915,1536,1
1876,741578,224644,1536,1
1877,2524304,764469,1536,1
1878,889918,269539,1536,1
1879,633948,192046,1536,1
1880,833638,252468,1536,1
1881,1142666,346051,1536,1
1882,3484604,1056978,1536,1
1883,3030830,917850,1536,1
1884,1917426,581087,1536,1
1885,1534554,464777,1536,1
1886,3614480,1095684,1536,1
1887,1844850,558787,1536,1
1888,1688388,511893,1536,1
1889,1504378,456210,1536,1
1890,1425968,431974,1536,1
1891,1140496,345442,1536,1
1892,861246,260853,1536,1
1893,871666,264066,1536,1
1894,3675328,1113710,1536,1
1895,896874,271671,1536,1
1896,1511794,457849,1536,1
1897,828916,251051,1536,1
1898,1389108,420720,1536,1
1899,877128,265637,1536,1
1900,1170798,354561,1536,1
1901,982490,297593,1536,1
1902,1254236,379885,1536,1
1903,604544,183126,1536,1
1904,1573484,477220,1536,1
1905,3440164,1041800,1536,1
1906,2147666,650680,1536,1
1907,804746,243734,1536,1
1908,870462,263751,1536,1
1909,1149808,348252,1536,1
1910,1366494,413895,1536,1
1911,1935864,586281,1536,1
1912,592948,179610,1536,1
1913,1060864,321298,1536,1
1914,1099268,332946,1536,1
1915,4509362,1365929,1536,1
1916,5868282,1777518,1536,1
1917,573224,173639,1536,1
1918,1656508,501683,1536,1
1919,1107278,335688,1536,1
1920,982148,297844,1536,1
1921,1323862,401104,1536,1
1922,2284425,692121,1536,1
1923,1923972,582875,1536,1
1924,5599872,1696495,1536,1
1925,2506337,759324,1536,1
1926,3109501,942088,1536,1
1927,1734826,525649,1536,1
1928,1311732,397481,1536,1
1929,567698,171976,1536,1
1930,807162,244473,1536,1
1931,758170,229643,1536,1
1932,571706,173190,1536,1
1933,936976,283782,1536,1
1934,2367468,717162,1536,1
1935,3166190,958830,1536,1
1936,2572254,778983,1536,1
1937,1432448,433818,1536,1
1938,1832450,554940,1536,1
1939,1418484,429604,1536,1
1940,731974,221679,1536,1
1941,2051080,621205,1536,1
1942,560758,170063,1536,1
1943,865558,262176,1536,1
1944,1901516,576476,1536,1
1945,821032,248939,1536,1
1946,1794206,543524,1536,1
1947,5354672,1623134,1536,1
1948,2912136,881857,1536,1
1949,3129114,949344,1536,1
1950,907884,275025,1536,1
1951,1612472,488365,1536,1
1952,4000968,1211721,1536,1
1953,1724946,522415,1536,1
1954,760748,230416,1536,1
1955,2134356,646360,1536,1
1956,1435712,434821,1536,1
1957,535476,162178,1536,1
1958,3215312,973767,1536,1
1959,2129998,645408,1536,1
1960,730924,221885,1536,1
1961,958794,290459,1536,1
1962,1491312,456498,1536,1
1963,1054410,319338,1536,1
1964,791266,239658,1536,1
1965,924544,280130,1536,1
1966,818180,247833,1536,1
1967,2412108,730488,1536,1
1968,1632758,494445,1536,1
1969,1027688,311269,1536,1
1970,1293228,391703,1536,1
1971,2107952,638386,1536,1
1972,1227438,371712,1536,1
1973,839944,254500,1536,1
1974,1396984,423079,1536,1
1975,2758100,835480,1536,1
1976,1778758,539224,1536,1
1977,1035752,313691,1536,1
1978,3828415,1159920,1536,1
1979,521272,157898,1536,1
1980,2894867,877053,1536,1
1981,1491548,451715,1536,1
1982,1237022,374708,1536,1
1983,790054,239309,1536,1
1984,1800958,546198,1536,1
1985,2936302,890270,1536,1
1986,2958228,897102,1536,1
1987,1852210,560956,1536,1
1988,2199296,666459,1536,1
1989,5383224,1631203,1536,1
1990,1182930,358351,1536,1
1991,3720444,1126778,1536,1
1992,765492,231872,1536,1
1993,3066376,928775,1536,1
1994,1931206,584860,1536,1
1995,510922,154821,1536,1
1996,8013756,2428023,1536,1
1997,1962856,594463,1536,1
1998,801274,242706,1536,1
1999,710072,215090,1536,1
2000,723192,219083,1536,1
2001,1826779,554790,1536,1
2002,1915824,580193,1536,1
2003,2822320,855032,1536,1
2004,1008642,305490,1536,1
2005,1628486,493796,1536,1
2006,679472,205814,1536,1
2007,5309789,1609130,1536,1
2008,583712,176827,1536,1
2009,5464822,1656521,1536,1
2010,3065032,928236,1536,1
2011,1370234,415259,1536,1
2012,2602466,788825,1536,1
2013,3099932,939621,1536,1
2014,581686,176200,1536,1
2015,2005953,607890,1536,1
2016,3657553,1107981,1536,1
2017,1268844,384297,1536,1
2018,1501544,454741,1536,1
2019,560776,169838,1536,1
2020,2297232,695995,1536,1
2021,1291754,391233,1536,1
2022,780878,236536,1536,1
2023,885318,268162,1536,1
2024,1066496,323023,1536,1
2025,549874,166549,1536,1
2026,1258106,381041,1536,1
2027,2163048,655066,1536,1
2028,4042510,1224195,1536,1
2029,537382,162780,1536,1
2030,2831890,857619,1536,1
2031,1840756,557528,1536,1
2032,1182940,358266,1536,1
2033,1355958,410683,1536,1
2034,852810,258322,1536,1
2035,540198,163608,1536,1
2036,4507124,1365953,1536,1
2037,1187034,359489,1536,1
2038,934234,282937,1536,1
2039,690456,209153,1536,1
2040,2810012,850982,1536,1
2041,745412,225773,1536,1
2042,744908,225619,1536,1
2043,3436206,1040596,1536,1
2044,1092002,330745,1536,1
2045,960758,290985,1536,1
2046,547922,165971,1536,1
2047,549134,166333,1536,1
2048,1375086,416447,1536,1
2049,1901312,575899,1536,1
2050,763350,231206,1536,1
2051,5974214,1809509,1536,1
2052,1065150,322729,1536,1
2053,1204810,365070,1536,1
2054,1360570,412073,1536,1
2055,1156234,350198,1536,1
2056,605574,183450,1536,1
2057,1605992,486355,1536,1
2058,1028464,311489,1536,1
2059,556486,168562,1536,1
2060,1936834,586804,1536,1
2061,849882,257421,1536,1
2062,1274552,386025,1536,1
2063,864172,261756,1536,1
2064,2002346,606413,1536,1
2065,1657672,502034,1536,1
2066,1739170,527158,1536,1
2067,604726,183195,1536,1
2068,1894408,573863,1536,1
2069,3337642,1010906,1536,1
2070,991992,300443,1536,1
2071,4444864,1346598,1536,1
2072,1935080,586484,1536,1
2073,5100181,1546472,1536,1
2074,750300,227287,1536,1
2075,929654,282089,1536,1
2076,1225646,371299,1536,1
2077,1338696,405820,1536,1
2078,2515939,762507,1536,1
2079,1455180,440683,1536,1
2080,3265322,988848,1536,1
2081,1516334,459301,1536,1
2082,727400,221587,1536,1
2083,1864222,564583,1536,1
2084,2344440,709975,1536,1
2085,1037992,314605,1536,1
2086,3226194,977196,1536,1
2087,763048,231120,1536,1
2088,2735294,828350,1536,1
2089,933588,282924,1536,1
2090,4935722,1494671,1536,1
2091,1430446,433232,1536,1
2092,534728,161950,1536,1
2093,780990,236521,1536,1
2094,598990,181453,1536,1
2095,1989618,602675,1536,1
2096,2414002,731230,1536,1
2097,2569636,778166,1536,1
2098,555106,168149,1536,1
2099,551416,167121,1536,1
2100,2939238,891094,1536,1
2101,2200808,666657,1536,1
2102,883282,267530,1536,1
2103,1918149,581796,1536,1
2104,1694472,513210,1536,1
2105,665848,201925,1536,1
2106,2345058,710267,1536,1
2107,552388,167322,1536,1
2108,808600,244882,1536,1
2109,1628900,493289,1536,1
2110,597478,180998,1536,1
2111,581820,176259,1536,1
2112,1012966,306794,1536,1
2113,862972,261403,1536,1
2114,3513774,1065031,1536,1
2115,4323918,1309402,1536,1
2116,1021680,309453,1536,1
2117,1540132,466652,1536,1
2118,1728266,523461,1536,1
2119,3405056,1031163,1536,1
2120,1908972,578130,1536,1
2121,958400,290269,1536,1
2122,1418586,429614,1536,1
2123,1301268,394113,1536,1
2124,1267858,383951,1536,1
2125,4168108,1262410,1536,1
2126,804496,243670,1536,1
2127,547070,165714,1536,1
2128,1167898,353708,1536,1
2129,610152,184836,1536,1
2130,1055072,319543,1536,1
2131,5643582,1709736,1536,1
2132,835064,252944,1536,1
2133,1305424,395370,1536,1
2134,1924918,589124,1536,1
2135,2098716,635671,1536,1
2136,560946,169902,1536,1
2137,2483402,752151,1536,1
2138,915722,277364,1536,1
2139,3101200,939229,1536,1
2140,1502578,455052,1536,1
2141,796982,241439,1536,1
2142,1696102,513668,1536,1
2143,803042,243236,1536,1
2144,1146942,347358,1536,1
2145,544500,164933,1536,1
2146,997588,302134,1536,1
2147,2431728,736783,1536,1
2148,985754,298714,1536,1
2149,1656684,501711,1536,1
2150,961406,291178,1536,1
2151,1485572,449982,1536,1
2152,3396880,1029060,1536,1
2153,4979468,1508948,1536,1
2154,1909502,578951,1536,1
2155,2491806,755461,1536,1
2156,1753884,531268,1536,1
2157,1703776,516692,1536,1
2158,1202458,364373,1536,1
2159,889452,269435,1536,1
2160,1532392,464168,1536,1
2161,1636375,497268,1536,1
2162,616146,186638,1536,1
2163,1598134,484007,1536,1
2164,3358268,1016981,1536,1
2165,1010734,306120,1536,1
2166,1160265,351697,1536,1
2167,1146394,347513,1536,1
2168,3408827,1033486,1536,1
2169,1663306,503768,1536,1
2170,1123276,340218,1536,1
2171,5968704,1807463,1536,1
2172,1013514,306960,1536,1
2173,1729550,523784,1536,1
2174,552120,167246,1536,1
2175,2636580,798461,1536,1
2176,3056056,925682,1536,1
2177,1270348,384858,1536,1
2178,871594,263987,1536,1
2179,2078338,629725,1536,1
2180,852852,258329,1536,1
2181,1000364,303007,1536,1
2182,3156152,957637,1536,1
2183,2805086,850849,1536,1
2184,1284368,389009,1536,1
2185,849790,257431,1536,1
2186,1577816,478165,1536,1
2187,2773146,840594,1536,1
2188,1234564,373938,1536,1
2189,879784,266490,1536,1
2190,911776,276183,1536,1
2191,539692,163479,1536,1
2192,1950516,590712,1536,1
2193,735828,222872,1536,1
2194,1227764,371832,1536,1
2195,2023566,612811,1536,1
2196,1691350,512213,1536,1
2197,541458,164016,1536,1
2198,1925538,583147,1536,1
2199,1628474,493159,1536,1
2200,586078,177543,1536,1
2201,1186986,359506,1536,1
2202,538040,162980,1536,1
2203,1607674,486875,1536,1
2204,2269526,687309,1536,1
2205,735548,222787,1536,1
2206,1028622,311507,1536,1
2207,739020,223822,1536,1
2208,1480100,448264,1536,1
2209,807642,244606,1536,1
2210,575670,174390,1536,1
2211,553740,167731,1536,1
2212,2107439,638622,1536,1
2213,2588876,784390,1536,1
2214,814354,246652,1536,1
2215,553380,167621,1536,1
2216,3444612,1043784,1536,1
2217,1774540,537652,1536,1
2218,1377603,417836,1536,1
2219,4516420,1368087,1536,1
2220,2546502,771244,1536,1
2221,754140,228423,1536,1
2222,841048,254765,1536,1
2223,1703802,516007,1536,1
2224,2222912,673919,1536,1
2225,1281524,388133,1536,1
2226,645342,195488,1536,1
2227,819640,248334,1536,1
2228,1611544,489784,1536,1
2229,1399472,423867,1536,1
2230,1183592,358477,1536,1
2231,3229692,978307,1536,1
2232,2993056,906501,1536,1
2233,1977078,598753,1536,1
2234,1588436,481071,1536,1
2235,1782618,539844,1536,1
2236,4937172,1495303,1536,1
2237,1443444,437151,1536,1
2238,607268,183960,1536,1
2239,1210548,366607,1536,1
2240,692266,209722,1536,1
2241,1333326,403816,1536,1
2242,1886874,571601,1536,1
2243,588740,178348,1536,1
2244,915748,277352,1536,1
2245,543916,164774,1536,1
2246,994952,301318,1536,1
2247,1758150,532529,1536,1
2248,1182048,357980,1536,1
2249,536184,162391,1536,1
2250,536092,162364,1536,1
2251,538600,163153,1536,1
2252,988372,299417,1536,1
2253,1479106,447921,1536,1
2254,1109426,336076,1536,1
2255,771720,233768,1536,1
2256,1791432,543359,1536,1
2257,2163610,655386,1536,1
2258,939356,284658,1536,1
2259,4119672,1247862,1536,1
2260,1965928,595462,1536,1
2261,1194246,361719,1536,1
2262,1494116,452482,1536,1
2263,1296876,392760,1536,1
2264,1034994,313481,1536,1
2265,1682228,509471,1536,1
2266,3473154,1051747,1536,1
2267,1781970,539673,1536,1
2268,1749544,529821,1536,1
2269,764900,231677,1536,1
2270,1443700,437219,1536,1
2271,2238308,677892,1536,1
2272,1137418,344477,1536,1
2273,2949598,893315,1536,1
2274,783846,237384,1536,1
2275,1151010,348737,1536,1
2276,2091744,633568,1536,1
2277,884956,268047,1536,1
2278,2712984,821705,1536,1
2279,522936,158402,1536,1
2280,1477190,447341,1536,1
2281,520846,157762,1536,1
2282,1197558,362784,1536,1
2283,1950492,590701,1536,1
2284,524842,158970,1536,1
2285,1525762,462089,1536,1
2286,1008024,305618,1536,1
2287,977216,296021,1536,1
2288,802146,242970,1536,1
2289,2047238,620780,1536,1
2290,1466372,444334,1536,1
2291,1819516,551749,1536,1
2292,4669290,1414678,1536,1
2293,802848,243235,1536,1
2294,2412874,731039,1536,1
2295,5011310,1518345,1536,1
2296,2354770,713612,1536,1
2297,6937712,2101521,1536,1
2298,2955466,895271,1536,1
2299,1125716,340908,1536,1
2300,3184430,964802,1536,1
2301,569066,172357,1536,1
2302,528138,159972,1536,1
2303,827466,250638,1536,1
2304,527970,159927,1536,1
2305,788850,238949,1536,1
2306,1187106,359554,1536,1
2307,1701754,515780,1536,1
2308,835908,253202,1536,1
2309,1235908,374303,1536,1
2310,841270,254788,1536,1
2311,1546110,468235,1536,1
2312,3326356,1007352,1536,1
2313,7773442,2355036,1536,1
2314,610970,185089,1536,1
2315,581902,176242,1536,1
2316,822468,249090,1536,1
2317,1152332,349090,1536,1
2318,3336962,1011608,1536,1
2319,891584,270062,1536,1
2320,3396252,1029198,1536,1
2321,1838042,556771,1536,1
2322,1246830,377937,1536,1
2323,1564398,474209,1536,1
2324,791676,239785,1536,1
2325,1471276,445708,1536,1
2326,640490,194025,1536,1
2327,1429448,432892,1536,1
2328,3216310,974022,1536,1
2329,611160,185123,1536,1
2330,897844,271937,1536,1
2331,1568642,475058,1536,1
2332,855866,259225,1536,1
2333,1212643,367705,1536,1
2334,1579800,478439,1536,1
2335,1082572,327868,1536,1
2336,567404,171875,1536,1
2337,1393321,422332,1536,1
2338,1214960,368000,1536,1
2339,856094,259312,1536,1
2340,581944,176361,1536,1
2341,1330000,402815,1536,1
2342,655188,198482,1536,1
2343,3861570,1169613,1536,1
2344,1302578,394467,1536,1
2345,963282,291750,1536,1
2346,1314654,398146,1536,1
2347,549908,166574,1536,1
2348,1839262,557025,1536,1
2349,1424634,432587,1536,1
2350,1057694,320377,1536,1
2351,569164,172402,1536,1
2352,557280,168799,1536,1
2353,556322,168531,1536,1
2354,2529720,766119,1536,1
2355,819286,248124,1536,1
2356,1373072,415884,1536,1
2357,1687526,511101,1536,1
2358,571624,173458,1536,1
2359,618928,187568,1536,1
2360,1407034,426140,1536,1
2361,1478572,448006,1536,1
2362,1181766,357881,1536,1
2363,912302,276303,1536,1
2364,1018480,308477,1536,1
2365,760256,230267,1536,1
2366,1178616,356968,1536,1
2367,743486,225184,1536,1
2368,2463424,746020,1536,1
2369,1846534,559219,1536,1
2370,1739910,526914,1536,1
2371,957236,289913,1536,1
2372,771890,233782,1536,1
2373,3903649,1182489,1536,1
2374,943816,285896,1536,1
2375,743636,225248,1536,1
2376,471420,142803,1536,1
2377,865186,262013,1536,1
2378,1157034,350438,1536,1
2379,642440,194563,1536,1
2380,2248548,680949,1536,1
2381,471644,142845,1536,1
2382,826112,250331,1536,1
2383,3972702,1204283,1536,1
2384,1389096,421345,1536,1
2385,1116874,338431,1536,1
2386,462702,140155,1536,1
2387,1317666,399205,1536,1
2388,2019566,612036,1536,1
2389,2982640,903251,1536,1
2390,2106040,637759,1536,1
2391,676678,204968,1536,1
2392,551940,167202,1536,1
2393,555688,168342,1536,1
2394,3358020,1017640,1536,1
2395,761694,230723,1536,1
2396,811504,245796,1536,1
2397,1903058,576745,1536,1
2398,2258763,684993,1536,1
2399,8775095,2660942,1536,1
2400,2401734,728642,1536,1
2401,1781474,539850,1536,1
2402,2055106,622398,1536,1
2403,3244264,982486,1536,1
2404,1078476,326652,1536,1
2405,566154,171485,1536,1
2406,905164,274167,1536,1
2407,1160976,353001,1536,1
2408,1940198,588528,1536,1
2409,644806,195312,1536,1
2410,566652,171620,1536,1
2411,2110004,639012,1536,1
2412,1372966,415806,1536,1
2413,555308,168210,1536,1
2414,812548,246124,1536,1
2415,758180,229616,1536,1
2416,2298414,696284,1536,1
2417,4220944,1279000,1536,1
2418,700826,212401,1536,1
2419,1273536,385728,1536,1
2420,615326,186401,1536,1
2421,591292,179106,1536,1
2422,626202,189816,1536,1
2423,2190986,663681,1536,1
2424,1052156,318753,1536,1
2425,573544,173729,1536,1
2426,5450728,1653708,1536,1
2427,1598754,484800,1536,1
2428,1562870,473427,1536,1
2429,852450,258352,1536,1
2430,1512192,458194,1536,1
2431,1037518,314229,1536,1
2432,532808,161395,1536,1
2433,734900,222589,1536,1
2434,1326616,401779,1536,1
2435,3341644,1012035,1536,1
2436,2790910,845398,1536,1
2437,4157060,1258908,1536,1
2438,3082592,933934,1536,1
2439,1196042,362307,1536,1
2440,1235536,375418,1536,1
2441,854632,258911,1536,1
2442,1852016,560886,1536,1
2443,963500,291805,1536,1
2444,758194,229631,1536,1
2445,1097440,332396,1536,1
2446,1415406,428668,1536,1
2447,1701370,515270,1536,1
2448,564662,171046,1536,1
2449,600570,181938,1536,1
2450,602696,182579,1536,1
2451,1919116,581304,1536,1
2452,1300900,394001,1536,1
2453,635418,192490,1536,1
2454,823482,249435,1536,1
2455,1308596,396288,1536,1
2456,2878204,872668,1536,1
2457,2679928,811695,1536,1
2458,593014,179618,1536,1
2459,2999222,909075,1536,1
2460,1682476,510616,1536,1
2461,1052690,318859,1536,1
2462,1666428,505070,1536,1
2463,621686,188337,1536,1
2464,811776,245867,1536,1
2465,945572,286411,1536,1
2466,2582234,782011,1536,1
2467,2914312,883510,1536,1
2468,1344434,407766,1536,1
2469,938000,284139,1536,1
2470,895684,271338,1536,1
2471,1733250,525109,1536,1
2472,2480224,751798,1536,1
2473,2148377,651201,1536,1
2474,639354,193728,1536,1
2475,838816,254037,1536,1
2476,1512364,458041,1536,1
2477,1776618,538315,1536,1
2478,1120876,339491,1536,1
2479,1386836,420115,1536,1
2480,839798,254335,1536,1
2481,1985464,602161,1536,1
2482,667248,202131,1536,1
2483,4007300,1214433,1536,1
2484,3788198,1147423,1536,1
2485,594190,179984,1536,1
2486,809072,245057,1536,1
2487,2247372,680645,1536,1
2488,595264,180312,1536,1
2489,1031198,312301,1536,1
2490,1597016,483853,1536,1
2491,1772256,536798,1536,1
2492,1191050,360738,1536,1
2493,935988,284997,1536,1
2494,920548,278866,1536,1
2495,1325972,401819,1536,1
2496,1942040,588462,1536,1
2497,5105901,1546849,1536,1
2498,3687738,1117189,1536,1
2499,899058,272345,1536,1
2500,868280,263036,1536,1
2501,3064740,928527,1536,1
2502,1503146,455413,1536,1
2503,1372480,416206,1536,1
2504,2669972,808638,1536,1
2505,5831882,1766302,1536,1
2506,975328,295395,1536,1
2507,1823520,552321,1536,1
2508,2519744,763034,1536,1
2509,626458,189775,1536,1
2510,2325364,704300,1536,1
2511,1227826,372045,1536,1
2512,1220776,370615,1536,1
2513,663068,200858,1536,1
2514,1411226,427409,1536,1
2515,1586422,480426,1536,1
2516,1101468,333565,1536,1
2517,716832,217119,1536,1
2518,1781774,539579,1536,1
2519,2389280,723523,1536,1
2520,1164874,352785,1536,1
2521,1732844,524776,1536,1
2522,2859956,866223,1536,1
2523,1178016,356768,1536,1
2524,802694,243136,1536,1
2525,542686,164382,1536,1
2526,1157360,350695,1536,1
2527,773480,234267,1536,1
2528,1077061,326613,1536,1
2529,1311236,397085,1536,1
2530,807216,244466,1536,1
2531,522388,158319,1536,1
2532,1415398,429042,1536,1
2533,744060,225367,1536,1
2534,766236,232078,1536,1
2535,522292,158196,1536,1
2536,519972,157508,1536,1
2537,519624,157377,1536,1
2538,520866,157776,1536,1
2539,1466881,444672,1536,1
2540,858844,260160,1536,1
2541,773412,234256,1536,1
2542,850434,257594,1536,1
2543,555658,168301,1536,1
2544,627234,190018,1536,1
2545,944854,286765,1536,1
2546,1851938,561762,1536,1
2547,2591628,786440,1536,1
2548,2936276,889193,1536,1
2549,2605786,789194,1536,1
2550,1228088,371954,1536,1
2551,828736,251031,1536,1
2552,1016750,308116,1536,1
2553,2095206,635271,1536,1
2554,2470514,748428,1536,1
2555,814676,247093,1536,1
2556,2005790,608931,1536,1
2557,2859498,866835,1536,1
2558,7536409,2283285,1536,1
2559,4838042,1465883,1536,1
2560,1208129,366748,1536,1
2561,4212914,1276837,1536,1
2562,2070829,627757,1536,1
2563,1335466,404500,1536,1
2564,1950392,591304,1536,1
2565,3036902,920071,1536,1
2566,1220088,369540,1536,1
2567,886106,268408,1536,1
2568,3392738,1028628,1536,1
2569,636928,192928,1536,1
2570,625326,189446,1536,1
2571,1161264,351704,1536,1
2572,1843826,558394,1536,1
2573,1498819,454350,1536,1
2574,997956,302329,1536,1
2575,626812,189870,1536,1
2576,769324,233058,1536,1
2577,2624146,795166,1536,1
2578,614224,186054,1536,1
2579,1918436,580965,1536,1
2580,618908,187471,1536,1
2581,656344,198948,1536,1
2582,612648,185574,1536,1
2583,955460,289408,1536,1
2584,2640842,801473,1536,1
2585,604990,183259,1536,1
2586,2159712,654046,1536,1
2587,884254,267824,1536,1
2588,903684,273725,1536,1
2589,583728,176807,1536,1
2590,2330808,706258,1536,1
2591,772332,233950,1536,1
2592,1309272,396541,1536,1
2593,3530760,1069231,1536,1
2594,1375206,416528,1536,1
2595,805764,244050,1536,1
2596,5329170,1614068,1536,1
2597,1205182,365025,1536,1
2598,6216996,1884416,1536,1
2599,2301032,704499,1536,1
2600,1445118,438202,1536,1
2601,1208354,366004,1536,1
2602,1254264,379866,1536,1
2603,989434,299666,1536,1
2604,568972,172346,1536,1
2605,1272604,385434,1536,1
2606,2379152,720593,1536,1
2607,1823088,552201,1536,1
2608,1015562,307580,1536,1
2609,1213948,367627,1536,1
2610,760314,230304,1536,1
2611,779560,236131,1536,1
2612,2661130,805892,1536,1
2613,1465370,443804,1536,1
2614,3471746,1051613,1536,1
2615,2058614,623448,1536,1
2616,1147914,347651,1536,1
2617,1711598,518690,1536,1
2618,1125862,341063,1536,1
2619,1115708,337931,1536,1
2620,856814,259514,1536,1
2621,1803988,546417,1536,1
2622,523454,158561,1536,1
2623,2464942,746584,1536,1
2624,543368,164594,1536,1
2625,2572654,779339,1536,1
2626,914770,277087,1536,1
2627,1102126,333792,1536,1
2628,600832,182012,1536,1
2629,1532756,464208,1536,1
2630,2091696,633680,1536,1
2631,1188402,359889,1536,1
2632,1327028,401917,1536,1
2633,1643446,497703,1536,1
2634,1787628,541452,1536,1
2635,1423428,431122,1536,1
2636,522930,158377,1536,1
2637,522568,158273,1536,1
2638,1094254,331776,1536,1
2639,1297240,393432,1536,1
2640,713120,216369,1536,1
2641,764558,231546,1536,1
2642,1618540,490189,1536,1
2643,3258872,987258,1536,1
2644,1112808,337169,1536,1
2645,2561470,777155,1536,1
2646,2939400,890827,1536,1
2647,1429204,434121,1536,1
2648,2242368,679095,1536,1
2649,2707714,820144,1536,1
2650,976148,295670,1536,1
2651,1195460,362068,1536,1
2652,973324,294779,1536,1
2653,2422488,733623,1536,1
2654,1438302,436797,1536,1
2655,721994,218717,1536,1
2656,1520882,460572,1536,1
2657,5688332,1725523,1536,1
2658,3002822,910625,1536,1
2659,1136554,344210,1536,1
2660,511366,154897,1536,1
2661,2517642,762436,1536,1
2662,2144996,649574,1536,1
2663,734336,222434,1536,1
2664,2205326,667865,1536,1
2665,1353370,410463,1536,1
2666,1389090,421415,1536,1
2667,549880,166768,1536,1
2668,1005034,304426,1536,1
2669,1106472,335126,1536,1
2670,1404546,425647,1536,1
2671,1433914,434283,1536,1
2672,932648,282485,1536,1
2673,2646116,801489,1536,1
2674,752556,227909,1536,1
2675,734708,222549,1536,1
2676,1091274,330478,1536,1
2677,517454,156759,1536,1
2678,496644,150440,1536,1
2679,639140,193658,1536,1
2680,1226080,371749,1536,1
2681,1242376,376240,1536,1
2682,1837510,556468,1536,1
2683,479932,145368,1536,1
2684,2176870,659244,1536,1
2685,480720,145613,1536,1
2686,481910,145962,1536,1
2687,906184,274439,1536,1
2688,862450,261196,1536,1
2689,750100,227206,1536,1
2690,523346,158529,1536,1
2691,720246,218155,1536,1
2692,761328,230591,1536,1
2693,1007622,305191,1536,1
2694,1470298,445296,1536,1
2695,1560694,472710,1536,1
2696,936682,283689,1536,1
2697,1396064,422815,1536,1
2698,537876,162929,1536,1
2699,1624062,491815,1536,1
2700,533952,161716,1536,1
2701,986334,298728,1536,1
2702,3109724,941730,1536,1
2703,1868513,566224,1536,1
2704,910882,276017,1536,1
2705,2832600,858238,1536,1
2706,1284020,388860,1536,1
2707,825146,249946,1536,1
2708,1663724,503876,1536,1
2709,849042,257156,1536,1
2710,2197856,665915,1536,1
2711,1492058,451898,1536,1
2712,2592778,785199,1536,1
2713,1778156,539240,1536,1
2714,3998422,1212488,1536,1
2715,4081174,1235945,1536,1
2716,6517800,1974802,1536,1
2717,29826613,9033640,1536,1
2718,2656126,804860,1536,1
2719,3860504,1170815,1536,1
2720,914648,277356,1536,1
2721,4893956,1489403,1536,1
2722,1809042,547921,1536,1
2723,813884,246560,1536,1
2724,860894,261106,1536,1
2725,1942014,588280,1536,1
2726,1092360,330861,1536,1
2727,912602,276426,1536,1
2728,1261800,382254,1536,1
2729,2979692,902448,1536,1
2730,3494504,1059514,1536,1
2731,2052518,621610,1536,1
2732,1134202,343509,1536,1
2733,2545954,771330,1536,1
2734,1286025,390227,1536,1
2735,1496093,453544,1536,1
2736,592440,179458,1536,1
2737,1291524,391245,1536,1
2738,1116362,338203,1536,1
2739,1554224,470836,1536,1
2740,2256254,683566,1536,1
2741,1121330,339640,1536,1
2742,6161156,1866914,1536,1
2743,1589068,481297,1536,1
2744,2790978,845363,1536,1
2745,2641954,800697,1536,1
2746,892332,270313,1536,1
2747,1355676,410959,1536,1
2748,1708544,517409,1536,1
2749,745578,225820,1536,1
2750,2225430,673995,1536,1
2751,2948066,893170,1536,1
2752,2054138,622374,1536,1
2753,4514658,1367481,1536,1
2754,1554140,470642,1536,1
2755,522688,158347,1536,1
2756,788754,238915,1536,1
2757,3200296,969380,1536,1
2758,2900746,879083,1536,1
2759,2684846,813555,1536,1
2760,1494376,452645,1536,1
2761,2194698,664789,1536,1
2762,830714,251632,1536,1
2763,785600,238152,1536,1
2764,1082912,328380,1536,1
2765,1114222,337839,1536,1
2766,1191230,361060,1536,1
2767,1788770,541701,1536,1
2768,840650,254611,1536,1
2769,510464,154601,1536,1
2770,1761238,534163,1536,1
2771,597644,181119,1536,1
2772,548682,166213,1536,1
2773,1651240,501488,1536,1
2774,793120,240721,1536,1
2775,743528,225241,1536,1
2776,1642608,497426,1536,1
2777,2271696,688240,1536,1
2778,1365878,413722,1536,1
2779,1912286,579690,1536,1
2780,529120,160486,1536,1
2781,531980,161131,1536,1
2782,1371468,415435,1536,1
2783,2029986,615721,1536,1
2784,865958,262442,1536,1
2785,1897530,574679,1536,1
2786,3080114,933522,1536,1
2787,1289781,390888,1536,1
2788,1790035,542442,1536,1
2789,899074,272334,1536,1
2790,574264,173950,1536,1
2791,570862,172903,1536,1
2792,2780596,842028,1536,1
2793,2080103,630314,1536,1
2794,1048965,318083,1536,1
2795,1043168,315959,1536,1
2796,1437312,435290,1536,1
2797,556528,168681,1536,1
2798,2289914,694347,1536,1
2799,3991752,1209431,1536,1
2800,1238190,375330,1536,1
2801,2227604,674636,1536,1
2802,970498,294275,1536,1
2803,901562,273223,1536,1
2804,2008708,608342,1536,1
2805,804756,243751,1536,1
2806,1063246,322438,1536,1
2807,1878042,569253,1536,1
2808,1556298,471299,1536,1
2809,1106460,335131,1536,1
2810,650614,197094,1536,1
2811,1283396,388706,1536,1
2812,864896,261985,1536,1
2813,985782,298595,1536,1
2814,1097398,332615,1536,1
2815,2631410,797156,1536,1
2816,3322589,1006663,1536,1
2817,1345790,407601,1536,1
2818,2108618,638567,1536,1
2819,2254970,682983,1536,1
2820,2904532,879832,1536,1
2821,911004,275941,1536,1
2822,591742,179231,1536,1
2823,3452898,1045608,1536,1
2824,1363256,412998,1536,1
2825,1292286,391515,1536,1
2826,797772,241654,1536,1
2827,991848,300437,1536,1
2828,671432,203375,1536,1
2829,5361182,1623538,1536,1
2830,696614,211025,1536,1
2831,902454,273358,1536,1
2832,846704,256456,1536,1
2833,2200552,666537,1536,1
2834,621444,188260,1536,1
2835,786608,238251,1536,1
2836,580970,176002,1536,1
2837,565444,171255,1536,1
2838,780040,236236,1536,1
2839,1053496,319084,1536,1
2840,618194,187275,1536,1
2841,1305728,395444,1536,1
2842,874298,264891,1536,1
2843,570714,172860,1536,1
2844,1718684,520512,1536,1
2845,855330,259163,1536,1
2846,1348210,408332,1536,1
2847,833802,253045,1536,1
2848,829970,251381,1536,1
2849,569756,172573,1536,1
2850,594008,179929,1536,1
2851,861164,260830,1536,1
2852,769312,233040,1536,1
2853,3351922,1016732,1536,1
2854,2094590,635106,1536,1
2855,2164410,655485,1536,1
2856,943878,286211,1536,1
2857,1321418,400227,1536,1
2858,1191216,361120,1536,1
2859,1241500,377020,1536,1
2860,1574638,476894,1536,1
2861,1800714,546382,1536,1
2862,2579286,781142,1536,1
2863,5083465,1540327,1536,1
2864,1556679,471801,1536,1
2865,1762080,533940,1536,1
2866,2051089,621734,1536,1
2867,4560676,1381859,1536,1
2868,1352810,409736,1536,1
2869,3269654,990607,1536,1
2870,2535306,768294,1536,1
2871,1628154,493152,1536,1
2872,3153160,956207,1536,1
2873,2106718,638054,1536,1
2874,1551874,470060,1536,1
2875,953594,289530,1536,1
2876,1702573,516067,1536,1
2877,1251845,379460,1536,1
2878,1640538,496856,1536,1
2879,1529184,463619,1536,1
2880,5524845,1673808,1536,1
2881,746402,226086,1536,1
2882,657808,199378,1536,1
2883,592624,179510,1536,1
2884,644202,195233,1536,1
2885,570508,172811,1536,1
2886,3326694,1008998,1536,1
2887,1354146,410130,1536,1
2888,1522792,461177,1536,1
2889,1545614,468109,1536,1
2890,2409198,729765,1536,1
2891,832362,252589,1536,1
2892,832076,252051,1536,1
2893,1549452,469389,1536,1
2894,715610,216960,1536,1
2895,2091754,633512,1536,1
2896,2243818,680225,1536,1
2897,873256,264564,1536,1
2898,560172,169680,1536,1
2899,1035494,313632,1536,1
2900,2864832,868044,1536,1
2901,1131960,343182,1536,1
2902,1068176,323532,1536,1
2903,1166860,353544,1536,1
2904,4780545,1448720,1536,1
2905,1776850,538183,1536,1
2906,5937756,1798893,1536,1
2907,2822507,855084,1536,1
2908,5348980,1620704,1536,1
2909,1221426,370286,1536,1
2910,1040476,315219,1536,1
2911,590034,178715,1536,1
2912,1422286,430773,1536,1
2913,819180,248132,1536,1
2914,683066,206915,1536,1
2915,4890044,1481308,1536,1
2916,553794,167783,1536,1
2917,4926932,1492358,1536,1
2918,2208554,668911,1536,1
2919,2692310,816126,1536,1
2920,838040,253946,1536,1
2921,1324466,401335,1536,1
2922,1616508,489571,1536,1
2923,849328,257815,1536,1
2924,868750,263271,1536,1
2925,1274028,386138,1536,1
2926,869696,263439,1536,1
2927,2307148,699896,1536,1
2928,2341725,709496,1536,1
2929,2992883,906812,1536,1
2930,11316588,3429309,1536,1
2931,2629500,796332,1536,1
2932,1227778,372074,1536,1
2933,994650,301269,1536,1
2934,1468532,445271,1536,1
2935,983590,297950,1536,1
2936,2365748,716457,1536,1
2937,2398538,726923,1536,1
2938,1530728,463741,1536,1
2939,1470808,446058,1536,1
2940,1310758,397152,1536,1
2941,809674,245237,1536,1
2942,721670,218615,1536,1
2943,2414594,731911,1536,1
2944,1836194,556556,1536,1
2945,1877776,569331,1536,1
2946,1214788,367971,1536,1
2947,957914,290445,1536,1
2948,744212,225440,1536,1
2949,905090,274330,1536,1
2950,569956,172647,1536,1
2951,963298,292064,1536,1
2952,3291490,997310,1536,1
2953,988470,299428,1536,1
2954,2839402,860536,1536,1
2955,912516,276427,1536,1
2956,1219158,369378,1536,1
2957,2414103,731403,1536,1
2958,6975996,2113393,1536,1
2959,4969260,1505823,1536,1
2960,5559030,1684306,1536,1
2961,891484,270139,1536,1
2962,1218034,369466,1536,1
2963,2338522,708427,1536,1
2964,1522480,461094,1536,1
2965,1958042,593459,1536,1
2966,2558220,774737,1536,1
2967,2767239,838386,1536,1
2968,1193291,361775,1536,1
2969,1802650,546470,1536,1
2970,1173698,355441,1536,1
2971,610750,185000,1536,1
2972,2633278,797474,1536,1
2973,607030,183862,1536,1
2974,1667278,504932,1536,1
2975,935000,283241,1536,1
2976,2465053,747082,1536,1
2977,8239052,2496282,1536,1
2978,1284936,389182,1536,1
2979,2066852,626825,1536,1
2980,2945500,892008,1536,1
2981,5093968,1543482,1536,1
2982,5077872,1539201,1536,1
2983,1828444,554283,1536,1
2984,1277028,386935,1536,1
2985,5774786,1750339,1536,1
2986,3510512,1064238,1536,1
2987,2649680,803691,1536,1
2988,1255474,380244,1536,1
2989,1214974,368539,1536,1
2990,2113134,640070,1536,1
2991,1162674,352153,1536,1
2992,4278530,1296005,1536,1
2993,969272,293604,1536,1
2994,1093252,331165,1536,1
2995,4692862,1427252,1536,1
2996,3133742,949892,1536,1
2997,1733780,525625,1536,1
2998,4215684,1277867,1536,1
2999,1596682,484263,1536,1
3000,7272670,2203576,1536,1
3001,3530682,1069634,1536,1
3002,3112661,943029,1536,1
3003,1076560,326318,1536,1
3004,787304,238491,1536,1
3005,2631924,798946,1536,1
3006,2447354,741585,1536,1
3007,3520292,1067271,1536,1
3008,2654062,804374,1536,1
3009,749572,227053,1536,1
3010,1218548,369307,1536,1
3011,5048212,1531247,1536,1
3012,976172,295886,1536,1
3013,2199334,666646,1536,1
3014,1215950,368405,1536,1
3015,1797482,544434,1536,1
3016,781662,236799,1536,1
3017,2276357,690582,1536,1
3018,1731860,524532,1536,1
3019,5983488,1815082,1536,1
3020,1095163,332181,1536,1
3021,1125614,340931,1536,1
3022,3661472,1115855,1536,1
3023,1194771,361998,1536,1
3024,1159676,351244,1536,1
3025,670102,202996,1536,1
3026,571254,173037,1536,1
3027,1295796,392714,1536,1
3028,2673258,809793,1536,1
3029,691588,209627,1536,1
3030,963766,291984,1536,1
3031,716990,217196,1536,1
3032,590850,178961,1536,1
3033,813818,246493,1536,1
3034,2113788,640155,1536,1
3035,696120,210902,1536,1
3036,773644,234484,1536,1
3037,2769862,839447,1536,1
3038,1569532,475301,1536,1
3039,2053772,621945,1536,1
3040,4707906,1426638,1536,1
3041,3135216,949458,1536,1
3042,1654430,501069,1536,1
3043,2299666,696618,1536,1
3044,1178198,357944,1536,1
3045,983248,320967,1536,1
3046,789408,239136,1536,1
3047,3138119,950952,1536,1
3048,2286613,692897,1536,1
3049,1814013,549678,1536,1
3050,3454335,1046716,1536,1
3051,1631740,494622,1536,1
3052,1123030,340098,1536,1
3053,580142,175722,1536,1
3054,584972,177197,1536,1
3055,2313864,701048,1536,1
3056,1687472,511657,1536,1
3057,1054802,319630,1536,1
3058,2948982,893074,1536,1
3059,629784,190789,1536,1
3060,1679214,508535,1536,1
3061,573764,173816,1536,1
3062,9279161,2811618,1536,1
3063,2388751,724112,1536,1
3064,888836,269372,1536,1
3065,1222612,370805,1536,1
3066,874268,265057,1536,1
3067,588480,178250,1536,1
3068,2287424,692734,1536,1
3069,576638,174787,1536,1
3070,584464,177038,1536,1
3071,1861472,563878,1536,1
3072,694068,210248,1536,1
3073,606914,184137,1536,1
3074,1335438,404436,1536,1
3075,1993202,603748,1536,1
3076,1960842,593849,1536,1
3077,4376196,1326764,1536,1
3078,2244066,679603,1536,1
3079,5639158,1710268,1536,1
3080,854738,258916,1536,1
3081,1416332,429748,1536,1
3082,1134194,343476,1536,1
3083,2115612,641094,1536,1
3084,1659816,503104,1536,1
3085,1257758,381039,1536,1
3086,3616503,1095912,1536,1
3087,3558112,1078586,1536,1
3088,7571109,2293348,1536,1
3089,1310284,396846,1536,1
3090,2306988,699040,1536,1
3091,2048390,620917,1536,1
3092,2995888,907812,1536,1
3093,833928,252599,1536,1
3094,816834,247561,1536,1
3095,1390366,421155,1536,1
3096,1921360,583488,1536,1
3097,926120,280626,1536,1
3098,833230,253011,1536,1
3099,849252,257525,1536,1
3100,3288700,998077,1536,1
3101,894480,271311,1536,1
3102,1270056,384724,1536,1
3103,6243282,1891375,1536,1
3104,2397128,726606,1536,1
3105,1053464,319120,1536,1
3106,3789759,1148479,1536,1
3107,3815816,1156182,1536,1
3108,4150886,1258355,1536,1
3109,2897748,878278,1536,1
3110,1781256,539441,1536,1
3111,1001670,303413,1536,1
3112,898276,272089,1536,1
3113,1429662,433014,1536,1
3114,2160288,654761,1536,1
3115,3304480,1000760,1536,1
3116,13553067,4106260,1536,1
3117,9067038,2746325,1536,1
3118,2168220,657183,1536,1
3119,991596,300415,1536,1
3120,2066790,626336,1536,1
3121,994450,301211,1536,1
3122,1554198,470676,1536,1
3123,1052736,318838,1536,1
3124,1426292,431978,1536,1
3125,1107264,335362,1536,1
3126,1884554,570727,1536,1
3127,1579882,478488,1536,1
3128,1503882,455456,1536,1
3129,1555936,471336,1536,1
3130,1642196,497355,1536,1
3131,841380,254941,1536,1
3132,923730,279778,1536,1
3133,1610346,487666,1536,1
3134,3143246,952164,1536,1
3135,1922824,582338,1536,1
3136,3406013,1032207,1536,1
3137,655836,198667,1536,1
3138,1518876,459988,1536,1
3139,869300,263309,1536,1
3140,1970320,598087,1536,1
3141,642116,194524,1536,1
3142,589566,178587,1536,1
3143,1844974,558764,1536,1
3144,1456248,441043,1536,1
3145,1945622,589233,1536,1
3146,1266162,383452,1536,1
3147,551964,167183,1536,1
3148,1941632,588199,1536,1
3149,813278,246331,1536,1
3150,1309172,396892,1536,1
3151,3466380,1049983,1536,1
3152,1788040,541468,1536,1
3153,2545538,770872,1536,1
3154,2090360,633073,1536,1
3155,550388,166693,1536,1
3156,804930,243798,1536,1
3157,549644,166470,1536,1
3158,927244,280962,1536,1
3159,814306,246640,1536,1
3160,1060122,321045,1536,1
3161,756488,229129,1536,1
3162,3043920,921805,1536,1
3163,2102680,636743,1536,1
3164,4455804,1349336,1536,1
3165,990414,299963,1536,1
3166,1746958,529214,1536,1
3167,1035796,313788,1536,1
3168,1462060,442798,1536,1
3169,935390,283275,1536,1
3170,1180136,357387,1536,1
3171,643611,195497,1536,1
3172,813144,246261,1536,1
3173,1687658,511094,1536,1
3174,557380,168810,1536,1
3175,642304,194612,1536,1
3176,1586838,480630,1536,1
3177,1970544,596775,1536,1
3178,2329088,705521,1536,1
3179,5314374,1609323,1536,1
3180,607020,183887,1536,1
3181,736092,222952,1536,1
3182,987044,298931,1536,1
3183,603466,182890,1536,1
3184,2311648,700060,1536,1
3185,1018306,308418,1536,1
3186,1096504,332112,1536,1
3187,2828294,856529,1536,1
3188,1026888,311034,1536,1
3189,1209750,366372,1536,1
3190,866638,262515,1536,1
3191,1717380,520601,1536,1
3192,1990818,602916,1536,1
3193,994334,301236,1536,1
3194,559334,169429,1536,1
3195,2829334,856838,1536,1
3196,1599722,484449,1536,1
3197,589572,178600,1536,1
3198,1445258,437711,1536,1
3199,580686,175870,1536,1
3200,1513352,458866,1536,1
3201,1076234,325926,1536,1
3202,1154680,349719,1536,1
3203,932264,282338,1536,1
3204,1752528,531577,1536,1
3205,918834,278362,1536,1
3206,2764090,837208,1536,1
3207,1169030,354064,1536,1
3208,1214020,367688,1536,1
3209,535572,162321,1536,1
3210,1573532,476536,1536,1
3211,1244280,376845,1536,1
3212,2044890,621819,1536,1
3213,743924,225681,1536,1
3214,1013110,306855,1536,1
3215,3814330,1156758,1536,1
3216,1020148,308961,1536,1
3217,543482,164623,1536,1
3218,1926966,583578,1536,1
3219,1462332,443235,1536,1
3220,3274602,991787,1536,1
3221,1609086,487353,1536,1
3222,1953354,591603,1536,1
3223,791622,239770,1536,1
3224,1368772,414634,1536,1
3225,994064,301082,1536,1
3226,778016,235650,1536,1
3227,1039002,314652,1536,1
3228,751850,227746,1536,1
3229,566872,171712,1536,1
3230,568600,172209,1536,1
3231,993126,300774,1536,1
3232,2230866,675606,1536,1
3233,2857446,865342,1536,1
3234,1265602,383283,1536,1
3235,672818,203856,1536,1
3236,1353056,409781,1536,1
3237,1117424,338423,1536,1
3238,1149454,348147,1536,1
3239,1061782,321581,1536,1
3240,2027628,614068,1536,1
3241,873432,264566,1536,1
3242,3470146,1050936,1536,1
3243,608442,184304,1536,1
3244,1204316,364761,1536,1
3245,1561904,473119,1536,1
3246,1698378,514452,1536,1
3247,3787274,1148024,1536,1
3248,802552,243055,1536,1
3249,602492,182518,1536,1
3250,948744,287369,1536,1
3251,8508634,2578008,1536,1
3252,694290,210324,1536,1
3253,2565608,777144,1536,1
3254,5935744,1798817,1536,1
3255,1763094,534209,1536,1
3256,7010452,2124487,1536,1
3257,972250,294470,1536,1
3258,3301442,1001044,1536,1
3259,977460,296068,1536,1
3260,1949164,590499,1536,1
3261,969144,295074,1536,1
3262,1645008,498791,1536,1
3263,2100412,636348,1536,1
3264,5837340,1769239,1536,1
3265,5565770,1686217,1536,1
3266,1019538,308811,1536,1
3267,1167202,353551,1536,1
3268,751288,227705,1536,1
3269,1055394,321520,1536,1
3270,1116768,339003,1536,1
3271,901552,273056,1536,1
3272,844940,255913,1536,1
3273,1639122,496401,1536,1
3274,858682,260075,1536,1
3275,587522,177969,1536,1
3276,1340860,406086,1536,1
3277,672424,203694,1536,1
3278,813176,246300,1536,1
3279,837978,253827,1536,1
3280,865040,262118,1536,1
3281,1035528,313702,1536,1
3282,617152,187029,1536,1
3283,590352,178897,1536,1
3284,1053178,318993,1536,1
3285,1000026,302873,1536,1
3286,1012504,306800,1536,1
3287,581038,175997,1536,1
3288,2094940,634443,1536,1
3289,3039038,921439,1536,1
3290,1284818,389409,1536,1
3291,1244248,377213,1536,1
3292,1791524,542595,1536,1
3293,3203282,974002,1536,1
3294,3118754,944449,1536,1
3295,786246,238142,1536,1
3296,766958,232303,1536,1
3297,1234904,373984,1536,1
3298,2186828,662235,1536,1
3299,806552,244288,1536,1
3300,755884,228945,1536,1
3301,1218576,369055,1536,1
3302,1502058,454918,1536,1
3303,2449582,741791,1536,1
3304,2326818,704656,1536,1
3305,755066,228698,1536,1
3306,1917064,580583,1536,1
3307,755210,228738,1536,1
3308,2243836,680585,1536,1
3309,2123884,643208,1536,1
3310,553622,167673,1536,1
3311,568480,172191,1536,1
3312,1478550,447767,1536,1
3313,1039982,314993,1536,1
3314,759652,230088,1536,1
3315,1374902,416602,1536,1
3316,769800,233159,1536,1
3317,3096320,937634,1536,1
3318,629624,190732,1536,1
3319,548280,166084,1536,1
3320,1282212,388340,1536,1
3321,1376054,416791,1536,1
3322,2537016,768981,1536,1
3323,1092692,331020,1536,1
3324,872824,264373,1536,1
3325,969244,293586,1536,1
3326,568410,172164,1536,1
3327,4103088,1242732,1536,1
3328,1698068,514408,1536,1
3329,570896,172915,1536,1
3330,840440,255272,1536,1
3331,554664,167985,1536,1
3332,2068620,626478,1536,1
3333,757316,229364,1536,1
3334,556134,168477,1536,1
3335,1313802,397948,1536,1
3336,834670,252830,1536,1
3337,820374,248502,1536,1
3338,1514618,458750,1536,1
3339,819488,248203,1536,1
3340,1177914,356760,1536,1
3341,4040796,1223667,1536,1
3342,1648044,499190,1536,1
3343,680668,206252,1536,1
3344,4007488,1213740,1536,1
3345,1994394,604107,1536,1
3346,1188256,359849,1536,1
3347,4270738,1297289,1536,1
3348,585102,177231,1536,1
3349,1255904,380373,1536,1
3350,1252464,379327,1536,1
3351,777716,235583,1536,1
3352,3357910,1016893,1536,1
3353,1670874,506000,1536,1
3354,953646,288815,1536,1
3355,1153906,349456,1536,1
3356,1060496,321212,1536,1
3357,506842,153514,1536,1
3358,508428,153985,1536,1
3359,710162,215072,1536,1
3360,549354,166419,1536,1
3361,507728,153785,1536,1
3362,1352846,409697,1536,1
3363,891628,270045,1536,1
3364,1563740,473661,1536,1
3365,1955375,592559,1536,1
3366,1595471,483540,1536,1
3367,3667375,1110807,1536,1
3368,1125564,340892,1536,1
3369,1458020,441561,1536,1
3370,1153934,349509,1536,1
3371,1617124,489730,1536,1
3372,1435146,434645,1536,1
3373,1429470,433000,1536,1
3374,1708310,517321,1536,1
3375,497488,150671,1536,1
3376,1531884,463941,1536,1
3377,497420,150704,1536,1
3378,658744,199525,1536,1
3379,1864404,564586,1536,1
3380,1638296,496158,1536,1
3381,5751688,1741736,1536,1
3382,885068,268046,1536,1
3383,923404,279655,1536,1
3384,704804,213470,1536,1
3385,1043918,316160,1536,1
3386,914912,277114,1536,1
3387,1449000,438821,1536,1
3388,1351282,409251,1536,1
3389,1976854,599488,1536,1
3390,2069720,626799,1536,1
3391,514238,155859,1536,1
3392,740614,224286,1536,1
3393,563618,170839,1536,1
3394,552420,167411,1536,1
3395,2247332,680757,1536,1
3396,489026,148131,1536,1
3397,1576363,477974,1536,1
3398,1847160,559495,1536,1
3399,1011368,306471,1536,1
3400,1515800,459069,1536,1
3401,1155644,349977,1536,1
3402,972792,294636,1536,1
3403,1143362,346461,1536,1
3404,1488476,450864,1536,1
3405,1522668,461141,1536,1
3406,727674,220426,1536,1
3407,3463408,1049146,1536,1
3408,779990,236260,1536,1
3409,1104840,334627,1536,1
3410,664622,201284,1536,1
3411,663880,201080,1536,1
3412,704566,213398,1536,1
3413,2255890,683173,1536,1
3414,1100664,333358,1536,1
3415,913034,276627,1536,1
3416,764402,231644,1536,1
3417,760968,230531,1536,1
3418,2638952,799207,1536,1
3419,1729722,524250,1536,1
3420,890648,270068,1536,1
3421,1823942,553316,1536,1
3422,4273408,1295369,1536,1
3423,1467920,444576,1536,1
3424,3529920,1070297,1536,1
3425,843070,255363,1536,1
3426,3113732,943232,1536,1
3427,2331035,706404,1536,1
3428,1172652,355191,1536,1
3429,1670112,505906,1536,1
3430,2807086,850086,1536,1
3431,868212,262989,1536,1
3432,939162,284501,1536,1
3433,3133886,949643,1536,1
3434,1032888,312891,1536,1
3435,5739168,1747670,1536,1
3436,1054754,319472,1536,1
3437,3065090,928432,1536,1
3438,871274,263908,1536,1
3439,580340,175852,1536,1
3440,571990,173254,1536,1
3441,610444,185017,1536,1
3442,578548,175244,1536,1
3443,1097922,332620,1536,1
3444,1274240,385883,1536,1
3445,1222734,370313,1536,1
3446,2232554,676095,1536,1
3447,1336722,404854,1536,1
3448,1393516,422057,1536,1
3449,1261760,382371,1536,1
3450,894982,271260,1536,1
3451,3726910,1129829,1536,1
3452,1518606,459887,1536,1
3453,1575136,477021,1536,1
3454,610170,184824,1536,1
3455,3536264,1070897,1536,1
3456,3014552,913034,1536,1
3457,1386344,419882,1536,1
3458,3813792,1154938,1536,1
3459,1019688,308820,1536,1
3460,1322562,400566,1536,1
3461,1329404,402637,1536,1
3462,1122502,339985,1536,1
3463,1347706,408328,1536,1
3464,2673946,809775,1536,1
3465,1790778,542323,1536,1
3466,1356102,410820,1536,1
3467,2631272,797674,1536,1
3468,1541172,467069,1536,1
3469,2399658,727232,1536,1
3470,760758,230411,1536,1
3471,718881,218026,1536,1
3472,1738646,526555,1536,1
3473,2066854,626231,1536,1
3474,1200832,363707,1536,1
3475,773652,234338,1536,1
3476,731476,221551,1536,1
3477,649234,196815,1536,1
3478,2066352,625997,1536,1
3479,509832,154425,1536,1
3480,507346,153764,1536,1
3481,504790,152884,1536,1
3482,1126256,341222,1536,1
3483,725650,219800,1536,1
3484,913504,277917,1536,1
3485,1039920,314967,1536,1
3486,541320,163970,1536,1
3487,1130664,342832,1536,1
3488,581160,176056,1536,1
3489,1648508,499330,1536,1
3490,541630,164041,1536,1
3491,790352,239366,1536,1
3492,593806,179868,1536,1
3493,628964,190603,1536,1
3494,728000,220500,1536,1
3495,2255280,682971,1536,1
3496,1899292,575195,1536,1
3497,1763398,534026,1536,1
3498,574500,174055,1536,1
3499,1035232,313942,1536,1
3500,1142250,345955,1536,1
3501,899506,272483,1536,1
3502,1323774,400921,1536,1
3503,2614188,791762,1536,1
3504,706700,214049,1536,1
3505,3349696,1015941,1536,1
3506,526330,159429,1536,1
3507,956246,289629,1536,1
3508,1479884,448174,1536,1
3509,1005726,304718,1536,1
3510,2502152,757885,1536,1
3511,3115598,943587,1536,1
3512,1444640,437524,1536,1
3513,724006,219492,1536,1
3514,2827942,856939,1536,1
3515,634314,192152,1536,1
3516,1976636,598625,1536,1
3517,2141238,648424,1536,1
3518,977578,296097,1536,1
3519,1681100,509106,1536,1
3520,2914470,882782,1536,1
3521,918188,278114,1536,1
3522,1249430,378415,1536,1
3523,932418,282440,1536,1
3524,1479790,448158,1536,1
3525,537018,162672,1536,1
3526,732392,221830,1536,1
3527,972074,294403,1536,1
3528,2162240,654823,1536,1
3529,553666,167725,1536,1
3530,736370,223036,1536,1
3531,939354,284584,1536,1
3532,2689052,814442,1536,1
3533,982936,297672,1536,1
3534,1352938,410277,1536,1
3535,1227320,371852,1536,1
3536,3255572,986618,1536,1
3537,553910,167789,1536,1
3538,5009432,1517747,1536,1
3539,3078712,932425,1536,1
3540,1776160,537899,1536,1
3541,4193098,1270355,1536,1
3542,551412,167006,1536,1
3543,2938256,889822,1536,1
3544,1004236,304187,1536,1
3545,2504180,759631,1536,1
3546,2740880,830789,1536,1
3547,2563390,776492,1536,1
3548,783832,237410,1536,1
3549,564944,171127,1536,1
3550,4525472,1372629,1536,1
3551,5484414,1662453,1536,1
3552,581894,176279,1536,1
3553,2126966,645042,1536,1
3554,1444620,438009,1536,1
3555,882896,267427,1536,1
3556,2386287,723212,1536,1
3557,1118556,338818,1536,1
3558,1978026,599367,1536,1
3559,2006204,607575,1536,1
3560,556518,168579,1536,1
3561,906536,274884,1536,1
3562,1553810,470587,1536,1
3563,1796446,544057,1536,1
3564,1174959,356059,1536,1
3565,539170,163323,1536,1
3566,1342878,406719,1536,1
3567,1430888,433616,1536,1
3568,2472080,749411,1536,1
3569,851442,257901,1536,1
3570,1998614,605276,1536,1
3571,985904,298595,1536,1
3572,1103632,334352,1536,1
3573,845918,256253,1536,1
3574,2275162,689064,1536,1
3575,781088,236577,1536,1
3576,1303740,394861,1536,1
3577,1590562,481691,1536,1
3578,992102,300475,1536,1
3579,535640,162253,1536,1
3580,3365198,1019092,1536,1
3581,2255052,682968,1536,1
3582,6056560,1836793,1536,1
3583,8938528,2707615,1536,1
3584,1903682,576591,1536,1
3585,1605822,486781,1536,1
3586,1734426,525330,1536,1
3587,3412240,1033727,1536,1
3588,762092,230865,1536,1
3589,1077728,326437,1536,1
3590,869280,263301,1536,1
3591,864548,261849,1536,1
3592,621624,188314,1536,1
3593,1346796,407906,1536,1
3594,1638074,496086,1536,1
3595,1303412,394731,1536,1
3596,872648,264328,1536,1
3597,622962,188700,1536,1
3598,1406814,426117,1536,1
3599,4272595,1294639,1536,1
3600,4798114,1453600,1536,1
3601,1987690,602797,1536,1
3602,1884130,570614,1536,1
3603,2143904,649278,1536,1
3604,612066,185404,1536,1
3605,1314012,398021,1536,1
3606,4263278,1291599,1536,1
3607,2912552,882138,1536,1
3608,2759894,835815,1536,1
3609,1443822,437469,1536,1
3610,1006360,304840,1536,1
3611,1889050,572101,1536,1
3612,1951148,592200,1536,1
3613,1800622,545795,1536,1
3614,1545500,468084,1536,1
3615,1770902,536731,1536,1
3616,1430992,433967,1536,1
3617,5104950,1547068,1536,1
3618,2255514,683062,1536,1
3619,1234826,374011,1536,1
3620,1617566,489865,1536,1
3621,2067738,626461,1536,1
3622,939932,284708,1536,1
3623,4426456,1341468,1536,1
3624,860426,260610,1536,1
3625,1513824,458487,1536,1
3626,1688884,511449,1536,1
3627,1164490,352701,1536,1
3628,2487572,753323,1536,1
3629,1074602,325459,1536,1
3630,3088302,935399,1536,1
3631,658368,199397,1536,1
3632,1307914,396202,1536,1
3633,1300416,393858,1536,1
3634,780190,236281,1536,1
3635,779572,236094,1536,1
3636,568846,172317,1536,1
3637,2299920,696595,1536,1
3638,1124442,340647,1536,1
3639,980970,297480,1536,1
3640,1872706,568690,1536,1
3641,2275926,689258,1536,1
3642,2240640,678568,1536,1
3643,1918014,580872,1536,1
3644,1329652,403070,1536,1
3645,6156806,1865253,1536,1
3646,1094488,331459,1536,1
3647,573022,173547,1536,1
3648,2733126,828749,1536,1
3649,4220304,1280054,1536,1
3650,1722916,521918,1536,1
3651,1142054,345901,1536,1
3652,2136740,647235,1536,1
3653,555450,168251,1536,1
3654,553918,167787,1536,1
3655,2878834,871814,1536,1
3656,2477876,750378,1536,1
3657,1057568,320300,1536,1
3658,757860,229540,1536,1
3659,793232,240345,1536,1
3660,2255202,682976,1536,1
3661,1296334,392618,1536,1
3662,605160,183352,1536,1
3663,1238796,375149,1536,1
3664,1021674,309451,1536,1
3665,615546,186470,1536,1
3666,2106398,637921,1536,1
3667,816196,247207,1536,1
3668,762446,230931,1536,1
3669,560720,169821,1536,1
3670,1788104,541485,1536,1
3671,541750,164101,1536,1
3672,540698,163768,1536,1
3673,2062804,624740,1536,1
3674,994244,301097,1536,1
3675,948950,287502,1536,1
3676,1204522,364795,1536,1
3677,1785708,540787,1536,1
3678,2252420,682387,1536,1
3679,621108,188150,1536,1
3680,524510,158874,1536,1
3681,1547444,468633,1536,1
3682,2741620,830897,1536,1
3683,2650436,802753,1536,1
3684,1259546,381820,1536,1
3685,613014,185705,1536,1
3686,912506,276356,1536,1
3687,522906,158383,1536,1
3688,2361680,715212,1536,1
3689,2022574,612485,1536,1
3690,1228750,372151,1536,1
3691,1485840,449999,1536,1
3692,2880842,872386,1536,1
3693,2367424,717052,1536,1
3694,545070,165107,1536,1
3695,748672,226748,1536,1
3696,2556698,774249,1536,1
3697,736756,223154,1536,1
3698,1520566,460517,1536,1
3699,827176,250535,1536,1
3700,1692852,512666,1536,1
3701,1022810,309769,1536,1
3702,2201928,666839,1536,1
3703,1715704,519591,1536,1
3704,611602,185234,1536,1
3705,3163410,958024,1536,1
3706,1513462,458396,1536,1
3707,853604,258588,1536,1
3708,1530356,463944,1536,1
3709,1117992,338581,1536,1
3710,1280284,387759,1536,1
3711,992692,300671,1536,1
3712,1250774,379007,1536,1
3713,739702,224123,1536,1
3714,1415143,429006,1536,1
3715,1081408,327536,1536,1
3716,2482041,752419,1536,1
3717,1562952,473568,1536,1
3718,1402452,424760,1536,1
3719,2232804,676347,1536,1
3720,1231780,373050,1536,1
3721,1777843,539320,1536,1
3722,2539594,769089,1536,1
3723,4889288,1480607,1536,1
3724,2438498,738488,1536,1
3725,1880784,569573,1536,1
3726,1025314,310554,1536,1
3727,2515438,764249,1536,1
3728,875500,265192,1536,1
3729,3879486,1175463,1536,1
3730,2383018,722976,1536,1
3731,952982,288882,1536,1
3732,1331028,403471,1536,1
3733,1102566,333950,1536,1
3734,2900162,879317,1536,1
3735,2526062,765357,1536,1
3736,566708,171667,1536,1
3737,4884921,1480176,1536,1
3738,921369,279456,1536,1
3739,1224954,371002,1536,1
3740,576444,174633,1536,1
3741,6024080,1825223,1536,1
3742,4336437,1313878,1536,1
3743,1721882,521617,1536,1
3744,873742,264903,1536,1
3745,2234264,676638,1536,1
3746,1041342,315518,1536,1
3747,1333264,403995,1536,1
3748,1316028,398786,1536,1
3749,2109060,639168,1536,1
3750,918710,278948,1536,1
3751,1508128,457805,1536,1
3752,1300478,393915,1536,1
3753,950132,287803,1536,1
3754,3736540,1132444,1536,1
3755,2903148,879168,1536,1
3756,940362,284922,1536,1
3757,2042276,618746,1536,1
3758,977004,296009,1536,1
3759,910596,275825,1536,1
3760,2057844,623225,1536,1
3761,895650,271295,1536,1
3762,911348,276094,1536,1
3763,2695984,816814,1536,1
3764,3784927,1146703,1536,1
3765,2346032,710490,1536,1
3766,1718386,521053,1536,1
3767,663482,200996,1536,1
3768,682034,206609,1536,1
3769,949692,287751,1536,1
3770,1176694,356987,1536,1
3771,1455830,440889,1536,1
3772,1647144,498966,1536,1
3773,2187254,662410,1536,1
3774,599044,181447,1536,1
3775,1397528,423347,1536,1
3776,1238434,375104,1536,1
3777,883280,267608,1536,1
3778,917534,277921,1536,1
3779,692314,209750,1536,1
3780,907042,274714,1536,1
3781,1105538,334819,1536,1
3782,599680,181622,1536,1
3783,2153372,652598,1536,1
3784,681140,206348,1536,1
3785,2327108,705853,1536,1
3786,697770,211454,1536,1
3787,1122208,339872,1536,1
3788,602750,182580,1536,1
3789,721542,218572,1536,1
3790,729424,221065,1536,1
3791,2124923,644868,1536,1
3792,609752,184701,1536,1
3793,2367206,716878,1536,1
3794,875706,265252,1536,1
3795,830800,251631,1536,1
3796,1846930,559302,1536,1
3797,1061826,321585,1536,1
3798,3637746,1101612,1536,1
3799,6439472,1950436,1536,1
3800,2051318,621244,1536,1
3801,586034,177520,1536,1
3802,589728,178635,1536,1
3803,1030336,312051,1536,1
3804,2997462,907722,1536,1
3805,1858522,562858,1536,1
3806,2757940,835368,1536,1
3807,1090808,330565,1536,1
3808,897502,271852,1536,1
3809,860766,260760,1536,1
3810,3000672,908678,1536,1
3811,3594232,1088453,1536,1
3812,608928,184469,1536,1
3813,800874,242772,1536,1
3814,4436462,1343921,1536,1
3815,923788,279811,1536,1
3816,1416224,428911,1536,1
3817,687016,208074,1536,1
3818,1065864,322829,1536,1
3819,1492098,451911,1536,1
3820,1718927,521583,1536,1
3821,910542,275791,1536,1
3822,1868856,566450,1536,1
3823,3474688,1052251,1536,1
3824,2852770,864002,1536,1
3825,856728,259500,1536,1
3826,541984,164174,1536,1
3827,1185442,359157,1536,1
3828,2207292,669157,1536,1
3829,866626,262482,1536,1
3830,1198692,363027,1536,1
3831,562440,170367,1536,1
3832,562072,170256,1536,1
3833,1653196,501455,1536,1
3834,977608,296102,1536,1
3835,549082,166319,1536,1
3836,1727266,523107,1536,1
3837,1228816,372177,1536,1
3838,2749768,832815,1536,1
3839,2313204,703344,1536,1
3840,531080,160893,1536,1
3841,2039252,618419,1536,1
3842,2181298,661471,1536,1
3843,1390406,421213,1536,1
3844,777076,235362,1536,1
3845,525786,159243,1536,1
3846,804002,243530,1536,1
3847,1121478,339623,1536,1
3848,1000814,303129,1536,1
3849,1777552,538316,1536,1
3850,960788,291009,1536,1
3851,1336384,404696,1536,1
3852,790308,239450,1536,1
3853,704376,214857,1536,1
3854,4101694,1242316,1536,1
3855,2576222,780174,1536,1
3856,496102,150275,1536,1
3857,493646,149532,1536,1
3858,1396776,423026,1536,1
3859,2720178,824941,1536,1
3860,2117320,641820,1536,1
3861,771832,233852,1536,1
3862,1618826,490317,1536,1
3863,3044838,922183,1536,1
3864,3209784,972032,1536,1
3865,753944,228368,1536,1
3866,1627864,493003,1536,1
3867,2465884,746765,1536,1
3868,3657178,1107501,1536,1
3869,2158996,653906,1536,1
3870,506782,153505,1536,1
3871,2024414,613083,1536,1
3872,550374,166811,1536,1
3873,1253442,379638,1536,1
3874,1975772,598413,1536,1
3875,711412,215488,1536,1
3876,933194,282618,1536,1
3877,2438450,738422,1536,1
3878,815532,247021,1536,1
3879,1505119,456361,1536,1
3880,3438682,1041487,1536,1
3881,718714,217710,1536,1
3882,1596798,483649,1536,1
3883,759368,230192,1536,1
3884,1034920,313584,1536,1
3885,771378,233611,1536,1
3886,3185315,965254,1536,1
3887,809274,245129,1536,1
3888,829894,251496,1536,1
3889,2142162,649358,1536,1
3890,3598090,1090681,1536,1
3891,1112548,337028,1536,1
3892,2635600,798787,1536,1
3893,541744,164099,1536,1
3894,2993342,906877,1536,1
3895,2012608,610336,1536,1
3896,5534906,1677034,1536,1
3897,2365447,716790,1536,1
3898,1952323,591863,1536,1
3899,12957834,3925752,1536,1
3900,2088958,633452,1536,1
3901,858164,260237,1536,1
3902,5891836,1784814,1536,1
3903,895026,271271,1536,1
3904,4960214,1502258,1536,1
3905,1823348,552214,1536,1
3906,2924110,885540,1536,1
3907,2511468,760624,1536,1
3908,2528522,766952,1536,1
3909,892828,270439,1536,1
3910,1597892,484569,1536,1
3911,783478,237333,1536,1
3912,2026254,614363,1536,1
3913,2406972,729174,1536,1
3914,3201172,971530,1536,1
3915,1051682,318541,1536,1
3916,1762466,534138,1536,1
3917,1183700,358795,1536,1
3918,1743392,528118,1536,1
3919,855054,259250,1536,1
3920,1082266,327953,1536,1
3921,2633428,797533,1536,1
3922,1766252,535911,1536,1
3923,2192390,664409,1536,1
3924,17179886,5204545,1536,1
3925,1953814,591833,1536,1
3926,6189336,1876775,1536,1
3927,1862816,565526,1536,1
3928,930636,281896,1536,1
3929,1574840,477654,1536,1
3930,2113180,640313,1536,1
3931,3257968,987799,1536,1
3932,775796,235327,1536,1
3933,1295422,392354,1536,1
3934,1517344,459597,1536,1
3935,2586450,784142,1536,1
3936,9060526,2746360,1536,1
3937,892910,270475,1536,1
3938,5266196,1596046,1536,1
3939,2998002,909342,1536,1
3940,921598,279350,1536,1
3941,6349716,1925510,1536,1
3942,1187920,359827,1536,1
3943,2768308,838640,1536,1
3944,2037986,617545,1536,1
3945,2938438,890194,1536,1
3946,888030,269266,1536,1
3947,1305832,395467,1536,1
3948,818432,247889,1536,1
3949,1512394,458102,1536,1
3950,1908015,578955,1536,1
3951,9223463,2795140,1536,1
3952,950599,288569,1536,1
3953,5475839,1659886,1536,1
3954,3012090,914258,1536,1
3955,882590,267347,1536,1
3956,902176,273266,1536,1
3957,2024910,613241,1536,1
3958,3814668,1156828,1536,1
3959,789668,239848,1536,1
3960,830116,251582,1536,1
3961,1189028,360134,1536,1
3962,809652,245268,1536,1
3963,2281106,690865,1536,1
3964,3040506,921273,1536,1
3965,1075772,325835,1536,1
3966,2398620,726994,1536,1
3967,1317104,398875,1536,1
3968,3968186,1207996,1536,1
3969,989330,299651,1536,1
3970,945732,286486,1536,1
3971,5268417,1596789,1536,1
3972,1162162,351989,1536,1
3973,5051261,1530990,1536,1
3974,1204688,364852,1536,1
3975,2298747,696924,1536,1
3976,9595712,2907439,1536,1
3977,843524,255470,1536,1
3978,1950856,590869,1536,1
3979,1523466,461400,1536,1
3980,2432960,737402,1536,1
3981,1075932,325864,1536,1
3982,1799808,546574,1536,1
3983,12033793,3645919,1536,1
3984,1467290,444896,1536,1
3985,6315365,1912733,1536,1
3986,1663350,504020,1536,1
3987,1522766,461758,1536,1
3988,1635020,495376,1536,1
3989,5169740,1566976,1536,1
3990,1577846,478392,1536,1
3991,1980338,600107,1536,1
3992,3303073,1000956,1536,1
3993,903815,274320,1536,1
3994,3905312,1183229,1536,1
3995,2137207,647622,1536,1
3996,2421747,733864,1536,1
3997,1246172,377449,1536,1
3998,1989356,602453,1536,1
3999,1255402,380554,1536,1
4000,2749978,833214,1536,1
4001,1323280,400782,1536,1
4002,2066114,625856,1536,1
4003,2003784,607184,1536,1
4004,1055420,320174,1536,1
4005,2838958,860600,1536,1
4006,1482706,450369,1536,1
4007,1315450,398425,1536,1
4008,2391560,724831,1536,1
4009,1435936,435053,1536,1
4010,5691464,1724435,1536,1
4011,1861916,563897,1536,1
4012,990512,300135,1536,1
4013,3543584,1073687,1536,1
4014,1478642,447858,1536,1
4015,915056,277191,1536,1
4016,1411649,428666,1536,1
4017,591564,179192,1536,1
4018,1089098,330380,1536,1
4019,979394,296818,1536,1
4020,3372080,1021490,1536,1
4021,603526,182821,1536,1
4022,3780176,1145466,1536,1
4023,1531034,463800,1536,1
4024,4900682,1486014,1536,1
4025,4892556,1482519,1536,1
4026,991800,300408,1536,1
4027,768020,232633,1536,1
4028,1257958,381004,1536,1
4029,1575330,477112,1536,1
4030,1462660,443346,1536,1
4031,755484,228850,1536,1
4032,833866,252565,1536,1
4033,1516980,459484,1536,1
4034,608512,184325,1536,1
4035,5642478,1709643,1536,1
4036,1968109,596445,1536,1
4037,1913196,579769,1536,1
4038,956346,289674,1536,1
4039,3188532,965932,1536,1
4040,997488,302171,1536,1
4041,1464364,443489,1536,1
4042,2580678,781713,1536,1
4043,905206,274295,1536,1
4044,1902172,576038,1536,1
4045,4441470,1345086,1536,1
4046,563810,170783,1536,1
4047,1304032,395561,1536,1
4048,6120712,1854643,1536,1
4049,1346088,407735,1536,1
4050,1309244,396606,1536,1
4051,2142576,648872,1536,1
4052,594872,180165,1536,1
4053,2096956,636270,1536,1
4054,3139695,951224,1536,1
4055,4213520,1275985,1536,1
4056,2244056,679599,1536,1
4057,552048,167352,1536,1
4058,582006,176321,1536,1
4059,2711050,821424,1536,1
4060,3514334,1064495,1536,1
4061,811174,245768,1536,1
4062,1171386,354765,1536,1
4063,1854064,561579,1536,1
4064,1739318,526767,1536,1
4065,551260,166976,1536,1
4066,1250816,378838,1536,1
4067,552034,167218,1536,1
4068,1512262,458004,1536,1
4069,562580,170387,1536,1
4070,551578,167084,1536,1
4071,777034,235368,1536,1
4072,2532410,767143,1536,1
4073,4626476,1402525,1536,1
4074,1096018,332527,1536,1
4075,891348,270166,1536,1
4076,2288819,693739,1536,1
4077,987488,299287,1536,1
4078,922126,279310,1536,1
4079,2300266,696743,1536,1
4080,894044,270810,1536,1
4081,1167876,353773,1536,1
4082,869419,263655,1536,1
4083,3073313,931147,1536,1
4084,2800425,848400,1536,1
4085,1371810,415474,1536,1
4086,991912,300391,1536,1
4087,1935900,586491,1536,1
4088,1108572,335753,1536,1
4089,878016,265948,1536,1
4090,866210,262374,1536,1
4091,1187750,359810,1536,1
4092,892796,270420,1536,1
4093,3558358,1078971,1536,1
4094,7851374,2379483,1536,1
4095,2457468,744278,1536,1
4096,2776836,842211,1536,1
4097,656534,198886,1536,1
4098,565166,171198,1536,1
4099,1987356,601870,1536,1
4100,834664,252776,1536,1
4101,921047,279336,1536,1
4102,4374570,1325544,1536,1
4103,1375750,416742,1536,1
4104,1730040,524141,1536,1
4105,907152,274906,1536,1
4106,4284253,1299076,1536,1
4107,1879518,569326,1536,1
4108,2253088,683085,1536,1
4109,576322,174573,1536,1
4110,2930692,888819,1536,1
4111,897496,272215,1536,1
4112,870286,263622,1536,1
4113,812162,245993,1536,1
4114,2140518,648468,1536,1
4115,863238,261452,1536,1
4116,984926,298614,1536,1
4117,1395960,422872,1536,1
4118,1418262,429662,1536,1
4119,3022208,915513,1536,1
4120,1136354,344468,1536,1
4121,814394,246696,1536,1
4122,854464,259125,1536,1
4123,3374162,1021825,1536,1
4124,2455736,744772,1536,1
4125,1163426,353001,1536,1
4126,15995733,4845521,1536,1
4127,1019618,309283,1536,1
4128,1293176,391812,1536,1
4129,1931606,585377,1536,1
4130,3012808,913572,1536,1
4131,1627170,492954,1536,1
4132,808376,244926,1536,1
4133,1183508,358492,1536,1
4134,2022934,613597,1536,1
4135,1109976,336187,1536,1
4136,1835648,556335,1536,1
4137,830180,251848,1536,1
4138,664256,201245,1536,1
4139,1862488,564062,1536,1
4140,1479190,448088,1536,1
4141,1660618,503210,1536,1
4142,3360350,1017628,1536,1
4143,1145686,346989,1536,1
4144,591480,179164,1536,1
4145,671590,203578,1536,1
4146,1109456,336033,1536,1
4147,1732460,524686,1536,1
4148,603688,182884,1536,1
4149,588574,178287,1536,1
4150,2744355,831742,1536,1
4151,1311110,397076,1536,1
4152,4369282,1324233,1536,1
4153,2482558,751976,1536,1
4154,1042030,315595,1536,1
4155,593970,179938,1536,1
4156,703076,212977,1536,1
4157,1514608,458843,1536,1
4158,1106206,335486,1536,1
4159,1622854,491558,1536,1
4160,2035598,616477,1536,1
4161,2257196,683587,1536,1
4162,2168024,656760,1536,1
4163,778304,235734,1536,1
4164,595584,180730,1536,1
4165,1990990,602970,1536,1
4166,565814,171394,1536,1
4167,803222,243300,1536,1
4168,2082180,631564,1536,1
4169,901382,273028,1536,1
4170,5776022,1750033,1536,1
4171,845170,256008,1536,1
4172,3755872,1138300,1536,1
4173,4463732,1355293,1536,1
4174,2288926,693431,1536,1
4175,854282,258771,1536,1
4176,1752696,531208,1536,1
4177,3046066,922850,1536,1
4178,2904888,880679,1536,1
4179,1810536,548567,1536,1
4180,3993860,1209947,1536,1
4181,939250,284846,1536,1
4182,1313606,398190,1536,1
4183,1303044,394948,1536,1
4184,669096,202693,1536,1
4185,1445762,438009,1536,1
4186,2827670,856865,1536,1
4187,680126,206037,1536,1
4188,751280,227576,1536,1
4189,2079348,629708,1536,1
4190,2628754,797102,1536,1
4191,5224008,1582298,1536,1
4192,1790824,542376,1536,1
4193,957534,290198,1536,1
4194,2792440,846196,1536,1
4195,915382,277273,1536,1
4196,867272,262701,1536,1
4197,1264892,383454,1536,1
4198,2204598,667729,1536,1
4199,839622,254308,1536,1
4200,2557750,775551,1536,1
4201,2500976,757427,1536,1
4202,3055896,925707,1536,1
4203,1109084,336305,1536,1
4204,1432518,433925,1536,1
4205,7729099,2341769,1536,1
4206,3470944,1051544,1536,1
4207,2310556,700033,1536,1
4208,977784,296171,1536,1
4209,1343522,406873,1536,1
4210,1077400,326328,1536,1
4211,1355362,410478,1536,1
4212,3838410,1162403,1536,1
4213,1655562,501414,1536,1
4214,1847652,559764,1536,1
4215,3803618,1151950,1536,1
4216,1273948,385853,1536,1
4217,1086482,329086,1536,1
4218,3329726,1008505,1536,1
4219,570136,172723,1536,1
4220,3721158,1127764,1536,1
4221,1380412,418549,1536,1
4222,4488134,1359699,1536,1
4223,1062732,322435,1536,1
4224,1703922,516357,1536,1
4225,5504560,1668070,1536,1
4226,3718793,1126535,1536,1
4227,2109270,639058,1536,1
4228,2163716,655749,1536,1
4229,1575136,477062,1536,1
4230,1211032,366750,1536,1
4231,3415500,1035177,1536,1
4232,876536,265507,1536,1
4233,2832228,862779,1536,1
4234,842552,255860,1536,1
4235,870718,264157,1536,1
4236,1362630,412678,1536,1
4237,1719296,520711,1536,1
4238,4233686,1285054,1536,1
4239,1096000,331936,1536,1
4240,2340114,709437,1536,1
4241,3352981,1016057,1536,1
4242,1046938,317504,1536,1
4243,2731276,827195,1536,1
4244,1849546,560151,1536,1
4245,3298030,999196,1536,1
4246,1452498,441157,1536,1
4247,1811894,548714,1536,1
4248,2937188,889580,1536,1
4249,607040,183877,1536,1
4250,1215614,368640,1536,1
4251,3788508,1148143,1536,1
4252,1657300,501941,1536,1
4253,989652,299758,1536,1
4254,793294,240474,1536,1
4255,3503918,1061701,1536,1
4256,2502000,758118,1536,1
4257,3613768,1094433,1536,1
4258,804418,243719,1536,1
4259,1135172,344183,1536,1
4260,1670074,506362,1536,1
4261,1199342,363256,1536,1
4262,7122810,2158877,1536,1
4263,1699448,515166,1536,1
4264,636832,192921,1536,1
4265,1952696,591449,1536,1
4266,1456402,441492,1536,1
4267,6388943,1935619,1536,1
4268,570222,172732,1536,1
4269,990424,300052,1536,1
4270,4314907,1307546,1536,1
4271,1792484,543461,1536,1
4272,886494,268535,1536,1
4273,2517324,763296,1536,1
4274,1225466,371647,1536,1
4275,2878176,871815,1536,1
4276,1367702,414243,1536,1
4277,1647650,568444,1536,1
4278,844696,255865,1536,1
4279,2793892,846274,1536,1
4280,583888,176870,1536,1
4281,2929190,887076,1536,1
4282,2110024,639018,1536,1
4283,1952388,591907,1536,1
4284,1063178,322013,1536,1
4285,1214532,367834,1536,1
4286,795354,241006,1536,1
4287,1265082,383140,1536,1
4288,3236120,980010,1536,1
4289,4536348,1373728,1536,1
4290,535460,162170,1536,1
4291,780892,236504,1536,1
4292,2299216,696303,1536,1
4293,1098520,332720,1536,1
4294,1170420,354496,1536,1
4295,812808,246204,1536,1
4296,535836,162309,1536,1
4297,781522,236711,1536,1
4298,1065966,322846,1536,1
4299,908430,275135,1536,1
4300,4240962,1284277,1536,1
4301,2335864,707372,1536,1
4302,760506,230339,1536,1
4303,800664,242521,1536,1
4304,2362564,715463,1536,1
4305,943027,285958,1536,1
4306,2067234,626011,1536,1
4307,797276,241495,1536,1
4308,741488,224557,1536,1
4309,1690560,511960,1536,1
4310,3171468,960514,1536,1
4311,1601944,485220,1536,1
4312,1214668,367886,1536,1
4313,756958,229283,1536,1
4314,716456,217004,1536,1
4315,970190,293854,1536,1
4316,938008,284110,1536,1
4317,959550,290614,1536,1
4318,564888,171109,1536,1
4319,1955140,592527,1536,1
4320,2284116,691837,1536,1
4321,1046952,317097,1536,1
4322,758352,230179,1536,1
4323,1537884,465760,1536,1
4324,1582518,480535,1536,1
4325,3312624,1004005,1536,1
4326,7439558,2253918,1536,1
4327,604630,183171,1536,1
4328,3802644,1152666,1536,1
4329,1290584,390879,1536,1
4330,3106914,941549,1536,1
4331,1636204,496196,1536,1
4332,3476702,1053561,1536,1
4333,5113430,1549479,1536,1
4334,2580772,781611,1536,1
4335,866456,262425,1536,1
4336,573062,173671,1536,1
4337,589432,178521,1536,1
4338,4162632,1261173,1536,1
4339,1060590,321247,1536,1
4340,616662,186827,1536,1
4341,5289228,1602704,1536,1
4342,1257604,380874,1536,1
4343,2086678,631947,1536,1
4344,628510,190371,1536,1
4345,1141120,345607,1536,1
4346,1139198,344994,1536,1
4347,590756,178943,1536,1
4348,1134748,343691,1536,1
4349,597984,181233,1536,1
4350,3399670,1031015,1536,1
4351,2628457,796864,1536,1
4352,3653056,1106842,1536,1
4353,1621002,491608,1536,1
4354,2683957,813366,1536,1
4355,1681373,509754,1536,1
4356,2150222,651482,1536,1
4357,2115068,640556,1536,1
4358,902672,273451,1536,1
4359,2982830,903641,1536,1
4360,884652,267973,1536,1
4361,1287184,389950,1536,1
4362,1691962,512441,1536,1
4363,1303784,394890,1536,1
4364,2803448,848992,1536,1
4365,1281624,388168,1536,1
4366,3370752,1020778,1536,1
4367,1336754,404861,1536,1
4368,1540802,466654,1536,1
4369,565828,171393,1536,1
4370,776500,235175,1536,1
4371,1029008,311672,1536,1
4372,907136,274850,1536,1
4373,2188286,662713,1536,1
4374,1375220,416517,1536,1
4375,945562,286408,1536,1
4376,1082256,327796,1536,1
4377,779352,236044,1536,1
4378,3333082,1009372,1536,1
4379,1817246,550373,1536,1
4380,1937212,587121,1536,1
4381,1111196,336615,1536,1
4382,2484782,753037,1536,1
4383,626268,189716,1536,1
4384,631410,191273,1536,1
4385,9594454,2906927,1536,1
4386,2396792,726942,1536,1
4387,2491916,755186,1536,1
4388,5771286,1748852,1536,1
4389,892098,270427,1536,1
4390,3772600,1143731,1536,1
4391,2888238,874671,1536,1
4392,927758,281027,1536,1
4393,1091952,330724,1536,1
4394,1279384,387498,1536,1
4395,2073088,627830,1536,1
4396,1455650,440842,1536,1
4397,2386980,723023,1536,1
4398,1826456,553151,1536,1
4399,574876,174136,1536,1
4400,992510,300601,1536,1
4401,1517580,459597,1536,1
4402,582810,176556,1536,1
4403,3052378,924437,1536,1
4404,1303086,394766,1536,1
4405,606420,183703,1536,1
4406,570508,172820,1536,1
4407,858760,260261,1536,1
4408,3526870,1068048,1536,1
4409,2585734,783552,1536,1
4410,756346,229108,1536,1
4411,1806666,547216,1536,1
4412,757654,229482,1536,1
4413,2377126,719893,1536,1
4414,1013900,307076,1536,1
4415,1590606,482454,1536,1
4416,1177184,356538,1536,1
4417,690944,209407,1536,1
4418,819680,248349,1536,1
4419,556134,168477,1536,1
4420,539000,163271,1536,1
4421,960122,290812,1536,1
4422,1794174,543366,1536,1
4423,533720,161657,1536,1
4424,1876130,568182,1536,1
4425,1155992,350089,1536,1
4426,1235008,374044,1536,1
4427,2483572,752215,1536,1
4428,575930,174552,1536,1
4429,829440,251312,1536,1
4430,764380,231492,1536,1
4431,1472820,446921,1536,1
4432,3856442,1172428,1536,1
4433,1527004,464025,1536,1
4434,2180558,660809,1536,1
4435,3369690,1021304,1536,1
4436,2201430,666768,1536,1
4437,1001512,303443,1536,1
4438,541160,163899,1536,1
4439,2439436,739038,1536,1
4440,3118996,945042,1536,1
4441,723572,219314,1536,1
4442,1399560,424009,1536,1
4443,930020,281805,1536,1
4444,1242030,376237,1536,1
4445,4320314,1308309,1536,1
4446,556266,168486,1536,1
4447,764708,231613,1536,1
4448,2053290,621833,1536,1
4449,553574,167685,1536,1
4450,3366762,1019550,1536,1
4451,818908,248031,1536,1
4452,1662312,503440,1536,1
4453,4169752,1268496,1536,1
4454,2446344,740859,1536,1
4455,1361952,412492,1536,1
4456,1754242,531805,1536,1
4457,1145364,346911,1536,1
4458,1435084,435046,1536,1
4459,926854,280745,1536,1
4460,2217654,671584,1536,1
4461,2210642,669544,1536,1
4462,911058,275932,1536,1
4463,2930980,887603,1536,1
4464,1250020,378549,1536,1
4465,762192,230851,1536,1
4466,955966,289516,1536,1
4467,1148944,347966,1536,1
4468,955018,289238,1536,1
4469,2363276,715698,1536,1
4470,1001498,303317,1536,1
4471,1809460,547995,1536,1
4472,2293438,694547,1536,1
4473,1764822,534481,1536,1
4474,2565246,777405,1536,1
4475,1566840,474507,1536,1
4476,1229334,372325,1536,1
4477,1076862,326112,1536,1
4478,833328,252949,1536,1
4479,2671640,809644,1536,1
4480,1856108,562374,1536,1
4481,1172488,355202,1536,1
4482,844508,255801,1536,1
4483,1787878,541448,1536,1
4484,1354802,411356,1536,1
4485,525764,159258,1536,1
4486,782386,237810,1536,1
4487,3122866,946542,1536,1
4488,539104,163299,1536,1
4489,742708,224940,1536,1
4490,542816,164419,1536,1
4491,927958,281061,1536,1
4492,2040264,618418,1536,1
4493,962920,291667,1536,1
4494,555138,168154,1536,1
4495,696978,211145,1536,1
4496,563538,170702,1536,1
4497,1525584,462045,1536,1
4498,932856,282560,1536,1
4499,3397340,1028925,1536,1
4500,552112,167240,1536,1
4501,1112728,337130,1536,1
4502,1361962,412881,1536,1
4503,940570,284887,1536,1
4504,535688,162268,1536,1
4505,2629018,797153,1536,1
4506,532368,161236,1536,1
4507,937106,283945,1536,1
4508,539178,163321,1536,1
4509,1183406,358392,1536,1
4510,1263448,382658,1536,1
4511,1184500,358763,1536,1
4512,1479448,448051,1536,1
4513,804560,243659,1536,1
4514,1213234,367434,1536,1
4515,2486596,752996,1536,1
4516,549272,166367,1536,1
4517,583380,176728,1536,1
4518,552560,167376,1536,1
4519,807246,244489,1536,1
4520,555020,168121,1536,1
4521,1220074,369508,1536,1
4522,1173422,355385,1536,1
4523,556578,168583,1536,1
4524,624604,189213,1536,1
4525,1145478,347031,1536,1
4526,1714504,520845,1536,1
4527,1474708,447408,1536,1
4528,2360513,715246,1536,1
4529,3705236,1122370,1536,1
4530,1523402,461474,1536,1
4531,1092340,331024,1536,1
4532,1007226,305042,1536,1
4533,592806,179579,1536,1
4534,3304872,1001589,1536,1
4535,1505920,456179,1536,1
4536,2184778,661632,1536,1
4537,1682484,509532,1536,1
4538,556686,168626,1536,1
4539,1189396,360237,1536,1
4540,552860,167468,1536,1
4541,548948,166281,1536,1
4542,1009298,305687,1536,1
4543,754906,228651,1536,1
4544,4234080,1282196,1536,1
4545,552288,167323,1536,1
4546,1229590,372408,1536,1
4547,1585544,480157,1536,1
4548,4777603,1458650,1536,1
4549,789562,239148,1536,1
4550,2609868,790366,1536,1
4551,897068,271715,1536,1
4552,924859,280814,1536,1
4553,1533912,465088,1536,1
4554,820640,248621,1536,1
4555,4206144,1274481,1536,1
4556,593108,179675,1536,1
4557,2832870,857904,1536,1
4558,567812,172016,1536,1
4559,542422,164300,1536,1
4560,2917320,883488,1536,1
4561,594630,180133,1536,1
4562,534858,162002,1536,1
4563,803872,243594,1536,1
4564,4952296,1501704,1536,1
4565,3670902,1112892,1536,1
4566,5317672,1613121,1536,1
4567,1142862,346412,1536,1
4568,2433660,738824,1536,1
4569,775868,235035,1536,1
4570,2447362,743534,1536,1
4571,1238248,375082,1536,1
4572,1020884,309524,1536,1
4573,3510105,1063656,1536,1
4574,2945299,892544,1536,1
4575,5725916,1735190,1536,1
4576,1216514,368446,1536,1
4577,1168060,354136,1536,1
4578,1864358,564625,1536,1
4579,2321218,703058,1536,1
4580,1305652,395424,1536,1
4581,2830294,857120,1536,1
4582,1226846,371800,1536,1
4583,661284,200320,1536,1
4584,1033584,313013,1536,1
4585,656688,199879,1536,1
4586,1553022,470344,1536,1
4587,2922212,884951,1536,1
4588,3536938,1074117,1536,1
4589,993262,300848,1536,1
4590,2119598,641928,1536,1
4591,1470458,445343,1536,1
4592,1183758,358497,1536,1
4593,533666,161638,1536,1
4594,1252458,379317,1536,1
4595,590786,178971,1536,1
4596,1033890,313128,1536,1
4597,1068688,324144,1536,1
4598,965616,292470,1536,1
4599,1895834,574150,1536,1
4600,521740,158043,1536,1
4601,1019352,308742,1536,1
4602,521010,157820,1536,1
4603,519438,157342,1536,1
4604,1401550,424459,1536,1
4605,510510,154642,1536,1
4606,696874,211061,1536,1
4607,2748022,832223,1536,1
4608,3102047,939999,1536,1
4609,2280470,691205,1536,1
4610,1092744,330965,1536,1
4611,1327468,402019,1536,1
4612,1140986,345556,1536,1
4613,532508,161393,1536,1
4614,496276,150407,1536,1
4615,907684,274911,1536,1
4616,722002,218697,1536,1
4617,904944,274076,1536,1
4618,2297036,695617,1536,1
4619,2528354,765681,1536,1
4620,772860,234101,1536,1
4621,1328466,402327,1536,1
4622,1489750,451145,1536,1
4623,680474,206082,1536,1
4624,526064,159365,1536,1
4625,2056076,622638,1536,1
4626,3494470,1058306,1536,1
4627,931252,282126,1536,1
4628,1097626,332442,1536,1
4629,497656,150745,1536,1
4630,941468,285199,1536,1
4631,2052590,621615,1536,1
4632,1300568,393899,1536,1
4633,3301638,999837,1536,1
4634,1870434,566857,1536,1
4635,501930,152030,1536,1
4636,680494,206099,1536,1
4637,497528,150691,1536,1
4638,527540,159799,1536,1
4639,2936372,890063,1536,1
4640,766778,232272,1536,1
4641,1146741,347584,1536,1
4642,765458,232218,1536,1
4643,568160,172119,1536,1
4644,1433744,434465,1536,1
4645,572102,173311,1536,1
4646,892710,270455,1536,1
4647,1378948,419062,1536,1
4648,1707064,518044,1536,1
4649,1388678,420579,1536,1
4650,2498280,756647,1536,1
4651,664454,201277,1536,1
4652,2163764,655323,1536,1
4653,2999650,908715,1536,1
4654,833664,252606,1536,1
4655,1951210,591396,1536,1
4656,4568704,1384267,1536,1
4657,792644,240817,1536,1
4658,1599484,484541,1536,1
4659,1866256,565217,1536,1
4660,1289980,390702,1536,1
4661,2023460,613034,1536,1
4662,844010,255649,1536,1
4663,996820,302047,1536,1
4664,850992,257778,1536,1
4665,4044496,1225183,1536,1
4666,1033252,312960,1536,1
4667,1622136,491274,1536,1
4668,786988,238335,1536,1
4669,1118612,338802,1536,1
4670,6203812,1879515,1536,1
4671,3479994,1053956,1536,1
4672,2578140,781097,1536,1
4673,1560352,472561,1536,1
4674,2773866,840029,1536,1
4675,2032242,615793,1536,1
4676,1284722,389099,1536,1
4677,844064,255670,1536,1
4678,1015726,307627,1536,1
4679,595346,180353,1536,1
4680,1307006,395853,1536,1
4681,578370,175193,1536,1
4682,3789888,1147677,1536,1
4683,608514,184341,1536,1
4684,782006,236858,1536,1
4685,829230,251132,1536,1
4686,2491790,754618,1536,1
4687,1297350,392910,1536,1
4688,800800,242546,1536,1
4689,1007790,305245,1536,1
4690,3576090,1082933,1536,1
4691,1774840,537563,1536,1
4692,1888936,572342,1536,1
4693,2806256,850312,1536,1
4694,2646696,801591,1536,1
4695,610262,184871,1536,1
4696,611478,185235,1536,1
4697,559908,169598,1536,1
4698,3587844,1087154,1536,1
4699,1412342,428858,1536,1
4700,1193666,361531,1536,1
4701,965216,292440,1536,1
4702,1701188,515214,1536,1
4703,1956746,592640,1536,1
4704,1621574,491105,1536,1
4705,795624,240982,1536,1
4706,1465886,443950,1536,1
4707,1543144,467370,1536,1
4708,1017716,308212,1536,1
4709,964406,292082,1536,1
4710,958498,290294,1536,1
4711,2671222,808947,1536,1
4712,523062,158442,1536,1
4713,927010,280737,1536,1
4714,959550,290619,1536,1
4715,524002,158702,1536,1
4716,2621006,793743,1536,1
4717,1118538,338759,1536,1
4718,915280,277217,1536,1
4719,758994,229884,1536,1
4720,2836531,860611,1536,1
4721,1638516,496241,1536,1
4722,743104,225082,1536,1
4723,737114,223235,1536,1
4724,635002,192438,1536,1
4725,1769228,536080,1536,1
4726,2405856,728737,1536,1
4727,2393858,725873,1536,1
4728,1307729,396642,1536,1
4729,1707292,517095,1536,1
4730,1712346,518635,1536,1
4731,4640398,1406087,1536,1
4732,1440652,436458,1536,1
4733,2478598,750836,1536,1
4734,3145390,953396,1536,1
4735,1042322,315737,1536,1
4736,1372540,415888,1536,1
4737,1093308,331462,1536,1
4738,634370,192157,1536,1
4739,861870,261042,1536,1
4740,626080,189645,1536,1
4741,1199268,363232,1536,1
4742,2227150,675013,1536,1
4743,996950,302116,1536,1
4744,1605368,486585,1536,1
4745,4569408,1384958,1536,1
4746,1894784,573846,1536,1
4747,885230,268112,1536,1
4748,844096,255680,1536,1
4749,1431492,433547,1536,1
4750,856136,259385,1536,1
4751,1931107,585525,1536,1
4752,588290,178185,1536,1
4753,815524,247006,1536,1
4754,1110466,336894,1536,1
4755,1158480,350879,1536,1
4756,3162000,958232,1536,1
4757,2031274,615123,1536,1
4758,573042,173582,1536,1
4759,2130676,645328,1536,1
4760,2934790,888886,1536,1
4761,551466,167049,1536,1
4762,2818826,853630,1536,1
4763,1422176,430693,1536,1
4764,1210448,366616,1536,1
4765,2031320,615184,1536,1
4766,814294,246635,1536,1
4767,571604,173146,1536,1
4768,1265078,383133,1536,1
4769,549314,166384,1536,1
4770,2462432,745821,1536,1
4771,1014844,307382,1536,1
4772,1268878,384281,1536,1
4773,1795708,544153,1536,1
4774,828158,250851,1536,1
4775,1014962,307412,1536,1
4776,1078504,326654,1536,1
4777,793202,240282,1536,1
4778,5447948,1649883,1536,1
4779,819528,248217,1536,1
4780,1714274,519129,1536,1
4781,746954,226238,1536,1
4782,775946,235035,1536,1
4783,2300326,696634,1536,1
4784,545024,165111,1536,1
4785,741790,224674,1536,1
4786,727920,220495,1536,1
4787,3303674,1000453,1536,1
4788,1328862,402445,1536,1
4789,1745660,528670,1536,1
4790,1067698,323418,1536,1
4791,2947730,892867,1536,1
4792,900460,272734,1536,1
4793,890640,269757,1536,1
4794,471940,142946,1536,1
4795,1609818,488521,1536,1
4796,2265590,686109,1536,1
4797,646260,195720,1536,1
4798,471654,142867,1536,1
4799,1295834,392439,1536,1
4800,699336,211828,1536,1
4801,2201960,666845,1536,1
4802,629880,190783,1536,1
4803,1583518,479618,1536,1
4804,968256,293260,1536,1
4805,2279076,690194,1536,1
4806,1263338,382617,1536,1
4807,459218,139104,1536,1
4808,1414040,428249,1536,1
4809,3488855,1057478,1536,1
4810,2136410,647006,1536,1
4811,512088,155131,1536,1
4812,722172,218746,1536,1
4813,1092817,331542,1536,1
4814,747766,226497,1536,1
4815,1392522,422312,1536,1
4816,971358,294208,1536,1
4817,2079169,631984,1536,1
4818,1483740,449360,1536,1
4819,1942103,588476,1536,1
4820,691008,209298,1536,1
4821,498302,150939,1536,1
4822,500208,151515,1536,1
4823,759056,229954,1536,1
4824,498274,150931,1536,1
4825,495692,150154,1536,1
4826,1433848,434253,1536,1
4827,1741944,527527,1536,1
4828,1738204,526476,1536,1
4829,561380,170134,1536,1
4830,997184,302164,1536,1
4831,2346968,710761,1536,1
4832,1703650,515956,1536,1
4833,1029764,311855,1536,1
4834,1271754,385174,1536,1
4835,1035338,313566,1536,1
4836,1630028,493641,1536,1
4837,1112578,336976,1536,1
4838,992296,300555,1536,1
4839,1517394,459538,1536,1
4840,1299232,393467,1536,1
4841,570490,172797,1536,1
4842,1838912,556923,1536,1
4843,14105787,4273100,1536,1
4844,1729708,523853,1536,1
4845,740853,224542,1536,1
4846,1513632,458936,1536,1
4847,738626,224131,1536,1
4848,665370,201553,1536,1
4849,1097460,332358,1536,1
4850,1347530,408187,1536,1
4851,1394702,422866,1536,1
4852,835626,253099,1536,1
4853,622120,188411,1536,1
4854,1134222,343535,1536,1
4855,608716,184478,1536,1
4856,1042656,315782,1536,1
4857,586134,177542,1536,1
4858,2071464,627339,1536,1
4859,1012968,306793,1536,1
4860,755168,228717,1536,1
4861,3396446,1028554,1536,1
4862,1269308,384404,1536,1
4863,2247848,680914,1536,1
4864,1251898,379186,1536,1
4865,951894,288313,1536,1
4866,534396,161918,1536,1
4867,1038356,314646,1536,1
4868,1251532,379051,1536,1
4869,782742,237180,1536,1
4870,737604,223385,1536,1
4871,736322,222995,1536,1
4872,1883202,570385,1536,1
4873,1450886,439413,1536,1
4874,4968840,1504690,1536,1
4875,1269156,384491,1536,1
4876,1555572,471119,1536,1
4877,1458376,441655,1536,1
4878,732292,221774,1536,1
4879,1636224,495541,1536,1
4880,2280714,690677,1536,1
4881,2109362,638811,1536,1
4882,535036,162066,1536,1
4883,1238644,375148,1536,1
4884,543480,164633,1536,1
4885,1266820,383694,1536,1
4886,2494120,756917,1536,1
4887,771852,233900,1536,1
4888,2992508,906224,1536,1
4889,1145658,347004,1536,1
4890,5910478,1791061,1536,1
4891,3883064,1176926,1536,1
4892,1014727,307696,1536,1
4893,2262814,685302,1536,1
4894,1544618,467806,1536,1
4895,1905129,577673,1536,1
4896,1447530,438437,1536,1
4897,1647736,499586,1536,1
4898,10424854,3159710,1536,1
4899,2523218,764162,1536,1
4900,607074,183917,1536,1
4901,1622030,491255,1536,1
4902,1913216,579418,1536,1
4903,1232046,373235,1536,1
4904,1183902,358590,1536,1
4905,588546,178279,1536,1
4906,2514438,761690,1536,1
4907,3319022,1005507,1536,1
4908,913796,276784,1536,1
4909,593772,179858,1536,1
4910,916510,277590,1536,1
4911,795358,240910,1536,1
4912,920638,278894,1536,1
4913,801412,243153,1536,1
4914,837910,253767,1536,1
4915,5309862,1607963,1536,1
4916,1362644,412684,1536,1
4917,807904,244699,1536,1
4918,1268629,385608,1536,1
4919,827536,250669,1536,1
4920,1412550,427789,1536,1
4921,1086466,329025,1536,1
4922,602468,182549,1536,1
4923,1589406,481841,1536,1
4924,1868282,566158,1536,1
4925,588762,178349,1536,1
4926,611176,185104,1536,1
4927,2647692,801876,1536,1
4928,888108,269011,1536,1
4929,1695740,514578,1536,1
4930,1866368,565197,1536,1
4931,2488960,753926,1536,1
4932,6566196,1989527,1536,1
4933,590232,178791,1536,1
4934,1252300,379268,1536,1
4935,3497044,1059307,1536,1
4936,587196,177867,1536,1
4937,1080498,327244,1536,1
4938,1727216,523075,1536,1
4939,575136,174217,1536,1
4940,2923490,885342,1536,1
4941,567066,171757,1536,1
4942,1350924,409152,1536,1
4943,1409400,426857,1536,1
4944,765636,231907,1536,1
4945,1299408,393732,1536,1
4946,1003024,303780,1536,1
4947,1042464,315742,1536,1
4948,2073088,628080,1536,1
4949,546650,165657,1536,1
4950,3120708,945055,1536,1
4951,990820,300183,1536,1
4952,552744,167448,1536,1
4953,1036212,313828,1536,1
4954,579206,175601,1536,1
4955,1980414,599754,1536,1
4956,734364,222413,1536,1
4957,4340324,1314369,1536,1
4958,1008944,305575,1536,1
4959,1012502,306652,1536,1
4960,3129530,947829,1536,1
4961,1964488,594941,1536,1
4962,3350028,1014578,1536,1
4963,2087616,632206,1536,1
4964,1565998,474298,1536,1
4965,1292340,391823,1536,1
4966,1267594,384755,1536,1
4967,820914,248659,1536,1
4968,798152,241741,1536,1
4969,742850,227526,1536,1
4970,649528,196759,1536,1
4971,2975032,901120,1536,1
4972,747182,226308,1536,1
4973,1488906,450925,1536,1
4974,2455092,743498,1536,1
4975,1816446,550167,1536,1
4976,2162836,654999,1536,1
4977,1465894,443958,1536,1
4978,1444410,437454,1536,1
4979,1202662,364260,1536,1
4980,2964650,898565,1536,1
4981,3294910,998338,1536,1
4982,1332502,403825,1536,1
4983,725612,219780,1536,1
4984,2453162,742872,1536,1
4985,2538494,768773,1536,1
4986,2390680,723995,1536,1
4987,1186852,359418,1536,1
4988,865638,262199,1536,1
4989,745236,225705,1536,1
4990,815242,247161,1536,1
4991,723918,219308,1536,1
4992,1423552,431139,1536,1
4993,700608,212204,1536,1
4994,529480,160481,1536,1
4995,724100,219318,1536,1
4996,1537464,465629,1536,1
4997,1576782,477838,1536,1
4998,768926,232887,1536,1
4999,1532658,464818,1536,1
5000,4409842,1336297,1536,1
5001,1707702,517177,1536,1
5002,729798,221062,1536,1
5003,1674578,507321,1536,1
5004,498338,151186,1536,1
5005,772682,234121,1536,1
5006,1934602,586830,1536,1
5007,2253688,682657,1536,1
5008,5404694,1636894,1536,1
5009,1473354,446210,1536,1
5010,2191586,663714,1536,1
5011,832912,252300,1536,1
5012,772934,234099,1536,1
5013,585034,177209,1536,1
5014,1070772,324290,1536,1
5015,1247320,378055,1536,1
5016,1975036,598295,1536,1
5017,1292116,391494,1536,1
5018,874688,264936,1536,1
5019,1327782,402119,1536,1
5020,632302,191493,1536,1
5021,3920826,1187477,1536,1
5022,1124414,340587,1536,1
5023,1257726,380937,1536,1
5024,621876,188720,1536,1
5025,2347914,711052,1536,1
5026,643452,194911,1536,1
5027,1160800,351569,1536,1
5028,516548,156448,1536,1
5029,1279440,387712,1536,1
5030,1337502,405108,1536,1
5031,1429034,432774,1536,1
5032,480294,145564,1536,1
5033,1274644,386039,1536,1
5034,4305924,1305063,1536,1
5035,785070,237866,1536,1
5036,1480262,449627,1536,1
5037,1858312,562798,1536,1
5038,1064804,322512,1536,1
5039,1697410,514059,1536,1
5040,2246614,680413,1536,1
5041,564492,170999,1536,1
5042,661856,200447,1536,1
5043,596932,180809,1536,1
5044,1122918,340080,1536,1
5045,1625554,492348,1536,1
5046,1597956,483982,1536,1
5047,904018,273828,1536,1
5048,2026566,614986,1536,1
5049,3491088,1057330,1536,1
5050,591124,179054,1536,1
5051,3105176,940953,1536,1
5052,1689870,511789,1536,1
5053,3630404,1099468,1536,1
5054,1879488,569366,1536,1
5055,1300068,394024,1536,1
5056,2259096,684313,1536,1
5057,785244,237818,1536,1
5058,2220301,673481,1536,1
5059,1629399,494110,1536,1
5060,1273781,386205,1536,1
5061,1393286,422001,1536,1
5062,6433022,1948871,1536,1
5063,940316,284839,1536,1
5064,3174842,961561,1536,1
5065,3103384,940654,1536,1
5066,659258,199689,1536,1
5067,4344948,1317724,1536,1
5068,1434876,434794,1536,1
5069,2130008,645180,1536,1
5070,644954,195347,1536,1
5071,644802,195315,1536,1
5072,1237788,374917,1536,1
5073,1275386,386291,1536,1
5074,910484,275768,1536,1
5075,1222446,370259,1536,1
5076,1423004,431100,1536,1
5077,2067502,626146,1536,1
5078,1107682,335479,1536,1
5079,1538536,465955,1536,1
5080,1527354,463035,1536,1
5081,4438261,1344647,1536,1
5082,1005500,305004,1536,1
5083,4261100,1291965,1536,1
5084,932014,282305,1536,1
5085,854448,258783,1536,1
5086,800574,242468,1536,1
5087,1071866,324651,1536,1
5088,1637496,495903,1536,1
5089,780206,236310,1536,1
5090,776256,235113,1536,1
5091,1398354,423514,1536,1
5092,779474,236071,1536,1
5093,2660898,805828,1536,1
5094,1279074,387371,1536,1
5095,2983760,903796,1536,1
5096,574444,174113,1536,1
5097,3373144,1021848,1536,1
5098,598694,181372,1536,1
5099,572566,173432,1536,1
5100,2149438,650955,1536,1
5101,822766,249222,1536,1
5102,3842856,1164342,1536,1
5103,622986,188721,1536,1
5104,1613530,488667,1536,1
5105,1521612,460857,1536,1
5106,989894,299791,1536,1
5107,564058,170903,1536,1
5108,574194,174108,1536,1
5109,540338,163679,1536,1
5110,848308,256952,1536,1
5111,1835300,555882,1536,1
5112,988318,299328,1536,1
5113,1406108,425859,1536,1
5114,755130,228715,1536,1
5115,2149413,652185,1536,1
5116,954158,288985,1536,1
5117,1427440,432349,1536,1
5118,1169622,354282,1536,1
5119,1219620,369580,1536,1
5120,1257448,380891,1536,1
5121,1039364,314813,1536,1
5122,810156,245882,1536,1
5123,3302846,1002106,1536,1
5124,828996,251083,1536,1
5125,1617440,490205,1536,1
5126,6352479,1931532,1536,1
5127,4067594,1232729,1536,1
5128,2103812,637648,1536,1
5129,632732,191681,1536,1
5130,2268216,687367,1536,1
5131,3370028,1021785,1536,1
5132,712260,215755,1536,1
5133,1320010,400446,1536,1
5134,3624344,1098604,1536,1
5135,4149254,1257976,1536,1
5136,5124448,1552887,1536,1
5137,6694757,2027986,1536,1
5138,1918770,581464,1536,1
5139,921250,279111,1536,1
5140,1992470,605102,1536,1
5141,4916257,1489866,1536,1
5142,1473531,446813,1536,1
5143,1714642,519724,1536,1
5144,1551740,470536,1536,1
5145,10279528,3115783,1536,1
5146,1369300,415843,1536,1
5147,1185246,359014,1536,1
5148,1249114,379105,1536,1
5149,2736834,830040,1536,1
5150,4606706,1395073,1536,1
5151,1087114,329581,1536,1
5152,3301020,1000362,1536,1
5153,1424582,431463,1536,1
5154,1346586,407820,1536,1
5155,7832374,2373181,1536,1
5156,812554,246104,1536,1
5157,2800666,849499,1536,1
5158,1112004,336804,1536,1
5159,908904,275597,1536,1
5160,2902378,879904,1536,1
5161,3904112,1183425,1536,1
5162,4173468,1264830,1536,1
5163,4899500,1485375,1536,1
5164,7729616,2340809,1536,1
5165,701668,212562,1536,1
5166,1403114,425517,1536,1
5167,3371079,1021931,1536,1
5168,1278991,387701,1536,1
5169,1237935,375324,1536,1
5170,4387036,1330071,1536,1
5171,3766318,1141678,1536,1
5172,945146,286291,1536,1
5173,2879976,873184,1536,1
5174,1080006,327137,1536,1
5175,1519682,460694,1536,1
5176,1431356,433605,1536,1
5177,1492908,452196,1536,1
5178,4334572,1314061,1536,1
5179,1651958,501040,1536,1
5180,1363074,413353,1536,1
5181,7173048,2172703,1536,1
5182,939990,284736,1536,1
5183,1402540,425258,1536,1
5184,2509281,760756,1536,1
5185,2587988,784344,1536,1
5186,1352108,409688,1536,1
5187,1431428,434110,1536,1
5188,997996,303084,1536,1
5189,613456,185823,1536,1
5190,1272332,385349,1536,1
5191,2714914,822181,1536,1
5192,1807460,547469,1536,1
5193,1686294,510692,1536,1
5194,1814964,549670,1536,1
5195,690218,209089,1536,1
5196,4805958,1456935,1536,1
5197,1393135,422175,1536,1
5198,6704667,2031420,1536,1
5199,1747246,529384,1536,1
5200,1179006,357080,1536,1
5201,883676,267635,1536,1
5202,1959332,593387,1536,1
5203,1160052,351516,1536,1
5204,760882,230767,1536,1
5205,1113604,337293,1536,1
5206,595692,180441,1536,1
5207,2193650,664338,1536,1
5208,4559150,1381626,1536,1
5209,1210738,366790,1536,1
5210,1068766,324381,1536,1
5211,2071844,627718,1536,1
5212,792620,240083,1536,1
5213,6555254,1986198,1536,1
5214,2571178,778654,1536,1
5215,1779478,540061,1536,1
5216,979251,296980,1536,1
5217,813030,246270,1536,1
5218,2258228,684340,1536,1
5219,3241201,981867,1536,1
5220,2208345,669496,1536,1
5221,2172266,658323,1536,1
5222,925293,280612,1536,1
5223,1759180,532783,1536,1
5224,3467722,1051058,1536,1
5225,736710,223166,1536,1
5226,1488322,451285,1536,1
5227,2517934,764991,1536,1
5228,2093268,633950,1536,1
5229,1047168,317591,1536,1
5230,1403242,425022,1536,1
5231,2002004,606376,1536,1
5232,742446,224901,1536,1
5233,2924914,886751,1536,1
5234,919884,278632,1536,1
5235,701998,212665,1536,1
5236,4556645,1381123,1536,1
5237,2466292,747348,1536,1
5238,827300,250689,1536,1
5239,1457348,441440,1536,1
5240,690568,209177,1536,1
5241,1296688,392825,1536,1
5242,546036,165401,1536,1
5243,2233488,678104,1536,1
5244,9640240,2926662,1536,1
5245,2749446,833692,1536,1
5246,2981270,903888,1536,1
5247,737832,223495,1536,1
5248,1101954,333907,1536,1
5249,5256640,1593012,1536,1
5250,906970,275422,1536,1
5251,763482,231461,1536,1
5252,1836096,558273,1536,1
5253,1919716,581431,1536,1
5254,2406464,729413,1536,1
5255,1261742,382164,1536,1
5256,1820686,552603,1536,1
5257,783646,237376,1536,1
5258,5472035,1658159,1536,1
5259,2739002,829488,1536,1
5260,3503086,1061250,1536,1
5261,571778,173202,1536,1
5262,1555256,471024,1536,1
5263,2492508,755117,1536,1
5264,809376,245147,1536,1
5265,1221272,369891,1536,1
5266,1094108,331484,1536,1
5267,570860,172935,1536,1
5268,2054324,623799,1536,1
5269,1302942,394666,1536,1
5270,3802116,1151756,1536,1
5271,5221279,1582499,1536,1
5272,2382322,726388,1536,1
5273,7679194,2327120,1536,1
5274,6720453,2036728,1536,1
5275,3426660,1038106,1536,1
5276,1307656,396052,1536,1
5277,6509278,1973096,1536,1
5278,896458,271568,1536,1
5279,1219786,371097,1536,1
5280,984362,298345,1536,1
5281,2033086,621207,1536,1
5282,30778753,9323952,1536,1
5283,2687124,815823,1536,1
5284,1323040,400713,1536,1
5285,5390514,1648955,1536,1
5286,3298208,999923,1536,1
5287,1137686,344993,1536,1
5288,1251544,379513,1536,1
5289,3725204,1129496,1536,1
5290,1925238,583545,1536,1
5291,4860960,1473170,1536,1
5292,2275416,689535,1536,1
5293,13186218,3994664,1536,1
5294,6890789,2088542,1536,1
5295,1816708,550350,1536,1
5296,1563286,473538,1536,1
5297,1191996,361109,1536,1
5298,834272,252713,1536,1
5299,1521252,460723,1536,1
5300,1077170,326286,1536,1
5301,779352,236739,1536,1
5302,877320,267004,1536,1
5303,3686626,1118151,1536,1
5304,1504048,455606,1536,1
5305,1883060,570513,1536,1
5306,1137470,344916,1536,1
5307,1118206,338698,1536,1
5308,3338102,1012761,1536,1
5309,4154224,1258497,1536,1
5310,3032434,919157,1536,1
5311,3132048,948863,1536,1
5312,5529030,1676610,1536,1
5313,826086,250275,1536,1
5314,862762,261519,1536,1
5315,3902638,1183843,1536,1
5316,5668032,1717609,1536,1
5317,885200,268130,1536,1
5318,2833184,858308,1536,1
5319,6988365,2116837,1536,1
5320,1093870,331310,1536,1
5321,2388406,723729,1536,1
5322,1681081,509437,1536,1
5323,2483888,752660,1536,1
5324,1107566,335465,1536,1
5325,2135416,646741,1536,1
5326,2691360,815493,1536,1
5327,1680426,509462,1536,1
5328,1786360,541616,1536,1
5329,1669120,505802,1536,1
5330,1572056,476250,1536,1
5331,2573632,779826,1536,1
5332,4125454,1249726,1536,1
5333,941354,285150,1536,1
5334,4229008,1280985,1536,1
5335,7198659,2180501,1536,1
5336,1525996,462177,1536,1
5337,2913533,882858,1536,1
5338,1531672,463847,1536,1
5339,4116690,1247439,1536,1
5340,1703878,516271,1536,1
5341,1586352,480448,1536,1
5342,858882,260189,1536,1
5343,2900196,878736,1536,1
5344,1444442,437519,1536,1
5345,852702,258289,1536,1
5346,787058,238414,1536,1
5347,2244576,680157,1536,1
5348,1894702,574478,1536,1
5349,1500748,454564,1536,1
5350,2299528,696749,1536,1
5351,1304504,395332,1536,1
5352,1476514,447197,1536,1
5353,1039000,314699,1536,1
5354,590552,178883,1536,1
5355,4001534,1212156,1536,1
5356,1096402,332036,1536,1
5357,828852,251041,1536,1
5358,781334,236653,1536,1
5359,778942,235931,1536,1
5360,565922,171412,1536,1
5361,3556076,1077176,1536,1
5362,2344910,710320,1536,1
5363,1634712,495262,1536,1
5364,847272,256771,1536,1
5365,4174358,1264726,1536,1
5366,856782,259526,1536,1
5367,825642,250070,1536,1
5368,1676198,508142,1536,1
5369,1403140,425826,1536,1
5370,1834450,555893,1536,1
5371,1697888,515102,1536,1
5372,1224968,371207,1536,1
5373,1707844,517218,1536,1
5374,1219864,369859,1536,1
5375,1573556,476896,1536,1
5376,833096,252392,1536,1
5377,886408,268488,1536,1
5378,1235268,374134,1536,1
5379,3587310,1088122,1536,1
5380,2539768,770030,1536,1
5381,3120942,950611,1536,1
5382,2606660,789539,1536,1
5383,994558,301337,1536,1
5384,1052970,318930,1536,1
5385,883264,267502,1536,1
5386,3457130,1047484,1536,1
5387,2615444,792129,1536,1
5388,1131774,342816,1536,1
5389,1306474,396277,1536,1
5390,3385596,1026139,1536,1
5391,865216,262083,1536,1
5392,806616,244359,1536,1
5393,896348,271520,1536,1
5394,861182,260876,1536,1
5395,823578,249567,1536,1
5396,3669184,1111931,1536,1
5397,3071762,932399,1536,1
5398,6856628,2077716,1536,1
5399,3131421,948800,1536,1
5400,4099946,1242082,1536,1
5401,1940126,587869,1536,1
5402,4624020,1400826,1536,1
5403,1750086,530114,1536,1
5404,5712910,1730550,1536,1
5405,885566,268819,1536,1
5406,2872958,870137,1536,1
5407,2449052,741941,1536,1
5408,862338,261186,1536,1
5409,1829870,554186,1536,1
5410,626688,189814,1536,1
5411,2848344,862847,1536,1
5412,1652498,501550,1536,1
5413,1410564,427247,1536,1
5414,3894774,1179760,1536,1
5415,1676912,508364,1536,1
5416,1001088,303547,1536,1
5417,1429584,432976,1536,1
5418,2668630,808170,1536,1
5419,2811944,851549,1536,1
5420,2471345,749381,1536,1
5421,852836,258317,1536,1
5422,641740,194440,1536,1
5423,802638,243107,1536,1
5424,985324,298587,1536,1
5425,857640,259763,1536,1
5426,806524,244283,1536,1
5427,1292284,391549,1536,1
5428,1077628,326819,1536,1
5429,806766,244363,1536,1
5430,832940,252292,1536,1
5431,613328,185804,1536,1
5432,2053290,624011,1536,1
5433,693770,210179,1536,1
5434,764352,231681,1536,1
5435,1007506,305163,1536,1
5436,905544,274284,1536,1
5437,3379820,1025059,1536,1
5438,1264072,382941,1536,1
5439,1084581,329123,1536,1
5440,984728,298458,1536,1
5441,3614236,1095021,1536,1
5442,2731983,835317,1536,1
5443,1908692,578438,1536,1
5444,1012529,307106,1536,1
5445,4027716,1220048,1536,1
5446,3323434,1006447,1536,1
5447,1002170,303503,1536,1
5448,555738,168342,1536,1
5449,2638658,799172,1536,1
5450,1298298,393356,1536,1
5451,1305930,397765,1536,1
5452,1456108,444426,1536,1
5453,961350,291158,1536,1
5454,1848936,560179,1536,1
5455,551440,167065,1536,1
5456,538710,163195,1536,1
5457,2090784,633180,1536,1
5458,509146,154230,1536,1
5459,1268512,384266,1536,1
5460,505892,153217,1536,1
5461,967964,293179,1536,1
5462,533950,161760,1536,1
5463,910706,275825,1536,1
5464,649484,196744,1536,1
5465,518832,157161,1536,1
5466,2055382,622543,1536,1
5467,510806,154728,1536,1
5468,747724,226535,1536,1
5469,1206100,365410,1536,1
5470,1213328,367446,1536,1
5471,751878,227747,1536,1
5472,912838,276582,1536,1
5473,2827082,856144,1536,1
5474,2194475,665275,1536,1
5475,759542,230074,1536,1
5476,1167220,353496,1536,1
5477,1217522,368727,1536,1
5478,1244550,376933,1536,1
5479,541574,164316,1536,1
5480,900960,272847,1536,1
5481,2402700,727630,1536,1
5482,696762,211057,1536,1
5483,493804,149574,1536,1
5484,491080,148752,1536,1
5485,481328,145799,1536,1
5486,1374540,416291,1536,1
5487,1289394,390490,1536,1
5488,662662,200702,1536,1
5489,1136668,344231,1536,1
5490,722910,218946,1536,1
5491,2168444,656698,1536,1
5492,1395346,422593,1536,1
5493,1847532,559500,1536,1
5494,1499410,454064,1536,1
5495,507482,153701,1536,1
5496,888224,269019,1536,1
5497,1495576,452929,1536,1
5498,906780,274633,1536,1
5499,491318,148826,1536,1
5500,1491990,451858,1536,1
5501,721544,218517,1536,1
5502,1688462,511310,1536,1
5503,1557848,471853,1536,1
5504,480840,145640,1536,1
5505,512590,155283,1536,1
5506,3797780,1150165,1536,1
5507,827148,250507,1536,1
5508,488580,147974,1536,1
5509,461582,139915,1536,1
5510,1208666,366060,1536,1
5511,628856,190471,1536,1
5512,672076,203561,1536,1
5513,592924,179812,1536,1
5514,1660228,502799,1536,1
5515,1277560,386958,1536,1
5516,940934,285028,1536,1
5517,594992,180359,1536,1
5518,657896,199282,1536,1
5519,460266,139411,1536,1
5520,482464,146223,1536,1
5521,846476,256359,1536,1
5522,469174,142138,1536,1
5523,825248,249970,1536,1
5524,897240,271743,1536,1
5525,1712046,518465,1536,1
5526,597074,180867,1536,1
5527,3675840,1114344,1536,1
5528,1893598,573536,1536,1
5529,1081638,327569,1536,1
5530,1177020,356438,1536,1
5531,1497710,453591,1536,1
5532,467336,141560,1536,1
5533,1463776,443278,1536,1
5534,1879016,569058,1536,1
5535,1160820,351562,1536,1
5536,1130184,342374,1536,1
5537,470048,142386,1536,1
5538,926506,280622,1536,1
5539,690950,209286,1536,1
5540,1148146,347878,1536,1
5541,1643618,497979,1536,1
5542,1214684,368035,1536,1
5543,834666,252857,1536,1
5544,654936,198373,1536,1
5545,845020,255941,1536,1
5546,501226,151842,1536,1
5547,1593970,482885,1536,1
5548,692120,209711,1536,1
5549,677956,205341,1536,1
5550,1773844,537792,1536,1
5551,916224,277512,1536,1
5552,3468694,1050683,1536,1
5553,1131566,342680,1536,1
5554,1456720,441178,1536,1
5555,2198834,665970,1536,1
5556,1741740,527564,1536,1
5557,2074450,628237,1536,1
5558,771050,233547,1536,1
5559,1408718,426908,1536,1
5560,3771944,1142893,1536,1
5561,1180716,357604,1536,1
5562,496232,150304,1536,1
5563,892644,270352,1536,1
5564,960004,290770,1536,1
5565,2361988,715304,1536,1
5566,789644,239170,1536,1
5567,908696,275216,1536,1
5568,890970,269849,1536,1
5569,1339384,405649,1536,1
5570,1368682,414528,1536,1
5571,3828614,1159696,1536,1
5572,1174928,355885,1536,1
5573,2476388,750055,1536,1
5574,752022,227810,1536,1
5575,1208044,365873,1536,1
5576,1322442,400501,1536,1
5577,1639296,496462,1536,1
5578,494978,149922,1536,1
5579,1094740,331537,1536,1
5580,1135204,343879,1536,1
5581,724218,219352,1536,1
5582,2351396,712426,1536,1
5583,727640,220391,1536,1
5584,1434230,434381,1536,1
5585,1060452,321264,1536,1
5586,2164070,655374,1536,1
5587,1143482,346297,1536,1
5588,816006,247213,1536,1
5589,496276,150329,1536,1
5590,498216,150915,1536,1
5591,2628528,797043,1536,1
5592,1174744,355804,1536,1
5593,908212,275056,1536,1
5594,1439720,436020,1536,1
5595,517928,156883,1536,1
5596,748958,226860,1536,1
5597,818856,247991,1536,1
5598,1267962,384060,1536,1
5599,1630782,493893,1536,1
5600,866178,262355,1536,1
5601,2303522,700041,1536,1
5602,1497278,453462,1536,1
5603,1037772,314315,1536,1
5604,1961208,594146,1536,1
5605,5475430,1659612,1536,1
5606,3068054,930249,1536,1
5607,757292,229685,1536,1
5608,1056572,320031,1536,1
5609,10464808,3171110,1536,1
5610,1208338,366011,1536,1
5611,1510165,457711,1536,1
5612,2523620,764463,1536,1
5613,2921712,884871,1536,1
5614,4124668,1251252,1536,1
5615,3794810,1149642,1536,1
5616,3544298,1074071,1536,1
5617,2699636,817804,1536,1
5618,943066,287131,1536,1
5619,2069404,626736,1536,1
5620,2492078,754707,1536,1
5621,645026,195387,1536,1
5622,1275058,386166,1536,1
5623,1684072,510045,1536,1
5624,1040348,315145,1536,1
5625,1409762,427116,1536,1
5626,1174202,355649,1536,1
5627,1121996,339840,1536,1
5628,2221341,673309,1536,1
5629,1975108,598168,1536,1
5630,1531462,463844,1536,1
5631,10778268,3265708,1536,1
5632,3195460,968000,1536,1
5633,1251584,379135,1536,1
5634,608336,184275,1536,1
5635,1556416,471360,1536,1
5636,603478,182773,1536,1
5637,667548,202429,1536,1
5638,4295358,1300917,1536,1
5639,840952,254729,1536,1
5640,584166,176955,1536,1
5641,1073570,325150,1536,1
5642,1240960,375834,1536,1
5643,1084156,328385,1536,1
5644,581288,176080,1536,1
5645,2577884,780666,1536,1
5646,1172458,355097,1536,1
5647,548830,166237,1536,1
5648,1186638,359398,1536,1
5649,553438,167649,1536,1
5650,579212,175446,1536,1
5651,759812,230132,1536,1
5652,2409166,729599,1536,1
5653,736268,223005,1536,1
5654,1232780,373352,1536,1
5655,1910406,578545,1536,1
5656,841198,254795,1536,1
5657,856610,259445,1536,1
5658,795126,240823,1536,1
5659,1998996,605390,1536,1
5660,1045276,316589,1536,1
5661,1620724,491157,1536,1
5662,1463778,443297,1536,1
5663,3981716,1205852,1536,1
5664,3383830,1025225,1536,1
5665,812280,246049,1536,1
5666,3446270,1046504,1536,1
5667,2115028,641476,1536,1
5668,1662998,503730,1536,1
5669,3302756,1000187,1536,1
5670,2419800,732786,1536,1
5671,1288464,390242,1536,1
5672,1819678,551090,1536,1
5673,926960,280730,1536,1
5674,3367578,1020975,1536,1
5675,2952687,895205,1536,1
5676,1431046,433944,1536,1
5677,5101890,1546542,1536,1
5678,2218996,672787,1536,1
5679,3005214,910690,1536,1
5680,4119906,1248925,1536,1
5681,1457212,441461,1536,1
5682,2789380,845371,1536,1
5683,2357548,715203,1536,1
5684,1242514,376415,1536,1
5685,1969076,596378,1536,1
5686,1258036,381030,1536,1
5687,837560,253678,1536,1
5688,1127230,341500,1536,1
5689,3263884,990361,1536,1
5690,2887058,875580,1536,1
5691,2390508,724634,1536,1
5692,1118322,338697,1536,1
5693,610096,184799,1536,1
5694,589356,178525,1536,1
5695,583016,176707,1536,1
5696,756400,229141,1536,1
5697,642402,194608,1536,1
5698,8510089,2578352,1536,1
5699,1755276,532595,1536,1
5700,1894307,574183,1536,1
5701,10783469,3266329,1536,1
5702,3098420,939121,1536,1
5703,2007892,608816,1536,1
5704,1287496,389962,1536,1
5705,4970556,1505454,1536,1
5706,2015594,610496,1536,1
5707,2006912,607795,1536,1
5708,3422348,1037369,1536,1
5709,929654,281593,1536,1
5710,1071570,324514,1536,1
5711,3134784,949325,1536,1
5712,641218,194243,1536,1
5713,2248474,687203,1536,1
5714,592886,179587,1536,1
5715,1093896,331305,1536,1
5716,2703766,819128,1536,1
5717,3650491,1106563,1536,1
5718,1426148,431935,1536,1
5719,593730,179845,1536,1
5720,2863718,867338,1536,1
5721,2490246,754568,1536,1
5722,2549570,773123,1536,1
5723,1739186,527192,1536,1
5724,2905342,880109,1536,1
5725,724178,219362,1536,1
5726,3251200,985525,1536,1
5727,1027150,311111,1536,1
5728,1398100,424459,1536,1
5729,872644,264899,1536,1
5730,846898,256529,1536,1
5731,3089710,936879,1536,1
5732,2094806,634416,1536,1
5733,3611046,1093603,1536,1
5734,4947810,1498849,1536,1
5735,3328118,1008783,1536,1
5736,2143662,649518,1536,1
5737,914680,277098,1536,1
5738,1007306,305596,1536,1
5739,4565698,1384512,1536,1
5740,6753766,2045581,1536,1
5741,1196588,362419,1536,1
5742,860998,260781,1536,1
5743,1631062,493981,1536,1
5744,1767856,535405,1536,1
5745,1216726,368595,1536,1
5746,1133396,343282,1536,1
5747,4762920,1443943,1536,1
5748,1253772,379793,1536,1
5749,4018064,1217800,1536,1
5750,589402,178548,1536,1
5751,2762538,836612,1536,1
5752,2531876,766759,1536,1
5753,586606,177690,1536,1
5754,581714,176284,1536,1
5755,947344,286947,1536,1
5756,3952396,1198698,1536,1
5757,606106,183599,1536,1
5758,4332122,1313059,1536,1
5759,2649520,803298,1536,1
5760,1808354,547683,1536,1
5761,3744674,1134615,1536,1
5762,4069268,1232356,1536,1
5763,3863480,1170310,1536,1
5764,611908,185360,1536,1
5765,601484,182195,1536,1
5766,880016,266511,1536,1
5767,2136002,647505,1536,1
5768,985360,298715,1536,1
5769,987472,299111,1536,1
5770,4534464,1374335,1536,1
5771,1499008,454027,1536,1
5772,937452,283956,1536,1
5773,1463858,443360,1536,1
5774,928376,281171,1536,1
5775,1677808,508866,1536,1
5776,3390966,1028590,1536,1
5777,1886548,572455,1536,1
5778,737826,223511,1536,1
5779,2812162,851659,1536,1
5780,4176514,1264772,1536,1
5781,2162274,654842,1536,1
5782,1390856,421245,1536,1
5783,849988,257465,1536,1
5784,585888,177470,1536,1
5785,1192800,361495,1536,1
5786,2698133,817616,1536,1
5787,979572,296795,1536,1
5788,935788,283457,1536,1
5789,2479096,751362,1536,1
5790,1297884,393524,1536,1
5791,4794404,1452564,1536,1
5792,2095980,635535,1536,1
5793,1425850,431894,1536,1
5794,4333068,1316014,1536,1
5795,882644,267348,1536,1
5796,1370966,417058,1536,1
5797,1843962,558951,1536,1
5798,1596158,484263,1536,1
5799,5242698,1591270,1536,1
5800,1218182,368955,1536,1
5801,598512,181315,1536,1
5802,2760266,836891,1536,1
5803,2125512,644216,1536,1
5804,1646512,498653,1536,1
5805,981482,297276,1536,1
5806,988098,299261,1536,1
5807,1634494,494980,1536,1
5808,504680,152861,1536,1
5809,2474504,749375,1536,1
5810,687155,208508,1536,1
5811,1417006,429143,1536,1
5812,635196,192413,1536,1
5813,510702,154698,1536,1
5814,1250634,378774,1536,1
5815,1952420,591456,1536,1
5816,504830,152921,1536,1
5817,746564,226125,1536,1
5818,1599644,484458,1536,1
5819,822326,249428,1536,1
5820,2595456,787479,1536,1
5821,2147534,650463,1536,1
5822,2139812,649669,1536,1
5823,952768,288560,1536,1
5824,1560392,472574,1536,1
5825,782908,237146,1536,1
5826,868476,263111,1536,1
5827,1858632,562924,1536,1
5828,805214,243901,1536,1
5829,1266758,383657,1536,1
5830,1466080,443995,1536,1
5831,934066,282956,1536,1
5832,493566,149504,1536,1
5833,559490,169499,1536,1
5834,1445678,437925,1536,1
5835,1265500,383763,1536,1
5836,1693228,512773,1536,1
5837,494848,149884,1536,1
5838,2797990,847332,1536,1
5839,2343318,709748,1536,1
5840,579016,175470,1536,1
5841,497068,150545,1536,1
5842,724078,219326,1536,1
5843,696890,211171,1536,1
5844,3343022,1012528,1536,1
5845,1877856,568862,1536,1
5846,1341024,407083,1536,1
5847,3892790,1179646,1536,1
5848,2759010,837002,1536,1
5849,4431564,1342624,1536,1
5850,976688,295902,1536,1
5851,544746,165010,1536,1
5852,1514220,459147,1536,1
5853,3350090,1015102,1536,1
5854,1672732,506930,1536,1
5855,1024304,310224,1536,1
5856,577236,174873,1536,1
5857,2447792,741289,1536,1
5858,548942,166277,1536,1
5859,1052002,318633,1536,1
5860,3560746,1078670,1536,1
5861,1572940,476453,1536,1
5862,1620130,490652,1536,1
5863,817972,247773,1536,1
5864,4098940,1242163,1536,1
5865,3020480,914720,1536,1
5866,1275586,386674,1536,1
5867,758866,229933,1536,1
5868,2307061,699645,1536,1
5869,3370958,1020792,1536,1
5870,593124,179675,1536,1
5871,1820798,551405,1536,1
5872,1342780,406823,1536,1
5873,873468,264674,1536,1
5874,771192,233575,1536,1
5875,1209500,367084,1536,1
5876,3400650,1029909,1536,1
5877,626176,189700,1536,1
5878,1202908,364323,1536,1
5879,778350,235731,1536,1
5880,879868,266509,1536,1
5881,1024162,310262,1536,1
5882,2752174,834068,1536,1
5883,827134,250546,1536,1
5884,1099912,333392,1536,1
5885,4263086,1291490,1536,1
5886,2226902,675240,1536,1
5887,1548746,469753,1536,1
5888,4142328,1254730,1536,1
5889,765522,231878,1536,1
5890,723162,219036,1536,1
5891,925550,280318,1536,1
5892,922006,279243,1536,1
5893,722896,218949,1536,1
5894,1113482,337410,1536,1
5895,3094004,937061,1536,1
5896,5034528,1526151,1536,1
5897,1470184,445240,1536,1
5898,532200,161210,1536,1
5899,1375076,416426,1536,1
5900,1214836,367920,1536,1
5901,529092,160355,1536,1
5902,1687818,511158,1536,1
5903,1900810,575660,1536,1
5904,2037105,618023,1536,1
5905,987396,299061,1536,1
5906,677296,205169,1536,1
5907,1311026,397432,1536,1
5908,1042616,315788,1536,1
5909,512876,155355,1536,1
5910,1677304,519877,1536,1
5911,946342,286642,1536,1
5912,2782632,843407,1536,1
5913,1737418,526471,1536,1
5914,1408800,426832,1536,1
5915,2945004,891900,1536,1
5916,1066038,322880,1536,1
5917,1161524,351887,1536,1
5918,1812160,548867,1536,1
5919,797668,241730,1536,1
5920,2458666,744583,1536,1
5921,1645522,500044,1536,1
5922,1880380,569811,1536,1
5923,1488534,450824,1536,1
5924,1140552,345512,1536,1
5925,21405666,6483399,1536,1
5926,818144,247847,1536,1
5927,1112792,337201,1536,1
5928,1605850,486907,1536,1
5929,1428846,432796,1536,1
5930,2739398,829578,1536,1
5931,793434,240321,1536,1
5932,2647582,801957,1536,1
5933,3676020,1114854,1536,1
5934,909324,275432,1536,1
5935,1168582,353935,1536,1
5936,572544,173431,1536,1
5937,570528,172814,1536,1
5938,785322,237857,1536,1
5939,1105468,334777,1536,1
5940,2486782,753098,1536,1
5941,1590402,481727,1536,1
5942,1018680,308766,1536,1
5943,954233,290721,1536,1
5944,1958824,593214,1536,1
5945,1251436,379021,1536,1
5946,1752534,530762,1536,1
5947,2466640,748112,1536,1
5948,834136,252663,1536,1
5949,2361580,715608,1536,1
5950,837250,253617,1536,1
5951,888144,269016,1536,1
5952,1679038,508531,1536,1
5953,9550056,2894318,1536,1
5954,834268,252688,1536,1
5955,826034,250305,1536,1
5956,2036152,616814,1536,1
5957,710770,215307,1536,1
5958,689122,208744,1536,1
5959,2290966,693897,1536,1
5960,1046290,316977,1536,1
5961,4463564,1351693,1536,1
5962,1514774,458762,1536,1
5963,1492852,452103,1536,1
5964,531736,161074,1536,1
5965,520860,157775,1536,1
5966,1165376,352960,1536,1
5967,1034218,313249,1536,1
5968,1538514,465962,1536,1
5969,1576226,477420,1536,1
5970,521818,158071,1536,1
5971,798478,241860,1536,1
5972,1679188,508548,1536,1
5973,1012370,306610,1536,1
5974,1018234,308404,1536,1
5975,521862,158055,1536,1
5976,1540524,466558,1536,1
5977,1437078,435213,1536,1
5978,2637824,798981,1536,1
5979,1216204,368351,1536,1
5980,547208,165769,1536,1
5981,4915119,1490373,1536,1
5982,1214412,367818,1536,1
5983,847866,257150,1536,1
5984,2301748,697121,1536,1
5985,2625092,795061,1536,1
5986,697202,211192,1536,1
5987,1613020,488642,1536,1
5988,2300590,696790,1536,1
5989,729608,221253,1536,1
5990,2664740,807088,1536,1
5991,1558172,471910,1536,1
5992,1017756,308464,1536,1
5993,863934,261688,1536,1
5994,4941282,1497875,1536,1
5995,557288,168805,1536,1
5996,3338642,1011855,1536,1
5997,10130124,3068893,1536,1
5998,2089776,633380,1536,1
5999,1728862,525319,1536,1
6000,864881,262600,1536,1
6001,592990,179622,1536,1
6002,1957960,593220,1536,1
6003,1307842,397113,1536,1
6004,2488332,754431,1536,1
6005,675482,204626,1536,1
6006,5054344,1533290,1536,1
6007,1587900,481135,1536,1
6008,1767096,535248,1536,1
6009,856430,259421,1536,1
6010,1502702,455430,1536,1
6011,4341453,1316346,1536,1
6012,2338128,708089,1536,1
6013,1856390,562264,1536,1
6014,583248,176674,1536,1
6015,809226,245182,1536,1
6016,2071782,627525,1536,1
6017,2825586,857096,1536,1
6018,1178560,356959,1536,1
6019,3863826,1170463,1536,1
6020,2063560,624987,1536,1
6021,927938,281090,1536,1
6022,2122158,642882,1536,1
6023,1535026,465489,1536,1
6024,1440898,436481,1536,1
6025,3037944,922333,1536,1
6026,3082959,936753,1536,1
6027,4205440,1273940,1536,1
6028,1121446,339666,1536,1
6029,853812,258574,1536,1
6030,1512432,458061,1536,1
6031,1115564,337858,1536,1
6032,1682793,510415,1536,1
6033,877302,265742,1536,1
6034,2805756,849692,1536,1
6035,1320894,400154,1536,1
6036,2242850,679346,1536,1
6037,829238,251263,1536,1
6038,976910,296316,1536,1
6039,572332,173338,1536,1
6040,850602,257853,1536,1
6041,1861848,563865,1536,1
6042,763550,231247,1536,1
6043,797634,241615,1536,1
6044,1178736,357563,1536,1
6045,2267720,686808,1536,1
6046,912354,276459,1536,1
6047,735138,222758,1536,1
6048,2741944,831397,1536,1
6049,974925,295783,1536,1
6050,3036678,919949,1536,1
6051,1537110,465730,1536,1
6052,2630524,797006,1536,1
6053,1250166,378762,1536,1
6054,4578625,1387277,1536,1
6055,4007696,1214690,1536,1
6056,1119266,339021,1536,1
6057,5313690,1609489,1536,1
6058,3864630,1170352,1536,1
6059,2707288,821441,1536,1
6060,3793868,1150003,1536,1
6061,2076120,628755,1536,1
6062,2103600,637057,1536,1
6063,1640866,496933,1536,1
6064,705088,213592,1536,1
6065,1024948,310462,1536,1
6066,829032,251104,1536,1
6067,1107482,335416,1536,1
6068,600684,181955,1536,1
6069,2332478,706382,1536,1
6070,1108736,335800,1536,1
6071,632238,191531,1536,1
6072,1036118,313834,1536,1
6073,1757056,532138,1536,1
6074,1243196,376615,1536,1
6075,1238838,375409,1536,1
6076,1746758,529311,1536,1
6077,1034124,313226,1536,1
6078,1920188,581558,1536,1
6079,937482,284076,1536,1
6080,891990,270191,1536,1
6081,1631282,494339,1536,1
6082,4376184,1327511,1536,1
6083,809368,245158,1536,1
6084,4535472,1374000,1536,1
6085,5866340,1777335,1536,1
6086,7822965,2374407,1536,1
6087,2977374,901715,1536,1
6088,652546,197674,1536,1
6089,1892246,573359,1536,1
6090,2482589,752440,1536,1
6091,1051480,318570,1536,1
6092,2860392,867464,1536,1
6093,2207512,669322,1536,1
6094,1253546,379660,1536,1
6095,3183896,965302,1536,1
6096,4517330,1370028,1536,1
6097,2387470,724060,1536,1
6098,574304,173961,1536,1
6099,569960,172643,1536,1
6100,714538,216493,1536,1
6101,1106284,335072,1536,1
6102,1644304,498476,1536,1
6103,1601294,485003,1536,1
6104,1254098,379815,1536,1
6105,1024096,310189,1536,1
6106,5345814,1619135,1536,1
6107,779134,235962,1536,1
6108,876717,265823,1536,1
6109,2305256,698489,1536,1
6110,1993497,604129,1536,1
6111,1184574,358780,1536,1
6112,1392532,421711,1536,1
6113,3067736,930717,1536,1
6114,909562,276287,1536,1
6115,722470,218840,1536,1
6116,1152144,348962,1536,1
6117,1097246,332611,1536,1
6118,754546,228530,1536,1
6119,4244022,1287040,1536,1
6120,973040,294724,1536,1
6121,5041784,1526781,1536,1
6122,979664,296725,1536,1
6123,1996996,605188,1536,1
6124,589668,178644,1536,1
6125,2795182,846488,1536,1
6126,529648,160448,1536,1
6127,1060046,321488,1536,1
6128,2162650,654963,1536,1
6129,898832,272258,1536,1
6130,1662884,503617,1536,1
6131,718042,217481,1536,1
6132,681476,206418,1536,1
6133,847848,256816,1536,1
6134,4554951,1380450,1536,1
6135,796714,241326,1536,1
6136,541844,164129,1536,1
6137,2117689,642248,1536,1
6138,1694870,513297,1536,1
6139,2323956,703791,1536,1
6140,4937046,1496368,1536,1
6141,4735662,1435446,1536,1
6142,511714,155002,1536,1
6143,2549962,772208,1536,1
6144,3204858,971728,1536,1
6145,1772826,536904,1536,1
6146,511440,154922,1536,1
6147,1453314,440656,1536,1
6148,731800,221758,1536,1
6149,4165260,1261354,1536,1
6150,2567456,777497,1536,1
6151,2197608,665526,1536,1
6152,910114,275645,1536,1
6153,612856,185654,1536,1
6154,6049126,1832891,1536,1
6155,1150034,348818,1536,1
6156,1897700,575084,1536,1
6157,2407864,729325,1536,1
6158,4407952,1334867,1536,1
6159,1848294,560247,1536,1
6160,832330,252120,1536,1
6161,3496132,1059269,1536,1
6162,3796882,1150541,1536,1
6163,1110712,336415,1536,1
6164,1067146,323394,1536,1
6165,637010,192981,1536,1
6166,4479380,1356781,1536,1
6167,758376,229741,1536,1
6168,2877810,872338,1536,1
6169,1955474,592218,1536,1
6170,2843626,861188,1536,1
6171,1408802,426711,1536,1
6172,1213626,367601,1536,1
6173,4325964,1310950,1536,1
6174,12076994,3659217,1536,1
6175,1614460,489254,1536,1
6176,2086669,633202,1536,1
6177,911786,276175,1536,1
6178,648548,196445,1536,1
6179,1264194,383382,1536,1
6180,752114,227824,1536,1
6181,2402344,727580,1536,1
6182,631076,191173,1536,1
6183,1650324,499811,1536,1
6184,1114938,338107,1536,1
6185,935052,283225,1536,1
6186,2081808,630578,1536,1
6187,997958,302663,1536,1
6188,578648,175266,1536,1
6189,1223994,370765,1536,1
6190,1379040,417669,1536,1
6191,4181419,1267141,1536,1
6192,5305466,1609467,1536,1
6193,1387778,420548,1536,1
6194,920330,278759,1536,1
6195,795785,241431,1536,1
6196,4754692,1440238,1536,1
6197,1339348,405715,1536,1
6198,2784728,843811,1536,1
6199,1689148,511665,1536,1
6200,838318,255061,1536,1
6201,1587900,481895,1536,1
6202,4275624,1294776,1536,1
6203,1776866,538125,1536,1
6204,3464480,1050480,1536,1
6205,16028667,4855255,1536,1
6206,1825206,553823,1536,1
6207,1568760,475584,1536,1
6208,1813436,549213,1536,1
6209,4300172,1302895,1536,1
6210,2726298,825640,1536,1
6211,1055460,319688,1536,1
6212,1124064,340888,1536,1
6213,5191742,1573607,1536,1
6214,2672956,811244,1536,1
6215,1373508,416104,1536,1
6216,2259484,684274,1536,1
6217,7787462,2359627,1536,1
6218,1722618,521901,1536,1
6219,1787004,541573,1536,1
6220,3083551,934263,1536,1
6221,1854910,562154,1536,1
6222,3342089,1012774,1536,1
6223,5648842,1712415,1536,1
6224,5489142,1662936,1536,1
6225,615644,186500,1536,1
6226,723554,219160,1536,1
6227,1163554,352435,1536,1
6228,2471278,749456,1536,1
6229,968656,293397,1536,1
6230,982788,297686,1536,1
6231,910100,276314,1536,1
6232,3157924,956929,1536,1
6233,2495246,756681,1536,1
6234,3190112,966834,1536,1
6235,1563342,474255,1536,1
6236,3518080,1068896,1536,1
6237,949694,287651,1536,1
6238,1609704,488164,1536,1
6239,4182584,1267649,1536,1
6240,2515464,762242,1536,1
6241,2504154,758390,1536,1
6242,1239890,376001,1536,1
6243,825916,250171,1536,1
6244,5574696,1690407,1536,1
6245,1352654,409686,1536,1
6246,1263134,382574,1536,1
6247,3308126,1005976,1536,1
6248,2419774,732837,1536,1
6249,2913483,898222,1536,1
6250,720378,218220,1536,1
6251,3235466,980434,1536,1
6252,1451502,440166,1536,1
6253,975460,295683,1536,1
6254,3180378,963787,1536,1
6255,4416536,1338618,1536,1
6256,1343698,406974,1536,1
6257,1238486,375443,1536,1
6258,7070418,2143507,1536,1
6259,864860,262073,1536,1
6260,876572,265805,1536,1
6261,1037928,314504,1536,1
6262,896048,271907,1536,1
6263,9141714,2769515,1536,1
6264,14520750,4399274,1536,1
6265,3247970,984222,1536,1
6266,1914148,580059,1536,1
6267,1823638,552926,1536,1
6268,791282,239674,1536,1
6269,2415296,731763,1536,1
6270,981658,297995,1536,1
6271,3734682,1131618,1536,1
6272,974120,295071,1536,1
6273,954760,289189,1536,1
6274,1307528,396021,1536,1
6275,2862432,867249,1536,1
6276,4281263,1297720,1536,1
6277,1382830,419027,1536,1
6278,2488754,753778,1536,1
6279,2191848,663974,1536,1
6280,8232240,2494087,1536,1
6281,1371742,415569,1536,1
6282,5598774,1696395,1536,1
6283,927862,281076,1536,1
6284,4279640,1296776,1536,1
6285,2798644,847575,1536,1
6286,1447450,438402,1536,1
6287,2267212,688578,1536,1
6288,6297966,1909311,1536,1
6289,4454380,1349547,1536,1
6290,2581544,782587,1536,1
6291,912462,276366,1536,1
6292,1676782,507987,1536,1
6293,608170,184610,1536,1
6294,1149040,348023,1536,1
6295,1398430,423519,1536,1
6296,604398,183073,1536,1
6297,603986,182947,1536,1
6298,1163006,352403,1536,1
6299,3007656,910913,1536,1
6300,913078,276577,1536,1
6301,3524064,1068558,1536,1
6302,1449766,439107,1536,1
6303,655510,198603,1536,1
6304,576080,174492,1536,1
6305,627172,189972,1536,1
6306,1760812,534046,1536,1
6307,1681674,509286,1536,1
6308,567444,171884,1536,1
6309,1347040,407995,1536,1
6310,1051586,318511,1536,1
6311,739242,224512,1536,1
6312,1730540,524455,1536,1
6313,3398128,1030344,1536,1
6314,841174,254885,1536,1
6315,992194,300502,1536,1
6316,778538,235863,1536,1
6317,991768,300371,1536,1
6318,928278,281169,1536,1
6319,1965970,595583,1536,1
6320,2106084,637798,1536,1
6321,551408,167025,1536,1
6322,1853584,561646,1536,1
6323,2773796,840346,1536,1
6324,788748,238905,1536,1
6325,1528346,463916,1536,1
6326,570830,172908,1536,1
6327,4201995,1272914,1536,1
6328,2227333,674836,1536,1
6329,5019318,1520685,1536,1
6330,558302,169117,1536,1
6331,1573714,476832,1536,1
6332,1216122,368490,1536,1
6333,767392,232618,1536,1
6334,1806976,550188,1536,1
6335,606798,183819,1536,1
6336,1560384,472591,1536,1
6337,784284,237571,1536,1
6338,819836,248336,1536,1
6339,2149682,653676,1536,1
6340,1100752,333513,1536,1
6341,1096478,332138,1536,1
6342,3190502,966921,1536,1
6343,1232210,373228,1536,1
6344,3633232,1104564,1536,1
6345,1968932,596420,1536,1
6346,993848,301022,1536,1
6347,2551632,773160,1536,1
6348,4703956,1424536,1536,1
6349,2762212,839350,1536,1
6350,2620916,793764,1536,1
6351,2146600,650548,1536,1
6352,3659992,1111446,1536,1
6353,1624660,492335,1536,1
6354,2418878,733132,1536,1
6355,1129540,342163,1536,1
6356,783708,237391,1536,1
6357,846480,256633,1536,1
6358,1586878,481344,1536,1
6359,7699780,2351699,1536,1
6360,741520,224625,1536,1
6361,9781443,2972330,1536,1
6362,1736326,525832,1536,1
6363,1161580,352479,1536,1
6364,3418624,1035582,1536,1
6365,2524756,765410,1536,1
6366,1541940,467107,1536,1
6367,854744,259686,1536,1
6368,797378,241523,1536,1
6369,2861402,869358,1536,1
6370,856378,259383,1536,1
6371,1779650,538972,1536,1
6372,3781212,1146473,1536,1
6373,7475509,2265727,1536,1
6374,1152128,349955,1536,1
6375,1584666,480476,1536,1
6376,566882,171735,1536,1
6377,912076,276269,1536,1
6378,696394,210954,1536,1
6379,1356860,410942,1536,1
6380,621202,188167,1536,1
6381,2806730,850943,1536,1
6382,3721798,1129308,1536,1
6383,3523612,1072518,1536,1
6384,1517246,460211,1536,1
6385,4072352,1235286,1536,1
6386,1188552,360016,1536,1
6387,887788,268906,1536,1
6388,4907418,1490785,1536,1
6389,3052379,924910,1536,1
6390,2452931,743214,1536,1
6391,1949628,590446,1536,1
6392,727124,220474,1536,1
6393,7440126,2254594,1536,1
6394,1186500,359339,1536,1
6395,3169092,959709,1536,1
6396,2624940,794889,1536,1
6397,857372,259703,1536,1
6398,2423862,734577,1536,1
6399,556846,168671,1536,1
6400,1619048,490351,1536,1
6401,895638,271281,1536,1
6402,851972,258063,1536,1
6403,1072744,324915,1536,1
6404,1056540,320401,1536,1
6405,1494416,452602,1536,1
6406,1181960,357964,1536,1
6407,2592798,785231,1536,1
6408,818582,247961,1536,1
6409,597436,182131,1536,1
6410,6116515,1854139,1536,1
6411,1818345,551321,1536,1
6412,2164114,656064,1536,1
6413,2409004,729992,1536,1
6414,2124540,644148,1536,1
6415,687046,208124,1536,1
6416,3474484,1053731,1536,1
6417,1212552,367351,1536,1
6418,5575046,1691109,1536,1
6419,1889650,572286,1536,1
6420,1849582,560956,1536,1
6421,2150946,651698,1536,1
6422,1835294,556230,1536,1
6423,728374,220610,1536,1
6424,3738922,1133927,1536,1
6425,2509730,761710,1536,1
6426,1155262,350629,1536,1
6427,6214076,1882301,1536,1
6428,674678,205036,1536,1
6429,3247479,983964,1536,1
6430,7606966,2305356,1536,1
6431,1532104,464012,1536,1
6432,2390438,723905,1536,1
6433,707376,214286,1536,1
6434,1200474,363601,1536,1
6435,1227092,371656,1536,1
6436,923424,279887,1536,1
6437,801602,242822,1536,1
6438,1363056,412827,1536,1
6439,724734,219552,1536,1
6440,3814542,1157055,1536,1
6441,2497888,756620,1536,1
6442,1511880,458145,1536,1
6443,5088417,1545456,1536,1
6444,1804523,546870,1536,1
6445,3444205,1044263,1536,1
6446,5916479,1792177,1536,1
6447,859054,260228,1536,1
6448,1381238,418476,1536,1
6449,2480850,751909,1536,1
6450,992438,300659,1536,1
6451,1241588,376125,1536,1
6452,1116446,338265,1536,1
6453,2352380,713031,1536,1
6454,3694294,1119608,1536,1
6455,2672120,810224,1536,1
6456,1033400,313023,1536,1
6457,1587100,480688,1536,1
6458,13290156,4026363,1536,1
6459,3363307,1019816,1536,1
6460,1499150,454126,1536,1
6461,5013036,1518635,1536,1
6462,1081742,327708,1536,1
6463,2211206,669680,1536,1
6464,1248584,379527,1536,1
6465,890560,270008,1536,1
6466,670966,203262,1536,1
6467,838692,254033,1536,1
6468,882920,267416,1536,1
6469,883414,267564,1536,1
6470,1624642,492118,1536,1
6471,665226,201698,1536,1
6472,816815,247804,1536,1
6473,4136634,1252998,1536,1
6474,1619710,490547,1536,1
6475,1345560,407507,1536,1
6476,1736160,526011,1536,1
6477,3212347,973478,1536,1
6478,1360880,412149,1536,1
6479,1406122,425868,1536,1
6480,2589293,784808,1536,1
6481,1260899,382143,1536,1
6482,1376948,417054,1536,1
6483,5619868,1702304,1536,1
6484,4765108,1443596,1536,1
6485,914406,276985,1536,1
6486,571656,173164,1536,1
6487,808952,245036,1536,1
6488,1739882,527019,1536,1
6489,1792344,543046,1536,1
6490,628080,190397,1536,1
6491,4593436,1392084,1536,1
6492,1021702,309427,1536,1
6493,712352,215745,1536,1
6494,1451556,439622,1536,1
6495,1030504,312128,1536,1
6496,1866300,565440,1536,1
6497,1302498,394533,1536,1
6498,1533086,464287,1536,1
6499,734768,222558,1536,1
6500,2139892,648059,1536,1
6501,895117,271413,1536,1
6502,2676786,811786,1536,1
6503,627594,190121,1536,1
6504,1758510,532573,1536,1
6505,1164653,353246,1536,1
6506,835278,253009,1536,1
6507,1762322,533986,1536,1
6508,1581764,479395,1536,1
6509,2783048,843069,1536,1
6510,2668138,808031,1536,1
6511,1039122,315887,1536,1
6512,755562,228864,1536,1
6513,5205722,1577837,1536,1
6514,846962,256543,1536,1
6515,1955680,593292,1536,1
6516,1201114,363790,1536,1
6517,1347766,408225,1536,1
6518,1248292,378514,1536,1
6519,2107050,638371,1536,1
6520,2975028,900984,1536,1
6521,7595850,2307655,1536,1
6522,1221544,370392,1536,1
6523,3032990,920894,1536,1
6524,1840702,557565,1536,1
6525,1361652,412384,1536,1
6526,1655444,501626,1536,1
6527,1872132,567306,1536,1
6528,972708,294623,1536,1
6529,1891478,572839,1536,1
6530,838302,253905,1536,1
6531,838732,254035,1536,1
6532,1297922,393071,1536,1
6533,888296,269017,1536,1
6534,894440,270878,1536,1
6535,611078,185102,1536,1
6536,1009506,305768,1536,1
6537,1034336,313239,1536,1
6538,1589238,481280,1536,1
6539,589352,178518,1536,1
6540,5579532,1690597,1536,1
6541,3372340,1028592,1536,1
6542,1269188,384410,1536,1
6543,1237166,374705,1536,1
6544,2495648,757114,1536,1
6545,1746914,529812,1536,1
6546,1959469,594748,1536,1
6547,786368,238209,1536,1
6548,1348434,408773,1536,1
6549,1146550,347359,1536,1
6550,1527600,462714,1536,1
6551,6582120,1994026,1536,1
6552,6445782,1952415,1536,1
6553,1212462,367219,1536,1
6554,7611046,2306810,1536,1
6555,1384280,419253,1536,1
6556,879342,266555,1536,1
6557,4039666,1225263,1536,1
6558,3761732,1139169,1536,1
6559,841002,254723,1536,1
6560,1268112,384054,1536,1
6561,550220,166665,1536,1
6562,1743366,527990,1536,1
6563,807180,244468,1536,1
6564,595980,180527,1536,1
6565,793028,240229,1536,1
6566,852100,258365,1536,1
6567,2338138,708162,1536,1
6568,761198,230533,1536,1
6569,1240740,375787,1536,1
6570,6169266,1869859,1536,1
6571,763902,231374,1536,1
6572,1689360,511628,1536,1
6573,956352,289644,1536,1
6574,815394,246954,1536,1
6575,6040133,1841825,1536,1
6576,1032462,319446,1536,1
6577,727366,220420,1536,1
6578,2056304,623287,1536,1
6579,2712010,823122,1536,1
6580,2302128,697630,1536,1
6581,1613270,488802,1536,1
6582,851432,257946,1536,1
6583,3130428,948985,1536,1
6584,2847500,865504,1536,1
6585,1108556,335754,1536,1
6586,2581712,781846,1536,1
6587,2116732,641285,1536,1
6588,1641580,497459,1536,1
6589,857938,260027,1536,1
6590,1525110,462260,1536,1
6591,1606316,486482,1536,1
6592,788826,239029,1536,1
6593,1417902,430137,1536,1
6594,1296462,392773,1536,1
6595,10299851,3120563,1536,1
6596,2474390,749402,1536,1
6597,1297584,393015,1536,1
6598,1935672,587375,1536,1
6599,742104,224846,1536,1
6600,904958,274066,1536,1
6601,2085018,631644,1536,1
6602,3063500,927899,1536,1
6603,2357408,714566,1536,1
6604,2884118,874068,1536,1
6605,1449074,439017,1536,1
6606,2705568,819624,1536,1
6607,1006312,304829,1536,1
6608,1582922,479395,1536,1
6609,1117462,338447,1536,1
6610,4813644,1457739,1536,1
6611,5159164,1563614,1536,1
6612,890956,269852,1536,1
6613,605758,183487,1536,1
6614,605570,183430,1536,1
6615,1651114,500058,1536,1
6616,606982,183835,1536,1
6617,893096,270496,1536,1
6618,1903530,576809,1536,1
6619,1484878,450224,1536,1
6620,977818,296191,1536,1
6621,2081002,630231,1536,1
6622,1188844,360084,1536,1
6623,1421926,430631,1536,1
6624,755074,228703,1536,1
6625,1037926,314383,1536,1
6626,583824,176845,1536,1
6627,3366494,1019482,1536,1
6628,786404,238189,1536,1
6629,2527244,765315,1536,1
6630,519522,157356,1536,1
6631,762830,231046,1536,1
6632,990760,302565,1536,1
6633,1442244,437547,1536,1
6634,1313600,397841,1536,1
6635,1067582,323428,1536,1
6636,507908,153935,1536,1
6637,514486,155841,1536,1
6638,2414410,731161,1536,1
6639,769638,233123,1536,1
6640,705690,213739,1536,1
6641,2502808,758065,1536,1
6642,1271806,385182,1536,1
6643,660644,200099,1536,1
6644,483908,146585,1536,1
6645,932040,282367,1536,1
6646,1465762,443896,1536,1
6647,722782,218931,1536,1
6648,1270490,384860,1536,1
6649,924166,279987,1536,1
6650,1040298,315040,1536,1
6651,648222,196315,1536,1
6652,737160,223367,1536,1
6653,470570,142614,1536,1
6654,469752,142281,1536,1
6655,1536737,465682,1536,1
6656,506858,153541,1536,1
6657,2155550,652788,1536,1
6658,2798452,847474,1536,1
6659,3154182,955923,1536,1
6660,3292468,1000813,1536,1
6661,2914324,883072,1536,1
6662,1578970,478211,1536,1
6663,2451840,742928,1536,1
6664,1039172,314741,1536,1
6665,1005562,305038,1536,1
6666,715714,216793,1536,1
6667,2429158,736054,1536,1
6668,490126,148463,1536,1
6669,1429632,432972,1536,1
6670,2317790,702007,1536,1
6671,763208,231161,1536,1
6672,586898,177787,1536,1
6673,3076004,931497,1536,1
6674,3095026,937283,1536,1
6675,5224912,1584443,1536,1
6676,3725810,1128409,1536,1
6677,1958178,593957,1536,1
6678,734752,223079,1536,1
6679,1822540,555087,1536,1
6680,3718746,1126527,1536,1
6681,936358,283616,1536,1
6682,2600728,790836,1536,1
6683,3114834,944090,1536,1
6684,566614,171628,1536,1
6685,2479316,750834,1536,1
6686,570494,172822,1536,1
6687,538550,163132,1536,1
6688,539348,163375,1536,1
6689,1306646,395849,1536,1
6690,803456,243417,1536,1
6691,2020422,612033,1536,1
6692,3777032,1143796,1536,1
6693,542152,164197,1536,1
6694,1258516,381146,1536,1
6695,1318776,399402,1536,1
6696,1927742,583893,1536,1
6697,1152442,349047,1536,1
6698,1433820,434200,1536,1
6699,537638,162855,1536,1
6700,527428,159761,1536,1
6701,582322,176405,1536,1
6702,769976,234583,1536,1
6703,1407318,426228,1536,1
6704,1663000,503646,1536,1
6705,576804,174715,1536,1
6706,1686822,510990,1536,1
6707,2069438,626718,1536,1
6708,524756,158957,1536,1
6709,522578,158269,1536,1
6710,522554,158263,1536,1
6711,724278,219383,1536,1
6712,914148,276867,1536,1
6713,1034758,313408,1536,1
6714,727216,220262,1536,1
6715,1148576,347854,1536,1
6716,2941050,890655,1536,1
6717,785070,237796,1536,1
6718,2924990,885989,1536,1
6719,766842,232284,1536,1
6720,523690,158697,1536,1
6721,1245162,377081,1536,1
6722,778450,235868,1536,1
6723,4337836,1313906,1536,1
6724,4309776,1305129,1536,1
6725,1574796,476986,1536,1
6726,1766972,536022,1536,1
6727,768232,232661,1536,1
6728,1631986,494405,1536,1
6729,614746,186718,1536,1
6730,1617008,489784,1536,1
6731,3587662,1086482,1536,1
6732,2376218,720094,1536,1
6733,2408304,729748,1536,1
6734,894452,270930,1536,1
6735,1660088,503187,1536,1
6736,1191188,360803,1536,1
6737,1268218,384792,1536,1
6738,1138750,345524,1536,1
6739,2618928,793570,1536,1
6740,2262339,685437,1536,1
6741,1047602,317522,1536,1
6742,2606367,789622,1536,1
6743,9925519,3007131,1536,1
6744,951052,288076,1536,1
6745,2738838,830001,1536,1
6746,1247038,377732,1536,1
6747,742554,224913,1536,1
6748,1434958,434602,1536,1
6749,610678,184966,1536,1
6750,1133988,343461,1536,1
6751,609356,184696,1536,1
6752,589734,178644,1536,1
6753,2856584,866298,1536,1
6754,913048,276565,1536,1
6755,31700811,9601293,1536,1
6756,2426970,734999,1536,1
6757,2907072,881479,1536,1
6758,3066184,930359,1536,1
6759,2315472,702279,1536,1
6760,1470296,446033,1536,1
6761,1040480,315689,1536,1
6762,1436342,435164,1536,1
6763,1081732,327878,1536,1
6764,3901778,1181972,1536,1
6765,2718006,823171,1536,1
6766,3740700,1134187,1536,1
6767,1587568,480815,1536,1
6768,863696,261594,1536,1
6769,855670,259142,1536,1
6770,3718096,1125960,1536,1
6771,1080472,327238,1536,1
6772,852834,258283,1536,1
6773,1557756,471736,1536,1
6774,805372,243939,1536,1
6775,1075908,325843,1536,1
6776,628926,190633,1536,1
6777,1570552,475662,1536,1
6778,871612,264011,1536,1
6779,794230,240624,1536,1
6780,617732,187135,1536,1
6781,569814,172688,1536,1
6782,1619506,490565,1536,1
6783,1324048,401047,1536,1
6784,910346,276010,1536,1
6785,578134,175124,1536,1
6786,599122,181498,1536,1
6787,2981650,902953,1536,1
6788,1166262,353234,1536,1
6789,1941450,587984,1536,1
6790,1456754,441199,1536,1
6791,676472,205013,1536,1
6792,2661779,811094,1536,1
6793,2219905,672963,1536,1
6794,1620626,490826,1536,1
6795,1434202,434520,1536,1
6796,1498732,454083,1536,1
6797,1273404,385672,1536,1
6798,561202,169966,1536,1
6799,4066696,1232837,1536,1
6800,701002,212350,1536,1
6801,1720870,521607,1536,1
6802,1320606,399968,1536,1
6803,749934,227142,1536,1
6804,733540,222175,1536,1
6805,984308,298114,1536,1
6806,979564,296679,1536,1
6807,1914846,579885,1536,1
6808,534410,161877,1536,1
6809,1635808,495393,1536,1
6810,534544,161923,1536,1
6811,534216,161827,1536,1
6812,1232390,373236,1536,1
6813,533696,161661,1536,1
6814,2395722,725519,1536,1
6815,1229932,372496,1536,1
6816,2056970,622950,1536,1
6817,578594,175247,1536,1
6818,1802782,546825,1536,1
6819,757732,229729,1536,1
6820,2218754,672848,1536,1
6821,1732540,524800,1536,1
6822,550798,166828,1536,1
6823,1043092,315926,1536,1
6824,550860,166835,1536,1
6825,2065930,625965,1536,1
6826,3698350,1120101,1536,1
6827,1540944,466657,1536,1
6828,868878,263140,1536,1
6829,1479638,448108,1536,1
6830,809854,245290,1536,1
6831,550762,166807,1536,1
6832,4578590,1386605,1536,1
6833,1621916,491213,1536,1
6834,869126,263259,1536,1
6835,641690,194465,1536,1
6836,780008,236224,1536,1
6837,834462,252719,1536,1
6838,568658,172253,1536,1
6839,564370,170955,1536,1
6840,2551058,772543,1536,1
6841,3444888,1044882,1536,1
6842,1512852,458151,1536,1
6843,925222,280224,1536,1
6844,925688,280406,1536,1
6845,2132204,645801,1536,1
6846,1695598,513570,1536,1
6847,1062742,321998,1536,1
6848,594568,180101,1536,1
6849,813354,246347,1536,1
6850,1854608,561649,1536,1
6851,1565458,474116,1536,1
6852,1350822,410244,1536,1
6853,1544042,467607,1536,1
6854,1165226,352917,1536,1
6855,1817700,550497,1536,1
6856,597180,180909,1536,1
6857,953794,288906,1536,1
6858,853364,258483,1536,1
6859,7771986,2353513,1536,1
6860,2555618,773944,1536,1
6861,1485520,449882,1536,1
6862,5078972,1538310,1536,1
6863,2626862,795521,1536,1
6864,1921320,581894,1536,1
6865,4165286,1262357,1536,1
6866,956844,289823,1536,1
6867,2005450,607554,1536,1
6868,4855470,1471508,1536,1
6869,1206748,365517,1536,1
6870,2091266,633332,1536,1
6871,572576,173439,1536,1
6872,570230,172707,1536,1
6873,5477098,1658676,1536,1
6874,1549554,469293,1536,1
6875,1496874,453467,1536,1
6876,1597106,483678,1536,1
6877,4219578,1279926,1536,1
6878,1273066,385569,1536,1
6879,1821624,551676,1536,1
6880,962292,291455,1536,1
6881,2536458,768137,1536,1
6882,2222688,673093,1536,1
6883,540748,163794,1536,1
6884,566362,171572,1536,1
6885,1563550,473864,1536,1
6886,2698926,817745,1536,1
6887,541350,163955,1536,1
6888,2823614,855171,1536,1
6889,1677554,508030,1536,1
6890,530184,160596,1536,1
6891,5062756,1533292,1536,1
6892,528954,160320,1536,1
6893,529640,160418,1536,1
6894,722392,218820,1536,1
6895,2329676,705776,1536,1
6896,2666724,807583,1536,1
6897,2286396,693402,1536,1
6898,2877832,872709,1536,1
6899,2632806,798376,1536,1
6900,7553606,2290780,1536,1
6901,6319286,1914619,1536,1
6902,3559133,1078547,1536,1
6903,2264006,685773,1536,1
6904,1027990,311518,1536,1
6905,3547380,1074347,1536,1
6906,2345926,711037,1536,1
6907,1286856,389814,1536,1
6908,896118,271883,1536,1
6909,869048,263238,1536,1
6910,1606124,487655,1536,1
6911,1126876,342286,1536,1
6912,3097565,939291,1536,1
6913,3296700,998669,1536,1
6914,6963961,2110172,1536,1
6915,2085185,632326,1536,1
6916,845988,256548,1536,1
6917,1779972,539792,1536,1
6918,1482928,449211,1536,1
6919,647242,196073,1536,1
6920,3273048,991920,1536,1
6921,609418,184571,1536,1
6922,872970,264429,1536,1
6923,1500438,455506,1536,1
6924,2469326,748193,1536,1
6925,932344,282460,1536,1
6926,1624802,492223,1536,1
6927,1764904,534601,1536,1
6928,1532266,464033,1536,1
6929,3795802,1150680,1536,1
6930,2187443,663788,1536,1
6931,1357498,411689,1536,1
6932,2166266,656065,1536,1
6933,1297279,393492,1536,1
6934,4260019,1294211,1536,1
6935,3773592,1144696,1536,1
6936,1523876,461544,1536,1
6937,3165800,958780,1536,1
6938,1258492,381183,1536,1
6939,2082032,633121,1536,1
6940,1273532,385735,1536,1
6941,1627028,492968,1536,1
6942,2481708,752515,1536,1
6943,964128,292029,1536,1
6944,1421018,430580,1536,1
6945,4149772,1257942,1536,1
6946,1738293,526762,1536,1
6947,608738,184393,1536,1
6948,604776,183189,1536,1
6949,605470,183400,1536,1
6950,1399910,424152,1536,1
6951,3346452,1013447,1536,1
6952,647616,196189,1536,1
6953,1352326,409534,1536,1
6954,607208,183926,1536,1
6955,875840,265750,1536,1
6956,949936,289558,1536,1
6957,2396884,725890,1536,1
6958,2050720,621204,1536,1
6959,1564060,473833,1536,1
6960,1076176,325915,1536,1
6961,1971408,597681,1536,1
6962,1255524,380287,1536,1
6963,2336866,707731,1536,1
6964,1189552,360308,1536,1
6965,970050,293927,1536,1
6966,1381252,418980,1536,1
6967,5724008,1735086,1536,1
6968,978930,296514,1536,1
6969,3716467,1128645,1536,1
6970,1244538,376897,1536,1
6971,1308302,396204,1536,1
6972,621726,188341,1536,1
6973,2747593,832675,1536,1
6974,1577880,477874,1536,1
6975,1453286,440275,1536,1
6976,2539260,769289,1536,1
6977,607836,184137,1536,1
6978,1492964,452158,1536,1
6979,556858,168652,1536,1
6980,1727454,524095,1536,1
6981,1820446,551558,1536,1
6982,989384,299654,1536,1
6983,1583144,479466,1536,1
6984,3287238,995602,1536,1
6985,933868,282861,1536,1
6986,1006496,304853,1536,1
6987,1887628,571622,1536,1
6988,807870,244662,1536,1
6989,1473774,446469,1536,1
6990,834072,252614,1536,1
6991,2754762,834246,1536,1
6992,2015812,610485,1536,1
6993,1541968,467060,1536,1
6994,753944,228360,1536,1
6995,3035330,919563,1536,1
6996,1009688,305800,1536,1
6997,1093134,331087,1536,1
6998,1097196,332317,1536,1
6999,958954,290413,1536,1
7000,1509426,457144,1536,1
7001,2299640,696434,1536,1
7002,4815092,1465743,1536,1
7003,924366,279986,1536,1
7004,2993186,906858,1536,1
7005,3143608,952329,1536,1
7006,1230678,372742,1536,1
7007,1344934,407438,1536,1
7008,1676938,507855,1536,1
7009,3306818,1002242,1536,1
7010,2023866,612950,1536,1
7011,3457026,1048358,1536,1
7012,2586976,783606,1536,1
7013,1281748,389457,1536,1
7014,1859136,563843,1536,1
7015,558588,169204,1536,1
7016,1747452,529222,1536,1
7017,1212694,367748,1536,1
7018,664560,201506,1536,1
7019,1279192,387426,1536,1
7020,1551948,470132,1536,1
7021,3276650,995506,1536,1
7022,1244644,376970,1536,1
7023,1813886,549334,1536,1
7024,777904,235729,1536,1
7025,1953570,591664,1536,1
7026,1693264,513593,1536,1
7027,1781676,539712,1536,1
7028,1727030,523235,1536,1
7029,720328,218201,1536,1
7030,814388,247040,1536,1
7031,1412032,428243,1536,1
7032,1552866,472396,1536,1
7033,755172,228749,1536,1
7034,1745454,528819,1536,1
7035,496738,150466,1536,1
7036,1356124,410720,1536,1
7037,1133906,343485,1536,1
7038,678648,205528,1536,1
7039,1693444,512865,1536,1
7040,697472,211276,1536,1
7041,705376,213646,1536,1
7042,558984,169335,1536,1
7043,515166,156050,1536,1
7044,3315692,1004184,1536,1
7045,496392,150840,1536,1
7046,1799764,545064,1536,1
7047,701334,213204,1536,1
7048,2030334,614932,1536,1
7049,682432,206695,1536,1
7050,811534,245805,1536,1
7051,495488,150089,1536,1
7052,494428,149746,1536,1
7053,1463950,443377,1536,1
7054,2266748,686462,1536,1
7055,1454292,441278,1536,1
7056,1733714,525078,1536,1
7057,1474764,446647,1536,1
7058,1813954,549358,1536,1
7059,870552,263942,1536,1
7060,2321592,703195,1536,1
7061,5441574,1648968,1536,1
7062,4493630,1361971,1536,1
7063,2236861,677833,1536,1
7064,584194,176960,1536,1
7065,4109846,1245124,1536,1
7066,892534,270416,1536,1
7067,1180622,357717,1536,1
7068,831466,251840,1536,1
7069,1117790,338510,1536,1
7070,846156,256331,1536,1
7071,2949198,893146,1536,1
7072,1713484,518947,1536,1
7073,808364,244875,1536,1
7074,2958122,895840,1536,1
7075,2707476,820712,1536,1
7076,920818,278896,1536,1
7077,7948162,2409017,1536,1
7078,2667273,809100,1536,1
7079,1222292,370312,1536,1
7080,2165576,656044,1536,1
7081,4572486,1385309,1536,1
7082,2806709,850945,1536,1
7083,1739769,527531,1536,1
7084,1226150,371386,1536,1
7085,1639202,496399,1536,1
7086,805918,244114,1536,1
7087,2616392,793193,1536,1
7088,898748,272192,1536,1
7089,1783652,540365,1536,1
7090,2035992,616649,1536,1
7091,867600,262777,1536,1
7092,2016570,610718,1536,1
7093,3732048,1130234,1536,1
7094,2048508,620388,1536,1
7095,810830,245584,1536,1
7096,572146,173311,1536,1
7097,2252122,682044,1536,1
7098,3059128,926632,1536,1
7099,2857958,865561,1536,1
7100,4879651,1485706,1536,1
7101,2947540,893932,1536,1
7102,1164464,352718,1536,1
7103,1282364,388518,1536,1
7104,823186,249630,1536,1
7105,1810722,548363,1536,1
7106,1428385,433050,1536,1
7107,2110842,639311,1536,1
7108,938920,284862,1536,1
7109,2649316,803649,1536,1
7110,960022,290779,1536,1
7111,1134726,343683,1536,1
7112,1238498,375075,1536,1
7113,835396,253021,1536,1
7114,1860254,563358,1536,1
7115,1670880,506030,1536,1
7116,1228914,372157,1536,1
7117,738140,223568,1536,1
7118,2604126,788775,1536,1
7119,2737836,829938,1536,1
7120,1480354,448415,1536,1
7121,4770254,1445267,1536,1
7122,1495570,453784,1536,1
7123,6631862,2009469,1536,1
7124,781288,236681,1536,1
7125,1265387,383638,1536,1
7126,518598,157110,1536,1
7127,838712,254042,1536,1
7128,1977479,599475,1536,1
7129,1415288,428594,1536,1
7130,926092,280458,1536,1
7131,528308,160018,1536,1
7132,1804616,546963,1536,1
7133,1452444,440295,1536,1
7134,718244,217545,1536,1
7135,2075744,629495,1536,1
7136,2112099,639958,1536,1
7137,1910079,578744,1536,1
7138,3439730,1041838,1536,1
7139,2685342,813969,1536,1
7140,1192722,361242,1536,1
7141,2711896,821502,1536,1
7142,3220102,975207,1536,1
7143,1306262,395638,1536,1
7144,1835000,555983,1536,1
7145,832296,252132,1536,1
7146,595356,180363,1536,1
7147,1729834,524023,1536,1
7148,1644888,498624,1536,1
7149,4018192,1217088,1536,1
7150,576372,174590,1536,1
7151,3521284,1066337,1536,1
7152,944860,286194,1536,1
7153,856976,259555,1536,1
7154,1481034,448569,1536,1
7155,801232,242653,1536,1
7156,582420,176393,1536,1
7157,1119734,339149,1536,1
7158,584942,177192,1536,1
7159,2183352,661221,1536,1
7160,1305376,395340,1536,1
7161,1780224,539201,1536,1
7162,1090806,330382,1536,1
7163,1767524,535308,1536,1
7164,1117780,338681,1536,1
7165,889920,269678,1536,1
7166,1078738,326795,1536,1
7167,635832,192687,1536,1
7168,2063324,624871,1536,1
7169,843568,255567,1536,1
7170,921482,279212,1536,1
7171,784398,237696,1536,1
7172,998614,302821,1536,1
7173,1066126,322914,1536,1
7174,759740,230116,1536,1
7175,5276110,1600175,1536,1
7176,841938,255028,1536,1
7177,883988,267755,1536,1
7178,2460798,745549,1536,1
7179,1428318,432564,1536,1
7180,2663638,808310,1536,1
7181,1968604,596182,1536,1
7182,1228364,372014,1536,1
7183,1031440,312823,1536,1
7184,1700906,515146,1536,1
7185,1304434,395144,1536,1
7186,1813016,549030,1536,1
7187,2007186,607870,1536,1
7188,2412928,731805,1536,1
7189,725752,220564,1536,1
7190,2809708,851801,1536,1
7191,542332,164279,1536,1
7192,865582,262187,1536,1
7193,524154,159039,1536,1
7194,525824,159282,1536,1
7195,1332138,403653,1536,1
7196,2077786,629328,1536,1
7197,1245350,377292,1536,1
7198,993376,300879,1536,1
7199,522102,158236,1536,1
7200,1686628,511971,1536,1
7201,582150,176358,1536,1
7202,1941601,588528,1536,1
7203,962658,291750,1536,1
7204,2151146,651779,1536,1
7205,2161048,654565,1536,1
7206,2035982,617285,1536,1
7207,2453336,743629,1536,1
7208,911624,276399,1536,1
7209,2383982,723090,1536,1
7210,2505176,759160,1536,1
7211,6920012,2096913,1536,1
7212,3066049,930418,1536,1
7213,1769960,536054,1536,1
7214,1284938,389130,1536,1
7215,2188234,662891,1536,1
7216,1877726,570261,1536,1
7217,1268392,384190,1536,1
7218,2217864,672247,1536,1
7219,949990,287895,1536,1
7220,2505116,759652,1536,1
7221,885948,268378,1536,1
7222,936394,283626,1536,1
7223,1827312,553951,1536,1
7224,1421858,430623,1536,1
7225,2447123,741954,1536,1
7226,1986564,602082,1536,1
7227,731288,221538,1536,1
7228,1687630,511092,1536,1
7229,1882058,569995,1536,1
7230,941666,285498,1536,1
7231,2073725,628479,1536,1
7232,999518,302748,1536,1
7233,3083566,934018,1536,1
7234,1103788,334347,1536,1
7235,2261494,685958,1536,1
7236,1477930,448121,1536,1
7237,3398722,1030308,1536,1
7238,1631482,494163,1536,1
7239,745386,225800,1536,1
7240,1009882,305894,1536,1
7241,2556292,774589,1536,1
7242,4113976,1247226,1536,1
7243,603390,182761,1536,1
7244,604870,183218,1536,1
7245,3414510,1034070,1536,1
7246,2620764,793825,1536,1
7247,934534,283196,1536,1
7248,1162822,352199,1536,1
7249,4416562,1337458,1536,1
7250,7097594,2150049,1536,1
7251,4033018,1221480,1536,1
7252,761426,230933,1536,1
7253,627614,190358,1536,1
7254,9977882,3024118,1536,1
7255,1543700,467523,1536,1
7256,3555348,1077837,1536,1
7257,1797822,544584,1536,1
7258,1827468,554333,1536,1
7259,1617038,490041,1536,1
7260,1990890,603455,1536,1
7261,3459826,1049021,1536,1
7262,790552,239724,1536,1
7263,3561598,1080036,1536,1
7264,803838,243483,1536,1
7265,540424,163689,1536,1
7266,551382,167038,1536,1
7267,1347741,408574,1536,1
7268,1796352,544224,1536,1
7269,3411399,1033580,1536,1
7270,1587174,481053,1536,1
7271,553012,167486,1536,1
7272,764938,231686,1536,1
7273,594670,180141,1536,1
7274,1169694,354290,1536,1
7275,1002038,303470,1536,1
7276,775962,235042,1536,1
7277,576652,174688,1536,1
7278,745106,225678,1536,1
7279,1224536,370871,1536,1
7280,552864,167462,1536,1
7281,846994,256556,1536,1
7282,815816,247119,1536,1
7283,1841954,557944,1536,1
7284,949864,287774,1536,1
7285,2739338,830546,1536,1
7286,1065342,322666,1536,1
7287,785574,237960,1536,1
7288,1134012,343493,1536,1
7289,1228646,372472,1536,1
7290,1551448,470159,1536,1
7291,630808,191098,1536,1
7292,902733,273913,1536,1
7293,3819046,1156990,1536,1
7294,1968152,596218,1536,1
7295,2751152,834251,1536,1
7296,797474,241540,1536,1
7297,753096,228130,1536,1
7298,1099134,332928,1536,1
7299,2767764,838495,1536,1
7300,566582,171625,1536,1
7301,580230,175757,1536,1
7302,554606,167998,1536,1
7303,3168894,959987,1536,1
7304,981664,297332,1536,1
7305,2626562,795629,1536,1
7306,1222922,370392,1536,1
7307,3204252,971502,1536,1
7308,3855006,1167660,1536,1
7309,573822,173788,1536,1
7310,1201234,363777,1536,1
7311,1024788,310508,1536,1
7312,820096,248387,1536,1
7313,3101878,940316,1536,1
7314,4995612,1513457,1536,1
7315,2955652,895078,1536,1
7316,1031922,312531,1536,1
7317,555332,168221,1536,1
7318,1602008,486390,1536,1
7319,2185593,662547,1536,1
7320,838578,254002,1536,1
7321,3283970,994507,1536,1
7322,2774096,840373,1536,1
7323,1513408,458458,1536,1
7324,550856,166858,1536,1
7325,1403004,425174,1536,1
7326,724458,219563,1536,1
7327,4605196,1394725,1536,1
7328,782176,236921,1536,1
7329,826936,250481,1536,1
7330,747920,226530,1536,1
7331,2023396,613498,1536,1
7332,2937618,890841,1536,1
7333,578280,175265,1536,1
7334,1178242,356880,1536,1
7335,1527592,462936,1536,1
7336,1979176,600941,1536,1
7337,1921116,582868,1536,1
7338,1764982,534780,1536,1
7339,687144,208155,1536,1
7340,2328074,705061,1536,1
7341,1540594,467688,1536,1
7342,1297658,393230,1536,1
7343,2205108,667816,1536,1
7344,1816804,550555,1536,1
7345,927338,280900,1536,1
7346,738768,223827,1536,1
7347,870566,263880,1536,1
7348,1647554,502104,1536,1
7349,1947218,589713,1536,1
7350,524668,158926,1536,1
7351,556478,168581,1536,1
7352,669512,203178,1536,1
7353,1442784,436964,1536,1
7354,7391940,2241132,1536,1
7355,1070598,324317,1536,1
7356,4270942,1295349,1536,1
7357,911830,276205,1536,1
7358,3999030,1214193,1536,1
7359,1960114,594282,1536,1
7360,2117604,641318,1536,1
7361,3263750,989263,1536,1
7362,946462,286729,1536,1
7363,1654344,501013,1536,1
7364,995740,301817,1536,1
7365,2218282,672034,1536,1
7366,1826106,553361,1536,1
7367,2102444,637066,1536,1
7368,2617192,793388,1536,1
7369,3375993,1022790,1536,1
7370,1374502,416495,1536,1
7371,5160305,1563697,1536,1
7372,1374440,416271,1536,1
7373,1426934,432625,1536,1
7374,5595518,1697342,1536,1
7375,4852274,1471180,1536,1
7376,1719772,521777,1536,1
7377,1362918,412835,1536,1
7378,2068252,626629,1536,1
7379,3520926,1068081,1536,1
7380,803540,243418,1536,1
7381,1263793,383310,1536,1
7382,3471822,1051889,1536,1
7383,1359038,411792,1536,1
7384,675120,204555,1536,1
7385,1095796,331880,1536,1
7386,2498106,756627,1536,1
7387,1661722,503387,1536,1
7388,4262998,1294181,1536,1
7389,1363864,413086,1536,1
7390,1101304,333565,1536,1
7391,673698,204090,1536,1
7392,1683574,509868,1536,1
7393,886148,268420,1536,1
7394,922878,281025,1536,1
7395,3836908,1163596,1536,1
7396,971576,294302,1536,1
7397,4064684,1231647,1536,1
7398,1724588,522310,1536,1
7399,1228476,372085,1536,1
7400,2180245,661028,1536,1
7401,2935636,889563,1536,1
7402,633932,192020,1536,1
7403,4043254,1224874,1536,1
7404,3291122,997072,1536,1
7405,2125262,643839,1536,1
7406,3059356,927418,1536,1
7407,1696224,514304,1536,1
7408,5608242,1702562,1536,1
7409,2131846,645627,1536,1
7410,803154,243236,1536,1
7411,909022,275578,1536,1
7412,7314544,2217972,1536,1
7413,1523640,461605,1536,1
7414,1752866,531091,1536,1
7415,2220096,672386,1536,1
7416,621946,188412,1536,1
7417,1679592,508689,1536,1
7418,2760807,836792,1536,1
7419,4407932,1335693,1536,1
7420,4137678,1254068,1536,1
7421,5547805,1680625,1536,1
7422,1011516,306377,1536,1
7423,1052502,318790,1536,1
7424,793522,240460,1536,1
7425,1957940,593272,1536,1
7426,3064634,928417,1536,1
7427,1993298,604160,1536,1
7428,1259404,381439,1536,1
7429,1115558,337906,1536,1
7430,2556888,775329,1536,1
7431,1199709,364289,1536,1
7432,2727776,826879,1536,1
7433,1262182,382260,1536,1
7434,776914,235349,1536,1
7435,1315980,398551,1536,1
7436,2151822,651841,1536,1
7437,1257984,381009,1536,1
7438,1580533,479837,1536,1
7439,2433090,737238,1536,1
7440,8621432,2611382,1536,1
7441,1720518,521362,1536,1
7442,915554,277366,1536,1
7443,1187574,359987,1536,1
7444,4787606,1450273,1536,1
7445,1992006,603286,1536,1
7446,585484,177352,1536,1
7447,847054,256566,1536,1
7448,2806976,850195,1536,1
7449,1644246,497975,1536,1
7450,1309144,396555,1536,1
7451,1544618,467821,1536,1
7452,2403110,728251,1536,1
7453,2445835,741606,1536,1
7454,1223538,370892,1536,1
7455,767972,232863,1536,1
7456,973468,294876,1536,1
7457,3118176,944284,1536,1
7458,1047694,317434,1536,1
7459,2432854,737210,1536,1
7460,1010386,306109,1536,1
7461,1037196,314159,1536,1
7462,6769177,2051480,1536,1
7463,1498476,453864,1536,1
7464,1242572,376477,1536,1
7465,940600,284910,1536,1
7466,698912,211721,1536,1
7467,622700,188637,1536,1
7468,924774,280148,1536,1
7469,1189648,360787,1536,1
7470,1859482,563156,1536,1
7471,1036430,314169,1536,1
7472,3132618,949245,1536,1
7473,4560074,1381225,1536,1
7474,1752300,530716,1536,1
7475,1630430,493798,1536,1
7476,1976526,599429,1536,1
7477,2145966,650850,1536,1
7478,1578380,478009,1536,1
7479,832130,252035,1536,1
7480,1246810,377605,1536,1
7481,1369390,415072,1536,1
7482,3497263,1060247,1536,1
7483,603044,182686,1536,1
7484,588840,178365,1536,1
7485,865332,262087,1536,1
7486,607698,184097,1536,1
7487,5169975,1566278,1536,1
7488,1003264,303887,1536,1
7489,1257532,381015,1536,1
7490,1539512,466242,1536,1
7491,1929002,584183,1536,1
7492,1660524,503662,1536,1
7493,1895186,574457,1536,1
7494,1423464,431620,1536,1
7495,1662488,505504,1536,1
7496,1075594,325799,1536,1
7497,1194014,361642,1536,1
7498,1404124,425243,1536,1
7499,1261962,382437,1536,1
7500,2722448,824567,1536,1
7501,924944,280140,1536,1
7502,1246986,377924,1536,1
7503,2132612,645883,1536,1
7504,9154208,2773344,1536,1
7505,1907996,578468,1536,1
7506,3137718,950225,1536,1
7507,1649130,499454,1536,1
7508,1662678,503560,1536,1
7509,3326202,1008339,1536,1
7510,891012,269903,1536,1
7511,2358186,715343,1536,1
7512,941002,285300,1536,1
7513,924760,280179,1536,1
7514,907886,274990,1536,1
7515,2310946,700948,1536,1
7516,808504,244897,1536,1
7517,1542910,468218,1536,1
7518,1554240,471502,1536,1
7519,2114190,641220,1536,1
7520,1478822,448491,1536,1
7521,2869260,869752,1536,1
7522,3122378,946216,1536,1
7523,4717645,1429109,1536,1
7524,643938,195058,1536,1
7525,738268,223649,1536,1
7526,834722,252860,1536,1
7527,1545948,468329,1536,1
7528,1138852,345014,1536,1
7529,810028,245609,1536,1
7530,5706596,1730723,1536,1
7531,3711592,1125978,1536,1
7532,913090,276581,1536,1
7533,1495150,452815,1536,1
7534,2251970,681996,1536,1
7535,558342,169128,1536,1
7536,2308709,699487,1536,1
7537,3772437,1142789,1536,1
7538,1506234,456216,1536,1
7539,566724,171691,1536,1
7540,1172817,356034,1536,1
7541,1242452,376421,1536,1
7542,1677972,508568,1536,1
7543,996324,301774,1536,1
7544,936598,283666,1536,1
7545,1381986,418511,1536,1
7546,2400182,727028,1536,1
7547,753728,228419,1536,1
7548,1387742,420299,1536,1
7549,836510,253358,1536,1
7550,1831102,554730,1536,1
7551,3798508,1150702,1536,1
7552,1320716,400707,1536,1
7553,3280798,994049,1536,1
7554,3557528,1078071,1536,1
7555,2517636,762576,1536,1
7556,2490758,754306,1536,1
7557,602258,182447,1536,1
7558,1489268,451007,1536,1
7559,4246092,1285838,1536,1
7560,596568,180722,1536,1
7561,3981666,1206294,1536,1
7562,1359940,411883,1536,1
7563,1064356,322353,1536,1
7564,757558,229427,1536,1
7565,568512,172182,1536,1
7566,2747082,831919,1536,1
7567,535530,162204,1536,1
7568,3143718,952832,1536,1
7569,1251276,379081,1536,1
7570,3585872,1085899,1536,1
7571,811124,245689,1536,1
7572,763964,231410,1536,1
7573,1004578,304257,1536,1
7574,944704,286137,1536,1
7575,974290,295052,1536,1
7576,3192946,966927,1536,1
7577,1638788,496294,1536,1
7578,1147684,347817,1536,1
7579,2017276,611094,1536,1
7580,1860938,563571,1536,1
7581,2497460,756361,1536,1
7582,1862282,564918,1536,1
7583,1118006,339076,1536,1
7584,1833168,555532,1536,1
7585,2258504,684202,1536,1
7586,1317960,399438,1536,1
7587,1144295,346942,1536,1
7588,1352226,410470,1536,1
7589,801894,243005,1536,1
7590,5364402,1626168,1536,1
7591,849526,257423,1536,1
7592,593112,179676,1536,1
7593,1139486,345134,1536,1
7594,556748,168647,1536,1
7595,818040,247767,1536,1
7596,1891890,572958,1536,1
7597,722128,218750,1536,1
7598,601472,182188,1536,1
7599,2218078,671760,1536,1
7600,1735252,525536,1536,1
7601,794930,240767,1536,1
7602,1155514,350082,1536,1
7603,1727210,523125,1536,1
7604,1345940,407642,1536,1
7605,1885210,572051,1536,1
7606,11708476,3547090,1536,1
7607,2570562,778686,1536,1
7608,3315763,1004651,1536,1
7609,2810996,851281,1536,1
7610,1075096,325612,1536,1
7611,4799090,1454498,1536,1
7612,1497836,453647,1536,1
7613,1322338,400502,1536,1
7614,3911052,1187141,1536,1
7615,4647834,1409338,1536,1
7616,861950,261362,1536,1
7617,8587082,2601030,1536,1
7618,926162,280539,1536,1
7619,870978,263839,1536,1
7620,1368682,414507,1536,1
7621,902464,273354,1536,1
7622,1489232,451021,1536,1
7623,1273208,385639,1536,1
7624,3258418,986741,1536,1
7625,3955340,1197769,1536,1
7626,3145834,953352,1536,1
7627,1640886,496969,1536,1
7628,2032958,615683,1536,1
7629,2744136,831010,1536,1
7630,2203260,667349,1536,1
7631,785602,238107,1536,1
7632,1503186,455264,1536,1
7633,888744,270460,1536,1
7634,1578484,478319,1536,1
7635,1547830,468891,1536,1
7636,1251766,379180,1536,1
7637,927288,280850,1536,1
7638,855460,259122,1536,1
7639,995768,301867,1536,1
7640,1823888,553484,1536,1
7641,976900,295869,1536,1
7642,1864026,564495,1536,1
7643,1229778,372619,1536,1
7644,6436374,1950936,1536,1
7645,17209016,5212601,1536,1
7646,3011068,912895,1536,1
7647,905318,274231,1536,1
7648,2293450,694798,1536,1
7649,2281172,691195,1536,1
7650,3974780,1204319,1536,1
7651,2561038,775596,1536,1
7652,1270640,384863,1536,1
7653,585790,177413,1536,1
7654,1730640,524342,1536,1
7655,1080168,327244,1536,1
7656,582762,176526,1536,1
7657,2317384,702700,1536,1
7658,1564012,473657,1536,1
7659,584906,177176,1536,1
7660,1780528,539222,1536,1
7661,3459588,1049106,1536,1
7662,12624202,3825137,1536,1
7663,799120,242076,1536,1
7664,6349084,1923914,1536,1
7665,659828,200115,1536,1
7666,3440432,1042238,1536,1
7667,2335668,707837,1536,1
7668,547684,165889,1536,1
7669,801496,242774,1536,1
7670,757372,229386,1536,1
7671,549372,166409,1536,1
7672,1098950,332851,1536,1
7673,2200110,666383,1536,1
7674,1190784,361764,1536,1
7675,1670504,507044,1536,1
7676,1956224,593173,1536,1
7677,785834,238021,1536,1
7678,5574095,1688842,1536,1
7679,2107004,638108,1536,1
7680,680712,206210,1536,1
7681,2217582,672069,1536,1
7682,1090886,330535,1536,1
7683,1336566,404944,1536,1
7684,2136916,647886,1536,1
7685,1348707,409064,1536,1
7686,2034726,617426,1536,1
7687,5568140,1687408,1536,1
7688,747628,226486,1536,1
7689,3490634,1057079,1536,1
7690,1030750,312392,1536,1
7691,2351496,712146,1536,1
7692,654994,198392,1536,1
7693,1082594,327905,1536,1
7694,2327670,704920,1536,1
7695,591504,179146,1536,1
7696,1001170,303254,1536,1
7697,1066474,323017,1536,1
7698,1454190,440650,1536,1
7699,2888376,874744,1536,1
7700,3219668,976861,1536,1
7701,675024,204486,1536,1
7702,1754550,531412,1536,1
7703,956678,289770,1536,1
7704,899710,272518,1536,1
7705,554058,167815,1536,1
7706,804544,243678,1536,1
7707,634600,192252,1536,1
7708,589540,178574,1536,1
7709,569150,172400,1536,1
7710,1787274,541538,1536,1
7711,4779383,1448729,1536,1
7712,1218640,369075,1536,1
7713,883156,267606,1536,1
7714,579912,175661,1536,1
7715,2408058,729417,1536,1
7716,790474,239424,1536,1
7717,772956,234533,1536,1
7718,2450940,742488,1536,1
7719,2333694,714533,1536,1
7720,2966514,899583,1536,1
7721,794828,240950,1536,1
7722,574974,174186,1536,1
7723,1269838,384601,1536,1
7724,1184046,358586,1536,1
7725,536962,162663,1536,1
7726,1989158,602415,1536,1
7727,5537790,1677570,1536,1
7728,1186574,359351,1536,1
7729,536016,162341,1536,1
7730,1535302,465073,1536,1
7731,1442001,437925,1536,1
7732,797950,241705,1536,1
7733,3429538,1038573,1536,1
7734,1495406,452878,1536,1
7735,1942472,588273,1536,1
7736,1233040,373448,1536,1
7737,792908,240151,1536,1
7738,510790,154726,1536,1
7739,1156070,350141,1536,1
7740,1228536,372153,1536,1
7741,539562,163453,1536,1
7742,827558,252037,1536,1
7743,502284,152146,1536,1
7744,2555292,774017,1536,1
7745,910482,275754,1536,1
7746,538020,163096,1536,1
7747,889488,269418,1536,1
7748,681708,206487,1536,1
7749,1349118,408604,1536,1
7750,1507156,456431,1536,1
7751,1324822,401216,1536,1
7752,542764,164423,1536,1
7753,528934,160209,1536,1
7754,513976,155686,1536,1
7755,1896348,574282,1536,1
7756,583660,176773,1536,1
7757,1963600,595096,1536,1
7758,900454,272746,1536,1
7759,1154752,349722,1536,1
7760,762786,231036,1536,1
7761,2706752,819987,1536,1
7762,742226,224795,1536,1
7763,2077266,629086,1536,1
7764,1288690,390746,1536,1
7765,746804,226191,1536,1
7766,1987031,602346,1536,1
7767,2644800,801559,1536,1
7768,3510084,1063083,1536,1
7769,1559638,472792,1536,1
7770,2215084,670920,1536,1
7771,838940,254112,1536,1
7772,828234,250952,1536,1
7773,855394,259099,1536,1
7774,3479154,1053875,1536,1
7775,2187946,662611,1536,1
7776,1678068,508736,1536,1
7777,1267742,384155,1536,1
7778,553628,167697,1536,1
7779,801060,242643,1536,1
7780,1948086,590061,1536,1
7781,981602,297315,1536,1
7782,1137402,344445,1536,1
7783,1335724,404628,1536,1
7784,5515554,1672541,1536,1
7785,4563010,1382165,1536,1
7786,537448,162806,1536,1
7787,562272,170340,1536,1
7788,1676782,508417,1536,1
7789,2759386,837917,1536,1
7790,767014,232337,1536,1
7791,2602850,789239,1536,1
7792,786715,238683,1536,1
7793,3426312,1038321,1536,1
7794,3746493,1135498,1536,1
7795,3430210,1039420,1536,1
7796,2992678,908681,1536,1
7797,835558,253100,1536,1
7798,1191132,360918,1536,1
7799,1569398,475751,1536,1
7800,2832544,858834,1536,1
7801,1688912,511503,1536,1
7802,1102768,334003,1536,1
7803,969826,293772,1536,1
7804,1958274,593140,1536,1
7805,1229008,372330,1536,1
7806,3719740,1126551,1536,1
7807,1925186,583410,1536,1
7808,3147700,953903,1536,1
7809,2375432,719408,1536,1
7810,3005336,910343,1536,1
7811,1994668,604806,1536,1
7812,2674628,811547,1536,1
7813,1241026,375900,1536,1
7814,1596064,483753,1536,1
7815,3187721,966110,1536,1
7816,1509482,457381,1536,1
7817,1707282,517428,1536,1
7818,1410668,427272,1536,1
7819,1728206,524061,1536,1
7820,4423246,1341822,1536,1
7821,1565892,478309,1536,1
7822,2153512,652752,1536,1
7823,887538,268874,1536,1
7824,2939450,890437,1536,1
7825,3278904,993825,1536,1
7826,3775574,1143410,1536,1
7827,1883230,570342,1536,1
7828,1723378,522072,1536,1
7829,1630608,495957,1536,1
7830,865856,262262,1536,1
7831,1223720,370619,1536,1
7832,1820402,551568,1536,1
7833,924214,279965,1536,1
7834,1742830,527831,1536,1
7835,1158152,350784,1536,1
7836,610648,184953,1536,1
7837,2838857,860199,1536,1
7838,863856,261680,1536,1
7839,1120272,339291,1536,1
7840,1120696,339417,1536,1
7841,2911418,882251,1536,1
7842,1136298,344142,1536,1
7843,1205382,365086,1536,1
7844,1110992,336529,1536,1
7845,2237224,677516,1536,1
7846,641786,194396,1536,1
7847,2006600,609860,1536,1
7848,3630092,1099771,1536,1
7849,899220,272380,1536,1
7850,907220,274815,1536,1
7851,2708560,821361,1536,1
7852,2754338,834817,1536,1
7853,2356114,713539,1536,1
7854,2781954,843310,1536,1
7855,1577760,477809,1536,1
7856,2306344,699888,1536,1
7857,1577818,479376,1536,1
7858,924732,280108,1536,1
7859,1639052,496807,1536,1
7860,1228596,372115,1536,1
7861,1542618,467175,1536,1
7862,1107844,335525,1536,1
7863,3325769,1008347,1536,1
7864,1058214,320518,1536,1
7865,567986,172044,1536,1
7866,830050,251403,1536,1
7867,1252168,379228,1536,1
7868,859312,260292,1536,1
7869,1370442,415171,1536,1
7870,1016906,308097,1536,1
7871,863948,261692,1536,1
7872,1887340,571564,1536,1
7873,576186,174551,1536,1
7874,1919442,581769,1536,1
7875,822054,249021,1536,1
7876,2453436,743968,1536,1
7877,851682,257979,1536,1
7878,4892776,1482577,1536,1
7879,5139290,1556679,1536,1
7880,801122,242659,1536,1
7881,1562870,473382,1536,1
7882,826620,250926,1536,1
7883,4479496,1358040,1536,1
7884,998412,302416,1536,1
7885,986750,298840,1536,1
7886,535844,162290,1536,1
7887,780142,236275,1536,1
7888,555724,168339,1536,1
7889,553484,167642,1536,1
7890,2012346,609416,1536,1
7891,557288,168805,1536,1
7892,592220,179406,1536,1
7893,558594,169207,1536,1
7894,1654522,501145,1536,1
7895,3166474,958998,1536,1
7896,836260,253288,1536,1
7897,960536,290912,1536,1
7898,1107384,335368,1536,1
7899,521646,158012,1536,1
7900,528514,160114,1536,1
7901,519246,157288,1536,1
7902,522216,158171,1536,1
7903,2044488,619591,1536,1
7904,1079100,326878,1536,1
7905,2383430,721992,1536,1
7906,1205624,365149,1536,1
7907,1454318,440533,1536,1
7908,959284,290534,1536,1
7909,2115358,640711,1536,1
7910,1983410,600680,1536,1
7911,747762,227739,1536,1
7912,538288,163076,1536,1
7913,2396968,725898,1536,1
7914,523106,158448,1536,1
7915,527206,159692,1536,1
7916,505750,153196,1536,1
7917,601736,182282,1536,1
7918,912958,276738,1536,1
7919,1649602,499716,1536,1
7920,1369076,414644,1536,1
7921,921652,279124,1536,1
7922,6896958,2089647,1536,1
7923,902704,273476,1536,1
7924,1507070,456420,1536,1
7925,1051076,318321,1536,1
7926,1101618,334251,1536,1
7927,1699050,514563,1536,1
7928,1216960,368560,1536,1
7929,1030120,312595,1536,1
7930,527038,159646,1536,1
7931,1794056,543362,1536,1
7932,529834,160487,1536,1
7933,727962,220482,1536,1
7934,819656,248277,1536,1
7935,1489996,451271,1536,1
7936,2608428,790788,1536,1
7937,2033604,616004,1536,1
7938,793344,240308,1536,1
7939,1307788,396202,1536,1
7940,837546,253693,1536,1
7941,535272,162141,1536,1
7942,533916,161726,1536,1
7943,828014,250785,1536,1
7944,1852748,561109,1536,1
7945,845228,256039,1536,1
7946,2428630,735472,1536,1
7947,2297178,695687,1536,1
7948,2198736,665857,1536,1
7949,1633862,494808,1536,1
7950,1362730,414000,1536,1
7951,1160618,351590,1536,1
7952,1730985,525043,1536,1
7953,1129172,341984,1536,1
7954,2601653,788450,1536,1
7955,2967069,900735,1536,1
7956,1762316,533730,1536,1
7957,607812,184138,1536,1
7958,2373553,719257,1536,1
7959,815246,246924,1536,1
7960,992708,300689,1536,1
7961,1704728,516479,1536,1
7962,3063192,928146,1536,1
7963,2475980,749907,1536,1
7964,1855692,562004,1536,1
7965,3134388,949273,1536,1
7966,2314180,701059,1536,1
7967,5902304,1790320,1536,1
7968,1633686,494777,1536,1
7969,1670162,505833,1536,1
7970,1815138,551247,1536,1
7971,1808519,549059,1536,1
7972,1201489,364279,1536,1
7973,3439736,1041668,1536,1
7974,767428,232429,1536,1
7975,2434586,737776,1536,1
7976,1205790,365202,1536,1
7977,1177102,356521,1536,1
7978,533198,161511,1536,1
7979,1212954,367379,1536,1
7980,846686,256462,1536,1
7981,2293694,694785,1536,1
7982,1062136,321769,1536,1
7983,3214748,973533,1536,1
7984,1005166,304430,1536,1
7985,1465810,444098,1536,1
7986,1745664,528828,1536,1
7987,778956,235958,1536,1
7988,904502,273967,1536,1
7989,1037438,314200,1536,1
7990,5248442,1589953,1536,1
7991,1052492,319158,1536,1
7992,908614,275500,1536,1
7993,666354,201850,1536,1
7994,1366872,413981,1536,1
7995,1452202,439847,1536,1
7996,1230962,372809,1536,1
7997,1515488,458979,1536,1
7998,536962,162654,1536,1
7999,956964,289854,1536,1
8000,1648430,499587,1536,1
8001,1423432,431223,1536,1
8002,1916803,581201,1536,1
8003,1087780,329466,1536,1
8004,3005279,910534,1536,1
8005,1828608,554141,1536,1
8006,1508812,456969,1536,1
8007,896630,271581,1536,1
8008,2182344,661114,1536,1
8009,1911943,582885,1536,1
8010,742122,224806,1536,1
8011,2046298,619725,1536,1
8012,3858440,1168650,1536,1
8013,7003904,2122094,1536,1
8014,884470,267914,1536,1
8015,3003610,910917,1536,1
8016,1803276,546905,1536,1
8017,1703914,516315,1536,1
8018,2599190,788199,1536,1
8019,1719570,520950,1536,1
8020,1944688,588962,1536,1
8021,3945146,1194940,1536,1
8022,1951284,591731,1536,1
8023,3468555,1051529,1536,1
8024,6324408,1916219,1536,1
8025,865158,262062,1536,1
8026,3111996,942543,1536,1
8027,611728,185421,1536,1
8028,1701344,515412,1536,1
8029,1557444,472753,1536,1
8030,804832,243794,1536,1
8031,1957616,592868,1536,1
8032,2019230,612098,1536,1
8033,596584,180703,1536,1
8034,1026576,310936,1536,1
8035,4346000,1316553,1536,1
8036,572882,173530,1536,1
8037,567050,171767,1536,1
8038,810644,245550,1536,1
8039,860038,260601,1536,1
8040,1626420,492600,1536,1
8041,786742,238490,1536,1
8042,1041964,315549,1536,1
8043,4422692,1341908,1536,1
8044,2907386,880466,1536,1
8045,2216200,671151,1536,1
8046,3030634,917787,1536,1
8047,1058140,320494,1536,1
8048,1296868,392788,1536,1
8049,3757025,1138772,1536,1
8050,2067872,626214,1536,1
8051,869130,263206,1536,1
8052,779830,236198,1536,1
8053,1119684,339131,1536,1
8054,960480,290873,1536,1
8055,1003414,303920,1536,1
8056,1018674,308514,1536,1
8057,1003930,304068,1536,1
8058,534262,161833,1536,1
8059,2727177,826385,1536,1
8060,1747836,529344,1536,1
8061,850558,257644,1536,1
8062,3404662,1031383,1536,1
8063,558432,169157,1536,1
8064,3007182,911472,1536,1
8065,5909572,1791712,1536,1
8066,820814,248782,1536,1
8067,1588492,481222,1536,1
8068,1373730,416676,1536,1
8069,1566688,475890,1536,1
8070,6676976,2023749,1536,1
8071,1261910,382200,1536,1
8072,4462241,1352714,1536,1
8073,1217842,368855,1536,1
8074,873618,264624,1536,1
8075,782941,237728,1536,1
8076,570936,172937,1536,1
8077,5805036,1759144,1536,1
8078,4663957,1413889,1536,1
8079,1506188,457567,1536,1
8080,3542942,1073555,1536,1
8081,1032882,312863,1536,1
8082,2754824,834550,1536,1
8083,2012698,609583,1536,1
8084,1189998,360519,1536,1
8085,752228,227913,1536,1
8086,3697682,1121369,1536,1
8087,1888144,572223,1536,1
8088,2026568,614576,1536,1
8089,817776,247708,1536,1
8090,2670342,808686,1536,1
8091,786308,238132,1536,1
8092,582738,176623,1536,1
8093,996062,301774,1536,1
8094,1948210,590074,1536,1
8095,1540128,466504,1536,1
8096,1266258,383513,1536,1
8097,1330938,403927,1536,1
8098,2156684,656417,1536,1
8099,7739878,2344607,1536,1
8100,2590211,785174,1536,1
8101,2087325,632701,1536,1
8102,3846902,1167386,1536,1
8103,577392,174908,1536,1
8104,1007840,305276,1536,1
8105,753848,228333,1536,1
8106,2610476,790558,1536,1
8107,2568010,778242,1536,1
8108,570708,172848,1536,1
8109,1340956,406221,1536,1
8110,1697404,514647,1536,1
8111,1775428,538309,1536,1
8112,1626426,492814,1536,1
8113,1429787,433905,1536,1
8114,2218394,671836,1536,1
8115,2788468,844455,1536,1
8116,572982,173667,1536,1
8117,1385656,419666,1536,1
8118,1936308,586538,1536,1
8119,2633990,799786,1536,1
8120,1718063,521018,1536,1
8121,3645592,1104082,1536,1
8122,609982,184783,1536,1
8123,1736940,526038,1536,1
8124,1497550,453629,1536,1
8125,1009040,305922,1536,1
8126,864114,261771,1536,1
8127,933666,282811,1536,1
8128,3474204,1052943,1536,1
8129,2156790,653341,1536,1
8130,1463628,443293,1536,1
8131,3703229,1124182,1536,1
8132,1993784,604164,1536,1
8133,1674670,507448,1536,1
8134,1347310,408672,1536,1
8135,2093983,635046,1536,1
8136,1008544,305484,1536,1
8137,1920790,581916,1536,1
8138,2121666,643181,1536,1
8139,4199950,1273826,1536,1
8140,3154944,956697,1536,1
8141,8931492,2706244,1536,1
8142,1058920,321289,1536,1
8143,1013874,307103,1536,1
8144,2977396,904075,1536,1
8145,1062286,321762,1536,1
8146,2707884,820249,1536,1
8147,1694370,513703,1536,1
8148,968126,293315,1536,1
8149,2818348,854181,1536,1
8150,1123310,340219,1536,1
8151,2270556,688010,1536,1
8152,1547379,468999,1536,1
8153,2175754,658933,1536,1
8154,1618402,490154,1536,1
8155,870276,264739,1536,1
8156,1718254,520473,1536,1
8157,3239062,982322,1536,1
8158,985112,298465,1536,1
8159,935220,283284,1536,1
8160,5555110,1683097,1536,1
8161,1950702,590737,1536,1
8162,2000472,605874,1536,1
8163,1621262,491283,1536,1
8164,711674,215588,1536,1
8165,864252,261757,1536,1
8166,6090490,1845224,1536,1
8167,3422292,1036366,1536,1
8168,620054,187835,1536,1
8169,5881240,1781519,1536,1
8170,549582,166453,1536,1
8171,1267304,383792,1536,1
8172,2496360,755965,1536,1
8173,552344,167312,1536,1
8174,554294,167902,1536,1
8175,1112852,337060,1536,1
8176,1424502,431385,1536,1
8177,796482,241259,1536,1
8178,2421596,733843,1536,1
8179,2754228,836005,1536,1
8180,2440638,740345,1536,1
8181,1161242,352420,1536,1
8182,993186,300823,1536,1
8183,1182146,358025,1536,1
8184,906528,274625,1536,1
8185,1323394,400823,1536,1
8186,2964530,897780,1536,1
8187,2270518,688531,1536,1
8188,2027824,614122,1536,1
8189,2998580,911558,1536,1
8190,770166,233268,1536,1
8191,1475870,447051,1536,1
8192,885188,268104,1536,1
8193,1544440,467799,1536,1
8194,1030288,312066,1536,1
8195,1181390,357923,1536,1
8196,1284572,389186,1536,1
8197,3176636,963114,1536,1
8198,1135230,344101,1536,1
8199,1100134,333217,1536,1
8200,2030468,614917,1536,1
8201,813898,246629,1536,1
8202,1159194,351117,1536,1
8203,1215244,368186,1536,1
8204,835790,253162,1536,1
8205,2074024,628121,1536,1
8206,8294429,2516485,1536,1
8207,1389812,420928,1536,1
8208,595630,180417,1536,1
8209,3101648,939366,1536,1
8210,1337874,405200,1536,1
8211,5489636,1663950,1536,1
8212,2330162,705890,1536,1
8213,2081024,630235,1536,1
8214,886630,268555,1536,1
8215,2067112,626028,1536,1
8216,2726842,825793,1536,1
8217,763100,231126,1536,1
8218,1878308,568825,1536,1
8219,1171162,354717,1536,1
8220,1472622,449551,1536,1
8221,1307392,395962,1536,1
8222,609390,184600,1536,1
8223,3232834,979794,1536,1
8224,1336096,404876,1536,1
8225,1108160,335801,1536,1
8226,1567762,475363,1536,1
8227,1445126,437760,1536,1
8228,3837440,1162637,1536,1
8229,2655114,804308,1536,1
8230,2050670,621357,1536,1
8231,1130650,342451,1536,1
8232,842264,255088,1536,1
8233,824468,249725,1536,1
8234,3663358,1109369,1536,1
8235,1074856,325526,1536,1
8236,867328,262687,1536,1
8237,469746,142293,1536,1
8238,703038,213026,1536,1
8239,2449698,742019,1536,1
8240,1213830,367929,1536,1
8241,645658,195550,1536,1
8242,890802,269796,1536,1
8243,507816,153838,1536,1
8244,767538,232520,1536,1
8245,755364,228761,1536,1
8246,706618,214017,1536,1
8247,480396,145516,1536,1
8248,1110574,336359,1536,1
8249,662340,200601,1536,1
8250,484818,146844,1536,1
8251,1229838,372474,1536,1
8252,704538,213408,1536,1
8253,524354,159882,1536,1
8254,997074,302043,1536,1
8255,833004,252316,1536,1
8256,1232098,373564,1536,1
8257,699896,211980,1536,1
8258,2087708,632209,1536,1
8259,925554,280487,1536,1
8260,998824,302525,1536,1
8261,546380,165481,1536,1
8262,3302148,1000933,1536,1
8263,2958938,896098,1536,1
8264,995184,301627,1536,1
8265,3978838,1206533,1536,1
8266,5341675,1618193,1536,1
8267,1175338,356060,1536,1
8268,6053871,1834110,1536,1
8269,1594740,483258,1536,1
8270,2380616,723525,1536,1
8271,1048158,317483,1536,1
8272,1773816,537987,1536,1
8273,912448,276343,1536,1
8274,567532,171911,1536,1
8275,676446,204914,1536,1
8276,929438,281511,1536,1
8277,1692376,512562,1536,1
8278,2330868,705962,1536,1
8279,974754,295212,1536,1
8280,1148050,347724,1536,1
8281,1842304,557965,1536,1
8282,1962978,594862,1536,1
8283,3954366,1197511,1536,1
8284,2041254,620011,1536,1
8285,4492679,1361415,1536,1
8286,5315616,1610732,1536,1
8287,662212,200587,1536,1
8288,651616,197355,1536,1
8289,1541075,467579,1536,1
8290,1923300,583056,1536,1
8291,627762,190132,1536,1
8292,3165998,958760,1536,1
8293,2490498,755280,1536,1
8294,845980,256364,1536,1
8295,1207636,365786,1536,1
8296,4820734,1460481,1536,1
8297,3070784,931300,1536,1
8298,1282442,388422,1536,1
8299,2296854,697493,1536,1
8300,1663162,504176,1536,1
8301,1755434,531675,1536,1
8302,1849451,560462,1536,1
8303,1229418,372427,1536,1
8304,2129224,645116,1536,1
8305,985934,298676,1536,1
8306,2050690,621300,1536,1
8307,2352360,712422,1536,1
8308,3351638,1015154,1536,1
8309,2184778,661660,1536,1
8310,1341384,406267,1536,1
8311,1348518,408631,1536,1
8312,2105978,638160,1536,1
8313,1056908,320108,1536,1
8314,3925763,1189661,1536,1
8315,1651842,500582,1536,1
8316,1776696,538086,1536,1
8317,1158816,350961,1536,1
8318,865424,262162,1536,1
8319,1317845,399700,1536,1
8320,6035313,1828116,1536,1
8321,1525410,462041,1536,1
8322,1717478,520455,1536,1
8323,1710421,518358,1536,1
8324,836374,253407,1536,1
8325,1296714,392748,1536,1
8326,3409812,1032802,1536,1
8327,884596,268097,1536,1
8328,1284618,389206,1536,1
8329,1545330,468029,1536,1
8330,3836784,1162377,1536,1
8331,2435122,737923,1536,1
8332,685134,207533,1536,1
8333,2324768,705149,1536,1
8334,850200,257526,1536,1
8335,2839194,860473,1536,1
8336,1774212,537309,1536,1
8337,1969804,597793,1536,1
8338,1013754,307389,1536,1
8339,1180834,358148,1536,1
8340,591552,179189,1536,1
8341,1993322,603676,1536,1
8342,836966,253518,1536,1
8343,1886683,572247,1536,1
8344,1253294,379653,1536,1
8345,2273232,688462,1536,1
8346,883870,267738,1536,1
8347,2984252,906118,1536,1
8348,1670442,506013,1536,1
8349,4237348,1285507,1536,1
8350,998922,302569,1536,1
8351,1203160,364502,1536,1
8352,1788222,541565,1536,1
8353,527312,159731,1536,1
8354,750758,227409,1536,1
8355,521460,157943,1536,1
8356,1150044,348294,1536,1
8357,572480,173426,1536,1
8358,1675302,507562,1536,1
8359,1014620,307294,1536,1
8360,2572552,779562,1536,1
8361,1481632,448800,1536,1
8362,869504,263366,1536,1
8363,606720,183910,1536,1
8364,1505842,456077,1536,1
8365,1349022,410075,1536,1
8366,834944,253011,1536,1
8367,2777851,841994,1536,1
8368,1281142,387973,1536,1
8369,2391244,724163,1536,1
8370,1826724,553897,1536,1
8371,3077657,932726,1536,1
8372,574516,174043,1536,1
8373,532730,161367,1536,1
8374,737744,223466,1536,1
8375,1756880,532692,1536,1
8376,511284,154877,1536,1
8377,924656,280067,1536,1
8378,592546,179504,1536,1
8379,757354,229419,1536,1
8380,5110260,1548689,1536,1
8381,2896734,878046,1536,1
8382,1309322,396633,1536,1
8383,1006632,304894,1536,1
8384,1257090,380836,1536,1
8385,2092462,633699,1536,1
8386,1538968,473220,1536,1
8387,581768,176471,1536,1
8388,675536,204648,1536,1
8389,1045124,316512,1536,1
8390,893702,270699,1536,1
8391,4306378,1305745,1536,1
8392,1324612,401189,1536,1
8393,1972124,597262,1536,1
8394,1251612,379977,1536,1
8395,5813310,1761162,1536,1
8396,2644912,803972,1536,1
8397,3835765,1162873,1536,1
8398,588034,178127,1536,1
8399,1655076,501714,1536,1
8400,2280614,691235,1536,1
8401,2168706,656810,1536,1
8402,823560,249477,1536,1
8403,1987966,602175,1536,1
8404,2078908,629709,1536,1
8405,2804670,849510,1536,1
8406,1669584,505681,1536,1
8407,6268510,1901222,1536,1
8408,1188678,360028,1536,1
8409,1725890,522698,1536,1
8410,842408,255150,1536,1
8411,1584134,479751,1536,1
8412,5751029,1742672,1536,1
8413,2066164,625742,1536,1
8414,3418801,1036056,1536,1
8415,3318748,1005312,1536,1
8416,4222876,1279775,1536,1
8417,1802930,546036,1536,1
8418,1022252,309650,1536,1
8419,1470942,446237,1536,1
8420,840074,254604,1536,1
8421,3774092,1142921,1536,1
8422,862950,261374,1536,1
8423,623232,188782,1536,1
8424,892488,270316,1536,1
8425,600200,181809,1536,1
8426,2228386,674862,1536,1
8427,1780466,539278,1536,1
8428,1013464,306967,1536,1
8429,1079308,327301,1536,1
8430,3265060,988988,1536,1
8431,1024274,310254,1536,1
8432,10077234,3052868,1536,1
8433,3683412,1116086,1536,1
8434,2509940,760279,1536,1
8435,8702928,2636870,1536,1
8436,2991988,906954,1536,1
8437,3541826,1073869,1536,1
8438,2145732,650329,1536,1
8439,1024218,310719,1536,1
8440,4673869,1418240,1536,1
8441,2775439,842143,1536,1
8442,688566,208699,1536,1
8443,993766,301375,1536,1
8444,4302026,1303300,1536,1
8445,2666021,807820,1536,1
8446,877164,265789,1536,1
8447,8636316,2617467,1536,1
8448,1324474,401149,1536,1
8449,1028100,311409,1536,1
8450,1944348,589936,1536,1
8451,2180686,661845,1536,1
8452,1252504,379844,1536,1
8453,1367290,414146,1536,1
8454,2553664,774026,1536,1
8455,1456326,441120,1536,1
8456,2113324,641308,1536,1
8457,1411912,427708,1536,1
8458,1183918,358692,1536,1
8459,6237064,1889994,1536,1
8460,1744398,528613,1536,1
8461,2298864,696565,1536,1
8462,2648912,802763,1536,1
8463,2986066,904712,1536,1
8464,1176962,356477,1536,1
8465,2596068,787093,1536,1
8466,574386,173987,1536,1
8467,573112,173596,1536,1
8468,1445606,437821,1536,1
8469,572474,173408,1536,1
8470,993184,300859,1536,1
8471,3438409,1041723,1536,1
8472,1643193,498198,1536,1
8473,561448,170068,1536,1
8474,1355204,410425,1536,1
8475,6643304,2013660,1536,1
8476,6058903,1836046,1536,1
8477,1453168,440169,1536,1
8478,749380,227132,1536,1
8479,2487558,754321,1536,1
8480,3255140,986388,1536,1
8481,945448,286371,1536,1
8482,3186024,965593,1536,1
8483,2213044,670427,1536,1
8484,2214236,671395,1536,1
8485,1767930,535503,1536,1
8486,1788806,542360,1536,1
8487,6462092,1957676,1536,1
8488,1884724,571731,1536,1
8489,892938,270464,1536,1
8490,4364161,1321985,1536,1
8491,578744,175346,1536,1
8492,2526138,765103,1536,1
8493,853208,258649,1536,1
8494,1196394,362357,1536,1
8495,1129194,342009,1536,1
8496,1217468,368825,1536,1
8497,1112970,337100,1536,1
8498,1636358,495576,1536,1
8499,754450,228509,1536,1
8500,758146,229615,1536,1
8501,1221484,369934,1536,1
8502,551726,167121,1536,1
8503,1019572,308908,1536,1
8504,3127538,947206,1536,1
8505,1992072,604458,1536,1
8506,2010908,608981,1536,1
8507,5653189,1713317,1536,1
8508,4674208,1415957,1536,1
8509,1718712,521192,1536,1
8510,2249898,681443,1536,1
8511,2810872,851217,1536,1
8512,3219122,975144,1536,1
8513,3687542,1118675,1536,1
8514,1033446,313018,1536,1
8515,829840,251340,1536,1
8516,1513414,458342,1536,1
8517,2649588,802827,1536,1
8518,805184,243854,1536,1
8519,1248464,378196,1536,1
8520,566442,171583,1536,1
8521,1419062,429787,1536,1
8522,584026,176909,1536,1
8523,3487777,1062856,1536,1
8524,1794093,544187,1536,1
8525,4103708,1243285,1536,1
8526,610320,184895,1536,1
8527,4681357,1418272,1536,1
8528,5294628,1611406,1536,1
8529,1897628,574712,1536,1
8530,2687210,813891,1536,1
8531,1326676,401848,1536,1
8532,3513236,1064739,1536,1
8533,861658,260980,1536,1
8534,1413576,428127,1536,1
8535,3339932,1012112,1536,1
8536,568534,172216,1536,1
8537,1007700,305595,1536,1
8538,4750207,1446715,1536,1
8539,1376566,416917,1536,1
8540,1034796,313430,1536,1
8541,1249154,378531,1536,1
8542,1710758,518386,1536,1
8543,2216446,671261,1536,1
8544,986796,299023,1536,1
8545,1532756,464216,1536,1
8546,1641234,497160,1536,1
8547,1618650,490789,1536,1
8548,1719496,520848,1536,1
8549,1811756,548963,1536,1
8550,871630,264019,1536,1
8551,1198580,363000,1536,1
8552,1237722,374918,1536,1
8553,537584,162817,1536,1
8554,1223224,370479,1536,1
8555,739634,224042,1536,1
8556,742768,224988,1536,1
8557,1192044,361348,1536,1
8558,573412,173705,1536,1
8559,659556,199796,1536,1
8560,791118,240066,1536,1
8561,4413066,1345631,1536,1
8562,729252,220873,1536,1
8563,1446120,438104,1536,1
8564,1054466,319407,1536,1
8565,765840,231977,1536,1
8566,2322286,704011,1536,1
8567,825774,250150,1536,1
8568,7122316,2158174,1536,1
8569,2281506,690999,1536,1
8570,1525682,462095,1536,1
8571,5595114,1696710,1536,1
8572,1649416,499526,1536,1
8573,1699336,514661,1536,1
8574,1288554,390278,1536,1
8575,1583254,479603,1536,1
8576,1050070,318060,1536,1
8577,996120,301723,1536,1
8578,938722,284351,1536,1
8579,3766530,1142878,1536,1
8580,6648046,2015246,1536,1
8581,3285034,994884,1536,1
8582,3556082,1077672,1536,1
8583,1020079,309335,1536,1
8584,1630984,493963,1536,1
8585,1412798,427918,1536,1
8586,585696,177418,1536,1
8587,855534,259129,1536,1
8588,721338,218849,1536,1
8589,1506134,456214,1536,1
8590,2787702,851992,1536,1
8591,3040062,920657,1536,1
8592,2407968,729676,1536,1
8593,611116,185157,1536,1
8594,1124338,340507,1536,1
8595,1065804,322768,1536,1
8596,713256,216062,1536,1
8597,3660414,1109385,1536,1
8598,836314,253309,1536,1
8599,1065756,322782,1536,1
8600,834466,252745,1536,1
8601,608156,184214,1536,1
8602,2131246,645872,1536,1
8603,3715968,1126240,1536,1
8604,808362,244844,1536,1
8605,1379474,417806,1536,1
8606,2393262,724782,1536,1
8607,1202943,365479,1536,1
8608,2897667,878358,1536,1
8609,1915657,581009,1536,1
8610,2126827,644448,1536,1
8611,1030876,312217,1536,1
8612,4823985,1461889,1536,1
8613,1107479,335805,1536,1
8614,2192050,664085,1536,1
8615,904306,273924,1536,1
8616,969312,293776,1536,1
8617,2143508,649402,1536,1
8618,1246348,377775,1536,1
8619,1527364,462604,1536,1
8620,3141998,951468,1536,1
8621,1770928,536333,1536,1
8622,865202,262046,1536,1
8623,1994476,604245,1536,1
8624,1536012,465204,1536,1
8625,1407310,426228,1536,1
8626,1088610,329673,1536,1
8627,1091026,330417,1536,1
8628,566468,171591,1536,1
8629,1590910,482434,1536,1
8630,898696,272241,1536,1
8631,1097058,332964,1536,1
8632,1927186,583656,1536,1
8633,4423088,1340235,1536,1
8634,2524276,764461,1536,1
8635,1142687,346914,1536,1
8636,679230,205762,1536,1
8637,4044089,1225567,1536,1
8638,2733948,828110,1536,1
8639,1942466,588289,1536,1
8640,1551736,470771,1536,1
8641,6122208,1854644,1536,1
8642,780540,236440,1536,1
8643,1916842,580647,1536,1
8644,2600656,788170,1536,1
8645,1783210,540390,1536,1
8646,577482,174912,1536,1
8647,4276612,1296294,1536,1
8648,872410,264928,1536,1
8649,1489802,451211,1536,1
8650,1097090,332569,1536,1
8651,989130,300415,1536,1
8652,819776,248293,1536,1
8653,1547380,468614,1536,1
8654,2548848,771979,1536,1
8655,820166,248428,1536,1
8656,975652,295490,1536,1
8657,1695260,513533,1536,1
8658,1353724,410434,1536,1
8659,1028090,311371,1536,1
8660,2661000,805852,1536,1
8661,741902,224711,1536,1
8662,904583,274324,1536,1
8663,1810756,548792,1536,1
8664,6441399,1951039,1536,1
8665,863251,261801,1536,1
8666,1335704,404542,1536,1
8667,538932,163234,1536,1
8668,1238902,375226,1536,1
8669,761478,230665,1536,1
8670,518400,157017,1536,1
8671,1835832,555962,1536,1
8672,608702,184397,1536,1
8673,910482,275843,1536,1
8674,521878,158140,1536,1
8675,2339194,709113,1536,1
8676,1205996,365262,1536,1
8677,1118464,338735,1536,1
8678,537818,162926,1536,1
8679,506636,153440,1536,1
8680,1205262,365036,1536,1
8681,1588068,480954,1536,1
8682,999806,302823,1536,1
8683,983172,298031,1536,1
8684,869450,263374,1536,1
8685,1102764,333992,1536,1
8686,1419468,430049,1536,1
8687,1036542,313946,1536,1
8688,580554,175870,1536,1
8689,710968,215339,1536,1
8690,870716,263696,1536,1
8691,1141128,345693,1536,1
8692,918234,278118,1536,1
8693,908446,275326,1536,1
8694,930826,281933,1536,1
8695,701248,212438,1536,1
8696,910868,275865,1536,1
8697,1809922,548800,1536,1
8698,2765835,842125,1536,1
8699,2658972,805247,1536,1
8700,1167174,353491,1536,1
8701,1446718,438135,1536,1
8702,788682,238864,1536,1
8703,806234,244211,1536,1
8704,917688,277940,1536,1
8705,521604,157999,1536,1
8706,566216,172109,1536,1
8707,948228,287165,1536,1
8708,1109182,335925,1536,1
8709,563902,170829,1536,1
8710,1453440,440174,1536,1
8711,3761842,1139196,1536,1
8712,573484,173691,1536,1
8713,1432466,434160,1536,1
8714,764044,231397,1536,1
8715,815750,247069,1536,1
8716,557736,168938,1536,1
8717,556230,168583,1536,1
8718,559574,169502,1536,1
8719,1844146,558585,1536,1
8720,555570,168292,1536,1
8721,757282,229343,1536,1
8722,2405820,728582,1536,1
8723,537836,162918,1536,1
8724,4018896,1217800,1536,1
8725,1526856,462451,1536,1
8726,565114,171200,1536,1
8727,839682,254335,1536,1
8728,1362118,412988,1536,1
8729,545234,165159,1536,1
8730,1540972,466707,1536,1
8731,2486362,753592,1536,1
8732,2293936,695560,1536,1
8733,3775195,1143938,1536,1
8734,1777428,538310,1536,1
8735,1476798,447269,1536,1
8736,2956064,895209,1536,1
8737,1851968,560981,1536,1
8738,2403606,727933,1536,1
8739,912140,276297,1536,1
8740,10487354,3177822,1536,1
8741,1464066,446784,1536,1
8742,589998,178691,1536,1
8743,960684,290940,1536,1
8744,1105300,334759,1536,1
8745,3483772,1055001,1536,1
8746,2105543,638460,1536,1
8747,1687984,511200,1536,1
8748,1418094,429494,1536,1
8749,638874,193542,1536,1
8750,585028,177213,1536,1
8751,1811290,548558,1536,1
8752,873438,264574,1536,1
8753,1568596,475041,1536,1
8754,4467814,1354339,1536,1
8755,1443206,437161,1536,1
8756,1546298,468363,1536,1
8757,1734152,525712,1536,1
8758,3430860,1044730,1536,1
8759,2216406,671236,1536,1
8760,1538604,466446,1536,1
8761,1294480,392215,1536,1
8762,913980,276846,1536,1
8763,1886874,571987,1536,1
8764,1325196,401696,1536,1
8765,933360,282733,1536,1
8766,2116099,641740,1536,1
8767,2923636,886255,1536,1
8768,1196549,362748,1536,1
8769,2604748,789181,1536,1
8770,1206540,368427,1536,1
8771,3204485,971466,1536,1
8772,798452,242081,1536,1
8773,942621,285913,1536,1
8774,3511936,1064011,1536,1
8775,1310804,397010,1536,1
8776,1050212,318095,1536,1
8777,939236,284512,1536,1
8778,942210,285392,1536,1
8779,910020,276407,1536,1
8780,1082900,328230,1536,1
8781,1119620,339339,1536,1
8782,845504,256105,1536,1
8783,1635670,495632,1536,1
8784,2013488,609958,1536,1
8785,8169502,2475283,1536,1
8786,1289426,390916,1536,1
8787,1363118,412849,1536,1
8788,1833066,555708,1536,1
8789,2156592,653132,1536,1
8790,1059170,320805,1536,1
8791,1055902,319796,1536,1
8792,575538,174333,1536,1
8793,796320,241189,1536,1
8794,575276,174242,1536,1
8795,592596,179668,1536,1
8796,3974202,1205862,1536,1
8797,640124,193914,1536,1
8798,2968598,899004,1536,1
8799,857978,260382,1536,1
8800,1646230,498705,1536,1
8801,874228,264812,1536,1
8802,2184702,662446,1536,1
8803,2197664,666275,1536,1
8804,1280302,388175,1536,1
8805,2584798,782774,1536,1
8806,1858696,562994,1536,1
8807,917644,278214,1536,1
8808,988884,300602,1536,1
8809,804924,243796,1536,1
8810,549784,166511,1536,1
8811,549580,166471,1536,1
8812,1681184,509110,1536,1
8813,2733556,827825,1536,1
8814,2618638,793488,1536,1
8815,729990,221128,1536,1
8816,551756,167133,1536,1
8817,1308174,396201,1536,1
8818,736123,223442,1536,1
8819,572606,173445,1536,1
8820,1328732,402426,1536,1
8821,1553168,470394,1536,1
8822,1273652,385815,1536,1
8823,2068940,626573,1536,1
8824,834220,252686,1536,1
8825,1096098,331967,1536,1
8826,1299738,393604,1536,1
8827,2073280,627949,1536,1
8828,683692,207106,1536,1
8829,942554,285493,1536,1
8830,1584386,479845,1536,1
8831,1299470,393855,1536,1
8832,1830222,554953,1536,1
8833,2581938,782042,1536,1
8834,1186334,359386,1536,1
8835,964832,292221,1536,1
8836,1588204,481153,1536,1
8837,787928,239370,1536,1
8838,1188242,360052,1536,1
8839,1843690,559047,1536,1
8840,2824417,860047,1536,1
8841,1623166,491587,1536,1
8842,1120628,339498,1536,1
8843,631908,191409,1536,1
8844,1040804,315280,1536,1
8845,4536958,1373921,1536,1
8846,1541028,466692,1536,1
8847,3940624,1194339,1536,1
8848,1009478,305759,1536,1
8849,1112564,336978,1536,1
8850,1432044,433913,1536,1
8851,2074194,628218,1536,1
8852,1950288,590672,1536,1
8853,572218,173334,1536,1
8854,826886,250468,1536,1
8855,831206,251759,1536,1
8856,3529046,1068885,1536,1
8857,589416,178557,1536,1
8858,2018750,611378,1536,1
8859,554496,167938,1536,1
8860,5983340,1813907,1536,1
8861,3032938,919821,1536,1
8862,929240,281643,1536,1
8863,1523816,461680,1536,1
8864,2558974,774973,1536,1
8865,897776,272141,1536,1
8866,494832,149891,1536,1
8867,729962,221091,1536,1
8868,2435434,737605,1536,1
8869,2475010,750130,1536,1
8870,1101430,333575,1536,1
8871,751264,227538,1536,1
8872,580254,175774,1536,1
8873,1694410,513134,1536,1
8874,705152,213577,1536,1
8875,1263992,382844,1536,1
8876,2472242,749156,1536,1
8877,1187707,360019,1536,1
8878,663798,201055,1536,1
8879,2657678,805120,1536,1
8880,1622036,491468,1536,1
8881,1577206,477750,1536,1
8882,1806882,547211,1536,1
8883,1463292,443163,1536,1
8884,4255698,1290016,1536,1
8885,1380650,419352,1536,1
8886,1367410,414137,1536,1
8887,744432,225463,1536,1
8888,747774,226506,1536,1
8889,527122,159667,1536,1
8890,2753362,833977,1536,1
8891,2155070,652885,1536,1
8892,3018336,915806,1536,1
8893,3823932,1160027,1536,1
8894,1149854,348404,1536,1
8895,5577625,1690059,1536,1
8896,1579138,479366,1536,1
8897,3841203,1163485,1536,1
8898,1144925,347139,1536,1
8899,4792551,1451618,1536,1
8900,5309892,1608515,1536,1
8901,1963299,594924,1536,1
8902,1239780,375770,1536,1
8903,1809462,548456,1536,1
8904,3585190,1086214,1536,1
8905,1401508,424477,1536,1
8906,1239902,376212,1536,1
8907,6202276,1880845,1536,1
8908,1829108,553931,1536,1
8909,1590832,481800,1536,1
8910,928396,281212,1536,1
8911,1909108,578187,1536,1
8912,1616124,489549,1536,1
8913,1720584,521763,1536,1
8914,1214376,368584,1536,1
8915,1990016,603980,1536,1
8916,10674961,3234794,1536,1
8917,2756869,836295,1536,1
8918,696218,210997,1536,1
8919,1418136,429922,1536,1
8920,3148777,954284,1536,1
8921,805730,244071,1536,1
8922,1579848,478460,1536,1
8923,608392,184272,1536,1
8924,2251462,681875,1536,1
8925,2488016,753477,1536,1
8926,805130,243856,1536,1
8927,2275422,689258,1536,1
8928,588786,178339,1536,1
8929,589746,178611,1536,1
8930,1165266,352936,1536,1
8931,1414280,428323,1536,1
8932,993054,301214,1536,1
8933,870566,263733,1536,1
8934,1037946,314439,1536,1
8935,2356216,714427,1536,1
8936,3898554,1181995,1536,1
8937,2438278,739632,1536,1
8938,609366,184582,1536,1
8939,2580696,781496,1536,1
8940,1454366,440510,1536,1
8941,1466786,444600,1536,1
8942,1090888,330371,1536,1
8943,3459086,1049490,1536,1
8944,5467262,1656517,1536,1
8945,2412272,730603,1536,1
8946,900110,272648,1536,1
8947,2162206,655439,1536,1
8948,1507118,456453,1536,1
8949,1540950,466737,1536,1
8950,843638,255543,1536,1
8951,882218,267230,1536,1
8952,7009350,2125187,1536,1
8953,3587108,1087126,1536,1
8954,1811368,549875,1536,1
8955,833868,252582,1536,1
8956,1010252,306002,1536,1
8957,1618286,491282,1536,1
8958,899080,272331,1536,1
8959,1027068,311097,1536,1
8960,1092459,331222,1536,1
8961,2300980,697179,1536,1
8962,2437952,738688,1536,1
8963,930470,281811,1536,1
8964,3112249,942857,1536,1
8965,2046300,621191,1536,1
8966,2369192,718012,1536,1
8967,793474,240385,1536,1
8968,2071970,628167,1536,1
8969,637952,193338,1536,1
8970,2900710,878637,1536,1
8971,680770,206227,1536,1
8972,655578,198885,1536,1
8973,862034,261072,1536,1
8974,585938,177484,1536,1
8975,1761344,533703,1536,1
8976,998576,302571,1536,1
8977,766002,232031,1536,1
8978,2455752,743710,1536,1
8979,3136676,949877,1536,1
8980,888974,269246,1536,1
8981,1347204,408009,1536,1
8982,1060210,321103,1536,1
8983,1172050,355002,1536,1
8984,639086,193627,1536,1
8985,801618,242770,1536,1
8986,1391278,421405,1536,1
8987,20344386,6163436,1536,1
8988,3034942,920049,1536,1
8989,1358054,411389,1536,1
8990,936298,283645,1536,1
8991,1363186,412867,1536,1
8992,891548,270026,1536,1
8993,982002,297441,1536,1
8994,2655996,804321,1536,1
8995,603986,182926,1536,1
8996,865962,262307,1536,1
8997,604452,183093,1536,1
8998,607756,184091,1536,1
8999,614038,185994,1536,1
9000,1769666,536306,1536,1
9001,2334364,706902,1536,1
9002,1180846,358216,1536,1
9003,875096,265678,1536,1
9004,3382070,1024259,1536,1
9005,2342236,709345,1536,1
9006,3687792,1116797,1536,1
9007,1808574,547740,1536,1
9008,687700,208280,1536,1
9009,2380928,721381,1536,1
9010,1549766,469371,1536,1
9011,1995821,605264,1536,1
9012,3302579,1005180,1536,1
9013,3267390,989499,1536,1
9014,895288,271239,1536,1
9015,2510332,760330,1536,1
9016,2548910,771915,1536,1
9017,873964,264721,1536,1
9018,826826,250410,1536,1
9019,2494226,755355,1536,1
9020,3078550,933524,1536,1
9021,1363952,413097,1536,1
9022,1264710,383046,1536,1
9023,927932,281553,1536,1
9024,1706782,516950,1536,1
9025,1728794,523552,1536,1
9026,3432642,1039524,1536,1
9027,1720634,521100,1536,1
9028,613344,185783,1536,1
9029,3866608,1170880,1536,1
9030,1232324,373216,1536,1
9031,735180,222650,1536,1
9032,1824548,552543,1536,1
9033,532832,161401,1536,1
9034,1787574,541349,1536,1
9035,535380,162148,1536,1
9036,732370,221822,1536,1
9037,540138,163693,1536,1
9038,1044346,316315,1536,1
9039,1254204,379827,1536,1
9040,1227646,371774,1536,1
9041,870014,263612,1536,1
9042,765038,231890,1536,1
9043,641440,194520,1536,1
9044,2119648,642248,1536,1
9045,2299798,696534,1536,1
9046,874592,264912,1536,1
9047,794200,240763,1536,1
9048,4162700,1262981,1536,1
9049,3051948,924232,1536,1
9050,5406382,1637336,1536,1
9051,1335022,404313,1536,1
9052,622600,188658,1536,1
9053,3899238,1181909,1536,1
9054,1498492,454426,1536,1
9055,880938,266832,1536,1
9056,2656444,805554,1536,1
9057,1743848,529059,1536,1
9058,2182380,661767,1536,1
9059,4101304,1242737,1536,1
9060,695228,210591,1536,1
9061,1427072,432206,1536,1
9062,2436190,737893,1536,1
9063,3338342,1012015,1536,1
9064,1233292,373593,1536,1
9065,1469044,445053,1536,1
9066,4052718,1228906,1536,1
9067,952654,288648,1536,1
9068,1325076,401338,1536,1
9069,4168716,1264474,1536,1
9070,1599958,484572,1536,1
9071,859526,260372,1536,1
9072,1314696,398206,1536,1
9073,5166474,1565468,1536,1
9074,1389242,420739,1536,1
9075,672560,203697,1536,1
9076,1138504,344835,1536,1
9077,5570819,1689090,1536,1
9078,1520614,460562,1536,1
9079,2912518,882627,1536,1
9080,5870662,1778407,1536,1
9081,979484,296749,1536,1
9082,975846,295596,1536,1
9083,829892,251366,1536,1
9084,1110276,336295,1536,1
9085,726472,220072,1536,1
9086,1591252,481932,1536,1
9087,630018,190837,1536,1
9088,927762,281092,1536,1
9089,1201154,363889,1536,1
9090,804278,243590,1536,1
9091,853464,258485,1536,1
9092,2179672,660126,1536,1
9093,825574,250039,1536,1
9094,828448,250917,1536,1
9095,3158058,956710,1536,1
9096,2405376,728498,1536,1
9097,710848,215345,1536,1
9098,3633276,1100319,1536,1
9099,2216388,671223,1536,1
9100,1284460,389004,1536,1
9101,549124,166322,1536,1
9102,565340,171247,1536,1
9103,3176280,961884,1536,1
9104,556262,168500,1536,1
9105,1117058,338406,1536,1
9106,758824,229827,1536,1
9107,549764,166502,1536,1
9108,550034,166612,1536,1
9109,550176,166715,1536,1
9110,757290,229365,1536,1
9111,757086,229311,1536,1
9112,4603592,1394438,1536,1
9113,536174,162414,1536,1
9114,1227866,371840,1536,1
9115,1239626,375467,1536,1
9116,1918932,581332,1536,1
9117,811322,245811,1536,1
9118,1176556,356476,1536,1
9119,1098186,332647,1536,1
9120,625284,189421,1536,1
9121,552802,167452,1536,1
9122,1341668,406431,1536,1
9123,553688,167822,1536,1
9124,676888,205074,1536,1
9125,1922806,582335,1536,1
9126,1033084,312881,1536,1
9127,569794,172614,1536,1
9128,2582376,782045,1536,1
9129,2671644,809488,1536,1
9130,1683520,509946,1536,1
9131,782492,236998,1536,1
9132,536376,162480,1536,1
9133,796000,241111,1536,1
9134,804862,243778,1536,1
9135,533398,161547,1536,1
9136,782600,237032,1536,1
9137,1512164,457972,1536,1
9138,1338466,405354,1536,1
9139,2361840,716027,1536,1
9140,1246424,377502,1536,1
9141,522640,158322,1536,1
9142,1202086,364076,1536,1
9143,2285932,692275,1536,1
9144,803366,243676,1536,1
9145,1015034,307422,1536,1
9146,731474,221571,1536,1
9147,5519508,1672079,1536,1
9148,1746688,532427,1536,1
9149,1377278,417491,1536,1
9150,2759068,835512,1536,1
9151,530888,160810,1536,1
9152,1053934,319256,1536,1
9153,514234,155769,1536,1
9154,1030350,312070,1536,1
9155,2209262,669568,1536,1
9156,1331072,403114,1536,1
9157,760416,230293,1536,1
9158,1390964,421225,1536,1
9159,1596650,483547,1536,1
9160,2099000,635886,1536,1
9161,486670,147852,1536,1
9162,714880,216524,1536,1
9163,2348696,711291,1536,1
9164,888260,269101,1536,1
9165,719150,217819,1536,1
9166,3482664,1054656,1536,1
9167,1632658,494452,1536,1
9168,1723648,522003,1536,1
9169,474086,143604,1536,1
9170,470754,142574,1536,1
9171,1015852,307676,1536,1
9172,988572,299421,1536,1
9173,2658132,804999,1536,1
9174,509698,154404,1536,1
9175,971480,294347,1536,1
9176,1263314,383134,1536,1
9177,1034896,313457,1536,1
9178,4087074,1238417,1536,1
9179,1506242,456479,1536,1
9180,660964,200179,1536,1
9181,1988516,602283,1536,1
9182,706746,216131,1536,1
9183,609858,185214,1536,1
9184,4251916,1287617,1536,1
9185,794544,240688,1536,1
9186,764370,231510,1536,1
9187,2880024,872175,1536,1
9188,729782,221056,1536,1
9189,520902,157790,1536,1
9190,2155696,652797,1536,1
9191,2430788,736152,1536,1
9192,565378,171235,1536,1
9193,1987416,601856,1536,1
9194,1290154,390703,1536,1
9195,1952124,591281,1536,1
9196,882480,267590,1536,1
9197,665382,202907,1536,1
9198,1619204,490452,1536,1
9199,585266,177285,1536,1
9200,1294748,392122,1536,1
9201,585568,177376,1536,1
9202,584064,176892,1536,1
9203,804082,243623,1536,1
9204,582180,176336,1536,1
9205,1310264,396912,1536,1
9206,1480633,448731,1536,1
9207,906066,274532,1536,1
9208,876600,265508,1536,1
9209,1936792,586633,1536,1
9210,1962618,596118,1536,1
9211,855714,259154,1536,1
9212,1075652,325781,1536,1
9213,1905326,577034,1536,1
9214,585850,177446,1536,1
9215,1169236,354136,1536,1
9216,1071026,324378,1536,1
9217,699756,211986,1536,1
9218,1777012,538130,1536,1
9219,3436916,1040811,1536,1
9220,783940,237526,1536,1
9221,992982,300835,1536,1
9222,873638,264627,1536,1
9223,1414876,428497,1536,1
9224,803536,243391,1536,1
9225,1330070,402899,1536,1
9226,1275830,386386,1536,1
9227,838782,254047,1536,1
9228,1349664,408728,1536,1
9229,840490,254608,1536,1
9230,849836,257395,1536,1
9231,1681803,509949,1536,1
9232,2655048,804480,1536,1
9233,2048262,620605,1536,1
9234,771920,233817,1536,1
9235,3327101,1011590,1536,1
9236,1979859,600126,1536,1
9237,1297632,393381,1536,1
9238,1600914,485346,1536,1
9239,918138,278188,1536,1
9240,560300,169698,1536,1
9241,1499856,454224,1536,1
9242,1261590,382292,1536,1
9243,834036,252632,1536,1
9244,3273914,991919,1536,1
9245,1052230,318825,1536,1
9246,4950882,1499741,1536,1
9247,1070128,324231,1536,1
9248,1199348,363771,1536,1
9249,4898154,1485486,1536,1
9250,2871906,870207,1536,1
9251,1545504,468597,1536,1
9252,2570708,778839,1536,1
9253,2227766,674679,1536,1
9254,1068512,324465,1536,1
9255,1438456,435691,1536,1
9256,1743988,528245,1536,1
9257,3920913,1189009,1536,1
9258,2359164,715122,1536,1
9259,1909342,578250,1536,1
9260,4631192,1403643,1536,1
9261,1687242,511000,1536,1
9262,976250,295698,1536,1
9263,1694726,513516,1536,1
9264,6485318,1965063,1536,1
9265,2305304,698158,1536,1
9266,1075456,326111,1536,1
9267,2556932,774345,1536,1
9268,1812872,549037,1536,1
9269,1705022,516379,1536,1
9270,2431240,736286,1536,1
9271,1120988,339503,1536,1
9272,3253046,985136,1536,1
9273,1072064,324665,1536,1
9274,1609248,487356,1536,1
9275,1467188,444385,1536,1
9276,4062076,1230120,1536,1
9277,600374,181863,1536,1
9278,3540082,1073398,1536,1
9279,1278853,388068,1536,1
9280,2103490,637050,1536,1
9281,750828,227642,1536,1
9282,2458992,744646,1536,1
9283,2924988,885875,1536,1
9284,1122180,339921,1536,1
9285,815600,247034,1536,1
9286,584494,177052,1536,1
9287,626586,189818,1536,1
9288,896298,271491,1536,1
9289,774620,234650,1536,1
9290,2462414,745849,1536,1
9291,571684,173167,1536,1
9292,572888,173537,1536,1
9293,2483180,752012,1536,1
9294,1085352,328726,1536,1
9295,760268,230248,1536,1
9296,807644,244593,1536,1
9297,1717714,520687,1536,1
9298,2189838,663157,1536,1
9299,779980,237021,1536,1
9300,1197308,362635,1536,1
9301,2409960,731626,1536,1
9302,1575576,477183,1536,1
9303,964606,292148,1536,1
9304,3219238,974877,1536,1
9305,2769094,840082,1536,1
9306,4245276,1286075,1536,1
9307,1527432,462598,1536,1
9308,576996,174766,1536,1
9309,1531486,463806,1536,1
9310,1583016,479589,1536,1
9311,1276080,386438,1536,1
9312,1003564,303934,1536,1
9313,791338,239678,1536,1
9314,2244112,679595,1536,1
9315,555848,168373,1536,1
9316,805784,244070,1536,1
9317,3027304,916818,1536,1
9318,2316960,702144,1536,1
9319,2133672,646157,1536,1
9320,564470,170985,1536,1
9321,4675234,1417213,1536,1
9322,742086,224764,1536,1
9323,1968800,596245,1536,1
9324,1200346,363534,1536,1
9325,4032790,1221273,1536,1
9326,3280048,993803,1536,1
9327,510710,154687,1536,1
9328,1154670,349803,1536,1
9329,2515730,762388,1536,1
9330,892132,270204,1536,1
9331,1585290,480553,1536,1
9332,1751870,530591,1536,1
9333,1618376,490141,1536,1
9334,1135414,344224,1536,1
9335,698082,211416,1536,1
9336,806648,244331,1536,1
9337,3893718,1179128,1536,1
9338,932974,282567,1536,1
9339,696712,211025,1536,1
9340,1313682,397894,1536,1
9341,1775082,538115,1536,1
9342,650408,197015,1536,1
9343,941028,285012,1536,1
9344,1079678,327067,1536,1
9345,840304,254615,1536,1
9346,1052494,318844,1536,1
9347,745030,225665,1536,1
9348,780872,236489,1536,1
9349,764428,231548,1536,1
9350,714122,216293,1536,1
9351,1342314,406543,1536,1
9352,795202,240870,1536,1
9353,1402722,424835,1536,1
9354,4055968,1228259,1536,1
9355,559518,169460,1536,1
9356,1038414,314593,1536,1
9357,774582,235411,1536,1
9358,1171738,354843,1536,1
9359,974334,295091,1536,1
9360,757484,229538,1536,1
9361,1165656,353106,1536,1
9362,2986504,904400,1536,1
9363,3573672,1082218,1536,1
9364,1056248,319905,1536,1
9365,3010492,911683,1536,1
9366,2119026,641710,1536,1
9367,3429246,1039330,1536,1
9368,2013892,609880,1536,1
9369,2223848,673486,1536,1
9370,1869410,566138,1536,1
9371,566052,171482,1536,1
9372,536806,162605,1536,1
9373,534764,161962,1536,1
9374,1897974,575103,1536,1
9375,1583056,479513,1536,1
9376,1397200,423301,1536,1
9377,1151514,348763,1536,1
9378,520940,157788,1536,1
9379,1484392,450185,1536,1
9380,720832,218332,1536,1
9381,761680,230684,1536,1
9382,1630502,493806,1536,1
9383,808958,245035,1536,1
9384,2244506,681234,1536,1
9385,2024126,613583,1536,1
9386,1284186,389086,1536,1
9387,1025740,310711,1536,1
9388,1308640,396355,1536,1
9389,2604332,789371,1536,1
9390,2788306,844803,1536,1
9391,1567684,475126,1536,1
9392,3880584,1175875,1536,1
9393,2370144,718807,1536,1
9394,2063400,624989,1536,1
9395,1487730,450574,1536,1
9396,559080,169349,1536,1
9397,1077220,326247,1536,1
9398,761906,230766,1536,1
9399,2419990,732879,1536,1
9400,1773452,537257,1536,1
9401,1517756,459627,1536,1
9402,1000208,302932,1536,1
9403,1319966,399755,1536,1
9404,1172730,356116,1536,1
9405,997328,302060,1536,1
9406,2932946,888202,1536,1
9407,599258,181550,1536,1
9408,811764,245864,1536,1
9409,577500,174933,1536,1
9410,1116970,338285,1536,1
9411,1183222,358996,1536,1
9412,867016,262883,1536,1
9413,734164,222400,1536,1
9414,938106,284151,1536,1
9415,2915936,883783,1536,1
9416,912216,276307,1536,1
9417,1308736,396382,1536,1
9418,2715786,823028,1536,1
9419,3223674,976771,1536,1
9420,959990,290777,1536,1
9421,907380,274860,1536,1
9422,1467050,445011,1536,1
9423,4039902,1225343,1536,1
9424,931516,282192,1536,1
9425,1105526,334864,1536,1
9426,2160794,654407,1536,1
9427,3825158,1159679,1536,1
9428,2102677,637206,1536,1
9429,1444214,437412,1536,1
9430,1439562,435997,1536,1
9431,1152440,349033,1536,1
9432,2255986,683311,1536,1
9433,1530850,464288,1536,1
9434,3244046,983219,1536,1
9435,3902620,1182397,1536,1
9436,1044458,316377,1536,1
9437,1961198,593960,1536,1
9438,946750,288638,1536,1
9439,722632,218891,1536,1
9440,2259896,684781,1536,1
9441,3173796,961152,1536,1
9442,1249160,379501,1536,1
9443,623824,188967,1536,1
9444,903968,273815,1536,1
9445,1051186,318372,1536,1
9446,3743270,1135044,1536,1
9447,1490988,451594,1536,1
9448,1612386,488311,1536,1
9449,603762,182872,1536,1
9450,917644,278037,1536,1
9451,1432804,433975,1536,1
9452,1006234,304888,1536,1
9453,5946820,1801189,1536,1
9454,1832762,555041,1536,1
9455,618502,187359,1536,1
9456,1507786,456660,1536,1
9457,1176706,356405,1536,1
9458,1451662,439956,1536,1
9459,622186,188437,1536,1
9460,1801800,545689,1536,1
9461,854542,258811,1536,1
9462,738478,223686,1536,1
9463,621850,188358,1536,1
9464,1154554,349704,1536,1
9465,992480,300621,1536,1
9466,3065738,928916,1536,1
9467,3957541,1198910,1536,1
9468,633342,191841,1536,1
9469,865076,262037,1536,1
9470,973447,295660,1536,1
9471,2178848,660183,1536,1
9472,2032572,615873,1536,1
9473,1639150,497398,1536,1
9474,1630447,494122,1536,1
9475,1570036,475707,1536,1
9476,1664165,504423,1536,1
9477,3600616,1090793,1536,1
9478,1907480,577943,1536,1
9479,3223362,978833,1536,1
9480,4375644,1326994,1536,1
9481,2152994,652159,1536,1
9482,616594,186791,1536,1
9483,2054158,622378,1536,1
9484,1233524,373602,1536,1
9485,947562,287015,1536,1
9486,1010182,306317,1536,1
9487,1101690,333749,1536,1
9488,1844116,558495,1536,1
9489,1842842,558666,1536,1
9490,883088,267494,1536,1
9491,910872,275897,1536,1
9492,4308053,1305877,1536,1
9493,1154794,349760,1536,1
9494,766382,232386,1536,1
9495,709390,214889,1536,1
9496,830575,251701,1536,1
9497,3873070,1174929,1536,1
9498,2460572,745317,1536,1
9499,1063686,322895,1536,1
9500,584992,177218,1536,1
9501,1419524,430035,1536,1
9502,974800,295235,1536,1
9503,565440,171276,1536,1
9504,825848,250154,1536,1
9505,1278762,387302,1536,1
9506,1504296,456672,1536,1
9507,1261942,382348,1536,1
9508,854606,258944,1536,1
9509,1888386,572384,1536,1
9510,2433924,737106,1536,1
9511,1858002,562911,1536,1
9512,899616,272493,1536,1
9513,903296,273644,1536,1
9514,1447818,438497,1536,1
9515,1495357,453604,1536,1
9516,3342183,1012632,1536,1
9517,2852420,864110,1536,1
9518,890854,269837,1536,1
9519,4896608,1484632,1536,1
9520,1023602,348895,1536,1
9521,812527,246441,1536,1
9522,1133409,343636,1536,1
9523,2355894,713470,1536,1
9524,2774606,840264,1536,1
9525,961424,291234,1536,1
9526,850982,257791,1536,1
9527,804596,244279,1536,1
9528,4688114,1435531,1536,1
9529,732634,221930,1536,1
9530,2293398,695460,1536,1
9531,885298,268240,1536,1
9532,1555222,471025,1536,1
9533,2386394,723500,1536,1
9534,1893176,573456,1536,1
9535,2516796,764186,1536,1
9536,2968780,899036,1536,1
9537,756660,229202,1536,1
9538,1418810,430834,1536,1
9539,2598916,787167,1536,1
9540,2749763,833446,1536,1
9541,2557031,774962,1536,1
9542,3974518,1205347,1536,1
9543,3511900,1063965,1536,1
9544,2439609,739884,1536,1
9545,999304,302674,1536,1
9546,1823446,552238,1536,1
9547,3008752,911516,1536,1
9548,4012120,1216754,1536,1
9549,1552662,470236,1536,1
9550,1141750,345811,1536,1
9551,1215580,368147,1536,1
9552,788688,238899,1536,1
9553,1986088,601932,1536,1
9554,1536560,465366,1536,1
9555,1260846,381880,1536,1
9556,1981968,600237,1536,1
9557,1839686,557152,1536,1
9558,1902564,576152,1536,1
9559,2528200,765643,1536,1
9560,1052944,318919,1536,1
9561,1062938,321940,1536,1
9562,558758,169258,1536,1
9563,2405526,728860,1536,1
9564,1547418,468655,1536,1
9565,998962,303695,1536,1
9566,2524876,764827,1536,1
9567,894310,270896,1536,1
9568,2424347,735361,1536,1
9569,1395052,422686,1536,1
9570,2270196,687889,1536,1
9571,888133,269454,1536,1
9572,993938,301072,1536,1
9573,4594918,1395034,1536,1
9574,2774622,840383,1536,1
9575,1546002,468235,1536,1
9576,972884,294680,1536,1
9577,1474296,448583,1536,1
9578,932622,282486,1536,1
9579,4623208,1401455,1536,1
9580,5009946,1518032,1536,1
9581,883180,267505,1536,1
9582,5926873,1795759,1536,1
9583,5916443,1792671,1536,1
9584,2380426,721613,1536,1
9585,1053610,319292,1536,1
9586,1015454,307607,1536,1
9587,2277328,689732,1536,1
9588,1738912,526949,1536,1
9589,1834582,555915,1536,1
9590,2122034,643272,1536,1
9591,2393912,725493,1536,1
9592,3173750,961513,1536,1
9593,1858250,562890,1536,1
9594,2710144,821286,1536,1
9595,3121130,945569,1536,1
9596,1257046,380899,1536,1
9597,14681778,4447824,1536,1
9598,1932666,586062,1536,1
9599,985026,298370,1536,1
9600,4321530,1310084,1536,1
9601,2461758,746532,1536,1
9602,1361490,412537,1536,1
9603,4476390,1355596,1536,1
9604,1190198,360542,1536,1
9605,5422117,1643007,1536,1
9606,1593037,482797,1536,1
9607,6375419,1931972,1536,1
9608,7938153,2405279,1536,1
9609,5921012,1794851,1536,1
9610,1444950,437665,1536,1
9611,622988,188758,1536,1
9612,2799050,847659,1536,1
9613,592742,179548,1536,1
9614,1324298,401092,1536,1
9615,990512,300041,1536,1
9616,844196,256120,1536,1
9617,1049866,318256,1536,1
9618,1724663,526353,1536,1
9619,976596,295831,1536,1
9620,1325020,401357,1536,1
9621,932814,282551,1536,1
9622,783586,237331,1536,1
9623,2957335,896682,1536,1
9624,3004632,910381,1536,1
9625,596538,180701,1536,1
9626,1224962,371034,1536,1
9627,1610066,499704,1536,1
9628,5677490,1723345,1536,1
9629,1619652,490533,1536,1
9630,3809700,1154079,1536,1
9631,986582,298825,1536,1
9632,921780,279263,1536,1
9633,964942,292283,1536,1
9634,691142,209367,1536,1
9635,831086,251772,1536,1
9636,784870,237747,1536,1
9637,1256648,380601,1536,1
9638,817930,247756,1536,1
9639,3754894,1138081,1536,1
9640,3673600,1112538,1536,1
9641,738256,223594,1536,1
9642,1390858,421222,1536,1
9643,534834,162008,1536,1
9644,533152,161499,1536,1
9645,1642494,497518,1536,1
9646,997186,302114,1536,1
9647,3336919,1011301,1536,1
9648,1974374,597939,1536,1
9649,559128,169337,1536,1
9650,2265310,686119,1536,1
9651,5005828,1517530,1536,1
9652,4787117,1450884,1536,1
9653,3166192,960645,1536,1
9654,2709226,821039,1536,1
9655,1318360,399621,1536,1
9656,1336786,404868,1536,1
9657,3045710,922527,1536,1
9658,3328588,1008719,1536,1
9659,3010244,912303,1536,1
9660,9134770,2767945,1536,1
9661,4611892,1398273,1536,1
9662,3928088,1191270,1536,1
9663,2263570,685955,1536,1
9664,1236216,374420,1536,1
9665,1216898,369388,1536,1
9666,882392,267357,1536,1
9667,1093616,331266,1536,1
9668,2235808,677109,1536,1
9669,1184052,358648,1536,1
9670,778074,235690,1536,1
9671,2390424,727500,1536,1
9672,1672938,506769,1536,1
9673,821338,248793,1536,1
9674,3055957,927270,1536,1
9675,1290468,391125,1536,1
9676,3072418,937690,1536,1
9677,1920088,581493,1536,1
9678,892402,270753,1536,1
9679,1365942,413830,1536,1
9680,1896926,574494,1536,1
9681,831014,251849,1536,1
9682,1139390,345264,1536,1
9683,3843310,1164928,1536,1
9684,1519006,460774,1536,1
9685,3936566,1192731,1536,1
9686,3270500,994456,1536,1
9687,1840544,557440,1536,1
9688,1636204,496525,1536,1
9689,29750602,9012872,1536,1
9690,937864,284074,1536,1
9691,1148530,348163,1536,1
9692,2880740,872543,1536,1
9693,1330072,403152,1536,1
9694,925858,280495,1536,1
9695,1900802,576518,1536,1
9696,6054600,1836179,1536,1
9697,3634330,1101576,1536,1
9698,14186420,4298937,1536,1
9699,1638296,496534,1536,1
9700,1569621,476512,1536,1
9701,1983446,600738,1536,1
9702,10221842,3098031,1536,1
9703,2362216,717055,1536,1
9704,1664770,504685,1536,1
9705,1814522,549593,1536,1
9706,751694,227709,1536,1
9707,2938832,890235,1536,1
9708,757186,229352,1536,1
9709,2512886,762242,1536,1
9710,10944771,3316192,1536,1
9711,1409757,428721,1536,1
9712,1093546,331183,1536,1
9713,9599087,2908309,1536,1
9714,1460118,442224,1536,1
9715,3214052,973460,1536,1
9716,1786644,541280,1536,1
9717,1925996,583328,1536,1
9718,1186728,359435,1536,1
9719,5092738,1542475,1536,1
9720,2745132,831780,1536,1
9721,1275810,386591,1536,1
9722,785712,237981,1536,1
9723,3430634,1040518,1536,1
9724,1076530,326062,1536,1
9725,2321864,703260,1536,1
9726,5208839,1578835,1536,1
9727,1586668,486421,1536,1
9728,3684186,1116850,1536,1
9729,1044602,317228,1536,1
9730,4662184,1412058,1536,1
9731,2540280,769981,1536,1
9732,1154614,349817,1536,1
9733,1295364,392630,1536,1
9734,3225122,977702,1536,1
9735,4016812,1217554,1536,1
9736,3453364,1046513,1536,1
9737,966086,292750,1536,1
9738,1476410,447338,1536,1
9739,2227536,674687,1536,1
9740,12149097,3681255,1536,1
9741,1005654,304707,1536,1
9742,4323000,1310010,1536,1
9743,1261820,382356,1536,1
9744,827584,250904,1536,1
9745,818048,247933,1536,1
9746,1318360,400326,1536,1
9747,2463946,746926,1536,1
9748,2216004,671133,1536,1
9749,2785238,843489,1536,1
9750,1372824,417334,1536,1
9751,732704,221949,1536,1
9752,1726010,522730,1536,1
9753,616050,186625,1536,1
9754,886860,268639,1536,1
9755,624668,189234,1536,1
9756,786670,238362,1536,1
9757,3070020,930364,1536,1
9758,2054010,625335,1536,1
9759,2411406,731757,1536,1
9760,1398700,423657,1536,1
9761,843322,255443,1536,1
9762,4657048,1411144,1536,1
9763,2905494,880200,1536,1
9764,1650552,500094,1536,1
9765,856212,260183,1536,1
9766,1018074,308355,1536,1
9767,580800,175904,1536,1
9768,3755464,1139589,1536,1
9769,1924770,583196,1536,1
9770,871700,264029,1536,1
9771,3252042,986294,1536,1
9772,1448196,439560,1536,1
9773,1899638,575287,1536,1
9774,1848040,560432,1536,1
9775,954342,289064,1536,1
9776,1208274,366364,1536,1
9777,923660,279767,1536,1
9778,940786,284943,1536,1
9779,1488478,450925,1536,1
9780,1836824,557624,1536,1
9781,6024940,1825068,1536,1
9782,872478,264589,1536,1
9783,2104298,637249,1536,1
9784,3528852,1068959,1536,1
9785,1944376,589001,1536,1
9786,2353772,713559,1536,1
9787,943242,286077,1536,1
9788,2285172,693998,1536,1
9789,1305518,395621,1536,1
9790,893080,270513,1536,1
9791,1582880,480018,1536,1
9792,4423402,1340124,1536,1
9793,2512116,761139,1536,1
9794,2169828,658597,1536,1
9795,1177942,356782,1536,1
9796,2003802,608755,1536,1
9797,1495054,453076,1536,1
9798,3310144,1003167,1536,1
9799,2007418,608531,1536,1
9800,1344646,407249,1536,1
9801,1268286,384357,1536,1
9802,979562,296810,1536,1
9803,1230276,372637,1536,1
9804,1453310,440365,1536,1
9805,948992,287451,1536,1
9806,4268818,1293213,1536,1
9807,2948878,893369,1536,1
9808,986848,298923,1536,1
9809,2420154,733108,1536,1
9810,1200350,363562,1536,1
9811,1088680,330016,1536,1
9812,3213548,973736,1536,1
9813,7352610,2232147,1536,1
9814,1812244,548850,1536,1
9815,5111600,1548079,1536,1
9816,632670,191613,1536,1
9817,1152562,349043,1536,1
9818,909454,275476,1536,1
9819,2260890,684873,1536,1
9820,1376526,416924,1536,1
9821,1455762,442379,1536,1
9822,938542,284290,1536,1
9823,2193896,664923,1536,1
9824,626604,189807,1536,1
9825,2868837,869550,1536,1
9826,2371868,718638,1536,1
9827,5310297,1609196,1536,1
9828,8404053,2546201,1536,1
9829,4323815,1316392,1536,1
9830,2416660,731852,1536,1
9831,1532454,464130,1536,1
9832,3333588,1012136,1536,1
9833,4843098,1467095,1536,1
9834,3712820,1124938,1536,1
9835,7491390,2269161,1536,1
9836,1436679,435821,1536,1
9837,1150380,348436,1536,1
9838,623458,188854,1536,1
9839,2056092,622689,1536,1
9840,1585930,480943,1536,1
9841,1445088,437999,1536,1
9842,787548,238552,1536,1
9843,4300686,1302930,1536,1
9844,965690,292574,1536,1
9845,1348472,408425,1536,1
9846,703350,213073,1536,1
9847,3276884,992708,1536,1
9848,3356664,1016754,1536,1
9849,945196,286301,1536,1
9850,839478,254281,1536,1
9851,812940,246209,1536,1
9852,4134310,1252802,1536,1
9853,907636,274927,1536,1
9854,3287164,995465,1536,1
9855,647064,196022,1536,1
9856,1103518,334212,1536,1
9857,997132,301996,1536,1
9858,1927942,583887,1536,1
9859,3531884,1069567,1536,1
9860,1957894,592950,1536,1
9861,1826600,553306,1536,1
9862,571904,173332,1536,1
9863,1443874,437295,1536,1
9864,2292856,694356,1536,1
9865,817768,247710,1536,1
9866,1015442,307560,1536,1
9867,2082854,630767,1536,1
9868,537928,162946,1536,1
9869,587036,177794,1536,1
9870,1787808,541441,1536,1
9871,731308,221630,1536,1
9872,1701116,515765,1536,1
9873,1449028,438830,1536,1
9874,2056962,622960,1536,1
9875,1901386,575834,1536,1
9876,519488,157346,1536,1
9877,2864940,867605,1536,1
9878,740246,224232,1536,1
9879,910286,275676,1536,1
9880,769030,232900,1536,1
9881,2029852,614732,1536,1
9882,745268,225725,1536,1
9883,1228442,372053,1536,1
9884,815000,246922,1536,1
9885,1356962,410996,1536,1
9886,1342878,407287,1536,1
9887,1138644,345095,1536,1
9888,2609070,790541,1536,1
9889,886136,268400,1536,1
9890,843156,255392,1536,1
9891,880770,266783,1536,1
9892,2668238,808079,1536,1
9893,642296,194656,1536,1
9894,947318,287562,1536,1
9895,1808500,547716,1536,1
9896,1377804,418774,1536,1
9897,3694846,1120859,1536,1
9898,3756924,1138383,1536,1
9899,843156,255400,1536,1
9900,3653550,1107115,1536,1
9901,2244020,680388,1536,1
9902,2430572,736486,1536,1
9903,1404700,425540,1536,1
9904,2290318,693625,1536,1
9905,602856,182683,1536,1
9906,1236886,374600,1536,1
9907,2063380,624894,1536,1
9908,3315976,1004399,1536,1
9909,1923594,582563,1536,1
9910,3246706,983551,1536,1
9911,2796474,846926,1536,1
9912,2239404,678217,1536,1
9913,1506128,456152,1536,1
9914,569732,172580,1536,1
9915,1099596,333046,1536,1
9916,786320,238160,1536,1
9917,1113546,337257,1536,1
9918,1082912,327975,1536,1
9919,2423976,734085,1536,1
9920,619548,187681,1536,1
9921,1057274,320211,1536,1
9922,589560,178580,1536,1
9923,1303728,394833,1536,1
9924,1777624,538666,1536,1
9925,3466842,1051134,1536,1
9926,3272575,992298,1536,1
9927,1290891,391519,1536,1
9928,1442032,436742,1536,1
9929,1788592,541907,1536,1
9930,2191662,663954,1536,1
9931,3440710,1042631,1536,1
9932,1156940,350389,1536,1
9933,3588684,1086877,1536,1
9934,755716,229393,1536,1
9935,867720,262836,1536,1
9936,1642788,497528,1536,1
9937,2762904,836890,1536,1
9938,810966,245874,1536,1
9939,2809872,850926,1536,1
9940,1809570,548043,1536,1
9941,2878732,872083,1536,1
9942,2484296,754510,1536,1
9943,1666168,504611,1536,1
9944,2191758,663767,1536,1
9945,3030152,918374,1536,1
9946,1085190,328960,1536,1
9947,2582170,782306,1536,1
9948,2219884,673272,1536,1
9949,1796131,544286,1536,1
9950,1512592,458163,1536,1
9951,2976178,901653,1536,1
9952,922878,279743,1536,1
9953,2380748,722303,1536,1
9954,3207334,972065,1536,1
9955,4496494,1362278,1536,1
9956,3186012,964850,1536,1
9957,1023760,310095,1536,1
9958,4890142,1480868,1536,1
9959,2974986,900944,1536,1
9960,1154806,349777,1536,1
9961,917946,278029,1536,1
9962,1364054,413701,1536,1
9963,4025695,1220238,1536,1
9964,4342988,1316044,1536,1
9965,2928098,887208,1536,1
9966,3252366,985305,1536,1
9967,809314,245368,1536,1
9968,3661898,1110550,1536,1
9969,3574750,1082562,1536,1
9970,1176936,356593,1536,1
9971,1343914,407665,1536,1
9972,4438299,1345206,1536,1
9973,1771466,537064,1536,1
9974,6096414,1848079,1536,1
9975,4664403,1414633,1536,1
9976,1225082,372880,1536,1
9977,3413488,1033737,1536,1
9978,610232,184842,1536,1
9979,894492,270923,1536,1
9980,1471990,445795,1536,1
9981,783398,237279,1536,1
9982,569562,172527,1536,1
9983,932254,282561,1536,1
9984,2738290,829403,1536,1
9985,947164,287992,1536,1
9986,592416,179422,1536,1
9987,1409688,426994,1536,1
9988,2005590,607576,1536,1
9989,3184790,964807,1536,1
9990,796992,241419,1536,1
9991,889136,269316,1536,1
9992,2372726,718561,1536,1
9993,2967370,898796,1536,1
9994,4579410,1388457,1536,1
9995,3030708,918576,1536,1
9996,4199478,1271728,1536,1
9997,6066268,1837010,1536,1
9998,1357424,411100,1536,1
9999,1729862,523883,1536,1
