iter,cycles,time_ns,peak_rss_kb,ok
0,544212,164895,1536,1
1,371678,112635,1536,1
2,461960,139978,1536,1
3,529214,160360,1536,1
4,509800,154478,1536,1
5,520064,157562,1536,1
6,467194,141548,1536,1
7,348468,105584,1536,1
8,623084,190064,1536,1
9,562548,170436,1536,1
10,843314,256575,1536,1
11,529306,160353,1536,1
12,606172,183902,1536,1
13,621948,188443,1536,1
14,536684,162619,1536,1
15,341738,103532,1536,1
16,584608,177113,1536,1
17,378916,114820,1536,1
18,522428,158288,1536,1
19,441544,133815,1536,1
20,515506,156233,1536,1
21,506956,153597,1536,1
22,609056,184648,1536,1
23,520016,157561,1536,1
24,537644,162904,1536,1
25,598320,181257,1536,1
26,565174,171236,1536,1
27,617158,186979,1536,1
28,598826,181432,1536,1
29,363102,110007,1536,1
30,361216,109431,1536,1
31,361372,109479,1536,1
32,362400,109877,1536,1
33,392992,119109,1536,1
34,418940,126981,1536,1
35,364322,110377,1536,1
36,360046,109081,1536,1
37,363658,110171,1536,1
38,424616,128669,1536,1
39,440410,133459,1536,1
40,492758,149345,1536,1
41,529500,160449,1536,1
42,520648,157765,1536,1
43,560378,169784,1536,1
44,442070,133951,1536,1
45,400788,121449,1536,1
46,366600,111055,1536,1
47,479768,145373,1536,1
48,450968,136644,1536,1
49,367228,111248,1536,1
50,363874,110245,1536,1
51,383736,116286,1536,1
52,432858,131170,1536,1
53,359656,108960,1536,1
54,359948,109053,1536,1
55,359606,108945,1536,1
56,365978,110897,1536,1
57,521802,158108,1536,1
58,630076,190881,1536,1
59,629206,190610,1536,1
60,367696,111418,1536,1
61,390386,118308,1536,1
62,354500,107399,1536,1
63,355070,107571,1536,1
64,355524,107686,1536,1
65,356736,108077,1536,1
66,354112,107260,1536,1
67,418364,126874,1536,1
68,359050,108778,1536,1
69,355540,107714,1536,1
70,521618,158029,1536,1
71,682010,206606,1536,1
72,444534,134694,1536,1
73,416540,126216,1536,1
74,596174,180621,1536,1
75,635186,192430,1536,1
76,714194,216356,1536,1
77,459234,139165,1536,1
78,557215,169118,1536,1
79,365040,110595,1536,1
80,339004,102738,1536,1
81,529155,160684,1536,1
82,660807,200545,1536,1
83,555582,168320,1536,1
84,320700,97182,1536,1
85,316756,95973,1536,1
86,315102,95460,1536,1
87,470834,143034,1536,1
88,462018,140278,1536,1
89,316318,95842,1536,1
90,485044,146960,1536,1
91,413172,125252,1536,1
92,520864,157813,1536,1
93,686188,207922,1536,1
94,510774,154751,1536,1
95,503592,152575,1536,1
96,545150,165153,1536,1
97,656816,199278,1536,1
98,574600,174278,1536,1
99,556206,168477,1536,1
100,567320,171937,1536,1
101,522080,158195,1536,1
102,512382,155225,1536,1
103,494334,149996,1536,1
104,566284,171574,1536,1
105,476052,144233,1536,1
106,582868,176577,1536,1
107,351586,106529,1536,1
108,508324,154015,1536,1
109,351114,106373,1536,1
110,554482,167984,1536,1
111,525284,159151,1536,1
112,524366,158867,1536,1
113,583478,176847,1536,1
114,565524,171321,1536,1
115,656566,198908,1536,1
116,454120,138299,1536,1
117,445760,135090,1536,1
118,354128,107294,1536,1
119,353582,107114,1536,1
120,650864,197677,1536,1
121,630502,191495,1536,1
122,609781,184904,1536,1
123,564034,171237,1536,1
124,561800,170198,1536,1
125,590496,178904,1536,1
126,645758,195688,1536,1
127,402554,122000,1536,1
128,531642,161087,1536,1
129,595890,180536,1536,1
130,554962,168135,1536,1
131,552512,167534,1536,1
132,534744,161990,1536,1
133,537442,162811,1536,1
134,702012,212663,1536,1
135,550374,166750,1536,1
136,440604,133522,1536,1
137,520586,157706,1536,1
138,1358839,412224,1536,1
139,537292,162784,1536,1
140,580912,176008,1536,1
141,618656,187426,1536,1
142,569204,172468,1536,1
143,1020174,309048,1536,1
144,580310,175813,1536,1
145,508992,154219,1536,1
146,361382,109478,1536,1
147,400754,121440,1536,1
148,388524,117711,1536,1
149,560722,169889,1536,1
150,572874,173713,1536,1
151,356960,108131,1536,1
152,604818,183255,1536,1
153,355314,107645,1536,1
154,389666,118081,1536,1
155,531688,161082,1536,1
156,525152,159107,1536,1
157,608278,184377,1536,1
158,361638,109555,1536,1
159,469133,142259,1536,1
160,367434,111326,1536,1
161,353042,106936,1536,1
162,461822,139926,1536,1
163,342276,103673,1536,1
164,341520,103445,1536,1
165,346600,105205,1536,1
166,342164,103663,1536,1
167,381538,115617,1536,1
168,333816,101133,1536,1
169,332910,100856,1536,1
170,331694,100491,1536,1
171,331488,100418,1536,1
172,331938,100542,1536,1
173,334588,101364,1536,1
174,503280,153171,1536,1
175,339250,102781,1536,1
176,334028,101182,1536,1
177,381530,115609,1536,1
178,327116,99100,1536,1
179,324632,98332,1536,1
180,395142,119791,1536,1
181,332048,100593,1536,1
182,329446,99894,1536,1
183,330296,100068,1536,1
184,332480,100728,1536,1
185,331806,100523,1536,1
186,329712,99891,1536,1
187,332564,100740,1536,1
188,322360,97663,1536,1
189,323692,98067,1536,1
190,322528,97713,1536,1
191,324844,98414,1536,1
192,322526,97716,1536,1
193,321540,97409,1536,1
194,336150,101835,1536,1
195,331738,100501,1536,1
196,534594,161969,1536,1
197,340900,103310,1536,1
198,328988,99672,1536,1
199,429110,130020,1536,1
200,584122,177010,1536,1
201,362732,109913,1536,1
202,330278,100061,1536,1
203,331432,100412,1536,1
204,360056,109114,1536,1
205,322762,97781,1536,1
206,323690,98066,1536,1
207,322294,97637,1536,1
208,370238,112193,1536,1
209,532760,161401,1536,1
210,439152,133153,1536,1
211,316826,95979,1536,1
212,313758,95057,1536,1
213,318514,96494,1536,1
214,333666,101195,1536,1
215,319308,96734,1536,1
216,331366,100390,1536,1
217,308684,93528,1536,1
218,486680,147446,1536,1
219,391038,118483,1536,1
220,318312,96453,1536,1
221,297740,90189,1536,1
222,376940,114211,1536,1
223,534088,161808,1536,1
224,526420,159494,1536,1
225,531196,160932,1536,1
226,584104,176951,1536,1
227,557446,168875,1536,1
228,556704,168665,1536,1
229,466340,141291,1536,1
230,507194,153658,1536,1
231,481806,145975,1536,1
232,662608,200854,1536,1
233,591668,179279,1536,1
234,676980,205110,1536,1
235,572870,173580,1536,1
236,610122,184835,1536,1
237,571572,173173,1536,1
238,599060,181482,1536,1
239,370594,112304,1536,1
240,355432,107684,1536,1
241,355856,107911,1536,1
242,356976,108154,1536,1
243,354640,107421,1536,1
244,355502,107703,1536,1
245,354998,107543,1536,1
246,641010,194192,1536,1
247,357320,108250,1536,1
248,356770,108084,1536,1
249,354790,107486,1536,1
250,360450,109206,1536,1
251,364806,110517,1536,1
252,371902,112665,1536,1
253,367638,111391,1536,1
254,365166,110633,1536,1
255,368164,111513,1536,1
256,364456,110413,1536,1
257,366118,110917,1536,1
258,412180,124891,1536,1
259,604880,183274,1536,1
260,551588,167122,1536,1
261,362242,109751,1536,1
262,364032,110287,1536,1
263,430956,130603,1536,1
264,454370,137670,1536,1
265,537120,162738,1536,1
266,555328,168248,1536,1
267,374594,113485,1536,1
268,371348,112507,1536,1
269,375824,113858,1536,1
270,370052,112109,1536,1
271,376890,114276,1536,1
272,378184,114577,1536,1
273,472692,143238,1536,1
274,616078,186666,1536,1
275,561102,170189,1536,1
276,561032,169959,1536,1
277,566204,171586,1536,1
278,579236,175498,1536,1
279,371644,112629,1536,1
280,353102,106977,1536,1
281,527700,159890,1536,1
282,370854,112357,1536,1
283,362782,109915,1536,1
284,358234,108530,1536,1
285,431900,130864,1536,1
286,593202,180199,1536,1
287,351540,106499,1536,1
288,352814,106885,1536,1
289,340490,103154,1536,1
290,337800,102344,1536,1
291,332100,100605,1536,1
292,333570,101055,1536,1
293,333716,101101,1536,1
294,321162,97306,1536,1
295,340990,103413,1536,1
296,328114,99564,1536,1
297,324756,98387,1536,1
298,359086,108840,1536,1
299,504656,152886,1536,1
300,1935873,587528,1536,1
301,489152,148223,1536,1
302,347284,105237,1536,1
303,353232,107034,1536,1
304,311736,94444,1536,1
305,311620,94548,1536,1
306,305968,92693,1536,1
307,304464,92238,1536,1
308,298034,90293,1536,1
309,299690,90791,1536,1
310,297536,90141,1536,1
311,298366,90393,1536,1
312,320584,97123,1536,1
313,283752,85948,1536,1
314,283208,85798,1536,1
315,283388,85835,1536,1
316,284950,86327,1536,1
317,276964,83909,1536,1
318,276308,83707,1536,1
319,286084,86700,1536,1
320,275708,83510,1536,1
321,275960,83587,1536,1
322,277762,84135,1536,1
323,276972,83906,1536,1
324,274270,83075,1536,1
325,296414,89787,1536,1
326,276790,83842,1536,1
327,310296,94092,1536,1
328,280722,85053,1536,1
329,453224,137299,1536,1
330,500952,151761,1536,1
331,460066,139384,1536,1
332,300312,90984,1536,1
333,316658,95932,1536,1
334,326104,98804,1536,1
335,484600,146830,1536,1
336,578488,175835,1536,1
337,581626,176207,1536,1
338,315052,95464,1536,1
339,509420,154355,1536,1
340,468346,141884,1536,1
341,476326,144301,1536,1
342,513840,155668,1536,1
343,472598,143271,1536,1
344,482216,146055,1536,1
345,525548,159215,1536,1
346,564740,172061,1536,1
347,481522,145865,1536,1
348,475054,143916,1536,1
349,457810,138685,1536,1
350,486548,147387,1536,1
351,476694,144414,1536,1
352,440232,133358,1536,1
353,377656,114430,1536,1
354,379636,115046,1536,1
355,484228,146713,1536,1
356,480914,145724,1536,1
357,315284,95525,1536,1
358,314374,95249,1536,1
359,322686,97794,1536,1
360,307832,93281,1536,1
361,307158,93047,1536,1
362,307486,93157,1536,1
363,335274,101615,1536,1
364,314464,95278,1536,1
365,503304,152506,1536,1
366,562304,170352,1536,1
367,552690,167435,1536,1
368,594438,180084,1536,1
369,727680,220872,1536,1
370,664926,201431,1536,1
371,611678,185321,1536,1
372,668674,202939,1536,1
373,2006529,608712,1536,1
374,803708,243707,1536,1
375,585760,177458,1536,1
376,735506,223300,1536,1
377,378386,114650,1536,1
378,912474,276609,1536,1
379,427388,129518,1536,1
380,377848,114467,1536,1
381,513192,155490,1536,1
382,377526,114383,1536,1
383,373486,113147,1536,1
384,372958,112989,1536,1
385,370712,112311,1536,1
386,553504,167687,1536,1
387,600522,181980,1536,1
388,375066,113627,1536,1
389,468262,141883,1536,1
390,379220,114933,1536,1
391,374598,113487,1536,1
392,371706,112613,1536,1
393,592932,179651,1536,1
394,587748,178066,1536,1
395,609618,184714,1536,1
396,377726,114443,1536,1
397,367188,111333,1536,1
398,380500,115299,1536,1
399,499086,151306,1536,1
400,408332,123740,1536,1
401,617442,187042,1536,1
402,357990,108472,1536,1
403,397654,120497,1536,1
404,450060,136364,1536,1
405,487520,148241,1536,1
406,374506,113492,1536,1
407,352358,106729,1536,1
408,396702,120216,1536,1
409,354226,107314,1536,1
410,355210,107612,1536,1
411,342218,103657,1536,1
412,341964,103589,1536,1
413,341298,103399,1536,1
414,342838,103856,1536,1
415,462194,140025,1536,1
416,615316,186428,1536,1
417,670966,203276,1536,1
418,337844,102351,1536,1
419,402992,122111,1536,1
420,332332,100772,1536,1
421,336414,101918,1536,1
422,365276,110681,1536,1
423,363824,110229,1536,1
424,627740,190181,1536,1
425,609620,184795,1536,1
426,554578,167999,1536,1
427,505754,153218,1536,1
428,340586,103181,1536,1
429,563020,170574,1536,1
430,391852,118736,1536,1
431,439758,133243,1536,1
432,558544,169227,1536,1
433,583120,176640,1536,1
434,643860,195054,1536,1
435,566656,171664,1536,1
436,490960,148748,1536,1
437,498430,151087,1536,1
438,456402,138345,1536,1
439,659766,199886,1536,1
440,558900,169303,1536,1
441,1041730,316154,1536,1
442,2015460,610985,1536,1
443,620458,188059,1536,1
444,355684,107757,1536,1
445,581438,176159,1536,1
446,549748,166544,1536,1
447,543412,164641,1536,1
448,359858,109024,1536,1
449,400028,121216,1536,1
450,363250,110050,1536,1
451,411798,124782,1536,1
452,361956,109658,1536,1
453,359718,108979,1536,1
454,364208,110362,1536,1
455,357000,108157,1536,1
456,618686,187434,1536,1
457,417234,126462,1536,1
458,563388,170732,1536,1
459,353728,107179,1536,1
460,510070,154675,1536,1
461,351214,106402,1536,1
462,634456,192214,1536,1
463,509074,154244,1536,1
464,563672,170748,1536,1
465,554902,168144,1536,1
466,516582,156518,1536,1
467,363178,110039,1536,1
468,364202,110336,1536,1
469,364184,110326,1536,1
470,365334,110700,1536,1
471,406430,123168,1536,1
472,365308,110678,1536,1
473,380798,115390,1536,1
474,360458,109207,1536,1
475,786628,238923,1536,1
476,364796,110522,1536,1
477,371450,112584,1536,1
478,360150,109088,1536,1
479,360772,109301,1536,1
480,613380,185896,1536,1
481,575052,174217,1536,1
482,401466,121691,1536,1
483,397298,120391,1536,1
484,352126,106677,1536,1
485,385862,116926,1536,1
486,353470,107102,1536,1
487,412614,125027,1536,1
488,449776,136280,1536,1
489,381062,115470,1536,1
490,341612,103494,1536,1
491,610526,185154,1536,1
492,489394,148491,1536,1
493,506290,153602,1536,1
494,612448,185524,1536,1
495,587126,177867,1536,1
496,535990,162386,1536,1
497,544080,164874,1536,1
498,503774,152780,1536,1
499,513816,155726,1536,1
500,899290,272673,1536,1
501,587478,177988,1536,1
502,635618,192567,1536,1
503,551204,166993,1536,1
504,540114,163654,1536,1
505,550648,166842,1536,1
506,635268,193020,1536,1
507,571148,173037,1536,1
508,593290,179746,1536,1
509,700076,212082,1536,1
510,555440,168285,1536,1
511,600758,181984,1536,1
512,739998,224185,1536,1
513,646794,195944,1536,1
514,664430,201331,1536,1
515,1018752,308777,1536,1
516,404456,122582,1536,1
517,577544,175061,1536,1
518,365466,110729,1536,1
519,365092,110606,1536,1
520,445240,134908,1536,1
521,368194,111549,1536,1
522,534312,161882,1536,1
523,396436,120118,1536,1
524,563572,170748,1536,1
525,552740,167509,1536,1
526,356102,107888,1536,1
527,573082,173649,1536,1
528,401220,121585,1536,1
529,455108,137895,1536,1
530,353236,106994,1536,1
531,503558,152568,1536,1
532,4855167,1470966,1536,1
533,577946,175119,1536,1
534,666952,202188,1536,1
535,602202,182439,1536,1
536,368318,111614,1536,1
537,439780,133272,1536,1
538,550276,166713,1536,1
539,347562,105302,1536,1
540,404550,122557,1536,1
541,332634,100773,1536,1
542,325314,98556,1536,1
543,324742,98362,1536,1
544,363550,110163,1536,1
545,324792,98377,1536,1
546,467312,141583,1536,1
547,609792,184737,1536,1
548,444576,134705,1536,1
549,324156,98187,1536,1
550,324344,98333,1536,1
551,394060,119359,1536,1
552,357036,108190,1536,1
553,325690,98673,1536,1
554,331032,100279,1536,1
555,330832,100230,1536,1
556,579428,175545,1536,1
557,566364,171571,1536,1
558,383358,116273,1536,1
559,333220,101035,1536,1
560,329518,99817,1536,1
561,379172,114894,1536,1
562,325314,98536,1536,1
563,548498,166190,1536,1
564,587588,178036,1536,1
565,594166,180004,1536,1
566,326230,98844,1536,1
567,458060,138784,1536,1
568,363846,110254,1536,1
569,352804,106907,1536,1
570,322192,97602,1536,1
571,380574,115318,1536,1
572,325956,98825,1536,1
573,323938,98130,1536,1
574,322910,97818,1536,1
575,527312,159753,1536,1
576,341186,103379,1536,1
577,380248,115218,1536,1
578,334616,101372,1536,1
579,333968,101241,1536,1
580,338846,102660,1536,1
581,361196,109450,1536,1
582,322578,97719,1536,1
583,326934,99038,1536,1
584,341490,103493,1536,1
585,314158,95155,1536,1
586,528750,160422,1536,1
587,525372,159182,1536,1
588,1794139,543582,1536,1
589,382368,115878,1536,1
590,533814,161732,1536,1
591,565234,171238,1536,1
592,318178,96394,1536,1
593,456580,138334,1536,1
594,316348,95832,1536,1
595,327386,99168,1536,1
596,524084,159006,1536,1
597,461372,139810,1536,1
598,367804,111466,1536,1
599,312666,94738,1536,1
600,338572,102600,1536,1
601,416756,126279,1536,1
602,316424,95862,1536,1
603,491610,149027,1536,1
604,493582,149531,1536,1
605,314800,95370,1536,1
606,453486,137401,1536,1
607,536527,163858,1536,1
608,822783,249804,1536,1
609,513280,155506,1536,1
610,401010,121532,1536,1
611,1786190,541264,1536,1
612,438668,132933,1536,1
613,631013,191303,1536,1
614,1121730,340526,1536,1
615,325102,98493,1536,1
616,465788,141199,1536,1
617,502376,152195,1536,1
618,443782,134455,1536,1
619,468574,142273,1536,1
620,740694,225686,1536,1
621,334704,101396,1536,1
622,465082,140901,1536,1
623,493226,149430,1536,1
624,508146,154382,1536,1
625,335608,101689,1536,1
626,353196,107016,1536,1
627,382096,115779,1536,1
628,347870,105414,1536,1
629,343730,104141,1536,1
630,586598,178717,1536,1
631,528812,160242,1536,1
632,421522,127722,1536,1
633,881030,267256,1536,1
634,555610,168349,1536,1
635,531548,161031,1536,1
636,623708,188994,1536,1
637,645834,195721,1536,1
638,656902,199058,1536,1
639,574450,174069,1536,1
640,462402,140112,1536,1
641,535512,162252,1536,1
642,670664,203407,1536,1
643,545614,165298,1536,1
644,602136,182435,1536,1
645,579376,175525,1536,1
646,652442,197670,1536,1
647,580250,175787,1536,1
648,363420,110182,1536,1
649,362290,109764,1536,1
650,518212,157018,1536,1
651,1753278,532038,1536,1
652,593574,179808,1536,1
653,637388,193101,1536,1
654,811156,246106,1536,1
655,687060,208378,1536,1
656,570524,172848,1536,1
657,560450,169839,1536,1
658,562768,170496,1536,1
659,640808,194129,1536,1
660,595134,180297,1536,1
661,560860,169919,1536,1
662,552062,167341,1536,1
663,562350,170366,1536,1
664,602122,182403,1536,1
665,555400,168261,1536,1
666,894234,271620,1536,1
667,575810,174469,1536,1
668,354746,107469,1536,1
669,514624,155927,1536,1
670,593334,179778,1536,1
671,648838,196584,1536,1
672,350178,106090,1536,1
673,520184,157599,1536,1
674,356728,108059,1536,1
675,357632,108378,1536,1
676,343472,104057,1536,1
677,581910,176298,1536,1
678,344540,104382,1536,1
679,337108,102108,1536,1
680,430344,130392,1536,1
681,512614,155785,1536,1
682,374816,113589,1536,1
683,410346,124321,1536,1
684,368142,111555,1536,1
685,330410,100079,1536,1
686,331348,100389,1536,1
687,331608,100460,1536,1
688,324376,98270,1536,1
689,323180,97901,1536,1
690,484734,146979,1536,1
691,497086,150616,1536,1
692,426126,129110,1536,1
693,468104,141952,1536,1
694,413850,125399,1536,1
695,322774,97814,1536,1
696,315304,95503,1536,1
697,331606,100472,1536,1
698,499988,151441,1536,1
699,518816,157191,1536,1
700,316658,95914,1536,1
701,314332,95227,1536,1
702,317538,96204,1536,1
703,403316,122214,1536,1
704,602138,182421,1536,1
705,502296,152178,1536,1
706,421420,128183,1536,1
707,363842,110251,1536,1
708,498044,150885,1536,1
709,532682,161486,1536,1
710,494510,149843,1536,1
711,504408,152837,1536,1
712,472112,143055,1536,1
713,367124,111241,1536,1
714,366076,110925,1536,1
715,364658,110491,1536,1
716,304952,92367,1536,1
717,306704,92910,1536,1
718,312426,94654,1536,1
719,373932,113390,1536,1
720,364618,110502,1536,1
721,2851851,868410,1536,1
722,342686,103841,1536,1
723,350750,106283,1536,1
724,315632,95620,1536,1
725,313644,95020,1536,1
726,384264,116439,1536,1
727,339340,102803,1536,1
728,378308,114637,1536,1
729,344462,104352,1536,1
730,368414,111638,1536,1
731,337898,102378,1536,1
732,409032,123942,1536,1
733,338906,102669,1536,1
734,338772,102636,1536,1
735,416382,126174,1536,1
736,464142,140666,1536,1
737,695974,210833,1536,1
738,427774,129612,1536,1
739,533460,161632,1536,1
740,1965543,596884,1536,1
741,958125,291810,1536,1
742,672270,203771,1536,1
743,622358,188555,1536,1
744,353916,107222,1536,1
745,621130,188172,1536,1
746,614812,186259,1536,1
747,613868,185947,1536,1
748,665218,201533,1536,1
749,604616,183165,1536,1
750,791648,239883,1536,1
751,481224,145881,1536,1
752,370584,112308,1536,1
753,463788,140518,1536,1
754,702880,213626,1536,1
755,743186,226176,1536,1
756,394230,119457,1536,1
757,339772,102938,1536,1
758,346790,105061,1536,1
759,481106,146059,1536,1
760,366804,111237,1536,1
761,337468,102240,1536,1
762,477565,145790,1536,1
763,330646,100169,1536,1
764,450868,136625,1536,1
765,337492,102276,1536,1
766,539840,163562,1536,1
767,504346,152886,1536,1
768,526158,159391,1536,1
769,456092,138400,1536,1
770,533574,161653,1536,1
771,373916,113329,1536,1
772,503688,152637,1536,1
773,558080,169344,1536,1
774,559414,169471,1536,1
775,537084,162750,1536,1
776,530272,160645,1536,1
777,527102,159705,1536,1
778,522222,158209,1536,1
779,545734,165322,1536,1
780,521144,157942,1536,1
781,534680,162024,1536,1
782,719351,218347,1536,1
783,512178,155195,1536,1
784,649072,196806,1536,1
785,657896,199315,1536,1
786,533286,161568,1536,1
787,586050,177552,1536,1
788,601412,182199,1536,1
789,591598,179205,1536,1
790,567452,171912,1536,1
791,675648,204686,1536,1
792,562488,170407,1536,1
793,533122,161545,1536,1
794,605676,183575,1536,1
795,573370,173753,1536,1
796,561272,170043,1536,1
797,554058,167982,1536,1
798,553412,167672,1536,1
799,560866,169996,1536,1
800,530182,160632,1536,1
801,572672,173520,1536,1
802,559612,169549,1536,1
803,567610,171975,1536,1
804,509538,154384,1536,1
805,596416,180718,1536,1
806,369218,111920,1536,1
807,430468,130471,1536,1
808,667342,202601,1536,1
809,907029,275564,1536,1
810,617986,187239,1536,1
811,586374,177648,1536,1
812,592704,179561,1536,1
813,568500,172254,1536,1
814,552796,167481,1536,1
815,352702,106855,1536,1
816,385074,116685,1536,1
817,351984,106635,1536,1
818,438150,132760,1536,1
819,479338,145243,1536,1
820,479382,145238,1536,1
821,519676,157440,1536,1
822,408450,123777,1536,1
823,584950,177249,1536,1
824,642990,195150,1536,1
825,595221,180663,1536,1
826,492220,149145,1536,1
827,860256,260996,1536,1
828,371510,112583,1536,1
829,340344,103110,1536,1
830,701292,212933,1536,1
831,528166,160016,1536,1
832,335334,101588,1536,1
833,340492,103160,1536,1
834,334236,101250,1536,1
835,334050,101279,1536,1
836,504762,153010,1536,1
837,383940,116342,1536,1
838,442262,133993,1536,1
839,364334,110361,1536,1
840,377924,114517,1536,1
841,359008,108789,1536,1
842,324484,98372,1536,1
843,334572,101354,1536,1
844,315852,95689,1536,1
845,312328,94603,1536,1
846,499102,151214,1536,1
847,329030,99780,1536,1
848,480292,145522,1536,1
849,478206,144890,1536,1
850,543952,164796,1536,1
851,502322,152187,1536,1
852,400596,121403,1536,1
853,473005,143761,1536,1
854,489342,148303,1536,1
855,449718,136280,1536,1
856,442348,134035,1536,1
857,1130546,345283,1536,1
858,347776,105391,1536,1
859,519498,157405,1536,1
860,378716,114796,1536,1
861,365058,110620,1536,1
862,333962,101175,1536,1
863,331670,100483,1536,1
864,365234,110630,1536,1
865,482102,146082,1536,1
866,1238781,376202,1536,1
867,597168,180908,1536,1
868,562026,170353,1536,1
869,782858,238353,1536,1
870,759392,230269,1536,1
871,838235,254363,1536,1
872,342110,103658,1536,1
873,449672,136293,1536,1
874,398076,120624,1536,1
875,351202,106397,1536,1
876,524304,159025,1536,1
877,622702,189548,1536,1
878,341778,103543,1536,1
879,339028,102713,1536,1
880,341100,103339,1536,1
881,451924,136943,1536,1
882,342678,103818,1536,1
883,371460,112552,1536,1
884,342672,103807,1536,1
885,396412,120102,1536,1
886,378636,114690,1536,1
887,383460,116194,1536,1
888,323290,97945,1536,1
889,323108,97885,1536,1
890,382552,115917,1536,1
891,325066,98461,1536,1
892,326034,98762,1536,1
893,555976,168463,1536,1
894,468140,141900,1536,1
895,626374,189770,1536,1
896,965361,293327,1536,1
897,572588,173685,1536,1
898,1148176,347935,1536,1
899,383566,116259,1536,1
900,326196,98815,1536,1
901,426058,129421,1536,1
902,329176,100074,1536,1
903,323660,98055,1536,1
904,460444,139509,1536,1
905,546720,165714,1536,1
906,358432,108642,1536,1
907,514222,155787,1536,1
908,459150,139136,1536,1
909,338384,102512,1536,1
910,343350,104016,1536,1
911,340690,103213,1536,1
912,580768,175969,1536,1
913,935598,284146,1536,1
914,658044,199349,1536,1
915,590782,178992,1536,1
916,519342,157359,1536,1
917,547314,165812,1536,1
918,562664,170649,1536,1
919,508274,154094,1536,1
920,556290,168529,1536,1
921,570476,172824,1536,1
922,537942,162988,1536,1
923,1586640,480914,1536,1
924,586742,177754,1536,1
925,577258,174975,1536,1
926,576820,174789,1536,1
927,625740,189713,1536,1
928,603304,182756,1536,1
929,502660,154184,1536,1
930,506760,153531,1536,1
931,407266,123420,1536,1
932,570976,172984,1536,1
933,417736,126583,1536,1
934,361308,109467,1536,1
935,361732,109594,1536,1
936,1442486,440416,1536,1
937,607788,184128,1536,1
938,365466,110723,1536,1
939,637274,193595,1536,1
940,365444,110748,1536,1
941,1154295,349966,1536,1
942,358672,108670,1536,1
943,350988,106334,1536,1
944,481460,145880,1536,1
945,353562,107108,1536,1
946,557608,168929,1536,1
947,610632,185018,1536,1
948,351246,106413,1536,1
949,425044,128795,1536,1
950,516024,156448,1536,1
951,350424,106158,1536,1
952,621402,188265,1536,1
953,484618,146831,1536,1
954,717372,218199,1536,1
955,478986,145123,1536,1
956,339248,102772,1536,1
957,512898,155518,1536,1
958,526676,159868,1536,1
959,577000,174913,1536,1
960,507974,153897,1536,1
961,356186,107913,1536,1
962,1610029,488754,1536,1
963,397000,120324,1536,1
964,338010,102420,1536,1
965,396450,120127,1536,1
966,388938,117920,1536,1
967,342806,103882,1536,1
968,329868,99935,1536,1
969,570703,173810,1536,1
970,334406,101323,1536,1
971,333702,101097,1536,1
972,357982,108514,1536,1
973,368040,111505,1536,1
974,334250,101262,1536,1
975,349060,105728,1536,1
976,548186,166084,1536,1
977,540762,163805,1536,1
978,329244,99745,1536,1
979,379038,114852,1536,1
980,390882,118401,1536,1
981,448886,136006,1536,1
982,327198,99123,1536,1
983,323772,98090,1536,1
984,590422,179776,1536,1
985,359168,108843,1536,1
986,314426,95258,1536,1
987,448997,136606,1536,1
988,322524,97709,1536,1
989,321778,97481,1536,1
990,320254,97023,1536,1
991,326298,98861,1536,1
992,530364,160736,1536,1
993,492794,149442,1536,1
994,592950,179652,1536,1
995,831164,252011,1536,1
996,620290,187915,1536,1
997,498192,150934,1536,1
998,324890,98427,1536,1
999,452268,137035,1536,1
1000,614342,186117,1536,1
1001,412018,125135,1536,1
1002,507558,153735,1536,1
1003,509362,154318,1536,1
1004,493506,149509,1536,1
1005,678794,205766,1536,1
1006,501322,151907,1536,1
1007,527844,159944,1536,1
1008,592790,179610,1536,1
1009,1604705,486334,1536,1
1010,1168071,354181,1536,1
1011,763477,231587,1536,1
1012,441300,133729,1536,1
1013,589626,178666,1536,1
1014,471476,142850,1536,1
1015,437544,132587,1536,1
1016,505698,153320,1536,1
1017,648084,196328,1536,1
1018,491678,148974,1536,1
1019,498360,150969,1536,1
1020,551056,167090,1536,1
1021,364614,110484,1536,1
1022,399894,121200,1536,1
1023,345050,104553,1536,1
1024,342790,103849,1536,1
1025,555198,168234,1536,1
1026,537500,162847,1536,1
1027,5424827,1647301,1536,1
1028,525664,159266,1536,1
1029,502686,152303,1536,1
1030,598060,181218,1536,1
1031,564914,171156,1536,1
1032,544368,164935,1536,1
1033,510838,154782,1536,1
1034,544146,164857,1536,1
1035,428506,129841,1536,1
1036,344396,104334,1536,1
1037,404862,122655,1536,1
1038,355216,107615,1536,1
1039,412358,124951,1536,1
1040,357478,108299,1536,1
1041,450840,136603,1536,1
1042,534690,161989,1536,1
1043,479538,145291,1536,1
1044,585764,177455,1536,1
1045,559066,169354,1536,1
1046,2021616,613595,1536,1
1047,364690,110494,1536,1
1048,364740,110499,1536,1
1049,437872,132719,1536,1
1050,748259,227070,1536,1
1051,510274,154742,1536,1
1052,579094,175470,1536,1
1053,520704,157942,1536,1
1054,494450,149803,1536,1
1055,649860,197033,1536,1
1056,578478,175319,1536,1
1057,515398,156181,1536,1
1058,880340,266702,1536,1
1059,604758,183229,1536,1
1060,574048,174535,1536,1
1061,668922,202804,1536,1
1062,636606,192858,1536,1
1063,640218,193953,1536,1
1064,623056,188755,1536,1
1065,514392,155842,1536,1
1066,544676,165015,1536,1
1067,573416,173721,1536,1
1068,4169525,1264154,1536,1
1069,3376456,1023120,1536,1
1070,561748,170184,1536,1
1071,498602,151097,1536,1
1072,484350,146771,1536,1
1073,514432,155884,1536,1
1074,499724,151397,1536,1
1075,763464,231260,1536,1
1076,525458,159194,1536,1
1077,515654,156261,1536,1
1078,511828,155054,1536,1
1079,424024,128483,1536,1
1080,335066,101491,1536,1
1081,336814,102039,1536,1
1082,338014,102399,1536,1
1083,332176,100632,1536,1
1084,332618,100777,1536,1
1085,632222,192101,1536,1
1086,354160,107319,1536,1
1087,490606,148696,1536,1
1088,442920,134198,1536,1
1089,537962,162975,1536,1
1090,455950,138150,1536,1
1091,498220,151337,1536,1
1092,504382,152854,1536,1
1093,496646,150483,1536,1
1094,496860,150612,1536,1
1095,483844,146589,1536,1
1096,493276,149453,1536,1
1097,4169314,1264200,1536,1
1098,348378,105577,1536,1
1099,550560,166796,1536,1
1100,331802,100526,1536,1
1101,460056,139415,1536,1
1102,460012,139425,1536,1
1103,1816881,551088,1536,1
1104,526344,159461,1536,1
1105,572698,173499,1536,1
1106,348464,105591,1536,1
1107,441886,133886,1536,1
1108,419950,127258,1536,1
1109,544018,164839,1536,1
1110,548302,166112,1536,1
1111,640322,194257,1536,1
1112,646940,195988,1536,1
1113,700062,212080,1536,1
1114,447160,135585,1536,1
1115,350542,106199,1536,1
1116,527922,160655,1536,1
1117,554242,167941,1536,1
1118,2666585,808163,1536,1
1119,770842,233571,1536,1
1120,602674,182574,1536,1
1121,633502,191919,1536,1
1122,702384,212788,1536,1
1123,632444,191560,1536,1
1124,631860,191422,1536,1
1125,372254,112784,1536,1
1126,367854,111438,1536,1
1127,586302,177629,1536,1
1128,643318,194902,1536,1
1129,377708,114448,1536,1
1130,624278,189138,1536,1
1131,941422,285402,1536,1
1132,1744261,528983,1536,1
1133,579894,175714,1536,1
1134,777962,236350,1536,1
1135,565748,171404,1536,1
1136,580196,175970,1536,1
1137,529846,160545,1536,1
1138,556860,168737,1536,1
1139,1046940,317500,1536,1
1140,595690,180511,1536,1
1141,527078,159685,1536,1
1142,775484,234948,1536,1
1143,2657686,805128,1536,1
1144,649698,197230,1536,1
1145,549358,166457,1536,1
1146,572532,173466,1536,1
1147,932264,282464,1536,1
1148,629538,190724,1536,1
1149,674958,204467,1536,1
1150,718818,217789,1536,1
1151,551488,167082,1536,1
1152,1360871,413379,1536,1
1153,613860,185973,1536,1
1154,655390,198598,1536,1
1155,939382,284762,1536,1
1156,525216,159139,1536,1
1157,581000,176032,1536,1
1158,534952,162069,1536,1
1159,622064,188618,1536,1
1160,538586,163247,1536,1
1161,578768,175365,1536,1
1162,556256,168602,1536,1
1163,354436,107384,1536,1
1164,385228,116959,1536,1
1165,410694,124397,1536,1
1166,358520,108609,1536,1
1167,599640,181671,1536,1
1168,389034,117895,1536,1
1169,350550,106201,1536,1
1170,353552,107110,1536,1
1171,351074,106356,1536,1
1172,560366,169786,1536,1
1173,374434,113443,1536,1
1174,500436,151615,1536,1
1175,529330,160429,1536,1
1176,388354,117680,1536,1
1177,340566,103175,1536,1
1178,539540,163472,1536,1
1179,346398,104941,1536,1
1180,386136,117003,1536,1
1181,345594,104701,1536,1
1182,336718,102010,1536,1
1183,324276,98223,1536,1
1184,373508,113139,1536,1
1185,333460,101001,1536,1
1186,403830,122364,1536,1
1187,324998,98461,1536,1
1188,324600,98344,1536,1
1189,325918,98742,1536,1
1190,319354,96837,1536,1
1191,315720,95705,1536,1
1192,316704,95944,1536,1
1193,318968,96630,1536,1
1194,312458,94645,1536,1
1195,414138,125827,1536,1
1196,307458,93157,1536,1
1197,307762,93221,1536,1
1198,353776,107190,1536,1
1199,309922,93894,1536,1
1200,630706,191317,1536,1
1201,354060,107329,1536,1
1202,740364,280819,1536,1
1203,535058,162492,1536,1
1204,489768,148440,1536,1
1205,480488,145607,1536,1
1206,509668,154418,1536,1
1207,308232,93387,1536,1
1208,478680,145186,1536,1
1209,299938,90849,1536,1
1210,297764,90191,1536,1
1211,301366,91302,1536,1
1212,298292,90356,1536,1
1213,299222,90643,1536,1
1214,298654,90481,1536,1
1215,297766,90205,1536,1
1216,297138,90011,1536,1
1217,313316,94925,1536,1
1218,305192,92469,1536,1
1219,305600,92564,1536,1
1220,309370,93734,1536,1
1221,306532,92847,1536,1
1222,307294,93093,1536,1
1223,327120,99085,1536,1
1224,304582,92351,1536,1
1225,349710,105943,1536,1
1226,312176,94564,1536,1
1227,301666,91388,1536,1
1228,316260,95836,1536,1
1229,298972,90562,1536,1
1230,341356,103463,1536,1
1231,317000,96030,1536,1
1232,312294,94612,1536,1
1233,306874,92967,1536,1
1234,305304,92495,1536,1
1235,317282,96123,1536,1
1236,302084,91519,1536,1
1237,298442,90416,1536,1
1238,297270,90052,1536,1
1239,348362,105565,1536,1
1240,391240,118546,1536,1
1241,462926,140219,1536,1
1242,296110,89691,1536,1
1243,474844,143880,1536,1
1244,365360,110702,1536,1
1245,349928,106030,1536,1
1246,504152,152733,1536,1
1247,494662,149829,1536,1
1248,402966,122101,1536,1
1249,312424,94677,1536,1
1250,504822,152963,1536,1
1251,474686,143839,1536,1
1252,312678,94766,1536,1
1253,304304,92201,1536,1
1254,308072,93454,1536,1
1255,378505,114871,1536,1
1256,461076,139879,1536,1
1257,524890,159053,1536,1
1258,351624,106575,1536,1
1259,349342,105862,1536,1
1260,528524,160130,1536,1
1261,327614,99260,1536,1
1262,653550,198225,1536,1
1263,362328,109752,1536,1
1264,344568,104413,1536,1
1265,324716,98362,1536,1
1266,372570,112901,1536,1
1267,376360,114042,1536,1
1268,365134,110634,1536,1
1269,323398,97969,1536,1
1270,351004,106464,1536,1
1271,367684,111404,1536,1
1272,477046,144744,1536,1
1273,544772,165021,1536,1
1274,552146,167250,1536,1
1275,515474,156165,1536,1
1276,372960,113011,1536,1
1277,353158,107015,1536,1
1278,433590,131415,1536,1
1279,475210,144195,1536,1
1280,336564,101964,1536,1
1281,427358,129479,1536,1
1282,643446,195982,1536,1
1283,1020650,309554,1536,1
1284,624814,189333,1536,1
1285,695868,211253,1536,1
1286,362746,109937,1536,1
1287,325458,98607,1536,1
1288,334034,101190,1536,1
1289,812012,245986,1536,1
1290,553164,167582,1536,1
1291,544616,164997,1536,1
1292,542228,164252,1536,1
1293,580510,175843,1536,1
1294,519986,157517,1536,1
1295,514574,155888,1536,1
1296,587770,178084,1536,1
1297,541764,164174,1536,1
1298,663626,201038,1536,1
1299,808728,245412,1536,1
1300,537310,162778,1536,1
1301,395344,119797,1536,1
1302,704765,214218,1536,1
1303,567010,171784,1536,1
1304,4245295,1286942,1536,1
1305,563058,170638,1536,1
1306,556502,168624,1536,1
1307,550628,166823,1536,1
1308,614876,186288,1536,1
1309,611040,185112,1536,1
1310,703440,213094,1536,1
1311,611242,185182,1536,1
1312,577966,175100,1536,1
1313,918841,280713,1536,1
1314,447758,136052,1536,1
1315,368248,111557,1536,1
1316,1088378,330035,1536,1
1317,365594,110777,1536,1
1318,364800,110515,1536,1
1319,402428,121943,1536,1
1320,360214,109123,1536,1
1321,362754,109900,1536,1
1322,363036,109978,1536,1
1323,365246,110652,1536,1
1324,465502,141033,1536,1
1325,363036,109987,1536,1
1326,359592,108943,1536,1
1327,356482,108001,1536,1
1328,384762,116603,1536,1
1329,353842,107203,1536,1
1330,354728,107533,1536,1
1331,349604,105932,1536,1
1332,506234,153385,1536,1
1333,483842,146623,1536,1
1334,552720,167427,1536,1
1335,549640,166564,1536,1
1336,508862,154176,1536,1
1337,557308,168859,1536,1
1338,362406,109844,1536,1
1339,340426,103130,1536,1
1340,468870,142064,1536,1
1341,508920,154391,1536,1
1342,344370,104329,1536,1
1343,340556,103167,1536,1
1344,437272,132490,1536,1
1345,476088,144245,1536,1
1346,503202,152456,1536,1
1347,341176,103361,1536,1
1348,362466,109839,1536,1
1349,482414,146154,1536,1
1350,557456,168873,1536,1
1351,530306,160675,1536,1
1352,639822,193896,1536,1
1353,481890,145976,1536,1
1354,347162,105212,1536,1
1355,334636,101377,1536,1
1356,362802,109917,1536,1
1357,333564,101059,1536,1
1358,324936,98440,1536,1
1359,329894,99961,1536,1
1360,328048,99365,1536,1
1361,464378,140680,1536,1
1362,445464,134977,1536,1
1363,328034,99379,1536,1
1364,322290,97646,1536,1
1365,314906,95405,1536,1
1366,314238,95202,1536,1
1367,314070,95152,1536,1
1368,316634,95925,1536,1
1369,345560,104730,1536,1
1370,314462,95265,1536,1
1371,311322,94317,1536,1
1372,316288,95821,1536,1
1373,369782,112049,1536,1
1374,411700,124740,1536,1
1375,733899,227015,1536,1
1376,355924,107863,1536,1
1377,456254,138234,1536,1
1378,543904,164984,1536,1
1379,510196,154569,1536,1
1380,549712,166532,1536,1
1381,467688,141777,1536,1
1382,528580,160134,1536,1
1383,567740,172018,1536,1
1384,497926,150895,1536,1
1385,450990,136621,1536,1
1386,384176,116413,1536,1
1387,334512,101344,1536,1
1388,336348,101896,1536,1
1389,336414,101918,1536,1
1390,333670,101075,1536,1
1391,332400,100704,1536,1
1392,420500,127435,1536,1
1393,345210,104581,1536,1
1394,345178,104653,1536,1
1395,351660,106515,1536,1
1396,416430,126174,1536,1
1397,346232,104891,1536,1
1398,342194,103667,1536,1
1399,340838,103258,1536,1
1400,492820,149338,1536,1
1401,504040,152717,1536,1
1402,550740,166867,1536,1
1403,603334,183850,1536,1
1404,527796,160244,1536,1
1405,334786,101424,1536,1
1406,512118,155150,1536,1
1407,529620,160432,1536,1
1408,580934,175992,1536,1
1409,676852,205022,1536,1
1410,462554,140118,1536,1
1411,525910,159361,1536,1
1412,340448,103142,1536,1
1413,482016,146041,1536,1
1414,515570,156287,1536,1
1415,590818,179006,1536,1
1416,584074,176967,1536,1
1417,528580,160145,1536,1
1418,557384,168942,1536,1
1419,558466,169207,1536,1
1420,561324,170064,1536,1
1421,559904,169626,1536,1
1422,589932,178728,1536,1
1423,582848,176597,1536,1
1424,370044,112118,1536,1
1425,500364,151822,1536,1
1426,555158,168219,1536,1
1427,444316,134645,1536,1
1428,558504,169233,1536,1
1429,362034,109683,1536,1
1430,549222,166506,1536,1
1431,480796,145684,1536,1
1432,424526,128639,1536,1
1433,627044,190358,1536,1
1434,585672,177431,1536,1
1435,549388,166443,1536,1
1436,526024,159416,1536,1
1437,574482,174058,1536,1
1438,756028,229859,1536,1
1439,710995,215947,1536,1
1440,555456,168403,1536,1
1441,547964,166011,1536,1
1442,557276,168862,1536,1
1443,539006,163365,1536,1
1444,507834,153862,1536,1
1445,442768,134157,1536,1
1446,492844,149412,1536,1
1447,446732,135367,1536,1
1448,354288,107333,1536,1
1449,377658,114471,1536,1
1450,336426,101930,1536,1
1451,334038,101200,1536,1
1452,538958,163377,1536,1
1453,472662,143193,1536,1
1454,361888,109610,1536,1
1455,336854,102056,1536,1
1456,513904,155716,1536,1
1457,322832,97816,1536,1
1458,323910,98134,1536,1
1459,527226,159732,1536,1
1460,521968,158301,1536,1
1461,606396,184035,1536,1
1462,522420,158363,1536,1
1463,424768,128695,1536,1
1464,1142108,346317,1536,1
1465,536196,162472,1536,1
1466,532990,161502,1536,1
1467,690762,209359,1536,1
1468,363550,110192,1536,1
1469,569456,172528,1536,1
1470,418030,126641,1536,1
1471,400134,121225,1536,1
1472,360078,109086,1536,1
1473,373832,113245,1536,1
1474,365012,110578,1536,1
1475,360156,109112,1536,1
1476,347006,105136,1536,1
1477,344268,104287,1536,1
1478,388812,117818,1536,1
1479,404266,122502,1536,1
1480,372578,113254,1536,1
1481,350992,106333,1536,1
1482,357418,192769,1536,1
1483,569848,172638,1536,1
1484,365548,111473,1536,1
1485,332796,100826,1536,1
1486,333990,101175,1536,1
1487,347598,105347,1536,1
1488,344848,104475,1536,1
1489,348170,105509,1536,1
1490,411098,124565,1536,1
1491,436528,132394,1536,1
1492,337414,102220,1536,1
1493,333014,100887,1536,1
1494,329606,99853,1536,1
1495,333084,100917,1536,1
1496,358566,108657,1536,1
1497,323240,97928,1536,1
1498,325278,98545,1536,1
1499,325284,98543,1536,1
1500,325306,98552,1536,1
1501,378988,114840,1536,1
1502,528792,160215,1536,1
1503,510870,154770,1536,1
1504,376444,114040,1536,1
1505,314836,95382,1536,1
1506,427172,129773,1536,1
1507,478780,145054,1536,1
1508,333466,101078,1536,1
1509,592754,179576,1536,1
1510,544896,165082,1536,1
1511,516014,156357,1536,1
1512,511872,155161,1536,1
1513,438120,132801,1536,1
1514,357934,108467,1536,1
1515,437184,132467,1536,1
1516,321426,97375,1536,1
1517,315964,95740,1536,1
1518,350378,106181,1536,1
1519,363344,110143,1536,1
1520,371272,112795,1536,1
1521,350192,106119,1536,1
1522,320382,97060,1536,1
1523,320422,97053,1536,1
1524,323740,98059,1536,1
1525,342032,103650,1536,1
1526,456396,138283,1536,1
1527,339962,102991,1536,1
1528,368510,111666,1536,1
1529,405792,122956,1536,1
1530,403950,122388,1536,1
1531,434204,131559,1536,1
1532,323034,97877,1536,1
1533,323344,97956,1536,1
1534,325420,98591,1536,1
1535,396536,120149,1536,1
1536,325738,98686,1536,1
1537,342752,104859,1536,1
1538,505186,153074,1536,1
1539,460024,139665,1536,1
1540,497715,152158,1536,1
1541,316660,95927,1536,1
1542,314808,95369,1536,1
1543,313404,95014,1536,1
1544,326356,98898,1536,1
1545,488284,148016,1536,1
1546,314882,95409,1536,1
1547,314330,95225,1536,1
1548,314692,95319,1536,1
1549,314690,95317,1536,1
1550,316212,95779,1536,1
1551,316138,95861,1536,1
1552,344166,104260,1536,1
1553,401018,121499,1536,1
1554,679600,207813,1536,1
1555,530048,160574,1536,1
1556,306862,92965,1536,1
1557,306542,92872,1536,1
1558,306290,92782,1536,1
1559,338948,102710,1536,1
1560,304460,92239,1536,1
1561,306170,92748,1536,1
1562,304084,92109,1536,1
1563,433570,131321,1536,1
1564,320478,97117,1536,1
1565,338124,102453,1536,1
1566,510483,155818,1536,1
1567,340162,103081,1536,1
1568,379582,115012,1536,1
1569,323548,98027,1536,1
1570,333368,101027,1536,1
1571,322194,97610,1536,1
1572,357450,108272,1536,1
1573,333390,101010,1536,1
1574,324840,98402,1536,1
1575,323756,98064,1536,1
1576,327660,99269,1536,1
1577,384678,116584,1536,1
1578,405410,122828,1536,1
1579,435826,132038,1536,1
1580,499242,151238,1536,1
1581,481716,145972,1536,1
1582,530922,160868,1536,1
1583,646488,195974,1536,1
1584,444346,134628,1536,1
1585,625342,189451,1536,1
1586,758188,229748,1536,1
1587,490656,148648,1536,1
1588,579086,175439,1536,1
1589,594432,180082,1536,1
1590,1214356,368582,1536,1
1591,559638,169565,1536,1
1592,722080,219048,1536,1
1593,580096,175755,1536,1
1594,527806,159969,1536,1
1595,524748,159048,1536,1
1596,591610,179253,1536,1
1597,639716,193840,1536,1
1598,714354,217630,1536,1
1599,587964,178124,1536,1
1600,640724,194231,1536,1
1601,8379815,2539300,1536,1
1602,707264,214311,1536,1
1603,590342,178871,1536,1
1604,528918,160272,1536,1
1605,514690,155954,1536,1
1606,376204,113966,1536,1
1607,425214,128864,1536,1
1608,535990,162405,1536,1
1609,547624,165919,1536,1
1610,626032,189645,1536,1
1611,461750,139899,1536,1
1612,436964,132399,1536,1
1613,1280914,389468,1536,1
1614,633918,192814,1536,1
1615,6522167,1975632,1536,1
1616,657572,199900,1536,1
1617,891734,270550,1536,1
1618,735974,223094,1536,1
1619,376396,114061,1536,1
1620,354388,107366,1536,1
1621,587324,177952,1536,1
1622,663768,201087,1536,1
1623,483470,146477,1536,1
1624,554486,168025,1536,1
1625,777682,235880,1536,1
1626,561264,170040,1536,1
1627,563514,170720,1536,1
1628,550904,166901,1536,1
1629,555848,168477,1536,1
1630,352870,106881,1536,1
1631,409760,124167,1536,1
1632,362630,109858,1536,1
1633,537356,162796,1536,1
1634,433994,131504,1536,1
1635,353340,107058,1536,1
1636,356274,107958,1536,1
1637,364426,110403,1536,1
1638,411836,124793,1536,1
1639,646240,195820,1536,1
1640,733830,222326,1536,1
1641,417082,126371,1536,1
1642,819324,248185,1536,1
1643,358224,108546,1536,1
1644,341934,103584,1536,1
1645,336982,102085,1536,1
1646,465834,141141,1536,1
1647,332184,100627,1536,1
1648,337870,102361,1536,1
1649,331982,100556,1536,1
1650,332582,100739,1536,1
1651,330810,100202,1536,1
1652,333094,100920,1536,1
1653,330320,100075,1536,1
1654,331458,100415,1536,1
1655,332320,100675,1536,1
1656,345932,104803,1536,1
1657,492676,149343,1536,1
1658,323344,97959,1536,1
1659,323602,98020,1536,1
1660,326114,98862,1536,1
1661,328584,99555,1536,1
1662,331394,100397,1536,1
1663,336152,102677,1536,1
1664,346854,105078,1536,1
1665,340144,103321,1536,1
1666,333130,100920,1536,1
1667,328682,99578,1536,1
1668,332840,100835,1536,1
1669,330796,100219,1536,1
1670,331396,100401,1536,1
1671,351912,106642,1536,1
1672,332060,100596,1536,1
1673,331288,100364,1536,1
1674,332498,100733,1536,1
1675,332150,100628,1536,1
1676,332194,100634,1536,1
1677,504882,152965,1536,1
1678,385408,116789,1536,1
1679,332446,100734,1536,1
1680,323820,98108,1536,1
1681,333966,101173,1536,1
1682,514261,156235,1536,1
1683,393858,119368,1536,1
1684,400830,121531,1536,1
1685,888552,269820,1536,1
1686,355310,107670,1536,1
1687,614564,186701,1536,1
1688,495804,150293,1536,1
1689,532152,161307,1536,1
1690,510256,155015,1536,1
1691,383582,116236,1536,1
1692,542316,164294,1536,1
1693,352012,106637,1536,1
1694,393162,119132,1536,1
1695,449942,136328,1536,1
1696,447838,135710,1536,1
1697,341474,103449,1536,1
1698,357576,108350,1536,1
1699,354846,107505,1536,1
1700,526230,159520,1536,1
1701,1794458,543836,1536,1
1702,335530,101649,1536,1
1703,448538,135993,1536,1
1704,349154,105756,1536,1
1705,343850,104172,1536,1
1706,342460,103741,1536,1
1707,343088,103938,1536,1
1708,341068,103332,1536,1
1709,367036,111223,1536,1
1710,364386,110419,1536,1
1711,827940,251191,1536,1
1712,563588,170756,1536,1
1713,544186,164870,1536,1
1714,512848,155389,1536,1
1715,506898,153589,1536,1
1716,514894,156136,1536,1
1717,532444,161346,1536,1
1718,544114,164854,1536,1
1719,724478,219495,1536,1
1720,566750,171700,1536,1
1721,596834,181183,1536,1
1722,561608,170140,1536,1
1723,602912,182651,1536,1
1724,517900,156909,1536,1
1725,619378,187637,1536,1
1726,8298096,2513929,1536,1
1727,363590,110148,1536,1
1728,427872,129657,1536,1
1729,373616,113168,1536,1
1730,477344,144634,1536,1
1731,844840,256443,1536,1
1732,666424,201888,1536,1
1733,623778,188973,1536,1
1734,646846,196560,1536,1
1735,718486,217737,1536,1
1736,675164,204598,1536,1
1737,403592,122274,1536,1
1738,384084,116359,1536,1
1739,698184,211517,1536,1
1740,988097,299986,1536,1
1741,885178,268564,1536,1
1742,915750,277678,1536,1
1743,1046105,317544,1536,1
1744,566012,171495,1536,1
1745,610064,184829,1536,1
1746,521728,158101,1536,1
1747,550662,166825,1536,1
1748,698972,212012,1536,1
1749,561484,170105,1536,1
1750,1065301,323936,1536,1
1751,999476,303842,1536,1
1752,1530887,465478,1536,1
1753,560358,169799,1536,1
1754,619391,187981,1536,1
1755,535594,162274,1536,1
1756,474058,143663,1536,1
1757,537740,163055,1536,1
1758,563770,170841,1536,1
1759,624480,189444,1536,1
1760,561454,170098,1536,1
1761,545704,165345,1536,1
1762,526218,159425,1536,1
1763,553862,168031,1536,1
1764,651928,197508,1536,1
1765,533668,161712,1536,1
1766,532056,161210,1536,1
1767,548618,166216,1536,1
1768,478088,144862,1536,1
1769,611882,185370,1536,1
1770,590776,179180,1536,1
1771,530856,161503,1536,1
1772,581592,176202,1536,1
1773,510460,154692,1536,1
1774,461874,139983,1536,1
1775,518554,157117,1536,1
1776,1788898,543001,1536,1
1777,551558,167122,1536,1
1778,990258,299984,1536,1
1779,504984,152990,1536,1
1780,564722,171094,1536,1
1781,342906,103902,1536,1
1782,338346,102504,1536,1
1783,557416,169001,1536,1
1784,506540,153458,1536,1
1785,344098,104250,1536,1
1786,339122,102718,1536,1
1787,561450,170097,1536,1
1788,409358,124038,1536,1
1789,547016,165717,1536,1
1790,545638,165308,1536,1
1791,543988,164816,1536,1
1792,349390,105885,1536,1
1793,354568,107422,1536,1
1794,1104754,334950,1536,1
1795,599139,181897,1536,1
1796,677524,206230,1536,1
1797,383148,116103,1536,1
1798,403582,122302,1536,1
1799,511356,155167,1536,1
1800,328344,99471,1536,1
1801,715382,216752,1536,1
1802,472622,143206,1536,1
1803,564980,171165,1536,1
1804,333856,101144,1536,1
1805,334954,101474,1536,1
1806,475192,143979,1536,1
1807,332344,100681,1536,1
1808,360952,109376,1536,1
1809,557494,168893,1536,1
1810,623648,188921,1536,1
1811,1633386,495446,1536,1
1812,447570,135610,1536,1
1813,334402,101337,1536,1
1814,470266,142473,1536,1
1815,528694,160201,1536,1
1816,455294,137966,1536,1
1817,622378,189196,1536,1
1818,314070,95138,1536,1
1819,371040,112432,1536,1
1820,314856,95389,1536,1
1821,311978,94513,1536,1
1822,398598,120851,1536,1
1823,473222,143398,1536,1
1824,301280,91271,1536,1
1825,328872,99619,1536,1
1826,299472,90729,1536,1
1827,384534,116515,1536,1
1828,312192,94604,1536,1
1829,443026,134240,1536,1
1830,402724,122077,1536,1
1831,478552,145002,1536,1
1832,509332,154300,1536,1
1833,540994,163904,1536,1
1834,461016,139715,1536,1
1835,490164,148490,1536,1
1836,555460,168277,1536,1
1837,2009445,609562,1536,1
1838,777520,235568,1536,1
1839,497088,150628,1536,1
1840,540262,163713,1536,1
1841,591350,179145,1536,1
1842,517162,156685,1536,1
1843,533514,161654,1536,1
1844,689422,208881,1536,1
1845,673994,204214,1536,1
1846,669776,203410,1536,1
1847,629570,190748,1536,1
1848,617326,187044,1536,1
1849,855452,260782,1536,1
1850,490460,148622,1536,1
1851,391748,118691,1536,1
1852,389092,117879,1536,1
1853,449806,136284,1536,1
1854,389464,117989,1536,1
1855,582856,176618,1536,1
1856,444942,134827,1536,1
1857,460360,139540,1536,1
1858,617700,187136,1536,1
1859,377020,114228,1536,1
1860,373742,113228,1536,1
1861,377130,114276,1536,1
1862,530970,161029,1536,1
1863,499028,151231,1536,1
1864,1526339,467163,1536,1
1865,363240,110046,1536,1
1866,539256,163367,1536,1
1867,562808,170516,1536,1
1868,484484,146834,1536,1
1869,700333,212551,1536,1
1870,354034,107257,1536,1
1871,351532,106498,1536,1
1872,344258,104289,1536,1
1873,363456,110129,1536,1
1874,579096,175443,1536,1
1875,336438,101927,1536,1
1876,322540,97713,1536,1
1877,369940,112098,1536,1
1878,356292,107978,1536,1
1879,612169,185850,1536,1
1880,326296,98855,1536,1
1881,356104,107901,1536,1
1882,343264,103994,1536,1
1883,326132,98820,1536,1
1884,522205,158963,1536,1
1885,938160,284582,1536,1
1886,600340,182454,1536,1
1887,343508,104086,1536,1
1888,368642,111682,1536,1
1889,374140,113372,1536,1
1890,431426,130713,1536,1
1891,492584,149779,1536,1
1892,316860,96010,1536,1
1893,527366,159762,1536,1
1894,399208,120961,1536,1
1895,513510,155565,1536,1
1896,561790,170194,1536,1
1897,466422,141283,1536,1
1898,380394,115227,1536,1
1899,369994,112105,1536,1
1900,448080,135767,1536,1
1901,464720,140805,1536,1
1902,627260,190318,1536,1
1903,523002,158447,1536,1
1904,541094,164584,1536,1
1905,322186,97610,1536,1
1906,952886,289775,1536,1
1907,316340,95842,1536,1
1908,503244,152624,1536,1
1909,321962,97533,1536,1
1910,317274,96127,1536,1
1911,348032,105443,1536,1
1912,359844,109017,1536,1
1913,423706,128383,1536,1
1914,323304,97927,1536,1
1915,336052,101810,1536,1
1916,334106,101206,1536,1
1917,509266,154299,1536,1
1918,840688,255627,1536,1
1919,369356,111919,1536,1
1920,633010,191906,1536,1
1921,344742,104418,1536,1
1922,347228,105197,1536,1
1923,340160,103050,1536,1
1924,342372,103723,1536,1
1925,342932,103914,1536,1
1926,507752,153841,1536,1
1927,504620,153032,1536,1
1928,543900,164806,1536,1
1929,480466,145576,1536,1
1930,392552,118956,1536,1
1931,345488,104671,1536,1
1932,516438,156464,1536,1
1933,357210,108218,1536,1
1934,361914,109647,1536,1
1935,408422,123780,1536,1
1936,363720,110289,1536,1
1937,350030,106045,1536,1
1938,344548,104388,1536,1
1939,334488,101337,1536,1
1940,332888,100830,1536,1
1941,344986,104510,1536,1
1942,338384,102516,1536,1
1943,342922,103870,1536,1
1944,335930,101802,1536,1
1945,325312,98557,1536,1
1946,378278,114624,1536,1
1947,323572,98019,1536,1
1948,325182,98503,1536,1
1949,324142,98193,1536,1
1950,326188,98817,1536,1
1951,374564,113594,1536,1
1952,331196,100341,1536,1
1953,434900,131781,1536,1
1954,360224,109158,1536,1
1955,368746,111737,1536,1
1956,463292,140380,1536,1
1957,458366,138855,1536,1
1958,441074,133726,1536,1
1959,506928,153582,1536,1
1960,544888,165118,1536,1
1961,544384,164950,1536,1
1962,512148,155151,1536,1
1963,555758,168398,1536,1
1964,512276,155183,1536,1
1965,580274,175793,1536,1
1966,577742,175029,1536,1
1967,531752,161113,1536,1
1968,510988,154807,1536,1
1969,762382,230957,1536,1
1970,852260,258713,1536,1
1971,538746,163267,1536,1
1972,828426,250940,1536,1
1973,590794,178963,1536,1
1974,595592,181084,1536,1
1975,541728,164136,1536,1
1976,557536,168922,1536,1
1977,551990,167284,1536,1
1978,580062,175749,1536,1
1979,563546,170730,1536,1
1980,565950,171504,1536,1
1981,648302,197104,1536,1
1982,497838,150911,1536,1
1983,535666,162339,1536,1
1984,586862,177815,1536,1
1985,520804,157798,1536,1
1986,369348,111896,1536,1
1987,368428,111628,1536,1
1988,423176,128206,1536,1
1989,548398,166148,1536,1
1990,608344,184292,1536,1
1991,364888,110544,1536,1
1992,551756,167170,1536,1
1993,566136,171538,1536,1
1994,374812,113554,1536,1
1995,1284029,390208,1536,1
1996,842284,255901,1536,1
1997,644318,195216,1536,1
1998,576640,174926,1536,1
1999,600058,181788,1536,1
2000,610056,184845,1536,1
2001,554864,168126,1536,1
2002,363862,110230,1536,1
2003,351804,106582,1536,1
2004,468348,141897,1536,1
2005,387744,117490,1536,1
2006,412790,125086,1536,1
2007,602590,182564,1536,1
2008,527806,159917,1536,1
2009,667866,202334,1536,1
2010,653086,197856,1536,1
2011,556746,168657,1536,1
2012,1482952,449509,1536,1
2013,344696,104425,1536,1
2014,643882,195299,1536,1
2015,376980,114250,1536,1
2016,549954,166610,1536,1
2017,361562,109533,1536,1
2018,507612,153798,1536,1
2019,542148,164281,1536,1
2020,349046,105745,1536,1
2021,342944,103882,1536,1
2022,381844,115708,1536,1
2023,414394,125652,1536,1
2024,515506,156174,1536,1
2025,540414,163728,1536,1
2026,537776,162924,1536,1
2027,535424,162207,1536,1
2028,535844,162345,1536,1
2029,686572,208011,1536,1
2030,645846,195646,1536,1
2031,744640,225602,1536,1
2032,640894,194162,1536,1
2033,536638,162603,1536,1
2034,584956,177228,1536,1
2035,725246,219705,1536,1
2036,418076,126682,1536,1
2037,535490,162865,1536,1
2038,361894,109640,1536,1
2039,425836,129060,1536,1
2040,355274,107717,1536,1
2041,452840,137219,1536,1
2042,519552,157426,1536,1
2043,358790,108695,1536,1
2044,361310,109459,1536,1
2045,354856,107510,1536,1
2046,344300,104287,1536,1
2047,343178,103951,1536,1
2048,342042,103600,1536,1
2049,344808,104463,1536,1
2050,343246,103983,1536,1
2051,344194,104279,1536,1
2052,501020,151868,1536,1
2053,538976,163348,1536,1
2054,335268,101567,1536,1
2055,341480,103462,1536,1
2056,342890,103886,1536,1
2057,339858,102959,1536,1
2058,550572,166897,1536,1
2059,524366,158931,1536,1
2060,577112,174850,1536,1
2061,533742,161701,1536,1
2062,679792,205938,1536,1
2063,560966,170018,1536,1
2064,796508,241879,1536,1
2065,346354,104939,1536,1
2066,620136,187867,1536,1
2067,551734,167144,1536,1
2068,535746,162293,1536,1
2069,494620,149855,1536,1
2070,484188,146695,1536,1
2071,660594,200133,1536,1
2072,395952,119975,1536,1
2073,487838,147800,1536,1
2074,1238603,375760,1536,1
2075,751214,228690,1536,1
2076,1249646,378807,1536,1
2077,349514,105902,1536,1
2078,624744,189791,1536,1
2079,508530,154082,1536,1
2080,340910,103281,1536,1
2081,343692,104123,1536,1
2082,390890,118444,1536,1
2083,567436,171897,1536,1
2084,567564,171952,1536,1
2085,479238,145197,1536,1
2086,544470,164973,1536,1
2087,544570,165212,1536,1
2088,623282,189423,1536,1
2089,770824,233798,1536,1
2090,455762,138218,1536,1
2091,534630,161969,1536,1
2092,661620,200809,1536,1
2093,635402,193291,1536,1
2094,719084,217997,1536,1
2095,774588,235050,1536,1
2096,348090,105482,1536,1
2097,718931,218183,1536,1
2098,2032305,615822,1536,1
2099,542084,164233,1536,1
2100,643526,194967,1536,1
2101,607330,184476,1536,1
2102,660736,200586,1536,1
2103,601946,182355,1536,1
2104,647568,196203,1536,1
2105,630052,190972,1536,1
2106,584386,177040,1536,1
2107,599120,181513,1536,1
2108,515424,156165,1536,1
2109,746764,226230,1536,1
2110,570320,172792,1536,1
2111,594208,180026,1536,1
2112,2569967,779924,1536,1
2113,386180,117010,1536,1
2114,375222,113674,1536,1
2115,566764,171796,1536,1
2116,376288,113998,1536,1
2117,422046,127892,1536,1
2118,365376,110696,1536,1
2119,510078,154548,1536,1
2120,414724,125684,1536,1
2121,696166,210890,1536,1
2122,754780,228658,1536,1
2123,407262,123483,1536,1
2124,363990,110275,1536,1
2125,414396,125567,1536,1
2126,369082,111814,1536,1
2127,456404,138278,1536,1
2128,372782,112939,1536,1
2129,374124,113349,1536,1
2130,457452,138610,1536,1
2131,360848,109317,1536,1
2132,682928,206889,1536,1
2133,606878,183858,1536,1
2134,356430,107994,1536,1
2135,358724,108696,1536,1
2136,354408,107373,1536,1
2137,355312,107640,1536,1
2138,353292,107032,1536,1
2139,353722,107139,1536,1
2140,341580,103464,1536,1
2141,342210,103666,1536,1
2142,344408,104344,1536,1
2143,343606,104099,1536,1
2144,347436,105259,1536,1
2145,418972,126984,1536,1
2146,347982,105416,1536,1
2147,498938,151140,1536,1
2148,359704,108970,1536,1
2149,342736,103836,1536,1
2150,391620,118666,1536,1
2151,342942,103903,1536,1
2152,339386,102819,1536,1
2153,339000,102707,1536,1
2154,334374,101294,1536,1
2155,357114,108193,1536,1
2156,333644,101088,1536,1
2157,411434,124665,1536,1
2158,324756,98367,1536,1
2159,330860,100258,1536,1
2160,326630,98953,1536,1
2161,327294,99160,1536,1
2162,466812,141425,1536,1
2163,483118,146378,1536,1
2164,333010,101323,1536,1
2165,315462,95553,1536,1
2166,317732,96260,1536,1
2167,318326,96441,1536,1
2168,668570,202521,1536,1
2169,495426,150100,1536,1
2170,307880,93274,1536,1
2171,643438,194927,1536,1
2172,351090,106420,1536,1
2173,527530,159868,1536,1
2174,481174,145793,1536,1
2175,481060,145756,1536,1
2176,308968,93602,1536,1
2177,336818,102086,1536,1
2178,306176,92761,1536,1
2179,359270,108862,1536,1
2180,340274,103127,1536,1
2181,295948,89661,1536,1
2182,298024,90289,1536,1
2183,297552,90132,1536,1
2184,519528,157395,1536,1
2185,295540,89545,1536,1
2186,336504,101963,1536,1
2187,295496,89518,1536,1
2188,330106,100028,1536,1
2189,288318,87350,1536,1
2190,291582,88336,1536,1
2191,288110,87287,1536,1
2192,354442,107380,1536,1
2193,309276,93714,1536,1
2194,291242,88231,1536,1
2195,286438,86778,1536,1
2196,292666,88663,1536,1
2197,283030,85736,1536,1
2198,276460,83850,1536,1
2199,277638,84115,1536,1
2200,518798,157165,1536,1
2201,465010,140886,1536,1
2202,441012,133587,1536,1
2203,419042,126963,1536,1
2204,285090,86371,1536,1
2205,282310,85527,1536,1
2206,283548,85906,1536,1
2207,280488,84974,1536,1
2208,280938,85112,1536,1
2209,280016,84838,1536,1
2210,358730,108692,1536,1
2211,281150,85178,1536,1
2212,277990,84222,1536,1
2213,273688,82901,1536,1
2214,278938,84507,1536,1
2215,274464,83154,1536,1
2216,283730,85961,1536,1
2217,282974,85720,1536,1
2218,300230,90956,1536,1
2219,292492,88613,1536,1
2220,290438,87973,1536,1
2221,288756,87468,1536,1
2222,473422,143448,1536,1
2223,501656,151971,1536,1
2224,442928,134198,1536,1
2225,306688,92910,1536,1
2226,388906,117798,1536,1
2227,320888,97234,1536,1
2228,324714,98368,1536,1
2229,671357,204626,1536,1
2230,343518,104062,1536,1
2231,415142,125847,1536,1
2232,332658,100764,1536,1
2233,375274,113740,1536,1
2234,340898,103271,1536,1
2235,426666,129303,1536,1
2236,334834,101434,1536,1
2237,532118,161223,1536,1
2238,483868,146671,1536,1
2239,514324,155818,1536,1
2240,498526,151025,1536,1
2241,603426,182826,1536,1
2242,542582,164377,1536,1
2243,465306,140981,1536,1
2244,487614,147728,1536,1
2245,478150,144868,1536,1
2246,465756,141088,1536,1
2247,1715717,521074,1536,1
2248,545554,165297,1536,1
2249,768880,233304,1536,1
2250,570106,172761,1536,1
2251,541840,164153,1536,1
2252,549020,166351,1536,1
2253,402386,121956,1536,1
2254,678352,205502,1536,1
2255,371040,112409,1536,1
2256,449446,136199,1536,1
2257,376064,113934,1536,1
2258,670188,203128,1536,1
2259,374888,113661,1536,1
2260,570744,172939,1536,1
2261,619102,187884,1536,1
2262,1533837,465059,1536,1
2263,854749,259126,1536,1
2264,1204488,365647,1536,1
2265,770126,233356,1536,1
2266,626114,189690,1536,1
2267,385164,116695,1536,1
2268,389590,118030,1536,1
2269,397244,120371,1536,1
2270,380240,115204,1536,1
2271,377734,114425,1536,1
2272,584222,177023,1536,1
2273,669006,202976,1536,1
2274,706480,214034,1536,1
2275,366430,111018,1536,1
2276,365428,110706,1536,1
2277,366966,111165,1536,1
2278,377032,114230,1536,1
2279,383074,116055,1536,1
2280,1103666,336389,1536,1
2281,607916,184166,1536,1
2282,575116,174282,1536,1
2283,458332,138873,1536,1
2284,362874,109936,1536,1
2285,417304,126449,1536,1
2286,426794,129324,1536,1
2287,525284,159152,1536,1
2288,545004,165168,1536,1
2289,530202,160630,1536,1
2290,543028,164524,1536,1
2291,400102,121234,1536,1
2292,515290,156115,1536,1
2293,340636,103199,1536,1
2294,337282,102181,1536,1
2295,332248,100662,1536,1
2296,441388,133763,1536,1
2297,331830,100527,1536,1
2298,331754,100494,1536,1
2299,331926,100558,1536,1
2300,329496,99829,1536,1
2301,332254,100658,1536,1
2302,332072,100604,1536,1
2303,332232,100650,1536,1
2304,328830,99621,1536,1
2305,547694,166380,1536,1
2306,359202,108846,1536,1
2307,588876,178426,1536,1
2308,328770,99601,1536,1
2309,324618,98349,1536,1
2310,415558,125911,1536,1
2311,406142,123206,1536,1
2312,505754,153226,1536,1
2313,509282,154301,1536,1
2314,341794,103582,1536,1
2315,436976,132425,1536,1
2316,601232,182708,1536,1
2317,457768,138721,1536,1
2318,350850,106338,1536,1
2319,317464,96177,1536,1
2320,469004,142099,1536,1
2321,498674,151136,1536,1
2322,476250,144296,1536,1
2323,478758,145069,1536,1
2324,637737,193620,1536,1
2325,526524,159510,1536,1
2326,664296,201482,1536,1
2327,514098,155755,1536,1
2328,649304,198424,1536,1
2329,512952,156281,1536,1
2330,473518,143473,1536,1
2331,481950,145974,1536,1
2332,438580,132875,1536,1
2333,414196,125502,1536,1
2334,328258,99447,1536,1
2335,501554,151945,1536,1
2336,492038,149092,1536,1
2337,339238,102775,1536,1
2338,328684,99580,1536,1
2339,325482,98619,1536,1
2340,455912,138160,1536,1
2341,362814,109937,1536,1
2342,322586,97729,1536,1
2343,321996,97547,1536,1
2344,366312,110977,1536,1
2345,330004,100008,1536,1
2346,306802,92944,1536,1
2347,314554,95293,1536,1
2348,357152,108195,1536,1
2349,316332,95815,1536,1
2350,334334,101286,1536,1
2351,441944,133890,1536,1
2352,375130,113675,1536,1
2353,344288,104324,1536,1
2354,327996,99348,1536,1
2355,333386,101001,1536,1
2356,333312,100981,1536,1
2357,329884,99945,1536,1
2358,331312,100378,1536,1
2359,374042,113341,1536,1
2360,338142,102443,1536,1
2361,601068,182155,1536,1
2362,407270,123414,1536,1
2363,406610,123203,1536,1
2364,346680,105061,1536,1
2365,332380,100692,1536,1
2366,336112,101828,1536,1
2367,335944,101862,1536,1
2368,467918,141769,1536,1
2369,357134,109359,1536,1
2370,375172,113681,1536,1
2371,343294,103989,1536,1
2372,333124,100921,1536,1
2373,332114,100597,1536,1
2374,334068,101208,1536,1
2375,343538,104078,1536,1
2376,385242,116735,1536,1
2377,344552,104374,1536,1
2378,342514,103763,1536,1
2379,345026,104530,1536,1
2380,342648,103786,1536,1
2381,343482,104057,1536,1
2382,341836,103558,1536,1
2383,372460,112855,1536,1
2384,377564,114392,1536,1
2385,331116,100307,1536,1
2386,327704,99283,1536,1
2387,338946,102723,1536,1
2388,1221154,369854,1536,1
2389,338178,102484,1536,1
2390,535554,162242,1536,1
2391,515194,156080,1536,1
2392,570566,172855,1536,1
2393,319828,96904,1536,1
2394,473696,143510,1536,1
2395,478900,145097,1536,1
2396,550064,166657,1536,1
2397,406504,123182,1536,1
2398,483828,146599,1536,1
2399,602172,182424,1536,1
2400,518784,157172,1536,1
2401,510772,154756,1536,1
2402,343920,104249,1536,1
2403,604373,183758,1536,1
2404,354980,107564,1536,1
2405,332590,100842,1536,1
2406,1032905,313859,1536,1
2407,611295,185897,1536,1
2408,580178,175786,1536,1
2409,491872,149131,1536,1
2410,514204,155746,1536,1
2411,333308,100984,1536,1
2412,334302,101289,1536,1
2413,330232,100048,1536,1
2414,606272,183675,1536,1
2415,521944,158158,1536,1
2416,405008,122906,1536,1
2417,392694,118994,1536,1
2418,531944,161191,1536,1
2419,335384,101603,1536,1
2420,570094,172722,1536,1
2421,550380,166775,1536,1
2422,4169479,1265280,1536,1
2423,648351,196774,1536,1
2424,376164,113999,1536,1
2425,333212,100948,1536,1
2426,332794,100828,1536,1
2427,335106,101521,1536,1
2428,334592,101362,1536,1
2429,335612,101689,1536,1
2430,331030,100289,1536,1
2431,402552,121978,1536,1
2432,331842,100534,1536,1
2433,330072,100002,1536,1
2434,333418,101011,1536,1
2435,335318,101587,1536,1
2436,333368,100976,1536,1
2437,323824,98108,1536,1
2438,321944,97519,1536,1
2439,323602,98110,1536,1
2440,329500,99830,1536,1
2441,369976,112110,1536,1
2442,328988,99942,1536,1
2443,417874,127844,1536,1
2444,391632,118676,1536,1
2445,380740,115688,1536,1
2446,336072,101824,1536,1
2447,333986,101178,1536,1
2448,440688,133524,1536,1
2449,332364,100682,1536,1
2450,609636,184682,1536,1
2451,506086,153326,1536,1
2452,615244,186388,1536,1
2453,407124,123361,1536,1
2454,341036,103323,1536,1
2455,520450,157656,1536,1
2456,707600,214375,1536,1
2457,672466,204203,1536,1
2458,557522,168929,1536,1
2459,645886,195673,1536,1
2460,578202,175216,1536,1
2461,583846,176869,1536,1
2462,602492,182526,1536,1
2463,593998,179930,1536,1
2464,739622,224762,1536,1
2465,571542,173148,1536,1
2466,562260,170340,1536,1
2467,551998,167221,1536,1
2468,586842,177793,1536,1
2469,614366,186117,1536,1
2470,611084,185124,1536,1
2471,609056,184513,1536,1
2472,624860,189276,1536,1
2473,366148,110927,1536,1
2474,682324,207489,1536,1
2475,848913,257519,1536,1
2476,469808,142364,1536,1
2477,646748,195942,1536,1
2478,556478,168643,1536,1
2479,378372,114645,1536,1
2480,376830,114164,1536,1
2481,378352,114710,1536,1
2482,369446,111925,1536,1
2483,375834,113848,1536,1
2484,363008,109975,1536,1
2485,417108,126388,1536,1
2486,360026,109050,1536,1
2487,358554,108623,1536,1
2488,358472,108600,1536,1
2489,365898,110882,1536,1
2490,392148,118802,1536,1
2491,351194,106397,1536,1
2492,349568,105897,1536,1
2493,342812,103858,1536,1
2494,332016,100579,1536,1
2495,397662,120515,1536,1
2496,338394,102519,1536,1
2497,1111065,337323,1536,1
2498,328186,99447,1536,1
2499,383992,116337,1536,1
2500,360006,109174,1536,1
2501,334520,101360,1536,1
2502,352838,106898,1536,1
2503,333414,101009,1536,1
2504,330856,100233,1536,1
2505,334508,101342,1536,1
2506,334342,101288,1536,1
2507,323666,98056,1536,1
2508,319976,96938,1536,1
2509,319302,96731,1536,1
2510,319586,96817,1536,1
2511,322662,97757,1536,1
2512,494876,150070,1536,1
2513,306300,92805,1536,1
2514,305020,92421,1536,1
2515,308140,93355,1536,1
2516,303984,92083,1536,1
2517,437894,132700,1536,1
2518,549998,167618,1536,1
2519,345582,104794,1536,1
2520,325930,98740,1536,1
2521,308234,93388,1536,1
2522,315310,95528,1536,1
2523,337370,102233,1536,1
2524,317714,96253,1536,1
2525,315870,95695,1536,1
2526,334316,101307,1536,1
2527,311506,94377,1536,1
2528,334746,101436,1536,1
2529,467132,141527,1536,1
2530,481052,145737,1536,1
2531,347034,105135,1536,1
2532,340604,103185,1536,1
2533,324406,98281,1536,1
2534,324542,98326,1536,1
2535,322526,97708,1536,1
2536,325718,98738,1536,1
2537,324638,98346,1536,1
2538,313870,95072,1536,1
2539,315470,95576,1536,1
2540,315626,95624,1536,1
2541,342590,103786,1536,1
2542,350778,106435,1536,1
2543,609860,184753,1536,1
2544,659948,199973,1536,1
2545,366758,111124,1536,1
2546,529062,160283,1536,1
2547,438620,132887,1536,1
2548,313914,95100,1536,1
2549,507260,153681,1536,1
2550,522390,158261,1536,1
2551,370238,112194,1536,1
2552,499738,151499,1536,1
2553,327086,99088,1536,1
2554,324418,98275,1536,1
2555,337254,102203,1536,1
2556,324978,98455,1536,1
2557,373120,113144,1536,1
2558,500138,151502,1536,1
2559,356904,108166,1536,1
2560,505040,153007,1536,1
2561,334608,101367,1536,1
2562,334038,101202,1536,1
2563,737719,224251,1536,1
2564,967206,293328,1536,1
2565,483926,146633,1536,1
2566,522632,158355,1536,1
2567,506412,153444,1536,1
2568,516412,156565,1536,1
2569,680990,206311,1536,1
2570,656174,198826,1536,1
2571,592636,179534,1536,1
2572,584962,177214,1536,1
2573,398330,120722,1536,1
2574,529886,160528,1536,1
2575,551036,166953,1536,1
2576,531398,161021,1536,1
2577,540908,163894,1536,1
2578,554592,168014,1536,1
2579,612456,186172,1536,1
2580,898499,272387,1536,1
2581,725623,220168,1536,1
2582,377284,114305,1536,1
2583,2402592,745374,1536,1
2584,581746,176241,1536,1
2585,368078,111509,1536,1
2586,406570,123794,1536,1
2587,556530,168637,1536,1
2588,452456,137089,1536,1
2589,577606,175005,1536,1
2590,506918,153568,1536,1
2591,569104,172432,1536,1
2592,552160,167291,1536,1
2593,606264,183709,1536,1
2594,562482,170404,1536,1
2595,517828,156905,1536,1
2596,565918,171602,1536,1
2597,531904,161142,1536,1
2598,562220,170344,1536,1
2599,565006,171179,1536,1
2600,713666,216220,1536,1
2601,591434,179174,1536,1
2602,549838,166579,1536,1
2603,1135468,344164,1536,1
2604,560166,169732,1536,1
2605,650040,196929,1536,1
2606,634004,192062,1536,1
2607,630872,191240,1536,1
2608,579364,175521,1536,1
2609,630264,190917,1536,1
2610,569464,172525,1536,1
2611,478724,145048,1536,1
2612,389750,118115,1536,1
2613,407436,123463,1536,1
2614,464966,140892,1536,1
2615,378154,114564,1536,1
2616,418152,126707,1536,1
2617,396408,120119,1536,1
2618,414786,125687,1536,1
2619,728038,221725,1536,1
2620,582192,176383,1536,1
2621,583620,176817,1536,1
2622,602914,182671,1536,1
2623,1351631,411421,1536,1
2624,528002,160108,1536,1
2625,399632,121108,1536,1
2626,519968,157570,1536,1
2627,489270,148239,1536,1
2628,537288,162789,1536,1
2629,821920,249216,1536,1
2630,601736,182305,1536,1
2631,544816,165120,1536,1
2632,578780,175346,1536,1
2633,529182,160348,1536,1
2634,562900,170565,1536,1
2635,612182,186465,1536,1
2636,649822,196907,1536,1
2637,482996,146348,1536,1
2638,585026,177236,1536,1
2639,611502,185252,1536,1
2640,650170,196952,1536,1
2641,423678,128381,1536,1
2642,661810,200973,1536,1
2643,460584,139560,1536,1
2644,540604,163765,1536,1
2645,485362,147057,1536,1
2646,483890,146609,1536,1
2647,548058,166164,1536,1
2648,463386,140465,1536,1
2649,462566,140243,1536,1
2650,348142,105492,1536,1
2651,390558,118684,1536,1
2652,706362,214243,1536,1
2653,540220,163659,1536,1
2654,328910,99662,1536,1
2655,460340,139464,1536,1
2656,507398,154069,1536,1
2657,521290,158008,1536,1
2658,308982,93611,1536,1
2659,500747,153194,1536,1
2660,398436,120719,1536,1
2661,486830,147482,1536,1
2662,738701,224492,1536,1
2663,514976,156057,1536,1
2664,503484,152545,1536,1
2665,1877858,569647,1536,1
2666,448046,135741,1536,1
2667,433516,131551,1536,1
2668,339840,102991,1536,1
2669,329712,99889,1536,1
2670,318890,96614,1536,1
2671,354152,107352,1536,1
2672,324830,98499,1536,1
2673,370196,112187,1536,1
2674,507356,153715,1536,1
2675,913786,277314,1536,1
2676,548792,166515,1536,1
2677,481606,146144,1536,1
2678,325308,98558,1536,1
2679,482720,146250,1536,1
2680,457480,138611,1536,1
2681,362364,109801,1536,1
2682,322998,97859,1536,1
2683,326226,98833,1536,1
2684,320528,97108,1536,1
2685,322560,97793,1536,1
2686,477088,144561,1536,1
2687,400302,121287,1536,1
2688,587100,178439,1536,1
2689,391858,118735,1536,1
2690,439602,133203,1536,1
2691,383450,116197,1536,1
2692,323714,98145,1536,1
2693,381836,115703,1536,1
2694,513526,155606,1536,1
2695,562904,170529,1536,1
2696,471016,142679,1536,1
2697,559234,169431,1536,1
2698,550206,166712,1536,1
2699,514488,155888,1536,1
2700,532596,161462,1536,1
2701,392088,118833,1536,1
2702,354570,107420,1536,1
2703,401102,121522,1536,1
2704,355178,107616,1536,1
2705,416848,126310,1536,1
2706,769358,233270,1536,1
2707,601920,182461,1536,1
2708,576304,174643,1536,1
2709,613140,185755,1536,1
2710,577306,174900,1536,1
2711,342952,103899,1536,1
2712,343730,104141,1536,1
2713,548974,166355,1536,1
2714,589698,178648,1536,1
2715,553122,167576,1536,1
2716,2336274,708648,1536,1
2717,937682,284137,1536,1
2718,571832,173313,1536,1
2719,489566,148330,1536,1
2720,675042,205398,1536,1
2721,524644,158961,1536,1
2722,537760,162972,1536,1
2723,475690,144132,1536,1
2724,482524,146190,1536,1
2725,522732,158374,1536,1
2726,600060,181984,1536,1
2727,576578,174679,1536,1
2728,849156,257642,1536,1
2729,539446,163447,1536,1
2730,554472,167995,1536,1
2731,615660,186532,1536,1
2732,554912,168133,1536,1
2733,641396,194322,1536,1
2734,602056,182398,1536,1
2735,542090,164232,1536,1
2736,811132,245735,1536,1
2737,383284,116162,1536,1
2738,877041,266219,1536,1
2739,532730,161396,1536,1
2740,564118,170911,1536,1
2741,624578,189459,1536,1
2742,580840,175982,1536,1
2743,535464,162218,1536,1
2744,540504,163758,1536,1
2745,610594,185043,1536,1
2746,423938,128437,1536,1
2747,505770,153679,1536,1
2748,657742,199282,1536,1
2749,348588,105618,1536,1
2750,527588,159855,1536,1
2751,533412,161600,1536,1
2752,534552,162051,1536,1
2753,588304,178224,1536,1
2754,648196,196359,1536,1
2755,519844,157490,1536,1
2756,500496,151646,1536,1
2757,644228,195170,1536,1
2758,463312,140370,1536,1
2759,550618,166833,1536,1
2760,536760,162622,1536,1
2761,541986,164189,1536,1
2762,511846,155080,1536,1
2763,481346,145846,1536,1
2764,613666,186123,1536,1
2765,357932,108434,1536,1
2766,640984,194188,1536,1
2767,552476,167388,1536,1
2768,629590,190918,1536,1
2769,720394,218252,1536,1
2770,577504,174956,1536,1
2771,818245,248612,1536,1
2772,725210,219796,1536,1
2773,399456,121046,1536,1
2774,451970,136948,1536,1
2775,378736,114742,1536,1
2776,437984,132714,1536,1
2777,399510,121073,1536,1
2778,492376,149150,1536,1
2779,367636,111379,1536,1
2780,606888,183860,1536,1
2781,610842,185087,1536,1
2782,374748,113532,1536,1
2783,601072,182124,1536,1
2784,524454,159022,1536,1
2785,547066,165743,1536,1
2786,358610,108627,1536,1
2787,351840,106599,1536,1
2788,507090,153736,1536,1
2789,606678,183817,1536,1
2790,543528,164683,1536,1
2791,691762,209569,1536,1
2792,365880,110843,1536,1
2793,616460,186751,1536,1
2794,367134,111228,1536,1
2795,362460,109812,1536,1
2796,360492,109217,1536,1
2797,359562,108934,1536,1
2798,390310,118226,1536,1
2799,370588,112306,1536,1
2800,361240,109446,1536,1
2801,363064,109991,1536,1
2802,365934,110885,1536,1
2803,712092,215731,1536,1
2804,627086,190397,1536,1
2805,563420,170686,1536,1
2806,456010,138180,1536,1
2807,548244,166093,1536,1
2808,635900,192656,1536,1
2809,625760,189572,1536,1
2810,703982,213619,1536,1
2811,681346,206720,1536,1
2812,585880,177493,1536,1
2813,565426,171300,1536,1
2814,646490,195860,1536,1
2815,673624,204068,1536,1
2816,607422,184033,1536,1
2817,456292,138293,1536,1
2818,1135246,344740,1536,1
2819,868503,263564,1536,1
2820,5093270,1543907,1536,1
2821,641656,194442,1536,1
2822,611986,185502,1536,1
2823,592140,179412,1536,1
2824,600138,181814,1536,1
2825,616968,186908,1536,1
2826,558986,169344,1536,1
2827,589426,178568,1536,1
2828,604580,183196,1536,1
2829,639360,194305,1536,1
2830,1540961,467173,1536,1
2831,547882,166004,1536,1
2832,353086,106982,1536,1
2833,700691,212614,1536,1
2834,557902,169087,1536,1
2835,552142,167467,1536,1
2836,707916,214631,1536,1
2837,501618,152274,1536,1
2838,476792,144453,1536,1
2839,456562,138335,1536,1
2840,422012,127901,1536,1
2841,366592,111059,1536,1
2842,366948,111165,1536,1
2843,379460,114991,1536,1
2844,364414,110404,1536,1
2845,354394,107445,1536,1
2846,356876,108198,1536,1
2847,368530,111649,1536,1
2848,433004,131204,1536,1
2849,661874,200932,1536,1
2850,355652,107748,1536,1
2851,355902,107826,1536,1
2852,840919,255384,1536,1
2853,924625,280235,1536,1
2854,454016,137570,1536,1
2855,522972,158502,1536,1
2856,386666,117180,1536,1
2857,345766,104765,1536,1
2858,343022,103920,1536,1
2859,567780,172062,1536,1
2860,340482,103150,1536,1
2861,346730,105045,1536,1
2862,340214,103075,1536,1
2863,343208,104069,1536,1
2864,345064,104541,1536,1
2865,375050,113624,1536,1
2866,445428,134952,1536,1
2867,478810,145067,1536,1
2868,384880,116640,1536,1
2869,605204,183458,1536,1
2870,336828,102043,1536,1
2871,674532,204381,1536,1
2872,334276,101356,1536,1
2873,331022,100266,1536,1
2874,969117,294110,1536,1
2875,768107,232822,1536,1
2876,343816,104157,1536,1
2877,578286,175238,1536,1
2878,344112,104281,1536,1
2879,332668,100762,1536,1
2880,476524,144465,1536,1
2881,334630,101376,1536,1
2882,333176,100939,1536,1
2883,333602,101177,1536,1
2884,551350,167076,1536,1
2885,484036,146654,1536,1
2886,536760,162609,1536,1
2887,534290,161879,1536,1
2888,507412,153750,1536,1
2889,424562,128654,1536,1
2890,360056,109072,1536,1
2891,352790,106972,1536,1
2892,346848,105080,1536,1
2893,379214,114914,1536,1
2894,392906,119134,1536,1
2895,391234,118547,1536,1
2896,345994,104838,1536,1
2897,365836,110876,1536,1
2898,582752,177856,1536,1
2899,661820,200496,1536,1
2900,621459,188879,1536,1
2901,627676,190162,1536,1
2902,401386,121714,1536,1
2903,580108,175914,1536,1
2904,552898,167518,1536,1
2905,566058,171531,1536,1
2906,352944,106931,1536,1
2907,516506,156490,1536,1
2908,354300,107339,1536,1
2909,515978,156325,1536,1
2910,356936,108129,1536,1
2911,363932,110371,1536,1
2912,668210,202546,1536,1
2913,597092,180891,1536,1
2914,464902,140869,1536,1
2915,532106,161208,1536,1
2916,461786,139960,1536,1
2917,344240,104316,1536,1
2918,459714,139292,1536,1
2919,675377,205687,1536,1
2920,342184,103663,1536,1
2921,498972,151183,1536,1
2922,347576,105389,1536,1
2923,332370,100699,1536,1
2924,460942,139881,1536,1
2925,346100,104879,1536,1
2926,505912,153284,1536,1
2927,523054,158470,1536,1
2928,435266,131887,1536,1
2929,325002,98456,1536,1
2930,447166,135449,1536,1
2931,568278,172168,1536,1
2932,569080,172492,1536,1
2933,381854,115725,1536,1
2934,323642,98027,1536,1
2935,523108,158542,1536,1
2936,516670,156530,1536,1
2937,435360,131917,1536,1
2938,438310,132849,1536,1
2939,346290,104916,1536,1
2940,348228,105495,1536,1
2941,333842,101142,1536,1
2942,349454,105878,1536,1
2943,334006,101183,1536,1
2944,330726,100175,1536,1
2945,335488,101650,1536,1
2946,565386,171372,1536,1
2947,531086,160911,1536,1
2948,1195828,362605,1536,1
2949,527348,160023,1536,1
2950,516876,156749,1536,1
2951,490182,148571,1536,1
2952,722294,219501,1536,1
2953,569466,172523,1536,1
2954,561698,170177,1536,1
2955,542032,164291,1536,1
2956,797526,241796,1536,1
2957,679302,206713,1536,1
2958,875933,266377,1536,1
2959,1034984,313834,1536,1
2960,533276,161593,1536,1
2961,908262,275429,1536,1
2962,536038,162447,1536,1
2963,549908,166721,1536,1
2964,560154,169809,1536,1
2965,534272,161963,1536,1
2966,576064,174529,1536,1
2967,613710,185945,1536,1
2968,1234542,374575,1536,1
2969,627786,190185,1536,1
2970,640526,194054,1536,1
2971,629948,190871,1536,1
2972,550406,166786,1536,1
2973,610888,185107,1536,1
2974,613748,185930,1536,1
2975,572380,173421,1536,1
2976,566080,171505,1536,1
2977,521446,157991,1536,1
2978,378456,114662,1536,1
2979,539952,163587,1536,1
2980,606000,183599,1536,1
2981,597376,181064,1536,1
2982,631410,191311,1536,1
2983,436050,132159,1536,1
2984,645696,195623,1536,1
2985,618474,187403,1536,1
2986,570134,172753,1536,1
2987,767772,232962,1536,1
2988,603786,182939,1536,1
2989,579148,175456,1536,1
2990,415638,126073,1536,1
2991,379870,115123,1536,1
2992,408828,123916,1536,1
2993,367194,111242,1536,1
2994,501468,151929,1536,1
2995,576162,174565,1536,1
2996,542012,164255,1536,1
2997,498916,151163,1536,1
2998,515004,156052,1536,1
2999,544802,165055,1536,1
3000,563290,170663,1536,1
3001,562322,170712,1536,1
3002,533454,161640,1536,1
3003,944377,287321,1536,1
3004,777019,235689,1536,1
3005,464440,140741,1536,1
3006,624844,189421,1536,1
3007,366988,111180,1536,1
3008,465476,141027,1536,1
3009,371262,112493,1536,1
3010,386210,117026,1536,1
3011,541998,164291,1536,1
3012,363740,110228,1536,1
3013,549612,166525,1536,1
3014,543566,164757,1536,1
3015,616884,187394,1536,1
3016,513382,155538,1536,1
3017,510368,155506,1536,1
3018,486734,147487,1536,1
3019,585406,177388,1536,1
3020,343562,104065,1536,1
3021,343534,104076,1536,1
3022,354022,107256,1536,1
3023,355470,107779,1536,1
3024,353724,107239,1536,1
3025,353314,107038,1536,1
3026,1000463,303470,1536,1
3027,437482,132604,1536,1
3028,1121905,340225,1536,1
3029,614214,186068,1536,1
3030,583122,176694,1536,1
3031,440578,133483,1536,1
3032,564404,171315,1536,1
3033,563846,170836,1536,1
3034,605530,183448,1536,1
3035,412334,124943,1536,1
3036,354510,107399,1536,1
3037,350046,106029,1536,1
3038,402332,121914,1536,1
3039,420002,127262,1536,1
3040,474842,144536,1536,1
3041,350154,106082,1536,1
3042,350038,106048,1536,1
3043,351746,106679,1536,1
3044,659968,199931,1536,1
3045,400964,121511,1536,1
3046,635338,192501,1536,1
3047,631708,191368,1536,1
3048,710718,215311,1536,1
3049,524284,158891,1536,1
3050,481510,146449,1536,1
3051,648612,196520,1536,1
3052,811568,246039,1536,1
3053,552292,167312,1536,1
3054,355388,107664,1536,1
3055,514126,155771,1536,1
3056,637710,193379,1536,1
3057,527490,159807,1536,1
3058,396498,120134,1536,1
3059,511566,154992,1536,1
3060,29767366,9015861,1536,1
3061,571068,172994,1536,1
3062,571166,173129,1536,1
3063,607380,184021,1536,1
3064,611280,185173,1536,1
3065,537882,162948,1536,1
3066,506820,153541,1536,1
3067,554124,167885,1536,1
3068,575468,174404,1536,1
3069,586728,177759,1536,1
3070,505164,153058,1536,1
3071,548680,166242,1536,1
3072,537954,162996,1536,1
3073,395030,119685,1536,1
3074,681768,206578,1536,1
3075,534300,161884,1536,1
3076,601232,182220,1536,1
3077,605502,183434,1536,1
3078,602202,182441,1536,1
3079,604274,183066,1536,1
3080,644206,195164,1536,1
3081,741670,225382,1536,1
3082,545834,165372,1536,1
3083,1222163,370969,1536,1
3084,603077,183332,1536,1
3085,1301590,394516,1536,1
3086,454064,137602,1536,1
3087,530134,160670,1536,1
3088,517372,156717,1536,1
3089,406692,123223,1536,1
3090,707632,214396,1536,1
3091,580650,175919,1536,1
3092,527036,159649,1536,1
3093,423788,128410,1536,1
3094,518118,156976,1536,1
3095,382032,115745,1536,1
3096,341384,103423,1536,1
3097,523308,158552,1536,1
3098,551638,167122,1536,1
3099,1352067,410175,1536,1
3100,559000,169381,1536,1
3101,445604,135053,1536,1
3102,413130,125233,1536,1
3103,352838,106895,1536,1
3104,564988,171187,1536,1
3105,432264,130994,1536,1
3106,423694,128428,1536,1
3107,344784,104454,1536,1
3108,415542,125903,1536,1
3109,348532,105592,1536,1
3110,448852,136034,1536,1
3111,553284,167638,1536,1
3112,1445128,439042,1536,1
3113,574552,174203,1536,1
3114,351108,106370,1536,1
3115,352368,106755,1536,1
3116,386144,117012,1536,1
3117,344162,104267,1536,1
3118,557198,168835,1536,1
3119,517138,156669,1536,1
3120,398056,120622,1536,1
3121,339010,102707,1536,1
3122,339982,102996,1536,1
3123,368640,111702,1536,1
3124,335168,101543,1536,1
3125,542674,164421,1536,1
3126,549418,166447,1536,1
3127,330680,100162,1536,1
3128,333410,101009,1536,1
3129,331616,100463,1536,1
3130,333622,101076,1536,1
3131,332360,100671,1536,1
3132,333720,101098,1536,1
3133,332186,100629,1536,1
3134,332008,100564,1536,1
3135,373586,113201,1536,1
3136,322594,97724,1536,1
3137,324256,98220,1536,1
3138,326592,98941,1536,1
3139,324222,98230,1536,1
3140,333868,101146,1536,1
3141,330720,100195,1536,1
3142,333134,100921,1536,1
3143,329060,99682,1536,1
3144,333060,100934,1536,1
3145,338402,102509,1536,1
3146,322658,97816,1536,1
3147,568808,172336,1536,1
3148,854787,259646,1536,1
3149,483710,146548,1536,1
3150,327694,99301,1536,1
3151,323752,98104,1536,1
3152,325928,98930,1536,1
3153,353382,107082,1536,1
3154,444548,134767,1536,1
3155,509516,154361,1536,1
3156,560964,169934,1536,1
3157,325254,98530,1536,1
3158,325514,98620,1536,1
3159,457708,138672,1536,1
3160,484028,146625,1536,1
3161,399170,120953,1536,1
3162,320392,97064,1536,1
3163,337230,102190,1536,1
3164,332658,100817,1536,1
3165,469398,142238,1536,1
3166,481560,145924,1536,1
3167,323726,98088,1536,1
3168,1689286,512225,1536,1
3169,588952,178426,1536,1
3170,307124,93046,1536,1
3171,307762,93299,1536,1
3172,382752,116095,1536,1
3173,555488,168429,1536,1
3174,500588,151644,1536,1
3175,577668,175313,1536,1
3176,432498,131182,1536,1
3177,418340,126756,1536,1
3178,325870,98723,1536,1
3179,315830,95694,1536,1
3180,306442,92841,1536,1
3181,303678,92003,1536,1
3182,306302,92798,1536,1
3183,305906,92673,1536,1
3184,378762,114776,1536,1
3185,408166,123685,1536,1
3186,479876,145387,1536,1
3187,495650,150126,1536,1
3188,299078,90589,1536,1
3189,324770,98406,1536,1
3190,397736,120499,1536,1
3191,456778,138422,1536,1
3192,446346,135227,1536,1
3193,479114,145172,1536,1
3194,294500,89222,1536,1
3195,292246,88537,1536,1
3196,291696,88518,1536,1
3197,293514,88912,1536,1
3198,288576,87427,1536,1
3199,590843,179912,1536,1
3200,284782,86273,1536,1
3201,502508,152259,1536,1
3202,465382,141024,1536,1
3203,498250,150917,1536,1
3204,521954,158122,1536,1
3205,522646,168840,1536,1
3206,305798,92640,1536,1
3207,348492,105601,1536,1
3208,310130,93946,1536,1
3209,432630,131086,1536,1
3210,488776,148108,1536,1
3211,516880,156587,1536,1
3212,414616,125756,1536,1
3213,530932,160844,1536,1
3214,570668,172875,1536,1
3215,672211,204333,1536,1
3216,1632805,494974,1536,1
3217,627626,190227,1536,1
3218,870008,263940,1536,1
3219,645008,195436,1536,1
3220,532264,161250,1536,1
3221,588496,178358,1536,1
3222,511558,154979,1536,1
3223,754680,228634,1536,1
3224,488034,147862,1536,1
3225,356344,107938,1536,1
3226,584478,177074,1536,1
3227,534798,162023,1536,1
3228,586914,177806,1536,1
3229,595506,180417,1536,1
3230,571012,173020,1536,1
3231,607504,184107,1536,1
3232,443822,134467,1536,1
3233,393542,119235,1536,1
3234,570704,173171,1536,1
3235,604232,183070,1536,1
3236,366520,111078,1536,1
3237,361216,109422,1536,1
3238,396630,120189,1536,1
3239,393082,119144,1536,1
3240,1388600,420918,1536,1
3241,356484,107995,1536,1
3242,354916,107503,1536,1
3243,355162,107598,1536,1
3244,344596,104596,1536,1
3245,343986,104195,1536,1
3246,550612,166856,1536,1
3247,362560,109875,1536,1
3248,505052,153039,1536,1
3249,539920,163573,1536,1
3250,521206,157910,1536,1
3251,456060,138201,1536,1
3252,544882,165101,1536,1
3253,666002,201801,1536,1
3254,563400,170709,1536,1
3255,702389,213511,1536,1
3256,371540,112573,1536,1
3257,358886,108728,1536,1
3258,342980,104022,1536,1
3259,335304,101601,1536,1
3260,332752,100818,1536,1
3261,330574,100146,1536,1
3262,371118,112454,1536,1
3263,326278,98856,1536,1
3264,322010,97537,1536,1
3265,324750,98387,1536,1
3266,323466,97998,1536,1
3267,323262,97923,1536,1
3268,324230,98225,1536,1
3269,323780,98093,1536,1
3270,322860,97804,1536,1
3271,361732,109609,1536,1
3272,376292,114021,1536,1
3273,327534,99256,1536,1
3274,389892,118142,1536,1
3275,341732,103513,1536,1
3276,619640,187721,1536,1
3277,557852,169015,1536,1
3278,645454,195570,1536,1
3279,596776,180797,1536,1
3280,617512,187069,1536,1
3281,510618,154694,1536,1
3282,529614,160468,1536,1
3283,522780,158403,1536,1
3284,579390,175787,1536,1
3285,336126,101810,1536,1
3286,344392,104405,1536,1
3287,328450,99510,1536,1
3288,327762,99294,1536,1
3289,322660,97757,1536,1
3290,327156,99109,1536,1
3291,317890,96319,1536,1
3292,307298,93096,1536,1
3293,359394,108903,1536,1
3294,305040,92395,1536,1
3295,303386,91918,1536,1
3296,305418,92509,1536,1
3297,311366,94371,1536,1
3298,307326,93106,1536,1
3299,306282,92782,1536,1
3300,305302,92487,1536,1
3301,310102,93946,1536,1
3302,464654,140755,1536,1
3303,341858,103611,1536,1
3304,326304,98875,1536,1
3305,422984,128156,1536,1
3306,373032,113035,1536,1
3307,504368,152801,1536,1
3308,320920,97229,1536,1
3309,329034,99683,1536,1
3310,388548,117725,1536,1
3311,325904,98733,1536,1
3312,324080,98176,1536,1
3313,322368,97646,1536,1
3314,323168,97903,1536,1
3315,325044,98466,1536,1
3316,325178,98512,1536,1
3317,413280,125226,1536,1
3318,659412,200835,1536,1
3319,333462,101005,1536,1
3320,369328,111893,1536,1
3321,388550,117735,1536,1
3322,332728,100781,1536,1
3323,415536,126028,1536,1
3324,500670,151712,1536,1
3325,428320,129785,1536,1
3326,396230,120059,1536,1
3327,333940,101164,1536,1
3328,340478,103137,1536,1
3329,336878,102060,1536,1
3330,431612,130786,1536,1
3331,643594,194984,1536,1
3332,330078,99998,1536,1
3333,352398,106753,1536,1
3334,341814,103657,1536,1
3335,332030,100589,1536,1
3336,338498,102581,1536,1
3337,322064,97559,1536,1
3338,322728,97763,1536,1
3339,321936,97513,1536,1
3340,326816,99006,1536,1
3341,313732,95048,1536,1
3342,341944,103613,1536,1
3343,315482,95579,1536,1
3344,316106,95765,1536,1
3345,314050,95125,1536,1
3346,368844,111772,1536,1
3347,474718,143918,1536,1
3348,324990,98438,1536,1
3349,1489022,451474,1536,1
3350,480560,145606,1536,1
3351,415632,125940,1536,1
3352,589286,178550,1536,1
3353,430182,130356,1536,1
3354,329324,99773,1536,1
3355,331142,100324,1536,1
3356,386204,117022,1536,1
3357,323478,97991,1536,1
3358,324386,98275,1536,1
3359,409860,124187,1536,1
3360,542334,164314,1536,1
3361,565696,171473,1536,1
3362,546622,165586,1536,1
3363,404196,122486,1536,1
3364,540830,164239,1536,1
3365,595452,180492,1536,1
3366,575028,174333,1536,1
3367,365902,110876,1536,1
3368,353522,107101,1536,1
3369,354802,107487,1536,1
3370,387708,117483,1536,1
3371,374152,113398,1536,1
3372,642463,195109,1536,1
3373,586854,177813,1536,1
3374,351630,106561,1536,1
3375,349862,106171,1536,1
3376,366250,111018,1536,1
3377,349382,105835,1536,1
3378,513944,155706,1536,1
3379,530922,160961,1536,1
3380,359872,109051,1536,1
3381,366358,111015,1536,1
3382,368154,111557,1536,1
3383,488076,147878,1536,1
3384,352596,107938,1536,1
3385,503168,152454,1536,1
3386,336244,101880,1536,1
3387,334146,101229,1536,1
3388,345948,104806,1536,1
3389,657756,199967,1536,1
3390,347186,105195,1536,1
3391,341276,103372,1536,1
3392,351858,106594,1536,1
3393,699434,212532,1536,1
3394,342432,103740,1536,1
3395,340980,103303,1536,1
3396,344844,104473,1536,1
3397,346554,104990,1536,1
3398,349504,105891,1536,1
3399,414718,125662,1536,1
3400,354788,107487,1536,1
3401,353242,107017,1536,1
3402,344982,104511,1536,1
3403,346578,104984,1536,1
3404,362814,110021,1536,1
3405,420050,127494,1536,1
3406,338896,102661,1536,1
3407,334802,101432,1536,1
3408,342910,103921,1536,1
3409,331372,100370,1536,1
3410,367770,111443,1536,1
3411,324204,98217,1536,1
3412,329060,99716,1536,1
3413,322250,97609,1536,1
3414,324632,98331,1536,1
3415,324520,98296,1536,1
3416,360202,109142,1536,1
3417,322584,97709,1536,1
3418,376550,114081,1536,1
3419,373498,113226,1536,1
3420,327700,99279,1536,1
3421,338786,102641,1536,1
3422,330762,100205,1536,1
3423,542246,164290,1536,1
3424,325914,98770,1536,1
3425,321674,97453,1536,1
3426,319896,96916,1536,1
3427,362308,109743,1536,1
3428,321200,97326,1536,1
3429,316430,95856,1536,1
3430,317038,96038,1536,1
3431,356200,107937,1536,1
3432,316476,95878,1536,1
3433,317070,96061,1536,1
3434,315908,95703,1536,1
3435,352760,106893,1536,1
3436,314756,95354,1536,1
3437,314800,95363,1536,1
3438,315772,95668,1536,1
3439,313888,95094,1536,1
3440,326856,99020,1536,1
3441,504620,152886,1536,1
3442,323322,97952,1536,1
3443,351134,106404,1536,1
3444,338764,102611,1536,1
3445,462920,140253,1536,1
3446,324382,98254,1536,1
3447,407870,123574,1536,1
3448,313844,95081,1536,1
3449,317406,96159,1536,1
3450,306942,92979,1536,1
3451,318262,96432,1536,1
3452,425238,128835,1536,1
3453,462738,140203,1536,1
3454,312654,94722,1536,1
3455,311572,94393,1536,1
3456,332028,100625,1536,1
3457,575953,175025,1536,1
3458,342480,103761,1536,1
3459,326508,98942,1536,1
3460,352922,107009,1536,1
3461,543656,164713,1536,1
3462,435034,131829,1536,1
3463,441722,133834,1536,1
3464,447758,135662,1536,1
3465,384878,116619,1536,1
3466,521394,157978,1536,1
3467,502524,152253,1536,1
3468,436532,132266,1536,1
3469,417822,126590,1536,1
3470,613310,186356,1536,1
3471,467986,141986,1536,1
3472,487124,147592,1536,1
3473,510104,154537,1536,1
3474,497046,150597,1536,1
3475,511680,155040,1536,1
3476,481468,145916,1536,1
3477,839209,254741,1536,1
3478,1610915,488525,1536,1
3479,358072,108475,1536,1
3480,343466,104204,1536,1
3481,342558,103779,1536,1
3482,344926,104499,1536,1
3483,342350,103696,1536,1
3484,343586,104073,1536,1
3485,343038,103906,1536,1
3486,346646,105032,1536,1
3487,333568,101046,1536,1
3488,336798,102031,1536,1
3489,394226,119460,1536,1
3490,433690,131390,1536,1
3491,361784,109583,1536,1
3492,453258,137338,1536,1
3493,371036,112443,1536,1
3494,511388,154970,1536,1
3495,581018,176367,1536,1
3496,1713258,520107,1536,1
3497,10268828,3111100,1536,1
3498,589092,178467,1536,1
3499,625446,189477,1536,1
3500,728682,220740,1536,1
3501,571144,173031,1536,1
3502,578196,175175,1536,1
3503,804748,243783,1536,1
3504,571954,173268,1536,1
3505,605532,183599,1536,1
3506,654492,198290,1536,1
3507,675654,204694,1536,1
3508,777498,236168,1536,1
3509,567268,171864,1536,1
3510,569940,172810,1536,1
3511,395652,119868,1536,1
3512,400070,121230,1536,1
3513,401968,121825,1536,1
3514,472280,143166,1536,1
3515,563662,170767,1536,1
3516,563842,170806,1536,1
3517,355802,107789,1536,1
3518,355864,107809,1536,1
3519,563572,170766,1536,1
3520,551080,168007,1536,1
3521,392082,118989,1536,1
3522,355302,107639,1536,1
3523,597396,180977,1536,1
3524,670088,203000,1536,1
3525,526592,159586,1536,1
3526,664472,201293,1536,1
3527,369296,111914,1536,1
3528,354636,107442,1536,1
3529,409924,124168,1536,1
3530,398822,120853,1536,1
3531,380020,115112,1536,1
3532,371226,113655,1536,1
3533,344616,104400,1536,1
3534,344984,104528,1536,1
3535,343266,103992,1536,1
3536,340954,103286,1536,1
3537,344766,104444,1536,1
3538,378892,114812,1536,1
3539,342992,103897,1536,1
3540,358902,108733,1536,1
3541,416984,126800,1536,1
3542,330656,100155,1536,1
3543,336248,101865,1536,1
3544,373036,113038,1536,1
3545,333122,100912,1536,1
3546,337894,102398,1536,1
3547,417990,126652,1536,1
3548,335398,101608,1536,1
3549,491960,149148,1536,1
3550,335350,101588,1536,1
3551,333030,100886,1536,1
3552,326196,98818,1536,1
3553,335220,101555,1536,1
3554,501742,152007,1536,1
3555,522060,158435,1536,1
3556,514428,155854,1536,1
3557,497576,150760,1536,1
3558,667166,203031,1536,1
3559,496444,150417,1536,1
3560,477166,144579,1536,1
3561,493722,149593,1536,1
3562,478644,145010,1536,1
3563,361544,109550,1536,1
3564,830066,251447,1536,1
3565,573736,173807,1536,1
3566,314042,95141,1536,1
3567,404484,122557,1536,1
3568,635854,192688,1536,1
3569,471920,142988,1536,1
3570,484198,146691,1536,1
3571,636204,193182,1536,1
3572,496154,150313,1536,1
3573,518308,157032,1536,1
3574,513106,155451,1536,1
3575,460788,139602,1536,1
3576,774200,234586,1536,1
3577,313618,95012,1536,1
3578,315186,95493,1536,1
3579,321856,97514,1536,1
3580,348724,105671,1536,1
3581,492444,149190,1536,1
3582,387946,117556,1536,1
3583,334426,101310,1536,1
3584,330726,100215,1536,1
3585,322300,97634,1536,1
3586,342182,103643,1536,1
3587,344282,104307,1536,1
3588,332564,100758,1536,1
3589,408230,123720,1536,1
3590,342074,103627,1536,1
3591,342852,103848,1536,1
3592,532748,161431,1536,1
3593,511148,154920,1536,1
3594,489612,148390,1536,1
3595,521976,158134,1536,1
3596,539962,163597,1536,1
3597,550648,167194,1536,1
3598,373712,113246,1536,1
3599,351462,106481,1536,1
3600,456194,138227,1536,1
3601,359978,109053,1536,1
3602,353052,106957,1536,1
3603,354212,107336,1536,1
3604,341898,103578,1536,1
3605,343370,104017,1536,1
3606,352178,106680,1536,1
3607,380342,115252,1536,1
3608,343140,103946,1536,1
3609,350974,106308,1536,1
3610,355154,107594,1536,1
3611,352976,106935,1536,1
3612,352642,106813,1536,1
3613,367716,111404,1536,1
3614,367598,111364,1536,1
3615,375114,113643,1536,1
3616,375236,113680,1536,1
3617,494234,149762,1536,1
3618,376034,113927,1536,1
3619,370704,112309,1536,1
3620,624196,189115,1536,1
3621,586816,177780,1536,1
3622,419242,127014,1536,1
3623,392542,118925,1536,1
3624,601848,182341,1536,1
3625,379904,115092,1536,1
3626,562752,170509,1536,1
3627,376076,113922,1536,1
3628,376938,114194,1536,1
3629,581134,176212,1536,1
3630,574092,173927,1536,1
3631,705428,213700,1536,1
3632,608736,184419,1536,1
3633,710288,215177,1536,1
3634,525546,161653,1536,1
3635,733642,222275,1536,1
3636,629440,190682,1536,1
3637,679030,205704,1536,1
3638,665232,201536,1536,1
3639,466996,141494,1536,1
3640,616486,186793,1536,1
3641,643164,194839,1536,1
3642,860698,261227,1536,1
3643,555406,168260,1536,1
3644,362862,109948,1536,1
3645,543858,164975,1536,1
3646,556498,168580,1536,1
3647,533940,161758,1536,1
3648,597866,181129,1536,1
3649,635058,192544,1536,1
3650,596638,180754,1536,1
3651,582176,176376,1536,1
3652,593822,179922,1536,1
3653,615610,186506,1536,1
3654,597002,181127,1536,1
3655,556492,168594,1536,1
3656,584986,177281,1536,1
3657,340476,103152,1536,1
3658,411798,124775,1536,1
3659,495000,149973,1536,1
3660,511576,155021,1536,1
3661,522008,158181,1536,1
3662,520600,157979,1536,1
3663,456494,138274,1536,1
3664,334038,101188,1536,1
3665,334050,101205,1536,1
3666,332838,100832,1536,1
3667,474596,143797,1536,1
3668,323900,98107,1536,1
3669,322968,97841,1536,1
3670,320110,96978,1536,1
3671,319090,96672,1536,1
3672,320104,96976,1536,1
3673,497558,150746,1536,1
3674,537748,162910,1536,1
3675,565614,171382,1536,1
3676,471810,142938,1536,1
3677,461680,139931,1536,1
3678,478298,144902,1536,1
3679,314612,95344,1536,1
3680,354344,107352,1536,1
3681,310222,93972,1536,1
3682,650866,197159,1536,1
3683,298908,90541,1536,1
3684,464490,140837,1536,1
3685,303688,92000,1536,1
3686,455356,137975,1536,1
3687,468388,141909,1536,1
3688,300600,91082,1536,1
3689,403510,122261,1536,1
3690,461450,139850,1536,1
3691,504432,152820,1536,1
3692,305432,92528,1536,1
3693,537088,162715,1536,1
3694,322708,97767,1536,1
3695,322378,97664,1536,1
3696,323718,98060,1536,1
3697,432150,130939,1536,1
3698,328604,99575,1536,1
3699,332684,100805,1536,1
3700,320258,97026,1536,1
3701,413370,125455,1536,1
3702,324014,98245,1536,1
3703,336082,101818,1536,1
3704,324608,98338,1536,1
3705,516889,157262,1536,1
3706,358582,108661,1536,1
3707,323710,98074,1536,1
3708,324800,98471,1536,1
3709,325774,98703,1536,1
3710,320856,97207,1536,1
3711,320544,97110,1536,1
3712,323202,97924,1536,1
3713,351808,106619,1536,1
3714,774574,234853,1536,1
3715,499416,151313,1536,1
3716,321266,97330,1536,1
3717,321856,97499,1536,1
3718,335984,101813,1536,1
3719,315266,95503,1536,1
3720,514054,155729,1536,1
3721,562396,170801,1536,1
3722,328822,99638,1536,1
3723,321490,97522,1536,1
3724,466384,141524,1536,1
3725,650702,197641,1536,1
3726,557510,168904,1536,1
3727,536174,162452,1536,1
3728,526632,159567,1536,1
3729,562452,170421,1536,1
3730,559524,169766,1536,1
3731,582830,176657,1536,1
3732,2077689,637355,1536,1
3733,379118,114940,1536,1
3734,543652,164720,1536,1
3735,910358,275790,1536,1
3736,576578,174835,1536,1
3737,572294,173498,1536,1
3738,638768,193523,1536,1
3739,523050,158467,1536,1
3740,560364,169783,1536,1
3741,364234,110345,1536,1
3742,571766,173219,1536,1
3743,555402,168281,1536,1
3744,594828,180203,1536,1
3745,569168,172444,1536,1
3746,628656,190605,1536,1
3747,625437,189706,1536,1
3748,444950,134855,1536,1
3749,365602,110757,1536,1
3750,613242,185783,1536,1
3751,578616,175340,1536,1
3752,563566,170862,1536,1
3753,542174,164304,1536,1
3754,585488,177397,1536,1
3755,381420,115561,1536,1
3756,596128,180673,1536,1
3757,514852,156029,1536,1
3758,353418,107086,1536,1
3759,550738,166846,1536,1
3760,600146,181821,1536,1
3761,531626,161049,1536,1
3762,612172,185458,1536,1
3763,594200,180019,1536,1
3764,627330,190058,1536,1
3765,534056,161829,1536,1
3766,622520,188620,1536,1
3767,678416,205746,1536,1
3768,627286,190089,1536,1
3769,996252,302287,1536,1
3770,651914,197602,1536,1
3771,649350,196848,1536,1
3772,576724,174719,1536,1
3773,556508,168598,1536,1
3774,390656,118370,1536,1
3775,544788,165090,1536,1
3776,379812,115064,1536,1
3777,425478,128967,1536,1
3778,552658,167454,1536,1
3779,674342,204282,1536,1
3780,602800,182715,1536,1
3781,591786,179281,1536,1
3782,673538,205124,1536,1
3783,603198,182738,1536,1
3784,588252,178220,1536,1
3785,2400728,729161,1536,1
3786,710668,215332,1536,1
3787,944717,286678,1536,1
3788,376376,114025,1536,1
3789,524636,158997,1536,1
3790,378582,114700,1536,1
3791,748750,227787,1536,1
3792,536304,162480,1536,1
3793,539594,164055,1536,1
3794,576630,174739,1536,1
3795,567226,171848,1536,1
3796,564818,171120,1536,1
3797,518004,156951,1536,1
3798,589098,178470,1536,1
3799,585492,177397,1536,1
3800,540498,163750,1536,1
3801,745398,226241,1536,1
3802,558172,169098,1536,1
3803,551798,167345,1536,1
3804,548942,166310,1536,1
3805,566764,171708,1536,1
3806,681040,206320,1536,1
3807,1151269,349500,1536,1
3808,477778,144765,1536,1
3809,1265506,383454,1536,1
3810,351136,106377,1536,1
3811,657050,199104,1536,1
3812,1017440,308663,1536,1
3813,583018,176664,1536,1
3814,359396,108880,1536,1
3815,352318,106732,1536,1
3816,609938,184771,1536,1
3817,612708,185620,1536,1
3818,560830,169990,1536,1
3819,571824,173250,1536,1
3820,561428,170080,1536,1
3821,602252,182478,1536,1
3822,555480,168293,1536,1
3823,579088,175443,1536,1
3824,566716,171774,1536,1
3825,734428,223028,1536,1
3826,543820,164779,1536,1
3827,542798,164464,1536,1
3828,870430,263679,1536,1
3829,630619,191710,1536,1
3830,635688,192585,1536,1
3831,372584,112905,1536,1
3832,581676,176804,1536,1
3833,696672,211518,1536,1
3834,441652,133820,1536,1
3835,479368,145249,1536,1
3836,413066,125331,1536,1
3837,355858,107809,1536,1
3838,356682,108079,1536,1
3839,344176,104265,1536,1
3840,345802,104762,1536,1
3841,378258,114630,1536,1
3842,430502,130453,1536,1
3843,435428,131938,1536,1
3844,579860,175655,1536,1
3845,344830,104465,1536,1
3846,608300,184299,1536,1
3847,969900,293820,1536,1
3848,414926,125741,1536,1
3849,354382,107355,1536,1
3850,355838,107817,1536,1
3851,346394,104945,1536,1
3852,342594,103771,1536,1
3853,418466,126795,1536,1
3854,335102,101530,1536,1
3855,337648,102294,1536,1
3856,337028,102102,1536,1
3857,331698,100493,1536,1
3858,388514,117727,1536,1
3859,402456,121930,1536,1
3860,333666,101084,1536,1
3861,333350,100973,1536,1
3862,335574,101646,1536,1
3863,335194,101547,1536,1
3864,359900,109059,1536,1
3865,343998,104215,1536,1
3866,658832,199594,1536,1
3867,547704,166550,1536,1
3868,334076,101212,1536,1
3869,329118,99713,1536,1
3870,441684,133919,1536,1
3871,333774,101130,1536,1
3872,574462,174053,1536,1
3873,496980,150567,1536,1
3874,546636,165883,1536,1
3875,654682,198345,1536,1
3876,570248,172766,1536,1
3877,566212,171538,1536,1
3878,571048,173011,1536,1
3879,521316,157935,1536,1
3880,500322,151579,1536,1
3881,556034,168459,1536,1
3882,589930,178715,1536,1
3883,543646,164703,1536,1
3884,526816,159614,1536,1
3885,531834,161164,1536,1
3886,481602,145918,1536,1
3887,544406,164932,1536,1
3888,512634,155285,1536,1
3889,511412,154993,1536,1
3890,544276,164895,1536,1
3891,572242,173381,1536,1
3892,546776,165653,1536,1
3893,549200,166378,1536,1
3894,779870,237148,1536,1
3895,432100,130889,1536,1
3896,457148,138505,1536,1
3897,461240,139936,1536,1
3898,392300,118872,1536,1
3899,352766,106871,1536,1
3900,427428,129613,1536,1
3901,502268,152196,1536,1
3902,679940,206938,1536,1
3903,422120,127932,1536,1
3904,351682,106517,1536,1
3905,363616,110168,1536,1
3906,547074,165734,1536,1
3907,382698,115964,1536,1
3908,345980,104816,1536,1
3909,343188,103978,1536,1
3910,668936,202894,1536,1
3911,417508,126508,1536,1
3912,452780,137176,1536,1
3913,346222,104894,1536,1
3914,548392,166144,1536,1
3915,358762,108714,1536,1
3916,498122,150962,1536,1
3917,518874,157305,1536,1
3918,504980,152992,1536,1
3919,559556,169520,1536,1
3920,705494,213762,1536,1
3921,620294,187943,1536,1
3922,458282,138851,1536,1
3923,561102,170007,1536,1
3924,851600,258464,1536,1
3925,551904,167201,1536,1
3926,741776,225646,1536,1
3927,841409,255378,1536,1
3928,418748,126906,1536,1
3929,539186,163382,1536,1
3930,585996,177534,1536,1
3931,540192,163722,1536,1
3932,554702,168060,1536,1
3933,577798,175037,1536,1
3934,632502,191619,1536,1
3935,346012,104827,1536,1
3936,345280,104609,1536,1
3937,398350,120707,1536,1
3938,372602,112904,1536,1
3939,397388,120419,1536,1
3940,422470,128006,1536,1
3941,342776,103849,1536,1
3942,385224,116691,1536,1
3943,416684,126338,1536,1
3944,369924,112095,1536,1
3945,540466,163744,1536,1
3946,396510,120178,1536,1
3947,630644,191065,1536,1
3948,456490,138368,1536,1
3949,340382,103118,1536,1
3950,342574,103784,1536,1
3951,334090,101210,1536,1
3952,334830,101420,1536,1
3953,387064,117366,1536,1
3954,997605,302637,1536,1
3955,509973,154648,1536,1
3956,457322,138584,1536,1
3957,384230,116429,1536,1
3958,341886,103922,1536,1
3959,371510,112577,1536,1
3960,345778,104755,1536,1
3961,340034,103079,1536,1
3962,339092,102732,1536,1
3963,343284,103999,1536,1
3964,366500,111253,1536,1
3965,398816,120850,1536,1
3966,438520,132877,1536,1
3967,366080,110891,1536,1
3968,447578,135610,1536,1
3969,336546,101962,1536,1
3970,333068,100885,1536,1
3971,335358,101602,1536,1
3972,338822,102744,1536,1
3973,456507,138963,1536,1
3974,479714,145341,1536,1
3975,529818,160540,1536,1
3976,333764,101108,1536,1
3977,333410,100998,1536,1
3978,336374,101907,1536,1
3979,334594,101424,1536,1
3980,568116,172123,1536,1
3981,999237,303123,1536,1
3982,350856,106294,1536,1
3983,398522,120758,1536,1
3984,356388,108024,1536,1
3985,344300,104289,1536,1
3986,344680,104425,1536,1
3987,529602,160453,1536,1
3988,345212,104589,1536,1
3989,372820,112960,1536,1
3990,346596,105000,1536,1
3991,359788,109000,1536,1
3992,354438,107377,1536,1
3993,395262,119775,1536,1
3994,453600,137430,1536,1
3995,518838,157288,1536,1
3996,576052,174745,1536,1
3997,386242,117063,1536,1
3998,552490,167401,1536,1
3999,555258,168247,1536,1
4000,589720,178772,1536,1
4001,527138,159730,1536,1
4002,620020,187859,1536,1
4003,474628,143863,1536,1
4004,457570,138628,1536,1
4005,457830,138711,1536,1
4006,440518,133468,1536,1
4007,454344,137652,1536,1
4008,466988,141478,1536,1
4009,562868,170546,1536,1
4010,564600,171051,1536,1
4011,574430,174241,1536,1
4012,602900,182652,1536,1
4013,593484,179762,1536,1
4014,627452,190114,1536,1
4015,623332,188871,1536,1
4016,567426,172116,1536,1
4017,653424,198707,1536,1
4018,569372,172609,1536,1
4019,581266,176125,1536,1
4020,414878,125718,1536,1
4021,558446,169212,1536,1
4022,623338,188892,1536,1
4023,419714,127178,1536,1
4024,472340,143140,1536,1
4025,543200,164604,1536,1
4026,367820,111436,1536,1
4027,362320,109770,1536,1
4028,360776,109295,1536,1
4029,359826,109015,1536,1
4030,343796,104158,1536,1
4031,340634,103201,1536,1
4032,1042625,316551,1536,1
4033,915407,277768,1536,1
4034,455398,137970,1536,1
4035,454130,137665,1536,1
4036,446026,135155,1536,1
4037,461908,139954,1536,1
4038,349430,105850,1536,1
4039,475386,144047,1536,1
4040,455002,137861,1536,1
4041,784658,237762,1536,1
4042,344916,104569,1536,1
4043,361458,109530,1536,1
4044,541248,163984,1536,1
4045,358966,108774,1536,1
4046,477974,144814,1536,1
4047,407462,123470,1536,1
4048,344286,104306,1536,1
4049,369684,112010,1536,1
4050,381322,115569,1536,1
4051,359622,108948,1536,1
4052,574014,173928,1536,1
4053,576758,174698,1536,1
4054,467872,141790,1536,1
4055,576500,174666,1536,1
4056,367878,111471,1536,1
4057,359800,109086,1536,1
4058,518742,157163,1536,1
4059,637994,193744,1536,1
4060,616417,187331,1536,1
4061,408640,123826,1536,1
4062,422046,127884,1536,1
4063,379592,115174,1536,1
4064,582662,176607,1536,1
4065,348008,105428,1536,1
4066,341134,103360,1536,1
4067,340632,103195,1536,1
4068,350626,106225,1536,1
4069,495600,150155,1536,1
4070,353174,106996,1536,1
4071,351210,106410,1536,1
4072,399314,120998,1536,1
4073,396012,119993,1536,1
4074,335392,101612,1536,1
4075,333008,100866,1536,1
4076,573028,173622,1536,1
4077,435568,131980,1536,1
4078,381884,115718,1536,1
4079,331558,100427,1536,1
4080,348154,105497,1536,1
4081,336528,101936,1536,1
4082,323036,97846,1536,1
4083,344162,104282,1536,1
4084,344298,104320,1536,1
4085,480896,145719,1536,1
4086,362856,109944,1536,1
4087,523502,158681,1536,1
4088,510824,154773,1536,1
4089,1213048,367581,1536,1
4090,596124,180643,1536,1
4091,337424,102239,1536,1
4092,377614,114430,1536,1
4093,335222,101552,1536,1
4094,508736,154421,1536,1
4095,504896,152963,1536,1
4096,565378,171288,1536,1
4097,560576,169791,1536,1
4098,671650,203669,1536,1
4099,358206,108549,1536,1
4100,346562,104971,1536,1
4101,331700,100471,1536,1
4102,387782,117582,1536,1
4103,355006,107548,1536,1
4104,476760,144478,1536,1
4105,345258,104615,1536,1
4106,504916,153045,1536,1
4107,341888,103578,1536,1
4108,455566,138119,1536,1
4109,485790,147201,1536,1
4110,370830,112371,1536,1
4111,344446,104347,1536,1
4112,341258,103706,1536,1
4113,518136,156981,1536,1
4114,344012,104301,1536,1
4115,410034,124243,1536,1
4116,484308,146734,1536,1
4117,555518,168297,1536,1
4118,498816,151129,1536,1
4119,533236,161552,1536,1
4120,620742,188057,1536,1
4121,565292,171255,1536,1
4122,475152,143953,1536,1
4123,580816,175962,1536,1
4124,749941,228133,1536,1
4125,538416,163114,1536,1
4126,698074,211566,1536,1
4127,518794,157167,1536,1
4128,434040,131522,1536,1
4129,575900,174861,1536,1
4130,2025530,613555,1536,1
4131,490034,148468,1536,1
4132,571590,173196,1536,1
4133,508936,154183,1536,1
4134,489218,148690,1536,1
4135,593594,179847,1536,1
4136,526808,159580,1536,1
4137,618036,187271,1536,1
4138,529858,160530,1536,1
4139,538726,163218,1536,1
4140,607198,183942,1536,1
4141,643834,195045,1536,1
4142,515736,156247,1536,1
4143,342076,103638,1536,1
4144,547712,165931,1536,1
4145,489768,148385,1536,1
4146,534424,161899,1536,1
4147,605052,183313,1536,1
4148,657352,199166,1536,1
4149,720532,218288,1536,1
4150,607844,184174,1536,1
4151,3988258,1208215,1536,1
4152,516670,156530,1536,1
4153,632744,192883,1536,1
4154,701444,214511,1536,1
4155,682510,206765,1536,1
4156,638834,193557,1536,1
4157,552254,167308,1536,1
4158,658778,199571,1536,1
4159,787590,238680,1536,1
4160,544794,165103,1536,1
4161,660446,200812,1536,1
4162,361374,109486,1536,1
4163,360862,109321,1536,1
4164,364908,110552,1536,1
4165,497460,151157,1536,1
4166,363140,110016,1536,1
4167,467876,141763,1536,1
4168,452366,137070,1536,1
4169,396168,120047,1536,1
4170,513712,155657,1536,1
4171,682808,206859,1536,1
4172,356140,107901,1536,1
4173,362164,109717,1536,1
4174,353202,106984,1536,1
4175,366268,110985,1536,1
4176,510950,154874,1536,1
4177,355726,107770,1536,1
4178,467592,141673,1536,1
4179,376716,114152,1536,1
4180,364082,110278,1536,1
4181,371676,112626,1536,1
4182,536332,162665,1536,1
4183,347322,105238,1536,1
4184,642474,194638,1536,1
4185,681016,206309,1536,1
4186,680116,206048,1536,1
4187,491964,149072,1536,1
4188,618928,187515,1536,1
4189,630324,190915,1536,1
4190,334306,101280,1536,1
4191,493026,149442,1536,1
4192,550878,166889,1536,1
4193,584748,177228,1536,1
4194,336160,101874,1536,1
4195,314096,95139,1536,1
4196,316138,95778,1536,1
4197,356444,108008,1536,1
4198,355236,107640,1536,1
4199,306586,92864,1536,1
4200,307360,93118,1536,1
4201,307652,93206,1536,1
4202,298300,90374,1536,1
4203,440508,133469,1536,1
4204,290550,88027,1536,1
4205,323486,98023,1536,1
4206,291614,88328,1536,1
4207,292522,88616,1536,1
4208,296876,90138,1536,1
4209,295340,89485,1536,1
4210,286078,86667,1536,1
4211,283356,85837,1536,1
4212,282548,85600,1536,1
4213,281558,85282,1536,1
4214,289502,87706,1536,1
4215,284012,86036,1536,1
4216,291122,88197,1536,1
4217,331894,100550,1536,1
4218,293938,89049,1536,1
4219,520618,158141,1536,1
4220,291690,88358,1536,1
4221,289548,87714,1536,1
4222,419694,127178,1536,1
4223,297334,90061,1536,1
4224,449520,136191,1536,1
4225,443490,134363,1536,1
4226,307134,93031,1536,1
4227,307080,93034,1536,1
4228,307714,93226,1536,1
4229,314676,95324,1536,1
4230,316544,95895,1536,1
4231,315908,95697,1536,1
4232,387384,117397,1536,1
4233,504272,152853,1536,1
4234,527118,159718,1536,1
4235,533052,161517,1536,1
4236,469972,142385,1536,1
4237,566276,171858,1536,1
4238,935418,283560,1536,1
4239,670528,203308,1536,1
4240,566350,171926,1536,1
4241,482038,146110,1536,1
4242,323786,98096,1536,1
4243,402846,122061,1536,1
4244,339340,102807,1536,1
4245,400838,121456,1536,1
4246,505560,153168,1536,1
4247,614284,186101,1536,1
4248,617510,187072,1536,1
4249,537446,162832,1536,1
4250,343518,104087,1536,1
4251,342620,103813,1536,1
4252,338342,102501,1536,1
4253,351834,106583,1536,1
4254,333998,101175,1536,1
4255,341036,103321,1536,1
4256,345094,104531,1536,1
4257,338898,102673,1536,1
4258,450318,136442,1536,1
4259,448514,135871,1536,1
4260,335088,101635,1536,1
4261,352248,106703,1536,1
4262,341952,103591,1536,1
4263,517094,156670,1536,1
4264,591388,179590,1536,1
4265,333248,100955,1536,1
4266,504940,152995,1536,1
4267,583954,177058,1536,1
4268,504348,152809,1536,1
4269,431590,130785,1536,1
4270,331966,100581,1536,1
4271,557982,169077,1536,1
4272,537938,162967,1536,1
4273,651472,197602,1536,1
4274,519522,157397,1536,1
4275,3029504,918367,1536,1
4276,341094,103343,1536,1
4277,339266,102779,1536,1
4278,343158,103962,1536,1
4279,341892,103582,1536,1
4280,343014,103923,1536,1
4281,339256,102778,1536,1
4282,344482,104439,1536,1
4283,345386,104638,1536,1
4284,347072,105144,1536,1
4285,380582,115306,1536,1
4286,353100,106991,1536,1
4287,352978,106932,1536,1
4288,385438,116795,1536,1
4289,427216,129686,1536,1
4290,348856,105688,1536,1
4291,340820,103246,1536,1
4292,343914,104192,1536,1
4293,486978,147749,1536,1
4294,341584,103482,1536,1
4295,577282,174869,1536,1
4296,358318,108550,1536,1
4297,354362,107360,1536,1
4298,354118,107281,1536,1
4299,519802,157497,1536,1
4300,496564,150445,1536,1
4301,547048,165704,1536,1
4302,659472,201472,1536,1
4303,1539230,466622,1536,1
4304,379516,115349,1536,1
4305,919315,279811,1536,1
4306,365518,110737,1536,1
4307,427090,129412,1536,1
4308,361166,109413,1536,1
4309,377620,114414,1536,1
4310,376880,114176,1536,1
4311,367408,111313,1536,1
4312,363882,110220,1536,1
4313,353688,107149,1536,1
4314,353848,107205,1536,1
4315,351038,106340,1536,1
4316,357664,108352,1536,1
4317,489538,148322,1536,1
4318,438898,132992,1536,1
4319,715012,219070,1536,1
4320,481240,145915,1536,1
4321,631106,191211,1536,1
4322,602940,182863,1536,1
4323,435612,131995,1536,1
4324,501722,152005,1536,1
4325,373240,113086,1536,1
4326,573590,173777,1536,1
4327,354162,107296,1536,1
4328,370992,112397,1536,1
4329,451162,136696,1536,1
4330,364536,110439,1536,1
4331,464956,140877,1536,1
4332,769438,233574,1536,1
4333,1113582,337715,1536,1
4334,599376,181601,1536,1
4335,429816,130250,1536,1
4336,602576,182561,1536,1
4337,557234,168825,1536,1
4338,479372,145249,1536,1
4339,364936,110560,1536,1
4340,438130,132849,1536,1
4341,363128,110013,1536,1
4342,537390,162926,1536,1
4343,355736,107778,1536,1
4344,458850,139031,1536,1
4345,354752,107474,1536,1
4346,351184,106385,1536,1
4347,350846,106292,1536,1
4348,535592,162294,1536,1
4349,355864,107820,1536,1
4350,334462,101327,1536,1
4351,342658,103813,1536,1
4352,339848,102965,1536,1
4353,569092,172400,1536,1
4354,398060,120616,1536,1
4355,334040,101192,1536,1
4356,353420,107179,1536,1
4357,394174,119569,1536,1
4358,447834,135686,1536,1
4359,520508,157709,1536,1
4360,383130,116091,1536,1
4361,323836,98101,1536,1
4362,324180,98214,1536,1
4363,321492,97401,1536,1
4364,323592,98117,1536,1
4365,324080,98180,1536,1
4366,319812,96891,1536,1
4367,336986,102133,1536,1
4368,357492,108327,1536,1
4369,324436,98279,1536,1
4370,387048,117280,1536,1
4371,315566,95593,1536,1
4372,316988,96015,1536,1
4373,316660,95930,1536,1
4374,315176,95475,1536,1
4375,580712,175974,1536,1
4376,506426,153635,1536,1
4377,317972,96331,1536,1
4378,319386,96742,1536,1
4379,315540,95595,1536,1
4380,316312,95826,1536,1
4381,319260,96720,1536,1
4382,438826,132935,1536,1
4383,456948,138456,1536,1
4384,530036,160565,1536,1
4385,554750,168062,1536,1
4386,406122,123062,1536,1
4387,306998,93002,1536,1
4388,299962,90874,1536,1
4389,300552,91044,1536,1
4390,348054,105540,1536,1
4391,301380,91405,1536,1
4392,299320,90744,1536,1
4393,481108,145754,1536,1
4394,473332,143393,1536,1
4395,509966,154497,1536,1
4396,522344,158241,1536,1
4397,520208,157886,1536,1
4398,654852,198385,1536,1
4399,423468,128303,1536,1
4400,499174,151216,1536,1
4401,425564,128943,1536,1
4402,503468,152525,1536,1
4403,386958,117248,1536,1
4404,525512,159211,1536,1
4405,481516,145986,1536,1
4406,603928,182984,1536,1
4407,510134,154597,1536,1
4408,522198,158224,1536,1
4409,340884,103286,1536,1
4410,494516,149844,1536,1
4411,772203,234328,1536,1
4412,531386,160985,1536,1
4413,570108,172764,1536,1
4414,682378,207380,1536,1
4415,547164,165792,1536,1
4416,540934,163874,1536,1
4417,542322,164430,1536,1
4418,567666,171998,1536,1
4419,542522,164373,1536,1
4420,523988,158743,1536,1
4421,637826,193242,1536,1
4422,350228,106146,1536,1
4423,427470,129518,1536,1
4424,384252,116471,1536,1
4425,323546,98032,1536,1
4426,349788,106000,1536,1
4427,328686,99590,1536,1
4428,346966,105217,1536,1
4429,703210,213286,1536,1
4430,446244,135260,1536,1
4431,367492,111341,1536,1
4432,729106,220891,1536,1
4433,743808,225314,1536,1
4434,554188,167890,1536,1
4435,335836,101758,1536,1
4436,328850,99629,1536,1
4437,332600,100762,1536,1
4438,339076,102726,1536,1
4439,550066,166663,1536,1
4440,376424,114073,1536,1
4441,546548,165598,1536,1
4442,518530,157087,1536,1
4443,521822,158149,1536,1
4444,519590,157433,1536,1
4445,515822,156291,1536,1
4446,504724,152955,1536,1
4447,523630,158649,1536,1
4448,351776,106612,1536,1
4449,329270,99755,1536,1
4450,326780,98999,1536,1
4451,371232,112451,1536,1
4452,324822,98387,1536,1
4453,323640,98036,1536,1
4454,371664,112621,1536,1
4455,324188,98208,1536,1
4456,330834,100222,1536,1
4457,328664,99647,1536,1
4458,324636,98344,1536,1
4459,385160,116734,1536,1
4460,337656,102293,1536,1
4461,560010,169661,1536,1
4462,547118,165719,1536,1
4463,603218,182776,1536,1
4464,598688,181381,1536,1
4465,553004,167540,1536,1
4466,590166,178784,1536,1
4467,553076,167606,1536,1
4468,725816,219957,1536,1
4469,457902,138757,1536,1
4470,596906,180859,1536,1
4471,613862,186092,1536,1
4472,591036,179057,1536,1
4473,485640,147144,1536,1
4474,577444,174962,1536,1
4475,627172,190006,1536,1
4476,560134,169690,1536,1
4477,677338,205181,1536,1
4478,769438,233091,1536,1
4479,516242,156394,1536,1
4480,477322,144637,1536,1
4481,381542,115641,1536,1
4482,354462,107383,1536,1
4483,355820,107785,1536,1
4484,370866,112357,1536,1
4485,606666,183808,1536,1
4486,689322,208831,1536,1
4487,672748,203799,1536,1
4488,637358,193092,1536,1
4489,702540,212818,1536,1
4490,435262,131926,1536,1
4491,412982,125140,1536,1
4492,363012,109955,1536,1
4493,366240,110933,1536,1
4494,364712,110480,1536,1
4495,366728,111102,1536,1
4496,367524,111345,1536,1
4497,364918,110708,1536,1
4498,515122,156763,1536,1
4499,378890,114783,1536,1
4500,371304,112486,1536,1
4501,473678,143528,1536,1
4502,369270,111862,1536,1
4503,584690,177159,1536,1
4504,417116,126397,1536,1
4505,342746,103816,1536,1
4506,444138,134570,1536,1
4507,390258,118233,1536,1
4508,334698,101408,1536,1
4509,340562,103170,1536,1
4510,333746,101121,1536,1
4511,333750,101121,1536,1
4512,541847,164649,1536,1
4513,334136,101225,1536,1
4514,374246,113401,1536,1
4515,332386,100698,1536,1
4516,332686,100878,1536,1
4517,514748,156034,1536,1
4518,400476,121376,1536,1
4519,479166,145201,1536,1
4520,521282,157977,1536,1
4521,333892,101155,1536,1
4522,337902,102376,1536,1
4523,464046,140603,1536,1
4524,333528,101040,1536,1
4525,368030,111519,1536,1
4526,394898,119654,1536,1
4527,327538,99226,1536,1
4528,327000,99068,1536,1
4529,317568,96210,1536,1
4530,314274,95209,1536,1
4531,317560,96195,1536,1
4532,362070,109712,1536,1
4533,306456,92842,1536,1
4534,305236,92455,1536,1
4535,306562,92865,1536,1
4536,308734,93536,1536,1
4537,305198,92451,1536,1
4538,307108,93039,1536,1
4539,438822,132954,1536,1
4540,308424,93442,1536,1
4541,365686,110791,1536,1
4542,316520,95888,1536,1
4543,300176,90942,1536,1
4544,297734,90199,1536,1
4545,708966,215343,1536,1
4546,306576,92880,1536,1
4547,302678,91697,1536,1
4548,305244,92493,1536,1
4549,446008,135125,1536,1
4550,300978,91194,1536,1
4551,470000,142405,1536,1
4552,297492,90124,1536,1
4553,296916,89955,1536,1
4554,296754,89903,1536,1
4555,298860,90610,1536,1
4556,304904,92371,1536,1
4557,305130,92442,1536,1
4558,304616,92295,1536,1
4559,327792,99329,1536,1
4560,296238,89749,1536,1
4561,304612,92266,1536,1
4562,304310,92195,1536,1
4563,307852,93269,1536,1
4564,306694,92897,1536,1
4565,307296,93098,1536,1
4566,307604,93190,1536,1
4567,307794,93244,1536,1
4568,430746,130469,1536,1
4569,324670,98359,1536,1
4570,315784,95664,1536,1
4571,317658,96232,1536,1
4572,315762,95663,1536,1
4573,312714,94721,1536,1
4574,314466,95272,1536,1
4575,316422,95852,1536,1
4576,330064,100146,1536,1
4577,369134,111869,1536,1
4578,307114,93045,1536,1
4579,475508,144058,1536,1
4580,305644,92596,1536,1
4581,302414,91640,1536,1
4582,368504,111624,1536,1
4583,362576,109860,1536,1
4584,298938,90557,1536,1
4585,393890,119344,1536,1
4586,465338,140970,1536,1
4587,534952,162081,1536,1
4588,307462,93225,1536,1
4589,526490,159507,1536,1
4590,334996,101512,1536,1
4591,343736,104169,1536,1
4592,345646,104758,1536,1
4593,373200,113101,1536,1
4594,449528,136225,1536,1
4595,540078,163635,1536,1
4596,575070,174228,1536,1
4597,527104,159723,1536,1
4598,500152,151630,1536,1
4599,478768,145057,1536,1
4600,456794,138397,1536,1
4601,427972,129666,1536,1
4602,507850,153878,1536,1
4603,689868,210103,1536,1
4604,531180,160932,1536,1
4605,336498,101937,1536,1
4606,325520,98612,1536,1
4607,541110,163961,1536,1
4608,342882,103897,1536,1
4609,339586,102860,1536,1
4610,334424,101308,1536,1
4611,326948,99050,1536,1
4612,323238,97907,1536,1
4613,552684,167412,1536,1
4614,491918,149037,1536,1
4615,493728,149575,1536,1
4616,553132,167626,1536,1
4617,496212,150405,1536,1
4618,531458,161015,1536,1
4619,542852,164461,1536,1
4620,527786,159907,1536,1
4621,626224,190148,1536,1
4622,584452,177325,1536,1
4623,582108,176327,1536,1
4624,803448,243647,1536,1
4625,606294,183705,1536,1
4626,620462,188088,1536,1
4627,609482,184758,1536,1
4628,464314,140689,1536,1
4629,584336,177016,1536,1
4630,598384,181306,1536,1
4631,785952,238084,1536,1
4632,375766,113843,1536,1
4633,376300,114004,1536,1
4634,379446,114954,1536,1
4635,376510,114086,1536,1
4636,363524,110111,1536,1
4637,400884,121478,1536,1
4638,367824,111438,1536,1
4639,364136,110306,1536,1
4640,467170,141600,1536,1
4641,353988,107246,1536,1
4642,628646,190523,1536,1
4643,391078,118493,1536,1
4644,388126,117616,1536,1
4645,352602,106823,1536,1
4646,355054,107548,1536,1
4647,419516,127121,1536,1
4648,395586,119877,1536,1
4649,675028,204487,1536,1
4650,601338,182196,1536,1
4651,531792,161126,1536,1
4652,541994,164204,1536,1
4653,541978,164195,1536,1
4654,368260,111630,1536,1
4655,348192,105487,1536,1
4656,350840,106289,1536,1
4657,349590,105910,1536,1
4658,353216,106988,1536,1
4659,350948,106318,1536,1
4660,347466,105270,1536,1
4661,392676,118986,1536,1
4662,349132,105777,1536,1
4663,389712,118167,1536,1
4664,345818,104767,1536,1
4665,342138,103655,1536,1
4666,349380,105841,1536,1
4667,356480,107987,1536,1
4668,339516,102859,1536,1
4669,332758,100811,1536,1
4670,333966,101178,1536,1
4671,329608,99860,1536,1
4672,322388,97667,1536,1
4673,315494,95576,1536,1
4674,347688,105361,1536,1
4675,357644,108373,1536,1
4676,306724,92927,1536,1
4677,345536,104678,1536,1
4678,307922,93282,1536,1
4679,366324,110997,1536,1
4680,485028,146955,1536,1
4681,418822,126921,1536,1
4682,291652,88375,1536,1
4683,290862,88118,1536,1
4684,427568,129552,1536,1
4685,295768,89606,1536,1
4686,343886,104203,1536,1
4687,298158,90328,1536,1
4688,302874,91737,1536,1
4689,329246,99770,1536,1
4690,299652,90782,1536,1
4691,451614,136924,1536,1
4692,495938,150267,1536,1
4693,319346,96779,1536,1
4694,355132,107597,1536,1
4695,306280,92789,1536,1
4696,304418,92225,1536,1
4697,484028,146723,1536,1
4698,315062,95445,1536,1
4699,313974,95120,1536,1
4700,314466,95273,1536,1
4701,328826,99620,1536,1
4702,351400,106461,1536,1
4703,499616,151356,1536,1
4704,504904,152956,1536,1
4705,527272,159737,1536,1
4706,521796,158083,1536,1
4707,511132,154840,1536,1
4708,525520,159204,1536,1
4709,385396,116791,1536,1
4710,398884,120863,1536,1
4711,367146,111248,1536,1
4712,333804,101129,1536,1
4713,331322,100356,1536,1
4714,333662,101161,1536,1
4715,321476,97455,1536,1
4716,323092,97881,1536,1
4717,322854,97814,1536,1
4718,383286,116141,1536,1
4719,326364,98865,1536,1
4720,314830,95381,1536,1
4721,475118,143965,1536,1
4722,575214,174502,1536,1
4723,408658,123823,1536,1
4724,476532,144349,1536,1
4725,486148,147301,1536,1
4726,507152,153667,1536,1
4727,443926,134503,1536,1
4728,396420,120124,1536,1
4729,304268,92186,1536,1
4730,302982,91797,1536,1
4731,299142,90630,1536,1
4732,298946,90570,1536,1
4733,330510,100152,1536,1
4734,297672,90163,1536,1
4735,309404,93738,1536,1
4736,297448,90114,1536,1
4737,298892,90548,1536,1
4738,294350,89165,1536,1
4739,297306,90072,1536,1
4740,295448,89511,1536,1
4741,296956,89962,1536,1
4742,318230,96416,1536,1
4743,342422,103759,1536,1
4744,298268,90359,1536,1
4745,378376,114626,1536,1
4746,295426,89502,1536,1
4747,289516,87711,1536,1
4748,439622,133192,1536,1
4749,290076,87880,1536,1
4750,466470,141315,1536,1
4751,413630,125352,1536,1
4752,303548,91992,1536,1
4753,430900,130546,1536,1
4754,416988,126339,1536,1
4755,446320,135222,1536,1
4756,447334,135621,1536,1
4757,448596,136009,1536,1
4758,454452,137899,1536,1
4759,445398,134951,1536,1
4760,503248,152501,1536,1
4761,503930,152673,1536,1
4762,546978,165710,1536,1
4763,485912,147240,1536,1
4764,1936980,621937,1536,1
4765,1365316,432275,1536,1
4766,595170,180334,1536,1
4767,5195911,1597307,1536,1
4768,580478,175865,1536,1
4769,592736,179587,1536,1
4770,564892,171144,1536,1
4771,567982,172105,1536,1
4772,803012,243572,1536,1
4773,600660,181973,1536,1
4774,625128,189378,1536,1
4775,575212,174262,1536,1
4776,604496,183135,1536,1
4777,595870,180540,1536,1
4778,574500,174069,1536,1
4779,994827,301980,1536,1
4780,693728,210203,1536,1
4781,673778,204119,1536,1
4782,579198,175634,1536,1
4783,672392,204078,1536,1
4784,546134,165505,1536,1
4785,650446,197097,1536,1
4786,604892,183283,1536,1
4787,581624,176713,1536,1
4788,557846,169018,1536,1
4789,515602,156222,1536,1
4790,596742,180799,1536,1
4791,640044,193920,1536,1
4792,568846,172335,1536,1
4793,623056,188784,1536,1
4794,575678,174458,1536,1
4795,4607226,1396192,1536,1
4796,537486,162879,1536,1
4797,559820,169611,1536,1
4798,547792,165969,1536,1
4799,387858,117539,1536,1
4800,443130,134270,1536,1
4801,451066,136673,1536,1
4802,401548,121635,1536,1
4803,352936,106920,1536,1
4804,353474,107082,1536,1
4805,380526,115310,1536,1
4806,545150,165161,1536,1
4807,600956,182138,1536,1
4808,545224,165801,1536,1
4809,517216,156690,1536,1
4810,877332,266123,1536,1
4811,618970,187696,1536,1
4812,526936,159632,1536,1
4813,405908,123023,1536,1
4814,526720,159574,1536,1
4815,430076,130357,1536,1
4816,424130,128511,1536,1
4817,344940,104499,1536,1
4818,508618,154230,1536,1
4819,647736,196358,1536,1
4820,390038,118187,1536,1
4821,479476,145298,1536,1
4822,514546,155889,1536,1
4823,384624,116555,1536,1
4824,580560,175880,1536,1
4825,354052,107312,1536,1
4826,341558,103477,1536,1
4827,395824,119953,1536,1
4828,334026,101195,1536,1
4829,576960,175364,1536,1
4830,325842,98718,1536,1
4831,538814,163242,1536,1
4832,478740,145044,1536,1
4833,434122,131618,1536,1
4834,334166,101230,1536,1
4835,332826,100819,1536,1
4836,383716,116293,1536,1
4837,340764,103231,1536,1
4838,340104,103016,1536,1
4839,339568,102870,1536,1
4840,344714,104431,1536,1
4841,337012,102111,1536,1
4842,323304,97947,1536,1
4843,393102,119115,1536,1
4844,512780,155372,1536,1
4845,452636,137208,1536,1
4846,487984,147848,1536,1
4847,473316,143391,1536,1
4848,536614,162662,1536,1
4849,345154,104563,1536,1
4850,526770,159885,1536,1
4851,410286,124315,1536,1
4852,432960,131190,1536,1
4853,385474,116775,1536,1
4854,488874,148111,1536,1
4855,384950,116623,1536,1
4856,461264,139752,1536,1
4857,587490,177961,1536,1
4858,316008,95740,1536,1
4859,370366,112234,1536,1
4860,325214,98521,1536,1
4861,323322,97945,1536,1
4862,323858,98108,1536,1
4863,396290,120033,1536,1
4864,2915408,883602,1536,1
4865,454818,137815,1536,1
4866,406342,123130,1536,1
4867,507096,153653,1536,1
4868,342888,103906,1536,1
4869,423742,128392,1536,1
4870,454764,137778,1536,1
4871,485486,147138,1536,1
4872,508630,154103,1536,1
4873,493332,149455,1536,1
4874,407330,123421,1536,1
4875,441118,133640,1536,1
4876,322010,97557,1536,1
4877,367030,111219,1536,1
4878,323076,97878,1536,1
4879,473886,143581,1536,1
4880,722926,220220,1536,1
4881,1469647,446072,1536,1
4882,447694,135647,1536,1
4883,351598,106562,1536,1
4884,374434,113460,1536,1
4885,332988,100878,1536,1
4886,350060,106047,1536,1
4887,543240,164587,1536,1
4888,328748,99613,1536,1
4889,324664,98342,1536,1
4890,514866,155976,1536,1
4891,331670,100482,1536,1
4892,329590,99850,1536,1
4893,347912,105419,1536,1
4894,565474,171351,1536,1
4895,518072,156979,1536,1
4896,473794,143541,1536,1
4897,466394,141299,1536,1
4898,577452,174943,1536,1
4899,539008,163295,1536,1
4900,523134,158504,1536,1
4901,622082,188504,1536,1
4902,541742,164205,1536,1
4903,592210,179431,1536,1
4904,624988,189517,1536,1
4905,556316,168557,1536,1
4906,539972,163591,1536,1
4907,615734,186540,1536,1
4908,638382,193410,1536,1
4909,556674,168647,1536,1
4910,559132,169401,1536,1
4911,572478,173466,1536,1
4912,1882013,573105,1536,1
4913,1146095,347556,1536,1
4914,1655254,502165,1536,1
4915,362860,109926,1536,1
4916,588819,178866,1536,1
4917,584602,177127,1536,1
4918,771904,234460,1536,1
4919,651552,197392,1536,1
4920,490916,148788,1536,1
4921,469874,142359,1536,1
4922,679566,206244,1536,1
4923,571742,173222,1536,1
4924,546060,165452,1536,1
4925,603824,182953,1536,1
4926,556062,168470,1536,1
4927,589434,178569,1536,1
4928,383452,116164,1536,1
4929,362702,110134,1536,1
4930,522016,158186,1536,1
4931,1147388,348399,1536,1
4932,522354,158278,1536,1
4933,362616,109862,1536,1
4934,461020,139697,1536,1
4935,362654,109843,1536,1
4936,390482,118301,1536,1
4937,364288,110376,1536,1
4938,446262,136283,1536,1
4939,379698,115057,1536,1
4940,533086,161519,1536,1
4941,477426,144662,1536,1
4942,349672,105938,1536,1
4943,368408,111637,1536,1
4944,352862,106897,1536,1
4945,351938,106620,1536,1
4946,342926,103888,1536,1
4947,344078,104239,1536,1
4948,1186421,359865,1536,1
4949,467442,141664,1536,1
4950,342808,103852,1536,1
4951,498754,151107,1536,1
4952,439289,133758,1536,1
4953,572164,173451,1536,1
4954,369160,111862,1536,1
4955,490356,148524,1536,1
4956,416520,126222,1536,1
4957,365738,110787,1536,1
4958,542342,164338,1536,1
4959,532366,161340,1536,1
4960,643510,195012,1536,1
4961,548538,166224,1536,1
4962,626910,190084,1536,1
4963,547970,166072,1536,1
4964,556518,168621,1536,1
4965,358828,108711,1536,1
4966,400314,121385,1536,1
4967,336740,102017,1536,1
4968,563947,173213,1536,1
4969,591634,179251,1536,1
4970,545190,165169,1536,1
4971,531872,161167,1536,1
4972,609770,185004,1536,1
4973,460765,140571,1536,1
4974,340414,103151,1536,1
4975,326334,98865,1536,1
4976,323972,98149,1536,1
4977,324030,98165,1536,1
4978,314372,95235,1536,1
4979,393994,119381,1536,1
4980,309020,93619,1536,1
4981,307104,93021,1536,1
4982,304726,92299,1536,1
4983,526554,159614,1536,1
4984,307232,93083,1536,1
4985,434226,131641,1536,1
4986,502580,152331,1536,1
4987,341178,103401,1536,1
4988,393448,119333,1536,1
4989,486884,147527,1536,1
4990,443808,134470,1536,1
4991,1100379,334130,1536,1
4992,2289320,693899,1536,1
4993,519098,157253,1536,1
4994,600826,182232,1536,1
4995,1085142,329240,1536,1
4996,500434,151755,1536,1
4997,548094,166074,1536,1
4998,501540,151993,1536,1
4999,514092,155771,1536,1
5000,539852,164013,1536,1
5001,476054,144248,1536,1
5002,397818,120533,1536,1
5003,505476,153151,1536,1
5004,634846,192392,1536,1
5005,608574,185367,1536,1
5006,611574,185270,1536,1
5007,502580,152265,1536,1
5008,501506,151934,1536,1
5009,3446353,1045085,1536,1
5010,354636,107452,1536,1
5011,355268,107638,1536,1
5012,526242,159478,1536,1
5013,475602,144100,1536,1
5014,352226,106717,1536,1
5015,573280,173754,1536,1
5016,356474,108007,1536,1
5017,430076,130319,1536,1
5018,539824,163537,1536,1
5019,470322,142513,1536,1
5020,463260,140496,1536,1
5021,525276,159140,1536,1
5022,554044,167848,1536,1
5023,25920976,7854230,1536,1
5024,601110,182109,1536,1
5025,552602,167431,1536,1
5026,552648,167425,1536,1
5027,553214,167601,1536,1
5028,585088,177259,1536,1
5029,390472,118323,1536,1
5030,618256,187431,1536,1
5031,598104,181199,1536,1
5032,539920,163581,1536,1
5033,456524,138332,1536,1
5034,513372,155712,1536,1
5035,394004,119436,1536,1
5036,573194,173746,1536,1
5037,596226,180590,1536,1
5038,513574,155601,1536,1
5039,566906,171778,1536,1
5040,601614,182277,1536,1
5041,381020,115440,1536,1
5042,617948,188046,1536,1
5043,1197119,363164,1536,1
5044,523538,158628,1536,1
5045,376756,114142,1536,1
5046,464510,140749,1536,1
5047,451506,136816,1536,1
5048,554718,168057,1536,1
5049,563616,170754,1536,1
5050,499636,151383,1536,1
5051,377572,114414,1536,1
5052,353078,106963,1536,1
5053,596000,180567,1536,1
5054,357986,108487,1536,1
5055,344354,104324,1536,1
5056,505156,153064,1536,1
5057,1284265,390232,1536,1
5058,807664,245054,1536,1
5059,450450,136500,1536,1
5060,353744,107155,1536,1
5061,356620,108032,1536,1
5062,1674052,507606,1536,1
5063,454172,137856,1536,1
5064,342080,103641,1536,1
5065,569238,172474,1536,1
5066,345084,104542,1536,1
5067,611676,185321,1536,1
5068,343798,104157,1536,1
5069,345634,104696,1536,1
5070,420704,127620,1536,1
5071,342362,103723,1536,1
5072,355170,107623,1536,1
5073,394958,119721,1536,1
5074,340912,103367,1536,1
5075,340560,103175,1536,1
5076,375806,113865,1536,1
5077,332892,100850,1536,1
5078,368352,111618,1536,1
5079,335772,101720,1536,1
5080,338964,102721,1536,1
5081,451900,136926,1536,1
5082,330516,100127,1536,1
5083,328686,99578,1536,1
5084,314940,95414,1536,1
5085,406408,123326,1536,1
5086,347164,105182,1536,1
5087,315338,95531,1536,1
5088,312924,94795,1536,1
5089,323508,98019,1536,1
5090,415114,125872,1536,1
5091,451661,142519,1536,1
5092,490196,148555,1536,1
5093,699184,212513,1536,1
5094,1605661,487017,1536,1
5095,1036831,314369,1536,1
5096,530382,160685,1536,1
5097,548430,166145,1536,1
5098,499364,151317,1536,1
5099,486470,147380,1536,1
5100,550488,166771,1536,1
5101,518360,157036,1536,1
5102,480166,145462,1536,1
5103,586394,177659,1536,1
5104,545290,165160,1536,1
5105,567686,171989,1536,1
5106,481506,145911,1536,1
5107,391202,118543,1536,1
5108,626464,189778,1536,1
5109,344876,104492,1536,1
5110,484096,146679,1536,1
5111,382920,116051,1536,1
5112,495612,150160,1536,1
5113,374278,113425,1536,1
5114,635810,192625,1536,1
5115,351914,106620,1536,1
5116,355976,107844,1536,1
5117,351916,106619,1536,1
5118,487182,147684,1536,1
5119,726946,221354,1536,1
5120,362690,109875,1536,1
5121,390642,118374,1536,1
5122,592846,179621,1536,1
5123,797058,243711,1536,1
5124,526734,159576,1536,1
5125,624226,189111,1536,1
5126,682400,206756,1536,1
5127,423666,128450,1536,1
5128,696467,211394,1536,1
5129,540838,163868,1536,1
5130,658822,199647,1536,1
5131,584578,177097,1536,1
5132,581902,176293,1536,1
5133,683202,206978,1536,1
5134,705966,213879,1536,1
5135,615990,186619,1536,1
5136,615850,186581,1536,1
5137,641760,194405,1536,1
5138,637356,193087,1536,1
5139,619268,187610,1536,1
5140,592762,179714,1536,1
5141,894304,271706,1536,1
5142,936839,284322,1536,1
5143,1207866,366291,1536,1
5144,1298163,393570,1536,1
5145,684928,207676,1536,1
5146,539214,163366,1536,1
5147,526484,159509,1536,1
5148,451082,136684,1536,1
5149,520226,157656,1536,1
5150,437454,132793,1536,1
5151,384872,116626,1536,1
5152,426652,129262,1536,1
5153,523958,158759,1536,1
5154,366366,111018,1536,1
5155,561472,170118,1536,1
5156,508176,153996,1536,1
5157,1151722,348836,1536,1
5158,651336,197503,1536,1
5159,661938,200513,1536,1
5160,819746,248317,1536,1
5161,579050,175430,1536,1
5162,504258,152785,1536,1
5163,399640,121134,1536,1
5164,351230,106412,1536,1
5165,357086,108178,1536,1
5166,349528,105894,1536,1
5167,335534,101651,1536,1
5168,357842,108446,1536,1
5169,502394,152379,1536,1
5170,334686,101391,1536,1
5171,332900,100854,1536,1
5172,334086,101217,1536,1
5173,405610,122906,1536,1
5174,466842,141438,1536,1
5175,323146,97898,1536,1
5176,424700,128681,1536,1
5177,449886,136304,1536,1
5178,327662,99308,1536,1
5179,322660,97751,1536,1
5180,321416,97368,1536,1
5181,5828731,1766593,1536,1
5182,522448,158269,1536,1
5183,316066,95750,1536,1
5184,314326,95225,1536,1
5185,1003163,304195,1536,1
5186,682258,206731,1536,1
5187,328004,99389,1536,1
5188,543104,164599,1536,1
5189,674974,204480,1536,1
5190,500064,151509,1536,1
5191,586478,178633,1536,1
5192,473150,143357,1536,1
5193,530122,160632,1536,1
5194,559962,169637,1536,1
5195,643454,195108,1536,1
5196,602688,182593,1536,1
5197,511130,154976,1536,1
5198,530884,160868,1536,1
5199,1071077,324781,1536,1
5200,369082,111983,1536,1
5201,346494,104975,1536,1
5202,334314,101283,1536,1
5203,326462,98901,1536,1
5204,345366,104640,1536,1
5205,344504,104384,1536,1
5206,336656,102015,1536,1
5207,362956,109986,1536,1
5208,324400,98279,1536,1
5209,550276,166696,1536,1
5210,475324,143974,1536,1
5211,483380,146610,1536,1
5212,394322,119514,1536,1
5213,474414,143755,1536,1
5214,594308,180487,1536,1
5215,348930,105741,1536,1
5216,448440,135879,1536,1
5217,509414,154358,1536,1
5218,466126,141235,1536,1
5219,327082,99091,1536,1
5220,376222,114003,1536,1
5221,324142,98198,1536,1
5222,324772,98394,1536,1
5223,323508,98007,1536,1
5224,333246,100962,1536,1
5225,334162,101233,1536,1
5226,493448,149509,1536,1
5227,559036,169347,1536,1
5228,587996,178160,1536,1
5229,325732,98683,1536,1
5230,326158,98793,1536,1
5231,378718,114765,1536,1
5232,342028,103618,1536,1
5233,334706,101404,1536,1
5234,334882,101449,1536,1
5235,331332,100360,1536,1
5236,370532,112290,1536,1
5237,334142,101219,1536,1
5238,353446,107082,1536,1
5239,352508,106822,1536,1
5240,334706,101398,1536,1
5241,413898,125394,1536,1
5242,519168,157297,1536,1
5243,345004,104525,1536,1
5244,583720,176874,1536,1
5245,478784,145043,1536,1
5246,589298,179071,1536,1
5247,1677898,508465,1536,1
5248,702200,212828,1536,1
5249,515350,156156,1536,1
5250,843561,256112,1536,1
5251,551924,167213,1536,1
5252,697224,211372,1536,1
5253,526386,159594,1536,1
5254,473542,143467,1536,1
5255,524972,159043,1536,1
5256,531670,161098,1536,1
5257,596310,180658,1536,1
5258,544686,165014,1536,1
5259,530054,160594,1536,1
5260,572540,173466,1536,1
5261,995530,301586,1536,1
5262,603946,182984,1536,1
5263,591296,179186,1536,1
5264,588448,178399,1536,1
5265,904518,274240,1536,1
5266,596170,180616,1536,1
5267,589244,178734,1536,1
5268,631350,191264,1536,1
5269,534710,162030,1536,1
5270,546904,165685,1536,1
5271,567516,171941,1536,1
5272,609036,184516,1536,1
5273,4589680,1394190,1536,1
5274,581046,176035,1536,1
5275,639616,193741,1536,1
5276,528640,160154,1536,1
5277,590950,179014,1536,1
5278,532326,161285,1536,1
5279,509050,154241,1536,1
5280,1825383,554355,1536,1
5281,678444,205679,1536,1
5282,970903,294822,1536,1
5283,687562,208458,1536,1
5284,640218,193947,1536,1
5285,642252,194574,1536,1
5286,643754,195133,1536,1
5287,494000,149767,1536,1
5288,451378,137913,1536,1
5289,375072,113626,1536,1
5290,508548,154082,1536,1
5291,376572,114071,1536,1
5292,377190,114248,1536,1
5293,375268,113684,1536,1
5294,377932,114495,1536,1
5295,381526,115606,1536,1
5296,366408,111007,1536,1
5297,362694,109881,1536,1
5298,359810,109008,1536,1
5299,363142,110016,1536,1
5300,352076,106682,1536,1
5301,349618,105927,1536,1
5302,379678,115055,1536,1
5303,345288,104595,1536,1
5304,400674,121409,1536,1
5305,334700,101396,1536,1
5306,334312,101274,1536,1
5307,344270,104334,1536,1
5308,325174,98518,1536,1
5309,522806,158377,1536,1
5310,327556,99241,1536,1
5311,597620,181044,1536,1
5312,323178,97890,1536,1
5313,323204,97894,1536,1
5314,391314,118570,1536,1
5315,326546,98928,1536,1
5316,314026,95138,1536,1
5317,314326,95222,1536,1
5318,315518,95586,1536,1
5319,306666,92909,1536,1
5320,310390,94040,1536,1
5321,306616,92897,1536,1
5322,298750,90491,1536,1
5323,301254,91278,1536,1
5324,351704,106570,1536,1
5325,288862,87495,1536,1
5326,421946,127837,1536,1
5327,285958,86630,1536,1
5328,281630,85305,1536,1
5329,275388,83414,1536,1
5330,504392,152856,1536,1
5331,277910,84195,1536,1
5332,276208,83678,1536,1
5333,276824,83860,1536,1
5334,275236,83369,1536,1
5335,276840,83855,1536,1
5336,276308,83708,1536,1
5337,276686,83816,1536,1
5338,276580,83783,1536,1
5339,413346,125256,1536,1
5340,327192,99144,1536,1
5341,349770,105981,1536,1
5342,426682,129266,1536,1
5343,285968,86634,1536,1
5344,304706,92328,1536,1
5345,317316,96151,1536,1
5346,380154,115195,1536,1
5347,284280,86125,1536,1
5348,282900,85708,1536,1
5349,282506,85584,1536,1
5350,282044,85447,1536,1
5351,285912,86612,1536,1
5352,379356,114948,1536,1
5353,292632,88654,1536,1
5354,291738,88389,1536,1
5355,408108,123642,1536,1
5356,316576,95926,1536,1
5357,291492,88293,1536,1
5358,289864,87799,1536,1
5359,403780,122420,1536,1
5360,414786,125667,1536,1
5361,411804,124808,1536,1
5362,445908,135089,1536,1
5363,428400,129845,1536,1
5364,300110,90920,1536,1
5365,330768,100335,1536,1
5366,329728,99891,1536,1
5367,329388,99789,1536,1
5368,325926,98752,1536,1
5369,358794,108726,1536,1
5370,314324,95208,1536,1
5371,314998,95413,1536,1
5372,315404,95551,1536,1
5373,314028,95134,1536,1
5374,316478,95883,1536,1
5375,316824,95987,1536,1
5376,315192,95561,1536,1
5377,315036,95423,1536,1
5378,339746,102953,1536,1
5379,321444,97377,1536,1
5380,429272,130053,1536,1
5381,314364,95244,1536,1
5382,404166,122469,1536,1
5383,349322,105839,1536,1
5384,312618,94814,1536,1
5385,314494,95336,1536,1
5386,317174,96088,1536,1
5387,348676,105659,1536,1
5388,620634,188488,1536,1
5389,416146,126099,1536,1
5390,384878,116594,1536,1
5391,327220,99150,1536,1
5392,321764,97479,1536,1
5393,324832,98396,1536,1
5394,320130,96987,1536,1
5395,322470,97700,1536,1
5396,329622,99838,1536,1
5397,336896,102093,1536,1
5398,322126,97574,1536,1
5399,483908,146607,1536,1
5400,324034,98169,1536,1
5401,331024,100281,1536,1
5402,563130,170597,1536,1
5403,326490,98909,1536,1
5404,316264,96254,1536,1
5405,444936,134805,1536,1
5406,317116,96074,1536,1
5407,317702,96245,1536,1
5408,316260,95807,1536,1
5409,324568,98335,1536,1
5410,343068,103955,1536,1
5411,306254,92764,1536,1
5412,503156,152454,1536,1
5413,318802,96580,1536,1
5414,458222,139023,1536,1
5415,317550,96200,1536,1
5416,560806,169923,1536,1
5417,448538,136246,1536,1
5418,333048,100934,1536,1
5419,331046,100311,1536,1
5420,492732,149321,1536,1
5421,531790,161203,1536,1
5422,547472,165855,1536,1
5423,544868,165077,1536,1
5424,607300,183977,1536,1
5425,735492,222797,1536,1
5426,502936,152354,1536,1
5427,501414,151913,1536,1
5428,638954,193580,1536,1
5429,488142,148372,1536,1
5430,489508,148302,1536,1
5431,640510,194987,1536,1
5432,505944,153286,1536,1
5433,342384,103727,1536,1
5434,471076,142741,1536,1
5435,545822,165400,1536,1
5436,767310,232778,1536,1
5437,581564,176233,1536,1
5438,685842,207802,1536,1
5439,613342,185811,1536,1
5440,536284,162484,1536,1
5441,355604,107732,1536,1
5442,354498,107389,1536,1
5443,353472,107063,1536,1
5444,637606,193218,1536,1
5445,606278,183681,1536,1
5446,729338,220946,1536,1
5447,426944,129366,1536,1
5448,361786,109617,1536,1
5449,353212,107007,1536,1
5450,535454,162262,1536,1
5451,450286,136443,1536,1
5452,366180,110914,1536,1
5453,372626,112876,1536,1
5454,880937,267616,1536,1
5455,503881,153200,1536,1
5456,616858,186911,1536,1
5457,689068,208817,1536,1
5458,557882,169035,1536,1
5459,614520,186191,1536,1
5460,615838,186572,1536,1
5461,575836,174453,1536,1
5462,632510,191886,1536,1
5463,599314,181552,1536,1
5464,581920,176300,1536,1
5465,560898,169945,1536,1
5466,571088,173010,1536,1
5467,587188,177903,1536,1
5468,369018,111812,1536,1
5469,685952,207900,1536,1
5470,674162,204233,1536,1
5471,611526,185222,1536,1
5472,451832,136906,1536,1
5473,387968,117576,1536,1
5474,362924,109955,1536,1
5475,359602,108941,1536,1
5476,387192,117310,1536,1
5477,426342,129183,1536,1
5478,353942,107206,1536,1
5479,353634,107135,1536,1
5480,354928,107531,1536,1
5481,543506,164706,1536,1
5482,553758,167780,1536,1
5483,504316,152857,1536,1
5484,503526,152585,1536,1
5485,537436,162844,1536,1
5486,342408,103735,1536,1
5487,342576,103785,1536,1
5488,341432,103453,1536,1
5489,338726,102618,1536,1
5490,356866,108137,1536,1
5491,558102,169164,1536,1
5492,429134,130063,1536,1
5493,333188,100941,1536,1
5494,368606,111695,1536,1
5495,324250,98223,1536,1
5496,323886,98105,1536,1
5497,323352,97943,1536,1
5498,324670,98360,1536,1
5499,314296,95199,1536,1
5500,314182,95186,1536,1
5501,314434,95255,1536,1
5502,315254,95501,1536,1
5503,314462,95264,1536,1
5504,313148,94866,1536,1
5505,363914,110275,1536,1
5506,452124,137424,1536,1
5507,317610,96219,1536,1
5508,314114,95166,1536,1
5509,313930,95109,1536,1
5510,352566,106834,1536,1
5511,372482,112867,1536,1
5512,319438,96775,1536,1
5513,304126,92130,1536,1
5514,305190,92440,1536,1
5515,305186,92458,1536,1
5516,308976,93599,1536,1
5517,305064,92422,1536,1
5518,350196,106096,1536,1
5519,307704,93221,1536,1
5520,307700,93216,1536,1
5521,307686,93213,1536,1
5522,306076,92726,1536,1
5523,306454,92841,1536,1
5524,327760,99329,1536,1
5525,296606,89866,1536,1
5526,298132,90406,1536,1
5527,301350,91312,1536,1
5528,298150,90325,1536,1
5529,290390,87977,1536,1
5530,327288,99155,1536,1
5531,1192194,361398,1536,1
5532,346144,104878,1536,1
5533,878852,267271,1536,1
5534,396880,120242,1536,1
5535,284432,86160,1536,1
5536,285058,86360,1536,1
5537,289542,88091,1536,1
5538,373570,113190,1536,1
5539,294248,89142,1536,1
5540,314734,95358,1536,1
5541,489060,148172,1536,1
5542,476660,144393,1536,1
5543,329988,99980,1536,1
5544,404656,122597,1536,1
5545,297720,90198,1536,1
5546,297980,90274,1536,1
5547,312910,94793,1536,1
5548,311448,94356,1536,1
5549,382342,115855,1536,1
5550,316946,96050,1536,1
5551,307088,93015,1536,1
5552,306428,92815,1536,1
5553,306144,92731,1536,1
5554,421328,127668,1536,1
5555,310836,94160,1536,1
5556,414840,125689,1536,1
5557,469210,142154,1536,1
5558,533784,163639,1536,1
5559,1137885,345938,1536,1
5560,870896,264135,1536,1
5561,559223,169630,1536,1
5562,470488,142578,1536,1
5563,489250,148195,1536,1
5564,539018,163320,1536,1
5565,489764,148393,1536,1
5566,540658,163803,1536,1
5567,346814,105079,1536,1
5568,343184,103965,1536,1
5569,339942,102986,1536,1
5570,531316,160963,1536,1
5571,953890,289033,1536,1
5572,568024,172087,1536,1
5573,523086,158477,1536,1
5574,514842,155973,1536,1
5575,562134,170285,1536,1
5576,560926,169938,1536,1
5577,570520,172810,1536,1
5578,578888,175373,1536,1
5579,585942,177521,1536,1
5580,610034,184838,1536,1
5581,2554765,774166,1536,1
5582,354288,107354,1536,1
5583,465554,141067,1536,1
5584,495540,150133,1536,1
5585,367656,111383,1536,1
5586,411106,124570,1536,1
5587,350652,106236,1536,1
5588,376598,114132,1536,1
5589,408488,123777,1536,1
5590,378018,114546,1536,1
5591,399424,121142,1536,1
5592,344628,104409,1536,1
5593,373896,113343,1536,1
5594,340694,103350,1536,1
5595,355490,107697,1536,1
5596,391514,118638,1536,1
5597,352906,106900,1536,1
5598,359412,108903,1536,1
5599,355864,107803,1536,1
5600,351386,106458,1536,1
5601,382450,115964,1536,1
5602,415262,125826,1536,1
5603,372090,112754,1536,1
5604,573244,173735,1536,1
5605,499936,151425,1536,1
5606,363496,110102,1536,1
5607,435436,131951,1536,1
5608,340714,103224,1536,1
5609,334322,101284,1536,1
5610,502136,152144,1536,1
5611,333322,100971,1536,1
5612,335452,101629,1536,1
5613,335392,101609,1536,1
5614,340000,103001,1536,1
5615,342202,103661,1536,1
5616,335570,101662,1536,1
5617,326282,98830,1536,1
5618,323398,97955,1536,1
5619,497716,150798,1536,1
5620,461160,139728,1536,1
5621,363262,110028,1536,1
5622,335156,101533,1536,1
5623,329956,99968,1536,1
5624,328634,99565,1536,1
5625,329850,99932,1536,1
5626,323030,97869,1536,1
5627,317802,96289,1536,1
5628,314360,95227,1536,1
5629,349698,105969,1536,1
5630,566024,171486,1536,1
5631,325678,98677,1536,1
5632,317064,96054,1536,1
5633,416776,126351,1536,1
5634,320728,97149,1536,1
5635,338568,102588,1536,1
5636,501680,152212,1536,1
5637,501404,151898,1536,1
5638,310918,94194,1536,1
5639,440736,133543,1536,1
5640,379056,114861,1536,1
5641,305142,92446,1536,1
5642,303162,91846,1536,1
5643,307426,93136,1536,1
5644,303274,91878,1536,1
5645,404796,122647,1536,1
5646,307380,93121,1536,1
5647,297842,90216,1536,1
5648,298264,90342,1536,1
5649,298946,90551,1536,1
5650,298288,90370,1536,1
5651,352278,106750,1536,1
5652,501990,153024,1536,1
5653,441530,133782,1536,1
5654,507372,153698,1536,1
5655,484950,146924,1536,1
5656,313292,94911,1536,1
5657,311088,94246,1536,1
5658,311320,94309,1536,1
5659,490596,148646,1536,1
5660,306464,92845,1536,1
5661,997349,303198,1536,1
5662,313096,94855,1536,1
5663,317614,96219,1536,1
5664,340910,103328,1536,1
5665,343578,104151,1536,1
5666,307838,93262,1536,1
5667,297614,90146,1536,1
5668,529628,160549,1536,1
5669,549378,166415,1536,1
5670,317660,96235,1536,1
5671,316720,95940,1536,1
5672,450768,136570,1536,1
5673,423962,128463,1536,1
5674,367816,111432,1536,1
5675,422532,128001,1536,1
5676,440180,133346,1536,1
5677,485558,147140,1536,1
5678,659798,199889,1536,1
5679,588710,178343,1536,1
5680,512200,155571,1536,1
5681,659268,199731,1536,1
5682,580478,175865,1536,1
5683,422974,128166,1536,1
5684,536286,162599,1536,1
5685,382098,115758,1536,1
5686,544562,165002,1536,1
5687,370672,112310,1536,1
5688,363732,110211,1536,1
5689,559522,169528,1536,1
5690,364606,110576,1536,1
5691,578874,175367,1536,1
5692,374216,113397,1536,1
5693,665506,201640,1536,1
5694,602830,182632,1536,1
5695,655466,198715,1536,1
5696,824782,249997,1536,1
5697,607564,184098,1536,1
5698,519990,157547,1536,1
5699,553046,167588,1536,1
5700,591524,179190,1536,1
5701,803536,243731,1536,1
5702,1416210,429555,1536,1
5703,991902,301218,1536,1
5704,573216,173817,1536,1
5705,594582,180272,1536,1
5706,566566,171664,1536,1
5707,566154,171549,1536,1
5708,583976,176922,1536,1
5709,574560,174086,1536,1
5710,627124,189985,1536,1
5711,726858,220567,1536,1
5712,624778,189285,1536,1
5713,714462,216459,1536,1
5714,629014,190557,1536,1
5715,570572,172890,1536,1
5716,614742,186253,1536,1
5717,573376,173789,1536,1
5718,389622,118730,1536,1
5719,371280,112554,1536,1
5720,355822,107804,1536,1
5721,354296,107315,1536,1
5722,362596,109866,1536,1
5723,341110,103348,1536,1
5724,446490,135276,1536,1
5725,446766,135366,1536,1
5726,455616,138048,1536,1
5727,426528,129243,1536,1
5728,489142,148201,1536,1
5729,571978,173319,1536,1
5730,607228,183922,1536,1
5731,576380,174613,1536,1
5732,430140,130334,1536,1
5733,339724,102923,1536,1
5734,338956,102690,1536,1
5735,341732,103529,1536,1
5736,383222,116120,1536,1
5737,341826,103558,1536,1
5738,342884,103882,1536,1
5739,335228,101560,1536,1
5740,396330,120076,1536,1
5741,337706,102315,1536,1
5742,331364,100470,1536,1
5743,704920,213722,1536,1
5744,408298,123688,1536,1
5745,553844,167804,1536,1
5746,596884,181257,1536,1
5747,328122,99410,1536,1
5748,316120,95753,1536,1
5749,340706,103211,1536,1
5750,494244,149745,1536,1
5751,313942,95107,1536,1
5752,310606,94100,1536,1
5753,312700,94731,1536,1
5754,306240,92785,1536,1
5755,303310,91890,1536,1
5756,303246,91871,1536,1
5757,306342,92806,1536,1
5758,309014,93640,1536,1
5759,313076,94952,1536,1
5760,300066,90926,1536,1
5761,290656,88057,1536,1
5762,288464,87394,1536,1
5763,290796,88097,1536,1
5764,439852,133259,1536,1
5765,436544,132254,1536,1
5766,445352,134937,1536,1
5767,488560,148004,1536,1
5768,490530,148612,1536,1
5769,285116,86380,1536,1
5770,363338,110086,1536,1
5771,480890,145700,1536,1
5772,459456,139192,1536,1
5773,494128,149699,1536,1
5774,465194,140903,1536,1
5775,449276,136113,1536,1
5776,529456,160401,1536,1
5777,548802,166263,1536,1
5778,533258,161535,1536,1
5779,531572,161074,1536,1
5780,506914,153567,1536,1
5781,712030,215688,1536,1
5782,579080,175387,1536,1
5783,543838,164743,1536,1
5784,367020,111253,1536,1
5785,342396,103726,1536,1
5786,342762,103835,1536,1
5787,434450,131590,1536,1
5788,513326,155518,1536,1
5789,452018,136984,1536,1
5790,561784,171734,1536,1
5791,345918,104797,1536,1
5792,350654,106228,1536,1
5793,343248,103965,1536,1
5794,511140,154848,1536,1
5795,332238,100652,1536,1
5796,389554,118010,1536,1
5797,329718,99890,1536,1
5798,341976,103638,1536,1
5799,368822,111768,1536,1
5800,519228,157324,1536,1
5801,324968,98430,1536,1
5802,324834,98414,1536,1
5803,359950,109343,1536,1
5804,380602,115326,1536,1
5805,515358,156167,1536,1
5806,525472,159221,1536,1
5807,517428,156781,1536,1
5808,441044,133651,1536,1
5809,660448,200071,1536,1
5810,341690,103523,1536,1
5811,420714,127476,1536,1
5812,346822,105071,1536,1
5813,383352,116124,1536,1
5814,344508,104364,1536,1
5815,371772,112667,1536,1
5816,341322,103406,1536,1
5817,341202,103371,1536,1
5818,336498,101960,1536,1
5819,333052,100903,1536,1
5820,334434,101300,1536,1
5821,334430,101319,1536,1
5822,325426,98591,1536,1
5823,333634,101057,1536,1
5824,333724,101104,1536,1
5825,332932,100860,1536,1
5826,382508,115995,1536,1
5827,332556,100759,1536,1
5828,335962,101790,1536,1
5829,525590,159257,1536,1
5830,480874,145695,1536,1
5831,707414,214302,1536,1
5832,537592,162879,1536,1
5833,521666,158062,1536,1
5834,590106,178798,1536,1
5835,735437,222912,1536,1
5836,1012592,306900,1536,1
5837,583878,176907,1536,1
5838,500042,151508,1536,1
5839,490466,148594,1536,1
5840,599614,181911,1536,1
5841,361108,109456,1536,1
5842,330514,100143,1536,1
5843,350744,106285,1536,1
5844,336310,101878,1536,1
5845,332696,100783,1536,1
5846,340068,103005,1536,1
5847,338224,102465,1536,1
5848,483068,146349,1536,1
5849,473616,143592,1536,1
5850,588636,178345,1536,1
5851,509084,154684,1536,1
5852,427658,129571,1536,1
5853,445580,134995,1536,1
5854,470414,142527,1536,1
5855,558166,169099,1536,1
5856,706582,214306,1536,1
5857,571150,173037,1536,1
5858,1643553,498403,1536,1
5859,683142,206962,1536,1
5860,675240,204566,1536,1
5861,622804,188691,1536,1
5862,603862,182975,1536,1
5863,1107750,335834,1536,1
5864,687870,208381,1536,1
5865,553160,167585,1536,1
5866,511378,154933,1536,1
5867,616070,186670,1536,1
5868,564264,170940,1536,1
5869,555746,168348,1536,1
5870,576632,174698,1536,1
5871,572192,173361,1536,1
5872,620592,188011,1536,1
5873,570502,172846,1536,1
5874,598412,181298,1536,1
5875,591576,179273,1536,1
5876,572446,173438,1536,1
5877,556944,168745,1536,1
5878,539334,163414,1536,1
5879,409038,123947,1536,1
5880,843202,255427,1536,1
5881,501214,151981,1536,1
5882,357080,108186,1536,1
5883,582486,176485,1536,1
5884,584160,176961,1536,1
5885,475196,144006,1536,1
5886,510062,154542,1536,1
5887,672058,203629,1536,1
5888,613974,186114,1536,1
5889,567334,171871,1536,1
5890,477288,144614,1536,1
5891,477752,145178,1536,1
5892,426584,129271,1536,1
5893,365602,110764,1536,1
5894,354018,107249,1536,1
5895,457122,138505,1536,1
5896,484130,146673,1536,1
5897,513926,155728,1536,1
5898,355230,107624,1536,1
5899,608002,184219,1536,1
5900,407466,123487,1536,1
5901,345520,104694,1536,1
5902,443600,134419,1536,1
5903,336554,101965,1536,1
5904,334212,101255,1536,1
5905,333450,101010,1536,1
5906,354450,107406,1536,1
5907,357596,108358,1536,1
5908,509068,154226,1536,1
5909,374856,113595,1536,1
5910,555526,168332,1536,1
5911,421272,127638,1536,1
5912,322798,97783,1536,1
5913,512610,155333,1536,1
5914,513534,155725,1536,1
5915,531510,161030,1536,1
5916,492972,149364,1536,1
5917,347376,105274,1536,1
5918,332084,100610,1536,1
5919,331424,100391,1536,1
5920,335018,101660,1536,1
5921,333938,101170,1536,1
5922,364484,110446,1536,1
5923,329478,99814,1536,1
5924,336356,101899,1536,1
5925,354212,107334,1536,1
5926,332676,100790,1536,1
5927,343352,104017,1536,1
5928,335030,101502,1536,1
5929,539870,164251,1536,1
5930,341212,103381,1536,1
5931,342638,103808,1536,1
5932,345612,104728,1536,1
5933,335054,101503,1536,1
5934,331634,100451,1536,1
5935,420482,127406,1536,1
5936,335874,101742,1536,1
5937,333124,100919,1536,1
5938,535466,162365,1536,1
5939,511156,154884,1536,1
5940,609012,184743,1536,1
5941,538296,163111,1536,1
5942,369682,112029,1536,1
5943,548322,166126,1536,1
5944,524030,158773,1536,1
5945,469872,142350,1536,1
5946,561638,170148,1536,1
5947,526740,159790,1536,1
5948,576164,174565,1536,1
5949,509160,154279,1536,1
5950,520414,157680,1536,1
5951,538154,163122,1536,1
5952,343198,103976,1536,1
5953,1394069,422552,1536,1
5954,1427400,432625,1536,1
5955,738325,224059,1536,1
5956,497340,150785,1536,1
5957,521210,157992,1536,1
5958,471444,142841,1536,1
5959,585022,177269,1536,1
5960,457412,139647,1536,1
5961,523634,158660,1536,1
5962,518188,156990,1536,1
5963,505052,153015,1536,1
5964,579824,175670,1536,1
5965,550318,166722,1536,1
5966,535418,162221,1536,1
5967,543040,164527,1536,1
5968,391674,118684,1536,1
5969,334240,101250,1536,1
5970,535752,162325,1536,1
5971,568820,172343,1536,1
5972,441268,133712,1536,1
5973,1070439,324736,1536,1
5974,544658,165032,1536,1
5975,576448,174714,1536,1
5976,613352,186008,1536,1
5977,545936,165405,1536,1
5978,531368,161090,1536,1
5979,605838,183540,1536,1
5980,567376,171889,1536,1
5981,596068,180579,1536,1
5982,565820,171422,1536,1
5983,660488,200092,1536,1
5984,635894,192655,1536,1
5985,571146,173068,1536,1
5986,474736,143855,1536,1
5987,423020,128188,1536,1
5988,625052,189378,1536,1
5989,632786,191730,1536,1
5990,604846,183247,1536,1
5991,570486,172834,1536,1
5992,634314,192165,1536,1
5993,616766,186858,1536,1
5994,612084,185438,1536,1
5995,611520,185262,1536,1
5996,439946,133306,1536,1
5997,587032,177859,1536,1
5998,541620,164111,1536,1
5999,676850,205620,1536,1
6000,564722,171101,1536,1
6001,771922,233892,1536,1
6002,647330,196192,1536,1
6003,690500,209282,1536,1
6004,614738,186260,1536,1
6005,548310,166144,1536,1
6006,886170,268717,1536,1
6007,585114,177407,1536,1
6008,546946,165726,1536,1
6009,602806,182621,1536,1
6010,714316,216390,1536,1
6011,683440,207037,1536,1
6012,732072,221769,1536,1
6013,651528,197378,1536,1
6014,682712,206827,1536,1
6015,718476,217655,1536,1
6016,378576,114693,1536,1
6017,379654,115025,1536,1
6018,377376,114333,1536,1
6019,392718,119087,1536,1
6020,533612,162377,1536,1
6021,572832,173553,1536,1
6022,364260,110347,1536,1
6023,367384,111293,1536,1
6024,367838,111435,1536,1
6025,366998,111188,1536,1
6026,373676,113208,1536,1
6027,375184,113672,1536,1
6028,509164,154265,1536,1
6029,1406226,426798,1536,1
6030,365990,110901,1536,1
6031,365538,110757,1536,1
6032,514882,156009,1536,1
6033,533714,161791,1536,1
6034,703462,213138,1536,1
6035,541168,163986,1536,1
6036,500456,151616,1536,1
6037,388076,117570,1536,1
6038,470550,142576,1536,1
6039,417600,126532,1536,1
6040,334220,101254,1536,1
6041,564352,171348,1536,1
6042,390782,118417,1536,1
6043,511934,155108,1536,1
6044,573644,173763,1536,1
6045,394762,119648,1536,1
6046,449562,136379,1536,1
6047,438648,132916,1536,1
6048,332712,100790,1536,1
6049,334978,101481,1536,1
6050,330932,100260,1536,1
6051,674623,204732,1536,1
6052,379790,115079,1536,1
6053,332264,100659,1536,1
6054,402628,121995,1536,1
6055,378996,114840,1536,1
6056,319256,96709,1536,1
6057,315744,95638,1536,1
6058,589284,180977,1536,1
6059,389982,118190,1536,1
6060,476018,144215,1536,1
6061,558272,169241,1536,1
6062,322386,97671,1536,1
6063,448200,135804,1536,1
6064,351290,106460,1536,1
6065,338666,102629,1536,1
6066,393114,119100,1536,1
6067,575486,174486,1536,1
6068,525390,159500,1536,1
6069,339708,103088,1536,1
6070,372450,112874,1536,1
6071,348502,105606,1536,1
6072,348324,105547,1536,1
6073,334136,101231,1536,1
6074,489302,148238,1536,1
6075,390636,118371,1536,1
6076,427414,129523,1536,1
6077,376262,113992,1536,1
6078,331698,100490,1536,1
6079,334394,101315,1536,1
6080,331122,100313,1536,1
6081,380918,115427,1536,1
6082,330968,100268,1536,1
6083,340456,103172,1536,1
6084,323398,97957,1536,1
6085,361380,109485,1536,1
6086,322440,97674,1536,1
6087,377696,114446,1536,1
6088,325928,98743,1536,1
6089,363176,110052,1536,1
6090,387096,117299,1536,1
6091,341224,103378,1536,1
6092,338786,102635,1536,1
6093,333704,101080,1536,1
6094,336478,101934,1536,1
6095,432308,130997,1536,1
6096,509774,154461,1536,1
6097,522512,158396,1536,1
6098,353932,107206,1536,1
6099,399392,120982,1536,1
6100,339102,103157,1536,1
6101,524914,159050,1536,1
6102,913010,277282,1536,1
6103,1018384,308841,1536,1
6104,337080,102133,1536,1
6105,665432,202034,1536,1
6106,2464022,747073,1536,1
6107,520322,157644,1536,1
6108,457124,138508,1536,1
6109,522656,158352,1536,1
6110,503630,152903,1536,1
6111,490870,149299,1536,1
6112,507514,153999,1536,1
6113,344516,104376,1536,1
6114,564484,171059,1536,1
6115,481270,145825,1536,1
6116,667040,202360,1536,1
6117,517510,156826,1536,1
6118,547592,165908,1536,1
6119,474506,143779,1536,1
6120,518440,157086,1536,1
6121,557724,168968,1536,1
6122,589012,178470,1536,1
6123,423020,128177,1536,1
6124,517778,156895,1536,1
6125,560256,169738,1536,1
6126,605654,183481,1536,1
6127,561544,170127,1536,1
6128,634936,192384,1536,1
6129,462462,140139,1536,1
6130,829584,251873,1536,1
6131,673870,204153,1536,1
6132,631360,191346,1536,1
6133,586130,177600,1536,1
6134,628214,190329,1536,1
6135,637318,193157,1536,1
6136,628934,190531,1536,1
6137,639958,193965,1536,1
6138,600744,182119,1536,1
6139,606780,183828,1536,1
6140,580558,175943,1536,1
6141,374102,113334,1536,1
6142,512120,155195,1536,1
6143,420820,127491,1536,1
6144,511062,154844,1536,1
6145,415038,125858,1536,1
6146,380788,115358,1536,1
6147,372004,112700,1536,1
6148,497900,150888,1536,1
6149,492292,149174,1536,1
6150,379544,114985,1536,1
6151,371192,112460,1536,1
6152,439320,133116,1536,1
6153,376262,113989,1536,1
6154,511074,154914,1536,1
6155,366904,111156,1536,1
6156,435924,132093,1536,1
6157,485146,146994,1536,1
6158,404256,122499,1536,1
6159,556546,168609,1536,1
6160,412582,125046,1536,1
6161,367270,111265,1536,1
6162,424530,128643,1536,1
6163,368254,111568,1536,1
6164,428856,129922,1536,1
6165,567630,171967,1536,1
6166,561262,170035,1536,1
6167,1028517,311860,1536,1
6168,641546,194379,1536,1
6169,366014,110894,1536,1
6170,606860,184269,1536,1
6171,546650,165642,1536,1
6172,613144,185767,1536,1
6173,689382,208840,1536,1
6174,665526,201612,1536,1
6175,574970,174224,1536,1
6176,342622,103792,1536,1
6177,343358,104019,1536,1
6178,485874,147528,1536,1
6179,348488,105600,1536,1
6180,432088,130926,1536,1
6181,337298,102198,1536,1
6182,332944,100865,1536,1
6183,338450,102534,1536,1
6184,334552,101360,1536,1
6185,1364758,414322,1536,1
6186,334890,101460,1536,1
6187,641838,194425,1536,1
6188,611132,185140,1536,1
6189,562000,170261,1536,1
6190,579074,175445,1536,1
6191,530246,160668,1536,1
6192,495952,150255,1536,1
6193,496988,150640,1536,1
6194,549886,166589,1536,1
6195,487174,147612,1536,1
6196,334156,101466,1536,1
6197,322698,97768,1536,1
6198,531140,160940,1536,1
6199,429166,130098,1536,1
6200,564134,172264,1536,1
6201,480452,145600,1536,1
6202,540164,163703,1536,1
6203,699304,211852,1536,1
6204,450596,136525,1536,1
6205,506534,153451,1536,1
6206,545922,165391,1536,1
6207,348594,105666,1536,1
6208,339744,102904,1536,1
6209,534100,161817,1536,1
6210,660618,200702,1536,1
6211,394358,119512,1536,1
6212,342946,103899,1536,1
6213,334588,101364,1536,1
6214,509210,154273,1536,1
6215,732950,222025,1536,1
6216,368806,111780,1536,1
6217,335948,101786,1536,1
6218,551338,167031,1536,1
6219,473242,143667,1536,1
6220,370316,112217,1536,1
6221,335476,101614,1536,1
6222,369048,111794,1536,1
6223,462212,140046,1536,1
6224,342438,103742,1536,1
6225,359712,108984,1536,1
6226,342086,103639,1536,1
6227,332234,100654,1536,1
6228,334264,101260,1536,1
6229,600774,182027,1536,1
6230,339962,102992,1536,1
6231,509390,154428,1536,1
6232,3890433,1179066,1536,1
6233,613148,185945,1536,1
6234,521340,157948,1536,1
6235,561430,170167,1536,1
6236,568108,172129,1536,1
6237,600128,181836,1536,1
6238,403306,122211,1536,1
6239,573906,173889,1536,1
6240,526434,159503,1536,1
6241,486138,147313,1536,1
6242,560116,169710,1536,1
6243,535004,162099,1536,1
6244,544770,165062,1536,1
6245,1024826,310916,1536,1
6246,355252,107637,1536,1
6247,512908,155372,1536,1
6248,737058,223283,1536,1
6249,1354754,411186,1536,1
6250,730720,221964,1536,1
6251,548648,166207,1536,1
6252,467106,141539,1536,1
6253,364116,110314,1536,1
6254,448150,136059,1536,1
6255,365766,110811,1536,1
6256,570838,172980,1536,1
6257,520266,157678,1536,1
6258,622386,188602,1536,1
6259,494152,149729,1536,1
6260,579210,175488,1536,1
6261,561036,169974,1536,1
6262,537684,162889,1536,1
6263,538300,163325,1536,1
6264,565220,171229,1536,1
6265,532520,161320,1536,1
6266,658204,200743,1536,1
6267,551528,167112,1536,1
6268,472404,143151,1536,1
6269,810183,246313,1536,1
6270,476306,144312,1536,1
6271,558586,169227,1536,1
6272,383316,116150,1536,1
6273,363490,110186,1536,1
6274,350210,106162,1536,1
6275,355524,107704,1536,1
6276,366308,110988,1536,1
6277,419382,127076,1536,1
6278,355394,107665,1536,1
6279,349284,105819,1536,1
6280,412864,125111,1536,1
6281,353820,107190,1536,1
6282,353790,107189,1536,1
6283,351192,106395,1536,1
6284,445406,134967,1536,1
6285,444866,134783,1536,1
6286,352336,106759,1536,1
6287,349936,106220,1536,1
6288,352976,106948,1536,1
6289,355698,107849,1536,1
6290,359652,108962,1536,1
6291,574172,173961,1536,1
6292,765199,232157,1536,1
6293,447752,135688,1536,1
6294,486406,147354,1536,1
6295,358844,108737,1536,1
6296,341716,103526,1536,1
6297,350432,106162,1536,1
6298,343452,104051,1536,1
6299,357412,108283,1536,1
6300,469424,142216,1536,1
6301,364000,110318,1536,1
6302,368604,111697,1536,1
6303,366994,111206,1536,1
6304,362768,109928,1536,1
6305,349400,105852,1536,1
6306,464528,140768,1536,1
6307,385170,116718,1536,1
6308,518764,157183,1536,1
6309,502868,152374,1536,1
6310,384310,116456,1536,1
6311,439430,133164,1536,1
6312,343388,104113,1536,1
6313,347800,105376,1536,1
6314,409536,124089,1536,1
6315,529994,160529,1536,1
6316,354360,107369,1536,1
6317,520898,157814,1536,1
6318,514644,155948,1536,1
6319,493932,149650,1536,1
6320,541388,163998,1536,1
6321,447698,135642,1536,1
6322,7888827,2391492,1536,1
6323,1144665,348220,1536,1
6324,491056,148795,1536,1
6325,906478,274619,1536,1
6326,424034,128495,1536,1
6327,421926,127836,1536,1
6328,482144,146093,1536,1
6329,427258,129471,1536,1
6330,432998,131203,1536,1
6331,416114,126081,1536,1
6332,469332,142194,1536,1
6333,497240,150657,1536,1
6334,487412,147666,1536,1
6335,422486,127999,1536,1
6336,506819,154813,1536,1
6337,320826,97197,1536,1
6338,544680,165051,1536,1
6339,323866,98128,1536,1
6340,512310,155231,1536,1
6341,463328,140364,1536,1
6342,442214,133998,1536,1
6343,431498,130729,1536,1
6344,510542,154676,1536,1
6345,426204,129095,1536,1
6346,421188,127618,1536,1
6347,490566,148725,1536,1
6348,494084,149712,1536,1
6349,480520,145617,1536,1
6350,459022,139074,1536,1
6351,435414,131927,1536,1
6352,582844,176747,1536,1
6353,457974,138749,1536,1
6354,462280,140158,1536,1
6355,454678,137759,1536,1
6356,559062,169375,1536,1
6357,541594,164082,1536,1
6358,563320,170692,1536,1
6359,385138,116713,1536,1
6360,414728,125688,1536,1
6361,556502,168600,1536,1
6362,420454,127425,1536,1
6363,450458,136499,1536,1
6364,366272,110961,1536,1
6365,395632,119895,1536,1
6366,562076,170269,1536,1
6367,625430,189480,1536,1
6368,611618,185336,1536,1
6369,643878,195085,1536,1
6370,566800,171721,1536,1
6371,656564,199008,1536,1
6372,637196,193029,1536,1
6373,571542,173332,1536,1
6374,476344,144374,1536,1
6375,613156,186673,1536,1
6376,1028248,312485,1536,1
6377,613478,185880,1536,1
6378,627618,190178,1536,1
6379,373846,113259,1536,1
6380,376964,114211,1536,1
6381,372784,112932,1536,1
6382,641720,194571,1536,1
6383,573748,173922,1536,1
6384,686090,207833,1536,1
6385,355828,107799,1536,1
6386,355094,107579,1536,1
6387,624674,189288,1536,1
6388,625228,189424,1536,1
6389,683840,207171,1536,1
6390,354950,107529,1536,1
6391,356010,107861,1536,1
6392,621496,188726,1536,1
6393,574136,173957,1536,1
6394,360312,109156,1536,1
6395,563794,170812,1536,1
6396,835910,253460,1536,1
6397,344368,104320,1536,1
6398,406534,123187,1536,1
6399,343626,104084,1536,1
6400,343744,104118,1536,1
6401,417762,126582,1536,1
6402,335744,101693,1536,1
6403,599372,181599,1536,1
6404,590164,179161,1536,1
6405,573412,173947,1536,1
6406,335962,101815,1536,1
6407,506412,153523,1536,1
6408,601412,182226,1536,1
6409,477376,144655,1536,1
6410,486768,147480,1536,1
6411,509304,154343,1536,1
6412,437118,132440,1536,1
6413,504738,152995,1536,1
6414,500726,151686,1536,1
6415,525434,159271,1536,1
6416,487174,147597,1536,1
6417,488600,147994,1536,1
6418,496014,150272,1536,1
6419,459756,139300,1536,1
6420,512380,155237,1536,1
6421,463762,140497,1536,1
6422,613428,185874,1536,1
6423,5397947,1636013,1536,1
6424,513850,155704,1536,1
6425,589256,178545,1536,1
6426,487932,147819,1536,1
6427,456416,138347,1536,1
6428,526068,159381,1536,1
6429,531740,161112,1536,1
6430,558188,169186,1536,1
6431,558268,169133,1536,1
6432,552238,167301,1536,1
6433,576648,174713,1536,1
6434,555862,168664,1536,1
6435,379884,115115,1536,1
6436,344590,104398,1536,1
6437,340070,103029,1536,1
6438,573246,173664,1536,1
6439,561338,170048,1536,1
6440,602706,182591,1536,1
6441,486404,147466,1536,1
6442,550648,166817,1536,1
6443,348588,105615,1536,1
6444,525024,159266,1536,1
6445,538532,163189,1536,1
6446,512646,155337,1536,1
6447,477974,144806,1536,1
6448,559504,169508,1536,1
6449,553982,167834,1536,1
6450,550892,166897,1536,1
6451,554370,167956,1536,1
6452,505600,153254,1536,1
6453,572330,173387,1536,1
6454,680796,206421,1536,1
6455,12791996,3875194,1536,1
6456,1284228,388996,1536,1
6457,868700,263170,1536,1
6458,542596,164408,1536,1
6459,522140,158227,1536,1
6460,553214,167620,1536,1
6461,561752,170247,1536,1
6462,606818,183920,1536,1
6463,590952,179108,1536,1
6464,572278,173380,1536,1
6465,549136,166364,1536,1
6466,364070,110300,1536,1
6467,515142,156496,1536,1
6468,555492,168287,1536,1
6469,714552,216500,1536,1
6470,590178,178845,1536,1
6471,508300,154048,1536,1
6472,444068,134552,1536,1
6473,406934,123341,1536,1
6474,373228,113081,1536,1
6475,374624,113491,1536,1
6476,374934,113581,1536,1
6477,374352,113412,1536,1
6478,373446,113141,1536,1
6479,419982,127261,1536,1
6480,371818,112625,1536,1
6481,503638,153025,1536,1
6482,378346,114650,1536,1
6483,364692,110487,1536,1
6484,695372,210649,1536,1
6485,582128,176488,1536,1
6486,712432,215822,1536,1
6487,685450,207632,1536,1
6488,598172,181213,1536,1
6489,361598,109547,1536,1
6490,451428,136781,1536,1
6491,360754,109291,1536,1
6492,364502,110432,1536,1
6493,363146,110020,1536,1
6494,358858,108723,1536,1
6495,363682,110185,1536,1
6496,358932,108736,1536,1
6497,363358,110081,1536,1
6498,403192,122171,1536,1
6499,402130,121856,1536,1
6500,352346,106752,1536,1
6501,385396,116788,1536,1
6502,411554,124704,1536,1
6503,380034,115159,1536,1
6504,336792,102050,1536,1
6505,333306,100977,1536,1
6506,332930,100862,1536,1
6507,333162,100931,1536,1
6508,346896,105092,1536,1
6509,363540,110128,1536,1
6510,318090,96372,1536,1
6511,316594,95915,1536,1
6512,372898,112988,1536,1
6513,318684,96558,1536,1
6514,315244,95515,1536,1
6515,315114,95478,1536,1
6516,321830,97497,1536,1
6517,359770,108990,1536,1
6518,461204,139743,1536,1
6519,326182,98834,1536,1
6520,1163131,352676,1536,1
6521,305888,92652,1536,1
6522,306386,92822,1536,1
6523,380714,115357,1536,1
6524,305636,92595,1536,1
6525,306474,92924,1536,1
6526,306290,92793,1536,1
6527,305262,92482,1536,1
6528,328740,99614,1536,1
6529,463418,140403,1536,1
6530,439976,133302,1536,1
6531,395680,119884,1536,1
6532,485026,146951,1536,1
6533,314394,95248,1536,1
6534,315906,95686,1536,1
6535,319560,96839,1536,1
6536,336180,101853,1536,1
6537,314064,95152,1536,1
6538,313118,94842,1536,1
6539,373296,113118,1536,1
6540,432150,130977,1536,1
6541,330450,100113,1536,1
6542,359532,109029,1536,1
6543,488914,148123,1536,1
6544,334170,101240,1536,1
6545,328784,99622,1536,1
6546,480448,145599,1536,1
6547,572798,173637,1536,1
6548,323446,97990,1536,1
6549,379086,114883,1536,1
6550,373944,113424,1536,1
6551,428172,129723,1536,1
6552,498310,150972,1536,1
6553,468538,141957,1536,1
6554,317620,96221,1536,1
6555,314822,95374,1536,1
6556,352478,106816,1536,1
6557,328478,99544,1536,1
6558,315028,95438,1536,1
6559,322734,97805,1536,1
6560,299820,90828,1536,1
6561,495928,150273,1536,1
6562,371592,112782,1536,1
6563,324030,98189,1536,1
6564,320816,97181,1536,1
6565,315624,95634,1536,1
6566,312510,94676,1536,1
6567,1331921,403863,1536,1
6568,368240,111655,1536,1
6569,315336,95535,1536,1
6570,320822,97192,1536,1
6571,321310,97340,1536,1
6572,321672,97450,1536,1
6573,320192,97004,1536,1
6574,345932,104800,1536,1
6575,356148,107895,1536,1
6576,346422,104949,1536,1
6577,370388,112235,1536,1
6578,349100,105793,1536,1
6579,340754,103343,1536,1
6580,568052,172093,1536,1
6581,711516,215710,1536,1
6582,534534,161946,1536,1
6583,495844,150243,1536,1
6584,324316,98257,1536,1
6585,354000,107267,1536,1
6586,591468,179226,1536,1
6587,555728,168378,1536,1
6588,366460,111056,1536,1
6589,459344,139341,1536,1
6590,620108,188153,1536,1
6591,559128,169577,1536,1
6592,485548,147108,1536,1
6593,605314,183610,1536,1
6594,527358,159778,1536,1
6595,3786410,1147224,1536,1
6596,630712,191067,1536,1
6597,610728,185056,1536,1
6598,588780,178365,1536,1
6599,541176,163965,1536,1
6600,522620,158333,1536,1
6601,580316,175807,1536,1
6602,611232,185203,1536,1
6603,526276,159451,1536,1
6604,534948,162056,1536,1
6605,594320,180049,1536,1
6606,565992,171486,1536,1
6607,1329176,402954,1536,1
6608,596924,180830,1536,1
6609,547872,165978,1536,1
6610,457326,138577,1536,1
6611,444624,134720,1536,1
6612,353188,107001,1536,1
6613,532510,161348,1536,1
6614,448766,135974,1536,1
6615,350484,106174,1536,1
6616,482546,146220,1536,1
6617,437386,132535,1536,1
6618,470284,142469,1536,1
6619,535534,162238,1536,1
6620,554826,168086,1536,1
6621,340318,103101,1536,1
6622,473022,143317,1536,1
6623,557812,168994,1536,1
6624,520108,157579,1536,1
6625,404416,122546,1536,1
6626,339090,102727,1536,1
6627,335482,101643,1536,1
6628,345748,104765,1536,1
6629,341000,103307,1536,1
6630,653008,198039,1536,1
6631,608146,184706,1536,1
6632,545112,165165,1536,1
6633,513798,155685,1536,1
6634,532090,161183,1536,1
6635,556342,168583,1536,1
6636,515778,156267,1536,1
6637,494540,149960,1536,1
6638,330004,99976,1536,1
6639,417140,126727,1536,1
6640,332652,100777,1536,1
6641,394298,119452,1536,1
6642,329424,99804,1536,1
6643,388044,117580,1536,1
6644,342558,103783,1536,1
6645,342394,103723,1536,1
6646,533028,161480,1536,1
6647,325124,98497,1536,1
6648,328968,99647,1536,1
6649,365198,110668,1536,1
6650,352138,106797,1536,1
6651,350998,106343,1536,1
6652,335238,101538,1536,1
6653,379546,115023,1536,1
6654,481620,145942,1536,1
6655,390876,118442,1536,1
6656,448396,135867,1536,1
6657,528160,160771,1536,1
6658,494816,149908,1536,1
6659,739464,224042,1536,1
6660,527184,159733,1536,1
6661,523204,158552,1536,1
6662,548136,193001,1536,1
6663,555482,168294,1536,1
6664,362912,109958,1536,1
6665,1189644,360368,1536,1
6666,496732,150533,1536,1
6667,353326,107042,1536,1
6668,584954,177228,1536,1
6669,355482,107692,1536,1
6670,507634,153770,1536,1
6671,408320,123691,1536,1
6672,369634,112428,1536,1
6673,384824,116620,1536,1
6674,564476,171032,1536,1
6675,362832,109923,1536,1
6676,365326,110681,1536,1
6677,363502,110467,1536,1
6678,380964,115414,1536,1
6679,372522,112850,1536,1
6680,374624,113473,1536,1
6681,374672,113508,1536,1
6682,374766,113540,1536,1
6683,373372,113116,1536,1
6684,369962,112083,1536,1
6685,448244,135804,1536,1
6686,355042,107563,1536,1
6687,355100,107582,1536,1
6688,402998,122115,1536,1
6689,446738,135339,1536,1
6690,369932,112066,1536,1
6691,346678,105113,1536,1
6692,1652140,500908,1536,1
6693,541284,164350,1536,1
6694,515632,156295,1536,1
6695,347294,105217,1536,1
6696,472560,143172,1536,1
6697,543882,164771,1536,1
6698,487096,147587,1536,1
6699,523994,158750,1536,1
6700,335036,101677,1536,1
6701,322778,97786,1536,1
6702,319792,96882,1536,1
6703,325032,98450,1536,1
6704,393656,119302,1536,1
6705,441166,133801,1536,1
6706,484112,146668,1536,1
6707,521750,158070,1536,1
6708,491060,148766,1536,1
6709,482620,146216,1536,1
6710,366186,110959,1536,1
6711,501832,152084,1536,1
6712,616988,186913,1536,1
6713,508818,154151,1536,1
6714,493082,149389,1536,1
6715,573862,174022,1536,1
6716,529862,160528,1536,1
6717,2648344,802610,1536,1
6718,620130,188093,1536,1
6719,872218,264208,1536,1
6720,660171,200828,1536,1
6721,576062,174519,1536,1
6722,748260,226663,1536,1
6723,510164,154544,1536,1
6724,526248,159458,1536,1
6725,496288,150356,1536,1
6726,361324,109492,1536,1
6727,401956,121791,1536,1
6728,462714,140227,1536,1
6729,508698,154122,1536,1
6730,830090,251569,1536,1
6731,526428,159496,1536,1
6732,452848,137234,1536,1
6733,730152,221317,1536,1
6734,437830,132666,1536,1
6735,355088,107570,1536,1
6736,342562,103781,1536,1
6737,671922,203584,1536,1
6738,585284,177350,1536,1
6739,579300,175502,1536,1
6740,599614,181674,1536,1
6741,568038,172126,1536,1
6742,596358,180673,1536,1
6743,439882,133287,1536,1
6744,335258,101566,1536,1
6745,326638,99139,1536,1
6746,328410,99491,1536,1
6747,323536,98017,1536,1
6748,431432,130723,1536,1
6749,536610,162584,1536,1
6750,566976,171948,1536,1
6751,549734,166573,1536,1
6752,476776,144469,1536,1
6753,484054,146649,1536,1
6754,505436,153141,1536,1
6755,459008,139097,1536,1
6756,496498,150433,1536,1
6757,553658,167770,1536,1
6758,923737,281102,1536,1
6759,478204,144892,1536,1
6760,331832,100531,1536,1
6761,339294,102795,1536,1
6762,395630,119967,1536,1
6763,384024,116484,1536,1
6764,325732,98686,1536,1
6765,512498,155263,1536,1
6766,472626,143187,1536,1
6767,785510,237943,1536,1
6768,487260,147624,1536,1
6769,531670,161080,1536,1
6770,513542,155569,1536,1
6771,561376,170067,1536,1
6772,331516,100432,1536,1
6773,331906,100553,1536,1
6774,576728,174711,1536,1
6775,832956,252301,1536,1
6776,946942,286844,1536,1
6777,330064,99992,1536,1
6778,437420,132538,1536,1
6779,347256,105206,1536,1
6780,436366,132214,1536,1
6781,343228,103983,1536,1
6782,341906,103578,1536,1
6783,339092,102734,1536,1
6784,341780,103539,1536,1
6785,333174,100938,1536,1
6786,330308,100075,1536,1
6787,344652,104418,1536,1
6788,337034,102110,1536,1
6789,332114,100597,1536,1
6790,332804,100898,1536,1
6791,333426,100997,1536,1
6792,418354,126761,1536,1
6793,576962,174801,1536,1
6794,871212,263958,1536,1
6795,338806,102624,1536,1
6796,337008,102078,1536,1
6797,465950,141356,1536,1
6798,327326,99146,1536,1
6799,323176,97888,1536,1
6800,384262,116436,1536,1
6801,321584,97430,1536,1
6802,324034,98168,1536,1
6803,323790,98099,1536,1
6804,326910,99042,1536,1
6805,322396,97674,1536,1
6806,322782,97789,1536,1
6807,318666,96548,1536,1
6808,312736,94744,1536,1
6809,312124,94553,1536,1
6810,319162,96682,1536,1
6811,468538,141961,1536,1
6812,545914,165505,1536,1
6813,467558,141658,1536,1
6814,493104,149395,1536,1
6815,469802,142428,1536,1
6816,493172,149648,1536,1
6817,461572,139838,1536,1
6818,446832,135369,1536,1
6819,429236,130048,1536,1
6820,438356,132811,1536,1
6821,446688,135336,1536,1
6822,451850,136898,1536,1
6823,527312,159763,1536,1
6824,312752,94746,1536,1
6825,305170,92447,1536,1
6826,942595,286006,1536,1
6827,474624,143799,1536,1
6828,708226,214544,1536,1
6829,452094,136978,1536,1
6830,458746,138962,1536,1
6831,503248,152705,1536,1
6832,475000,144068,1536,1
6833,463098,140304,1536,1
6834,429568,130109,1536,1
6835,438928,132981,1536,1
6836,432274,130965,1536,1
6837,430714,130458,1536,1
6838,430366,130387,1536,1
6839,437278,132482,1536,1
6840,426998,129331,1536,1
6841,446206,135182,1536,1
6842,491764,148979,1536,1
6843,324214,98243,1536,1
6844,308178,93371,1536,1
6845,459158,139144,1536,1
6846,470946,142673,1536,1
6847,527252,159739,1536,1
6848,937904,284861,1536,1
6849,668764,203097,1536,1
6850,484380,146769,1536,1
6851,505316,153108,1536,1
6852,536334,162499,1536,1
6853,1076695,329282,1536,1
6854,577153,176131,1536,1
6855,1650639,503709,1536,1
6856,562448,170413,1536,1
6857,550192,166684,1536,1
6858,332176,100636,1536,1
6859,562170,170317,1536,1
6860,625828,189592,1536,1
6861,552216,167295,1536,1
6862,473474,143458,1536,1
6863,541066,163934,1536,1
6864,432518,131097,1536,1
6865,371380,112539,1536,1
6866,373984,113329,1536,1
6867,565306,171281,1536,1
6868,553062,167750,1536,1
6869,564558,171058,1536,1
6870,541874,164266,1536,1
6871,611334,185213,1536,1
6872,542830,164466,1536,1
6873,694492,210799,1536,1
6874,592936,179634,1536,1
6875,575512,174360,1536,1
6876,683280,207012,1536,1
6877,573652,173788,1536,1
6878,26050884,7890425,1536,1
6879,633706,191987,1536,1
6880,634922,192374,1536,1
6881,593696,179935,1536,1
6882,494230,149737,1536,1
6883,869458,263553,1536,1
6884,540820,163861,1536,1
6885,554354,168049,1536,1
6886,487728,147799,1536,1
6887,586848,177791,1536,1
6888,587702,178062,1536,1
6889,587418,178011,1536,1
6890,614756,186259,1536,1
6891,1711526,518997,1536,1
6892,601028,182116,1536,1
6893,685392,207640,1536,1
6894,542028,164212,1536,1
6895,553790,167772,1536,1
6896,574946,174184,1536,1
6897,543710,164738,1536,1
6898,582112,176365,1536,1
6899,594302,180089,1536,1
6900,734444,222842,1536,1
6901,841318,255460,1536,1
6902,552262,167347,1536,1
6903,523464,158603,1536,1
6904,386058,116988,1536,1
6905,654928,198415,1536,1
6906,490646,148664,1536,1
6907,445628,135026,1536,1
6908,512948,155445,1536,1
6909,508314,154010,1536,1
6910,361158,109412,1536,1
6911,394642,119581,1536,1
6912,416406,126178,1536,1
6913,370358,112240,1536,1
6914,508924,154194,1536,1
6915,363920,110251,1536,1
6916,496762,150545,1536,1
6917,558477,169783,1536,1
6918,593648,179863,1536,1
6919,861162,261312,1536,1
6920,702746,212913,1536,1
6921,793052,240960,1536,1
6922,571478,173321,1536,1
6923,399158,120961,1536,1
6924,449006,136193,1536,1
6925,413894,125416,1536,1
6926,502364,152223,1536,1
6927,425990,129119,1536,1
6928,339766,102934,1536,1
6929,344684,104427,1536,1
6930,341534,103455,1536,1
6931,342754,103837,1536,1
6932,395650,119889,1536,1
6933,529280,160346,1536,1
6934,343862,104171,1536,1
6935,342406,103724,1536,1
6936,397888,120556,1536,1
6937,332718,100780,1536,1
6938,332552,100728,1536,1
6939,331248,100333,1536,1
6940,618750,187475,1536,1
6941,483774,146597,1536,1
6942,471444,142848,1536,1
6943,730325,221548,1536,1
6944,480862,145730,1536,1
6945,627548,190146,1536,1
6946,566798,171702,1536,1
6947,581176,176067,1536,1
6948,549254,166677,1536,1
6949,464400,140697,1536,1
6950,332176,100643,1536,1
6951,340838,103262,1536,1
6952,338060,102419,1536,1
6953,508776,154189,1536,1
6954,510024,154521,1536,1
6955,554672,168067,1536,1
6956,351566,106512,1536,1
6957,594204,180021,1536,1
6958,581112,176075,1536,1
6959,538540,163145,1536,1
6960,551444,167064,1536,1
6961,537730,162906,1536,1
6962,512068,155142,1536,1
6963,551506,167078,1536,1
6964,551558,167176,1536,1
6965,543432,164629,1536,1
6966,510130,154549,1536,1
6967,2611922,791855,1536,1
6968,1789034,542830,1536,1
6969,1847390,560254,1536,1
6970,532968,161657,1536,1
6971,408314,123743,1536,1
6972,531274,160974,1536,1
6973,556802,168741,1536,1
6974,492554,149414,1536,1
6975,503180,152444,1536,1
6976,605570,184146,1536,1
6977,363932,110299,1536,1
6978,385178,116743,1536,1
6979,520584,157745,1536,1
6980,546487,165725,1536,1
6981,395818,119973,1536,1
6982,389786,118131,1536,1
6983,613700,185911,1536,1
6984,491526,148941,1536,1
6985,545042,165169,1536,1
6986,561892,170224,1536,1
6987,508052,153916,1536,1
6988,508196,153971,1536,1
6989,554906,168133,1536,1
6990,547424,165875,1536,1
6991,1286377,390792,1536,1
6992,518356,157071,1536,1
6993,888719,269777,1536,1
6994,606100,183644,1536,1
6995,356472,108015,1536,1
6996,361812,109641,1536,1
6997,532064,161207,1536,1
6998,533694,161694,1536,1
6999,373784,113227,1536,1
7000,433658,131403,1536,1
7001,348732,105650,1536,1
7002,526870,159614,1536,1
7003,360388,109217,1536,1
7004,345022,104503,1536,1
7005,346940,105213,1536,1
7006,378832,114797,1536,1
7007,554728,168079,1536,1
7008,782846,237140,1536,1
7009,524862,159023,1536,1
7010,513444,155566,1536,1
7011,620730,188045,1536,1
7012,367400,111335,1536,1
7013,754458,228925,1536,1
7014,369186,111856,1536,1
7015,592858,179656,1536,1
7016,515756,156294,1536,1
7017,726246,219999,1536,1
7018,527630,159968,1536,1
7019,518080,158072,1536,1
7020,604602,183603,1536,1
7021,383962,116349,1536,1
7022,398528,120788,1536,1
7023,457426,138601,1536,1
7024,343760,104146,1536,1
7025,341772,103519,1536,1
7026,345798,104741,1536,1
7027,377468,114576,1536,1
7028,802258,243049,1536,1
7029,639730,193801,1536,1
7030,756018,229027,1536,1
7031,356542,108041,1536,1
7032,408078,123674,1536,1
7033,376874,114222,1536,1
7034,346008,104867,1536,1
7035,580088,175747,1536,1
7036,525470,159378,1536,1
7037,797338,241539,1536,1
7038,528462,160109,1536,1
7039,917622,278610,1536,1
7040,790518,240963,1536,1
7041,2667763,808391,1536,1
7042,545306,165228,1536,1
7043,567274,171872,1536,1
7044,528472,160117,1536,1
7045,530924,160851,1536,1
7046,524928,159044,1536,1
7047,520538,157725,1536,1
7048,537806,162957,1536,1
7049,534168,161849,1536,1
7050,473776,143550,1536,1
7051,1253298,380326,1536,1
7052,585886,177954,1536,1
7053,363040,109998,1536,1
7054,361670,109571,1536,1
7055,414388,125563,1536,1
7056,512436,155253,1536,1
7057,388618,117783,1536,1
7058,468202,141878,1536,1
7059,581390,176142,1536,1
7060,778282,235766,1536,1
7061,374696,113528,1536,1
7062,425832,129040,1536,1
7063,535814,162354,1536,1
7064,717790,217478,1536,1
7065,364080,110296,1536,1
7066,362452,109803,1536,1
7067,365338,110681,1536,1
7068,620818,188085,1536,1
7069,650146,196967,1536,1
7070,343474,104056,1536,1
7071,587416,178022,1536,1
7072,522864,158462,1536,1
7073,618218,187427,1536,1
7074,396400,120124,1536,1
7075,498992,151200,1536,1
7076,501298,151880,1536,1
7077,485374,147053,1536,1
7078,532806,161433,1536,1
7079,344986,104521,1536,1
7080,457222,138532,1536,1
7081,335536,101650,1536,1
7082,877350,268054,1536,1
7083,326090,98790,1536,1
7084,324258,98221,1536,1
7085,538910,163267,1536,1
7086,325042,98466,1536,1
7087,322630,97735,1536,1
7088,322720,97750,1536,1
7089,339894,103008,1536,1
7090,347108,105143,1536,1
7091,437818,132676,1536,1
7092,324316,98247,1536,1
7093,322612,97742,1536,1
7094,378076,114560,1536,1
7095,476246,144290,1536,1
7096,356998,108184,1536,1
7097,426546,129246,1536,1
7098,322460,97695,1536,1
7099,323416,97978,1536,1
7100,317366,96149,1536,1
7101,698140,211916,1536,1
7102,885707,270705,1536,1
7103,383922,116320,1536,1
7104,635372,193073,1536,1
7105,510088,154533,1536,1
7106,831448,253431,1536,1
7107,315250,95506,1536,1
7108,490474,148745,1536,1
7109,444326,134624,1536,1
7110,511916,155105,1536,1
7111,321798,97566,1536,1
7112,317210,96203,1536,1
7113,476202,144273,1536,1
7114,334918,101492,1536,1
7115,315660,95633,1536,1
7116,324868,98419,1536,1
7117,464270,140666,1536,1
7118,374100,113354,1536,1
7119,323518,98011,1536,1
7120,426958,129370,1536,1
7121,364586,110465,1536,1
7122,375936,113965,1536,1
7123,438472,132861,1536,1
7124,375178,113702,1536,1
7125,325302,98568,1536,1
7126,340218,103186,1536,1
7127,422704,128076,1536,1
7128,323788,98092,1536,1
7129,898214,272455,1536,1
7130,317736,96267,1536,1
7131,350218,106124,1536,1
7132,326630,98955,1536,1
7133,325030,98452,1536,1
7134,325222,98706,1536,1
7135,339518,102838,1536,1
7136,357706,108405,1536,1
7137,332724,100802,1536,1
7138,351720,106554,1536,1
7139,353762,107175,1536,1
7140,562450,170392,1536,1
7141,550520,166837,1536,1
7142,353698,107159,1536,1
7143,427790,129620,1536,1
7144,552690,167446,1536,1
7145,489632,148323,1536,1
7146,472680,143207,1536,1
7147,556242,168519,1536,1
7148,575452,174425,1536,1
7149,352018,106651,1536,1
7150,367122,111243,1536,1
7151,430458,130460,1536,1
7152,367922,111482,1536,1
7153,354076,107271,1536,1
7154,349970,106024,1536,1
7155,507360,153754,1536,1
7156,408966,124002,1536,1
7157,564364,170976,1536,1
7158,375144,113697,1536,1
7159,603392,183159,1536,1
7160,649768,196845,1536,1
7161,357046,108181,1536,1
7162,354316,107334,1536,1
7163,380512,115276,1536,1
7164,652006,197540,1536,1
7165,574958,174214,1536,1
7166,1927870,584826,1536,1
7167,653444,197993,1536,1
7168,616062,186661,1536,1
7169,726466,220671,1536,1
7170,538180,163065,1536,1
7171,578842,175381,1536,1
7172,513278,155495,1536,1
7173,470404,142619,1536,1
7174,569762,172645,1536,1
7175,553866,167799,1536,1
7176,22489023,6812532,1536,1
7177,612308,185508,1536,1
7178,1156629,351262,1536,1
7179,584732,177161,1536,1
7180,522514,158360,1536,1
7181,632324,191588,1536,1
7182,599618,181660,1536,1
7183,542828,164473,1536,1
7184,625132,189375,1536,1
7185,678252,205505,1536,1
7186,595152,180681,1536,1
7187,366280,110977,1536,1
7188,3835755,1162247,1536,1
7189,989283,300720,1536,1
7190,569086,172448,1536,1
7191,547670,165922,1536,1
7192,551908,167282,1536,1
7193,550704,167065,1536,1
7194,485242,147014,1536,1
7195,494242,149816,1536,1
7196,596234,180627,1536,1
7197,596734,180758,1536,1
7198,580216,175766,1536,1
7199,533260,161596,1536,1
7200,546844,165690,1536,1
7201,684408,208141,1536,1
7202,543636,164721,1536,1
7203,552632,167432,1536,1
7204,618690,187474,1536,1
7205,558978,169557,1536,1
7206,558614,169229,1536,1
7207,1920543,582357,1536,1
7208,354388,107375,1536,1
7209,364412,110398,1536,1
7210,362436,109805,1536,1
7211,359968,109052,1536,1
7212,364010,110277,1536,1
7213,365808,110823,1536,1
7214,586502,177710,1536,1
7215,505552,153169,1536,1
7216,449386,136121,1536,1
7217,623208,188837,1536,1
7218,357800,108395,1536,1
7219,627950,190865,1536,1
7220,354422,107376,1536,1
7221,355624,107740,1536,1
7222,382610,115933,1536,1
7223,1111456,337128,1536,1
7224,351956,106645,1536,1
7225,891679,270840,1536,1
7226,610600,185060,1536,1
7227,612114,185516,1536,1
7228,555458,168293,1536,1
7229,552932,167557,1536,1
7230,406516,123195,1536,1
7231,407070,123355,1536,1
7232,567892,172193,1536,1
7233,534326,161895,1536,1
7234,595858,180516,1536,1
7235,370974,112382,1536,1
7236,467026,141502,1536,1
7237,434804,131744,1536,1
7238,353348,107050,1536,1
7239,344904,104490,1536,1
7240,353596,107127,1536,1
7241,353252,107024,1536,1
7242,362784,109951,1536,1
7243,350900,106313,1536,1
7244,387860,117505,1536,1
7245,425678,128984,1536,1
7246,353562,107115,1536,1
7247,364104,110312,1536,1
7248,348886,105700,1536,1
7249,348374,105548,1536,1
7250,347952,105414,1536,1
7251,391604,118662,1536,1
7252,352586,106819,1536,1
7253,504506,152846,1536,1
7254,459158,139138,1536,1
7255,752554,227978,1536,1
7256,720538,218280,1536,1
7257,356342,107951,1536,1
7258,343974,104217,1536,1
7259,343856,104178,1536,1
7260,361730,109611,1536,1
7261,372608,112911,1536,1
7262,343746,104165,1536,1
7263,359444,109113,1536,1
7264,574474,174301,1536,1
7265,477544,144677,1536,1
7266,521670,158047,1536,1
7267,507598,153785,1536,1
7268,384062,116394,1536,1
7269,502786,152307,1536,1
7270,626198,190017,1536,1
7271,505370,153105,1536,1
7272,435984,132097,1536,1
7273,585654,177471,1536,1
7274,610364,184919,1536,1
7275,548756,166337,1536,1
7276,602510,182524,1536,1
7277,553594,167714,1536,1
7278,579978,175849,1536,1
7279,515144,156066,1536,1
7280,633172,191854,1536,1
7281,539558,163476,1536,1
7282,525208,159111,1536,1
7283,590812,178987,1536,1
7284,659666,201597,1536,1
7285,587132,177881,1536,1
7286,647836,196259,1536,1
7287,546306,165530,1536,1
7288,874104,265426,1536,1
7289,514252,155815,1536,1
7290,369056,111803,1536,1
7291,998893,304240,1536,1
7292,870876,263852,1536,1
7293,592424,179488,1536,1
7294,593358,179804,1536,1
7295,496570,150492,1536,1
7296,793676,240630,1536,1
7297,465560,141277,1536,1
7298,389398,118004,1536,1
7299,370506,112284,1536,1
7300,410698,124448,1536,1
7301,355022,107557,1536,1
7302,355044,107573,1536,1
7303,346542,104964,1536,1
7304,522856,158404,1536,1
7305,539934,163583,1536,1
7306,487574,147759,1536,1
7307,7246186,2195413,1536,1
7308,528198,160059,1536,1
7309,389434,118014,1536,1
7310,373362,113110,1536,1
7311,357422,108284,1536,1
7312,479918,145734,1536,1
7313,359260,108837,1536,1
7314,351250,106412,1536,1
7315,351572,106512,1536,1
7316,349840,105984,1536,1
7317,343952,104202,1536,1
7318,344742,104442,1536,1
7319,347776,105412,1536,1
7320,343296,104005,1536,1
7321,335578,101669,1536,1
7322,397140,120343,1536,1
7323,346234,104889,1536,1
7324,352170,106718,1536,1
7325,339078,102727,1536,1
7326,333666,101087,1536,1
7327,568616,172289,1536,1
7328,369240,111886,1536,1
7329,330628,100250,1536,1
7330,333968,101177,1536,1
7331,488604,148029,1536,1
7332,401924,121787,1536,1
7333,542922,164481,1536,1
7334,336988,102119,1536,1
7335,324914,98431,1536,1
7336,412980,125645,1536,1
7337,480764,145674,1536,1
7338,331804,100543,1536,1
7339,314698,95341,1536,1
7340,421568,127751,1536,1
7341,320332,97045,1536,1
7342,320458,97086,1536,1
7343,323480,98002,1536,1
7344,321632,97442,1536,1
7345,320722,97162,1536,1
7346,322122,97590,1536,1
7347,332388,100707,1536,1
7348,323838,98122,1536,1
7349,321324,97347,1536,1
7350,321254,97325,1536,1
7351,321718,97469,1536,1
7352,319812,96870,1536,1
7353,326502,98915,1536,1
7354,537805,163507,1536,1
7355,418090,126693,1536,1
7356,447046,135440,1536,1
7357,341014,103319,1536,1
7358,359244,108857,1536,1
7359,329418,99795,1536,1
7360,324376,98252,1536,1
7361,328752,99595,1536,1
7362,321446,97364,1536,1
7363,356458,108030,1536,1
7364,315870,95766,1536,1
7365,331408,100404,1536,1
7366,315932,95694,1536,1
7367,313474,94968,1536,1
7368,316338,95844,1536,1
7369,318982,96635,1536,1
7370,382246,115824,1536,1
7371,335190,101577,1536,1
7372,317792,96275,1536,1
7373,315020,95418,1536,1
7374,359072,108811,1536,1
7375,482514,146205,1536,1
7376,583810,176890,1536,1
7377,424014,128470,1536,1
7378,322590,97734,1536,1
7379,359246,108857,1536,1
7380,316790,95954,1536,1
7381,536172,162457,1536,1
7382,482142,146199,1536,1
7383,498508,151027,1536,1
7384,511492,155013,1536,1
7385,465142,141319,1536,1
7386,533808,161724,1536,1
7387,501856,152559,1536,1
7388,361596,109566,1536,1
7389,337420,102287,1536,1
7390,357540,108343,1536,1
7391,340158,103057,1536,1
7392,348862,105674,1536,1
7393,387474,117410,1536,1
7394,423082,128193,1536,1
7395,623650,189009,1536,1
7396,469136,142362,1536,1
7397,433074,131219,1536,1
7398,376132,113989,1536,1
7399,730744,221899,1536,1
7400,342874,103874,1536,1
7401,423282,128288,1536,1
7402,333086,100900,1536,1
7403,342706,103826,1536,1
7404,339398,102826,1536,1
7405,414900,125716,1536,1
7406,396282,120078,1536,1
7407,348244,105505,1536,1
7408,371854,112674,1536,1
7409,349278,105814,1536,1
7410,602972,182699,1536,1
7411,554404,167956,1536,1
7412,501810,152102,1536,1
7413,669836,203048,1536,1
7414,568786,172432,1536,1
7415,541536,164091,1536,1
7416,494710,149869,1536,1
7417,489412,148561,1536,1
7418,516458,156475,1536,1
7419,489974,148455,1536,1
7420,560650,169855,1536,1
7421,404148,122477,1536,1
7422,474762,143879,1536,1
7423,550002,166706,1536,1
7424,562214,170315,1536,1
7425,623416,189059,1536,1
7426,356638,108049,1536,1
7427,353590,107130,1536,1
7428,354966,107544,1536,1
7429,490242,148674,1536,1
7430,353056,106959,1536,1
7431,353634,107132,1536,1
7432,354480,107383,1536,1
7433,364840,110533,1536,1
7434,342414,103739,1536,1
7435,513950,155710,1536,1
7436,343624,104099,1536,1
7437,367090,111230,1536,1
7438,472748,143939,1536,1
7439,441152,134626,1536,1
7440,562464,170401,1536,1
7441,540426,163742,1536,1
7442,523208,158529,1536,1
7443,341160,103367,1536,1
7444,339912,102978,1536,1
7445,367650,111413,1536,1
7446,340368,103115,1536,1
7447,557730,168979,1536,1
7448,456482,138317,1536,1
7449,330856,100240,1536,1
7450,332450,100721,1536,1
7451,334464,101324,1536,1
7452,409980,124216,1536,1
7453,1011880,306607,1536,1
7454,375816,113877,1536,1
7455,324830,98406,1536,1
7456,518944,157211,1536,1
7457,464382,140729,1536,1
7458,561642,170145,1536,1
7459,322990,97847,1536,1
7460,321896,97520,1536,1
7461,377272,114312,1536,1
7462,314844,95386,1536,1
7463,314586,95403,1536,1
7464,467814,141739,1536,1
7465,506406,153411,1536,1
7466,392886,120008,1536,1
7467,344004,104218,1536,1
7468,394550,119547,1536,1
7469,325288,98538,1536,1
7470,367422,111341,1536,1
7471,373506,113175,1536,1
7472,432866,131155,1536,1
7473,312902,94798,1536,1
7474,358898,108710,1536,1
7475,307502,93158,1536,1
7476,305432,92530,1536,1
7477,308002,93310,1536,1
7478,305268,92465,1536,1
7479,308034,93426,1536,1
7480,308894,93578,1536,1
7481,422700,128068,1536,1
7482,388944,117844,1536,1
7483,326284,98845,1536,1
7484,321804,97494,1536,1
7485,323066,97874,1536,1
7486,393638,119270,1536,1
7487,321884,97514,1536,1
7488,331668,100484,1536,1
7489,331412,100400,1536,1
7490,333302,100971,1536,1
7491,343498,104131,1536,1
7492,519632,157429,1536,1
7493,519868,157549,1536,1
7494,333164,100937,1536,1
7495,333374,101000,1536,1
7496,323958,98146,1536,1
7497,320738,97161,1536,1
7498,322786,97795,1536,1
7499,323666,98058,1536,1
7500,322910,97819,1536,1
7501,324286,98337,1536,1
7502,324982,98460,1536,1
7503,323306,97937,1536,1
7504,361576,109560,1536,1
7505,332052,100578,1536,1
7506,333154,100916,1536,1
7507,334308,101282,1536,1
7508,333852,101145,1536,1
7509,333392,100997,1536,1
7510,349094,105794,1536,1
7511,334750,101408,1536,1
7512,333928,101162,1536,1
7513,331262,100350,1536,1
7514,333924,101164,1536,1
7515,334882,101440,1536,1
7516,374402,113448,1536,1
7517,327304,99160,1536,1
7518,334228,101266,1536,1
7519,323826,98103,1536,1
7520,495880,150231,1536,1
7521,360980,109412,1536,1
7522,513876,155688,1536,1
7523,533702,161842,1536,1
7524,504078,152753,1536,1
7525,499088,151180,1536,1
7526,595832,180992,1536,1
7527,481928,146003,1536,1
7528,604968,183940,1536,1
7529,514400,155852,1536,1
7530,510466,154616,1536,1
7531,526890,159584,1536,1
7532,315574,95621,1536,1
7533,313906,95103,1536,1
7534,376978,114346,1536,1
7535,366962,111191,1536,1
7536,308002,93307,1536,1
7537,307144,93042,1536,1
7538,358480,108583,1536,1
7539,444740,134827,1536,1
7540,648390,197430,1536,1
7541,342836,103906,1536,1
7542,496930,150571,1536,1
7543,504270,152777,1536,1
7544,332078,100602,1536,1
7545,332686,100786,1536,1
7546,589858,178721,1536,1
7547,396734,120213,1536,1
7548,597530,181051,1536,1
7549,562764,170448,1536,1
7550,572354,173485,1536,1
7551,596584,180730,1536,1
7552,525262,159146,1536,1
7553,572582,173489,1536,1
7554,585866,177951,1536,1
7555,673518,204046,1536,1
7556,593290,179737,1536,1
7557,688516,208711,1536,1
7558,560876,169923,1536,1
7559,1134878,344811,1536,1
7560,522430,158289,1536,1
7561,543276,164593,1536,1
7562,543788,164756,1536,1
7563,376374,114072,1536,1
7564,577672,175044,1536,1
7565,538240,163062,1536,1
7566,452068,137002,1536,1
7567,372108,112748,1536,1
7568,440086,133355,1536,1
7569,560766,170040,1536,1
7570,584238,177141,1536,1
7571,460622,139573,1536,1
7572,354126,107277,1536,1
7573,359442,108900,1536,1
7574,354042,107269,1536,1
7575,565084,171192,1536,1
7576,367370,111310,1536,1
7577,360598,109247,1536,1
7578,448902,136015,1536,1
7579,368326,111677,1536,1
7580,364428,110410,1536,1
7581,637688,193202,1536,1
7582,542610,164493,1536,1
7583,694616,211397,1536,1
7584,369372,111910,1536,1
7585,353258,107021,1536,1
7586,375628,113823,1536,1
7587,359858,109049,1536,1
7588,345512,104676,1536,1
7589,343694,104103,1536,1
7590,344292,104302,1536,1
7591,341908,103573,1536,1
7592,343490,104063,1536,1
7593,344586,104396,1536,1
7594,343296,104005,1536,1
7595,376944,114228,1536,1
7596,502414,152216,1536,1
7597,407250,123408,1536,1
7598,372824,112933,1536,1
7599,370398,112202,1536,1
7600,387392,117386,1536,1
7601,355906,107830,1536,1
7602,345550,104691,1536,1
7603,394368,119511,1536,1
7604,342550,103757,1536,1
7605,336172,101842,1536,1
7606,355208,107648,1536,1
7607,341962,103605,1536,1
7608,338424,102526,1536,1
7609,345000,104516,1536,1
7610,327722,99291,1536,1
7611,331184,100335,1536,1
7612,330752,100203,1536,1
7613,332694,100793,1536,1
7614,355386,107691,1536,1
7615,332032,100614,1536,1
7616,314538,95290,1536,1
7617,314192,95177,1536,1
7618,312452,94639,1536,1
7619,346872,105098,1536,1
7620,447016,135429,1536,1
7621,316706,95950,1536,1
7622,309272,93697,1536,1
7623,520346,157656,1536,1
7624,645300,195583,1536,1
7625,508814,154174,1536,1
7626,516706,156538,1536,1
7627,436798,132350,1536,1
7628,329436,99800,1536,1
7629,481206,145788,1536,1
7630,772014,233923,1536,1
7631,507564,153776,1536,1
7632,542774,164459,1536,1
7633,537756,162901,1536,1
7634,519516,157383,1536,1
7635,380346,115248,1536,1
7636,490086,148458,1536,1
7637,491402,148872,1536,1
7638,307950,93282,1536,1
7639,358376,108592,1536,1
7640,328164,99437,1536,1
7641,468568,141966,1536,1
7642,562352,170365,1536,1
7643,582589,176855,1536,1
7644,322600,97754,1536,1
7645,320068,96950,1536,1
7646,328182,99514,1536,1
7647,326256,98822,1536,1
7648,444626,134723,1536,1
7649,430754,130513,1536,1
7650,328676,99560,1536,1
7651,325762,98672,1536,1
7652,322732,97755,1536,1
7653,324792,98400,1536,1
7654,562172,170306,1536,1
7655,516296,157047,1536,1
7656,572272,173501,1536,1
7657,528240,159997,1536,1
7658,518588,157107,1536,1
7659,491388,148860,1536,1
7660,508410,153996,1536,1
7661,608912,184461,1536,1
7662,365804,110862,1536,1
7663,339454,102869,1536,1
7664,334132,101207,1536,1
7665,548270,166093,1536,1
7666,583322,176715,1536,1
7667,538344,163089,1536,1
7668,530698,160786,1536,1
7669,530090,160597,1536,1
7670,544038,164820,1536,1
7671,569586,172525,1536,1
7672,590422,178872,1536,1
7673,345066,104540,1536,1
7674,347680,105329,1536,1
7675,340644,103200,1536,1
7676,626322,189847,1536,1
7677,348172,105505,1536,1
7678,404430,122557,1536,1
7679,457838,138714,1536,1
7680,346180,104877,1536,1
7681,384156,116412,1536,1
7682,388210,117635,1536,1
7683,323530,98008,1536,1
7684,440878,133571,1536,1
7685,323730,98078,1536,1
7686,322882,97820,1536,1
7687,322448,97691,1536,1
7688,324706,98373,1536,1
7689,323968,98136,1536,1
7690,325026,98470,1536,1
7691,458672,138965,1536,1
7692,413464,125288,1536,1
7693,396530,120146,1536,1
7694,332186,100638,1536,1
7695,328154,99419,1536,1
7696,333842,101155,1536,1
7697,333494,101033,1536,1
7698,519204,157341,1536,1
7699,620432,187978,1536,1
7700,422954,128204,1536,1
7701,581570,176240,1536,1
7702,605376,183427,1536,1
7703,326868,99038,1536,1
7704,457768,138690,1536,1
7705,329184,99728,1536,1
7706,330300,100067,1536,1
7707,333756,101119,1536,1
7708,367250,113481,1536,1
7709,457190,138605,1536,1
7710,420160,127303,1536,1
7711,342452,103746,1536,1
7712,395076,119712,1536,1
7713,377894,114490,1536,1
7714,563940,170845,1536,1
7715,483120,146375,1536,1
7716,351476,106481,1536,1
7717,439856,133275,1536,1
7718,1307757,397420,1536,1
7719,642466,194649,1536,1
7720,398374,120721,1536,1
7721,559492,169514,1536,1
7722,363420,110116,1536,1
7723,360074,109086,1536,1
7724,525852,159317,1536,1
7725,639282,193683,1536,1
7726,577426,174957,1536,1
7727,548780,166270,1536,1
7728,367704,111403,1536,1
7729,361524,109524,1536,1
7730,364040,110744,1536,1
7731,440708,133525,1536,1
7732,364832,110526,1536,1
7733,411376,124653,1536,1
7734,364986,110576,1536,1
7735,361724,109589,1536,1
7736,642286,194663,1536,1
7737,597496,180972,1536,1
7738,405450,122875,1536,1
7739,608032,184237,1536,1
7740,352858,106901,1536,1
7741,437920,132701,1536,1
7742,409320,124043,1536,1
7743,399542,121078,1536,1
7744,354062,107282,1536,1
7745,352170,106696,1536,1
7746,357486,108297,1536,1
7747,357866,108436,1536,1
7748,419504,127154,1536,1
7749,350300,106143,1536,1
7750,552570,167987,1536,1
7751,355174,107587,1536,1
7752,543238,164579,1536,1
7753,342052,103613,1536,1
7754,334984,101487,1536,1
7755,332348,100685,1536,1
7756,369426,111932,1536,1
7757,568102,172103,1536,1
7758,339310,102793,1536,1
7759,333598,101062,1536,1
7760,435426,131931,1536,1
7761,598773,182585,1536,1
7762,348344,105675,1536,1
7763,328070,99387,1536,1
7764,372872,112944,1536,1
7765,329644,99864,1536,1
7766,679644,205911,1536,1
7767,606811,184301,1536,1
7768,518148,157002,1536,1
7769,410836,124499,1536,1
7770,511554,154999,1536,1
7771,508814,154162,1536,1
7772,493078,149381,1536,1
7773,597060,180870,1536,1
7774,416372,126186,1536,1
7775,344094,104281,1536,1
7776,343748,104141,1536,1
7777,321506,97476,1536,1
7778,326600,98968,1536,1
7779,312810,94768,1536,1
7780,315888,95701,1536,1
7781,313642,95022,1536,1
7782,314558,95278,1536,1
7783,571775,174057,1536,1
7784,320660,97931,1536,1
7785,326980,99084,1536,1
7786,311188,94274,1536,1
7787,310528,94067,1536,1
7788,306740,92928,1536,1
7789,320654,97165,1536,1
7790,306212,92766,1536,1
7791,315978,95754,1536,1
7792,304596,92277,1536,1
7793,306482,92847,1536,1
7794,418850,126900,1536,1
7795,468903,143252,1536,1
7796,353106,106984,1536,1
7797,361782,109633,1536,1
7798,306672,92904,1536,1
7799,305274,92488,1536,1
7800,309650,93809,1536,1
7801,309172,93667,1536,1
7802,310034,93930,1536,1
7803,293276,88850,1536,1
7804,293584,88949,1536,1
7805,294524,89225,1536,1
7806,291268,88240,1536,1
7807,297276,90061,1536,1
7808,289976,87844,1536,1
7809,289440,87685,1536,1
7810,291138,88185,1536,1
7811,529240,160390,1536,1
7812,288740,87468,1536,1
7813,296662,89865,1536,1
7814,395342,119815,1536,1
7815,305224,92476,1536,1
7816,617618,187664,1536,1
7817,1185078,359740,1536,1
7818,320476,97100,1536,1
7819,584304,177012,1536,1
7820,317020,96065,1536,1
7821,349898,106022,1536,1
7822,312990,94895,1536,1
7823,313362,94934,1536,1
7824,319690,96874,1536,1
7825,401062,121518,1536,1
7826,295208,89434,1536,1
7827,376054,113960,1536,1
7828,307068,93009,1536,1
7829,305718,92617,1536,1
7830,306664,92896,1536,1
7831,304566,92270,1536,1
7832,306980,92994,1536,1
7833,306390,92824,1536,1
7834,371604,112597,1536,1
7835,684509,207962,1536,1
7836,687948,208726,1536,1
7837,448958,136058,1536,1
7838,622576,188621,1536,1
7839,525816,159291,1536,1
7840,773350,234444,1536,1
7841,956784,290106,1536,1
7842,538548,163171,1536,1
7843,461618,139888,1536,1
7844,465384,141017,1536,1
7845,623056,189017,1536,1
7846,513472,155565,1536,1
7847,589612,178626,1536,1
7848,498530,151046,1536,1
7849,477844,144810,1536,1
7850,499026,151189,1536,1
7851,572428,173421,1536,1
7852,779656,236181,1536,1
7853,1379048,417961,1536,1
7854,433790,131469,1536,1
7855,1420406,430765,1536,1
7856,519898,157528,1536,1
7857,545078,165151,1536,1
7858,569138,172450,1536,1
7859,559066,169393,1536,1
7860,631924,191454,1536,1
7861,570538,173007,1536,1
7862,560922,169951,1536,1
7863,730832,221410,1536,1
7864,578628,175387,1536,1
7865,666430,201874,1536,1
7866,8420556,2553652,1536,1
7867,3160008,957599,1536,1
7868,645454,195549,1536,1
7869,647446,196234,1536,1
7870,670226,203042,1536,1
7871,477646,144702,1536,1
7872,506940,153583,1536,1
7873,700972,212392,1536,1
7874,571824,173241,1536,1
7875,505538,153192,1536,1
7876,612676,185624,1536,1
7877,604628,183195,1536,1
7878,531978,161195,1536,1
7879,612878,185683,1536,1
7880,588134,178178,1536,1
7881,597414,180997,1536,1
7882,571644,173184,1536,1
7883,563504,170765,1536,1
7884,618452,187383,1536,1
7885,555520,168344,1536,1
7886,552034,167322,1536,1
7887,528018,159962,1536,1
7888,478010,144807,1536,1
7889,568706,172307,1536,1
7890,564380,171010,1536,1
7891,522152,158208,1536,1
7892,1646874,499546,1536,1
7893,398050,120634,1536,1
7894,562860,170535,1536,1
7895,538634,163185,1536,1
7896,556322,168539,1536,1
7897,538468,163144,1536,1
7898,544680,165042,1536,1
7899,627860,190212,1536,1
7900,698572,211619,1536,1
7901,630508,191011,1536,1
7902,561432,170085,1536,1
7903,514826,155982,1536,1
7904,340762,103248,1536,1
7905,515110,156102,1536,1
7906,393944,119397,1536,1
7907,350218,106097,1536,1
7908,344558,104390,1536,1
7909,445104,134864,1536,1
7910,543816,164809,1536,1
7911,563418,170693,1536,1
7912,581870,176298,1536,1
7913,429404,130107,1536,1
7914,610716,185016,1536,1
7915,375958,113933,1536,1
7916,417466,126486,1536,1
7917,615643,187622,1536,1
7918,500574,151653,1536,1
7919,329914,99955,1536,1
7920,423370,128282,1536,1
7921,332458,100721,1536,1
7922,367804,111456,1536,1
7923,412584,125101,1536,1
7924,515983,156654,1536,1
7925,465288,140986,1536,1
7926,449944,136327,1536,1
7927,478918,145091,1536,1
7928,482336,146130,1536,1
7929,496188,150317,1536,1
7930,598196,181424,1536,1
7931,335890,101759,1536,1
7932,334584,101365,1536,1
7933,330160,100025,1536,1
7934,544712,165030,1536,1
7935,440646,133678,1536,1
7936,540958,163889,1536,1
7937,365292,110664,1536,1
7938,524404,158873,1536,1
7939,514010,155724,1536,1
7940,482996,146332,1536,1
7941,800920,242976,1536,1
7942,533238,161603,1536,1
7943,577152,174849,1536,1
7944,523020,158458,1536,1
7945,483176,146388,1536,1
7946,519890,157498,1536,1
7947,540404,163725,1536,1
7948,446050,135144,1536,1
7949,521142,157946,1536,1
7950,342870,103874,1536,1
7951,333948,101283,1536,1
7952,662393,201196,1536,1
7953,1174470,356035,1536,1
7954,516266,156434,1536,1
7955,565857,171616,1536,1
7956,438004,132717,1536,1
7957,3582424,1085266,1536,1
7958,577236,175448,1536,1
7959,495732,150198,1536,1
7960,457640,138674,1536,1
7961,472596,143181,1536,1
7962,771832,233969,1536,1
7963,563580,170742,1536,1
7964,704496,213413,1536,1
7965,1679514,510314,1536,1
7966,653636,198182,1536,1
7967,538658,163260,1536,1
7968,522080,158231,1536,1
7969,501618,151970,1536,1
7970,537630,162987,1536,1
7971,804164,243786,1536,1
7972,546592,165583,1536,1
7973,558218,169108,1536,1
7974,525822,159305,1536,1
7975,457694,138662,1536,1
7976,477840,144778,1536,1
7977,571712,173238,1536,1
7978,1164810,354113,1536,1
7979,448082,135774,1536,1
7980,361210,109430,1536,1
7981,623890,189095,1536,1
7982,561022,169971,1536,1
7983,405750,123093,1536,1
7984,364268,110447,1536,1
7985,606496,183741,1536,1
7986,661116,200357,1536,1
7987,376190,113969,1536,1
7988,670934,203269,1536,1
7989,376936,114194,1536,1
7990,457874,138712,1536,1
7991,366368,110991,1536,1
7992,470816,142670,1536,1
7993,592794,179596,1536,1
7994,383726,116281,1536,1
7995,496656,150494,1536,1
7996,535152,162154,1536,1
7997,443006,134227,1536,1
7998,591098,179083,1536,1
7999,601648,182306,1536,1
8000,905098,274789,1536,1
8001,691526,209886,1536,1
8002,1129396,342459,1536,1
8003,512710,155364,1536,1
8004,432090,131262,1536,1
8005,539500,163449,1536,1
8006,632876,191751,1536,1
8007,602738,182608,1536,1
8008,561602,170173,1536,1
8009,672674,203818,1536,1
8010,2388548,723854,1536,1
8011,1788326,542400,1536,1
8012,485870,147241,1536,1
8013,564930,171145,1536,1
8014,539162,163369,1536,1
8015,540560,163762,1536,1
8016,471360,142810,1536,1
8017,538880,163285,1536,1
8018,575232,174268,1536,1
8019,472808,143257,1536,1
8020,638814,193525,1536,1
8021,379384,114973,1536,1
8022,431398,130721,1536,1
8023,478184,145093,1536,1
8024,440192,133403,1536,1
8025,664172,201472,1536,1
8026,559484,169521,1536,1
8027,340770,103234,1536,1
8028,342238,103703,1536,1
8029,534618,162002,1536,1
8030,1886291,571877,1536,1
8031,873507,265043,1536,1
8032,381652,115629,1536,1
8033,567524,172054,1536,1
8034,550240,166847,1536,1
8035,340922,103289,1536,1
8036,342168,103663,1536,1
8037,416374,126169,1536,1
8038,602584,182994,1536,1
8039,404954,122707,1536,1
8040,412674,125060,1536,1
8041,415444,125892,1536,1
8042,333392,101005,1536,1
8043,425400,128891,1536,1
8044,526388,159507,1536,1
8045,845775,256756,1536,1
8046,591584,179230,1536,1
8047,1729213,524568,1536,1
8048,454866,137805,1536,1
8049,476556,144402,1536,1
8050,543814,164745,1536,1
8051,648318,196403,1536,1
8052,621774,188430,1536,1
8053,492408,149191,1536,1
8054,551280,167004,1536,1
8055,547776,165939,1536,1
8056,707138,214854,1536,1
8057,546598,165627,1536,1
8058,788412,238840,1536,1
8059,588142,178174,1536,1
8060,1072700,325044,1536,1
8061,561840,170225,1536,1
8062,510542,154679,1536,1
8063,388976,117896,1536,1
8064,505296,153593,1536,1
8065,614006,186039,1536,1
8066,412826,125094,1536,1
8067,352204,106692,1536,1
8068,620286,187915,1536,1
8069,748706,226816,1536,1
8070,419758,127183,1536,1
8071,368520,111645,1536,1
8072,511680,155041,1536,1
8073,1489043,451675,1536,1
8074,1132457,344084,1536,1
8075,651464,197383,1536,1
8076,580244,175780,1536,1
8077,586170,177595,1536,1
8078,618476,187370,1536,1
8079,615298,186406,1536,1
8080,865890,262578,1536,1
8081,640720,194259,1536,1
8082,574516,174279,1536,1
8083,654276,198206,1536,1
8084,658906,199628,1536,1
8085,575664,174407,1536,1
8086,664138,201282,1536,1
8087,581252,176105,1536,1
8088,592356,179461,1536,1
8089,2951232,894501,1536,1
8090,6103571,1849790,1536,1
8091,588976,178597,1536,1
8092,630562,191023,1536,1
8093,544712,165023,1536,1
8094,573878,173952,1536,1
8095,678902,205692,1536,1
8096,567506,171928,1536,1
8097,446412,135284,1536,1
8098,575384,174313,1536,1
8099,547402,165861,1536,1
8100,611794,185347,1536,1
8101,1245993,377756,1536,1
8102,574276,174013,1536,1
8103,647700,196247,1536,1
8104,601950,182371,1536,1
8105,2825983,856520,1536,1
8106,581394,176161,1536,1
8107,607228,184357,1536,1
8108,553868,167806,1536,1
8109,478008,144883,1536,1
8110,621618,188332,1536,1
8111,591424,179636,1536,1
8112,515138,156065,1536,1
8113,628082,190312,1536,1
8114,1488004,451480,1536,1
8115,350162,106083,1536,1
8116,559918,169631,1536,1
8117,570762,172922,1536,1
8118,563482,170712,1536,1
8119,591704,179254,1536,1
8120,530270,160693,1536,1
8121,581396,176163,1536,1
8122,579766,175659,1536,1
8123,697988,213180,1536,1
8124,521442,157973,1536,1
8125,643640,195004,1536,1
8126,540232,163707,1536,1
8127,557194,168817,1536,1
8128,2742671,831289,1536,1
8129,406444,123165,1536,1
8130,2747185,832409,1536,1
8131,564671,171221,1536,1
8132,507017,154233,1536,1
8133,536390,162629,1536,1
8134,561056,169981,1536,1
8135,702266,212759,1536,1
8136,629182,190568,1536,1
8137,377412,114337,1536,1
8138,550778,166892,1536,1
8139,374240,113377,1536,1
8140,371154,112442,1536,1
8141,466886,141881,1536,1
8142,370292,112184,1536,1
8143,372316,112787,1536,1
8144,371814,112641,1536,1
8145,533430,161632,1536,1
8146,634432,192210,1536,1
8147,670000,202966,1536,1
8148,366924,111162,1536,1
8149,381596,115612,1536,1
8150,475938,144225,1536,1
8151,652080,197547,1536,1
8152,652462,198154,1536,1
8153,492620,149248,1536,1
8154,503508,152703,1536,1
8155,402702,122027,1536,1
8156,376310,114005,1536,1
8157,518578,157156,1536,1
8158,379040,114829,1536,1
8159,408284,123718,1536,1
8160,373060,113015,1536,1
8161,591478,179264,1536,1
8162,610264,184953,1536,1
8163,567506,171936,1536,1
8164,490758,148694,1536,1
8165,358944,108748,1536,1
8166,360996,109365,1536,1
8167,364606,110449,1536,1
8168,399714,121120,1536,1
8169,509628,154408,1536,1
8170,554450,167988,1536,1
8171,619432,187791,1536,1
8172,753857,229169,1536,1
8173,850718,258235,1536,1
8174,502608,152294,1536,1
8175,2835108,859166,1536,1
8176,593498,179826,1536,1
8177,457182,138546,1536,1
8178,540386,163702,1536,1
8179,536238,162457,1536,1
8180,554090,168165,1536,1
8181,550360,166725,1536,1
8182,547320,165845,1536,1
8183,581064,176045,1536,1
8184,568726,172298,1536,1
8185,502930,152376,1536,1
8186,483564,146501,1536,1
8187,555484,168343,1536,1
8188,538974,163282,1536,1
8189,478680,145030,1536,1
8190,598192,181228,1536,1
8191,783246,238106,1536,1
8192,600554,181938,1536,1
8193,602042,182385,1536,1
8194,546234,165497,1536,1
8195,621178,188613,1536,1
8196,525242,159180,1536,1
8197,488062,147866,1536,1
8198,538998,163440,1536,1
8199,715208,216772,1536,1
8200,496514,150520,1536,1
8201,559972,169648,1536,1
8202,550588,166822,1536,1
8203,558140,169087,1536,1
8204,533316,161587,1536,1
8205,555416,168268,1536,1
8206,568022,172102,1536,1
8207,510642,154733,1536,1
8208,510062,154536,1536,1
8209,501602,151966,1536,1
8210,522398,158275,1536,1
8211,546968,165747,1536,1
8212,502942,152381,1536,1
8213,524564,158942,1536,1
8214,960623,291680,1536,1
8215,790882,239871,1536,1
8216,548318,166135,1536,1
8217,527358,159788,1536,1
8218,515682,156275,1536,1
8219,410824,124498,1536,1
8220,364910,110546,1536,1
8221,361382,109480,1536,1
8222,491024,148770,1536,1
8223,697302,211342,1536,1
8224,568518,172236,1536,1
8225,498898,151331,1536,1
8226,457678,138681,1536,1
8227,347640,105327,1536,1
8228,398166,120605,1536,1
8229,601830,182323,1536,1
8230,1668393,505631,1536,1
8231,595266,180360,1536,1
8232,569398,172516,1536,1
8233,652914,197788,1536,1
8234,1042679,316259,1536,1
8235,897832,271975,1536,1
8236,448678,135949,1536,1
8237,414292,125541,1536,1
8238,489728,148383,1536,1
8239,455668,138071,1536,1
8240,359858,109020,1536,1
8241,634930,192338,1536,1
8242,743812,225334,1536,1
8243,686392,207893,1536,1
8244,683646,207100,1536,1
8245,651454,197347,1536,1
8246,497925,151062,1536,1
8247,419766,127206,1536,1
8248,378358,114633,1536,1
8249,376620,114095,1536,1
8250,373072,113002,1536,1
8251,577394,174960,1536,1
8252,1268592,384342,1536,1
8253,617462,187087,1536,1
8254,364850,110532,1536,1
8255,392330,118880,1536,1
8256,365412,110704,1536,1
8257,432610,131079,1536,1
8258,381578,116199,1536,1
8259,363226,110043,1536,1
8260,539054,163313,1536,1
8261,530744,160823,1536,1
8262,364614,110469,1536,1
8263,634062,192113,1536,1
8264,557354,168871,1536,1
8265,580326,175791,1536,1
8266,629540,191371,1536,1
8267,354342,107348,1536,1
8268,485808,147181,1536,1
8269,476102,144247,1536,1
8270,515038,156038,1536,1
8271,547876,166200,1536,1
8272,359734,109009,1536,1
8273,548576,166211,1536,1
8274,528260,160127,1536,1
8275,515954,156315,1536,1
8276,670060,203045,1536,1
8277,633292,192036,1536,1
8278,338874,102656,1536,1
8279,337624,102280,1536,1
8280,346954,105118,1536,1
8281,473540,143557,1536,1
8282,1587358,482872,1536,1
8283,464618,140783,1536,1
8284,485602,147122,1536,1
8285,356304,108086,1536,1
8286,418494,126810,1536,1
8287,519534,157398,1536,1
8288,345886,104820,1536,1
8289,509510,154381,1536,1
8290,357102,108198,1536,1
8291,342172,103658,1536,1
8292,340874,103264,1536,1
8293,341092,103336,1536,1
8294,515618,156213,1536,1
8295,371360,112511,1536,1
8296,351802,106577,1536,1
8297,457560,138634,1536,1
8298,453492,137457,1536,1
8299,562484,170440,1536,1
8300,627874,190314,1536,1
8301,519066,157371,1536,1
8302,572100,173320,1536,1
8303,672114,203913,1536,1
8304,566820,171724,1536,1
8305,358866,108804,1536,1
8306,404208,122480,1536,1
8307,352316,106740,1536,1
8308,409702,124147,1536,1
8309,1025840,311010,1536,1
8310,625896,189627,1536,1
8311,699892,212069,1536,1
8312,598794,181423,1536,1
8313,634520,192245,1536,1
8314,363270,110057,1536,1
8315,395062,119716,1536,1
8316,537050,162698,1536,1
8317,554460,167988,1536,1
8318,569164,172440,1536,1
8319,563604,170846,1536,1
8320,506370,153411,1536,1
8321,520858,157800,1536,1
8322,570838,172940,1536,1
8323,1064868,323621,1536,1
8324,865112,262104,1536,1
8325,3326257,1008058,1536,1
8326,613654,185947,1536,1
8327,572286,173403,1536,1
8328,589916,178734,1536,1
8329,514070,155767,1536,1
8330,578966,175404,1536,1
8331,592984,179644,1536,1
8332,550338,166736,1536,1
8333,606448,183708,1536,1
8334,605816,183536,1536,1
8335,699236,211822,1536,1
8336,591122,179098,1536,1
8337,789413,239638,1536,1
8338,584412,177046,1536,1
8339,602696,183750,1536,1
8340,579726,175619,1536,1
8341,579126,175444,1536,1
8342,739314,223958,1536,1
8343,571846,173234,1536,1
8344,570686,172899,1536,1
8345,577506,174952,1536,1
8346,571642,173185,1536,1
8347,570874,172944,1536,1
8348,559976,169655,1536,1
8349,563590,170835,1536,1
8350,599316,181721,1536,1
8351,739843,224752,1536,1
8352,420890,127534,1536,1
8353,914121,278779,1536,1
8354,1009782,306067,1536,1
8355,547280,165806,1536,1
8356,362272,109888,1536,1
8357,596824,180809,1536,1
8358,636012,192689,1536,1
8359,762674,231045,1536,1
8360,559438,169473,1536,1
8361,500564,151753,1536,1
8362,537788,162933,1536,1
8363,614544,186180,1536,1
8364,530812,160843,1536,1
8365,551746,167187,1536,1
8366,564096,170949,1536,1
8367,544042,164816,1536,1
8368,541288,164006,1536,1
8369,650177,197870,1536,1
8370,353122,106997,1536,1
8371,350830,106285,1536,1
8372,357890,108529,1536,1
8373,677522,205281,1536,1
8374,519696,157444,1536,1
8375,356188,107909,1536,1
8376,353602,107105,1536,1
8377,392044,118801,1536,1
8378,352744,106896,1536,1
8379,490598,148746,1536,1
8380,451462,136772,1536,1
8381,343350,104021,1536,1
8382,378096,114552,1536,1
8383,341782,103526,1536,1
8384,564890,171146,1536,1
8385,402702,122030,1536,1
8386,520378,157893,1536,1
8387,343030,103923,1536,1
8388,773880,234898,1536,1
8389,344228,104287,1536,1
8390,340970,103306,1536,1
8391,342620,103801,1536,1
8392,535534,162303,1536,1
8393,469022,142128,1536,1
8394,537472,162858,1536,1
8395,1144375,347046,1536,1
8396,344748,104439,1536,1
8397,340388,103127,1536,1
8398,536784,162766,1536,1
8399,344830,104470,1536,1
8400,475664,144131,1536,1
8401,543464,164657,1536,1
8402,367750,111524,1536,1
8403,355112,107586,1536,1
8404,419950,127249,1536,1
8405,342472,103751,1536,1
8406,354988,107668,1536,1
8407,425636,128965,1536,1
8408,338546,102560,1536,1
8409,453410,137392,1536,1
8410,548890,166286,1536,1
8411,553720,167770,1536,1
8412,597374,181147,1536,1
8413,496586,150501,1536,1
8414,551062,166911,1536,1
8415,324088,98184,1536,1
8416,325470,98602,1536,1
8417,327716,99390,1536,1
8418,529466,160428,1536,1
8419,504316,152788,1536,1
8420,445702,135049,1536,1
8421,370310,112212,1536,1
8422,330972,100270,1536,1
8423,342976,103911,1536,1
8424,335016,101496,1536,1
8425,332032,100585,1536,1
8426,333018,100886,1536,1
8427,404984,122722,1536,1
8428,584972,178140,1536,1
8429,672546,205302,1536,1
8430,425870,129011,1536,1
8431,464298,140672,1536,1
8432,641666,194665,1536,1
8433,584310,177009,1536,1
8434,602162,182427,1536,1
8435,404008,122423,1536,1
8436,323256,97935,1536,1
8437,323578,98027,1536,1
8438,558429,169925,1536,1
8439,499812,151430,1536,1
8440,592000,179492,1536,1
8441,508654,154578,1536,1
8442,539252,163406,1536,1
8443,573050,173616,1536,1
8444,525862,159446,1536,1
8445,525676,159252,1536,1
8446,620024,187838,1536,1
8447,531654,161077,1536,1
8448,405868,122998,1536,1
8449,488718,148091,1536,1
8450,466636,141398,1536,1
8451,451364,136749,1536,1
8452,2211570,671097,1536,1
8453,599334,181606,1536,1
8454,727345,220960,1536,1
8455,544700,165067,1536,1
8456,364780,110510,1536,1
8457,465274,141053,1536,1
8458,390276,118357,1536,1
8459,623264,188911,1536,1
8460,605110,183313,1536,1
8461,627306,190073,1536,1
8462,583658,176863,1536,1
8463,565718,171394,1536,1
8464,646984,196008,1536,1
8465,588850,178404,1536,1
8466,608194,184282,1536,1
8467,3752363,1136711,1536,1
8468,778420,235831,1536,1
8469,596362,180668,1536,1
8470,593202,179784,1536,1
8471,643680,194991,1536,1
8472,652106,197555,1536,1
8473,861188,260865,1536,1
8474,589546,178600,1536,1
8475,428054,129724,1536,1
8476,476436,144350,1536,1
8477,590576,178908,1536,1
8478,563942,170890,1536,1
8479,680078,206134,1536,1
8480,400248,121313,1536,1
8481,362694,109882,1536,1
8482,356632,108394,1536,1
8483,535054,162085,1536,1
8484,542736,164441,1536,1
8485,587688,178045,1536,1
8486,586466,177684,1536,1
8487,543888,164774,1536,1
8488,545876,165375,1536,1
8489,596340,180690,1536,1
8490,639374,193692,1536,1
8491,537144,162737,1536,1
8492,528862,160320,1536,1
8493,493774,149612,1536,1
8494,534382,161896,1536,1
8495,563874,170853,1536,1
8496,597970,181295,1536,1
8497,339818,102967,1536,1
8498,339696,103042,1536,1
8499,550610,166832,1536,1
8500,610988,185106,1536,1
8501,544248,164964,1536,1
8502,332778,100821,1536,1
8503,566446,171636,1536,1
8504,513870,155681,1536,1
8505,519190,157314,1536,1
8506,540648,163782,1536,1
8507,438746,133017,1536,1
8508,514360,155848,1536,1
8509,478270,145001,1536,1
8510,528656,160210,1536,1
8511,617326,187661,1536,1
8512,355224,108330,1536,1
8513,407212,123366,1536,1
8514,460018,139415,1536,1
8515,470764,142588,1536,1
8516,772605,234521,1536,1
8517,356706,108112,1536,1
8518,329286,99766,1536,1
8519,321944,97525,1536,1
8520,705499,215226,1536,1
8521,336972,102086,1536,1
8522,333712,101098,1536,1
8523,434084,131557,1536,1
8524,412830,125102,1536,1
8525,349296,105848,1536,1
8526,513418,155563,1536,1
8527,485210,147021,1536,1
8528,421732,127790,1536,1
8529,571794,173305,1536,1
8530,560638,169855,1536,1
8531,591038,179065,1536,1
8532,364168,110312,1536,1
8533,368916,111768,1536,1
8534,447654,135642,1536,1
8535,440322,133409,1536,1
8536,372492,112845,1536,1
8537,644808,195368,1536,1
8538,644008,195101,1536,1
8539,667638,202745,1536,1
8540,716904,217190,1536,1
8541,428240,129794,1536,1
8542,354624,107434,1536,1
8543,355616,108614,1536,1
8544,534566,161980,1536,1
8545,343786,104138,1536,1
8546,348066,105454,1536,1
8547,346850,105087,1536,1
8548,352420,107156,1536,1
8549,558292,169152,1536,1
8550,528156,160020,1536,1
8551,337714,102313,1536,1
8552,332978,100863,1536,1
8553,333044,100897,1536,1
8554,337738,102327,1536,1
8555,364756,110585,1536,1
8556,530166,160635,1536,1
8557,535278,162154,1536,1
8558,1212157,367242,1536,1
8559,332064,100605,1536,1
8560,793405,240831,1536,1
8561,439517,133270,1536,1
8562,526810,159726,1536,1
8563,330478,100143,1536,1
8564,520258,157639,1536,1
8565,555298,168246,1536,1
8566,414622,125638,1536,1
8567,499740,151386,1536,1
8568,469804,142327,1536,1
8569,498134,150925,1536,1
8570,483792,146585,1536,1
8571,330904,100248,1536,1
8572,600970,182063,1536,1
8573,1034050,314386,1536,1
8574,499516,151387,1536,1
8575,336994,102105,1536,1
8576,580336,175826,1536,1
8577,1144298,346938,1536,1
8578,667328,202195,1536,1
8579,714474,216950,1536,1
8580,565154,171217,1536,1
8581,436932,132527,1536,1
8582,633572,191941,1536,1
8583,523064,158454,1536,1
8584,469516,142258,1536,1
8585,574468,174169,1536,1
8586,532614,161376,1536,1
8587,549558,166538,1536,1
8588,439460,133167,1536,1
8589,558664,169247,1536,1
8590,514072,155745,1536,1
8591,653678,198631,1536,1
8592,639502,194270,1536,1
8593,613172,186709,1536,1
8594,536028,162376,1536,1
8595,547998,166020,1536,1
8596,535186,162146,1536,1
8597,494946,149943,1536,1
8598,584354,177041,1536,1
8599,617716,187128,1536,1
8600,681570,206875,1536,1
8601,1377406,417293,1536,1
8602,591648,179276,1536,1
8603,674422,204321,1536,1
8604,663200,200910,1536,1
8605,579630,175600,1536,1
8606,575138,174234,1536,1
8607,864106,261749,1536,1
8608,597610,181053,1536,1
8609,600392,181888,1536,1
8610,777400,235574,1536,1
8611,794726,240755,1536,1
8612,659632,199876,1536,1
8613,591938,179341,1536,1
8614,568298,172164,1536,1
8615,475900,144189,1536,1
8616,606784,183831,1536,1
8617,600030,181784,1536,1
8618,704212,213747,1536,1
8619,388828,117794,1536,1
8620,548754,166276,1536,1
8621,376322,114005,1536,1
8622,376152,113953,1536,1
8623,377632,114401,1536,1
8624,528958,160265,1536,1
8625,384058,116353,1536,1
8626,1413215,429093,1536,1
8627,651160,197262,1536,1
8628,551978,167245,1536,1
8629,639510,193745,1536,1
8630,1166864,354487,1536,1
8631,503504,152602,1536,1
8632,774292,234834,1536,1
8633,518990,157245,1536,1
8634,604740,183220,1536,1
8635,614338,186106,1536,1
8636,447460,135591,1536,1
8637,372174,112756,1536,1
8638,409998,124241,1536,1
8639,374670,113485,1536,1
8640,392526,118948,1536,1
8641,587740,178061,1536,1
8642,648672,197064,1536,1
8643,561220,170007,1536,1
8644,511996,155109,1536,1
8645,595064,181054,1536,1
8646,573382,173723,1536,1
8647,666166,201866,1536,1
8648,665064,201576,1536,1
8649,571556,173153,1536,1
8650,479146,145236,1536,1
8651,353858,107198,1536,1
8652,465442,141021,1536,1
8653,478004,144829,1536,1
8654,529328,160360,1536,1
8655,473862,143570,1536,1
8656,661558,200431,1536,1
8657,516522,156584,1536,1
8658,534638,162072,1536,1
8659,516902,156707,1536,1
8660,571312,173077,1536,1
8661,652668,197806,1536,1
8662,1205348,365274,1536,1
8663,601140,182115,1536,1
8664,566402,171604,1536,1
8665,549226,166393,1536,1
8666,546154,165457,1536,1
8667,544458,164952,1536,1
8668,514350,155833,1536,1
8669,563334,170736,1536,1
8670,557664,168947,1536,1
8671,629656,190761,1536,1
8672,537228,162909,1536,1
8673,2069241,628087,1536,1
8674,671248,203374,1536,1
8675,524062,158774,1536,1
8676,501640,151992,1536,1
8677,726574,220115,1536,1
8678,421964,127846,1536,1
8679,539676,163514,1536,1
8680,475860,144188,1536,1
8681,1779196,540119,1536,1
8682,544144,164890,1536,1
8683,790741,239709,1536,1
8684,707708,215122,1536,1
8685,472410,143124,1536,1
8686,566396,171604,1536,1
8687,558456,169275,1536,1
8688,498772,151113,1536,1
8689,509760,154445,1536,1
8690,550400,166753,1536,1
8691,817840,247775,1536,1
8692,596552,181134,1536,1
8693,841464,255098,1536,1
8694,567566,171978,1536,1
8695,560352,169773,1536,1
8696,553088,167588,1536,1
8697,561238,170030,1536,1
8698,569962,172678,1536,1
8699,605826,183552,1536,1
8700,561460,170102,1536,1
8701,704930,213556,1536,1
8702,695862,210938,1536,1
8703,605238,183366,1536,1
8704,559646,169561,1536,1
8705,642534,194861,1536,1
8706,871238,264151,1536,1
8707,2441340,739753,1536,1
8708,732124,221785,1536,1
8709,644442,195274,1536,1
8710,558750,169284,1536,1
8711,628724,190467,1536,1
8712,594050,180009,1536,1
8713,566792,171714,1536,1
8714,618730,187465,1536,1
8715,588764,178377,1536,1
8716,602362,182488,1536,1
8717,1001310,303408,1536,1
8718,694380,210531,1536,1
8719,608282,184276,1536,1
8720,606112,183620,1536,1
8721,667484,202445,1536,1
8722,600040,182224,1536,1
8723,602082,182398,1536,1
8724,644614,195286,1536,1
8725,602198,182481,1536,1
8726,568254,172164,1536,1
8727,408614,123797,1536,1
8728,385124,116694,1536,1
8729,567234,171853,1536,1
8730,375606,113810,1536,1
8731,923871,280825,1536,1
8732,524146,158841,1536,1
8733,365324,110696,1536,1
8734,365120,110617,1536,1
8735,375908,113881,1536,1
8736,378458,114730,1536,1
8737,391268,118585,1536,1
8738,642586,194671,1536,1
8739,663152,201000,1536,1
8740,595858,180514,1536,1
8741,609336,184746,1536,1
8742,567710,171994,1536,1
8743,550758,166870,1536,1
8744,596774,180843,1536,1
8745,588404,178281,1536,1
8746,568670,172373,1536,1
8747,598734,181419,1536,1
8748,558894,169328,1536,1
8749,504238,152785,1536,1
8750,474050,143633,1536,1
8751,546108,165448,1536,1
8752,553000,167550,1536,1
8753,343478,104078,1536,1
8754,525914,159334,1536,1
8755,475300,144149,1536,1
8756,578614,176249,1536,1
8757,496516,150500,1536,1
8758,725906,219905,1536,1
8759,1050338,318510,1536,1
8760,465784,141266,1536,1
8761,352712,106846,1536,1
8762,1404678,426073,1536,1
8763,646282,196286,1536,1
8764,503948,152683,1536,1
8765,565694,171406,1536,1
8766,389318,118409,1536,1
8767,496308,150507,1536,1
8768,343204,103975,1536,1
8769,409644,124127,1536,1
8770,541856,164304,1536,1
8771,555416,168267,1536,1
8772,873593,267883,1536,1
8773,1124394,341061,1536,1
8774,585316,178033,1536,1
8775,490872,148734,1536,1
8776,513588,155612,1536,1
8777,343992,104212,1536,1
8778,519104,157371,1536,1
8779,397800,120559,1536,1
8780,343980,104219,1536,1
8781,343244,103982,1536,1
8782,550392,166806,1536,1
8783,537488,163007,1536,1
8784,615928,186615,1536,1
8785,556780,168695,1536,1
8786,521602,158040,1536,1
8787,551206,166983,1536,1
8788,555640,168436,1536,1
8789,532758,161539,1536,1
8790,604400,183096,1536,1
8791,575334,174305,1536,1
8792,605990,183595,1536,1
8793,576246,174591,1536,1
8794,680074,206577,1536,1
8795,598486,181293,1536,1
8796,593068,179673,1536,1
8797,564670,171074,1536,1
8798,363060,110307,1536,1
8799,879477,319569,1536,1
8800,389164,117940,1536,1
8801,358866,108720,1536,1
8802,344850,104472,1536,1
8803,343536,104080,1536,1
8804,477228,144573,1536,1
8805,449160,136084,1536,1
8806,428798,129941,1536,1
8807,509962,154568,1536,1
8808,668328,202947,1536,1
8809,553362,167620,1536,1
8810,550312,167251,1536,1
8811,543722,164728,1536,1
8812,516990,157559,1536,1
8813,406476,123167,1536,1
8814,483054,146348,1536,1
8815,342478,103755,1536,1
8816,407318,123434,1536,1
8817,333726,101103,1536,1
8818,331882,100535,1536,1
8819,859132,260851,1536,1
8820,737225,223733,1536,1
8821,344292,104302,1536,1
8822,459508,139255,1536,1
8823,947622,288430,1536,1
8824,514152,155769,1536,1
8825,596475,181113,1536,1
8826,545306,165411,1536,1
8827,538002,163030,1536,1
8828,544670,165027,1536,1
8829,489652,148385,1536,1
8830,604086,183043,1536,1
8831,607646,184437,1536,1
8832,507292,153686,1536,1
8833,490408,148585,1536,1
8834,508566,154088,1536,1
8835,555028,168152,1536,1
8836,531260,160918,1536,1
8837,593752,179893,1536,1
8838,388398,117662,1536,1
8839,368074,111536,1536,1
8840,353468,107085,1536,1
8841,487026,147557,1536,1
8842,1490473,453722,1536,1
8843,387086,117310,1536,1
8844,495090,150010,1536,1
8845,355014,107563,1536,1
8846,784172,237569,1536,1
8847,563214,170646,1536,1
8848,548166,166171,1536,1
8849,550612,166816,1536,1
8850,434828,131851,1536,1
8851,398644,120798,1536,1
8852,418604,126848,1536,1
8853,383176,116126,1536,1
8854,507158,153659,1536,1
8855,518262,157035,1536,1
8856,543970,164808,1536,1
8857,552290,167320,1536,1
8858,917236,278021,1536,1
8859,637751,194500,1536,1
8860,709790,215057,1536,1
8861,574922,174208,1536,1
8862,593948,179935,1536,1
8863,606874,183895,1536,1
8864,618720,187438,1536,1
8865,627170,190006,1536,1
8866,612468,185596,1536,1
8867,627126,189981,1536,1
8868,616756,186821,1536,1
8869,583284,176703,1536,1
8870,609516,184646,1536,1
8871,817100,248331,1536,1
8872,562404,170389,1536,1
8873,461440,139808,1536,1
8874,544606,165010,1536,1
8875,690860,209672,1536,1
8876,616402,186753,1536,1
8877,564554,171096,1536,1
8878,601298,182186,1536,1
8879,643326,194958,1536,1
8880,574642,174127,1536,1
8881,704195,213752,1536,1
8882,837870,253896,1536,1
8883,755126,228752,1536,1
8884,1850690,561456,1536,1
8885,686996,208122,1536,1
8886,570992,172984,1536,1
8887,557032,168747,1536,1
8888,596666,180731,1536,1
8889,542568,164335,1536,1
8890,574220,173962,1536,1
8891,536298,162447,1536,1
8892,1004810,305467,1536,1
8893,550826,166875,1536,1
8894,554078,167834,1536,1
8895,542858,164458,1536,1
8896,628406,190410,1536,1
8897,625656,189622,1536,1
8898,604552,183139,1536,1
8899,1543606,467563,1536,1
8900,814118,246632,1536,1
8901,3527484,1068698,1536,1
8902,1173222,356260,1536,1
8903,542656,164466,1536,1
8904,521560,158005,1536,1
8905,543602,164681,1536,1
8906,585008,177230,1536,1
8907,606596,183899,1536,1
8908,513036,155443,1536,1
8909,469472,142260,1536,1
8910,510418,154632,1536,1
8911,481048,145744,1536,1
8912,4066740,1232429,1536,1
8913,497712,151869,1536,1
8914,541176,163977,1536,1
8915,601972,182418,1536,1
8916,492638,149278,1536,1
8917,689270,209529,1536,1
8918,543016,164502,1536,1
8919,581454,176156,1536,1
8920,543758,164763,1536,1
8921,535932,162401,1536,1
8922,583936,176899,1536,1
8923,495098,150015,1536,1
8924,526914,160597,1536,1
8925,528358,160081,1536,1
8926,398550,120793,1536,1
8927,664232,201227,1536,1
8928,590310,178845,1536,1
8929,560416,169808,1536,1
8930,632786,191708,1536,1
8931,589154,178516,1536,1
8932,607934,184273,1536,1
8933,576336,174698,1536,1
8934,695736,210791,1536,1
8935,692797,210375,1536,1
8936,805138,244072,1536,1
8937,687306,208236,1536,1
8938,542196,164270,1536,1
8939,583842,176873,1536,1
8940,559626,169547,1536,1
8941,572638,173496,1536,1
8942,562552,170440,1536,1
8943,705706,213779,1536,1
8944,691418,209452,1536,1
8945,846662,256469,1536,1
8946,870157,264149,1536,1
8947,601534,182271,1536,1
8948,445652,135068,1536,1
8949,1540789,467174,1536,1
8950,688778,208891,1536,1
8951,543460,164649,1536,1
8952,379436,114964,1536,1
8953,365418,110707,1536,1
8954,668766,202604,1536,1
8955,632186,191646,1536,1
8956,577994,175109,1536,1
8957,665310,201659,1536,1
8958,678460,205555,1536,1
8959,370444,112244,1536,1
8960,393432,119528,1536,1
8961,371044,112543,1536,1
8962,369194,111844,1536,1
8963,360618,109254,1536,1
8964,363608,110167,1536,1
8965,372792,112928,1536,1
8966,952669,288779,1536,1
8967,500288,151626,1536,1
8968,713654,216420,1536,1
8969,552986,167557,1536,1
8970,344994,104519,1536,1
8971,538370,163147,1536,1
8972,352284,106722,1536,1
8973,450810,136591,1536,1
8974,344862,104478,1536,1
8975,498500,151528,1536,1
8976,351214,106389,1536,1
8977,351678,106544,1536,1
8978,399636,121094,1536,1
8979,414136,126396,1536,1
8980,492778,149294,1536,1
8981,603984,183543,1536,1
8982,492728,149314,1536,1
8983,537940,162964,1536,1
8984,2179334,662932,1536,1
8985,771439,233851,1536,1
8986,551416,167063,1536,1
8987,592812,179616,1536,1
8988,551132,166986,1536,1
8989,673632,204082,1536,1
8990,690810,209321,1536,1
8991,589372,178548,1536,1
8992,494572,149838,1536,1
8993,549112,166355,1536,1
8994,587664,178030,1536,1
8995,499558,151344,1536,1
8996,605846,183538,1536,1
8997,613394,185816,1536,1
8998,621156,188171,1536,1
8999,672336,203703,1536,1
9000,1105694,335690,1536,1
9001,637204,193052,1536,1
9002,648680,196614,1536,1
9003,668258,202523,1536,1
9004,629374,190663,1536,1
9005,634566,192243,1536,1
9006,582510,176476,1536,1
9007,636578,192833,1536,1
9008,557384,168901,1536,1
9009,559630,169627,1536,1
9010,562148,170316,1536,1
9011,1501237,723950,1536,1
9012,547660,165913,1536,1
9013,591312,179136,1536,1
9014,556848,168723,1536,1
9015,502404,152259,1536,1
9016,563328,170671,1536,1
9017,563428,170711,1536,1
9018,576436,174631,1536,1
9019,589588,178615,1536,1
9020,554770,168970,1536,1
9021,516338,156435,1536,1
9022,589534,178614,1536,1
9023,498350,150994,1536,1
9024,516884,156718,1536,1
9025,636950,193444,1536,1
9026,550628,166815,1536,1
9027,569376,172499,1536,1
9028,924899,281483,1536,1
9029,586688,177829,1536,1
9030,544662,165050,1536,1
9031,469208,142162,1536,1
9032,650108,196956,1536,1
9033,365120,110616,1536,1
9034,363028,109977,1536,1
9035,435512,131964,1536,1
9036,506766,153546,1536,1
9037,540648,164163,1536,1
9038,361494,109515,1536,1
9039,534798,162023,1536,1
9040,601464,182225,1536,1
9041,746206,226088,1536,1
9042,383124,116599,1536,1
9043,587696,178049,1536,1
9044,707118,214552,1536,1
9045,534242,161869,1536,1
9046,375930,113885,1536,1
9047,581720,176480,1536,1
9048,583468,176796,1536,1
9049,912036,276275,1536,1
9050,439462,133164,1536,1
9051,374390,113419,1536,1
9052,391024,118445,1536,1
9053,625894,189642,1536,1
9054,524424,158855,1536,1
9055,1141056,346435,1536,1
9056,370570,112254,1536,1
9057,819706,248571,1536,1
9058,366680,111066,1536,1
9059,368036,111497,1536,1
9060,364034,110278,1536,1
9061,366740,111101,1536,1
9062,363366,110073,1536,1
9063,363556,110120,1536,1
9064,372638,113020,1536,1
9065,440282,133409,1536,1
9066,361784,109599,1536,1
9067,512970,155422,1536,1
9068,353166,106974,1536,1
9069,354884,107508,1536,1
9070,352766,106872,1536,1
9071,352880,106910,1536,1
9072,355254,107621,1536,1
9073,355318,107642,1536,1
9074,478722,145038,1536,1
9075,561080,169984,1536,1
9076,352502,106781,1536,1
9077,391778,118711,1536,1
9078,548722,166242,1536,1
9079,538730,163206,1536,1
9080,540310,163668,1536,1
9081,722652,218913,1536,1
9082,538982,163291,1536,1
9083,794960,240816,1536,1
9084,552682,167443,1536,1
9085,568750,172308,1536,1
9086,594708,180168,1536,1
9087,590356,178855,1536,1
9088,590160,178835,1536,1
9089,550430,166752,1536,1
9090,573366,173687,1536,1
9091,493410,149482,1536,1
9092,586190,177587,1536,1
9093,404716,122628,1536,1
9094,349760,105945,1536,1
9095,972236,296188,1536,1
9096,509010,154225,1536,1
9097,331744,100507,1536,1
9098,552068,167266,1536,1
9099,551280,167022,1536,1
9100,575068,174247,1536,1
9101,503620,152571,1536,1
9102,515880,156291,1536,1
9103,534500,161988,1536,1
9104,508318,154028,1536,1
9105,479716,145419,1536,1
9106,342070,103632,1536,1
9107,418150,126714,1536,1
9108,322092,97580,1536,1
9109,319592,96821,1536,1
9110,374102,113357,1536,1
9111,422672,128067,1536,1
9112,315092,95461,1536,1
9113,335906,101793,1536,1
9114,315264,95582,1536,1
9115,361776,109734,1536,1
9116,447096,135457,1536,1
9117,458254,138934,1536,1
9118,534076,161800,1536,1
9119,1000766,304239,1536,1
9120,536210,162483,1536,1
9121,588212,178295,1536,1
9122,508256,153982,1536,1
9123,573060,173608,1536,1
9124,327198,99147,1536,1
9125,314682,95335,1536,1
9126,322136,97708,1536,1
9127,517430,156793,1536,1
9128,355226,107638,1536,1
9129,527796,159915,1536,1
9130,551426,167088,1536,1
9131,528692,160169,1536,1
9132,327112,99097,1536,1
9133,377462,114373,1536,1
9134,323686,98062,1536,1
9135,338260,102772,1536,1
9136,330946,100259,1536,1
9137,322418,97677,1536,1
9138,322738,97771,1536,1
9139,322950,97837,1536,1
9140,330282,100059,1536,1
9141,333254,100962,1536,1
9142,383006,116053,1536,1
9143,379382,114983,1536,1
9144,322654,97733,1536,1
9145,324170,98213,1536,1
9146,327416,99183,1536,1
9147,325250,98613,1536,1
9148,372056,112735,1536,1
9149,334036,101215,1536,1
9150,528858,160319,1536,1
9151,517778,156862,1536,1
9152,572190,173351,1536,1
9153,492968,149345,1536,1
9154,618556,187398,1536,1
9155,509568,154384,1536,1
9156,444798,134764,1536,1
9157,438960,133000,1536,1
9158,405954,123011,1536,1
9159,389262,117950,1536,1
9160,351200,106399,1536,1
9161,583128,177066,1536,1
9162,556302,168564,1536,1
9163,962205,291712,1536,1
9164,553256,167641,1536,1
9165,516814,156593,1536,1
9166,563724,170791,1536,1
9167,555746,168540,1536,1
9168,510276,154599,1536,1
9169,555280,168246,1536,1
9170,591924,179332,1536,1
9171,589612,178633,1536,1
9172,567718,171960,1536,1
9173,507188,153672,1536,1
9174,482544,146197,1536,1
9175,556732,168673,1536,1
9176,513154,155498,1536,1
9177,487894,148437,1536,1
9178,388596,117762,1536,1
9179,567098,171831,1536,1
9180,1159954,351717,1536,1
9181,590828,178986,1536,1
9182,662228,200759,1536,1
9183,551880,167190,1536,1
9184,567310,171904,1536,1
9185,598416,181290,1536,1
9186,398938,120912,1536,1
9187,515790,156270,1536,1
9188,384904,116635,1536,1
9189,370618,112363,1536,1
9190,366566,111054,1536,1
9191,502568,152280,1536,1
9192,607954,184172,1536,1
9193,572426,173417,1536,1
9194,771178,233610,1536,1
9195,587920,178117,1536,1
9196,1535380,465405,1536,1
9197,982274,297996,1536,1
9198,584494,177180,1536,1
9199,585350,177373,1536,1
9200,951844,288575,1536,1
9201,652776,197774,1536,1
9202,606854,184204,1536,1
9203,546512,165570,1536,1
9204,484494,146789,1536,1
9205,473164,143367,1536,1
9206,547344,167062,1536,1
9207,607242,184441,1536,1
9208,590170,178795,1536,1
9209,888568,269203,1536,1
9210,374972,113596,1536,1
9211,533610,161677,1536,1
9212,412946,125128,1536,1
9213,374142,113351,1536,1
9214,398918,120869,1536,1
9215,589770,178697,1536,1
9216,597590,181053,1536,1
9217,566972,171805,1536,1
9218,543048,164600,1536,1
9219,538382,163125,1536,1
9220,538714,163218,1536,1
9221,535844,162551,1536,1
9222,425166,128831,1536,1
9223,362976,109964,1536,1
9224,414504,125603,1536,1
9225,392288,118862,1536,1
9226,796474,241284,1536,1
9227,370586,112303,1536,1
9228,490728,148681,1536,1
9229,559880,169622,1536,1
9230,686812,208053,1536,1
9231,627580,190122,1536,1
9232,578658,175317,1536,1
9233,349794,105970,1536,1
9234,530044,160582,1536,1
9235,633432,191891,1536,1
9236,386840,117257,1536,1
9237,595826,180511,1536,1
9238,368794,111951,1536,1
9239,345798,104765,1536,1
9240,347124,105165,1536,1
9241,343248,103986,1536,1
9242,340836,103255,1536,1
9243,339582,102877,1536,1
9244,341556,103473,1536,1
9245,341002,103308,1536,1
9246,345272,104598,1536,1
9247,339812,102950,1536,1
9248,338350,102587,1536,1
9249,342374,103724,1536,1
9250,334154,101231,1536,1
9251,337680,102340,1536,1
9252,484512,146849,1536,1
9253,333194,100956,1536,1
9254,333120,100900,1536,1
9255,387402,117395,1536,1
9256,525788,159304,1536,1
9257,332572,100745,1536,1
9258,338510,102532,1536,1
9259,336420,101973,1536,1
9260,495092,149995,1536,1
9261,515858,156287,1536,1
9262,547490,165874,1536,1
9263,447908,135729,1536,1
9264,323240,97926,1536,1
9265,430932,130529,1536,1
9266,324236,98235,1536,1
9267,322086,97578,1536,1
9268,505490,153143,1536,1
9269,507746,153782,1536,1
9270,331166,100328,1536,1
9271,557006,168735,1536,1
9272,321060,97278,1536,1
9273,335032,101500,1536,1
9274,521064,157947,1536,1
9275,542050,164221,1536,1
9276,528674,160194,1536,1
9277,794098,240553,1536,1
9278,586866,177797,1536,1
9279,525522,159240,1536,1
9280,490900,148735,1536,1
9281,586202,177628,1536,1
9282,367440,111363,1536,1
9283,496462,150429,1536,1
9284,345854,104775,1536,1
9285,414508,125576,1536,1
9286,335256,101568,1536,1
9287,342162,103650,1536,1
9288,375612,113821,1536,1
9289,346448,104954,1536,1
9290,345796,104773,1536,1
9291,344136,104250,1536,1
9292,344096,104246,1536,1
9293,930272,282627,1536,1
9294,363238,110070,1536,1
9295,349270,105846,1536,1
9296,334732,101408,1536,1
9297,335740,101694,1536,1
9298,407938,123614,1536,1
9299,331872,100542,1536,1
9300,327390,99184,1536,1
9301,513146,155463,1536,1
9302,579524,175608,1536,1
9303,509164,154314,1536,1
9304,341898,103593,1536,1
9305,478494,144988,1536,1
9306,325574,98638,1536,1
9307,323026,97842,1536,1
9308,325232,98513,1536,1
9309,325950,98747,1536,1
9310,324912,98435,1536,1
9311,324976,98434,1536,1
9312,324736,98381,1536,1
9313,445996,135473,1536,1
9314,342606,103822,1536,1
9315,331862,100536,1536,1
9316,324808,98454,1536,1
9317,329946,99964,1536,1
9318,326794,99004,1536,1
9319,323392,97966,1536,1
9320,452086,136975,1536,1
9321,396154,120014,1536,1
9322,398502,120830,1536,1
9323,333146,100921,1536,1
9324,439524,133182,1536,1
9325,334754,101414,1536,1
9326,339078,102753,1536,1
9327,364532,110489,1536,1
9328,370828,112327,1536,1
9329,377386,114377,1536,1
9330,519482,157579,1536,1
9331,544012,164809,1536,1
9332,930555,282469,1536,1
9333,674110,204229,1536,1
9334,557656,168983,1536,1
9335,541018,163900,1536,1
9336,461628,139913,1536,1
9337,478898,145089,1536,1
9338,495594,150148,1536,1
9339,507222,153673,1536,1
9340,929624,281657,1536,1
9341,542412,164362,1536,1
9342,551284,167114,1536,1
9343,593296,179877,1536,1
9344,569346,172480,1536,1
9345,1475771,447509,1536,1
9346,594842,180204,1536,1
9347,523428,158596,1536,1
9348,659090,199705,1536,1
9349,489556,148343,1536,1
9350,589712,178663,1536,1
9351,537306,162771,1536,1
9352,577220,174890,1536,1
9353,562034,170268,1536,1
9354,555994,168436,1536,1
9355,560604,169927,1536,1
9356,604686,183187,1536,1
9357,872708,264547,1536,1
9358,564368,171009,1536,1
9359,672842,204493,1536,1
9360,671313,203788,1536,1
9361,658600,199559,1536,1
9362,577926,175093,1536,1
9363,607220,183964,1536,1
9364,603446,182811,1536,1
9365,557420,168925,1536,1
9366,563368,170686,1536,1
9367,574746,174209,1536,1
9368,676894,205063,1536,1
9369,366236,110952,1536,1
9370,372592,112893,1536,1
9371,425968,129172,1536,1
9372,408340,123735,1536,1
9373,461168,139750,1536,1
9374,389890,118127,1536,1
9375,575538,174390,1536,1
9376,544890,165530,1536,1
9377,621252,188231,1536,1
9378,529810,160596,1536,1
9379,688386,208778,1536,1
9380,628454,190369,1536,1
9381,596426,180689,1536,1
9382,664220,201221,1536,1
9383,692406,209733,1536,1
9384,581788,176242,1536,1
9385,651124,197351,1536,1
9386,494484,149830,1536,1
9387,588842,178451,1536,1
9388,577218,174859,1536,1
9389,640186,194088,1536,1
9390,573806,173818,1536,1
9391,645382,195516,1536,1
9392,428146,129754,1536,1
9393,495150,150042,1536,1
9394,362224,109750,1536,1
9395,340498,103150,1536,1
9396,341640,103502,1536,1
9397,342590,103790,1536,1
9398,346542,104965,1536,1
9399,342820,103865,1536,1
9400,343412,104038,1536,1
9401,532870,161458,1536,1
9402,563464,170709,1536,1
9403,593434,180400,1536,1
9404,534882,162048,1536,1
9405,509702,154436,1536,1
9406,351190,106556,1536,1
9407,348604,105612,1536,1
9408,669978,202990,1536,1
9409,341276,103388,1536,1
9410,339628,102892,1536,1
9411,345440,104640,1536,1
9412,466602,141362,1536,1
9413,453444,137385,1536,1
9414,333032,101000,1536,1
9415,328926,99655,1536,1
9416,330960,100269,1536,1
9417,418574,126827,1536,1
9418,334180,101240,1536,1
9419,319546,96813,1536,1
9420,382880,116006,1536,1
9421,329442,99816,1536,1
9422,343018,103940,1536,1
9423,322874,97816,1536,1
9424,319882,96907,1536,1
9425,420828,128815,1536,1
9426,315944,95719,1536,1
9427,325370,98604,1536,1
9428,307344,93129,1536,1
9429,319744,96863,1536,1
9430,461606,139881,1536,1
9431,508568,154081,1536,1
9432,373182,113081,1536,1
9433,314056,95146,1536,1
9434,467844,141739,1536,1
9435,317498,96185,1536,1
9436,338844,102645,1536,1
9437,326282,98848,1536,1
9438,306742,92925,1536,1
9439,304862,92362,1536,1
9440,326490,98935,1536,1
9441,309866,93873,1536,1
9442,681676,206688,1536,1
9443,439800,133253,1536,1
9444,475364,143981,1536,1
9445,448034,135722,1536,1
9446,480968,145745,1536,1
9447,461524,139823,1536,1
9448,461160,139726,1536,1
9449,289180,87610,1536,1
9450,287950,87241,1536,1
9451,374992,113846,1536,1
9452,326596,98964,1536,1
9453,287852,87206,1536,1
9454,325760,98708,1536,1
9455,287432,87081,1536,1
9456,289764,87788,1536,1
9457,290790,88089,1536,1
9458,284664,86241,1536,1
9459,281380,85411,1536,1
9460,439328,133101,1536,1
9461,434508,131739,1536,1
9462,387422,117383,1536,1
9463,284390,86159,1536,1
9464,282828,85681,1536,1
9465,276666,83799,1536,1
9466,286170,86721,1536,1
9467,284906,86315,1536,1
9468,270828,82051,1536,1
9469,271140,82236,1536,1
9470,269552,81646,1536,1
9471,305034,92431,1536,1
9472,390442,118291,1536,1
9473,320584,97108,1536,1
9474,434086,131513,1536,1
9475,271294,82210,1536,1
9476,271372,82211,1536,1
9477,270108,81815,1536,1
9478,268844,81454,1536,1
9479,298978,90597,1536,1
9480,270480,81944,1536,1
9481,268890,81445,1536,1
9482,270084,81825,1536,1
9483,269246,81574,1536,1
9484,368738,111720,1536,1
9485,311128,94265,1536,1
9486,291562,88335,1536,1
9487,296056,89691,1536,1
9488,505544,153152,1536,1
9489,299008,90595,1536,1
9490,300918,91147,1536,1
9491,298420,90391,1536,1
9492,334352,101316,1536,1
9493,297740,90194,1536,1
9494,307200,93074,1536,1
9495,302790,91734,1536,1
9496,317386,96149,1536,1
9497,308272,93396,1536,1
9498,306310,92796,1536,1
9499,303190,91853,1536,1
9500,305862,92644,1536,1
9501,332522,100763,1536,1
9502,550294,166725,1536,1
9503,457738,138783,1536,1
9504,594338,180099,1536,1
9505,564582,171055,1536,1
9506,613364,185818,1536,1
9507,326788,99002,1536,1
9508,539756,163527,1536,1
9509,678852,205671,1536,1
9510,1132573,343557,1536,1
9511,557114,168842,1536,1
9512,621684,188372,1536,1
9513,692852,210137,1536,1
9514,648852,196572,1536,1
9515,395028,119711,1536,1
9516,544950,165094,1536,1
9517,541746,164122,1536,1
9518,565204,171231,1536,1
9519,578202,175165,1536,1
9520,782999,237962,1536,1
9521,670468,203128,1536,1
9522,392826,119016,1536,1
9523,597790,181211,1536,1
9524,503342,152535,1536,1
9525,419924,127250,1536,1
9526,591770,179395,1536,1
9527,568994,172381,1536,1
9528,569072,172387,1536,1
9529,522484,159010,1536,1
9530,526664,159600,1536,1
9531,392688,118991,1536,1
9532,373116,113045,1536,1
9533,563296,170768,1536,1
9534,377770,114454,1536,1
9535,378188,114579,1536,1
9536,377238,114284,1536,1
9537,375438,113736,1536,1
9538,375730,113827,1536,1
9539,378476,114661,1536,1
9540,371972,112697,1536,1
9541,451320,136749,1536,1
9542,483794,146639,1536,1
9543,372214,112766,1536,1
9544,536230,163341,1536,1
9545,441526,133740,1536,1
9546,542052,164228,1536,1
9547,1432928,434634,1536,1
9548,459872,139364,1536,1
9549,551844,167430,1536,1
9550,495776,150201,1536,1
9551,542634,164485,1536,1
9552,495264,150065,1536,1
9553,494272,149762,1536,1
9554,483418,146470,1536,1
9555,452246,137023,1536,1
9556,519244,157334,1536,1
9557,632362,191588,1536,1
9558,522042,158182,1536,1
9559,541752,164318,1536,1
9560,540332,163734,1536,1
9561,591012,179129,1536,1
9562,702898,213589,1536,1
9563,798212,242387,1536,1
9564,708132,214521,1536,1
9565,626586,189817,1536,1
9566,380796,115397,1536,1
9567,423560,128313,1536,1
9568,465830,141137,1536,1
9569,561648,170176,1536,1
9570,374664,113507,1536,1
9571,518252,157061,1536,1
9572,595628,180565,1536,1
9573,582272,176403,1536,1
9574,364586,110454,1536,1
9575,419252,127043,1536,1
9576,593992,179973,1536,1
9577,621338,189253,1536,1
9578,1032375,312924,1536,1
9579,356054,107887,1536,1
9580,467730,141737,1536,1
9581,341436,103431,1536,1
9582,343320,104001,1536,1
9583,614915,186927,1536,1
9584,799755,242640,1536,1
9585,352762,106874,1536,1
9586,404858,122687,1536,1
9587,392082,118818,1536,1
9588,344976,104513,1536,1
9589,343464,104041,1536,1
9590,343084,103943,1536,1
9591,347052,105143,1536,1
9592,345522,104672,1536,1
9593,593254,180137,1536,1
9594,401006,121525,1536,1
9595,344268,104291,1536,1
9596,336208,101853,1536,1
9597,342034,103609,1536,1
9598,382264,115836,1536,1
9599,538048,163098,1536,1
9600,346256,104925,1536,1
9601,410382,124349,1536,1
9602,346660,105023,1536,1
9603,368266,111671,1536,1
9604,753998,229529,1536,1
9605,420026,127268,1536,1
9606,539106,163341,1536,1
9607,350618,106227,1536,1
9608,346238,104984,1536,1
9609,376536,114217,1536,1
9610,449881,136885,1536,1
9611,382600,115941,1536,1
9612,420438,127480,1536,1
9613,346596,105017,1536,1
9614,344398,104341,1536,1
9615,348664,105629,1536,1
9616,341144,103354,1536,1
9617,520952,157832,1536,1
9618,534982,162174,1536,1
9619,538028,162999,1536,1
9620,413062,125143,1536,1
9621,372620,113020,1536,1
9622,518742,157167,1536,1
9623,486852,147497,1536,1
9624,520974,157836,1536,1
9625,504078,152725,1536,1
9626,384600,116559,1536,1
9627,602768,182648,1536,1
9628,333802,101128,1536,1
9629,334190,101254,1536,1
9630,683046,207149,1536,1
9631,339800,102944,1536,1
9632,355512,107742,1536,1
9633,330924,100252,1536,1
9634,369900,112085,1536,1
9635,337436,102236,1536,1
9636,497342,150694,1536,1
9637,346056,104858,1536,1
9638,332702,100786,1536,1
9639,333756,101095,1536,1
9640,335140,101536,1536,1
9641,334366,101375,1536,1
9642,422402,127989,1536,1
9643,552852,167809,1536,1
9644,475750,144132,1536,1
9645,636218,192728,1536,1
9646,343398,104041,1536,1
9647,481886,146009,1536,1
9648,447998,136155,1536,1
9649,332812,100917,1536,1
9650,477100,144549,1536,1
9651,499042,151221,1536,1
9652,567154,172259,1536,1
9653,332812,100833,1536,1
9654,332552,100744,1536,1
9655,329464,99793,1536,1
9656,364204,110413,1536,1
9657,323856,98094,1536,1
9658,322220,97600,1536,1
9659,326456,98904,1536,1
9660,323236,97904,1536,1
9661,322670,97810,1536,1
9662,373718,113226,1536,1
9663,445870,135095,1536,1
9664,609028,184591,1536,1
9665,334598,101376,1536,1
9666,335218,101566,1536,1
9667,521288,157934,1536,1
9668,471304,142788,1536,1
9669,377022,114244,1536,1
9670,326946,99049,1536,1
9671,514212,155769,1536,1
9672,724528,219497,1536,1
9673,547926,166001,1536,1
9674,543356,164628,1536,1
9675,716430,217089,1536,1
9676,535012,162100,1536,1
9677,592982,179895,1536,1
9678,598498,181339,1536,1
9679,597806,181107,1536,1
9680,607432,184000,1536,1
9681,572022,173342,1536,1
9682,535186,162191,1536,1
9683,14602191,4423459,1536,1
9684,512934,155423,1536,1
9685,558560,169216,1536,1
9686,602336,182520,1536,1
9687,522100,158390,1536,1
9688,561218,170137,1536,1
9689,578674,175311,1536,1
9690,503838,152660,1536,1
9691,544926,165107,1536,1
9692,537314,162801,1536,1
9693,558250,169170,1536,1
9694,607020,183915,1536,1
9695,618646,187442,1536,1
9696,656132,198865,1536,1
9697,550602,166883,1536,1
9698,567518,171940,1536,1
9699,624294,189690,1536,1
9700,556234,168555,1536,1
9701,574712,174110,1536,1
9702,363844,110235,1536,1
9703,579292,175500,1536,1
9704,688336,208536,1536,1
9705,592654,179548,1536,1
9706,599820,181730,1536,1
9707,610006,184825,1536,1
9708,553766,167806,1536,1
9709,631346,191286,1536,1
9710,698898,211839,1536,1
9711,608164,184256,1536,1
9712,643516,195753,1536,1
9713,608440,184358,1536,1
9714,593822,179889,1536,1
9715,540410,163742,1536,1
9716,567758,171974,1536,1
9717,567494,171928,1536,1
9718,1039678,315003,1536,1
9719,547724,165962,1536,1
9720,451272,136882,1536,1
9721,379584,114998,1536,1
9722,569509,173483,1536,1
9723,389420,118026,1536,1
9724,364368,110394,1536,1
9725,363094,110000,1536,1
9726,509356,154400,1536,1
9727,504250,152793,1536,1
9728,501134,151935,1536,1
9729,603146,182726,1536,1
9730,551558,167193,1536,1
9731,562776,170524,1536,1
9732,549374,166468,1536,1
9733,595548,180437,1536,1
9734,1443888,437670,1536,1
9735,623756,188965,1536,1
9736,696518,210990,1536,1
9737,714222,217844,1536,1
9738,362012,109674,1536,1
9739,619968,187866,1536,1
9740,694559,210501,1536,1
9741,491426,148977,1536,1
9742,600842,182445,1536,1
9743,545480,165426,1536,1
9744,568536,172238,1536,1
9745,550424,166779,1536,1
9746,517062,156675,1536,1
9747,514992,156042,1536,1
9748,547908,166004,1536,1
9749,539692,163516,1536,1
9750,366012,110883,1536,1
9751,465158,141404,1536,1
9752,361370,109478,1536,1
9753,363010,109980,1536,1
9754,380974,115451,1536,1
9755,413142,125224,1536,1
9756,443916,134511,1536,1
9757,423804,128415,1536,1
9758,367264,111262,1536,1
9759,812471,247291,1536,1
9760,597282,180982,1536,1
9761,666595,202729,1536,1
9762,364142,110315,1536,1
9763,782186,237523,1536,1
9764,366582,111053,1536,1
9765,496230,150339,1536,1
9766,418048,126687,1536,1
9767,361330,109562,1536,1
9768,509554,154439,1536,1
9769,365262,110662,1536,1
9770,381276,115542,1536,1
9771,364800,110510,1536,1
9772,348950,105718,1536,1
9773,373876,113292,1536,1
9774,466862,141438,1536,1
9775,470994,142707,1536,1
9776,429304,130082,1536,1
9777,432374,131020,1536,1
9778,504798,152967,1536,1
9779,349496,105879,1536,1
9780,936174,284110,1536,1
9781,537694,162913,1536,1
9782,346234,104889,1536,1
9783,355490,107756,1536,1
9784,743551,225811,1536,1
9785,477310,144621,1536,1
9786,505372,153111,1536,1
9787,378286,114638,1536,1
9788,367852,111460,1536,1
9789,574990,174231,1536,1
9790,370416,112245,1536,1
9791,333262,100948,1536,1
9792,333524,101047,1536,1
9793,332520,100739,1536,1
9794,336192,101920,1536,1
9795,380062,115163,1536,1
9796,345482,104661,1536,1
9797,457206,138521,1536,1
9798,479684,145328,1536,1
9799,369446,111949,1536,1
9800,396270,120298,1536,1
9801,648318,196404,1536,1
9802,347764,105379,1536,1
9803,321260,97426,1536,1
9804,313940,95111,1536,1
9805,338618,102623,1536,1
9806,488554,148558,1536,1
9807,336050,101829,1536,1
9808,721188,219408,1536,1
9809,318254,96434,1536,1
9810,309430,93760,1536,1
9811,324846,98411,1536,1
9812,507052,153648,1536,1
9813,324718,98373,1536,1
9814,396254,120086,1536,1
9815,507094,153640,1536,1
9816,503750,152623,1536,1
9817,499348,151304,1536,1
9818,464988,140898,1536,1
9819,504346,152810,1536,1
9820,324474,98302,1536,1
9821,555084,168163,1536,1
9822,337152,102164,1536,1
9823,512974,155411,1536,1
9824,541104,163934,1536,1
9825,589100,178487,1536,1
9826,532076,161201,1536,1
9827,922301,279791,1536,1
9828,552032,167232,1536,1
9829,595200,180318,1536,1
9830,636004,192725,1536,1
9831,613052,185951,1536,1
9832,829628,251952,1536,1
9833,561932,170246,1536,1
9834,610780,185056,1536,1
9835,618974,187502,1536,1
9836,559358,169482,1536,1
9837,540344,163703,1536,1
9838,490254,148551,1536,1
9839,953092,290280,1536,1
9840,603298,182802,1536,1
9841,1117972,339654,1536,1
9842,1235135,374545,1536,1
9843,671767,203867,1536,1
9844,822059,249355,1536,1
9845,742176,224858,1536,1
9846,565774,171459,1536,1
9847,588678,178348,1536,1
9848,610380,185364,1536,1
9849,565388,171395,1536,1
9850,556474,168688,1536,1
9851,575136,174249,1536,1
9852,510824,154783,1536,1
9853,555572,168329,1536,1
9854,584296,176999,1536,1
9855,610717,424743,1536,1
9856,822920,249500,1536,1
9857,587002,178157,1536,1
9858,563800,170847,1536,1
9859,363992,110284,1536,1
9860,513356,155643,1536,1
9861,492004,149064,1536,1
9862,503354,152503,1536,1
9863,518628,157134,1536,1
9864,1119828,339360,1536,1
9865,1676998,508376,1536,1
9866,1722398,523406,1536,1
9867,665751,202000,1536,1
9868,514036,155853,1536,1
9869,605240,183349,1536,1
9870,546174,165590,1536,1
9871,669532,202805,1536,1
9872,523516,158610,1536,1
9873,846004,256282,1536,1
9874,556110,168487,1536,1
9875,565668,171359,1536,1
9876,10746802,3255969,1536,1
9877,2411911,731405,1536,1
9878,483862,146652,1536,1
9879,364992,110575,1536,1
9880,486870,147523,1536,1
9881,498894,151170,1536,1
9882,577352,174915,1536,1
9883,567682,172201,1536,1
9884,357668,108361,1536,1
9885,530440,160714,1536,1
9886,563060,170909,1536,1
9887,510676,154720,1536,1
9888,465760,141241,1536,1
9889,559924,169633,1536,1
9890,473662,143537,1536,1
9891,567464,172056,1536,1
9892,590718,179076,1536,1
9893,544518,165009,1536,1
9894,727724,220957,1536,1
9895,542304,164381,1536,1
9896,541920,164193,1536,1
9897,539986,163596,1536,1
9898,528372,160152,1536,1
9899,545882,165393,1536,1
9900,692968,209938,1536,1
9901,605098,183320,1536,1
9902,1023638,310392,1536,1
9903,844456,255858,1536,1
9904,605494,183436,1536,1
9905,544962,165165,1536,1
9906,377152,114244,1536,1
9907,525522,159233,1536,1
9908,376548,114075,1536,1
9909,364282,110712,1536,1
9910,367320,111333,1536,1
9911,446578,135290,1536,1
9912,369636,112060,1536,1
9913,475492,144081,1536,1
9914,435478,131961,1536,1
9915,361444,109498,1536,1
9916,363234,110049,1536,1
9917,360452,109201,1536,1
9918,364962,110563,1536,1
9919,459116,139112,1536,1
9920,364462,110395,1536,1
9921,372366,112837,1536,1
9922,562564,170458,1536,1
9923,398414,120748,1536,1
9924,407946,123581,1536,1
9925,356136,107891,1536,1
9926,367540,111325,1536,1
9927,354338,107354,1536,1
9928,463760,140513,1536,1
9929,417834,126606,1536,1
9930,371928,112677,1536,1
9931,351096,106368,1536,1
9932,348584,105596,1536,1
9933,573770,173839,1536,1
9934,520366,157658,1536,1
9935,341822,103558,1536,1
9936,342668,103811,1536,1
9937,342630,103803,1536,1
9938,344236,104285,1536,1
9939,410914,124507,1536,1
9940,331550,100435,1536,1
9941,464338,140739,1536,1
9942,388944,117865,1536,1
9943,457134,138672,1536,1
9944,558272,169447,1536,1
9945,516282,156428,1536,1
9946,727028,220236,1536,1
9947,505212,153055,1536,1
9948,512576,155278,1536,1
9949,481634,145941,1536,1
9950,445262,134918,1536,1
9951,355630,107778,1536,1
9952,336740,102028,1536,1
9953,322956,97841,1536,1
9954,311514,94375,1536,1
9955,312162,94574,1536,1
9956,311910,94496,1536,1
9957,312578,94695,1536,1
9958,313620,95015,1536,1
9959,313258,94907,1536,1
9960,368834,111775,1536,1
9961,307202,93068,1536,1
9962,312066,94544,1536,1
9963,307314,93194,1536,1
9964,714716,216511,1536,1
9965,332762,100836,1536,1
9966,298902,90553,1536,1
9967,296556,89826,1536,1
9968,299766,90798,1536,1
9969,297608,90147,1536,1
9970,303282,91992,1536,1
9971,301704,91390,1536,1
9972,401108,121511,1536,1
9973,557668,168946,1536,1
9974,454040,137562,1536,1
9975,315844,95691,1536,1
9976,317574,96213,1536,1
9977,493814,149606,1536,1
9978,735246,222751,1536,1
9979,436710,132354,1536,1
9980,323080,97867,1536,1
9981,398070,120623,1536,1
9982,538108,163031,1536,1
9983,460768,139595,1536,1
9984,571302,173090,1536,1
9985,327160,99121,1536,1
9986,543536,164729,1536,1
9987,555100,168180,1536,1
9988,564350,170968,1536,1
9989,566986,171763,1536,1
9990,655298,198518,1536,1
9991,610562,184967,1536,1
9992,769024,233126,1536,1
9993,368580,111690,1536,1
9994,330092,100079,1536,1
9995,373120,113067,1536,1
9996,336668,101995,1536,1
9997,332088,100595,1536,1
9998,369938,112129,1536,1
9999,333400,101003,1536,1
