iter,cycles,time_ns,peak_rss_kb,ok
0,223954,67930,1536,1
1,222614,67487,1536,1
2,231044,70045,1536,1
3,280496,85010,1536,1
4,300605,91717,1536,1
5,206944,62751,1536,1
6,154190,46733,1536,1
7,231876,70287,1536,1
8,197432,59866,1536,1
9,155038,47004,1536,1
10,192350,58332,1536,1
11,152432,46184,1536,1
12,160828,48772,1536,1
13,238998,72474,1536,1
14,230334,69810,1536,1
15,238222,72216,1536,1
16,226314,68606,1536,1
17,158786,48124,1536,1
18,156952,47553,1536,1
19,157106,47614,1536,1
20,174322,52847,1536,1
21,265264,80413,1536,1
22,552998,169427,1536,1
23,198822,60266,1536,1
24,177652,53868,1536,1
25,157220,47648,1536,1
26,160424,48618,1536,1
27,241646,73252,1536,1
28,245860,74537,1536,1
29,248634,75367,1536,1
30,247730,75086,1536,1
31,244568,74140,1536,1
32,158382,48016,1536,1
33,177160,53719,1536,1
34,160716,48695,1536,1
35,160292,48596,1536,1
36,160828,48752,1536,1
37,157992,47870,1536,1
38,158020,47878,1536,1
39,158058,47889,1536,1
40,195186,59160,1536,1
41,168190,50999,1536,1
42,234158,70991,1536,1
43,159666,48403,1536,1
44,246860,74860,1536,1
45,267544,81102,1536,1
46,196732,59659,1536,1
47,165254,50105,1536,1
48,163444,49534,1536,1
49,204050,61868,1536,1
50,191808,58131,1536,1
51,253264,76772,1536,1
52,214272,64972,1536,1
53,163078,49409,1536,1
54,209690,63545,1536,1
55,197560,59899,1536,1
56,207262,62841,1536,1
57,162756,49324,1536,1
58,162216,49223,1536,1
59,158792,48137,1536,1
60,159756,48427,1536,1
61,163936,49772,1536,1
62,160278,48590,1536,1
63,263210,79819,1536,1
64,236218,71578,1536,1
65,163150,49472,1536,1
66,319000,96830,1536,1
67,225000,68211,1536,1
68,231418,70153,1536,1
69,222240,67372,1536,1
70,325060,98654,1536,1
71,243704,73877,1536,1
72,259484,78674,1536,1
73,170158,51590,1536,1
74,163416,49517,1536,1
75,203688,61719,1536,1
76,161822,49056,1536,1
77,201878,61209,1536,1
78,162784,49348,1536,1
79,235212,71319,1536,1
80,158624,48090,1536,1
81,157488,47742,1536,1
82,223736,67828,1536,1
83,231756,70273,1536,1
84,165132,50048,1536,1
85,164610,49909,1536,1
86,153076,46380,1536,1
87,154120,46726,1536,1
88,148838,45129,1536,1
89,148750,45075,1536,1
90,148372,44959,1536,1
91,149102,45191,1536,1
92,231292,70136,1536,1
93,162292,49203,1536,1
94,267042,81326,1536,1
95,159936,48483,1536,1
96,174794,52987,1536,1
97,156664,47479,1536,1
98,160526,48667,1536,1
99,157480,47727,1536,1
100,157936,47852,1536,1
101,159428,48304,1536,1
102,157036,47580,1536,1
103,159392,48322,1536,1
104,159316,48297,1536,1
105,158856,48157,1536,1
106,162820,49363,1536,1
107,149242,45217,1536,1
108,153834,46764,1536,1
109,152570,46254,1536,1
110,149044,45185,1536,1
111,148596,45028,1536,1
112,148292,44933,1536,1
113,147204,44603,1536,1
114,148738,45094,1536,1
115,148536,45006,1536,1
116,148554,45026,1536,1
117,147392,44677,1536,1
118,189184,57327,1536,1
119,149484,45317,1536,1
120,149636,45352,1536,1
121,149880,45411,1536,1
122,147042,44552,1536,1
123,242142,73532,1536,1
124,227594,69007,1536,1
125,360078,109296,1536,1
126,150800,45718,1536,1
127,159072,48234,1536,1
128,149588,45323,1536,1
129,148802,45101,1536,1
130,189978,57596,1536,1
131,150542,45626,1536,1
132,150438,45606,1536,1
133,153250,46453,1536,1
134,152246,46142,1536,1
135,167472,50746,1536,1
136,147484,44711,1536,1
137,147552,44707,1536,1
138,222104,67300,1536,1
139,179706,54463,1536,1
140,212664,64446,1536,1
141,213788,64844,1536,1
142,148386,44973,1536,1
143,149784,45468,1536,1
144,149652,45344,1536,1
145,147744,44765,1536,1
146,147580,44715,1536,1
147,148704,45055,1536,1
148,159400,48330,1536,1
149,148450,45005,1536,1
150,147826,44814,1536,1
151,146914,44526,1536,1
152,153360,46498,1536,1
153,151764,46018,1536,1
154,165916,50277,1536,1
155,241496,73258,1536,1
156,253692,76870,1536,1
157,238440,72368,1536,1
158,173076,52486,1536,1
159,149628,45335,1536,1
160,164046,49734,1536,1
161,157574,47769,1536,1
162,156630,47482,1536,1
163,157624,47784,1536,1
164,182930,55486,1536,1
165,220628,66887,1536,1
166,224646,68071,1536,1
167,229020,69429,1536,1
168,14491502,4389305,1536,1
169,255358,77427,1536,1
170,286366,86860,1536,1
171,266798,80883,1536,1
172,217138,65830,1536,1
173,244706,74192,1536,1
174,262488,79584,1536,1
175,242672,73577,1536,1
176,247422,74994,1536,1
177,228092,69128,1536,1
178,252608,76596,1536,1
179,218492,66225,1536,1
180,220538,66829,1536,1
181,218628,66261,1536,1
182,225072,68244,1536,1
183,225960,68502,1536,1
184,232860,70593,1536,1
185,217426,65891,1536,1
186,228344,69235,1536,1
187,245108,74310,1536,1
188,239172,72493,1536,1
189,300450,91091,1536,1
190,230938,70023,1536,1
191,203038,61524,1536,1
192,211540,64102,1536,1
193,222086,67513,1536,1
194,257198,77988,1536,1
195,222370,67421,1536,1
196,236556,71679,1536,1
197,249320,75572,1536,1
198,252348,76497,1536,1
199,251280,76192,1536,1
200,250140,75798,1536,1
201,245398,74398,1536,1
202,334340,101420,1536,1
203,220840,66917,1536,1
204,165488,50170,1536,1
205,235520,71394,1536,1
206,244618,74165,1536,1
207,264016,80041,1536,1
208,259638,78723,1536,1
209,278558,84474,1536,1
210,264648,80233,1536,1
211,250158,75832,1536,1
212,270946,82094,1536,1
213,268790,81482,1536,1
214,252280,76451,1536,1
215,227828,69049,1536,1
216,258830,78463,1536,1
217,187932,56982,1536,1
218,241074,73061,1536,1
219,173220,52572,1536,1
220,168240,51012,1536,1
221,167530,50758,1536,1
222,212502,64395,1536,1
223,238676,72357,1536,1
224,181250,54950,1536,1
225,172250,52206,1536,1
226,207338,62824,1536,1
227,223202,67679,1536,1
228,318612,96527,1536,1
229,222810,67678,1536,1
230,209780,63617,1536,1
231,171224,51915,1536,1
232,167752,50854,1536,1
233,167640,50794,1536,1
234,167930,50895,1536,1
235,167606,50797,1536,1
236,167736,50820,1536,1
237,168930,51217,1536,1
238,164734,49941,1536,1
239,162238,49184,1536,1
240,170664,51750,1536,1
241,166238,50398,1536,1
242,192558,58387,1536,1
243,856462,260017,1536,1
244,279111,84861,1536,1
245,165548,50188,1536,1
246,165038,50020,1536,1
247,164288,49775,1536,1
248,171226,51913,1536,1
249,172164,52301,1536,1
250,490188,149505,1536,1
251,179168,54311,1536,1
252,212008,64267,1536,1
253,250654,75996,1536,1
254,331860,100678,1536,1
255,287104,87030,1536,1
256,208900,63348,1536,1
257,249196,76013,1536,1
258,244128,74024,1536,1
259,257652,78115,1536,1
260,250354,75904,1536,1
261,249474,75630,1536,1
262,165332,50123,1536,1
263,163784,49636,1536,1
264,240414,72880,1536,1
265,162710,49312,1536,1
266,161734,49028,1536,1
267,164328,49792,1536,1
268,161810,49026,1536,1
269,161818,49029,1536,1
270,162762,49390,1536,1
271,227712,69048,1536,1
272,262076,79443,1536,1
273,210966,63956,1536,1
274,209572,63541,1536,1
275,163820,49661,1536,1
276,165292,50108,1536,1
277,244538,74134,1536,1
278,427866,129633,1536,1
279,3022200,916034,1536,1
280,152958,46374,1536,1
281,148564,45044,1536,1
282,147908,44815,1536,1
283,148460,44985,1536,1
284,148412,44968,1536,1
285,148674,45046,1536,1
286,147694,44763,1536,1
287,151724,46081,1536,1
288,147712,44770,1536,1
289,169712,51447,1536,1
290,149346,45263,1536,1
291,147406,44677,1536,1
292,268205,81441,1536,1
293,222249,67463,1536,1
294,225052,68250,1536,1
295,292274,88676,1536,1
296,158940,48170,1536,1
297,158332,47984,1536,1
298,159336,48277,1536,1
299,157404,47690,1536,1
300,156360,47375,1536,1
301,152768,46314,1536,1
302,149796,45413,1536,1
303,148284,44928,1536,1
304,368900,111846,1536,1
305,149622,45334,1536,1
306,151306,45875,1536,1
307,149318,45273,1536,1
308,151256,45862,1536,1
309,150796,45689,1536,1
310,212464,64869,1536,1
311,195168,59145,1536,1
312,150632,45656,1536,1
313,165800,50278,1536,1
314,148140,44899,1536,1
315,148346,44961,1536,1
316,144050,43658,1536,1
317,144228,43703,1536,1
318,143288,43415,1536,1
319,143616,43541,1536,1
320,143334,43430,1536,1
321,143724,43547,1536,1
322,146460,44403,1536,1
323,171690,52064,1536,1
324,143048,43342,1536,1
325,144660,43831,1536,1
326,147162,44588,1536,1
327,143702,43540,1536,1
328,145016,43938,1536,1
329,157656,47793,1536,1
330,224114,67925,1536,1
331,214930,65167,1536,1
332,211036,64089,1536,1
333,208398,63174,1536,1
334,255758,77534,1536,1
335,231538,70187,1536,1
336,218952,66375,1536,1
337,204638,62012,1536,1
338,159934,48487,1536,1
339,151688,45971,1536,1
340,151274,45858,1536,1
341,156708,47478,1536,1
342,149710,45384,1536,1
343,149628,45347,1536,1
344,200760,60862,1536,1
345,336236,101965,1536,1
346,183858,55699,1536,1
347,149070,45192,1536,1
348,142370,43136,1536,1
349,207606,62910,1536,1
350,143592,43514,1536,1
351,144268,43738,1536,1
352,216758,65696,1536,1
353,147348,44659,1536,1
354,157590,47778,1536,1
355,140550,42598,1536,1
356,186686,56578,1536,1
357,139736,42340,1536,1
358,363071,110308,1536,1
359,175436,53159,1536,1
360,217452,65914,1536,1
361,422233,128304,1536,1
362,144318,43725,1536,1
363,218050,66089,1536,1
364,216412,65606,1536,1
365,219246,66457,1536,1
366,198134,60078,1536,1
367,177364,53771,1536,1
368,205700,62350,1536,1
369,137472,41686,1536,1
370,135812,41150,1536,1
371,135368,41015,1536,1
372,136154,41276,1536,1
373,143320,43457,1536,1
374,139842,42370,1536,1
375,241662,73258,1536,1
376,208396,63183,1536,1
377,229186,69471,1536,1
378,210530,63793,1536,1
379,146794,44507,1536,1
380,144022,43660,1536,1
381,147486,44711,1536,1
382,197968,60011,1536,1
383,228244,69205,1536,1
384,252278,76556,1536,1
385,199208,60387,1536,1
386,287760,87207,1536,1
387,221214,67051,1536,1
388,210866,63913,1536,1
389,216160,65529,1536,1
390,215238,65242,1536,1
391,308354,93918,1536,1
392,224074,67977,1536,1
393,224002,67868,1536,1
394,202752,61472,1536,1
395,243588,73887,1536,1
396,229324,69519,1536,1
397,145578,44120,1536,1
398,169610,51405,1536,1
399,147822,44802,1536,1
400,157934,47864,1536,1
401,220334,66784,1536,1
402,239518,73467,1536,1
403,212480,64420,1536,1
404,160696,48724,1536,1
405,145620,44145,1536,1
406,145298,44050,1536,1
407,143372,43440,1536,1
408,139844,42394,1536,1
409,136496,41361,1536,1
410,135410,41029,1536,1
411,135372,41041,1536,1
412,135334,41006,1536,1
413,135318,41084,1536,1
414,135074,40926,1536,1
415,175262,53147,1536,1
416,189752,57527,1536,1
417,135898,41176,1536,1
418,194122,58866,1536,1
419,145572,44132,1536,1
420,143936,43611,1536,1
421,314149,95518,1536,1
422,226622,68690,1536,1
423,164870,50007,1536,1
424,144152,43700,1536,1
425,144216,43718,1536,1
426,143804,43571,1536,1
427,146024,44241,1536,1
428,148054,44885,1536,1
429,140238,42514,1536,1
430,140864,42705,1536,1
431,298059,90550,1536,1
432,242742,73582,1536,1
433,297830,90296,1536,1
434,227586,69151,1536,1
435,145908,44237,1536,1
436,149226,45232,1536,1
437,215040,65230,1536,1
438,199686,60525,1536,1
439,185002,56070,1536,1
440,210624,63822,1536,1
441,145130,43978,1536,1
442,214496,65037,1536,1
443,216688,65669,1536,1
444,219262,66445,1536,1
445,232476,70515,1536,1
446,202874,61485,1536,1
447,225506,68346,1536,1
448,222328,67378,1536,1
449,237932,72125,1536,1
450,222516,67468,1536,1
451,229010,69419,1536,1
452,216020,65485,1536,1
453,218192,66233,1536,1
454,206634,62625,1536,1
455,226982,68779,1536,1
456,221546,67154,1536,1
457,586650,178272,1536,1
458,230248,69820,1536,1
459,219928,66714,1536,1
460,232782,70547,1536,1
461,212574,64426,1536,1
462,207150,62802,1536,1
463,219356,66501,1536,1
464,219850,66655,1536,1
465,213814,64892,1536,1
466,267292,81027,1536,1
467,230008,69728,1536,1
468,221460,67101,1536,1
469,161856,49106,1536,1
470,136476,41363,1536,1
471,503945,152958,1536,1
472,143624,43541,1536,1
473,140046,42458,1536,1
474,139390,42234,1536,1
475,556231,168767,1536,1
476,148806,45085,1536,1
477,147248,44614,1536,1
478,151296,45889,1536,1
479,141400,42867,1536,1
480,139268,42197,1536,1
481,139906,42395,1536,1
482,139160,42164,1536,1
483,139772,42352,1536,1
484,139436,42247,1536,1
485,139100,42150,1536,1
486,140556,42589,1536,1
487,194954,59186,1536,1
488,141512,42904,1536,1
489,175412,53195,1536,1
490,205940,62438,1536,1
491,140876,42708,1536,1
492,207978,63153,1536,1
493,141002,42746,1536,1
494,139208,42208,1536,1
495,139672,42332,1536,1
496,139346,42234,1536,1
497,139096,42151,1536,1
498,144086,43658,1536,1
499,157518,47774,1536,1
500,144102,43662,1536,1
501,144088,43683,1536,1
502,143260,43405,1536,1
503,194660,58999,1536,1
504,145012,43938,1536,1
505,143474,43470,1536,1
506,222496,67444,1536,1
507,277876,84309,1536,1
508,146368,44376,1536,1
509,174230,52816,1536,1
510,145274,44030,1536,1
511,145134,44000,1536,1
512,144320,43728,1536,1
513,155684,47184,1536,1
514,148006,44869,1536,1
515,147538,44732,1536,1
516,145534,44113,1536,1
517,143848,43584,1536,1
518,143160,43376,1536,1
519,144498,43782,1536,1
520,215514,65359,1536,1
521,153296,46470,1536,1
522,152584,46256,1536,1
523,186150,56422,1536,1
524,152464,46206,1536,1
525,189524,57449,1536,1
526,188392,57110,1536,1
527,222220,67367,1536,1
528,238006,72141,1536,1
529,170454,51770,1536,1
530,207818,63020,1536,1
531,220364,66779,1536,1
532,241200,73103,1536,1
533,239036,72528,1536,1
534,299690,91316,1536,1
535,153492,46531,1536,1
536,146898,44534,1536,1
537,144042,43643,1536,1
538,229530,69542,1536,1
539,239214,72486,1536,1
540,239410,72542,1536,1
541,232802,70598,1536,1
542,240048,72773,1536,1
543,226862,68782,1536,1
544,187654,56890,1536,1
545,200750,60828,1536,1
546,268622,81401,1536,1
547,206410,62536,1536,1
548,180904,54844,1536,1
549,209122,63365,1536,1
550,203626,61722,1536,1
551,235258,71281,1536,1
552,200346,60717,1536,1
553,234040,70913,1536,1
554,209630,63554,1536,1
555,240832,73020,1536,1
556,237090,71880,1536,1
557,242954,73756,1536,1
558,238626,72301,1536,1
559,213138,64614,1536,1
560,224116,67942,1536,1
561,299174,90706,1536,1
562,222902,67570,1536,1
563,219762,66578,1536,1
564,204672,62010,1536,1
565,237986,72115,1536,1
566,244406,74100,1536,1
567,252712,76618,1536,1
568,260494,78975,1536,1
569,280386,85087,1536,1
570,230048,69754,1536,1
571,215592,65321,1536,1
572,210658,63855,1536,1
573,212544,64396,1536,1
574,227010,68820,1536,1
575,234340,71047,1536,1
576,262782,79624,1536,1
577,6944014,2104322,1536,1
578,276452,83828,1536,1
579,235192,71292,1536,1
580,275832,83611,1536,1
581,276510,83844,1536,1
582,288100,87351,1536,1
583,265604,80514,1536,1
584,239458,72995,1536,1
585,255906,77581,1536,1
586,265520,80490,1536,1
587,279978,84870,1536,1
588,207924,63018,1536,1
589,249906,75948,1536,1
590,255852,77519,1536,1
591,214106,64876,1536,1
592,164952,49979,1536,1
593,252436,76623,1536,1
594,261236,79199,1536,1
595,254780,77245,1536,1
596,232048,70339,1536,1
597,251756,76322,1536,1
598,197688,60247,1536,1
599,202314,61337,1536,1
600,170186,51590,1536,1
601,258720,78424,1536,1
602,175414,53195,1536,1
603,171626,52005,1536,1
604,157832,47836,1536,1
605,238872,72390,1536,1
606,240290,72826,1536,1
607,246102,74588,1536,1
608,267054,81115,1536,1
609,263534,79929,1536,1
610,281570,85350,1536,1
611,267562,81098,1536,1
612,239102,72444,1536,1
613,233202,70671,1536,1
614,237954,72146,1536,1
615,308066,93403,1536,1
616,172344,52243,1536,1
617,219218,66465,1536,1
618,168620,51094,1536,1
619,448025,136214,1536,1
620,212326,64354,1536,1
621,385320,117082,1536,1
622,318648,96648,1536,1
623,968792,293814,1536,1
624,2895557,877313,1536,1
625,228114,69161,1536,1
626,245912,74530,1536,1
627,246804,74811,1536,1
628,235318,71318,1536,1
629,252128,76411,1536,1
630,321590,98321,1536,1
631,242108,73369,1536,1
632,251376,76206,1536,1
633,244628,74178,1536,1
634,245606,74417,1536,1
635,247838,75102,1536,1
636,239550,72590,1536,1
637,166468,50467,1536,1
638,222650,67600,1536,1
639,163590,49564,1536,1
640,167670,50813,1536,1
641,163558,49582,1536,1
642,166964,50615,1536,1
643,227552,69021,1536,1
644,196290,59522,1536,1
645,170150,51565,1536,1
646,162334,49212,1536,1
647,162888,49365,1536,1
648,177950,53922,1536,1
649,213032,64633,1536,1
650,216584,65665,1536,1
651,165542,50183,1536,1
652,165234,50062,1536,1
653,162572,49283,1536,1
654,167212,50662,1536,1
655,166918,50573,1536,1
656,227562,68987,1536,1
657,164070,49723,1536,1
658,161956,49085,1536,1
659,164942,50001,1536,1
660,206350,62569,1536,1
661,261894,79413,1536,1
662,301212,91587,1536,1
663,155788,47230,1536,1
664,174620,52970,1536,1
665,181342,54970,1536,1
666,170762,51786,1536,1
667,163348,49489,1536,1
668,165152,50048,1536,1
669,196852,59648,1536,1
670,165308,50116,1536,1
671,164764,49920,1536,1
672,165420,50556,1536,1
673,165788,50228,1536,1
674,180762,54792,1536,1
675,526743,160162,1536,1
676,320423,97428,1536,1
677,379110,115119,1536,1
678,160310,48601,1536,1
679,168398,51064,1536,1
680,253557,76975,1536,1
681,245036,74227,1536,1
682,312823,95106,1536,1
683,246900,74846,1536,1
684,159818,48455,1536,1
685,149792,45412,1536,1
686,149086,45172,1536,1
687,148062,44890,1536,1
688,149070,45179,1536,1
689,184982,56105,1536,1
690,149146,45193,1536,1
691,196358,59543,1536,1
692,199686,60541,1536,1
693,243570,73847,1536,1
694,192886,58464,1536,1
695,196860,59649,1536,1
696,158096,47945,1536,1
697,199054,60357,1536,1
698,164640,49931,1536,1
699,148644,45036,1536,1
700,315698,95674,1536,1
701,148782,45080,1536,1
702,150444,45611,1536,1
703,166000,50347,1536,1
704,222670,67502,1536,1
705,162392,49236,1536,1
706,152114,46115,1536,1
707,149496,45324,1536,1
708,231580,70211,1536,1
709,191238,58131,1536,1
710,378042,115041,1536,1
711,250810,76034,1536,1
712,185524,56232,1536,1
713,205446,62279,1536,1
714,220740,66899,1536,1
715,206796,62677,1536,1
716,224852,68132,1536,1
717,203398,61631,1536,1
718,247126,74905,1536,1
719,187746,56910,1536,1
720,196262,59469,1536,1
721,189654,57498,1536,1
722,216134,65481,1536,1
723,200272,60685,1536,1
724,508338,154013,1536,1
725,230346,69828,1536,1
726,171638,52086,1536,1
727,222790,67541,1536,1
728,248168,75228,1536,1
729,245558,74432,1536,1
730,247040,74897,1536,1
731,227980,69107,1536,1
732,251840,76341,1536,1
733,164532,49881,1536,1
734,399472,121460,1536,1
735,243770,73891,1536,1
736,248916,75481,1536,1
737,223680,67808,1536,1
738,236256,71621,1536,1
739,162090,49126,1536,1
740,158086,47923,1536,1
741,158494,48052,1536,1
742,159756,48433,1536,1
743,157572,47744,1536,1
744,158020,47879,1536,1
745,156552,47431,1536,1
746,208362,63177,1536,1
747,273030,82764,1536,1
748,147518,44726,1536,1
749,293869,89324,1536,1
750,302805,92037,1536,1
751,273588,82989,1536,1
752,237114,71901,1536,1
753,234024,70946,1536,1
754,233974,70906,1536,1
755,235040,71251,1536,1
756,226728,68733,1536,1
757,155150,47033,1536,1
758,153362,46490,1536,1
759,153696,46567,1536,1
760,154994,47050,1536,1
761,152666,46255,1536,1
762,165238,50164,1536,1
763,161072,48801,1536,1
764,160588,48678,1536,1
765,173634,52770,1536,1
766,223896,67945,1536,1
767,163956,49714,1536,1
768,144272,43713,1536,1
769,143532,43494,1536,1
770,154438,46817,1536,1
771,153360,46496,1536,1
772,151658,45975,1536,1
773,152802,46296,1536,1
774,209984,63660,1536,1
775,153816,46604,1536,1
776,153000,46357,1536,1
777,154102,46715,1536,1
778,154688,46878,1536,1
779,154702,46874,1536,1
780,151610,45935,1536,1
781,161334,48933,1536,1
782,208576,63237,1536,1
783,154256,46741,1536,1
784,285997,87328,1536,1
785,238276,72230,1536,1
786,229476,69546,1536,1
787,206150,62484,1536,1
788,150864,45750,1536,1
789,140100,42449,1536,1
790,139540,42308,1536,1
791,141262,42827,1536,1
792,139904,42414,1536,1
793,139672,42325,1536,1
794,160596,48743,1536,1
795,144112,43696,1536,1
796,182046,55177,1536,1
797,140026,42428,1536,1
798,139356,42223,1536,1
799,142246,43099,1536,1
800,145226,44028,1536,1
801,142582,43230,1536,1
802,141432,42865,1536,1
803,141458,42860,1536,1
804,142912,43300,1536,1
805,141510,42874,1536,1
806,140994,42719,1536,1
807,140562,42590,1536,1
808,202384,61372,1536,1
809,139322,42225,1536,1
810,139718,42333,1536,1
811,141012,42739,1536,1
812,209668,63556,1536,1
813,158558,48082,1536,1
814,148378,44980,1536,1
815,149634,45362,1536,1
816,147846,44806,1536,1
817,150832,45731,1536,1
818,147726,44771,1536,1
819,149864,45406,1536,1
820,153238,46427,1536,1
821,220352,66901,1536,1
822,149674,45373,1536,1
823,148316,44950,1536,1
824,151180,45816,1536,1
825,147206,44626,1536,1
826,152266,46164,1536,1
827,152558,46247,1536,1
828,153628,46574,1536,1
829,160746,48751,1536,1
830,142098,43065,1536,1
831,139590,42295,1536,1
832,222938,67552,1536,1
833,141152,42769,1536,1
834,141288,42833,1536,1
835,139628,42311,1536,1
836,139860,42376,1536,1
837,139832,42368,1536,1
838,145398,44061,1536,1
839,142276,43108,1536,1
840,148352,44975,1536,1
841,141086,42747,1536,1
842,188190,57032,1536,1
843,188448,57103,1536,1
844,143722,43545,1536,1
845,145458,44085,1536,1
846,141214,42788,1536,1
847,190042,57678,1536,1
848,179770,54526,1536,1
849,194486,58973,1536,1
850,262602,79658,1536,1
851,215018,65183,1536,1
852,200636,60803,1536,1
853,237722,72036,1536,1
854,240930,73001,1536,1
855,232364,70456,1536,1
856,239828,72713,1536,1
857,809435,283520,1536,1
858,237072,71886,1536,1
859,849912,257624,1536,1
860,273656,82965,1536,1
861,167460,50779,1536,1
862,156962,47588,1536,1
863,159500,48351,1536,1
864,156650,47463,1536,1
865,159786,48443,1536,1
866,157474,47739,1536,1
867,157274,47676,1536,1
868,241996,73325,1536,1
869,257786,78153,1536,1
870,284074,86134,1536,1
871,233212,70701,1536,1
872,249304,75579,1536,1
873,252768,76632,1536,1
874,251050,76100,1536,1
875,260024,78821,1536,1
876,284376,86214,1536,1
877,276958,83956,1536,1
878,281118,85216,1536,1
879,279746,84796,1536,1
880,275360,83473,1536,1
881,251718,76307,1536,1
882,229990,69725,1536,1
883,240832,73021,1536,1
884,227372,68926,1536,1
885,246280,74644,1536,1
886,226908,68801,1536,1
887,236956,71847,1536,1
888,256384,77717,1536,1
889,259450,78646,1536,1
890,250700,75967,1536,1
891,288722,87546,1536,1
892,267582,81074,1536,1
893,241098,73064,1536,1
894,255068,77297,1536,1
895,233440,70767,1536,1
896,266270,80720,1536,1
897,195492,59247,1536,1
898,250202,75844,1536,1
899,241532,73222,1536,1
900,228570,69288,1536,1
901,245974,74563,1536,1
902,245122,74312,1536,1
903,251534,76251,1536,1
904,240936,73042,1536,1
905,237634,72042,1536,1
906,190740,57843,1536,1
907,239420,72563,1536,1
908,249418,75582,1536,1
909,247998,75159,1536,1
910,226876,68743,1536,1
911,213750,64766,1536,1
912,234608,71151,1536,1
913,250562,75947,1536,1
914,188268,57101,1536,1
915,252218,76463,1536,1
916,248872,75439,1536,1
917,170652,51745,1536,1
918,209794,63593,1536,1
919,156490,47446,1536,1
920,165788,50271,1536,1
921,226692,68741,1536,1
922,532118,161730,1536,1
923,170196,51613,1536,1
924,240342,72863,1536,1
925,166242,50375,1536,1
926,226556,68668,1536,1
927,244224,74001,1536,1
928,165664,50220,1536,1
929,164442,49835,1536,1
930,220760,66891,1536,1
931,165506,50160,1536,1
932,234550,71158,1536,1
933,214062,64941,1536,1
934,251358,76215,1536,1
935,261206,79183,1536,1
936,263070,79741,1536,1
937,318188,96438,1536,1
938,385508,116832,1536,1
939,257234,77971,1536,1
940,216068,65507,1536,1
941,192098,58256,1536,1
942,158300,47988,1536,1
943,158324,47988,1536,1
944,158360,48012,1536,1
945,183732,55709,1536,1
946,256902,77865,1536,1
947,244704,74178,1536,1
948,219638,66658,1536,1
949,160462,48643,1536,1
950,158756,48099,1536,1
951,173840,52669,1536,1
952,193206,58541,1536,1
953,257584,78088,1536,1
954,245650,74462,1536,1
955,228586,69295,1536,1
956,252662,76584,1536,1
957,255748,77538,1536,1
958,255364,77405,1536,1
959,237644,72004,1536,1
960,237318,71937,1536,1
961,521377,158527,1536,1
962,543083,164804,1536,1
963,228132,69150,1536,1
964,447808,135813,1536,1
965,243566,73837,1536,1
966,237626,72050,1536,1
967,239926,72724,1536,1
968,393836,119710,1536,1
969,575514,174698,1536,1
970,231016,70041,1536,1
971,235874,71581,1536,1
972,231736,70245,1536,1
973,244678,74182,1536,1
974,207946,63040,1536,1
975,179418,54409,1536,1
976,206090,62463,1536,1
977,158518,48057,1536,1
978,175574,53204,1536,1
979,163352,49525,1536,1
980,220692,66896,1536,1
981,157330,47668,1536,1
982,158860,48131,1536,1
983,273594,82938,1536,1
984,159296,48298,1536,1
985,158992,48183,1536,1
986,225468,68347,1536,1
987,237558,72013,1536,1
988,243710,74886,1536,1
989,253848,76948,1536,1
990,159862,48461,1536,1
991,157934,47877,1536,1
992,159284,48272,1536,1
993,159312,48345,1536,1
994,165626,50222,1536,1
995,147436,44685,1536,1
996,147976,44856,1536,1
997,165410,50122,1536,1
998,147586,44717,1536,1
999,147090,44567,1536,1
1000,208084,63087,1536,1
1001,182784,55427,1536,1
1002,200130,60678,1536,1
1003,148994,45144,1536,1
1004,167500,50775,1536,1
1005,182632,55413,1536,1
1006,168708,51147,1536,1
1007,168010,50940,1536,1
1008,161942,49092,1536,1
1009,164496,49873,1536,1
1010,162296,49189,1536,1
1011,228106,69150,1536,1
1012,252862,76677,1536,1
1013,247010,74888,1536,1
1014,333316,101044,1536,1
1015,154624,46852,1536,1
1016,152746,46309,1536,1
1017,155436,47112,1536,1
1018,153722,46576,1536,1
1019,238894,72424,1536,1
1020,325150,99170,1536,1
1021,173992,52729,1536,1
1022,150522,45636,1536,1
1023,375060,114144,1536,1
1024,391591,118868,1536,1
1025,164114,49751,1536,1
1026,157766,47827,1536,1
1027,255598,77498,1536,1
1028,226104,68528,1536,1
1029,312108,94930,1536,1
1030,244598,74146,1536,1
1031,235988,71536,1536,1
1032,254036,77004,1536,1
1033,261750,79341,1536,1
1034,234484,71103,1536,1
1035,216546,65659,1536,1
1036,257336,78028,1536,1
1037,369940,112372,1536,1
1038,256448,77738,1536,1
1039,249530,75640,1536,1
1040,287054,87011,1536,1
1041,227782,69044,1536,1
1042,223746,67810,1536,1
1043,163284,49498,1536,1
1044,162976,49378,1536,1
1045,228394,69240,1536,1
1046,222926,67596,1536,1
1047,225768,68416,1536,1
1048,162270,49193,1536,1
1049,224234,67977,1536,1
1050,162062,49117,1536,1
1051,164828,49963,1536,1
1052,168450,51142,1536,1
1053,164140,49744,1536,1
1054,220942,66998,1536,1
1055,219022,66401,1536,1
1056,226942,68799,1536,1
1057,238328,72230,1536,1
1058,221088,67023,1536,1
1059,237644,72006,1536,1
1060,197592,59867,1536,1
1061,357162,108233,1536,1
1062,164352,49828,1536,1
1063,265316,80419,1536,1
1064,256232,77664,1536,1
1065,155902,47265,1536,1
1066,195726,59353,1536,1
1067,154752,46887,1536,1
1068,153318,46454,1536,1
1069,152740,46292,1536,1
1070,153302,46449,1536,1
1071,994657,301708,1536,1
1072,163884,49681,1536,1
1073,160726,48729,1536,1
1074,153580,46547,1536,1
1075,152810,46305,1536,1
1076,256112,77646,1536,1
1077,163358,49517,1536,1
1078,164976,50013,1536,1
1079,319715,140771,1536,1
1080,164020,49723,1536,1
1081,164368,49832,1536,1
1082,162466,49223,1536,1
1083,162490,49258,1536,1
1084,163830,49637,1536,1
1085,164810,49967,1536,1
1086,180370,54704,1536,1
1087,162694,49319,1536,1
1088,162410,49218,1536,1
1089,163082,49425,1536,1
1090,173132,52480,1536,1
1091,167520,50783,1536,1
1092,170330,51605,1536,1
1093,168644,51125,1536,1
1094,153382,46474,1536,1
1095,152678,46275,1536,1
1096,152036,46065,1536,1
1097,152970,46348,1536,1
1098,182738,55375,1536,1
1099,153102,46388,1536,1
1100,154188,46748,1536,1
1101,153768,46589,1536,1
1102,152732,46276,1536,1
1103,153070,46379,1536,1
1104,152034,46067,1536,1
1105,152440,46188,1536,1
1106,281478,85317,1536,1
1107,155990,47295,1536,1
1108,154182,46714,1536,1
1109,152398,46175,1536,1
1110,152852,46312,1536,1
1111,267170,80979,1536,1
1112,151402,45886,1536,1
1113,164396,49842,1536,1
1114,252738,76611,1536,1
1115,148628,45047,1536,1
1116,149284,45319,1536,1
1117,215724,65350,1536,1
1118,242150,73388,1536,1
1119,324788,98774,1536,1
1120,226356,68603,1536,1
1121,247134,74912,1536,1
1122,222766,67535,1536,1
1123,148470,44985,1536,1
1124,146230,44307,1536,1
1125,143870,43592,1536,1
1126,169470,51355,1536,1
1127,215928,65604,1536,1
1128,153810,46627,1536,1
1129,200260,60689,1536,1
1130,198674,60262,1536,1
1131,230538,69872,1536,1
1132,309924,94104,1536,1
1133,159104,48263,1536,1
1134,158858,48155,1536,1
1135,144544,43795,1536,1
1136,142794,43291,1536,1
1137,143862,43591,1536,1
1138,188178,57058,1536,1
1139,144708,43846,1536,1
1140,143488,43476,1536,1
1141,144672,43835,1536,1
1142,147928,44845,1536,1
1143,147074,44574,1536,1
1144,149028,45157,1536,1
1145,147748,44769,1536,1
1146,264388,80257,1536,1
1147,300042,91500,1536,1
1148,213060,64590,1536,1
1149,152864,46340,1536,1
1150,210832,63914,1536,1
1151,294698,89314,1536,1
1152,402999,122552,1536,1
1153,250658,76021,1536,1
1154,238406,72262,1536,1
1155,158042,47918,1536,1
1156,152684,46290,1536,1
1157,153072,46404,1536,1
1158,153770,46621,1536,1
1159,153504,46534,1536,1
1160,174698,52954,1536,1
1161,151766,45995,1536,1
1162,182172,55234,1536,1
1163,244060,73989,1536,1
1164,222532,67460,1536,1
1165,225444,68533,1536,1
1166,237166,71875,1536,1
1167,386262,117053,1536,1
1168,432504,131061,1536,1
1169,282416,85562,1536,1
1170,262768,79652,1536,1
1171,253216,76764,1536,1
1172,225048,68222,1536,1
1173,189934,57584,1536,1
1174,153288,46472,1536,1
1175,144256,43722,1536,1
1176,140678,42636,1536,1
1177,139096,42157,1536,1
1178,183058,55571,1536,1
1179,139076,42152,1536,1
1180,139344,42221,1536,1
1181,143632,43546,1536,1
1182,226608,68718,1536,1
1183,232868,70595,1536,1
1184,215814,65432,1536,1
1185,229468,69563,1536,1
1186,226630,68701,1536,1
1187,223928,67853,1536,1
1188,226386,68620,1536,1
1189,221938,67279,1536,1
1190,280940,85235,1536,1
1191,225124,68244,1536,1
1192,223386,67698,1536,1
1193,243838,73942,1536,1
1194,216330,65578,1536,1
1195,332362,100875,1536,1
1196,200996,60938,1536,1
1197,230644,69888,1536,1
1198,222412,67396,1536,1
1199,232670,70519,1536,1
1200,245912,74535,1536,1
1201,201880,61207,1536,1
1202,149830,45410,1536,1
1203,148734,45076,1536,1
1204,165658,50215,1536,1
1205,148210,44905,1536,1
1206,239548,72608,1536,1
1207,236514,71698,1536,1
1208,258308,78317,1536,1
1209,228810,69361,1536,1
1210,202998,61519,1536,1
1211,246394,74672,1536,1
1212,157514,47761,1536,1
1213,174324,52858,1536,1
1214,292454,88638,1536,1
1215,237900,72116,1536,1
1216,158216,47934,1536,1
1217,159946,48488,1536,1
1218,154718,46876,1536,1
1219,209664,63561,1536,1
1220,212594,64614,1536,1
1221,208208,63117,1536,1
1222,248246,75272,1536,1
1223,215246,65266,1536,1
1224,324038,98272,1536,1
1225,244112,74001,1536,1
1226,247644,75078,1536,1
1227,247522,75029,1536,1
1228,243326,73759,1536,1
1229,252524,76579,1536,1
1230,251344,76158,1536,1
1231,261088,79105,1536,1
1232,269866,81806,1536,1
1233,262332,79617,1536,1
1234,276872,83923,1536,1
1235,234620,71133,1536,1
1236,248160,75237,1536,1
1237,259398,78650,1536,1
1238,284058,86126,1536,1
1239,274994,83378,1536,1
1240,239824,72704,1536,1
1241,248690,75391,1536,1
1242,266168,80679,1536,1
1243,269684,81751,1536,1
1244,7388120,2238309,1536,1
1245,273256,82824,1536,1
1246,247880,75149,1536,1
1247,230496,69879,1536,1
1248,218898,66362,1536,1
1249,269334,81648,1536,1
1250,162180,49167,1536,1
1251,163060,49435,1536,1
1252,189768,57545,1536,1
1253,165040,50005,1536,1
1254,164128,49730,1536,1
1255,163158,49457,1536,1
1256,162930,49372,1536,1
1257,163094,49422,1536,1
1258,164244,49767,1536,1
1259,165134,50065,1536,1
1260,161934,49097,1536,1
1261,159294,48284,1536,1
1262,157342,47673,1536,1
1263,221508,67157,1536,1
1264,158174,47940,1536,1
1265,158376,47992,1536,1
1266,160848,48764,1536,1
1267,158290,47963,1536,1
1268,159580,48379,1536,1
1269,203174,61608,1536,1
1270,162318,49206,1536,1
1271,154644,46869,1536,1
1272,193542,58681,1536,1
1273,152570,46240,1536,1
1274,154280,46773,1536,1
1275,157204,47658,1536,1
1276,156112,47320,1536,1
1277,156802,47510,1536,1
1278,183818,55701,1536,1
1279,164768,49950,1536,1
1280,155664,47164,1536,1
1281,154356,46782,1536,1
1282,160368,48589,1536,1
1283,156454,47429,1536,1
1284,154608,46844,1536,1
1285,152678,46260,1536,1
1286,154080,46685,1536,1
1287,190466,57755,1536,1
1288,155302,47070,1536,1
1289,154304,46765,1536,1
1290,215570,65349,1536,1
1291,161726,49030,1536,1
1292,177658,53873,1536,1
1293,158072,47895,1536,1
1294,157130,47632,1536,1
1295,222098,67331,1536,1
1296,269228,81633,1536,1
1297,239824,72666,1536,1
1298,237864,72086,1536,1
1299,228910,69392,1536,1
1300,215880,65449,1536,1
1301,222364,67377,1536,1
1302,164280,49799,1536,1
1303,158888,48139,1536,1
1304,158098,47927,1536,1
1305,184364,55904,1536,1
1306,163820,49659,1536,1
1307,159442,48333,1536,1
1308,158784,48187,1536,1
1309,159288,48261,1536,1
1310,318100,96406,1536,1
1311,153064,46405,1536,1
1312,152130,46125,1536,1
1313,149188,45205,1536,1
1314,148656,45042,1536,1
1315,149404,45269,1536,1
1316,147992,44840,1536,1
1317,157462,47736,1536,1
1318,148242,44929,1536,1
1319,150216,45541,1536,1
1320,149410,45271,1536,1
1321,189078,57332,1536,1
1322,222546,67445,1536,1
1323,161738,49469,1536,1
1324,220640,66885,1536,1
1325,275286,83411,1536,1
1326,320042,96998,1536,1
1327,205162,62180,1536,1
1328,237278,71953,1536,1
1329,248248,75237,1536,1
1330,235314,71321,1536,1
1331,252054,76400,1536,1
1332,154994,46993,1536,1
1333,144804,43881,1536,1
1334,143938,43611,1536,1
1335,143276,43412,1536,1
1336,196942,59677,1536,1
1337,194920,59069,1536,1
1338,144812,43905,1536,1
1339,217784,66023,1536,1
1340,152450,46222,1536,1
1341,156228,47376,1536,1
1342,155670,47165,1536,1
1343,144070,43739,1536,1
1344,145252,44009,1536,1
1345,162072,49113,1536,1
1346,190020,57692,1536,1
1347,143178,43408,1536,1
1348,145204,44020,1536,1
1349,144212,43710,1536,1
1350,142998,43341,1536,1
1351,142966,43316,1536,1
1352,156300,47382,1536,1
1353,144608,43817,1536,1
1354,143896,43599,1536,1
1355,143790,43566,1536,1
1356,143206,43391,1536,1
1357,146892,44537,1536,1
1358,194250,58968,1536,1
1359,144554,43811,1536,1
1360,143384,43445,1536,1
1361,142586,43202,1536,1
1362,196892,59697,1536,1
1363,146088,44288,1536,1
1364,142832,43290,1536,1
1365,143014,43333,1536,1
1366,143702,43541,1536,1
1367,142928,43306,1536,1
1368,143530,43490,1536,1
1369,165548,50199,1536,1
1370,145286,44129,1536,1
1371,159642,48412,1536,1
1372,153852,46647,1536,1
1373,145036,43970,1536,1
1374,143168,43379,1536,1
1375,143374,43472,1536,1
1376,143464,43473,1536,1
1377,142476,43194,1536,1
1378,179422,54381,1536,1
1379,237328,71956,1536,1
1380,198612,60235,1536,1
1381,201000,60937,1536,1
1382,164312,49816,1536,1
1383,190056,57605,1536,1
1384,240258,72829,1536,1
1385,153138,46503,1536,1
1386,148206,44934,1536,1
1387,144132,43670,1536,1
1388,144758,43861,1536,1
1389,145990,44246,1536,1
1390,144514,43787,1536,1
1391,144420,43759,1536,1
1392,180628,54767,1536,1
1393,146194,44321,1536,1
1394,202052,61260,1536,1
1395,143980,43637,1536,1
1396,146126,44301,1536,1
1397,163980,49695,1536,1
1398,143678,43534,1536,1
1399,144026,43651,1536,1
1400,144198,43690,1536,1
1401,282662,85811,1536,1
1402,146762,44480,1536,1
1403,159966,48497,1536,1
1404,145530,44094,1536,1
1405,148060,44860,1536,1
1406,145082,43959,1536,1
1407,159910,48449,1536,1
1408,141942,43009,1536,1
1409,139730,42340,1536,1
1410,142684,43260,1536,1
1411,142292,43138,1536,1
1412,259784,78788,1536,1
1413,236006,71539,1536,1
1414,194518,58980,1536,1
1415,216854,65722,1536,1
1416,230972,70023,1536,1
1417,231480,70158,1536,1
1418,228148,69164,1536,1
1419,239196,72509,1536,1
1420,154518,46841,1536,1
1421,152634,46270,1536,1
1422,153018,46362,1536,1
1423,152924,46333,1536,1
1424,152342,46157,1536,1
1425,155010,46990,1536,1
1426,153702,46593,1536,1
1427,156886,47560,1536,1
1428,155240,47064,1536,1
1429,152476,46210,1536,1
1430,154170,46724,1536,1
1431,153010,46385,1536,1
1432,172932,52453,1536,1
1433,154616,46872,1536,1
1434,144984,43953,1536,1
1435,143916,43606,1536,1
1436,143758,43570,1536,1
1437,142856,43298,1536,1
1438,143470,43471,1536,1
1439,142868,43289,1536,1
1440,142848,43282,1536,1
1441,143598,43522,1536,1
1442,183700,55704,1536,1
1443,145156,43994,1536,1
1444,144344,43751,1536,1
1445,143100,43359,1536,1
1446,139872,42394,1536,1
1447,139212,42180,1536,1
1448,142726,43269,1536,1
1449,140098,42461,1536,1
1450,139094,42169,1536,1
1451,139222,42196,1536,1
1452,143352,43553,1536,1
1453,162290,49216,1536,1
1454,140128,42482,1536,1
1455,139142,42159,1536,1
1456,139258,42208,1536,1
1457,138938,42098,1536,1
1458,140522,42577,1536,1
1459,293937,90027,1536,1
1460,245076,74272,1536,1
1461,149040,45181,1536,1
1462,148552,45156,1536,1
1463,148358,44949,1536,1
1464,148956,45224,1536,1
1465,148392,44961,1536,1
1466,147640,44746,1536,1
1467,202826,61487,1536,1
1468,148722,45084,1536,1
1469,149662,45368,1536,1
1470,147842,44818,1536,1
1471,145432,44062,1536,1
1472,148636,45062,1536,1
1473,135474,41059,1536,1
1474,136544,41400,1536,1
1475,136438,41363,1536,1
1476,135476,41049,1536,1
1477,134904,40877,1536,1
1478,136300,41298,1536,1
1479,135092,40932,1536,1
1480,163364,49502,1536,1
1481,138768,42070,1536,1
1482,139436,42271,1536,1
1483,136452,41343,1536,1
1484,178892,54241,1536,1
1485,138658,42031,1536,1
1486,177758,53862,1536,1
1487,171384,51968,1536,1
1488,136910,41494,1536,1
1489,138300,41903,1536,1
1490,138996,42127,1536,1
1491,136302,41312,1536,1
1492,150122,45515,1536,1
1493,132366,40119,1536,1
1494,131918,39995,1536,1
1495,134934,40906,1536,1
1496,133592,40482,1536,1
1497,150086,45480,1536,1
1498,209390,63441,1536,1
1499,213952,64849,1536,1
1500,138178,41872,1536,1
1501,196904,59693,1536,1
1502,132370,40111,1536,1
1503,133776,40535,1536,1
1504,133524,40457,1536,1
1505,133376,40414,1536,1
1506,132488,40145,1536,1
1507,134260,40685,1536,1
1508,132708,40208,1536,1
1509,161406,48906,1536,1
1510,133420,40427,1536,1
1511,133306,40390,1536,1
1512,325446,98680,1536,1
1513,170864,51804,1536,1
1514,207882,63029,1536,1
1515,217730,65997,1536,1
1516,191858,58159,1536,1
1517,194422,58938,1536,1
1518,219810,66628,1536,1
1519,137362,41621,1536,1
1520,285826,86964,1536,1
1521,218710,66270,1536,1
1522,199184,60390,1536,1
1523,201694,61145,1536,1
1524,502288,152478,1536,1
1525,204606,62026,1536,1
1526,212536,64481,1536,1
1527,181512,55031,1536,1
1528,347815,105636,1536,1
1529,268168,81294,1536,1
1530,205670,62328,1536,1
1531,156100,47291,1536,1
1532,288770,87575,1536,1
1533,216912,65736,1536,1
1534,204430,61973,1536,1
1535,195184,59151,1536,1
1536,194936,59097,1536,1
1537,179418,54387,1536,1
1538,179362,54382,1536,1
1539,179532,54414,1536,1
1540,142658,43251,1536,1
1541,220610,66853,1536,1
1542,224450,68034,1536,1
1543,221182,67031,1536,1
1544,148136,44929,1536,1
1545,161664,48988,1536,1
1546,220404,66806,1536,1
1547,310724,94670,1536,1
1548,169068,51245,1536,1
1549,181670,55077,1536,1
1550,142048,43039,1536,1
1551,143422,43464,1536,1
1552,167932,50926,1536,1
1553,136320,41305,1536,1
1554,168956,51197,1536,1
1555,226350,68600,1536,1
1556,187520,56857,1536,1
1557,215690,65384,1536,1
1558,227180,68895,1536,1
1559,224616,68224,1536,1
1560,218004,66087,1536,1
1561,235428,71339,1536,1
1562,154104,46717,1536,1
1563,207294,62851,1536,1
1564,182550,55343,1536,1
1565,215566,65351,1536,1
1566,226160,68583,1536,1
1567,537526,163006,1536,1
1568,369994,112190,1536,1
1569,279630,84765,1536,1
1570,225424,68332,1536,1
1571,774144,234903,1536,1
1572,145834,44209,1536,1
1573,143596,43531,1536,1
1574,189454,57440,1536,1
1575,153272,46469,1536,1
1576,183242,55563,1536,1
1577,208426,63194,1536,1
1578,405241,123126,1536,1
1579,237070,71886,1536,1
1580,239312,72546,1536,1
1581,253026,76662,1536,1
1582,249504,75634,1536,1
1583,250202,75945,1536,1
1584,226710,68738,1536,1
1585,245582,74425,1536,1
1586,242424,73492,1536,1
1587,263172,79770,1536,1
1588,261802,79356,1536,1
1589,269518,81695,1536,1
1590,267902,81204,1536,1
1591,272890,82737,1536,1
1592,233096,70643,1536,1
1593,266534,80775,1536,1
1594,263062,79704,1536,1
1595,267382,81053,1536,1
1596,259356,78640,1536,1
1597,265316,80419,1536,1
1598,222558,67462,1536,1
1599,223094,67601,1536,1
1600,231310,70116,1536,1
1601,240098,72753,1536,1
1602,215194,65235,1536,1
1603,354030,107896,1536,1
1604,234980,71226,1536,1
1605,234764,71167,1536,1
1606,210848,63926,1536,1
1607,214982,65179,1536,1
1608,217446,65922,1536,1
1609,215974,65444,1536,1
1610,215534,65344,1536,1
1611,276994,83960,1536,1
1612,175498,53227,1536,1
1613,237244,71912,1536,1
1614,167640,50792,1536,1
1615,227524,68982,1536,1
1616,173552,52601,1536,1
1617,275006,83358,1536,1
1618,247248,74957,1536,1
1619,273028,82782,1536,1
1620,295110,89434,1536,1
1621,276870,83932,1536,1
1622,342708,103878,1536,1
1623,279672,84761,1536,1
1624,245080,74291,1536,1
1625,244060,73984,1536,1
1626,232450,70457,1536,1
1627,231786,70264,1536,1
1628,266934,80921,1536,1
1629,196760,59665,1536,1
1630,287726,87248,1536,1
1631,266562,80798,1536,1
1632,276514,83815,1536,1
1633,270328,81941,1536,1
1634,259094,78512,1536,1
1635,274572,83316,1536,1
1636,267226,81002,1536,1
1637,382856,116049,1536,1
1638,275700,83619,1536,1
1639,272438,82591,1536,1
1640,264414,80152,1536,1
1641,303858,92056,1536,1
1642,248198,75237,1536,1
1643,259046,78533,1536,1
1644,259782,78814,1536,1
1645,246800,74778,1536,1
1646,319634,96881,1536,1
1647,249248,75556,1536,1
1648,256634,77805,1536,1
1649,262912,79704,1536,1
1650,177548,53845,1536,1
1651,158880,48138,1536,1
1652,170962,51845,1536,1
1653,158470,48043,1536,1
1654,169872,51518,1536,1
1655,169942,51517,1536,1
1656,168444,51064,1536,1
1657,202414,61375,1536,1
1658,255092,77331,1536,1
1659,309978,94030,1536,1
1660,204512,61984,1536,1
1661,153880,46624,1536,1
1662,196576,59607,1536,1
1663,179480,54429,1536,1
1664,153406,46497,1536,1
1665,153106,46390,1536,1
1666,166408,50427,1536,1
1667,209722,63562,1536,1
1668,267912,81176,1536,1
1669,210796,64235,1536,1
1670,355674,107790,1536,1
1671,162920,49375,1536,1
1672,167090,50656,1536,1
1673,180662,54779,1536,1
1674,199686,60549,1536,1
1675,165338,50110,1536,1
1676,163398,49534,1536,1
1677,162150,49244,1536,1
1678,162222,49177,1536,1
1679,166284,50413,1536,1
1680,162664,49311,1536,1
1681,162388,49234,1536,1
1682,162378,49223,1536,1
1683,161756,49039,1536,1
1684,161488,48929,1536,1
1685,195972,59425,1536,1
1686,208938,63349,1536,1
1687,162822,49360,1536,1
1688,156918,47545,1536,1
1689,156936,47548,1536,1
1690,151346,45887,1536,1
1691,147690,44775,1536,1
1692,148172,44920,1536,1
1693,147596,44721,1536,1
1694,148256,44922,1536,1
1695,148022,44850,1536,1
1696,148880,45109,1536,1
1697,185744,56323,1536,1
1698,147874,44832,1536,1
1699,149440,45304,1536,1
1700,148904,45151,1536,1
1701,148410,44983,1536,1
1702,146760,44480,1536,1
1703,148098,44872,1536,1
1704,147270,44620,1536,1
1705,147388,44661,1536,1
1706,147076,44562,1536,1
1707,147000,44541,1536,1
1708,150068,45496,1536,1
1709,201684,61150,1536,1
1710,164236,49794,1536,1
1711,149802,45420,1536,1
1712,148000,44859,1536,1
1713,148046,44859,1536,1
1714,603258,182784,1536,1
1715,144304,43748,1536,1
1716,144312,43738,1536,1
1717,145158,44011,1536,1
1718,146626,44456,1536,1
1719,145138,43976,1536,1
1720,146762,44497,1536,1
1721,147574,44744,1536,1
1722,144192,43689,1536,1
1723,148376,44957,1536,1
1724,155232,47045,1536,1
1725,231636,70230,1536,1
1726,231958,70316,1536,1
1727,179270,54365,1536,1
1728,149334,45277,1536,1
1729,149706,45387,1536,1
1730,159500,48375,1536,1
1731,150848,45730,1536,1
1732,148512,45020,1536,1
1733,147536,44713,1536,1
1734,147392,44684,1536,1
1735,148818,45121,1536,1
1736,150910,45722,1536,1
1737,159658,48380,1536,1
1738,162840,49339,1536,1
1739,204562,62016,1536,1
1740,326752,99040,1536,1
1741,213872,64837,1536,1
1742,280650,85321,1536,1
1743,217490,65949,1536,1
1744,382034,115828,1536,1
1745,218822,66301,1536,1
1746,219324,66464,1536,1
1747,226760,68765,1536,1
1748,193988,58864,1536,1
1749,215552,65346,1536,1
1750,234324,71055,1536,1
1751,218184,66140,1536,1
1752,227848,69130,1536,1
1753,198766,60644,1536,1
1754,216286,65528,1536,1
1755,269242,81646,1536,1
1756,223018,67603,1536,1
1757,210950,63927,1536,1
1758,210574,63829,1536,1
1759,216830,65736,1536,1
1760,215658,65352,1536,1
1761,223800,67838,1536,1
1762,223462,67735,1536,1
1763,214688,65058,1536,1
1764,219054,66399,1536,1
1765,228500,69264,1536,1
1766,144276,43832,1536,1
1767,154282,46771,1536,1
1768,147736,45095,1536,1
1769,223670,67797,1536,1
1770,215578,65354,1536,1
1771,213886,64811,1536,1
1772,207474,62900,1536,1
1773,207648,62944,1536,1
1774,211606,64153,1536,1
1775,229594,69612,1536,1
1776,236348,71664,1536,1
1777,226392,68621,1536,1
1778,223664,67778,1536,1
1779,217958,66067,1536,1
1780,204722,62139,1536,1
1781,202278,61318,1536,1
1782,196972,59720,1536,1
1783,222226,67363,1536,1
1784,241826,73282,1536,1
1785,180850,54832,1536,1
1786,268658,81424,1536,1
1787,208858,63313,1536,1
1788,244046,73982,1536,1
1789,170486,51718,1536,1
1790,216098,65511,1536,1
1791,232922,70610,1536,1
1792,215944,65455,1536,1
1793,227888,69074,1536,1
1794,240814,72990,1536,1
1795,221172,67061,1536,1
1796,216232,65549,1536,1
1797,226904,68783,1536,1
1798,244234,74025,1536,1
1799,425838,129471,1536,1
1800,228206,69178,1536,1
1801,246916,74844,1536,1
1802,159272,48284,1536,1
1803,153470,46524,1536,1
1804,240414,72876,1536,1
1805,218856,66337,1536,1
1806,154134,46724,1536,1
1807,230462,70008,1536,1
1808,157812,47842,1536,1
1809,166812,50573,1536,1
1810,143772,43573,1536,1
1811,143996,43631,1536,1
1812,143390,43449,1536,1
1813,144592,43836,1536,1
1814,143632,43521,1536,1
1815,161924,49067,1536,1
1816,144284,43718,1536,1
1817,150070,45498,1536,1
1818,143582,43505,1536,1
1819,161766,49065,1536,1
1820,237214,71902,1536,1
1821,242218,73416,1536,1
1822,159174,48254,1536,1
1823,159328,48299,1536,1
1824,157320,47697,1536,1
1825,177900,53937,1536,1
1826,242438,73464,1536,1
1827,201398,61076,1536,1
1828,211388,64067,1536,1
1829,163266,49531,1536,1
1830,149718,45390,1536,1
1831,220462,66858,1536,1
1832,298472,90480,1536,1
1833,254096,77054,1536,1
1834,168952,51240,1536,1
1835,175974,53367,1536,1
1836,175612,53211,1536,1
1837,257080,77946,1536,1
1838,406390,123326,1536,1
1839,264198,80077,1536,1
1840,169332,51337,1536,1
1841,235170,71304,1536,1
1842,255860,77553,1536,1
1843,255892,77565,1536,1
1844,275586,83540,1536,1
1845,268410,81366,1536,1
1846,267796,81215,1536,1
1847,317566,96266,1536,1
1848,272576,82585,1536,1
1849,170574,51725,1536,1
1850,204886,62102,1536,1
1851,152990,46371,1536,1
1852,152428,46198,1536,1
1853,152008,46056,1536,1
1854,153562,46529,1536,1
1855,153562,46528,1536,1
1856,156366,47404,1536,1
1857,153214,46440,1536,1
1858,147856,44813,1536,1
1859,148008,44858,1536,1
1860,149156,45193,1536,1
1861,148794,45081,1536,1
1862,178470,54124,1536,1
1863,254334,77093,1536,1
1864,251492,76201,1536,1
1865,251920,76362,1536,1
1866,242388,73445,1536,1
1867,245354,74371,1536,1
1868,307478,93236,1536,1
1869,159306,48312,1536,1
1870,210966,63960,1536,1
1871,148880,45110,1536,1
1872,147340,44643,1536,1
1873,160504,48638,1536,1
1874,147562,44709,1536,1
1875,148908,45119,1536,1
1876,148674,45065,1536,1
1877,147774,44775,1536,1
1878,144018,43662,1536,1
1879,143346,43445,1536,1
1880,143812,43581,1536,1
1881,143300,43420,1536,1
1882,144976,43960,1536,1
1883,144958,43946,1536,1
1884,145304,44051,1536,1
1885,202510,61399,1536,1
1886,198238,60067,1536,1
1887,145052,43953,1536,1
1888,144028,43639,1536,1
1889,158254,48005,1536,1
1890,145446,44088,1536,1
1891,143952,43641,1536,1
1892,174364,52857,1536,1
1893,147108,44602,1536,1
1894,155008,46993,1536,1
1895,152242,46152,1536,1
1896,152312,46172,1536,1
1897,176180,53399,1536,1
1898,152572,46227,1536,1
1899,152244,46126,1536,1
1900,152644,46248,1536,1
1901,177832,53926,1536,1
1902,181492,55032,1536,1
1903,151984,46074,1536,1
1904,146534,44434,1536,1
1905,158816,48145,1536,1
1906,152778,46288,1536,1
1907,153906,46665,1536,1
1908,152608,46262,1536,1
1909,155946,47286,1536,1
1910,142610,43224,1536,1
1911,143992,43654,1536,1
1912,146690,44448,1536,1
1913,143618,43514,1536,1
1914,144512,43786,1536,1
1915,140410,42555,1536,1
1916,147064,44587,1536,1
1917,141908,42999,1536,1
1918,142146,43069,1536,1
1919,139286,42203,1536,1
1920,206020,62462,1536,1
1921,145064,43979,1536,1
1922,144916,44009,1536,1
1923,148852,45138,1536,1
1924,141652,42944,1536,1
1925,141536,42911,1536,1
1926,139946,42402,1536,1
1927,139842,42370,1536,1
1928,139862,42376,1536,1
1929,171250,51934,1536,1
1930,141948,43033,1536,1
1931,141772,42984,1536,1
1932,139272,42212,1536,1
1933,138840,42068,1536,1
1934,139508,42269,1536,1
1935,139394,42247,1536,1
1936,139304,42208,1536,1
1937,141680,42956,1536,1
1938,139800,42372,1536,1
1939,141802,42979,1536,1
1940,162204,49212,1536,1
1941,139610,42303,1536,1
1942,309774,93835,1536,1
1943,135978,41199,1536,1
1944,134468,40742,1536,1
1945,136846,41487,1536,1
1946,165118,50069,1536,1
1947,134816,40848,1536,1
1948,135190,40962,1536,1
1949,234414,71113,1536,1
1950,145524,44117,1536,1
1951,144002,43655,1536,1
1952,147968,44830,1536,1
1953,139670,42329,1536,1
1954,139896,42385,1536,1
1955,139462,42254,1536,1
1956,139138,42156,1536,1
1957,183144,55490,1536,1
1958,138866,42073,1536,1
1959,141388,42860,1536,1
1960,139346,42242,1536,1
1961,139726,42356,1536,1
1962,212782,64623,1536,1
1963,225910,68474,1536,1
1964,298962,90611,1536,1
1965,212228,64349,1536,1
1966,198090,60052,1536,1
1967,192044,58220,1536,1
1968,254174,77014,1536,1
1969,143858,43614,1536,1
1970,131804,39935,1536,1
1971,236850,71904,1536,1
1972,182838,55409,1536,1
1973,139512,42293,1536,1
1974,139562,42297,1536,1
1975,139734,42350,1536,1
1976,139266,42196,1536,1
1977,139508,42269,1536,1
1978,157742,47828,1536,1
1979,140624,42631,1536,1
1980,140288,42528,1536,1
1981,139560,42283,1536,1
1982,279369,85033,1536,1
1983,226964,68808,1536,1
1984,217814,66029,1536,1
1985,229698,69637,1536,1
1986,228096,69153,1536,1
1987,175778,53293,1536,1
1988,255672,77505,1536,1
1989,258374,78314,1536,1
1990,220300,66787,1536,1
1991,212498,64385,1536,1
1992,226064,68528,1536,1
1993,211802,64199,1536,1
1994,235898,71494,1536,1
1995,213830,64819,1536,1
1996,201386,61050,1536,1
1997,200292,60717,1536,1
1998,202438,61350,1536,1
1999,195294,59249,1536,1
2000,224342,68004,1536,1
2001,216730,65697,1536,1
2002,180868,54970,1536,1
2003,183942,55768,1536,1
2004,187904,56961,1536,1
2005,185460,56225,1536,1
2006,227620,68996,1536,1
2007,222774,67525,1536,1
2008,223486,67737,1536,1
2009,199504,60522,1536,1
2010,184356,55886,1536,1
2011,178038,53980,1536,1
2012,184062,55771,1536,1
2013,181898,55144,1536,1
2014,190236,57673,1536,1
2015,273814,82960,1536,1
2016,242644,73564,1536,1
2017,222720,67500,1536,1
2018,242964,73640,1536,1
2019,241434,73190,1536,1
2020,231784,70263,1536,1
2021,235720,71441,1536,1
2022,238148,72185,1536,1
2023,236972,71832,1536,1
2024,235860,71494,1536,1
2025,286934,86970,1536,1
2026,244244,74027,1536,1
2027,306012,92746,1536,1
2028,262260,79520,1536,1
2029,256838,77857,1536,1
2030,228164,69184,1536,1
2031,180442,54743,1536,1
2032,159592,48379,1536,1
2033,212808,64498,1536,1
2034,206502,62667,1536,1
2035,353955,107916,1536,1
2036,202318,61350,1536,1
2037,158934,48647,1536,1
2038,204370,61963,1536,1
2039,181430,54975,1536,1
2040,159578,48360,1536,1
2041,159456,48315,1536,1
2042,161548,48951,1536,1
2043,170812,51761,1536,1
2044,179970,54620,1536,1
2045,166538,50488,1536,1
2046,164482,49866,1536,1
2047,234440,71065,1536,1
2048,283830,86051,1536,1
2049,191166,57942,1536,1
2050,167980,50921,1536,1
2051,168620,51104,1536,1
2052,178666,55801,1536,1
2053,231292,70242,1536,1
2054,163348,49505,1536,1
2055,162678,49316,1536,1
2056,217096,65815,1536,1
2057,164368,49813,1536,1
2058,162344,49214,1536,1
2059,161430,48910,1536,1
2060,161370,48892,1536,1
2061,163770,49647,1536,1
2062,156490,47440,1536,1
2063,240078,73089,1536,1
2064,158254,47975,1536,1
2065,183054,55517,1536,1
2066,170274,51622,1536,1
2067,200018,60648,1536,1
2068,245856,74522,1536,1
2069,240070,72766,1536,1
2070,294096,89125,1536,1
2071,374384,113454,1536,1
2072,238424,72273,1536,1
2073,237338,71909,1536,1
2074,211410,64088,1536,1
2075,385864,117350,1536,1
2076,237962,72154,1536,1
2077,469209,142452,1536,1
2078,248430,75274,1536,1
2079,10699157,3241025,1536,1
2080,250426,75918,1536,1
2081,191824,58170,1536,1
2082,157364,47680,1536,1
2083,159076,48235,1536,1
2084,207268,62808,1536,1
2085,157700,47810,1536,1
2086,158180,47952,1536,1
2087,239616,72613,1536,1
2088,255476,77481,1536,1
2089,173244,52516,1536,1
2090,162928,49391,1536,1
2091,162612,49282,1536,1
2092,163432,49546,1536,1
2093,209544,63531,1536,1
2094,162380,49197,1536,1
2095,180146,54628,1536,1
2096,163024,49391,1536,1
2097,162550,49251,1536,1
2098,162996,49386,1536,1
2099,162316,49179,1536,1
2100,161924,49061,1536,1
2101,162360,49192,1536,1
2102,156554,47465,1536,1
2103,156694,47502,1536,1
2104,159204,48267,1536,1
2105,156720,47496,1536,1
2106,156726,47516,1536,1
2107,161902,49081,1536,1
2108,277388,84096,1536,1
2109,263324,80881,1536,1
2110,283208,85806,1536,1
2111,234916,71194,1536,1
2112,267678,81189,1536,1
2113,270284,81918,1536,1
2114,250482,75927,1536,1
2115,264824,80290,1536,1
2116,212346,64376,1536,1
2117,161068,48804,1536,1
2118,152746,46304,1536,1
2119,154048,46698,1536,1
2120,154514,46840,1536,1
2121,153322,46480,1536,1
2122,153120,46392,1536,1
2123,151590,45955,1536,1
2124,151918,46029,1536,1
2125,152774,46289,1536,1
2126,151960,46044,1536,1
2127,153160,46405,1536,1
2128,250946,76090,1536,1
2129,153680,46589,1536,1
2130,144990,43945,1536,1
2131,145122,43988,1536,1
2132,190458,57835,1536,1
2133,283916,87023,1536,1
2134,151868,46024,1536,1
2135,150290,45560,1536,1
2136,143722,43559,1536,1
2137,143422,43455,1536,1
2138,143248,43403,1536,1
2139,181292,54951,1536,1
2140,174960,53082,1536,1
2141,143106,43359,1536,1
2142,142006,43025,1536,1
2143,138328,41925,1536,1
2144,138246,41889,1536,1
2145,143242,43426,1536,1
2146,139406,42265,1536,1
2147,139176,42170,1536,1
2148,197250,59799,1536,1
2149,140968,42737,1536,1
2150,150408,45595,1536,1
2151,148246,44941,1536,1
2152,147452,44676,1536,1
2153,158044,47934,1536,1
2154,148466,44983,1536,1
2155,159346,48302,1536,1
2156,148340,44944,1536,1
2157,174074,52893,1536,1
2158,148968,45139,1536,1
2159,149438,45276,1536,1
2160,149240,45216,1536,1
2161,151570,45952,1536,1
2162,151808,46007,1536,1
2163,149550,45323,1536,1
2164,169484,51458,1536,1
2165,148560,45102,1536,1
2166,157774,47830,1536,1
2167,150926,45752,1536,1
2168,241034,73090,1536,1
2169,149852,45426,1536,1
2170,151850,46032,1536,1
2171,149518,45328,1536,1
2172,150186,45533,1536,1
2173,194386,58937,1536,1
2174,495494,150680,1536,1
2175,150538,45634,1536,1
2176,219264,66465,1536,1
2177,226846,68745,1536,1
2178,170568,51688,1536,1
2179,150780,45682,1536,1
2180,147134,44613,1536,1
2181,145350,44050,1536,1
2182,143386,43467,1536,1
2183,149580,45343,1536,1
2184,145896,44203,1536,1
2185,144772,43862,1536,1
2186,143734,43549,1536,1
2187,145518,44088,1536,1
2188,235102,71293,1536,1
2189,195424,59244,1536,1
2190,152586,46256,1536,1
2191,237612,73708,1536,1
2192,161526,48938,1536,1
2193,149350,45524,1536,1
2194,151148,45823,1536,1
2195,200372,60739,1536,1
2196,227932,69093,1536,1
2197,207596,62933,1536,1
2198,219866,66658,1536,1
2199,213762,64800,1536,1
2200,214426,64972,1536,1
2201,210476,63809,1536,1
2202,212542,64431,1536,1
2203,241524,73209,1536,1
2204,221492,67129,1536,1
2205,214150,64896,1536,1
2206,216766,65694,1536,1
2207,216396,65585,1536,1
2208,150344,45591,1536,1
2209,136092,41259,1536,1
2210,135926,41187,1536,1
2211,139544,42303,1536,1
2212,136132,41248,1536,1
2213,135496,41053,1536,1
2214,135172,40980,1536,1
2215,134878,40892,1536,1
2216,134750,40852,1536,1
2217,136056,41248,1536,1
2218,136328,41318,1536,1
2219,136488,41354,1536,1
2220,136670,41434,1536,1
2221,138622,42024,1536,1
2222,170892,51819,1536,1
2223,138316,41920,1536,1
2224,139816,42366,1536,1
2225,162654,49292,1536,1
2226,177896,53905,1536,1
2227,137554,41677,1536,1
2228,166322,50432,1536,1
2229,141096,42772,1536,1
2230,139768,42371,1536,1
2231,135716,41143,1536,1
2232,134574,40797,1536,1
2233,131980,40012,1536,1
2234,132276,40078,1536,1
2235,186962,56664,1536,1
2236,131948,39991,1536,1
2237,132006,39999,1536,1
2238,131532,39855,1536,1
2239,131486,39840,1536,1
2240,134556,40796,1536,1
2241,132196,40078,1536,1
2242,131364,39815,1536,1
2243,134018,40607,1536,1
2244,131786,39932,1536,1
2245,131720,39910,1536,1
2246,131710,39908,1536,1
2247,132486,40141,1536,1
2248,143078,43382,1536,1
2249,131308,39808,1536,1
2250,128448,38941,1536,1
2251,130944,39685,1536,1
2252,132486,40164,1536,1
2253,128770,39016,1536,1
2254,132426,40135,1536,1
2255,129228,39177,1536,1
2256,128368,38917,1536,1
2257,158096,47904,1536,1
2258,124674,37775,1536,1
2259,125572,38069,1536,1
2260,125770,38109,1536,1
2261,128772,39039,1536,1
2262,125456,38012,1536,1
2263,124142,37615,1536,1
2264,137428,41658,1536,1
2265,125362,37995,1536,1
2266,133200,40384,1536,1
2267,128760,39011,1536,1
2268,140052,42465,1536,1
2269,125544,38040,1536,1
2270,125498,38046,1536,1
2271,150128,45487,1536,1
2272,129282,39193,1536,1
2273,134312,40716,1536,1
2274,133062,40338,1536,1
2275,188898,57260,1536,1
2276,195542,59285,1536,1
2277,195120,59153,1536,1
2278,149118,45239,1536,1
2279,175628,53242,1536,1
2280,167274,50715,1536,1
2281,195062,59123,1536,1
2282,191286,57986,1536,1
2283,134308,40719,1536,1
2284,136042,41241,1536,1
2285,133116,40332,1536,1
2286,132040,40007,1536,1
2287,134468,40740,1536,1
2288,140658,42658,1536,1
2289,125420,38001,1536,1
2290,126786,38426,1536,1
2291,125796,38116,1536,1
2292,126900,38449,1536,1
2293,134664,40827,1536,1
2294,132314,40089,1536,1
2295,131912,39988,1536,1
2296,132708,40232,1536,1
2297,131710,39906,1536,1
2298,132194,40064,1536,1
2299,132286,40080,1536,1
2300,132418,40143,1536,1
2301,179288,54355,1536,1
2302,132458,40132,1536,1
2303,134994,40925,1536,1
2304,135228,40971,1536,1
2305,135840,41157,1536,1
2306,135960,41194,1536,1
2307,135568,41098,1536,1
2308,133542,40489,1536,1
2309,128514,38938,1536,1
2310,127566,38652,1536,1
2311,130112,39527,1536,1
2312,128110,38817,1536,1
2313,133272,40404,1536,1
2314,132516,40176,1536,1
2315,130954,39682,1536,1
2316,171002,51850,1536,1
2317,132240,40092,1536,1
2318,131752,39932,1536,1
2319,130992,39691,1536,1
2320,131508,39846,1536,1
2321,133634,40515,1536,1
2322,131998,39995,1536,1
2323,151526,45907,1536,1
2324,133328,40398,1536,1
2325,132450,40131,1536,1
2326,133172,40349,1536,1
2327,135310,41023,1536,1
2328,139710,42367,1536,1
2329,132050,40021,1536,1
2330,131490,39841,1536,1
2331,138840,42068,1536,1
2332,274714,83260,1536,1
2333,144078,43687,1536,1
2334,142394,43167,1536,1
2335,134542,40776,1536,1
2336,137556,41707,1536,1
2337,135604,41084,1536,1
2338,134874,40878,1536,1
2339,142028,43033,1536,1
2340,139054,42145,1536,1
2341,141756,42976,1536,1
2342,139092,42145,1536,1
2343,138610,41997,1536,1
2344,142126,43062,1536,1
2345,173100,52488,1536,1
2346,218086,66107,1536,1
2347,145702,44174,1536,1
2348,228766,69347,1536,1
2349,150216,45525,1536,1
2350,148778,45102,1536,1
2351,152234,46142,1536,1
2352,157026,47605,1536,1
2353,153176,46435,1536,1
2354,242980,73675,1536,1
2355,146702,44482,1536,1
2356,144606,43831,1536,1
2357,144286,43729,1536,1
2358,191026,57903,1536,1
2359,144172,43708,1536,1
2360,144214,43721,1536,1
2361,144456,43770,1536,1
2362,470652,142662,1536,1
2363,223744,67822,1536,1
2364,223690,67812,1536,1
2365,207836,63004,1536,1
2366,217580,65933,1536,1
2367,220694,66892,1536,1
2368,249124,75546,1536,1
2369,226000,68514,1536,1
2370,233350,70742,1536,1
2371,229306,69524,1536,1
2372,220914,66956,1536,1
2373,239000,72424,1536,1
2374,184246,55872,1536,1
2375,222388,67419,1536,1
2376,194960,59113,1536,1
2377,157932,47852,1536,1
2378,232372,70408,1536,1
2379,242016,73329,1536,1
2380,242960,73652,1536,1
2381,250554,76024,1536,1
2382,256778,77889,1536,1
2383,238894,72379,1536,1
2384,238706,72369,1536,1
2385,313586,95371,1536,1
2386,234012,70934,1536,1
2387,225796,68444,1536,1
2388,240308,72867,1536,1
2389,218092,66128,1536,1
2390,283822,86149,1536,1
2391,240880,73025,1536,1
2392,206392,62535,1536,1
2393,208002,63063,1536,1
2394,176124,53411,1536,1
2395,242306,73452,1536,1
2396,314002,95188,1536,1
2397,178114,54014,1536,1
2398,189772,57544,1536,1
2399,148370,44956,1536,1
2400,296624,90133,1536,1
2401,159232,48245,1536,1
2402,156772,47525,1536,1
2403,217070,65809,1536,1
2404,205714,62353,1536,1
2405,232560,70575,1536,1
2406,219068,66512,1536,1
2407,211462,64108,1536,1
2408,252620,76565,1536,1
2409,191234,57967,1536,1
2410,186590,56554,1536,1
2411,180738,54807,1536,1
2412,145084,43971,1536,1
2413,145588,44111,1536,1
2414,146228,44308,1536,1
2415,241362,73161,1536,1
2416,178252,54066,1536,1
2417,158346,48003,1536,1
2418,152814,46323,1536,1
2419,165576,50216,1536,1
2420,152544,46243,1536,1
2421,155744,47212,1536,1
2422,151784,45988,1536,1
2423,153768,46589,1536,1
2424,154802,46928,1536,1
2425,152362,46187,1536,1
2426,154114,46693,1536,1
2427,154326,46787,1536,1
2428,249480,75660,1536,1
2429,182282,55277,1536,1
2430,161000,48802,1536,1
2431,231362,70105,1536,1
2432,225708,68387,1536,1
2433,231780,70228,1536,1
2434,234520,71086,1536,1
2435,186642,56607,1536,1
2436,148376,44980,1536,1
2437,144034,43672,1536,1
2438,144226,43705,1536,1
2439,143964,43637,1536,1
2440,143700,43543,1536,1
2441,144310,43750,1536,1
2442,143568,43505,1536,1
2443,143418,43454,1536,1
2444,163188,49528,1536,1
2445,189232,57376,1536,1
2446,145484,44107,1536,1
2447,144792,43901,1536,1
2448,304900,92404,1536,1
2449,141688,42929,1536,1
2450,199458,60472,1536,1
2451,139944,42403,1536,1
2452,139458,42254,1536,1
2453,139778,42351,1536,1
2454,139478,42260,1536,1
2455,139738,42339,1536,1
2456,141184,42801,1536,1
2457,148920,45159,1536,1
2458,237152,71885,1536,1
2459,203612,61737,1536,1
2460,200354,60766,1536,1
2461,224734,68092,1536,1
2462,224980,68202,1536,1
2463,243924,73978,1536,1
2464,274068,83139,1536,1
2465,225886,68469,1536,1
2466,312140,94894,1536,1
2467,193772,58739,1536,1
2468,483708,146828,1536,1
2469,222398,67432,1536,1
2470,239440,72595,1536,1
2471,261030,79126,1536,1
2472,252796,76633,1536,1
2473,233782,70860,1536,1
2474,228620,69314,1536,1
2475,227020,68822,1536,1
2476,312740,94849,1536,1
2477,226920,68801,1536,1
2478,248532,75336,1536,1
2479,221162,67052,1536,1
2480,219862,66647,1536,1
2481,291494,88338,1536,1
2482,234492,71086,1536,1
2483,247394,75098,1536,1
2484,246802,74819,1536,1
2485,240620,72936,1536,1
2486,249434,75585,1536,1
2487,237930,72100,1536,1
2488,245256,74340,1536,1
2489,225830,68443,1536,1
2490,223532,67757,1536,1
2491,236068,71566,1536,1
2492,322184,97985,1536,1
2493,210428,63776,1536,1
2494,259560,78678,1536,1
2495,211470,64093,1536,1
2496,220650,66886,1536,1
2497,157980,47902,1536,1
2498,252180,76444,1536,1
2499,243596,73846,1536,1
2500,241768,73296,1536,1
2501,236388,71654,1536,1
2502,200582,60808,1536,1
2503,239740,72683,1536,1
2504,237712,72073,1536,1
2505,242110,73391,1536,1
2506,216836,65799,1536,1
2507,255022,77344,1536,1
2508,245036,74300,1536,1
2509,247688,75086,1536,1
2510,228384,69226,1536,1
2511,185724,56304,1536,1
2512,177912,53912,1536,1
2513,199154,60382,1536,1
2514,207002,62761,1536,1
2515,200210,60704,1536,1
2516,179830,54509,1536,1
2517,246740,74771,1536,1
2518,241526,73237,1536,1
2519,264972,80295,1536,1
2520,273682,83063,1536,1
2521,254902,77253,1536,1
2522,250932,76070,1536,1
2523,259326,78616,1536,1
2524,256518,77768,1536,1
2525,259788,78749,1536,1
2526,257770,78146,1536,1
2527,281360,85288,1536,1
2528,265268,80416,1536,1
2529,262966,79706,1536,1
2530,259440,78628,1536,1
2531,322224,98540,1536,1
2532,321564,97491,1536,1
2533,258290,78287,1536,1
2534,279914,84845,1536,1
2535,277922,84245,1536,1
2536,211856,64242,1536,1
2537,177196,53717,1536,1
2538,283500,85961,1536,1
2539,320224,97059,1536,1
2540,349696,106115,1536,1
2541,273242,82837,1536,1
2542,272396,82534,1536,1
2543,254658,77164,1536,1
2544,263136,79770,1536,1
2545,326626,99297,1536,1
2546,175680,53257,1536,1
2547,173572,52632,1536,1
2548,211812,64183,1536,1
2549,230122,69847,1536,1
2550,256442,77715,1536,1
2551,166610,50730,1536,1
2552,167512,50768,1536,1
2553,167140,50646,1536,1
2554,167450,50736,1536,1
2555,202802,61496,1536,1
2556,202916,61531,1536,1
2557,181524,55110,1536,1
2558,174142,52790,1536,1
2559,283758,86012,1536,1
2560,278814,84519,1536,1
2561,276964,83912,1536,1
2562,324502,98420,1536,1
2563,289034,87606,1536,1
2564,270932,82093,1536,1
2565,256328,77704,1536,1
2566,272236,82522,1536,1
2567,182828,55431,1536,1
2568,164614,49880,1536,1
2569,162934,49396,1536,1
2570,157402,47692,1536,1
2571,157530,47731,1536,1
2572,158378,48015,1536,1
2573,198646,60192,1536,1
2574,158034,47881,1536,1
2575,159990,48504,1536,1
2576,157890,47870,1536,1
2577,158204,47962,1536,1
2578,157866,47833,1536,1
2579,169654,51432,1536,1
2580,160284,48597,1536,1
2581,151832,46033,1536,1
2582,152390,46173,1536,1
2583,152836,46309,1536,1
2584,152180,46109,1536,1
2585,218990,66397,1536,1
2586,200158,60666,1536,1
2587,258212,78270,1536,1
2588,153956,46661,1536,1
2589,156440,47430,1536,1
2590,153522,46529,1536,1
2591,697762,211375,1536,1
2592,154090,46716,1536,1
2593,194992,59124,1536,1
2594,154358,46769,1536,1
2595,152422,46184,1536,1
2596,153174,46411,1536,1
2597,152858,46315,1536,1
2598,153334,46458,1536,1
2599,157070,47618,1536,1
2600,154748,46917,1536,1
2601,152938,46342,1536,1
2602,152626,46243,1536,1
2603,151702,45993,1536,1
2604,193568,58701,1536,1
2605,148100,44900,1536,1
2606,198652,60230,1536,1
2607,158824,48178,1536,1
2608,147222,44606,1536,1
2609,147848,44822,1536,1
2610,147422,44667,1536,1
2611,190782,57807,1536,1
2612,148230,44912,1536,1
2613,147476,44683,1536,1
2614,148450,44980,1536,1
2615,149686,45381,1536,1
2616,173730,52686,1536,1
2617,149122,45209,1536,1
2618,172452,52259,1536,1
2619,143522,43485,1536,1
2620,189618,57497,1536,1
2621,219456,66554,1536,1
2622,231088,70052,1536,1
2623,200454,60785,1536,1
2624,142190,43085,1536,1
2625,140010,42422,1536,1
2626,168974,51225,1536,1
2627,195722,59346,1536,1
2628,176088,53369,1536,1
2629,139388,42248,1536,1
2630,138532,41979,1536,1
2631,139570,42302,1536,1
2632,139992,42417,1536,1
2633,187754,56887,1536,1
2634,140970,42712,1536,1
2635,141358,42830,1536,1
2636,233028,70645,1536,1
2637,219692,66589,1536,1
2638,142622,43237,1536,1
2639,144114,43678,1536,1
2640,191822,58149,1536,1
2641,151396,45894,1536,1
2642,150278,45555,1536,1
2643,151938,46062,1536,1
2644,149224,45225,1536,1
2645,148276,44937,1536,1
2646,148682,45060,1536,1
2647,204428,61968,1536,1
2648,228822,69421,1536,1
2649,211314,64090,1536,1
2650,190824,57856,1536,1
2651,204362,61951,1536,1
2652,205886,62423,1536,1
2653,207086,62786,1536,1
2654,276990,83928,1536,1
2655,278964,84549,1536,1
2656,233460,70770,1536,1
2657,239574,72622,1536,1
2658,237062,71872,1536,1
2659,248982,75476,1536,1
2660,248300,75265,1536,1
2661,234514,71094,1536,1
2662,229148,69457,1536,1
2663,215020,65165,1536,1
2664,195562,59289,1536,1
2665,146810,44509,1536,1
2666,145134,44100,1536,1
2667,164736,49951,1536,1
2668,287431,87603,1536,1
2669,144586,43807,1536,1
2670,147418,44663,1536,1
2671,149902,45415,1536,1
2672,165112,50065,1536,1
2673,218222,66156,1536,1
2674,227294,68918,1536,1
2675,349904,106030,1536,1
2676,230690,69928,1536,1
2677,243134,73968,1536,1
2678,223884,67863,1536,1
2679,203758,61777,1536,1
2680,204062,61862,1536,1
2681,227918,69098,1536,1
2682,187652,56892,1536,1
2683,191972,58170,1536,1
2684,183606,55659,1536,1
2685,198186,60052,1536,1
2686,151700,46006,1536,1
2687,228298,69210,1536,1
2688,229250,69495,1536,1
2689,212966,64550,1536,1
2690,217832,66032,1536,1
2691,220058,66717,1536,1
2692,214486,65074,1536,1
2693,146230,44334,1536,1
2694,143962,43618,1536,1
2695,143198,43410,1536,1
2696,174116,52878,1536,1
2697,151600,45956,1536,1
2698,151024,45759,1536,1
2699,201040,61245,1536,1
2700,180938,54965,1536,1
2701,151688,45987,1536,1
2702,206464,62595,1536,1
2703,151888,46042,1536,1
2704,154440,46816,1536,1
2705,150348,45576,1536,1
2706,159168,48249,1536,1
2707,145696,44159,1536,1
2708,307496,93233,1536,1
2709,144578,43815,1536,1
2710,144368,43764,1536,1
2711,143684,43558,1536,1
2712,144464,43773,1536,1
2713,145086,43958,1536,1
2714,150706,45689,1536,1
2715,147652,44747,1536,1
2716,150638,45663,1536,1
2717,148502,44994,1536,1
2718,151634,45970,1536,1
2719,147984,44862,1536,1
2720,150096,45501,1536,1
2721,155138,47002,1536,1
2722,238554,72315,1536,1
2723,322286,97678,1536,1
2724,226178,68529,1536,1
2725,229290,69496,1536,1
2726,318595,97009,1536,1
2727,152742,46318,1536,1
2728,209940,63626,1536,1
2729,220442,66831,1536,1
2730,235882,71506,1536,1
2731,239032,72501,1536,1
2732,230760,69958,1536,1
2733,218408,66235,1536,1
2734,150932,45762,1536,1
2735,224744,68129,1536,1
2736,207236,62833,1536,1
2737,196110,59463,1536,1
2738,203000,61546,1536,1
2739,206904,62716,1536,1
2740,217288,65835,1536,1
2741,201110,60963,1536,1
2742,156838,47545,1536,1
2743,153272,46464,1536,1
2744,151688,46008,1536,1
2745,191908,58196,1536,1
2746,171664,52070,1536,1
2747,159512,48335,1536,1
2748,165142,50041,1536,1
2749,143658,43527,1536,1
2750,143094,43357,1536,1
2751,143318,43425,1536,1
2752,143336,43429,1536,1
2753,143640,43522,1536,1
2754,143484,43500,1536,1
2755,145562,44129,1536,1
2756,144198,43703,1536,1
2757,145290,44038,1536,1
2758,144172,43709,1536,1
2759,145078,43970,1536,1
2760,144924,43923,1536,1
2761,145718,44165,1536,1
2762,144734,43853,1536,1
2763,221416,67137,1536,1
2764,145210,44023,1536,1
2765,143918,43606,1536,1
2766,146906,44541,1536,1
2767,143862,43616,1536,1
2768,143374,43445,1536,1
2769,207110,62793,1536,1
2770,148038,44855,1536,1
2771,146858,44511,1536,1
2772,147722,44762,1536,1
2773,148228,44916,1536,1
2774,148554,45012,1536,1
2775,770167,233599,1536,1
2776,173902,52741,1536,1
2777,156656,47491,1536,1
2778,156770,47503,1536,1
2779,156330,47366,1536,1
2780,179094,54310,1536,1
2781,157210,47660,1536,1
2782,158026,47891,1536,1
2783,149928,45452,1536,1
2784,149614,45358,1536,1
2785,148430,44973,1536,1
2786,153096,46417,1536,1
2787,148940,45141,1536,1
2788,149250,45221,1536,1
2789,147594,44722,1536,1
2790,147654,44738,1536,1
2791,148288,44931,1536,1
2792,147306,44634,1536,1
2793,151936,46036,1536,1
2794,152494,46235,1536,1
2795,251440,76249,1536,1
2796,181568,55078,1536,1
2797,160658,48706,1536,1
2798,157220,47634,1536,1
2799,157292,47684,1536,1
2800,159552,48355,1536,1
2801,157284,47657,1536,1
2802,157210,47713,1536,1
2803,187368,56793,1536,1
2804,154856,46947,1536,1
2805,149320,45270,1536,1
2806,257562,78073,1536,1
2807,241354,73170,1536,1
2808,243192,73735,1536,1
2809,224636,68104,1536,1
2810,162612,49274,1536,1
2811,213852,64815,1536,1
2812,184756,56033,1536,1
2813,232084,70335,1536,1
2814,159560,48358,1536,1
2815,157660,47791,1536,1
2816,202922,61514,1536,1
2817,158490,48108,1536,1
2818,159620,48360,1536,1
2819,179458,54398,1536,1
2820,236602,71726,1536,1
2821,161462,48954,1536,1
2822,160878,48768,1536,1
2823,157644,47777,1536,1
2824,159906,48482,1536,1
2825,266972,80932,1536,1
2826,258790,78472,1536,1
2827,246908,74851,1536,1
2828,246430,74669,1536,1
2829,246324,74637,1536,1
2830,225482,68422,1536,1
2831,222590,67444,1536,1
2832,234302,71005,1536,1
2833,247378,75000,1536,1
2834,237136,71949,1536,1
2835,558382,169179,1536,1
2836,240818,72984,1536,1
2837,216290,65578,1536,1
2838,219952,66679,1536,1
2839,253398,76815,1536,1
2840,257014,78024,1536,1
2841,239588,72627,1536,1
2842,210516,63827,1536,1
2843,179046,54295,1536,1
2844,441353,134024,1536,1
2845,233494,70825,1536,1
2846,156158,47344,1536,1
2847,148740,45080,1536,1
2848,216164,65536,1536,1
2849,246986,74883,1536,1
2850,168850,51183,1536,1
2851,163080,49435,1536,1
2852,236378,71691,1536,1
2853,270208,81921,1536,1
2854,261560,79287,1536,1
2855,264092,80071,1536,1
2856,277650,84155,1536,1
2857,270324,81944,1536,1
2858,269926,81838,1536,1
2859,254228,77028,1536,1
2860,272878,82674,1536,1
2861,248446,75318,1536,1
2862,254902,77249,1536,1
2863,246238,74726,1536,1
2864,238850,72393,1536,1
2865,286138,86744,1536,1
2866,249080,75507,1536,1
2867,239480,72592,1536,1
2868,246474,74724,1536,1
2869,253610,76879,1536,1
2870,247154,74924,1536,1
2871,226390,68630,1536,1
2872,218346,66187,1536,1
2873,246446,74714,1536,1
2874,235244,71322,1536,1
2875,219282,66477,1536,1
2876,286876,86966,1536,1
2877,237610,72030,1536,1
2878,242590,73547,1536,1
2879,241394,73162,1536,1
2880,358902,108910,1536,1
2881,213822,64829,1536,1
2882,162562,49271,1536,1
2883,230856,69947,1536,1
2884,265432,80477,1536,1
2885,311858,94547,1536,1
2886,273888,83018,1536,1
2887,245178,74325,1536,1
2888,250732,75985,1536,1
2889,331934,100696,1536,1
2890,235094,71245,1536,1
2891,479311,145379,1536,1
2892,211602,64131,1536,1
2893,355386,107893,1536,1
2894,203814,61788,1536,1
2895,345648,104784,1536,1
2896,331579,100613,1536,1
2897,249488,75641,1536,1
2898,170914,51814,1536,1
2899,170450,51674,1536,1
2900,358926,108769,1536,1
2901,168158,50977,1536,1
2902,167352,50705,1536,1
2903,167156,50675,1536,1
2904,203046,61563,1536,1
2905,240436,72909,1536,1
2906,244118,74018,1536,1
2907,160552,48675,1536,1
2908,162364,49194,1536,1
2909,167186,50674,1536,1
2910,175988,53411,1536,1
2911,170740,51762,1536,1
2912,164248,49798,1536,1
2913,161904,49068,1536,1
2914,158390,48005,1536,1
2915,159076,48199,1536,1
2916,229674,69623,1536,1
2917,218094,66290,1536,1
2918,158022,47879,1536,1
2919,158120,47909,1536,1
2920,160456,48651,1536,1
2921,161566,49000,1536,1
2922,246528,74737,1536,1
2923,155122,47040,1536,1
2924,247638,75069,1536,1
2925,324744,98423,1536,1
2926,205734,62561,1536,1
2927,205558,62333,1536,1
2928,233932,70968,1536,1
2929,258200,78280,1536,1
2930,262278,79543,1536,1
2931,248866,75434,1536,1
2932,248556,75378,1536,1
2933,253300,76745,1536,1
2934,233674,70816,1536,1
2935,163834,49679,1536,1
2936,437232,132804,1536,1
2937,332028,100717,1536,1
2938,160924,48788,1536,1
2939,239780,72688,1536,1
2940,229182,69481,1536,1
2941,245474,74418,1536,1
2942,247482,75025,1536,1
2943,263514,79895,1536,1
2944,157946,47892,1536,1
2945,149602,45329,1536,1
2946,148514,44998,1536,1
2947,164214,49782,1536,1
2948,151086,45804,1536,1
2949,149446,45281,1536,1
2950,281066,85443,1536,1
2951,210220,63733,1536,1
2952,228102,69216,1536,1
2953,235924,71495,1536,1
2954,160134,48549,1536,1
2955,151724,45973,1536,1
2956,184348,55862,1536,1
2957,148774,45078,1536,1
2958,147652,44739,1536,1
2959,155712,47198,1536,1
2960,191066,57914,1536,1
2961,149218,45218,1536,1
2962,231350,70131,1536,1
2963,149618,45362,1536,1
2964,159620,48398,1536,1
2965,156072,47319,1536,1
2966,156628,47455,1536,1
2967,156964,47559,1536,1
2968,161216,48875,1536,1
2969,157518,47738,1536,1
2970,162922,49410,1536,1
2971,157680,47774,1536,1
2972,161190,48867,1536,1
2973,241826,73302,1536,1
2974,293928,89081,1536,1
2975,234162,70978,1536,1
2976,179440,54389,1536,1
2977,156012,47293,1536,1
2978,152796,46319,1536,1
2979,158654,48096,1536,1
2980,167764,50874,1536,1
2981,152896,46336,1536,1
2982,165776,50233,1536,1
2983,173364,52531,1536,1
2984,160142,48551,1536,1
2985,143914,43616,1536,1
2986,208246,63145,1536,1
2987,145606,44142,1536,1
2988,148290,44957,1536,1
2989,146966,44554,1536,1
2990,144616,43830,1536,1
2991,144132,43683,1536,1
2992,143690,43537,1536,1
2993,143862,43604,1536,1
2994,164434,49830,1536,1
2995,145670,44154,1536,1
2996,143994,43704,1536,1
2997,228874,69378,1536,1
2998,261676,79315,1536,1
2999,177278,53755,1536,1
3000,206654,62672,1536,1
3001,198088,60042,1536,1
3002,192698,58389,1536,1
3003,204732,62085,1536,1
3004,223080,67641,1536,1
3005,192726,58437,1536,1
3006,198980,60324,1536,1
3007,179606,54444,1536,1
3008,198554,60168,1536,1
3009,193684,58791,1536,1
3010,200626,60818,1536,1
3011,267674,81160,1536,1
3012,355896,107858,1536,1
3013,524848,159609,1536,1
3014,191722,58131,1536,1
3015,313468,95193,1536,1
3016,224772,68104,1536,1
3017,196770,59659,1536,1
3018,187942,56950,1536,1
3019,191618,58068,1536,1
3020,223790,67804,1536,1
3021,228152,69128,1536,1
3022,305386,93091,1536,1
3023,241088,73374,1536,1
3024,258228,78264,1536,1
3025,236124,71573,1536,1
3026,238474,72252,1536,1
3027,235488,71355,1536,1
3028,245074,74289,1536,1
3029,164180,49789,1536,1
3030,226846,68771,1536,1
3031,157658,47767,1536,1
3032,158368,47985,1536,1
3033,158522,48058,1536,1
3034,158088,47929,1536,1
3035,157402,47694,1536,1
3036,159436,48332,1536,1
3037,158192,47955,1536,1
3038,162662,49283,1536,1
3039,158348,48004,1536,1
3040,165514,50237,1536,1
3041,157630,47786,1536,1
3042,205594,62328,1536,1
3043,160018,48511,1536,1
3044,188594,57166,1536,1
3045,204764,62064,1536,1
3046,192416,58343,1536,1
3047,149512,45331,1536,1
3048,208828,63276,1536,1
3049,153510,46540,1536,1
3050,201746,61172,1536,1
3051,156960,47556,1536,1
3052,157330,47700,1536,1
3053,157410,47695,1536,1
3054,156494,47430,1536,1
3055,157270,47655,1536,1
3056,167546,50769,1536,1
3057,157206,47634,1536,1
3058,159342,48309,1536,1
3059,156112,47310,1536,1
3060,156554,47432,1536,1
3061,158190,47928,1536,1
3062,156060,47285,1536,1
3063,156198,47327,1536,1
3064,167556,50821,1536,1
3065,175254,53144,1536,1
3066,149638,45340,1536,1
3067,149082,45202,1536,1
3068,152226,46176,1536,1
3069,148138,44899,1536,1
3070,241128,73103,1536,1
3071,161436,48953,1536,1
3072,145280,44020,1536,1
3073,143570,43530,1536,1
3074,158606,48080,1536,1
3075,268512,81427,1536,1
3076,241434,73184,1536,1
3077,207496,62902,1536,1
3078,203576,61720,1536,1
3079,228502,69260,1536,1
3080,259180,79661,1536,1
3081,230084,71022,1536,1
3082,193446,58646,1536,1
3083,198224,60059,1536,1
3084,216344,65600,1536,1
3085,200248,60715,1536,1
3086,152902,46327,1536,1
3087,178352,54063,1536,1
3088,199846,60556,1536,1
3089,186112,56397,1536,1
3090,231306,70113,1536,1
3091,179056,54282,1536,1
3092,253982,76985,1536,1
3093,188840,57248,1536,1
3094,184746,55987,1536,1
3095,197744,59911,1536,1
3096,193540,58674,1536,1
3097,201078,60964,1536,1
3098,161624,48997,1536,1
3099,154820,46933,1536,1
3100,196638,59811,1536,1
3101,153330,46468,1536,1
3102,152042,46078,1536,1
3103,180000,54564,1536,1
3104,207172,62807,1536,1
3105,148362,44975,1536,1
3106,148106,44874,1536,1
3107,147954,44828,1536,1
3108,148540,45010,1536,1
3109,148542,45024,1536,1
3110,216122,65487,1536,1
3111,225836,68457,1536,1
3112,207644,62950,1536,1
3113,221514,67155,1536,1
3114,231506,70173,1536,1
3115,180058,54574,1536,1
3116,184106,55893,1536,1
3117,205202,62187,1536,1
3118,197326,59806,1536,1
3119,208718,63270,1536,1
3120,198022,59997,1536,1
3121,211426,64056,1536,1
3122,282570,85647,1536,1
3123,246982,74863,1536,1
3124,195800,59382,1536,1
3125,304504,92299,1536,1
3126,406836,123526,1536,1
3127,290994,88211,1536,1
3128,242882,73630,1536,1
3129,222760,67528,1536,1
3130,459834,139564,1536,1
3131,450858,136706,1536,1
3132,217414,65913,1536,1
3133,225734,68427,1536,1
3134,229384,69527,1536,1
3135,227158,68857,1536,1
3136,223932,67855,1536,1
3137,205678,62411,1536,1
3138,436780,133174,1536,1
3139,226398,68611,1536,1
3140,222558,67473,1536,1
3141,214718,65095,1536,1
3142,202374,61341,1536,1
3143,233162,70679,1536,1
3144,194748,59040,1536,1
3145,204570,62020,1536,1
3146,187070,56707,1536,1
3147,204084,61877,1536,1
3148,198232,60095,1536,1
3149,163778,49668,1536,1
3150,217018,65765,1536,1
3151,148972,45164,1536,1
3152,141944,43034,1536,1
3153,196602,59630,1536,1
3154,179420,54470,1536,1
3155,217132,65811,1536,1
3156,225174,68246,1536,1
3157,163626,49614,1536,1
3158,219244,66446,1536,1
3159,203958,61833,1536,1
3160,224402,68008,1536,1
3161,1140129,345909,1536,1
3162,493332,149505,1536,1
3163,12747827,3861416,1536,1
3164,635666,193001,1536,1
3165,543118,164738,1536,1
3166,239694,72653,1536,1
3167,230522,69877,1536,1
3168,238424,72281,1536,1
3169,154858,46923,1536,1
3170,241252,73104,1536,1
3171,217940,66072,1536,1
3172,247802,75128,1536,1
3173,227066,68860,1536,1
3174,229284,69490,1536,1
3175,309794,93866,1536,1
3176,263088,79734,1536,1
3177,260830,79040,1536,1
3178,231970,70332,1536,1
3179,255642,77473,1536,1
3180,253968,76976,1536,1
3181,240554,72938,1536,1
3182,259514,78667,1536,1
3183,263532,79909,1536,1
3184,255446,77414,1536,1
3185,234144,70991,1536,1
3186,261060,79124,1536,1
3187,217136,65830,1536,1
3188,220500,66844,1536,1
3189,220546,66852,1536,1
3190,219268,66474,1536,1
3191,208168,63095,1536,1
3192,260798,79096,1536,1
3193,281038,85556,1536,1
3194,211000,63966,1536,1
3195,213412,64704,1536,1
3196,239622,72654,1536,1
3197,255806,77541,1536,1
3198,251960,76379,1536,1
3199,276748,83900,1536,1
3200,270556,82009,1536,1
3201,334782,101468,1536,1
3202,259838,78769,1536,1
3203,326994,99146,1536,1
3204,272530,82634,1536,1
3205,263646,80690,1536,1
3206,254278,77096,1536,1
3207,277068,84007,1536,1
3208,269144,81557,1536,1
3209,261104,79154,1536,1
3210,266724,80858,1536,1
3211,257780,78141,1536,1
3212,262524,79572,1536,1
3213,443796,134617,1536,1
3214,241558,73232,1536,1
3215,273178,82816,1536,1
3216,188458,57156,1536,1
3217,217782,66000,1536,1
3218,198406,60149,1536,1
3219,180534,54859,1536,1
3220,239376,72542,1536,1
3221,190626,57783,1536,1
3222,180796,54811,1536,1
3223,163316,49483,1536,1
3224,163176,49453,1536,1
3225,723876,219583,1536,1
3226,160282,48578,1536,1
3227,157830,47836,1536,1
3228,160240,48580,1536,1
3229,158154,47933,1536,1
3230,214836,65128,1536,1
3231,158050,47888,1536,1
3232,158400,48011,1536,1
3233,171716,52062,1536,1
3234,159432,48334,1536,1
3235,158218,47940,1536,1
3236,157288,47658,1536,1
3237,156702,47479,1536,1
3238,217790,65993,1536,1
3239,212228,64308,1536,1
3240,369320,112619,1536,1
3241,277110,84091,1536,1
3242,225502,68391,1536,1
3243,168958,51211,1536,1
3244,168516,51085,1536,1
3245,176718,53541,1536,1
3246,174748,52973,1536,1
3247,169756,51567,1536,1
3248,163034,49397,1536,1
3249,233950,70939,1536,1
3250,255028,77320,1536,1
3251,354470,108173,1536,1
3252,191966,58209,1536,1
3253,250432,75930,1536,1
3254,157146,47647,1536,1
3255,153916,46635,1536,1
3256,153144,46428,1536,1
3257,203736,61773,1536,1
3258,154292,46762,1536,1
3259,153740,46585,1536,1
3260,153520,46515,1536,1
3261,153346,46463,1536,1
3262,161682,49051,1536,1
3263,177612,53862,1536,1
3264,153016,46363,1536,1
3265,156532,47432,1536,1
3266,153422,46596,1536,1
3267,179052,54278,1536,1
3268,161184,48842,1536,1
3269,228264,69207,1536,1
3270,234908,71302,1536,1
3271,227586,68970,1536,1
3272,256786,77804,1536,1
3273,230950,69977,1536,1
3274,252626,76575,1536,1
3275,236782,71768,1536,1
3276,219106,66426,1536,1
3277,222736,67519,1536,1
3278,250458,75941,1536,1
3279,246264,74731,1536,1
3280,245562,74401,1536,1
3281,245034,74257,1536,1
3282,273788,82991,1536,1
3283,260126,78837,1536,1
3284,252968,76685,1536,1
3285,245914,74544,1536,1
3286,230250,69802,1536,1
3287,232732,70556,1536,1
3288,234050,70978,1536,1
3289,226094,68537,1536,1
3290,244916,74239,1536,1
3291,242774,73586,1536,1
3292,242028,73365,1536,1
3293,262926,79696,1536,1
3294,239326,72548,1536,1
3295,148900,45144,1536,1
3296,144046,43658,1536,1
3297,144050,43646,1536,1
3298,143564,43501,1536,1
3299,143054,43357,1536,1
3300,155274,47079,1536,1
3301,185532,56254,1536,1
3302,244054,73976,1536,1
3303,227804,69050,1536,1
3304,238566,72316,1536,1
3305,231728,70243,1536,1
3306,231438,70122,1536,1
3307,231838,70246,1536,1
3308,148872,45131,1536,1
3309,152416,46208,1536,1
3310,148098,44872,1536,1
3311,147896,44812,1536,1
3312,148354,44949,1536,1
3313,148140,44907,1536,1
3314,172980,52431,1536,1
3315,142794,43295,1536,1
3316,151142,45822,1536,1
3317,184832,56102,1536,1
3318,147736,44775,1536,1
3319,148212,44905,1536,1
3320,147692,44748,1536,1
3321,148816,45089,1536,1
3322,148700,45101,1536,1
3323,136080,41242,1536,1
3324,134728,40849,1536,1
3325,178088,54019,1536,1
3326,136354,41337,1536,1
3327,136158,41256,1536,1
3328,136676,41437,1536,1
3329,140418,42545,1536,1
3330,138940,42123,1536,1
3331,139078,42162,1536,1
3332,137858,41787,1536,1
3333,138860,42087,1536,1
3334,190804,57951,1536,1
3335,204316,61920,1536,1
3336,147830,44814,1536,1
3337,144798,43898,1536,1
3338,143668,43554,1536,1
3339,143838,43579,1536,1
3340,143202,43411,1536,1
3341,143038,43363,1536,1
3342,144240,43732,1536,1
3343,135544,41068,1536,1
3344,137444,41661,1536,1
3345,135738,41128,1536,1
3346,135722,41122,1536,1
3347,138322,42041,1536,1
3348,214482,64988,1536,1
3349,219452,66513,1536,1
3350,181532,55039,1536,1
3351,221350,67218,1536,1
3352,205484,62300,1536,1
3353,171146,52334,1536,1
3354,160372,48619,1536,1
3355,136502,41359,1536,1
3356,140374,42556,1536,1
3357,137106,41566,1536,1
3358,181698,55085,1536,1
3359,154916,46967,1536,1
3360,136680,41493,1536,1
3361,136270,41287,1536,1
3362,230516,69880,1536,1
3363,179124,54275,1536,1
3364,182064,55198,1536,1
3365,188584,57175,1536,1
3366,326306,98884,1536,1
3367,313257,95333,1536,1
3368,195016,59113,1536,1
3369,209316,63430,1536,1
3370,141600,42931,1536,1
3371,140128,42480,1536,1
3372,184050,55798,1536,1
3373,140342,42533,1536,1
3374,140364,42540,1536,1
3375,151096,45804,1536,1
3376,144236,43700,1536,1
3377,219464,66543,1536,1
3378,216088,65505,1536,1
3379,221368,67077,1536,1
3380,217572,65963,1536,1
3381,443782,134932,1536,1
3382,336215,102195,1536,1
3383,229766,69674,1536,1
3384,147254,44636,1536,1
3385,143924,43607,1536,1
3386,144166,43680,1536,1
3387,143750,43556,1536,1
3388,144134,43670,1536,1
3389,145984,44230,1536,1
3390,197454,59835,1536,1
3391,210918,64036,1536,1
3392,220098,66774,1536,1
3393,234284,71000,1536,1
3394,228352,69493,1536,1
3395,152772,46320,1536,1
3396,146902,44531,1536,1
3397,153552,46565,1536,1
3398,196844,59677,1536,1
3399,190282,57727,1536,1
3400,152092,46093,1536,1
3401,136282,41293,1536,1
3402,239916,72724,1536,1
3403,198684,60260,1536,1
3404,178606,54143,1536,1
3405,195742,59336,1536,1
3406,150762,45702,1536,1
3407,243628,73851,1536,1
3408,155124,47011,1536,1
3409,153282,46458,1536,1
3410,154780,46894,1536,1
3411,148152,44900,1536,1
3412,195952,59634,1536,1
3413,151580,45938,1536,1
3414,148356,44963,1536,1
3415,147936,44835,1536,1
3416,147794,44778,1536,1
3417,141348,42851,1536,1
3418,152150,46147,1536,1
3419,226230,68581,1536,1
3420,214842,65130,1536,1
3421,240426,72882,1536,1
3422,294644,89323,1536,1
3423,235336,71353,1536,1
3424,225534,68379,1536,1
3425,176192,53835,1536,1
3426,158676,48101,1536,1
3427,157020,47601,1536,1
3428,154594,46838,1536,1
3429,183980,55748,1536,1
3430,172044,52124,1536,1
3431,309486,93755,1536,1
3432,156354,47372,1536,1
3433,222276,67382,1536,1
3434,223688,67810,1536,1
3435,229214,69492,1536,1
3436,315346,95660,1536,1
3437,261528,79530,1536,1
3438,147910,44841,1536,1
3439,147006,44541,1536,1
3440,144386,43747,1536,1
3441,147342,44673,1536,1
3442,143236,43412,1536,1
3443,143568,43525,1536,1
3444,145658,44147,1536,1
3445,141578,42923,1536,1
3446,158192,47952,1536,1
3447,140742,42644,1536,1
3448,142998,43326,1536,1
3449,191970,58295,1536,1
3450,179808,54535,1536,1
3451,142906,43312,1536,1
3452,147082,44563,1536,1
3453,205462,62284,1536,1
3454,216512,65619,1536,1
3455,225320,68284,1536,1
3456,223950,67899,1536,1
3457,156602,47485,1536,1
3458,203626,61725,1536,1
3459,141720,42965,1536,1
3460,185646,56279,1536,1
3461,323256,97982,1536,1
3462,222532,67451,1536,1
3463,219606,66570,1536,1
3464,213768,64800,1536,1
3465,230598,69902,1536,1
3466,153168,46438,1536,1
3467,154146,46727,1536,1
3468,213056,64596,1536,1
3469,165368,50149,1536,1
3470,151798,46024,1536,1
3471,149220,45224,1536,1
3472,167338,50753,1536,1
3473,147866,44813,1536,1
3474,205862,62407,1536,1
3475,213126,64600,1536,1
3476,150644,45668,1536,1
3477,183722,55672,1536,1
3478,217232,65850,1536,1
3479,144258,43733,1536,1
3480,139976,42424,1536,1
3481,144518,43819,1536,1
3482,140028,42427,1536,1
3483,139922,42396,1536,1
3484,139248,42194,1536,1
3485,138350,41920,1536,1
3486,216924,65762,1536,1
3487,196068,59453,1536,1
3488,163254,49517,1536,1
3489,143050,43372,1536,1
3490,141650,42931,1536,1
3491,140550,42591,1536,1
3492,141428,42851,1536,1
3493,141224,42801,1536,1
3494,139350,42222,1536,1
3495,143154,43375,1536,1
3496,141124,42758,1536,1
3497,139178,42171,1536,1
3498,184746,56016,1536,1
3499,144854,43930,1536,1
3500,140402,42569,1536,1
3501,162518,49287,1536,1
3502,147696,44773,1536,1
3503,212610,64452,1536,1
3504,151652,45961,1536,1
3505,219738,66613,1536,1
3506,149790,45404,1536,1
3507,183542,55661,1536,1
3508,151536,45940,1536,1
3509,171942,52102,1536,1
3510,150378,45587,1536,1
3511,150226,45516,1536,1
3512,152252,46160,1536,1
3513,150676,45664,1536,1
3514,201804,61263,1536,1
3515,297888,90272,1536,1
3516,163466,49679,1536,1
3517,149448,45293,1536,1
3518,150420,45575,1536,1
3519,193322,58617,1536,1
3520,142078,43074,1536,1
3521,153144,46442,1536,1
3522,140112,42481,1536,1
3523,139570,42315,1536,1
3524,260118,79165,1536,1
3525,193430,58609,1536,1
3526,171590,52017,1536,1
3527,155364,47082,1536,1
3528,219472,66521,1536,1
3529,228310,69240,1536,1
3530,225168,68266,1536,1
3531,215856,65721,1536,1
3532,153816,46629,1536,1
3533,151350,45881,1536,1
3534,149694,45399,1536,1
3535,213818,64820,1536,1
3536,569511,172989,1536,1
3537,231966,70314,1536,1
3538,310196,94367,1536,1
3539,149444,45278,1536,1
3540,206350,62554,1536,1
3541,325180,98587,1536,1
3542,220870,66950,1536,1
3543,230256,69797,1536,1
3544,228480,69283,1536,1
3545,276248,84105,1536,1
3546,233756,70878,1536,1
3547,230378,69821,1536,1
3548,216140,65487,1536,1
3549,211652,64173,1536,1
3550,209142,63398,1536,1
3551,205590,62330,1536,1
3552,286678,87365,1536,1
3553,192570,58377,1536,1
3554,212810,64494,1536,1
3555,196018,59414,1536,1
3556,192252,58270,1536,1
3557,207562,62890,1536,1
3558,385012,116676,1536,1
3559,222196,67370,1536,1
3560,288474,87475,1536,1
3561,239390,72614,1536,1
3562,232884,70600,1536,1
3563,247160,74920,1536,1
3564,257228,77972,1536,1
3565,249168,75532,1536,1
3566,234858,71281,1536,1
3567,241336,73141,1536,1
3568,241588,73233,1536,1
3569,249766,75723,1536,1
3570,251334,76193,1536,1
3571,252742,76624,1536,1
3572,210246,63745,1536,1
3573,235446,71377,1536,1
3574,220118,66705,1536,1
3575,236486,71649,1536,1
3576,212118,65949,1536,1
3577,227818,69060,1536,1
3578,224770,68146,1536,1
3579,254624,77202,1536,1
3580,312732,94798,1536,1
3581,171106,51883,1536,1
3582,346835,105294,1536,1
3583,207792,62991,1536,1
3584,204318,61957,1536,1
3585,243520,73840,1536,1
3586,349790,105998,1536,1
3587,357960,109246,1536,1
3588,373509,113519,1536,1
3589,368795,112277,1536,1
3590,219368,66506,1536,1
3591,246054,74595,1536,1
3592,242920,73633,1536,1
3593,259552,78682,1536,1
3594,254896,77240,1536,1
3595,258096,78199,1536,1
3596,272960,82704,1536,1
3597,225428,68344,1536,1
3598,230506,69885,1536,1
3599,267614,81095,1536,1
3600,308852,93746,1536,1
3601,249752,75714,1536,1
3602,164650,49918,1536,1
3603,162158,49158,1536,1
3604,190858,57876,1536,1
3605,246922,74855,1536,1
3606,246036,74594,1536,1
3607,324318,98366,1536,1
3608,237842,72097,1536,1
3609,187062,56829,1536,1
3610,164622,49909,1536,1
3611,251988,76375,1536,1
3612,170140,51575,1536,1
3613,166394,50449,1536,1
3614,234478,71064,1536,1
3615,182964,55568,1536,1
3616,164638,49911,1536,1
3617,165072,50090,1536,1
3618,165696,50235,1536,1
3619,216292,65549,1536,1
3620,175874,53337,1536,1
3621,230990,70016,1536,1
3622,219780,66633,1536,1
3623,219964,66678,1536,1
3624,220820,66934,1536,1
3625,217574,65960,1536,1
3626,216490,65730,1536,1
3627,255006,77322,1536,1
3628,3476214,1053202,1536,1
3629,250816,76044,1536,1
3630,242600,73551,1536,1
3631,249276,75593,1536,1
3632,249904,75791,1536,1
3633,244568,74182,1536,1
3634,247364,74977,1536,1
3635,239742,72695,1536,1
3636,220346,66798,1536,1
3637,218600,66263,1536,1
3638,208736,63288,1536,1
3639,289330,87747,1536,1
3640,258562,78376,1536,1
3641,272894,82716,1536,1
3642,271638,82341,1536,1
3643,267552,81104,1536,1
3644,269476,81675,1536,1
3645,275018,83369,1536,1
3646,252708,76610,1536,1
3647,244530,74114,1536,1
3648,265722,80566,1536,1
3649,247520,75005,1536,1
3650,239930,72730,1536,1
3651,244410,74089,1536,1
3652,245196,74335,1536,1
3653,239592,72643,1536,1
3654,246198,74623,1536,1
3655,241730,73286,1536,1
3656,240980,73054,1536,1
3657,242856,73620,1536,1
3658,255388,77421,1536,1
3659,254736,77216,1536,1
3660,242260,73440,1536,1
3661,160244,48576,1536,1
3662,159170,48253,1536,1
3663,150812,45721,1536,1
3664,225504,68346,1536,1
3665,300200,90970,1536,1
3666,250242,75846,1536,1
3667,176202,53412,1536,1
3668,148754,45072,1536,1
3669,147828,44789,1536,1
3670,198656,60230,1536,1
3671,146720,44467,1536,1
3672,160876,48769,1536,1
3673,145428,44076,1536,1
3674,145194,44004,1536,1
3675,144686,43839,1536,1
3676,146204,44297,1536,1
3677,145362,44049,1536,1
3678,145804,44177,1536,1
3679,175848,53321,1536,1
3680,186220,56465,1536,1
3681,301630,91437,1536,1
3682,351294,106482,1536,1
3683,227048,68837,1536,1
3684,178982,54281,1536,1
3685,144026,43638,1536,1
3686,144474,43775,1536,1
3687,143878,43594,1536,1
3688,142786,43288,1536,1
3689,144288,43719,1536,1
3690,143302,43420,1536,1
3691,143892,43599,1536,1
3692,146412,44386,1536,1
3693,142992,43351,1536,1
3694,145254,44104,1536,1
3695,146094,44277,1536,1
3696,148946,45142,1536,1
3697,145158,44103,1536,1
3698,172100,52322,1536,1
3699,253696,76977,1536,1
3700,227934,69117,1536,1
3701,208522,63220,1536,1
3702,218188,66150,1536,1
3703,236594,71715,1536,1
3704,239022,72469,1536,1
3705,150732,45684,1536,1
3706,148570,45014,1536,1
3707,151414,45903,1536,1
3708,148648,45048,1536,1
3709,167738,50849,1536,1
3710,209366,63475,1536,1
3711,211580,64147,1536,1
3712,155062,46996,1536,1
3713,212774,64483,1536,1
3714,209618,63545,1536,1
3715,168172,51003,1536,1
3716,162050,49151,1536,1
3717,191056,57929,1536,1
3718,171866,52115,1536,1
3719,170674,51756,1536,1
3720,148656,45066,1536,1
3721,148108,44903,1536,1
3722,148438,45001,1536,1
3723,215794,65396,1536,1
3724,144172,43712,1536,1
3725,141590,42925,1536,1
3726,140126,42460,1536,1
3727,139358,42227,1536,1
3728,138198,41873,1536,1
3729,194344,58971,1536,1
3730,221544,67133,1536,1
3731,144758,43860,1536,1
3732,188258,57081,1536,1
3733,149944,45460,1536,1
3734,146376,44376,1536,1
3735,140758,42648,1536,1
3736,141248,42798,1536,1
3737,142012,43029,1536,1
3738,151448,45885,1536,1
3739,222264,67378,1536,1
3740,157148,47641,1536,1
3741,154642,46871,1536,1
3742,153282,46441,1536,1
3743,152744,46278,1536,1
3744,152320,46164,1536,1
3745,144600,43853,1536,1
3746,140410,42542,1536,1
3747,141574,42895,1536,1
3748,238993,72715,1536,1
3749,154678,46893,1536,1
3750,152982,46378,1536,1
3751,152286,46165,1536,1
3752,153394,46481,1536,1
3753,151712,45978,1536,1
3754,179976,54576,1536,1
3755,154650,46882,1536,1
3756,152936,46362,1536,1
3757,153618,46543,1536,1
3758,152962,46346,1536,1
3759,159220,48292,1536,1
3760,146456,44399,1536,1
3761,144400,43766,1536,1
3762,144318,43727,1536,1
3763,159172,48257,1536,1
3764,154332,46762,1536,1
3765,146640,44456,1536,1
3766,231438,70155,1536,1
3767,173650,52643,1536,1
3768,153906,46669,1536,1
3769,200032,60635,1536,1
3770,193484,58642,1536,1
3771,213808,64828,1536,1
3772,217498,65930,1536,1
3773,222668,67565,1536,1
3774,217450,65887,1536,1
3775,217696,65960,1536,1
3776,219936,66664,1536,1
3777,224342,68114,1536,1
3778,212654,64450,1536,1
3779,266308,80746,1536,1
3780,228986,69412,1536,1
3781,171356,51969,1536,1
3782,221828,67227,1536,1
3783,192124,58379,1536,1
3784,150436,45590,1536,1
3785,180506,54738,1536,1
3786,214988,65170,1536,1
3787,149946,45456,1536,1
3788,147864,44826,1536,1
3789,147494,44714,1536,1
3790,148386,44983,1536,1
3791,147552,44736,1536,1
3792,168710,51199,1536,1
3793,225718,68406,1536,1
3794,151274,45857,1536,1
3795,151136,45792,1536,1
3796,185546,56246,1536,1
3797,222780,67530,1536,1
3798,236388,71672,1536,1
3799,195336,59264,1536,1
3800,149894,45444,1536,1
3801,185022,56066,1536,1
3802,213252,64625,1536,1
3803,226932,68779,1536,1
3804,228202,69136,1536,1
3805,227130,68849,1536,1
3806,171770,52082,1536,1
3807,142006,43051,1536,1
3808,140342,42523,1536,1
3809,190034,57597,1536,1
3810,141010,42724,1536,1
3811,189358,57399,1536,1
3812,144246,43704,1536,1
3813,142926,43316,1536,1
3814,146024,44350,1536,1
3815,142660,43250,1536,1
3816,288685,88460,1536,1
3817,236392,71663,1536,1
3818,220058,66679,1536,1
3819,201464,61091,1536,1
3820,148862,45124,1536,1
3821,259487,79040,1536,1
3822,313734,95431,1536,1
3823,351737,106942,1536,1
3824,226840,68760,1536,1
3825,228514,69683,1536,1
3826,150392,45583,1536,1
3827,151228,45843,1536,1
3828,148610,45052,1536,1
3829,150846,45731,1536,1
3830,148996,45169,1536,1
3831,150650,45663,1536,1
3832,151692,45989,1536,1
3833,150644,45645,1536,1
3834,208730,63283,1536,1
3835,161668,49006,1536,1
3836,148612,45052,1536,1
3837,150946,45734,1536,1
3838,148504,44994,1536,1
3839,159028,48211,1536,1
3840,140554,42612,1536,1
3841,168296,51022,1536,1
3842,143022,43365,1536,1
3843,139938,42400,1536,1
3844,140646,42614,1536,1
3845,140250,42494,1536,1
3846,138836,42080,1536,1
3847,193156,58571,1536,1
3848,207676,62964,1536,1
3849,155084,47003,1536,1
3850,152816,46312,1536,1
3851,152868,46315,1536,1
3852,185044,56067,1536,1
3853,158560,48141,1536,1
3854,234508,71068,1536,1
3855,493456,149504,1536,1
3856,195254,59177,1536,1
3857,189956,57562,1536,1
3858,154914,46936,1536,1
3859,165000,50041,1536,1
3860,144628,43821,1536,1
3861,145860,44198,1536,1
3862,158214,48036,1536,1
3863,173160,52528,1536,1
3864,232258,70391,1536,1
3865,223400,67770,1536,1
3866,168856,51335,1536,1
3867,143474,43499,1536,1
3868,145990,44262,1536,1
3869,143924,43620,1536,1
3870,144188,43687,1536,1
3871,145236,44018,1536,1
3872,146586,44415,1536,1
3873,186802,56600,1536,1
3874,200966,61007,1536,1
3875,141524,42892,1536,1
3876,181548,55048,1536,1
3877,139742,42354,1536,1
3878,138892,42084,1536,1
3879,164054,49770,1536,1
3880,148542,45005,1536,1
3881,253311,76883,1536,1
3882,265411,80757,1536,1
3883,150422,45600,1536,1
3884,149092,45183,1536,1
3885,150488,45619,1536,1
3886,148124,44879,1536,1
3887,148138,44883,1536,1
3888,145498,44113,1536,1
3889,148140,44912,1536,1
3890,142672,43317,1536,1
3891,187044,56714,1536,1
3892,151174,45839,1536,1
3893,144622,43819,1536,1
3894,241990,73646,1536,1
3895,240342,72854,1536,1
3896,183274,55538,1536,1
3897,326030,98863,1536,1
3898,237784,72090,1536,1
3899,221262,67094,1536,1
3900,199918,60579,1536,1
3901,197902,59993,1536,1
3902,192220,58276,1536,1
3903,190230,57636,1536,1
3904,200330,60715,1536,1
3905,213142,64596,1536,1
3906,214108,64871,1536,1
3907,235720,71462,1536,1
3908,251802,76344,1536,1
3909,241318,73144,1536,1
3910,230500,69875,1536,1
3911,221502,67152,1536,1
3912,248808,75408,1536,1
3913,238298,72236,1536,1
3914,225392,68327,1536,1
3915,233394,70771,1536,1
3916,238036,72173,1536,1
3917,230826,69959,1536,1
3918,169776,51494,1536,1
3919,149768,45397,1536,1
3920,241414,73192,1536,1
3921,258534,78372,1536,1
3922,246386,74694,1536,1
3923,240314,72850,1536,1
3924,151304,45843,1536,1
3925,200466,60763,1536,1
3926,189222,57363,1536,1
3927,148754,45085,1536,1
3928,260920,79087,1536,1
3929,160550,48672,1536,1
3930,248052,75169,1536,1
3931,180606,54774,1536,1
3932,201214,61008,1536,1
3933,177994,53935,1536,1
3934,161708,49020,1536,1
3935,229718,69651,1536,1
3936,261692,79310,1536,1
3937,263700,79948,1536,1
3938,271208,82221,1536,1
3939,254790,77208,1536,1
3940,256116,77629,1536,1
3941,249924,75743,1536,1
3942,243958,73936,1536,1
3943,245120,74333,1536,1
3944,252184,76445,1536,1
3945,387988,117880,1536,1
3946,267410,81065,1536,1
3947,274422,83170,1536,1
3948,273298,82848,1536,1
3949,257244,78065,1536,1
3950,272592,82646,1536,1
3951,266236,80793,1536,1
3952,171780,52079,1536,1
3953,247188,74937,1536,1
3954,249226,75550,1536,1
3955,268784,81472,1536,1
3956,327630,99349,1536,1
3957,267110,80950,1536,1
3958,299406,90762,1536,1
3959,293934,89100,1536,1
3960,257322,77970,1536,1
3961,290214,87976,1536,1
3962,290686,88107,1536,1
3963,293862,89083,1536,1
3964,287704,87217,1536,1
3965,291214,88273,1536,1
3966,281746,85406,1536,1
3967,290288,87994,1536,1
3968,282836,85736,1536,1
3969,276054,83694,1536,1
3970,255060,77341,1536,1
3971,255678,77520,1536,1
3972,164052,49705,1536,1
3973,259022,78504,1536,1
3974,274544,83224,1536,1
3975,330812,100267,1536,1
3976,242124,73385,1536,1
3977,378498,114720,1536,1
3978,248760,75418,1536,1
3979,345226,104632,1536,1
3980,235700,71468,1536,1
3981,236650,71747,1536,1
3982,249426,76756,1536,1
3983,179192,54320,1536,1
3984,174092,52745,1536,1
3985,195550,59255,1536,1
3986,264466,80227,1536,1
3987,174424,52883,1536,1
3988,161954,49098,1536,1
3989,191976,58172,1536,1
3990,234620,71124,1536,1
3991,187794,56953,1536,1
3992,168350,51035,1536,1
3993,168246,51005,1536,1
3994,167988,50897,1536,1
3995,228348,69229,1536,1
3996,168306,51022,1536,1
3997,168496,51147,1536,1
3998,248076,75273,1536,1
3999,159708,48390,1536,1
4000,161598,48988,1536,1
4001,190558,57786,1536,1
4002,161388,48928,1536,1
4003,159718,48421,1536,1
4004,159690,48399,1536,1
4005,206638,62654,1536,1
4006,245494,74416,1536,1
4007,242004,73423,1536,1
4008,163236,49473,1536,1
4009,165496,50148,1536,1
4010,161788,49047,1536,1
4011,154796,46933,1536,1
4012,252358,76482,1536,1
4013,188208,57047,1536,1
4014,188144,57007,1536,1
4015,290650,88096,1536,1
4016,211764,64190,1536,1
4017,235778,71485,1536,1
4018,199448,60472,1536,1
4019,202744,61470,1536,1
4020,196458,59562,1536,1
4021,197034,59710,1536,1
4022,269258,82048,1536,1
4023,263898,80015,1536,1
4024,293514,88974,1536,1
4025,207504,62913,1536,1
4026,206240,62530,1536,1
4027,209720,63598,1536,1
4028,211006,63936,1536,1
4029,204676,62055,1536,1
4030,204456,61993,1536,1
4031,158782,48141,1536,1
4032,155018,46996,1536,1
4033,153326,46457,1536,1
4034,154024,46669,1536,1
4035,232238,70409,1536,1
4036,150858,45710,1536,1
4037,159648,48415,1536,1
4038,150322,45546,1536,1
4039,203132,61592,1536,1
4040,186254,56436,1536,1
4041,163922,49672,1536,1
4042,228140,69126,1536,1
4043,238878,72396,1536,1
4044,237446,71945,1536,1
4045,282638,85652,1536,1
4046,242206,74139,1536,1
4047,183358,55593,1536,1
4048,207108,62755,1536,1
4049,233468,70742,1536,1
4050,234648,71120,1536,1
4051,158672,48103,1536,1
4052,175772,53313,1536,1
4053,198654,60242,1536,1
4054,219026,66412,1536,1
4055,165444,50152,1536,1
4056,163038,49423,1536,1
4057,167528,50802,1536,1
4058,153388,46474,1536,1
4059,153744,46610,1536,1
4060,147868,44834,1536,1
4061,831889,252278,1536,1
4062,240384,72849,1536,1
4063,230294,69797,1536,1
4064,232450,70444,1536,1
4065,228896,69377,1536,1
4066,243262,73734,1536,1
4067,238498,72289,1536,1
4068,171592,52003,1536,1
4069,164246,49787,1536,1
4070,159310,48280,1536,1
4071,156188,47349,1536,1
4072,149644,45378,1536,1
4073,145694,44170,1536,1
4074,144130,43697,1536,1
4075,143658,43527,1536,1
4076,172580,52336,1536,1
4077,157446,47746,1536,1
4078,144864,43905,1536,1
4079,143510,43508,1536,1
4080,188592,57162,1536,1
4081,145562,44104,1536,1
4082,144834,43909,1536,1
4083,143698,43565,1536,1
4084,142720,43270,1536,1
4085,140534,42606,1536,1
4086,143212,43404,1536,1
4087,141728,42942,1536,1
4088,140370,42531,1536,1
4089,140140,42463,1536,1
4090,140008,42421,1536,1
4091,142920,43317,1536,1
4092,213832,64825,1536,1
4093,142514,43205,1536,1
4094,140028,42457,1536,1
4095,142482,43197,1536,1
4096,187298,56772,1536,1
4097,424596,128681,1536,1
4098,197926,59981,1536,1
4099,167314,50716,1536,1
4100,148720,45060,1536,1
4101,231852,70246,1536,1
4102,214584,65056,1536,1
4103,225174,68335,1536,1
4104,216706,65700,1536,1
4105,215652,65349,1536,1
4106,205068,62150,1536,1
4107,219224,66454,1536,1
4108,220544,66855,1536,1
4109,231988,70307,1536,1
4110,213344,64654,1536,1
4111,205416,62253,1536,1
4112,213050,64573,1536,1
4113,207360,62880,1536,1
4114,242216,73431,1536,1
4115,128820,39031,1536,1
4116,268032,81230,1536,1
4117,138386,41959,1536,1
4118,128914,39060,1536,1
4119,128266,38864,1536,1
4120,127600,38663,1536,1
4121,177306,53756,1536,1
4122,128648,38980,1536,1
4123,128696,39005,1536,1
4124,128048,38797,1536,1
4125,127852,38749,1536,1
4126,128130,38833,1536,1
4127,158554,48079,1536,1
4128,177228,53733,1536,1
4129,128318,38889,1536,1
4130,127478,38638,1536,1
4131,127730,38701,1536,1
4132,155758,47232,1536,1
4133,129254,39186,1536,1
4134,129514,39264,1536,1
4135,167314,50732,1536,1
4136,128846,39054,1536,1
4137,250840,76052,1536,1
4138,128398,38915,1536,1
4139,129636,39302,1536,1
4140,127868,38756,1536,1
4141,128240,38949,1536,1
4142,124986,37870,1536,1
4143,124270,37656,1536,1
4144,124288,37681,1536,1
4145,124336,37673,1536,1
4146,126332,38299,1536,1
4147,124776,37830,1536,1
4148,125496,38023,1536,1
4149,126358,38312,1536,1
4150,124522,37826,1536,1
4151,126014,38191,1536,1
4152,121192,36720,1536,1
4153,121408,36785,1536,1
4154,123402,37411,1536,1
4155,137714,41751,1536,1
4156,130168,39437,1536,1
4157,216282,65602,1536,1
4158,196884,59687,1536,1
4159,181098,54900,1536,1
4160,181614,55058,1536,1
4161,181340,54982,1536,1
4162,173858,52708,1536,1
4163,173100,52447,1536,1
4164,184570,55952,1536,1
4165,152384,46266,1536,1
4166,130014,39413,1536,1
4167,190356,57684,1536,1
4168,128680,39009,1536,1
4169,144378,43785,1536,1
4170,135080,40946,1536,1
4171,163088,49725,1536,1
4172,131388,39939,1536,1
4173,163204,49477,1536,1
4174,159088,48235,1536,1
4175,197864,59980,1536,1
4176,189394,57417,1536,1
4177,227308,68929,1536,1
4178,203188,61581,1536,1
4179,192482,58322,1536,1
4180,208494,63188,1536,1
4181,216710,65679,1536,1
4182,131006,39714,1536,1
4183,131320,39794,1536,1
4184,210006,63656,1536,1
4185,133812,40566,1536,1
4186,173900,52726,1536,1
4187,201502,61081,1536,1
4188,207756,62969,1536,1
4189,201032,60912,1536,1
4190,216124,65479,1536,1
4191,175964,53346,1536,1
4192,246050,74585,1536,1
4193,198632,60220,1536,1
4194,197474,59841,1536,1
4195,167724,50861,1536,1
4196,143942,43611,1536,1
4197,212862,64554,1536,1
4198,212884,64546,1536,1
4199,208538,63186,1536,1
4200,243240,73752,1536,1
4201,161008,48833,1536,1
4202,218278,66219,1536,1
4203,150552,45640,1536,1
4204,149014,45174,1536,1
4205,189452,57431,1536,1
4206,222236,67340,1536,1
4207,239532,72609,1536,1
4208,347120,105307,1536,1
4209,198270,60118,1536,1
4210,227134,68837,1536,1
4211,152168,46129,1536,1
4212,152520,46239,1536,1
4213,177936,53942,1536,1
4214,149208,45233,1536,1
4215,187254,56782,1536,1
4216,166758,50569,1536,1
4217,234482,71087,1536,1
4218,199666,60534,1536,1
4219,206058,62433,1536,1
4220,194310,58959,1536,1
4221,203992,61839,1536,1
4222,466093,141745,1536,1
4223,150320,45556,1536,1
4224,148832,45124,1536,1
4225,148580,45041,1536,1
4226,1003133,304327,1536,1
4227,215990,65455,1536,1
4228,151688,45984,1536,1
4229,150198,45539,1536,1
4230,169764,51444,1536,1
4231,217996,66058,1536,1
4232,287364,87638,1536,1
4233,1010942,306462,1536,1
4234,154572,46857,1536,1
4235,210078,63714,1536,1
4236,298263,90531,1536,1
4237,155532,47153,1536,1
4238,144392,43761,1536,1
4239,143956,43622,1536,1
4240,145900,44237,1536,1
4241,145118,43973,1536,1
4242,197400,59850,1536,1
4243,181530,55043,1536,1
4244,217632,65976,1536,1
4245,173144,52457,1536,1
4246,144944,43915,1536,1
4247,148178,44922,1536,1
4248,146206,44325,1536,1
4249,155642,47183,1536,1
4250,150048,45464,1536,1
4251,151038,45788,1536,1
4252,148572,45030,1536,1
4253,185686,56305,1536,1
4254,149280,45230,1536,1
4255,149712,45362,1536,1
4256,164300,49811,1536,1
4257,265030,80339,1536,1
4258,214464,65015,1536,1
4259,242836,73623,1536,1
4260,240690,72966,1536,1
4261,254800,77234,1536,1
4262,245712,74462,1536,1
4263,225810,68468,1536,1
4264,215154,65231,1536,1
4265,160124,48513,1536,1
4266,162232,49151,1536,1
4267,243802,73880,1536,1
4268,242822,73569,1536,1
4269,253710,76899,1536,1
4270,215448,65311,1536,1
4271,206088,62469,1536,1
4272,215714,65398,1536,1
4273,243034,73665,1536,1
4274,238668,72364,1536,1
4275,230086,69755,1536,1
4276,234966,71191,1536,1
4277,246432,74701,1536,1
4278,245308,74347,1536,1
4279,225412,68358,1536,1
4280,175418,53253,1536,1
4281,178626,54144,1536,1
4282,157614,47769,1536,1
4283,159908,48481,1536,1
4284,157128,47634,1536,1
4285,156834,47518,1536,1
4286,159262,48281,1536,1
4287,157480,47741,1536,1
4288,157830,47834,1536,1
4289,157184,47651,1536,1
4290,157348,47673,1536,1
4291,176718,53591,1536,1
4292,157258,47647,1536,1
4293,160096,48530,1536,1
4294,157874,47852,1536,1
4295,158624,48087,1536,1
4296,159280,48289,1536,1
4297,149312,45267,1536,1
4298,148760,45101,1536,1
4299,148270,44924,1536,1
4300,148156,44890,1536,1
4301,143336,43430,1536,1
4302,143098,43383,1536,1
4303,144344,43735,1536,1
4304,144520,43788,1536,1
4305,143742,43565,1536,1
4306,143200,43401,1536,1
4307,142876,43292,1536,1
4308,146646,44460,1536,1
4309,144140,43698,1536,1
4310,143812,43586,1536,1
4311,145154,44009,1536,1
4312,143994,43642,1536,1
4313,143768,43566,1536,1
4314,143332,43453,1536,1
4315,143210,43393,1536,1
4316,143084,43365,1536,1
4317,148092,44901,1536,1
4318,153650,46581,1536,1
4319,152428,46196,1536,1
4320,151776,45985,1536,1
4321,151696,45974,1536,1
4322,152484,46199,1536,1
4323,173714,52636,1536,1
4324,185406,56197,1536,1
4325,185732,56310,1536,1
4326,239306,72549,1536,1
4327,228052,69129,1536,1
4328,224466,68057,1536,1
4329,238528,72299,1536,1
4330,149542,45324,1536,1
4331,225526,68348,1536,1
4332,150424,45604,1536,1
4333,225496,68375,1536,1
4334,237766,72080,1536,1
4335,234150,70982,1536,1
4336,230438,69851,1536,1
4337,246910,74897,1536,1
4338,226892,68770,1536,1
4339,225290,68302,1536,1
4340,231692,70249,1536,1
4341,230336,69836,1536,1
4342,233860,70877,1536,1
4343,240846,72983,1536,1
4344,198744,60265,1536,1
4345,147738,44786,1536,1
4346,297790,90243,1536,1
4347,232488,70483,1536,1
4348,233368,70730,1536,1
4349,232244,70396,1536,1
4350,234340,71014,1536,1
4351,227864,69144,1536,1
4352,240982,73046,1536,1
4353,282784,85709,1536,1
4354,219046,66367,1536,1
4355,227542,68975,1536,1
4356,255630,77517,1536,1
4357,232368,70445,1536,1
4358,244152,74023,1536,1
4359,228094,69170,1536,1
4360,246354,74677,1536,1
4361,223716,67790,1536,1
4362,245574,74445,1536,1
4363,985238,298680,1536,1
4364,581134,176194,1536,1
4365,213344,64672,1536,1
4366,210830,63909,1536,1
4367,235302,71313,1536,1
4368,196792,59674,1536,1
4369,232788,70573,1536,1
4370,284760,86332,1536,1
4371,251118,76081,1536,1
4372,260780,79245,1536,1
4373,249814,75695,1536,1
4374,258318,78298,1536,1
4375,222428,67423,1536,1
4376,276068,83680,1536,1
4377,314670,95377,1536,1
4378,257500,78055,1536,1
4379,216492,65634,1536,1
4380,173358,52551,1536,1
4381,194744,59055,1536,1
4382,170098,51566,1536,1
4383,168826,51150,1536,1
4384,172648,52341,1536,1
4385,168324,51015,1536,1
4386,170298,51609,1536,1
4387,167954,50899,1536,1
4388,168528,51075,1536,1
4389,281254,85275,1536,1
4390,168288,51016,1536,1
4391,168786,51142,1536,1
4392,168864,51162,1536,1
4393,171382,51926,1536,1
4394,172040,52161,1536,1
4395,169958,51521,1536,1
4396,222970,67597,1536,1
4397,158088,47928,1536,1
4398,158540,48062,1536,1
4399,163036,49428,1536,1
4400,160702,48719,1536,1
4401,158786,48111,1536,1
4402,158296,47993,1536,1
4403,158510,48027,1536,1
4404,174982,53053,1536,1
4405,168714,51145,1536,1
4406,167846,50883,1536,1
4407,175780,53290,1536,1
4408,167968,50918,1536,1
4409,168326,51012,1536,1
4410,384058,116386,1536,1
4411,313898,95113,1536,1
4412,283446,85932,1536,1
4413,279820,84816,1536,1
4414,209076,63389,1536,1
4415,282352,85589,1536,1
4416,264138,80066,1536,1
4417,171366,51933,1536,1
4418,226952,68808,1536,1
4419,168602,51082,1536,1
4420,210124,63712,1536,1
4421,225558,68349,1536,1
4422,159022,48198,1536,1
4423,158190,47930,1536,1
4424,157532,47731,1536,1
4425,158734,48096,1536,1
4426,160674,48710,1536,1
4427,210494,63818,1536,1
4428,192230,58267,1536,1
4429,159736,48415,1536,1
4430,161270,48978,1536,1
4431,159882,48443,1536,1
4432,160924,48756,1536,1
4433,223170,67618,1536,1
4434,163410,49544,1536,1
4435,177462,53828,1536,1
4436,187664,56906,1536,1
4437,159048,48191,1536,1
4438,159070,48226,1536,1
4439,157790,47810,1536,1
4440,161444,48946,1536,1
4441,159242,48277,1536,1
4442,158512,48027,1536,1
4443,164828,50156,1536,1
4444,178766,54176,1536,1
4445,158374,48003,1536,1
4446,161628,49000,1536,1
4447,158602,48069,1536,1
4448,158932,48173,1536,1
4449,158396,47998,1536,1
4450,157626,47760,1536,1
4451,157646,47766,1536,1
4452,159326,48276,1536,1
4453,157496,47719,1536,1
4454,187824,57250,1536,1
4455,157268,47651,1536,1
4456,164130,49760,1536,1
4457,157404,47705,1536,1
4458,157154,47617,1536,1
4459,158164,47928,1536,1
4460,151932,46034,1536,1
4461,221954,67286,1536,1
4462,218544,66252,1536,1
4463,223690,67890,1536,1
4464,230634,69920,1536,1
4465,262154,79473,1536,1
4466,239642,72656,1536,1
4467,228176,69168,1536,1
4468,218268,66147,1536,1
4469,288622,87476,1536,1
4470,277754,84150,1536,1
4471,318340,96506,1536,1
4472,187264,56766,1536,1
4473,157786,47832,1536,1
4474,243706,73856,1536,1
4475,237996,72144,1536,1
4476,257744,78141,1536,1
4477,240020,72722,1536,1
4478,157442,47703,1536,1
4479,241178,73118,1536,1
4480,251736,76279,1536,1
4481,184742,56024,1536,1
4482,150404,45603,1536,1
4483,216980,65784,1536,1
4484,254116,77033,1536,1
4485,159984,48498,1536,1
4486,166352,50455,1536,1
4487,160472,48655,1536,1
4488,157726,47814,1536,1
4489,157452,47718,1536,1
4490,160220,48573,1536,1
4491,198944,60393,1536,1
4492,237104,71953,1536,1
4493,189402,57429,1536,1
4494,161772,49043,1536,1
4495,194580,58995,1536,1
4496,150544,45691,1536,1
4497,207032,62753,1536,1
4498,162806,49418,1536,1
4499,246970,75347,1536,1
4500,227862,69391,1536,1
4501,242378,73463,1536,1
4502,237046,71859,1536,1
4503,238196,72241,1536,1
4504,243986,74036,1536,1
4505,235690,71425,1536,1
4506,229730,69623,1536,1
4507,234320,71003,1536,1
4508,162364,49219,1536,1
4509,211466,64099,1536,1
4510,250466,75911,1536,1
4511,241070,73076,1536,1
4512,234014,70912,1536,1
4513,202206,61290,1536,1
4514,236068,71576,1536,1
4515,299174,90743,1536,1
4516,150832,45701,1536,1
4517,159128,48218,1536,1
4518,210250,63735,1536,1
4519,217240,65858,1536,1
4520,233212,70667,1536,1
4521,241010,73048,1536,1
4522,226736,68732,1536,1
4523,238038,72170,1536,1
4524,161994,49130,1536,1
4525,156052,47305,1536,1
4526,153776,46617,1536,1
4527,240296,72841,1536,1
4528,202066,61279,1536,1
4529,179038,54300,1536,1
4530,153570,46559,1536,1
4531,193836,58779,1536,1
4532,190666,57809,1536,1
4533,225076,68233,1536,1
4534,205034,62120,1536,1
4535,263444,79862,1536,1
4536,159238,48276,1536,1
4537,157450,47705,1536,1
4538,161718,49036,1536,1
4539,157524,47753,1536,1
4540,157146,47647,1536,1
4541,180142,54625,1536,1
4542,155344,47093,1536,1
4543,164860,49991,1536,1
4544,226296,68602,1536,1
4545,231802,70229,1536,1
4546,159880,48555,1536,1
4547,283014,85846,1536,1
4548,157520,47758,1536,1
4549,334456,101953,1536,1
4550,474907,144178,1536,1
4551,225270,68310,1536,1
4552,236598,71726,1536,1
4553,248652,75383,1536,1
4554,244504,74118,1536,1
4555,251302,76197,1536,1
4556,189400,57399,1536,1
4557,243024,73668,1536,1
4558,214552,65041,1536,1
4559,228746,69348,1536,1
4560,203178,61600,1536,1
4561,209204,63391,1536,1
4562,221426,67097,1536,1
4563,211402,64086,1536,1
4564,250704,76000,1536,1
4565,240762,72957,1536,1
4566,235770,71460,1536,1
4567,246220,74641,1536,1
4568,229278,69580,1536,1
4569,301726,91639,1536,1
4570,236370,71654,1536,1
4571,239294,72541,1536,1
4572,239684,72649,1536,1
4573,243686,73872,1536,1
4574,241648,73252,1536,1
4575,255914,77570,1536,1
4576,243034,73675,1536,1
4577,237880,72107,1536,1
4578,238142,72194,1536,1
4579,234708,71147,1536,1
4580,230532,69887,1536,1
4581,294704,89565,1536,1
4582,248360,75285,1536,1
4583,156640,47486,1536,1
4584,328888,99688,1536,1
4585,154354,46783,1536,1
4586,153472,46529,1536,1
4587,152976,46377,1536,1
4588,152882,46348,1536,1
4589,153758,46587,1536,1
4590,153860,46644,1536,1
4591,155026,47000,1536,1
4592,156176,47348,1536,1
4593,154338,46761,1536,1
4594,166974,50621,1536,1
4595,152880,46320,1536,1
4596,152844,46312,1536,1
4597,153268,46439,1536,1
4598,152356,46190,1536,1
4599,154722,46918,1536,1
4600,153490,46507,1536,1
4601,153524,46516,1536,1
4602,156378,47412,1536,1
4603,152146,46099,1536,1
4604,168670,51129,1536,1
4605,155888,47259,1536,1
4606,153896,46646,1536,1
4607,156446,47431,1536,1
4608,154766,46905,1536,1
4609,153950,46644,1536,1
4610,155278,47045,1536,1
4611,191174,58133,1536,1
4612,157610,47780,1536,1
4613,153668,46560,1536,1
4614,312272,94684,1536,1
4615,217834,66095,1536,1
4616,162172,49166,1536,1
4617,243456,73887,1536,1
4618,165912,50301,1536,1
4619,192274,58302,1536,1
4620,174984,53026,1536,1
4621,162474,49255,1536,1
4622,249564,75646,1536,1
4623,173788,52702,1536,1
4624,157368,47710,1536,1
4625,191842,58170,1536,1
4626,148568,45017,1536,1
4627,148770,45080,1536,1
4628,151514,45907,1536,1
4629,149370,45259,1536,1
4630,147704,44754,1536,1
4631,149638,45366,1536,1
4632,175758,53279,1536,1
4633,149184,45292,1536,1
4634,211432,64106,1536,1
4635,148554,45011,1536,1
4636,154820,46906,1536,1
4637,188500,57155,1536,1
4638,149886,45443,1536,1
4639,148068,44865,1536,1
4640,200950,60929,1536,1
4641,147078,44563,1536,1
4642,188116,57047,1536,1
4643,149974,45441,1536,1
4644,171304,51916,1536,1
4645,184494,55946,1536,1
4646,149548,45338,1536,1
4647,147160,44602,1536,1
4648,148152,44890,1536,1
4649,151550,45947,1536,1
4650,150136,45521,1536,1
4651,180988,54885,1536,1
4652,147310,44633,1536,1
4653,147338,44644,1536,1
4654,266362,80758,1536,1
4655,159500,48351,1536,1
4656,242842,73616,1536,1
4657,245348,74397,1536,1
4658,272814,82663,1536,1
4659,241352,73148,1536,1
4660,347334,105699,1536,1
4661,222566,67445,1536,1
4662,221450,67135,1536,1
4663,228902,69355,1536,1
4664,157906,47857,1536,1
4665,151088,45804,1536,1
4666,150508,45629,1536,1
4667,202864,61534,1536,1
4668,209476,63530,1536,1
4669,163530,49575,1536,1
4670,154216,46754,1536,1
4671,144818,43892,1536,1
4672,150518,45632,1536,1
4673,150736,45671,1536,1
4674,163488,49589,1536,1
4675,144774,43878,1536,1
4676,144858,43905,1536,1
4677,144450,43766,1536,1
4678,143912,43617,1536,1
4679,143484,43475,1536,1
4680,143738,43552,1536,1
4681,143664,43529,1536,1
4682,143772,43562,1536,1
4683,142996,43341,1536,1
4684,144956,43947,1536,1
4685,307836,93289,1536,1
4686,146364,44372,1536,1
4687,141404,42868,1536,1
4688,139314,42211,1536,1
4689,140090,42446,1536,1
4690,138822,42061,1536,1
4691,139064,42134,1536,1
4692,139156,42163,1536,1
4693,141422,42878,1536,1
4694,141686,42960,1536,1
4695,140246,42507,1536,1
4696,139748,42367,1536,1
4697,141322,42844,1536,1
4698,139124,42179,1536,1
4699,139334,42218,1536,1
4700,140352,42526,1536,1
4701,140876,42683,1536,1
4702,804483,244111,1536,1
4703,150476,45628,1536,1
4704,171456,51991,1536,1
4705,149140,45186,1536,1
4706,150308,45566,1536,1
4707,201654,61135,1536,1
4708,199910,60585,1536,1
4709,211378,64062,1536,1
4710,211030,63942,1536,1
4711,242272,73426,1536,1
4712,224080,67897,1536,1
4713,236792,71786,1536,1
4714,238218,72319,1536,1
4715,217352,65898,1536,1
4716,214532,65041,1536,1
4717,215820,65414,1536,1
4718,151366,45884,1536,1
4719,219228,66456,1536,1
4720,237514,71988,1536,1
4721,223650,67795,1536,1
4722,229782,69657,1536,1
4723,231014,70009,1536,1
4724,188138,57035,1536,1
4725,287560,87242,1536,1
4726,222104,67298,1536,1
4727,231474,70173,1536,1
4728,241750,73277,1536,1
4729,227922,69083,1536,1
4730,234158,70978,1536,1
4731,242020,73344,1536,1
4732,239194,72491,1536,1
4733,241218,73102,1536,1
4734,233068,70676,1536,1
4735,209604,63536,1536,1
4736,223558,67768,1536,1
4737,226802,68723,1536,1
4738,231206,70059,1536,1
4739,238196,72216,1536,1
4740,255376,77428,1536,1
4741,242042,73452,1536,1
4742,242092,73368,1536,1
4743,244172,74013,1536,1
4744,250612,76210,1536,1
4745,213176,64623,1536,1
4746,198830,60393,1536,1
4747,1061906,322243,1536,1
4748,302402,91668,1536,1
4749,227494,68967,1536,1
4750,336908,102096,1536,1
4751,229524,69575,1536,1
4752,221512,67176,1536,1
4753,487991,148211,1536,1
4754,255386,77450,1536,1
4755,235878,71501,1536,1
4756,262550,79619,1536,1
4757,266492,80792,1536,1
4758,268824,81448,1536,1
4759,486220,148745,1536,1
4760,832842,252274,1536,1
4761,246874,74906,1536,1
4762,256662,77807,1536,1
4763,245878,74500,1536,1
4764,268578,81411,1536,1
4765,253312,76802,1536,1
4766,236696,71765,1536,1
4767,250014,75775,1536,1
4768,265508,80488,1536,1
4769,357962,108852,1536,1
4770,251608,76267,1536,1
4771,276784,83899,1536,1
4772,275534,83502,1536,1
4773,179364,54373,1536,1
4774,158624,48063,1536,1
4775,158384,47990,1536,1
4776,158458,48013,1536,1
4777,158278,47985,1536,1
4778,156776,47506,1536,1
4779,157370,47686,1536,1
4780,157304,47666,1536,1
4781,252652,76596,1536,1
4782,160798,48752,1536,1
4783,158074,47909,1536,1
4784,160858,48768,1536,1
4785,224360,67987,1536,1
4786,227138,68863,1536,1
4787,221132,67027,1536,1
4788,164000,49718,1536,1
4789,220192,66756,1536,1
4790,252174,76423,1536,1
4791,278826,84510,1536,1
4792,265714,80543,1536,1
4793,190616,57810,1536,1
4794,162662,49316,1536,1
4795,153310,46452,1536,1
4796,152818,46303,1536,1
4797,152480,46202,1536,1
4798,152138,46097,1536,1
4799,205926,62430,1536,1
4800,152778,46323,1536,1
4801,200026,60650,1536,1
4802,154264,46769,1536,1
4803,152126,46121,1536,1
4804,157510,47756,1536,1
4805,153066,46391,1536,1
4806,152934,46352,1536,1
4807,152682,46260,1536,1
4808,157964,47888,1536,1
4809,156758,47524,1536,1
4810,155408,47157,1536,1
4811,156090,47294,1536,1
4812,157126,47607,1536,1
4813,159852,48468,1536,1
4814,149060,45196,1536,1
4815,147582,44745,1536,1
4816,148714,45060,1536,1
4817,193736,58744,1536,1
4818,148836,45121,1536,1
4819,148366,44955,1536,1
4820,147614,44726,1536,1
4821,151314,45876,1536,1
4822,148838,45123,1536,1
4823,219600,66580,1536,1
4824,230188,69771,1536,1
4825,233430,70754,1536,1
4826,176120,53376,1536,1
4827,172046,52176,1536,1
4828,153172,46440,1536,1
4829,192578,58394,1536,1
4830,150062,45494,1536,1
4831,236676,71753,1536,1
4832,149432,45279,1536,1
4833,153746,46630,1536,1
4834,144386,43749,1536,1
4835,143414,43479,1536,1
4836,144050,43645,1536,1
4837,143210,43404,1536,1
4838,143096,43357,1536,1
4839,144146,43677,1536,1
4840,143550,43495,1536,1
4841,143960,43618,1536,1
4842,150476,45621,1536,1
4843,209008,63365,1536,1
4844,143544,43520,1536,1
4845,143460,43480,1536,1
4846,142610,43223,1536,1
4847,143982,43625,1536,1
4848,143628,43518,1536,1
4849,332092,100636,1536,1
4850,144390,43774,1536,1
4851,142810,43295,1536,1
4852,144626,43850,1536,1
4853,174356,52853,1536,1
4854,143408,43452,1536,1
4855,143338,43430,1536,1
4856,143944,43615,1536,1
4857,143004,43342,1536,1
4858,142954,43314,1536,1
4859,143676,43532,1536,1
4860,195286,59200,1536,1
4861,153722,46604,1536,1
4862,151718,45968,1536,1
4863,163892,49700,1536,1
4864,151778,46016,1536,1
4865,152092,46094,1536,1
4866,151292,45839,1536,1
4867,159874,48483,1536,1
4868,152668,46286,1536,1
4869,154974,46966,1536,1
4870,143958,43644,1536,1
4871,140412,42543,1536,1
4872,138794,42054,1536,1
4873,175916,53326,1536,1
4874,139398,42236,1536,1
4875,139000,42140,1536,1
4876,140554,42591,1536,1
4877,139378,42256,1536,1
4878,138406,41935,1536,1
4879,139494,42266,1536,1
4880,138916,42092,1536,1
4881,139018,42121,1536,1
4882,206828,62702,1536,1
4883,140268,42525,1536,1
4884,142152,43100,1536,1
4885,139448,42349,1536,1
4886,138424,41953,1536,1
4887,142766,43386,1536,1
4888,140204,42485,1536,1
4889,138712,42029,1536,1
4890,216988,65800,1536,1
4891,140448,42580,1536,1
4892,139388,42247,1536,1
4893,146402,44468,1536,1
4894,140186,42479,1536,1
4895,140864,42705,1536,1
4896,139826,42392,1536,1
4897,143278,43427,1536,1
4898,142358,43131,1536,1
4899,186870,56661,1536,1
4900,199660,60519,1536,1
4901,141210,42809,1536,1
4902,140220,42498,1536,1
4903,167068,50727,1536,1
4904,147154,44697,1536,1
4905,141902,43019,1536,1
4906,145760,44248,1536,1
4907,139536,42292,1536,1
4908,141218,42788,1536,1
4909,143756,43581,1536,1
4910,140624,42620,1536,1
4911,375984,113981,1536,1
4912,227088,68822,1536,1
4913,161544,48983,1536,1
4914,195518,59266,1536,1
4915,216370,65598,1536,1
4916,222880,67535,1536,1
4917,222322,67398,1536,1
4918,318394,96737,1536,1
4919,224388,68021,1536,1
4920,147342,44666,1536,1
4921,140414,42549,1536,1
4922,186310,56451,1536,1
4923,142626,43219,1536,1
4924,143806,43650,1536,1
4925,192232,58253,1536,1
4926,203664,61752,1536,1
4927,143124,43373,1536,1
4928,246070,74678,1536,1
4929,207400,62867,1536,1
4930,139802,42384,1536,1
4931,142888,43321,1536,1
4932,151896,46053,1536,1
4933,171810,52101,1536,1
4934,149506,45315,1536,1
4935,148468,44982,1536,1
4936,149808,45394,1536,1
4937,148996,45171,1536,1
4938,148534,45003,1536,1
4939,149274,45227,1536,1
4940,221632,67152,1536,1
4941,153994,46682,1536,1
4942,152294,46167,1536,1
4943,148572,45041,1536,1
4944,173296,52533,1536,1
4945,239704,72662,1536,1
4946,154566,46846,1536,1
4947,149094,45199,1536,1
4948,150776,45707,1536,1
4949,169388,51365,1536,1
4950,148654,45052,1536,1
4951,148556,45025,1536,1
4952,175392,53167,1536,1
4953,235246,71328,1536,1
4954,187072,56695,1536,1
4955,155768,47224,1536,1
4956,151552,45944,1536,1
4957,152144,46097,1536,1
4958,152968,46352,1536,1
4959,155080,47015,1536,1
4960,155928,47277,1536,1
4961,152806,46322,1536,1
4962,152316,46162,1536,1
4963,185194,56156,1536,1
4964,154088,46701,1536,1
4965,156306,47358,1536,1
4966,156782,47501,1536,1
4967,155834,47242,1536,1
4968,245056,74278,1536,1
4969,229214,69522,1536,1
4970,207368,62846,1536,1
4971,172470,52256,1536,1
4972,149370,45283,1536,1
4973,205112,62164,1536,1
4974,142102,43081,1536,1
4975,143730,43549,1536,1
4976,146900,44534,1536,1
4977,143764,43562,1536,1
4978,143494,43655,1536,1
4979,182828,55416,1536,1
4980,143708,43555,1536,1
4981,147016,44570,1536,1
4982,144124,43682,1536,1
4983,145020,43953,1536,1
4984,147022,44547,1536,1
4985,144316,43727,1536,1
4986,148120,44903,1536,1
4987,144928,43924,1536,1
4988,146018,44254,1536,1
4989,144934,43914,1536,1
4990,146010,44239,1536,1
4991,183400,55610,1536,1
4992,154654,46887,1536,1
4993,156750,47528,1536,1
4994,150494,45628,1536,1
4995,148018,44846,1536,1
4996,148586,45021,1536,1
4997,149028,45153,1536,1
4998,197748,59958,1536,1
4999,181996,55248,1536,1
5000,198192,60092,1536,1
5001,153038,46398,1536,1
5002,151682,45971,1536,1
5003,147918,44816,1536,1
5004,148196,44913,1536,1
5005,149586,45350,1536,1
5006,148826,45112,1536,1
5007,150542,45626,1536,1
5008,318686,96587,1536,1
5009,231426,70171,1536,1
5010,211136,64015,1536,1
5011,242954,73642,1536,1
5012,244196,74044,1536,1
5013,175478,53212,1536,1
5014,191278,58004,1536,1
5015,187112,56716,1536,1
5016,237202,71874,1536,1
5017,215990,65491,1536,1
5018,250154,75829,1536,1
5019,253344,76804,1536,1
5020,253372,76820,1536,1
5021,305022,92449,1536,1
5022,244240,74036,1536,1
5023,252408,76519,1536,1
5024,222774,67540,1536,1
5025,198170,60049,1536,1
5026,208770,63264,1536,1
5027,165032,50033,1536,1
5028,274238,83123,1536,1
5029,241472,73201,1536,1
5030,163328,49513,1536,1
5031,163172,49465,1536,1
5032,164494,49868,1536,1
5033,268160,81301,1536,1
5034,165048,50046,1536,1
5035,161966,49073,1536,1
5036,162046,49097,1536,1
5037,160596,48670,1536,1
5038,165248,50099,1536,1
5039,162490,49232,1536,1
5040,207774,62996,1536,1
5041,163880,49680,1536,1
5042,166602,50490,1536,1
5043,171334,51914,1536,1
5044,161416,48905,1536,1
5045,161660,48980,1536,1
5046,161290,48869,1536,1
5047,171146,51880,1536,1
5048,168200,50987,1536,1
5049,231870,70296,1536,1
5050,276432,83770,1536,1
5051,206560,62603,1536,1
5052,168904,51305,1536,1
5053,175286,53139,1536,1
5054,202958,61541,1536,1
5055,159826,48455,1536,1
5056,158962,48165,1536,1
5057,159600,48390,1536,1
5058,158454,48009,1536,1
5059,158668,48074,1536,1
5060,157564,47739,1536,1
5061,157644,47764,1536,1
5062,160030,48525,1536,1
5063,158028,47912,1536,1
5064,157602,47779,1536,1
5065,157484,47729,1536,1
5066,194746,59053,1536,1
5067,158798,48129,1536,1
5068,156524,47427,1536,1
5069,157260,47648,1536,1
5070,156880,47534,1536,1
5071,157802,47814,1536,1
5072,160680,48716,1536,1
5073,163508,49581,1536,1
5074,191030,57932,1536,1
5075,158316,47997,1536,1
5076,156990,47572,1536,1
5077,157494,47725,1536,1
5078,234302,71040,1536,1
5079,169316,51328,1536,1
5080,166650,50492,1536,1
5081,167436,50728,1536,1
5082,210662,63895,1536,1
5083,208634,63260,1536,1
5084,167044,50640,1536,1
5085,167886,50866,1536,1
5086,198334,60133,1536,1
5087,167716,50843,1536,1
5088,203936,61814,1536,1
5089,167498,50772,1536,1
5090,257844,78161,1536,1
5091,260290,78899,1536,1
5092,300258,91017,1536,1
5093,258146,78263,1536,1
5094,237398,71932,1536,1
5095,261664,79334,1536,1
5096,257760,78140,1536,1
5097,254006,77004,1536,1
5098,251222,76153,1536,1
5099,256848,77863,1536,1
5100,256368,77718,1536,1
5101,253462,76836,1536,1
5102,260880,79082,1536,1
5103,250754,76017,1536,1
5104,249444,75623,1536,1
5105,252308,76492,1536,1
5106,252030,76419,1536,1
5107,466814,141674,1536,1
5108,257428,78029,1536,1
5109,224658,68105,1536,1
5110,330006,101293,1536,1
5111,174186,52806,1536,1
5112,168756,51162,1536,1
5113,288788,87554,1536,1
5114,257214,78118,1536,1
5115,171902,52118,1536,1
5116,215010,65172,1536,1
5117,484820,146906,1536,1
5118,212772,64494,1536,1
5119,198616,60205,1536,1
5120,717106,217244,1536,1
5121,238390,72262,1536,1
5122,214428,65012,1536,1
5123,209656,63561,1536,1
5124,288384,87670,1536,1
5125,215628,65363,1536,1
5126,224702,68087,1536,1
5127,284146,86122,1536,1
5128,374296,113391,1536,1
5129,234236,71013,1536,1
5130,245598,74439,1536,1
5131,266040,80638,1536,1
5132,321538,97501,1536,1
5133,248954,75478,1536,1
5134,254308,77112,1536,1
5135,256422,77741,1536,1
5136,223202,67677,1536,1
5137,323292,97981,1536,1
5138,230416,69843,1536,1
5139,226986,68807,1536,1
5140,272992,82783,1536,1
5141,265188,80400,1536,1
5142,246406,74712,1536,1
5143,400072,121259,1536,1
5144,250268,75860,1536,1
5145,225424,68312,1536,1
5146,245296,74323,1536,1
5147,223332,67713,1536,1
5148,222214,67360,1536,1
5149,208398,63183,1536,1
5150,255054,77319,1536,1
5151,262430,79513,1536,1
5152,302896,91836,1536,1
5153,260158,79031,1536,1
5154,200358,60715,1536,1
5155,199104,60328,1536,1
5156,265680,80548,1536,1
5157,251104,76117,1536,1
5158,255004,77291,1536,1
5159,267536,81092,1536,1
5160,244124,74006,1536,1
5161,170482,51667,1536,1
5162,208974,63353,1536,1
5163,213720,64796,1536,1
5164,237964,72156,1536,1
5165,367184,111272,1536,1
5166,163516,49555,1536,1
5167,162636,49281,1536,1
5168,165640,50217,1536,1
5169,162020,49104,1536,1
5170,162250,49178,1536,1
5171,161434,48910,1536,1
5172,232784,70588,1536,1
5173,213222,64641,1536,1
5174,168684,51137,1536,1
5175,192720,58440,1536,1
5176,168698,51137,1536,1
5177,157074,47620,1536,1
5178,153966,46683,1536,1
5179,153980,46682,1536,1
5180,167772,50856,1536,1
5181,275862,83650,1536,1
5182,165186,50061,1536,1
5183,162564,49255,1536,1
5184,163730,49634,1536,1
5185,163022,49431,1536,1
5186,243190,73705,1536,1
5187,164648,49905,1536,1
5188,158850,48158,1536,1
5189,157998,47882,1536,1
5190,159094,48202,1536,1
5191,165418,50178,1536,1
5192,148638,45037,1536,1
5193,148794,45085,1536,1
5194,148164,44897,1536,1
5195,148952,45130,1536,1
5196,165950,50287,1536,1
5197,152092,46107,1536,1
5198,158502,48050,1536,1
5199,157678,47799,1536,1
5200,158254,47973,1536,1
5201,157440,47728,1536,1
5202,158576,48077,1536,1
5203,157376,47682,1536,1
5204,156976,47587,1536,1
5205,157984,47867,1536,1
5206,157632,47758,1536,1
5207,157904,47868,1536,1
5208,223020,67590,1536,1
5209,213704,64786,1536,1
5210,157980,47879,1536,1
5211,160494,48728,1536,1
5212,170656,51753,1536,1
5213,149418,45272,1536,1
5214,197640,59896,1536,1
5215,313526,95023,1536,1
5216,227786,69051,1536,1
5217,246550,74848,1536,1
5218,224016,67915,1536,1
5219,205544,62293,1536,1
5220,220978,66985,1536,1
5221,221198,67057,1536,1
5222,194032,58802,1536,1
5223,201240,61009,1536,1
5224,200018,60710,1536,1
5225,285140,86398,1536,1
5226,294198,89138,1536,1
5227,244196,73982,1536,1
5228,238420,72271,1536,1
5229,238828,72399,1536,1
5230,221862,67256,1536,1
5231,237668,72079,1536,1
5232,232410,70457,1536,1
5233,459614,139315,1536,1
5234,228952,69418,1536,1
5235,243356,73757,1536,1
5236,237738,72077,1536,1
5237,237446,71965,1536,1
5238,148396,44989,1536,1
5239,145684,44172,1536,1
5240,143482,43486,1536,1
5241,145112,43993,1536,1
5242,144316,43740,1536,1
5243,143378,43443,1536,1
5244,143904,43601,1536,1
5245,143826,43578,1536,1
5246,143516,43484,1536,1
5247,145338,44065,1536,1
5248,143706,43568,1536,1
5249,142760,43281,1536,1
5250,143168,43379,1536,1
5251,157098,47646,1536,1
5252,144562,43802,1536,1
5253,345794,104859,1536,1
5254,144230,43702,1536,1
5255,143126,43365,1536,1
5256,143974,43623,1536,1
5257,142888,43295,1536,1
5258,143254,43404,1536,1
5259,145348,44064,1536,1
5260,142794,43270,1536,1
5261,142914,43302,1536,1
5262,143486,43477,1536,1
5263,247112,74909,1536,1
5264,236772,71759,1536,1
5265,228198,69182,1536,1
5266,230414,69852,1536,1
5267,228256,69190,1536,1
5268,227852,69085,1536,1
5269,220810,66919,1536,1
5270,276502,83812,1536,1
5271,156524,47453,1536,1
5272,143264,43421,1536,1
5273,143692,43538,1536,1
5274,143686,43550,1536,1
5275,236362,71635,1536,1
5276,143236,43400,1536,1
5277,143874,43595,1536,1
5278,144262,43710,1536,1
5279,149384,45287,1536,1
5280,236910,71819,1536,1
5281,157290,47673,1536,1
5282,238006,72153,1536,1
5283,238114,72203,1536,1
5284,233494,70772,1536,1
5285,238586,72344,1536,1
5286,233992,70936,1536,1
5287,235974,71543,1536,1
5288,234626,71123,1536,1
5289,240140,72798,1536,1
5290,233888,70888,1536,1
5291,159874,48482,1536,1
5292,174118,52794,1536,1
5293,174144,52771,1536,1
5294,158974,48210,1536,1
5295,143478,43486,1536,1
5296,143206,43406,1536,1
5297,143742,43552,1536,1
5298,146226,44335,1536,1
5299,178726,54192,1536,1
5300,147784,44823,1536,1
5301,139464,42261,1536,1
5302,139582,42296,1536,1
5303,139990,42418,1536,1
5304,139596,42324,1536,1
5305,139822,42367,1536,1
5306,139026,42149,1536,1
5307,141704,42964,1536,1
5308,142032,43058,1536,1
5309,186662,56653,1536,1
5310,202642,61445,1536,1
5311,151206,45843,1536,1
5312,140750,42671,1536,1
5313,156686,47517,1536,1
5314,139560,42298,1536,1
5315,138992,42127,1536,1
5316,150262,45541,1536,1
5317,138680,42019,1536,1
5318,299384,91151,1536,1
5319,149056,45187,1536,1
5320,150376,45591,1536,1
5321,145958,44251,1536,1
5322,148146,44910,1536,1
5323,143650,43546,1536,1
5324,144654,43839,1536,1
5325,142776,43258,1536,1
5326,143452,43463,1536,1
5327,142120,43084,1536,1
5328,145550,44122,1536,1
5329,143908,43626,1536,1
5330,143924,43620,1536,1
5331,163814,49666,1536,1
5332,135874,41170,1536,1
5333,135600,41089,1536,1
5334,134824,40853,1536,1
5335,135454,41041,1536,1
5336,135620,41092,1536,1
5337,135058,40920,1536,1
5338,134806,40844,1536,1
5339,135248,40979,1536,1
5340,134712,40821,1536,1
5341,136660,41430,1536,1
5342,134776,40836,1536,1
5343,136260,41297,1536,1
5344,137438,41670,1536,1
5345,138308,41917,1536,1
5346,136208,41294,1536,1
5347,135132,40945,1536,1
5348,136152,41265,1536,1
5349,136402,41339,1536,1
5350,138216,41906,1536,1
5351,142978,43350,1536,1
5352,136912,41487,1536,1
5353,136136,41249,1536,1
5354,136030,41241,1536,1
5355,137650,41708,1536,1
5356,135520,41062,1536,1
5357,135872,41182,1536,1
5358,134908,40875,1536,1
5359,138434,41973,1536,1
5360,135272,41011,1536,1
5361,137792,41772,1536,1
5362,136610,41415,1536,1
5363,135458,41043,1536,1
5364,134886,40883,1536,1
5365,134458,40740,1536,1
5366,134310,40694,1536,1
5367,135132,40943,1536,1
5368,135576,41078,1536,1
5369,142944,43309,1536,1
5370,135444,41051,1536,1
5371,215152,65232,1536,1
5372,195382,59215,1536,1
5373,197962,60012,1536,1
5374,216926,65756,1536,1
5375,145336,44061,1536,1
5376,144018,43634,1536,1
5377,188188,57054,1536,1
5378,149532,45331,1536,1
5379,148000,44866,1536,1
5380,148040,44853,1536,1
5381,158020,47921,1536,1
5382,267562,81207,1536,1
5383,149636,45362,1536,1
5384,149418,45271,1536,1
5385,150966,45756,1536,1
5386,149324,45254,1536,1
5387,208644,63253,1536,1
5388,153718,46611,1536,1
5389,150998,45846,1536,1
5390,151852,46007,1536,1
5391,157748,47820,1536,1
5392,140010,42448,1536,1
5393,139684,42324,1536,1
5394,140788,42667,1536,1
5395,151726,45998,1536,1
5396,139264,42197,1536,1
5397,142190,43086,1536,1
5398,139834,42369,1536,1
5399,187566,57000,1536,1
5400,138566,41996,1536,1
5401,140196,42502,1536,1
5402,199980,60623,1536,1
5403,195830,59364,1536,1
5404,198760,60256,1536,1
5405,194308,58902,1536,1
5406,295890,89680,1536,1
5407,241106,73096,1536,1
5408,231462,70164,1536,1
5409,229142,69432,1536,1
5410,153250,46457,1536,1
5411,250966,76092,1536,1
5412,187272,56769,1536,1
5413,198782,60253,1536,1
5414,198594,60196,1536,1
5415,214532,65034,1536,1
5416,219170,66562,1536,1
5417,215080,65195,1536,1
5418,816972,248160,1536,1
5419,246270,74650,1536,1
5420,234992,71241,1536,1
5421,229776,69760,1536,1
5422,228568,69296,1536,1
5423,230900,70017,1536,1
5424,239854,72705,1536,1
5425,242694,73539,1536,1
5426,246256,74616,1536,1
5427,327492,99243,1536,1
5428,227320,68902,1536,1
5429,239346,72533,1536,1
5430,288172,87375,1536,1
5431,229702,69635,1536,1
5432,245006,74274,1536,1
5433,240910,73032,1536,1
5434,405206,122888,1536,1
5435,248900,75444,1536,1
5436,249110,75526,1536,1
5437,236854,71805,1536,1
5438,249394,75598,1536,1
5439,239190,72501,1536,1
5440,321360,97913,1536,1
5441,257002,77901,1536,1
5442,228976,69423,1536,1
5443,215336,65277,1536,1
5444,233422,70755,1536,1
5445,221396,67127,1536,1
5446,207544,63010,1536,1
5447,256884,77869,1536,1
5448,216518,65629,1536,1
5449,249450,75581,1536,1
5450,174140,52816,1536,1
5451,176994,53635,1536,1
5452,149600,45328,1536,1
5453,198956,60296,1536,1
5454,230188,69748,1536,1
5455,236652,71708,1536,1
5456,316576,95960,1536,1
5457,238060,72204,1536,1
5458,266748,80865,1536,1
5459,160490,48640,1536,1
5460,155118,47010,1536,1
5461,172282,52205,1536,1
5462,154468,46812,1536,1
5463,152660,46266,1536,1
5464,228924,69402,1536,1
5465,158566,48070,1536,1
5466,153154,46430,1536,1
5467,154722,46908,1536,1
5468,151804,45995,1536,1
5469,152622,46242,1536,1
5470,161650,49008,1536,1
5471,151950,46062,1536,1
5472,200268,60726,1536,1
5473,246708,74801,1536,1
5474,256364,77721,1536,1
5475,229468,69573,1536,1
5476,255906,77568,1536,1
5477,295594,89876,1536,1
5478,234668,71142,1536,1
5479,245890,74544,1536,1
5480,237154,71874,1536,1
5481,245566,74452,1536,1
5482,236808,71795,1536,1
5483,250934,76062,1536,1
5484,233092,70670,1536,1
5485,227686,69026,1536,1
5486,229408,69510,1536,1
5487,248174,75193,1536,1
5488,251140,76132,1536,1
5489,222200,67348,1536,1
5490,279132,84603,1536,1
5491,239856,72701,1536,1
5492,248712,75391,1536,1
5493,245722,74484,1536,1
5494,233642,70842,1536,1
5495,231496,70196,1536,1
5496,238992,72453,1536,1
5497,249352,75588,1536,1
5498,262464,79563,1536,1
5499,246304,74664,1536,1
5500,248524,75310,1536,1
5501,250634,75976,1536,1
5502,239348,72562,1536,1
5503,229722,69666,1536,1
5504,273952,83041,1536,1
5505,247538,75060,1536,1
5506,232816,70571,1536,1
5507,298220,90390,1536,1
5508,347581,105814,1536,1
5509,257762,78163,1536,1
5510,246268,74617,1536,1
5511,239128,72491,1536,1
5512,247726,75085,1536,1
5513,250836,76042,1536,1
5514,234232,71002,1536,1
5515,242786,73569,1536,1
5516,262880,79677,1536,1
5517,290416,88028,1536,1
5518,280642,85045,1536,1
5519,355710,107910,1536,1
5520,283296,85871,1536,1
5521,273276,82817,1536,1
5522,275880,83587,1536,1
5523,282998,85779,1536,1
5524,261954,79413,1536,1
5525,286846,86951,1536,1
5526,280568,85025,1536,1
5527,280232,84956,1536,1
5528,257260,77955,1536,1
5529,357278,108339,1536,1
5530,256528,77760,1536,1
5531,254614,77194,1536,1
5532,279484,84728,1536,1
5533,236574,71694,1536,1
5534,239408,72552,1536,1
5535,260280,79620,1536,1
5536,220782,66945,1536,1
5537,186376,56520,1536,1
5538,173862,52705,1536,1
5539,174454,52885,1536,1
5540,215910,65446,1536,1
5541,281292,85268,1536,1
5542,174636,52940,1536,1
5543,241604,73240,1536,1
5544,235592,71422,1536,1
5545,266688,80844,1536,1
5546,177730,53878,1536,1
5547,216842,65732,1536,1
5548,182048,55208,1536,1
5549,295832,89698,1536,1
5550,176136,53409,1536,1
5551,173284,52536,1536,1
5552,173920,52695,1536,1
5553,173258,52523,1536,1
5554,173736,52674,1536,1
5555,221726,67225,1536,1
5556,173652,52643,1536,1
5557,203272,61638,1536,1
5558,173898,52689,1536,1
5559,239364,72564,1536,1
5560,178834,54186,1536,1
5561,177554,53974,1536,1
5562,281206,85251,1536,1
5563,220116,66744,1536,1
5564,187796,57019,1536,1
5565,218808,66347,1536,1
5566,169214,51305,1536,1
5567,163928,49703,1536,1
5568,203244,61635,1536,1
5569,341564,103550,1536,1
5570,260836,79071,1536,1
5571,248542,75362,1536,1
5572,236384,71674,1536,1
5573,232298,70436,1536,1
5574,344658,104956,1536,1
5575,243866,73931,1536,1
5576,254362,77105,1536,1
5577,233308,70700,1536,1
5578,245864,74537,1536,1
5579,248692,75390,1536,1
5580,245082,74297,1536,1
5581,222224,67376,1536,1
5582,280446,85014,1536,1
5583,223910,68028,1536,1
5584,230096,69968,1536,1
5585,175190,53088,1536,1
5586,158298,47990,1536,1
5587,154494,46841,1536,1
5588,156152,47347,1536,1
5589,153612,46543,1536,1
5590,152884,46321,1536,1
5591,151994,46054,1536,1
5592,154760,46890,1536,1
5593,152824,46304,1536,1
5594,152038,46067,1536,1
5595,154276,46749,1536,1
5596,156284,47384,1536,1
5597,148398,44989,1536,1
5598,150102,45479,1536,1
5599,148084,44868,1536,1
5600,154886,46929,1536,1
5601,147618,44728,1536,1
5602,156460,47450,1536,1
5603,147280,44625,1536,1
5604,148962,45135,1536,1
5605,150404,45571,1536,1
5606,147660,44740,1536,1
5607,150066,45499,1536,1
5608,147892,44839,1536,1
5609,153086,46415,1536,1
5610,147426,44684,1536,1
5611,149010,45175,1536,1
5612,169720,51559,1536,1
5613,147346,44644,1536,1
5614,168674,51120,1536,1
5615,152784,46291,1536,1
5616,154736,46895,1536,1
5617,149926,45438,1536,1
5618,154848,46944,1536,1
5619,202196,61300,1536,1
5620,167356,50723,1536,1
5621,156872,47542,1536,1
5622,154212,46737,1536,1
5623,164374,49800,1536,1
5624,212930,64551,1536,1
5625,247730,75094,1536,1
5626,251510,76229,1536,1
5627,147996,44869,1536,1
5628,215400,65305,1536,1
5629,155220,47078,1536,1
5630,144800,43887,1536,1
5631,143572,43532,1536,1
5632,143504,43509,1536,1
5633,370590,112345,1536,1
5634,280666,85105,1536,1
5635,236426,71671,1536,1
5636,262322,79660,1536,1
5637,159912,48493,1536,1
5638,146536,44425,1536,1
5639,208252,63134,1536,1
5640,197624,59930,1536,1
5641,227896,69082,1536,1
5642,252220,76444,1536,1
5643,239130,72477,1536,1
5644,214786,65077,1536,1
5645,188992,57281,1536,1
5646,208172,63095,1536,1
5647,379458,115118,1536,1
5648,194154,58865,1536,1
5649,149992,45474,1536,1
5650,148350,44962,1536,1
5651,150052,45468,1536,1
5652,149680,45351,1536,1
5653,151610,45951,1536,1
5654,149762,45378,1536,1
5655,151316,45849,1536,1
5656,150402,45594,1536,1
5657,149142,45211,1536,1
5658,150342,45564,1536,1
5659,152818,46312,1536,1
5660,154524,46846,1536,1
5661,150106,45492,1536,1
5662,212204,64293,1536,1
5663,150252,45549,1536,1
5664,166488,50467,1536,1
5665,151492,45923,1536,1
5666,148382,44971,1536,1
5667,149470,45287,1536,1
5668,224492,68057,1536,1
5669,148788,45122,1536,1
5670,212728,64477,1536,1
5671,189758,57518,1536,1
5672,230014,69719,1536,1
5673,211020,64023,1536,1
5674,297830,90416,1536,1
5675,138750,42040,1536,1
5676,141190,42802,1536,1
5677,212850,64665,1536,1
5678,138970,42138,1536,1
5679,138490,41983,1536,1
5680,165360,50130,1536,1
5681,222726,67561,1536,1
5682,185078,56099,1536,1
5683,207392,62875,1536,1
5684,137238,41595,1536,1
5685,195538,59266,1536,1
5686,209902,63612,1536,1
5687,243348,73759,1536,1
5688,163408,49549,1536,1
5689,138756,42067,1536,1
5690,135758,41134,1536,1
5691,147772,44780,1536,1
5692,135838,41174,1536,1
5693,135070,40949,1536,1
5694,141270,42915,1536,1
5695,137634,41714,1536,1
5696,141920,43011,1536,1
5697,144026,43661,1536,1
5698,236826,71786,1536,1
5699,214230,65208,1536,1
5700,160770,48883,1536,1
5701,180336,54664,1536,1
5702,616573,187473,1536,1
5703,193580,58685,1536,1
5704,207748,62958,1536,1
5705,142608,43229,1536,1
5706,139640,42308,1536,1
5707,139644,42310,1536,1
5708,156224,47384,1536,1
5709,136078,41255,1536,1
5710,132530,40155,1536,1
5711,131266,39771,1536,1
5712,136658,41412,1536,1
5713,172266,52200,1536,1
5714,144476,43782,1536,1
5715,211600,64144,1536,1
5716,132214,40083,1536,1
5717,130942,39676,1536,1
5718,135300,41022,1536,1
5719,155668,47209,1536,1
5720,135586,41221,1536,1
5721,161032,48824,1536,1
5722,134388,40734,1536,1
5723,134326,40724,1536,1
5724,137838,41787,1536,1
5725,134828,40852,1536,1
5726,134444,40746,1536,1
5727,138162,41884,1536,1
5728,134898,40874,1536,1
5729,143846,43614,1536,1
5730,144846,43908,1536,1
5731,140582,42596,1536,1
5732,144834,43881,1536,1
5733,180822,54792,1536,1
5734,149860,45422,1536,1
5735,139546,42292,1536,1
5736,142376,43161,1536,1
5737,179426,54391,1536,1
5738,166226,50509,1536,1
5739,139634,42318,1536,1
5740,140170,42481,1536,1
5741,140170,42480,1536,1
5742,140322,42526,1536,1
5743,165792,50256,1536,1
5744,146696,44454,1536,1
5745,142322,43148,1536,1
5746,139026,42134,1536,1
5747,139208,42178,1536,1
5748,140868,42704,1536,1
5749,151710,45995,1536,1
5750,157532,47771,1536,1
5751,132708,40208,1536,1
5752,131408,39840,1536,1
5753,131798,39933,1536,1
5754,133460,40441,1536,1
5755,172986,52417,1536,1
5756,173036,52445,1536,1
5757,195332,59190,1536,1
5758,192526,58367,1536,1
5759,136650,41430,1536,1
5760,207690,62948,1536,1
5761,204730,62041,1536,1
5762,210800,63889,1536,1
5763,200430,60756,1536,1
5764,291614,88554,1536,1
5765,290814,88168,1536,1
5766,146212,44339,1536,1
5767,133844,40573,1536,1
5768,131804,39935,1536,1
5769,158918,48188,1536,1
5770,131464,39846,1536,1
5771,135210,40990,1536,1
5772,133140,40352,1536,1
5773,131576,39866,1536,1
5774,131500,39845,1536,1
5775,134640,40819,1536,1
5776,131992,40004,1536,1
5777,132766,40239,1536,1
5778,132354,40115,1536,1
5779,175252,53100,1536,1
5780,144774,43895,1536,1
5781,203088,61546,1536,1
5782,141946,43025,1536,1
5783,208504,63195,1536,1
5784,141904,43014,1536,1
5785,139268,42207,1536,1
5786,141012,42722,1536,1
5787,165190,50057,1536,1
5788,142574,43222,1536,1
5789,142926,43392,1536,1
5790,131478,39860,1536,1
5791,134130,40664,1536,1
5792,132664,40195,1536,1
5793,139878,42409,1536,1
5794,132240,40092,1536,1
5795,131812,39938,1536,1
5796,133964,40590,1536,1
5797,134986,40995,1536,1
5798,138472,41958,1536,1
5799,173758,52687,1536,1
5800,218524,66259,1536,1
5801,175014,53034,1536,1
5802,136164,41270,1536,1
5803,240184,72818,1536,1
5804,150506,45629,1536,1
5805,148632,45057,1536,1
5806,152352,46187,1536,1
5807,148312,44935,1536,1
5808,144634,43821,1536,1
5809,148400,44990,1536,1
5810,134614,40787,1536,1
5811,136152,41252,1536,1
5812,143346,43461,1536,1
5813,142366,43137,1536,1
5814,140712,42662,1536,1
5815,144060,43669,1536,1
5816,142474,43200,1536,1
5817,143370,43464,1536,1
5818,140322,42516,1536,1
5819,140014,42423,1536,1
5820,140596,42600,1536,1
5821,142270,43133,1536,1
5822,143428,43470,1536,1
5823,142388,43143,1536,1
5824,141880,43019,1536,1
5825,179846,54533,1536,1
5826,140402,42566,1536,1
5827,139392,42235,1536,1
5828,197760,59957,1536,1
5829,204026,61857,1536,1
5830,212664,64469,1536,1
5831,149254,45247,1536,1
5832,150382,45588,1536,1
5833,216148,65562,1536,1
5834,219358,66474,1536,1
5835,227476,68955,1536,1
5836,150234,45542,1536,1
5837,194214,58886,1536,1
5838,163852,49691,1536,1
5839,225932,68450,1536,1
5840,149554,45312,1536,1
5841,151724,45998,1536,1
5842,149692,45379,1536,1
5843,150026,45484,1536,1
5844,224018,67905,1536,1
5845,223536,67749,1536,1
5846,231608,70179,1536,1
5847,207942,63048,1536,1
5848,187658,56892,1536,1
5849,243612,73888,1536,1
5850,221118,67032,1536,1
5851,265270,80404,1536,1
5852,209792,63600,1536,1
5853,189892,57571,1536,1
5854,201026,60955,1536,1
5855,151084,45800,1536,1
5856,545856,165683,1536,1
5857,228262,69162,1536,1
5858,252142,76434,1536,1
5859,236130,71582,1536,1
5860,239668,72642,1536,1
5861,384082,116499,1536,1
5862,231674,70232,1536,1
5863,230914,70160,1536,1
5864,227786,69063,1536,1
5865,217408,65904,1536,1
5866,420942,127680,1536,1
5867,1049760,318359,1536,1
5868,187682,56917,1536,1
5869,614119,186473,1536,1
5870,178528,54156,1536,1
5871,154874,46959,1536,1
5872,152496,46229,1536,1
5873,178422,54110,1536,1
5874,178874,54225,1536,1
5875,225908,68467,1536,1
5876,231698,70220,1536,1
5877,201468,61181,1536,1
5878,235064,71236,1536,1
5879,183478,55630,1536,1
5880,229814,69658,1536,1
5881,234148,70948,1536,1
5882,209480,63471,1536,1
5883,226322,68573,1536,1
5884,241300,73123,1536,1
5885,232352,70440,1536,1
5886,216540,65648,1536,1
5887,225370,68334,1536,1
5888,376422,114107,1536,1
5889,227586,68978,1536,1
5890,225818,68455,1536,1
5891,222850,67571,1536,1
5892,202882,61504,1536,1
5893,251264,76189,1536,1
5894,248598,75373,1536,1
5895,238576,72320,1536,1
5896,331030,100339,1536,1
5897,15936274,4827029,1536,1
5898,264540,80209,1536,1
5899,274504,83219,1536,1
5900,264766,80260,1536,1
5901,266632,80826,1536,1
5902,253250,76736,1536,1
5903,269952,81848,1536,1
5904,257238,77986,1536,1
5905,243710,73887,1536,1
5906,244456,74113,1536,1
5907,260994,79086,1536,1
5908,299738,90877,1536,1
5909,257182,77963,1536,1
5910,251756,76332,1536,1
5911,251154,76132,1536,1
5912,288068,87323,1536,1
5913,267598,81119,1536,1
5914,212936,64552,1536,1
5915,228772,69355,1536,1
5916,215528,65349,1536,1
5917,230504,69869,1536,1
5918,218300,66152,1536,1
5919,249800,75724,1536,1
5920,279890,84815,1536,1
5921,223436,67708,1536,1
5922,224168,67943,1536,1
5923,240358,72870,1536,1
5924,224398,68007,1536,1
5925,240880,73023,1536,1
5926,233862,70909,1536,1
5927,323250,98042,1536,1
5928,261648,79314,1536,1
5929,265608,80497,1536,1
5930,309720,94684,1536,1
5931,270812,82099,1536,1
5932,253004,76700,1536,1
5933,264192,80083,1536,1
5934,210680,63881,1536,1
5935,256802,77848,1536,1
5936,252250,76461,1536,1
5937,246150,74675,1536,1
5938,247334,74975,1536,1
5939,236166,71606,1536,1
5940,254108,77046,1536,1
5941,232354,70418,1536,1
5942,261730,79350,1536,1
5943,259986,78820,1536,1
5944,259484,78766,1536,1
5945,255190,77341,1536,1
5946,225640,68371,1536,1
5947,184438,55943,1536,1
5948,162042,49127,1536,1
5949,158302,47978,1536,1
5950,159772,48438,1536,1
5951,430009,130897,1536,1
5952,204076,61883,1536,1
5953,168820,51182,1536,1
5954,187270,56786,1536,1
5955,155444,47125,1536,1
5956,153124,46423,1536,1
5957,155946,47255,1536,1
5958,153194,46442,1536,1
5959,152970,46349,1536,1
5960,155482,47110,1536,1
5961,155488,47145,1536,1
5962,166130,50394,1536,1
5963,158930,48180,1536,1
5964,250962,76038,1536,1
5965,217010,65775,1536,1
5966,201322,61034,1536,1
5967,291536,88425,1536,1
5968,253522,76870,1536,1
5969,242558,73512,1536,1
5970,240812,72996,1536,1
5971,257324,77993,1536,1
5972,252376,76499,1536,1
5973,257686,78107,1536,1
5974,244256,74046,1536,1
5975,172318,52283,1536,1
5976,153878,46649,1536,1
5977,153788,46595,1536,1
5978,153282,46444,1536,1
5979,152996,46357,1536,1
5980,241496,73190,1536,1
5981,153974,46653,1536,1
5982,156028,47308,1536,1
5983,149288,45260,1536,1
5984,243590,73848,1536,1
5985,248840,75425,1536,1
5986,252314,76519,1536,1
5987,233532,70771,1536,1
5988,241396,73175,1536,1
5989,240040,72760,1536,1
5990,221216,67127,1536,1
5991,273470,82896,1536,1
5992,241738,73400,1536,1
5993,242692,73571,1536,1
5994,245948,74638,1536,1
5995,226464,68614,1536,1
5996,160540,48672,1536,1
5997,157880,47848,1536,1
5998,157358,47708,1536,1
5999,205802,62355,1536,1
6000,201134,60986,1536,1
6001,197880,59997,1536,1
6002,593452,179819,1536,1
6003,226682,68722,1536,1
6004,237264,71921,1536,1
6005,233316,70727,1536,1
6006,163652,49630,1536,1
6007,187774,56955,1536,1
6008,149264,45239,1536,1
6009,212730,64481,1536,1
6010,232954,70589,1536,1
6011,163606,49602,1536,1
6012,157606,47780,1536,1
6013,351161,106808,1536,1
6014,194290,58871,1536,1
6015,192326,58283,1536,1
6016,189464,57443,1536,1
6017,158404,48017,1536,1
6018,241486,73209,1536,1
6019,234060,70922,1536,1
6020,242864,73621,1536,1
6021,233960,70925,1536,1
6022,233520,70785,1536,1
6023,237176,71902,1536,1
6024,234824,71281,1536,1
6025,242772,73683,1536,1
6026,252592,76586,1536,1
6027,340570,103227,1536,1
6028,206402,62586,1536,1
6029,230130,69753,1536,1
6030,190718,57824,1536,1
6031,257392,78022,1536,1
6032,198682,60215,1536,1
6033,214460,65217,1536,1
6034,165696,50234,1536,1
6035,153552,46549,1536,1
6036,145986,44260,1536,1
6037,149534,45334,1536,1
6038,144278,43717,1536,1
6039,144320,43730,1536,1
6040,143912,43607,1536,1
6041,143538,43490,1536,1
6042,200002,60638,1536,1
6043,144868,43895,1536,1
6044,144204,43692,1536,1
6045,145000,43939,1536,1
6046,153338,46486,1536,1
6047,146018,44267,1536,1
6048,146696,44461,1536,1
6049,145916,44211,1536,1
6050,208178,63265,1536,1
6051,166470,50479,1536,1
6052,153352,46487,1536,1
6053,170174,51585,1536,1
6054,159850,48438,1536,1
6055,177726,53857,1536,1
6056,237760,72051,1536,1
6057,148890,45136,1536,1
6058,145700,44172,1536,1
6059,143898,43630,1536,1
6060,143720,43545,1536,1
6061,145310,44030,1536,1
6062,242340,73485,1536,1
6063,233884,70906,1536,1
6064,250274,75855,1536,1
6065,221728,67195,1536,1
6066,245136,74327,1536,1
6067,161838,49070,1536,1
6068,292420,88979,1536,1
6069,334971,101753,1536,1
6070,197032,59739,1536,1
6071,201814,61212,1536,1
6072,243890,73930,1536,1
6073,149066,45165,1536,1
6074,224272,67955,1536,1
6075,236348,71612,1536,1
6076,149088,45174,1536,1
6077,146702,44475,1536,1
6078,155250,47063,1536,1
6079,186906,56670,1536,1
6080,213084,64622,1536,1
6081,158294,47986,1536,1
6082,155178,47027,1536,1
6083,201542,61069,1536,1
6084,157494,47716,1536,1
6085,158200,47964,1536,1
6086,247794,75102,1536,1
6087,194720,59011,1536,1
6088,204260,61906,1536,1
6089,155050,47010,1536,1
6090,152738,46302,1536,1
6091,152126,46104,1536,1
6092,152562,46249,1536,1
6093,151732,45972,1536,1
6094,156540,47457,1536,1
6095,151742,45993,1536,1
6096,156126,47331,1536,1
6097,153960,46759,1536,1
6098,236628,71740,1536,1
6099,198836,60278,1536,1
6100,149930,45454,1536,1
6101,151020,45760,1536,1
6102,245844,74518,1536,1
6103,232268,70568,1536,1
6104,244814,74217,1536,1
6105,228116,69134,1536,1
6106,239942,72779,1536,1
6107,241734,73299,1536,1
6108,211668,64165,1536,1
6109,157710,47782,1536,1
6110,157318,47665,1536,1
6111,179046,54269,1536,1
6112,258068,78223,1536,1
6113,186998,56712,1536,1
6114,162990,49394,1536,1
6115,161690,49016,1536,1
6116,172356,52243,1536,1
6117,158056,47905,1536,1
6118,151972,46074,1536,1
6119,149624,45338,1536,1
6120,151390,45905,1536,1
6121,170596,51703,1536,1
6122,149912,45425,1536,1
6123,155398,47093,1536,1
6124,164004,49754,1536,1
6125,224894,68187,1536,1
6126,246884,74867,1536,1
6127,227296,68903,1536,1
6128,236522,71695,1536,1
6129,241210,73120,1536,1
6130,840789,255588,1536,1
6131,266612,80803,1536,1
6132,219294,66483,1536,1
6133,159758,48421,1536,1
6134,159874,48443,1536,1
6135,172014,53202,1536,1
6136,157306,47661,1536,1
6137,239834,72720,1536,1
6138,383906,116562,1536,1
6139,338433,102989,1536,1
6140,202158,61414,1536,1
6141,155606,47179,1536,1
6142,153322,46479,1536,1
6143,232088,70359,1536,1
6144,163538,49668,1536,1
6145,206520,62634,1536,1
6146,154668,46887,1536,1
6147,153520,46514,1536,1
6148,154246,46746,1536,1
6149,154128,46702,1536,1
6150,154658,46859,1536,1
6151,152484,46201,1536,1
6152,157796,47843,1536,1
6153,156374,47477,1536,1
6154,152490,46475,1536,1
6155,153054,46371,1536,1
6156,156940,47577,1536,1
6157,153858,46616,1536,1
6158,153300,46473,1536,1
6159,143786,43595,1536,1
6160,142018,43064,1536,1
6161,141258,42826,1536,1
6162,139814,42363,1536,1
6163,142212,43089,1536,1
6164,141598,42903,1536,1
6165,306098,93619,1536,1
6166,343866,104162,1536,1
6167,148446,44977,1536,1
6168,141758,42976,1536,1
6169,140752,42660,1536,1
6170,141288,42809,1536,1
6171,168504,51095,1536,1
6172,139450,42282,1536,1
6173,140982,42747,1536,1
6174,139424,42258,1536,1
6175,140324,42516,1536,1
6176,140804,42678,1536,1
6177,140216,42484,1536,1
6178,139968,42409,1536,1
6179,224578,68050,1536,1
6180,225524,68402,1536,1
6181,152118,46116,1536,1
6182,177046,53669,1536,1
6183,195114,59154,1536,1
6184,308116,93733,1536,1
6185,279742,84793,1536,1
6186,150326,45557,1536,1
6187,239512,72614,1536,1
6188,218360,66196,1536,1
6189,360846,109473,1536,1
6190,226430,68636,1536,1
6191,229404,69524,1536,1
6192,284966,86443,1536,1
6193,230492,69865,1536,1
6194,241654,73240,1536,1
6195,220618,66878,1536,1
6196,221840,67247,1536,1
6197,305242,92513,1536,1
6198,216954,65767,1536,1
6199,227818,69060,1536,1
6200,176550,53532,1536,1
6201,137076,41534,1536,1
6202,136378,41321,1536,1
6203,136376,41320,1536,1
6204,135334,41017,1536,1
6205,143458,43506,1536,1
6206,135082,40941,1536,1
6207,135132,40969,1536,1
6208,135388,41034,1536,1
6209,172324,52216,1536,1
6210,138652,42035,1536,1
6211,138206,41880,1536,1
6212,135920,41193,1536,1
6213,219444,66534,1536,1
6214,137236,41594,1536,1
6215,138300,41903,1536,1
6216,135724,41136,1536,1
6217,137730,41731,1536,1
6218,140204,42480,1536,1
6219,176550,53654,1536,1
6220,142350,43159,1536,1
6221,142220,43116,1536,1
6222,139774,42363,1536,1
6223,139458,42272,1536,1
6224,139488,42264,1536,1
6225,145568,44228,1536,1
6226,139648,42317,1536,1
6227,164658,49918,1536,1
6228,139036,42140,1536,1
6229,140232,42513,1536,1
6230,200976,60947,1536,1
6231,148810,45086,1536,1
6232,148506,45019,1536,1
6233,147640,44757,1536,1
6234,148048,44881,1536,1
6235,147414,44676,1536,1
6236,148526,45002,1536,1
6237,146946,44547,1536,1
6238,583972,177292,1536,1
6239,234414,71034,1536,1
6240,229324,69483,1536,1
6241,186616,56586,1536,1
6242,181428,55017,1536,1
6243,186946,56650,1536,1
6244,189082,57296,1536,1
6245,153030,46412,1536,1
6246,775796,235257,1536,1
6247,532951,161762,1536,1
6248,205934,62413,1536,1
6249,204458,61968,1536,1
6250,223562,67787,1536,1
6251,287692,87361,1536,1
6252,238810,72410,1536,1
6253,209150,63414,1536,1
6254,216828,65763,1536,1
6255,213690,64779,1536,1
6256,267460,81060,1536,1
6257,199396,60435,1536,1
6258,155834,47245,1536,1
6259,221366,67105,1536,1
6260,240568,72923,1536,1
6261,224086,67928,1536,1
6262,217384,65897,1536,1
6263,203080,61575,1536,1
6264,198280,60113,1536,1
6265,265168,80383,1536,1
6266,222868,67567,1536,1
6267,203586,61730,1536,1
6268,204894,62080,1536,1
6269,215976,65445,1536,1
6270,211626,64149,1536,1
6271,210052,63676,1536,1
6272,203644,61710,1536,1
6273,290858,88162,1536,1
6274,206050,62463,1536,1
6275,201198,61006,1536,1
6276,218654,66279,1536,1
6277,258790,78470,1536,1
6278,242726,73876,1536,1
6279,335192,102090,1536,1
6280,232080,70317,1536,1
6281,229546,69566,1536,1
6282,265978,80653,1536,1
6283,266694,80862,1536,1
6284,288614,87501,1536,1
6285,313432,95013,1536,1
6286,270300,81943,1536,1
6287,261702,79330,1536,1
6288,194066,58849,1536,1
6289,168142,50964,1536,1
6290,166892,50578,1536,1
6291,382822,117144,1536,1
6292,247072,74903,1536,1
6293,221812,67251,1536,1
6294,169012,51235,1536,1
6295,170580,51714,1536,1
6296,167942,50905,1536,1
6297,170362,51625,1536,1
6298,186210,56465,1536,1
6299,168032,50937,1536,1
6300,168532,51077,1536,1
6301,221568,67159,1536,1
6302,253232,76761,1536,1
6303,261852,79345,1536,1
6304,239672,72661,1536,1
6305,385476,116847,1536,1
6306,263246,79808,1536,1
6307,316850,96426,1536,1
6308,250824,76018,1536,1
6309,244490,74121,1536,1
6310,173266,52528,1536,1
6311,168822,51177,1536,1
6312,327228,99187,1536,1
6313,248898,75452,1536,1
6314,199084,60345,1536,1
6315,171046,51851,1536,1
6316,209014,63372,1536,1
6317,254484,77152,1536,1
6318,170124,51572,1536,1
6319,169296,51299,1536,1
6320,330111,101037,1536,1
6321,182854,55404,1536,1
6322,188724,57206,1536,1
6323,214558,65061,1536,1
6324,168734,51122,1536,1
6325,253710,76932,1536,1
6326,272204,82540,1536,1
6327,258804,78454,1536,1
6328,255640,77490,1536,1
6329,267444,81086,1536,1
6330,239256,72528,1536,1
6331,260914,79087,1536,1
6332,293501,89069,1536,1
6333,162710,49325,1536,1
6334,177466,53796,1536,1
6335,166134,50446,1536,1
6336,190372,57687,1536,1
6337,319759,97216,1536,1
6338,167264,50700,1536,1
6339,294490,89379,1536,1
6340,248108,75205,1536,1
6341,262944,79707,1536,1
6342,256454,77702,1536,1
6343,167764,50860,1536,1
6344,260934,79118,1536,1
6345,249090,75504,1536,1
6346,259300,78691,1536,1
6347,251226,76184,1536,1
6348,222108,67314,1536,1
6349,324612,99049,1536,1
6350,258864,78463,1536,1
6351,256018,77611,1536,1
6352,278448,84398,1536,1
6353,251216,76170,1536,1
6354,200080,60649,1536,1
6355,265142,80388,1536,1
6356,201234,61006,1536,1
6357,223162,67652,1536,1
6358,331132,100530,1536,1
6359,251008,76111,1536,1
6360,250524,75962,1536,1
6361,233378,70747,1536,1
6362,166060,50348,1536,1
6363,168632,51131,1536,1
6364,259324,78643,1536,1
6365,248094,75213,1536,1
6366,250038,75822,1536,1
6367,250632,75971,1536,1
6368,222822,67551,1536,1
6369,248616,75410,1536,1
6370,213130,64630,1536,1
6371,260490,78971,1536,1
6372,245394,74362,1536,1
6373,168394,51057,1536,1
6374,164508,49870,1536,1
6375,165920,50283,1536,1
6376,166316,50421,1536,1
6377,213702,64800,1536,1
6378,212234,64347,1536,1
6379,164284,49852,1536,1
6380,163964,49704,1536,1
6381,163558,49555,1536,1
6382,163946,49674,1536,1
6383,278186,84342,1536,1
6384,156376,47411,1536,1
6385,152872,46319,1536,1
6386,177054,53651,1536,1
6387,401978,122065,1536,1
6388,249498,75612,1536,1
6389,235896,71514,1536,1
6390,249702,75714,1536,1
6391,213982,64886,1536,1
6392,167096,50656,1536,1
6393,224524,68047,1536,1
6394,226258,68571,1536,1
6395,242448,73505,1536,1
6396,340412,103624,1536,1
6397,308404,93472,1536,1
6398,246708,74794,1536,1
6399,215090,65214,1536,1
6400,299226,90691,1536,1
6401,273106,82776,1536,1
6402,287878,87255,1536,1
6403,272450,82592,1536,1
6404,243768,73904,1536,1
6405,161580,48988,1536,1
6406,160954,48796,1536,1
6407,157742,47791,1536,1
6408,157702,47810,1536,1
6409,157448,47730,1536,1
6410,199278,60409,1536,1
6411,168650,51124,1536,1
6412,184646,55952,1536,1
6413,254970,77284,1536,1
6414,227026,68823,1536,1
6415,292338,88593,1536,1
6416,230068,69744,1536,1
6417,165234,50091,1536,1
6418,172722,52370,1536,1
6419,205944,62449,1536,1
6420,240624,72943,1536,1
6421,245068,74282,1536,1
6422,238240,72218,1536,1
6423,166970,50647,1536,1
6424,150588,45641,1536,1
6425,235312,71393,1536,1
6426,232034,70338,1536,1
6427,159006,48203,1536,1
6428,220040,66681,1536,1
6429,243444,73786,1536,1
6430,163078,49427,1536,1
6431,160848,48762,1536,1
6432,240448,73010,1536,1
6433,220912,66951,1536,1
6434,181388,54990,1536,1
6435,164756,49945,1536,1
6436,219874,66737,1536,1
6437,400389,121814,1536,1
6438,326502,99297,1536,1
6439,339682,102952,1536,1
6440,241348,73157,1536,1
6441,239442,72554,1536,1
6442,290188,87946,1536,1
6443,171812,52104,1536,1
6444,148682,45061,1536,1
6445,149898,45445,1536,1
6446,153322,46482,1536,1
6447,148678,45048,1536,1
6448,194580,59001,1536,1
6449,174548,52893,1536,1
6450,147522,44697,1536,1
6451,209850,63583,1536,1
6452,148818,45091,1536,1
6453,152756,46314,1536,1
6454,148360,44952,1536,1
6455,149288,45234,1536,1
6456,164630,49909,1536,1
6457,159264,48284,1536,1
6458,190568,57761,1536,1
6459,186708,56616,1536,1
6460,158600,48078,1536,1
6461,158790,48122,1536,1
6462,156692,47489,1536,1
6463,161710,49043,1536,1
6464,148830,45094,1536,1
6465,148274,44932,1536,1
6466,152678,46286,1536,1
6467,152642,46279,1536,1
6468,147834,44822,1536,1
6469,149688,45356,1536,1
6470,152198,46116,1536,1
6471,149494,45294,1536,1
6472,148556,45012,1536,1
6473,224790,68147,1536,1
6474,207720,62969,1536,1
6475,150314,45563,1536,1
6476,150992,45761,1536,1
6477,150714,45691,1536,1
6478,148142,44913,1536,1
6479,149920,45425,1536,1
6480,153800,46631,1536,1
6481,149260,45251,1536,1
6482,150012,45469,1536,1
6483,253158,76732,1536,1
6484,251806,76308,1536,1
6485,251382,76194,1536,1
6486,160958,48793,1536,1
6487,151504,45930,1536,1
6488,143476,43473,1536,1
6489,142752,43265,1536,1
6490,186998,56661,1536,1
6491,146864,44498,1536,1
6492,147402,44666,1536,1
6493,183006,55497,1536,1
6494,149254,45224,1536,1
6495,185316,56190,1536,1
6496,147358,44660,1536,1
6497,148502,44996,1536,1
6498,152502,46214,1536,1
6499,150448,45585,1536,1
6500,166884,50604,1536,1
6501,149668,45348,1536,1
6502,148346,44947,1536,1
6503,169816,51502,1536,1
6504,148998,45170,1536,1
6505,148624,45057,1536,1
6506,147136,44586,1536,1
6507,150498,45629,1536,1
6508,147692,44776,1536,1
6509,148530,45021,1536,1
6510,160120,48573,1536,1
6511,149262,45225,1536,1
6512,150536,45610,1536,1
6513,153018,46393,1536,1
6514,238410,72248,1536,1
6515,195626,59319,1536,1
6516,205560,62328,1536,1
6517,154010,46689,1536,1
6518,228608,69309,1536,1
6519,150090,45476,1536,1
6520,149772,45380,1536,1
6521,156586,47443,1536,1
6522,150300,45539,1536,1
6523,167480,50797,1536,1
6524,276370,84217,1536,1
6525,215878,65421,1536,1
6526,217716,65995,1536,1
6527,238976,72433,1536,1
6528,217890,66061,1536,1
6529,216502,65630,1536,1
6530,223160,67643,1536,1
6531,289836,88703,1536,1
6532,221842,67257,1536,1
6533,215868,65419,1536,1
6534,218138,66092,1536,1
6535,420144,127576,1536,1
6536,221132,67109,1536,1
6537,218862,66330,1536,1
6538,226250,68554,1536,1
6539,221142,67040,1536,1
6540,317584,96242,1536,1
6541,222280,67384,1536,1
6542,232590,70504,1536,1
6543,252874,76677,1536,1
6544,229408,69556,1536,1
6545,235960,71522,1536,1
6546,232942,70622,1536,1
6547,239832,72906,1536,1
6548,267356,81046,1536,1
6549,226492,68656,1536,1
6550,266448,80740,1536,1
6551,227764,69025,1536,1
6552,227410,68906,1536,1
6553,224776,68107,1536,1
6554,236988,71802,1536,1
6555,235554,71414,1536,1
6556,238016,72162,1536,1
6557,234690,71164,1536,1
6558,234366,71060,1536,1
6559,213126,64618,1536,1
6560,227898,69082,1536,1
6561,231106,70053,1536,1
6562,308130,93418,1536,1
6563,246512,74714,1536,1
6564,8280363,2509314,1536,1
6565,538206,163148,1536,1
6566,303148,91885,1536,1
6567,194752,59038,1536,1
6568,253174,76759,1536,1
6569,253830,76944,1536,1
6570,230298,69817,1536,1
6571,210200,63714,1536,1
6572,248656,75361,1536,1
6573,251268,76167,1536,1
6574,241676,73272,1536,1
6575,248546,75309,1536,1
6576,205950,62407,1536,1
6577,256354,77736,1536,1
6578,252408,76510,1536,1
6579,344570,104423,1536,1
6580,241116,73063,1536,1
6581,246726,74788,1536,1
6582,250930,76079,1536,1
6583,235278,71325,1536,1
6584,244112,73999,1536,1
6585,303704,92044,1536,1
6586,249684,75687,1536,1
6587,256550,77789,1536,1
6588,270846,82100,1536,1
6589,263628,79917,1536,1
6590,252770,76592,1536,1
6591,257038,77911,1536,1
6592,226546,68683,1536,1
6593,253830,76945,1536,1
6594,250058,75806,1536,1
6595,215506,65336,1536,1
6596,276768,83888,1536,1
6597,243564,73837,1536,1
6598,249288,75573,1536,1
6599,249814,75720,1536,1
6600,224142,67962,1536,1
6601,322492,97746,1536,1
6602,279676,84786,1536,1
6603,1146625,347698,1536,1
6604,208392,63183,1536,1
6605,203530,61687,1536,1
6606,262056,79450,1536,1
6607,257520,78052,1536,1
6608,267410,81072,1536,1
6609,248114,75208,1536,1
6610,168508,51070,1536,1
6611,168082,50958,1536,1
6612,167528,50791,1536,1
6613,257980,78246,1536,1
6614,253684,76910,1536,1
6615,302460,91681,1536,1
6616,173286,52534,1536,1
6617,242470,73607,1536,1
6618,452453,138917,1536,1
6619,236880,71804,1536,1
6620,231944,70308,1536,1
6621,249174,75527,1536,1
6622,283922,86078,1536,1
6623,259194,78568,1536,1
6624,252692,76599,1536,1
6625,214484,65042,1536,1
6626,168990,51228,1536,1
6627,180262,54629,1536,1
6628,217076,65800,1536,1
6629,258024,78206,1536,1
6630,245046,74280,1536,1
6631,169368,51332,1536,1
6632,230184,69772,1536,1
6633,178856,54243,1536,1
6634,249914,75758,1536,1
6635,259438,78635,1536,1
6636,171788,52077,1536,1
6637,270624,82031,1536,1
6638,294650,89316,1536,1
6639,292106,88533,1536,1
6640,169748,51459,1536,1
6641,174348,52855,1536,1
6642,162870,49401,1536,1
6643,160252,48588,1536,1
6644,153552,46527,1536,1
6645,152574,46229,1536,1
6646,154018,46667,1536,1
6647,153124,46397,1536,1
6648,152908,46334,1536,1
6649,155930,47276,1536,1
6650,243056,73685,1536,1
6651,241048,73039,1536,1
6652,236576,71711,1536,1
6653,253160,76716,1536,1
6654,227498,68975,1536,1
6655,335384,102049,1536,1
6656,265328,80430,1536,1
6657,167780,50929,1536,1
6658,168746,51140,1536,1
6659,167786,50836,1536,1
6660,189818,57587,1536,1
6661,169000,51235,1536,1
6662,170290,51647,1536,1
6663,164144,49750,1536,1
6664,162716,49314,1536,1
6665,162890,49367,1536,1
6666,162390,49215,1536,1
6667,161726,49014,1536,1
6668,162774,49331,1536,1
6669,360355,109751,1536,1
6670,184138,55857,1536,1
6671,163130,49426,1536,1
6672,259166,78567,1536,1
6673,257194,77960,1536,1
6674,166228,50401,1536,1
6675,229080,69448,1536,1
6676,160354,48601,1536,1
6677,159792,48415,1536,1
6678,158622,48086,1536,1
6679,157292,47656,1536,1
6680,157734,47883,1536,1
6681,239380,72618,1536,1
6682,163876,49703,1536,1
6683,158856,48161,1536,1
6684,254480,77162,1536,1
6685,158584,48059,1536,1
6686,161174,48865,1536,1
6687,190044,57606,1536,1
6688,189564,57454,1536,1
6689,186104,56411,1536,1
6690,191530,58024,1536,1
6691,152018,46090,1536,1
6692,143992,43629,1536,1
6693,177968,53926,1536,1
6694,162494,49239,1536,1
6695,145314,44031,1536,1
6696,148008,44849,1536,1
6697,143340,43431,1536,1
6698,146368,44373,1536,1
6699,238538,72395,1536,1
6700,200650,60834,1536,1
6701,161222,48884,1536,1
6702,145994,44238,1536,1
6703,215580,65336,1536,1
6704,146264,44329,1536,1
6705,225660,68374,1536,1
6706,190828,57859,1536,1
6707,231754,70215,1536,1
6708,217554,65954,1536,1
6709,145086,44111,1536,1
6710,144942,43916,1536,1
6711,210348,63775,1536,1
6712,234596,71136,1536,1
6713,157928,47884,1536,1
6714,154972,46952,1536,1
6715,209330,63464,1536,1
6716,153838,46622,1536,1
6717,154006,46661,1536,1
6718,147830,44791,1536,1
6719,152998,46400,1536,1
6720,150412,45571,1536,1
6721,169198,51314,1536,1
6722,249968,75760,1536,1
6723,167500,50791,1536,1
6724,227394,68936,1536,1
6725,242042,73369,1536,1
6726,295222,89486,1536,1
6727,231816,70270,1536,1
6728,223332,67721,1536,1
6729,220270,66851,1536,1
6730,209504,63517,1536,1
6731,151138,45902,1536,1
6732,152962,46374,1536,1
6733,148180,44921,1536,1
6734,147540,44703,1536,1
6735,147504,44690,1536,1
6736,147388,44656,1536,1
6737,150848,45734,1536,1
6738,194962,59126,1536,1
6739,208542,63224,1536,1
6740,200318,60718,1536,1
6741,162318,49235,1536,1
6742,145506,44116,1536,1
6743,146128,44302,1536,1
6744,217346,66088,1536,1
6745,232876,70594,1536,1
6746,225122,68239,1536,1
6747,309394,94054,1536,1
6748,238310,72240,1536,1
6749,242440,73484,1536,1
6750,316652,96287,1536,1
6751,225050,68186,1536,1
6752,221580,67171,1536,1
6753,178126,53977,1536,1
6754,201970,61229,1536,1
6755,342052,104377,1536,1
6756,208582,63208,1536,1
6757,211824,64212,1536,1
6758,191252,57981,1536,1
6759,148358,44979,1536,1
6760,143886,43619,1536,1
6761,229166,69481,1536,1
6762,209350,63449,1536,1
6763,224100,67940,1536,1
6764,203020,61545,1536,1
6765,226580,68668,1536,1
6766,228614,69359,1536,1
6767,320316,98218,1536,1
6768,225660,68404,1536,1
6769,147208,44601,1536,1
6770,207454,62891,1536,1
6771,222682,67505,1536,1
6772,215232,65251,1536,1
6773,216436,65608,1536,1
6774,213796,64793,1536,1
6775,255360,77379,1536,1
6776,225678,68393,1536,1
6777,222598,67479,1536,1
6778,212296,64361,1536,1
6779,147654,44754,1536,1
6780,164702,49948,1536,1
6781,143988,43650,1536,1
6782,499687,151837,1536,1
6783,145014,43940,1536,1
6784,275925,83894,1536,1
6785,292608,88894,1536,1
6786,133330,40409,1536,1
6787,131718,39910,1536,1
6788,132476,40150,1536,1
6789,131728,39913,1536,1
6790,152692,46269,1536,1
6791,136100,41254,1536,1
6792,138540,41987,1536,1
6793,143560,43522,1536,1
6794,139944,42425,1536,1
6795,140282,42513,1536,1
6796,139652,42337,1536,1
6797,140412,42566,1536,1
6798,139762,42369,1536,1
6799,140292,42505,1536,1
6800,210674,63864,1536,1
6801,217852,66039,1536,1
6802,218070,66109,1536,1
6803,666624,203056,1536,1
6804,270228,82306,1536,1
6805,225910,68494,1536,1
6806,198032,60040,1536,1
6807,230560,69893,1536,1
6808,213260,64653,1536,1
6809,215054,65178,1536,1
6810,214296,65082,1536,1
6811,212336,64366,1536,1
6812,222546,67452,1536,1
6813,142048,43061,1536,1
6814,160644,48725,1536,1
6815,135920,41196,1536,1
6816,135406,41027,1536,1
6817,134358,40734,1536,1
6818,134664,40826,1536,1
6819,135128,40943,1536,1
6820,151286,45869,1536,1
6821,137754,41763,1536,1
6822,135110,40942,1536,1
6823,135260,40988,1536,1
6824,137884,41805,1536,1
6825,135878,41182,1536,1
6826,135914,41182,1536,1
6827,135506,41056,1536,1
6828,138066,41860,1536,1
6829,135558,41085,1536,1
6830,135654,41117,1536,1
6831,134972,40896,1536,1
6832,134634,40796,1536,1
6833,143400,43471,1536,1
6834,139162,42191,1536,1
6835,135386,41020,1536,1
6836,135042,40918,1536,1
6837,134348,40707,1536,1
6838,135090,40956,1536,1
6839,135242,41000,1536,1
6840,169656,51450,1536,1
6841,135530,41064,1536,1
6842,135232,40975,1536,1
6843,134874,40866,1536,1
6844,135760,41158,1536,1
6845,135374,41042,1536,1
6846,134614,40812,1536,1
6847,176178,53418,1536,1
6848,282822,85852,1536,1
6849,135296,41017,1536,1
6850,136454,41369,1536,1
6851,134950,40888,1536,1
6852,136588,41386,1536,1
6853,135160,41055,1536,1
6854,137644,41729,1536,1
6855,137050,41554,1536,1
6856,132480,40153,1536,1
6857,131298,39793,1536,1
6858,131854,39951,1536,1
6859,160052,48498,1536,1
6860,132894,40289,1536,1
6861,140312,42542,1536,1
6862,131968,40009,1536,1
6863,131488,39843,1536,1
6864,131618,39895,1536,1
6865,133046,40335,1536,1
6866,131802,39934,1536,1
6867,132116,40054,1536,1
6868,131398,39824,1536,1
6869,141550,42913,1536,1
6870,156662,47487,1536,1
6871,139840,42391,1536,1
6872,138962,42102,1536,1
6873,139048,42128,1536,1
6874,139924,42395,1536,1
6875,133870,40585,1536,1
6876,131526,39851,1536,1
6877,132158,40046,1536,1
6878,134540,40792,1536,1
6879,133632,40490,1536,1
6880,132636,40187,1536,1
6881,141092,42775,1536,1
6882,131778,39938,1536,1
6883,133410,40448,1536,1
6884,160346,49019,1536,1
6885,133180,40353,1536,1
6886,133344,40404,1536,1
6887,132890,40265,1536,1
6888,135720,41149,1536,1
6889,173684,52661,1536,1
6890,215378,65279,1536,1
6891,207538,62885,1536,1
6892,191802,58152,1536,1
6893,134174,40672,1536,1
6894,141814,42995,1536,1
6895,163022,49432,1536,1
6896,399020,120982,1536,1
6897,217316,65862,1536,1
6898,219086,66412,1536,1
6899,218822,66328,1536,1
6900,216552,65634,1536,1
6901,244706,74214,1536,1
6902,136290,41307,1536,1
6903,136414,41332,1536,1
6904,135906,41179,1536,1
6905,136460,41359,1536,1
6906,139880,42409,1536,1
6907,137266,41603,1536,1
6908,146626,44426,1536,1
6909,220356,66787,1536,1
6910,238642,72357,1536,1
6911,186088,56405,1536,1
6912,222248,67382,1536,1
6913,226162,68545,1536,1
6914,296030,90277,1536,1
6915,214024,64865,1536,1
6916,229448,69555,1536,1
6917,151448,46052,1536,1
6918,230162,69775,1536,1
6919,213086,64608,1536,1
6920,216616,65675,1536,1
6921,207656,63008,1536,1
6922,794656,241456,1536,1
6923,310732,94520,1536,1
6924,233232,70701,1536,1
6925,329637,100046,1536,1
6926,314716,95630,1536,1
6927,442802,135011,1536,1
6928,219502,66521,1536,1
6929,2943950,893003,1536,1
6930,222180,67363,1536,1
6931,760615,231135,1536,1
6932,244228,74029,1536,1
6933,234610,71127,1536,1
6934,314672,95358,1536,1
6935,224826,68136,1536,1
6936,249382,75607,1536,1
6937,216000,65486,1536,1
6938,249176,75532,1536,1
6939,240756,72953,1536,1
6940,260668,79024,1536,1
6941,244814,74223,1536,1
6942,247776,75112,1536,1
6943,241950,73325,1536,1
6944,242886,73630,1536,1
6945,249070,75481,1536,1
6946,245676,74470,1536,1
6947,244656,74148,1536,1
6948,255742,77525,1536,1
6949,165960,50316,1536,1
6950,219508,66553,1536,1
6951,241866,73315,1536,1
6952,241844,73316,1536,1
6953,455514,138034,1536,1
6954,306054,92755,1536,1
6955,265116,80361,1536,1
6956,237042,71882,1536,1
6957,330016,100046,1536,1
6958,266720,80849,1536,1
6959,251164,76120,1536,1
6960,273324,82886,1536,1
6961,374638,114172,1536,1
6962,395378,119892,1536,1
6963,234606,71095,1536,1
6964,240874,73023,1536,1
6965,232754,70555,1536,1
6966,251682,76295,1536,1
6967,270718,82057,1536,1
6968,268482,81395,1536,1
6969,272454,82588,1536,1
6970,259398,78630,1536,1
6971,528276,160303,1536,1
6972,338741,103003,1536,1
6973,236458,71652,1536,1
6974,240274,72810,1536,1
6975,231238,70101,1536,1
6976,268854,81511,1536,1
6977,282328,85579,1536,1
6978,266182,80684,1536,1
6979,286584,86899,1536,1
6980,238952,72444,1536,1
6981,219168,66442,1536,1
6982,229734,69643,1536,1
6983,241434,73172,1536,1
6984,240524,72932,1536,1
6985,247676,75080,1536,1
6986,272080,82484,1536,1
6987,268570,81423,1536,1
6988,269586,81720,1536,1
6989,256350,77695,1536,1
6990,263620,79913,1536,1
6991,272686,82666,1536,1
6992,234080,70967,1536,1
6993,213578,64758,1536,1
6994,246692,74789,1536,1
6995,400196,121298,1536,1
6996,257308,78023,1536,1
6997,234260,71014,1536,1
6998,176488,53522,1536,1
6999,256650,77802,1536,1
7000,251708,76296,1536,1
7001,258340,78312,1536,1
7002,265596,80505,1536,1
7003,264120,80066,1536,1
7004,170286,51614,1536,1
7005,168792,51141,1536,1
7006,167058,50644,1536,1
7007,173096,52478,1536,1
7008,173164,52468,1536,1
7009,175630,53226,1536,1
7010,172798,52354,1536,1
7011,174676,52922,1536,1
7012,762028,234845,1536,1
7013,168906,51189,1536,1
7014,167674,50830,1536,1
7015,213572,64747,1536,1
7016,252692,76601,1536,1
7017,264226,80100,1536,1
7018,252868,76665,1536,1
7019,244892,74236,1536,1
7020,252860,76649,1536,1
7021,251756,76327,1536,1
7022,249650,75683,1536,1
7023,265322,80428,1536,1
7024,259026,78528,1536,1
7025,259626,78710,1536,1
7026,252682,76571,1536,1
7027,251398,76181,1536,1
7028,252960,76688,1536,1
7029,270330,81937,1536,1
7030,256870,77827,1536,1
7031,247324,74976,1536,1
7032,242770,73588,1536,1
7033,239834,72768,1536,1
7034,239310,72555,1536,1
7035,213338,64669,1536,1
7036,256628,77760,1536,1
7037,265316,80489,1536,1
7038,157326,47696,1536,1
7039,148698,45055,1536,1
7040,148370,44954,1536,1
7041,149184,45227,1536,1
7042,146998,44568,1536,1
7043,143138,43370,1536,1
7044,144412,43755,1536,1
7045,146440,44396,1536,1
7046,143286,43414,1536,1
7047,143314,43422,1536,1
7048,205792,62365,1536,1
7049,145810,44178,1536,1
7050,146088,44288,1536,1
7051,144012,43659,1536,1
7052,145494,44082,1536,1
7053,145240,44006,1536,1
7054,146182,44320,1536,1
7055,143130,43393,1536,1
7056,144158,43692,1536,1
7057,145552,44101,1536,1
7058,346876,105272,1536,1
7059,146188,44318,1536,1
7060,145204,44024,1536,1
7061,145378,44059,1536,1
7062,355971,108590,1536,1
7063,225566,68398,1536,1
7064,165128,50079,1536,1
7065,152180,46135,1536,1
7066,152042,46066,1536,1
7067,151980,46072,1536,1
7068,153672,46566,1536,1
7069,153764,46613,1536,1
7070,154618,46872,1536,1
7071,171630,52049,1536,1
7072,154530,46845,1536,1
7073,157288,47657,1536,1
7074,152960,46369,1536,1
7075,153712,46598,1536,1
7076,217788,66400,1536,1
7077,213454,64711,1536,1
7078,159826,48454,1536,1
7079,146298,44357,1536,1
7080,152696,46281,1536,1
7081,143966,43635,1536,1
7082,145224,44002,1536,1
7083,144464,43771,1536,1
7084,244922,74215,1536,1
7085,278900,84540,1536,1
7086,143644,43535,1536,1
7087,155030,46997,1536,1
7088,166682,50545,1536,1
7089,170206,51581,1536,1
7090,143962,43638,1536,1
7091,212462,64630,1536,1
7092,145080,43983,1536,1
7093,145266,44015,1536,1
7094,143528,43501,1536,1
7095,146876,44531,1536,1
7096,143624,43543,1536,1
7097,143286,43415,1536,1
7098,213644,64768,1536,1
7099,145876,44224,1536,1
7100,145648,44155,1536,1
7101,144300,43724,1536,1
7102,144494,43780,1536,1
7103,143214,43392,1536,1
7104,143720,43571,1536,1
7105,146218,44331,1536,1
7106,143410,43451,1536,1
7107,143062,43346,1536,1
7108,144774,43865,1536,1
7109,198580,60208,1536,1
7110,144090,43684,1536,1
7111,143710,43556,1536,1
7112,144128,43682,1536,1
7113,143310,43421,1536,1
7114,153306,46479,1536,1
7115,143828,43606,1536,1
7116,143834,43594,1536,1
7117,142740,43248,1536,1
7118,188544,57186,1536,1
7119,140178,42476,1536,1
7120,183052,55498,1536,1
7121,198092,60169,1536,1
7122,146848,44518,1536,1
7123,144436,43762,1536,1
7124,140192,42488,1536,1
7125,139072,42138,1536,1
7126,144684,43861,1536,1
7127,142516,43208,1536,1
7128,139986,42414,1536,1
7129,141074,42744,1536,1
7130,138982,42134,1536,1
7131,138916,42103,1536,1
7132,139782,42353,1536,1
7133,140390,42537,1536,1
7134,138892,42082,1536,1
7135,138232,41883,1536,1
7136,139576,42293,1536,1
7137,173056,52476,1536,1
7138,147298,44654,1536,1
7139,140376,42557,1536,1
7140,141574,42920,1536,1
7141,150416,45602,1536,1
7142,150014,45481,1536,1
7143,147636,44731,1536,1
7144,146350,44341,1536,1
7145,147372,44652,1536,1
7146,187894,56977,1536,1
7147,148428,44997,1536,1
7148,148606,45035,1536,1
7149,146940,44545,1536,1
7150,146986,44533,1536,1
7151,147552,44705,1536,1
7152,152592,46258,1536,1
7153,147380,44666,1536,1
7154,165010,50031,1536,1
7155,147530,44712,1536,1
7156,148154,44973,1536,1
7157,151224,45816,1536,1
7158,208526,63296,1536,1
7159,158458,48016,1536,1
7160,135782,41141,1536,1
7161,138688,42045,1536,1
7162,172298,52245,1536,1
7163,190950,57898,1536,1
7164,208394,63160,1536,1
7165,226646,68672,1536,1
7166,139708,42334,1536,1
7167,136084,41231,1536,1
7168,156276,47402,1536,1
7169,138770,42058,1536,1
7170,137660,41710,1536,1
7171,137338,41611,1536,1
7172,136906,41481,1536,1
7173,135234,40974,1536,1
7174,183042,55502,1536,1
7175,177478,53865,1536,1
7176,164564,49870,1536,1
7177,139886,42383,1536,1
7178,160518,48678,1536,1
7179,251176,76147,1536,1
7180,231076,70059,1536,1
7181,207902,63034,1536,1
7182,230090,69759,1536,1
7183,222050,67275,1536,1
7184,214190,64921,1536,1
7185,197578,59873,1536,1
7186,225692,68742,1536,1
7187,227456,68955,1536,1
7188,222944,67578,1536,1
7189,210422,63774,1536,1
7190,406674,123540,1536,1
7191,197136,59758,1536,1
7192,279316,84764,1536,1
7193,229680,69625,1536,1
7194,492832,150024,1536,1
7195,283884,86155,1536,1
7196,188070,57016,1536,1
7197,219812,66654,1536,1
7198,291402,88564,1536,1
7199,366460,111309,1536,1
7200,216306,65575,1536,1
7201,223394,67719,1536,1
7202,213170,64619,1536,1
7203,190714,57822,1536,1
7204,196278,59495,1536,1
7205,207556,62925,1536,1
7206,227036,68827,1536,1
7207,314942,95433,1536,1
7208,219260,66449,1536,1
7209,221460,67112,1536,1
7210,234278,71010,1536,1
7211,321010,97981,1536,1
7212,214074,64891,1536,1
7213,214006,64882,1536,1
7214,205956,62429,1536,1
7215,149284,45262,1536,1
7216,148624,45055,1536,1
7217,163278,49505,1536,1
7218,157716,47815,1536,1
7219,196266,59489,1536,1
7220,185526,56236,1536,1
7221,200708,60826,1536,1
7222,154214,46750,1536,1
7223,225840,68496,1536,1
7224,177178,53689,1536,1
7225,167850,50910,1536,1
7226,233580,70843,1536,1
7227,221334,67095,1536,1
7228,221654,67199,1536,1
7229,253794,76936,1536,1
7230,157400,47700,1536,1
7231,166728,50512,1536,1
7232,223960,67858,1536,1
7233,259378,78580,1536,1
7234,217060,67004,1536,1
7235,245340,74370,1536,1
7236,233238,70702,1536,1
7237,344766,105188,1536,1
7238,157392,47716,1536,1
7239,226136,68558,1536,1
7240,143510,43482,1536,1
7241,144406,43754,1536,1
7242,143620,43529,1536,1
7243,148988,45167,1536,1
7244,145082,43957,1536,1
7245,143462,43467,1536,1
7246,146992,44564,1536,1
7247,145880,44202,1536,1
7248,147362,44680,1536,1
7249,144384,43772,1536,1
7250,185396,56214,1536,1
7251,145114,43967,1536,1
7252,144444,43765,1536,1
7253,144202,43692,1536,1
7254,144794,43871,1536,1
7255,143366,43439,1536,1
7256,154230,46757,1536,1
7257,143034,43352,1536,1
7258,166736,50566,1536,1
7259,144472,43774,1536,1
7260,143262,43432,1536,1
7261,143510,43482,1536,1
7262,169768,51443,1536,1
7263,185686,56293,1536,1
7264,316104,95801,1536,1
7265,245644,74449,1536,1
7266,230908,69989,1536,1
7267,228282,69195,1536,1
7268,156598,47473,1536,1
7269,154384,46775,1536,1
7270,167074,50626,1536,1
7271,246688,74782,1536,1
7272,250216,75825,1536,1
7273,255722,77496,1536,1
7274,247072,74897,1536,1
7275,198114,60031,1536,1
7276,322940,98212,1536,1
7277,243518,73831,1536,1
7278,265182,80412,1536,1
7279,233984,70928,1536,1
7280,233446,70739,1536,1
7281,227366,69009,1536,1
7282,231586,70301,1536,1
7283,227104,68823,1536,1
7284,205186,62483,1536,1
7285,158946,48192,1536,1
7286,162140,49136,1536,1
7287,159170,48252,1536,1
7288,157352,47689,1536,1
7289,157412,47694,1536,1
7290,157400,47690,1536,1
7291,172298,52250,1536,1
7292,158550,48050,1536,1
7293,242786,73605,1536,1
7294,159260,48278,1536,1
7295,160070,48499,1536,1
7296,164220,49842,1536,1
7297,157282,47654,1536,1
7298,177332,53778,1536,1
7299,158330,47985,1536,1
7300,156944,47653,1536,1
7301,156716,47481,1536,1
7302,157074,47590,1536,1
7303,185618,56277,1536,1
7304,158084,47923,1536,1
7305,242630,73551,1536,1
7306,236224,71578,1536,1
7307,239994,72834,1536,1
7308,236848,71824,1536,1
7309,239670,72617,1536,1
7310,157844,47851,1536,1
7311,157014,47571,1536,1
7312,159640,48394,1536,1
7313,157284,47667,1536,1
7314,157532,47729,1536,1
7315,158252,47949,1536,1
7316,156634,47457,1536,1
7317,156118,47299,1536,1
7318,162070,49145,1536,1
7319,148572,45021,1536,1
7320,148290,44930,1536,1
7321,150744,45700,1536,1
7322,151612,45967,1536,1
7323,148502,44994,1536,1
7324,217274,65856,1536,1
7325,225688,68421,1536,1
7326,157446,47734,1536,1
7327,157120,47605,1536,1
7328,157272,47669,1536,1
7329,178356,54084,1536,1
7330,156846,47541,1536,1
7331,160866,48766,1536,1
7332,157054,47604,1536,1
7333,235870,71500,1536,1
7334,224428,68027,1536,1
7335,242818,73623,1536,1
7336,243228,73707,1536,1
7337,258826,78414,1536,1
7338,168496,51100,1536,1
7339,165312,50099,1536,1
7340,214746,65065,1536,1
7341,188604,57150,1536,1
7342,274030,83387,1536,1
7343,210518,63811,1536,1
7344,289866,87859,1536,1
7345,167744,50868,1536,1
7346,250220,75846,1536,1
7347,311061,94703,1536,1
7348,250128,75833,1536,1
7349,469282,142223,1536,1
7350,400910,121497,1536,1
7351,220752,66924,1536,1
7352,258222,78276,1536,1
7353,501588,152032,1536,1
7354,471938,143229,1536,1
7355,234786,71168,1536,1
7356,235608,71395,1536,1
7357,241516,73218,1536,1
7358,242332,73464,1536,1
7359,274644,83260,1536,1
7360,229348,69521,1536,1
7361,229086,69444,1536,1
7362,233494,70786,1536,1
7363,219634,66561,1536,1
7364,336260,101952,1536,1
7365,253220,76779,1536,1
7366,253324,76785,1536,1
7367,275544,83493,1536,1
7368,295362,89527,1536,1
7369,289254,87640,1536,1
7370,242738,73561,1536,1
7371,264136,80028,1536,1
7372,274314,83266,1536,1
7373,286574,86847,1536,1
7374,282630,85654,1536,1
7375,262978,81052,1536,1
7376,564090,174761,1536,1
7377,194162,58883,1536,1
7378,159562,48375,1536,1
7379,157992,47870,1536,1
7380,157818,47819,1536,1
7381,159684,48411,1536,1
7382,182066,55211,1536,1
7383,178060,53999,1536,1
7384,179688,54489,1536,1
7385,178564,54154,1536,1
7386,235996,71543,1536,1
7387,230780,69977,1536,1
7388,248838,75438,1536,1
7389,246668,74755,1536,1
7390,261866,79381,1536,1
7391,268046,81249,1536,1
7392,267262,81013,1536,1
7393,269816,81753,1536,1
7394,271940,82438,1536,1
7395,285090,86424,1536,1
7396,295932,89677,1536,1
7397,318780,96667,1536,1
7398,283476,85949,1536,1
7399,276034,83705,1536,1
7400,270018,81874,1536,1
7401,354398,107429,1536,1
7402,268582,81434,1536,1
7403,276820,83901,1536,1
7404,231828,70346,1536,1
7405,236784,71746,1536,1
7406,193426,58659,1536,1
7407,163166,49465,1536,1
7408,158630,48063,1536,1
7409,158516,48030,1536,1
7410,158768,48119,1536,1
7411,157746,47810,1536,1
7412,158260,47951,1536,1
7413,157406,47693,1536,1
7414,161742,49039,1536,1
7415,157740,47823,1536,1
7416,159258,48281,1536,1
7417,258760,78476,1536,1
7418,249228,75539,1536,1
7419,169448,51367,1536,1
7420,167796,50867,1536,1
7421,167872,50868,1536,1
7422,166374,50425,1536,1
7423,167472,50774,1536,1
7424,168842,51152,1536,1
7425,164598,49898,1536,1
7426,162804,49354,1536,1
7427,158604,48093,1536,1
7428,153654,46555,1536,1
7429,298652,90524,1536,1
7430,288880,87531,1536,1
7431,272182,82495,1536,1
7432,231328,70131,1536,1
7433,231696,70791,1536,1
7434,323528,98280,1536,1
7435,241656,73274,1536,1
7436,254262,77088,1536,1
7437,168692,51136,1536,1
7438,262872,79676,1536,1
7439,210302,63725,1536,1
7440,229160,69438,1536,1
7441,230718,69944,1536,1
7442,228136,69171,1536,1
7443,602035,183017,1536,1
7444,239640,72650,1536,1
7445,229424,69545,1536,1
7446,298638,90585,1536,1
7447,156174,47345,1536,1
7448,156398,47420,1536,1
7449,154080,46683,1536,1
7450,154524,46843,1536,1
7451,183056,55502,1536,1
7452,153792,46600,1536,1
7453,152402,46255,1536,1
7454,198822,60281,1536,1
7455,153980,46652,1536,1
7456,187010,56665,1536,1
7457,248400,75306,1536,1
7458,226552,68689,1536,1
7459,237130,71863,1536,1
7460,219316,66470,1536,1
7461,204634,62312,1536,1
7462,154248,46747,1536,1
7463,156992,47590,1536,1
7464,154156,46707,1536,1
7465,155962,47253,1536,1
7466,153272,46438,1536,1
7467,147924,44818,1536,1
7468,143982,43657,1536,1
7469,140432,42550,1536,1
7470,192446,58347,1536,1
7471,145574,44122,1536,1
7472,153568,46540,1536,1
7473,203430,61655,1536,1
7474,189026,57297,1536,1
7475,161720,49025,1536,1
7476,149472,45499,1536,1
7477,301348,91373,1536,1
7478,148590,45019,1536,1
7479,147444,44699,1536,1
7480,147970,44832,1536,1
7481,148146,44910,1536,1
7482,182782,55401,1536,1
7483,164394,49820,1536,1
7484,147324,44641,1536,1
7485,148132,44906,1536,1
7486,152496,46235,1536,1
7487,144090,43668,1536,1
7488,136574,41405,1536,1
7489,138068,41864,1536,1
7490,140492,42594,1536,1
7491,136430,41336,1536,1
7492,135880,41171,1536,1
7493,136538,41368,1536,1
7494,159186,48236,1536,1
7495,177898,53930,1536,1
7496,170840,51791,1536,1
7497,156650,47505,1536,1
7498,135104,40963,1536,1
7499,140208,42513,1536,1
7500,135786,41143,1536,1
7501,140988,42719,1536,1
7502,169280,51371,1536,1
7503,166856,50561,1536,1
7504,182016,55146,1536,1
7505,148172,44921,1536,1
7506,139696,42352,1536,1
7507,140236,42503,1536,1
7508,139814,42375,1536,1
7509,339192,102849,1536,1
7510,140082,42456,1536,1
7511,178546,54102,1536,1
7512,141064,42746,1536,1
7513,135122,40940,1536,1
7514,137992,41840,1536,1
7515,135776,41152,1536,1
7516,215400,65301,1536,1
7517,138264,41923,1536,1
7518,134446,40737,1536,1
7519,135326,41003,1536,1
7520,134850,40859,1536,1
7521,134630,40792,1536,1
7522,135206,40966,1536,1
7523,134158,40649,1536,1
7524,136874,41496,1536,1
7525,187252,56771,1536,1
7526,131884,39972,1536,1
7527,167414,50745,1536,1
7528,169452,51347,1536,1
7529,134004,40625,1536,1
7530,135566,41099,1536,1
7531,146688,44485,1536,1
7532,144686,43847,1536,1
7533,132412,40121,1536,1
7534,132924,40276,1536,1
7535,133664,40499,1536,1
7536,136258,41282,1536,1
7537,213264,64698,1536,1
7538,172468,52294,1536,1
7539,140464,42586,1536,1
7540,140580,42617,1536,1
7541,139466,42279,1536,1
7542,145758,44160,1536,1
7543,141692,42930,1536,1
7544,142100,43056,1536,1
7545,141010,42723,1536,1
7546,142532,43208,1536,1
7547,141678,42940,1536,1
7548,142664,43239,1536,1
7549,133266,40400,1536,1
7550,136464,41370,1536,1
7551,132932,40277,1536,1
7552,131970,39986,1536,1
7553,131608,39877,1536,1
7554,131790,39955,1536,1
7555,132306,40088,1536,1
7556,131486,39851,1536,1
7557,139608,42330,1536,1
7558,131590,39875,1536,1
7559,131488,39839,1536,1
7560,131328,39820,1536,1
7561,193754,58706,1536,1
7562,131084,39729,1536,1
7563,163346,49514,1536,1
7564,133332,40422,1536,1
7565,132898,40278,1536,1
7566,159668,48419,1536,1
7567,164388,49829,1536,1
7568,132124,40032,1536,1
7569,132100,40049,1536,1
7570,131568,39885,1536,1
7571,214372,65003,1536,1
7572,209916,63616,1536,1
7573,208568,63226,1536,1
7574,216034,65486,1536,1
7575,309782,93946,1536,1
7576,136380,41331,1536,1
7577,211498,64134,1536,1
7578,196302,59489,1536,1
7579,204124,61875,1536,1
7580,207628,62931,1536,1
7581,202896,61513,1536,1
7582,197108,59746,1536,1
7583,208638,63247,1536,1
7584,208842,63315,1536,1
7585,194464,58947,1536,1
7586,202112,61274,1536,1
7587,202178,61290,1536,1
7588,201746,61138,1536,1
7589,272918,82701,1536,1
7590,130532,39576,1536,1
7591,131760,39948,1536,1
7592,128664,38984,1536,1
7593,128296,38873,1536,1
7594,128062,38813,1536,1
7595,128318,38880,1536,1
7596,124678,37776,1536,1
7597,154970,46990,1536,1
7598,146854,44536,1536,1
7599,125916,38164,1536,1
7600,124458,37720,1536,1
7601,126266,38283,1536,1
7602,124494,37731,1536,1
7603,124150,37628,1536,1
7604,124070,37615,1536,1
7605,124428,37712,1536,1
7606,127410,38605,1536,1
7607,125072,37921,1536,1
7608,124846,37850,1536,1
7609,124516,37741,1536,1
7610,124056,37611,1536,1
7611,127626,38691,1536,1
7612,127712,38721,1536,1
7613,124278,37655,1536,1
7614,128244,38857,1536,1
7615,123268,37349,1536,1
7616,123064,37287,1536,1
7617,136152,41280,1536,1
7618,121684,36870,1536,1
7619,121122,36702,1536,1
7620,165674,50236,1536,1
7621,122852,37315,1536,1
7622,121454,36801,1536,1
7623,126126,38241,1536,1
7624,122396,37086,1536,1
7625,123018,37295,1536,1
7626,122926,37245,1536,1
7627,123632,37460,1536,1
7628,123336,37370,1536,1
7629,121854,36921,1536,1
7630,168178,50990,1536,1
7631,152436,46221,1536,1
7632,122970,37281,1536,1
7633,121580,36841,1536,1
7634,121844,36921,1536,1
7635,122570,37159,1536,1
7636,120698,36574,1536,1
7637,129764,39347,1536,1
7638,121478,36830,1536,1
7639,122000,36981,1536,1
7640,121330,36773,1536,1
7641,122320,37078,1536,1
7642,122064,36984,1536,1
7643,122164,37014,1536,1
7644,124092,37598,1536,1
7645,121684,36870,1536,1
7646,128064,38805,1536,1
7647,122688,37177,1536,1
7648,124438,37724,1536,1
7649,123822,37537,1536,1
7650,122202,37031,1536,1
7651,158288,47998,1536,1
7652,123612,37479,1536,1
7653,121584,36865,1536,1
7654,121744,36901,1536,1
7655,184040,55775,1536,1
7656,122966,37257,1536,1
7657,183472,55626,1536,1
7658,130088,39417,1536,1
7659,200058,60615,1536,1
7660,195318,59287,1536,1
7661,207350,62845,1536,1
7662,198868,60356,1536,1
7663,216096,65506,1536,1
7664,227146,68852,1536,1
7665,134008,40624,1536,1
7666,130606,39572,1536,1
7667,132126,40053,1536,1
7668,130862,39649,1536,1
7669,186726,56577,1536,1
7670,130638,39602,1536,1
7671,130748,39636,1536,1
7672,131940,39997,1536,1
7673,278416,84401,1536,1
7674,197052,59707,1536,1
7675,190362,57701,1536,1
7676,204668,62147,1536,1
7677,181116,54917,1536,1
7678,178148,53988,1536,1
7679,164290,49812,1536,1
7680,191358,58016,1536,1
7681,165602,50207,1536,1
7682,161200,48869,1536,1
7683,384388,116587,1536,1
7684,360416,109426,1536,1
7685,197188,59775,1536,1
7686,213874,64824,1536,1
7687,160588,48660,1536,1
7688,174302,52838,1536,1
7689,212760,64493,1536,1
7690,197580,59863,1536,1
7691,213958,64826,1536,1
7692,217074,66393,1536,1
7693,175314,53163,1536,1
7694,179098,54269,1536,1
7695,133126,40338,1536,1
7696,132098,40046,1536,1
7697,153924,46666,1536,1
7698,165094,50072,1536,1
7699,157442,47747,1536,1
7700,199212,60374,1536,1
7701,134178,40678,1536,1
7702,131820,39952,1536,1
7703,135850,41161,1536,1
7704,136184,41264,1536,1
7705,148854,45109,1536,1
7706,139050,42155,1536,1
7707,140840,42673,1536,1
7708,164602,49909,1536,1
7709,140696,42629,1536,1
7710,140990,42718,1536,1
7711,141702,42962,1536,1
7712,140094,42447,1536,1
7713,144806,43901,1536,1
7714,172080,52181,1536,1
7715,220354,66768,1536,1
7716,245932,74552,1536,1
7717,163950,49715,1536,1
7718,241792,73308,1536,1
7719,245524,74427,1536,1
7720,167624,50819,1536,1
7721,228050,69115,1536,1
7722,172718,52376,1536,1
7723,253160,76741,1536,1
7724,352922,106958,1536,1
7725,160960,48793,1536,1
7726,162434,49243,1536,1
7727,158652,48094,1536,1
7728,173544,52628,1536,1
7729,190462,57726,1536,1
7730,178638,54177,1536,1
7731,162672,49299,1536,1
7732,161000,48806,1536,1
7733,165130,50030,1536,1
7734,493565,149821,1536,1
7735,254262,77076,1536,1
7736,249080,75495,1536,1
7737,181448,55039,1536,1
7738,162416,49222,1536,1
7739,162226,49151,1536,1
7740,163526,49559,1536,1
7741,202346,61415,1536,1
7742,215634,65343,1536,1
7743,165368,50133,1536,1
7744,166582,50502,1536,1
7745,164744,49914,1536,1
7746,169880,51499,1536,1
7747,166422,50440,1536,1
7748,165806,50236,1536,1
7749,247176,74935,1536,1
7750,244298,74043,1536,1
7751,263184,79777,1536,1
7752,240390,72877,1536,1
7753,228756,69336,1536,1
7754,226160,68573,1536,1
7755,252988,76687,1536,1
7756,247584,75054,1536,1
7757,263116,79972,1536,1
7758,238732,72374,1536,1
7759,311660,94461,1536,1
7760,250070,75808,1536,1
7761,247358,74972,1536,1
7762,163118,49450,1536,1
7763,216688,65660,1536,1
7764,184780,56036,1536,1
7765,165544,50172,1536,1
7766,162916,49362,1536,1
7767,167746,50851,1536,1
7768,191146,57962,1536,1
7769,164300,49792,1536,1
7770,236864,71805,1536,1
7771,307094,93133,1536,1
7772,320200,97303,1536,1
7773,256652,77790,1536,1
7774,262138,79447,1536,1
7775,226260,68597,1536,1
7776,227130,68853,1536,1
7777,278526,84477,1536,1
7778,279260,84629,1536,1
7779,218402,66172,1536,1
7780,249978,75811,1536,1
7781,245280,74348,1536,1
7782,243674,73869,1536,1
7783,267826,81182,1536,1
7784,260296,79014,1536,1
7785,258138,78217,1536,1
7786,262964,79715,1536,1
7787,261886,79387,1536,1
7788,267974,81213,1536,1
7789,261964,79433,1536,1
7790,267590,81115,1536,1
7791,330552,100264,1536,1
7792,196230,59517,1536,1
7793,158968,48180,1536,1
7794,158154,47932,1536,1
7795,260660,79024,1536,1
7796,166648,50522,1536,1
7797,170900,51812,1536,1
7798,164070,49725,1536,1
7799,164738,49914,1536,1
7800,165434,50158,1536,1
7801,163978,49713,1536,1
7802,162946,49374,1536,1
7803,162496,49236,1536,1
7804,168080,50959,1536,1
7805,166476,50469,1536,1
7806,163434,49533,1536,1
7807,164312,49791,1536,1
7808,164938,49977,1536,1
7809,260366,78935,1536,1
7810,167534,50796,1536,1
7811,168376,51045,1536,1
7812,165058,50026,1536,1
7813,462836,140267,1536,1
7814,282280,85571,1536,1
7815,276496,83839,1536,1
7816,248492,75342,1536,1
7817,233476,70758,1536,1
7818,259288,78576,1536,1
7819,263988,80028,1536,1
7820,258876,78471,1536,1
7821,261032,79128,1536,1
7822,258016,78211,1536,1
7823,301076,91250,1536,1
7824,271438,82268,1536,1
7825,262362,79491,1536,1
7826,274750,83283,1536,1
7827,270276,81925,1536,1
7828,275660,83608,1536,1
7829,252552,76642,1536,1
7830,309950,94041,1536,1
7831,264218,80095,1536,1
7832,264330,80117,1536,1
7833,264094,80055,1536,1
7834,263410,79829,1536,1
7835,255518,77432,1536,1
7836,293500,88966,1536,1
7837,269772,81769,1536,1
7838,175706,53250,1536,1
7839,174092,52775,1536,1
7840,185860,56372,1536,1
7841,707800,214696,1536,1
7842,288532,87469,1536,1
7843,3532075,1070199,1536,1
7844,177330,53755,1536,1
7845,253706,76922,1536,1
7846,272644,82654,1536,1
7847,273982,83063,1536,1
7848,549876,166683,1536,1
7849,255074,77330,1536,1
7850,236966,71839,1536,1
7851,580182,176393,1536,1
7852,241108,73108,1536,1
7853,261980,79422,1536,1
7854,330674,100230,1536,1
7855,214772,65152,1536,1
7856,237580,72029,1536,1
7857,168424,51060,1536,1
7858,165186,50065,1536,1
7859,166472,50473,1536,1
7860,165448,50131,1536,1
7861,177510,53816,1536,1
7862,166770,50529,1536,1
7863,168134,50973,1536,1
7864,164840,49963,1536,1
7865,165576,50173,1536,1
7866,164868,49959,1536,1
7867,163290,49481,1536,1
7868,157012,47578,1536,1
7869,157534,47737,1536,1
7870,157552,47742,1536,1
7871,220366,66803,1536,1
7872,162914,49391,1536,1
7873,158214,47938,1536,1
7874,159010,48179,1536,1
7875,176792,53695,1536,1
7876,158364,48009,1536,1
7877,159118,48239,1536,1
7878,157810,47815,1536,1
7879,157794,47810,1536,1
7880,156922,47545,1536,1
7881,157062,47588,1536,1
7882,156810,47513,1536,1
7883,160754,48740,1536,1
7884,206112,62493,1536,1
7885,157824,47847,1536,1
7886,157496,47748,1536,1
7887,156800,47540,1536,1
7888,157360,47679,1536,1
7889,157358,47679,1536,1
7890,157432,47701,1536,1
7891,168674,51149,1536,1
7892,161454,48933,1536,1
7893,159768,48422,1536,1
7894,154300,46766,1536,1
7895,181528,55031,1536,1
7896,153072,46380,1536,1
7897,153282,46471,1536,1
7898,158082,47937,1536,1
7899,179234,54336,1536,1
7900,153470,46515,1536,1
7901,152978,46379,1536,1
7902,155100,47007,1536,1
7903,446028,135145,1536,1
7904,152948,46355,1536,1
7905,152286,46155,1536,1
7906,157450,47705,1536,1
7907,157784,47839,1536,1
7908,148254,44947,1536,1
7909,177762,53910,1536,1
7910,153802,46599,1536,1
7911,149684,45352,1536,1
7912,151262,45830,1536,1
7913,149150,45192,1536,1
7914,152778,46290,1536,1
7915,160498,48660,1536,1
7916,149706,45390,1536,1
7917,147702,44765,1536,1
7918,253750,76924,1536,1
7919,186374,56487,1536,1
7920,222426,67463,1536,1
7921,207124,62789,1536,1
7922,181026,54878,1536,1
7923,148844,45098,1536,1
7924,147538,44731,1536,1
7925,143286,43414,1536,1
7926,143234,43399,1536,1
7927,144454,43769,1536,1
7928,153438,46490,1536,1
7929,146380,44356,1536,1
7930,143440,43460,1536,1
7931,143180,43382,1536,1
7932,144228,43699,1536,1
7933,144452,43794,1536,1
7934,140260,42526,1536,1
7935,148264,45020,1536,1
7936,140300,42522,1536,1
7937,139244,42190,1536,1
7938,142598,43231,1536,1
7939,143054,43369,1536,1
7940,140670,42634,1536,1
7941,140050,42434,1536,1
7942,143958,43617,1536,1
7943,141776,42980,1536,1
7944,183814,55735,1536,1
7945,146194,44313,1536,1
7946,142906,43324,1536,1
7947,182978,55481,1536,1
7948,142334,43128,1536,1
7949,140380,42534,1536,1
7950,144754,43858,1536,1
7951,139444,42250,1536,1
7952,139700,42328,1536,1
7953,135696,41115,1536,1
7954,137792,42087,1536,1
7955,457538,138896,1536,1
7956,209714,63556,1536,1
7957,216270,65534,1536,1
7958,147324,44663,1536,1
7959,137750,41760,1536,1
7960,272086,82460,1536,1
7961,131898,39987,1536,1
7962,130884,39669,1536,1
7963,131044,39718,1536,1
7964,132538,40169,1536,1
7965,174646,52953,1536,1
7966,141524,43662,1536,1
7967,154194,47301,1536,1
7968,150646,45664,1536,1
7969,174918,53014,1536,1
7970,191002,57910,1536,1
7971,162676,49308,1536,1
7972,141300,42822,1536,1
7973,142178,43089,1536,1
7974,139842,42383,1536,1
7975,244402,74081,1536,1
7976,166812,50582,1536,1
7977,167550,50802,1536,1
7978,183458,55614,1536,1
7979,134564,40795,1536,1
7980,135928,41208,1536,1
7981,132238,40067,1536,1
7982,132452,40132,1536,1
7983,127260,38569,1536,1
7984,189208,57360,1536,1
7985,168824,51184,1536,1
7986,129742,39333,1536,1
7987,132622,40183,1536,1
7988,194180,58876,1536,1
7989,130274,39488,1536,1
7990,128334,38896,1536,1
7991,129906,39372,1536,1
7992,130082,39412,1536,1
7993,138332,41980,1536,1
7994,129868,39359,1536,1
7995,147886,44835,1536,1
7996,128558,38951,1536,1
7997,128090,38814,1536,1
7998,128202,38856,1536,1
7999,198008,60020,1536,1
8000,138910,42110,1536,1
8001,154778,46892,1536,1
8002,216674,65680,1536,1
8003,146244,44334,1536,1
8004,139046,42153,1536,1
8005,139750,42458,1536,1
8006,149466,45328,1536,1
8007,161938,49099,1536,1
8008,351236,106441,1536,1
8009,205652,62344,1536,1
8010,210572,63811,1536,1
8011,201508,61056,1536,1
8012,194592,58962,1536,1
8013,141266,42827,1536,1
8014,140238,42501,1536,1
8015,151032,45785,1536,1
8016,128516,38943,1536,1
8017,127774,38732,1536,1
8018,127328,38583,1536,1
8019,128052,38802,1536,1
8020,140482,42591,1536,1
8021,132314,40118,1536,1
8022,130528,39571,1536,1
8023,148746,45108,1536,1
8024,166780,50554,1536,1
8025,372802,113437,1536,1
8026,175126,53091,1536,1
8027,136530,41392,1536,1
8028,178470,54127,1536,1
8029,169222,51291,1536,1
8030,136346,41333,1536,1
8031,137244,41593,1536,1
8032,140056,42456,1536,1
8033,138690,42019,1536,1
8034,143692,43558,1536,1
8035,155744,47240,1536,1
8036,128578,38957,1536,1
8037,128108,38827,1536,1
8038,128542,38950,1536,1
8039,129216,39162,1536,1
8040,161530,48978,1536,1
8041,129536,39270,1536,1
8042,128666,38988,1536,1
8043,175616,53240,1536,1
8044,171460,51955,1536,1
8045,180170,54614,1536,1
8046,219728,66652,1536,1
8047,233988,70921,1536,1
8048,210818,63925,1536,1
8049,226532,68809,1536,1
8050,159524,48344,1536,1
8051,128966,39107,1536,1
8052,173790,52662,1536,1
8053,132750,40248,1536,1
8054,187258,56747,1536,1
8055,240426,72865,1536,1
8056,217112,65811,1536,1
8057,208978,63348,1536,1
8058,226594,68686,1536,1
8059,223870,67863,1536,1
8060,228772,69343,1536,1
8061,179554,54435,1536,1
8062,213918,64854,1536,1
8063,215970,65459,1536,1
8064,223962,67898,1536,1
8065,224710,68106,1536,1
8066,220970,66955,1536,1
8067,209788,63634,1536,1
8068,141050,42765,1536,1
8069,145182,44015,1536,1
8070,143252,43432,1536,1
8071,140598,42622,1536,1
8072,139238,42187,1536,1
8073,141342,42824,1536,1
8074,139716,42355,1536,1
8075,149350,45301,1536,1
8076,132352,40100,1536,1
8077,131528,39881,1536,1
8078,133790,40560,1536,1
8079,133904,40571,1536,1
8080,133618,40485,1536,1
8081,179298,54468,1536,1
8082,136426,41359,1536,1
8083,131700,39916,1536,1
8084,132000,39996,1536,1
8085,131680,39897,1536,1
8086,131538,39855,1536,1
8087,130676,39605,1536,1
8088,133278,40405,1536,1
8089,131278,39788,1536,1
8090,181638,55070,1536,1
8091,170896,51818,1536,1
8092,132116,40029,1536,1
8093,131592,39872,1536,1
8094,130840,39646,1536,1
8095,196670,59606,1536,1
8096,132094,40046,1536,1
8097,131066,39712,1536,1
8098,134454,40763,1536,1
8099,131730,39924,1536,1
8100,131080,39716,1536,1
8101,135044,40918,1536,1
8102,136048,41246,1536,1
8103,136702,41443,1536,1
8104,135328,41001,1536,1
8105,134588,40781,1536,1
8106,134922,40879,1536,1
8107,134896,40872,1536,1
8108,167266,50684,1536,1
8109,135136,40946,1536,1
8110,135002,40905,1536,1
8111,134882,40869,1536,1
8112,137090,41561,1536,1
8113,136348,41336,1536,1
8114,136338,41333,1536,1
8115,144252,43739,1536,1
8116,134726,40820,1536,1
8117,633941,192602,1536,1
8118,143952,43638,1536,1
8119,143130,43390,1536,1
8120,179916,54554,1536,1
8121,145586,44135,1536,1
8122,136672,41434,1536,1
8123,136946,41516,1536,1
8124,134884,40870,1536,1
8125,135760,41134,1536,1
8126,134824,40851,1536,1
8127,134858,40862,1536,1
8128,135332,41005,1536,1
8129,134840,40856,1536,1
8130,135034,40927,1536,1
8131,135446,41040,1536,1
8132,152772,46328,1536,1
8133,136748,41446,1536,1
8134,135088,41321,1536,1
8135,267430,81075,1536,1
8136,136506,41372,1536,1
8137,136538,41370,1536,1
8138,135816,41152,1536,1
8139,136064,41225,1536,1
8140,177234,53772,1536,1
8141,138870,42089,1536,1
8142,136450,41356,1536,1
8143,138706,42050,1536,1
8144,137416,41664,1536,1
8145,136396,41356,1536,1
8146,135424,41045,1536,1
8147,136890,41476,1536,1
8148,240968,73042,1536,1
8149,138104,41870,1536,1
8150,139780,42352,1536,1
8151,156632,47456,1536,1
8152,224732,68093,1536,1
8153,217920,66059,1536,1
8154,227916,69103,1536,1
8155,235144,71306,1536,1
8156,236252,71620,1536,1
8157,221298,67087,1536,1
8158,212182,64325,1536,1
8159,220266,67184,1536,1
8160,229530,69582,1536,1
8161,227598,68962,1536,1
8162,219854,66649,1536,1
8163,223140,67647,1536,1
8164,219778,66622,1536,1
8165,148886,45108,1536,1
8166,197890,60002,1536,1
8167,192662,58380,1536,1
8168,319154,96830,1536,1
8169,229990,69702,1536,1
8170,204576,62022,1536,1
8171,196728,59609,1536,1
8172,420965,128178,1536,1
8173,211768,64190,1536,1
8174,236346,71647,1536,1
8175,199232,60394,1536,1
8176,204410,61951,1536,1
8177,207690,62932,1536,1
8178,227802,69051,1536,1
8179,236880,71809,1536,1
8180,244910,74220,1536,1
8181,185564,56229,1536,1
8182,235258,71297,1536,1
8183,160464,48722,1536,1
8184,156158,47344,1536,1
8185,174474,52892,1536,1
8186,193312,58796,1536,1
8187,232190,70537,1536,1
8188,196954,59794,1536,1
8189,189742,57533,1536,1
8190,159176,48254,1536,1
8191,159556,48354,1536,1
8192,162188,49170,1536,1
8193,158960,48187,1536,1
8194,234550,71188,1536,1
8195,246890,74848,1536,1
8196,206878,62722,1536,1
8197,202084,61258,1536,1
8198,209698,63587,1536,1
8199,156824,47524,1536,1
8200,470690,142573,1536,1
8201,219330,66494,1536,1
8202,211724,64185,1536,1
8203,242422,73490,1536,1
8204,205326,62237,1536,1
8205,203118,61584,1536,1
8206,213488,64720,1536,1
8207,205080,62280,1536,1
8208,228900,69391,1536,1
8209,234402,71026,1536,1
8210,242074,73344,1536,1
8211,254162,77054,1536,1
8212,241664,73255,1536,1
8213,249082,75491,1536,1
8214,253372,76834,1536,1
8215,167190,50706,1536,1
8216,149222,45217,1536,1
8217,191390,58021,1536,1
8218,148494,44993,1536,1
8219,171156,51914,1536,1
8220,169282,51335,1536,1
8221,183664,55677,1536,1
8222,148702,45057,1536,1
8223,152592,46265,1536,1
8224,216226,65555,1536,1
8225,159568,48373,1536,1
8226,223120,67643,1536,1
8227,239816,72714,1536,1
8228,237330,71932,1536,1
8229,234296,71065,1536,1
8230,244164,74028,1536,1
8231,217638,65940,1536,1
8232,232796,70532,1536,1
8233,228106,69165,1536,1
8234,265146,80381,1536,1
8235,239420,72578,1536,1
8236,241258,73101,1536,1
8237,237964,72121,1536,1
8238,240480,72900,1536,1
8239,249300,75573,1536,1
8240,241854,73425,1536,1
8241,223598,67781,1536,1
8242,220622,66850,1536,1
8243,236390,71751,1536,1
8244,245658,74472,1536,1
8245,241384,73170,1536,1
8246,259726,78747,1536,1
8247,254238,77072,1536,1
8248,259282,78586,1536,1
8249,250574,75950,1536,1
8250,229072,69455,1536,1
8251,235276,71345,1536,1
8252,239244,72503,1536,1
8253,8157145,2471615,1536,1
8254,802441,243723,1536,1
8255,256282,77718,1536,1
8256,260528,78995,1536,1
8257,253010,76703,1536,1
8258,251652,76307,1536,1
8259,229764,69647,1536,1
8260,229028,69430,1536,1
8261,248852,75448,1536,1
8262,280160,84920,1536,1
8263,357900,108428,1536,1
8264,272852,82678,1536,1
8265,255948,77587,1536,1
8266,261916,79393,1536,1
8267,334562,101507,1536,1
8268,261058,79139,1536,1
8269,257514,78057,1536,1
8270,255274,77384,1536,1
8271,255938,77587,1536,1
8272,259388,78636,1536,1
8273,257646,78104,1536,1
8274,294230,89178,1536,1
8275,267454,81093,1536,1
8276,213526,64721,1536,1
8277,177110,53701,1536,1
8278,224382,68013,1536,1
8279,174040,52746,1536,1
8280,173784,52653,1536,1
8281,175512,53209,1536,1
8282,173566,52587,1536,1
8283,174458,52860,1536,1
8284,190282,57701,1536,1
8285,261788,79336,1536,1
8286,274080,83097,1536,1
8287,275102,83409,1536,1
8288,255376,77444,1536,1
8289,389536,118535,1536,1
8290,280164,84920,1536,1
8291,276534,83912,1536,1
8292,271770,82380,1536,1
8293,183772,55745,1536,1
8294,163176,49456,1536,1
8295,163264,49467,1536,1
8296,162742,49309,1536,1
8297,252674,76591,1536,1
8298,258728,78402,1536,1
8299,228896,69361,1536,1
8300,262168,79473,1536,1
8301,268556,81415,1536,1
8302,258218,78257,1536,1
8303,274294,83138,1536,1
8304,281278,85257,1536,1
8305,491363,149882,1536,1
8306,501917,152376,1536,1
8307,289106,87646,1536,1
8308,232362,70451,1536,1
8309,242764,73602,1536,1
8310,248842,75400,1536,1
8311,232416,70468,1536,1
8312,299468,90785,1536,1
8313,177576,53863,1536,1
8314,203816,61802,1536,1
8315,158664,48074,1536,1
8316,157972,47864,1536,1
8317,207804,62965,1536,1
8318,248362,75261,1536,1
8319,160380,48597,1536,1
8320,179622,54473,1536,1
8321,163074,49408,1536,1
8322,165822,50296,1536,1
8323,158844,48128,1536,1
8324,158794,48113,1536,1
8325,165266,50149,1536,1
8326,160492,48627,1536,1
8327,160338,48610,1536,1
8328,195436,59262,1536,1
8329,284788,86326,1536,1
8330,159852,48434,1536,1
8331,158036,47885,1536,1
8332,162504,49265,1536,1
8333,194264,58887,1536,1
8334,186450,56549,1536,1
8335,157330,47684,1536,1
8336,158842,48129,1536,1
8337,158226,47944,1536,1
8338,157912,47847,1536,1
8339,157642,47765,1536,1
8340,158470,48015,1536,1
8341,158036,47897,1536,1
8342,158940,48186,1536,1
8343,160336,48599,1536,1
8344,159240,48249,1536,1
8345,158750,48101,1536,1
8346,158424,48000,1536,1
8347,161510,48988,1536,1
8348,158476,48046,1536,1
8349,153024,46393,1536,1
8350,153994,46692,1536,1
8351,152836,46308,1536,1
8352,154350,46767,1536,1
8353,158484,48133,1536,1
8354,156316,47390,1536,1
8355,159312,48295,1536,1
8356,155538,47128,1536,1
8357,183956,55748,1536,1
8358,167426,50757,1536,1
8359,162324,49179,1536,1
8360,165376,50105,1536,1
8361,179354,54389,1536,1
8362,162684,49425,1536,1
8363,162116,49132,1536,1
8364,162370,49194,1536,1
8365,163888,49683,1536,1
8366,231492,70180,1536,1
8367,151088,45805,1536,1
8368,149604,45329,1536,1
8369,159950,48589,1536,1
8370,156886,47561,1536,1
8371,157014,47571,1536,1
8372,155742,47187,1536,1
8373,218392,66241,1536,1
8374,149080,45183,1536,1
8375,148562,45026,1536,1
8376,147782,44779,1536,1
8377,148264,44922,1536,1
8378,148080,44867,1536,1
8379,146968,44542,1536,1
8380,150624,45669,1536,1
8381,147990,44853,1536,1
8382,147612,44725,1536,1
8383,148634,45035,1536,1
8384,147554,44708,1536,1
8385,148102,44874,1536,1
8386,147424,44670,1536,1
8387,147598,44723,1536,1
8388,149872,45436,1536,1
8389,146576,44437,1536,1
8390,144876,43908,1536,1
8391,152788,46303,1536,1
8392,143524,43500,1536,1
8393,150888,45750,1536,1
8394,143510,43482,1536,1
8395,143550,43521,1536,1
8396,163916,49789,1536,1
8397,146884,44505,1536,1
8398,144936,43940,1536,1
8399,143588,43532,1536,1
8400,142910,43327,1536,1
8401,142896,43297,1536,1
8402,146170,44317,1536,1
8403,142762,43282,1536,1
8404,144122,43697,1536,1
8405,143552,43508,1536,1
8406,142600,43221,1536,1
8407,176754,53601,1536,1
8408,147038,44578,1536,1
8409,145938,44252,1536,1
8410,193980,58814,1536,1
8411,143252,43416,1536,1
8412,144030,43640,1536,1
8413,155198,47052,1536,1
8414,143738,43551,1536,1
8415,159336,48290,1536,1
8416,140698,42635,1536,1
8417,140026,42426,1536,1
8418,139780,42352,1536,1
8419,139870,42404,1536,1
8420,220874,66960,1536,1
8421,247430,74980,1536,1
8422,213064,64588,1536,1
8423,238710,72359,1536,1
8424,254128,77050,1536,1
8425,167814,51014,1536,1
8426,171998,52156,1536,1
8427,140874,42684,1536,1
8428,143128,43390,1536,1
8429,270160,81898,1536,1
8430,259334,78614,1536,1
8431,413424,125575,1536,1
8432,205978,62447,1536,1
8433,214234,64968,1536,1
8434,200834,60890,1536,1
8435,224110,67903,1536,1
8436,386252,117348,1536,1
8437,235070,71230,1536,1
8438,292588,88988,1536,1
8439,243504,73783,1536,1
8440,215364,65382,1536,1
8441,213450,64709,1536,1
8442,215996,65636,1536,1
8443,225400,68335,1536,1
8444,196628,59625,1536,1
8445,243146,73707,1536,1
8446,191314,57986,1536,1
8447,199062,60337,1536,1
8448,217770,65983,1536,1
8449,143322,43450,1536,1
8450,170368,51659,1536,1
8451,149038,45180,1536,1
8452,147510,44717,1536,1
8453,155428,47139,1536,1
8454,168932,51227,1536,1
8455,141392,42841,1536,1
8456,175506,53181,1536,1
8457,136034,41218,1536,1
8458,135376,41022,1536,1
8459,135674,41108,1536,1
8460,136176,41261,1536,1
8461,135614,41091,1536,1
8462,135314,41000,1536,1
8463,137784,41775,1536,1
8464,136098,41250,1536,1
8465,135816,41163,1536,1
8466,168290,51093,1536,1
8467,139440,42259,1536,1
8468,140786,42685,1536,1
8469,135298,41007,1536,1
8470,138636,42030,1536,1
8471,136866,41494,1536,1
8472,135430,41033,1536,1
8473,255742,77554,1536,1
8474,242846,73581,1536,1
8475,171566,52012,1536,1
8476,145618,44163,1536,1
8477,145050,43974,1536,1
8478,166870,50561,1536,1
8479,197082,60261,1536,1
8480,167146,50637,1536,1
8481,270630,82027,1536,1
8482,249404,75601,1536,1
8483,154146,46758,1536,1
8484,145246,44033,1536,1
8485,143870,43618,1536,1
8486,140416,42555,1536,1
8487,142788,43284,1536,1
8488,146374,44359,1536,1
8489,140668,42618,1536,1
8490,203900,61809,1536,1
8491,288190,87383,1536,1
8492,136496,41393,1536,1
8493,132246,40070,1536,1
8494,134192,40659,1536,1
8495,167130,50678,1536,1
8496,134052,40628,1536,1
8497,131798,39934,1536,1
8498,131994,39994,1536,1
8499,133606,40483,1536,1
8500,133196,40475,1536,1
8501,241922,73336,1536,1
8502,192234,58283,1536,1
8503,210386,63756,1536,1
8504,209830,63605,1536,1
8505,210164,63701,1536,1
8506,208964,63327,1536,1
8507,207478,62878,1536,1
8508,288656,87495,1536,1
8509,172258,52238,1536,1
8510,137848,41872,1536,1
8511,133032,40330,1536,1
8512,144102,43692,1536,1
8513,131848,39949,1536,1
8514,196054,59410,1536,1
8515,188820,57389,1536,1
8516,131804,39936,1536,1
8517,133276,40381,1536,1
8518,130978,39710,1536,1
8519,171876,52114,1536,1
8520,131782,39929,1536,1
8521,132354,40102,1536,1
8522,133514,40455,1536,1
8523,133470,40441,1536,1
8524,140280,42530,1536,1
8525,212330,64433,1536,1
8526,196524,59644,1536,1
8527,201988,61231,1536,1
8528,291214,88289,1536,1
8529,197268,59789,1536,1
8530,220228,66730,1536,1
8531,220806,66946,1536,1
8532,259068,78538,1536,1
8533,236224,71613,1536,1
8534,232490,70464,1536,1
8535,150432,45581,1536,1
8536,145442,44090,1536,1
8537,160624,48691,1536,1
8538,149486,45315,1536,1
8539,155692,47195,1536,1
8540,152568,46237,1536,1
8541,152150,46098,1536,1
8542,149750,45465,1536,1
8543,147512,44694,1536,1
8544,148964,45133,1536,1
8545,148454,44980,1536,1
8546,148034,44867,1536,1
8547,148244,44918,1536,1
8548,151746,45999,1536,1
8549,190848,57876,1536,1
8550,160878,48767,1536,1
8551,147736,44786,1536,1
8552,152046,46109,1536,1
8553,142272,43133,1536,1
8554,138686,42034,1536,1
8555,138654,42023,1536,1
8556,138300,41903,1536,1
8557,140050,42435,1536,1
8558,139004,42117,1536,1
8559,143444,43462,1536,1
8560,146816,44508,1536,1
8561,186410,56521,1536,1
8562,143774,43593,1536,1
8563,143858,43614,1536,1
8564,144488,43779,1536,1
8565,143132,43367,1536,1
8566,143530,43489,1536,1
8567,143794,43569,1536,1
8568,146492,44386,1536,1
8569,148856,45104,1536,1
8570,150376,45563,1536,1
8571,154256,46766,1536,1
8572,160356,48635,1536,1
8573,152042,46096,1536,1
8574,148210,44919,1536,1
8575,151032,45788,1536,1
8576,147034,44552,1536,1
8577,148164,44907,1536,1
8578,148516,45000,1536,1
8579,150136,45516,1536,1
8580,148810,45101,1536,1
8581,148020,44861,1536,1
8582,149256,45224,1536,1
8583,240036,72766,1536,1
8584,154800,46915,1536,1
8585,149670,45362,1536,1
8586,149462,45301,1536,1
8587,154186,46717,1536,1
8588,155930,47245,1536,1
8589,179564,54459,1536,1
8590,189816,57556,1536,1
8591,170816,51787,1536,1
8592,166022,50348,1536,1
8593,173236,52537,1536,1
8594,231756,70257,1536,1
8595,193962,58798,1536,1
8596,226506,68669,1536,1
8597,178360,54068,1536,1
8598,164162,49743,1536,1
8599,164196,49761,1536,1
8600,165332,50092,1536,1
8601,172786,52382,1536,1
8602,166924,50782,1536,1
8603,169102,51260,1536,1
8604,168346,51004,1536,1
8605,164342,49819,1536,1
8606,163584,49591,1536,1
8607,163772,49619,1536,1
8608,192058,58220,1536,1
8609,163952,49703,1536,1
8610,174950,53055,1536,1
8611,161614,48994,1536,1
8612,172630,52357,1536,1
8613,148786,45110,1536,1
8614,153324,46493,1536,1
8615,196866,59651,1536,1
8616,209474,63918,1536,1
8617,168420,51262,1536,1
8618,158426,48114,1536,1
8619,149968,45451,1536,1
8620,150234,45545,1536,1
8621,148142,44965,1536,1
8622,150726,45699,1536,1
8623,174820,53010,1536,1
8624,149520,45319,1536,1
8625,148150,44890,1536,1
8626,150294,45564,1536,1
8627,147640,44759,1536,1
8628,191102,57937,1536,1
8629,234668,71136,1536,1
8630,218668,66303,1536,1
8631,227920,69071,1536,1
8632,271462,82335,1536,1
8633,241812,73311,1536,1
8634,239088,72470,1536,1
8635,181334,54988,1536,1
8636,240064,72774,1536,1
8637,241856,73311,1536,1
8638,242084,73350,1536,1
8639,235042,71254,1536,1
8640,306482,92898,1536,1
8641,250088,75805,1536,1
8642,251456,76226,1536,1
8643,250426,75906,1536,1
8644,249404,75601,1536,1
8645,250714,75994,1536,1
8646,202368,61367,1536,1
8647,216504,65614,1536,1
8648,262388,79541,1536,1
8649,242490,73522,1536,1
8650,213940,64821,1536,1
8651,212006,64263,1536,1
8652,312294,94680,1536,1
8653,232214,70389,1536,1
8654,265618,80508,1536,1
8655,217136,65837,1536,1
8656,207632,62949,1536,1
8657,195254,59171,1536,1
8658,200980,60900,1536,1
8659,194020,58797,1536,1
8660,201702,61152,1536,1
8661,208384,63166,1536,1
8662,199228,60376,1536,1
8663,236328,71659,1536,1
8664,218452,66215,1536,1
8665,232142,70545,1536,1
8666,218374,66208,1536,1
8667,227322,68909,1536,1
8668,227044,68788,1536,1
8669,197198,59757,1536,1
8670,233154,70666,1536,1
8671,220020,66660,1536,1
8672,254244,77146,1536,1
8673,251410,76224,1536,1
8674,250162,75831,1536,1
8675,235214,71307,1536,1
8676,244432,74084,1536,1
8677,236626,71738,1536,1
8678,563852,171164,1536,1
8679,259606,78698,1536,1
8680,243746,73942,1536,1
8681,281056,85209,1536,1
8682,747888,226569,1536,1
8683,266886,80907,1536,1
8684,244720,74188,1536,1
8685,250730,76032,1536,1
8686,258504,78361,1536,1
8687,258308,78318,1536,1
8688,275652,83553,1536,1
8689,267864,81202,1536,1
8690,276744,83849,1536,1
8691,286196,86758,1536,1
8692,248520,75361,1536,1
8693,297282,90072,1536,1
8694,230336,69788,1536,1
8695,231552,70188,1536,1
8696,225648,68407,1536,1
8697,247100,74890,1536,1
8698,269004,81545,1536,1
8699,256848,77891,1536,1
8700,257436,78086,1536,1
8701,254354,77090,1536,1
8702,238930,72430,1536,1
8703,254698,77329,1536,1
8704,359234,108886,1536,1
8705,261408,79229,1536,1
8706,266674,80805,1536,1
8707,224254,67987,1536,1
8708,265870,80618,1536,1
8709,256274,77680,1536,1
8710,248564,75353,1536,1
8711,1973987,598272,1536,1
8712,718043,217724,1536,1
8713,246784,74820,1536,1
8714,168844,51185,1536,1
8715,207092,62784,1536,1
8716,247984,75178,1536,1
8717,316342,96413,1536,1
8718,537796,163295,1536,1
8719,503598,152668,1536,1
8720,268404,81385,1536,1
8721,236006,71542,1536,1
8722,216292,65565,1536,1
8723,227170,68877,1536,1
8724,227964,69103,1536,1
8725,225306,68288,1536,1
8726,257502,78040,1536,1
8727,243720,73888,1536,1
8728,172498,52292,1536,1
8729,170516,51675,1536,1
8730,288842,87599,1536,1
8731,246762,74814,1536,1
8732,249548,75635,1536,1
8733,261822,79324,1536,1
8734,249892,75754,1536,1
8735,250414,75921,1536,1
8736,286882,86959,1536,1
8737,251740,76312,1536,1
8738,257890,78183,1536,1
8739,240630,72911,1536,1
8740,254286,77072,1536,1
8741,275562,83565,1536,1
8742,274680,83257,1536,1
8743,273540,82914,1536,1
8744,269230,81618,1536,1
8745,224650,68124,1536,1
8746,331432,101016,1536,1
8747,267864,81205,1536,1
8748,271926,82429,1536,1
8749,269428,81694,1536,1
8750,261694,79372,1536,1
8751,208416,63204,1536,1
8752,159536,48350,1536,1
8753,158002,47901,1536,1
8754,157176,47635,1536,1
8755,156746,47492,1536,1
8756,254980,77307,1536,1
8757,251156,76124,1536,1
8758,195296,59225,1536,1
8759,235008,71223,1536,1
8760,228112,69201,1536,1
8761,243058,73699,1536,1
8762,242306,73439,1536,1
8763,236146,71590,1536,1
8764,234532,71090,1536,1
8765,216956,65775,1536,1
8766,220256,66773,1536,1
8767,154278,46743,1536,1
8768,201778,61141,1536,1
8769,153620,46546,1536,1
8770,163214,49500,1536,1
8771,145518,44118,1536,1
8772,162620,49281,1536,1
8773,145746,44189,1536,1
8774,231360,70356,1536,1
8775,159056,48241,1536,1
8776,145820,44181,1536,1
8777,236332,71642,1536,1
8778,233096,70664,1536,1
8779,220702,66899,1536,1
8780,227734,69034,1536,1
8781,144370,43744,1536,1
8782,217588,65930,1536,1
8783,147820,44800,1536,1
8784,147506,44718,1536,1
8785,149104,45193,1536,1
8786,149460,45284,1536,1
8787,148430,44998,1536,1
8788,143888,43611,1536,1
8789,143106,43373,1536,1
8790,159778,48440,1536,1
8791,190526,57735,1536,1
8792,145534,44095,1536,1
8793,184786,55997,1536,1
8794,144540,43821,1536,1
8795,144102,43662,1536,1
8796,146552,44415,1536,1
8797,372096,112790,1536,1
8798,147324,44663,1536,1
8799,146054,44266,1536,1
8800,145042,43947,1536,1
8801,144396,43764,1536,1
8802,145060,43951,1536,1
8803,144808,43875,1536,1
8804,143406,43464,1536,1
8805,155272,47071,1536,1
8806,148350,45095,1536,1
8807,145518,44102,1536,1
8808,148382,44959,1536,1
8809,144456,43770,1536,1
8810,204012,61887,1536,1
8811,142678,43236,1536,1
8812,221228,67043,1536,1
8813,198380,60190,1536,1
8814,241900,73320,1536,1
8815,236360,71649,1536,1
8816,150812,45709,1536,1
8817,147820,44811,1536,1
8818,141390,42865,1536,1
8819,139652,42313,1536,1
8820,138796,42058,1536,1
8821,140536,42580,1536,1
8822,139594,42298,1536,1
8823,138966,42106,1536,1
8824,139692,42342,1536,1
8825,144776,43865,1536,1
8826,140020,42438,1536,1
8827,185218,56158,1536,1
8828,144840,43898,1536,1
8829,147120,44610,1536,1
8830,158126,47940,1536,1
8831,139548,42282,1536,1
8832,138394,41958,1536,1
8833,138462,41978,1536,1
8834,139048,42144,1536,1
8835,138758,42042,1536,1
8836,159208,48254,1536,1
8837,139100,42147,1536,1
8838,142112,43084,1536,1
8839,212592,64453,1536,1
8840,180314,54642,1536,1
8841,193272,58653,1536,1
8842,204604,62006,1536,1
8843,165450,50125,1536,1
8844,273322,82933,1536,1
8845,191080,57917,1536,1
8846,216284,65564,1536,1
8847,215550,65342,1536,1
8848,150802,45691,1536,1
8849,180540,54756,1536,1
8850,159858,48483,1536,1
8851,142412,43177,1536,1
8852,139632,42308,1536,1
8853,139482,42262,1536,1
8854,143578,43516,1536,1
8855,143472,43484,1536,1
8856,143492,43477,1536,1
8857,143436,43460,1536,1
8858,146156,44318,1536,1
8859,204056,61869,1536,1
8860,200656,60796,1536,1
8861,216002,65447,1536,1
8862,221658,67200,1536,1
8863,234984,71228,1536,1
8864,332460,101174,1536,1
8865,260288,78880,1536,1
8866,262440,79625,1536,1
8867,257066,77888,1536,1
8868,353414,107104,1536,1
8869,166234,50410,1536,1
8870,144084,43669,1536,1
8871,143996,43655,1536,1
8872,143256,43431,1536,1
8873,247840,75140,1536,1
8874,242272,73450,1536,1
8875,247708,75084,1536,1
8876,296568,89883,1536,1
8877,252926,76728,1536,1
8878,234024,70925,1536,1
8879,158842,48167,1536,1
8880,146618,44450,1536,1
8881,146820,44505,1536,1
8882,237014,71869,1536,1
8883,220108,66729,1536,1
8884,209144,63416,1536,1
8885,234936,71212,1536,1
8886,229526,69551,1536,1
8887,149566,45345,1536,1
8888,144324,43742,1536,1
8889,156368,47418,1536,1
8890,173624,52634,1536,1
8891,144424,43761,1536,1
8892,162152,49182,1536,1
8893,143580,43529,1536,1
8894,139212,42181,1536,1
8895,138976,42220,1536,1
8896,221160,67036,1536,1
8897,267476,81092,1536,1
8898,219638,66548,1536,1
8899,210036,63676,1536,1
8900,226874,68769,1536,1
8901,150400,45596,1536,1
8902,147630,44741,1536,1
8903,149448,45292,1536,1
8904,152478,46226,1536,1
8905,151312,45856,1536,1
8906,147718,44757,1536,1
8907,162564,49266,1536,1
8908,150164,45567,1536,1
8909,155382,47178,1536,1
8910,140052,42460,1536,1
8911,139118,42151,1536,1
8912,141184,42777,1536,1
8913,143134,43396,1536,1
8914,144160,43690,1536,1
8915,159628,48362,1536,1
8916,159412,48347,1536,1
8917,227474,68952,1536,1
8918,193222,58585,1536,1
8919,142028,43048,1536,1
8920,187066,56713,1536,1
8921,198434,60152,1536,1
8922,177914,53939,1536,1
8923,232484,70494,1536,1
8924,152562,46253,1536,1
8925,151556,45919,1536,1
8926,190732,57802,1536,1
8927,183546,55651,1536,1
8928,155314,47081,1536,1
8929,287692,87228,1536,1
8930,249694,75698,1536,1
8931,258930,78472,1536,1
8932,213516,64721,1536,1
8933,262732,79633,1536,1
8934,188610,57152,1536,1
8935,164508,49887,1536,1
8936,175618,53217,1536,1
8937,148938,45155,1536,1
8938,228090,69125,1536,1
8939,166722,50537,1536,1
8940,150160,45526,1536,1
8941,233314,70721,1536,1
8942,253346,76796,1536,1
8943,212508,64418,1536,1
8944,248868,75439,1536,1
8945,195074,59167,1536,1
8946,168374,51125,1536,1
8947,151270,45844,1536,1
8948,148634,45033,1536,1
8949,172182,52204,1536,1
8950,148050,44857,1536,1
8951,148442,44975,1536,1
8952,153224,46447,1536,1
8953,179688,54517,1536,1
8954,153008,46383,1536,1
8955,167166,50672,1536,1
8956,149266,45224,1536,1
8957,148330,44953,1536,1
8958,144622,43817,1536,1
8959,197458,59971,1536,1
8960,306735,93541,1536,1
8961,194404,58956,1536,1
8962,139644,42333,1536,1
8963,135530,41089,1536,1
8964,135696,41114,1536,1
8965,137462,41677,1536,1
8966,135186,40984,1536,1
8967,136062,41237,1536,1
8968,160968,48813,1536,1
8969,154714,46915,1536,1
8970,144006,43635,1536,1
8971,145104,43965,1536,1
8972,239863,73190,1536,1
8973,182530,55327,1536,1
8974,139116,42179,1536,1
8975,220892,66976,1536,1
8976,186622,56588,1536,1
8977,147538,44726,1536,1
8978,152426,46199,1536,1
8979,225754,68388,1536,1
8980,186230,56442,1536,1
8981,146654,44542,1536,1
8982,137976,41830,1536,1
8983,135226,40973,1536,1
8984,135240,40977,1536,1
8985,134804,40844,1536,1
8986,136666,41413,1536,1
8987,134654,40799,1536,1
8988,135524,41062,1536,1
8989,249450,75638,1536,1
8990,137014,41530,1536,1
8991,132126,40033,1536,1
8992,181122,54910,1536,1
8993,150952,45786,1536,1
8994,187730,56909,1536,1
8995,198376,60124,1536,1
8996,207954,63040,1536,1
8997,284026,86070,1536,1
8998,220984,66956,1536,1
8999,247436,75614,1536,1
9000,170344,51643,1536,1
9001,175462,53191,1536,1
9002,224908,68226,1536,1
9003,221010,67242,1536,1
9004,216350,65565,1536,1
9005,203512,61699,1536,1
9006,198642,60217,1536,1
9007,201056,60934,1536,1
9008,201056,60943,1536,1
9009,561010,170102,1536,1
9010,538828,163340,1536,1
9011,242776,73591,1536,1
9012,246334,74663,1536,1
9013,1090937,330780,1536,1
9014,252008,76380,1536,1
9015,247444,75013,1536,1
9016,250830,76038,1536,1
9017,456104,138310,1536,1
9018,235358,71345,1536,1
9019,256500,77752,1536,1
9020,558526,169699,1536,1
9021,246444,74771,1536,1
9022,257036,77917,1536,1
9023,243508,73846,1536,1
9024,265766,80553,1536,1
9025,263282,79811,1536,1
9026,264520,80197,1536,1
9027,302778,91841,1536,1
9028,331606,100520,1536,1
9029,268512,81396,1536,1
9030,353352,107447,1536,1
9031,240862,72986,1536,1
9032,229862,69656,1536,1
9033,233608,70777,1536,1
9034,242852,73618,1536,1
9035,235750,71444,1536,1
9036,251412,76198,1536,1
9037,246702,74790,1536,1
9038,251892,76354,1536,1
9039,468114,141840,1536,1
9040,253212,76751,1536,1
9041,258266,78291,1536,1
9042,234058,70941,1536,1
9043,264998,80330,1536,1
9044,267872,81306,1536,1
9045,263620,79920,1536,1
9046,267494,81090,1536,1
9047,410296,124335,1536,1
9048,421310,127690,1536,1
9049,922148,279414,1536,1
9050,292786,88859,1536,1
9051,289216,87669,1536,1
9052,269696,81782,1536,1
9053,394748,119636,1536,1
9054,276650,83855,1536,1
9055,285500,86541,1536,1
9056,285846,86655,1536,1
9057,431902,130871,1536,1
9058,311074,94415,1536,1
9059,384468,116525,1536,1
9060,272274,82548,1536,1
9061,271966,82440,1536,1
9062,289358,87671,1536,1
9063,234060,70959,1536,1
9064,205902,62452,1536,1
9065,205682,62374,1536,1
9066,193140,58769,1536,1
9067,182284,55265,1536,1
9068,371530,112634,1536,1
9069,235540,71416,1536,1
9070,240302,72828,1536,1
9071,247420,74979,1536,1
9072,217856,66285,1536,1
9073,163682,49610,1536,1
9074,243398,73792,1536,1
9075,274892,83321,1536,1
9076,244688,74183,1536,1
9077,259064,78530,1536,1
9078,272778,82653,1536,1
9079,242090,73390,1536,1
9080,217368,65930,1536,1
9081,173778,52681,1536,1
9082,174220,52813,1536,1
9083,180942,54849,1536,1
9084,222698,67513,1536,1
9085,220680,66872,1536,1
9086,221632,67182,1536,1
9087,467345,142077,1536,1
9088,256764,77835,1536,1
9089,169036,51222,1536,1
9090,167394,50731,1536,1
9091,167326,50697,1536,1
9092,168496,51078,1536,1
9093,313074,94886,1536,1
9094,224654,68489,1536,1
9095,183940,55742,1536,1
9096,171156,51884,1536,1
9097,168614,51114,1536,1
9098,302581,92717,1536,1
9099,204928,62109,1536,1
9100,248688,75366,1536,1
9101,256870,77871,1536,1
9102,352828,106932,1536,1
9103,162852,49370,1536,1
9104,229452,69556,1536,1
9105,216528,65638,1536,1
9106,170402,51655,1536,1
9107,273126,82801,1536,1
9108,168416,51056,1536,1
9109,203276,61616,1536,1
9110,167452,50743,1536,1
9111,167776,50833,1536,1
9112,191738,58120,1536,1
9113,256242,77677,1536,1
9114,224586,68091,1536,1
9115,164884,49976,1536,1
9116,165466,50160,1536,1
9117,165868,50253,1536,1
9118,220732,66916,1536,1
9119,304516,92292,1536,1
9120,224200,67983,1536,1
9121,243640,73859,1536,1
9122,221216,67054,1536,1
9123,202698,61432,1536,1
9124,255002,77294,1536,1
9125,158616,48091,1536,1
9126,154650,46857,1536,1
9127,159364,48335,1536,1
9128,154556,46828,1536,1
9129,163300,49477,1536,1
9130,156612,47528,1536,1
9131,221942,67292,1536,1
9132,155170,47015,1536,1
9133,153308,46456,1536,1
9134,155610,47177,1536,1
9135,176468,53521,1536,1
9136,156196,47366,1536,1
9137,158646,48086,1536,1
9138,153804,46611,1536,1
9139,156368,47382,1536,1
9140,226830,68842,1536,1
9141,301974,91540,1536,1
9142,235970,71540,1536,1
9143,231708,70238,1536,1
9144,149512,45327,1536,1
9145,152870,46342,1536,1
9146,148378,44983,1536,1
9147,153430,46527,1536,1
9148,148764,45073,1536,1
9149,147828,44802,1536,1
9150,148048,44857,1536,1
9151,169052,51246,1536,1
9152,149640,45367,1536,1
9153,250492,75973,1536,1
9154,284507,86598,1536,1
9155,224312,68010,1536,1
9156,223462,67756,1536,1
9157,157788,47834,1536,1
9158,157926,47873,1536,1
9159,157348,47673,1536,1
9160,157128,47621,1536,1
9161,158272,48028,1536,1
9162,158160,47925,1536,1
9163,161032,48817,1536,1
9164,159822,48450,1536,1
9165,151344,45881,1536,1
9166,162574,49282,1536,1
9167,156882,47567,1536,1
9168,147506,44705,1536,1
9169,148340,44945,1536,1
9170,188668,57290,1536,1
9171,207342,62945,1536,1
9172,222246,67509,1536,1
9173,288082,87706,1536,1
9174,219338,66495,1536,1
9175,223794,67835,1536,1
9176,235714,71459,1536,1
9177,226336,68622,1536,1
9178,228348,69193,1536,1
9179,147256,44644,1536,1
9180,144712,43845,1536,1
9181,199158,60456,1536,1
9182,169954,51516,1536,1
9183,223692,67824,1536,1
9184,230396,69827,1536,1
9185,160590,48701,1536,1
9186,222400,67414,1536,1
9187,236832,71807,1536,1
9188,157544,47763,1536,1
9189,153808,46627,1536,1
9190,185176,56130,1536,1
9191,153782,46598,1536,1
9192,153442,46515,1536,1
9193,178904,54237,1536,1
9194,154948,46971,1536,1
9195,154884,46952,1536,1
9196,155304,47080,1536,1
9197,153658,46582,1536,1
9198,212116,64306,1536,1
9199,155920,47267,1536,1
9200,154630,46849,1536,1
9201,157142,47748,1536,1
9202,154264,46738,1536,1
9203,155780,47197,1536,1
9204,156830,47542,1536,1
9205,189938,57594,1536,1
9206,147302,44660,1536,1
9207,149922,45462,1536,1
9208,144936,43914,1536,1
9209,163428,49616,1536,1
9210,143406,43451,1536,1
9211,157162,47626,1536,1
9212,142896,43297,1536,1
9213,144874,43925,1536,1
9214,184300,55846,1536,1
9215,143910,43631,1536,1
9216,139382,42231,1536,1
9217,138962,42104,1536,1
9218,139212,42181,1536,1
9219,138496,41964,1536,1
9220,139576,42288,1536,1
9221,158828,48134,1536,1
9222,142920,43303,1536,1
9223,140412,42544,1536,1
9224,139170,42167,1536,1
9225,145138,44000,1536,1
9226,142228,43119,1536,1
9227,144112,43696,1536,1
9228,198944,60316,1536,1
9229,141770,42955,1536,1
9230,216426,65578,1536,1
9231,248980,75494,1536,1
9232,193296,58608,1536,1
9233,230370,69852,1536,1
9234,211250,64035,1536,1
9235,183294,55557,1536,1
9236,142240,43098,1536,1
9237,146848,44521,1536,1
9238,140512,42587,1536,1
9239,141866,42996,1536,1
9240,140652,42617,1536,1
9241,144146,43676,1536,1
9242,141194,42782,1536,1
9243,141552,42968,1536,1
9244,142066,43044,1536,1
9245,175426,53195,1536,1
9246,142808,43297,1536,1
9247,237662,72044,1536,1
9248,143584,43532,1536,1
9249,150858,45741,1536,1
9250,162744,49347,1536,1
9251,141366,42856,1536,1
9252,140154,42491,1536,1
9253,140606,42615,1536,1
9254,143444,43475,1536,1
9255,140650,42615,1536,1
9256,147426,44777,1536,1
9257,146608,44522,1536,1
9258,142230,43093,1536,1
9259,142230,43168,1536,1
9260,146396,44356,1536,1
9261,150096,45499,1536,1
9262,221860,67250,1536,1
9263,203452,61727,1536,1
9264,201760,61140,1536,1
9265,281246,85250,1536,1
9266,183186,55522,1536,1
9267,217650,65978,1536,1
9268,236634,71757,1536,1
9269,230968,70014,1536,1
9270,216650,65642,1536,1
9271,224432,68026,1536,1
9272,229964,69668,1536,1
9273,229634,69613,1536,1
9274,230908,69994,1536,1
9275,234020,70915,1536,1
9276,149394,45289,1536,1
9277,149204,45217,1536,1
9278,151062,45782,1536,1
9279,308912,93621,1536,1
9280,231624,70214,1536,1
9281,365385,111084,1536,1
9282,234132,70985,1536,1
9283,216602,65626,1536,1
9284,240674,72946,1536,1
9285,231826,70273,1536,1
9286,211934,64258,1536,1
9287,245574,74490,1536,1
9288,346508,105005,1536,1
9289,225084,68197,1536,1
9290,362524,110333,1536,1
9291,238076,72141,1536,1
9292,240956,73591,1536,1
9293,156070,47322,1536,1
9294,217596,65960,1536,1
9295,230520,69885,1536,1
9296,208220,63105,1536,1
9297,148452,44992,1536,1
9298,148298,44932,1536,1
9299,148950,45153,1536,1
9300,314306,95255,1536,1
9301,214150,64933,1536,1
9302,225500,68359,1536,1
9303,235272,71322,1536,1
9304,154284,46770,1536,1
9305,165400,50160,1536,1
9306,185776,56343,1536,1
9307,153146,46426,1536,1
9308,232582,70617,1536,1
9309,200092,60665,1536,1
9310,223340,67712,1536,1
9311,225192,68249,1536,1
9312,237342,71973,1536,1
9313,226292,68600,1536,1
9314,231124,70062,1536,1
9315,153730,46597,1536,1
9316,180792,54781,1536,1
9317,222248,67363,1536,1
9318,237840,72061,1536,1
9319,153092,46408,1536,1
9320,152474,46213,1536,1
9321,223214,67649,1536,1
9322,280464,85009,1536,1
9323,207298,62853,1536,1
9324,194438,58952,1536,1
9325,532322,161877,1536,1
9326,231866,70283,1536,1
9327,209136,63399,1536,1
9328,223244,67674,1536,1
9329,157142,47639,1536,1
9330,152300,46178,1536,1
9331,184846,56032,1536,1
9332,188194,57066,1536,1
9333,154620,46847,1536,1
9334,154878,46926,1536,1
9335,155518,47144,1536,1
9336,158180,47951,1536,1
9337,168384,51024,1536,1
9338,159206,48236,1536,1
9339,260039,79192,1536,1
9340,174196,52804,1536,1
9341,344642,104713,1536,1
9342,252622,76594,1536,1
9343,250094,75818,1536,1
9344,327162,99487,1536,1
9345,236519,71782,1536,1
9346,249342,75618,1536,1
9347,308582,93532,1536,1
9348,227078,68839,1536,1
9349,230828,69972,1536,1
9350,216668,65683,1536,1
9351,199018,60346,1536,1
9352,255766,77527,1536,1
9353,197510,59866,1536,1
9354,245202,74931,1536,1
9355,452100,139019,1536,1
9356,222450,67426,1536,1
9357,187716,56907,1536,1
9358,239146,72481,1536,1
9359,229694,69637,1536,1
9360,251770,76288,1536,1
9361,209848,63980,1536,1
9362,240784,73011,1536,1
9363,231680,70244,1536,1
9364,235352,71450,1536,1
9365,241258,73117,1536,1
9366,294978,89446,1536,1
9367,245592,74470,1536,1
9368,208900,63297,1536,1
9369,259158,78571,1536,1
9370,222908,67578,1536,1
9371,242660,73567,1536,1
9372,233944,70908,1536,1
9373,251334,76254,1536,1
9374,254996,77294,1536,1
9375,264438,80240,1536,1
9376,254532,77151,1536,1
9377,247960,75354,1536,1
9378,268588,81408,1536,1
9379,246910,74852,1536,1
9380,271860,82386,1536,1
9381,254024,77001,1536,1
9382,264320,80116,1536,1
9383,271822,82375,1536,1
9384,240192,72814,1536,1
9385,354526,107557,1536,1
9386,253848,76971,1536,1
9387,225942,68489,1536,1
9388,224044,67902,1536,1
9389,223458,67702,1536,1
9390,314430,95296,1536,1
9391,260006,78814,1536,1
9392,258244,78276,1536,1
9393,254446,77148,1536,1
9394,254080,77015,1536,1
9395,254928,77283,1536,1
9396,259772,78745,1536,1
9397,256690,77809,1536,1
9398,264186,80094,1536,1
9399,244784,74207,1536,1
9400,260534,78991,1536,1
9401,427090,129603,1536,1
9402,244650,74164,1536,1
9403,284204,86225,1536,1
9404,269238,81631,1536,1
9405,283752,86055,1536,1
9406,260534,78995,1536,1
9407,234072,70981,1536,1
9408,242062,73387,1536,1
9409,271370,82258,1536,1
9410,263700,79929,1536,1
9411,230892,70001,1536,1
9412,238518,72319,1536,1
9413,264694,80199,1536,1
9414,245088,74297,1536,1
9415,281672,85373,1536,1
9416,282438,85610,1536,1
9417,264974,80325,1536,1
9418,240504,72903,1536,1
9419,289322,87680,1536,1
9420,275922,83644,1536,1
9421,272406,82588,1536,1
9422,262920,79675,1536,1
9423,267204,81007,1536,1
9424,257756,78134,1536,1
9425,281064,85230,1536,1
9426,362784,110189,1536,1
9427,256952,77877,1536,1
9428,243100,73799,1536,1
9429,260054,78822,1536,1
9430,357210,108260,1536,1
9431,246924,74866,1536,1
9432,259980,78895,1536,1
9433,254434,77124,1536,1
9434,246800,74818,1536,1
9435,247890,75148,1536,1
9436,195768,59349,1536,1
9437,200956,61466,1536,1
9438,181022,54878,1536,1
9439,169908,51478,1536,1
9440,169078,51227,1536,1
9441,167302,50932,1536,1
9442,174096,52774,1536,1
9443,167944,50911,1536,1
9444,168534,51107,1536,1
9445,300795,91853,1536,1
9446,241326,73156,1536,1
9447,256376,77730,1536,1
9448,258996,78525,1536,1
9449,256938,77869,1536,1
9450,254446,77134,1536,1
9451,155964,47286,1536,1
9452,156324,47394,1536,1
9453,155432,47095,1536,1
9454,306530,93352,1536,1
9455,157116,47639,1536,1
9456,154838,46915,1536,1
9457,194358,58919,1536,1
9458,230598,69878,1536,1
9459,181610,55022,1536,1
9460,158042,47886,1536,1
9461,193520,58654,1536,1
9462,160910,48768,1536,1
9463,206762,62688,1536,1
9464,175262,53160,1536,1
9465,194264,58863,1536,1
9466,154302,46782,1536,1
9467,207782,63013,1536,1
9468,247062,74888,1536,1
9469,190576,57789,1536,1
9470,155466,47132,1536,1
9471,153488,46532,1536,1
9472,157054,47614,1536,1
9473,153356,46466,1536,1
9474,148860,45105,1536,1
9475,148122,44880,1536,1
9476,147776,44895,1536,1
9477,230668,69969,1536,1
9478,153338,46489,1536,1
9479,149004,45148,1536,1
9480,148174,44897,1536,1
9481,149790,45385,1536,1
9482,202044,61263,1536,1
9483,149304,45264,1536,1
9484,166620,50529,1536,1
9485,149196,45205,1536,1
9486,148996,45150,1536,1
9487,152804,46330,1536,1
9488,151050,45792,1536,1
9489,155148,47341,1536,1
9490,153098,46414,1536,1
9491,149320,45268,1536,1
9492,161708,49023,1536,1
9493,159446,48345,1536,1
9494,161060,48828,1536,1
9495,243682,73869,1536,1
9496,165580,50184,1536,1
9497,160224,48545,1536,1
9498,154200,46746,1536,1
9499,213738,64828,1536,1
9500,177986,53947,1536,1
9501,173676,52664,1536,1
9502,230750,69976,1536,1
9503,154016,46694,1536,1
9504,238476,72293,1536,1
9505,144232,43706,1536,1
9506,143638,43547,1536,1
9507,155812,47238,1536,1
9508,153892,46656,1536,1
9509,155508,47120,1536,1
9510,261468,79269,1536,1
9511,238964,72433,1536,1
9512,370616,112360,1536,1
9513,235602,71418,1536,1
9514,160092,48542,1536,1
9515,338860,103059,1536,1
9516,237002,71855,1536,1
9517,230422,69845,1536,1
9518,294542,89480,1536,1
9519,238538,72301,1536,1
9520,313834,95131,1536,1
9521,235798,71470,1536,1
9522,251258,76122,1536,1
9523,229974,69708,1536,1
9524,267596,81140,1536,1
9525,154346,46790,1536,1
9526,153344,46494,1536,1
9527,184006,55779,1536,1
9528,195468,59257,1536,1
9529,202902,61515,1536,1
9530,204264,61919,1536,1
9531,207938,63041,1536,1
9532,234794,71196,1536,1
9533,309212,93729,1536,1
9534,224250,67969,1536,1
9535,197574,59866,1536,1
9536,234174,70989,1536,1
9537,237004,71822,1536,1
9538,243490,73801,1536,1
9539,212718,64477,1536,1
9540,246658,74771,1536,1
9541,175762,53302,1536,1
9542,227074,68834,1536,1
9543,282862,85768,1536,1
9544,163566,49692,1536,1
9545,233376,70712,1536,1
9546,252058,76416,1536,1
9547,230596,69896,1536,1
9548,250028,75773,1536,1
9549,252700,76601,1536,1
9550,247502,75003,1536,1
9551,257566,78067,1536,1
9552,228996,69425,1536,1
9553,245254,74359,1536,1
9554,168738,51172,1536,1
9555,247720,75089,1536,1
9556,233484,70776,1536,1
9557,243194,73720,1536,1
9558,242684,73614,1536,1
9559,184758,56029,1536,1
9560,157554,47761,1536,1
9561,157850,47828,1536,1
9562,157510,47724,1536,1
9563,250694,76021,1536,1
9564,236780,71788,1536,1
9565,164370,49843,1536,1
9566,158910,48176,1536,1
9567,217918,66174,1536,1
9568,233884,70989,1536,1
9569,257258,77960,1536,1
9570,189048,57321,1536,1
9571,166670,50529,1536,1
9572,241348,73152,1536,1
9573,164962,50012,1536,1
9574,165652,50216,1536,1
9575,163378,49528,1536,1
9576,162672,49286,1536,1
9577,192408,58343,1536,1
9578,205798,62405,1536,1
9579,165526,50150,1536,1
9580,165142,50067,1536,1
9581,168132,50973,1536,1
9582,190454,57753,1536,1
9583,216478,65651,1536,1
9584,211626,64160,1536,1
9585,219318,66475,1536,1
9586,197414,59836,1536,1
9587,248698,75393,1536,1
9588,222474,67537,1536,1
9589,174576,53139,1536,1
9590,193076,58542,1536,1
9591,169294,51306,1536,1
9592,199582,60471,1536,1
9593,231666,70185,1536,1
9594,209116,63356,1536,1
9595,241048,73069,1536,1
9596,255604,77477,1536,1
9597,166520,50493,1536,1
9598,166142,50368,1536,1
9599,224820,68164,1536,1
9600,256806,77817,1536,1
9601,259198,78579,1536,1
9602,258492,78380,1536,1
9603,166478,50502,1536,1
9604,243034,73675,1536,1
9605,430218,130543,1536,1
9606,344122,104303,1536,1
9607,2499388,757408,1536,1
9608,268888,81524,1536,1
9609,252820,76643,1536,1
9610,238246,72254,1536,1
9611,851050,258106,1536,1
9612,319946,96970,1536,1
9613,259562,78675,1536,1
9614,235582,71410,1536,1
9615,251652,76282,1536,1
9616,239836,72847,1536,1
9617,255318,77391,1536,1
9618,248554,75338,1536,1
9619,204688,62018,1536,1
9620,239956,72749,1536,1
9621,257544,78143,1536,1
9622,269028,81566,1536,1
9623,266026,80642,1536,1
9624,251396,76214,1536,1
9625,259822,78759,1536,1
9626,245462,74543,1536,1
9627,161640,49004,1536,1
9628,215032,65281,1536,1
9629,176912,53636,1536,1
9630,162644,49281,1536,1
9631,164976,50016,1536,1
9632,222834,67557,1536,1
9633,259256,78595,1536,1
9634,349374,105893,1536,1
9635,154814,46938,1536,1
9636,164122,49756,1536,1
9637,252520,76541,1536,1
9638,256996,77906,1536,1
9639,255702,77514,1536,1
9640,263712,79946,1536,1
9641,264932,80309,1536,1
9642,176712,53584,1536,1
9643,158732,48092,1536,1
9644,158288,47960,1536,1
9645,157464,47710,1536,1
9646,158360,48056,1536,1
9647,203524,61698,1536,1
9648,287036,87308,1536,1
9649,168280,51014,1536,1
9650,308170,93510,1536,1
9651,232930,70635,1536,1
9652,281914,85450,1536,1
9653,354754,107517,1536,1
9654,275038,83374,1536,1
9655,274478,83198,1536,1
9656,287546,87234,1536,1
9657,317058,96272,1536,1
9658,282736,85709,1536,1
9659,285322,86485,1536,1
9660,269596,81729,1536,1
9661,258222,78264,1536,1
9662,286994,87062,1536,1
9663,260798,79053,1536,1
9664,262040,79419,1536,1
9665,249916,75757,1536,1
9666,259462,78788,1536,1
9667,337944,102450,1536,1
9668,244924,74232,1536,1
9669,264558,80177,1536,1
9670,268914,81500,1536,1
9671,226502,69025,1536,1
9672,175288,53139,1536,1
9673,165194,50050,1536,1
9674,164612,49901,1536,1
9675,166036,50408,1536,1
9676,243486,73805,1536,1
9677,223854,67856,1536,1
9678,303090,92020,1536,1
9679,240868,73187,1536,1
9680,223924,67888,1536,1
9681,236242,71659,1536,1
9682,264546,80203,1536,1
9683,243324,73739,1536,1
9684,209918,63636,1536,1
9685,243286,73745,1536,1
9686,257088,77934,1536,1
9687,250412,75903,1536,1
9688,249140,75783,1536,1
9689,228622,69306,1536,1
9690,241690,73248,1536,1
9691,1027304,311275,1536,1
9692,244824,74197,1536,1
9693,221614,67195,1536,1
9694,219498,66556,1536,1
9695,215258,65222,1536,1
9696,240410,72850,1536,1
9697,237280,71941,1536,1
9698,236612,71725,1536,1
9699,248330,75279,1536,1
9700,247022,74848,1536,1
9701,265814,80562,1536,1
9702,234750,71165,1536,1
9703,212238,64326,1536,1
9704,194568,59001,1536,1
9705,319112,96739,1536,1
9706,258156,78259,1536,1
9707,264794,80269,1536,1
9708,288686,88584,1536,1
9709,278354,85172,1536,1
9710,277334,84796,1536,1
9711,266230,80703,1536,1
9712,264600,80208,1536,1
9713,267994,81231,1536,1
9714,273232,82822,1536,1
9715,290428,88045,1536,1
9716,257008,77912,1536,1
9717,278456,84429,1536,1
9718,315912,95756,1536,1
9719,254976,77286,1536,1
9720,255136,77777,1536,1
9721,282114,85533,1536,1
9722,253764,76938,1536,1
9723,239136,72456,1536,1
9724,283122,85779,1536,1
9725,284390,86198,1536,1
9726,280888,85287,1536,1
9727,333284,101019,1536,1
9728,257764,78129,1536,1
9729,255794,77503,1536,1
9730,324194,98265,1536,1
9731,503810,152644,1536,1
9732,2402325,728671,1536,1
9733,370987,113070,1536,1
9734,365174,110701,1536,1
9735,530701,161170,1536,1
9736,253850,76943,1536,1
9737,462494,140224,1536,1
9738,238220,72230,1536,1
9739,268918,81520,1536,1
9740,309440,93806,1536,1
9741,272856,82686,1536,1
9742,251028,76105,1536,1
9743,277220,84044,1536,1
9744,267838,81207,1536,1
9745,264280,80124,1536,1
9746,267530,81061,1536,1
9747,262636,79610,1536,1
9748,261090,79116,1536,1
9749,258356,78290,1536,1
9750,254926,77281,1536,1
9751,174980,53044,1536,1
9752,227690,69023,1536,1
9753,169874,51468,1536,1
9754,176202,53406,1536,1
9755,186008,56809,1536,1
9756,194730,59015,1536,1
9757,169140,51274,1536,1
9758,163204,49476,1536,1
9759,157996,47899,1536,1
9760,168594,51115,1536,1
9761,158560,48041,1536,1
9762,157286,47656,1536,1
9763,158080,47909,1536,1
9764,161498,48961,1536,1
9765,158024,47893,1536,1
9766,156742,47493,1536,1
9767,248390,75304,1536,1
9768,233120,70676,1536,1
9769,239186,72509,1536,1
9770,237572,71984,1536,1
9771,239192,72483,1536,1
9772,237150,71898,1536,1
9773,239422,72692,1536,1
9774,239188,72511,1536,1
9775,244838,74190,1536,1
9776,243236,73703,1536,1
9777,247882,75123,1536,1
9778,323914,98528,1536,1
9779,171180,51893,1536,1
9780,174800,52989,1536,1
9781,164296,49778,1536,1
9782,157974,47870,1536,1
9783,157680,47792,1536,1
9784,157672,47772,1536,1
9785,159384,48296,1536,1
9786,156236,47338,1536,1
9787,211728,64197,1536,1
9788,150732,45697,1536,1
9789,172568,52311,1536,1
9790,184576,56040,1536,1
9791,154386,46789,1536,1
9792,152082,46078,1536,1
9793,154752,46890,1536,1
9794,151974,46046,1536,1
9795,149484,45292,1536,1
9796,153014,46391,1536,1
9797,150730,45695,1536,1
9798,148956,45160,1536,1
9799,152804,46323,1536,1
9800,159874,48470,1536,1
9801,154218,46757,1536,1
9802,151602,45932,1536,1
9803,179762,54471,1536,1
9804,363060,110236,1536,1
9805,299154,90665,1536,1
9806,239100,72483,1536,1
9807,235026,71214,1536,1
9808,225902,68453,1536,1
9809,367264,111517,1536,1
9810,221240,67065,1536,1
9811,223698,67791,1536,1
9812,196372,59527,1536,1
9813,230706,69933,1536,1
9814,240842,72988,1536,1
9815,228050,69099,1536,1
9816,222210,67375,1536,1
9817,243012,73650,1536,1
9818,218854,66314,1536,1
9819,228564,69317,1536,1
9820,238050,72163,1536,1
9821,221046,66979,1536,1
9822,227076,68827,1536,1
9823,210938,63929,1536,1
9824,285828,86646,1536,1
9825,218006,66063,1536,1
9826,171974,52114,1536,1
9827,172410,52246,1536,1
9828,176982,53642,1536,1
9829,172666,52337,1536,1
9830,192764,58420,1536,1
9831,146652,44456,1536,1
9832,144372,43765,1536,1
9833,143064,43371,1536,1
9834,143656,43525,1536,1
9835,144692,43864,1536,1
9836,176622,53549,1536,1
9837,144342,43732,1536,1
9838,142526,43187,1536,1
9839,139420,42270,1536,1
9840,141740,42968,1536,1
9841,140012,42431,1536,1
9842,141860,43007,1536,1
9843,142912,43340,1536,1
9844,140744,42653,1536,1
9845,196066,59431,1536,1
9846,184662,55987,1536,1
9847,139902,42400,1536,1
9848,139536,42278,1536,1
9849,141190,42776,1536,1
9850,141476,42864,1536,1
9851,140846,42698,1536,1
9852,141182,42871,1536,1
9853,139458,42253,1536,1
9854,139826,42389,1536,1
9855,170622,51735,1536,1
9856,142284,43109,1536,1
9857,141610,42908,1536,1
9858,140872,42682,1536,1
9859,155466,47148,1536,1
9860,134978,40920,1536,1
9861,134590,40804,1536,1
9862,132370,40119,1536,1
9863,131744,39916,1536,1
9864,133434,40456,1536,1
9865,131088,39718,1536,1
9866,131294,39781,1536,1
9867,130956,39679,1536,1
9868,170624,51736,1536,1
9869,135414,41051,1536,1
9870,134414,40742,1536,1
9871,134702,40827,1536,1
9872,133428,40428,1536,1
9873,132996,40296,1536,1
9874,132980,40291,1536,1
9875,134932,40893,1536,1
9876,134772,40835,1536,1
9877,132156,40042,1536,1
9878,134022,40607,1536,1
9879,181420,55017,1536,1
9880,208314,63142,1536,1
9881,173556,52630,1536,1
9882,247962,75255,1536,1
9883,163232,49501,1536,1
9884,202536,61377,1536,1
9885,204998,62119,1536,1
9886,209090,63467,1536,1
9887,174376,52875,1536,1
9888,211392,64114,1536,1
9889,132582,40186,1536,1
9890,132320,40091,1536,1
9891,131294,39781,1536,1
9892,131202,39766,1536,1
9893,127572,38653,1536,1
9894,133254,40397,1536,1
9895,166642,50528,1536,1
9896,129356,39194,1536,1
9897,127554,38648,1536,1
9898,127964,38772,1536,1
9899,169268,51313,1536,1
9900,128932,39065,1536,1
9901,129130,39149,1536,1
9902,127938,38764,1536,1
9903,128076,38808,1536,1
9904,127524,38639,1536,1
9905,127626,38670,1536,1
9906,130568,39587,1536,1
9907,128430,38935,1536,1
9908,128316,38879,1536,1
9909,127614,38691,1536,1
9910,127542,38645,1536,1
9911,127508,38635,1536,1
9912,129666,39414,1536,1
9913,127740,38727,1536,1
9914,127352,38610,1536,1
9915,172548,52316,1536,1
9916,129222,39153,1536,1
9917,127986,38778,1536,1
9918,127234,38551,1536,1
9919,193268,58589,1536,1
9920,128572,38956,1536,1
9921,129614,39297,1536,1
9922,130050,39426,1536,1
9923,129596,39289,1536,1
9924,128432,38914,1536,1
9925,128184,38839,1536,1
9926,127800,38732,1536,1
9927,314412,95569,1536,1
9928,128000,38795,1536,1
9929,128140,38825,1536,1
9930,127970,38774,1536,1
9931,130034,39424,1536,1
9932,127718,38709,1536,1
9933,150288,45578,1536,1
9934,128576,38973,1536,1
9935,128858,39042,1536,1
9936,127790,38719,1536,1
9937,124756,37800,1536,1
9938,124264,37651,1536,1
9939,125222,37941,1536,1
9940,131918,39999,1536,1
9941,126080,38652,1536,1
9942,127210,38565,1536,1
9943,124540,37757,1536,1
9944,125018,37880,1536,1
9945,173786,52689,1536,1
9946,122344,37091,1536,1
9947,121612,36850,1536,1
9948,121844,36932,1536,1
9949,121516,36829,1536,1
9950,159730,48465,1536,1
9951,126244,38272,1536,1
9952,121264,36742,1536,1
9953,123126,37327,1536,1
9954,123536,37452,1536,1
9955,147842,44834,1536,1
9956,129386,39229,1536,1
9957,129670,39287,1536,1
9958,125240,37946,1536,1
9959,126078,38306,1536,1
9960,218638,66306,1536,1
9961,133380,40435,1536,1
9962,126304,38291,1536,1
9963,134254,40698,1536,1
9964,175216,53114,1536,1
9965,140010,42445,1536,1
9966,135486,41122,1536,1
9967,227546,68973,1536,1
9968,282580,86028,1536,1
9969,170562,51720,1536,1
9970,205582,62288,1536,1
9971,211462,64103,1536,1
9972,140760,42674,1536,1
9973,137522,41677,1536,1
9974,154960,46956,1536,1
9975,147190,44699,1536,1
9976,136548,41384,1536,1
9977,138032,41832,1536,1
9978,136516,41362,1536,1
9979,150044,45489,1536,1
9980,178412,54059,1536,1
9981,157410,47733,1536,1
9982,180290,54646,1536,1
9983,197600,59898,1536,1
9984,137554,41699,1536,1
9985,183684,55690,1536,1
9986,234108,70989,1536,1
9987,254549,77380,1536,1
9988,535907,162616,1536,1
9989,204058,61887,1536,1
9990,254336,77315,1536,1
9991,226814,68758,1536,1
9992,206256,62545,1536,1
9993,213174,64594,1536,1
9994,217546,65918,1536,1
9995,241806,73308,1536,1
9996,207482,62892,1536,1
9997,213070,64604,1536,1
9998,221504,67123,1536,1
9999,232584,70514,1536,1
