iter,cycles,time_ns,peak_rss_kb,ok
0,2400412,727556,1536,1
1,367186,111273,1536,1
2,357494,108335,1536,1
3,229504,69552,1536,1
4,226380,68604,1536,1
5,313570,95028,1536,1
6,333920,101190,1536,1
7,328916,99662,1536,1
8,355628,107765,1536,1
9,321110,97307,1536,1
10,226934,68776,1536,1
11,277668,84148,1536,1
12,274960,83327,1536,1
13,306290,92858,1536,1
14,323024,98002,1536,1
15,325626,98680,1536,1
16,328728,99625,1536,1
17,353334,107064,1536,1
18,308866,93604,1536,1
19,307926,93323,1536,1
20,315510,95614,1536,1
21,357414,108322,1536,1
22,237284,71920,1536,1
23,232998,70614,1536,1
24,233592,70792,1536,1
25,232074,70334,1536,1
26,232028,70291,1536,1
27,233712,70838,1536,1
28,224536,68064,1536,1
29,339030,102884,1536,1
30,323294,97976,1536,1
31,304956,92401,1536,1
32,309342,93749,1536,1
33,360532,109258,1536,1
34,356078,107909,1536,1
35,355948,107853,1536,1
36,347572,105338,1536,1
37,356518,108030,1536,1
38,290262,87972,1536,1
39,328044,99424,1536,1
40,582842,176819,1536,1
41,313888,95127,1536,1
42,257540,78067,1536,1
43,422300,127975,1536,1
44,385966,116917,1536,1
45,408766,123864,1536,1
46,410038,124246,1536,1
47,413082,125170,1536,1
48,351314,106445,1536,1
49,327956,99433,1536,1
50,356996,108174,1536,1
51,217792,66010,1536,1
52,392864,119050,1536,1
53,401414,121640,1536,1
54,412396,124965,1536,1
55,460726,139560,1536,1
56,222644,67481,1536,1
57,216778,65702,1536,1
58,215042,65158,1536,1
59,216126,65486,1536,1
60,218702,66286,1536,1
61,218716,66355,1536,1
62,743222,225166,1536,1
63,367920,111495,1536,1
64,276828,83916,1536,1
65,406144,123210,1536,1
66,350126,106098,1536,1
67,353452,107105,1536,1
68,3792979,1149558,1536,1
69,364660,110547,1536,1
70,372924,113016,1536,1
71,346802,105093,1536,1
72,342028,103654,1536,1
73,385652,116872,1536,1
74,477796,145235,1536,1
75,386470,117114,1536,1
76,389494,118044,1536,1
77,376052,113984,1536,1
78,380472,115306,1536,1
79,401598,121698,1536,1
80,319188,96745,1536,1
81,367880,111485,1536,1
82,366352,111022,1536,1
83,351498,106516,1536,1
84,345894,104985,1536,1
85,372880,112999,1536,1
86,386558,117174,1536,1
87,366218,110993,1536,1
88,354198,107339,1536,1
89,357874,108452,1536,1
90,1945732,589577,1536,1
91,379738,115072,1536,1
92,363920,110283,1536,1
93,362776,109942,1536,1
94,456810,138412,1536,1
95,445438,135281,1536,1
96,373500,113180,1536,1
97,361324,109479,1536,1
98,365920,110886,1536,1
99,355010,107564,1536,1
100,426242,129314,1536,1
101,362816,109954,1536,1
102,430260,130374,1536,1
103,397848,120559,1536,1
104,371440,112560,1536,1
105,355744,107849,1536,1
106,415658,125959,1536,1
107,285694,86574,1536,1
108,319328,97015,1536,1
109,333204,100984,1536,1
110,249276,75952,1536,1
111,246448,74839,1536,1
112,279488,84712,1536,1
113,319324,96772,1536,1
114,246388,74756,1536,1
115,239220,72497,1536,1
116,240476,72880,1536,1
117,246740,74777,1536,1
118,247284,74938,1536,1
119,246842,74814,1536,1
120,285474,86523,1536,1
121,247496,75007,1536,1
122,266404,80715,1536,1
123,248004,75161,1536,1
124,246302,74646,1536,1
125,246940,74841,1536,1
126,235000,71223,1536,1
127,227250,68864,1536,1
128,243762,73886,1536,1
129,300986,91227,1536,1
130,246212,74611,1536,1
131,245780,74483,1536,1
132,246398,74679,1536,1
133,334074,101241,1536,1
134,329830,99962,1536,1
135,336332,101934,1536,1
136,247082,74884,1536,1
137,254940,77261,1536,1
138,300178,90976,1536,1
139,255096,77310,1536,1
140,253940,76965,1536,1
141,254818,77227,1536,1
142,253910,76950,1536,1
143,255420,77410,1536,1
144,254462,77123,1536,1
145,273032,82760,1536,1
146,255274,77366,1536,1
147,245216,74318,1536,1
148,240926,72993,1536,1
149,492958,149358,1536,1
150,444190,134602,1536,1
151,447420,135570,1536,1
152,314124,95208,1536,1
153,255974,77578,1536,1
154,256194,77641,1536,1
155,283340,85888,1536,1
156,257316,77987,1536,1
157,254842,77237,1536,1
158,255564,77454,1536,1
159,286580,86864,1536,1
160,256712,77802,1536,1
161,255236,77354,1536,1
162,255926,77561,1536,1
163,254954,77265,1536,1
164,257998,78274,1536,1
165,288038,87302,1536,1
166,368338,111738,1536,1
167,426128,129129,1536,1
168,380418,115276,1536,1
169,372862,112987,1536,1
170,246086,74585,1536,1
171,253512,76829,1536,1
172,257598,78081,1536,1
173,430240,130342,1536,1
174,594306,180054,1536,1
175,405502,122864,1536,1
176,392334,118863,1536,1
177,380100,115204,1536,1
178,385668,116868,1536,1
179,342676,103852,1536,1
180,362458,109842,1536,1
181,423644,128383,1536,1
182,354246,107373,1536,1
183,366284,110993,1536,1
184,805455,245220,1536,1
185,588461,178987,1536,1
186,244104,74073,1536,1
187,752415,228695,1536,1
188,226364,68578,1536,1
189,225076,68189,1536,1
190,226016,68500,1536,1
191,433460,131352,1536,1
192,346168,104903,1536,1
193,233602,70798,1536,1
194,232832,70569,1536,1
195,358540,108653,1536,1
196,336806,102081,1536,1
197,229810,69650,1536,1
198,232020,70321,1536,1
199,232594,70492,1536,1
200,232112,70342,1536,1
201,326788,99042,1536,1
202,413652,125449,1536,1
203,360626,109273,1536,1
204,365042,110580,1536,1
205,348590,105672,1536,1
206,263940,79996,1536,1
207,306338,92838,1536,1
208,224606,68073,1536,1
209,218794,66310,1536,1
210,217352,65874,1536,1
211,213762,64789,1536,1
212,417844,126648,1536,1
213,227136,68833,1536,1
214,295440,89547,1536,1
215,347642,105352,1536,1
216,525807,159616,1536,1
217,229722,69618,1536,1
218,224748,68114,1536,1
219,225934,68468,1536,1
220,225936,68474,1536,1
221,227578,68975,1536,1
222,236042,71545,1536,1
223,224376,67998,1536,1
224,261360,79216,1536,1
225,228104,69131,1536,1
226,235550,71398,1536,1
227,226302,68588,1536,1
228,225624,68379,1536,1
229,343594,104144,1536,1
230,341562,103497,1536,1
231,345764,104759,1536,1
232,253032,76734,1536,1
233,241732,73273,1536,1
234,225626,68382,1536,1
235,340234,103163,1536,1
236,366094,110920,1536,1
237,368354,111624,1536,1
238,335010,101513,1536,1
239,228712,69298,1536,1
240,264186,80051,1536,1
241,372342,112831,1536,1
242,346440,105276,1536,1
243,302258,91606,1536,1
244,414910,125713,1536,1
245,333868,101170,1536,1
246,295268,89715,1536,1
247,302414,91647,1536,1
248,319698,96896,1536,1
249,268642,81555,1536,1
250,229260,69483,1536,1
251,344742,104763,1536,1
252,222830,67533,1536,1
253,226992,68789,1536,1
254,3341082,1012407,1536,1
255,262660,79623,1536,1
256,226202,68557,1536,1
257,227108,68829,1536,1
258,225558,68358,1536,1
259,226418,68620,1536,1
260,225684,68395,1536,1
261,225340,68296,1536,1
262,225630,68381,1536,1
263,224114,67919,1536,1
264,225162,68240,1536,1
265,232080,70335,1536,1
266,230790,69948,1536,1
267,231344,70114,1536,1
268,231996,70313,1536,1
269,241580,73212,1536,1
270,218224,66147,1536,1
271,215434,65295,1536,1
272,215232,65203,1536,1
273,215708,65377,1536,1
274,215062,65182,1536,1
275,222844,67544,1536,1
276,217284,65854,1536,1
277,225420,68326,1536,1
278,217316,65868,1536,1
279,215204,65224,1536,1
280,216302,65531,1536,1
281,217678,65956,1536,1
282,215782,65401,1536,1
283,215658,65363,1536,1
284,219006,66379,1536,1
285,220236,66752,1536,1
286,220240,66722,1536,1
287,251576,76244,1536,1
288,224990,68189,1536,1
289,235862,71475,1536,1
290,325200,98547,1536,1
291,239486,72580,1536,1
292,238084,72155,1536,1
293,234332,71019,1536,1
294,273972,83045,1536,1
295,239144,72472,1536,1
296,238404,72253,1536,1
297,450976,137045,1536,1
298,335986,101823,1536,1
299,242334,73441,1536,1
300,241362,73146,1536,1
301,286366,86800,1536,1
302,240288,72824,1536,1
303,240804,72974,1536,1
304,238454,72268,1536,1
305,243648,73837,1536,1
306,239316,72528,1536,1
307,238330,72233,1536,1
308,241474,73174,1536,1
309,241504,73192,1536,1
310,252700,76582,1536,1
311,370742,112345,1536,1
312,368338,111636,1536,1
313,342914,104009,1536,1
314,369464,111944,1536,1
315,347788,105408,1536,1
316,241212,73078,1536,1
317,241974,73314,1536,1
318,385850,116940,1536,1
319,362638,109883,1536,1
320,327492,99242,1536,1
321,348770,105695,1536,1
322,364546,110476,1536,1
323,323630,98082,1536,1
324,383782,116287,1536,1
325,376658,114139,1536,1
326,410364,124433,1536,1
327,241492,73182,1536,1
328,313372,94975,1536,1
329,347094,105184,1536,1
330,311112,94285,1536,1
331,386346,117097,1536,1
332,356766,108107,1536,1
333,534148,162331,1536,1
334,383976,116367,1536,1
335,362664,109914,1536,1
336,343486,104098,1536,1
337,366634,111097,1536,1
338,419310,127109,1536,1
339,383240,116141,1536,1
340,383466,116210,1536,1
341,367428,111333,1536,1
342,355494,107745,1536,1
343,637534,196712,1536,1
344,298748,90542,1536,1
345,304294,92225,1536,1
346,318070,96393,1536,1
347,451916,136932,1536,1
348,305558,92612,1536,1
349,349702,105970,1536,1
350,348470,105596,1536,1
351,376808,114199,1536,1
352,357260,108279,1536,1
353,363674,110216,1536,1
354,430836,130562,1536,1
355,387334,117372,1536,1
356,344786,104488,1536,1
357,351728,106591,1536,1
358,415264,125822,1536,1
359,443580,134464,1536,1
360,342188,103708,1536,1
361,354072,107306,1536,1
362,424506,128633,1536,1
363,356988,108250,1536,1
364,368946,111892,1536,1
365,383054,116061,1536,1
366,245410,74378,1536,1
367,241168,73086,1536,1
368,239854,72694,1536,1
369,241862,73300,1536,1
370,241064,73061,1536,1
371,372492,113601,1536,1
372,377054,114277,1536,1
373,281466,85297,1536,1
374,359856,109024,1536,1
375,370208,112162,1536,1
376,355004,107583,1536,1
377,389910,118122,1536,1
378,362046,109726,1536,1
379,1427526,432721,1536,1
380,383768,116306,1536,1
381,320286,97059,1536,1
382,335324,101614,1536,1
383,336182,101885,1536,1
384,381366,115558,1536,1
385,522570,158833,1536,1
386,303276,91909,1536,1
387,555328,168340,1536,1
388,409906,124214,1536,1
389,423258,128251,1536,1
390,426060,129095,1536,1
391,326276,98875,1536,1
392,333406,101038,1536,1
393,441042,133654,1536,1
394,327016,99285,1536,1
395,334006,101216,1536,1
396,352046,106687,1536,1
397,402894,122086,1536,1
398,374650,113527,1536,1
399,462110,140032,1536,1
400,392576,119043,1536,1
401,384158,116408,1536,1
402,383328,116164,1536,1
403,351528,106532,1536,1
404,371338,112540,1536,1
405,362228,109780,1536,1
406,378134,114638,1536,1
407,406862,123289,1536,1
408,382794,116001,1536,1
409,483095,147349,1536,1
410,268600,81427,1536,1
411,297632,90217,1536,1
412,274680,83272,1536,1
413,284666,86282,1536,1
414,256306,77761,1536,1
415,237426,71944,1536,1
416,236056,71545,1536,1
417,238306,72237,1536,1
418,237338,71921,1536,1
419,264890,80279,1536,1
420,314460,95303,1536,1
421,296360,89822,1536,1
422,239734,72657,1536,1
423,275234,83426,1536,1
424,237674,72095,1536,1
425,269804,81746,1536,1
426,307694,93256,1536,1
427,403362,122230,1536,1
428,394224,119460,1536,1
429,398642,120798,1536,1
430,343468,104096,1536,1
431,467290,141583,1536,1
432,363806,110258,1536,1
433,257238,77963,1536,1
434,255678,77487,1536,1
435,255274,77364,1536,1
436,254988,77277,1536,1
437,254644,77174,1536,1
438,254512,77135,1536,1
439,255554,77448,1536,1
440,254840,77231,1536,1
441,255244,77353,1536,1
442,343756,104192,1536,1
443,258092,78299,1536,1
444,275092,83345,1536,1
445,395802,119951,1536,1
446,344812,104501,1536,1
447,354954,107571,1536,1
448,373466,113185,1536,1
449,376828,114185,1536,1
450,363388,110101,1536,1
451,350872,106339,1536,1
452,255088,77284,1536,1
453,278666,84431,1536,1
454,405596,122904,1536,1
455,391860,118751,1536,1
456,383626,116265,1536,1
457,255358,77365,1536,1
458,277386,84084,1536,1
459,310234,94025,1536,1
460,464704,140810,1536,1
461,460916,139670,1536,1
462,466180,141261,1536,1
463,409728,124184,1536,1
464,404806,122680,1536,1
465,444396,134655,1536,1
466,442104,133967,1536,1
467,385968,116971,1536,1
468,391658,118695,1536,1
469,388816,117830,1536,1
470,436696,132330,1536,1
471,379594,115037,1536,1
472,391944,118759,1536,1
473,380080,115187,1536,1
474,381982,115762,1536,1
475,360006,109097,1536,1
476,376004,113927,1536,1
477,373646,113229,1536,1
478,377114,114285,1536,1
479,373398,113151,1536,1
480,374194,113409,1536,1
481,389452,118016,1536,1
482,381624,115656,1536,1
483,448778,135998,1536,1
484,242072,73368,1536,1
485,240268,72819,1536,1
486,238986,72418,1536,1
487,235176,71280,1536,1
488,237574,72006,1536,1
489,236628,71702,1536,1
490,238232,72207,1536,1
491,237568,72004,1536,1
492,237164,71863,1536,1
493,359776,109035,1536,1
494,377004,114318,1536,1
495,487562,147754,1536,1
496,391692,118704,1536,1
497,386490,117124,1536,1
498,379996,115160,1536,1
499,383488,116213,1536,1
500,377496,114361,1536,1
501,407014,123345,1536,1
502,401294,121607,1536,1
503,390234,118256,1536,1
504,261994,79418,1536,1
505,247608,75045,1536,1
506,277532,84080,1536,1
507,245404,74346,1536,1
508,241408,73136,1536,1
509,244270,74000,1536,1
510,291244,88283,1536,1
511,247064,74881,1536,1
512,246800,74789,1536,1
513,243868,73918,1536,1
514,248654,75345,1536,1
515,254856,77246,1536,1
516,237688,72039,1536,1
517,238114,72136,1536,1
518,237754,72029,1536,1
519,399384,121024,1536,1
520,274942,83343,1536,1
521,239972,72733,1536,1
522,308674,93562,1536,1
523,237778,72064,1536,1
524,238152,72165,1536,1
525,618374,187434,1536,1
526,255504,77439,1536,1
527,291156,88244,1536,1
528,252916,76647,1536,1
529,316340,95871,1536,1
530,384784,116708,1536,1
531,362972,110019,1536,1
532,324910,98464,1536,1
533,396890,120270,1536,1
534,356608,108068,1536,1
535,403260,122204,1536,1
536,248240,75230,1536,1
537,291646,88351,1536,1
538,246876,74824,1536,1
539,297370,90131,1536,1
540,247946,75142,1536,1
541,331998,100610,1536,1
542,354480,107423,1536,1
543,318862,96619,1536,1
544,247880,75123,1536,1
545,254930,77261,1536,1
546,315988,95801,1536,1
547,232862,70581,1536,1
548,231570,70154,1536,1
549,230632,69882,1536,1
550,230102,69736,1536,1
551,480400,145940,1536,1
552,430850,130554,1536,1
553,427016,129394,1536,1
554,430350,130398,1536,1
555,432146,130956,1536,1
556,350710,106281,1536,1
557,245122,74290,1536,1
558,242538,73505,1536,1
559,270150,81880,1536,1
560,232154,70355,1536,1
561,286104,86723,1536,1
562,356382,108024,1536,1
563,319252,96747,1536,1
564,311262,94327,1536,1
565,346166,104906,1536,1
566,364142,110346,1536,1
567,418204,126746,1536,1
568,338900,102697,1536,1
569,330040,100013,1536,1
570,332026,100634,1536,1
571,325370,98599,1536,1
572,401934,121868,1536,1
573,343670,104163,1536,1
574,340744,103256,1536,1
575,331466,100635,1536,1
576,379536,115020,1536,1
577,389130,118402,1536,1
578,340776,103286,1536,1
579,365636,110798,1536,1
580,343350,104035,1536,1
581,337556,102350,1536,1
582,438888,133198,1536,1
583,389120,117917,1536,1
584,389178,117924,1536,1
585,359086,108818,1536,1
586,379584,115022,1536,1
587,310370,94073,1536,1
588,367414,111335,1536,1
589,351382,106504,1536,1
590,345882,104831,1536,1
591,347486,105290,1536,1
592,355696,107801,1536,1
593,366500,111055,1536,1
594,338002,102551,1536,1
595,322576,97758,1536,1
596,335812,101773,1536,1
597,374316,113443,1536,1
598,355202,107632,1536,1
599,317628,96251,1536,1
600,343328,104061,1536,1
601,344266,104327,1536,1
602,720733,218918,1536,1
603,243606,73829,1536,1
604,371248,112498,1536,1
605,241434,73168,1536,1
606,239838,72687,1536,1
607,240390,72855,1536,1
608,1435339,435282,1536,1
609,359064,108805,1536,1
610,441944,133907,1536,1
611,374658,113532,1536,1
612,445270,135007,1536,1
613,421066,127578,1536,1
614,478730,145050,1536,1
615,287388,87182,1536,1
616,332174,100999,1536,1
617,480034,145457,1536,1
618,516242,157401,1536,1
619,344474,104432,1536,1
620,331788,100567,1536,1
621,332942,100897,1536,1
622,589310,178573,1536,1
623,248330,75271,1536,1
624,231940,70264,1536,1
625,233350,70720,1536,1
626,231930,70287,1536,1
627,233360,70721,1536,1
628,231028,70020,1536,1
629,435856,132064,1536,1
630,341894,103598,1536,1
631,311632,94441,1536,1
632,241658,73236,1536,1
633,301448,91514,1536,1
634,343886,104216,1536,1
635,803544,243472,1536,1
636,346082,104876,1536,1
637,370442,112261,1536,1
638,362146,109753,1536,1
639,242502,73492,1536,1
640,239112,72470,1536,1
641,241318,73128,1536,1
642,239170,72479,1536,1
643,528266,160090,1536,1
644,371946,112714,1536,1
645,227612,68986,1536,1
646,341706,103567,1536,1
647,343448,104078,1536,1
648,351516,106518,1536,1
649,344600,104427,1536,1
650,393630,119302,1536,1
651,351996,106660,1536,1
652,372694,112946,1536,1
653,419158,127158,1536,1
654,371160,112526,1536,1
655,292338,88598,1536,1
656,367412,111319,1536,1
657,432116,130934,1536,1
658,383850,116319,1536,1
659,346584,105043,1536,1
660,286796,86905,1536,1
661,353448,107093,1536,1
662,385110,116701,1536,1
663,438668,132916,1536,1
664,732114,222271,1536,1
665,371842,112677,1536,1
666,371320,112530,1536,1
667,364122,110344,1536,1
668,240616,72925,1536,1
669,239408,72556,1536,1
670,251458,76204,1536,1
671,408814,123879,1536,1
672,381936,115732,1536,1
673,387146,117316,1536,1
674,387496,117424,1536,1
675,679780,206312,1536,1
676,359600,108961,1536,1
677,464234,140748,1536,1
678,371374,112543,1536,1
679,364622,110500,1536,1
680,365352,110716,1536,1
681,418252,126748,1536,1
682,347830,105392,1536,1
683,297014,89982,1536,1
684,233482,70834,1536,1
685,302244,91601,1536,1
686,278386,84373,1536,1
687,363222,110064,1536,1
688,369136,111865,1536,1
689,308168,93389,1536,1
690,314390,95268,1536,1
691,372986,113055,1536,1
692,379252,114929,1536,1
693,418522,126813,1536,1
694,436568,132274,1536,1
695,1119574,339650,1536,1
696,391140,118518,1536,1
697,480110,145477,1536,1
698,279728,84791,1536,1
699,231342,70112,1536,1
700,417454,126476,1536,1
701,413656,125344,1536,1
702,290408,88009,1536,1
703,233848,70875,1536,1
704,231058,70028,1536,1
705,229768,69640,1536,1
706,232298,70386,1536,1
707,228222,69167,1536,1
708,290154,87925,1536,1
709,315868,95987,1536,1
710,243602,73901,1536,1
711,278402,84374,1536,1
712,298432,90432,1536,1
713,255230,77362,1536,1
714,233942,70900,1536,1
715,232396,70432,1536,1
716,329498,99832,1536,1
717,423554,128657,1536,1
718,342504,103791,1536,1
719,238650,72324,1536,1
720,342788,103873,1536,1
721,298840,90557,1536,1
722,340954,103319,1536,1
723,366796,111137,1536,1
724,335496,101671,1536,1
725,243472,73788,1536,1
726,463400,140854,1536,1
727,488936,148153,1536,1
728,1831082,554871,1536,1
729,363040,110012,1536,1
730,2235862,677565,1536,1
731,375954,113925,1536,1
732,367286,111296,1536,1
733,384748,116612,1536,1
734,393150,119143,1536,1
735,371732,112659,1536,1
736,377750,114485,1536,1
737,371666,112613,1536,1
738,399654,121112,1536,1
739,374686,113542,1536,1
740,387016,117281,1536,1
741,380688,115373,1536,1
742,528960,160348,1536,1
743,373302,113116,1536,1
744,370922,112405,1536,1
745,377740,114475,1536,1
746,256736,77803,1536,1
747,319650,96877,1536,1
748,249940,75748,1536,1
749,268126,81254,1536,1
750,324244,98569,1536,1
751,391022,118493,1536,1
752,548680,166683,1536,1
753,258194,78254,1536,1
754,480790,145720,1536,1
755,461872,139973,1536,1
756,377882,114515,1536,1
757,396322,120105,1536,1
758,460284,139474,1536,1
759,725754,219902,1536,1
760,1242590,376797,1536,1
761,413786,125384,1536,1
762,1020416,309457,1536,1
763,465992,141208,1536,1
764,447864,135713,1536,1
765,453092,137291,1536,1
766,461046,139657,1536,1
767,528214,160135,1536,1
768,471042,142698,1536,1
769,399200,120973,1536,1
770,404054,122445,1536,1
771,387650,117481,1536,1
772,427682,129593,1536,1
773,397376,120417,1536,1
774,455614,138110,1536,1
775,430932,130683,1536,1
776,369342,111927,1536,1
777,370478,112273,1536,1
778,368596,111705,1536,1
779,378094,114585,1536,1
780,359480,108947,1536,1
781,367254,111305,1536,1
782,349206,105829,1536,1
783,366414,111043,1536,1
784,448276,135861,1536,1
785,406818,123294,1536,1
786,397778,120539,1536,1
787,317120,96110,1536,1
788,337260,102204,1536,1
789,326730,99016,1536,1
790,331194,100367,1536,1
791,323062,97921,1536,1
792,474436,143749,1536,1
793,335648,101726,1536,1
794,377420,114341,1536,1
795,444722,134835,1536,1
796,7022405,2127419,1536,1
797,405896,123007,1536,1
798,452376,137090,1536,1
799,404782,122661,1536,1
800,464026,140616,1536,1
801,432228,130988,1536,1
802,465754,141132,1536,1
803,514474,155903,1536,1
804,286380,86803,1536,1
805,315518,95586,1536,1
806,411496,124697,1536,1
807,260684,79001,1536,1
808,382900,116031,1536,1
809,505164,153072,1536,1
810,402356,121924,1536,1
811,402722,122036,1536,1
812,398252,120758,1536,1
813,398990,120898,1536,1
814,401862,121787,1536,1
815,417700,126585,1536,1
816,441296,133744,1536,1
817,388146,117646,1536,1
818,438702,132948,1536,1
819,384200,116436,1536,1
820,390470,118380,1536,1
821,396394,120124,1536,1
822,2524432,764882,1536,1
823,430726,130517,1536,1
824,415740,126008,1536,1
825,398578,120790,1536,1
826,595828,180632,1536,1
827,657371,199561,1536,1
828,430284,130383,1536,1
829,416750,126289,1536,1
830,425664,128983,1536,1
831,340386,103158,1536,1
832,397738,120712,1536,1
833,370596,112308,1536,1
834,465582,141574,1536,1
835,366574,111088,1536,1
836,465952,141217,1536,1
837,360376,109243,1536,1
838,305380,92561,1536,1
839,257392,78005,1536,1
840,399542,121086,1536,1
841,384458,116516,1536,1
842,382272,115807,1536,1
843,344622,104402,1536,1
844,386724,117179,1536,1
845,382662,115965,1536,1
846,371744,112666,1536,1
847,372736,112940,1536,1
848,383964,116353,1536,1
849,391444,118630,1536,1
850,371740,112652,1536,1
851,372810,112982,1536,1
852,259576,78700,1536,1
853,258744,78417,1536,1
854,252604,76556,1536,1
855,590857,179753,1536,1
856,390456,118330,1536,1
857,294278,89204,1536,1
858,306834,92994,1536,1
859,300522,91077,1536,1
860,398380,120817,1536,1
861,389760,118114,1536,1
862,252150,76418,1536,1
863,425200,128997,1536,1
864,380262,115232,1536,1
865,382596,115943,1536,1
866,250142,75813,1536,1
867,278596,84616,1536,1
868,318974,96642,1536,1
869,378142,114590,1536,1
870,370098,112120,1536,1
871,454300,137663,1536,1
872,392704,119245,1536,1
873,367190,111278,1536,1
874,362626,109901,1536,1
875,351440,106499,1536,1
876,334588,101402,1536,1
877,462618,140199,1536,1
878,438164,132777,1536,1
879,339252,102832,1536,1
880,364616,110502,1536,1
881,392300,118888,1536,1
882,816995,247977,1536,1
883,387558,117460,1536,1
884,452612,137146,1536,1
885,375344,113708,1536,1
886,382248,115828,1536,1
887,395190,119757,1536,1
888,401892,121791,1536,1
889,449722,136274,1536,1
890,447220,135524,1536,1
891,942331,285886,1536,1
892,448182,135819,1536,1
893,400978,121596,1536,1
894,404824,122680,1536,1
895,382344,115882,1536,1
896,388452,117708,1536,1
897,400212,121320,1536,1
898,371356,112543,1536,1
899,386770,117204,1536,1
900,399610,121099,1536,1
901,382562,115923,1536,1
902,363438,110236,1536,1
903,363486,110159,1536,1
904,371784,112672,1536,1
905,261458,79238,1536,1
906,333902,101183,1536,1
907,259110,78527,1536,1
908,411670,124754,1536,1
909,382370,115966,1536,1
910,421564,127745,1536,1
911,561768,170238,1536,1
912,627144,190048,1536,1
913,416912,126343,1536,1
914,368172,111575,1536,1
915,339664,102943,1536,1
916,449974,136358,1536,1
917,378144,114599,1536,1
918,395152,119780,1536,1
919,401204,121569,1536,1
920,390762,118418,1536,1
921,769532,233552,1536,1
922,365212,110688,1536,1
923,394756,119626,1536,1
924,399574,121083,1536,1
925,456766,138624,1536,1
926,381404,115587,1536,1
927,386472,117087,1536,1
928,360192,109154,1536,1
929,357812,108444,1536,1
930,433874,131468,1536,1
931,418424,126791,1536,1
932,417250,126432,1536,1
933,360650,109288,1536,1
934,377356,115009,1536,1
935,306404,92860,1536,1
936,363874,110258,1536,1
937,314880,95427,1536,1
938,407210,123472,1536,1
939,382868,116027,1536,1
940,492582,149274,1536,1
941,374852,113559,1536,1
942,572216,173376,1536,1
943,360398,109213,1536,1
944,318492,96524,1536,1
945,376046,113963,1536,1
946,382484,115897,1536,1
947,454864,138047,1536,1
948,1137160,344732,1536,1
949,501314,151902,1536,1
950,449468,136187,1536,1
951,441100,133654,1536,1
952,445310,134929,1536,1
953,453832,137526,1536,1
954,445900,135110,1536,1
955,547244,165818,1536,1
956,365306,110704,1536,1
957,396258,120077,1536,1
958,377568,114413,1536,1
959,430618,130524,1536,1
960,360720,109314,1536,1
961,377432,114379,1536,1
962,452832,137343,1536,1
963,363018,110014,1536,1
964,373344,113144,1536,1
965,353086,107014,1536,1
966,470780,143024,1536,1
967,397186,120363,1536,1
968,358096,108520,1536,1
969,388696,117875,1536,1
970,336528,101987,1536,1
971,332486,100759,1536,1
972,317764,96306,1536,1
973,317842,96319,1536,1
974,326958,99070,1536,1
975,372000,112728,1536,1
976,431700,131021,1536,1
977,319560,96838,1536,1
978,315962,95759,1536,1
979,357032,108198,1536,1
980,441642,133859,1536,1
981,350486,106207,1536,1
982,425564,128961,1536,1
983,386824,117208,1536,1
984,378536,114714,1536,1
985,617022,186930,1536,1
986,383490,116214,1536,1
987,812514,246588,1536,1
988,443978,134535,1536,1
989,377020,114222,1536,1
990,379830,115092,1536,1
991,377286,114332,1536,1
992,377132,114288,1536,1
993,380910,115418,1536,1
994,366468,111066,1536,1
995,387956,117552,1536,1
996,357428,108377,1536,1
997,310996,94253,1536,1
998,381686,115661,1536,1
999,321182,97351,1536,1
1000,424610,128684,1536,1
1001,386378,117091,1536,1
1002,330274,100131,1536,1
1003,313670,95066,1536,1
1004,299854,90881,1536,1
1005,312798,94779,1536,1
1006,300644,91120,1536,1
1007,310846,94202,1536,1
1008,318588,96549,1536,1
1009,316362,95871,1536,1
1010,374134,113376,1536,1
1011,357064,108214,1536,1
1012,370156,112177,1536,1
1013,363010,110011,1536,1
1014,355234,107652,1536,1
1015,331766,100528,1536,1
1016,359880,109042,1536,1
1017,365716,110957,1536,1
1018,657378,199454,1536,1
1019,407728,123558,1536,1
1020,411664,124793,1536,1
1021,397870,120567,1536,1
1022,380280,115249,1536,1
1023,336726,102050,1536,1
1024,337630,102316,1536,1
1025,378574,114734,1536,1
1026,621912,188896,1536,1
1027,349280,105861,1536,1
1028,353696,107182,1536,1
1029,485136,147008,1536,1
1030,366520,111076,1536,1
1031,353858,107217,1536,1
1032,363016,109987,1536,1
1033,450772,136630,1536,1
1034,363774,110251,1536,1
1035,348478,105615,1536,1
1036,365056,110632,1536,1
1037,360848,109346,1536,1
1038,357802,108445,1536,1
1039,381706,115705,1536,1
1040,351008,106358,1536,1
1041,361412,109513,1536,1
1042,341714,103571,1536,1
1043,329290,99808,1536,1
1044,346214,104955,1536,1
1045,395940,120040,1536,1
1046,458484,139221,1536,1
1047,378592,114729,1536,1
1048,365156,110684,1536,1
1049,354300,107358,1536,1
1050,315742,95676,1536,1
1051,461500,140536,1536,1
1052,328310,99492,1536,1
1053,435402,132158,1536,1
1054,987941,299741,1536,1
1055,295776,89643,1536,1
1056,487872,147821,1536,1
1057,297682,90228,1536,1
1058,322172,97634,1536,1
1059,364718,110519,1536,1
1060,453646,137485,1536,1
1061,875994,265390,1536,1
1062,369346,111931,1536,1
1063,359940,109075,1536,1
1064,392424,118925,1536,1
1065,396984,120298,1536,1
1066,378614,114742,1536,1
1067,376750,114175,1536,1
1068,454820,137826,1536,1
1069,440444,133457,1536,1
1070,338744,102660,1536,1
1071,394336,119507,1536,1
1072,369480,111978,1536,1
1073,387608,117456,1536,1
1074,392078,118803,1536,1
1075,401838,121766,1536,1
1076,357100,108223,1536,1
1077,386486,117114,1536,1
1078,383024,116080,1536,1
1079,420122,127329,1536,1
1080,396378,120115,1536,1
1081,380872,115430,1536,1
1082,382102,115806,1536,1
1083,429344,130152,1536,1
1084,259184,78552,1536,1
1085,275168,83396,1536,1
1086,515410,156175,1536,1
1087,464690,140808,1536,1
1088,458962,139078,1536,1
1089,265824,80558,1536,1
1090,360460,109236,1536,1
1091,387186,117331,1536,1
1092,258446,78330,1536,1
1093,513212,155505,1536,1
1094,256194,77644,1536,1
1095,272256,82523,1536,1
1096,256150,77630,1536,1
1097,290052,87910,1536,1
1098,359480,109100,1536,1
1099,424804,128743,1536,1
1100,362642,109894,1536,1
1101,331818,100554,1536,1
1102,364514,110457,1536,1
1103,363466,110139,1536,1
1104,255130,77324,1536,1
1105,371580,112599,1536,1
1106,395132,119734,1536,1
1107,334510,101376,1536,1
1108,361048,109424,1536,1
1109,352448,106803,1536,1
1110,351478,106523,1536,1
1111,437514,132568,1536,1
1112,387908,117558,1536,1
1113,269374,81639,1536,1
1114,367484,111366,1536,1
1115,394480,119546,1536,1
1116,389396,117965,1536,1
1117,392778,119021,1536,1
1118,387066,117298,1536,1
1119,419582,127203,1536,1
1120,2031659,615623,1536,1
1121,388252,117638,1536,1
1122,366280,111000,1536,1
1123,363006,110008,1536,1
1124,370082,112153,1536,1
1125,368982,111827,1536,1
1126,377710,114466,1536,1
1127,384396,116471,1536,1
1128,394086,119430,1536,1
1129,386752,117196,1536,1
1130,391070,118497,1536,1
1131,387818,117530,1536,1
1132,438386,132847,1536,1
1133,394864,119666,1536,1
1134,396796,120253,1536,1
1135,378230,114614,1536,1
1136,405390,122926,1536,1
1137,393408,119209,1536,1
1138,384554,116566,1536,1
1139,401936,121812,1536,1
1140,398032,120626,1536,1
1141,353122,107011,1536,1
1142,313184,94896,1536,1
1143,26888644,8143649,1536,1
1144,413604,125345,1536,1
1145,411562,124715,1536,1
1146,428926,129954,1536,1
1147,382564,115984,1536,1
1148,401496,121668,1536,1
1149,418434,126810,1536,1
1150,485456,147102,1536,1
1151,381888,115732,1536,1
1152,372042,112758,1536,1
1153,362060,109720,1536,1
1154,403074,122150,1536,1
1155,502548,152284,1536,1
1156,430048,130323,1536,1
1157,386346,117090,1536,1
1158,505208,153190,1536,1
1159,386074,116985,1536,1
1160,406900,123307,1536,1
1161,358982,108792,1536,1
1162,370298,112213,1536,1
1163,492616,149642,1536,1
1164,385308,116790,1536,1
1165,357392,108318,1536,1
1166,357978,108480,1536,1
1167,382112,115794,1536,1
1168,398824,120861,1536,1
1169,418452,126804,1536,1
1170,374632,113522,1536,1
1171,388906,117855,1536,1
1172,359872,109068,1536,1
1173,378676,114750,1536,1
1174,370806,112365,1536,1
1175,375892,113895,1536,1
1176,433218,131568,1536,1
1177,358260,108548,1536,1
1178,401616,121697,1536,1
1179,427518,129558,1536,1
1180,429140,130061,1536,1
1181,362932,109983,1536,1
1182,378314,114648,1536,1
1183,2776218,841603,1536,1
1184,470578,142628,1536,1
1185,709562,214982,1536,1
1186,372802,112972,1536,1
1187,309860,93901,1536,1
1188,395736,119916,1536,1
1189,249442,75602,1536,1
1190,249538,75594,1536,1
1191,249610,75641,1536,1
1192,305518,92595,1536,1
1193,249956,75756,1536,1
1194,250012,75774,1536,1
1195,270986,82142,1536,1
1196,254200,77034,1536,1
1197,256862,77843,1536,1
1198,412342,124990,1536,1
1199,279688,84778,1536,1
1200,387504,117433,1536,1
1201,407214,123383,1536,1
1202,259850,78751,1536,1
1203,383116,116098,1536,1
1204,388398,117863,1536,1
1205,367208,111401,1536,1
1206,409006,123937,1536,1
1207,317340,96149,1536,1
1208,354838,107542,1536,1
1209,390368,118308,1536,1
1210,368026,111547,1536,1
1211,389248,117958,1536,1
1212,406634,123217,1536,1
1213,346318,104949,1536,1
1214,412260,124934,1536,1
1215,661957,200907,1536,1
1216,392404,118925,1536,1
1217,401612,121719,1536,1
1218,387952,117564,1536,1
1219,346266,104945,1536,1
1220,354086,107303,1536,1
1221,326828,99053,1536,1
1222,451684,136867,1536,1
1223,304378,92252,1536,1
1224,371982,112719,1536,1
1225,462520,140181,1536,1
1226,330978,100294,1536,1
1227,315640,95659,1536,1
1228,248388,75260,1536,1
1229,248824,75403,1536,1
1230,251818,76319,1536,1
1231,249028,75470,1536,1
1232,255012,77286,1536,1
1233,246826,74800,1536,1
1234,341050,103364,1536,1
1235,331678,100525,1536,1
1236,561606,170161,1536,1
1237,374042,113358,1536,1
1238,334550,101406,1536,1
1239,242892,73618,1536,1
1240,238268,72206,1536,1
1241,240996,73040,1536,1
1242,239498,72583,1536,1
1243,291418,88340,1536,1
1244,334572,101388,1536,1
1245,247050,74875,1536,1
1246,362392,109840,1536,1
1247,372348,112875,1536,1
1248,383378,116188,1536,1
1249,372832,112974,1536,1
1250,364080,110300,1536,1
1251,367396,111325,1536,1
1252,385868,116932,1536,1
1253,377060,114255,1536,1
1254,345422,104705,1536,1
1255,241380,73157,1536,1
1256,441480,133779,1536,1
1257,263712,79939,1536,1
1258,291138,88241,1536,1
1259,249878,75730,1536,1
1260,278632,84453,1536,1
1261,334702,101441,1536,1
1262,247912,75137,1536,1
1263,247664,75062,1536,1
1264,249652,75660,1536,1
1265,362612,109883,1536,1
1266,389758,118267,1536,1
1267,275018,83358,1536,1
1268,369776,112052,1536,1
1269,250256,75842,1536,1
1270,248064,75181,1536,1
1271,388408,117711,1536,1
1272,388072,117602,1536,1
1273,276776,83953,1536,1
1274,249178,75522,1536,1
1275,409818,124179,1536,1
1276,256418,77714,1536,1
1277,262786,79656,1536,1
1278,314660,95359,1536,1
1279,249856,75720,1536,1
1280,411956,124836,1536,1
1281,370766,112367,1536,1
1282,360414,109330,1536,1
1283,504096,152740,1536,1
1284,395828,119934,1536,1
1285,391646,118683,1536,1
1286,360046,109085,1536,1
1287,356964,108181,1536,1
1288,377276,114344,1536,1
1289,379466,114994,1536,1
1290,370810,112378,1536,1
1291,369904,112101,1536,1
1292,430488,130457,1536,1
1293,427258,129478,1536,1
1294,465029,141929,1536,1
1295,307878,93420,1536,1
1296,278046,84282,1536,1
1297,499626,151431,1536,1
1298,473876,143853,1536,1
1299,336178,101898,1536,1
1300,265596,80495,1536,1
1301,413418,125273,1536,1
1302,471354,143243,1536,1
1303,268474,81364,1536,1
1304,415928,126038,1536,1
1305,403332,122235,1536,1
1306,408798,123872,1536,1
1307,405384,122846,1536,1
1308,404416,122560,1536,1
1309,426660,129280,1536,1
1310,456574,138342,1536,1
1311,578350,175313,1536,1
1312,386468,117129,1536,1
1313,433466,131373,1536,1
1314,385112,116692,1536,1
1315,279052,84586,1536,1
1316,293632,88979,1536,1
1317,254370,77100,1536,1
1318,282814,85715,1536,1
1319,468576,141988,1536,1
1320,456572,138344,1536,1
1321,458882,139031,1536,1
1322,453482,137412,1536,1
1323,1008414,305466,1536,1
1324,389282,117967,1536,1
1325,389242,117938,1536,1
1326,386982,117279,1536,1
1327,360628,109282,1536,1
1328,244960,74238,1536,1
1329,246324,74649,1536,1
1330,254684,77275,1536,1
1331,247160,74900,1536,1
1332,253148,76710,1536,1
1333,290198,87929,1536,1
1334,313812,95129,1536,1
1335,642476,194986,1536,1
1336,534266,162095,1536,1
1337,264228,80087,1536,1
1338,254720,77191,1536,1
1339,415132,125796,1536,1
1340,364696,110531,1536,1
1341,374804,113585,1536,1
1342,417190,126432,1536,1
1343,345286,104648,1536,1
1344,338256,102494,1536,1
1345,389512,118121,1536,1
1346,366276,110999,1536,1
1347,387410,117398,1536,1
1348,248730,75382,1536,1
1349,249836,75718,1536,1
1350,368514,111701,1536,1
1351,251078,76093,1536,1
1352,296004,89709,1536,1
1353,246338,74651,1536,1
1354,247224,74922,1536,1
1355,424810,128734,1536,1
1356,403248,122190,1536,1
1357,425318,128895,1536,1
1358,410610,124422,1536,1
1359,375142,113678,1536,1
1360,340460,103182,1536,1
1361,340432,103178,1536,1
1362,359768,109046,1536,1
1363,355006,107581,1536,1
1364,365566,110784,1536,1
1365,350112,106112,1536,1
1366,357732,108373,1536,1
1367,369060,111849,1536,1
1368,383996,116359,1536,1
1369,490378,148823,1536,1
1370,366612,111107,1536,1
1371,374040,113339,1536,1
1372,334254,101299,1536,1
1373,371372,112537,1536,1
1374,412610,125046,1536,1
1375,723982,219394,1536,1
1376,458034,138876,1536,1
1377,398754,120851,1536,1
1378,379928,115133,1536,1
1379,309298,93738,1536,1
1380,324252,98271,1536,1
1381,2938182,890202,1536,1
1382,363670,110214,1536,1
1383,366908,111196,1536,1
1384,379284,114957,1536,1
1385,376632,114149,1536,1
1386,376202,114009,1536,1
1387,362798,109965,1536,1
1388,346216,104930,1536,1
1389,360756,109283,1536,1
1390,378960,114840,1536,1
1391,374926,113621,1536,1
1392,465682,141399,1536,1
1393,412642,125053,1536,1
1394,377342,114354,1536,1
1395,340860,103298,1536,1
1396,424910,128749,1536,1
1397,258960,78484,1536,1
1398,253334,76777,1536,1
1399,390868,118433,1536,1
1400,376572,114121,1536,1
1401,585337,177524,1536,1
1402,380346,115284,1536,1
1403,258298,78280,1536,1
1404,255656,77486,1536,1
1405,549029,166491,1536,1
1406,415930,126045,1536,1
1407,422108,127913,1536,1
1408,520500,157898,1536,1
1409,276250,83731,1536,1
1410,256752,77873,1536,1
1411,365732,110825,1536,1
1412,256658,77789,1536,1
1413,406828,123280,1536,1
1414,314514,95329,1536,1
1415,450454,136494,1536,1
1416,396190,120089,1536,1
1417,257438,78018,1536,1
1418,255852,77539,1536,1
1419,375292,113727,1536,1
1420,306062,92754,1536,1
1421,249612,75648,1536,1
1422,244530,74110,1536,1
1423,248030,75165,1536,1
1424,357920,108465,1536,1
1425,391292,118568,1536,1
1426,390426,118316,1536,1
1427,307204,93099,1536,1
1428,262314,79491,1536,1
1429,347644,105346,1536,1
1430,344694,104665,1536,1
1431,324018,98196,1536,1
1432,445348,134946,1536,1
1433,393796,119333,1536,1
1434,506626,153528,1536,1
1435,680200,206211,1536,1
1436,573253,174115,1536,1
1437,392392,118917,1536,1
1438,388420,117702,1536,1
1439,336594,102003,1536,1
1440,359108,108842,1536,1
1441,383304,116155,1536,1
1442,387876,117545,1536,1
1443,654454,198481,1536,1
1444,368940,111798,1536,1
1445,381594,115636,1536,1
1446,474840,143943,1536,1
1447,298010,90871,1536,1
1448,303024,91821,1536,1
1449,253406,76803,1536,1
1450,252868,76635,1536,1
1451,356444,108009,1536,1
1452,382820,116005,1536,1
1453,371100,112451,1536,1
1454,377722,114469,1536,1
1455,437806,132674,1536,1
1456,382810,116050,1536,1
1457,360624,109275,1536,1
1458,381060,115469,1536,1
1459,240532,72902,1536,1
1460,296472,89852,1536,1
1461,300256,90999,1536,1
1462,224604,68075,1536,1
1463,223702,67801,1536,1
1464,223550,67755,1536,1
1465,389138,117923,1536,1
1466,380134,115190,1536,1
1467,377498,114395,1536,1
1468,349542,105923,1536,1
1469,378284,114622,1536,1
1470,373856,113292,1536,1
1471,377166,114300,1536,1
1472,268434,81368,1536,1
1473,295376,89541,1536,1
1474,238404,72250,1536,1
1475,298054,90331,1536,1
1476,258370,78319,1536,1
1477,345568,104719,1536,1
1478,341992,103632,1536,1
1479,347108,105180,1536,1
1480,320564,97153,1536,1
1481,378302,114623,1536,1
1482,386422,117108,1536,1
1483,317452,96206,1536,1
1484,373192,113094,1536,1
1485,348998,105760,1536,1
1486,372394,112856,1536,1
1487,363542,110168,1536,1
1488,369806,112048,1536,1
1489,358166,108545,1536,1
1490,352292,106767,1536,1
1491,398708,120819,1536,1
1492,314746,95390,1536,1
1493,314128,95209,1536,1
1494,392434,119301,1536,1
1495,240874,72996,1536,1
1496,236346,71873,1536,1
1497,222448,67424,1536,1
1498,296790,89951,1536,1
1499,367922,111500,1536,1
1500,361602,109585,1536,1
1501,363586,110184,1536,1
1502,223314,67688,1536,1
1503,223070,67614,1536,1
1504,222666,67613,1536,1
1505,221992,67284,1536,1
1506,229592,69584,1536,1
1507,231274,70091,1536,1
1508,229862,69667,1536,1
1509,262920,79662,1536,1
1510,370902,112488,1536,1
1511,303744,92061,1536,1
1512,247042,74865,1536,1
1513,244150,73993,1536,1
1514,245878,74519,1536,1
1515,246068,74574,1536,1
1516,261096,79141,1536,1
1517,246488,74701,1536,1
1518,441462,133776,1536,1
1519,364748,110573,1536,1
1520,454940,137849,1536,1
1521,437252,132495,1536,1
1522,435810,132038,1536,1
1523,455974,138172,1536,1
1524,455686,138091,1536,1
1525,467084,141489,1536,1
1526,502188,152175,1536,1
1527,326804,99067,1536,1
1528,257524,78051,1536,1
1529,255642,77478,1536,1
1530,410244,124319,1536,1
1531,263676,79912,1536,1
1532,257004,77882,1536,1
1533,256500,77733,1536,1
1534,253674,76880,1536,1
1535,426904,129360,1536,1
1536,427764,129654,1536,1
1537,403808,122367,1536,1
1538,398530,120756,1536,1
1539,259580,78666,1536,1
1540,258034,78199,1536,1
1541,253592,76851,1536,1
1542,410428,124332,1536,1
1543,308796,93657,1536,1
1544,267002,80913,1536,1
1545,264618,80160,1536,1
1546,306328,92837,1536,1
1547,410224,124309,1536,1
1548,291666,88411,1536,1
1549,265866,80576,1536,1
1550,265328,80416,1536,1
1551,397600,120489,1536,1
1552,394658,119559,1536,1
1553,406934,123328,1536,1
1554,414116,125490,1536,1
1555,415474,125899,1536,1
1556,450090,136465,1536,1
1557,372398,112853,1536,1
1558,414684,125654,1536,1
1559,728739,221148,1536,1
1560,347470,105308,1536,1
1561,355130,107626,1536,1
1562,362324,109802,1536,1
1563,588806,178417,1536,1
1564,511226,154908,1536,1
1565,496524,150461,1536,1
1566,1293780,392207,1536,1
1567,569052,172419,1536,1
1568,385354,116781,1536,1
1569,406816,123277,1536,1
1570,386488,117124,1536,1
1571,347566,105326,1536,1
1572,373292,113127,1536,1
1573,373384,113150,1536,1
1574,371194,112484,1536,1
1575,373296,113132,1536,1
1576,419968,127315,1536,1
1577,387874,117548,1536,1
1578,390736,118406,1536,1
1579,445140,134887,1536,1
1580,468302,141905,1536,1
1581,383140,116102,1536,1
1582,695014,211094,1536,1
1583,411494,124695,1536,1
1584,1339968,406152,1536,1
1585,413846,125415,1536,1
1586,264826,80257,1536,1
1587,259482,78646,1536,1
1588,244352,74052,1536,1
1589,385396,116788,1536,1
1590,489656,148471,1536,1
1591,365786,110830,1536,1
1592,372262,112810,1536,1
1593,398024,120714,1536,1
1594,468290,142150,1536,1
1595,383132,116204,1536,1
1596,379360,114986,1536,1
1597,401914,121790,1536,1
1598,451648,136851,1536,1
1599,367684,111418,1536,1
1600,376824,114192,1536,1
1601,397360,120402,1536,1
1602,341748,103574,1536,1
1603,305340,92512,1536,1
1604,341836,103568,1536,1
1605,338062,102452,1536,1
1606,346278,104941,1536,1
1607,360734,109500,1536,1
1608,359908,109067,1536,1
1609,379176,114974,1536,1
1610,384930,116649,1536,1
1611,336472,101955,1536,1
1612,315446,95603,1536,1
1613,380538,115326,1536,1
1614,378088,114558,1536,1
1615,393004,119091,1536,1
1616,466348,141394,1536,1
1617,373546,113281,1536,1
1618,384960,116662,1536,1
1619,360782,109340,1536,1
1620,371218,112511,1536,1
1621,254786,77250,1536,1
1622,406746,123253,1536,1
1623,406078,123240,1536,1
1624,293544,88969,1536,1
1625,350410,106153,1536,1
1626,384156,116412,1536,1
1627,383422,116173,1536,1
1628,380624,115345,1536,1
1629,395956,119996,1536,1
1630,431080,130617,1536,1
1631,383538,116234,1536,1
1632,412818,125120,1536,1
1633,411986,124829,1536,1
1634,394986,119700,1536,1
1635,333182,100996,1536,1
1636,315582,95644,1536,1
1637,336252,101914,1536,1
1638,355040,107598,1536,1
1639,260594,78979,1536,1
1640,395906,119974,1536,1
1641,522060,158194,1536,1
1642,416878,126321,1536,1
1643,332950,100998,1536,1
1644,362144,109743,1536,1
1645,406178,123176,1536,1
1646,435776,132045,1536,1
1647,319904,96909,1536,1
1648,262726,79624,1536,1
1649,314542,95333,1536,1
1650,255376,77394,1536,1
1651,257468,78026,1536,1
1652,375116,113681,1536,1
1653,389006,117874,1536,1
1654,378080,114572,1536,1
1655,465390,141355,1536,1
1656,459240,139153,1536,1
1657,441642,133824,1536,1
1658,249664,75667,1536,1
1659,248844,75419,1536,1
1660,249718,75680,1536,1
1661,304748,92355,1536,1
1662,305944,92711,1536,1
1663,388266,117661,1536,1
1664,379524,114998,1536,1
1665,414448,125581,1536,1
1666,368852,111771,1536,1
1667,387984,117576,1536,1
1668,254430,77112,1536,1
1669,255648,77473,1536,1
1670,255216,77340,1536,1
1671,294212,89133,1536,1
1672,393174,119140,1536,1
1673,332480,100752,1536,1
1674,431684,130810,1536,1
1675,449878,136364,1536,1
1676,393816,119349,1536,1
1677,390782,118428,1536,1
1678,368262,111603,1536,1
1679,429156,130057,1536,1
1680,382398,115881,1536,1
1681,441380,133758,1536,1
1682,368466,111668,1536,1
1683,286030,86699,1536,1
1684,284172,86139,1536,1
1685,255874,77545,1536,1
1686,254566,77149,1536,1
1687,240252,72820,1536,1
1688,237576,72003,1536,1
1689,236728,71746,1536,1
1690,236250,71647,1536,1
1691,236508,71653,1536,1
1692,336086,101860,1536,1
1693,238562,72273,1536,1
1694,236554,71693,1536,1
1695,649177,197484,1536,1
1696,402692,122025,1536,1
1697,675397,205055,1536,1
1698,387710,117494,1536,1
1699,265728,80546,1536,1
1700,372186,112802,1536,1
1701,394152,119448,1536,1
1702,343524,104067,1536,1
1703,354758,107502,1536,1
1704,354028,107396,1536,1
1705,473084,143349,1536,1
1706,260486,78949,1536,1
1707,317864,96333,1536,1
1708,459458,139229,1536,1
1709,391840,118738,1536,1
1710,391100,118527,1536,1
1711,392684,119000,1536,1
1712,388230,117654,1536,1
1713,444468,134636,1536,1
1714,342732,103862,1536,1
1715,422000,127903,1536,1
1716,381454,115604,1536,1
1717,366206,110973,1536,1
1718,386858,117236,1536,1
1719,364124,110323,1536,1
1720,371782,112660,1536,1
1721,341482,103719,1536,1
1722,397466,120450,1536,1
1723,410152,124284,1536,1
1724,356224,107949,1536,1
1725,459292,139169,1536,1
1726,231796,70250,1536,1
1727,244426,74097,1536,1
1728,311208,94320,1536,1
1729,224602,68076,1536,1
1730,332352,100735,1536,1
1731,224678,68088,1536,1
1732,225716,68396,1536,1
1733,223160,67635,1536,1
1734,345682,104751,1536,1
1735,348158,105553,1536,1
1736,308250,93412,1536,1
1737,306842,92953,1536,1
1738,243562,73813,1536,1
1739,243740,73875,1536,1
1740,240114,72769,1536,1
1741,240142,72781,1536,1
1742,239576,72606,1536,1
1743,373214,113096,1536,1
1744,364186,110355,1536,1
1745,369750,112045,1536,1
1746,349598,105939,1536,1
1747,454730,138082,1536,1
1748,273516,82905,1536,1
1749,233588,70792,1536,1
1750,326356,98905,1536,1
1751,261604,79288,1536,1
1752,282014,85455,1536,1
1753,1343413,407566,1536,1
1754,300088,90945,1536,1
1755,369284,111929,1536,1
1756,289564,87753,1536,1
1757,341672,103747,1536,1
1758,289998,87909,1536,1
1759,271504,82289,1536,1
1760,236364,71636,1536,1
1761,327642,99289,1536,1
1762,417864,126623,1536,1
1763,326582,98942,1536,1
1764,341852,103599,1536,1
1765,417140,126412,1536,1
1766,370028,112136,1536,1
1767,368906,111789,1536,1
1768,369590,112192,1536,1
1769,323770,98117,1536,1
1770,438508,133217,1536,1
1771,380118,115190,1536,1
1772,373238,113102,1536,1
1773,365532,110774,1536,1
1774,352540,106844,1536,1
1775,372690,112960,1536,1
1776,371816,112674,1536,1
1777,359976,109084,1536,1
1778,362466,109839,1536,1
1779,445510,135016,1536,1
1780,365640,110800,1536,1
1781,376398,114066,1536,1
1782,379966,115153,1536,1
1783,388974,117870,1536,1
1784,586276,178088,1536,1
1785,332926,100904,1536,1
1786,363336,110087,1536,1
1787,366046,110934,1536,1
1788,412226,124936,1536,1
1789,949436,287898,1536,1
1790,374676,113621,1536,1
1791,647516,196583,1536,1
1792,242966,73618,1536,1
1793,241472,73184,1536,1
1794,388062,117600,1536,1
1795,427950,129704,1536,1
1796,397736,120530,1536,1
1797,378018,114683,1536,1
1798,402282,121898,1536,1
1799,403406,122239,1536,1
1800,404196,122486,1536,1
1801,366092,110954,1536,1
1802,405978,123014,1536,1
1803,386710,117166,1536,1
1804,341694,103564,1536,1
1805,326284,98880,1536,1
1806,420122,127405,1536,1
1807,805932,244182,1536,1
1808,1484224,449942,1536,1
1809,442762,134381,1536,1
1810,413618,125320,1536,1
1811,11602179,3514921,1536,1
1812,386506,117123,1536,1
1813,401200,121578,1536,1
1814,490618,148911,1536,1
1815,326420,98917,1536,1
1816,314828,95413,1536,1
1817,304764,92357,1536,1
1818,294268,89178,1536,1
1819,291562,88355,1536,1
1820,267450,81055,1536,1
1821,302296,91615,1536,1
1822,319040,96689,1536,1
1823,335766,101756,1536,1
1824,360922,109367,1536,1
1825,278538,84416,1536,1
1826,276932,83944,1536,1
1827,281126,85196,1536,1
1828,283814,86009,1536,1
1829,287074,87019,1536,1
1830,275186,83400,1536,1
1831,257218,77951,1536,1
1832,11840613,3588333,1536,1
1833,323736,98101,1536,1
1834,288244,87334,1536,1
1835,417228,126468,1536,1
1836,420334,127780,1536,1
1837,361944,109682,1536,1
1838,335774,101753,1536,1
1839,346028,104865,1536,1
1840,439862,133250,1536,1
1841,352436,106795,1536,1
1842,360838,109354,1536,1
1843,364630,110642,1536,1
1844,343186,103996,1536,1
1845,364812,110595,1536,1
1846,343172,103999,1536,1
1847,327504,99263,1536,1
1848,350754,106302,1536,1
1849,333818,101167,1536,1
1850,499298,151287,1536,1
1851,363244,110058,1536,1
1852,380838,115417,1536,1
1853,345450,104681,1536,1
1854,342008,103678,1536,1
1855,241038,73045,1536,1
1856,308394,93451,1536,1
1857,375726,113865,1536,1
1858,242204,73403,1536,1
1859,453556,137457,1536,1
1860,447468,135592,1536,1
1861,431552,130750,1536,1
1862,316226,95807,1536,1
1863,319006,96680,1536,1
1864,1153341,349808,1536,1
1865,440738,133810,1536,1
1866,322528,97748,1536,1
1867,347644,105615,1536,1
1868,2763792,837734,1536,1
1869,601953,182805,1536,1
1870,417040,126382,1536,1
1871,368418,111646,1536,1
1872,386618,117250,1536,1
1873,360896,109362,1536,1
1874,382524,115942,1536,1
1875,375436,113772,1536,1
1876,354160,107333,1536,1
1877,364324,110411,1536,1
1878,376118,113991,1536,1
1879,374230,113389,1536,1
1880,397120,120337,1536,1
1881,396174,120063,1536,1
1882,345552,104737,1536,1
1883,315468,95610,1536,1
1884,292956,88785,1536,1
1885,299172,90665,1536,1
1886,296474,89855,1536,1
1887,370018,112130,1536,1
1888,302488,91670,1536,1
1889,310630,94209,1536,1
1890,303682,91997,1536,1
1891,304806,92385,1536,1
1892,360654,109296,1536,1
1893,293222,88873,1536,1
1894,249674,75679,1536,1
1895,224292,67979,1536,1
1896,292892,88773,1536,1
1897,421956,127862,1536,1
1898,382664,115978,1536,1
1899,382294,115834,1536,1
1900,252554,76538,1536,1
1901,250804,76008,1536,1
1902,233414,70744,1536,1
1903,229572,69550,1536,1
1904,229694,69587,1536,1
1905,229136,69445,1536,1
1906,229810,69621,1536,1
1907,230362,69818,1536,1
1908,229800,69646,1536,1
1909,229244,69469,1536,1
1910,229108,69409,1536,1
1911,229308,69471,1536,1
1912,230270,69787,1536,1
1913,228938,69372,1536,1
1914,412732,125057,1536,1
1915,389344,117985,1536,1
1916,378668,114746,1536,1
1917,377760,114468,1536,1
1918,376480,114076,1536,1
1919,382704,115967,1536,1
1920,376438,114073,1536,1
1921,367226,111389,1536,1
1922,238118,72166,1536,1
1923,235490,71395,1536,1
1924,224950,68174,1536,1
1925,262726,79599,1536,1
1926,273804,82993,1536,1
1927,361342,109514,1536,1
1928,337972,102431,1536,1
1929,224984,68190,1536,1
1930,223170,67629,1536,1
1931,277770,84189,1536,1
1932,224034,67885,1536,1
1933,290768,88108,1536,1
1934,590780,178980,1536,1
1935,429332,130127,1536,1
1936,239046,72443,1536,1
1937,314704,95344,1536,1
1938,514778,156007,1536,1
1939,306534,92902,1536,1
1940,314686,95387,1536,1
1941,367988,111513,1536,1
1942,316938,96057,1536,1
1943,389182,117942,1536,1
1944,336992,102313,1536,1
1945,223816,67818,1536,1
1946,417456,126493,1536,1
1947,393010,119386,1536,1
1948,302238,91570,1536,1
1949,316684,95973,1536,1
1950,341884,103790,1536,1
1951,267602,81110,1536,1
1952,235906,71510,1536,1
1953,225420,68323,1536,1
1954,223698,67771,1536,1
1955,431750,130832,1536,1
1956,1322764,400849,1536,1
1957,401988,121840,1536,1
1958,367934,111501,1536,1
1959,367128,111225,1536,1
1960,364996,110610,1536,1
1961,462140,140577,1536,1
1962,396288,120084,1536,1
1963,439972,133329,1536,1
1964,374952,113621,1536,1
1965,302830,91796,1536,1
1966,317010,96082,1536,1
1967,349168,105807,1536,1
1968,350800,106313,1536,1
1969,535414,162242,1536,1
1970,363080,110091,1536,1
1971,371884,112715,1536,1
1972,433926,132004,1536,1
1973,399152,121088,1536,1
1974,386054,116995,1536,1
1975,460186,139460,1536,1
1976,466700,141421,1536,1
1977,449876,136327,1536,1
1978,368312,111594,1536,1
1979,353412,107097,1536,1
1980,427104,129442,1536,1
1981,381342,115546,1536,1
1982,378220,114607,1536,1
1983,374292,113414,1536,1
1984,386790,117179,1536,1
1985,383612,116228,1536,1
1986,393798,119414,1536,1
1987,392416,118897,1536,1
1988,380604,115397,1536,1
1989,382836,116005,1536,1
1990,380956,115439,1536,1
1991,492152,149131,1536,1
1992,360170,109213,1536,1
1993,430730,130510,1536,1
1994,472530,143200,1536,1
1995,395680,119908,1536,1
1996,375438,113776,1536,1
1997,418838,126932,1536,1
1998,403336,122230,1536,1
1999,353086,107006,1536,1
2000,332888,100884,1536,1
2001,328648,99591,1536,1
2002,655504,198595,1536,1
2003,365782,110837,1536,1
2004,379490,114998,1536,1
2005,369562,111997,1536,1
2006,541512,164096,1536,1
2007,346948,105140,1536,1
2008,351954,106654,1536,1
2009,357940,108481,1536,1
2010,348730,105688,1536,1
2011,345204,104607,1536,1
2012,431302,130690,1536,1
2013,362162,109752,1536,1
2014,377746,114486,1536,1
2015,439738,133242,1536,1
2016,344496,104392,1536,1
2017,1224562,371540,1536,1
2018,608723,184817,1536,1
2019,378770,114792,1536,1
2020,364368,110421,1536,1
2021,347968,105450,1536,1
2022,408140,123690,1536,1
2023,359352,108999,1536,1
2024,799651,245383,1536,1
2025,588574,178309,1536,1
2026,370772,112354,1536,1
2027,383754,116296,1536,1
2028,386766,117193,1536,1
2029,473530,143482,1536,1
2030,384482,116516,1536,1
2031,409484,124083,1536,1
2032,395712,119914,1536,1
2033,399226,120968,1536,1
2034,344638,104452,1536,1
2035,358784,108707,1536,1
2036,323598,98070,1536,1
2037,360708,109300,1536,1
2038,347790,105379,1536,1
2039,362786,109933,1536,1
2040,347806,105401,1536,1
2041,300770,91146,1536,1
2042,350364,106175,1536,1
2043,338602,102610,1536,1
2044,1231042,373076,1536,1
2045,340054,103099,1536,1
2046,2416895,732257,1536,1
2047,381242,115531,1536,1
2048,297114,90038,1536,1
2049,282656,85669,1536,1
2050,226808,68736,1536,1
2051,252092,76407,1536,1
2052,226746,68721,1536,1
2053,223524,67739,1536,1
2054,241510,73189,1536,1
2055,227412,68919,1536,1
2056,244054,73973,1536,1
2057,382890,116032,1536,1
2058,370396,112235,1536,1
2059,383694,116264,1536,1
2060,370912,112394,1536,1
2061,367438,111332,1536,1
2062,300778,91168,1536,1
2063,306700,92942,1536,1
2064,343578,104114,1536,1
2065,259766,78735,1536,1
2066,234084,71018,1536,1
2067,232358,70421,1536,1
2068,233800,70859,1536,1
2069,231884,70278,1536,1
2070,233592,70794,1536,1
2071,233018,70616,1536,1
2072,229158,69453,1536,1
2073,231608,70194,1536,1
2074,233974,70912,1536,1
2075,215250,65227,1536,1
2076,215778,65402,1536,1
2077,388094,117607,1536,1
2078,270956,82124,1536,1
2079,233436,70746,1536,1
2080,233110,70651,1536,1
2081,303838,92081,1536,1
2082,235684,71431,1536,1
2083,232000,70316,1536,1
2084,253194,76707,1536,1
2085,233964,70906,1536,1
2086,421868,127825,1536,1
2087,233104,70649,1536,1
2088,244780,74198,1536,1
2089,614998,186970,1536,1
2090,409010,123937,1536,1
2091,404478,122558,1536,1
2092,395312,119752,1536,1
2093,388124,117608,1536,1
2094,341786,103726,1536,1
2095,324142,98231,1536,1
2096,738254,223922,1536,1
2097,350128,106092,1536,1
2098,389450,118012,1536,1
2099,344616,104430,1536,1
2100,346064,104865,1536,1
2101,343814,104184,1536,1
2102,344460,104387,1536,1
2103,228624,69288,1536,1
2104,223982,67886,1536,1
2105,227738,69020,1536,1
2106,305558,92584,1536,1
2107,326640,98983,1536,1
2108,330294,100086,1536,1
2109,355990,107866,1536,1
2110,382836,116009,1536,1
2111,536508,162549,1536,1
2112,327686,99294,1536,1
2113,313682,95059,1536,1
2114,255526,77445,1536,1
2115,254054,77009,1536,1
2116,296756,90210,1536,1
2117,371274,112527,1536,1
2118,485221,147607,1536,1
2119,345216,104607,1536,1
2120,507594,153789,1536,1
2121,405132,122761,1536,1
2122,324754,98421,1536,1
2123,332638,100809,1536,1
2124,426386,129198,1536,1
2125,366660,111169,1536,1
2126,234026,70923,1536,1
2127,232426,70443,1536,1
2128,401418,122447,1536,1
2129,339820,102980,1536,1
2130,417138,126406,1536,1
2131,393900,119358,1536,1
2132,374204,113390,1536,1
2133,455632,138054,1536,1
2134,312506,94706,1536,1
2135,274616,83216,1536,1
2136,215672,65356,1536,1
2137,342572,103819,1536,1
2138,252706,76585,1536,1
2139,232768,70544,1536,1
2140,243656,73840,1536,1
2141,238324,72230,1536,1
2142,237930,72110,1536,1
2143,291066,88216,1536,1
2144,239514,72588,1536,1
2145,241392,73161,1536,1
2146,283108,85802,1536,1
2147,232300,70405,1536,1
2148,289574,87771,1536,1
2149,255806,77534,1536,1
2150,238762,72360,1536,1
2151,233948,70901,1536,1
2152,232882,70572,1536,1
2153,360070,109266,1536,1
2154,354584,107479,1536,1
2155,272652,82632,1536,1
2156,222464,67424,1536,1
2157,218982,66371,1536,1
2158,218064,66089,1536,1
2159,216808,65709,1536,1
2160,217048,65787,1536,1
2161,216304,65557,1536,1
2162,215986,65462,1536,1
2163,217342,65860,1536,1
2164,218154,66119,1536,1
2165,257982,78154,1536,1
2166,217958,66057,1536,1
2167,242678,73559,1536,1
2168,215466,65277,1536,1
2169,215320,65260,1536,1
2170,267906,81205,1536,1
2171,272400,82544,1536,1
2172,233844,70866,1536,1
2173,233916,70875,1536,1
2174,411878,124854,1536,1
2175,347530,105367,1536,1
2176,235842,71476,1536,1
2177,240340,72912,1536,1
2178,302892,91800,1536,1
2179,346624,105043,1536,1
2180,354118,107276,1536,1
2181,357856,108418,1536,1
2182,362358,109795,1536,1
2183,352822,106916,1536,1
2184,336948,102113,1536,1
2185,251990,76378,1536,1
2186,352348,106759,1536,1
2187,354238,107354,1536,1
2188,410632,124415,1536,1
2189,215394,65264,1536,1
2190,216254,65515,1536,1
2191,215182,65191,1536,1
2192,215298,65257,1536,1
2193,215880,65431,1536,1
2194,249366,75613,1536,1
2195,217860,66024,1536,1
2196,222246,67365,1536,1
2197,234016,70921,1536,1
2198,219258,66451,1536,1
2199,217586,65945,1536,1
2200,216344,65544,1536,1
2201,214710,65048,1536,1
2202,280880,85104,1536,1
2203,325642,98698,1536,1
2204,219960,66664,1536,1
2205,366388,111029,1536,1
2206,360014,109111,1536,1
2207,286186,86771,1536,1
2208,274650,83249,1536,1
2209,225564,68362,1536,1
2210,406772,123267,1536,1
2211,397730,120519,1536,1
2212,401828,121762,1536,1
2213,401924,121796,1536,1
2214,402928,122097,1536,1
2215,395628,119907,1536,1
2216,344632,104468,1536,1
2217,381014,115467,1536,1
2218,374226,113447,1536,1
2219,448930,136033,1536,1
2220,380958,115438,1536,1
2221,350138,106116,1536,1
2222,345712,104769,1536,1
2223,340844,103287,1536,1
2224,378800,114790,1536,1
2225,381748,115690,1536,1
2226,386398,117100,1536,1
2227,379878,115109,1536,1
2228,363900,110294,1536,1
2229,383454,116215,1536,1
2230,397136,120428,1536,1
2231,373684,113241,1536,1
2232,340534,103205,1536,1
2233,323658,98085,1536,1
2234,397698,120568,1536,1
2235,378710,114756,1536,1
2236,432812,131162,1536,1
2237,317078,96172,1536,1
2238,400644,121410,1536,1
2239,376060,113931,1536,1
2240,392776,119027,1536,1
2241,387700,117493,1536,1
2242,373014,113039,1536,1
2243,385314,116751,1536,1
2244,387338,117380,1536,1
2245,362656,109899,1536,1
2246,463364,140861,1536,1
2247,385610,116842,1536,1
2248,370254,112209,1536,1
2249,462174,140048,1536,1
2250,573956,174121,1536,1
2251,642108,194765,1536,1
2252,636954,193092,1536,1
2253,443986,135236,1536,1
2254,242282,73434,1536,1
2255,363106,110047,1536,1
2256,355398,107711,1536,1
2257,436786,132351,1536,1
2258,385680,116892,1536,1
2259,376828,114195,1536,1
2260,371506,112584,1536,1
2261,430062,130321,1536,1
2262,432332,131014,1536,1
2263,446250,135191,1536,1
2264,391422,118675,1536,1
2265,379024,114866,1536,1
2266,452564,137149,1536,1
2267,407364,123430,1536,1
2268,388890,117848,1536,1
2269,391210,118561,1536,1
2270,308572,93521,1536,1
2271,259270,78542,1536,1
2272,254540,77142,1536,1
2273,255516,77438,1536,1
2274,375110,113667,1536,1
2275,421298,127664,1536,1
2276,524696,158994,1536,1
2277,381094,115491,1536,1
2278,287284,87058,1536,1
2279,260512,78931,1536,1
2280,331462,100459,1536,1
2281,253676,76881,1536,1
2282,293010,88814,1536,1
2283,255744,77505,1536,1
2284,247914,75132,1536,1
2285,246220,74618,1536,1
2286,513790,155685,1536,1
2287,521644,158033,1536,1
2288,332084,100647,1536,1
2289,328994,99706,1536,1
2290,430660,130498,1536,1
2291,365936,110902,1536,1
2292,523105,159205,1536,1
2293,380532,115321,1536,1
2294,395598,119900,1536,1
2295,227070,68823,1536,1
2296,225618,68383,1536,1
2297,381792,115689,1536,1
2298,292936,88752,1536,1
2299,336608,102010,1536,1
2300,325686,98704,1536,1
2301,324172,98238,1536,1
2302,328616,99602,1536,1
2303,331034,100441,1536,1
2304,311098,94290,1536,1
2305,376098,114094,1536,1
2306,241772,73266,1536,1
2307,361404,109830,1536,1
2308,432988,131200,1536,1
2309,430266,130378,1536,1
2310,420954,127558,1536,1
2311,279250,84602,1536,1
2312,239468,72574,1536,1
2313,237810,72090,1536,1
2314,227428,68929,1536,1
2315,226332,68619,1536,1
2316,324124,98217,1536,1
2317,220886,66947,1536,1
2318,215692,65377,1536,1
2319,217704,65972,1536,1
2320,216032,65481,1536,1
2321,216374,65580,1536,1
2322,217704,65982,1536,1
2323,216876,65705,1536,1
2324,216184,65523,1536,1
2325,304642,92325,1536,1
2326,337832,102387,1536,1
2327,510756,155260,1536,1
2328,367102,111267,1536,1
2329,349410,105890,1536,1
2330,233688,70825,1536,1
2331,304528,92291,1536,1
2332,231930,70292,1536,1
2333,223344,67692,1536,1
2334,229202,69467,1536,1
2335,249752,75703,1536,1
2336,218518,66227,1536,1
2337,210816,63891,1536,1
2338,212048,64270,1536,1
2339,210852,63908,1536,1
2340,209104,63379,1536,1
2341,213516,64713,1536,1
2342,206760,62652,1536,1
2343,209928,63625,1536,1
2344,210414,63743,1536,1
2345,212006,64256,1536,1
2346,209126,63383,1536,1
2347,242706,73580,1536,1
2348,325460,98724,1536,1
2349,317936,96365,1536,1
2350,212438,64389,1536,1
2351,240316,72842,1536,1
2352,348944,105745,1536,1
2353,214304,64955,1536,1
2354,316554,95952,1536,1
2355,312896,94797,1536,1
2356,296548,89878,1536,1
2357,344674,104431,1536,1
2358,341114,103373,1536,1
2359,376414,114062,1536,1
2360,329386,99819,1536,1
2361,229310,69499,1536,1
2362,262546,79584,1536,1
2363,327660,99295,1536,1
2364,291680,88395,1536,1
2365,314256,95233,1536,1
2366,336338,101941,1536,1
2367,340462,103189,1536,1
2368,324896,98529,1536,1
2369,305698,92692,1536,1
2370,227480,68940,1536,1
2371,222930,67561,1536,1
2372,268530,81389,1536,1
2373,225734,68411,1536,1
2374,284428,86204,1536,1
2375,329936,99985,1536,1
2376,229170,69456,1536,1
2377,229110,69438,1536,1
2378,229068,69423,1536,1
2379,226280,68577,1536,1
2380,226502,68645,1536,1
2381,227162,68848,1536,1
2382,254154,77035,1536,1
2383,225426,68322,1536,1
2384,226772,68727,1536,1
2385,224168,67938,1536,1
2386,220624,66861,1536,1
2387,226752,68721,1536,1
2388,230198,69767,1536,1
2389,230812,69959,1536,1
2390,368910,111800,1536,1
2391,343834,104197,1536,1
2392,344726,104567,1536,1
2393,351808,106591,1536,1
2394,358438,108615,1536,1
2395,256082,77638,1536,1
2396,642396,194906,1536,1
2397,226020,68486,1536,1
2398,226372,68607,1536,1
2399,365150,110659,1536,1
2400,424372,128568,1536,1
2401,331030,100436,1536,1
2402,225526,68356,1536,1
2403,226542,68632,1536,1
2404,233880,70895,1536,1
2405,326890,99064,1536,1
2406,338136,103034,1536,1
2407,310824,94200,1536,1
2408,334716,101410,1536,1
2409,360610,109284,1536,1
2410,350270,106147,1536,1
2411,361238,109439,1536,1
2412,375808,113890,1536,1
2413,378338,114646,1536,1
2414,271476,82329,1536,1
2415,362890,110069,1536,1
2416,370026,112158,1536,1
2417,381016,115466,1536,1
2418,384510,116481,1536,1
2419,426026,129096,1536,1
2420,447824,135693,1536,1
2421,380328,115217,1536,1
2422,249746,75686,1536,1
2423,338542,102612,1536,1
2424,290560,88076,1536,1
2425,390436,118309,1536,1
2426,413222,125212,1536,1
2427,371860,112690,1536,1
2428,258428,78320,1536,1
2429,467828,141754,1536,1
2430,319186,96760,1536,1
2431,375416,113767,1536,1
2432,1608843,487598,1536,1
2433,640313,194694,1536,1
2434,501868,152333,1536,1
2435,385704,116887,1536,1
2436,264222,80098,1536,1
2437,260806,79017,1536,1
2438,526969,160332,1536,1
2439,279070,84588,1536,1
2440,353084,107063,1536,1
2441,306036,92758,1536,1
2442,321038,97297,1536,1
2443,462420,140117,1536,1
2444,439028,133026,1536,1
2445,476568,144376,1536,1
2446,470686,142619,1536,1
2447,381446,115654,1536,1
2448,257158,77933,1536,1
2449,249444,75600,1536,1
2450,297940,90419,1536,1
2451,379876,115117,1536,1
2452,306664,92927,1536,1
2453,351624,106554,1536,1
2454,456868,138463,1536,1
2455,368144,111574,1536,1
2456,339844,102995,1536,1
2457,348946,105752,1536,1
2458,885530,268635,1536,1
2459,365886,110877,1536,1
2460,583556,176974,1536,1
2461,1504261,455969,1536,1
2462,393336,119205,1536,1
2463,386122,116982,1536,1
2464,377502,114528,1536,1
2465,374674,113542,1536,1
2466,367244,111289,1536,1
2467,375414,113771,1536,1
2468,382632,116026,1536,1
2469,381474,115582,1536,1
2470,375042,113633,1536,1
2471,361230,109472,1536,1
2472,442650,134435,1536,1
2473,343654,104149,1536,1
2474,413746,125399,1536,1
2475,387576,117445,1536,1
2476,359394,108925,1536,1
2477,350760,106292,1536,1
2478,385382,116923,1536,1
2479,305268,92520,1536,1
2480,307152,93066,1536,1
2481,331910,100591,1536,1
2482,331712,100510,1536,1
2483,345428,104675,1536,1
2484,405298,122847,1536,1
2485,328890,99673,1536,1
2486,406158,123061,1536,1
2487,407716,123549,1536,1
2488,325310,98591,1536,1
2489,426450,129511,1536,1
2490,407788,123571,1536,1
2491,386142,117015,1536,1
2492,386186,117025,1536,1
2493,412382,124997,1536,1
2494,390978,118484,1536,1
2495,380916,115435,1536,1
2496,331678,100523,1536,1
2497,329582,99906,1536,1
2498,416684,126278,1536,1
2499,413756,125378,1536,1
2500,369124,111857,1536,1
2501,1685708,510911,1536,1
2502,388540,117759,1536,1
2503,380294,115248,1536,1
2504,383968,116356,1536,1
2505,395720,119892,1536,1
2506,435762,132047,1536,1
2507,368618,111692,1536,1
2508,449152,136118,1536,1
2509,373784,113273,1536,1
2510,497298,150779,1536,1
2511,407016,123343,1536,1
2512,406612,123215,1536,1
2513,422382,128031,1536,1
2514,292998,88817,1536,1
2515,318502,96521,1536,1
2516,355056,107599,1536,1
2517,442980,134238,1536,1
2518,382972,116052,1536,1
2519,383356,116161,1536,1
2520,401486,121982,1536,1
2521,369398,112275,1536,1
2522,391226,118511,1536,1
2523,405452,122870,1536,1
2524,421780,127808,1536,1
2525,641714,194689,1536,1
2526,1209926,367002,1536,1
2527,424002,128476,1536,1
2528,258208,78252,1536,1
2529,233484,70765,1536,1
2530,230810,69953,1536,1
2531,229642,69603,1536,1
2532,260622,78989,1536,1
2533,429038,130183,1536,1
2534,296298,89804,1536,1
2535,316286,95843,1536,1
2536,1193871,362832,1536,1
2537,412380,124980,1536,1
2538,956118,289991,1536,1
2539,382110,115770,1536,1
2540,390618,118366,1536,1
2541,435546,132002,1536,1
2542,378756,114782,1536,1
2543,430570,130471,1536,1
2544,379236,114901,1536,1
2545,398304,120697,1536,1
2546,401688,121716,1536,1
2547,261498,79249,1536,1
2548,249242,75534,1536,1
2549,306608,92924,1536,1
2550,351208,106438,1536,1
2551,325210,98673,1536,1
2552,250084,75792,1536,1
2553,290894,88193,1536,1
2554,399770,121148,1536,1
2555,397238,120360,1536,1
2556,369186,111872,1536,1
2557,377932,114520,1536,1
2558,355940,107872,1536,1
2559,433072,131247,1536,1
2560,248858,75422,1536,1
2561,245954,74541,1536,1
2562,248174,75217,1536,1
2563,317942,96397,1536,1
2564,388258,117657,1536,1
2565,388090,117559,1536,1
2566,284886,86347,1536,1
2567,435018,131815,1536,1
2568,334916,101592,1536,1
2569,282962,85761,1536,1
2570,240746,72965,1536,1
2571,355436,107712,1536,1
2572,527496,159818,1536,1
2573,607601,184686,1536,1
2574,342824,103878,1536,1
2575,341202,103405,1536,1
2576,365208,110678,1536,1
2577,374600,113584,1536,1
2578,362332,109800,1536,1
2579,242076,73365,1536,1
2580,237270,71906,1536,1
2581,358740,108711,1536,1
2582,348780,105690,1536,1
2583,365334,110714,1536,1
2584,354284,107356,1536,1
2585,412006,125365,1536,1
2586,382962,116040,1536,1
2587,356964,108154,1536,1
2588,361470,109540,1536,1
2589,414098,125473,1536,1
2590,425658,128973,1536,1
2591,510961,155179,1536,1
2592,479046,145409,1536,1
2593,771209,233941,1536,1
2594,448399,136154,1536,1
2595,358762,108726,1536,1
2596,236746,71749,1536,1
2597,220768,66912,1536,1
2598,432168,130965,1536,1
2599,423240,128250,1536,1
2600,309240,93724,1536,1
2601,554926,168307,1536,1
2602,422146,127905,1536,1
2603,504004,152799,1536,1
2604,234494,71067,1536,1
2605,348764,105691,1536,1
2606,307338,93156,1536,1
2607,291586,88335,1536,1
2608,329584,99930,1536,1
2609,337546,102298,1536,1
2610,314538,95327,1536,1
2611,429444,130125,1536,1
2612,349174,105814,1536,1
2613,332498,100772,1536,1
2614,354420,107406,1536,1
2615,237546,71997,1536,1
2616,337428,102258,1536,1
2617,379614,115040,1536,1
2618,389506,118009,1536,1
2619,325372,99146,1536,1
2620,372542,112899,1536,1
2621,497928,150887,1536,1
2622,235374,71336,1536,1
2623,354720,107493,1536,1
2624,336318,101913,1536,1
2625,336596,102000,1536,1
2626,352224,106722,1536,1
2627,241910,73317,1536,1
2628,238446,72264,1536,1
2629,239260,72513,1536,1
2630,238360,72242,1536,1
2631,512117,155542,1536,1
2632,461784,139918,1536,1
2633,487410,147693,1536,1
2634,708867,216642,1536,1
2635,307620,93229,1536,1
2636,273158,82792,1536,1
2637,296286,89787,1536,1
2638,241204,73085,1536,1
2639,351580,106550,1536,1
2640,384764,116580,1536,1
2641,320734,97194,1536,1
2642,322580,97749,1536,1
2643,372148,112766,1536,1
2644,375500,113771,1536,1
2645,429052,130398,1536,1
2646,338626,102705,1536,1
2647,381402,115573,1536,1
2648,351774,106565,1536,1
2649,359164,108845,1536,1
2650,416848,126737,1536,1
2651,365980,110898,1536,1
2652,443888,134734,1536,1
2653,392638,119018,1536,1
2654,246014,74560,1536,1
2655,296738,89934,1536,1
2656,239706,72631,1536,1
2657,244388,74070,1536,1
2658,240296,72820,1536,1
2659,239724,72649,1536,1
2660,463621,141302,1536,1
2661,383574,116683,1536,1
2662,375944,113918,1536,1
2663,249804,75722,1536,1
2664,240136,72780,1536,1
2665,264986,80318,1536,1
2666,241678,73244,1536,1
2667,363652,110210,1536,1
2668,236886,71786,1536,1
2669,231448,70148,1536,1
2670,231466,70152,1536,1
2671,276182,83706,1536,1
2672,235760,71456,1536,1
2673,363780,110250,1536,1
2674,405408,122850,1536,1
2675,405056,122743,1536,1
2676,400578,121380,1536,1
2677,279652,84761,1536,1
2678,413296,125248,1536,1
2679,364698,110510,1536,1
2680,341820,103657,1536,1
2681,349258,105835,1536,1
2682,514218,155784,1536,1
2683,348556,105630,1536,1
2684,358526,108797,1536,1
2685,521258,158634,1536,1
2686,366344,111026,1536,1
2687,351282,106674,1536,1
2688,366632,111107,1536,1
2689,363134,110052,1536,1
2690,349146,105812,1536,1
2691,451394,136763,1536,1
2692,356706,108101,1536,1
2693,411646,124738,1536,1
2694,362270,109784,1536,1
2695,323304,97992,1536,1
2696,364232,110375,1536,1
2697,298086,90337,1536,1
2698,414344,125558,1536,1
2699,329492,99860,1536,1
2700,362848,110186,1536,1
2701,296636,89904,1536,1
2702,322334,97718,1536,1
2703,331296,100400,1536,1
2704,398754,120835,1536,1
2705,356400,108007,1536,1
2706,423192,128259,1536,1
2707,370694,112346,1536,1
2708,339812,102979,1536,1
2709,381604,115645,1536,1
2710,429538,130743,1536,1
2711,397450,120520,1536,1
2712,479174,145190,1536,1
2713,415420,125922,1536,1
2714,498104,150941,1536,1
2715,396910,120288,1536,1
2716,384288,116449,1536,1
2717,376854,114237,1536,1
2718,392472,118931,1536,1
2719,404992,122721,1536,1
2720,406214,123183,1536,1
2721,394744,119624,1536,1
2722,397752,120536,1536,1
2723,386848,117238,1536,1
2724,336754,102059,1536,1
2725,447872,135806,1536,1
2726,372692,112939,1536,1
2727,452868,137503,1536,1
2728,428924,129975,1536,1
2729,403730,122342,1536,1
2730,387552,117430,1536,1
2731,371652,112583,1536,1
2732,247396,74992,1536,1
2733,376064,113950,1536,1
2734,388770,117807,1536,1
2735,373332,113153,1536,1
2736,364068,110307,1536,1
2737,441228,134117,1536,1
2738,295086,89433,1536,1
2739,350930,106350,1536,1
2740,362132,109718,1536,1
2741,455004,138516,1536,1
2742,347930,105643,1536,1
2743,360684,109306,1536,1
2744,410108,124279,1536,1
2745,409100,123968,1536,1
2746,334460,101366,1536,1
2747,397352,120412,1536,1
2748,351548,106538,1536,1
2749,371538,112591,1536,1
2750,498092,150936,1536,1
2751,389522,118050,1536,1
2752,476160,144305,1536,1
2753,301588,91400,1536,1
2754,334250,101289,1536,1
2755,351826,106617,1536,1
2756,373146,113083,1536,1
2757,439898,133453,1536,1
2758,395684,119896,1536,1
2759,420468,127517,1536,1
2760,349166,105816,1536,1
2761,470546,142571,1536,1
2762,516294,156441,1536,1
2763,370448,112276,1536,1
2764,390462,118336,1536,1
2765,365230,110683,1536,1
2766,491948,149152,1536,1
2767,2734080,828417,1536,1
2768,3102234,939856,1536,1
2769,397106,120343,1536,1
2770,366210,110969,1536,1
2771,339364,102848,1536,1
2772,352120,106714,1536,1
2773,355948,107888,1536,1
2774,350280,106157,1536,1
2775,365296,110719,1536,1
2776,394566,119571,1536,1
2777,394206,119446,1536,1
2778,476490,144383,1536,1
2779,377728,114468,1536,1
2780,385902,116936,1536,1
2781,371082,112462,1536,1
2782,814316,246941,1536,1
2783,404592,122610,1536,1
2784,403320,122217,1536,1
2785,352358,106795,1536,1
2786,407590,123508,1536,1
2787,380522,115317,1536,1
2788,399128,120947,1536,1
2789,534850,162062,1536,1
2790,391202,118569,1536,1
2791,394598,119583,1536,1
2792,379308,114942,1536,1
2793,393994,119386,1536,1
2794,372556,112901,1536,1
2795,373702,113249,1536,1
2796,228328,69197,1536,1
2797,360798,109346,1536,1
2798,414802,125708,1536,1
2799,352056,106671,1536,1
2800,371422,112541,1536,1
2801,370180,112177,1536,1
2802,364826,110641,1536,1
2803,295218,89476,1536,1
2804,351636,106560,1536,1
2805,356352,107985,1536,1
2806,362976,109991,1536,1
2807,584612,177125,1536,1
2808,367458,111387,1536,1
2809,349406,105894,1536,1
2810,240950,73028,1536,1
2811,394442,119595,1536,1
2812,357024,108184,1536,1
2813,606260,183777,1536,1
2814,513870,155839,1536,1
2815,244656,74149,1536,1
2816,378054,114556,1536,1
2817,373006,113017,1536,1
2818,378394,114665,1536,1
2819,562668,170689,1536,1
2820,518278,157260,1536,1
2821,371746,112702,1536,1
2822,451328,136763,1536,1
2823,349870,106018,1536,1
2824,351374,106491,1536,1
2825,352882,106958,1536,1
2826,331942,100582,1536,1
2827,336930,102093,1536,1
2828,355478,107733,1536,1
2829,355496,107751,1536,1
2830,378900,114816,1536,1
2831,394304,119505,1536,1
2832,342196,103714,1536,1
2833,362672,109915,1536,1
2834,355998,107895,1536,1
2835,240368,72849,1536,1
2836,239512,72592,1536,1
2837,360046,109115,1536,1
2838,439490,133145,1536,1
2839,364048,110327,1536,1
2840,345454,104690,1536,1
2841,546718,165967,1536,1
2842,393690,119291,1536,1
2843,429210,130051,1536,1
2844,445824,135102,1536,1
2845,445762,135074,1536,1
2846,247512,75015,1536,1
2847,488334,148485,1536,1
2848,282180,85530,1536,1
2849,499392,151323,1536,1
2850,247702,75070,1536,1
2851,444006,134595,1536,1
2852,375350,113707,1536,1
2853,367184,111272,1536,1
2854,364072,110329,1536,1
2855,531414,161394,1536,1
2856,377528,114405,1536,1
2857,432086,130929,1536,1
2858,361696,109603,1536,1
2859,510644,154724,1536,1
2860,252166,76426,1536,1
2861,406040,123034,1536,1
2862,341040,103409,1536,1
2863,383000,116079,1536,1
2864,353610,107169,1536,1
2865,363440,110148,1536,1
2866,292572,88676,1536,1
2867,403524,122253,1536,1
2868,400486,121342,1536,1
2869,252000,76453,1536,1
2870,249354,75541,1536,1
2871,409200,124023,1536,1
2872,431504,130758,1536,1
2873,953345,289197,1536,1
2874,274920,83339,1536,1
2875,397794,120646,1536,1
2876,409886,124171,1536,1
2877,338844,102671,1536,1
2878,231838,70249,1536,1
2879,337436,102265,1536,1
2880,398064,120616,1536,1
2881,375694,113852,1536,1
2882,1201684,364022,1536,1
2883,396050,120025,1536,1
2884,261916,79379,1536,1
2885,439795,133459,1536,1
2886,378824,114810,1536,1
2887,321278,97357,1536,1
2888,332018,100623,1536,1
2889,343928,104228,1536,1
2890,343970,104236,1536,1
2891,413804,125420,1536,1
2892,369448,111964,1536,1
2893,371092,112454,1536,1
2894,366500,111063,1536,1
2895,367192,111275,1536,1
2896,378838,114790,1536,1
2897,355294,107655,1536,1
2898,367500,111353,1536,1
2899,375228,113714,1536,1
2900,372816,112944,1536,1
2901,411732,124770,1536,1
2902,398450,120749,1536,1
2903,389534,118056,1536,1
2904,360714,109331,1536,1
2905,372366,112844,1536,1
2906,377996,114555,1536,1
2907,451294,136741,1536,1
2908,385122,116700,1536,1
2909,382516,115926,1536,1
2910,414512,125641,1536,1
2911,364354,110416,1536,1
2912,334044,101224,1536,1
2913,324894,98456,1536,1
2914,517860,156904,1536,1
2915,417356,126480,1536,1
2916,365896,110874,1536,1
2917,365182,110652,1536,1
2918,358286,108571,1536,1
2919,357422,108318,1536,1
2920,410072,124260,1536,1
2921,325710,98709,1536,1
2922,382924,116041,1536,1
2923,374522,113498,1536,1
2924,463496,140474,1536,1
2925,342646,103821,1536,1
2926,379222,114917,1536,1
2927,336228,101896,1536,1
2928,363344,110114,1536,1
2929,471228,143452,1536,1
2930,420330,127413,1536,1
2931,347478,105308,1536,1
2932,408664,123844,1536,1
2933,452292,137056,1536,1
2934,368848,111783,1536,1
2935,377980,114535,1536,1
2936,369728,112043,1536,1
2937,428392,130263,1536,1
2938,567234,171874,1536,1
2939,367292,111290,1536,1
2940,456398,138285,1536,1
2941,252160,76421,1536,1
2942,249200,75522,1536,1
2943,349364,105867,1536,1
2944,359036,108803,1536,1
2945,370608,112308,1536,1
2946,754132,229185,1536,1
2947,349650,105972,1536,1
2948,252078,76392,1536,1
2949,385254,116739,1536,1
2950,480996,145777,1536,1
2951,397684,120507,1536,1
2952,432912,131179,1536,1
2953,416946,126474,1536,1
2954,377760,114484,1536,1
2955,379030,115110,1536,1
2956,392214,118853,1536,1
2957,487110,147976,1536,1
2958,370714,112340,1536,1
2959,373058,113050,1536,1
2960,324492,98354,1536,1
2961,247304,74947,1536,1
2962,247786,75096,1536,1
2963,246932,74841,1536,1
2964,246060,74567,1536,1
2965,248666,75360,1536,1
2966,330516,100150,1536,1
2967,246076,74577,1536,1
2968,245636,74445,1536,1
2969,245598,74432,1536,1
2970,343548,104188,1536,1
2971,343168,104006,1536,1
2972,325636,98893,1536,1
2973,317650,97536,1536,1
2974,392862,119055,1536,1
2975,401044,121527,1536,1
2976,399652,121106,1536,1
2977,351498,106667,1536,1
2978,456042,138190,1536,1
2979,369736,112080,1536,1
2980,377362,114348,1536,1
2981,371932,112709,1536,1
2982,920721,279402,1536,1
2983,328304,99498,1536,1
2984,376360,114052,1536,1
2985,380268,115252,1536,1
2986,291996,88507,1536,1
2987,301282,91263,1536,1
2988,253640,76851,1536,1
2989,254250,77194,1536,1
2990,259314,78617,1536,1
2991,234172,70940,1536,1
2992,361420,109528,1536,1
2993,241958,73329,1536,1
2994,344318,104340,1536,1
2995,339534,102893,1536,1
2996,236398,71649,1536,1
2997,241778,73275,1536,1
2998,238922,72412,1536,1
2999,357746,108399,1536,1
3000,350980,106370,1536,1
3001,338174,102485,1536,1
3002,338692,102625,1536,1
3003,361100,109447,1536,1
3004,358636,108678,1536,1
3005,325242,98565,1536,1
3006,318346,96470,1536,1
3007,341488,103951,1536,1
3008,313708,95083,1536,1
3009,335864,101780,1536,1
3010,311012,94265,1536,1
3011,422004,128415,1536,1
3012,347840,105553,1536,1
3013,558558,169646,1536,1
3014,363658,110191,1536,1
3015,339902,102992,1536,1
3016,433418,131327,1536,1
3017,356260,107943,1536,1
3018,353178,107027,1536,1
3019,357626,108361,1536,1
3020,347474,105311,1536,1
3021,309536,93807,1536,1
3022,350932,106352,1536,1
3023,338250,102503,1536,1
3024,358994,108789,1536,1
3025,298014,90583,1536,1
3026,296170,89767,1536,1
3027,327760,99334,1536,1
3028,312134,94568,1536,1
3029,370180,112190,1536,1
3030,351464,106506,1536,1
3031,356876,108116,1536,1
3032,344268,104327,1536,1
3033,356762,108118,1536,1
3034,237434,71956,1536,1
3035,267772,81160,1536,1
3036,232810,70558,1536,1
3037,259712,78719,1536,1
3038,351668,106574,1536,1
3039,342902,103913,1536,1
3040,343388,104139,1536,1
3041,975437,296390,1536,1
3042,539288,163578,1536,1
3043,326054,98814,1536,1
3044,234126,70956,1536,1
3045,232014,70316,1536,1
3046,298848,90575,1536,1
3047,239434,72590,1536,1
3048,366683,111242,1536,1
3049,477485,145044,1536,1
3050,243924,73927,1536,1
3051,397246,120371,1536,1
3052,386888,117239,1536,1
3053,385308,116752,1536,1
3054,241506,73186,1536,1
3055,332612,100858,1536,1
3056,298504,90454,1536,1
3057,230878,69974,1536,1
3058,224794,68130,1536,1
3059,223424,67716,1536,1
3060,223580,67734,1536,1
3061,259410,78638,1536,1
3062,312174,94616,1536,1
3063,408530,123785,1536,1
3064,237166,71949,1536,1
3065,344154,104300,1536,1
3066,333702,101121,1536,1
3067,365216,110679,1536,1
3068,342030,103617,1536,1
3069,379074,114903,1536,1
3070,309048,93658,1536,1
3071,314464,95293,1536,1
3072,341310,103428,1536,1
3073,479958,146042,1536,1
3074,312406,94675,1536,1
3075,318670,96582,1536,1
3076,314436,95283,1536,1
3077,353670,107177,1536,1
3078,318722,96595,1536,1
3079,331982,100580,1536,1
3080,307308,93124,1536,1
3081,347152,105193,1536,1
3082,451310,139646,1536,1
3083,376636,114144,1536,1
3084,397204,120365,1536,1
3085,344836,104507,1536,1
3086,371608,112608,1536,1
3087,442872,134201,1536,1
3088,1346014,408400,1536,1
3089,457864,138735,1536,1
3090,445614,135034,1536,1
3091,445694,135054,1536,1
3092,434339,131926,1536,1
3093,292094,88538,1536,1
3094,337288,102218,1536,1
3095,341360,103448,1536,1
3096,442170,133997,1536,1
3097,381042,115473,1536,1
3098,249538,75625,1536,1
3099,276752,83864,1536,1
3100,246360,74665,1536,1
3101,247342,74966,1536,1
3102,334042,101223,1536,1
3103,312608,94747,1536,1
3104,246610,74740,1536,1
3105,248496,75310,1536,1
3106,246748,74782,1536,1
3107,246792,74798,1536,1
3108,247744,75081,1536,1
3109,276238,83728,1536,1
3110,466496,141424,1536,1
3111,393604,119293,1536,1
3112,392376,118904,1536,1
3113,407930,123754,1536,1
3114,385638,116941,1536,1
3115,381016,115463,1536,1
3116,236886,71791,1536,1
3117,273442,82886,1536,1
3118,275822,83614,1536,1
3119,302234,91613,1536,1
3120,267116,80970,1536,1
3121,231158,70058,1536,1
3122,254342,77076,1536,1
3123,252834,76618,1536,1
3124,511468,155394,1536,1
3125,349842,106018,1536,1
3126,280904,85141,1536,1
3127,247196,74915,1536,1
3128,246474,74697,1536,1
3129,261402,79237,1536,1
3130,463606,140514,1536,1
3131,462384,140126,1536,1
3132,433268,131290,1536,1
3133,454146,137637,1536,1
3134,418710,126906,1536,1
3135,337092,102157,1536,1
3136,370580,112300,1536,1
3137,365716,110830,1536,1
3138,370870,112387,1536,1
3139,375258,113721,1536,1
3140,379760,115066,1536,1
3141,440104,133363,1536,1
3142,360182,109132,1536,1
3143,369298,111914,1536,1
3144,369656,112142,1536,1
3145,364542,110471,1536,1
3146,478770,145243,1536,1
3147,375230,113817,1536,1
3148,430014,130591,1536,1
3149,421060,127613,1536,1
3150,343804,104189,1536,1
3151,354176,107332,1536,1
3152,383216,116144,1536,1
3153,452798,137212,1536,1
3154,401852,121776,1536,1
3155,381562,115657,1536,1
3156,382628,115951,1536,1
3157,410224,124462,1536,1
3158,412026,124951,1536,1
3159,396346,120108,1536,1
3160,474258,143704,1536,1
3161,402414,121946,1536,1
3162,350504,106221,1536,1
3163,339188,103036,1536,1
3164,384584,116542,1536,1
3165,399548,121157,1536,1
3166,405306,122824,1536,1
3167,416604,126221,1536,1
3168,373446,113168,1536,1
3169,484448,146842,1536,1
3170,383954,116362,1536,1
3171,386092,117016,1536,1
3172,358118,108532,1536,1
3173,375184,113711,1536,1
3174,476280,144329,1536,1
3175,355478,107733,1536,1
3176,434884,131772,1536,1
3177,387166,117308,1536,1
3178,411992,124852,1536,1
3179,397468,120453,1536,1
3180,365910,110888,1536,1
3181,444454,134675,1536,1
3182,342424,103772,1536,1
3183,373642,113222,1536,1
3184,398538,120768,1536,1
3185,479480,145283,1536,1
3186,409640,124133,1536,1
3187,426018,129070,1536,1
3188,476380,144347,1536,1
3189,396980,120315,1536,1
3190,367986,111502,1536,1
3191,356550,108045,1536,1
3192,369438,111966,1536,1
3193,379540,115022,1536,1
3194,226626,68685,1536,1
3195,226142,68538,1536,1
3196,267380,81023,1536,1
3197,224626,68064,1536,1
3198,223310,67680,1536,1
3199,279606,84748,1536,1
3200,325092,98754,1536,1
3201,243564,73910,1536,1
3202,356858,108148,1536,1
3203,288960,87586,1536,1
3204,221738,67204,1536,1
3205,226020,68501,1536,1
3206,327972,99395,1536,1
3207,465026,141772,1536,1
3208,371778,112644,1536,1
3209,377994,114575,1536,1
3210,321358,97395,1536,1
3211,372572,112900,1536,1
3212,244316,74044,1536,1
3213,239774,72665,1536,1
3214,344152,104291,1536,1
3215,326856,99059,1536,1
3216,293670,89012,1536,1
3217,240522,72863,1536,1
3218,329314,99956,1536,1
3219,419432,127444,1536,1
3220,374024,113628,1536,1
3221,331800,100781,1536,1
3222,337462,102274,1536,1
3223,366826,111174,1536,1
3224,308038,93435,1536,1
3225,353044,106994,1536,1
3226,425668,128986,1536,1
3227,465206,140953,1536,1
3228,672741,204751,1536,1
3229,393506,119298,1536,1
3230,373670,113236,1536,1
3231,451958,136967,1536,1
3232,386878,117239,1536,1
3233,385116,116706,1536,1
3234,365400,110727,1536,1
3235,362482,109841,1536,1
3236,360600,109275,1536,1
3237,356706,108098,1536,1
3238,249194,75518,1536,1
3239,249620,75648,1536,1
3240,250504,75932,1536,1
3241,245884,74524,1536,1
3242,246908,74832,1536,1
3243,266336,80726,1536,1
3244,240914,73010,1536,1
3245,238716,72350,1536,1
3246,242924,73620,1536,1
3247,324918,98472,1536,1
3248,519788,157581,1536,1
3249,363406,110215,1536,1
3250,358934,108778,1536,1
3251,362854,109946,1536,1
3252,292372,88697,1536,1
3253,368168,111571,1536,1
3254,224192,67951,1536,1
3255,222704,67500,1536,1
3256,221238,67053,1536,1
3257,223182,67642,1536,1
3258,222602,67460,1536,1
3259,222010,67284,1536,1
3260,224226,67961,1536,1
3261,223462,67714,1536,1
3262,222022,67293,1536,1
3263,223088,67610,1536,1
3264,295340,89504,1536,1
3265,223804,67832,1536,1
3266,271534,82306,1536,1
3267,223628,67782,1536,1
3268,259286,78691,1536,1
3269,259144,78563,1536,1
3270,239134,72474,1536,1
3271,240062,72753,1536,1
3272,226752,68729,1536,1
3273,223342,67691,1536,1
3274,239640,72626,1536,1
3275,299058,90637,1536,1
3276,238962,72416,1536,1
3277,327450,99223,1536,1
3278,239710,72650,1536,1
3279,238282,72218,1536,1
3280,282178,85512,1536,1
3281,507178,153666,1536,1
3282,361424,109541,1536,1
3283,244640,74152,1536,1
3284,242212,73395,1536,1
3285,697898,212184,1536,1
3286,362736,109925,1536,1
3287,244846,74202,1536,1
3288,246808,74813,1536,1
3289,258236,78284,1536,1
3290,240210,72801,1536,1
3291,236938,71811,1536,1
3292,237384,71948,1536,1
3293,231884,70250,1536,1
3294,230868,69975,1536,1
3295,227174,68847,1536,1
3296,224608,68043,1536,1
3297,224886,68162,1536,1
3298,221390,67082,1536,1
3299,223734,67814,1536,1
3300,223772,67823,1536,1
3301,223428,67686,1536,1
3302,222908,67546,1536,1
3303,960846,291232,1536,1
3304,223276,67644,1536,1
3305,222350,67374,1536,1
3306,221960,67245,1536,1
3307,224308,67984,1536,1
3308,220728,66904,1536,1
3309,223892,67845,1536,1
3310,233264,70705,1536,1
3311,222730,67503,1536,1
3312,223634,67782,1536,1
3313,223122,67625,1536,1
3314,221490,67101,1536,1
3315,225140,68237,1536,1
3316,223110,67593,1536,1
3317,222144,67330,1536,1
3318,222500,67437,1536,1
3319,223962,67852,1536,1
3320,221390,67071,1536,1
3321,224998,68189,1536,1
3322,388996,117884,1536,1
3323,383576,116234,1536,1
3324,355108,107617,1536,1
3325,370816,112372,1536,1
3326,380396,115239,1536,1
3327,431720,130822,1536,1
3328,492770,149554,1536,1
3329,361000,109397,1536,1
3330,440268,133395,1536,1
3331,413394,125277,1536,1
3332,237510,71984,1536,1
3333,239346,72515,1536,1
3334,368894,111785,1536,1
3335,357454,108320,1536,1
3336,349462,105907,1536,1
3337,348490,105611,1536,1
3338,384594,116553,1536,1
3339,335374,101629,1536,1
3340,315182,95491,1536,1
3341,318932,96652,1536,1
3342,372360,113076,1536,1
3343,232700,70527,1536,1
3344,231842,70265,1536,1
3345,231768,70246,1536,1
3346,257002,77894,1536,1
3347,232256,70390,1536,1
3348,231034,70017,1536,1
3349,232550,70481,1536,1
3350,238330,72239,1536,1
3351,219872,66643,1536,1
3352,216710,65683,1536,1
3353,298352,90383,1536,1
3354,218218,66124,1536,1
3355,230450,69842,1536,1
3356,220252,66754,1536,1
3357,218182,66112,1536,1
3358,225378,68304,1536,1
3359,222876,67534,1536,1
3360,224102,67893,1536,1
3361,227092,68798,1536,1
3362,273942,83629,1536,1
3363,233362,70725,1536,1
3364,223056,67588,1536,1
3365,229482,69551,1536,1
3366,224788,68128,1536,1
3367,324736,98402,1536,1
3368,258932,78705,1536,1
3369,281206,85234,1536,1
3370,224650,68085,1536,1
3371,377954,114546,1536,1
3372,459432,139328,1536,1
3373,334990,101616,1536,1
3374,237168,71873,1536,1
3375,260586,78972,1536,1
3376,237228,71901,1536,1
3377,233674,70815,1536,1
3378,274336,83125,1536,1
3379,313368,94998,1536,1
3380,382298,115846,1536,1
3381,374140,113343,1536,1
3382,426000,129090,1536,1
3383,337128,102168,1536,1
3384,389327,118389,1536,1
3385,236192,71582,1536,1
3386,234082,70924,1536,1
3387,234174,70972,1536,1
3388,353088,106966,1536,1
3389,426872,129641,1536,1
3390,410182,124306,1536,1
3391,377328,114335,1536,1
3392,349904,106032,1536,1
3393,340488,103189,1536,1
3394,351694,106587,1536,1
3395,422978,128182,1536,1
3396,368914,111797,1536,1
3397,336214,101895,1536,1
3398,285096,86498,1536,1
3399,232276,70389,1536,1
3400,263172,79766,1536,1
3401,308126,93376,1536,1
3402,298832,90571,1536,1
3403,346750,105077,1536,1
3404,332842,100975,1536,1
3405,336920,102093,1536,1
3406,281252,85234,1536,1
3407,244292,74011,1536,1
3408,267940,81208,1536,1
3409,280354,84969,1536,1
3410,219924,66658,1536,1
3411,233464,70769,1536,1
3412,218018,66076,1536,1
3413,213586,64732,1536,1
3414,356576,108273,1536,1
3415,292484,88656,1536,1
3416,369084,111889,1536,1
3417,325964,98790,1536,1
3418,230498,69854,1536,1
3419,232328,70413,1536,1
3420,232852,70569,1536,1
3421,231638,70203,1536,1
3422,227010,68801,1536,1
3423,225324,68286,1536,1
3424,223038,67596,1536,1
3425,222714,67495,1536,1
3426,230834,69955,1536,1
3427,225100,68268,1536,1
3428,226424,68624,1536,1
3429,225386,68288,1536,1
3430,212362,64362,1536,1
3431,230640,69925,1536,1
3432,212812,64487,1536,1
3433,210208,63709,1536,1
3434,209970,63622,1536,1
3435,210316,63745,1536,1
3436,227494,68943,1536,1
3437,255464,77431,1536,1
3438,227530,68955,1536,1
3439,222018,67290,1536,1
3440,326782,99013,1536,1
3441,410776,124498,1536,1
3442,333112,100942,1536,1
3443,276292,83718,1536,1
3444,369228,111901,1536,1
3445,285378,86567,1536,1
3446,400814,121563,1536,1
3447,325034,98490,1536,1
3448,328440,99537,1536,1
3449,294862,89359,1536,1
3450,355218,107646,1536,1
3451,381730,115695,1536,1
3452,346188,104920,1536,1
3453,371192,112583,1536,1
3454,364662,110512,1536,1
3455,366978,111213,1536,1
3456,417114,126413,1536,1
3457,348100,105496,1536,1
3458,367344,111317,1536,1
3459,294822,89345,1536,1
3460,295622,89597,1536,1
3461,299976,90889,1536,1
3462,330186,100062,1536,1
3463,369090,111857,1536,1
3464,384598,116605,1536,1
3465,362506,109858,1536,1
3466,400464,121367,1536,1
3467,396692,120206,1536,1
3468,357420,108328,1536,1
3469,342200,103705,1536,1
3470,332534,100781,1536,1
3471,401338,121653,1536,1
3472,382426,115888,1536,1
3473,374734,113567,1536,1
3474,960570,291209,1536,1
3475,471938,143317,1536,1
3476,490201,149107,1536,1
3477,556746,168680,1536,1
3478,755985,229594,1536,1
3479,330134,100050,1536,1
3480,386272,117072,1536,1
3481,384794,116609,1536,1
3482,388302,117678,1536,1
3483,396992,120301,1536,1
3484,387944,117567,1536,1
3485,405132,122774,1536,1
3486,413182,125207,1536,1
3487,372566,112949,1536,1
3488,371656,112620,1536,1
3489,407458,123544,1536,1
3490,242768,73588,1536,1
3491,475518,144091,1536,1
3492,291928,88482,1536,1
3493,322980,97896,1536,1
3494,316704,95993,1536,1
3495,317480,96242,1536,1
3496,301984,91521,1536,1
3497,355504,107725,1536,1
3498,467108,141536,1536,1
3499,408574,124036,1536,1
3500,323818,98182,1536,1
3501,322546,97744,1536,1
3502,326464,99104,1536,1
3503,256314,77671,1536,1
3504,255894,77555,1536,1
3505,259166,78545,1536,1
3506,256560,77754,1536,1
3507,254022,76986,1536,1
3508,342408,103738,1536,1
3509,487046,147607,1536,1
3510,463672,140494,1536,1
3511,287358,87182,1536,1
3512,690978,209527,1536,1
3513,386264,117066,1536,1
3514,1552394,471003,1536,1
3515,353702,107184,1536,1
3516,335546,101702,1536,1
3517,275780,83591,1536,1
3518,248586,75336,1536,1
3519,247460,75001,1536,1
3520,250396,75885,1536,1
3521,425656,129170,1536,1
3522,1212899,367997,1536,1
3523,437172,132474,1536,1
3524,364372,110477,1536,1
3525,248982,75459,1536,1
3526,248408,75286,1536,1
3527,257688,78098,1536,1
3528,385700,116877,1536,1
3529,336030,101840,1536,1
3530,372762,112956,1536,1
3531,464976,140932,1536,1
3532,324162,98237,1536,1
3533,320894,97222,1536,1
3534,339778,102944,1536,1
3535,438404,132830,1536,1
3536,321324,97380,1536,1
3537,253188,76744,1536,1
3538,387084,117300,1536,1
3539,356896,108140,1536,1
3540,393450,119229,1536,1
3541,371148,112474,1536,1
3542,244896,74222,1536,1
3543,242850,73715,1536,1
3544,241788,73278,1536,1
3545,291252,88274,1536,1
3546,355850,107893,1536,1
3547,300952,91419,1536,1
3548,383210,116140,1536,1
3549,368374,111600,1536,1
3550,375784,113882,1536,1
3551,421878,127829,1536,1
3552,491006,148773,1536,1
3553,367534,111379,1536,1
3554,315194,95512,1536,1
3555,267946,81180,1536,1
3556,225256,68275,1536,1
3557,223888,67857,1536,1
3558,247266,74953,1536,1
3559,247890,75125,1536,1
3560,240736,72955,1536,1
3561,237228,71900,1536,1
3562,237356,71937,1536,1
3563,238626,72325,1536,1
3564,239932,72712,1536,1
3565,259640,78703,1536,1
3566,241502,73192,1536,1
3567,239430,72567,1536,1
3568,230832,69956,1536,1
3569,226518,68639,1536,1
3570,224046,67955,1536,1
3571,240650,72934,1536,1
3572,316406,96061,1536,1
3573,298204,90378,1536,1
3574,242362,73434,1536,1
3575,332864,100875,1536,1
3576,345306,104747,1536,1
3577,358054,108505,1536,1
3578,351528,106529,1536,1
3579,357950,108439,1536,1
3580,349218,105830,1536,1
3581,354042,107295,1536,1
3582,357886,108438,1536,1
3583,350140,106105,1536,1
3584,351990,106671,1536,1
3585,369306,111887,1536,1
3586,418950,127013,1536,1
3587,287724,87200,1536,1
3588,242026,73355,1536,1
3589,240976,73028,1536,1
3590,238332,72231,1536,1
3591,334794,101507,1536,1
3592,365416,110756,1536,1
3593,368384,111602,1536,1
3594,363126,110051,1536,1
3595,370044,112144,1536,1
3596,366734,111130,1536,1
3597,359828,109090,1536,1
3598,234010,70924,1536,1
3599,233288,70701,1536,1
3600,257476,78047,1536,1
3601,233652,70813,1536,1
3602,232794,70551,1536,1
3603,235326,71316,1536,1
3604,233036,70629,1536,1
3605,447265,135835,1536,1
3606,1409662,427248,1536,1
3607,346772,105091,1536,1
3608,367606,111395,1536,1
3609,418458,126804,1536,1
3610,352692,106884,1536,1
3611,373322,113143,1536,1
3612,352156,106719,1536,1
3613,350226,106259,1536,1
3614,342896,103974,1536,1
3615,341254,103412,1536,1
3616,222540,67450,1536,1
3617,263240,79797,1536,1
3618,275710,83569,1536,1
3619,217744,65990,1536,1
3620,216188,65495,1536,1
3621,216240,65540,1536,1
3622,217628,65959,1536,1
3623,215922,65427,1536,1
3624,215876,65400,1536,1
3625,337494,102285,1536,1
3626,218030,66068,1536,1
3627,270292,81925,1536,1
3628,279200,84619,1536,1
3629,230590,69888,1536,1
3630,227326,68897,1536,1
3631,377608,114484,1536,1
3632,389602,118064,1536,1
3633,386244,117046,1536,1
3634,356178,107944,1536,1
3635,436990,132470,1536,1
3636,360690,109310,1536,1
3637,234784,71153,1536,1
3638,265154,80356,1536,1
3639,232300,70405,1536,1
3640,256684,77769,1536,1
3641,248960,75460,1536,1
3642,234868,71182,1536,1
3643,233002,70613,1536,1
3644,231500,70164,1536,1
3645,241394,73158,1536,1
3646,265076,80353,1536,1
3647,348424,105585,1536,1
3648,329922,99985,1536,1
3649,334202,101288,1536,1
3650,388022,117551,1536,1
3651,245654,74464,1536,1
3652,254168,77039,1536,1
3653,231024,70014,1536,1
3654,278078,84289,1536,1
3655,399673,121383,1536,1
3656,355968,107876,1536,1
3657,313068,94898,1536,1
3658,234778,71153,1536,1
3659,232828,70562,1536,1
3660,231184,70064,1536,1
3661,331136,100556,1536,1
3662,287146,87063,1536,1
3663,237840,72083,1536,1
3664,233000,70612,1536,1
3665,232012,70319,1536,1
3666,248876,75404,1536,1
3667,281762,85433,1536,1
3668,232554,70480,1536,1
3669,230918,69988,1536,1
3670,315262,95545,1536,1
3671,436016,132109,1536,1
3672,238546,72313,1536,1
3673,221682,67188,1536,1
3674,215694,65357,1536,1
3675,217164,65802,1536,1
3676,217124,65808,1536,1
3677,233334,70717,1536,1
3678,327980,99389,1536,1
3679,237310,71924,1536,1
3680,307372,93150,1536,1
3681,283714,85987,1536,1
3682,429404,130127,1536,1
3683,305284,92514,1536,1
3684,323156,97924,1536,1
3685,318488,96524,1536,1
3686,359490,108937,1536,1
3687,363972,110292,1536,1
3688,346500,105008,1536,1
3689,352130,106709,1536,1
3690,335324,101617,1536,1
3691,511884,155756,1536,1
3692,498066,151444,1536,1
3693,359686,108985,1536,1
3694,371418,112555,1536,1
3695,348006,105455,1536,1
3696,434922,132343,1536,1
3697,228884,69373,1536,1
3698,375954,113936,1536,1
3699,364858,110539,1536,1
3700,415482,125903,1536,1
3701,412452,124972,1536,1
3702,343268,104032,1536,1
3703,352256,106846,1536,1
3704,337194,102194,1536,1
3705,344496,104400,1536,1
3706,302514,91679,1536,1
3707,300560,91072,1536,1
3708,297138,90056,1536,1
3709,301038,91232,1536,1
3710,385920,116938,1536,1
3711,387242,117308,1536,1
3712,377952,114559,1536,1
3713,351282,106456,1536,1
3714,384248,116436,1536,1
3715,351874,106624,1536,1
3716,346650,105044,1536,1
3717,373884,113294,1536,1
3718,370120,112149,1536,1
3719,368244,111579,1536,1
3720,363568,110242,1536,1
3721,377138,114387,1536,1
3722,399040,120902,1536,1
3723,387642,117461,1536,1
3724,398376,120722,1536,1
3725,247352,74959,1536,1
3726,292920,88761,1536,1
3727,241440,73172,1536,1
3728,360606,109270,1536,1
3729,396322,120103,1536,1
3730,552444,167478,1536,1
3731,818781,248330,1536,1
3732,751162,227667,1536,1
3733,345814,104799,1536,1
3734,332688,100825,1536,1
3735,362274,109784,1536,1
3736,388796,117823,1536,1
3737,371860,112691,1536,1
3738,395566,119879,1536,1
3739,460850,139664,1536,1
3740,401578,121694,1536,1
3741,418504,126816,1536,1
3742,370418,112251,1536,1
3743,417674,126723,1536,1
3744,256670,77791,1536,1
3745,248204,75221,1536,1
3746,248724,75377,1536,1
3747,395428,119947,1536,1
3748,380150,115201,1536,1
3749,405428,122938,1536,1
3750,357868,108467,1536,1
3751,444236,134656,1536,1
3752,400572,121369,1536,1
3753,482882,146645,1536,1
3754,387994,117577,1536,1
3755,395710,119995,1536,1
3756,402488,121959,1536,1
3757,390094,118217,1536,1
3758,404524,122596,1536,1
3759,322138,97640,1536,1
3760,404638,122777,1536,1
3761,399870,121237,1536,1
3762,415934,126061,1536,1
3763,406750,123260,1536,1
3764,402530,121975,1536,1
3765,411932,124835,1536,1
3766,466128,141244,1536,1
3767,706242,214316,1536,1
3768,318902,96654,1536,1
3769,308804,93599,1536,1
3770,333896,101198,1536,1
3771,411046,124567,1536,1
3772,447706,135894,1536,1
3773,352970,106963,1536,1
3774,259994,78796,1536,1
3775,469802,142355,1536,1
3776,372060,112755,1536,1
3777,441720,133872,1536,1
3778,441870,133892,1536,1
3779,449924,136335,1536,1
3780,387188,117343,1536,1
3781,374838,113597,1536,1
3782,393322,119193,1536,1
3783,353392,107125,1536,1
3784,377524,114409,1536,1
3785,385808,116913,1536,1
3786,383756,116298,1536,1
3787,357724,108400,1536,1
3788,454678,137769,1536,1
3789,446152,135175,1536,1
3790,431974,130912,1536,1
3791,463840,140554,1536,1
3792,255886,77553,1536,1
3793,256770,77796,1536,1
3794,284208,86139,1536,1
3795,285090,86411,1536,1
3796,270676,82046,1536,1
3797,334890,101507,1536,1
3798,237316,71906,1536,1
3799,237642,72010,1536,1
3800,271142,82176,1536,1
3801,282854,85733,1536,1
3802,238826,72386,1536,1
3803,238184,72191,1536,1
3804,235688,71422,1536,1
3805,237158,71879,1536,1
3806,464767,141468,1536,1
3807,348668,105642,1536,1
3808,501494,151947,1536,1
3809,329280,99785,1536,1
3810,247044,74872,1536,1
3811,487562,147827,1536,1
3812,376366,114047,1536,1
3813,367740,111437,1536,1
3814,349680,105988,1536,1
3815,338410,102564,1536,1
3816,370878,112398,1536,1
3817,264930,80308,1536,1
3818,232534,70476,1536,1
3819,229984,69688,1536,1
3820,231608,70275,1536,1
3821,229678,69580,1536,1
3822,230680,69916,1536,1
3823,360134,109144,1536,1
3824,406256,123105,1536,1
3825,406072,123049,1536,1
3826,522960,158445,1536,1
3827,392726,119015,1536,1
3828,318070,96396,1536,1
3829,373888,113809,1536,1
3830,358316,108689,1536,1
3831,269074,81548,1536,1
3832,336956,102121,1536,1
3833,401340,121604,1536,1
3834,248274,75224,1536,1
3835,294284,89192,1536,1
3836,247142,74902,1536,1
3837,370488,112299,1536,1
3838,318754,96600,1536,1
3839,366706,111236,1536,1
3840,413614,125332,1536,1
3841,343420,104282,1536,1
3842,424376,128587,1536,1
3843,338646,102620,1536,1
3844,335056,101535,1536,1
3845,325852,98733,1536,1
3846,265636,80638,1536,1
3847,252110,76402,1536,1
3848,241664,73242,1536,1
3849,241632,73215,1536,1
3850,241358,73145,1536,1
3851,584390,177090,1536,1
3852,437980,132715,1536,1
3853,240316,72833,1536,1
3854,426192,129138,1536,1
3855,422806,128133,1536,1
3856,407144,123372,1536,1
3857,434840,131876,1536,1
3858,371082,112572,1536,1
3859,367554,111507,1536,1
3860,371768,112752,1536,1
3861,365774,110857,1536,1
3862,242156,73391,1536,1
3863,231306,70101,1536,1
3864,288088,87280,1536,1
3865,273922,83029,1536,1
3866,244498,74109,1536,1
3867,234364,71001,1536,1
3868,253926,76964,1536,1
3869,233346,70717,1536,1
3870,233506,70766,1536,1
3871,263778,79977,1536,1
3872,245290,74352,1536,1
3873,233150,70823,1536,1
3874,232136,70356,1536,1
3875,231360,70121,1536,1
3876,326274,98837,1536,1
3877,408308,123720,1536,1
3878,408408,123761,1536,1
3879,408842,123873,1536,1
3880,491684,148966,1536,1
3881,595022,180272,1536,1
3882,335726,101824,1536,1
3883,357222,108251,1536,1
3884,351664,106569,1536,1
3885,410956,124535,1536,1
3886,369356,111933,1536,1
3887,363152,110054,1536,1
3888,226608,68674,1536,1
3889,225878,68458,1536,1
3890,225860,68449,1536,1
3891,222924,67565,1536,1
3892,211762,64163,1536,1
3893,210454,63789,1536,1
3894,208508,63194,1536,1
3895,204644,62024,1536,1
3896,204088,61826,1536,1
3897,206870,62698,1536,1
3898,203978,61823,1536,1
3899,203490,61678,1536,1
3900,203100,61659,1536,1
3901,201304,60985,1536,1
3902,212796,64486,1536,1
3903,211168,63999,1536,1
3904,208414,63168,1536,1
3905,209062,63336,1536,1
3906,210160,63670,1536,1
3907,316488,95989,1536,1
3908,399742,121129,1536,1
3909,392992,119081,1536,1
3910,448031,136752,1536,1
3911,382918,116031,1536,1
3912,305294,92548,1536,1
3913,227374,68879,1536,1
3914,560410,169878,1536,1
3915,329400,99821,1536,1
3916,270596,82009,1536,1
3917,2350225,712243,1536,1
3918,435532,132439,1536,1
3919,462906,140275,1536,1
3920,229436,69527,1536,1
3921,215070,65180,1536,1
3922,212016,64260,1536,1
3923,212478,64370,1536,1
3924,210694,63828,1536,1
3925,209666,63518,1536,1
3926,209804,63559,1536,1
3927,207978,63038,1536,1
3928,211076,63976,1536,1
3929,209602,63532,1536,1
3930,208668,63246,1536,1
3931,211388,64071,1536,1
3932,222514,67442,1536,1
3933,208588,63192,1536,1
3934,209546,63508,1536,1
3935,206862,62685,1536,1
3936,207480,62885,1536,1
3937,209776,63578,1536,1
3938,208708,63254,1536,1
3939,210674,63840,1536,1
3940,213304,64651,1536,1
3941,211404,64072,1536,1
3942,206752,62663,1536,1
3943,206842,62690,1536,1
3944,209118,63380,1536,1
3945,207072,62734,1536,1
3946,255376,77403,1536,1
3947,262352,79527,1536,1
3948,210186,63705,1536,1
3949,209060,63352,1536,1
3950,221608,67186,1536,1
3951,209106,63376,1536,1
3952,222664,67487,1536,1
3953,311590,94434,1536,1
3954,371474,112559,1536,1
3955,209658,63547,1536,1
3956,210864,63908,1536,1
3957,202680,61433,1536,1
3958,233148,70681,1536,1
3959,204740,62055,1536,1
3960,202612,61395,1536,1
3961,210090,63675,1536,1
3962,205232,62204,1536,1
3963,250428,75903,1536,1
3964,224470,68026,1536,1
3965,218838,66319,1536,1
3966,226960,68794,1536,1
3967,418356,126756,1536,1
3968,220626,66863,1536,1
3969,218668,66261,1536,1
3970,394933,120120,1536,1
3971,292686,88748,1536,1
3972,313830,95103,1536,1
3973,319138,96711,1536,1
3974,292698,88724,1536,1
3975,311588,94429,1536,1
3976,323700,98141,1536,1
3977,318234,96580,1536,1
3978,418500,126919,1536,1
3979,215410,65287,1536,1
3980,252106,76399,1536,1
3981,766260,232593,1536,1
3982,224272,67968,1536,1
3983,319058,96797,1536,1
3984,219164,66424,1536,1
3985,302730,91745,1536,1
3986,328278,99482,1536,1
3987,301218,91286,1536,1
3988,219948,66630,1536,1
3989,383974,116355,1536,1
3990,384348,116466,1536,1
3991,372888,112976,1536,1
3992,219432,66506,1536,1
3993,367772,111457,1536,1
3994,297280,90103,1536,1
3995,329024,99704,1536,1
3996,339432,102861,1536,1
3997,338120,102536,1536,1
3998,343130,103938,1536,1
3999,331718,100528,1536,1
4000,345762,104775,1536,1
4001,274780,83272,1536,1
4002,281254,85241,1536,1
4003,285896,86637,1536,1
4004,282316,85557,1536,1
4005,304330,92224,1536,1
4006,306762,92967,1536,1
4007,468258,142649,1536,1
4008,423436,128290,1536,1
4009,284328,86176,1536,1
4010,289806,87837,1536,1
4011,438444,133002,1536,1
4012,299448,90756,1536,1
4013,415264,125868,1536,1
4014,361632,109592,1536,1
4015,357462,108320,1536,1
4016,335750,101745,1536,1
4017,361790,109644,1536,1
4018,373224,113096,1536,1
4019,346982,105157,1536,1
4020,409284,124037,1536,1
4021,837440,253936,1536,1
4022,369134,111859,1536,1
4023,328762,99634,1536,1
4024,487530,147714,1536,1
4025,321864,97554,1536,1
4026,300948,91191,1536,1
4027,313488,95002,1536,1
4028,427148,129434,1536,1
4029,367892,111601,1536,1
4030,348076,105479,1536,1
4031,355180,107678,1536,1
4032,425948,129099,1536,1
4033,1186683,359886,1536,1
4034,371630,112628,1536,1
4035,381984,115768,1536,1
4036,302958,91817,1536,1
4037,322514,97736,1536,1
4038,331812,100556,1536,1
4039,417242,126433,1536,1
4040,333626,101111,1536,1
4041,477346,144602,1536,1
4042,337530,102294,1536,1
4043,394548,119561,1536,1
4044,385624,116864,1536,1
4045,396842,120267,1536,1
4046,379978,115150,1536,1
4047,436594,132837,1536,1
4048,376634,114135,1536,1
4049,367774,111454,1536,1
4050,396128,120062,1536,1
4051,380012,115162,1536,1
4052,522568,158406,1536,1
4053,420434,127402,1536,1
4054,425600,128968,1536,1
4055,425034,128796,1536,1
4056,425408,129014,1536,1
4057,428958,129980,1536,1
4058,434042,131520,1536,1
4059,302930,91987,1536,1
4060,257616,78075,1536,1
4061,258216,78254,1536,1
4062,255024,77293,1536,1
4063,253664,76881,1536,1
4064,254864,77237,1536,1
4065,253818,76924,1536,1
4066,247846,75115,1536,1
4067,260672,78997,1536,1
4068,247442,74976,1536,1
4069,244902,74224,1536,1
4070,332694,100825,1536,1
4071,250368,75880,1536,1
4072,266412,80739,1536,1
4073,436436,132232,1536,1
4074,802112,243025,1536,1
4075,484222,146716,1536,1
4076,420122,127381,1536,1
4077,423192,128239,1536,1
4078,467292,141607,1536,1
4079,352166,106739,1536,1
4080,372404,112863,1536,1
4081,359632,108993,1536,1
4082,382050,115774,1536,1
4083,400892,121529,1536,1
4084,359644,109001,1536,1
4085,410544,124422,1536,1
4086,362378,109808,1536,1
4087,353996,107278,1536,1
4088,427428,129528,1536,1
4089,469360,142225,1536,1
4090,399982,121233,1536,1
4091,354172,108379,1536,1
4092,500136,151606,1536,1
4093,378296,114641,1536,1
4094,374696,113550,1536,1
4095,380208,115223,1536,1
4096,380566,115327,1536,1
4097,428902,129960,1536,1
4098,346816,105123,1536,1
4099,1244177,377075,1536,1
4100,928364,281292,1536,1
4101,391926,118764,1536,1
4102,705736,214016,1536,1
4103,428430,129818,1536,1
4104,372902,113007,1536,1
4105,365956,110886,1536,1
4106,366400,111042,1536,1
4107,436374,132237,1536,1
4108,345440,104688,1536,1
4109,270402,81958,1536,1
4110,240974,73026,1536,1
4111,244076,73973,1536,1
4112,260536,78975,1536,1
4113,329358,99818,1536,1
4114,245016,74240,1536,1
4115,293422,89012,1536,1
4116,278716,84475,1536,1
4117,241160,73088,1536,1
4118,242750,73570,1536,1
4119,240810,72974,1536,1
4120,241228,73184,1536,1
4121,238168,72185,1536,1
4122,236410,71649,1536,1
4123,237198,71885,1536,1
4124,238256,72211,1536,1
4125,235908,71500,1536,1
4126,238244,72206,1536,1
4127,234240,70990,1536,1
4128,237820,72076,1536,1
4129,239802,72673,1536,1
4130,275640,83544,1536,1
4131,304258,92233,1536,1
4132,255492,77443,1536,1
4133,235798,71467,1536,1
4134,237546,71992,1536,1
4135,237504,71975,1536,1
4136,239744,72659,1536,1
4137,238856,72390,1536,1
4138,261532,79386,1536,1
4139,363554,110185,1536,1
4140,532884,161600,1536,1
4141,366710,111128,1536,1
4142,363518,110157,1536,1
4143,354214,107350,1536,1
4144,333546,101077,1536,1
4145,347582,105334,1536,1
4146,369472,111971,1536,1
4147,366168,110946,1536,1
4148,364946,110558,1536,1
4149,466372,141325,1536,1
4150,378550,114712,1536,1
4151,374480,113489,1536,1
4152,247898,75161,1536,1
4153,232748,70539,1536,1
4154,226922,68777,1536,1
4155,230542,69878,1536,1
4156,229544,69573,1536,1
4157,233054,70641,1536,1
4158,228732,69323,1536,1
4159,231590,70195,1536,1
4160,289008,87595,1536,1
4161,233498,70771,1536,1
4162,233338,70725,1536,1
4163,230458,69845,1536,1
4164,277470,84100,1536,1
4165,228860,69336,1536,1
4166,229228,69477,1536,1
4167,231362,70104,1536,1
4168,292066,88520,1536,1
4169,231184,70072,1536,1
4170,231560,70150,1536,1
4171,268636,81424,1536,1
4172,403622,122306,1536,1
4173,268102,81264,1536,1
4174,406984,123322,1536,1
4175,247410,74983,1536,1
4176,367470,111367,1536,1
4177,345380,104751,1536,1
4178,370048,112102,1536,1
4179,367860,111478,1536,1
4180,448720,135966,1536,1
4181,379826,115095,1536,1
4182,447738,135674,1536,1
4183,385922,116933,1536,1
4184,373712,113252,1536,1
4185,373160,113053,1536,1
4186,373264,113124,1536,1
4187,365362,110701,1536,1
4188,362120,109697,1536,1
4189,476720,145189,1536,1
4190,453988,137570,1536,1
4191,509976,154679,1536,1
4192,445902,135136,1536,1
4193,243214,73704,1536,1
4194,238052,72142,1536,1
4195,312818,94802,1536,1
4196,371752,112652,1536,1
4197,352500,106802,1536,1
4198,354534,107436,1536,1
4199,227136,68838,1536,1
4200,338610,102616,1536,1
4201,225394,68315,1536,1
4202,251734,76306,1536,1
4203,234648,71098,1536,1
4204,224330,67971,1536,1
4205,223556,67726,1536,1
4206,225702,68388,1536,1
4207,229316,69482,1536,1
4208,221734,67175,1536,1
4209,397334,120399,1536,1
4210,253484,76839,1536,1
4211,391052,118508,1536,1
4212,354182,107337,1536,1
4213,805194,243931,1536,1
4214,354980,107566,1536,1
4215,417004,126356,1536,1
4216,363650,110214,1536,1
4217,370108,112157,1536,1
4218,376460,114149,1536,1
4219,234662,71117,1536,1
4220,235370,71333,1536,1
4221,231704,70222,1536,1
4222,248762,75403,1536,1
4223,234224,70980,1536,1
4224,233242,70691,1536,1
4225,234332,71022,1536,1
4226,235376,71331,1536,1
4227,232470,70457,1536,1
4228,234162,70968,1536,1
4229,233386,70731,1536,1
4230,273218,82805,1536,1
4231,226670,68686,1536,1
4232,228480,69218,1536,1
4233,264220,80081,1536,1
4234,212366,64354,1536,1
4235,209186,63394,1536,1
4236,364544,110470,1536,1
4237,326676,98993,1536,1
4238,272898,82710,1536,1
4239,229556,69567,1536,1
4240,255200,77351,1536,1
4241,225804,68434,1536,1
4242,325786,98734,1536,1
4243,227986,69098,1536,1
4244,227024,68800,1536,1
4245,247032,74877,1536,1
4246,226362,68576,1536,1
4247,288806,87488,1536,1
4248,345066,104568,1536,1
4249,366256,110974,1536,1
4250,349934,106042,1536,1
4251,267126,81141,1536,1
4252,340070,103562,1536,1
4253,392138,118947,1536,1
4254,323270,97968,1536,1
4255,327890,99361,1536,1
4256,332472,100749,1536,1
4257,330064,100025,1536,1
4258,339420,102865,1536,1
4259,222484,67420,1536,1
4260,220156,66722,1536,1
4261,218974,66365,1536,1
4262,220706,66887,1536,1
4263,256922,77873,1536,1
4264,220032,66685,1536,1
4265,219966,66740,1536,1
4266,227310,68891,1536,1
4267,226012,68495,1536,1
4268,225404,68313,1536,1
4269,233422,70752,1536,1
4270,226830,68746,1536,1
4271,226532,68654,1536,1
4272,227638,68986,1536,1
4273,239948,72730,1536,1
4274,224430,68017,1536,1
4275,229278,69481,1536,1
4276,236434,71648,1536,1
4277,224228,67955,1536,1
4278,223954,67868,1536,1
4279,224820,68216,1536,1
4280,225476,68334,1536,1
4281,223916,67858,1536,1
4282,246754,74791,1536,1
4283,261498,79254,1536,1
4284,224332,67987,1536,1
4285,226818,68744,1536,1
4286,222638,67476,1536,1
4287,236230,71577,1536,1
4288,226112,68527,1536,1
4289,230092,69730,1536,1
4290,237676,72039,1536,1
4291,248998,75440,1536,1
4292,324162,98241,1536,1
4293,236418,71640,1536,1
4294,463799,141102,1536,1
4295,340136,103072,1536,1
4296,327066,99117,1536,1
4297,432162,130951,1536,1
4298,348294,105546,1536,1
4299,428642,130292,1536,1
4300,350466,106237,1536,1
4301,342936,103913,1536,1
4302,371294,112513,1536,1
4303,315086,95484,1536,1
4304,399958,121192,1536,1
4305,393634,119286,1536,1
4306,1319082,399823,1536,1
4307,330740,100224,1536,1
4308,366420,111025,1536,1
4309,316076,95900,1536,1
4310,319542,96834,1536,1
4311,340382,103144,1536,1
4312,344676,104459,1536,1
4313,326730,99020,1536,1
4314,422982,128223,1536,1
4315,7284962,2206918,1536,1
4316,403842,122731,1536,1
4317,345622,104746,1536,1
4318,350474,106213,1536,1
4319,338798,102668,1536,1
4320,384260,116448,1536,1
4321,380286,115241,1536,1
4322,362930,109987,1536,1
4323,354844,107546,1536,1
4324,392836,119044,1536,1
4325,334382,101318,1536,1
4326,477514,144713,1536,1
4327,399208,120970,1536,1
4328,350680,106267,1536,1
4329,387682,117474,1536,1
4330,385826,116910,1536,1
4331,361276,109473,1536,1
4332,388580,117753,1536,1
4333,392478,118961,1536,1
4334,452000,136970,1536,1
4335,363772,110236,1536,1
4336,382316,115853,1536,1
4337,378798,114787,1536,1
4338,391722,118705,1536,1
4339,371956,112722,1536,1
4340,416956,126792,1536,1
4341,368238,111594,1536,1
4342,373562,113198,1536,1
4343,354966,107572,1536,1
4344,362626,109882,1536,1
4345,341184,103391,1536,1
4346,361736,109612,1536,1
4347,361904,109675,1536,1
4348,267510,81086,1536,1
4349,295966,89707,1536,1
4350,241246,73114,1536,1
4351,302712,91750,1536,1
4352,372520,112865,1536,1
4353,357172,108263,1536,1
4354,377254,114329,1536,1
4355,405016,122723,1536,1
4356,380964,115440,1536,1
4357,363392,110120,1536,1
4358,336496,101967,1536,1
4359,395004,119706,1536,1
4360,345892,104809,1536,1
4361,383898,116358,1536,1
4362,427492,129555,1536,1
4363,360478,109248,1536,1
4364,377114,114388,1536,1
4365,253144,76727,1536,1
4366,457462,138638,1536,1
4367,388764,117796,1536,1
4368,396252,120081,1536,1
4369,334126,101261,1536,1
4370,452024,137925,1536,1
4371,242822,73588,1536,1
4372,355298,107675,1536,1
4373,382756,115990,1536,1
4374,241716,73250,1536,1
4375,386564,117144,1536,1
4376,409070,123952,1536,1
4377,404124,122459,1536,1
4378,374942,113654,1536,1
4379,233264,70701,1536,1
4380,231822,70229,1536,1
4381,373434,113176,1536,1
4382,343112,103977,1536,1
4383,368022,111499,1536,1
4384,363880,110276,1536,1
4385,231900,70283,1536,1
4386,377048,114269,1536,1
4387,412782,125109,1536,1
4388,375660,113838,1536,1
4389,232530,70457,1536,1
4390,231052,69998,1536,1
4391,230824,69962,1536,1
4392,228550,69321,1536,1
4393,394296,119514,1536,1
4394,376092,113971,1536,1
4395,365758,110850,1536,1
4396,352648,106917,1536,1
4397,366098,111000,1536,1
4398,435908,132095,1536,1
4399,353816,107230,1536,1
4400,358448,108620,1536,1
4401,466320,141911,1536,1
4402,377140,114302,1536,1
4403,569601,172918,1536,1
4404,379044,114883,1536,1
4405,370750,112348,1536,1
4406,466060,141226,1536,1
4407,366594,111078,1536,1
4408,440622,133582,1536,1
4409,356836,108204,1536,1
4410,429608,130145,1536,1
4411,447855,135900,1536,1
4412,388832,117865,1536,1
4413,249876,75734,1536,1
4414,246960,74844,1536,1
4415,248290,75249,1536,1
4416,245506,74403,1536,1
4417,247776,75090,1536,1
4418,375142,113677,1536,1
4419,383256,116146,1536,1
4420,381258,115524,1536,1
4421,382170,115813,1536,1
4422,513802,155732,1536,1
4423,357974,108484,1536,1
4424,390486,118336,1536,1
4425,419684,127178,1536,1
4426,357694,108403,1536,1
4427,378446,114682,1536,1
4428,384128,116567,1536,1
4429,338994,102734,1536,1
4430,1220212,369774,1536,1
4431,255030,77303,1536,1
4432,250860,76057,1536,1
4433,239386,72548,1536,1
4434,237914,72094,1536,1
4435,240772,72959,1536,1
4436,238938,72404,1536,1
4437,242250,73420,1536,1
4438,238944,72408,1536,1
4439,3424362,1037422,1536,1
4440,530149,161002,1536,1
4441,307530,93299,1536,1
4442,254800,77224,1536,1
4443,256318,77681,1536,1
4444,381896,115720,1536,1
4445,298408,90441,1536,1
4446,273076,82770,1536,1
4447,249116,75496,1536,1
4448,337940,102416,1536,1
4449,412952,125135,1536,1
4450,249452,75571,1536,1
4451,388424,117685,1536,1
4452,375244,113723,1536,1
4453,401244,121610,1536,1
4454,249038,75480,1536,1
4455,249506,75600,1536,1
4456,355466,107704,1536,1
4457,385862,116928,1536,1
4458,386202,117069,1536,1
4459,373452,113179,1536,1
4460,334340,101458,1536,1
4461,248838,75428,1536,1
4462,365290,110713,1536,1
4463,342848,103874,1536,1
4464,233568,70782,1536,1
4465,237036,71841,1536,1
4466,230580,69868,1536,1
4467,230846,70040,1536,1
4468,233246,70690,1536,1
4469,410888,124509,1536,1
4470,540381,164185,1536,1
4471,266986,80926,1536,1
4472,341094,103375,1536,1
4473,381363,115837,1536,1
4474,242984,73642,1536,1
4475,369358,111929,1536,1
4476,349328,105866,1536,1
4477,351726,106586,1536,1
4478,1568958,475680,1536,1
4479,354902,107546,1536,1
4480,391362,118598,1536,1
4481,354724,107495,1536,1
4482,460396,139953,1536,1
4483,357090,108214,1536,1
4484,260736,79035,1536,1
4485,368132,111549,1536,1
4486,353012,106956,1536,1
4487,356574,108050,1536,1
4488,395508,120072,1536,1
4489,405498,122872,1536,1
4490,363896,110279,1536,1
4491,368248,111604,1536,1
4492,367162,111320,1536,1
4493,337266,102192,1536,1
4494,383620,116258,1536,1
4495,328534,99565,1536,1
4496,329104,99743,1536,1
4497,432006,130901,1536,1
4498,363862,110994,1536,1
4499,354760,107505,1536,1
4500,352840,106924,1536,1
4501,365520,110897,1536,1
4502,385402,116788,1536,1
4503,388528,117741,1536,1
4504,393134,119142,1536,1
4505,366148,110954,1536,1
4506,677776,205739,1536,1
4507,1454881,443412,1536,1
4508,680598,206186,1536,1
4509,450106,136643,1536,1
4510,367314,111323,1536,1
4511,389780,118122,1536,1
4512,362486,109871,1536,1
4513,318014,96371,1536,1
4514,304966,92402,1536,1
4515,306110,92778,1536,1
4516,349822,106009,1536,1
4517,378182,114593,1536,1
4518,367088,111248,1536,1
4519,318720,96599,1536,1
4520,331676,100518,1536,1
4521,327064,99129,1536,1
4522,336218,101894,1536,1
4523,441836,134777,1536,1
4524,369234,111894,1536,1
4525,387130,117329,1536,1
4526,384146,116511,1536,1
4527,475066,143954,1536,1
4528,448638,135954,1536,1
4529,366458,111450,1536,1
4530,374658,113600,1536,1
4531,379418,114988,1536,1
4532,383142,116156,1536,1
4533,370370,112246,1536,1
4534,378570,114710,1536,1
4535,344148,104298,1536,1
4536,343640,104151,1536,1
4537,319344,96786,1536,1
4538,365444,110907,1536,1
4539,372776,112981,1536,1
4540,369812,112082,1536,1
4541,410524,124400,1536,1
4542,337270,102223,1536,1
4543,371532,112591,1536,1
4544,377320,114349,1536,1
4545,395356,119803,1536,1
4546,363112,110043,1536,1
4547,377222,114306,1536,1
4548,382144,115812,1536,1
4549,476280,144328,1536,1
4550,351558,106543,1536,1
4551,459244,139273,1536,1
4552,297836,90269,1536,1
4553,327458,99240,1536,1
4554,339220,102806,1536,1
4555,1254695,380327,1536,1
4556,479182,145194,1536,1
4557,394188,119452,1536,1
4558,498722,151323,1536,1
4559,399244,121070,1536,1
4560,355490,107731,1536,1
4561,357098,108216,1536,1
4562,390356,118300,1536,1
4563,377316,114335,1536,1
4564,365236,110763,1536,1
4565,519408,157620,1536,1
4566,469850,142412,1536,1
4567,364062,110453,1536,1
4568,397376,120425,1536,1
4569,414854,125701,1536,1
4570,413088,125274,1536,1
4571,423210,128272,1536,1
4572,434672,131705,1536,1
4573,398338,120703,1536,1
4574,385722,116890,1536,1
4575,363506,110158,1536,1
4576,367676,111423,1536,1
4577,880815,267289,1536,1
4578,3201352,969978,1536,1
4579,495006,150012,1536,1
4580,382490,115898,1536,1
4581,1473044,446958,1536,1
4582,348176,105512,1536,1
4583,425480,128922,1536,1
4584,376628,114128,1536,1
4585,342954,104026,1536,1
4586,353294,107067,1536,1
4587,336896,102099,1536,1
4588,373256,113109,1536,1
4589,359836,109053,1536,1
4590,346790,105100,1536,1
4591,423986,128486,1536,1
4592,369364,111939,1536,1
4593,292072,88524,1536,1
4594,345488,104703,1536,1
4595,554046,167873,1536,1
4596,389580,118053,1536,1
4597,370686,112333,1536,1
4598,386854,117232,1536,1
4599,366340,111019,1536,1
4600,353540,107141,1536,1
4601,1508660,458089,1536,1
4602,433828,131468,1536,1
4603,482634,146371,1536,1
4604,354934,107572,1536,1
4605,16297112,4936421,1536,1
4606,373942,113322,1536,1
4607,412354,124962,1536,1
4608,371850,113049,1536,1
4609,328644,99601,1536,1
4610,461658,139968,1536,1
4611,349022,105772,1536,1
4612,390396,118307,1536,1
4613,247366,74969,1536,1
4614,306518,93026,1536,1
4615,345212,104616,1536,1
4616,377760,114473,1536,1
4617,459724,139639,1536,1
4618,321056,97315,1536,1
4619,377174,114372,1536,1
4620,343178,104078,1536,1
4621,363444,110139,1536,1
4622,335300,101625,1536,1
4623,380766,115381,1536,1
4624,411374,124703,1536,1
4625,347488,105303,1536,1
4626,303616,92026,1536,1
4627,249774,75698,1536,1
4628,617141,187472,1536,1
4629,478946,145488,1536,1
4630,363878,110301,1536,1
4631,1052946,319463,1536,1
4632,1735092,525992,1536,1
4633,728724,221187,1536,1
4634,348694,105694,1536,1
4635,257924,78186,1536,1
4636,386004,116973,1536,1
4637,386534,117341,1536,1
4638,382258,115828,1536,1
4639,373662,113197,1536,1
4640,415496,125908,1536,1
4641,449510,136168,1536,1
4642,373966,113315,1536,1
4643,371904,112697,1536,1
4644,548521,167152,1536,1
4645,370514,112279,1536,1
4646,335678,101730,1536,1
4647,356072,107921,1536,1
4648,343500,104096,1536,1
4649,323536,98068,1536,1
4650,383694,116299,1536,1
4651,361464,109537,1536,1
4652,371272,112513,1536,1
4653,385120,116698,1536,1
4654,383022,116082,1536,1
4655,375046,113672,1536,1
4656,362606,109879,1536,1
4657,331392,100423,1536,1
4658,333726,101133,1536,1
4659,333696,101120,1536,1
4660,618072,187991,1536,1
4661,310946,94232,1536,1
4662,355520,107734,1536,1
4663,346896,105128,1536,1
4664,348334,105560,1536,1
4665,363006,110006,1536,1
4666,351300,106470,1536,1
4667,393570,119268,1536,1
4668,348394,105596,1536,1
4669,350086,106087,1536,1
4670,361890,109753,1536,1
4671,375116,113673,1536,1
4672,405548,123136,1536,1
4673,357582,108368,1536,1
4674,349764,106003,1536,1
4675,357276,108280,1536,1
4676,332230,100722,1536,1
4677,305402,92568,1536,1
4678,363988,110310,1536,1
4679,350574,106278,1536,1
4680,360308,109185,1536,1
4681,372438,112888,1536,1
4682,486026,147302,1536,1
4683,2251189,682390,1536,1
4684,2260767,684970,1536,1
4685,822062,249326,1536,1
4686,391076,118515,1536,1
4687,640532,194173,1536,1
4688,703716,213331,1536,1
4689,450774,136612,1536,1
4690,391220,118553,1536,1
4691,420904,127545,1536,1
4692,390914,118472,1536,1
4693,389252,117966,1536,1
4694,437846,132679,1536,1
4695,339776,103151,1536,1
4696,318982,96670,1536,1
4697,313420,94975,1536,1
4698,339432,102867,1536,1
4699,345290,104642,1536,1
4700,356928,108167,1536,1
4701,406534,123196,1536,1
4702,408040,123653,1536,1
4703,400474,121354,1536,1
4704,407914,123618,1536,1
4705,416740,126285,1536,1
4706,389102,117909,1536,1
4707,376086,113981,1536,1
4708,411730,124747,1536,1
4709,420642,127487,1536,1
4710,388636,117786,1536,1
4711,350774,106317,1536,1
4712,335076,101556,1536,1
4713,351960,106664,1536,1
4714,456194,138688,1536,1
4715,661928,200536,1536,1
4716,374372,113614,1536,1
4717,340780,103281,1536,1
4718,361602,109583,1536,1
4719,741460,224632,1536,1
4720,378052,114575,1536,1
4721,379706,115118,1536,1
4722,351344,106482,1536,1
4723,397380,120434,1536,1
4724,346586,105040,1536,1
4725,379862,115114,1536,1
4726,383868,116339,1536,1
4727,460208,139460,1536,1
4728,452352,137064,1536,1
4729,323962,98171,1536,1
4730,349904,106046,1536,1
4731,314416,95281,1536,1
4732,454816,138197,1536,1
4733,339384,102857,1536,1
4734,350908,106339,1536,1
4735,298274,90412,1536,1
4736,322040,97594,1536,1
4737,415452,125887,1536,1
4738,330132,100052,1536,1
4739,399578,122422,1536,1
4740,307082,93059,1536,1
4741,247388,74944,1536,1
4742,329642,99897,1536,1
4743,343048,103953,1536,1
4744,337508,102274,1536,1
4745,335928,101805,1536,1
4746,643238,195544,1536,1
4747,605087,183659,1536,1
4748,381454,115639,1536,1
4749,1020865,309527,1536,1
4750,2274172,689100,1536,1
4751,354278,107366,1536,1
4752,373290,113122,1536,1
4753,445785,135466,1536,1
4754,465295,141443,1536,1
4755,475892,144201,1536,1
4756,1704563,516559,1536,1
4757,334788,101462,1536,1
4758,251854,76331,1536,1
4759,409562,124154,1536,1
4760,255446,77419,1536,1
4761,440008,133346,1536,1
4762,347364,105286,1536,1
4763,545854,165389,1536,1
4764,317978,96378,1536,1
4765,315700,95834,1536,1
4766,365356,110734,1536,1
4767,385992,116966,1536,1
4768,389996,118185,1536,1
4769,463960,140883,1536,1
4770,373110,113068,1536,1
4771,391184,118550,1536,1
4772,450814,136885,1536,1
4773,1356705,411335,1536,1
4774,370976,112525,1536,1
4775,387454,117430,1536,1
4776,280750,85098,1536,1
4777,335686,101729,1536,1
4778,389302,117969,1536,1
4779,233118,70654,1536,1
4780,231888,70282,1536,1
4781,331674,100527,1536,1
4782,250506,75917,1536,1
4783,407124,123369,1536,1
4784,537369,163199,1536,1
4785,280532,85042,1536,1
4786,249520,75623,1536,1
4787,321962,97583,1536,1
4788,377222,114367,1536,1
4789,478752,145249,1536,1
4790,343858,104349,1536,1
4791,250618,75956,1536,1
4792,251450,76207,1536,1
4793,354174,107603,1536,1
4794,246998,74862,1536,1
4795,231890,70371,1536,1
4796,230098,69734,1536,1
4797,344678,104452,1536,1
4798,390226,118276,1536,1
4799,351366,106487,1536,1
4800,367758,111500,1536,1
4801,345856,104816,1536,1
4802,314826,95425,1536,1
4803,307786,93280,1536,1
4804,427248,129542,1536,1
4805,375402,113764,1536,1
4806,396564,120172,1536,1
4807,393186,119279,1536,1
4808,371090,112487,1536,1
4809,361526,109565,1536,1
4810,367764,111443,1536,1
4811,373918,113307,1536,1
4812,370660,112320,1536,1
4813,244938,74203,1536,1
4814,341794,103582,1536,1
4815,316718,96060,1536,1
4816,1022484,310165,1536,1
4817,226468,68642,1536,1
4818,354784,107800,1536,1
4819,412724,125300,1536,1
4820,289506,87743,1536,1
4821,312064,94567,1536,1
4822,363776,110279,1536,1
4823,598359,181778,1536,1
4824,299278,90851,1536,1
4825,292128,88561,1536,1
4826,453626,137760,1536,1
4827,354366,107390,1536,1
4828,573170,173756,1536,1
4829,347582,105336,1536,1
4830,343852,104330,1536,1
4831,338366,102563,1536,1
4832,350938,106629,1536,1
4833,352662,106871,1536,1
4834,375854,113882,1536,1
4835,363406,110135,1536,1
4836,363432,110138,1536,1
4837,440008,133450,1536,1
4838,381180,115525,1536,1
4839,373186,113096,1536,1
4840,372520,112875,1536,1
4841,354342,107380,1536,1
4842,369388,111899,1536,1
4843,352624,106866,1536,1
4844,384542,116528,1536,1
4845,344260,104331,1536,1
4846,293928,89076,1536,1
4847,337728,102351,1536,1
4848,383652,116272,1536,1
4849,372972,113107,1536,1
4850,466856,141767,1536,1
4851,341764,103576,1536,1
4852,308380,93472,1536,1
4853,795883,241547,1536,1
4854,357346,108298,1536,1
4855,426940,129379,1536,1
4856,334654,101410,1536,1
4857,412482,124993,1536,1
4858,322436,97723,1536,1
4859,349842,106014,1536,1
4860,239540,72568,1536,1
4861,358412,108643,1536,1
4862,369394,111945,1536,1
4863,420764,127840,1536,1
4864,418316,127063,1536,1
4865,373236,113109,1536,1
4866,346378,104991,1536,1
4867,338554,102659,1536,1
4868,452694,137277,1536,1
4869,362822,109940,1536,1
4870,367022,111212,1536,1
4871,373598,113280,1536,1
4872,350622,106244,1536,1
4873,352340,106778,1536,1
4874,352172,106829,1536,1
4875,400526,121371,1536,1
4876,361386,109514,1536,1
4877,360524,109217,1536,1
4878,337056,102154,1536,1
4879,377396,114357,1536,1
4880,372192,112791,1536,1
4881,335670,101720,1536,1
4882,339838,102994,1536,1
4883,356412,108011,1536,1
4884,567729,172589,1536,1
4885,436411,132680,1536,1
4886,648914,196783,1536,1
4887,1004936,304615,1536,1
4888,364750,110526,1536,1
4889,404566,122593,1536,1
4890,470666,142690,1536,1
4891,397152,120362,1536,1
4892,1944845,589357,1536,1
4893,303506,92010,1536,1
4894,374444,113467,1536,1
4895,364926,110591,1536,1
4896,375650,113835,1536,1
4897,356200,107937,1536,1
4898,440398,133671,1536,1
4899,361848,109649,1536,1
4900,367466,111363,1536,1
4901,432852,131941,1536,1
4902,358974,108784,1536,1
4903,359666,108991,1536,1
4904,438870,133222,1536,1
4905,390536,118359,1536,1
4906,374594,113510,1536,1
4907,370468,112336,1536,1
4908,360018,109100,1536,1
4909,389986,118190,1536,1
4910,343262,104035,1536,1
4911,1002339,304431,1536,1
4912,479650,145980,1536,1
4913,470432,142574,1536,1
4914,1252457,379778,1536,1
4915,434094,131540,1536,1
4916,464075,140963,1536,1
4917,366530,111112,1536,1
4918,387640,117464,1536,1
4919,373438,140888,1536,1
4920,482984,146358,1536,1
4921,357506,108361,1536,1
4922,382368,115866,1536,1
4923,374412,113472,1536,1
4924,377120,114356,1536,1
4925,369492,111977,1536,1
4926,416506,126211,1536,1
4927,501016,151861,1536,1
4928,403742,122323,1536,1
4929,399774,121229,1536,1
4930,372712,113294,1536,1
4931,397244,120375,1536,1
4932,402072,121878,1536,1
4933,343548,104124,1536,1
4934,330544,100180,1536,1
4935,330644,100236,1536,1
4936,383110,116106,1536,1
4937,343746,104177,1536,1
4938,479275,145675,1536,1
4939,369218,111879,1536,1
4940,364260,110384,1536,1
4941,357058,108207,1536,1
4942,362508,109861,1536,1
4943,655314,199080,1536,1
4944,300368,91045,1536,1
4945,568819,172815,1536,1
4946,272764,82665,1536,1
4947,375494,113786,1536,1
4948,378898,114824,1536,1
4949,360848,109366,1536,1
4950,511944,155123,1536,1
4951,457396,138608,1536,1
4952,405586,122905,1536,1
4953,401200,121570,1536,1
4954,317082,96815,1536,1
4955,315810,95713,1536,1
4956,258788,78433,1536,1
4957,325444,98633,1536,1
4958,241230,73106,1536,1
4959,237368,71942,1536,1
4960,230796,69959,1536,1
4961,261426,79243,1536,1
4962,260736,79034,1536,1
4963,230340,69799,1536,1
4964,230562,69881,1536,1
4965,328016,99416,1536,1
4966,366682,111175,1536,1
4967,328804,99653,1536,1
4968,313078,94893,1536,1
4969,272884,82719,1536,1
4970,562294,171388,1536,1
4971,246250,74599,1536,1
4972,378248,114635,1536,1
4973,286886,86950,1536,1
4974,270720,82093,1536,1
4975,287578,87177,1536,1
4976,336154,101939,1536,1
4977,372738,112958,1536,1
4978,365392,110730,1536,1
4979,243362,73768,1536,1
4980,449521,136519,1536,1
4981,399816,121161,1536,1
4982,345004,104549,1536,1
4983,341180,103396,1536,1
4984,339840,102983,1536,1
4985,329342,99811,1536,1
4986,348826,105728,1536,1
4987,331924,100599,1536,1
4988,334084,101340,1536,1
4989,329876,99973,1536,1
4990,335404,101648,1536,1
4991,233206,70680,1536,1
4992,233402,70734,1536,1
4993,328168,99459,1536,1
4994,369736,112039,1536,1
4995,333874,101178,1536,1
4996,402274,122344,1536,1
4997,343526,104102,1536,1
4998,298564,90486,1536,1
4999,315756,95863,1536,1
5000,974740,295455,1536,1
5001,361188,109475,1536,1
5002,2416387,732870,1536,1
5003,356430,108014,1536,1
5004,338082,102458,1536,1
5005,335116,101708,1536,1
5006,1302208,394612,1536,1
5007,2000224,606055,1536,1
5008,695020,210928,1536,1
5009,1718507,522307,1536,1
5010,339724,102963,1536,1
5011,343372,104051,1536,1
5012,343954,104239,1536,1
5013,291386,88326,1536,1
5014,385956,116969,1536,1
5015,324264,98278,1536,1
5016,262500,79580,1536,1
5017,374720,113549,1536,1
5018,352022,106667,1536,1
5019,340944,103302,1536,1
5020,343150,103991,1536,1
5021,353190,107038,1536,1
5022,351448,106507,1536,1
5023,342610,103893,1536,1
5024,282050,85484,1536,1
5025,280888,85098,1536,1
5026,368564,111716,1536,1
5027,325486,98637,1536,1
5028,294236,89173,1536,1
5029,1045277,321302,1536,1
5030,546666,166397,1536,1
5031,1028112,312342,1536,1
5032,282102,85504,1536,1
5033,458654,139161,1536,1
5034,390282,118260,1536,1
5035,364258,110408,1536,1
5036,354982,107582,1536,1
5037,533917,162163,1536,1
5038,377010,114389,1536,1
5039,250388,75887,1536,1
5040,411869,125099,1536,1
5041,519920,157829,1536,1
5042,370264,112206,1536,1
5043,362700,109916,1536,1
5044,369708,111996,1536,1
5045,390356,118311,1536,1
5046,336266,101927,1536,1
5047,350004,106073,1536,1
5048,316438,95966,1536,1
5049,327000,99092,1536,1
5050,322544,97729,1536,1
5051,366364,111024,1536,1
5052,344200,104308,1536,1
5053,368352,111645,1536,1
5054,312848,94817,1536,1
5055,318462,96516,1536,1
5056,400566,121412,1536,1
5057,379534,115007,1536,1
5058,378326,114654,1536,1
5059,397400,120429,1536,1
5060,388660,117777,1536,1
5061,381494,115612,1536,1
5062,381152,115480,1536,1
5063,376634,114119,1536,1
5064,383742,116279,1536,1
5065,392874,119103,1536,1
5066,375714,113860,1536,1
5067,322874,97955,1536,1
5068,248696,75370,1536,1
5069,250686,75971,1536,1
5070,382018,115774,1536,1
5071,249388,75580,1536,1
5072,447800,136181,1536,1
5073,479246,145697,1536,1
5074,407444,123479,1536,1
5075,251506,76224,1536,1
5076,330458,100188,1536,1
5077,442490,134359,1536,1
5078,365784,110858,1536,1
5079,440272,134243,1536,1
5080,393356,119196,1536,1
5081,374772,113571,1536,1
5082,383208,116128,1536,1
5083,551711,167678,1536,1
5084,300840,91198,1536,1
5085,388784,117846,1536,1
5086,438876,132995,1536,1
5087,377584,114410,1536,1
5088,359908,109053,1536,1
5089,374342,113753,1536,1
5090,398712,120820,1536,1
5091,441026,133890,1536,1
5092,268620,81569,1536,1
5093,331218,100395,1536,1
5094,266660,80806,1536,1
5095,228628,69311,1536,1
5096,331772,100658,1536,1
5097,233684,70842,1536,1
5098,345806,104790,1536,1
5099,327688,99307,1536,1
5100,343518,104093,1536,1
5101,361640,109595,1536,1
5102,333008,100919,1536,1
5103,421798,127826,1536,1
5104,324776,98419,1536,1
5105,375946,114071,1536,1
5106,345440,104690,1536,1
5107,413544,125367,1536,1
5108,376876,114199,1536,1
5109,345112,104588,1536,1
5110,469198,142493,1536,1
5111,1769857,536681,1536,1
5112,348492,105642,1536,1
5113,328606,99582,1536,1
5114,373106,113060,1536,1
5115,444962,134845,1536,1
5116,355636,107771,1536,1
5117,393868,119358,1536,1
5118,371694,112635,1536,1
5119,368508,111677,1536,1
5120,367312,111308,1536,1
5121,379014,114862,1536,1
5122,388662,117779,1536,1
5123,396338,120103,1536,1
5124,366904,111191,1536,1
5125,415236,125839,1536,1
5126,336716,102044,1536,1
5127,369560,111997,1536,1
5128,330858,100255,1536,1
5129,331414,100455,1536,1
5130,510738,155201,1536,1
5131,363112,110112,1536,1
5132,375904,113915,1536,1
5133,364738,110539,1536,1
5134,416622,126259,1536,1
5135,461506,139857,1536,1
5136,340780,103275,1536,1
5137,328708,99615,1536,1
5138,329208,99767,1536,1
5139,336806,102075,1536,1
5140,346824,105110,1536,1
5141,382546,115930,1536,1
5142,386032,116976,1536,1
5143,449990,136357,1536,1
5144,408574,123850,1536,1
5145,328430,99533,1536,1
5146,424348,128570,1536,1
5147,310470,94090,1536,1
5148,335002,101517,1536,1
5149,26293007,7963552,1536,1
5150,367710,111433,1536,1
5151,357050,108196,1536,1
5152,449956,136394,1536,1
5153,364772,110532,1536,1
5154,338554,102623,1536,1
5155,367276,111291,1536,1
5156,403368,123144,1536,1
5157,352174,106719,1536,1
5158,606990,184659,1536,1
5159,355580,107752,1536,1
5160,350916,106338,1536,1
5161,422436,128013,1536,1
5162,358618,108670,1536,1
5163,372862,112972,1536,1
5164,492194,149214,1536,1
5165,338588,102615,1536,1
5166,373328,113130,1536,1
5167,365138,110627,1536,1
5168,372162,112755,1536,1
5169,376680,114144,1536,1
5170,374112,113373,1536,1
5171,490398,148575,1536,1
5172,363002,110002,1536,1
5173,383308,116154,1536,1
5174,392836,119036,1536,1
5175,384292,116452,1536,1
5176,419022,126986,1536,1
5177,526876,159659,1536,1
5178,325506,98654,1536,1
5179,341084,103440,1536,1
5180,283608,85997,1536,1
5181,293562,88951,1536,1
5182,341532,103561,1536,1
5183,352966,106957,1536,1
5184,363238,110103,1536,1
5185,352836,106926,1536,1
5186,246948,74840,1536,1
5187,338548,102604,1536,1
5188,374252,113423,1536,1
5189,379502,114991,1536,1
5190,448712,135975,1536,1
5191,406322,123139,1536,1
5192,598204,181868,1536,1
5193,1025669,311079,1536,1
5194,729762,221484,1536,1
5195,435554,131995,1536,1
5196,625296,189478,1536,1
5197,360774,109355,1536,1
5198,413324,125248,1536,1
5199,503976,152907,1536,1
5200,421408,127673,1536,1
5201,361232,109463,1536,1
5202,387314,117372,1536,1
5203,380294,115251,1536,1
5204,436968,132520,1536,1
5205,404666,122620,1536,1
5206,391484,118619,1536,1
5207,384980,116677,1536,1
5208,259556,78664,1536,1
5209,375930,114586,1536,1
5210,357950,108482,1536,1
5211,258752,78416,1536,1
5212,396064,120013,1536,1
5213,400814,121472,1536,1
5214,439032,133042,1536,1
5215,395306,119756,1536,1
5216,393120,119102,1536,1
5217,393834,119322,1536,1
5218,353740,107320,1536,1
5219,258838,78443,1536,1
5220,405074,122741,1536,1
5221,393630,119276,1536,1
5222,379054,114836,1536,1
5223,295812,89643,1536,1
5224,397004,120302,1536,1
5225,374238,113413,1536,1
5226,257092,77918,1536,1
5227,336952,102124,1536,1
5228,259726,78717,1536,1
5229,277426,84108,1536,1
5230,263980,80003,1536,1
5231,316962,96203,1536,1
5232,371434,112548,1536,1
5233,334774,101455,1536,1
5234,272526,82620,1536,1
5235,353774,107203,1536,1
5236,285736,86605,1536,1
5237,360042,109353,1536,1
5238,389250,117961,1536,1
5239,340450,103499,1536,1
5240,249998,75849,1536,1
5241,287148,87043,1536,1
5242,249142,75509,1536,1
5243,247502,75007,1536,1
5244,271124,82186,1536,1
5245,252136,76417,1536,1
5246,276748,83884,1536,1
5247,248478,75310,1536,1
5248,285600,86570,1536,1
5249,293780,89021,1536,1
5250,288588,87468,1536,1
5251,272246,82529,1536,1
5252,334826,101465,1536,1
5253,348666,105669,1536,1
5254,250060,75784,1536,1
5255,318858,96653,1536,1
5256,257040,77922,1536,1
5257,231430,70144,1536,1
5258,231260,70094,1536,1
5259,348520,105724,1536,1
5260,428804,129949,1536,1
5261,370436,112243,1536,1
5262,382684,115980,1536,1
5263,381614,115642,1536,1
5264,256460,77725,1536,1
5265,368302,111620,1536,1
5266,255402,77402,1536,1
5267,248738,75383,1536,1
5268,244458,74082,1536,1
5269,249040,75473,1536,1
5270,766751,232666,1536,1
5271,338704,102642,1536,1
5272,334906,101634,1536,1
5273,342194,103705,1536,1
5274,247826,75110,1536,1
5275,382360,115863,1536,1
5276,289204,87852,1536,1
5277,258338,78309,1536,1
5278,242042,73354,1536,1
5279,301824,91460,1536,1
5280,317594,96255,1536,1
5281,337272,102218,1536,1
5282,242278,73423,1536,1
5283,503744,152665,1536,1
5284,333440,101036,1536,1
5285,305610,92586,1536,1
5286,339676,102933,1536,1
5287,350188,106123,1536,1
5288,251208,76147,1536,1
5289,238998,72433,1536,1
5290,411172,124604,1536,1
5291,511202,155062,1536,1
5292,353998,107282,1536,1
5293,353960,107264,1536,1
5294,295992,89708,1536,1
5295,340762,103263,1536,1
5296,309964,93933,1536,1
5297,240780,72972,1536,1
5298,371690,112632,1536,1
5299,353196,107031,1536,1
5300,361918,109749,1536,1
5301,310348,94059,1536,1
5302,768104,232756,1536,1
5303,265108,80338,1536,1
5304,312396,94715,1536,1
5305,361544,109566,1536,1
5306,1262659,382735,1536,1
5307,286204,86752,1536,1
5308,344230,104317,1536,1
5309,701728,212889,1536,1
5310,350872,106332,1536,1
5311,357346,108286,1536,1
5312,338088,102457,1536,1
5313,247274,74945,1536,1
5314,329126,99743,1536,1
5315,272072,82466,1536,1
5316,377196,114299,1536,1
5317,497994,150888,1536,1
5318,293846,89058,1536,1
5319,347826,105399,1536,1
5320,374610,113527,1536,1
5321,362668,109908,1536,1
5322,391880,118755,1536,1
5323,393962,119384,1536,1
5324,459124,139139,1536,1
5325,340406,103167,1536,1
5326,366824,111198,1536,1
5327,366784,111114,1536,1
5328,435864,132084,1536,1
5329,342900,103915,1536,1
5330,355978,107980,1536,1
5331,330570,100184,1536,1
5332,290706,88107,1536,1
5333,266652,80823,1536,1
5334,351822,106626,1536,1
5335,370272,112208,1536,1
5336,261062,79129,1536,1
5337,416126,126100,1536,1
5338,244972,74260,1536,1
5339,392456,119605,1536,1
5340,441622,133816,1536,1
5341,370416,112249,1536,1
5342,1019395,309046,1536,1
5343,335422,101658,1536,1
5344,1010051,306294,1536,1
5345,360690,109319,1536,1
5346,337168,102189,1536,1
5347,362504,109863,1536,1
5348,352102,106698,1536,1
5349,338232,102506,1536,1
5350,395946,119988,1536,1
5351,434564,131693,1536,1
5352,371722,112646,1536,1
5353,416676,126275,1536,1
5354,360856,109356,1536,1
5355,448190,136018,1536,1
5356,389632,118070,1536,1
5357,391582,118657,1536,1
5358,376706,114244,1536,1
5359,373802,113280,1536,1
5360,404458,122960,1536,1
5361,302618,91722,1536,1
5362,325490,98644,1536,1
5363,401524,121727,1536,1
5364,615078,186617,1536,1
5365,530917,161270,1536,1
5366,431364,130778,1536,1
5367,350122,106109,1536,1
5368,422430,128008,1536,1
5369,398758,120838,1536,1
5370,415198,125795,1536,1
5371,421808,127812,1536,1
5372,404952,122673,1536,1
5373,367120,111234,1536,1
5374,414596,125628,1536,1
5375,390860,118452,1536,1
5376,413382,125266,1536,1
5377,398600,120767,1536,1
5378,414834,125809,1536,1
5379,407588,123506,1536,1
5380,394740,119616,1536,1
5381,375074,113661,1536,1
5382,259668,78692,1536,1
5383,439456,133162,1536,1
5384,629154,190630,1536,1
5385,393346,119197,1536,1
5386,353036,106992,1536,1
5387,365020,110623,1536,1
5388,364856,110568,1536,1
5389,367830,111478,1536,1
5390,350388,106186,1536,1
5391,1629476,494005,1536,1
5392,990164,299943,1536,1
5393,438622,132911,1536,1
5394,378736,114776,1536,1
5395,437646,132617,1536,1
5396,389848,118148,1536,1
5397,2332340,706904,1536,1
5398,399382,121043,1536,1
5399,757606,229923,1536,1
5400,871490,264000,1536,1
5401,375126,113694,1536,1
5402,393192,119163,1536,1
5403,415516,125904,1536,1
5404,377858,114512,1536,1
5405,394022,119416,1536,1
5406,346640,105050,1536,1
5407,360474,109240,1536,1
5408,323936,98174,1536,1
5409,339238,102810,1536,1
5410,344454,104390,1536,1
5411,352248,106744,1536,1
5412,306306,92830,1536,1
5413,368556,111692,1536,1
5414,496758,150789,1536,1
5415,383068,116050,1536,1
5416,367392,111333,1536,1
5417,380886,115425,1536,1
5418,381394,115563,1536,1
5419,422362,128132,1536,1
5420,343444,104089,1536,1
5421,354460,107412,1536,1
5422,370414,112254,1536,1
5423,347606,105302,1536,1
5424,327124,99134,1536,1
5425,359908,109065,1536,1
5426,433530,131373,1536,1
5427,376820,114197,1536,1
5428,380364,115266,1536,1
5429,378772,114770,1536,1
5430,302918,91809,1536,1
5431,1789722,542529,1536,1
5432,394938,119672,1536,1
5433,2138693,648156,1536,1
5434,377626,114447,1536,1
5435,493430,149897,1536,1
5436,336090,101859,1536,1
5437,361782,109593,1536,1
5438,375942,113978,1536,1
5439,367198,111272,1536,1
5440,352824,106914,1536,1
5441,365674,110807,1536,1
5442,401320,121649,1536,1
5443,383258,116123,1536,1
5444,374106,113377,1536,1
5445,376100,113976,1536,1
5446,374352,113451,1536,1
5447,382568,115894,1536,1
5448,455728,138095,1536,1
5449,397870,120560,1536,1
5450,356956,108170,1536,1
5451,362278,110101,1536,1
5452,376942,114238,1536,1
5453,342110,103773,1536,1
5454,371688,112729,1536,1
5455,360084,109120,1536,1
5456,359736,108976,1536,1
5457,336182,101858,1536,1
5458,375420,113786,1536,1
5459,373470,113181,1536,1
5460,360502,109215,1536,1
5461,365786,110854,1536,1
5462,514514,156015,1536,1
5463,561334,170594,1536,1
5464,891116,270181,1536,1
5465,331544,100470,1536,1
5466,389664,118069,1536,1
5467,308058,93369,1536,1
5468,372036,112747,1536,1
5469,359630,109004,1536,1
5470,394828,119649,1536,1
5471,381908,115735,1536,1
5472,479064,145214,1536,1
5473,381062,115463,1536,1
5474,389416,117990,1536,1
5475,379534,115015,1536,1
5476,424522,128657,1536,1
5477,452388,137069,1536,1
5478,384756,116592,1536,1
5479,380976,115432,1536,1
5480,387454,117410,1536,1
5481,395742,119962,1536,1
5482,283532,85922,1536,1
5483,360536,109263,1536,1
5484,250806,76019,1536,1
5485,363908,110278,1536,1
5486,347056,105180,1536,1
5487,249472,75611,1536,1
5488,329280,99793,1536,1
5489,364740,110522,1536,1
5490,367710,111417,1536,1
5491,365648,110803,1536,1
5492,340274,103204,1536,1
5493,372978,113032,1536,1
5494,385454,116803,1536,1
5495,383522,116222,1536,1
5496,482408,146230,1536,1
5497,380085,115641,1536,1
5498,383390,116182,1536,1
5499,417998,126674,1536,1
5500,368874,111789,1536,1
5501,742920,225380,1536,1
5502,351140,106414,1536,1
5503,360396,109211,1536,1
5504,334842,101520,1536,1
5505,391456,118632,1536,1
5506,371874,112697,1536,1
5507,380382,115271,1536,1
5508,384476,116506,1536,1
5509,452336,137144,1536,1
5510,269690,81774,1536,1
5511,327090,99135,1536,1
5512,341046,103360,1536,1
5513,341800,103589,1536,1
5514,247790,75099,1536,1
5515,348612,105640,1536,1
5516,371422,112563,1536,1
5517,252476,76531,1536,1
5518,347182,105213,1536,1
5519,439148,133613,1536,1
5520,358086,108520,1536,1
5521,376332,114102,1536,1
5522,336368,102145,1536,1
5523,1041107,315883,1536,1
5524,468835,142709,1536,1
5525,271032,82167,1536,1
5526,374438,113494,1536,1
5527,335596,101700,1536,1
5528,412548,125263,1536,1
5529,324758,98425,1536,1
5530,290364,88017,1536,1
5531,250220,75846,1536,1
5532,381090,115492,1536,1
5533,382574,115940,1536,1
5534,377214,114288,1536,1
5535,394654,119766,1536,1
5536,289786,87839,1536,1
5537,345364,104666,1536,1
5538,323636,98095,1536,1
5539,361466,109543,1536,1
5540,361836,109630,1536,1
5541,428214,129801,1536,1
5542,308042,93366,1536,1
5543,327014,99124,1536,1
5544,346382,104969,1536,1
5545,360726,109300,1536,1
5546,384176,116418,1536,1
5547,405326,122810,1536,1
5548,462096,140030,1536,1
5549,375854,113895,1536,1
5550,388022,117588,1536,1
5551,387246,117353,1536,1
5552,327486,99252,1536,1
5553,379350,114961,1536,1
5554,362708,109933,1536,1
5555,375722,113837,1536,1
5556,507996,154118,1536,1
5557,385088,116855,1536,1
5558,432656,131109,1536,1
5559,344692,104467,1536,1
5560,782546,237231,1536,1
5561,363344,110106,1536,1
5562,333700,101129,1536,1
5563,391674,118693,1536,1
5564,376624,114147,1536,1
5565,352860,106909,1536,1
5566,351896,106643,1536,1
5567,350540,106225,1536,1
5568,345188,104604,1536,1
5569,364924,110585,1536,1
5570,360850,109361,1536,1
5571,353764,107205,1536,1
5572,359218,108860,1536,1
5573,419812,127218,1536,1
5574,365108,110648,1536,1
5575,399382,121029,1536,1
5576,371618,112624,1536,1
5577,394206,119474,1536,1
5578,1244990,377377,1536,1
5579,378390,114673,1536,1
5580,419862,127242,1536,1
5581,367744,111449,1536,1
5582,367988,111500,1536,1
5583,548714,166259,1536,1
5584,410330,124358,1536,1
5585,387822,117516,1536,1
5586,536234,162474,1536,1
5587,378934,114845,1536,1
5588,485364,147084,1536,1
5589,377830,114496,1536,1
5590,375182,113679,1536,1
5591,445432,134987,1536,1
5592,378962,115052,1536,1
5593,452520,137127,1536,1
5594,377268,114327,1536,1
5595,369004,111803,1536,1
5596,390818,118625,1536,1
5597,508590,154111,1536,1
5598,371468,112571,1536,1
5599,337696,102342,1536,1
5600,427786,129642,1536,1
5601,402260,121904,1536,1
5602,390036,118184,1536,1
5603,388424,117851,1536,1
5604,338818,102709,1536,1
5605,321704,97499,1536,1
5606,327456,99238,1536,1
5607,362110,109732,1536,1
5608,349278,105848,1536,1
5609,356608,108064,1536,1
5610,454884,138015,1536,1
5611,383926,116449,1536,1
5612,406012,123036,1536,1
5613,449346,136219,1536,1
5614,385800,116877,1536,1
5615,377048,114259,1536,1
5616,369516,111975,1536,1
5617,375610,113815,1536,1
5618,363026,110010,1536,1
5619,460684,139596,1536,1
5620,497954,150914,1536,1
5621,343644,104136,1536,1
5622,361668,109605,1536,1
5623,361196,109459,1536,1
5624,367218,111266,1536,1
5625,365606,110787,1536,1
5626,421866,127843,1536,1
5627,373626,113194,1536,1
5628,421732,127793,1536,1
5629,330188,100070,1536,1
5630,334698,101436,1536,1
5631,313894,95932,1536,1
5632,302944,91813,1536,1
5633,365470,110741,1536,1
5634,346280,104943,1536,1
5635,285062,86397,1536,1
5636,363896,110281,1536,1
5637,681058,206557,1536,1
5638,739109,224231,1536,1
5639,352074,106716,1536,1
5640,406546,123559,1536,1
5641,223466,67739,1536,1
5642,218500,66218,1536,1
5643,316548,95922,1536,1
5644,214682,65066,1536,1
5645,280344,84951,1536,1
5646,216016,65442,1536,1
5647,217422,65897,1536,1
5648,234404,71059,1536,1
5649,353050,106992,1536,1
5650,361798,109638,1536,1
5651,354346,107376,1536,1
5652,360744,109292,1536,1
5653,474692,143827,1536,1
5654,362118,109719,1536,1
5655,355524,107722,1536,1
5656,353784,107213,1536,1
5657,366330,111164,1536,1
5658,373652,113234,1536,1
5659,390622,118438,1536,1
5660,493826,150101,1536,1
5661,348916,105753,1536,1
5662,350198,106131,1536,1
5663,245152,74298,1536,1
5664,242070,73359,1536,1
5665,362204,109761,1536,1
5666,365142,110650,1536,1
5667,355048,107602,1536,1
5668,340376,103145,1536,1
5669,295660,89610,1536,1
5670,330650,100216,1536,1
5671,382430,115891,1536,1
5672,239672,72634,1536,1
5673,240538,73345,1536,1
5674,244056,74047,1536,1
5675,241942,73324,1536,1
5676,242526,73506,1536,1
5677,239152,72480,1536,1
5678,240044,72748,1536,1
5679,403232,122222,1536,1
5680,360684,109303,1536,1
5681,364428,110436,1536,1
5682,276860,83914,1536,1
5683,239414,72552,1536,1
5684,230746,69932,1536,1
5685,240478,72862,1536,1
5686,232008,70316,1536,1
5687,232918,70590,1536,1
5688,234544,71092,1536,1
5689,232062,70302,1536,1
5690,238658,72324,1536,1
5691,312860,94819,1536,1
5692,230006,69706,1536,1
5693,343588,104118,1536,1
5694,278206,84329,1536,1
5695,287724,87208,1536,1
5696,225792,68443,1536,1
5697,239756,72660,1536,1
5698,361234,109483,1536,1
5699,300322,91027,1536,1
5700,343326,104036,1536,1
5701,320134,97016,1536,1
5702,266284,80710,1536,1
5703,362344,109802,1536,1
5704,319430,96807,1536,1
5705,346956,105136,1536,1
5706,342116,103682,1536,1
5707,290652,88099,1536,1
5708,415752,125993,1536,1
5709,343232,104025,1536,1
5710,263944,80009,1536,1
5711,277502,84093,1536,1
5712,296534,89867,1536,1
5713,289780,87919,1536,1
5714,344016,104263,1536,1
5715,351598,106859,1536,1
5716,342024,103647,1536,1
5717,308204,93410,1536,1
5718,259834,78729,1536,1
5719,305996,92724,1536,1
5720,331590,100552,1536,1
5721,292600,88732,1536,1
5722,255248,77360,1536,1
5723,267902,81197,1536,1
5724,527222,159869,1536,1
5725,413242,125381,1536,1
5726,287180,87455,1536,1
5727,327616,99404,1536,1
5728,271038,82157,1536,1
5729,286610,86858,1536,1
5730,319224,96741,1536,1
5731,246792,74815,1536,1
5732,259620,78680,1536,1
5733,215622,65324,1536,1
5734,439242,133536,1536,1
5735,342932,103985,1536,1
5736,1125631,341238,1536,1
5737,875975,266025,1536,1
5738,694487,210801,1536,1
5739,594288,180351,1536,1
5740,352082,106752,1536,1
5741,277896,84226,1536,1
5742,258496,78350,1536,1
5743,279550,84708,1536,1
5744,348148,105506,1536,1
5745,263128,79951,1536,1
5746,295260,89500,1536,1
5747,269744,81854,1536,1
5748,363448,110132,1536,1
5749,358170,108538,1536,1
5750,350772,106273,1536,1
5751,353120,107016,1536,1
5752,420664,127838,1536,1
5753,279390,84663,1536,1
5754,334766,101781,1536,1
5755,305042,92451,1536,1
5756,272686,82650,1536,1
5757,289348,87697,1536,1
5758,233262,70695,1536,1
5759,343702,104169,1536,1
5760,262986,79748,1536,1
5761,309182,93702,1536,1
5762,238016,72157,1536,1
5763,217266,65849,1536,1
5764,299322,90718,1536,1
5765,494328,150425,1536,1
5766,364552,110480,1536,1
5767,490575,149059,1536,1
5768,542526,164397,1536,1
5769,375832,113881,1536,1
5770,1174035,355910,1536,1
5771,252114,76408,1536,1
5772,325382,98612,1536,1
5773,242630,73532,1536,1
5774,357576,108348,1536,1
5775,250380,75897,1536,1
5776,270102,81969,1536,1
5777,272532,82605,1536,1
5778,296512,89846,1536,1
5779,220370,66790,1536,1
5780,249492,75624,1536,1
5781,232436,70441,1536,1
5782,232324,70409,1536,1
5783,321074,97408,1536,1
5784,232146,70352,1536,1
5785,230188,69760,1536,1
5786,268368,81345,1536,1
5787,232228,70384,1536,1
5788,231366,70123,1536,1
5789,257758,78131,1536,1
5790,235462,71363,1536,1
5791,273324,82849,1536,1
5792,261384,79227,1536,1
5793,350604,106483,1536,1
5794,304334,92241,1536,1
5795,436510,132265,1536,1
5796,280298,84971,1536,1
5797,353062,107003,1536,1
5798,241232,73110,1536,1
5799,320378,97089,1536,1
5800,385816,116942,1536,1
5801,360850,109406,1536,1
5802,382332,115870,1536,1
5803,325730,98690,1536,1
5804,379360,114970,1536,1
5805,348558,105627,1536,1
5806,384068,116385,1536,1
5807,656209,199572,1536,1
5808,243292,73737,1536,1
5809,421945,128333,1536,1
5810,506222,153894,1536,1
5811,349026,105768,1536,1
5812,375294,113738,1536,1
5813,336190,101936,1536,1
5814,474847,144179,1536,1
5815,427012,129689,1536,1
5816,562256,170614,1536,1
5817,567046,172203,1536,1
5818,349328,105861,1536,1
5819,405322,122846,1536,1
5820,414088,125506,1536,1
5821,383230,116145,1536,1
5822,386266,117054,1536,1
5823,412270,124939,1536,1
5824,387746,117507,1536,1
5825,403720,122337,1536,1
5826,373352,113138,1536,1
5827,446612,135341,1536,1
5828,313180,95048,1536,1
5829,354172,107341,1536,1
5830,350410,106207,1536,1
5831,331534,100481,1536,1
5832,343794,104198,1536,1
5833,333020,100920,1536,1
5834,302780,91742,1536,1
5835,351200,106427,1536,1
5836,386530,117127,1536,1
5837,393246,119159,1536,1
5838,1003049,304309,1536,1
5839,816369,247647,1536,1
5840,917676,278423,1536,1
5841,387080,117299,1536,1
5842,357354,108284,1536,1
5843,454446,137685,1536,1
5844,388594,117760,1536,1
5845,389672,118096,1536,1
5846,351190,106426,1536,1
5847,504552,152873,1536,1
5848,505880,153379,1536,1
5849,417950,126661,1536,1
5850,428476,129832,1536,1
5851,380254,115231,1536,1
5852,377996,114550,1536,1
5853,378480,114688,1536,1
5854,374764,113564,1536,1
5855,369658,112022,1536,1
5856,378348,114648,1536,1
5857,350548,106234,1536,1
5858,304808,92372,1536,1
5859,425052,128810,1536,1
5860,393584,119312,1536,1
5861,384702,116595,1536,1
5862,473142,143367,1536,1
5863,374174,113391,1536,1
5864,4845454,1468235,1536,1
5865,933065,282970,1536,1
5866,627322,190425,1536,1
5867,391400,118940,1536,1
5868,350862,106384,1536,1
5869,586779,178103,1536,1
5870,1469280,446407,1536,1
5871,298446,90616,1536,1
5872,385976,116981,1536,1
5873,343656,104150,1536,1
5874,307420,93188,1536,1
5875,272306,82533,1536,1
5876,316098,95799,1536,1
5877,369362,111935,1536,1
5878,391486,118633,1536,1
5879,400280,121297,1536,1
5880,328562,99571,1536,1
5881,275408,83479,1536,1
5882,286960,86963,1536,1
5883,308964,93633,1536,1
5884,337688,102511,1536,1
5885,359630,108978,1536,1
5886,346954,105142,1536,1
5887,415598,125943,1536,1
5888,383026,116070,1536,1
5889,584488,177463,1536,1
5890,384630,116553,1536,1
5891,4592737,1391491,1536,1
5892,481432,145878,1536,1
5893,351714,106593,1536,1
5894,335436,101845,1536,1
5895,300338,91026,1536,1
5896,306134,92791,1536,1
5897,1331755,404221,1536,1
5898,354762,107504,1536,1
5899,350076,106130,1536,1
5900,338760,102664,1536,1
5901,323736,98130,1536,1
5902,382774,115998,1536,1
5903,433284,131374,1536,1
5904,279040,84578,1536,1
5905,322612,97893,1536,1
5906,306600,92918,1536,1
5907,323424,98128,1536,1
5908,326940,99088,1536,1
5909,300880,91186,1536,1
5910,367970,112847,1536,1
5911,362328,109807,1536,1
5912,325476,98640,1536,1
5913,298680,90600,1536,1
5914,365462,110765,1536,1
5915,334120,101269,1536,1
5916,345028,104568,1536,1
5917,343244,104022,1536,1
5918,317740,96307,1536,1
5919,384516,116566,1536,1
5920,325430,98635,1536,1
5921,2032459,616038,1536,1
5922,375274,113738,1536,1
5923,364454,110446,1536,1
5924,372246,112798,1536,1
5925,266252,80700,1536,1
5926,271848,82409,1536,1
5927,1016893,308439,1536,1
5928,454044,137641,1536,1
5929,469277,142647,1536,1
5930,327020,99174,1536,1
5931,331634,100567,1536,1
5932,373356,113274,1536,1
5933,244664,74150,1536,1
5934,273960,83029,1536,1
5935,308558,93539,1536,1
5936,305328,92542,1536,1
5937,240770,72964,1536,1
5938,344540,104568,1536,1
5939,346362,104983,1536,1
5940,331316,100406,1536,1
5941,366346,111020,1536,1
5942,363078,110026,1536,1
5943,462624,140180,1536,1
5944,356874,108244,1536,1
5945,339748,102962,1536,1
5946,380186,115184,1536,1
5947,368076,111537,1536,1
5948,286810,86938,1536,1
5949,348494,105602,1536,1
5950,363698,110223,1536,1
5951,361026,109414,1536,1
5952,343886,104211,1536,1
5953,515884,156523,1536,1
5954,702464,213108,1536,1
5955,707372,214455,1536,1
5956,669233,203106,1536,1
5957,353058,106992,1536,1
5958,943686,286098,1536,1
5959,852416,258517,1536,1
5960,440992,133635,1536,1
5961,495076,150011,1536,1
5962,369224,111892,1536,1
5963,370310,112235,1536,1
5964,540656,163817,1536,1
5965,353256,107059,1536,1
5966,376152,114002,1536,1
5967,249716,75680,1536,1
5968,371436,112558,1536,1
5969,386428,117106,1536,1
5970,388036,117593,1536,1
5971,401982,121808,1536,1
5972,354218,107346,1536,1
5973,248262,75242,1536,1
5974,321270,97369,1536,1
5975,343634,104171,1536,1
5976,403644,122315,1536,1
5977,413210,125194,1536,1
5978,630559,191758,1536,1
5979,479318,145308,1536,1
5980,1098116,333114,1536,1
5981,575556,174369,1536,1
5982,432194,130972,1536,1
5983,333296,101019,1536,1
5984,431134,130644,1536,1
5985,427124,129425,1536,1
5986,417226,126458,1536,1
5987,865338,262407,1536,1
5988,372730,112952,1536,1
5989,366844,111270,1536,1
5990,414880,125727,1536,1
5991,377672,116229,1536,1
5992,392486,118928,1536,1
5993,413158,125199,1536,1
5994,369472,111965,1536,1
5995,391512,118899,1536,1
5996,375166,113694,1536,1
5997,403468,122269,1536,1
5998,326466,98985,1536,1
5999,365704,111016,1536,1
6000,367042,111224,1536,1
6001,394056,119434,1536,1
6002,362066,109741,1536,1
6003,3321446,1006507,1536,1
6004,294678,89323,1536,1
6005,305624,92637,1536,1
6006,251034,76076,1536,1
6007,454636,137943,1536,1
6008,363128,110048,1536,1
6009,344656,104451,1536,1
6010,379834,115278,1536,1
6011,372344,112979,1536,1
6012,391438,118617,1536,1
6013,381166,115490,1536,1
6014,362006,109708,1536,1
6015,367954,111496,1536,1
6016,366970,111194,1536,1
6017,377704,114457,1536,1
6018,424840,128797,1536,1
6019,377822,114498,1536,1
6020,547492,165989,1536,1
6021,374084,113359,1536,1
6022,375870,113905,1536,1
6023,372490,112873,1536,1
6024,375024,113659,1536,1
6025,387820,117529,1536,1
6026,401634,121713,1536,1
6027,388096,117611,1536,1
6028,373954,113329,1536,1
6029,396036,120003,1536,1
6030,395290,119791,1536,1
6031,392144,118824,1536,1
6032,437976,132715,1536,1
6033,396386,120175,1536,1
6034,397820,120555,1536,1
6035,385476,116840,1536,1
6036,384372,116472,1536,1
6037,451780,136901,1536,1
6038,531978,161297,1536,1
6039,413754,125381,1536,1
6040,675952,204951,1536,1
6041,440994,133824,1536,1
6042,941739,285952,1536,1
6043,381922,115732,1536,1
6044,5645759,1710350,1536,1
6045,402942,122122,1536,1
6046,382216,115823,1536,1
6047,378716,114765,1536,1
6048,438012,132729,1536,1
6049,382638,115929,1536,1
6050,396254,120076,1536,1
6051,394300,119592,1536,1
6052,401480,121663,1536,1
6053,396056,120015,1536,1
6054,384678,116564,1536,1
6055,396880,120267,1536,1
6056,446094,136289,1536,1
6057,373870,113301,1536,1
6058,383800,116305,1536,1
6059,370668,112327,1536,1
6060,376496,114101,1536,1
6061,429846,130276,1536,1
6062,280290,84933,1536,1
6063,254384,77097,1536,1
6064,252664,76681,1536,1
6065,313568,95026,1536,1
6066,466858,141462,1536,1
6067,426598,129276,1536,1
6068,503534,152817,1536,1
6069,1441771,438337,1536,1
6070,530200,160765,1536,1
6071,478170,144923,1536,1
6072,407110,123369,1536,1
6073,429610,130182,1536,1
6074,384280,116448,1536,1
6075,628687,191079,1536,1
6076,527572,159855,1536,1
6077,409338,124065,1536,1
6078,422972,128583,1536,1
6079,370142,112179,1536,1
6080,349322,105878,1536,1
6081,407200,123399,1536,1
6082,352436,106828,1536,1
6083,458732,139016,1536,1
6084,305200,92503,1536,1
6085,378944,114843,1536,1
6086,392662,118992,1536,1
6087,344982,104556,1536,1
6088,338488,102663,1536,1
6089,378804,114907,1536,1
6090,390908,118449,1536,1
6091,413528,125305,1536,1
6092,404354,122531,1536,1
6093,324986,98503,1536,1
6094,251472,76213,1536,1
6095,252518,76526,1536,1
6096,527440,159937,1536,1
6097,409842,124213,1536,1
6098,528052,160501,1536,1
6099,441910,133904,1536,1
6100,382370,115867,1536,1
6101,400678,121422,1536,1
6102,378296,114721,1536,1
6103,393466,119230,1536,1
6104,394238,119474,1536,1
6105,345172,104605,1536,1
6106,477058,144868,1536,1
6107,388360,117682,1536,1
6108,367032,111247,1536,1
6109,367176,111315,1536,1
6110,376004,113936,1536,1
6111,374184,113395,1536,1
6112,274826,83337,1536,1
6113,248456,75302,1536,1
6114,295666,89611,1536,1
6115,248398,75275,1536,1
6116,335872,101786,1536,1
6117,414064,125525,1536,1
6118,542968,164685,1536,1
6119,393918,119446,1536,1
6120,381322,115563,1536,1
6121,396576,120363,1536,1
6122,406080,123054,1536,1
6123,796618,241465,1536,1
6124,574484,174674,1536,1
6125,413194,125245,1536,1
6126,363112,110049,1536,1
6127,650366,197308,1536,1
6128,2095070,635076,1536,1
6129,498036,150906,1536,1
6130,373040,113064,1536,1
6131,376320,114037,1536,1
6132,425256,129089,1536,1
6133,363590,110197,1536,1
6134,408776,123942,1536,1
6135,376174,113992,1536,1
6136,450904,136640,1536,1
6137,348524,105609,1536,1
6138,338430,102572,1536,1
6139,324426,98325,1536,1
6140,330680,100215,1536,1
6141,339832,102990,1536,1
6142,342612,103824,1536,1
6143,350752,106306,1536,1
6144,453348,137949,1536,1
6145,374336,113447,1536,1
6146,494546,150232,1536,1
6147,256002,77589,1536,1
6148,370538,112302,1536,1
6149,401472,121652,1536,1
6150,569048,172436,1536,1
6151,931399,282905,1536,1
6152,486322,147450,1536,1
6153,561976,170361,1536,1
6154,236038,71538,1536,1
6155,352850,106937,1536,1
6156,392868,119145,1536,1
6157,406494,123418,1536,1
6158,404846,122675,1536,1
6159,501388,151925,1536,1
6160,385164,116751,1536,1
6161,370952,112397,1536,1
6162,383514,116215,1536,1
6163,365640,110807,1536,1
6164,382886,116027,1536,1
6165,418050,126683,1536,1
6166,418750,126889,1536,1
6167,411896,124808,1536,1
6168,374998,113627,1536,1
6169,380690,115396,1536,1
6170,376728,114164,1536,1
6171,397234,120357,1536,1
6172,418732,126884,1536,1
6173,367058,111245,1536,1
6174,417508,126511,1536,1
6175,406338,123137,1536,1
6176,7805866,2365094,1536,1
6177,784163,237852,1536,1
6178,454098,137606,1536,1
6179,466010,141512,1536,1
6180,2558691,775351,1536,1
6181,333664,101126,1536,1
6182,441074,133663,1536,1
6183,327434,99241,1536,1
6184,419554,127142,1536,1
6185,420710,127494,1536,1
6186,416652,126257,1536,1
6187,361314,109496,1536,1
6188,370952,112420,1536,1
6189,422386,127999,1536,1
6190,376302,114036,1536,1
6191,377096,114285,1536,1
6192,371568,112602,1536,1
6193,375288,113805,1536,1
6194,553866,167930,1536,1
6195,379452,114997,1536,1
6196,449570,136554,1536,1
6197,484570,147025,1536,1
6198,521777,158468,1536,1
6199,1421103,430771,1536,1
6200,395514,119850,1536,1
6201,1026265,311356,1536,1
6202,496710,150571,1536,1
6203,393804,119376,1536,1
6204,384916,116656,1536,1
6205,381214,115531,1536,1
6206,388748,117811,1536,1
6207,384528,116531,1536,1
6208,434632,131721,1536,1
6209,389856,118166,1536,1
6210,397286,120372,1536,1
6211,393316,119189,1536,1
6212,313112,94904,1536,1
6213,314792,95385,1536,1
6214,332998,100928,1536,1
6215,439872,133335,1536,1
6216,383462,116193,1536,1
6217,364376,110422,1536,1
6218,349970,106063,1536,1
6219,337456,102287,1536,1
6220,439950,134190,1536,1
6221,385132,116692,1536,1
6222,406444,123176,1536,1
6223,398794,120846,1536,1
6224,346794,105152,1536,1
6225,351516,106533,1536,1
6226,451930,136891,1536,1
6227,389312,117999,1536,1
6228,409482,124091,1536,1
6229,409580,124127,1536,1
6230,399616,121104,1536,1
6231,412956,125149,1536,1
6232,459978,139711,1536,1
6233,361974,109714,1536,1
6234,1110123,337094,1536,1
6235,398942,120933,1536,1
6236,337336,102308,1536,1
6237,557496,169642,1536,1
6238,369342,111922,1536,1
6239,401864,121753,1536,1
6240,375452,113781,1536,1
6241,399592,121096,1536,1
6242,396614,120189,1536,1
6243,367210,111274,1536,1
6244,390748,118398,1536,1
6245,400798,121458,1536,1
6246,402174,121882,1536,1
6247,465334,141003,1536,1
6248,372666,112942,1536,1
6249,370666,112319,1536,1
6250,452986,137407,1536,1
6251,386228,117042,1536,1
6252,298838,90568,1536,1
6253,376596,114126,1536,1
6254,508922,154239,1536,1
6255,405058,122746,1536,1
6256,452160,137028,1536,1
6257,390172,118236,1536,1
6258,382476,115905,1536,1
6259,364710,110524,1536,1
6260,546566,165608,1536,1
6261,385792,116916,1536,1
6262,370908,112412,1536,1
6263,379438,114997,1536,1
6264,404828,122678,1536,1
6265,401412,121633,1536,1
6266,436368,132222,1536,1
6267,407980,123646,1536,1
6268,399964,121209,1536,1
6269,502606,152536,1536,1
6270,414642,125649,1536,1
6271,402800,122067,1536,1
6272,437206,132484,1536,1
6273,414062,125491,1536,1
6274,587810,178184,1536,1
6275,426392,129187,1536,1
6276,483466,146512,1536,1
6277,413116,125189,1536,1
6278,412990,125160,1536,1
6279,391994,118793,1536,1
6280,398280,120692,1536,1
6281,397756,120535,1536,1
6282,396122,120031,1536,1
6283,421084,127671,1536,1
6284,630464,191082,1536,1
6285,386934,117260,1536,1
6286,346026,104867,1536,1
6287,488578,148056,1536,1
6288,403080,122152,1536,1
6289,401970,121889,1536,1
6290,444290,134633,1536,1
6291,419306,127068,1536,1
6292,420384,127396,1536,1
6293,417148,126408,1536,1
6294,440210,133491,1536,1
6295,373608,113230,1536,1
6296,374350,113443,1536,1
6297,367618,111422,1536,1
6298,397328,120408,1536,1
6299,475036,144417,1536,1
6300,344042,104267,1536,1
6301,380864,115401,1536,1
6302,408166,123832,1536,1
6303,347370,105280,1536,1
6304,356264,107974,1536,1
6305,440482,133487,1536,1
6306,426446,129223,1536,1
6307,446866,135403,1536,1
6308,371536,112607,1536,1
6309,358086,108515,1536,1
6310,531486,161220,1536,1
6311,1100456,333346,1536,1
6312,1100306,333280,1536,1
6313,404678,122640,1536,1
6314,374880,113642,1536,1
6315,368318,111620,1536,1
6316,340792,103287,1536,1
6317,355916,107862,1536,1
6318,332270,100903,1536,1
6319,408250,123925,1536,1
6320,310572,94123,1536,1
6321,322386,97695,1536,1
6322,419742,127186,1536,1
6323,418322,126769,1536,1
6324,416692,126277,1536,1
6325,435982,132110,1536,1
6326,352518,106833,1536,1
6327,436426,132315,1536,1
6328,447770,135684,1536,1
6329,437688,132623,1536,1
6330,257362,77998,1536,1
6331,256964,77875,1536,1
6332,255430,77411,1536,1
6333,430838,130587,1536,1
6334,2838787,910676,1536,1
6335,542858,164497,1536,1
6336,3017363,914380,1536,1
6337,441772,133857,1536,1
6338,842346,255663,1536,1
6339,409244,124054,1536,1
6340,485049,147363,1536,1
6341,462258,140290,1536,1
6342,412298,125004,1536,1
6343,339298,102833,1536,1
6344,374972,113629,1536,1
6345,407212,123396,1536,1
6346,458416,139036,1536,1
6347,410014,124254,1536,1
6348,256726,77806,1536,1
6349,274122,83077,1536,1
6350,342044,103652,1536,1
6351,313084,94889,1536,1
6352,300144,90930,1536,1
6353,534318,161905,1536,1
6354,360360,109204,1536,1
6355,486458,147677,1536,1
6356,392400,118905,1536,1
6357,384456,116537,1536,1
6358,370732,112344,1536,1
6359,375796,113880,1536,1
6360,377204,114309,1536,1
6361,376262,114024,1536,1
6362,407596,123520,1536,1
6363,418908,126936,1536,1
6364,490022,148563,1536,1
6365,409572,124113,1536,1
6366,492450,149245,1536,1
6367,472860,143377,1536,1
6368,419432,127111,1536,1
6369,491470,149120,1536,1
6370,403190,122180,1536,1
6371,479040,145160,1536,1
6372,557716,169063,1536,1
6373,419542,127144,1536,1
6374,422590,128060,1536,1
6375,422908,128154,1536,1
6376,412344,124956,1536,1
6377,429752,130224,1536,1
6378,408234,123727,1536,1
6379,427624,129586,1536,1
6380,436634,132321,1536,1
6381,425632,128986,1536,1
6382,394582,119577,1536,1
6383,389690,118096,1536,1
6384,375688,113854,1536,1
6385,504490,152874,1536,1
6386,418378,126784,1536,1
6387,403644,122312,1536,1
6388,462244,140262,1536,1
6389,389208,117946,1536,1
6390,391714,118706,1536,1
6391,380370,115263,1536,1
6392,388510,117756,1536,1
6393,471566,142934,1536,1
6394,417190,126431,1536,1
6395,426926,129371,1536,1
6396,409336,124048,1536,1
6397,413180,125183,1536,1
6398,393508,119229,1536,1
6399,378412,114684,1536,1
6400,402160,121872,1536,1
6401,398166,120677,1536,1
6402,411428,124687,1536,1
6403,431634,130816,1536,1
6404,427872,129653,1536,1
6405,563860,171058,1536,1
6406,330296,100104,1536,1
6407,321916,97563,1536,1
6408,444542,134703,1536,1
6409,349454,105861,1536,1
6410,456186,138763,1536,1
6411,412048,124867,1536,1
6412,410024,124274,1536,1
6413,472872,143489,1536,1
6414,435030,131828,1536,1
6415,390106,118212,1536,1
6416,721644,218961,1536,1
6417,499420,151330,1536,1
6418,452780,137203,1536,1
6419,536986,162706,1536,1
6420,431928,130898,1536,1
6421,360844,109368,1536,1
6422,349904,106027,1536,1
6423,346286,104952,1536,1
6424,319260,96751,1536,1
6425,328888,99671,1536,1
6426,365590,110790,1536,1
6427,264492,80171,1536,1
6428,308420,93470,1536,1
6429,324312,98303,1536,1
6430,286258,86767,1536,1
6431,359730,109018,1536,1
6432,949034,287610,1536,1
6433,264110,80037,1536,1
6434,249790,75701,1536,1
6435,254968,77269,1536,1
6436,394250,119514,1536,1
6437,668550,202996,1536,1
6438,394874,119665,1536,1
6439,391139,119017,1536,1
6440,383288,116150,1536,1
6441,381820,115708,1536,1
6442,251286,76156,1536,1
6443,249224,75532,1536,1
6444,512565,155881,1536,1
6445,366560,111096,1536,1
6446,699260,212099,1536,1
6447,595500,181000,1536,1
6448,258630,78377,1536,1
6449,454093,138014,1536,1
6450,449884,136497,1536,1
6451,397272,120378,1536,1
6452,377480,114406,1536,1
6453,364874,110559,1536,1
6454,289094,87625,1536,1
6455,249426,75593,1536,1
6456,243714,73860,1536,1
6457,284386,86199,1536,1
6458,240694,72948,1536,1
6459,258168,78215,1536,1
6460,248622,75415,1536,1
6461,350580,106285,1536,1
6462,249970,75757,1536,1
6463,247704,75073,1536,1
6464,416714,126267,1536,1
6465,248764,75389,1536,1
6466,293748,89030,1536,1
6467,246906,74833,1536,1
6468,246660,74754,1536,1
6469,247248,74935,1536,1
6470,245460,74374,1536,1
6471,369406,111949,1536,1
6472,244730,74194,1536,1
6473,225182,68250,1536,1
6474,511930,155282,1536,1
6475,392428,118909,1536,1
6476,375422,113750,1536,1
6477,360260,109171,1536,1
6478,2051374,621707,1536,1
6479,441532,133789,1536,1
6480,375458,113783,1536,1
6481,271746,82368,1536,1
6482,225390,68313,1536,1
6483,223108,67593,1536,1
6484,493864,150069,1536,1
6485,241414,73159,1536,1
6486,241798,73282,1536,1
6487,239834,72667,1536,1
6488,239290,72523,1536,1
6489,263148,79763,1536,1
6490,238660,72324,1536,1
6491,238924,72412,1536,1
6492,276100,83684,1536,1
6493,237358,71946,1536,1
6494,224078,67897,1536,1
6495,222832,67537,1536,1
6496,222542,67435,1536,1
6497,223462,67699,1536,1
6498,220274,66759,1536,1
6499,223496,67725,1536,1
6500,225130,68234,1536,1
6501,224266,67974,1536,1
6502,222444,67420,1536,1
6503,223194,67630,1536,1
6504,222722,67922,1536,1
6505,222760,67502,1536,1
6506,217648,65968,1536,1
6507,215248,65227,1536,1
6508,215228,65218,1536,1
6509,212972,64522,1536,1
6510,216484,65585,1536,1
6511,217532,65901,1536,1
6512,216630,65646,1536,1
6513,238340,72246,1536,1
6514,217238,65826,1536,1
6515,215924,65429,1536,1
6516,216342,65570,1536,1
6517,217206,65804,1536,1
6518,214990,65148,1536,1
6519,215768,65367,1536,1
6520,222806,67520,1536,1
6521,259372,78616,1536,1
6522,282034,85485,1536,1
6523,219130,66421,1536,1
6524,302356,91631,1536,1
6525,216686,65678,1536,1
6526,299268,90696,1536,1
6527,230584,69909,1536,1
6528,219246,66451,1536,1
6529,219762,66599,1536,1
6530,311984,94552,1536,1
6531,428608,130010,1536,1
6532,323866,98140,1536,1
6533,381354,115600,1536,1
6534,469220,143934,1536,1
6535,236340,71623,1536,1
6536,235942,71509,1536,1
6537,279694,84769,1536,1
6538,233518,70773,1536,1
6539,232870,70579,1536,1
6540,219678,66584,1536,1
6541,214834,65083,1536,1
6542,217142,65816,1536,1
6543,217346,65859,1536,1
6544,215796,65403,1536,1
6545,216270,65520,1536,1
6546,215020,65251,1536,1
6547,258704,78413,1536,1
6548,216956,65729,1536,1
6549,216426,65568,1536,1
6550,273530,82859,1536,1
6551,223844,67911,1536,1
6552,217826,66014,1536,1
6553,218986,66342,1536,1
6554,294732,89345,1536,1
6555,219058,66393,1536,1
6556,219966,66669,1536,1
6557,270126,81839,1536,1
6558,363724,110228,1536,1
6559,336062,101846,1536,1
6560,311622,94436,1536,1
6561,292016,88495,1536,1
6562,298326,90415,1536,1
6563,334542,101399,1536,1
6564,324672,98388,1536,1
6565,339042,102745,1536,1
6566,291142,88248,1536,1
6567,345646,104754,1536,1
6568,355108,107616,1536,1
6569,382782,116038,1536,1
6570,360398,109224,1536,1
6571,353016,106978,1536,1
6572,393360,119196,1536,1
6573,332426,100736,1536,1
6574,380052,115204,1536,1
6575,334912,101493,1536,1
6576,444760,134764,1536,1
6577,350508,106217,1536,1
6578,360742,109330,1536,1
6579,369014,111832,1536,1
6580,350048,106089,1536,1
6581,354628,107478,1536,1
6582,359894,109070,1536,1
6583,360154,109143,1536,1
6584,284060,86106,1536,1
6585,232680,70516,1536,1
6586,281890,85442,1536,1
6587,266376,80735,1536,1
6588,232510,70469,1536,1
6589,232726,70530,1536,1
6590,236170,71574,1536,1
6591,263344,79804,1536,1
6592,289420,87718,1536,1
6593,269458,81689,1536,1
6594,240690,72952,1536,1
6595,311060,94271,1536,1
6596,225284,68277,1536,1
6597,224960,68150,1536,1
6598,224896,68159,1536,1
6599,309428,93791,1536,1
6600,222836,67526,1536,1
6601,232724,70530,1536,1
6602,348256,105512,1536,1
6603,383606,116246,1536,1
6604,347422,105286,1536,1
6605,340246,103114,1536,1
6606,429520,130751,1536,1
6607,360230,109167,1536,1
6608,375232,113714,1536,1
6609,377224,114303,1536,1
6610,385956,117023,1536,1
6611,300806,91175,1536,1
6612,242618,73525,1536,1
6613,282850,85690,1536,1
6614,249664,75678,1536,1
6615,225210,68240,1536,1
6616,225056,68211,1536,1
6617,234610,71103,1536,1
6618,230830,69959,1536,1
6619,232410,70444,1536,1
6620,230348,69815,1536,1
6621,232090,70344,1536,1
6622,230762,69909,1536,1
6623,388266,117656,1536,1
6624,249514,75620,1536,1
6625,248452,75298,1536,1
6626,248242,75234,1536,1
6627,572526,174134,1536,1
6628,391680,118676,1536,1
6629,397212,120413,1536,1
6630,251210,76137,1536,1
6631,308716,93576,1536,1
6632,378164,114590,1536,1
6633,382868,116005,1536,1
6634,373680,113269,1536,1
6635,443748,134486,1536,1
6636,249868,75724,1536,1
6637,388084,117607,1536,1
6638,390132,118221,1536,1
6639,336290,101928,1536,1
6640,318222,96444,1536,1
6641,333542,101086,1536,1
6642,341464,103481,1536,1
6643,372510,112939,1536,1
6644,377486,114404,1536,1
6645,376164,113999,1536,1
6646,395712,119920,1536,1
6647,414238,125511,1536,1
6648,386078,117016,1536,1
6649,377504,114414,1536,1
6650,392990,119089,1536,1
6651,378464,114668,1536,1
6652,340004,103029,1536,1
6653,355566,107756,1536,1
6654,427426,129543,1536,1
6655,376298,114036,1536,1
6656,378266,114637,1536,1
6657,389868,118124,1536,1
6658,410578,124417,1536,1
6659,412962,125149,1536,1
6660,405460,122884,1536,1
6661,463200,140456,1536,1
6662,407468,123495,1536,1
6663,371632,112618,1536,1
6664,362436,109837,1536,1
6665,361220,109469,1536,1
6666,388432,117716,1536,1
6667,783629,237678,1536,1
6668,727658,220862,1536,1
6669,368302,111617,1536,1
6670,343190,104016,1536,1
6671,928182,281322,1536,1
6672,379270,115000,1536,1
6673,614088,186113,1536,1
6674,404172,122499,1536,1
6675,367558,111377,1536,1
6676,371234,112505,1536,1
6677,385530,116808,1536,1
6678,389936,118152,1536,1
6679,378908,114834,1536,1
6680,381292,115504,1536,1
6681,397910,120577,1536,1
6682,383794,116307,1536,1
6683,384378,116486,1536,1
6684,358766,108702,1536,1
6685,415312,125864,1536,1
6686,370872,112356,1536,1
6687,339000,102697,1536,1
6688,348322,105561,1536,1
6689,449492,136216,1536,1
6690,451456,136895,1536,1
6691,327348,100479,1536,1
6692,362752,109936,1536,1
6693,408304,123754,1536,1
6694,452084,136992,1536,1
6695,443236,134303,1536,1
6696,401918,121814,1536,1
6697,245268,74340,1536,1
6698,239674,72642,1536,1
6699,237550,71964,1536,1
6700,236544,71691,1536,1
6701,236610,71700,1536,1
6702,387880,117553,1536,1
6703,397964,120584,1536,1
6704,363394,110125,1536,1
6705,445906,135129,1536,1
6706,374918,113617,1536,1
6707,390516,118319,1536,1
6708,386814,117209,1536,1
6709,384428,116496,1536,1
6710,264906,80277,1536,1
6711,256492,77735,1536,1
6712,255850,77540,1536,1
6713,258708,78427,1536,1
6714,238124,72172,1536,1
6715,236204,71592,1536,1
6716,234918,71184,1536,1
6717,238772,72364,1536,1
6718,237926,72079,1536,1
6719,230242,69768,1536,1
6720,229558,69545,1536,1
6721,230150,69756,1536,1
6722,382424,115892,1536,1
6723,423936,128467,1536,1
6724,378826,114801,1536,1
6725,482812,147189,1536,1
6726,484158,146698,1536,1
6727,447274,135613,1536,1
6728,371876,112701,1536,1
6729,365344,110713,1536,1
6730,362292,109781,1536,1
6731,361500,109547,1536,1
6732,382638,116013,1536,1
6733,249700,75675,1536,1
6734,223910,67846,1536,1
6735,223310,67666,1536,1
6736,244584,74125,1536,1
6737,302126,91628,1536,1
6738,409026,123944,1536,1
6739,375960,113926,1536,1
6740,437382,132545,1536,1
6741,357662,108477,1536,1
6742,229800,69647,1536,1
6743,224762,68126,1536,1
6744,228762,69312,1536,1
6745,281146,85213,1536,1
6746,219196,66436,1536,1
6747,284194,86142,1536,1
6748,220556,66885,1536,1
6749,221090,67007,1536,1
6750,217132,65808,1536,1
6751,221416,67110,1536,1
6752,220240,66753,1536,1
6753,280010,84872,1536,1
6754,225942,68473,1536,1
6755,227124,68831,1536,1
6756,353384,107069,1536,1
6757,343348,104052,1536,1
6758,343578,104085,1536,1
6759,294032,89120,1536,1
6760,249718,75676,1536,1
6761,361680,109598,1536,1
6762,228660,69294,1536,1
6763,300596,91099,1536,1
6764,268908,81505,1536,1
6765,451154,136686,1536,1
6766,306154,92770,1536,1
6767,234088,70943,1536,1
6768,225574,68365,1536,1
6769,227044,68811,1536,1
6770,226546,68659,1536,1
6771,308114,93623,1536,1
6772,228676,69302,1536,1
6773,320272,97042,1536,1
6774,343824,104209,1536,1
6775,332124,100645,1536,1
6776,321084,97301,1536,1
6777,330538,100257,1536,1
6778,313492,95001,1536,1
6779,280188,84890,1536,1
6780,224832,68133,1536,1
6781,269928,81805,1536,1
6782,387526,117429,1536,1
6783,344520,104394,1536,1
6784,235560,71384,1536,1
6785,235314,71297,1536,1
6786,225370,68301,1536,1
6787,219030,66382,1536,1
6788,223850,67836,1536,1
6789,241818,73297,1536,1
6790,223168,67635,1536,1
6791,221474,67119,1536,1
6792,216936,65745,1536,1
6793,219694,66581,1536,1
6794,230460,69874,1536,1
6795,209246,63421,1536,1
6796,207178,62795,1536,1
6797,204282,61897,1536,1
6798,280360,84986,1536,1
6799,206694,62639,1536,1
6800,204418,61927,1536,1
6801,211582,64123,1536,1
6802,208192,63082,1536,1
6803,206170,62487,1536,1
6804,303378,91998,1536,1
6805,293838,89043,1536,1
6806,330712,100202,1536,1
6807,214034,64852,1536,1
6808,222494,68101,1536,1
6809,310340,94065,1536,1
6810,219480,66522,1536,1
6811,267496,81076,1536,1
6812,205366,62244,1536,1
6813,204028,61836,1536,1
6814,220104,66711,1536,1
6815,205246,62202,1536,1
6816,203514,61688,1536,1
6817,201622,61111,1536,1
6818,204156,61881,1536,1
6819,201672,61126,1536,1
6820,205536,62293,1536,1
6821,204114,61861,1536,1
6822,205402,62253,1536,1
6823,204018,61822,1536,1
6824,204732,62049,1536,1
6825,202740,61448,1536,1
6826,203256,61587,1536,1
6827,291210,88236,1536,1
6828,400066,121236,1536,1
6829,315320,95549,1536,1
6830,342840,103859,1536,1
6831,354444,107371,1536,1
6832,211324,64047,1536,1
6833,210378,63766,1536,1
6834,208940,63326,1536,1
6835,252842,76643,1536,1
6836,234140,70959,1536,1
6837,231954,70301,1536,1
6838,406080,123325,1536,1
6839,232224,70381,1536,1
6840,302302,91773,1536,1
6841,234832,71171,1536,1
6842,234996,71219,1536,1
6843,245174,74286,1536,1
6844,364678,110508,1536,1
6845,354744,107500,1536,1
6846,362920,109998,1536,1
6847,236182,71580,1536,1
6848,338900,102684,1536,1
6849,350624,106247,1536,1
6850,326860,99052,1536,1
6851,342688,103847,1536,1
6852,352766,106901,1536,1
6853,370008,112116,1536,1
6854,346406,104968,1536,1
6855,244274,74041,1536,1
6856,217876,66040,1536,1
6857,216396,65558,1536,1
6858,216752,65667,1536,1
6859,229540,69585,1536,1
6860,216150,65512,1536,1
6861,215836,65399,1536,1
6862,214870,65094,1536,1
6863,229376,69529,1536,1
6864,218634,66267,1536,1
6865,216852,65724,1536,1
6866,216240,65540,1536,1
6867,215524,65323,1536,1
6868,381114,115522,1536,1
6869,215464,65289,1536,1
6870,256660,77795,1536,1
6871,233558,70787,1536,1
6872,231982,70304,1536,1
6873,271560,82307,1536,1
6874,231092,70040,1536,1
6875,222402,67405,1536,1
6876,217792,66007,1536,1
6877,215770,65383,1536,1
6878,213378,64677,1536,1
6879,218994,66371,1536,1
6880,216070,65487,1536,1
6881,215832,65399,1536,1
6882,215332,65265,1536,1
6883,215518,65321,1536,1
6884,215822,65398,1536,1
6885,224920,68172,1536,1
6886,245196,74309,1536,1
6887,224844,68151,1536,1
6888,223464,67729,1536,1
6889,224180,67942,1536,1
6890,242172,73487,1536,1
6891,222922,67556,1536,1
6892,226026,68497,1536,1
6893,215282,65252,1536,1
6894,215820,65393,1536,1
6895,220472,66819,1536,1
6896,223958,67883,1536,1
6897,214700,65059,1536,1
6898,235052,71232,1536,1
6899,225510,68346,1536,1
6900,304082,92185,1536,1
6901,228416,69232,1536,1
6902,347774,105405,1536,1
6903,228034,69111,1536,1
6904,226108,68527,1536,1
6905,345040,104568,1536,1
6906,323158,98069,1536,1
6907,242692,73549,1536,1
6908,244450,74085,1536,1
6909,246312,74619,1536,1
6910,306436,92871,1536,1
6911,359560,108960,1536,1
6912,362902,109960,1536,1
6913,356218,107937,1536,1
6914,247724,75076,1536,1
6915,291724,88414,1536,1
6916,438710,132935,1536,1
6917,417708,126575,1536,1
6918,420704,127480,1536,1
6919,281046,85157,1536,1
6920,298478,90464,1536,1
6921,310492,94088,1536,1
6922,227934,69064,1536,1
6923,322876,97850,1536,1
6924,263128,79754,1536,1
6925,361398,109537,1536,1
6926,365122,110625,1536,1
6927,242828,73592,1536,1
6928,239770,72668,1536,1
6929,281992,85480,1536,1
6930,240218,72803,1536,1
6931,239258,72502,1536,1
6932,266148,80638,1536,1
6933,294402,89229,1536,1
6934,467020,141534,1536,1
6935,341698,103519,1536,1
6936,356776,108200,1536,1
6937,238404,72257,1536,1
6938,238466,72263,1536,1
6939,237876,72091,1536,1
6940,238870,72387,1536,1
6941,239018,72438,1536,1
6942,360304,109183,1536,1
6943,243638,73842,1536,1
6944,242436,73473,1536,1
6945,227620,68985,1536,1
6946,228148,69148,1536,1
6947,225828,68431,1536,1
6948,236932,71810,1536,1
6949,232060,70316,1536,1
6950,300736,91143,1536,1
6951,225460,68409,1536,1
6952,226038,68496,1536,1
6953,222740,67499,1536,1
6954,227662,69002,1536,1
6955,224744,68114,1536,1
6956,222100,67317,1536,1
6957,345896,104842,1536,1
6958,387730,117497,1536,1
6959,378682,114764,1536,1
6960,369002,111821,1536,1
6961,378784,114787,1536,1
6962,377476,114368,1536,1
6963,243856,73872,1536,1
6964,451030,136655,1536,1
6965,315614,95656,1536,1
6966,370332,112241,1536,1
6967,318280,96463,1536,1
6968,343216,104007,1536,1
6969,359794,109033,1536,1
6970,364126,110350,1536,1
6971,360512,109267,1536,1
6972,343924,104235,1536,1
6973,399788,121153,1536,1
6974,379136,114892,1536,1
6975,402200,121898,1536,1
6976,408704,123849,1536,1
6977,389492,118057,1536,1
6978,379426,114982,1536,1
6979,378362,114620,1536,1
6980,383222,116123,1536,1
6981,387206,117331,1536,1
6982,402222,123111,1536,1
6983,464386,141393,1536,1
6984,369088,111846,1536,1
6985,410878,124503,1536,1
6986,414300,125549,1536,1
6987,375844,113897,1536,1
6988,385370,116787,1536,1
6989,393958,119374,1536,1
6990,394982,119691,1536,1
6991,383152,116099,1536,1
6992,375904,113910,1536,1
6993,306608,92925,1536,1
6994,322662,97902,1536,1
6995,329516,99984,1536,1
6996,376906,114249,1536,1
6997,370668,112366,1536,1
6998,382088,115789,1536,1
6999,362242,109781,1536,1
7000,374868,113609,1536,1
7001,370388,112240,1536,1
7002,464756,140832,1536,1
7003,358326,108585,1536,1
7004,374018,113340,1536,1
7005,584938,177972,1536,1
7006,344352,104363,1536,1
7007,352126,106716,1536,1
7008,259128,78537,1536,1
7009,257618,78075,1536,1
7010,258368,78303,1536,1
7011,261090,79129,1536,1
7012,259178,78547,1536,1
7013,255032,77293,1536,1
7014,252992,76675,1536,1
7015,252856,76633,1536,1
7016,272778,82691,1536,1
7017,251560,76240,1536,1
7018,254932,77259,1536,1
7019,253880,76944,1536,1
7020,410496,124385,1536,1
7021,428906,129967,1536,1
7022,367660,111420,1536,1
7023,426916,129359,1536,1
7024,404694,122613,1536,1
7025,365926,110909,1536,1
7026,257850,78145,1536,1
7027,253446,76803,1536,1
7028,255772,77520,1536,1
7029,300236,91539,1536,1
7030,259182,78548,1536,1
7031,257346,78063,1536,1
7032,253058,76717,1536,1
7033,240220,72776,1536,1
7034,287628,87141,1536,1
7035,259162,78522,1536,1
7036,236060,71545,1536,1
7037,273126,82795,1536,1
7038,254068,77002,1536,1
7039,255074,77302,1536,1
7040,267006,80912,1536,1
7041,3858544,1172675,1536,1
7042,305680,92643,1536,1
7043,250934,76044,1536,1
7044,248390,75279,1536,1
7045,247246,74930,1536,1
7046,231988,70321,1536,1
7047,229998,69710,1536,1
7048,230894,69978,1536,1
7049,228722,69325,1536,1
7050,230110,69739,1536,1
7051,229514,69535,1536,1
7052,373422,113185,1536,1
7053,372710,112945,1536,1
7054,353692,107196,1536,1
7055,328246,99477,1536,1
7056,395568,119866,1536,1
7057,398266,120693,1536,1
7058,325314,98597,1536,1
7059,324906,98464,1536,1
7060,304070,92157,1536,1
7061,245288,74341,1536,1
7062,241282,73107,1536,1
7063,239702,72644,1536,1
7064,240012,72737,1536,1
7065,231132,70049,1536,1
7066,233460,70752,1536,1
7067,232194,70368,1536,1
7068,230754,69933,1536,1
7069,230752,69929,1536,1
7070,231812,70251,1536,1
7071,230892,69977,1536,1
7072,223306,67682,1536,1
7073,260498,78958,1536,1
7074,216132,65480,1536,1
7075,294436,89229,1536,1
7076,350770,106392,1536,1
7077,501528,151960,1536,1
7078,705916,213851,1536,1
7079,539596,208423,1536,1
7080,279570,84734,1536,1
7081,228096,69123,1536,1
7082,227042,68805,1536,1
7083,228924,69372,1536,1
7084,386972,117270,1536,1
7085,288386,87406,1536,1
7086,348380,105852,1536,1
7087,212510,64395,1536,1
7088,304752,92426,1536,1
7089,208492,63181,1536,1
7090,206930,62693,1536,1
7091,228214,69161,1536,1
7092,224602,68071,1536,1
7093,223916,67864,1536,1
7094,222570,67456,1536,1
7095,314490,95279,1536,1
7096,236728,71820,1536,1
7097,252894,76660,1536,1
7098,215654,65364,1536,1
7099,218322,66175,1536,1
7100,241066,73055,1536,1
7101,213102,64559,1536,1
7102,255240,77364,1536,1
7103,212674,64441,1536,1
7104,239026,72435,1536,1
7105,232742,70541,1536,1
7106,209092,63374,1536,1
7107,297146,90072,1536,1
7108,226378,68606,1536,1
7109,225064,68208,1536,1
7110,225340,68292,1536,1
7111,213142,64605,1536,1
7112,211434,64067,1536,1
7113,211014,63958,1536,1
7114,210190,63682,1536,1
7115,209856,63695,1536,1
7116,210594,63830,1536,1
7117,318150,96392,1536,1
7118,224292,67990,1536,1
7119,214662,65060,1536,1
7120,203272,61609,1536,1
7121,203810,61774,1536,1
7122,333670,101116,1536,1
7123,464980,140880,1536,1
7124,289500,87721,1536,1
7125,206382,62549,1536,1
7126,204802,62074,1536,1
7127,205486,62283,1536,1
7128,203486,61675,1536,1
7129,196604,59560,1536,1
7130,197370,59795,1536,1
7131,214600,65047,1536,1
7132,211402,64070,1536,1
7133,211680,64157,1536,1
7134,219156,66416,1536,1
7135,361488,109535,1536,1
7136,214578,65034,1536,1
7137,213992,64836,1536,1
7138,208318,63150,1536,1
7139,198216,60049,1536,1
7140,198538,60171,1536,1
7141,197416,59808,1536,1
7142,197828,59945,1536,1
7143,198702,60197,1536,1
7144,245488,74404,1536,1
7145,197110,59745,1536,1
7146,197074,59730,1536,1
7147,245034,74277,1536,1
7148,200368,60726,1536,1
7149,482668,146205,1536,1
7150,201788,61132,1536,1
7151,203994,61827,1536,1
7152,199382,60424,1536,1
7153,198528,60170,1536,1
7154,198434,60141,1536,1
7155,221654,67196,1536,1
7156,198566,60172,1536,1
7157,197376,59824,1536,1
7158,197068,59717,1536,1
7159,211446,64083,1536,1
7160,198050,60000,1536,1
7161,247512,74997,1536,1
7162,235000,71213,1536,1
7163,198688,60330,1536,1
7164,356772,108240,1536,1
7165,291054,88200,1536,1
7166,263402,79819,1536,1
7167,304820,92356,1536,1
7168,263012,79721,1536,1
7169,270154,81882,1536,1
7170,480400,145582,1536,1
7171,258502,78357,1536,1
7172,213784,64788,1536,1
7173,317194,96125,1536,1
7174,213610,64739,1536,1
7175,211438,64082,1536,1
7176,214184,64915,1536,1
7177,211594,64125,1536,1
7178,212892,64520,1536,1
7179,217548,65943,1536,1
7180,201972,61188,1536,1
7181,198696,60212,1536,1
7182,199052,60304,1536,1
7183,198602,60168,1536,1
7184,196528,59536,1536,1
7185,242326,73446,1536,1
7186,199186,60367,1536,1
7187,198260,60092,1536,1
7188,334710,101433,1536,1
7189,363498,110136,1536,1
7190,353046,106980,1536,1
7191,205400,62254,1536,1
7192,205342,62236,1536,1
7193,204598,62008,1536,1
7194,210822,63869,1536,1
7195,209358,63425,1536,1
7196,209898,63603,1536,1
7197,904988,274113,1536,1
7198,210132,63668,1536,1
7199,215966,65482,1536,1
7200,209748,63563,1536,1
7201,209670,63522,1536,1
7202,209338,63421,1536,1
7203,207270,62805,1536,1
7204,210646,63827,1536,1
7205,209698,63529,1536,1
7206,212046,64267,1536,1
7207,209416,63469,1536,1
7208,204852,62058,1536,1
7209,205158,62178,1536,1
7210,327742,99314,1536,1
7211,272168,82479,1536,1
7212,264818,80253,1536,1
7213,261674,79309,1536,1
7214,260130,78813,1536,1
7215,408714,123959,1536,1
7216,247880,75137,1536,1
7217,210492,63785,1536,1
7218,208816,63290,1536,1
7219,242160,73383,1536,1
7220,221730,67204,1536,1
7221,204108,61834,1536,1
7222,202928,61507,1536,1
7223,263102,79742,1536,1
7224,268058,81239,1536,1
7225,228392,69215,1536,1
7226,212382,64386,1536,1
7227,204092,61858,1536,1
7228,267208,80981,1536,1
7229,272266,82522,1536,1
7230,422610,128066,1536,1
7231,333802,101157,1536,1
7232,354206,107333,1536,1
7233,263754,79943,1536,1
7234,227544,68960,1536,1
7235,227880,69063,1536,1
7236,239512,72582,1536,1
7237,228092,69126,1536,1
7238,227202,68859,1536,1
7239,255522,77448,1536,1
7240,357590,108371,1536,1
7241,344446,104383,1536,1
7242,349388,105877,1536,1
7243,352828,106931,1536,1
7244,356754,108105,1536,1
7245,410026,124319,1536,1
7246,311234,94323,1536,1
7247,353660,107167,1536,1
7248,339864,102996,1536,1
7249,222976,67580,1536,1
7250,213414,64686,1536,1
7251,207872,63007,1536,1
7252,209470,63489,1536,1
7253,211138,63991,1536,1
7254,240144,72792,1536,1
7255,268266,81306,1536,1
7256,264154,80068,1536,1
7257,238378,72244,1536,1
7258,269622,81722,1536,1
7259,309380,93760,1536,1
7260,388828,117831,1536,1
7261,358048,108486,1536,1
7262,354190,107329,1536,1
7263,261544,79280,1536,1
7264,295300,89496,1536,1
7265,259892,78762,1536,1
7266,242114,73503,1536,1
7267,231244,70063,1536,1
7268,236006,71496,1536,1
7269,417656,126563,1536,1
7270,389544,118042,1536,1
7271,313628,95041,1536,1
7272,272784,82646,1536,1
7273,338472,102763,1536,1
7274,241268,73119,1536,1
7275,243826,73872,1536,1
7276,233012,70618,1536,1
7277,232376,70428,1536,1
7278,231502,70166,1536,1
7279,231648,70206,1536,1
7280,243752,73882,1536,1
7281,217608,65957,1536,1
7282,214786,65102,1536,1
7283,216086,65464,1536,1
7284,216784,65708,1536,1
7285,216600,65632,1536,1
7286,263736,79939,1536,1
7287,234798,71158,1536,1
7288,229020,69407,1536,1
7289,342968,103935,1536,1
7290,273790,82990,1536,1
7291,233000,70609,1536,1
7292,232112,70348,1536,1
7293,306990,93046,1536,1
7294,238144,72170,1536,1
7295,233810,70864,1536,1
7296,232812,70554,1536,1
7297,231440,70141,1536,1
7298,239666,72646,1536,1
7299,334542,101391,1536,1
7300,314624,95361,1536,1
7301,374216,113452,1536,1
7302,330628,100213,1536,1
7303,300924,91193,1536,1
7304,303866,92058,1536,1
7305,287672,87179,1536,1
7306,357984,108461,1536,1
7307,427640,130007,1536,1
7308,355680,107802,1536,1
7309,388682,117790,1536,1
7310,354230,107351,1536,1
7311,368122,111554,1536,1
7312,362948,109997,1536,1
7313,362296,109791,1536,1
7314,401378,121636,1536,1
7315,345512,104704,1536,1
7316,375158,113659,1536,1
7317,357388,108309,1536,1
7318,459984,140080,1536,1
7319,365294,110699,1536,1
7320,387260,117358,1536,1
7321,348630,105640,1536,1
7322,296006,89713,1536,1
7323,295154,89453,1536,1
7324,324468,98330,1536,1
7325,379980,115159,1536,1
7326,276342,83766,1536,1
7327,403946,122405,1536,1
7328,375234,113730,1536,1
7329,362688,109900,1536,1
7330,362168,109780,1536,1
7331,377418,114384,1536,1
7332,376660,114144,1536,1
7333,842426,255767,1536,1
7334,363686,110220,1536,1
7335,355408,107693,1536,1
7336,356164,107930,1536,1
7337,754238,228675,1536,1
7338,587450,178306,1536,1
7339,367408,111345,1536,1
7340,384686,116596,1536,1
7341,344694,104458,1536,1
7342,347526,105320,1536,1
7343,347906,105430,1536,1
7344,400518,121367,1536,1
7345,693830,210281,1536,1
7346,396606,120193,1536,1
7347,395740,119918,1536,1
7348,310188,94015,1536,1
7349,314758,95405,1536,1
7350,415250,125831,1536,1
7351,469296,142222,1536,1
7352,1356738,410940,1536,1
7353,414666,125666,1536,1
7354,444170,134602,1536,1
7355,400326,121408,1536,1
7356,403198,122187,1536,1
7357,415168,125808,1536,1
7358,417146,126639,1536,1
7359,381938,115749,1536,1
7360,421220,127677,1536,1
7361,374726,113564,1536,1
7362,308452,93481,1536,1
7363,312624,94741,1536,1
7364,323526,98053,1536,1
7365,334060,101242,1536,1
7366,347820,105494,1536,1
7367,341964,103601,1536,1
7368,392482,118950,1536,1
7369,384126,116480,1536,1
7370,433000,131209,1536,1
7371,242548,73508,1536,1
7372,242702,73554,1536,1
7373,240362,72846,1536,1
7374,243662,73845,1536,1
7375,293676,89004,1536,1
7376,241300,73128,1536,1
7377,240420,72864,1536,1
7378,245792,74504,1536,1
7379,241500,73191,1536,1
7380,454912,137846,1536,1
7381,420744,127476,1536,1
7382,427058,129384,1536,1
7383,240174,72789,1536,1
7384,256662,77782,1536,1
7385,443302,135217,1536,1
7386,337294,102232,1536,1
7387,238124,72174,1536,1
7388,235440,71358,1536,1
7389,223580,67758,1536,1
7390,223980,67886,1536,1
7391,226092,68495,1536,1
7392,228866,69363,1536,1
7393,246728,74749,1536,1
7394,262690,79623,1536,1
7395,366530,111065,1536,1
7396,226424,68708,1536,1
7397,291080,88230,1536,1
7398,226618,68686,1536,1
7399,223990,67884,1536,1
7400,248212,75245,1536,1
7401,223636,67781,1536,1
7402,223320,67690,1536,1
7403,223088,67615,1536,1
7404,307486,93193,1536,1
7405,344410,104368,1536,1
7406,319004,96737,1536,1
7407,344006,104244,1536,1
7408,272134,82443,1536,1
7409,327146,99131,1536,1
7410,358874,108749,1536,1
7411,280552,85047,1536,1
7412,290588,88070,1536,1
7413,235066,71228,1536,1
7414,361352,109488,1536,1
7415,237970,72282,1536,1
7416,269954,81819,1536,1
7417,276404,83764,1536,1
7418,428506,130285,1536,1
7419,234056,70939,1536,1
7420,233282,70699,1536,1
7421,352738,106927,1536,1
7422,236702,71739,1536,1
7423,397642,120498,1536,1
7424,286924,86929,1536,1
7425,269902,81945,1536,1
7426,237566,72000,1536,1
7427,223828,67837,1536,1
7428,220930,66959,1536,1
7429,220034,66660,1536,1
7430,248772,75401,1536,1
7431,250468,75916,1536,1
7432,231942,70294,1536,1
7433,229614,69582,1536,1
7434,278276,84339,1536,1
7435,229988,69697,1536,1
7436,233556,70781,1536,1
7437,231312,70107,1536,1
7438,231086,70035,1536,1
7439,235680,71425,1536,1
7440,231332,70107,1536,1
7441,335546,101722,1536,1
7442,261254,79172,1536,1
7443,245446,74396,1536,1
7444,253728,76905,1536,1
7445,245842,74517,1536,1
7446,235646,71411,1536,1
7447,322026,97601,1536,1
7448,311328,94357,1536,1
7449,327380,99206,1536,1
7450,312160,94603,1536,1
7451,362740,109907,1536,1
7452,239644,72635,1536,1
7453,309908,93922,1536,1
7454,383208,116132,1536,1
7455,254896,77508,1536,1
7456,303170,91855,1536,1
7457,236438,71657,1536,1
7458,283448,85906,1536,1
7459,235218,71284,1536,1
7460,235338,71413,1536,1
7461,339696,102985,1536,1
7462,408954,123935,1536,1
7463,246268,74649,1536,1
7464,218266,66144,1536,1
7465,223422,67717,1536,1
7466,326254,98873,1536,1
7467,235274,71307,1536,1
7468,232488,70456,1536,1
7469,264568,80188,1536,1
7470,234970,71208,1536,1
7471,237760,72052,1536,1
7472,233786,70850,1536,1
7473,233840,70866,1536,1
7474,301296,91316,1536,1
7475,421668,127802,1536,1
7476,311900,94524,1536,1
7477,350586,106235,1536,1
7478,233760,70850,1536,1
7479,233464,70757,1536,1
7480,265298,80410,1536,1
7481,229496,69553,1536,1
7482,239716,72665,1536,1
7483,219544,66538,1536,1
7484,218920,66352,1536,1
7485,215554,65329,1536,1
7486,277804,84216,1536,1
7487,301236,91278,1536,1
7488,286366,86827,1536,1
7489,220292,66770,1536,1
7490,220750,66878,1536,1
7491,216014,65469,1536,1
7492,216110,65577,1536,1
7493,215940,65452,1536,1
7494,215146,65212,1536,1
7495,215424,65292,1536,1
7496,216290,65552,1536,1
7497,212750,64484,1536,1
7498,213294,64644,1536,1
7499,216636,65643,1536,1
7500,215980,65463,1536,1
7501,214342,64962,1536,1
7502,229340,69511,1536,1
7503,221468,67095,1536,1
7504,250634,75976,1536,1
7505,222138,67328,1536,1
7506,231966,70304,1536,1
7507,226506,68652,1536,1
7508,221674,67156,1536,1
7509,222816,67503,1536,1
7510,220414,66775,1536,1
7511,258860,78456,1536,1
7512,233570,70790,1536,1
7513,231308,70101,1536,1
7514,230942,69991,1536,1
7515,230640,69897,1536,1
7516,276028,83643,1536,1
7517,234910,71187,1536,1
7518,232350,70423,1536,1
7519,230124,69744,1536,1
7520,257654,78093,1536,1
7521,232198,70372,1536,1
7522,228394,69216,1536,1
7523,238604,72333,1536,1
7524,225858,68453,1536,1
7525,223282,67659,1536,1
7526,226036,68508,1536,1
7527,223704,67798,1536,1
7528,260380,78924,1536,1
7529,263004,79724,1536,1
7530,250170,75825,1536,1
7531,256606,77788,1536,1
7532,255776,77529,1536,1
7533,216534,65630,1536,1
7534,216360,65579,1536,1
7535,355128,107616,1536,1
7536,336658,102029,1536,1
7537,245316,74347,1536,1
7538,228330,69185,1536,1
7539,262036,79403,1536,1
7540,364110,110318,1536,1
7541,328600,99542,1536,1
7542,373782,113267,1536,1
7543,393738,119335,1536,1
7544,364200,110378,1536,1
7545,358540,108646,1536,1
7546,359970,109219,1536,1
7547,349608,105939,1536,1
7548,367465,111453,1536,1
7549,398916,120879,1536,1
7550,504276,153296,1536,1
7551,407748,123539,1536,1
7552,244128,73985,1536,1
7553,479892,145716,1536,1
7554,342152,103689,1536,1
7555,410806,124650,1536,1
7556,365838,110864,1536,1
7557,449972,136588,1536,1
7558,365732,110831,1536,1
7559,496537,150734,1536,1
7560,282478,85621,1536,1
7561,265598,80490,1536,1
7562,363430,110129,1536,1
7563,316256,95890,1536,1
7564,235062,71234,1536,1
7565,350996,106372,1536,1
7566,235402,71335,1536,1
7567,363406,110113,1536,1
7568,343024,103931,1536,1
7569,292986,88811,1536,1
7570,234416,71042,1536,1
7571,231746,70235,1536,1
7572,351102,106394,1536,1
7573,436286,132184,1536,1
7574,249914,75757,1536,1
7575,374404,113455,1536,1
7576,234530,71078,1536,1
7577,303696,92043,1536,1
7578,270920,82108,1536,1
7579,260000,78788,1536,1
7580,280716,85086,1536,1
7581,404236,122725,1536,1
7582,366610,111096,1536,1
7583,376956,114225,1536,1
7584,360148,109139,1536,1
7585,356246,107954,1536,1
7586,360536,109239,1536,1
7587,342882,103915,1536,1
7588,399862,121177,1536,1
7589,356732,108110,1536,1
7590,235408,71325,1536,1
7591,273114,82776,1536,1
7592,219030,66391,1536,1
7593,214990,65164,1536,1
7594,264916,80295,1536,1
7595,217594,65950,1536,1
7596,219128,66419,1536,1
7597,246422,74754,1536,1
7598,219124,66512,1536,1
7599,220222,66744,1536,1
7600,350054,106056,1536,1
7601,371188,112475,1536,1
7602,334738,101444,1536,1
7603,379428,115011,1536,1
7604,229644,69598,1536,1
7605,222148,67315,1536,1
7606,245496,74399,1536,1
7607,296946,89998,1536,1
7608,514662,156024,1536,1
7609,416804,126305,1536,1
7610,357072,108211,1536,1
7611,460252,139469,1536,1
7612,364524,110464,1536,1
7613,430496,130553,1536,1
7614,373090,113056,1536,1
7615,371918,112698,1536,1
7616,361204,109466,1536,1
7617,327068,99118,1536,1
7618,342960,103952,1536,1
7619,341134,103385,1536,1
7620,365826,110858,1536,1
7621,357652,108383,1536,1
7622,372700,112941,1536,1
7623,412870,125131,1536,1
7624,407768,123568,1536,1
7625,405682,122923,1536,1
7626,241596,73218,1536,1
7627,240254,72811,1536,1
7628,241096,73062,1536,1
7629,241062,73053,1536,1
7630,238724,72352,1536,1
7631,238752,72359,1536,1
7632,241506,73187,1536,1
7633,238118,72166,1536,1
7634,240530,72900,1536,1
7635,237996,72130,1536,1
7636,238278,72211,1536,1
7637,240542,72901,1536,1
7638,236946,71810,1536,1
7639,239660,72630,1536,1
7640,239548,72598,1536,1
7641,239884,72699,1536,1
7642,238072,72153,1536,1
7643,254596,77197,1536,1
7644,250896,76037,1536,1
7645,8411692,2548196,1536,1
7646,346792,105094,1536,1
7647,381066,115490,1536,1
7648,462554,140163,1536,1
7649,385502,116821,1536,1
7650,377600,114426,1536,1
7651,383110,116101,1536,1
7652,383108,116085,1536,1
7653,377860,114517,1536,1
7654,367850,111478,1536,1
7655,389594,118059,1536,1
7656,371980,112724,1536,1
7657,376778,114135,1536,1
7658,372562,112911,1536,1
7659,399484,121058,1536,1
7660,342230,103708,1536,1
7661,357500,108342,1536,1
7662,425082,128956,1536,1
7663,489770,148420,1536,1
7664,338030,102446,1536,1
7665,359114,108829,1536,1
7666,455580,138098,1536,1
7667,406692,123244,1536,1
7668,444942,134846,1536,1
7669,320464,97124,1536,1
7670,353270,107056,1536,1
7671,348278,105548,1536,1
7672,358850,108751,1536,1
7673,354640,107465,1536,1
7674,398158,120646,1536,1
7675,361894,110048,1536,1
7676,402072,121833,1536,1
7677,406858,123280,1536,1
7678,400380,121307,1536,1
7679,362110,109742,1536,1
7680,352864,106939,1536,1
7681,3902651,1182593,1536,1
7682,378578,114908,1536,1
7683,372044,112761,1536,1
7684,376146,113992,1536,1
7685,368902,111783,1536,1
7686,362576,109878,1536,1
7687,530925,161508,1536,1
7688,487840,148136,1536,1
7689,257684,78091,1536,1
7690,376996,114264,1536,1
7691,381636,115685,1536,1
7692,394414,119518,1536,1
7693,375394,113765,1536,1
7694,377766,114481,1536,1
7695,426636,129276,1536,1
7696,387180,117344,1536,1
7697,378562,114735,1536,1
7698,371112,112462,1536,1
7699,349398,105883,1536,1
7700,252912,76644,1536,1
7701,247450,74994,1536,1
7702,274532,83217,1536,1
7703,402512,121975,1536,1
7704,396002,119999,1536,1
7705,417028,126361,1536,1
7706,420422,127437,1536,1
7707,336590,101987,1536,1
7708,335420,101661,1536,1
7709,264690,80232,1536,1
7710,367024,111264,1536,1
7711,249172,75521,1536,1
7712,339252,102817,1536,1
7713,247190,74900,1536,1
7714,249838,75718,1536,1
7715,304964,92433,1536,1
7716,258312,78298,1536,1
7717,248204,75204,1536,1
7718,250800,75992,1536,1
7719,281340,85294,1536,1
7720,253050,76690,1536,1
7721,628753,190770,1536,1
7722,249172,75518,1536,1
7723,256600,77777,1536,1
7724,247950,75150,1536,1
7725,246572,74728,1536,1
7726,246926,74836,1536,1
7727,245956,74543,1536,1
7728,390254,118247,1536,1
7729,255276,77371,1536,1
7730,235532,71391,1536,1
7731,282566,85651,1536,1
7732,436424,132261,1536,1
7733,360840,109365,1536,1
7734,251364,76179,1536,1
7735,390684,118391,1536,1
7736,381554,115622,1536,1
7737,361602,109585,1536,1
7738,322442,97719,1536,1
7739,325736,98721,1536,1
7740,316524,95930,1536,1
7741,358742,108713,1536,1
7742,381648,115657,1536,1
7743,371272,112527,1536,1
7744,467858,141859,1536,1
7745,404384,122553,1536,1
7746,408570,123807,1536,1
7747,403712,122328,1536,1
7748,354010,107291,1536,1
7749,363138,110048,1536,1
7750,365866,110876,1536,1
7751,464230,140669,1536,1
7752,339160,102782,1536,1
7753,341070,103361,1536,1
7754,316432,95893,1536,1
7755,320598,97163,1536,1
7756,442212,134425,1536,1
7757,453418,137707,1536,1
7758,384850,116619,1536,1
7759,279516,84727,1536,1
7760,383996,116352,1536,1
7761,371420,112564,1536,1
7762,625267,189992,1536,1
7763,954177,290289,1536,1
7764,580785,176118,1536,1
7765,387486,117441,1536,1
7766,249494,75609,1536,1
7767,238704,72347,1536,1
7768,252092,76412,1536,1
7769,472246,143280,1536,1
7770,396258,120080,1536,1
7771,463258,140386,1536,1
7772,266180,80696,1536,1
7773,313450,94996,1536,1
7774,331174,100357,1536,1
7775,319658,96881,1536,1
7776,340104,103069,1536,1
7777,389748,118096,1536,1
7778,341814,103551,1536,1
7779,359086,108819,1536,1
7780,368558,111724,1536,1
7781,255074,77301,1536,1
7782,257244,77981,1536,1
7783,247162,74904,1536,1
7784,249204,75528,1536,1
7785,249002,75463,1536,1
7786,474800,143870,1536,1
7787,252668,76572,1536,1
7788,247398,74975,1536,1
7789,249658,75670,1536,1
7790,247736,75075,1536,1
7791,253274,76758,1536,1
7792,230504,69865,1536,1
7793,229130,69449,1536,1
7794,307900,93326,1536,1
7795,343528,104116,1536,1
7796,513796,155682,1536,1
7797,352598,106988,1536,1
7798,374070,113364,1536,1
7799,251714,76303,1536,1
7800,372474,112898,1536,1
7801,242832,73591,1536,1
7802,240994,73036,1536,1
7803,237172,71880,1536,1
7804,280974,85211,1536,1
7805,354966,107586,1536,1
7806,245538,74406,1536,1
7807,407430,124065,1536,1
7808,335206,101683,1536,1
7809,306744,92969,1536,1
7810,386862,117230,1536,1
7811,314104,95197,1536,1
7812,373760,113260,1536,1
7813,354534,107530,1536,1
7814,357396,108460,1536,1
7815,239330,72532,1536,1
7816,242644,73535,1536,1
7817,367704,111419,1536,1
7818,350688,106258,1536,1
7819,423236,128256,1536,1
7820,278130,84294,1536,1
7821,241546,73205,1536,1
7822,240406,72860,1536,1
7823,440390,133480,1536,1
7824,444950,134825,1536,1
7825,436414,132241,1536,1
7826,436394,132232,1536,1
7827,444012,134541,1536,1
7828,441874,133893,1536,1
7829,469192,142163,1536,1
7830,404838,122675,1536,1
7831,440236,133979,1536,1
7832,281026,85184,1536,1
7833,249788,75699,1536,1
7834,247908,75130,1536,1
7835,350220,106135,1536,1
7836,249754,75692,1536,1
7837,252396,76493,1536,1
7838,384850,116627,1536,1
7839,708085,214831,1536,1
7840,253716,76890,1536,1
7841,264956,80321,1536,1
7842,286878,86951,1536,1
7843,239118,72471,1536,1
7844,353975,107604,1536,1
7845,417158,127033,1536,1
7846,331388,100431,1536,1
7847,408512,123894,1536,1
7848,249790,75706,1536,1
7849,626409,190340,1536,1
7850,250188,75828,1536,1
7851,528177,160397,1536,1
7852,375940,113922,1536,1
7853,375868,113909,1536,1
7854,383786,116283,1536,1
7855,370824,112386,1536,1
7856,247814,75100,1536,1
7857,253178,76728,1536,1
7858,271226,82206,1536,1
7859,371726,112649,1536,1
7860,362182,109758,1536,1
7861,368218,111582,1536,1
7862,448116,135790,1536,1
7863,341162,103398,1536,1
7864,347916,105422,1536,1
7865,271198,82182,1536,1
7866,348872,105722,1536,1
7867,325712,98982,1536,1
7868,353172,107047,1536,1
7869,359326,108886,1536,1
7870,294380,89220,1536,1
7871,335132,101558,1536,1
7872,344478,104387,1536,1
7873,381506,115603,1536,1
7874,449788,136803,1536,1
7875,346460,105157,1536,1
7876,465004,140999,1536,1
7877,359728,109008,1536,1
7878,443700,135179,1536,1
7879,374444,113473,1536,1
7880,365976,110908,1536,1
7881,362122,109703,1536,1
7882,398778,120882,1536,1
7883,414522,125622,1536,1
7884,432178,130958,1536,1
7885,294264,89168,1536,1
7886,299036,90617,1536,1
7887,267024,80896,1536,1
7888,302742,91742,1536,1
7889,284288,86159,1536,1
7890,325800,98722,1536,1
7891,565312,171557,1536,1
7892,368390,111657,1536,1
7893,353698,107800,1536,1
7894,359150,108840,1536,1
7895,362214,109854,1536,1
7896,374330,113427,1536,1
7897,324060,98213,1536,1
7898,7454590,2258768,1536,1
7899,367476,111362,1536,1
7900,369384,111947,1536,1
7901,374470,113484,1536,1
7902,363276,110109,1536,1
7903,351480,106672,1536,1
7904,356052,107896,1536,1
7905,358156,108525,1536,1
7906,363438,110225,1536,1
7907,341964,103647,1536,1
7908,346188,104930,1536,1
7909,455858,138577,1536,1
7910,397960,120591,1536,1
7911,379770,115090,1536,1
7912,345952,104848,1536,1
7913,369114,111858,1536,1
7914,373678,113263,1536,1
7915,421210,127630,1536,1
7916,366562,111099,1536,1
7917,410936,124545,1536,1
7918,251908,76346,1536,1
7919,248922,75436,1536,1
7920,309182,93667,1536,1
7921,372054,112738,1536,1
7922,416734,126306,1536,1
7923,350216,106135,1536,1
7924,380798,115394,1536,1
7925,346554,105020,1536,1
7926,1634250,495476,1536,1
7927,418444,126844,1536,1
7928,382114,115798,1536,1
7929,288982,87619,1536,1
7930,494847,150680,1536,1
7931,577587,175486,1536,1
7932,343630,104162,1536,1
7933,344916,104534,1536,1
7934,355310,107846,1536,1
7935,332866,100869,1536,1
7936,560078,169712,1536,1
7937,706582,214196,1536,1
7938,406598,123218,1536,1
7939,401100,121545,1536,1
7940,359780,109031,1536,1
7941,391916,118767,1536,1
7942,424346,128592,1536,1
7943,392032,118804,1536,1
7944,377418,114386,1536,1
7945,249648,75660,1536,1
7946,249854,75726,1536,1
7947,246982,74824,1536,1
7948,289702,87804,1536,1
7949,247086,74973,1536,1
7950,243784,73883,1536,1
7951,244476,74095,1536,1
7952,232984,70616,1536,1
7953,230922,69986,1536,1
7954,397134,120346,1536,1
7955,361980,109703,1536,1
7956,327208,99210,1536,1
7957,385018,116694,1536,1
7958,363108,110044,1536,1
7959,317386,96188,1536,1
7960,323942,98162,1536,1
7961,378692,114759,1536,1
7962,634291,192527,1536,1
7963,372806,112984,1536,1
7964,375834,113892,1536,1
7965,386516,117131,1536,1
7966,379060,114839,1536,1
7967,358502,108645,1536,1
7968,465476,141047,1536,1
7969,451272,137087,1536,1
7970,389970,118168,1536,1
7971,242946,73657,1536,1
7972,286112,86679,1536,1
7973,371978,112738,1536,1
7974,358586,108670,1536,1
7975,367032,111227,1536,1
7976,227670,69003,1536,1
7977,229160,69453,1536,1
7978,266300,80675,1536,1
7979,425572,128944,1536,1
7980,268168,81287,1536,1
7981,226362,68578,1536,1
7982,396642,120306,1536,1
7983,315102,95501,1536,1
7984,371904,112691,1536,1
7985,335988,101820,1536,1
7986,371096,112495,1536,1
7987,375512,113822,1536,1
7988,407386,123461,1536,1
7989,366748,111144,1536,1
7990,386574,117144,1536,1
7991,379146,114907,1536,1
7992,464598,140797,1536,1
7993,477666,144745,1536,1
7994,337980,102459,1536,1
7995,260444,78979,1536,1
7996,251396,76191,1536,1
7997,249338,75567,1536,1
7998,246310,74647,1536,1
7999,377740,114469,1536,1
8000,376976,114240,1536,1
8001,358436,108855,1536,1
8002,385738,116900,1536,1
8003,392664,118993,1536,1
8004,342570,103820,1536,1
8005,323516,98057,1536,1
8006,346296,104951,1536,1
8007,382572,115904,1536,1
8008,382238,115837,1536,1
8009,372868,113101,1536,1
8010,373840,113272,1536,1
8011,246166,74615,1536,1
8012,347268,105245,1536,1
8013,369560,111991,1536,1
8014,377534,114482,1536,1
8015,420516,127441,1536,1
8016,287266,87066,1536,1
8017,239144,72477,1536,1
8018,239552,72600,1536,1
8019,241522,73197,1536,1
8020,240436,72852,1536,1
8021,243730,73865,1536,1
8022,236668,71734,1536,1
8023,223766,67790,1536,1
8024,221814,67227,1536,1
8025,288024,87300,1536,1
8026,221954,67257,1536,1
8027,487972,148335,1536,1
8028,429248,130070,1536,1
8029,383464,116201,1536,1
8030,388150,117622,1536,1
8031,329694,99914,1536,1
8032,300406,91043,1536,1
8033,332790,100851,1536,1
8034,317738,96298,1536,1
8035,334632,101505,1536,1
8036,354534,107435,1536,1
8037,357286,108287,1536,1
8038,362822,109955,1536,1
8039,347142,105207,1536,1
8040,355518,107741,1536,1
8041,338538,102594,1536,1
8042,452276,137076,1536,1
8043,378414,114679,1536,1
8044,346220,105179,1536,1
8045,335228,101582,1536,1
8046,343024,103957,1536,1
8047,333480,101065,1536,1
8048,330446,100160,1536,1
8049,648840,197171,1536,1
8050,346270,104940,1536,1
8051,243810,73888,1536,1
8052,239794,72673,1536,1
8053,364612,110570,1536,1
8054,631648,191786,1536,1
8055,623481,189317,1536,1
8056,412296,125265,1536,1
8057,899980,272973,1536,1
8058,434470,131665,1536,1
8059,332878,100878,1536,1
8060,345872,104813,1536,1
8061,551430,167177,1536,1
8062,344398,104377,1536,1
8063,373800,113285,1536,1
8064,340866,103345,1536,1
8065,351910,106663,1536,1
8066,392096,118808,1536,1
8067,342158,103689,1536,1
8068,335420,101646,1536,1
8069,340074,103066,1536,1
8070,288930,87566,1536,1
8071,320846,97235,1536,1
8072,319786,96916,1536,1
8073,366404,111031,1536,1
8074,345548,104726,1536,1
8075,342840,103893,1536,1
8076,295470,89541,1536,1
8077,290630,88077,1536,1
8078,317940,96349,1536,1
8079,299486,90759,1536,1
8080,302802,92294,1536,1
8081,353960,107271,1536,1
8082,288744,87508,1536,1
8083,23582118,7142403,1536,1
8084,358630,108693,1536,1
8085,346738,105080,1536,1
8086,335154,101569,1536,1
8087,366472,111054,1536,1
8088,433956,131503,1536,1
8089,402020,121833,1536,1
8090,374852,113602,1536,1
8091,370140,112303,1536,1
8092,332498,100752,1536,1
8093,339392,102854,1536,1
8094,338918,102717,1536,1
8095,488798,148106,1536,1
8096,306068,92765,1536,1
8097,304244,92199,1536,1
8098,557448,169435,1536,1
8099,339088,102895,1536,1
8100,330444,100138,1536,1
8101,434750,131770,1536,1
8102,383946,116346,1536,1
8103,368586,111697,1536,1
8104,423438,128298,1536,1
8105,369120,111840,1536,1
8106,284726,86290,1536,1
8107,285044,86387,1536,1
8108,282876,85729,1536,1
8109,284368,86290,1536,1
8110,18422678,5580184,1536,1
8111,468254,142131,1536,1
8112,506834,153593,1536,1
8113,342540,103810,1536,1
8114,360884,109586,1536,1
8115,319062,96700,1536,1
8116,342158,103687,1536,1
8117,327268,99185,1536,1
8118,344492,104405,1536,1
8119,324106,98225,1536,1
8120,338506,102577,1536,1
8121,448292,135954,1536,1
8122,323416,97990,1536,1
8123,357990,108486,1536,1
8124,327610,99273,1536,1
8125,405988,123013,1536,1
8126,397386,120417,1536,1
8127,382580,115930,1536,1
8128,337680,102330,1536,1
8129,306520,92886,1536,1
8130,297640,90724,1536,1
8131,358630,108699,1536,1
8132,316052,95775,1536,1
8133,342020,103650,1536,1
8134,332274,100693,1536,1
8135,312966,94851,1536,1
8136,294408,89216,1536,1
8137,816552,248170,1536,1
8138,331538,100479,1536,1
8139,353246,107044,1536,1
8140,437845,133449,1536,1
8141,391334,118617,1536,1
8142,331482,100433,1536,1
8143,307808,93355,1536,1
8144,333378,101040,1536,1
8145,261716,79322,1536,1
8146,229388,69502,1536,1
8147,225536,68337,1536,1
8148,229922,69664,1536,1
8149,227946,69067,1536,1
8150,513732,155612,1536,1
8151,329624,100002,1536,1
8152,336038,101834,1536,1
8153,363904,110272,1536,1
8154,568670,172259,1536,1
8155,348040,105466,1536,1
8156,518292,157028,1536,1
8157,356426,108026,1536,1
8158,339194,102786,1536,1
8159,326780,99039,1536,1
8160,571766,173223,1536,1
8161,486656,147654,1536,1
8162,339308,102821,1536,1
8163,330370,100123,1536,1
8164,342960,103995,1536,1
8165,342528,103833,1536,1
8166,328468,99547,1536,1
8167,317642,96463,1536,1
8168,334806,101455,1536,1
8169,10891434,3301215,1536,1
8170,349956,106069,1536,1
8171,370120,112164,1536,1
8172,9455383,2864882,1536,1
8173,333104,100951,1536,1
8174,322262,97670,1536,1
8175,349450,105907,1536,1
8176,293094,88832,1536,1
8177,409552,124103,1536,1
8178,357542,108328,1536,1
8179,374504,113516,1536,1
8180,349778,105991,1536,1
8181,383378,116210,1536,1
8182,351598,106552,1536,1
8183,234580,71066,1536,1
8184,268156,81280,1536,1
8185,407968,123956,1536,1
8186,254206,77017,1536,1
8187,348794,105821,1536,1
8188,281486,85318,1536,1
8189,337476,102269,1536,1
8190,339160,102856,1536,1
8191,354456,107417,1536,1
8192,327522,99258,1536,1
8193,428066,129717,1536,1
8194,351696,106580,1536,1
8195,370832,112372,1536,1
8196,334646,101655,1536,1
8197,325882,98757,1536,1
8198,384252,116430,1536,1
8199,381288,115536,1536,1
8200,391854,118782,1536,1
8201,237246,71898,1536,1
8202,234146,70967,1536,1
8203,231602,70188,1536,1
8204,356692,108193,1536,1
8205,232134,70351,1536,1
8206,232246,70381,1536,1
8207,233178,70639,1536,1
8208,233422,70741,1536,1
8209,386908,117254,1536,1
8210,280608,85046,1536,1
8211,231612,70185,1536,1
8212,218870,66335,1536,1
8213,282532,85616,1536,1
8214,217278,65825,1536,1
8215,217492,65889,1536,1
8216,217148,65815,1536,1
8217,358884,108760,1536,1
8218,356096,107979,1536,1
8219,264426,80177,1536,1
8220,332570,100827,1536,1
8221,393212,119191,1536,1
8222,400066,121286,1536,1
8223,345676,104757,1536,1
8224,355120,107604,1536,1
8225,444174,134650,1536,1
8226,348282,105540,1536,1
8227,336956,102113,1536,1
8228,337786,102372,1536,1
8229,326872,99049,1536,1
8230,363642,110202,1536,1
8231,395242,119764,1536,1
8232,363084,110043,1536,1
8233,362334,109810,1536,1
8234,326844,99047,1536,1
8235,342630,103833,1536,1
8236,376128,113968,1536,1
8237,349700,105979,1536,1
8238,349518,105903,1536,1
8239,353972,107270,1536,1
8240,364642,110516,1536,1
8241,348710,105679,1536,1
8242,280758,85103,1536,1
8243,222608,67472,1536,1
8244,279910,84838,1536,1
8245,238758,72380,1536,1
8246,223578,67733,1536,1
8247,379512,115019,1536,1
8248,312182,94613,1536,1
8249,279110,84561,1536,1
8250,373018,113031,1536,1
8251,375036,113642,1536,1
8252,336622,102014,1536,1
8253,351686,106586,1536,1
8254,359172,108821,1536,1
8255,367734,111425,1536,1
8256,276140,83690,1536,1
8257,247652,75058,1536,1
8258,247630,75049,1536,1
8259,247924,75140,1536,1
8260,241226,73111,1536,1
8261,231020,70003,1536,1
8262,231286,70100,1536,1
8263,230162,69759,1536,1
8264,229972,69670,1536,1
8265,230114,69712,1536,1
8266,2134900,646810,1536,1
8267,232082,70343,1536,1
8268,226704,68682,1536,1
8269,230574,69852,1536,1
8270,362898,110001,1536,1
8271,278798,84497,1536,1
8272,274592,83236,1536,1
8273,250594,75946,1536,1
8274,290006,87901,1536,1
8275,435102,131853,1536,1
8276,376994,114364,1536,1
8277,383310,116159,1536,1
8278,474414,143761,1536,1
8279,372078,112737,1536,1
8280,374888,113606,1536,1
8281,428220,129789,1536,1
8282,399918,121217,1536,1
8283,398584,120791,1536,1
8284,388426,117719,1536,1
8285,467216,141779,1536,1
8286,383378,116201,1536,1
8287,447592,135652,1536,1
8288,404216,122505,1536,1
8289,399628,121254,1536,1
8290,383190,116122,1536,1
8291,393922,119384,1536,1
8292,416572,126244,1536,1
8293,823968,249911,1536,1
8294,921720,279277,1536,1
8295,357510,108340,1536,1
8296,380538,115317,1536,1
8297,380238,115229,1536,1
8298,377990,114550,1536,1
8299,371956,112719,1536,1
8300,430296,130410,1536,1
8301,433492,131364,1536,1
8302,347706,105371,1536,1
8303,367038,111237,1536,1
8304,352568,106849,1536,1
8305,347698,105374,1536,1
8306,347072,105188,1536,1
8307,376954,114247,1536,1
8308,368096,111510,1536,1
8309,379904,115131,1536,1
8310,412128,124899,1536,1
8311,385188,116724,1536,1
8312,405870,123008,1536,1
8313,409930,124228,1536,1
8314,396800,120257,1536,1
8315,394896,119670,1536,1
8316,531964,161222,1536,1
8317,382624,115957,1536,1
8318,258790,78430,1536,1
8319,255302,77373,1536,1
8320,271474,82278,1536,1
8321,255964,77578,1536,1
8322,383434,116193,1536,1
8323,379304,114958,1536,1
8324,351050,106384,1536,1
8325,389594,118066,1536,1
8326,381238,115524,1536,1
8327,382562,115934,1536,1
8328,377196,114312,1536,1
8329,319772,96919,1536,1
8330,326886,99067,1536,1
8331,305000,92430,1536,1
8332,303680,92045,1536,1
8333,444042,134553,1536,1
8334,430570,130478,1536,1
8335,393336,119172,1536,1
8336,309796,93881,1536,1
8337,258376,78404,1536,1
8338,340522,103192,1536,1
8339,250178,75820,1536,1
8340,258140,78247,1536,1
8341,233458,70742,1536,1
8342,347172,105196,1536,1
8343,352086,106814,1536,1
8344,229100,69436,1536,1
8345,229948,69677,1536,1
8346,232808,70558,1536,1
8347,232042,70329,1536,1
8348,221346,67070,1536,1
8349,360510,109254,1536,1
8350,229478,69548,1536,1
8351,226222,68546,1536,1
8352,225114,68227,1536,1
8353,245620,74439,1536,1
8354,228644,69293,1536,1
8355,225336,68295,1536,1
8356,227096,68801,1536,1
8357,225696,68409,1536,1
8358,257196,77960,1536,1
8359,257916,78166,1536,1
8360,411202,124605,1536,1
8361,385874,116928,1536,1
8362,357140,108220,1536,1
8363,321884,97554,1536,1
8364,298512,90472,1536,1
8365,1110279,336663,1536,1
8366,337892,102378,1536,1
8367,334410,101309,1536,1
8368,343076,103940,1536,1
8369,222384,67401,1536,1
8370,220450,66817,1536,1
8371,211250,63998,1536,1
8372,209342,63421,1536,1
8373,209416,63455,1536,1
8374,209750,63620,1536,1
8375,236164,71586,1536,1
8376,210364,63745,1536,1
8377,209120,63367,1536,1
8378,213660,64738,1536,1
8379,209760,63564,1536,1
8380,206690,62617,1536,1
8381,264754,80240,1536,1
8382,215586,65338,1536,1
8383,214270,64945,1536,1
8384,211704,64150,1536,1
8385,210758,63863,1536,1
8386,211988,64310,1536,1
8387,259476,78643,1536,1
8388,212448,64387,1536,1
8389,233680,70825,1536,1
8390,343526,104102,1536,1
8391,285914,86653,1536,1
8392,229520,69540,1536,1
8393,342648,103823,1536,1
8394,334680,101429,1536,1
8395,334686,101431,1536,1
8396,296404,89966,1536,1
8397,270670,82040,1536,1
8398,300426,91053,1536,1
8399,299266,90696,1536,1
8400,223878,67853,1536,1
8401,218348,66177,1536,1
8402,210282,63706,1536,1
8403,209668,63545,1536,1
8404,211994,64249,1536,1
8405,212250,64330,1536,1
8406,210136,63675,1536,1
8407,209350,63422,1536,1
8408,310150,93994,1536,1
8409,216560,65636,1536,1
8410,211970,64229,1536,1
8411,211906,64227,1536,1
8412,209906,63609,1536,1
8413,209638,63525,1536,1
8414,209490,63483,1536,1
8415,245420,74351,1536,1
8416,209286,63421,1536,1
8417,208084,63067,1536,1
8418,207408,62849,1536,1
8419,207898,62984,1536,1
8420,204596,61997,1536,1
8421,216584,65646,1536,1
8422,210464,63792,1536,1
8423,203960,61802,1536,1
8424,204084,61842,1536,1
8425,204082,61829,1536,1
8426,204348,61923,1536,1
8427,204010,61835,1536,1
8428,250860,76034,1536,1
8429,209002,63347,1536,1
8430,203250,61592,1536,1
8431,204662,62017,1536,1
8432,219598,66555,1536,1
8433,217252,65847,1536,1
8434,218146,66113,1536,1
8435,217846,66018,1536,1
8436,248984,75470,1536,1
8437,217464,65906,1536,1
8438,215994,65466,1536,1
8439,217684,65973,1536,1
8440,283370,85994,1536,1
8441,218992,66367,1536,1
8442,217220,65837,1536,1
8443,205220,62173,1536,1
8444,245952,74527,1536,1
8445,228348,69216,1536,1
8446,202752,61454,1536,1
8447,202860,61468,1536,1
8448,204864,62065,1536,1
8449,278972,84747,1536,1
8450,229492,69550,1536,1
8451,256010,77558,1536,1
8452,198620,60202,1536,1
8453,199728,60507,1536,1
8454,200738,60842,1536,1
8455,214882,65137,1536,1
8456,334732,102021,1536,1
8457,299416,90740,1536,1
8458,343464,104080,1536,1
8459,350754,106296,1536,1
8460,281492,85692,1536,1
8461,229772,69649,1536,1
8462,340974,103348,1536,1
8463,440224,133686,1536,1
8464,356736,108106,1536,1
8465,354312,107368,1536,1
8466,354384,107389,1536,1
8467,214226,64937,1536,1
8468,350284,106152,1536,1
8469,350916,106336,1536,1
8470,305082,92442,1536,1
8471,428072,129707,1536,1
8472,334592,101406,1536,1
8473,336942,102096,1536,1
8474,330008,100013,1536,1
8475,261604,79253,1536,1
8476,315298,95553,1536,1
8477,222478,67425,1536,1
8478,218428,66197,1536,1
8479,218612,66250,1536,1
8480,219176,66428,1536,1
8481,219836,66624,1536,1
8482,355140,107644,1536,1
8483,327374,99200,1536,1
8484,315030,95462,1536,1
8485,329368,99807,1536,1
8486,298302,90585,1536,1
8487,220414,66797,1536,1
8488,210058,63661,1536,1
8489,205370,62219,1536,1
8490,204202,61862,1536,1
8491,230600,69899,1536,1
8492,206522,62592,1536,1
8493,206888,62678,1536,1
8494,316562,95925,1536,1
8495,301070,91201,1536,1
8496,323776,98111,1536,1
8497,254152,77026,1536,1
8498,310928,94213,1536,1
8499,291726,88410,1536,1
8500,203100,61557,1536,1
8501,204066,61850,1536,1
8502,205694,62329,1536,1
8503,242958,73655,1536,1
8504,329060,99910,1536,1
8505,251970,76366,1536,1
8506,322192,97619,1536,1
8507,206692,62648,1536,1
8508,210948,63933,1536,1
8509,206680,62643,1536,1
8510,213860,64831,1536,1
8511,204790,62066,1536,1
8512,203964,61818,1536,1
8513,205084,62158,1536,1
8514,204276,61913,1536,1
8515,204732,62053,1536,1
8516,203844,61787,1536,1
8517,199710,60516,1536,1
8518,204918,62107,1536,1
8519,222878,67562,1536,1
8520,203896,61772,1536,1
8521,204464,61971,1536,1
8522,205292,62220,1536,1
8523,228032,69127,1536,1
8524,205744,62328,1536,1
8525,204702,62028,1536,1
8526,203782,61754,1536,1
8527,204136,61868,1536,1
8528,334330,101313,1536,1
8529,222312,67373,1536,1
8530,253580,76859,1536,1
8531,220118,66711,1536,1
8532,220058,66686,1536,1
8533,242830,73606,1536,1
8534,217308,65855,1536,1
8535,222008,67281,1536,1
8536,338436,102555,1536,1
8537,409176,124202,1536,1
8538,349048,105810,1536,1
8539,347220,105219,1536,1
8540,328198,99462,1536,1
8541,363804,110234,1536,1
8542,330156,100054,1536,1
8543,343882,104241,1536,1
8544,310424,94063,1536,1
8545,329306,99789,1536,1
8546,337044,102151,1536,1
8547,348750,105690,1536,1
8548,223322,67680,1536,1
8549,207420,62865,1536,1
8550,205414,62258,1536,1
8551,203532,61675,1536,1
8552,204350,61923,1536,1
8553,205436,62259,1536,1
8554,203836,61765,1536,1
8555,202988,61507,1536,1
8556,305414,92554,1536,1
8557,202698,61434,1536,1
8558,197392,59831,1536,1
8559,198088,60013,1536,1
8560,198018,60021,1536,1
8561,202668,61422,1536,1
8562,202804,61467,1536,1
8563,203318,61609,1536,1
8564,211530,64113,1536,1
8565,201994,61226,1536,1
8566,204000,61804,1536,1
8567,204542,61966,1536,1
8568,205626,62324,1536,1
8569,201238,60968,1536,1
8570,238716,72357,1536,1
8571,204070,61852,1536,1
8572,203436,61648,1536,1
8573,203526,61661,1536,1
8574,207346,62841,1536,1
8575,206644,62603,1536,1
8576,205028,62139,1536,1
8577,201754,61122,1536,1
8578,207906,63015,1536,1
8579,204664,62032,1536,1
8580,209348,63424,1536,1
8581,209048,63333,1536,1
8582,209876,63592,1536,1
8583,208966,63335,1536,1
8584,217826,66039,1536,1
8585,206564,62592,1536,1
8586,204748,62055,1536,1
8587,204246,61887,1536,1
8588,354632,107479,1536,1
8589,348610,105639,1536,1
8590,339286,102820,1536,1
8591,327848,99349,1536,1
8592,334548,101382,1536,1
8593,219614,66553,1536,1
8594,290512,88044,1536,1
8595,330268,100089,1536,1
8596,462642,140413,1536,1
8597,324404,98365,1536,1
8598,342730,103875,1536,1
8599,331574,100487,1536,1
8600,338026,102494,1536,1
8601,338608,102787,1536,1
8602,345932,104850,1536,1
8603,310974,94240,1536,1
8604,353174,107039,1536,1
8605,347980,105470,1536,1
8606,364370,110422,1536,1
8607,379064,114867,1536,1
8608,356822,108143,1536,1
8609,361696,109628,1536,1
8610,380570,115322,1536,1
8611,377710,114460,1536,1
8612,384358,116475,1536,1
8613,416400,126188,1536,1
8614,244164,73996,1536,1
8615,241348,73142,1536,1
8616,276720,83871,1536,1
8617,357818,108445,1536,1
8618,367636,111386,1536,1
8619,371674,112636,1536,1
8620,2668134,808489,1536,1
8621,369968,112119,1536,1
8622,362060,109721,1536,1
8623,493710,149601,1536,1
8624,444644,134793,1536,1
8625,386076,116991,1536,1
8626,376578,114123,1536,1
8627,388800,117827,1536,1
8628,374466,113481,1536,1
8629,365122,110652,1536,1
8630,368312,111623,1536,1
8631,368682,111724,1536,1
8632,506828,154197,1536,1
8633,686962,208130,1536,1
8634,407260,123419,1536,1
8635,402258,121908,1536,1
8636,403814,122383,1536,1
8637,409132,123981,1536,1
8638,386934,117279,1536,1
8639,350530,106257,1536,1
8640,442684,134134,1536,1
8641,341990,103696,1536,1
8642,431186,130663,1536,1
8643,432070,130947,1536,1
8644,424046,128496,1536,1
8645,418240,126732,1536,1
8646,547212,165870,1536,1
8647,399828,121178,1536,1
8648,422172,127936,1536,1
8649,400810,121464,1536,1
8650,413854,125407,1536,1
8651,323548,98056,1536,1
8652,257904,78162,1536,1
8653,258572,78359,1536,1
8654,465168,141227,1536,1
8655,410968,124548,1536,1
8656,490750,148699,1536,1
8657,396990,120297,1536,1
8658,414826,125704,1536,1
8659,488020,149220,1536,1
8660,417256,126440,1536,1
8661,403214,122181,1536,1
8662,372544,113127,1536,1
8663,427012,129429,1536,1
8664,254112,77011,1536,1
8665,247966,75135,1536,1
8666,247118,74907,1536,1
8667,231396,70139,1536,1
8668,269556,81705,1536,1
8669,231330,70096,1536,1
8670,231860,70258,1536,1
8671,231712,70198,1536,1
8672,347388,105277,1536,1
8673,351980,106650,1536,1
8674,236342,71626,1536,1
8675,232452,70420,1536,1
8676,223546,67734,1536,1
8677,223804,67804,1536,1
8678,220304,66740,1536,1
8679,227908,69073,1536,1
8680,327584,99273,1536,1
8681,229360,69517,1536,1
8682,224326,67982,1536,1
8683,225280,68247,1536,1
8684,413944,125462,1536,1
8685,361884,109670,1536,1
8686,368162,111565,1536,1
8687,435260,131883,1536,1
8688,435484,131961,1536,1
8689,438782,132966,1536,1
8690,427998,129686,1536,1
8691,420004,127266,1536,1
8692,440488,133473,1536,1
8693,360916,109446,1536,1
8694,350708,106278,1536,1
8695,332686,100818,1536,1
8696,356440,108072,1536,1
8697,312230,94722,1536,1
8698,242750,73576,1536,1
8699,245246,74319,1536,1
8700,262612,79600,1536,1
8701,241578,73212,1536,1
8702,239724,72654,1536,1
8703,241492,73257,1536,1
8704,455808,138111,1536,1
8705,414562,125626,1536,1
8706,301256,91434,1536,1
8707,396348,120297,1536,1
8708,250116,75798,1536,1
8709,242618,73526,1536,1
8710,243708,73861,1536,1
8711,240186,72790,1536,1
8712,238844,72383,1536,1
8713,237768,72063,1536,1
8714,228164,69149,1536,1
8715,224648,68088,1536,1
8716,222132,67323,1536,1
8717,290066,87912,1536,1
8718,216342,65569,1536,1
8719,259916,78780,1536,1
8720,216708,65653,1536,1
8721,216328,65569,1536,1
8722,216226,65534,1536,1
8723,215546,65313,1536,1
8724,221104,67017,1536,1
8725,218396,66189,1536,1
8726,214548,65026,1536,1
8727,216278,65521,1536,1
8728,215774,65398,1536,1
8729,216478,65609,1536,1
8730,218258,66146,1536,1
8731,257482,78042,1536,1
8732,217920,66018,1536,1
8733,217016,65746,1536,1
8734,215396,65281,1536,1
8735,216438,65596,1536,1
8736,237474,71967,1536,1
8737,232626,70500,1536,1
8738,232526,70470,1536,1
8739,234524,71078,1536,1
8740,275880,83619,1536,1
8741,270564,82005,1536,1
8742,233206,70678,1536,1
8743,239724,72656,1536,1
8744,227406,68921,1536,1
8745,215504,65311,1536,1
8746,217308,65834,1536,1
8747,211500,64107,1536,1
8748,303812,92073,1536,1
8749,218880,66336,1536,1
8750,216922,65744,1536,1
8751,413650,126023,1536,1
8752,349094,105774,1536,1
8753,238464,72266,1536,1
8754,214402,64957,1536,1
8755,285306,86475,1536,1
8756,387600,117421,1536,1
8757,249988,76201,1536,1
8758,266988,80919,1536,1
8759,873074,264453,1536,1
8760,211956,64214,1536,1
8761,208892,63315,1536,1
8762,448598,135920,1536,1
8763,340036,103042,1536,1
8764,323778,98117,1536,1
8765,369590,112068,1536,1
8766,341166,103370,1536,1
8767,330530,100156,1536,1
8768,320752,97209,1536,1
8769,330724,100220,1536,1
8770,340030,103034,1536,1
8771,350940,106304,1536,1
8772,418042,126727,1536,1
8773,323942,98159,1536,1
8774,428972,130269,1536,1
8775,323676,98159,1536,1
8776,347908,105430,1536,1
8777,285840,86630,1536,1
8778,250614,75962,1536,1
8779,1057180,320246,1536,1
8780,318386,96488,1536,1
8781,274286,83121,1536,1
8782,343554,104115,1536,1
8783,352472,106817,1536,1
8784,462803,141004,1536,1
8785,336462,101988,1536,1
8786,368938,111800,1536,1
8787,306146,92835,1536,1
8788,258012,78209,1536,1
8789,300084,90931,1536,1
8790,277316,84113,1536,1
8791,462058,140354,1536,1
8792,311290,94329,1536,1
8793,243108,73689,1536,1
8794,258196,78264,1536,1
8795,277878,84234,1536,1
8796,233632,70808,1536,1
8797,280526,85022,1536,1
8798,277336,84060,1536,1
8799,281744,85377,1536,1
8800,306000,92752,1536,1
8801,261000,79111,1536,1
8802,339586,102919,1536,1
8803,346378,104960,1536,1
8804,280662,85070,1536,1
8805,278664,84497,1536,1
8806,331530,100443,1536,1
8807,319954,96931,1536,1
8808,360154,109121,1536,1
8809,359918,109122,1536,1
8810,423466,128326,1536,1
8811,350602,106243,1536,1
8812,377012,114231,1536,1
8813,358630,108686,1536,1
8814,372486,112873,1536,1
8815,371188,112491,1536,1
8816,238918,72407,1536,1
8817,238364,72239,1536,1
8818,238518,72287,1536,1
8819,259042,78521,1536,1
8820,237928,72107,1536,1
8821,237802,72069,1536,1
8822,240950,73025,1536,1
8823,341564,103510,1536,1
8824,366854,111182,1536,1
8825,261520,79278,1536,1
8826,370942,112405,1536,1
8827,364968,110579,1536,1
8828,363166,110051,1536,1
8829,459051,139655,1536,1
8830,517622,156842,1536,1
8831,1141704,346131,1536,1
8832,379318,114942,1536,1
8833,268566,81397,1536,1
8834,252462,76513,1536,1
8835,2513666,761679,1536,1
8836,539122,163346,1536,1
8837,393268,119169,1536,1
8838,250986,76067,1536,1
8839,250626,75949,1536,1
8840,307438,93254,1536,1
8841,299754,90849,1536,1
8842,247246,74927,1536,1
8843,336056,101864,1536,1
8844,247706,75071,1536,1
8845,241134,73090,1536,1
8846,261536,79277,1536,1
8847,232014,70288,1536,1
8848,231640,70210,1536,1
8849,228254,69149,1536,1
8850,230562,69865,1536,1
8851,230276,69760,1536,1
8852,230136,69750,1536,1
8853,229224,69477,1536,1
8854,523744,158671,1536,1
8855,231108,70049,1536,1
8856,231284,70095,1536,1
8857,228502,69245,1536,1
8858,230358,69804,1536,1
8859,229982,69704,1536,1
8860,273586,82924,1536,1
8861,225324,68292,1536,1
8862,225746,68422,1536,1
8863,235888,71491,1536,1
8864,230516,69860,1536,1
8865,234384,71042,1536,1
8866,229618,69566,1536,1
8867,230008,69680,1536,1
8868,276712,83872,1536,1
8869,303922,92110,1536,1
8870,261006,79100,1536,1
8871,392110,118830,1536,1
8872,369240,111888,1536,1
8873,449972,136559,1536,1
8874,386028,116982,1536,1
8875,381618,115642,1536,1
8876,235538,71392,1536,1
8877,297280,90098,1536,1
8878,248230,75263,1536,1
8879,231236,70085,1536,1
8880,262408,79548,1536,1
8881,228890,69343,1536,1
8882,228992,69400,1536,1
8883,232746,70540,1536,1
8884,230076,69736,1536,1
8885,260962,79125,1536,1
8886,226572,68669,1536,1
8887,223378,67701,1536,1
8888,222922,67562,1536,1
8889,376256,114015,1536,1
8890,375282,113719,1536,1
8891,372238,112808,1536,1
8892,362712,109916,1536,1
8893,363272,110101,1536,1
8894,370370,112254,1536,1
8895,370268,112218,1536,1
8896,432974,131205,1536,1
8897,369056,111852,1536,1
8898,342522,103834,1536,1
8899,331914,100582,1536,1
8900,323262,98287,1536,1
8901,243036,73760,1536,1
8902,239644,72627,1536,1
8903,302338,91645,1536,1
8904,241372,73151,1536,1
8905,402440,121992,1536,1
8906,397528,120477,1536,1
8907,389470,118039,1536,1
8908,389780,118132,1536,1
8909,471574,142897,1536,1
8910,402016,121913,1536,1
8911,391148,118546,1536,1
8912,395440,119840,1536,1
8913,369532,111988,1536,1
8914,371608,112619,1536,1
8915,412078,124882,1536,1
8916,307272,93126,1536,1
8917,252956,76658,1536,1
8918,249536,75621,1536,1
8919,247304,74954,1536,1
8920,243956,73929,1536,1
8921,246616,74744,1536,1
8922,250994,76070,1536,1
8923,293230,88875,1536,1
8924,244752,74174,1536,1
8925,392432,118937,1536,1
8926,380942,115439,1536,1
8927,355310,107668,1536,1
8928,431008,130643,1536,1
8929,434216,131579,1536,1
8930,388784,117826,1536,1
8931,404054,122441,1536,1
8932,410330,124359,1536,1
8933,361092,109426,1536,1
8934,393186,119163,1536,1
8935,393072,119111,1536,1
8936,377968,114538,1536,1
8937,380500,115270,1536,1
8938,374298,113503,1536,1
8939,376776,114203,1536,1
8940,263168,79754,1536,1
8941,257074,77993,1536,1
8942,259208,78555,1536,1
8943,257180,77934,1536,1
8944,358660,108701,1536,1
8945,401728,121774,1536,1
8946,388502,117742,1536,1
8947,386558,117154,1536,1
8948,385508,116846,1536,1
8949,382212,115828,1536,1
8950,391018,118490,1536,1
8951,357224,108252,1536,1
8952,387158,117318,1536,1
8953,379384,114942,1536,1
8954,393884,119321,1536,1
8955,389776,118185,1536,1
8956,409064,123964,1536,1
8957,393554,119268,1536,1
8958,427054,129430,1536,1
8959,417818,126623,1536,1
8960,420548,127453,1536,1
8961,331968,100609,1536,1
8962,241764,73262,1536,1
8963,239628,72628,1536,1
8964,238304,72223,1536,1
8965,249018,75477,1536,1
8966,347580,105333,1536,1
8967,236056,71527,1536,1
8968,238514,72295,1536,1
8969,237580,71990,1536,1
8970,402134,121861,1536,1
8971,379582,115034,1536,1
8972,374100,113334,1536,1
8973,411892,125548,1536,1
8974,581578,176907,1536,1
8975,707625,214914,1536,1
8976,509449,154761,1536,1
8977,387400,117403,1536,1
8978,454750,137963,1536,1
8979,351956,106666,1536,1
8980,354382,107410,1536,1
8981,234218,70994,1536,1
8982,228528,69235,1536,1
8983,231046,69996,1536,1
8984,229586,69588,1536,1
8985,238466,72289,1536,1
8986,229636,69596,1536,1
8987,228812,69353,1536,1
8988,232234,70385,1536,1
8989,273086,82730,1536,1
8990,233482,70762,1536,1
8991,232076,70307,1536,1
8992,231324,70109,1536,1
8993,281552,85335,1536,1
8994,230642,69904,1536,1
8995,263030,79726,1536,1
8996,233354,70723,1536,1
8997,231474,70141,1536,1
8998,222840,67537,1536,1
8999,281676,85374,1536,1
9000,227044,68819,1536,1
9001,399678,121135,1536,1
9002,382442,115889,1536,1
9003,389974,118177,1536,1
9004,250476,75933,1536,1
9005,251332,76189,1536,1
9006,357756,108463,1536,1
9007,235976,71497,1536,1
9008,236138,71564,1536,1
9009,236942,71807,1536,1
9010,308698,93548,1536,1
9011,239310,72510,1536,1
9012,295180,89447,1536,1
9013,235904,71496,1536,1
9014,254462,77103,1536,1
9015,284718,86263,1536,1
9016,365562,110762,1536,1
9017,343160,103999,1536,1
9018,354252,107411,1536,1
9019,1355473,411155,1536,1
9020,359504,108952,1536,1
9021,694960,210845,1536,1
9022,236338,71626,1536,1
9023,235278,71301,1536,1
9024,231200,70050,1536,1
9025,231962,70304,1536,1
9026,567127,172376,1536,1
9027,275734,83575,1536,1
9028,234456,71027,1536,1
9029,311864,94518,1536,1
9030,232206,70374,1536,1
9031,234234,70988,1536,1
9032,231788,70244,1536,1
9033,251160,76131,1536,1
9034,296174,89864,1536,1
9035,251552,76247,1536,1
9036,358208,108547,1536,1
9037,344560,104421,1536,1
9038,459294,139157,1536,1
9039,483470,146554,1536,1
9040,222422,67414,1536,1
9041,215368,65273,1536,1
9042,211378,64064,1536,1
9043,212298,64345,1536,1
9044,229534,69583,1536,1
9045,236536,71661,1536,1
9046,234214,70995,1536,1
9047,213996,64852,1536,1
9048,212544,64391,1536,1
9049,330950,100269,1536,1
9050,272680,82616,1536,1
9051,293958,89820,1536,1
9052,254506,77123,1536,1
9053,570846,172939,1536,1
9054,209448,63482,1536,1
9055,205038,62146,1536,1
9056,290680,88107,1536,1
9057,209060,63359,1536,1
9058,205796,62359,1536,1
9059,204136,61843,1536,1
9060,207500,62893,1536,1
9061,258976,78492,1536,1
9062,205772,62352,1536,1
9063,202284,61296,1536,1
9064,205018,62133,1536,1
9065,205018,62124,1536,1
9066,209482,63491,1536,1
9067,207606,62920,1536,1
9068,206240,62496,1536,1
9069,205316,62228,1536,1
9070,204484,61949,1536,1
9071,204252,61878,1536,1
9072,209714,63562,1536,1
9073,202048,61239,1536,1
9074,202868,61459,1536,1
9075,203226,61568,1536,1
9076,207296,62801,1536,1
9077,204328,61927,1536,1
9078,202584,61389,1536,1
9079,203982,61825,1536,1
9080,228796,69344,1536,1
9081,227074,68816,1536,1
9082,225388,68305,1536,1
9083,378594,114906,1536,1
9084,227062,68813,1536,1
9085,333616,101100,1536,1
9086,228726,69291,1536,1
9087,444576,134748,1536,1
9088,343010,103944,1536,1
9089,338126,102474,1536,1
9090,334206,101278,1536,1
9091,341950,103726,1536,1
9092,339128,105580,1536,1
9093,254392,77117,1536,1
9094,227104,68823,1536,1
9095,224324,67988,1536,1
9096,227924,69049,1536,1
9097,230272,69787,1536,1
9098,224262,67964,1536,1
9099,224222,67952,1536,1
9100,215894,65446,1536,1
9101,220614,66881,1536,1
9102,230368,69832,1536,1
9103,277398,84081,1536,1
9104,217782,65996,1536,1
9105,227360,68885,1536,1
9106,211480,64101,1536,1
9107,230418,69849,1536,1
9108,212148,64284,1536,1
9109,210240,63706,1536,1
9110,209420,63454,1536,1
9111,209892,63605,1536,1
9112,209374,63429,1536,1
9113,208818,63293,1536,1
9114,213044,64569,1536,1
9115,209430,63478,1536,1
9116,246256,74620,1536,1
9117,208952,63331,1536,1
9118,205602,62315,1536,1
9119,209326,63444,1536,1
9120,216096,65499,1536,1
9121,216252,65534,1536,1
9122,215630,65327,1536,1
9123,213004,64557,1536,1
9124,215736,65388,1536,1
9125,215542,65331,1536,1
9126,211804,64194,1536,1
9127,380870,115429,1536,1
9128,417112,126480,1536,1
9129,363624,110197,1536,1
9130,249748,75706,1536,1
9131,231240,70080,1536,1
9132,234144,70961,1536,1
9133,231278,70065,1536,1
9134,228488,69248,1536,1
9135,230600,69889,1536,1
9136,262412,79521,1536,1
9137,233422,70741,1536,1
9138,233800,70857,1536,1
9139,273330,82832,1536,1
9140,219338,66478,1536,1
9141,216646,65663,1536,1
9142,215304,65242,1536,1
9143,215320,65245,1536,1
9144,238314,72238,1536,1
9145,234178,70969,1536,1
9146,233638,70805,1536,1
9147,232702,70524,1536,1
9148,347232,105241,1536,1
9149,239900,72703,1536,1
9150,379840,115109,1536,1
9151,310684,94157,1536,1
9152,315580,95639,1536,1
9153,345534,104711,1536,1
9154,453602,137717,1536,1
9155,378568,114715,1536,1
9156,363964,110301,1536,1
9157,356252,107925,1536,1
9158,354296,107375,1536,1
9159,359740,109014,1536,1
9160,313764,95096,1536,1
9161,432160,130964,1536,1
9162,392834,119040,1536,1
9163,390650,118376,1536,1
9164,577440,176911,1536,1
9165,239862,72692,1536,1
9166,240000,72747,1536,1
9167,322430,97704,1536,1
9168,361806,109684,1536,1
9169,368280,111601,1536,1
9170,334752,101456,1536,1
9171,361844,109653,1536,1
9172,351002,106367,1536,1
9173,457468,138601,1536,1
9174,380130,115174,1536,1
9175,357964,108478,1536,1
9176,372584,112965,1536,1
9177,371956,112720,1536,1
9178,241058,73060,1536,1
9179,457845,139211,1536,1
9180,384096,116389,1536,1
9181,596504,181071,1536,1
9182,337774,102360,1536,1
9183,328514,99565,1536,1
9184,734592,222844,1536,1
9185,369272,111902,1536,1
9186,243032,73659,1536,1
9187,363254,110139,1536,1
9188,337528,102278,1536,1
9189,321924,97562,1536,1
9190,241538,73202,1536,1
9191,240456,72857,1536,1
9192,241586,73301,1536,1
9193,241700,73234,1536,1
9194,242928,73609,1536,1
9195,376640,114127,1536,1
9196,371530,112605,1536,1
9197,381956,115746,1536,1
9198,377248,114309,1536,1
9199,360474,109239,1536,1
9200,382746,115981,1536,1
9201,359758,109024,1536,1
9202,379656,115047,1536,1
9203,361754,109637,1536,1
9204,365408,110732,1536,1
9205,256166,77635,1536,1
9206,247904,75131,1536,1
9207,266822,80880,1536,1
9208,259464,78629,1536,1
9209,247426,74986,1536,1
9210,1744121,529308,1536,1
9211,387886,117540,1536,1
9212,389894,118109,1536,1
9213,310496,94124,1536,1
9214,378680,114803,1536,1
9215,340700,103240,1536,1
9216,375806,113912,1536,1
9217,488504,148040,1536,1
9218,379082,114883,1536,1
9219,369768,112134,1536,1
9220,394336,119495,1536,1
9221,379560,115022,1536,1
9222,349942,106053,1536,1
9223,379020,114818,1536,1
9224,386958,117253,1536,1
9225,364388,110417,1536,1
9226,358124,108526,1536,1
9227,432002,130922,1536,1
9228,363618,110206,1536,1
9229,301882,91486,1536,1
9230,358146,108547,1536,1
9231,361022,109400,1536,1
9232,308686,93550,1536,1
9233,382994,116058,1536,1
9234,383534,116218,1536,1
9235,389090,117867,1536,1
9236,454866,137821,1536,1
9237,376938,114226,1536,1
9238,395004,119715,1536,1
9239,363104,110033,1536,1
9240,413168,125206,1536,1
9241,358536,108646,1536,1
9242,354482,107543,1536,1
9243,358876,108753,1536,1
9244,357094,108216,1536,1
9245,361798,109637,1536,1
9246,358740,108716,1536,1
9247,383534,116218,1536,1
9248,369412,111944,1536,1
9249,400540,121363,1536,1
9250,404290,122514,1536,1
9251,11947969,3619238,1536,1
9252,408468,123787,1536,1
9253,580317,176400,1536,1
9254,466996,141478,1536,1
9255,355606,107774,1536,1
9256,390594,118365,1536,1
9257,365912,110894,1536,1
9258,422452,128023,1536,1
9259,413490,125315,1536,1
9260,437308,132513,1536,1
9261,482212,146127,1536,1
9262,400102,121267,1536,1
9263,435224,131884,1536,1
9264,433356,131317,1536,1
9265,480902,145846,1536,1
9266,431300,130702,1536,1
9267,453200,137363,1536,1
9268,341506,103468,1536,1
9269,253542,76836,1536,1
9270,254538,77140,1536,1
9271,327514,99258,1536,1
9272,258308,78280,1536,1
9273,353646,107172,1536,1
9274,258742,78418,1536,1
9275,256698,77801,1536,1
9276,258224,78238,1536,1
9277,395636,119931,1536,1
9278,328890,99719,1536,1
9279,373060,113063,1536,1
9280,433754,131421,1536,1
9281,373942,113324,1536,1
9282,378634,114740,1536,1
9283,375694,113851,1536,1
9284,449578,137287,1536,1
9285,261334,79203,1536,1
9286,797827,244184,1536,1
9287,255260,77360,1536,1
9288,239098,72445,1536,1
9289,239514,72577,1536,1
9290,238078,72161,1536,1
9291,236788,71736,1536,1
9292,240364,72851,1536,1
9293,233130,70659,1536,1
9294,234740,71138,1536,1
9295,236988,71831,1536,1
9296,240864,73005,1536,1
9297,241154,73086,1536,1
9298,240434,72874,1536,1
9299,289820,87827,1536,1
9300,263136,79721,1536,1
9301,334740,101427,1536,1
9302,234156,70968,1536,1
9303,229358,69499,1536,1
9304,230608,69881,1536,1
9305,229606,69592,1536,1
9306,228208,69165,1536,1
9307,255220,77371,1536,1
9308,234472,71066,1536,1
9309,231414,70137,1536,1
9310,221930,67254,1536,1
9311,222602,67451,1536,1
9312,226510,68651,1536,1
9313,223112,67610,1536,1
9314,221828,67237,1536,1
9315,223774,67794,1536,1
9316,223586,67765,1536,1
9317,225544,68359,1536,1
9318,225032,68204,1536,1
9319,223428,67719,1536,1
9320,226016,68474,1536,1
9321,224502,68015,1536,1
9322,234150,70974,1536,1
9323,221462,67126,1536,1
9324,223948,67876,1536,1
9325,222728,67491,1536,1
9326,223600,67753,1536,1
9327,242146,73386,1536,1
9328,251474,76209,1536,1
9329,497350,150662,1536,1
9330,305240,92514,1536,1
9331,222162,67336,1536,1
9332,218426,66173,1536,1
9333,251610,76278,1536,1
9334,331984,100598,1536,1
9335,319640,96851,1536,1
9336,313626,95047,1536,1
9337,338104,102455,1536,1
9338,362760,109916,1536,1
9339,353312,107062,1536,1
9340,356516,108032,1536,1
9341,419470,127078,1536,1
9342,318692,96582,1536,1
9343,360128,109131,1536,1
9344,419569,127737,1536,1
9345,497081,150696,1536,1
9346,318446,96507,1536,1
9347,368272,111601,1536,1
9348,356386,108002,1536,1
9349,234646,71114,1536,1
9350,234026,70926,1536,1
9351,234578,71093,1536,1
9352,346084,104873,1536,1
9353,332424,100740,1536,1
9354,373428,113124,1536,1
9355,353826,107228,1536,1
9356,419652,127156,1536,1
9357,400886,121472,1536,1
9358,225642,68381,1536,1
9359,227078,68816,1536,1
9360,309576,94408,1536,1
9361,283156,85952,1536,1
9362,345506,104690,1536,1
9363,227924,69075,1536,1
9364,226360,68598,1536,1
9365,287654,87185,1536,1
9366,224598,68069,1536,1
9367,391010,118491,1536,1
9368,225662,68394,1536,1
9369,224856,68146,1536,1
9370,223994,67886,1536,1
9371,224526,68048,1536,1
9372,223998,67887,1536,1
9373,343232,104012,1536,1
9374,345154,104583,1536,1
9375,338672,102615,1536,1
9376,231366,70125,1536,1
9377,268646,81392,1536,1
9378,256886,77859,1536,1
9379,211208,64016,1536,1
9380,208582,63217,1536,1
9381,212784,64490,1536,1
9382,217760,66006,1536,1
9383,227336,68868,1536,1
9384,323020,97879,1536,1
9385,345942,104827,1536,1
9386,326408,98918,1536,1
9387,315740,95659,1536,1
9388,218378,66195,1536,1
9389,205878,62397,1536,1
9390,204374,61941,1536,1
9391,204452,61950,1536,1
9392,203982,61794,1536,1
9393,202578,61383,1536,1
9394,204590,61981,1536,1
9395,204506,61957,1536,1
9396,209816,63596,1536,1
9397,205400,62227,1536,1
9398,204194,61863,1536,1
9399,204906,62108,1536,1
9400,203906,61795,1536,1
9401,202486,61360,1536,1
9402,305990,92863,1536,1
9403,198538,60161,1536,1
9404,197890,59973,1536,1
9405,375406,113759,1536,1
9406,225680,68406,1536,1
9407,211478,64095,1536,1
9408,236066,71566,1536,1
9409,197018,59710,1536,1
9410,297902,90268,1536,1
9411,309714,93859,1536,1
9412,323158,97973,1536,1
9413,309476,93784,1536,1
9414,291554,88365,1536,1
9415,200814,60848,1536,1
9416,295520,89558,1536,1
9417,308120,93374,1536,1
9418,307688,93241,1536,1
9419,360298,109370,1536,1
9420,217332,65863,1536,1
9421,262868,79663,1536,1
9422,215436,65289,1536,1
9423,215606,65340,1536,1
9424,299662,90804,1536,1
9425,213292,64642,1536,1
9426,216604,65719,1536,1
9427,215012,65160,1536,1
9428,221748,67214,1536,1
9429,201654,61115,1536,1
9430,200644,60810,1536,1
9431,199596,60470,1536,1
9432,199410,60437,1536,1
9433,196380,59492,1536,1
9434,198480,60157,1536,1
9435,199582,60474,1536,1
9436,199582,60491,1536,1
9437,195654,59298,1536,1
9438,197624,59898,1536,1
9439,198198,60074,1536,1
9440,201642,61115,1536,1
9441,205220,62170,1536,1
9442,204130,61869,1536,1
9443,201866,61183,1536,1
9444,202542,61388,1536,1
9445,202904,61473,1536,1
9446,203730,61748,1536,1
9447,204176,61884,1536,1
9448,204178,61884,1536,1
9449,211650,64155,1536,1
9450,234624,71118,1536,1
9451,204668,62021,1536,1
9452,200986,60890,1536,1
9453,261362,79213,1536,1
9454,203758,61755,1536,1
9455,200658,60817,1536,1
9456,254740,77219,1536,1
9457,218876,66338,1536,1
9458,218760,66300,1536,1
9459,218208,66117,1536,1
9460,255460,77421,1536,1
9461,219800,66598,1536,1
9462,218694,66254,1536,1
9463,218336,66172,1536,1
9464,244442,74074,1536,1
9465,218036,66080,1536,1
9466,217306,65853,1536,1
9467,219524,66528,1536,1
9468,218970,66367,1536,1
9469,221544,67177,1536,1
9470,203584,61707,1536,1
9471,204542,61978,1536,1
9472,208250,63106,1536,1
9473,210054,63646,1536,1
9474,210442,63754,1536,1
9475,253274,76771,1536,1
9476,212532,64414,1536,1
9477,223010,67574,1536,1
9478,211198,63996,1536,1
9479,210002,63632,1536,1
9480,214022,64852,1536,1
9481,212486,64393,1536,1
9482,212818,67657,1536,1
9483,212290,64345,1536,1
9484,211970,64245,1536,1
9485,242234,73421,1536,1
9486,210198,63708,1536,1
9487,231068,70028,1536,1
9488,224580,68065,1536,1
9489,210164,63698,1536,1
9490,331802,100547,1536,1
9491,284916,86344,1536,1
9492,302632,91704,1536,1
9493,284508,86224,1536,1
9494,305484,92572,1536,1
9495,232110,70344,1536,1
9496,222824,67534,1536,1
9497,215696,65373,1536,1
9498,215860,65413,1536,1
9499,381696,115668,1536,1
9500,517267,157957,1536,1
9501,318634,96554,1536,1
9502,341756,103548,1536,1
9503,290686,88226,1536,1
9504,313548,95030,1536,1
9505,299676,90819,1536,1
9506,349822,105998,1536,1
9507,1150413,348728,1536,1
9508,365062,110606,1536,1
9509,365750,110839,1536,1
9510,370724,112356,1536,1
9511,365786,110859,1536,1
9512,366952,111197,1536,1
9513,387570,117452,1536,1
9514,362008,109705,1536,1
9515,294208,89173,1536,1
9516,326090,98832,1536,1
9517,328548,99573,1536,1
9518,367646,111408,1536,1
9519,462234,140055,1536,1
9520,339860,103143,1536,1
9521,422596,128052,1536,1
9522,417770,126600,1536,1
9523,419922,127252,1536,1
9524,418360,126778,1536,1
9525,419736,127316,1536,1
9526,409950,124241,1536,1
9527,457812,138834,1536,1
9528,413728,125376,1536,1
9529,416450,126196,1536,1
9530,1734112,526139,1536,1
9531,411286,124631,1536,1
9532,385498,116840,1536,1
9533,336356,101939,1536,1
9534,503973,153104,1536,1
9535,446982,135591,1536,1
9536,392476,118926,1536,1
9537,871692,264056,1536,1
9538,662588,200752,1536,1
9539,477370,145229,1536,1
9540,378142,114594,1536,1
9541,385124,116698,1536,1
9542,347482,105302,1536,1
9543,376688,114150,1536,1
9544,358144,108496,1536,1
9545,436796,132373,1536,1
9546,395462,119851,1536,1
9547,363442,110150,1536,1
9548,390636,118377,1536,1
9549,460768,139645,1536,1
9550,344392,104363,1536,1
9551,372928,112990,1536,1
9552,351330,106432,1536,1
9553,1179521,358040,1536,1
9554,414284,125646,1536,1
9555,401298,121607,1536,1
9556,391842,118739,1536,1
9557,349288,105846,1536,1
9558,338900,102700,1536,1
9559,364814,110555,1536,1
9560,374730,113552,1536,1
9561,359086,108819,1536,1
9562,386388,117166,1536,1
9563,465980,141471,1536,1
9564,373418,113164,1536,1
9565,385932,116939,1536,1
9566,413434,125283,1536,1
9567,486086,147378,1536,1
9568,357762,108425,1536,1
9569,363860,110300,1536,1
9570,371928,112703,1536,1
9571,365712,110828,1536,1
9572,370038,112114,1536,1
9573,409270,124083,1536,1
9574,262416,79539,1536,1
9575,369054,111847,1536,1
9576,270134,81834,1536,1
9577,244048,73961,1536,1
9578,245620,74439,1536,1
9579,248328,75262,1536,1
9580,248784,75395,1536,1
9581,246864,74813,1536,1
9582,247258,74928,1536,1
9583,312352,94662,1536,1
9584,247448,74996,1536,1
9585,291704,88411,1536,1
9586,272452,82579,1536,1
9587,274390,83166,1536,1
9588,367794,111457,1536,1
9589,417526,126564,1536,1
9590,269998,81839,1536,1
9591,240904,73012,1536,1
9592,239850,72761,1536,1
9593,289688,87799,1536,1
9594,242382,73436,1536,1
9595,305070,92457,1536,1
9596,255726,77486,1536,1
9597,268098,81215,1536,1
9598,326754,99032,1536,1
9599,245736,74475,1536,1
9600,238390,72252,1536,1
9601,372794,112970,1536,1
9602,377850,114536,1536,1
9603,374642,113566,1536,1
9604,384562,116533,1536,1
9605,379032,114852,1536,1
9606,375286,113724,1536,1
9607,377600,114427,1536,1
9608,380364,115257,1536,1
9609,242640,73550,1536,1
9610,228282,69172,1536,1
9611,258958,78665,1536,1
9612,323032,97898,1536,1
9613,228584,69283,1536,1
9614,243308,73748,1536,1
9615,263204,79776,1536,1
9616,223630,67750,1536,1
9617,223388,67676,1536,1
9618,259852,78761,1536,1
9619,289524,87748,1536,1
9620,225000,68196,1536,1
9621,368875,112123,1536,1
9622,343056,103982,1536,1
9623,363988,110301,1536,1
9624,241746,73234,1536,1
9625,240562,72889,1536,1
9626,241340,73137,1536,1
9627,240184,72789,1536,1
9628,298160,90368,1536,1
9629,243366,73756,1536,1
9630,225018,68180,1536,1
9631,225854,68437,1536,1
9632,364972,110600,1536,1
9633,545612,165489,1536,1
9634,289328,87689,1536,1
9635,241320,73136,1536,1
9636,243590,73824,1536,1
9637,242854,73597,1536,1
9638,383478,116215,1536,1
9639,355978,107878,1536,1
9640,388342,117695,1536,1
9641,363966,110385,1536,1
9642,284892,86351,1536,1
9643,351632,106642,1536,1
9644,260902,79081,1536,1
9645,387506,117424,1536,1
9646,365928,110874,1536,1
9647,241884,73301,1536,1
9648,240162,72785,1536,1
9649,239946,72718,1536,1
9650,407818,123596,1536,1
9651,350414,106189,1536,1
9652,372906,113008,1536,1
9653,363464,110148,1536,1
9654,380420,115303,1536,1
9655,374972,113627,1536,1
9656,378038,114536,1536,1
9657,347810,105424,1536,1
9658,356360,108073,1536,1
9659,352694,106861,1536,1
9660,351082,106401,1536,1
9661,238444,72267,1536,1
9662,246752,74806,1536,1
9663,291706,88464,1536,1
9664,231576,70178,1536,1
9665,269818,81763,1536,1
9666,235496,71368,1536,1
9667,238400,72249,1536,1
9668,262888,79688,1536,1
9669,316428,95914,1536,1
9670,312652,94765,1536,1
9671,350330,106179,1536,1
9672,306452,92882,1536,1
9673,417452,126519,1536,1
9674,326238,98879,1536,1
9675,235430,71347,1536,1
9676,238062,72151,1536,1
9677,232636,70503,1536,1
9678,327426,99312,1536,1
9679,358465,108934,1536,1
9680,331128,100347,1536,1
9681,360408,109223,1536,1
9682,232358,70421,1536,1
9683,232602,70475,1536,1
9684,233162,70668,1536,1
9685,234310,71005,1536,1
9686,298520,90448,1536,1
9687,232394,70430,1536,1
9688,232840,70563,1536,1
9689,233204,70674,1536,1
9690,241552,73207,1536,1
9691,252774,76633,1536,1
9692,371662,112626,1536,1
9693,278724,84504,1536,1
9694,222030,67267,1536,1
9695,223614,67758,1536,1
9696,223034,67570,1536,1
9697,226236,68571,1536,1
9698,223950,67861,1536,1
9699,220618,66864,1536,1
9700,219258,66455,1536,1
9701,228180,69159,1536,1
9702,225714,68400,1536,1
9703,224556,68048,1536,1
9704,220052,66666,1536,1
9705,316042,95778,1536,1
9706,404614,122729,1536,1
9707,319656,96880,1536,1
9708,310900,94213,1536,1
9709,321982,97570,1536,1
9710,417034,126399,1536,1
9711,366230,110978,1536,1
9712,358282,108567,1536,1
9713,349894,106013,1536,1
9714,275096,83367,1536,1
9715,241504,73195,1536,1
9716,244602,74099,1536,1
9717,358988,108792,1536,1
9718,374578,113514,1536,1
9719,370472,112269,1536,1
9720,353780,107207,1536,1
9721,295788,89651,1536,1
9722,227324,68896,1536,1
9723,224314,67983,1536,1
9724,224600,68043,1536,1
9725,220282,66762,1536,1
9726,222254,67366,1536,1
9727,283162,85820,1536,1
9728,227704,69013,1536,1
9729,459488,139657,1536,1
9730,239542,72612,1536,1
9731,229762,69636,1536,1
9732,222244,67355,1536,1
9733,222980,67580,1536,1
9734,222982,67570,1536,1
9735,221762,67184,1536,1
9736,222708,67500,1536,1
9737,222556,67449,1536,1
9738,224576,68063,1536,1
9739,223224,67654,1536,1
9740,220656,66877,1536,1
9741,222964,67560,1536,1
9742,347126,105205,1536,1
9743,368184,111569,1536,1
9744,257054,77924,1536,1
9745,369846,112088,1536,1
9746,252194,76442,1536,1
9747,241298,73123,1536,1
9748,241166,73171,1536,1
9749,246006,74850,1536,1
9750,402336,121959,1536,1
9751,414160,125492,1536,1
9752,372964,113021,1536,1
9753,403700,122332,1536,1
9754,414798,125778,1536,1
9755,422176,127930,1536,1
9756,432730,131125,1536,1
9757,439952,133315,1536,1
9758,436686,132390,1536,1
9759,428426,129817,1536,1
9760,420982,127564,1536,1
9761,378186,114602,1536,1
9762,221764,67216,1536,1
9763,340292,103552,1536,1
9764,325828,98736,1536,1
9765,368896,111801,1536,1
9766,378466,114684,1536,1
9767,330660,100192,1536,1
9768,313282,94949,1536,1
9769,387238,117346,1536,1
9770,230560,69881,1536,1
9771,220894,66950,1536,1
9772,216174,65519,1536,1
9773,322072,97596,1536,1
9774,311978,94550,1536,1
9775,317908,96345,1536,1
9776,335098,101544,1536,1
9777,1990321,603270,1536,1
9778,352438,106813,1536,1
9779,3643484,1104136,1536,1
9780,323196,97982,1536,1
9781,315158,95508,1536,1
9782,389298,117961,1536,1
9783,388336,117781,1536,1
9784,389166,117927,1536,1
9785,424930,128775,1536,1
9786,380060,115174,1536,1
9787,384604,116545,1536,1
9788,375086,113665,1536,1
9789,368304,111616,1536,1
9790,403104,122175,1536,1
9791,351806,106614,1536,1
9792,369160,111882,1536,1
9793,390462,118333,1536,1
9794,363704,110299,1536,1
9795,380320,115262,1536,1
9796,360566,109265,1536,1
9797,364404,110427,1536,1
9798,314190,95218,1536,1
9799,401232,121595,1536,1
9800,406862,123285,1536,1
9801,433410,131336,1536,1
9802,351358,106501,1536,1
9803,376406,114078,1536,1
9804,367990,111494,1536,1
9805,367112,111263,1536,1
9806,389652,118069,1536,1
9807,402418,121955,1536,1
9808,371672,112818,1536,1
9809,425552,129438,1536,1
9810,390248,118270,1536,1
9811,394926,119669,1536,1
9812,288698,87501,1536,1
9813,398402,120854,1536,1
9814,360352,109200,1536,1
9815,345686,104753,1536,1
9816,366180,110978,1536,1
9817,442744,134370,1536,1
9818,370784,112383,1536,1
9819,367070,111240,1536,1
9820,389854,118142,1536,1
9821,404596,122599,1536,1
9822,391138,118529,1536,1
9823,381518,115628,1536,1
9824,373396,113165,1536,1
9825,370460,112265,1536,1
9826,426492,129255,1536,1
9827,427722,129610,1536,1
9828,429204,130048,1536,1
9829,405722,123014,1536,1
9830,407396,123453,1536,1
9831,700102,212516,1536,1
9832,515657,156645,1536,1
9833,391036,118497,1536,1
9834,387180,117332,1536,1
9835,390330,118294,1536,1
9836,260168,78850,1536,1
9837,394402,119509,1536,1
9838,523712,158846,1536,1
9839,446478,135291,1536,1
9840,402524,121980,1536,1
9841,467400,141622,1536,1
9842,411800,124803,1536,1
9843,406092,123069,1536,1
9844,439950,133331,1536,1
9845,460508,139545,1536,1
9846,373466,113180,1536,1
9847,473318,143645,1536,1
9848,365178,110666,1536,1
9849,416260,126266,1536,1
9850,383222,116131,1536,1
9851,409174,123994,1536,1
9852,421288,127659,1536,1
9853,421086,127612,1536,1
9854,371820,112689,1536,1
9855,413712,125367,1536,1
9856,293322,88914,1536,1
9857,261332,79199,1536,1
9858,366642,111105,1536,1
9859,257852,78141,1536,1
9860,379528,115007,1536,1
9861,274712,83272,1536,1
9862,253570,76849,1536,1
9863,255538,77446,1536,1
9864,255282,77371,1536,1
9865,318392,96499,1536,1
9866,255386,77399,1536,1
9867,255358,77394,1536,1
9868,242364,73457,1536,1
9869,331572,100495,1536,1
9870,333350,101037,1536,1
9871,256996,77887,1536,1
9872,277760,84156,1536,1
9873,383882,116330,1536,1
9874,353406,107115,1536,1
9875,234298,71009,1536,1
9876,232412,70412,1536,1
9877,228614,69261,1536,1
9878,233298,70711,1536,1
9879,232446,70448,1536,1
9880,286888,86933,1536,1
9881,339078,102756,1536,1
9882,250874,76026,1536,1
9883,248272,75248,1536,1
9884,309976,93945,1536,1
9885,248890,75428,1536,1
9886,245540,74414,1536,1
9887,247528,75018,1536,1
9888,231656,70212,1536,1
9889,238960,72428,1536,1
9890,230492,69827,1536,1
9891,334554,101391,1536,1
9892,370462,112271,1536,1
9893,365092,110629,1536,1
9894,347018,105156,1536,1
9895,396692,120212,1536,1
9896,371770,112653,1536,1
9897,231126,70140,1536,1
9898,231354,70117,1536,1
9899,230352,69820,1536,1
9900,231708,70230,1536,1
9901,235176,71278,1536,1
9902,395724,119914,1536,1
9903,231890,70261,1536,1
9904,230168,69742,1536,1
9905,374816,113582,1536,1
9906,250556,75933,1536,1
9907,278686,84483,1536,1
9908,314628,95354,1536,1
9909,241162,73090,1536,1
9910,304342,92249,1536,1
9911,238028,72142,1536,1
9912,236590,71706,1536,1
9913,238972,72406,1536,1
9914,237200,71892,1536,1
9915,242742,73568,1536,1
9916,242488,73493,1536,1
9917,249712,75678,1536,1
9918,380918,115541,1536,1
9919,243400,73772,1536,1
9920,443130,134313,1536,1
9921,243544,73810,1536,1
9922,216774,65698,1536,1
9923,218074,66083,1536,1
9924,214700,65057,1536,1
9925,279456,84703,1536,1
9926,234802,71157,1536,1
9927,233370,70725,1536,1
9928,219216,66441,1536,1
9929,306498,92884,1536,1
9930,307058,93096,1536,1
9931,268690,81424,1536,1
9932,255544,77443,1536,1
9933,360704,109311,1536,1
9934,435930,132101,1536,1
9935,357204,108243,1536,1
9936,341482,103483,1536,1
9937,341020,103349,1536,1
9938,365666,110869,1536,1
9939,368588,111690,1536,1
9940,353140,107011,1536,1
9941,321322,97386,1536,1
9942,236478,71672,1536,1
9943,232924,70592,1536,1
9944,343596,104126,1536,1
9945,333924,101190,1536,1
9946,440268,133499,1536,1
9947,237614,72016,1536,1
9948,301678,91428,1536,1
9949,400144,121249,1536,1
9950,342640,103863,1536,1
9951,339480,102873,1536,1
9952,353274,107181,1536,1
9953,452740,137181,1536,1
9954,346932,105147,1536,1
9955,350462,106321,1536,1
9956,359540,108939,1536,1
9957,372828,112987,1536,1
9958,337954,102431,1536,1
9959,4900381,1484624,1536,1
9960,549092,166524,1536,1
9961,378834,115044,1536,1
9962,246214,74619,1536,1
9963,247090,74866,1536,1
9964,243708,73857,1536,1
9965,241256,73117,1536,1
9966,242882,73607,1536,1
9967,296322,89812,1536,1
9968,265708,80550,1536,1
9969,259774,78743,1536,1
9970,371318,112512,1536,1
9971,243568,73817,1536,1
9972,240462,72873,1536,1
9973,239708,72649,1536,1
9974,240036,72749,1536,1
9975,240602,72915,1536,1
9976,244348,74053,1536,1
9977,240376,72852,1536,1
9978,244002,73948,1536,1
9979,374100,113373,1536,1
9980,245930,74534,1536,1
9981,433988,131506,1536,1
9982,327262,99312,1536,1
9983,323174,97960,1536,1
9984,298684,90522,1536,1
9985,261508,79248,1536,1
9986,278536,84406,1536,1
9987,246878,74819,1536,1
9988,244762,74179,1536,1
9989,239564,72690,1536,1
9990,243860,73935,1536,1
9991,222488,67431,1536,1
9992,223732,67809,1536,1
9993,221336,67054,1536,1
9994,222374,67368,1536,1
9995,221842,67235,1536,1
9996,291992,88498,1536,1
9997,241694,73267,1536,1
9998,321510,97588,1536,1
9999,236128,71559,1536,1
